#VRML V2.0 utf8
# 3D model generated by easyeda2kicad.py (https://github.com/uPesy/easyeda2kicad.py)

Shape{
    appearance Appearance {
        material  Material 	{
            diffuseColor 1.0 1.0 0.5019607843137255
            specularColor 0.5019607843137255 0.5019607843137255 0.25098039215686274
            ambientIntensity 0.9432
            transparency 0.0
            shininess 0.5
        }
    }
    geometry IndexedFaceSet {
        ccw TRUE
        solid FALSE
        coord DEF co Coordinate {
            point [
                -0.3543 -1.6598 0.7677, -0.3543 -0.7937 0.7677, -0.2362 -1.6598 0.7677, -0.2362 -0.7937 0.7677, -0.2362 -0.7937 0.8071, -0.3543 -0.7937 0.8071, -0.2362 -1.6598 0.8071, -0.3543 -1.6598 0.8071, -1.25 0.9287 0.1215, -1.25 0.8933 0.1215, -1.1713 0.9287 0.1215, -1.1713 0.8933 0.1215, -1.25 0.9287 0.0394, -1.1713 0.9287 0.0394, -1.25 1.1098 0.0394, -1.1713 1.1098 0.0394, -1.25 1.1098 0.0039, -1.1713 1.1098 0.0039, -1.25 0.913 0.0039, -1.1713 0.913 0.0039, -1.1713 0.9086 0.0044, -1.25 0.9086 0.0044, -1.1713 0.9044 0.0059, -1.25 0.9044 0.0059, -1.1713 0.9007 0.0082, -1.25 0.9007 0.0082, -1.1713 0.8976 0.0113, -1.25 0.8976 0.0113, -1.1713 0.8953 0.0151, -1.25 0.8953 0.0151, -1.1713 0.8938 0.0192, -1.25 0.8938 0.0192, -1.1713 0.8933 0.0236, -1.25 0.8933 0.0236, 0.1378 0.9287 0.0394, 0.1378 1.1098 0.0394, 0.0591 0.9287 0.0394, 0.0591 1.1098 0.0394, 0.1378 1.1098 0.0039, 0.0591 1.1098 0.0039, 0.1378 0.913 0.0039, 0.0591 0.913 0.0039, 0.1378 0.8933 0.0236, 0.0591 0.8933 0.0236, 0.0591 0.8938 0.0192, 0.1378 0.8938 0.0192, 0.0591 0.8953 0.0151, 0.1378 0.8953 0.0151, 0.0591 0.8976 0.0113, 0.1378 0.8976 0.0113, 0.0591 0.9007 0.0082, 0.1378 0.9007 0.0082, 0.0591 0.9044 0.0059, 0.1378 0.9044 0.0059, 0.0591 0.9086 0.0044, 0.1378 0.9086 0.0044, 0.1378 0.8933 0.1215, 0.0591 0.8933 0.1215, 0.1378 0.9287 0.1215, 0.0591 0.9287 0.1215, -0.2362 -0.7937 0.5709, -0.2362 -0.7937 0.5315, -0.3543 -0.7937 0.5709, -0.3543 -0.7937 0.5315, -0.2362 -1.7189 0.5709, -0.3543 -1.7189 0.5709, -0.2362 -1.7189 0.5315, -0.3543 -1.7189 0.5315, 0.8563 0.9287 0.0394, 0.8563 0.9287 0.1215, 0.935 0.9287 0.0394, 0.935 0.9287 0.1215, 0.8563 0.8933 0.1215, 0.935 0.8933 0.1215, 0.8563 0.8933 0.0236, 0.935 0.8933 0.0236, 0.8563 0.913 0.0039, 0.935 0.913 0.0039, 0.935 0.9086 0.0044, 0.8563 0.9086 0.0044, 0.935 0.9044 0.0059, 0.8563 0.9044 0.0059, 0.935 0.9007 0.0082, 0.8563 0.9007 0.0082, 0.935 0.8976 0.0113, 0.8563 0.8976 0.0113, 0.935 0.8953 0.0151, 0.8563 0.8953 0.0151, 0.935 0.8938 0.0192, 0.8563 0.8938 0.0192, 0.8563 1.1098 0.0039, 0.935 1.1098 0.0039, 0.8563 1.1098 0.0394, 0.935 1.1098 0.0394, -1.3484 0.9287 0.1215, -1.3484 0.8933 0.1215, -1.2697 0.9287 0.1215, -1.2697 0.8933 0.1215, -1.3484 0.9287 0.0394, -1.2697 0.9287 0.0394, -1.3484 1.1098 0.0394, -1.2697 1.1098 0.0394, -1.3484 1.1098 0.0039, -1.2697 1.1098 0.0039, -1.3484 0.913 0.0039, -1.2697 0.913 0.0039, -1.2697 0.9086 0.0044, -1.3484 0.9086 0.0044, -1.2697 0.9044 0.0059, -1.3484 0.9044 0.0059, -1.2697 0.9007 0.0082, -1.3484 0.9007 0.0082, -1.2697 0.8976 0.0113, -1.3484 0.8976 0.0113, -1.2697 0.8953 0.0151, -1.3484 0.8953 0.0151, -1.2697 0.8938 0.0192, -1.3484 0.8938 0.0192, -1.2697 0.8933 0.0236, -1.3484 0.8933 0.0236, -0.1772 -1.6598 0.7677, -0.1772 -0.7937 0.7677, -0.0591 -1.6598 0.7677, -0.0591 -0.7937 0.7677, -0.0591 -0.7937 0.8071, -0.1772 -0.7937 0.8071, -0.0591 -1.6598 0.8071, -0.1772 -1.6598 0.8071, -0.7283 1.1098 0.0394, -0.7283 0.9287 0.0394, -0.6496 1.1098 0.0394, -0.6496 0.9287 0.0394, -0.7283 1.1098 0.0039, -0.6496 1.1098 0.0039, -0.7283 0.913 0.0039, -0.6496 0.913 0.0039, -0.6496 0.9086 0.0044, -0.7283 0.9086 0.0044, -0.6496 0.9044 0.0059, -0.7283 0.9044 0.0059, -0.6496 0.9007 0.0082, -0.7283 0.9007 0.0082, -0.6496 0.8976 0.0113, -0.7283 0.8976 0.0113, -0.6496 0.8953 0.0151, -0.7283 0.8953 0.0151, -0.6496 0.8938 0.0192, -0.7283 0.8938 0.0192, -0.6496 0.8933 0.0236, -0.7283 0.8933 0.0236, -0.7283 0.8933 0.1215, -0.6496 0.8933 0.1215, -0.7283 0.9287 0.1215, -0.6496 0.9287 0.1215, -0.0591 -0.7937 0.5709, -0.0591 -0.7937 0.5315, -0.1772 -0.7937 0.5709, -0.1772 -0.7937 0.5315, -0.0591 -1.7189 0.5709, -0.1772 -1.7189 0.5709, -0.0591 -1.7189 0.5315, -0.1772 -1.7189 0.5315, -0.8563 0.9287 0.1215, -0.8563 0.9287 0.0394, -0.935 0.9287 0.1215, -0.935 0.9287 0.0394, -0.8563 0.8933 0.1215, -0.935 0.8933 0.1215, -0.8563 0.8933 0.0236, -0.935 0.8933 0.0236, -0.935 0.8938 0.0192, -0.8563 0.8938 0.0192, -0.935 0.8953 0.0151, -0.8563 0.8953 0.0151, -0.935 0.8976 0.0113, -0.8563 0.8976 0.0113, -0.935 0.9007 0.0082, -0.8563 0.9007 0.0082, -0.935 0.9044 0.0059, -0.8563 0.9044 0.0059, -0.935 0.9086 0.0044, -0.8563 0.9086 0.0044, -0.935 0.913 0.0039, -0.8563 0.913 0.0039, -0.8563 1.1098 0.0039, -0.935 1.1098 0.0039, -0.8563 1.1098 0.0394, -0.935 1.1098 0.0394, -0.5315 1.1098 0.0394, -0.5315 0.9287 0.0394, -0.4528 1.1098 0.0394, -0.4528 0.9287 0.0394, -0.5315 1.1098 0.0039, -0.4528 1.1098 0.0039, -0.5315 0.913 0.0039, -0.4528 0.913 0.0039, -0.4528 0.9086 0.0044, -0.5315 0.9086 0.0044, -0.4528 0.9044 0.0059, -0.5315 0.9044 0.0059, -0.4528 0.9007 0.0082, -0.5315 0.9007 0.0082, -0.4528 0.8976 0.0113, -0.5315 0.8976 0.0113, -0.4528 0.8953 0.0151, -0.5315 0.8953 0.0151, -0.4528 0.8938 0.0192, -0.5315 0.8938 0.0192, -0.4528 0.8933 0.0236, -0.5315 0.8933 0.0236, -0.5315 0.8933 0.1215, -0.4528 0.8933 0.1215, -0.5315 0.9287 0.1215, -0.4528 0.9287 0.1215, 0.9547 0.9287 0.0394, 0.9547 0.9287 0.1215, 1.0335 0.9287 0.0394, 1.0335 0.9287 0.1215, 0.9547 0.8933 0.1215, 1.0335 0.8933 0.1215, 0.9547 0.8933 0.0236, 1.0335 0.8933 0.0236, 0.9547 0.913 0.0039, 1.0335 0.913 0.0039, 1.0335 0.9086 0.0044, 0.9547 0.9086 0.0044, 1.0335 0.9044 0.0059, 0.9547 0.9044 0.0059, 1.0335 0.9007 0.0082, 0.9547 0.9007 0.0082, 1.0335 0.8976 0.0113, 0.9547 0.8976 0.0113, 1.0335 0.8953 0.0151, 0.9547 0.8953 0.0151, 1.0335 0.8938 0.0192, 0.9547 0.8938 0.0192, 0.9547 1.1098 0.0039, 1.0335 1.1098 0.0039, 0.9547 1.1098 0.0394, 1.0335 1.1098 0.0394, 0.1772 -0.7937 0.5315, 0.0591 -0.7937 0.5315, 0.1772 -0.7937 0.5709, 0.0591 -0.7937 0.5709, 0.1772 -1.7189 0.5315, 0.1772 -1.7189 0.5709, 0.0591 -1.7189 0.5315, 0.0591 -1.7189 0.5709, 0.3346 0.9287 0.0394, 0.3346 1.1098 0.0394, 0.2559 0.9287 0.0394, 0.2559 1.1098 0.0394, 0.3346 1.1098 0.0039, 0.2559 1.1098 0.0039, 0.3346 0.913 0.0039, 0.2559 0.913 0.0039, 0.3346 0.8933 0.0236, 0.2559 0.8933 0.0236, 0.2559 0.8938 0.0192, 0.3346 0.8938 0.0192, 0.2559 0.8953 0.0151, 0.3346 0.8953 0.0151, 0.2559 0.8976 0.0113, 0.3346 0.8976 0.0113, 0.2559 0.9007 0.0082, 0.3346 0.9007 0.0082, 0.2559 0.9044 0.0059, 0.3346 0.9044 0.0059, 0.2559 0.9086 0.0044, 0.3346 0.9086 0.0044, 0.3346 0.8933 0.1215, 0.2559 0.8933 0.1215, 0.3346 0.9287 0.1215, 0.2559 0.9287 0.1215, 0.7283 0.9287 0.0394, 0.7283 1.1098 0.0394, 0.6496 0.9287 0.0394, 0.6496 1.1098 0.0394, 0.7283 1.1098 0.0039, 0.6496 1.1098 0.0039, 0.7283 0.913 0.0039, 0.6496 0.913 0.0039, 0.7283 0.8933 0.0236, 0.6496 0.8933 0.0236, 0.6496 0.8938 0.0192, 0.7283 0.8938 0.0192, 0.6496 0.8953 0.0151, 0.7283 0.8953 0.0151, 0.6496 0.8976 0.0113, 0.7283 0.8976 0.0113, 0.6496 0.9007 0.0082, 0.7283 0.9007 0.0082, 0.6496 0.9044 0.0059, 0.7283 0.9044 0.0059, 0.6496 0.9086 0.0044, 0.7283 0.9086 0.0044, 0.7283 0.8933 0.1215, 0.6496 0.8933 0.1215, 0.7283 0.9287 0.1215, 0.6496 0.9287 0.1215, -0.9547 0.9287 0.1215, -0.9547 0.9287 0.0394, -1.0335 0.9287 0.1215, -1.0335 0.9287 0.0394, -0.9547 0.8933 0.1215, -1.0335 0.8933 0.1215, -0.9547 0.8933 0.0236, -1.0335 0.8933 0.0236, -1.0335 0.8938 0.0192, -0.9547 0.8938 0.0192, -1.0335 0.8953 0.0151, -0.9547 0.8953 0.0151, -1.0335 0.8976 0.0113, -0.9547 0.8976 0.0113, -1.0335 0.9007 0.0082, -0.9547 0.9007 0.0082, -1.0335 0.9044 0.0059, -0.9547 0.9044 0.0059, -1.0335 0.9086 0.0044, -0.9547 0.9086 0.0044, -1.0335 0.913 0.0039, -0.9547 0.913 0.0039, -0.9547 1.1098 0.0039, -1.0335 1.1098 0.0039, -0.9547 1.1098 0.0394, -1.0335 1.1098 0.0394, 0.2362 -0.7937 0.5709, 0.3543 -0.7937 0.5709, 0.2362 -0.7937 0.5315, 0.3543 -0.7937 0.5315, 0.2362 -1.7189 0.5709, 0.2362 -1.7189 0.5315, 0.3543 -1.7189 0.5709, 0.3543 -1.7189 0.5315, -0.1378 1.1098 0.0394, -0.1378 0.9287 0.0394, -0.0591 1.1098 0.0394, -0.0591 0.9287 0.0394, -0.1378 1.1098 0.0039, -0.0591 1.1098 0.0039, -0.1378 0.913 0.0039, -0.0591 0.913 0.0039, -0.0591 0.9086 0.0044, -0.1378 0.9086 0.0044, -0.0591 0.9044 0.0059, -0.1378 0.9044 0.0059, -0.0591 0.9007 0.0082, -0.1378 0.9007 0.0082, -0.0591 0.8976 0.0113, -0.1378 0.8976 0.0113, -0.0591 0.8953 0.0151, -0.1378 0.8953 0.0151, -0.0591 0.8938 0.0192, -0.1378 0.8938 0.0192, -0.0591 0.8933 0.0236, -0.1378 0.8933 0.0236, -0.1378 0.8933 0.1215, -0.0591 0.8933 0.1215, -0.1378 0.9287 0.1215, -0.0591 0.9287 0.1215, -0.9843 -0.7937 0.5709, -0.9843 -0.7937 0.5315, -1.1024 -0.7937 0.5709, -1.1024 -0.7937 0.5315, -0.9843 -1.7189 0.5709, -1.1024 -1.7189 0.5709, -0.9843 -1.7189 0.5315, -1.1024 -1.7189 0.5315, 1.3484 0.8933 0.1215, 1.3484 0.9287 0.1215, 1.2697 0.8933 0.1215, 1.2697 0.9287 0.1215, 1.3484 0.9287 0.0394, 1.2697 0.9287 0.0394, 1.3484 1.1098 0.0394, 1.2697 1.1098 0.0394, 1.3484 1.1098 0.0039, 1.2697 1.1098 0.0039, 1.3484 0.913 0.0039, 1.2697 0.913 0.0039, 1.3484 0.8933 0.0236, 1.2697 0.8933 0.0236, 1.2697 0.8938 0.0192, 1.3484 0.8938 0.0192, 1.2697 0.8953 0.0151, 1.3484 0.8953 0.0151, 1.2697 0.8976 0.0113, 1.3484 0.8976 0.0113, 1.2697 0.9007 0.0082, 1.3484 0.9007 0.0082, 1.2697 0.9044 0.0059, 1.3484 0.9044 0.0059, 1.2697 0.9086 0.0044, 1.3484 0.9086 0.0044, -0.3346 1.1098 0.0394, -0.3346 0.9287 0.0394, -0.2559 1.1098 0.0394, -0.2559 0.9287 0.0394, -0.3346 1.1098 0.0039, -0.2559 1.1098 0.0039, -0.3346 0.913 0.0039, -0.2559 0.913 0.0039, -0.2559 0.9086 0.0044, -0.3346 0.9086 0.0044, -0.2559 0.9044 0.0059, -0.3346 0.9044 0.0059, -0.2559 0.9007 0.0082, -0.3346 0.9007 0.0082, -0.2559 0.8976 0.0113, -0.3346 0.8976 0.0113, -0.2559 0.8953 0.0151, -0.3346 0.8953 0.0151, -0.2559 0.8938 0.0192, -0.3346 0.8938 0.0192, -0.2559 0.8933 0.0236, -0.3346 0.8933 0.0236, -0.3346 0.8933 0.1215, -0.2559 0.8933 0.1215, -0.3346 0.9287 0.1215, -0.2559 0.9287 0.1215, 0.4134 -0.7937 0.5709, 0.5315 -0.7937 0.5709, 0.4134 -0.7937 0.5315, 0.5315 -0.7937 0.5315, 0.4134 -1.7189 0.5709, 0.4134 -1.7189 0.5315, 0.5315 -1.7189 0.5709, 0.5315 -1.7189 0.5315, -0.4134 -0.7937 0.5709, -0.4134 -0.7937 0.5315, -0.5315 -0.7937 0.5709, -0.5315 -0.7937 0.5315, -0.4134 -1.7189 0.5709, -0.5315 -1.7189 0.5709, -0.4134 -1.7189 0.5315, -0.5315 -1.7189 0.5315, 1.25 0.8933 0.1215, 1.25 0.9287 0.1215, 1.1713 0.8933 0.1215, 1.1713 0.9287 0.1215, 1.25 0.9287 0.0394, 1.1713 0.9287 0.0394, 1.25 1.1098 0.0394, 1.1713 1.1098 0.0394, 1.25 1.1098 0.0039, 1.1713 1.1098 0.0039, 1.25 0.913 0.0039, 1.1713 0.913 0.0039, 1.25 0.8933 0.0236, 1.1713 0.8933 0.0236, 1.1713 0.8938 0.0192, 1.25 0.8938 0.0192, 1.1713 0.8953 0.0151, 1.25 0.8953 0.0151, 1.1713 0.8976 0.0113, 1.25 0.8976 0.0113, 1.1713 0.9007 0.0082, 1.25 0.9007 0.0082, 1.1713 0.9044 0.0059, 1.25 0.9044 0.0059, 1.1713 0.9086 0.0044, 1.25 0.9086 0.0044, 0.5315 0.9287 0.0394, 0.5315 1.1098 0.0394, 0.4528 0.9287 0.0394, 0.4528 1.1098 0.0394, 0.5315 1.1098 0.0039, 0.4528 1.1098 0.0039, 0.5315 0.913 0.0039, 0.4528 0.913 0.0039, 0.5315 0.8933 0.0236, 0.4528 0.8933 0.0236, 0.4528 0.8938 0.0192, 0.5315 0.8938 0.0192, 0.4528 0.8953 0.0151, 0.5315 0.8953 0.0151, 0.4528 0.8976 0.0113, 0.5315 0.8976 0.0113, 0.4528 0.9007 0.0082, 0.5315 0.9007 0.0082, 0.4528 0.9044 0.0059, 0.5315 0.9044 0.0059, 0.4528 0.9086 0.0044, 0.5315 0.9086 0.0044, 0.5315 0.8933 0.1215, 0.4528 0.8933 0.1215, 0.5315 0.9287 0.1215, 0.4528 0.9287 0.1215, -0.5315 -1.7189 0.7677, -0.5315 -0.7937 0.7677, -0.4134 -1.7189 0.7677, -0.4134 -0.7937 0.7677, -0.4134 -0.7937 0.8071, -0.5315 -0.7937 0.8071, -0.4134 -1.7189 0.8071, -0.5315 -1.7189 0.8071, 0.9843 -0.7937 0.5709, 1.1024 -0.7937 0.5709, 0.9843 -0.7937 0.5315, 1.1024 -0.7937 0.5315, 0.9843 -1.7189 0.5709, 0.9843 -1.7189 0.5315, 1.1024 -1.7189 0.5709, 1.1024 -1.7189 0.5315
            ]
        }
        coordIndex [
            0,1,2,-1,2,1,3,-1,4,5,6,-1,6,5,7,-1,1,5,3,-1,3,5,4,-1,7,5,0,-1,0,5,1,-1,3,4,2,-1,2,4,6,-1,7,0,6,-1,6,0,2,-1,8,9,10,-1,10,9,11,-1,12,8,13,-1,13,8,10,-1,14,12,15,-1,15,12,13,-1,16,14,17,-1,17,14,15,-1,18,16,19,-1,19,16,17,-1,18,19,20,-1,18,20,21,-1,21,20,22,-1,21,22,23,-1,23,22,24,-1,23,24,25,-1,25,24,26,-1,25,26,27,-1,27,26,28,-1,27,28,29,-1,29,28,30,-1,29,30,31,-1,31,30,32,-1,31,32,33,-1,9,33,11,-1,11,33,32,-1,25,27,12,-1,12,27,29,-1,14,16,12,-1,12,16,18,-1,9,8,33,-1,33,8,12,-1,33,12,31,-1,31,12,29,-1,18,21,12,-1,12,21,23,-1,12,23,25,-1,10,11,13,-1,13,11,32,-1,26,24,13,-1,13,24,22,-1,32,30,13,-1,13,30,28,-1,13,28,26,-1,17,15,19,-1,19,15,13,-1,19,13,20,-1,20,13,22,-1,34,35,36,-1,36,35,37,-1,35,38,37,-1,37,38,39,-1,38,40,39,-1,39,40,41,-1,42,43,44,-1,42,44,45,-1,45,44,46,-1,45,46,47,-1,47,46,48,-1,47,48,49,-1,49,48,50,-1,49,50,51,-1,51,50,52,-1,51,52,53,-1,53,52,54,-1,53,54,55,-1,55,54,41,-1,55,41,40,-1,42,56,43,-1,43,56,57,-1,56,58,57,-1,57,58,59,-1,58,34,59,-1,59,34,36,-1,58,56,34,-1,34,56,42,-1,53,34,51,-1,51,34,49,-1,38,35,40,-1,40,35,34,-1,40,34,55,-1,55,34,53,-1,42,45,34,-1,34,45,47,-1,34,47,49,-1,36,37,39,-1,57,59,43,-1,43,59,36,-1,43,36,44,-1,44,36,46,-1,39,41,36,-1,36,41,54,-1,36,54,52,-1,52,50,36,-1,36,50,48,-1,36,48,46,-1,60,61,62,-1,62,61,63,-1,64,60,65,-1,65,60,62,-1,66,61,64,-1,64,61,60,-1,67,63,66,-1,66,63,61,-1,65,62,67,-1,67,62,63,-1,64,65,66,-1,66,65,67,-1,68,69,70,-1,70,69,71,-1,69,72,71,-1,71,72,73,-1,72,74,73,-1,73,74,75,-1,76,77,78,-1,76,78,79,-1,79,78,80,-1,79,80,81,-1,81,80,82,-1,81,82,83,-1,83,82,84,-1,83,84,85,-1,85,84,86,-1,85,86,87,-1,87,86,88,-1,87,88,89,-1,89,88,75,-1,89,75,74,-1,76,90,77,-1,77,90,91,-1,90,92,91,-1,91,92,93,-1,92,68,93,-1,93,68,70,-1,68,92,90,-1,72,69,74,-1,74,69,68,-1,74,68,89,-1,89,68,87,-1,90,76,68,-1,68,76,79,-1,68,79,81,-1,81,83,68,-1,68,83,85,-1,68,85,87,-1,71,73,70,-1,70,73,75,-1,80,70,82,-1,82,70,84,-1,91,93,77,-1,77,93,70,-1,77,70,78,-1,78,70,80,-1,75,88,70,-1,70,88,86,-1,70,86,84,-1,94,95,96,-1,96,95,97,-1,98,94,99,-1,99,94,96,-1,100,98,101,-1,101,98,99,-1,102,100,103,-1,103,100,101,-1,104,102,105,-1,105,102,103,-1,104,105,106,-1,104,106,107,-1,107,106,108,-1,107,108,109,-1,109,108,110,-1,109,110,111,-1,111,110,112,-1,111,112,113,-1,113,112,114,-1,113,114,115,-1,115,114,116,-1,115,116,117,-1,117,116,118,-1,117,118,119,-1,95,119,97,-1,97,119,118,-1,111,113,98,-1,98,113,115,-1,100,102,98,-1,98,102,104,-1,95,94,119,-1,119,94,98,-1,119,98,117,-1,117,98,115,-1,104,107,98,-1,98,107,109,-1,98,109,111,-1,96,97,99,-1,99,97,118,-1,112,110,99,-1,99,110,108,-1,118,116,99,-1,99,116,114,-1,99,114,112,-1,103,101,105,-1,105,101,99,-1,105,99,106,-1,106,99,108,-1,120,121,122,-1,122,121,123,-1,124,125,126,-1,126,125,127,-1,121,125,123,-1,123,125,124,-1,127,125,120,-1,120,125,121,-1,123,124,122,-1,122,124,126,-1,127,120,126,-1,126,120,122,-1,128,129,130,-1,130,129,131,-1,132,128,133,-1,133,128,130,-1,134,132,135,-1,135,132,133,-1,134,135,136,-1,134,136,137,-1,137,136,138,-1,137,138,139,-1,139,138,140,-1,139,140,141,-1,141,140,142,-1,141,142,143,-1,143,142,144,-1,143,144,145,-1,145,144,146,-1,145,146,147,-1,147,146,148,-1,147,148,149,-1,150,149,151,-1,151,149,148,-1,152,150,153,-1,153,150,151,-1,129,152,131,-1,131,152,153,-1,129,143,145,-1,128,132,129,-1,129,132,134,-1,129,134,137,-1,150,152,149,-1,149,152,129,-1,149,129,147,-1,147,129,145,-1,137,139,129,-1,129,139,141,-1,129,141,143,-1,133,130,135,-1,135,130,131,-1,153,151,131,-1,131,151,148,-1,131,142,140,-1,148,146,131,-1,131,146,144,-1,131,144,142,-1,140,138,131,-1,131,138,136,-1,131,136,135,-1,154,155,156,-1,156,155,157,-1,158,154,159,-1,159,154,156,-1,160,155,158,-1,158,155,154,-1,161,157,160,-1,160,157,155,-1,159,156,161,-1,161,156,157,-1,158,159,160,-1,160,159,161,-1,162,163,164,-1,164,163,165,-1,166,162,167,-1,167,162,164,-1,168,166,169,-1,169,166,167,-1,168,169,170,-1,168,170,171,-1,171,170,172,-1,171,172,173,-1,173,172,174,-1,173,174,175,-1,175,174,176,-1,175,176,177,-1,177,176,178,-1,177,178,179,-1,179,178,180,-1,179,180,181,-1,181,180,182,-1,181,182,183,-1,184,183,185,-1,185,183,182,-1,186,184,187,-1,187,184,185,-1,163,186,165,-1,165,186,187,-1,162,166,163,-1,163,166,168,-1,179,163,177,-1,177,163,175,-1,184,186,183,-1,183,186,163,-1,183,163,181,-1,181,163,179,-1,168,171,163,-1,163,171,173,-1,163,173,175,-1,165,187,185,-1,167,164,169,-1,169,164,165,-1,169,165,170,-1,170,165,172,-1,185,182,165,-1,165,182,180,-1,165,180,178,-1,178,176,165,-1,165,176,174,-1,165,174,172,-1,188,189,190,-1,190,189,191,-1,192,188,193,-1,193,188,190,-1,194,192,195,-1,195,192,193,-1,194,195,196,-1,194,196,197,-1,197,196,198,-1,197,198,199,-1,199,198,200,-1,199,200,201,-1,201,200,202,-1,201,202,203,-1,203,202,204,-1,203,204,205,-1,205,204,206,-1,205,206,207,-1,207,206,208,-1,207,208,209,-1,210,209,211,-1,211,209,208,-1,212,210,213,-1,213,210,211,-1,189,212,191,-1,191,212,213,-1,189,203,205,-1,188,192,189,-1,189,192,194,-1,189,194,197,-1,210,212,209,-1,209,212,189,-1,209,189,207,-1,207,189,205,-1,197,199,189,-1,189,199,201,-1,189,201,203,-1,193,190,195,-1,195,190,191,-1,213,211,191,-1,191,211,208,-1,191,202,200,-1,208,206,191,-1,191,206,204,-1,191,204,202,-1,200,198,191,-1,191,198,196,-1,191,196,195,-1,214,215,216,-1,216,215,217,-1,215,218,217,-1,217,218,219,-1,218,220,219,-1,219,220,221,-1,222,223,224,-1,222,224,225,-1,225,224,226,-1,225,226,227,-1,227,226,228,-1,227,228,229,-1,229,228,230,-1,229,230,231,-1,231,230,232,-1,231,232,233,-1,233,232,234,-1,233,234,235,-1,235,234,221,-1,235,221,220,-1,222,236,223,-1,223,236,237,-1,236,238,237,-1,237,238,239,-1,238,214,239,-1,239,214,216,-1,214,238,236,-1,218,215,220,-1,220,215,214,-1,220,214,235,-1,235,214,233,-1,236,222,214,-1,214,222,225,-1,214,225,227,-1,227,229,214,-1,214,229,231,-1,214,231,233,-1,217,219,216,-1,216,219,221,-1,226,216,228,-1,228,216,230,-1,237,239,223,-1,223,239,216,-1,223,216,224,-1,224,216,226,-1,221,234,216,-1,216,234,232,-1,216,232,230,-1,240,241,242,-1,242,241,243,-1,244,240,245,-1,245,240,242,-1,246,241,244,-1,244,241,240,-1,247,243,246,-1,246,243,241,-1,245,242,247,-1,247,242,243,-1,244,245,246,-1,246,245,247,-1,248,249,250,-1,250,249,251,-1,249,252,251,-1,251,252,253,-1,252,254,253,-1,253,254,255,-1,256,257,258,-1,256,258,259,-1,259,258,260,-1,259,260,261,-1,261,260,262,-1,261,262,263,-1,263,262,264,-1,263,264,265,-1,265,264,266,-1,265,266,267,-1,267,266,268,-1,267,268,269,-1,269,268,255,-1,269,255,254,-1,256,270,257,-1,257,270,271,-1,270,272,271,-1,271,272,273,-1,272,248,273,-1,273,248,250,-1,272,270,248,-1,248,270,256,-1,267,248,265,-1,265,248,263,-1,252,249,254,-1,254,249,248,-1,254,248,269,-1,269,248,267,-1,256,259,248,-1,248,259,261,-1,248,261,263,-1,250,251,253,-1,271,273,257,-1,257,273,250,-1,257,250,258,-1,258,250,260,-1,253,255,250,-1,250,255,268,-1,250,268,266,-1,266,264,250,-1,250,264,262,-1,250,262,260,-1,274,275,276,-1,276,275,277,-1,275,278,277,-1,277,278,279,-1,278,280,279,-1,279,280,281,-1,282,283,284,-1,282,284,285,-1,285,284,286,-1,285,286,287,-1,287,286,288,-1,287,288,289,-1,289,288,290,-1,289,290,291,-1,291,290,292,-1,291,292,293,-1,293,292,294,-1,293,294,295,-1,295,294,281,-1,295,281,280,-1,282,296,283,-1,283,296,297,-1,296,298,297,-1,297,298,299,-1,298,274,299,-1,299,274,276,-1,298,296,274,-1,274,296,282,-1,293,274,291,-1,291,274,289,-1,278,275,280,-1,280,275,274,-1,280,274,295,-1,295,274,293,-1,282,285,274,-1,274,285,287,-1,274,287,289,-1,276,277,279,-1,297,299,283,-1,283,299,276,-1,283,276,284,-1,284,276,286,-1,279,281,276,-1,276,281,294,-1,276,294,292,-1,292,290,276,-1,276,290,288,-1,276,288,286,-1,300,301,302,-1,302,301,303,-1,304,300,305,-1,305,300,302,-1,306,304,307,-1,307,304,305,-1,306,307,308,-1,306,308,309,-1,309,308,310,-1,309,310,311,-1,311,310,312,-1,311,312,313,-1,313,312,314,-1,313,314,315,-1,315,314,316,-1,315,316,317,-1,317,316,318,-1,317,318,319,-1,319,318,320,-1,319,320,321,-1,322,321,323,-1,323,321,320,-1,324,322,325,-1,325,322,323,-1,301,324,303,-1,303,324,325,-1,300,304,301,-1,301,304,306,-1,317,301,315,-1,315,301,313,-1,322,324,321,-1,321,324,301,-1,321,301,319,-1,319,301,317,-1,306,309,301,-1,301,309,311,-1,301,311,313,-1,303,325,323,-1,305,302,307,-1,307,302,303,-1,307,303,308,-1,308,303,310,-1,323,320,303,-1,303,320,318,-1,303,318,316,-1,316,314,303,-1,303,314,312,-1,303,312,310,-1,326,327,328,-1,328,327,329,-1,330,326,331,-1,331,326,328,-1,332,327,330,-1,330,327,326,-1,333,329,332,-1,332,329,327,-1,331,328,333,-1,333,328,329,-1,330,331,332,-1,332,331,333,-1,334,335,336,-1,336,335,337,-1,338,334,339,-1,339,334,336,-1,340,338,341,-1,341,338,339,-1,340,341,342,-1,340,342,343,-1,343,342,344,-1,343,344,345,-1,345,344,346,-1,345,346,347,-1,347,346,348,-1,347,348,349,-1,349,348,350,-1,349,350,351,-1,351,350,352,-1,351,352,353,-1,353,352,354,-1,353,354,355,-1,356,355,357,-1,357,355,354,-1,358,356,359,-1,359,356,357,-1,335,358,337,-1,337,358,359,-1,335,349,351,-1,334,338,335,-1,335,338,340,-1,335,340,343,-1,356,358,355,-1,355,358,335,-1,355,335,353,-1,353,335,351,-1,343,345,335,-1,335,345,347,-1,335,347,349,-1,359,357,337,-1,337,357,354,-1,348,346,337,-1,337,346,344,-1,354,352,337,-1,337,352,350,-1,337,350,348,-1,339,336,341,-1,341,336,337,-1,341,337,342,-1,342,337,344,-1,360,361,362,-1,362,361,363,-1,364,360,365,-1,365,360,362,-1,366,361,364,-1,364,361,360,-1,367,363,366,-1,366,363,361,-1,365,362,367,-1,367,362,363,-1,364,365,366,-1,366,365,367,-1,368,369,370,-1,370,369,371,-1,369,372,371,-1,371,372,373,-1,372,374,373,-1,373,374,375,-1,374,376,375,-1,375,376,377,-1,376,378,377,-1,377,378,379,-1,380,381,382,-1,380,382,383,-1,383,382,384,-1,383,384,385,-1,385,384,386,-1,385,386,387,-1,387,386,388,-1,387,388,389,-1,389,388,390,-1,389,390,391,-1,391,390,392,-1,391,392,393,-1,393,392,379,-1,393,379,378,-1,380,368,381,-1,381,368,370,-1,369,368,372,-1,372,368,380,-1,387,389,372,-1,372,389,391,-1,380,383,372,-1,372,383,385,-1,372,385,387,-1,376,374,378,-1,378,374,372,-1,378,372,393,-1,393,372,391,-1,388,386,373,-1,373,386,384,-1,375,377,373,-1,373,377,379,-1,370,371,381,-1,381,371,373,-1,381,373,382,-1,382,373,384,-1,379,392,373,-1,373,392,390,-1,373,390,388,-1,394,395,396,-1,396,395,397,-1,398,394,399,-1,399,394,396,-1,400,398,401,-1,401,398,399,-1,400,401,402,-1,400,402,403,-1,403,402,404,-1,403,404,405,-1,405,404,406,-1,405,406,407,-1,407,406,408,-1,407,408,409,-1,409,408,410,-1,409,410,411,-1,411,410,412,-1,411,412,413,-1,413,412,414,-1,413,414,415,-1,416,415,417,-1,417,415,414,-1,418,416,419,-1,419,416,417,-1,395,418,397,-1,397,418,419,-1,395,409,411,-1,394,398,395,-1,395,398,400,-1,395,400,403,-1,416,418,415,-1,415,418,395,-1,415,395,413,-1,413,395,411,-1,403,405,395,-1,395,405,407,-1,395,407,409,-1,419,417,397,-1,397,417,414,-1,408,406,397,-1,397,406,404,-1,414,412,397,-1,397,412,410,-1,397,410,408,-1,399,396,401,-1,401,396,397,-1,401,397,402,-1,402,397,404,-1,420,421,422,-1,422,421,423,-1,424,420,425,-1,425,420,422,-1,426,421,424,-1,424,421,420,-1,427,423,426,-1,426,423,421,-1,425,422,427,-1,427,422,423,-1,424,425,426,-1,426,425,427,-1,428,429,430,-1,430,429,431,-1,432,428,433,-1,433,428,430,-1,434,429,432,-1,432,429,428,-1,435,431,434,-1,434,431,429,-1,433,430,435,-1,435,430,431,-1,432,433,434,-1,434,433,435,-1,436,437,438,-1,438,437,439,-1,437,440,439,-1,439,440,441,-1,440,442,441,-1,441,442,443,-1,442,444,443,-1,443,444,445,-1,444,446,445,-1,445,446,447,-1,448,449,450,-1,448,450,451,-1,451,450,452,-1,451,452,453,-1,453,452,454,-1,453,454,455,-1,455,454,456,-1,455,456,457,-1,457,456,458,-1,457,458,459,-1,459,458,460,-1,459,460,461,-1,461,460,447,-1,461,447,446,-1,448,436,449,-1,449,436,438,-1,437,436,440,-1,440,436,448,-1,455,457,440,-1,440,457,459,-1,448,451,440,-1,440,451,453,-1,440,453,455,-1,444,442,446,-1,446,442,440,-1,446,440,461,-1,461,440,459,-1,456,454,441,-1,441,454,452,-1,443,445,441,-1,441,445,447,-1,438,439,449,-1,449,439,441,-1,449,441,450,-1,450,441,452,-1,447,460,441,-1,441,460,458,-1,441,458,456,-1,462,463,464,-1,464,463,465,-1,463,466,465,-1,465,466,467,-1,466,468,467,-1,467,468,469,-1,470,471,472,-1,470,472,473,-1,473,472,474,-1,473,474,475,-1,475,474,476,-1,475,476,477,-1,477,476,478,-1,477,478,479,-1,479,478,480,-1,479,480,481,-1,481,480,482,-1,481,482,483,-1,483,482,469,-1,483,469,468,-1,470,484,471,-1,471,484,485,-1,484,486,485,-1,485,486,487,-1,486,462,487,-1,487,462,464,-1,486,484,462,-1,462,484,470,-1,481,462,479,-1,479,462,477,-1,466,463,468,-1,468,463,462,-1,468,462,483,-1,483,462,481,-1,470,473,462,-1,462,473,475,-1,462,475,477,-1,464,465,467,-1,485,487,471,-1,471,487,464,-1,471,464,472,-1,472,464,474,-1,467,469,464,-1,464,469,482,-1,464,482,480,-1,480,478,464,-1,464,478,476,-1,464,476,474,-1,488,489,490,-1,490,489,491,-1,492,493,494,-1,494,493,495,-1,489,493,491,-1,491,493,492,-1,495,493,488,-1,488,493,489,-1,491,492,490,-1,490,492,494,-1,495,488,494,-1,494,488,490,-1,496,497,498,-1,498,497,499,-1,500,496,501,-1,501,496,498,-1,502,497,500,-1,500,497,496,-1,503,499,502,-1,502,499,497,-1,501,498,503,-1,503,498,499,-1,500,501,502,-1,502,501,503,-1,
        ]
    }
}
Shape{
    appearance Appearance {
        material  Material 	{
            diffuseColor 0.25098039215686274 0.25098039215686274 0.25098039215686274
            specularColor 0.12549019607843137 0.12549019607843137 0.12549019607843137
            ambientIntensity 0.251
            transparency 0.0
            shininess 0.5
        }
    }
    geometry IndexedFaceSet {
        ccw TRUE
        solid FALSE
        coord DEF co Coordinate {
            point [
                0.677 0.9405 1.0101, 0.677 0.7043 1.0101, 0.677 0.7046 1.0006, 0.677 0.9403 1.0006, 0.677 0.7055 0.9914, 0.677 0.9394 0.9914
            ]
        }
        coordIndex [
            0,1,2,-1,0,2,3,-1,3,2,4,-1,3,4,5,-1,
        ]
    }
}
Shape{
    appearance Appearance {
        material  Material 	{
            diffuseColor 0.7529411764705882 0.7529411764705882 0.7529411764705882
            specularColor 0.3764705882352941 0.3764705882352941 0.3764705882352941
            ambientIntensity 0.7529
            transparency 0.0
            shininess 0.5
        }
    }
    geometry IndexedFaceSet {
        ccw TRUE
        solid FALSE
        coord DEF co Coordinate {
            point [
                0.677 0.9394 0.9914, 0.673 0.9403 0.9937, 0.677 0.9403 1.0006, 0.6689 0.9405 0.9961, 0.677 0.9405 1.0101, 0.677 0.7055 0.9914, 0.677 0.7046 1.0006, 0.673 0.7046 0.9937, 0.677 0.7043 1.0101, 0.6689 0.7043 0.9961
            ]
        }
        coordIndex [
            0,1,2,-1,2,1,3,-1,2,3,4,-1,5,6,7,-1,7,6,8,-1,7,8,9,-1,9,3,1,-1,9,1,7,-1,7,1,0,-1,7,0,5,-1,
        ]
    }
}
Shape{
    appearance Appearance {
        material  Material 	{
            diffuseColor 1.0 1.0 0.5019607843137255
            specularColor 0.5019607843137255 0.5019607843137255 0.25098039215686274
            ambientIntensity 0.9432
            transparency 0.0
            shininess 0.5
        }
    }
    geometry IndexedFaceSet {
        ccw TRUE
        solid FALSE
        coord DEF co Coordinate {
            point [
                0.6689 0.9405 0.9961, 0.6689 0.7043 0.9961, 0.677 0.9405 1.0101, 0.677 0.7043 1.0101
            ]
        }
        coordIndex [
            0,1,2,-1,2,1,3,-1,
        ]
    }
}
Shape{
    appearance Appearance {
        material  Material 	{
            diffuseColor 0.25098039215686274 0.25098039215686274 0.25098039215686274
            specularColor 0.12549019607843137 0.12549019607843137 0.12549019607843137
            ambientIntensity 0.251
            transparency 0.0
            shininess 0.5
        }
    }
    geometry IndexedFaceSet {
        ccw TRUE
        solid FALSE
        coord DEF co Coordinate {
            point [
                -0.677 0.9394 0.9914, -0.677 0.7055 0.9914, -0.677 0.9403 1.0006, -0.677 0.7046 1.0006, -0.677 0.9405 1.0101, -0.677 0.7043 1.0101
            ]
        }
        coordIndex [
            0,1,2,-1,2,1,3,-1,2,3,4,-1,4,3,5,-1,
        ]
    }
}
Shape{
    appearance Appearance {
        material  Material 	{
            diffuseColor 0.7529411764705882 0.7529411764705882 0.7529411764705882
            specularColor 0.3764705882352941 0.3764705882352941 0.3764705882352941
            ambientIntensity 0.7529
            transparency 0.0
            shininess 0.5
        }
    }
    geometry IndexedFaceSet {
        ccw TRUE
        solid FALSE
        coord DEF co Coordinate {
            point [
                -0.677 0.9394 0.9914, -0.677 0.9403 1.0006, -0.673 0.9403 0.9937, -0.677 0.9405 1.0101, -0.6689 0.9405 0.9961, -0.677 0.7055 0.9914, -0.673 0.7046 0.9937, -0.677 0.7046 1.0006, -0.6689 0.7043 0.9961, -0.677 0.7043 1.0101
            ]
        }
        coordIndex [
            0,1,2,-1,2,1,3,-1,2,3,4,-1,5,6,7,-1,7,6,8,-1,7,8,9,-1,5,0,6,-1,6,0,2,-1,6,2,8,-1,8,2,4,-1,
        ]
    }
}
Shape{
    appearance Appearance {
        material  Material 	{
            diffuseColor 1.0 1.0 0.5019607843137255
            specularColor 0.5019607843137255 0.5019607843137255 0.25098039215686274
            ambientIntensity 0.9432
            transparency 0.0
            shininess 0.5
        }
    }
    geometry IndexedFaceSet {
        ccw TRUE
        solid FALSE
        coord DEF co Coordinate {
            point [
                -0.677 0.9405 1.0101, -0.677 0.7043 1.0101, -0.6689 0.9405 0.9961, -0.6689 0.7043 0.9961
            ]
        }
        coordIndex [
            0,1,2,-1,2,1,3,-1,
        ]
    }
}
Shape{
    appearance Appearance {
        material  Material 	{
            diffuseColor 0.7529411764705882 0.7529411764705882 0.7529411764705882
            specularColor 0.3764705882352941 0.3764705882352941 0.3764705882352941
            ambientIntensity 0.7529
            transparency 0.0
            shininess 0.5
        }
    }
    geometry IndexedFaceSet {
        ccw TRUE
        solid FALSE
        coord DEF co Coordinate {
            point [
                0.4881 0.769 1.1732, -1.3661 0.9405 1.1732, 1.3661 0.9405 1.1732, -0.881 0.769 1.1732, -0.881 0.7296 1.1732, -0.881 0.5328 1.1732, -0.4881 0.5328 1.1732, 1.3661 -1.9217 1.1732, -0.7307 0.7296 1.1732, -0.7307 0.5722 1.1732, -0.881 0.5722 1.1732, -1.3661 -1.9217 1.1732, 0.7307 0.5722 1.1732, 0.7307 0.7296 1.1732, 0.881 0.5722 1.1732, 0.881 0.7296 1.1732, 0.881 0.769 1.1732, -0.4881 0.769 1.1732, 0.4881 0.5328 1.1732, 0.881 0.5328 1.1732, 0.881 0.5328 1.2913, 0.881 0.5722 1.2913, -0.881 0.5328 1.2913, -0.881 0.5722 1.2913, 0.2221 0.324 1.2913, 0.2235 0.313 1.2913, 0.2257 0.3527 1.2913, 0.0874 0.1125 1.2913, 0.0874 -1.9217 1.2913, 0.132 -1.9217 1.2913, 0.2107 0.2157 1.2913, 0.2107 0.1901 1.2913, 0.2257 0.1901 1.2913, 0.2434 0.1449 1.2913, 0.2257 0.1449 1.2913, 0.2257 0.1442 1.2913, 0.1153 0.1446 1.2913, 0.1121 0.1442 1.2913, 0.132 0.1442 1.2913, 0.0535 0.3519 1.2913, 0.0595 0.3527 1.2913, 0.0229 0.3527 1.2913, 0.0827 0.2745 1.2913, 0.0806 0.2739 1.2913, 0.0806 0.2478 1.2913, 0.1104 0.308 1.2913, 0.1104 0.281 1.2913, 0.132 0.281 1.2913, -0.1867 0.3527 1.2913, -0.1741 0.3439 1.2913, -0.0542 0.3527 1.2913, -0.1544 0.3208 1.2913, -0.0915 0.2478 1.2913, -0.0542 0.2478 1.2913, -0.0965 0.2603 1.2913, -0.1081 0.2765 1.2913, -0.1236 0.2895 1.2913, -0.1433 0.2989 1.2913, -0.1405 0.2979 1.2913, -0.3175 0.3527 1.2913, -0.3036 0.361 1.2913, -0.4692 0.4531 1.2913, -0.2772 0.3706 1.2913, -0.2515 0.3735 1.2913, -0.0542 0.4531 1.2913, -0.2245 0.3702 1.2913, -0.1963 0.3593 1.2913, -0.45 0.2406 1.2913, -0.4487 0.2478 1.2913, -0.4692 0.2478 1.2913, -0.4462 0.262 1.2913, -0.4692 0.3527 1.2913, -0.4371 0.2825 1.2913, -0.4234 0.3 1.2913, -0.3804 0.3246 1.2913, -0.3579 0.3273 1.2913, -0.3198 0.3513 1.2913, -0.3332 0.3398 1.2913, -0.3514 0.327 1.2913, -0.3449 0.3262 1.2913, -0.4196 0.3037 1.2913, -0.4015 0.3164 1.2913, -0.3807 0.1457 1.2913, -0.3879 0.1479 1.2913, -0.4692 0.1442 1.2913, -0.4085 0.1579 1.2913, -0.4263 0.1731 1.2913, -0.4393 0.1916 1.2913, -0.4474 0.2128 1.2913, -0.4502 0.2351 1.2913, -0.3554 0.1147 1.2913, -0.3665 0.1231 1.2913, -0.4692 0.1125 1.2913, -0.375 0.1335 1.2913, -0.38 0.1442 1.2913, -0.4692 -1.9217 1.2913, -0.3423 0.1092 1.2913, -0.3502 0.1125 1.2913, -0.3031 0.1125 1.2913, -0.3129 0.1087 1.2913, -0.0542 -1.9217 1.2913, -0.3266 0.107 1.2913, -0.3288 0.1071 1.2913, -0.0542 0.1125 1.2913, -0.2733 0.144 1.2913, -0.2801 0.1313 1.2913, -0.2888 0.1215 1.2913, -0.3002 0.1136 1.2913, -0.2006 0.1778 1.2913, -0.1967 0.1793 1.2913, -0.19 0.2118 1.2913, -0.108 0.1702 1.2913, -0.1235 0.1571 1.2913, -0.0542 0.1442 1.2913, -0.2839 0.2021 1.2913, -0.2077 0.242 1.2913, -0.2939 0.2112 1.2913, -0.306 0.2176 1.2913, -0.2041 0.1753 1.2913, -0.0967 0.186 1.2913, -0.1225 0.2287 1.2913, -0.1252 0.2397 1.2913, -0.1296 0.2478 1.2913, -0.4129 0.2478 1.2913, -0.0896 0.2429 1.2913, -0.087 0.2243 1.2913, -0.0896 0.204 1.2913, -0.1923 0.1799 1.2913, -0.1917 0.1799 1.2913, -0.19 0.1795 1.2913, -0.4095 0.2136 1.2913, -0.4028 0.202 1.2913, -0.3739 0.1961 1.2913, -0.3926 0.1915 1.2913, -0.3802 0.1839 1.2913, -0.3528 0.215 1.2913, -0.3644 0.2069 1.2913, -0.4143 0.2363 1.2913, -0.4136 0.2275 1.2913, -0.3402 0.2198 1.2913, -0.3266 0.2215 1.2913, -0.3197 0.221 1.2913, -0.2099 0.1623 1.2913, -0.2098 0.1645 1.2913, -0.2697 0.1697 1.2913, -0.2086 0.1688 1.2913, -0.2065 0.1727 1.2913, -0.1338 0.1936 1.2913, -0.1276 0.2025 1.2913, -0.1236 0.2127 1.2913, -0.1223 0.2237 1.2913, -0.1966 0.1451 1.2913, -0.2004 0.1466 1.2913, -0.2733 0.1442 1.2913, -0.2041 0.1492 1.2913, -0.2054 0.1506 1.2913, -0.2079 0.1542 1.2913, -0.2094 0.158 1.2913, -0.27 0.158 1.2913, -0.2697 0.164 1.2913, -0.1409 0.1486 1.2913, -0.1598 0.1446 1.2913, -0.1934 0.1446 1.2913, -0.1889 0.1793 1.2913, -0.1633 0.1793 1.2913, -0.153 0.1813 1.2913, -0.143 0.1859 1.2913, -0.1346 0.1928 1.2913, -0.1835 0.3023 1.2913, -0.1963 0.3177 1.2913, -0.3272 0.2847 1.2913, -0.1978 0.319 1.2913, -0.2138 0.3301 1.2913, -0.3185 0.3027 1.2913, -0.3313 0.2869 1.2913, -0.344 0.2915 1.2913, -0.1305 0.2495 1.2913, -0.1371 0.2568 1.2913, -0.1667 0.2681 1.2913, -0.1459 0.263 1.2913, -0.1558 0.2668 1.2913, -0.1712 0.2681 1.2913, -0.1747 0.284 1.2913, -0.3773 0.2896 1.2913, -0.39 0.2828 1.2913, -0.3633 0.2929 1.2913, -0.3998 0.2741 1.2913, -0.4077 0.2627 1.2913, -0.3057 0.3179 1.2913, -0.2316 0.3369 1.2913, -0.2905 0.3291 1.2913, -0.2509 0.3393 1.2913, -0.2719 0.3366 1.2913, -0.3574 0.2932 1.2913, -0.4126 0.25 1.2913, 0.2585 0.1449 1.2913, 0.2585 0.225 1.2913, 0.251 0.2478 1.2913, 0.2936 0.2236 1.2913, 0.3033 0.2201 1.2913, 0.3118 0.2478 1.2913, 0.2941 0.1465 1.2913, 0.3118 0.1442 1.2913, 0.3033 0.1501 1.2913, 0.3117 0.1561 1.2913, 0.2814 0.225 1.2913, 0.3396 0.1449 1.2913, 0.3282 0.1449 1.2913, 0.3697 0.225 1.2913, 0.4002 0.1449 1.2913, 0.4442 0.1442 1.2913, 0.3888 0.1449 1.2913, 0.4442 0.2478 1.2913, 0.3587 0.225 1.2913, 0.3194 0.2046 1.2913, 0.3224 0.197 1.2913, 0.3176 0.1632 1.2913, 0.3118 0.1563 1.2913, 0.3117 0.2144 1.2913, 0.3118 0.2142 1.2913, 0.3145 0.2116 1.2913, 0.3237 0.1859 1.2913, 0.3235 0.1808 1.2913, 0.3216 0.1715 1.2913, 0.0198 0.2157 1.2913, -0.0111 0.2157 1.2913, -0.0111 0.1901 1.2913, 0.0213 0.1442 1.2913, -0.0214 0.1449 1.2913, 0.0213 0.1449 1.2913, -0.0111 0.1809 1.2913, -0.0111 0.154 1.2913, 0.0176 0.1809 1.2913, 0.0213 0.154 1.2913, 0.0176 0.1901 1.2913, -0.0214 0.225 1.2913, 0.0213 0.2478 1.2913, 0.0198 0.225 1.2913, 0.0217 0.1449 1.2913, 0.0229 0.1442 1.2913, 0.0217 0.154 1.2913, 0.251 0.3325 1.2913, 0.2584 0.352 1.2913, 0.251 0.3527 1.2913, 0.2695 0.352 1.2913, 0.3118 0.3527 1.2913, 0.2999 0.2719 1.2913, 0.2279 0.2719 1.2913, 0.2257 0.2478 1.2913, 0.2393 0.2719 1.2913, 0.247 0.2938 1.2913, 0.251 0.2938 1.2913, 0.1413 0.3428 1.2913, 0.1507 0.3527 1.2913, 0.1413 0.352 1.2913, 0.132 0.3527 1.2913, 0.132 0.352 1.2913, 0.1431 0.281 1.2913, 0.1391 0.308 1.2913, 0.132 0.308 1.2913, 0.132 0.3171 1.2913, 0.1391 0.3171 1.2913, 0.132 0.3428 1.2913, 0.1104 0.3428 1.2913, 0.1104 0.3171 1.2913, 0.1001 0.2719 1.2913, 0.0874 0.2478 1.2913, 0.132 0.2719 1.2913, 0.132 0.2478 1.2913, 0.1431 0.2719 1.2913, 0.1507 0.2478 1.2913, 0.1001 0.352 1.2913, 0.0874 0.3527 1.2913, 0.0841 0.2851 1.2913, 0.0841 0.2752 1.2913, 0.0652 0.344 1.2913, 0.0614 0.3438 1.2913, 0.0806 0.2836 1.2913, 0.075 0.3428 1.2913, 0.0841 0.3392 1.2913, 0.0832 0.3397 1.2913, 0.0806 0.3407 1.2913, 0.0545 0.3423 1.2913, 0.0483 0.3393 1.2913, 0.0434 0.3351 1.2913, 0.0428 0.3345 1.2913, 0.0389 0.3289 1.2913, 0.0363 0.322 1.2913, 0.035 0.311 1.2913, 0.0351 0.3074 1.2913, 0.0762 0.2816 1.2913, 0.0671 0.2799 1.2913, 0.0634 0.2798 1.2913, 0.0365 0.2996 1.2913, 0.0392 0.2932 1.2913, 0.0428 0.2882 1.2913, 0.0451 0.286 1.2913, 0.0564 0.2805 1.2913, 0.0505 0.2825 1.2913, 0.0737 0.3527 1.2913, 0.0756 0.3525 1.2913, 0.0806 0.3527 1.2913, 0.0806 0.351 1.2913, 0.0841 0.3501 1.2913, 0.0806 0.4531 1.2913, 0.0651 0.3533 1.2913, 0.0484 0.2726 1.2913, 0.0408 0.2761 1.2913, 0.0229 0.2478 1.2913, 0.0344 0.2815 1.2913, 0.0337 0.2822 1.2913, 0.0289 0.289 1.2913, 0.0741 0.2717 1.2913, 0.0619 0.2706 1.2913, 0.057 0.2708 1.2913, 0.0261 0.3251 1.2913, 0.0299 0.334 1.2913, 0.0357 0.3415 1.2913, 0.0257 0.2974 1.2913, 0.0241 0.3104 1.2913, 0.0242 0.3146 1.2913, 0.0377 0.3434 1.2913, 0.0452 0.3487 1.2913, 0.0672 0.1449 1.2913, 0.0549 0.1442 1.2913, 0.0806 0.1442 1.2913, 0.0436 0.1442 1.2913, 0.0434 0.1442 1.2913, 0.0396 0.1457 1.2913, 0.0362 0.148 1.2913, 0.0351 0.1492 1.2913, 0.0369 0.1981 1.2913, 0.0369 0.1883 1.2913, 0.0672 0.1537 1.2913, 0.0669 0.1537 1.2913, 0.0643 0.15 1.2913, 0.061 0.147 1.2913, 0.0591 0.1458 1.2913, 0.0551 0.1442 1.2913, 0.033 0.1522 1.2913, 0.0318 0.1556 1.2913, 0.0313 0.1602 1.2913, 0.0628 0.2028 1.2913, 0.067 0.2015 1.2913, 0.0313 0.1617 1.2913, 0.032 0.166 1.2913, 0.0334 0.1695 1.2913, 0.0355 0.1723 1.2913, 0.0386 0.1749 1.2913, 0.043 0.1771 1.2913, 0.0428 0.1922 1.2913, 0.0502 0.1789 1.2913, 0.059 0.1949 1.2913, 0.0556 0.1952 1.2913, 0.049 0.1945 1.2913, 0.0703 0.1996 1.2913, 0.0729 0.197 1.2913, 0.0749 0.1937 1.2913, 0.0389 0.1993 1.2913, 0.0464 0.2022 1.2913, 0.0565 0.2034 1.2913, 0.0672 0.1812 1.2913, 0.0668 0.1857 1.2913, 0.0658 0.1892 1.2913, 0.0646 0.1913 1.2913, 0.0765 0.1891 1.2913, 0.0772 0.1817 1.2913, 0.0772 0.1449 1.2913, 0.0631 0.1929 1.2913, 0.0613 0.1941 1.2913, 0.0229 0.1125 1.2913, 0.0494 0.1435 1.2913, 0.0806 0.1125 1.2913, 0.1267 0.2008 1.2913, 0.1267 0.1911 1.2913, 0.0969 0.1446 1.2913, 0.0908 0.1469 1.2913, 0.0874 0.1442 1.2913, 0.0908 0.1572 1.2913, 0.1202 0.2028 1.2913, 0.129 0.1564 1.2913, 0.1277 0.1532 1.2913, 0.1259 0.1506 1.2913, 0.1261 0.1699 1.2913, 0.1279 0.1671 1.2913, 0.129 0.1642 1.2913, 0.1294 0.1604 1.2913, 0.0937 0.1776 1.2913, 0.0924 0.1797 1.2913, 0.0913 0.1827 1.2913, 0.0909 0.1866 1.2913, 0.0913 0.1902 1.2913, 0.0925 0.1935 1.2913, 0.0943 0.1962 1.2913, 0.0973 0.1988 1.2913, 0.123 0.1481 1.2913, 0.1206 0.1466 1.2913, 0.1006 0.2008 1.2913, 0.1061 0.2027 1.2913, 0.1131 0.2034 1.2913, 0.1011 0.1524 1.2913, 0.1061 0.17 1.2913, 0.0948 0.1548 1.2913, 0.1001 0.1728 1.2913, 0.0954 0.1759 1.2913, 0.1122 0.1952 1.2913, 0.1092 0.195 1.2913, 0.1012 0.1875 1.2913, 0.1065 0.1943 1.2913, 0.1043 0.1931 1.2913, 0.1013 0.1862 1.2913, 0.1017 0.1846 1.2913, 0.1024 0.1833 1.2913, 0.1073 0.1517 1.2913, 0.1078 0.1517 1.2913, 0.1126 0.1673 1.2913, 0.1129 0.1523 1.2913, 0.1191 0.1595 1.2913, 0.119 0.1607 1.2913, 0.1034 0.1822 1.2913, 0.1069 0.18 1.2913, 0.1186 0.1945 1.2913, 0.1131 0.1773 1.2913, 0.1243 0.1925 1.2913, 0.117 0.1757 1.2913, 0.1237 0.172 1.2913, 0.1155 0.1532 1.2913, 0.1164 0.1538 1.2913, 0.1175 0.1548 1.2913, 0.1027 0.1918 1.2913, 0.1019 0.1905 1.2913, 0.1014 0.1891 1.2913, 0.1184 0.1561 1.2913, 0.1189 0.1575 1.2913, 0.1186 0.1623 1.2913, 0.1178 0.1636 1.2913, 0.1166 0.1649 1.2913, 0.1006 0.1442 1.2913, 0.1063 0.1435 1.2913, 0.1667 0.1442 1.2913, 0.2004 0.1449 1.2913, 0.1895 0.2021 1.2913, 0.2004 0.225 1.2913, 0.1608 0.1591 1.2913, 0.162 0.1544 1.2913, 0.1623 0.1544 1.2913, 0.1628 0.1563 1.2913, 0.1635 0.159 1.2913, 0.1507 0.1881 1.2913, 0.1791 0.2021 1.2913, 0.1507 0.1442 1.2913, 0.1507 0.1612 1.2913, 0.1347 0.2021 1.2913, 0.1459 0.2021 1.2913, 0.1571 0.145 1.2913, 0.1567 0.1442 1.2913, 0.1527 0.1346 1.2913, 0.132 0.1125 1.2913, 0.1367 0.1188 1.2913, 0.1367 0.1277 1.2913, 0.1488 0.1289 1.2913, 0.1507 0.131 1.2913, 0.1507 0.131 1.2913, 0.1388 0.127 1.2913, 0.1424 0.1265 1.2913, 0.1507 0.1197 1.2913, 0.1472 0.1184 1.2913, 0.1507 0.1125 1.2913, 0.1432 0.1179 1.2913, 0.141 0.118 1.2913, 0.1449 0.1268 1.2913, 0.1471 0.1277 1.2913, 0.2257 0.1125 1.2913, 0.1636 0.1362 1.2913, 0.1591 0.1274 1.2913, 0.1554 0.123 1.2913, 0.1547 0.1224 1.2913, 0.1512 0.1199 1.2913, 0.2806 0.1449 1.2913, 0.251 0.1442 1.2913, 0.2416 0.2157 1.2913, 0.2257 0.225 1.2913, 0.2416 0.225 1.2913, 0.2393 0.1809 1.2913, 0.2257 0.1809 1.2913, 0.2257 0.154 1.2913, 0.2107 0.1809 1.2913, 0.2107 0.154 1.2913, 0.2434 0.154 1.2913, 0.2393 0.1901 1.2913, 0.2257 0.2157 1.2913, 0.0213 -1.9217 1.2913, 0.0213 0.1125 1.2913, 0.0229 -1.9217 1.2913, 0.0806 -1.9217 1.2913, 0.1507 -1.9217 1.2913, 0.2257 -1.9217 1.2913, 0.251 -1.9217 1.2913, 0.251 0.1125 1.2913, 0.3118 -1.9217 1.2913, 0.3118 0.1125 1.2913, 0.4442 -1.9217 1.2913, 0.4442 0.1125 1.2913, 0.3473 0.1668 1.2913, 0.3806 0.1668 1.2913, 1.1236 -1.9217 1.2913, 1.1236 0.1125 1.2913, 1.1236 0.1442 1.2913, 1.1236 0.2478 1.2913, -1.3661 -1.9217 1.2913, -1.3661 0.1125 1.2913, -1.3661 0.1442 1.2913, -1.3661 0.2478 1.2913, -1.3661 0.3527 1.2913, -1.3661 0.4531 1.2913, -0.0111 0.281 1.2913, 0.0208 0.281 1.2913, -0.0111 0.352 1.2913, 0.0213 0.3527 1.2913, -0.0214 0.352 1.2913, -0.0214 0.2719 1.2913, 0.0208 0.2719 1.2913, 0.1583 0.2719 1.2913, 0.2192 0.3316 1.2913, 0.2232 0.3079 1.2913, 0.2213 0.2985 1.2913, 0.2173 0.2902 1.2913, 0.2114 0.2831 1.2913, 0.203 0.2771 1.2913, 0.1939 0.2736 1.2913, 0.1803 0.2719 1.2913, 0.1583 0.352 1.2913, 0.1811 0.352 1.2913, 0.1933 0.3506 1.2913, 0.203 0.3471 1.2913, 0.2114 0.3414 1.2913, 0.2142 0.3386 1.2913, 0.2804 0.2938 1.2913, 0.2885 0.2719 1.2913, 0.4442 0.3527 1.2913, 1.1236 0.3527 1.2913, 0.0229 0.4531 1.2913, 0.0213 0.4531 1.2913, 0.0874 0.4531 1.2913, 0.132 0.4531 1.2913, 0.1507 0.4531 1.2913, 0.2257 0.4531 1.2913, 0.251 0.4531 1.2913, 0.3118 0.4531 1.2913, 0.4442 0.4531 1.2913, 1.1236 0.4531 1.2913, -0.7307 0.5722 1.2913, -0.7307 0.7296 1.2913, -0.4881 0.769 1.2913, -0.4692 0.9405 1.2913, -0.881 0.769 1.2913, -1.3661 0.9405 1.2913, -0.881 0.7296 1.2913, -0.4881 0.5328 1.2913, 0.7307 0.7296 1.2913, 0.7307 0.5722 1.2913, 0.881 0.7296 1.2913, 0.881 0.769 1.2913, 1.1236 0.9405 1.2913, 0.4881 0.769 1.2913, 0.4442 0.9405 1.2913, 0.3118 0.9405 1.2913, 0.251 0.9405 1.2913, 0.2257 0.9405 1.2913, 0.1507 0.9405 1.2913, 0.132 0.9405 1.2913, 0.0874 0.9405 1.2913, 0.0806 0.9405 1.2913, 0.0229 0.9405 1.2913, 0.0213 0.9405 1.2913, -0.0542 0.9405 1.2913, 0.4881 0.5328 1.2913, 1.3661 -1.9217 1.2913, 1.3661 0.1125 1.2913, 1.3661 0.1442 1.2913, 1.3661 0.2478 1.2913, 1.3661 0.3527 1.2913, 1.3661 0.4531 1.2913, 1.3661 0.9405 1.2913, -1.7598 0.5048 0.5637, -1.7598 0.4969 0.5827, -1.7598 0.9405 0.8976, -1.7598 -0.839 -0.3937, -1.7598 -0.9965 -0.3937, -1.7598 -0.7602 -0.315, -1.7598 -1.0752 -0.315, -1.7598 -0.7602 -0.0709, -1.7598 -0.8167 0.0001, -1.7598 -1.0752 0.7559, -1.7598 -0.8069 0.0079, -1.7598 -1.0779 0.7763, -1.7598 -0.6421 0.0079, -1.7598 -0.429 0.8116, -1.7598 -0.4453 0.8241, -1.7598 0.3605 0.5827, -1.7598 -0.4643 0.832, -1.7598 0.3731 0.599, -1.7598 0.8618 -0.3937, -1.7598 0.5862 -0.3937, -1.7598 0.9405 -0.315, -1.7598 0.5075 -0.315, -1.7598 0.5075 0.5433, -1.7598 0.35 0.5433, -1.7598 0.35 0.4409, -1.7598 -0.4059 0.4409, -1.7598 -0.5403 0.8116, -1.7598 -0.5528 0.7953, -1.7598 0.4844 0.599, -1.7598 0.4681 0.6115, -1.7598 0.4491 0.6194, -1.7598 -1.2221 0.7953, -1.7598 -1.9217 0.8976, -1.7598 -1.2096 0.8116, -1.7598 -1.1933 0.8241, -1.7598 -1.2327 0.4409, -1.7598 -1.9217 0.4409, -1.7598 -1.2327 0.7559, -1.7598 -1.23 0.7763, -1.7598 0.3527 0.5637, -1.7598 -0.4059 0.7559, -1.7598 -0.4086 0.7763, -1.7598 -0.4165 0.7953, -1.7598 -1.1146 0.8241, -1.7598 -1.1336 0.832, -1.7598 -1.1539 0.8346, -1.7598 -1.1743 0.832, -1.7598 -0.4846 0.8346, -1.7598 -1.0983 0.8116, -1.7598 -1.0857 0.7953, -1.7598 -0.505 0.832, -1.7598 -0.524 0.8241, -1.7598 -0.5607 0.7763, -1.7598 -0.5634 0.7559, -1.7598 -0.5634 0.0866, -1.7598 -0.6217 0.0106, -1.7598 -0.6028 0.0184, -1.7598 0.4287 0.622, -1.7598 0.4084 0.6194, -1.7598 0.3894 0.6115, -1.7598 -0.5865 0.0309, -1.7598 -0.5661 0.0662, -1.7598 -0.5739 0.0472, -1.6417 -0.7602 -0.0709, -1.6417 -0.8167 0.0001, -1.6417 -1.0752 -0.315, -1.6417 0.224 0.1598, -1.6417 0.35 0.1598, -1.6417 0.224 0.4409, -1.6417 0.35 0.5433, -1.6417 0.3527 0.5637, -1.6417 0.3605 0.5827, -1.6417 0.3731 0.599, -1.6417 -0.9965 -0.3937, -1.6417 -0.839 -0.3937, -1.6417 -0.7602 -0.315, -1.6417 -1.9217 0.4409, -1.6417 -1.2327 0.4409, -1.6417 -1.9217 0.8976, -1.6417 -1.2327 0.7559, -1.6417 -1.23 0.7763, -1.6417 -1.2221 0.7953, -1.6417 -1.2096 0.8116, -1.6417 -1.1933 0.8241, -1.6417 -0.524 0.8241, -1.6417 -1.0857 0.7953, -1.6417 -0.5403 0.8116, -1.6417 -0.5528 0.7953, -1.6417 -0.505 0.832, -1.6417 -0.4846 0.8346, -1.6417 -1.0983 0.8116, -1.6417 -0.4643 0.832, -1.6417 -0.4453 0.8241, -1.6417 0.9405 0.8976, -1.6417 -1.0779 0.7763, -1.6417 -0.5634 0.7559, -1.6417 -0.5607 0.7763, -1.6417 0.4084 0.6194, -1.6417 0.4287 0.622, -1.6417 0.4491 0.6194, -1.6417 -1.1743 0.832, -1.6417 -1.1539 0.8346, -1.6417 -1.1336 0.832, -1.6417 -1.1146 0.8241, -1.6417 -0.429 0.8116, -1.6417 -0.4165 0.7953, -1.6417 -0.4086 0.7763, -1.6417 0.4681 0.6115, -1.6417 0.4844 0.599, -1.6417 0.4969 0.5827, -1.6417 0.5048 0.5637, -1.6417 0.5075 0.5433, -1.6417 0.9405 -0.315, -1.6417 0.5075 -0.315, -1.6417 0.8618 -0.3937, -1.6417 0.5862 -0.3937, -1.6417 -0.6217 0.0106, -1.6417 -0.5634 0.0866, -1.6417 -0.6421 0.0079, -1.6417 -0.8069 0.0079, -1.6417 -1.0752 0.7559, -1.6417 -0.6028 0.0184, -1.6417 -0.5865 0.0309, -1.6417 -0.5661 0.0662, -1.6417 -0.5739 0.0472, -1.6417 -0.4059 0.4409, -1.6417 -0.4059 0.7559, -1.6417 0.3894 0.6115, -1.6323 0.9405 0.969, -1.75 0.9405 0.9852, -1.6048 0.9405 1.0354, 1.5039 0.9405 1.1363, 1.6116 0.9405 1.2054, 1.561 0.9405 1.0925, 1.6739 0.9405 1.1431, 1.6048 0.9405 1.0354, 1.7209 0.9405 1.0685, 1.6323 0.9405 0.969, 1.75 0.9405 0.9852, 1.6417 0.9405 0.8976, 1.7598 0.9405 0.8976, 1.6417 0.9405 -0.315, 1.7598 0.9405 -0.315, -1.7209 0.9405 1.0685, -1.6739 0.9405 1.1431, -1.561 0.9405 1.0925, -1.6116 0.9405 1.2054, -1.5039 0.9405 1.1363, -1.537 0.9405 1.2524, -1.4375 0.9405 1.1638, -1.4537 0.9405 1.2815, 1.4375 0.9405 1.1638, 1.4537 0.9405 1.2815, 1.537 0.9405 1.2524, -1.3661 0.224 0.0472, -1.3661 -0.4059 0.0472, -1.4537 -0.4059 0.0571, -1.4537 0.224 0.0571, -1.537 -0.4059 0.0862, -1.537 0.224 0.0862, -1.6116 -0.4059 0.1331, -1.6116 0.224 0.1331, -1.6739 0.35 0.1955, -1.6739 -0.4059 0.1955, -1.7209 -0.4059 0.2701, -1.7209 0.35 0.2701, -1.75 -0.4059 0.3533, -1.75 0.35 0.3533, -1.4537 -1.9217 1.2815, -1.537 -1.9217 1.2524, -1.6116 -1.9217 1.2054, -1.6739 -1.9217 1.1431, -1.7209 -1.9217 1.0685, -1.75 -1.9217 0.9852, -1.3661 -1.2327 0.0472, -1.3661 -1.9217 0.0472, -1.4537 -1.9217 0.0571, -1.4537 -1.2327 0.0571, -1.537 -1.9217 0.0862, -1.537 -1.2327 0.0862, -1.6116 -1.9217 0.1331, -1.6116 -1.2327 0.1331, -1.6739 -1.9217 0.1955, -1.6739 -1.2327 0.1955, -1.7209 -1.9217 0.2701, -1.7209 -1.2327 0.2701, -1.75 -1.9217 0.3533, -1.75 -1.2327 0.3533, -1.6323 -1.2327 0.3696, -1.6323 -1.9217 0.3696, -1.6048 -1.2327 0.3032, -1.6048 -1.9217 0.3032, -1.561 -1.2327 0.2461, -1.561 -1.9217 0.2461, -1.5039 -1.2327 0.2023, -1.5039 -1.9217 0.2023, -1.4375 -1.2327 0.1747, -1.4375 -1.9217 0.1747, -1.3661 -1.2327 0.1654, -1.3661 -1.9217 0.1654, -1.5138 -1.9413 1.1534, -1.5993 -1.9413 1.1901, -1.5749 -1.9413 1.1064, -1.6586 -1.9413 1.1308, -1.6219 -1.9413 1.0453, -1.7031 -1.9413 1.0599, -1.6514 -1.9413 0.9741, -1.7308 -1.9413 0.9809, -1.6614 -1.9413 0.8976, -1.7402 -1.9413 0.8976, -1.6614 -1.9413 0.4409, -1.7402 -1.9413 0.4409, -1.6514 -1.9413 0.3645, -1.7308 -1.9413 0.3577, -1.6219 -1.9413 0.2933, -1.7031 -1.9413 0.2787, -1.5749 -1.9413 0.2322, 1.5749 -1.9413 0.2322, 1.6586 -1.9413 0.2078, 1.6219 -1.9413 0.2933, 1.7031 -1.9413 0.2787, 1.6514 -1.9413 0.3645, 1.7308 -1.9413 0.3577, 1.6614 -1.9413 0.4409, 1.7402 -1.9413 0.4409, 1.6614 -1.9413 0.8976, 1.7402 -1.9413 0.8976, 1.6514 -1.9413 0.9741, 1.7308 -1.9413 0.9809, 1.6219 -1.9413 1.0453, 1.7031 -1.9413 1.0599, 1.5749 -1.9413 1.1064, -1.6586 -1.9413 0.2078, -1.5993 -1.9413 0.1485, -1.5138 -1.9413 0.1852, -1.5284 -1.9413 0.104, -1.4426 -1.9413 0.1557, -1.4494 -1.9413 0.0763, -1.3661 -1.9413 0.1457, -1.3661 -1.9413 0.0669, 1.3661 -1.9413 0.1457, 1.3661 -1.9413 0.0669, 1.4426 -1.9413 0.1557, 1.4494 -1.9413 0.0763, 1.5138 -1.9413 0.1852, 1.5284 -1.9413 0.104, 1.5993 -1.9413 0.1485, 1.6586 -1.9413 1.1308, 1.5993 -1.9413 1.1901, 1.5138 -1.9413 1.1534, 1.5284 -1.9413 1.2346, 1.4426 -1.9413 1.1829, 1.4494 -1.9413 1.2623, 1.3661 -1.9413 1.1929, 1.3661 -1.9413 1.2717, -1.3661 -1.9413 1.1929, -1.3661 -1.9413 1.2717, -1.4426 -1.9413 1.1829, -1.4494 -1.9413 1.2623, -1.5284 -1.9413 1.2346, 1.3661 -1.9217 0.0472, -0.9724 -1.2327 0.0472, 0.9724 -1.2327 0.0472, 1.3661 -1.2327 0.0472, 0.9727 -0.1306 0.0472, 0.979 -0.1224 0.0472, 1.3661 -0.4059 0.0472, -0.9724 -0.4059 0.0472, -0.9449 -0.1421 0.0472, -0.6299 -0.1421 0.0472, -0.979 0.035 0.0472, -0.9829 0.0255 0.0472, -0.9843 0.0154 0.0472, 0.5958 -0.1224 0.0472, 0.6021 -0.1306 0.0472, 0.6102 -0.1369 0.0472, -0.9843 -0.1028 0.0472, -0.9829 -0.1129 0.0472, -0.979 -0.1224 0.0472, -0.9727 -0.1306 0.0472, -0.9646 -0.1369 0.0472, -0.9551 -0.1408 0.0472, 0.6299 -0.1421 0.0472, 0.9449 -0.1421 0.0472, 0.9724 -0.4059 0.0472, 0.9551 -0.1408 0.0472, 0.9646 -0.1369 0.0472, 0.9829 0.0255 0.0472, 0.979 0.035 0.0472, 1.3661 0.224 0.0472, 0.6197 -0.1408 0.0472, 0.9727 0.0432 0.0472, 0.9646 0.0494 0.0472, 0.9551 0.0534 0.0472, 0.5958 0.035 0.0472, 0.5919 0.0255 0.0472, -0.5958 0.035 0.0472, -0.9551 0.0534 0.0472, -0.9646 0.0494 0.0472, -0.9727 0.0432 0.0472, 0.6102 0.0494 0.0472, -0.6021 0.0432 0.0472, -0.6102 0.0494 0.0472, 0.6021 0.0432 0.0472, -0.6197 0.0534 0.0472, -0.6299 0.0547 0.0472, -0.9449 0.0547 0.0472, 0.9829 -0.1129 0.0472, 0.9843 -0.1028 0.0472, 0.9843 0.0154 0.0472, -0.6197 -0.1408 0.0472, -0.6102 -0.1369 0.0472, 0.5906 -0.1028 0.0472, -0.6021 -0.1306 0.0472, -0.5958 -0.1224 0.0472, 0.9449 0.0547 0.0472, 0.6299 0.0547 0.0472, 0.6197 0.0534 0.0472, 0.5919 -0.1129 0.0472, -0.5919 -0.1129 0.0472, -0.5906 -0.1028 0.0472, 0.5906 0.0154 0.0472, -0.5906 0.0154 0.0472, -0.5919 0.0255 0.0472, 0.9724 -0.4059 0.1654, 1.3661 -0.4059 0.1654, 1.3661 0.224 0.1654, 1.3661 -1.9217 0.1654, 0.9724 -1.2327 0.1654, 1.3661 -1.2327 0.1654, -1.3661 0.224 0.1654, -1.3661 -0.4059 0.1654, -0.9724 -0.4059 0.1654, -0.9724 -1.2327 0.1654, -1.6323 0.224 0.3696, -1.6323 -0.4059 0.3696, -1.6048 0.224 0.3032, -1.6048 -0.4059 0.3032, -1.561 0.224 0.2461, -1.561 -0.4059 0.2461, -1.5039 0.224 0.2023, -1.5039 -0.4059 0.2023, -1.4375 0.224 0.1747, -1.4375 -0.4059 0.1747, -1.4375 -1.9217 1.1638, -1.5039 -1.9217 1.1363, -1.561 -1.9217 1.0925, -1.6048 -1.9217 1.0354, -1.6323 -1.9217 0.969, -0.6693 -0.024 0.126, -0.6693 -0.0634 0.126, -0.9055 -0.024 0.126, -0.9055 -0.0634 0.126, -0.6499 -0.1022 0.1146, -0.9249 -0.1022 0.1146, -0.9195 -0.0913 0.1209, -0.6553 -0.0913 0.1209, -0.9156 -0.0836 0.1223, -0.6592 -0.0836 0.1223, -0.9304 -0.1132 0.1082, -0.6444 -0.1132 0.1082, -0.9331 -0.1186 0.1025, -0.6417 -0.1186 0.1025, -0.6371 -0.1277 0.0927, -0.9377 -0.1277 0.0927, -0.6354 -0.1311 0.0864, -0.9394 -0.1311 0.0864, -0.6328 -0.1363 0.077, -0.942 -0.1363 0.077, -0.6314 -0.1391 0.0675, -0.9434 -0.1391 0.0675, -0.6306 -0.1408 0.0619, -0.9442 -0.1408 0.0619, -0.954 -0.1392 0.0635, -0.9446 -0.1247 0.0955, -0.9352 -0.11 0.1102, -0.929 -0.0822 0.122, -0.9312 -0.0798 0.1215, -0.9243 -0.0869 0.122, -0.9267 -0.0845 0.1221, -0.9219 -0.0891 0.1215, -0.9334 -0.0773 0.1209, -0.9257 -0.0735 0.1223, -0.9521 -0.0931 0.1102, -0.9553 -0.0883 0.1082, -0.9444 -0.0828 0.1146, -0.9399 -0.1063 0.1114, -0.9443 -0.1022 0.1118, -0.9485 -0.0978 0.1114, -0.9668 -0.1025 0.0955, -0.9698 -0.0955 0.0927, -0.9607 -0.091 0.1025, -0.9513 -0.1205 0.0972, -0.9573 -0.1152 0.0978, -0.9626 -0.1091 0.0972, -0.9761 -0.1085 0.0796, -0.9784 -0.0998 0.077, -0.9733 -0.0973 0.0864, -0.9506 -0.134 0.0796, -0.9588 -0.1298 0.0813, -0.9661 -0.1239 0.0818, -0.972 -0.1167 0.0813, -0.9813 -0.1119 0.0635, -0.9829 -0.1021 0.0619, -0.9812 -0.1012 0.0675, -0.9632 -0.1351 0.0644, -0.9711 -0.129 0.0648, -0.9773 -0.121 0.0644, -0.5936 -0.1012 0.0675, -0.5919 -0.1021 0.0619, -0.5935 -0.1119 0.0635, -0.6141 -0.091 0.1025, -0.605 -0.0955 0.0927, -0.608 -0.1025 0.0955, -0.6304 -0.0828 0.1146, -0.6195 -0.0883 0.1082, -0.6227 -0.0931 0.1102, -0.6505 -0.0869 0.122, -0.6529 -0.0891 0.1215, -0.6458 -0.0822 0.122, -0.6481 -0.0845 0.1221, -0.6414 -0.0773 0.1209, -0.6436 -0.0798 0.1215, -0.6491 -0.0735 0.1223, -0.6396 -0.11 0.1102, -0.6264 -0.0978 0.1114, -0.6305 -0.1022 0.1118, -0.6349 -0.1063 0.1114, -0.6302 -0.1247 0.0955, -0.6122 -0.1091 0.0972, -0.6175 -0.1152 0.0978, -0.6235 -0.1205 0.0972, -0.6242 -0.134 0.0796, -0.5987 -0.1085 0.0796, -0.6029 -0.1167 0.0813, -0.6087 -0.1239 0.0818, -0.616 -0.1298 0.0813, -0.6015 -0.0973 0.0864, -0.5964 -0.0998 0.077, -0.6208 -0.1392 0.0635, -0.5975 -0.121 0.0644, -0.6037 -0.129 0.0648, -0.6116 -0.1351 0.0644, -0.9257 -0.0139 0.1223, -0.9334 -0.0101 0.1209, -0.9444 -0.0046 0.1146, -0.9553 0.0009 0.1082, -0.9607 0.0036 0.1025, -0.9698 0.0081 0.0927, -0.9733 0.0099 0.0864, -0.9784 0.0124 0.077, -0.9812 0.0138 0.0675, -0.9829 0.0147 0.0619, -0.5919 0.0147 0.0619, -0.5936 0.0138 0.0675, -0.5964 0.0124 0.077, -0.6015 0.0099 0.0864, -0.605 0.0081 0.0927, -0.6141 0.0036 0.1025, -0.6195 0.0009 0.1082, -0.6304 -0.0046 0.1146, -0.6414 -0.0101 0.1209, -0.6491 -0.0139 0.1223, -0.9813 0.0245 0.0635, -0.9668 0.0151 0.0955, -0.9521 0.0057 0.1102, -0.9243 -0.0005 0.122, -0.9219 0.0017 0.1215, -0.929 -0.0052 0.122, -0.9267 -0.0029 0.1221, -0.9312 -0.0076 0.1215, -0.9195 0.0039 0.1209, -0.9156 -0.0038 0.1223, -0.9352 0.0226 0.1102, -0.9304 0.0258 0.1082, -0.9249 0.0148 0.1146, -0.9485 0.0104 0.1114, -0.9443 0.0148 0.1118, -0.9399 0.0189 0.1114, -0.9446 0.0373 0.0955, -0.9377 0.0403 0.0927, -0.9331 0.0312 0.1025, -0.9626 0.0217 0.0972, -0.9573 0.0278 0.0978, -0.9513 0.0331 0.0972, -0.9506 0.0466 0.0796, -0.942 0.0489 0.077, -0.9394 0.0437 0.0864, -0.9761 0.0211 0.0796, -0.972 0.0293 0.0813, -0.9661 0.0365 0.0818, -0.9588 0.0424 0.0813, -0.954 0.0517 0.0635, -0.9442 0.0533 0.0619, -0.9434 0.0517 0.0675, -0.9773 0.0336 0.0644, -0.9711 0.0416 0.0648, -0.9632 0.0477 0.0644, -0.6314 0.0517 0.0675, -0.6306 0.0533 0.0619, -0.6208 0.0517 0.0635, -0.6417 0.0312 0.1025, -0.6371 0.0403 0.0927, -0.6302 0.0373 0.0955, -0.6499 0.0148 0.1146, -0.6444 0.0258 0.1082, -0.6396 0.0226 0.1102, -0.6458 -0.0052 0.122, -0.6436 -0.0076 0.1215, -0.6505 -0.0005 0.122, -0.6481 -0.0029 0.1221, -0.6553 0.0039 0.1209, -0.6529 0.0017 0.1215, -0.6592 -0.0038 0.1223, -0.6227 0.0057 0.1102, -0.6349 0.0189 0.1114, -0.6305 0.0148 0.1118, -0.6264 0.0104 0.1114, -0.608 0.0151 0.0955, -0.6235 0.0331 0.0972, -0.6175 0.0278 0.0978, -0.6122 0.0217 0.0972, -0.5987 0.0211 0.0796, -0.6242 0.0466 0.0796, -0.616 0.0424 0.0813, -0.6087 0.0365 0.0818, -0.6029 0.0293 0.0813, -0.6354 0.0437 0.0864, -0.6328 0.0489 0.077, -0.5935 0.0245 0.0635, -0.6116 0.0477 0.0644, -0.6037 0.0416 0.0648, -0.5975 0.0336 0.0644
            ]
        }
        coordIndex [
            0,1,2,-1,1,3,4,-1,5,6,7,-1,8,9,4,-1,4,9,10,-1,4,10,1,-1,1,10,5,-1,1,5,11,-1,11,5,7,-1,12,13,14,-1,14,13,15,-1,14,15,7,-1,7,15,2,-1,2,15,16,-1,2,16,0,-1,3,1,17,-1,17,1,0,-1,17,0,6,-1,6,0,18,-1,6,18,7,-1,7,18,19,-1,7,19,14,-1,19,20,14,-1,14,20,21,-1,22,5,23,-1,23,5,10,-1,24,25,26,-1,27,28,29,-1,30,31,32,-1,33,34,35,-1,36,37,38,-1,39,40,41,-1,42,43,44,-1,45,46,47,-1,48,49,50,-1,50,49,51,-1,52,53,54,-1,54,53,50,-1,54,50,55,-1,55,50,56,-1,51,57,50,-1,50,57,58,-1,50,58,56,-1,59,60,61,-1,60,62,61,-1,61,62,63,-1,61,63,64,-1,64,63,65,-1,64,65,66,-1,67,68,69,-1,69,68,70,-1,69,70,71,-1,71,70,72,-1,71,72,73,-1,74,75,71,-1,71,75,76,-1,76,75,77,-1,77,75,78,-1,77,78,79,-1,73,80,71,-1,71,80,81,-1,71,81,74,-1,82,83,84,-1,84,83,85,-1,84,85,86,-1,86,87,84,-1,84,87,88,-1,84,88,69,-1,69,88,89,-1,69,89,67,-1,90,91,92,-1,92,91,93,-1,92,93,84,-1,84,93,94,-1,84,94,82,-1,95,96,92,-1,92,96,97,-1,92,97,90,-1,98,99,100,-1,100,99,101,-1,100,101,95,-1,95,101,102,-1,95,102,96,-1,103,104,105,-1,105,106,103,-1,103,106,107,-1,103,107,98,-1,108,109,110,-1,111,112,113,-1,114,115,116,-1,116,115,117,-1,108,110,118,-1,111,113,119,-1,120,121,115,-1,115,121,122,-1,115,122,123,-1,52,124,53,-1,53,124,125,-1,53,125,113,-1,113,125,126,-1,113,126,119,-1,109,127,110,-1,110,127,128,-1,110,128,129,-1,130,131,132,-1,132,131,133,-1,132,133,134,-1,135,123,136,-1,136,123,137,-1,136,137,132,-1,132,137,138,-1,132,138,130,-1,135,139,123,-1,123,139,140,-1,123,140,115,-1,115,140,141,-1,115,141,117,-1,142,143,144,-1,144,143,145,-1,144,145,110,-1,110,145,146,-1,110,146,118,-1,147,148,110,-1,110,148,149,-1,110,149,115,-1,115,149,150,-1,115,150,120,-1,151,152,153,-1,153,152,154,-1,153,154,155,-1,155,156,153,-1,153,156,157,-1,153,157,158,-1,158,157,142,-1,158,142,159,-1,159,142,144,-1,112,160,113,-1,113,160,161,-1,113,161,153,-1,153,161,162,-1,153,162,151,-1,129,163,110,-1,110,163,164,-1,110,164,165,-1,165,166,110,-1,110,166,167,-1,110,167,147,-1,168,169,170,-1,169,171,170,-1,170,171,172,-1,170,172,173,-1,122,170,123,-1,123,170,174,-1,123,174,175,-1,176,177,178,-1,178,177,179,-1,178,179,180,-1,176,178,122,-1,122,178,181,-1,122,181,170,-1,170,181,182,-1,170,182,168,-1,183,184,185,-1,185,184,186,-1,185,186,187,-1,173,172,188,-1,188,172,189,-1,188,189,190,-1,190,189,191,-1,190,191,192,-1,175,193,123,-1,123,193,185,-1,123,185,194,-1,194,185,187,-1,195,196,197,-1,198,199,200,-1,201,202,203,-1,203,202,204,-1,197,196,200,-1,200,196,205,-1,200,205,198,-1,206,207,202,-1,208,209,210,-1,210,209,211,-1,210,212,208,-1,208,212,200,-1,208,200,213,-1,214,215,213,-1,207,216,202,-1,202,216,217,-1,202,217,204,-1,199,218,200,-1,200,218,219,-1,200,219,213,-1,213,219,220,-1,213,220,214,-1,215,221,213,-1,213,221,222,-1,213,222,207,-1,207,222,223,-1,207,223,216,-1,224,225,226,-1,113,227,228,-1,228,227,229,-1,230,231,232,-1,232,231,233,-1,232,233,234,-1,113,228,53,-1,53,228,235,-1,53,235,236,-1,236,235,237,-1,236,237,224,-1,229,227,238,-1,238,227,239,-1,238,239,240,-1,241,242,243,-1,243,242,244,-1,243,244,245,-1,245,244,246,-1,247,248,249,-1,249,248,197,-1,249,197,250,-1,250,197,251,-1,252,253,254,-1,254,253,255,-1,254,255,256,-1,257,258,47,-1,47,258,259,-1,47,259,45,-1,260,261,252,-1,252,262,260,-1,260,262,263,-1,260,263,264,-1,265,266,267,-1,267,266,268,-1,267,268,269,-1,269,268,270,-1,269,270,257,-1,256,255,271,-1,271,255,272,-1,271,272,265,-1,273,274,266,-1,275,276,277,-1,275,277,278,-1,265,272,266,-1,266,272,279,-1,266,279,273,-1,273,279,280,-1,273,280,277,-1,277,280,281,-1,277,281,278,-1,276,282,277,-1,277,282,283,-1,277,283,284,-1,284,285,277,-1,277,285,286,-1,277,286,287,-1,287,288,277,-1,277,288,289,-1,277,289,290,-1,290,289,291,-1,291,289,292,-1,292,289,293,-1,292,293,294,-1,294,295,292,-1,292,295,296,-1,292,296,297,-1,297,296,298,-1,299,300,301,-1,301,300,302,-1,301,302,272,-1,272,302,303,-1,272,303,279,-1,304,305,299,-1,306,307,308,-1,307,309,308,-1,308,309,310,-1,308,310,311,-1,43,312,44,-1,44,312,313,-1,44,313,308,-1,308,313,314,-1,308,314,306,-1,315,316,41,-1,41,316,317,-1,311,318,308,-1,308,318,319,-1,308,319,41,-1,41,319,320,-1,41,320,315,-1,317,321,41,-1,41,321,322,-1,41,322,39,-1,323,324,325,-1,239,326,327,-1,327,328,239,-1,239,328,329,-1,239,329,330,-1,233,240,308,-1,308,240,239,-1,308,239,331,-1,331,239,332,-1,333,334,323,-1,323,334,335,-1,323,335,336,-1,336,337,323,-1,323,337,338,-1,323,338,324,-1,330,339,239,-1,239,339,340,-1,239,340,341,-1,342,343,44,-1,341,344,239,-1,239,344,345,-1,239,345,332,-1,332,345,346,-1,332,346,347,-1,347,348,332,-1,332,348,349,-1,332,349,350,-1,350,349,351,-1,352,353,351,-1,351,353,354,-1,351,354,350,-1,343,355,44,-1,44,355,356,-1,44,356,357,-1,331,358,308,-1,308,358,359,-1,308,359,44,-1,44,359,360,-1,44,360,342,-1,361,362,351,-1,351,362,363,-1,351,363,364,-1,357,365,44,-1,44,365,366,-1,44,366,325,-1,325,366,367,-1,325,367,323,-1,364,368,351,-1,351,368,369,-1,351,369,352,-1,370,371,326,-1,371,370,324,-1,324,370,372,-1,324,372,325,-1,373,374,38,-1,375,376,377,-1,377,376,378,-1,377,378,266,-1,379,373,268,-1,380,381,38,-1,38,381,382,-1,383,384,374,-1,374,384,385,-1,374,385,38,-1,38,385,386,-1,38,386,380,-1,387,388,378,-1,388,389,378,-1,378,389,390,-1,378,390,266,-1,266,390,391,-1,391,392,266,-1,266,392,393,-1,266,393,394,-1,382,395,38,-1,38,395,396,-1,38,396,36,-1,394,397,266,-1,266,397,398,-1,266,398,268,-1,268,398,399,-1,268,399,379,-1,400,401,402,-1,402,401,403,-1,402,403,378,-1,378,403,404,-1,378,404,387,-1,405,406,407,-1,407,406,408,-1,407,408,409,-1,407,410,405,-1,405,410,411,-1,405,411,412,-1,400,413,401,-1,401,413,414,-1,401,414,415,-1,415,414,416,-1,415,417,418,-1,412,419,405,-1,405,419,420,-1,405,420,421,-1,421,420,422,-1,421,422,423,-1,423,422,424,-1,423,424,374,-1,374,424,425,-1,374,425,383,-1,416,426,415,-1,415,426,427,-1,415,427,428,-1,429,430,409,-1,409,430,431,-1,409,431,407,-1,428,432,415,-1,415,432,433,-1,415,433,417,-1,418,434,415,-1,415,434,435,-1,415,435,436,-1,375,377,437,-1,437,377,27,-1,437,27,438,-1,439,440,441,-1,441,440,442,-1,443,444,445,-1,445,446,443,-1,443,446,447,-1,443,447,448,-1,448,447,449,-1,448,449,270,-1,450,451,38,-1,38,451,452,-1,373,38,268,-1,268,38,452,-1,268,452,270,-1,270,452,453,-1,270,453,448,-1,454,451,455,-1,455,451,450,-1,455,450,456,-1,457,458,459,-1,460,461,450,-1,450,461,462,-1,450,462,456,-1,438,27,37,-1,37,27,457,-1,37,457,38,-1,38,457,459,-1,38,459,450,-1,450,459,463,-1,450,463,464,-1,465,466,467,-1,467,466,468,-1,467,468,457,-1,457,468,469,-1,457,469,458,-1,464,470,450,-1,450,470,471,-1,450,471,460,-1,34,440,35,-1,35,440,439,-1,35,439,472,-1,472,439,473,-1,472,473,474,-1,474,475,472,-1,472,475,476,-1,472,476,467,-1,467,476,477,-1,467,477,465,-1,478,195,479,-1,479,195,197,-1,479,197,480,-1,449,441,270,-1,270,441,442,-1,270,442,248,-1,248,442,481,-1,248,481,197,-1,197,481,482,-1,197,482,480,-1,483,484,485,-1,485,484,486,-1,485,486,487,-1,485,488,483,-1,483,488,479,-1,483,479,489,-1,489,479,480,-1,489,480,32,-1,32,480,490,-1,32,490,30,-1,98,100,103,-1,103,100,491,-1,103,491,492,-1,492,491,493,-1,492,493,370,-1,370,493,494,-1,370,494,372,-1,27,29,457,-1,457,29,495,-1,457,495,467,-1,467,495,496,-1,467,496,472,-1,326,239,370,-1,370,239,227,-1,370,227,492,-1,492,227,113,-1,492,113,103,-1,103,113,153,-1,103,153,104,-1,496,497,472,-1,472,497,498,-1,472,498,35,-1,35,498,479,-1,35,479,33,-1,33,479,488,-1,497,499,498,-1,498,499,500,-1,498,500,479,-1,479,500,202,-1,479,202,478,-1,478,202,201,-1,499,501,500,-1,500,501,502,-1,500,502,202,-1,202,502,210,-1,202,210,206,-1,206,210,211,-1,206,211,503,-1,503,211,504,-1,494,28,372,-1,372,28,27,-1,372,27,325,-1,325,27,377,-1,325,377,44,-1,44,377,266,-1,44,266,42,-1,42,266,274,-1,501,505,502,-1,502,505,506,-1,502,506,210,-1,210,506,507,-1,210,507,212,-1,212,507,508,-1,509,95,510,-1,510,95,92,-1,510,92,511,-1,511,92,84,-1,511,84,512,-1,512,84,69,-1,512,69,513,-1,513,69,71,-1,513,71,514,-1,515,516,517,-1,517,516,518,-1,517,518,519,-1,519,518,50,-1,519,50,520,-1,520,50,53,-1,520,53,521,-1,521,53,236,-1,521,236,516,-1,516,236,518,-1,226,234,224,-1,224,234,233,-1,224,233,236,-1,236,233,308,-1,236,308,518,-1,518,308,41,-1,522,253,270,-1,270,253,252,-1,270,252,257,-1,257,252,261,-1,257,261,258,-1,24,26,523,-1,524,525,248,-1,248,525,526,-1,248,526,527,-1,241,243,247,-1,247,243,26,-1,247,26,248,-1,248,26,25,-1,248,25,524,-1,527,528,248,-1,248,528,529,-1,248,529,270,-1,270,529,530,-1,270,530,522,-1,522,531,253,-1,253,531,532,-1,253,532,26,-1,26,532,533,-1,26,533,534,-1,534,535,26,-1,26,535,536,-1,26,536,523,-1,537,251,538,-1,538,251,197,-1,538,197,246,-1,246,197,200,-1,246,200,245,-1,245,200,212,-1,245,212,539,-1,539,212,508,-1,539,508,540,-1,305,304,40,-1,40,304,541,-1,40,541,41,-1,41,541,542,-1,41,542,518,-1,518,542,64,-1,518,64,50,-1,50,64,66,-1,50,66,48,-1,299,301,304,-1,304,301,272,-1,304,272,543,-1,543,272,255,-1,543,255,544,-1,544,255,253,-1,544,253,545,-1,545,253,26,-1,545,26,546,-1,546,26,243,-1,546,243,547,-1,547,243,245,-1,547,245,548,-1,548,245,539,-1,548,539,549,-1,549,539,540,-1,549,540,550,-1,23,551,552,-1,553,554,555,-1,555,554,556,-1,555,556,557,-1,61,558,22,-1,552,557,23,-1,23,557,556,-1,23,556,22,-1,22,556,514,-1,22,514,61,-1,61,514,71,-1,61,71,59,-1,59,71,76,-1,559,560,561,-1,561,560,21,-1,562,563,564,-1,564,563,565,-1,564,565,549,-1,549,565,566,-1,549,566,548,-1,548,566,567,-1,548,567,547,-1,547,567,568,-1,547,568,546,-1,546,568,569,-1,546,569,545,-1,545,569,570,-1,545,570,544,-1,544,570,571,-1,544,571,543,-1,543,571,572,-1,543,572,304,-1,304,572,573,-1,304,573,541,-1,541,573,574,-1,541,574,542,-1,542,574,575,-1,542,575,64,-1,64,575,554,-1,64,554,61,-1,61,554,553,-1,61,553,558,-1,562,561,563,-1,563,561,21,-1,563,21,550,-1,550,21,20,-1,550,20,549,-1,549,20,576,-1,549,576,564,-1,505,577,506,-1,506,577,578,-1,506,578,507,-1,507,578,579,-1,507,579,508,-1,508,579,580,-1,508,580,540,-1,540,580,581,-1,540,581,550,-1,550,581,582,-1,550,582,563,-1,563,582,583,-1,584,585,586,-1,587,588,589,-1,589,588,590,-1,589,590,591,-1,591,590,592,-1,592,590,593,-1,592,593,594,-1,594,593,595,-1,594,595,596,-1,597,598,599,-1,599,598,600,-1,599,600,601,-1,602,603,604,-1,604,603,605,-1,604,605,586,-1,586,605,606,-1,586,606,584,-1,607,608,609,-1,595,610,611,-1,585,612,586,-1,586,612,613,-1,586,613,614,-1,615,616,617,-1,617,616,618,-1,619,620,621,-1,621,620,616,-1,621,616,622,-1,622,616,615,-1,607,609,623,-1,609,624,623,-1,623,624,625,-1,623,625,599,-1,599,625,626,-1,599,626,597,-1,627,628,586,-1,586,628,629,-1,586,629,616,-1,616,629,630,-1,616,630,618,-1,600,631,586,-1,627,586,632,-1,632,586,631,-1,632,631,633,-1,633,631,634,-1,633,634,595,-1,595,634,635,-1,595,635,610,-1,611,636,595,-1,595,636,637,-1,595,637,596,-1,596,637,638,-1,596,638,639,-1,639,638,640,-1,614,641,586,-1,586,641,642,-1,586,642,600,-1,600,642,643,-1,600,643,601,-1,640,638,644,-1,644,638,645,-1,644,645,646,-1,647,648,649,-1,650,651,652,-1,652,651,653,-1,653,654,652,-1,652,654,655,-1,652,655,656,-1,657,658,649,-1,649,658,659,-1,649,659,647,-1,660,661,662,-1,662,661,663,-1,662,663,664,-1,664,665,662,-1,662,665,666,-1,662,666,667,-1,668,669,670,-1,670,669,671,-1,668,672,669,-1,669,672,673,-1,669,673,674,-1,675,676,677,-1,675,677,673,-1,678,679,669,-1,669,679,680,-1,669,680,671,-1,676,681,677,-1,677,681,682,-1,677,682,683,-1,667,684,662,-1,662,684,685,-1,662,685,677,-1,677,685,686,-1,677,686,673,-1,673,686,687,-1,673,687,674,-1,676,688,681,-1,681,688,689,-1,681,689,690,-1,683,691,677,-1,677,691,692,-1,677,692,693,-1,693,694,677,-1,677,694,695,-1,677,695,696,-1,696,695,697,-1,696,697,698,-1,698,697,699,-1,700,701,702,-1,702,701,679,-1,702,679,703,-1,703,679,678,-1,703,678,648,-1,648,678,704,-1,648,704,649,-1,700,705,701,-1,701,705,706,-1,701,706,707,-1,707,706,708,-1,709,652,710,-1,710,652,656,-1,710,656,690,-1,690,656,711,-1,690,711,681,-1,696,604,677,-1,677,604,586,-1,677,586,712,-1,712,586,713,-1,712,713,714,-1,715,716,717,-1,717,716,718,-1,717,718,719,-1,719,718,720,-1,719,720,721,-1,721,720,722,-1,721,722,723,-1,723,722,724,-1,723,724,725,-1,725,724,726,-1,713,727,714,-1,714,727,728,-1,714,728,729,-1,729,728,730,-1,729,730,731,-1,731,730,732,-1,731,732,733,-1,733,732,734,-1,733,734,1,-1,1,734,556,-1,1,556,554,-1,569,568,2,-1,554,575,1,-1,1,575,574,-1,1,574,2,-1,2,574,573,-1,2,573,572,-1,572,571,2,-1,2,571,570,-1,2,570,569,-1,568,567,2,-1,2,567,566,-1,2,566,565,-1,565,563,2,-1,2,563,583,-1,2,583,735,-1,735,583,736,-1,735,736,715,-1,715,736,737,-1,715,737,716,-1,738,739,740,-1,738,740,741,-1,741,740,742,-1,741,742,743,-1,743,742,744,-1,743,744,745,-1,746,651,650,-1,745,744,650,-1,650,744,747,-1,650,747,746,-1,746,747,748,-1,746,748,749,-1,749,748,750,-1,749,750,751,-1,751,750,609,-1,751,609,608,-1,752,509,510,-1,512,734,511,-1,511,734,510,-1,512,513,734,-1,734,513,514,-1,734,514,556,-1,510,734,752,-1,752,734,732,-1,752,732,753,-1,753,732,730,-1,753,730,754,-1,754,730,728,-1,754,728,755,-1,755,728,727,-1,755,727,756,-1,756,727,713,-1,756,713,757,-1,757,713,586,-1,757,586,616,-1,758,759,760,-1,758,760,761,-1,761,760,762,-1,761,762,763,-1,763,762,764,-1,763,764,765,-1,765,764,766,-1,765,766,767,-1,767,766,768,-1,767,768,769,-1,769,768,770,-1,769,770,771,-1,771,770,620,-1,771,620,619,-1,661,660,772,-1,772,660,773,-1,772,773,774,-1,774,773,775,-1,774,775,776,-1,776,775,777,-1,776,777,778,-1,778,777,779,-1,778,779,780,-1,780,779,781,-1,780,781,782,-1,782,781,783,-1,784,785,786,-1,786,785,787,-1,786,787,788,-1,788,787,789,-1,788,789,790,-1,790,789,791,-1,790,791,792,-1,792,791,793,-1,792,793,794,-1,794,793,795,-1,794,795,796,-1,796,795,797,-1,796,797,798,-1,798,797,799,-1,798,799,800,-1,801,802,803,-1,803,802,804,-1,803,804,805,-1,805,804,806,-1,805,806,807,-1,807,806,808,-1,807,808,809,-1,809,808,810,-1,809,810,811,-1,811,810,812,-1,811,812,813,-1,813,812,814,-1,813,814,815,-1,799,816,800,-1,800,816,817,-1,800,817,818,-1,818,817,819,-1,818,819,820,-1,820,819,821,-1,820,821,822,-1,822,821,823,-1,822,823,824,-1,824,823,825,-1,824,825,826,-1,826,825,827,-1,826,827,828,-1,828,827,829,-1,828,829,801,-1,801,829,830,-1,801,830,802,-1,814,831,815,-1,815,831,832,-1,815,832,833,-1,833,832,834,-1,833,834,835,-1,835,834,836,-1,835,836,837,-1,837,836,838,-1,837,838,839,-1,839,838,840,-1,839,840,841,-1,841,840,842,-1,841,842,784,-1,784,842,843,-1,784,843,785,-1,844,759,845,-1,845,759,758,-1,846,847,844,-1,848,849,850,-1,851,852,853,-1,854,855,738,-1,738,855,856,-1,738,856,739,-1,857,858,845,-1,845,858,859,-1,856,860,739,-1,739,860,861,-1,739,861,862,-1,862,863,739,-1,739,863,864,-1,739,864,851,-1,851,864,865,-1,851,865,852,-1,866,867,868,-1,868,867,869,-1,868,869,850,-1,850,869,870,-1,850,870,848,-1,871,872,873,-1,844,845,846,-1,846,845,859,-1,846,859,868,-1,868,859,874,-1,868,874,866,-1,872,875,873,-1,873,875,876,-1,873,876,877,-1,878,879,880,-1,881,882,738,-1,738,882,883,-1,738,883,854,-1,884,885,886,-1,885,884,880,-1,880,884,887,-1,880,887,878,-1,886,888,884,-1,884,888,889,-1,884,889,738,-1,738,889,890,-1,738,890,881,-1,849,891,850,-1,850,891,892,-1,850,892,873,-1,873,892,893,-1,873,893,871,-1,894,895,896,-1,896,895,897,-1,896,897,898,-1,877,899,873,-1,873,899,900,-1,873,900,738,-1,738,900,901,-1,738,901,884,-1,857,845,902,-1,902,845,851,-1,902,851,896,-1,896,851,853,-1,896,853,894,-1,898,903,896,-1,896,903,904,-1,896,904,905,-1,905,904,906,-1,905,906,879,-1,879,906,907,-1,879,907,880,-1,908,909,910,-1,783,911,912,-1,912,911,913,-1,914,915,916,-1,782,783,917,-1,917,783,912,-1,917,912,916,-1,916,912,908,-1,916,908,914,-1,914,908,910,-1,652,709,918,-1,918,709,919,-1,918,919,920,-1,920,919,921,-1,920,921,922,-1,922,921,923,-1,922,923,924,-1,924,923,925,-1,924,925,926,-1,926,925,927,-1,926,927,914,-1,914,927,915,-1,1,11,733,-1,733,11,928,-1,733,928,731,-1,731,928,929,-1,731,929,729,-1,729,929,930,-1,729,930,714,-1,714,930,931,-1,714,931,712,-1,712,931,932,-1,712,932,677,-1,677,932,662,-1,845,917,851,-1,851,917,916,-1,621,663,619,-1,619,663,661,-1,619,661,771,-1,771,661,772,-1,771,772,769,-1,769,772,774,-1,769,774,767,-1,767,774,776,-1,917,845,782,-1,782,845,758,-1,782,758,780,-1,780,758,761,-1,780,761,778,-1,778,761,763,-1,778,763,776,-1,776,763,765,-1,776,765,767,-1,710,624,709,-1,709,624,609,-1,709,609,919,-1,919,609,750,-1,919,750,921,-1,851,916,739,-1,739,916,915,-1,739,915,740,-1,740,915,927,-1,740,927,742,-1,742,927,925,-1,742,925,744,-1,744,925,923,-1,744,923,747,-1,747,923,921,-1,747,921,748,-1,748,921,750,-1,588,587,657,-1,657,587,658,-1,649,704,590,-1,590,704,593,-1,647,659,591,-1,591,659,589,-1,933,934,935,-1,935,934,936,-1,702,703,596,-1,596,703,594,-1,638,637,701,-1,701,637,679,-1,937,938,939,-1,937,939,940,-1,940,939,941,-1,940,941,942,-1,942,941,936,-1,942,936,934,-1,938,937,943,-1,943,937,944,-1,943,944,945,-1,944,946,945,-1,945,946,947,-1,945,947,948,-1,948,947,949,-1,948,949,950,-1,950,949,951,-1,950,951,952,-1,952,951,953,-1,952,953,954,-1,954,953,955,-1,954,955,956,-1,956,955,853,-1,956,853,852,-1,954,956,957,-1,945,948,958,-1,938,943,959,-1,960,961,936,-1,962,963,936,-1,939,964,941,-1,941,964,936,-1,962,936,964,-1,965,966,961,-1,961,966,936,-1,963,960,936,-1,938,959,939,-1,967,968,969,-1,939,959,964,-1,964,959,970,-1,964,970,962,-1,962,970,971,-1,962,971,963,-1,963,971,972,-1,963,972,960,-1,960,972,967,-1,960,967,961,-1,961,967,969,-1,961,969,965,-1,945,958,943,-1,973,974,975,-1,943,958,959,-1,959,958,976,-1,959,976,970,-1,970,976,977,-1,970,977,971,-1,971,977,978,-1,971,978,972,-1,972,978,973,-1,972,973,967,-1,967,973,975,-1,967,975,968,-1,979,980,981,-1,948,982,958,-1,958,982,983,-1,958,983,976,-1,976,983,984,-1,976,984,977,-1,977,984,985,-1,977,985,978,-1,978,985,979,-1,978,979,973,-1,973,979,981,-1,973,981,974,-1,948,950,982,-1,982,950,952,-1,982,952,954,-1,986,987,988,-1,954,957,982,-1,982,957,989,-1,982,989,983,-1,983,989,990,-1,983,990,984,-1,984,990,991,-1,984,991,985,-1,985,991,986,-1,985,986,979,-1,979,986,988,-1,979,988,980,-1,860,987,861,-1,861,987,986,-1,861,986,862,-1,862,986,991,-1,862,991,863,-1,863,991,990,-1,863,990,864,-1,864,990,989,-1,864,989,865,-1,865,989,957,-1,865,957,852,-1,852,957,956,-1,992,993,994,-1,995,996,997,-1,998,999,1000,-1,1001,1002,934,-1,1003,1004,934,-1,1005,1006,1007,-1,1007,1006,934,-1,1003,934,1006,-1,940,942,1002,-1,1002,942,934,-1,1004,1001,934,-1,998,1000,1005,-1,1008,944,937,-1,1005,1000,1006,-1,1006,1000,1009,-1,1006,1009,1003,-1,1003,1009,1010,-1,1003,1010,1004,-1,1004,1010,1011,-1,1004,1011,1001,-1,1001,1011,1008,-1,1001,1008,1002,-1,1002,1008,937,-1,1002,937,940,-1,995,997,999,-1,1012,947,946,-1,999,997,1000,-1,1000,997,1013,-1,1000,1013,1009,-1,1009,1013,1014,-1,1009,1014,1010,-1,1010,1014,1015,-1,1010,1015,1011,-1,1011,1015,1012,-1,1011,1012,1008,-1,1008,1012,946,-1,1008,946,944,-1,1016,951,949,-1,996,1017,997,-1,997,1017,1018,-1,997,1018,1013,-1,1013,1018,1019,-1,1013,1019,1014,-1,1014,1019,1020,-1,1014,1020,1015,-1,1015,1020,1016,-1,1015,1016,1012,-1,1012,1016,949,-1,1012,949,947,-1,996,1021,1017,-1,1017,1021,1022,-1,1017,1022,992,-1,1023,955,953,-1,992,994,1017,-1,1017,994,1024,-1,1017,1024,1018,-1,1018,1024,1025,-1,1018,1025,1019,-1,1019,1025,1026,-1,1019,1026,1020,-1,1020,1026,1023,-1,1020,1023,1016,-1,1016,1023,953,-1,1016,953,951,-1,853,955,894,-1,894,955,1023,-1,894,1023,895,-1,895,1023,1026,-1,895,1026,897,-1,897,1026,1025,-1,897,1025,898,-1,898,1025,1024,-1,898,1024,903,-1,903,1024,994,-1,903,994,904,-1,904,994,993,-1,936,966,935,-1,935,966,1027,-1,1027,966,1028,-1,1028,966,965,-1,1028,965,1029,-1,1029,965,969,-1,1029,969,1030,-1,1030,969,968,-1,1030,968,1031,-1,968,975,1031,-1,1031,975,974,-1,1031,974,1032,-1,1032,974,981,-1,1032,981,1033,-1,1033,981,1034,-1,1034,981,980,-1,1034,980,1035,-1,980,988,1035,-1,1035,988,987,-1,1035,987,1036,-1,1036,987,860,-1,1036,860,856,-1,906,904,1037,-1,1037,904,993,-1,1037,993,1038,-1,993,992,1038,-1,1038,992,1022,-1,1038,1022,1039,-1,1039,1022,1021,-1,1039,1021,1040,-1,1040,1021,996,-1,1040,996,1041,-1,1041,996,995,-1,1041,995,1042,-1,1042,995,1043,-1,1043,995,999,-1,1043,999,1044,-1,999,998,1044,-1,1044,998,1005,-1,1044,1005,1045,-1,1045,1005,1007,-1,1045,1007,1046,-1,1046,1007,934,-1,1046,934,933,-1,1035,1036,1047,-1,1031,1032,1048,-1,1029,1030,1049,-1,1050,1051,935,-1,1052,1053,935,-1,1028,1054,1027,-1,1027,1054,935,-1,1052,935,1054,-1,1055,1056,1051,-1,1051,1056,935,-1,1053,1050,935,-1,1029,1049,1028,-1,1057,1058,1059,-1,1028,1049,1054,-1,1054,1049,1060,-1,1054,1060,1052,-1,1052,1060,1061,-1,1052,1061,1053,-1,1053,1061,1062,-1,1053,1062,1050,-1,1050,1062,1057,-1,1050,1057,1051,-1,1051,1057,1059,-1,1051,1059,1055,-1,1031,1048,1030,-1,1063,1064,1065,-1,1030,1048,1049,-1,1049,1048,1066,-1,1049,1066,1060,-1,1060,1066,1067,-1,1060,1067,1061,-1,1061,1067,1068,-1,1061,1068,1062,-1,1062,1068,1063,-1,1062,1063,1057,-1,1057,1063,1065,-1,1057,1065,1058,-1,1069,1070,1071,-1,1032,1072,1048,-1,1048,1072,1073,-1,1048,1073,1066,-1,1066,1073,1074,-1,1066,1074,1067,-1,1067,1074,1075,-1,1067,1075,1068,-1,1068,1075,1069,-1,1068,1069,1063,-1,1063,1069,1071,-1,1063,1071,1064,-1,1032,1033,1072,-1,1072,1033,1034,-1,1072,1034,1035,-1,1076,1077,1078,-1,1035,1047,1072,-1,1072,1047,1079,-1,1072,1079,1073,-1,1073,1079,1080,-1,1073,1080,1074,-1,1074,1080,1081,-1,1074,1081,1075,-1,1075,1081,1076,-1,1075,1076,1069,-1,1069,1076,1078,-1,1069,1078,1070,-1,890,1077,881,-1,881,1077,1076,-1,881,1076,882,-1,882,1076,1081,-1,882,1081,883,-1,883,1081,1080,-1,883,1080,854,-1,854,1080,1079,-1,854,1079,855,-1,855,1079,1047,-1,855,1047,856,-1,856,1047,1036,-1,1082,1083,1084,-1,1085,1086,1087,-1,1088,1089,1090,-1,1091,1092,933,-1,1093,1094,933,-1,1095,1096,1097,-1,1097,1096,933,-1,1093,933,1096,-1,1045,1046,1092,-1,1092,1046,933,-1,1094,1091,933,-1,1088,1090,1095,-1,1098,1043,1044,-1,1095,1090,1096,-1,1096,1090,1099,-1,1096,1099,1093,-1,1093,1099,1100,-1,1093,1100,1094,-1,1094,1100,1101,-1,1094,1101,1091,-1,1091,1101,1098,-1,1091,1098,1092,-1,1092,1098,1044,-1,1092,1044,1045,-1,1085,1087,1089,-1,1102,1041,1042,-1,1089,1087,1090,-1,1090,1087,1103,-1,1090,1103,1099,-1,1099,1103,1104,-1,1099,1104,1100,-1,1100,1104,1105,-1,1100,1105,1101,-1,1101,1105,1102,-1,1101,1102,1098,-1,1098,1102,1042,-1,1098,1042,1043,-1,1106,1039,1040,-1,1086,1107,1087,-1,1087,1107,1108,-1,1087,1108,1103,-1,1103,1108,1109,-1,1103,1109,1104,-1,1104,1109,1110,-1,1104,1110,1105,-1,1105,1110,1106,-1,1105,1106,1102,-1,1102,1106,1040,-1,1102,1040,1041,-1,1086,1111,1107,-1,1107,1111,1112,-1,1107,1112,1082,-1,1113,1037,1038,-1,1082,1084,1107,-1,1107,1084,1114,-1,1107,1114,1108,-1,1108,1114,1115,-1,1108,1115,1109,-1,1109,1115,1116,-1,1109,1116,1110,-1,1110,1116,1113,-1,1110,1113,1106,-1,1106,1113,1038,-1,1106,1038,1039,-1,906,1037,907,-1,907,1037,1113,-1,907,1113,880,-1,880,1113,1116,-1,880,1116,885,-1,885,1116,1115,-1,885,1115,886,-1,886,1115,1114,-1,886,1114,888,-1,888,1114,1084,-1,888,1084,889,-1,889,1084,1083,-1,935,1056,933,-1,933,1056,1097,-1,1097,1056,1095,-1,1095,1056,1055,-1,1095,1055,1088,-1,1088,1055,1059,-1,1088,1059,1089,-1,1089,1059,1058,-1,1089,1058,1085,-1,1085,1058,1065,-1,1085,1065,1086,-1,1086,1065,1064,-1,1086,1064,1111,-1,1078,1112,1070,-1,1070,1112,1111,-1,1070,1111,1071,-1,1071,1111,1064,-1,890,889,1077,-1,1077,889,1083,-1,1077,1083,1078,-1,1078,1083,1082,-1,1078,1082,1112,-1,
        ]
    }
}
Shape{
    appearance Appearance {
        material  Material 	{
            diffuseColor 1.0 1.0 0.5019607843137255
            specularColor 0.5019607843137255 0.5019607843137255 0.25098039215686274
            ambientIntensity 0.9432
            transparency 0.0
            shininess 0.5
        }
    }
    geometry IndexedFaceSet {
        ccw TRUE
        solid FALSE
        coord DEF co Coordinate {
            point [
                1.6417 0.224 0.4409, 1.6417 0.224 0.1598, 1.6323 0.224 0.3696, 1.6048 0.224 0.3032, -1.6417 0.224 0.1598, -1.6417 0.224 0.4409, -1.6323 0.224 0.3696, -1.6048 0.224 0.3032, -1.561 0.224 0.2461, -1.6116 0.224 0.1331, -1.5039 0.224 0.2023, 1.561 0.224 0.2461, 1.6116 0.224 0.1331, 1.5039 0.224 0.2023, 1.537 0.224 0.0862, 1.4375 0.224 0.1747, 1.4537 0.224 0.0571, 1.3661 0.224 0.1654, 1.3661 0.224 0.0472, -1.3661 0.224 0.1654, -1.3661 0.224 0.0472, -1.4375 0.224 0.1747, -1.4537 0.224 0.0571, -1.537 0.224 0.0862
            ]
        }
        coordIndex [
            0,1,2,-1,2,1,3,-1,4,5,6,-1,6,7,4,-1,4,7,8,-1,4,8,9,-1,9,8,10,-1,3,1,11,-1,11,1,12,-1,11,12,13,-1,13,12,14,-1,13,14,15,-1,15,14,16,-1,15,16,17,-1,17,16,18,-1,17,18,19,-1,19,18,20,-1,19,20,21,-1,21,20,22,-1,21,22,10,-1,10,22,23,-1,10,23,9,-1,
        ]
    }
}
Shape{
    appearance Appearance {
        material  Material 	{
            diffuseColor 0.7529411764705882 0.7529411764705882 0.7529411764705882
            specularColor 0.3764705882352941 0.3764705882352941 0.3764705882352941
            ambientIntensity 0.7529
            transparency 0.0
            shininess 0.5
        }
    }
    geometry IndexedFaceSet {
        ccw TRUE
        solid FALSE
        coord DEF co Coordinate {
            point [
                -1.7598 0.35 0.4409, -1.7598 0.35 0.5433, -1.6417 0.35 0.5433, -1.6417 0.35 0.1598, -1.6739 0.35 0.1955, -1.7209 0.35 0.2701, -1.75 0.35 0.3533, -1.7598 0.5075 0.5433, -1.7598 0.5075 -0.315, -1.6417 0.5075 0.5433, -1.6417 0.5075 -0.315, -1.7598 0.5862 -0.3937, -1.7598 0.8618 -0.3937, -1.6417 0.5862 -0.3937, -1.6417 0.8618 -0.3937, -1.7598 0.9405 -0.315, -1.6417 0.9405 -0.315, -1.7598 0.4287 0.622, -1.6417 0.4287 0.622, -1.7598 0.4084 0.6194, -1.6417 0.4084 0.6194, -1.7598 0.3894 0.6115, -1.6417 0.3894 0.6115, -1.7598 0.3731 0.599, -1.6417 0.3731 0.599, -1.7598 0.3605 0.5827, -1.6417 0.3605 0.5827, -1.7598 0.3527 0.5637, -1.6417 0.3527 0.5637, -1.7598 0.5048 0.5637, -1.6417 0.5048 0.5637, -1.7598 0.4969 0.5827, -1.6417 0.4969 0.5827, -1.7598 0.4844 0.599, -1.6417 0.4844 0.599, -1.7598 0.4681 0.6115, -1.6417 0.4681 0.6115, -1.7598 0.4491 0.6194, -1.6417 0.4491 0.6194, -1.7598 -1.0752 0.7559, -1.6417 -1.0752 0.7559, -1.7598 -1.0779 0.7763, -1.6417 -1.0779 0.7763, -1.7598 -1.0857 0.7953, -1.6417 -1.0857 0.7953, -1.7598 -1.0983 0.8116, -1.6417 -1.0983 0.8116, -1.7598 -1.1146 0.8241, -1.6417 -1.1146 0.8241, -1.7598 -1.1336 0.832, -1.6417 -1.1336 0.832, -1.7598 -1.1539 0.8346, -1.6417 -1.1539 0.8346, -1.6417 -1.2327 0.7559, -1.7598 -1.2327 0.7559, -1.6417 -1.23 0.7763, -1.7598 -1.23 0.7763, -1.6417 -1.2221 0.7953, -1.7598 -1.2221 0.7953, -1.6417 -1.2096 0.8116, -1.7598 -1.2096 0.8116, -1.6417 -1.1933 0.8241, -1.7598 -1.1933 0.8241, -1.6417 -1.1743 0.832, -1.7598 -1.1743 0.832, -1.7598 -0.4059 0.7559, -1.6417 -0.4059 0.7559, -1.7598 -0.4086 0.7763, -1.6417 -0.4086 0.7763, -1.7598 -0.4165 0.7953, -1.6417 -0.4165 0.7953, -1.7598 -0.429 0.8116, -1.6417 -0.429 0.8116, -1.7598 -0.4453 0.8241, -1.6417 -0.4453 0.8241, -1.7598 -0.4643 0.832, -1.6417 -0.4643 0.832, -1.7598 -0.4846 0.8346, -1.6417 -0.4846 0.8346, -1.7598 -0.505 0.832, -1.6417 -0.505 0.832, -1.7598 -0.524 0.8241, -1.6417 -0.524 0.8241, -1.7598 -0.5403 0.8116, -1.6417 -0.5403 0.8116, -1.7598 -0.5528 0.7953, -1.6417 -0.5528 0.7953, -1.7598 -0.5607 0.7763, -1.6417 -0.5607 0.7763, -1.7598 -0.5634 0.7559, -1.6417 -0.5634 0.7559, 1.7598 -0.839 -0.3937, 1.7598 -0.7602 -0.315, 1.7598 -0.9965 -0.3937, 1.7598 -0.7602 -0.0709, 1.7598 -1.0752 -0.315, 1.7598 -0.8167 0.0001, 1.7598 -1.0752 0.7559, 1.7598 -0.4453 0.8241, 1.7598 0.35 0.4409, 1.7598 0.35 0.5433, 1.7598 -0.4059 0.4409, 1.7598 -0.4059 0.7559, 1.7598 -0.4086 0.7763, 1.7598 -0.429 0.8116, 1.7598 -0.4165 0.7953, 1.7598 0.3894 0.6115, 1.7598 0.4084 0.6194, 1.7598 -0.4643 0.832, 1.7598 -0.5528 0.7953, 1.7598 -0.5403 0.8116, 1.7598 -1.0857 0.7953, 1.7598 -1.9217 0.4409, 1.7598 -1.2327 0.4409, 1.7598 -1.9217 0.8976, 1.7598 -1.2327 0.7559, 1.7598 -1.23 0.7763, 1.7598 -1.2221 0.7953, 1.7598 -1.2096 0.8116, 1.7598 -1.1933 0.8241, 1.7598 0.4287 0.622, 1.7598 0.4491 0.6194, 1.7598 0.9405 0.8976, 1.7598 0.4969 0.5827, 1.7598 0.5048 0.5637, 1.7598 0.5075 0.5433, 1.7598 0.9405 -0.315, 1.7598 0.5075 -0.315, 1.7598 0.8618 -0.3937, 1.7598 0.5862 -0.3937, 1.7598 0.3527 0.5637, 1.7598 0.3605 0.5827, 1.7598 0.3731 0.599, 1.7598 -0.524 0.8241, 1.7598 -0.505 0.832, 1.7598 -0.4846 0.8346, 1.7598 0.4681 0.6115, 1.7598 0.4844 0.599, 1.7598 -1.0779 0.7763, 1.7598 -0.5634 0.7559, 1.7598 -0.5607 0.7763, 1.7598 -1.1146 0.8241, 1.7598 -1.0983 0.8116, 1.7598 -0.8069 0.0079, 1.7598 -0.6421 0.0079, 1.7598 -0.5634 0.0866, 1.7598 -1.1743 0.832, 1.7598 -1.1539 0.8346, 1.7598 -1.1336 0.832, 1.7598 -0.5865 0.0309, 1.7598 -0.6028 0.0184, 1.7598 -0.6217 0.0106, 1.7598 -0.5739 0.0472, 1.7598 -0.5661 0.0662, 1.6417 -1.0779 0.7763, 1.6417 -0.8069 0.0079, 1.6417 -1.0752 0.7559, 1.6417 -0.8167 0.0001, 1.6417 -1.0752 -0.315, 1.6417 0.35 0.1598, 1.6417 0.224 0.1598, 1.6417 0.35 0.5433, 1.6417 0.224 0.4409, 1.6417 0.3527 0.5637, 1.6417 0.3605 0.5827, 1.6417 -0.839 -0.3937, 1.6417 -0.9965 -0.3937, 1.6417 -0.7602 -0.315, 1.6417 -0.7602 -0.0709, 1.6417 -0.524 0.8241, 1.6417 -0.5403 0.8116, 1.6417 -1.0857 0.7953, 1.6417 -0.5528 0.7953, 1.6417 -0.5607 0.7763, 1.6417 -0.5634 0.7559, 1.6417 -1.2221 0.7953, 1.6417 -1.9217 0.8976, 1.6417 -1.2096 0.8116, 1.6417 -1.1933 0.8241, 1.6417 -1.2327 0.4409, 1.6417 -1.9217 0.4409, 1.6417 -1.2327 0.7559, 1.6417 -1.23 0.7763, 1.6417 -0.6217 0.0106, 1.6417 -0.6421 0.0079, 1.6417 -0.5634 0.0866, 1.6417 -0.5739 0.0472, 1.6417 -0.5865 0.0309, 1.6417 -0.6028 0.0184, 1.6417 0.8618 -0.3937, 1.6417 0.5862 -0.3937, 1.6417 0.9405 -0.315, 1.6417 0.5075 -0.315, 1.6417 0.9405 0.8976, 1.6417 0.5075 0.5433, 1.6417 0.5048 0.5637, 1.6417 0.4969 0.5827, 1.6417 0.4844 0.599, 1.6417 0.4681 0.6115, 1.6417 -1.1146 0.8241, 1.6417 -1.1336 0.832, 1.6417 -1.1539 0.8346, 1.6417 -1.1743 0.832, 1.6417 -0.4086 0.7763, 1.6417 -0.4165 0.7953, 1.6417 -0.429 0.8116, 1.6417 -0.4453 0.8241, 1.6417 -1.0983 0.8116, 1.6417 -0.4846 0.8346, 1.6417 -0.505 0.832, 1.6417 -0.5661 0.0662, 1.6417 0.4491 0.6194, 1.6417 0.4287 0.622, 1.6417 0.4084 0.6194, 1.6417 0.3894 0.6115, 1.6417 0.3731 0.599, 1.6417 -0.4059 0.7559, 1.6417 -0.4643 0.832, 1.6417 -0.4059 0.4409, 1.6739 0.35 0.1955, 1.6116 0.224 0.1331, 1.6739 -0.4059 0.1955, 1.6116 -0.4059 0.1331, 1.537 -0.4059 0.0862, 1.537 0.224 0.0862, 1.4537 -0.4059 0.0571, 1.4537 0.224 0.0571, 1.3661 -0.4059 0.0472, 1.3661 0.224 0.0472, 1.7209 0.35 0.2701, 1.7209 -0.4059 0.2701, 1.75 0.35 0.3533, 1.75 -0.4059 0.3533, 1.75 0.9405 0.9852, 1.75 -1.9217 0.9852, 1.7209 0.9405 1.0685, 1.7209 -1.9217 1.0685, 1.6739 0.9405 1.1431, 1.6739 -1.9217 1.1431, 1.6116 0.9405 1.2054, 1.6116 -1.9217 1.2054, 1.537 0.9405 1.2524, 1.537 -1.9217 1.2524, 1.4537 0.9405 1.2815, 1.4537 -1.9217 1.2815, 1.3661 0.9405 1.2913, 1.3661 0.4531 1.2913, 1.3661 0.3527 1.2913, 1.3661 0.2478 1.2913, 1.3661 0.1442 1.2913, 1.3661 0.1125 1.2913, 1.3661 -1.9217 1.2913, 1.75 -1.9217 0.3533, 1.75 -1.2327 0.3533, 1.7209 -1.9217 0.2701, 1.7209 -1.2327 0.2701, 1.6739 -1.9217 0.1955, 1.6739 -1.2327 0.1955, 1.6116 -1.9217 0.1331, 1.6116 -1.2327 0.1331, 1.537 -1.9217 0.0862, 1.537 -1.2327 0.0862, 1.4537 -1.9217 0.0571, 1.4537 -1.2327 0.0571, 1.3661 -1.9217 0.0472, 1.3661 -1.2327 0.0472, 1.3661 -1.2327 0.1654, 1.3661 -1.9217 0.1654, 1.4375 -1.2327 0.1747, 1.4375 -1.9217 0.1747, 1.5039 -1.2327 0.2023, 1.5039 -1.9217 0.2023, 1.561 -1.2327 0.2461, 1.561 -1.9217 0.2461, 1.6048 -1.2327 0.3032, 1.6048 -1.9217 0.3032, 1.6323 -1.2327 0.3696, 1.6323 -1.9217 0.3696, 1.3661 0.224 0.1654, 1.3661 -0.4059 0.1654, 1.4375 0.224 0.1747, 1.4375 -0.4059 0.1747, 1.5039 0.224 0.2023, 1.5039 -0.4059 0.2023, 1.561 0.224 0.2461, 1.561 -0.4059 0.2461, 1.6048 0.224 0.3032, 1.6048 -0.4059 0.3032, 1.6323 0.224 0.3696, 1.6323 -0.4059 0.3696, 1.6323 0.9405 0.969, 1.6323 -1.9217 0.969, 1.6048 0.9405 1.0354, 1.6048 -1.9217 1.0354, 1.561 0.9405 1.0925, 1.561 -1.9217 1.0925, 1.5039 0.9405 1.1363, 1.5039 -1.9217 1.1363, 1.4375 0.9405 1.1638, 1.4375 -1.9217 1.1638, 1.3661 0.9405 1.1732, 1.3661 -1.9217 1.1732, 0.9724 -1.2327 0.1654, 0.9724 -1.2327 0.0472, 0.9724 -0.4059 0.1654, 0.9724 -0.4059 0.0472, 0.6693 -0.0634 0.126, 0.6693 -0.024 0.126, 0.9055 -0.0634 0.126, 0.9055 -0.024 0.126, 0.9449 -0.1421 0.0472, 0.6299 -0.1421 0.0472, 0.9442 -0.1408 0.0619, 0.6306 -0.1408 0.0619, 0.9434 -0.1391 0.0675, 0.6314 -0.1391 0.0675, 0.942 -0.1363 0.077, 0.6328 -0.1363 0.077, 0.9394 -0.1311 0.0864, 0.6354 -0.1311 0.0864, 0.9377 -0.1277 0.0927, 0.6371 -0.1277 0.0927, 0.9331 -0.1186 0.1025, 0.6417 -0.1186 0.1025, 0.6444 -0.1132 0.1082, 0.9304 -0.1132 0.1082, 0.6499 -0.1022 0.1146, 0.9249 -0.1022 0.1146, 0.9195 -0.0913 0.1209, 0.6553 -0.0913 0.1209, 0.9156 -0.0836 0.1223, 0.6592 -0.0836 0.1223, 0.9812 -0.1012 0.0675, 0.9829 -0.1021 0.0619, 0.9813 -0.1119 0.0635, 0.9607 -0.091 0.1025, 0.9698 -0.0955 0.0927, 0.9668 -0.1025 0.0955, 0.9444 -0.0828 0.1146, 0.9553 -0.0883 0.1082, 0.9521 -0.0931 0.1102, 0.9243 -0.0869 0.122, 0.9219 -0.0891 0.1215, 0.929 -0.0822 0.122, 0.9267 -0.0845 0.1221, 0.9334 -0.0773 0.1209, 0.9312 -0.0798 0.1215, 0.9257 -0.0735 0.1223, 0.9352 -0.11 0.1102, 0.9485 -0.0978 0.1114, 0.9443 -0.1022 0.1118, 0.9399 -0.1063 0.1114, 0.9446 -0.1247 0.0955, 0.9626 -0.1091 0.0972, 0.9573 -0.1152 0.0978, 0.9513 -0.1205 0.0972, 0.9506 -0.134 0.0796, 0.9761 -0.1085 0.0796, 0.972 -0.1167 0.0813, 0.9661 -0.1239 0.0818, 0.9588 -0.1298 0.0813, 0.9733 -0.0973 0.0864, 0.9784 -0.0998 0.077, 0.954 -0.1392 0.0635, 0.9773 -0.121 0.0644, 0.9711 -0.129 0.0648, 0.9632 -0.1351 0.0644, 0.9551 -0.1408 0.0472, 0.9646 -0.1369 0.0472, 0.9727 -0.1306 0.0472, 0.979 -0.1224 0.0472, 0.9829 -0.1129 0.0472, 0.9843 -0.1028 0.0472, 0.6208 -0.1392 0.0635, 0.6302 -0.1247 0.0955, 0.6396 -0.11 0.1102, 0.6458 -0.0822 0.122, 0.6436 -0.0798 0.1215, 0.6505 -0.0869 0.122, 0.6481 -0.0845 0.1221, 0.6529 -0.0891 0.1215, 0.6414 -0.0773 0.1209, 0.6491 -0.0735 0.1223, 0.6227 -0.0931 0.1102, 0.6195 -0.0883 0.1082, 0.6304 -0.0828 0.1146, 0.6349 -0.1063 0.1114, 0.6305 -0.1022 0.1118, 0.6264 -0.0978 0.1114, 0.608 -0.1025 0.0955, 0.605 -0.0955 0.0927, 0.6141 -0.091 0.1025, 0.6235 -0.1205 0.0972, 0.6175 -0.1152 0.0978, 0.6122 -0.1091 0.0972, 0.5987 -0.1085 0.0796, 0.5964 -0.0998 0.077, 0.6015 -0.0973 0.0864, 0.6242 -0.134 0.0796, 0.616 -0.1298 0.0813, 0.6087 -0.1239 0.0818, 0.6029 -0.1167 0.0813, 0.5935 -0.1119 0.0635, 0.5919 -0.1021 0.0619, 0.5936 -0.1012 0.0675, 0.6116 -0.1351 0.0644, 0.6037 -0.129 0.0648, 0.5975 -0.121 0.0644, 0.5906 -0.1028 0.0472, 0.5919 -0.1129 0.0472, 0.5958 -0.1224 0.0472, 0.6021 -0.1306 0.0472, 0.6102 -0.1369 0.0472, 0.6197 -0.1408 0.0472, 0.9843 0.0154 0.0472, 0.9829 0.0147 0.0619, 0.9812 0.0138 0.0675, 0.9784 0.0124 0.077, 0.9733 0.0099 0.0864, 0.9698 0.0081 0.0927, 0.9607 0.0036 0.1025, 0.9553 0.0009 0.1082, 0.9444 -0.0046 0.1146, 0.9334 -0.0101 0.1209, 0.9257 -0.0139 0.1223, 0.6141 0.0036 0.1025, 0.6195 0.0009 0.1082, 0.6304 -0.0046 0.1146, 0.6414 -0.0101 0.1209, 0.6491 -0.0139 0.1223, 0.605 0.0081 0.0927, 0.6015 0.0099 0.0864, 0.5964 0.0124 0.077, 0.5906 0.0154 0.0472, 0.5919 0.0147 0.0619, 0.5936 0.0138 0.0675, 0.9434 0.0517 0.0675, 0.9442 0.0533 0.0619, 0.954 0.0517 0.0635, 0.9331 0.0312 0.1025, 0.9377 0.0403 0.0927, 0.9446 0.0373 0.0955, 0.9249 0.0148 0.1146, 0.9304 0.0258 0.1082, 0.9352 0.0226 0.1102, 0.929 -0.0052 0.122, 0.9312 -0.0076 0.1215, 0.9243 -0.0005 0.122, 0.9267 -0.0029 0.1221, 0.9195 0.0039 0.1209, 0.9219 0.0017 0.1215, 0.9156 -0.0038 0.1223, 0.9521 0.0057 0.1102, 0.9399 0.0189 0.1114, 0.9443 0.0148 0.1118, 0.9485 0.0104 0.1114, 0.9668 0.0151 0.0955, 0.9513 0.0331 0.0972, 0.9573 0.0278 0.0978, 0.9626 0.0217 0.0972, 0.9761 0.0211 0.0796, 0.9506 0.0466 0.0796, 0.9588 0.0424 0.0813, 0.9661 0.0365 0.0818, 0.972 0.0293 0.0813, 0.9394 0.0437 0.0864, 0.942 0.0489 0.077, 0.9813 0.0245 0.0635, 0.9632 0.0477 0.0644, 0.9711 0.0416 0.0648, 0.9773 0.0336 0.0644, 0.9829 0.0255 0.0472, 0.979 0.035 0.0472, 0.9727 0.0432 0.0472, 0.9646 0.0494 0.0472, 0.9551 0.0534 0.0472, 0.9449 0.0547 0.0472, 0.5935 0.0245 0.0635, 0.608 0.0151 0.0955, 0.6227 0.0057 0.1102, 0.6505 -0.0005 0.122, 0.6529 0.0017 0.1215, 0.6458 -0.0052 0.122, 0.6481 -0.0029 0.1221, 0.6436 -0.0076 0.1215, 0.6553 0.0039 0.1209, 0.6592 -0.0038 0.1223, 0.6396 0.0226 0.1102, 0.6444 0.0258 0.1082, 0.6499 0.0148 0.1146, 0.6264 0.0104 0.1114, 0.6305 0.0148 0.1118, 0.6349 0.0189 0.1114, 0.6302 0.0373 0.0955, 0.6371 0.0403 0.0927, 0.6417 0.0312 0.1025, 0.6122 0.0217 0.0972, 0.6175 0.0278 0.0978, 0.6235 0.0331 0.0972, 0.6242 0.0466 0.0796, 0.6328 0.0489 0.077, 0.6354 0.0437 0.0864, 0.5987 0.0211 0.0796, 0.6029 0.0293 0.0813, 0.6087 0.0365 0.0818, 0.616 0.0424 0.0813, 0.6208 0.0517 0.0635, 0.6306 0.0533 0.0619, 0.6314 0.0517 0.0675, 0.5975 0.0336 0.0644, 0.6037 0.0416 0.0648, 0.6116 0.0477 0.0644, 0.6299 0.0547 0.0472, 0.6197 0.0534 0.0472, 0.6102 0.0494 0.0472, 0.6021 0.0432 0.0472, 0.5958 0.035 0.0472, 0.5919 0.0255 0.0472, 1.7402 -1.9413 0.8976, 1.7308 -1.9413 0.9809, 1.7031 -1.9413 1.0599, 1.6586 -1.9413 1.1308, 1.5993 -1.9413 1.1901, 1.5284 -1.9413 1.2346, 1.4494 -1.9413 1.2623, 1.3661 -1.9413 1.2717, -0.4692 -1.9217 1.2913, -1.3661 -1.9217 1.2913, -1.3661 -1.9413 1.2717, -0.0542 -1.9217 1.2913, 0.4442 -1.9217 1.2913, 1.1236 -1.9217 1.2913, 0.3118 -1.9217 1.2913, 0.251 -1.9217 1.2913, 0.2257 -1.9217 1.2913, 0.1507 -1.9217 1.2913, 0.132 -1.9217 1.2913, 0.0874 -1.9217 1.2913, 0.0806 -1.9217 1.2913, 0.0229 -1.9217 1.2913, 0.0213 -1.9217 1.2913, 1.7402 -1.9413 0.4409, -1.4537 -1.9217 1.2815, -1.4494 -1.9413 1.2623, -1.537 -1.9217 1.2524, -1.5284 -1.9413 1.2346, -1.6116 -1.9217 1.2054, -1.5993 -1.9413 1.1901, -1.6739 -1.9217 1.1431, -1.6586 -1.9413 1.1308, -1.7209 -1.9217 1.0685, -1.7031 -1.9413 1.0599, -1.75 -1.9217 0.9852, -1.7308 -1.9413 0.9809, -1.7598 -1.9217 0.8976, -1.7402 -1.9413 0.8976, 1.3661 -1.9413 0.0669, 1.4494 -1.9413 0.0763, 1.5284 -1.9413 0.104, 1.5993 -1.9413 0.1485, 1.6586 -1.9413 0.2078, 1.7031 -1.9413 0.2787, 1.7308 -1.9413 0.3577, -1.7598 -1.9217 0.4409, -1.7402 -1.9413 0.4409, -1.3661 -1.9413 0.0669, -1.3661 -1.9217 0.0472, -1.75 -1.9217 0.3533, -1.7308 -1.9413 0.3577, -1.7209 -1.9217 0.2701, -1.7031 -1.9413 0.2787, -1.6739 -1.9217 0.1955, -1.6586 -1.9413 0.2078, -1.6116 -1.9217 0.1331, -1.5993 -1.9413 0.1485, -1.537 -1.9217 0.0862, -1.5284 -1.9413 0.104, -1.4537 -1.9217 0.0571, -1.4494 -1.9413 0.0763, -1.6417 -1.9217 0.8976, -1.6614 -1.9413 0.8976, -1.6417 -1.9217 0.4409, -1.6614 -1.9413 0.4409, -1.3661 -1.9217 1.1732, -1.3661 -1.9413 1.1929, -1.4375 -1.9217 1.1638, -1.4426 -1.9413 1.1829, -1.5039 -1.9217 1.1363, -1.5138 -1.9413 1.1534, -1.561 -1.9217 1.0925, -1.5749 -1.9413 1.1064, -1.6048 -1.9217 1.0354, -1.6219 -1.9413 1.0453, -1.6323 -1.9217 0.969, -1.6514 -1.9413 0.9741, -1.6323 -1.9217 0.3696, -1.6514 -1.9413 0.3645, -1.6048 -1.9217 0.3032, -1.6219 -1.9413 0.2933, -1.561 -1.9217 0.2461, -1.5749 -1.9413 0.2322, -1.5039 -1.9217 0.2023, -1.5138 -1.9413 0.1852, -1.4375 -1.9217 0.1747, -1.4426 -1.9413 0.1557, -1.3661 -1.9217 0.1654, -1.3661 -1.9413 0.1457, 1.3661 -1.9413 1.1929, 1.3661 -1.9413 0.1457, 1.6614 -1.9413 0.8976, 1.6514 -1.9413 0.9741, 1.6219 -1.9413 1.0453, 1.5749 -1.9413 1.1064, 1.5138 -1.9413 1.1534, 1.4426 -1.9413 1.1829, 1.4426 -1.9413 0.1557, 1.5138 -1.9413 0.1852, 1.5749 -1.9413 0.2322, 1.6219 -1.9413 0.2933, 1.6514 -1.9413 0.3645, 1.6614 -1.9413 0.4409, -1.7598 -1.0752 -0.315, -1.7598 -0.9965 -0.3937, -1.6417 -1.0752 -0.315, -1.6417 -0.9965 -0.3937, -1.7598 -0.839 -0.3937, -1.7598 -0.7602 -0.315, -1.6417 -0.839 -0.3937, -1.6417 -0.7602 -0.315, -1.6417 -0.6421 0.0079, -1.7598 -0.6421 0.0079, -1.7598 -0.6217 0.0106, -1.6417 -0.6217 0.0106, -1.7598 -0.6028 0.0184, -1.6417 -0.6028 0.0184, -1.7598 -0.5865 0.0309, -1.6417 -0.5865 0.0309, -1.7598 -0.5739 0.0472, -1.6417 -0.5739 0.0472, -1.7598 -0.5661 0.0662, -1.6417 -0.5661 0.0662, -1.7598 -0.5634 0.0866, -1.6417 -0.5634 0.0866
            ]
        }
        coordIndex [
            0,1,2,-1,2,3,4,-1,4,5,2,-1,2,5,6,-1,2,6,0,-1,7,8,9,-1,9,8,10,-1,11,12,13,-1,13,12,14,-1,13,10,11,-1,11,10,8,-1,12,15,14,-1,14,15,16,-1,17,18,19,-1,19,18,20,-1,19,20,21,-1,21,20,22,-1,21,22,23,-1,23,22,24,-1,23,24,25,-1,25,24,26,-1,25,26,27,-1,27,26,28,-1,27,28,1,-1,1,28,2,-1,7,9,29,-1,29,9,30,-1,29,30,31,-1,31,30,32,-1,31,32,33,-1,33,32,34,-1,33,34,35,-1,35,34,36,-1,35,36,37,-1,37,36,38,-1,37,38,17,-1,17,38,18,-1,39,40,41,-1,41,40,42,-1,41,42,43,-1,43,42,44,-1,43,44,45,-1,45,44,46,-1,45,46,47,-1,47,46,48,-1,47,48,49,-1,49,48,50,-1,49,50,51,-1,51,50,52,-1,53,54,55,-1,55,54,56,-1,55,56,57,-1,57,56,58,-1,57,58,59,-1,59,58,60,-1,59,60,61,-1,61,60,62,-1,61,62,63,-1,63,62,64,-1,63,64,52,-1,52,64,51,-1,65,66,67,-1,67,66,68,-1,67,68,69,-1,69,68,70,-1,69,70,71,-1,71,70,72,-1,71,72,73,-1,73,72,74,-1,73,74,75,-1,75,74,76,-1,75,76,77,-1,77,76,78,-1,77,78,79,-1,79,78,80,-1,79,80,81,-1,81,80,82,-1,81,82,83,-1,83,82,84,-1,83,84,85,-1,85,84,86,-1,85,86,87,-1,87,86,88,-1,87,88,89,-1,89,88,90,-1,91,92,93,-1,93,92,94,-1,93,94,95,-1,95,94,96,-1,95,96,97,-1,98,99,100,-1,101,99,102,-1,102,99,103,-1,98,104,99,-1,99,104,105,-1,99,105,103,-1,106,107,108,-1,109,110,111,-1,112,113,114,-1,114,113,115,-1,114,115,116,-1,116,117,114,-1,114,117,118,-1,114,118,119,-1,120,121,122,-1,123,124,122,-1,122,124,125,-1,122,125,126,-1,126,125,127,-1,126,127,128,-1,128,127,129,-1,100,130,98,-1,98,130,131,-1,98,131,108,-1,108,131,132,-1,108,132,106,-1,110,133,111,-1,111,133,134,-1,111,134,135,-1,121,136,122,-1,122,136,137,-1,122,137,123,-1,138,139,111,-1,111,139,140,-1,111,140,109,-1,122,141,142,-1,97,96,138,-1,138,96,143,-1,138,143,139,-1,139,143,144,-1,139,144,145,-1,119,146,114,-1,114,146,147,-1,114,147,122,-1,122,147,148,-1,122,148,141,-1,149,144,150,-1,150,144,151,-1,149,152,144,-1,144,152,153,-1,144,153,145,-1,107,120,108,-1,108,120,122,-1,108,122,135,-1,135,122,142,-1,135,142,111,-1,154,155,156,-1,156,155,157,-1,156,157,158,-1,159,160,161,-1,161,160,162,-1,161,162,163,-1,163,162,164,-1,165,166,167,-1,167,166,158,-1,167,158,168,-1,168,158,157,-1,169,170,171,-1,170,172,171,-1,171,172,173,-1,171,173,174,-1,175,176,177,-1,177,176,178,-1,179,180,181,-1,181,180,176,-1,181,176,182,-1,182,176,175,-1,183,184,185,-1,185,184,155,-1,185,155,174,-1,174,155,154,-1,174,154,171,-1,186,187,188,-1,189,190,191,-1,191,190,192,-1,191,192,193,-1,193,192,194,-1,193,194,195,-1,195,196,193,-1,193,196,197,-1,193,197,198,-1,199,200,193,-1,193,200,201,-1,193,201,176,-1,176,201,202,-1,176,202,178,-1,203,204,193,-1,193,204,205,-1,193,205,206,-1,207,208,171,-1,171,208,209,-1,171,209,169,-1,183,185,188,-1,188,185,210,-1,188,210,186,-1,198,211,193,-1,193,211,212,-1,193,212,203,-1,203,212,213,-1,213,214,203,-1,203,214,215,-1,203,215,216,-1,206,217,193,-1,193,217,208,-1,193,208,199,-1,199,208,207,-1,164,162,215,-1,215,162,218,-1,215,218,216,-1,160,159,219,-1,220,160,221,-1,221,222,220,-1,220,222,223,-1,220,223,224,-1,224,223,225,-1,224,225,226,-1,226,225,227,-1,226,227,228,-1,160,219,221,-1,221,219,229,-1,221,229,230,-1,230,229,231,-1,230,231,232,-1,232,231,99,-1,232,99,101,-1,114,122,233,-1,114,233,234,-1,234,233,235,-1,234,235,236,-1,236,235,237,-1,236,237,238,-1,238,237,239,-1,238,239,240,-1,240,239,241,-1,240,241,242,-1,242,241,243,-1,242,243,244,-1,245,246,243,-1,243,246,247,-1,243,247,248,-1,248,249,243,-1,243,249,250,-1,243,250,244,-1,244,250,251,-1,113,112,252,-1,113,252,253,-1,253,252,254,-1,253,254,255,-1,255,254,256,-1,255,256,257,-1,257,256,258,-1,257,258,259,-1,259,258,260,-1,259,260,261,-1,261,260,262,-1,261,262,263,-1,263,262,264,-1,263,264,265,-1,266,267,268,-1,268,267,269,-1,268,269,270,-1,270,269,271,-1,270,271,272,-1,272,271,273,-1,272,273,274,-1,274,273,275,-1,274,275,276,-1,276,275,277,-1,276,277,179,-1,179,277,180,-1,278,279,280,-1,280,279,281,-1,280,281,282,-1,282,281,283,-1,282,283,284,-1,284,283,285,-1,284,285,286,-1,286,285,287,-1,286,287,288,-1,288,287,289,-1,288,289,162,-1,162,289,218,-1,193,176,290,-1,290,176,291,-1,290,291,292,-1,292,291,293,-1,292,293,294,-1,294,293,295,-1,294,295,296,-1,296,295,297,-1,296,297,298,-1,298,297,299,-1,298,299,300,-1,300,299,301,-1,302,303,304,-1,304,303,305,-1,274,257,272,-1,272,257,259,-1,272,259,270,-1,270,259,261,-1,270,261,268,-1,268,261,263,-1,268,263,266,-1,266,263,265,-1,266,265,302,-1,302,265,303,-1,181,115,179,-1,179,115,113,-1,179,113,276,-1,276,113,253,-1,276,253,274,-1,274,253,255,-1,274,255,257,-1,304,305,279,-1,279,305,227,-1,279,227,281,-1,281,227,225,-1,281,225,283,-1,283,225,223,-1,283,223,285,-1,223,222,285,-1,285,222,221,-1,285,221,287,-1,287,221,230,-1,287,230,289,-1,289,230,232,-1,289,232,218,-1,218,232,101,-1,218,101,216,-1,216,101,102,-1,166,165,93,-1,93,165,91,-1,95,97,158,-1,158,97,156,-1,94,92,168,-1,168,92,167,-1,306,307,308,-1,308,307,309,-1,144,143,184,-1,184,143,155,-1,185,174,145,-1,145,174,139,-1,310,311,312,-1,312,311,313,-1,312,313,314,-1,314,313,315,-1,314,315,316,-1,316,315,317,-1,316,317,318,-1,318,317,319,-1,318,319,320,-1,320,319,321,-1,320,321,322,-1,321,323,322,-1,322,323,324,-1,322,324,325,-1,325,324,326,-1,325,326,327,-1,327,326,328,-1,328,326,329,-1,328,329,330,-1,329,331,330,-1,330,331,306,-1,330,306,308,-1,332,333,334,-1,335,336,337,-1,338,339,340,-1,341,342,308,-1,343,344,308,-1,345,346,347,-1,347,346,308,-1,343,308,346,-1,328,330,342,-1,342,330,308,-1,344,341,308,-1,338,340,345,-1,348,325,327,-1,345,340,346,-1,346,340,349,-1,346,349,343,-1,343,349,350,-1,343,350,344,-1,344,350,351,-1,344,351,341,-1,341,351,348,-1,341,348,342,-1,342,348,327,-1,342,327,328,-1,335,337,339,-1,352,320,322,-1,339,337,340,-1,340,337,353,-1,340,353,349,-1,349,353,354,-1,349,354,350,-1,350,354,355,-1,350,355,351,-1,351,355,352,-1,351,352,348,-1,348,352,322,-1,348,322,325,-1,356,316,318,-1,336,357,337,-1,337,357,358,-1,337,358,353,-1,353,358,359,-1,353,359,354,-1,354,359,360,-1,354,360,355,-1,355,360,356,-1,355,356,352,-1,352,356,318,-1,352,318,320,-1,336,361,357,-1,357,361,362,-1,357,362,332,-1,363,312,314,-1,332,334,357,-1,357,334,364,-1,357,364,358,-1,358,364,365,-1,358,365,359,-1,359,365,366,-1,359,366,360,-1,360,366,363,-1,360,363,356,-1,356,363,314,-1,356,314,316,-1,310,312,367,-1,367,312,363,-1,367,363,368,-1,368,363,366,-1,368,366,369,-1,369,366,365,-1,369,365,370,-1,370,365,364,-1,370,364,371,-1,371,364,334,-1,371,334,372,-1,372,334,333,-1,315,313,373,-1,323,321,374,-1,326,324,375,-1,376,377,306,-1,378,379,306,-1,329,380,331,-1,331,380,306,-1,378,306,380,-1,381,382,377,-1,377,382,306,-1,379,376,306,-1,326,375,329,-1,383,384,385,-1,329,375,380,-1,380,375,386,-1,380,386,378,-1,378,386,387,-1,378,387,379,-1,379,387,388,-1,379,388,376,-1,376,388,383,-1,376,383,377,-1,377,383,385,-1,377,385,381,-1,323,374,324,-1,389,390,391,-1,324,374,375,-1,375,374,392,-1,375,392,386,-1,386,392,393,-1,386,393,387,-1,387,393,394,-1,387,394,388,-1,388,394,389,-1,388,389,383,-1,383,389,391,-1,383,391,384,-1,395,396,397,-1,321,398,374,-1,374,398,399,-1,374,399,392,-1,392,399,400,-1,392,400,393,-1,393,400,401,-1,393,401,394,-1,394,401,395,-1,394,395,389,-1,389,395,397,-1,389,397,390,-1,321,319,398,-1,398,319,317,-1,398,317,315,-1,402,403,404,-1,315,373,398,-1,398,373,405,-1,398,405,399,-1,399,405,406,-1,399,406,400,-1,400,406,407,-1,400,407,401,-1,401,407,402,-1,401,402,395,-1,395,402,404,-1,395,404,396,-1,408,403,409,-1,409,403,402,-1,409,402,410,-1,410,402,407,-1,410,407,411,-1,411,407,406,-1,411,406,412,-1,412,406,405,-1,412,405,413,-1,413,405,373,-1,413,373,311,-1,311,373,313,-1,414,372,415,-1,415,372,333,-1,415,333,416,-1,416,333,332,-1,416,332,417,-1,417,332,362,-1,417,362,418,-1,418,362,361,-1,418,361,419,-1,419,361,336,-1,419,336,420,-1,420,336,335,-1,420,335,421,-1,421,335,339,-1,421,339,422,-1,339,338,422,-1,422,338,345,-1,422,345,423,-1,423,345,347,-1,423,347,424,-1,424,347,308,-1,424,308,309,-1,391,425,426,-1,391,426,384,-1,384,426,427,-1,384,427,385,-1,385,427,428,-1,385,428,381,-1,381,428,429,-1,381,429,382,-1,382,429,307,-1,382,307,306,-1,425,391,430,-1,430,391,390,-1,430,390,431,-1,404,432,396,-1,396,432,431,-1,396,431,397,-1,397,431,390,-1,408,433,403,-1,403,433,434,-1,403,434,404,-1,404,434,435,-1,404,435,432,-1,436,437,438,-1,439,440,441,-1,442,443,444,-1,445,446,309,-1,447,448,309,-1,449,450,451,-1,451,450,309,-1,447,309,450,-1,423,424,446,-1,446,424,309,-1,448,445,309,-1,442,444,449,-1,452,421,422,-1,449,444,450,-1,450,444,453,-1,450,453,447,-1,447,453,454,-1,447,454,448,-1,448,454,455,-1,448,455,445,-1,445,455,452,-1,445,452,446,-1,446,452,422,-1,446,422,423,-1,439,441,443,-1,456,419,420,-1,443,441,444,-1,444,441,457,-1,444,457,453,-1,453,457,458,-1,453,458,454,-1,454,458,459,-1,454,459,455,-1,455,459,456,-1,455,456,452,-1,452,456,420,-1,452,420,421,-1,460,417,418,-1,440,461,441,-1,441,461,462,-1,441,462,457,-1,457,462,463,-1,457,463,458,-1,458,463,464,-1,458,464,459,-1,459,464,460,-1,459,460,456,-1,456,460,418,-1,456,418,419,-1,440,465,461,-1,461,465,466,-1,461,466,436,-1,467,415,416,-1,436,438,461,-1,461,438,468,-1,461,468,462,-1,462,468,469,-1,462,469,463,-1,463,469,470,-1,463,470,464,-1,464,470,467,-1,464,467,460,-1,460,467,416,-1,460,416,417,-1,414,415,471,-1,471,415,467,-1,471,467,472,-1,472,467,470,-1,472,470,473,-1,473,470,469,-1,473,469,474,-1,474,469,468,-1,474,468,475,-1,475,468,438,-1,475,438,476,-1,476,438,437,-1,435,434,477,-1,425,430,478,-1,427,426,479,-1,480,481,307,-1,482,483,307,-1,428,484,429,-1,429,484,307,-1,482,307,484,-1,485,486,481,-1,481,486,307,-1,483,480,307,-1,427,479,428,-1,487,488,489,-1,428,479,484,-1,484,479,490,-1,484,490,482,-1,482,490,491,-1,482,491,483,-1,483,491,492,-1,483,492,480,-1,480,492,487,-1,480,487,481,-1,481,487,489,-1,481,489,485,-1,425,478,426,-1,493,494,495,-1,426,478,479,-1,479,478,496,-1,479,496,490,-1,490,496,497,-1,490,497,491,-1,491,497,498,-1,491,498,492,-1,492,498,493,-1,492,493,487,-1,487,493,495,-1,487,495,488,-1,499,500,501,-1,430,502,478,-1,478,502,503,-1,478,503,496,-1,496,503,504,-1,496,504,497,-1,497,504,505,-1,497,505,498,-1,498,505,499,-1,498,499,493,-1,493,499,501,-1,493,501,494,-1,430,431,502,-1,502,431,432,-1,502,432,435,-1,506,507,508,-1,435,477,502,-1,502,477,509,-1,502,509,503,-1,503,509,510,-1,503,510,504,-1,504,510,511,-1,504,511,505,-1,505,511,506,-1,505,506,499,-1,499,506,508,-1,499,508,500,-1,512,507,513,-1,513,507,506,-1,513,506,514,-1,514,506,511,-1,514,511,515,-1,515,511,510,-1,515,510,516,-1,516,510,509,-1,516,509,517,-1,517,509,477,-1,517,477,433,-1,433,477,434,-1,512,476,437,-1,512,437,507,-1,507,437,436,-1,507,436,508,-1,508,436,500,-1,500,436,466,-1,500,466,501,-1,466,465,501,-1,501,465,440,-1,501,440,494,-1,494,440,439,-1,494,439,495,-1,495,439,443,-1,495,443,488,-1,488,443,442,-1,488,442,489,-1,489,442,449,-1,489,449,485,-1,485,449,451,-1,485,451,486,-1,486,451,309,-1,486,309,307,-1,219,159,161,-1,161,100,99,-1,99,231,161,-1,161,231,229,-1,161,229,219,-1,127,125,192,-1,192,125,194,-1,128,129,189,-1,189,129,190,-1,192,190,127,-1,127,190,129,-1,126,128,191,-1,191,128,189,-1,100,161,130,-1,130,161,163,-1,130,163,131,-1,131,163,164,-1,131,164,132,-1,132,164,215,-1,132,215,106,-1,106,215,214,-1,106,214,107,-1,107,214,213,-1,107,213,120,-1,120,213,212,-1,120,212,121,-1,121,212,211,-1,121,211,136,-1,136,211,198,-1,136,198,137,-1,137,198,197,-1,137,197,123,-1,123,197,196,-1,123,196,124,-1,124,196,195,-1,124,195,125,-1,125,195,194,-1,147,201,148,-1,148,201,200,-1,148,200,141,-1,141,200,199,-1,141,199,142,-1,142,199,207,-1,142,207,111,-1,111,207,171,-1,111,171,138,-1,138,171,154,-1,138,154,97,-1,97,154,156,-1,201,147,202,-1,202,147,146,-1,202,146,178,-1,178,146,119,-1,178,119,177,-1,177,119,118,-1,177,118,175,-1,175,118,117,-1,175,117,182,-1,182,117,116,-1,182,116,181,-1,181,116,115,-1,135,208,108,-1,108,208,217,-1,108,217,98,-1,98,217,206,-1,98,206,104,-1,104,206,205,-1,104,205,105,-1,105,205,204,-1,105,204,103,-1,103,204,203,-1,103,203,102,-1,102,203,216,-1,139,174,140,-1,140,174,173,-1,140,173,109,-1,109,173,172,-1,109,172,110,-1,110,172,170,-1,110,170,133,-1,133,170,169,-1,133,169,134,-1,134,169,209,-1,134,209,135,-1,135,209,208,-1,518,114,234,-1,518,234,519,-1,519,234,236,-1,519,236,520,-1,520,236,238,-1,520,238,521,-1,521,238,240,-1,521,240,522,-1,522,240,242,-1,522,242,523,-1,523,242,244,-1,523,244,524,-1,524,244,251,-1,524,251,525,-1,526,527,528,-1,526,528,529,-1,530,525,531,-1,531,525,251,-1,530,532,525,-1,525,532,533,-1,525,533,534,-1,534,535,525,-1,525,535,536,-1,525,536,537,-1,537,538,525,-1,525,538,539,-1,525,539,528,-1,528,539,540,-1,528,540,529,-1,541,112,518,-1,518,112,114,-1,528,527,542,-1,528,542,543,-1,543,542,544,-1,543,544,545,-1,545,544,546,-1,545,546,547,-1,547,546,548,-1,547,548,549,-1,549,548,550,-1,549,550,551,-1,551,550,552,-1,551,552,553,-1,553,552,554,-1,553,554,555,-1,556,264,262,-1,556,262,557,-1,557,262,260,-1,557,260,558,-1,558,260,258,-1,558,258,559,-1,559,258,256,-1,559,256,560,-1,560,256,254,-1,560,254,561,-1,561,254,252,-1,561,252,562,-1,562,252,112,-1,562,112,541,-1,563,564,554,-1,554,564,555,-1,565,566,556,-1,556,566,264,-1,564,563,567,-1,564,567,568,-1,568,567,569,-1,568,569,570,-1,570,569,571,-1,570,571,572,-1,572,571,573,-1,572,573,574,-1,574,573,575,-1,574,575,576,-1,576,575,577,-1,576,577,578,-1,578,577,566,-1,578,566,565,-1,579,580,581,-1,581,580,582,-1,583,584,585,-1,585,584,586,-1,585,586,587,-1,587,586,588,-1,587,588,589,-1,589,588,590,-1,589,590,591,-1,591,590,592,-1,591,592,593,-1,593,592,594,-1,593,594,579,-1,579,594,580,-1,581,582,595,-1,595,582,596,-1,595,596,597,-1,597,596,598,-1,597,598,599,-1,599,598,600,-1,599,600,601,-1,601,600,602,-1,601,602,603,-1,603,602,604,-1,603,604,605,-1,605,604,606,-1,301,607,583,-1,583,607,584,-1,608,267,606,-1,606,267,605,-1,176,609,291,-1,291,609,610,-1,291,610,293,-1,293,610,611,-1,293,611,295,-1,295,611,612,-1,295,612,297,-1,297,612,613,-1,297,613,299,-1,299,613,614,-1,299,614,301,-1,301,614,607,-1,267,608,269,-1,269,608,615,-1,269,615,271,-1,271,615,616,-1,271,616,273,-1,273,616,617,-1,273,617,275,-1,275,617,618,-1,275,618,277,-1,277,618,619,-1,277,619,180,-1,180,619,620,-1,180,620,176,-1,176,620,609,-1,93,95,166,-1,166,95,158,-1,92,91,167,-1,167,91,165,-1,621,622,623,-1,623,622,624,-1,625,626,627,-1,627,626,628,-1,185,145,153,-1,185,153,210,-1,210,153,152,-1,210,152,186,-1,186,152,149,-1,186,149,187,-1,187,149,150,-1,187,150,188,-1,188,150,151,-1,188,151,183,-1,183,151,144,-1,183,144,184,-1,629,630,631,-1,629,631,632,-1,632,631,633,-1,632,633,634,-1,634,633,635,-1,634,635,636,-1,636,635,637,-1,636,637,638,-1,638,637,639,-1,638,639,640,-1,640,639,641,-1,640,641,642,-1,
        ]
    }
}
Shape{
    appearance Appearance {
        material  Material 	{
            diffuseColor 0.0 0.0 0.0
            specularColor 0.0 0.0 0.0
            ambientIntensity 0.0
            transparency 0.0
            shininess 0.5
        }
    }
    geometry IndexedFaceSet {
        ccw TRUE
        solid FALSE
        coord DEF co Coordinate {
            point [
                0.0208 0.281 1.2953, 0.0208 0.2719 1.2953, 0.0208 0.281 1.2913, 0.0208 0.2719 1.2913, -0.0111 0.281 1.2953, -0.0111 0.281 1.2913, -0.0111 0.352 1.2953, -0.0111 0.352 1.2913, -0.0214 0.352 1.2953, -0.0214 0.352 1.2913, -0.0214 0.2719 1.2953, -0.0214 0.2719 1.2913, 0.0841 0.2752 1.2913, 0.0841 0.2752 1.2953, 0.0827 0.2745 1.2953, 0.0619 0.2706 1.2953, 0.0619 0.2706 1.2913, 0.0741 0.2717 1.2913, 0.0741 0.2717 1.2953, 0.0806 0.2739 1.2913, 0.0827 0.2745 1.2913, 0.0841 0.2851 1.2953, 0.0841 0.2851 1.2913, 0.0806 0.2836 1.2913, 0.0762 0.2816 1.2953, 0.0762 0.2816 1.2913, 0.0671 0.2799 1.2913, 0.0671 0.2799 1.2953, 0.0634 0.2798 1.2913, 0.0634 0.2798 1.2953, 0.0564 0.2805 1.2913, 0.0564 0.2805 1.2953, 0.0505 0.2825 1.2913, 0.0505 0.2825 1.2953, 0.0451 0.286 1.2913, 0.0451 0.286 1.2953, 0.0428 0.2882 1.2913, 0.0428 0.2882 1.2953, 0.0392 0.2932 1.2913, 0.0392 0.2932 1.2953, 0.0365 0.2996 1.2913, 0.0365 0.2996 1.2953, 0.0351 0.3074 1.2913, 0.0351 0.3074 1.2953, 0.035 0.311 1.2913, 0.035 0.311 1.2953, 0.0363 0.322 1.2913, 0.0363 0.322 1.2953, 0.0389 0.3289 1.2913, 0.0389 0.3289 1.2953, 0.0428 0.3345 1.2913, 0.0428 0.3345 1.2953, 0.0434 0.3351 1.2913, 0.0434 0.3351 1.2953, 0.0483 0.3393 1.2913, 0.0483 0.3393 1.2953, 0.0545 0.3423 1.2913, 0.0545 0.3423 1.2953, 0.0614 0.3438 1.2913, 0.0614 0.3438 1.2953, 0.0652 0.344 1.2913, 0.0652 0.344 1.2953, 0.075 0.3428 1.2913, 0.0806 0.3407 1.2913, 0.0832 0.3397 1.2953, 0.075 0.3428 1.2953, 0.0832 0.3397 1.2913, 0.0841 0.3392 1.2913, 0.0841 0.3392 1.2953, 0.0841 0.3501 1.2953, 0.0841 0.3501 1.2913, 0.0806 0.351 1.2913, 0.0756 0.3525 1.2953, 0.0651 0.3533 1.2913, 0.0651 0.3533 1.2953, 0.0737 0.3527 1.2913, 0.0756 0.3525 1.2913, 0.0595 0.3527 1.2913, 0.0535 0.3519 1.2953, 0.0535 0.3519 1.2913, 0.0452 0.3487 1.2913, 0.0452 0.3487 1.2953, 0.0377 0.3434 1.2913, 0.0377 0.3434 1.2953, 0.0357 0.3415 1.2913, 0.0357 0.3415 1.2953, 0.0299 0.334 1.2913, 0.0299 0.334 1.2953, 0.0261 0.3251 1.2913, 0.0261 0.3251 1.2953, 0.0242 0.3146 1.2913, 0.0242 0.3146 1.2953, 0.0241 0.3104 1.2913, 0.0241 0.3104 1.2953, 0.0257 0.2974 1.2913, 0.0257 0.2974 1.2953, 0.0289 0.289 1.2913, 0.0289 0.289 1.2953, 0.0337 0.2822 1.2913, 0.0337 0.2822 1.2953, 0.0344 0.2815 1.2913, 0.0344 0.2815 1.2953, 0.0408 0.2761 1.2913, 0.0408 0.2761 1.2953, 0.0484 0.2726 1.2913, 0.0484 0.2726 1.2953, 0.057 0.2708 1.2913, 0.057 0.2708 1.2953, 0.1431 0.281 1.2953, 0.1431 0.2719 1.2953, 0.1431 0.281 1.2913, 0.1431 0.2719 1.2913, 0.1104 0.281 1.2913, 0.1104 0.281 1.2953, 0.132 0.281 1.2913, 0.1104 0.308 1.2953, 0.1104 0.308 1.2913, 0.1391 0.308 1.2953, 0.132 0.308 1.2913, 0.1391 0.308 1.2913, 0.1391 0.3171 1.2953, 0.1391 0.3171 1.2913, 0.1104 0.3171 1.2913, 0.1104 0.3171 1.2953, 0.132 0.3171 1.2913, 0.1104 0.3428 1.2953, 0.1104 0.3428 1.2913, 0.1413 0.3428 1.2953, 0.132 0.3428 1.2913, 0.1413 0.3428 1.2913, 0.1413 0.352 1.2953, 0.1413 0.352 1.2913, 0.1001 0.352 1.2913, 0.1001 0.352 1.2953, 0.132 0.352 1.2913, 0.1001 0.2719 1.2953, 0.1001 0.2719 1.2913, 0.132 0.2719 1.2913, 0.2114 0.2831 1.2953, 0.2031 0.2885 1.2953, 0.203 0.2771 1.2953, 0.1979 0.2849 1.2953, 0.1939 0.2736 1.2953, 0.1913 0.2824 1.2953, 0.1803 0.2719 1.2953, 0.1802 0.281 1.2953, 0.1583 0.2719 1.2953, 0.1686 0.281 1.2953, 0.1583 0.352 1.2953, 0.1686 0.3428 1.2953, 0.1811 0.352 1.2953, 0.1807 0.3428 1.2953, 0.1815 0.3428 1.2953, 0.1933 0.3506 1.2953, 0.1918 0.3414 1.2953, 0.203 0.3471 1.2953, 0.1986 0.3388 1.2953, 0.2114 0.3414 1.2953, 0.2038 0.3352 1.2953, 0.2142 0.3386 1.2953, 0.2061 0.333 1.2953, 0.2192 0.3316 1.2953, 0.2092 0.3285 1.2953, 0.2221 0.324 1.2953, 0.2114 0.3227 1.2953, 0.2235 0.313 1.2953, 0.2126 0.3127 1.2953, 0.2232 0.3079 1.2953, 0.2123 0.3072 1.2953, 0.2213 0.2985 1.2953, 0.2107 0.2999 1.2953, 0.2173 0.2902 1.2953, 0.2079 0.2941 1.2953, 0.204 0.2894 1.2953, 0.1803 0.2719 1.2913, 0.1583 0.2719 1.2913, 0.1939 0.2736 1.2913, 0.203 0.2771 1.2913, 0.2114 0.2831 1.2913, 0.2173 0.2902 1.2913, 0.2213 0.2985 1.2913, 0.2232 0.3079 1.2913, 0.2235 0.313 1.2913, 0.2221 0.324 1.2913, 0.2192 0.3316 1.2913, 0.2142 0.3386 1.2913, 0.2114 0.3414 1.2913, 0.203 0.3471 1.2913, 0.1933 0.3506 1.2913, 0.1811 0.352 1.2913, 0.1583 0.352 1.2913, 0.1807 0.3428 1.2913, 0.1686 0.3428 1.2913, 0.1686 0.281 1.2913, 0.1802 0.281 1.2913, 0.204 0.2894 1.2913, 0.2031 0.2885 1.2913, 0.1979 0.2849 1.2913, 0.1913 0.2824 1.2913, 0.2126 0.3127 1.2913, 0.2123 0.3072 1.2913, 0.2107 0.2999 1.2913, 0.2079 0.2941 1.2913, 0.2038 0.3352 1.2913, 0.2061 0.333 1.2913, 0.2092 0.3285 1.2913, 0.2114 0.3227 1.2913, 0.1815 0.3428 1.2913, 0.1918 0.3414 1.2913, 0.1986 0.3388 1.2913
            ]
        }
        coordIndex [
            0,1,2,-1,2,1,3,-1,4,0,5,-1,5,0,2,-1,6,4,7,-1,7,4,5,-1,8,6,9,-1,9,6,7,-1,10,8,11,-1,11,8,9,-1,1,10,3,-1,3,10,11,-1,6,8,4,-1,4,8,10,-1,4,10,0,-1,0,10,1,-1,12,13,14,-1,15,16,17,-1,15,17,18,-1,18,17,19,-1,18,19,14,-1,14,19,20,-1,14,20,12,-1,21,13,22,-1,22,13,12,-1,21,22,23,-1,21,23,24,-1,23,25,24,-1,24,25,26,-1,24,26,27,-1,27,26,28,-1,27,28,29,-1,29,28,30,-1,29,30,31,-1,31,30,32,-1,31,32,33,-1,33,32,34,-1,33,34,35,-1,35,34,36,-1,35,36,37,-1,37,36,38,-1,37,38,39,-1,39,38,40,-1,39,40,41,-1,41,40,42,-1,41,42,43,-1,43,42,44,-1,43,44,45,-1,45,44,46,-1,45,46,47,-1,47,46,48,-1,47,48,49,-1,49,48,50,-1,49,50,51,-1,51,50,52,-1,51,52,53,-1,53,52,54,-1,53,54,55,-1,55,54,56,-1,55,56,57,-1,57,56,58,-1,57,58,59,-1,59,58,60,-1,59,60,61,-1,61,60,62,-1,63,64,62,-1,62,64,65,-1,62,65,61,-1,63,66,64,-1,64,66,67,-1,64,67,68,-1,69,68,70,-1,70,68,67,-1,69,70,71,-1,69,71,72,-1,73,74,75,-1,75,74,72,-1,75,72,76,-1,76,72,71,-1,74,73,77,-1,74,77,78,-1,77,79,78,-1,78,79,80,-1,78,80,81,-1,81,80,82,-1,81,82,83,-1,83,82,84,-1,83,84,85,-1,85,84,86,-1,85,86,87,-1,87,86,88,-1,87,88,89,-1,89,88,90,-1,89,90,91,-1,91,90,92,-1,91,92,93,-1,93,92,94,-1,93,94,95,-1,95,94,96,-1,95,96,97,-1,97,96,98,-1,97,98,99,-1,99,98,100,-1,99,100,101,-1,101,100,102,-1,101,102,103,-1,103,102,104,-1,103,104,105,-1,105,104,106,-1,105,106,107,-1,107,106,16,-1,107,16,15,-1,55,57,78,-1,47,49,87,-1,87,49,85,-1,78,57,74,-1,93,45,91,-1,91,45,47,-1,91,47,89,-1,89,47,87,-1,57,59,74,-1,74,59,61,-1,74,61,72,-1,72,61,65,-1,72,65,69,-1,69,65,64,-1,69,64,68,-1,13,21,14,-1,14,21,24,-1,14,24,18,-1,18,24,27,-1,18,27,15,-1,15,27,29,-1,15,29,107,-1,107,29,31,-1,107,31,105,-1,105,31,33,-1,105,33,103,-1,103,33,35,-1,103,35,101,-1,101,35,37,-1,101,37,99,-1,99,37,39,-1,99,39,97,-1,97,39,95,-1,95,39,41,-1,95,41,93,-1,93,41,43,-1,93,43,45,-1,49,51,85,-1,85,51,53,-1,85,53,83,-1,83,53,55,-1,83,55,81,-1,81,55,78,-1,108,109,110,-1,110,109,111,-1,112,113,114,-1,114,113,108,-1,114,108,110,-1,115,113,116,-1,116,113,112,-1,115,116,117,-1,117,116,118,-1,117,118,119,-1,120,117,121,-1,121,117,119,-1,122,123,124,-1,124,123,120,-1,124,120,121,-1,125,123,126,-1,126,123,122,-1,125,126,127,-1,127,126,128,-1,127,128,129,-1,130,127,131,-1,131,127,129,-1,132,133,134,-1,134,133,130,-1,134,130,131,-1,135,133,136,-1,136,133,132,-1,135,136,109,-1,109,136,137,-1,109,137,111,-1,135,109,108,-1,108,113,135,-1,135,113,115,-1,135,115,133,-1,127,130,125,-1,125,130,133,-1,125,133,123,-1,123,133,115,-1,123,115,120,-1,120,115,117,-1,138,139,140,-1,140,139,141,-1,140,141,142,-1,142,141,143,-1,142,143,144,-1,144,143,145,-1,144,145,146,-1,146,145,147,-1,146,147,148,-1,148,147,149,-1,148,149,150,-1,149,151,150,-1,150,151,152,-1,150,152,153,-1,153,152,154,-1,153,154,155,-1,155,154,156,-1,155,156,157,-1,157,156,158,-1,157,158,159,-1,159,158,160,-1,159,160,161,-1,161,160,162,-1,161,162,163,-1,163,162,164,-1,163,164,165,-1,165,164,166,-1,165,166,167,-1,167,166,168,-1,167,168,169,-1,169,168,170,-1,169,170,171,-1,171,170,172,-1,171,172,138,-1,138,172,173,-1,138,173,139,-1,144,146,174,-1,174,146,175,-1,144,174,176,-1,144,176,142,-1,142,176,177,-1,142,177,140,-1,140,177,178,-1,140,178,138,-1,138,178,179,-1,138,179,171,-1,171,179,180,-1,171,180,169,-1,169,180,181,-1,169,181,167,-1,167,181,182,-1,167,182,165,-1,165,182,183,-1,165,183,163,-1,163,183,184,-1,163,184,161,-1,161,184,185,-1,161,185,159,-1,159,185,186,-1,159,186,157,-1,157,186,187,-1,157,187,155,-1,155,187,188,-1,155,188,153,-1,153,188,189,-1,153,189,150,-1,148,150,190,-1,190,150,189,-1,146,148,175,-1,175,148,190,-1,151,149,191,-1,191,149,192,-1,149,147,192,-1,192,147,193,-1,147,145,193,-1,193,145,194,-1,173,195,196,-1,173,196,139,-1,139,196,197,-1,139,197,141,-1,141,197,198,-1,141,198,143,-1,143,198,194,-1,143,194,145,-1,166,199,200,-1,166,200,168,-1,168,200,201,-1,168,201,170,-1,170,201,202,-1,170,202,172,-1,172,202,195,-1,172,195,173,-1,158,203,204,-1,158,204,160,-1,160,204,205,-1,160,205,162,-1,162,205,206,-1,162,206,164,-1,164,206,199,-1,164,199,166,-1,151,191,207,-1,151,207,152,-1,152,207,208,-1,152,208,154,-1,154,208,209,-1,154,209,156,-1,156,209,203,-1,156,203,158,-1,
        ]
    }
}
Shape{
    appearance Appearance {
        material  Material 	{
            diffuseColor 0.7529411764705882 0.7529411764705882 0.7529411764705882
            specularColor 0.3764705882352941 0.3764705882352941 0.3764705882352941
            ambientIntensity 0.7529
            transparency 0.0
            shininess 0.5
        }
    }
    geometry IndexedFaceSet {
        ccw TRUE
        solid FALSE
        coord DEF co Coordinate {
            point [
                0.1979 0.2849 1.2913, 0.2031 0.2885 1.2913, 0.1815 0.3428 1.2913, 0.1686 0.3428 1.2913, 0.1686 0.281 1.2913, 0.1807 0.3428 1.2913, 0.1802 0.281 1.2913, 0.1913 0.2824 1.2913, 0.204 0.2894 1.2913, 0.2079 0.2941 1.2913, 0.2107 0.2999 1.2913, 0.2126 0.3127 1.2913, 0.2038 0.3352 1.2913, 0.1986 0.3388 1.2913, 0.2114 0.3227 1.2913, 0.2092 0.3285 1.2913, 0.2061 0.333 1.2913, 0.2123 0.3072 1.2913, 0.1918 0.3414 1.2913
            ]
        }
        coordIndex [
            0,1,2,-1,3,4,5,-1,5,4,6,-1,5,6,2,-1,2,6,7,-1,2,7,0,-1,1,8,2,-1,2,8,9,-1,2,9,10,-1,11,12,13,-1,14,15,11,-1,11,15,16,-1,11,16,12,-1,10,17,2,-1,2,17,11,-1,2,11,18,-1,18,11,13,-1,
        ]
    }
}
Shape{
    appearance Appearance {
        material  Material 	{
            diffuseColor 0.0 0.0 0.0
            specularColor 0.0 0.0 0.0
            ambientIntensity 0.0
            transparency 0.0
            shininess 0.5
        }
    }
    geometry IndexedFaceSet {
        ccw TRUE
        solid FALSE
        coord DEF co Coordinate {
            point [
                0.2503 0.3029 1.2953, 0.247 0.2938 1.2953, 0.2772 0.3029 1.2953, 0.2804 0.2938 1.2953, 0.2623 0.3361 1.2953, 0.2584 0.352 1.2953, 0.2279 0.2719 1.2953, 0.2393 0.2719 1.2953, 0.263 0.3385 1.2953, 0.2636 0.3417 1.2953, 0.2695 0.352 1.2953, 0.2638 0.3417 1.2953, 0.2645 0.3384 1.2953, 0.2651 0.3361 1.2953, 0.2999 0.2719 1.2953, 0.2885 0.2719 1.2953, 0.2695 0.352 1.2913, 0.2999 0.2719 1.2913, 0.2584 0.352 1.2913, 0.2279 0.2719 1.2913, 0.251 0.3325 1.2913, 0.2393 0.2719 1.2913, 0.247 0.2938 1.2913, 0.2804 0.2938 1.2913, 0.251 0.2938 1.2913, 0.2885 0.2719 1.2913, 0.2503 0.3029 1.2913, 0.2772 0.3029 1.2913, 0.2651 0.3361 1.2913, 0.2638 0.3417 1.2913, 0.2645 0.3384 1.2913, 0.2636 0.3417 1.2913, 0.2623 0.3361 1.2913, 0.263 0.3385 1.2913
            ]
        }
        coordIndex [
            0,1,2,-1,2,1,3,-1,4,5,0,-1,0,5,6,-1,0,6,1,-1,1,6,7,-1,4,8,5,-1,5,8,9,-1,5,9,10,-1,10,9,11,-1,10,11,12,-1,12,13,10,-1,10,13,2,-1,10,2,14,-1,14,2,3,-1,14,3,15,-1,10,14,16,-1,16,14,17,-1,5,10,18,-1,18,10,16,-1,19,6,20,-1,20,6,5,-1,20,5,18,-1,7,6,21,-1,21,6,19,-1,1,7,22,-1,22,7,21,-1,23,3,24,-1,24,3,1,-1,24,1,22,-1,15,3,25,-1,25,3,23,-1,14,15,17,-1,17,15,25,-1,0,2,26,-1,26,2,27,-1,2,13,27,-1,27,13,28,-1,11,29,30,-1,11,30,12,-1,12,30,28,-1,12,28,13,-1,11,9,29,-1,29,9,31,-1,4,32,33,-1,4,33,8,-1,8,33,31,-1,8,31,9,-1,4,0,32,-1,32,0,26,-1,
        ]
    }
}
Shape{
    appearance Appearance {
        material  Material 	{
            diffuseColor 0.7529411764705882 0.7529411764705882 0.7529411764705882
            specularColor 0.3764705882352941 0.3764705882352941 0.3764705882352941
            ambientIntensity 0.7529
            transparency 0.0
            shininess 0.5
        }
    }
    geometry IndexedFaceSet {
        ccw TRUE
        solid FALSE
        coord DEF co Coordinate {
            point [
                0.2638 0.3417 1.2913, 0.2636 0.3417 1.2913, 0.2645 0.3384 1.2913, 0.263 0.3385 1.2913, 0.2651 0.3361 1.2913, 0.2623 0.3361 1.2913, 0.2772 0.3029 1.2913, 0.2503 0.3029 1.2913
            ]
        }
        coordIndex [
            0,1,2,-1,2,1,3,-1,2,3,4,-1,4,3,5,-1,4,5,6,-1,6,5,7,-1,
        ]
    }
}
Shape{
    appearance Appearance {
        material  Material 	{
            diffuseColor 0.0 0.0 0.0
            specularColor 0.0 0.0 0.0
            ambientIntensity 0.0
            transparency 0.0
            shininess 0.5
        }
    }
    geometry IndexedFaceSet {
        ccw TRUE
        solid FALSE
        coord DEF co Coordinate {
            point [
                0.0217 0.154 1.2953, 0.0217 0.1449 1.2953, 0.0217 0.154 1.2913, 0.0217 0.1449 1.2913, -0.0111 0.154 1.2913, -0.0111 0.154 1.2953, 0.0213 0.154 1.2913, -0.0111 0.1809 1.2953, -0.0111 0.1809 1.2913, 0.0176 0.1809 1.2953, 0.0176 0.1809 1.2913, 0.0176 0.1901 1.2953, 0.0176 0.1901 1.2913, -0.0111 0.1901 1.2953, -0.0111 0.1901 1.2913, -0.0111 0.2157 1.2953, -0.0111 0.2157 1.2913, 0.0198 0.2157 1.2953, 0.0198 0.2157 1.2913, 0.0198 0.225 1.2953, 0.0198 0.225 1.2913, -0.0214 0.225 1.2953, -0.0214 0.225 1.2913, -0.0214 0.1449 1.2953, -0.0214 0.1449 1.2913, 0.0213 0.1449 1.2913, 0.0672 0.1449 1.2953, 0.0772 0.1449 1.2953, 0.0672 0.1537 1.2953, 0.0772 0.1817 1.2953, 0.0538 0.1718 1.2953, 0.0672 0.1736 1.2953, 0.0672 0.1681 1.2953, 0.0669 0.1537 1.2953, 0.0616 0.1552 1.2953, 0.0643 0.15 1.2953, 0.0588 0.1533 1.2953, 0.0386 0.1749 1.2953, 0.0355 0.1723 1.2953, 0.0429 0.1668 1.2953, 0.0672 0.1674 1.2953, 0.0665 0.163 1.2953, 0.0651 0.1594 1.2953, 0.0629 0.1564 1.2953, 0.0369 0.1981 1.2953, 0.0369 0.1883 1.2953, 0.0389 0.1993 1.2953, 0.0428 0.1922 1.2953, 0.0464 0.2022 1.2953, 0.049 0.1945 1.2953, 0.0565 0.2034 1.2953, 0.0556 0.1952 1.2953, 0.0628 0.2028 1.2953, 0.059 0.1949 1.2953, 0.067 0.2015 1.2953, 0.0613 0.1941 1.2953, 0.0703 0.1996 1.2953, 0.0631 0.1929 1.2953, 0.0729 0.197 1.2953, 0.0646 0.1913 1.2953, 0.0749 0.1937 1.2953, 0.0658 0.1892 1.2953, 0.0765 0.1891 1.2953, 0.0668 0.1857 1.2953, 0.0672 0.1812 1.2953, 0.042 0.1649 1.2953, 0.0334 0.1695 1.2953, 0.0415 0.1626 1.2953, 0.0502 0.1789 1.2953, 0.0453 0.1692 1.2953, 0.0476 0.1703 1.2953, 0.0435 0.1552 1.2953, 0.0362 0.148 1.2953, 0.0443 0.1543 1.2953, 0.0396 0.1457 1.2953, 0.0463 0.153 1.2953, 0.0434 0.1442 1.2953, 0.0486 0.1521 1.2953, 0.0494 0.1435 1.2953, 0.052 0.1518 1.2953, 0.0551 0.1442 1.2953, 0.0558 0.1522 1.2953, 0.0591 0.1458 1.2953, 0.061 0.147 1.2953, 0.0441 0.1683 1.2953, 0.043 0.1771 1.2953, 0.032 0.166 1.2953, 0.0313 0.1617 1.2953, 0.0414 0.161 1.2953, 0.0313 0.1602 1.2953, 0.0417 0.1587 1.2953, 0.0318 0.1556 1.2953, 0.0424 0.1569 1.2953, 0.033 0.1522 1.2953, 0.0351 0.1492 1.2953, 0.0565 0.2034 1.2913, 0.0464 0.2022 1.2913, 0.0389 0.1993 1.2913, 0.0369 0.1981 1.2913, 0.0369 0.1883 1.2913, 0.0428 0.1922 1.2913, 0.049 0.1945 1.2913, 0.0556 0.1952 1.2913, 0.059 0.1949 1.2913, 0.0613 0.1941 1.2913, 0.0631 0.1929 1.2913, 0.0646 0.1913 1.2913, 0.0658 0.1892 1.2913, 0.0668 0.1857 1.2913, 0.0672 0.1812 1.2913, 0.0502 0.1789 1.2913, 0.043 0.1771 1.2913, 0.0386 0.1749 1.2913, 0.0355 0.1723 1.2913, 0.0334 0.1695 1.2913, 0.032 0.166 1.2913, 0.0313 0.1617 1.2913, 0.0313 0.1602 1.2913, 0.0318 0.1556 1.2913, 0.033 0.1522 1.2913, 0.0351 0.1492 1.2913, 0.0362 0.148 1.2913, 0.0494 0.1435 1.2913, 0.0436 0.1442 1.2913, 0.0434 0.1442 1.2913, 0.0396 0.1457 1.2913, 0.0549 0.1442 1.2913, 0.0551 0.1442 1.2913, 0.0591 0.1458 1.2913, 0.061 0.147 1.2913, 0.0643 0.15 1.2913, 0.0669 0.1537 1.2913, 0.0672 0.1537 1.2913, 0.0672 0.1449 1.2913, 0.0772 0.1449 1.2913, 0.0772 0.1817 1.2913, 0.0765 0.1891 1.2913, 0.0749 0.1937 1.2913, 0.0729 0.197 1.2913, 0.0703 0.1996 1.2913, 0.067 0.2015 1.2913, 0.0628 0.2028 1.2913, 0.0441 0.1683 1.2913, 0.0453 0.1692 1.2913, 0.0476 0.1703 1.2913, 0.0538 0.1718 1.2913, 0.0414 0.161 1.2913, 0.0415 0.1626 1.2913, 0.042 0.1649 1.2913, 0.0429 0.1668 1.2913, 0.0443 0.1543 1.2913, 0.0435 0.1552 1.2913, 0.0424 0.1569 1.2913, 0.0417 0.1587 1.2913, 0.052 0.1518 1.2913, 0.0486 0.1521 1.2913, 0.0463 0.153 1.2913, 0.0629 0.1564 1.2913, 0.0616 0.1552 1.2913, 0.0588 0.1533 1.2913, 0.0558 0.1522 1.2913, 0.0672 0.1681 1.2913, 0.0672 0.1674 1.2913, 0.0665 0.163 1.2913, 0.0651 0.1594 1.2913, 0.0672 0.1736 1.2913
            ]
        }
        coordIndex [
            0,1,2,-1,2,1,3,-1,4,5,6,-1,6,5,0,-1,6,0,2,-1,7,5,8,-1,8,5,4,-1,9,7,10,-1,10,7,8,-1,11,9,12,-1,12,9,10,-1,13,11,14,-1,14,11,12,-1,15,13,16,-1,16,13,14,-1,17,15,18,-1,18,15,16,-1,19,17,20,-1,20,17,18,-1,21,19,22,-1,22,19,20,-1,23,21,24,-1,24,21,22,-1,3,1,25,-1,25,1,23,-1,25,23,24,-1,23,1,0,-1,0,5,23,-1,23,5,7,-1,23,7,21,-1,17,19,15,-1,15,19,21,-1,15,21,13,-1,13,21,7,-1,13,7,11,-1,11,7,9,-1,26,27,28,-1,28,27,29,-1,30,31,29,-1,29,31,32,-1,33,34,35,-1,35,34,36,-1,37,38,39,-1,32,40,29,-1,29,40,41,-1,29,41,28,-1,28,41,42,-1,28,42,33,-1,33,42,43,-1,33,43,34,-1,44,45,46,-1,46,45,47,-1,46,47,48,-1,48,47,49,-1,48,49,50,-1,50,49,51,-1,50,51,52,-1,52,51,53,-1,52,53,54,-1,54,53,55,-1,54,55,56,-1,56,55,57,-1,56,57,58,-1,58,57,59,-1,58,59,60,-1,60,59,61,-1,60,61,62,-1,62,61,63,-1,62,63,29,-1,29,63,64,-1,29,64,30,-1,39,38,65,-1,65,38,66,-1,65,66,67,-1,68,69,64,-1,64,69,70,-1,64,70,30,-1,71,72,73,-1,73,72,74,-1,73,74,75,-1,75,74,76,-1,75,76,77,-1,77,76,78,-1,77,78,79,-1,79,78,80,-1,79,80,81,-1,81,80,82,-1,81,82,36,-1,36,82,83,-1,36,83,35,-1,39,84,37,-1,37,84,69,-1,37,69,85,-1,85,69,68,-1,66,86,67,-1,67,86,87,-1,67,87,88,-1,88,87,89,-1,88,89,90,-1,90,89,91,-1,90,91,92,-1,92,91,93,-1,92,93,71,-1,71,93,94,-1,71,94,72,-1,50,95,96,-1,50,96,48,-1,48,96,97,-1,48,97,46,-1,46,97,98,-1,46,98,44,-1,45,44,99,-1,99,44,98,-1,45,99,100,-1,45,100,47,-1,47,100,101,-1,47,101,49,-1,49,101,102,-1,49,102,51,-1,51,102,103,-1,51,103,53,-1,53,103,104,-1,53,104,55,-1,55,104,105,-1,55,105,57,-1,57,105,106,-1,57,106,59,-1,59,106,107,-1,59,107,61,-1,61,107,108,-1,61,108,63,-1,63,108,109,-1,63,109,64,-1,68,64,110,-1,110,64,109,-1,68,110,111,-1,68,111,85,-1,85,111,112,-1,85,112,37,-1,37,112,113,-1,37,113,38,-1,38,113,114,-1,38,114,66,-1,66,114,115,-1,66,115,86,-1,86,115,116,-1,86,116,87,-1,87,116,117,-1,87,117,89,-1,89,117,118,-1,89,118,91,-1,91,118,119,-1,91,119,93,-1,93,119,120,-1,93,120,94,-1,94,120,121,-1,94,121,72,-1,122,78,123,-1,123,78,76,-1,123,76,124,-1,124,76,74,-1,124,74,125,-1,125,74,72,-1,125,72,121,-1,122,126,78,-1,78,126,80,-1,126,127,80,-1,80,127,128,-1,80,128,82,-1,82,128,129,-1,82,129,83,-1,83,129,130,-1,83,130,35,-1,35,130,131,-1,35,131,33,-1,28,33,132,-1,132,33,131,-1,26,28,133,-1,133,28,132,-1,27,26,134,-1,134,26,133,-1,29,27,135,-1,135,27,134,-1,29,135,136,-1,29,136,62,-1,62,136,137,-1,62,137,60,-1,60,137,138,-1,60,138,58,-1,58,138,139,-1,58,139,56,-1,56,139,140,-1,56,140,54,-1,54,140,141,-1,54,141,52,-1,52,141,95,-1,52,95,50,-1,84,142,143,-1,84,143,69,-1,69,143,144,-1,69,144,70,-1,70,144,145,-1,70,145,30,-1,88,146,147,-1,88,147,67,-1,67,147,148,-1,67,148,65,-1,65,148,149,-1,65,149,39,-1,39,149,142,-1,39,142,84,-1,73,150,151,-1,73,151,71,-1,71,151,152,-1,71,152,92,-1,92,152,153,-1,92,153,90,-1,90,153,146,-1,90,146,88,-1,79,154,155,-1,79,155,77,-1,77,155,156,-1,77,156,75,-1,75,156,150,-1,75,150,73,-1,43,157,158,-1,43,158,34,-1,34,158,159,-1,34,159,36,-1,36,159,160,-1,36,160,81,-1,81,160,154,-1,81,154,79,-1,32,161,162,-1,32,162,40,-1,40,162,163,-1,40,163,41,-1,41,163,164,-1,41,164,42,-1,42,164,157,-1,42,157,43,-1,32,31,161,-1,161,31,165,-1,31,30,165,-1,165,30,145,-1,
        ]
    }
}
Shape{
    appearance Appearance {
        material  Material 	{
            diffuseColor 0.7529411764705882 0.7529411764705882 0.7529411764705882
            specularColor 0.3764705882352941 0.3764705882352941 0.3764705882352941
            ambientIntensity 0.7529
            transparency 0.0
            shininess 0.5
        }
    }
    geometry IndexedFaceSet {
        ccw TRUE
        solid FALSE
        coord DEF co Coordinate {
            point [
                0.0672 0.1674 1.2913, 0.0672 0.1681 1.2913, 0.0441 0.1683 1.2913, 0.0672 0.1736 1.2913, 0.0538 0.1718 1.2913, 0.0476 0.1703 1.2913, 0.0453 0.1692 1.2913, 0.0665 0.163 1.2913, 0.0429 0.1668 1.2913, 0.0651 0.1594 1.2913, 0.0435 0.1552 1.2913, 0.0443 0.1543 1.2913, 0.0616 0.1552 1.2913, 0.0424 0.1569 1.2913, 0.0588 0.1533 1.2913, 0.0558 0.1522 1.2913, 0.052 0.1518 1.2913, 0.042 0.1649 1.2913, 0.0415 0.1626 1.2913, 0.0629 0.1564 1.2913, 0.0414 0.161 1.2913, 0.0417 0.1587 1.2913, 0.0463 0.153 1.2913, 0.0486 0.1521 1.2913
            ]
        }
        coordIndex [
            0,1,2,-1,1,3,4,-1,4,5,1,-1,1,5,6,-1,1,6,2,-1,0,2,7,-1,7,2,8,-1,7,8,9,-1,10,11,12,-1,10,12,13,-1,14,12,15,-1,15,12,16,-1,8,17,9,-1,9,17,18,-1,9,18,19,-1,19,18,20,-1,19,20,12,-1,12,20,21,-1,12,21,13,-1,11,22,12,-1,12,22,23,-1,12,23,16,-1,
        ]
    }
}
Shape{
    appearance Appearance {
        material  Material 	{
            diffuseColor 0.0 0.0 0.0
            specularColor 0.0 0.0 0.0
            ambientIntensity 0.0
            transparency 0.0
            shininess 0.5
        }
    }
    geometry IndexedFaceSet {
        ccw TRUE
        solid FALSE
        coord DEF co Coordinate {
            point [
                0.1073 0.1517 1.2953, 0.1073 0.1517 1.2913, 0.1011 0.1524 1.2913, 0.1011 0.1524 1.2953, 0.0948 0.1548 1.2913, 0.0948 0.1548 1.2953, 0.0908 0.1572 1.2913, 0.0908 0.1572 1.2953, 0.0908 0.1469 1.2953, 0.0908 0.1469 1.2913, 0.1063 0.1435 1.2913, 0.1063 0.1435 1.2953, 0.1006 0.1442 1.2913, 0.0969 0.1446 1.2953, 0.0969 0.1446 1.2913, 0.1153 0.1446 1.2953, 0.1121 0.1442 1.2913, 0.1153 0.1446 1.2913, 0.1206 0.1466 1.2913, 0.1206 0.1466 1.2953, 0.123 0.1481 1.2913, 0.123 0.1481 1.2953, 0.1259 0.1506 1.2913, 0.1259 0.1506 1.2953, 0.1277 0.1532 1.2913, 0.1277 0.1532 1.2953, 0.129 0.1564 1.2913, 0.129 0.1564 1.2953, 0.1294 0.1604 1.2913, 0.1294 0.1604 1.2953, 0.129 0.1642 1.2913, 0.129 0.1642 1.2953, 0.1279 0.1671 1.2913, 0.1279 0.1671 1.2953, 0.1261 0.1699 1.2913, 0.1261 0.1699 1.2953, 0.1237 0.172 1.2913, 0.1237 0.172 1.2953, 0.117 0.1757 1.2913, 0.117 0.1757 1.2953, 0.1131 0.1773 1.2913, 0.1131 0.1773 1.2953, 0.1069 0.18 1.2913, 0.1069 0.18 1.2953, 0.1034 0.1822 1.2913, 0.1034 0.1822 1.2953, 0.1024 0.1833 1.2913, 0.1024 0.1833 1.2953, 0.1017 0.1846 1.2913, 0.1017 0.1846 1.2953, 0.1013 0.1862 1.2913, 0.1013 0.1862 1.2953, 0.1012 0.1875 1.2913, 0.1012 0.1875 1.2953, 0.1014 0.1891 1.2913, 0.1014 0.1891 1.2953, 0.1019 0.1905 1.2913, 0.1019 0.1905 1.2953, 0.1027 0.1918 1.2913, 0.1027 0.1918 1.2953, 0.1043 0.1931 1.2913, 0.1043 0.1931 1.2953, 0.1065 0.1943 1.2913, 0.1065 0.1943 1.2953, 0.1092 0.195 1.2913, 0.1092 0.195 1.2953, 0.1122 0.1952 1.2913, 0.1122 0.1952 1.2953, 0.1186 0.1945 1.2913, 0.1186 0.1945 1.2953, 0.1243 0.1925 1.2913, 0.1243 0.1925 1.2953, 0.1267 0.1911 1.2913, 0.1267 0.1911 1.2953, 0.1267 0.2008 1.2953, 0.1267 0.2008 1.2913, 0.1202 0.2028 1.2913, 0.1202 0.2028 1.2953, 0.1131 0.2034 1.2913, 0.1131 0.2034 1.2953, 0.1061 0.2027 1.2913, 0.1061 0.2027 1.2953, 0.1006 0.2008 1.2913, 0.1006 0.2008 1.2953, 0.0973 0.1988 1.2913, 0.0973 0.1988 1.2953, 0.0943 0.1962 1.2913, 0.0943 0.1962 1.2953, 0.0925 0.1935 1.2913, 0.0925 0.1935 1.2953, 0.0913 0.1902 1.2913, 0.0913 0.1902 1.2953, 0.0909 0.1866 1.2913, 0.0909 0.1866 1.2953, 0.0913 0.1827 1.2913, 0.0913 0.1827 1.2953, 0.0924 0.1797 1.2913, 0.0924 0.1797 1.2953, 0.0937 0.1776 1.2913, 0.0937 0.1776 1.2953, 0.0954 0.1759 1.2913, 0.0954 0.1759 1.2953, 0.1001 0.1728 1.2913, 0.1001 0.1728 1.2953, 0.1061 0.17 1.2913, 0.1061 0.17 1.2953, 0.1126 0.1673 1.2913, 0.1126 0.1673 1.2953, 0.1166 0.1649 1.2913, 0.1166 0.1649 1.2953, 0.1178 0.1636 1.2913, 0.1178 0.1636 1.2953, 0.1186 0.1623 1.2913, 0.1186 0.1623 1.2953, 0.119 0.1607 1.2913, 0.119 0.1607 1.2953, 0.1191 0.1595 1.2913, 0.1191 0.1595 1.2953, 0.1189 0.1575 1.2913, 0.1189 0.1575 1.2953, 0.1184 0.1561 1.2913, 0.1184 0.1561 1.2953, 0.1175 0.1548 1.2913, 0.1175 0.1548 1.2953, 0.1164 0.1538 1.2913, 0.1164 0.1538 1.2953, 0.1155 0.1532 1.2913, 0.1155 0.1532 1.2953, 0.1129 0.1523 1.2913, 0.1129 0.1523 1.2953, 0.1078 0.1517 1.2913, 0.1078 0.1517 1.2953, 0.1791 0.2021 1.2953, 0.1895 0.2021 1.2953, 0.1791 0.2021 1.2913, 0.1895 0.2021 1.2913, 0.1635 0.159 1.2953, 0.1635 0.159 1.2913, 0.1628 0.1563 1.2913, 0.1628 0.1563 1.2953, 0.1623 0.1544 1.2913, 0.1623 0.1544 1.2953, 0.162 0.1544 1.2953, 0.162 0.1544 1.2913, 0.1608 0.1591 1.2953, 0.1608 0.1591 1.2913, 0.1459 0.2021 1.2913, 0.1459 0.2021 1.2953, 0.1507 0.1881 1.2913, 0.1347 0.2021 1.2953, 0.1347 0.2021 1.2913, 0.1571 0.145 1.2913, 0.1571 0.145 1.2953, 0.1507 0.1612 1.2913, 0.1527 0.1346 1.2913, 0.1527 0.1346 1.2953, 0.1567 0.1442 1.2913, 0.1507 0.131 1.2913, 0.1507 0.131 1.2953, 0.1507 0.131 1.2913, 0.1488 0.1289 1.2913, 0.1488 0.1289 1.2953, 0.1471 0.1277 1.2913, 0.1471 0.1277 1.2953, 0.1449 0.1268 1.2913, 0.1449 0.1268 1.2953, 0.1424 0.1265 1.2913, 0.1424 0.1265 1.2953, 0.1388 0.127 1.2913, 0.1388 0.127 1.2953, 0.1367 0.1277 1.2913, 0.1367 0.1277 1.2953, 0.1367 0.1188 1.2953, 0.1367 0.1188 1.2913, 0.141 0.118 1.2913, 0.141 0.118 1.2953, 0.1432 0.1179 1.2913, 0.1432 0.1179 1.2953, 0.1472 0.1184 1.2913, 0.1472 0.1184 1.2953, 0.1507 0.1197 1.2913, 0.1512 0.1199 1.2953, 0.1512 0.1199 1.2913, 0.1547 0.1224 1.2913, 0.1547 0.1224 1.2953, 0.1554 0.123 1.2913, 0.1554 0.123 1.2953, 0.1591 0.1274 1.2913, 0.1591 0.1274 1.2953, 0.1636 0.1362 1.2913, 0.1636 0.1362 1.2953, 0.1667 0.1442 1.2913, 0.2434 0.154 1.2953, 0.2434 0.1449 1.2953, 0.2434 0.154 1.2913, 0.2434 0.1449 1.2913, 0.2107 0.154 1.2913, 0.2107 0.154 1.2953, 0.2257 0.154 1.2913, 0.2107 0.1809 1.2953, 0.2107 0.1809 1.2913, 0.2393 0.1809 1.2913, 0.2393 0.1809 1.2953, 0.2257 0.1809 1.2913, 0.2393 0.1901 1.2953, 0.2393 0.1901 1.2913, 0.2107 0.1901 1.2913, 0.2107 0.1901 1.2953, 0.2257 0.1901 1.2913, 0.2107 0.2157 1.2953, 0.2107 0.2157 1.2913, 0.2416 0.2157 1.2913, 0.2416 0.2157 1.2953, 0.2257 0.2157 1.2913, 0.2416 0.225 1.2953, 0.2416 0.225 1.2913, 0.2004 0.225 1.2913, 0.2004 0.225 1.2953, 0.2257 0.225 1.2913, 0.2004 0.1449 1.2953, 0.2004 0.1449 1.2913, 0.2257 0.1449 1.2913, 0.3117 0.1561 1.2953, 0.3034 0.1615 1.2953, 0.3033 0.1501 1.2953, 0.2982 0.1579 1.2953, 0.2941 0.1465 1.2953, 0.2916 0.1553 1.2953, 0.2806 0.1449 1.2953, 0.2805 0.154 1.2953, 0.2585 0.1449 1.2953, 0.2689 0.154 1.2953, 0.2585 0.225 1.2953, 0.2689 0.2157 1.2953, 0.2814 0.225 1.2953, 0.281 0.2157 1.2953, 0.2818 0.2157 1.2953, 0.2936 0.2236 1.2953, 0.292 0.2144 1.2953, 0.3033 0.2201 1.2953, 0.2988 0.2118 1.2953, 0.3117 0.2144 1.2953, 0.3041 0.2082 1.2953, 0.3145 0.2116 1.2953, 0.3063 0.206 1.2953, 0.3194 0.2046 1.2953, 0.3094 0.2015 1.2953, 0.3224 0.197 1.2953, 0.3117 0.1957 1.2953, 0.3237 0.1859 1.2953, 0.3129 0.1857 1.2953, 0.3235 0.1808 1.2953, 0.3126 0.1802 1.2953, 0.3216 0.1715 1.2953, 0.3109 0.1729 1.2953, 0.3176 0.1632 1.2953, 0.3081 0.167 1.2953, 0.3043 0.1624 1.2953, 0.2806 0.1449 1.2913, 0.2585 0.1449 1.2913, 0.2941 0.1465 1.2913, 0.3033 0.1501 1.2913, 0.3117 0.1561 1.2913, 0.3118 0.1563 1.2913, 0.3176 0.1632 1.2913, 0.3216 0.1715 1.2913, 0.3235 0.1808 1.2913, 0.3237 0.1859 1.2913, 0.3117 0.2144 1.2913, 0.3118 0.2142 1.2913, 0.3145 0.2116 1.2913, 0.3194 0.2046 1.2913, 0.3224 0.197 1.2913, 0.3033 0.2201 1.2913, 0.2936 0.2236 1.2913, 0.2814 0.225 1.2913, 0.2585 0.225 1.2913, 0.281 0.2157 1.2913, 0.2689 0.2157 1.2913, 0.2689 0.154 1.2913, 0.2805 0.154 1.2913, 0.3043 0.1624 1.2913, 0.3034 0.1615 1.2913, 0.2982 0.1579 1.2913, 0.2916 0.1553 1.2913, 0.3129 0.1857 1.2913, 0.3126 0.1802 1.2913, 0.3109 0.1729 1.2913, 0.3081 0.167 1.2913, 0.3041 0.2082 1.2913, 0.3063 0.206 1.2913, 0.3094 0.2015 1.2913, 0.3117 0.1957 1.2913, 0.2818 0.2157 1.2913, 0.292 0.2144 1.2913, 0.2988 0.2118 1.2913
            ]
        }
        coordIndex [
            0,1,2,-1,0,2,3,-1,3,2,4,-1,3,4,5,-1,5,4,6,-1,5,6,7,-1,8,7,9,-1,9,7,6,-1,10,11,12,-1,12,11,13,-1,12,13,14,-1,14,13,8,-1,14,8,9,-1,11,10,15,-1,15,10,16,-1,16,17,15,-1,15,17,18,-1,15,18,19,-1,19,18,20,-1,19,20,21,-1,21,20,22,-1,21,22,23,-1,23,22,24,-1,23,24,25,-1,25,24,26,-1,25,26,27,-1,27,26,28,-1,27,28,29,-1,29,28,30,-1,29,30,31,-1,31,30,32,-1,31,32,33,-1,33,32,34,-1,33,34,35,-1,35,34,36,-1,35,36,37,-1,37,36,38,-1,37,38,39,-1,39,38,40,-1,39,40,41,-1,41,40,42,-1,41,42,43,-1,43,42,44,-1,43,44,45,-1,45,44,46,-1,45,46,47,-1,47,46,48,-1,47,48,49,-1,49,48,50,-1,49,50,51,-1,51,50,52,-1,51,52,53,-1,53,52,54,-1,53,54,55,-1,55,54,56,-1,55,56,57,-1,57,56,58,-1,57,58,59,-1,59,58,60,-1,59,60,61,-1,61,60,62,-1,61,62,63,-1,63,62,64,-1,63,64,65,-1,65,64,66,-1,65,66,67,-1,67,66,68,-1,67,68,69,-1,69,68,70,-1,69,70,71,-1,71,70,72,-1,71,72,73,-1,74,73,75,-1,75,73,72,-1,74,75,76,-1,74,76,77,-1,77,76,78,-1,77,78,79,-1,79,78,80,-1,79,80,81,-1,81,80,82,-1,81,82,83,-1,83,82,84,-1,83,84,85,-1,85,84,86,-1,85,86,87,-1,87,86,88,-1,87,88,89,-1,89,88,90,-1,89,90,91,-1,91,90,92,-1,91,92,93,-1,93,92,94,-1,93,94,95,-1,95,94,96,-1,95,96,97,-1,97,96,98,-1,97,98,99,-1,99,98,100,-1,99,100,101,-1,101,100,102,-1,101,102,103,-1,103,102,104,-1,103,104,105,-1,105,104,106,-1,105,106,107,-1,107,106,108,-1,107,108,109,-1,109,108,110,-1,109,110,111,-1,111,110,112,-1,111,112,113,-1,113,112,114,-1,113,114,115,-1,115,114,116,-1,115,116,117,-1,117,116,118,-1,117,118,119,-1,119,118,120,-1,119,120,121,-1,121,120,122,-1,121,122,123,-1,123,122,124,-1,123,124,125,-1,125,124,126,-1,125,126,127,-1,127,126,128,-1,127,128,129,-1,129,128,130,-1,129,130,131,-1,131,130,1,-1,131,1,0,-1,59,61,83,-1,83,61,81,-1,107,41,105,-1,105,41,43,-1,19,21,123,-1,123,21,23,-1,123,23,121,-1,121,23,25,-1,121,25,119,-1,119,25,27,-1,119,27,117,-1,117,27,29,-1,117,29,115,-1,115,29,31,-1,115,31,113,-1,113,31,33,-1,113,33,111,-1,111,33,35,-1,111,35,109,-1,109,35,37,-1,109,37,107,-1,107,37,39,-1,107,39,41,-1,11,0,13,-1,13,0,3,-1,13,3,8,-1,8,3,5,-1,8,5,7,-1,61,63,81,-1,81,63,65,-1,81,65,79,-1,79,65,67,-1,79,67,77,-1,77,67,69,-1,77,69,74,-1,74,69,71,-1,74,71,73,-1,123,125,19,-1,19,125,127,-1,19,127,15,-1,15,127,129,-1,15,129,11,-1,11,129,131,-1,11,131,0,-1,83,85,59,-1,59,85,87,-1,59,87,57,-1,57,87,89,-1,57,89,55,-1,55,89,91,-1,55,91,53,-1,53,91,93,-1,53,93,51,-1,51,93,95,-1,51,95,49,-1,49,95,97,-1,49,97,47,-1,47,97,99,-1,47,99,45,-1,45,99,101,-1,45,101,43,-1,43,101,103,-1,43,103,105,-1,132,133,134,-1,134,133,135,-1,136,132,137,-1,137,132,134,-1,136,137,138,-1,136,138,139,-1,139,138,140,-1,139,140,141,-1,142,141,143,-1,143,141,140,-1,144,142,145,-1,145,142,143,-1,146,147,148,-1,148,147,144,-1,148,144,145,-1,149,147,150,-1,150,147,146,-1,151,152,153,-1,153,152,149,-1,153,149,150,-1,154,155,156,-1,156,155,152,-1,156,152,151,-1,154,157,155,-1,155,157,158,-1,157,159,158,-1,158,159,160,-1,158,160,161,-1,161,160,162,-1,161,162,163,-1,163,162,164,-1,163,164,165,-1,165,164,166,-1,165,166,167,-1,167,166,168,-1,167,168,169,-1,169,168,170,-1,169,170,171,-1,172,171,173,-1,173,171,170,-1,172,173,174,-1,172,174,175,-1,175,174,176,-1,175,176,177,-1,177,176,178,-1,177,178,179,-1,179,178,180,-1,179,180,181,-1,180,182,181,-1,181,182,183,-1,181,183,184,-1,184,183,185,-1,184,185,186,-1,186,185,187,-1,186,187,188,-1,188,187,189,-1,188,189,190,-1,135,133,191,-1,191,133,190,-1,191,190,189,-1,139,141,190,-1,133,132,190,-1,190,132,136,-1,190,136,139,-1,147,149,144,-1,144,149,152,-1,144,152,142,-1,171,172,169,-1,169,172,175,-1,169,175,167,-1,167,175,177,-1,167,177,165,-1,165,177,179,-1,165,179,163,-1,163,179,181,-1,163,181,161,-1,141,142,190,-1,190,142,152,-1,190,152,188,-1,152,155,188,-1,188,155,158,-1,188,158,186,-1,186,158,161,-1,186,161,184,-1,184,161,181,-1,192,193,194,-1,194,193,195,-1,196,197,198,-1,198,197,192,-1,198,192,194,-1,199,197,200,-1,200,197,196,-1,201,202,203,-1,203,202,199,-1,203,199,200,-1,204,202,205,-1,205,202,201,-1,206,207,208,-1,208,207,204,-1,208,204,205,-1,209,207,210,-1,210,207,206,-1,211,212,213,-1,213,212,209,-1,213,209,210,-1,214,212,215,-1,215,212,211,-1,216,217,218,-1,218,217,214,-1,218,214,215,-1,219,217,220,-1,220,217,216,-1,195,193,221,-1,221,193,219,-1,221,219,220,-1,219,193,192,-1,192,197,219,-1,219,197,199,-1,219,199,217,-1,212,214,209,-1,209,214,217,-1,209,217,207,-1,207,217,199,-1,207,199,204,-1,204,199,202,-1,222,223,224,-1,224,223,225,-1,224,225,226,-1,226,225,227,-1,226,227,228,-1,228,227,229,-1,228,229,230,-1,230,229,231,-1,230,231,232,-1,232,231,233,-1,232,233,234,-1,233,235,234,-1,234,235,236,-1,234,236,237,-1,237,236,238,-1,237,238,239,-1,239,238,240,-1,239,240,241,-1,241,240,242,-1,241,242,243,-1,243,242,244,-1,243,244,245,-1,245,244,246,-1,245,246,247,-1,247,246,248,-1,247,248,249,-1,249,248,250,-1,249,250,251,-1,251,250,252,-1,251,252,253,-1,253,252,254,-1,253,254,255,-1,255,254,256,-1,255,256,222,-1,222,256,257,-1,222,257,223,-1,228,230,258,-1,258,230,259,-1,228,258,260,-1,228,260,226,-1,226,260,261,-1,226,261,224,-1,224,261,262,-1,224,262,222,-1,222,262,263,-1,222,263,255,-1,263,264,255,-1,255,264,265,-1,255,265,253,-1,253,265,266,-1,253,266,251,-1,251,266,267,-1,251,267,249,-1,268,241,269,-1,269,241,243,-1,269,243,270,-1,270,243,245,-1,270,245,271,-1,271,245,247,-1,271,247,272,-1,272,247,249,-1,272,249,267,-1,241,268,273,-1,241,273,239,-1,239,273,274,-1,239,274,237,-1,237,274,275,-1,237,275,234,-1,232,234,276,-1,276,234,275,-1,230,232,259,-1,259,232,276,-1,235,233,277,-1,277,233,278,-1,233,231,278,-1,278,231,279,-1,231,229,279,-1,279,229,280,-1,257,281,282,-1,257,282,223,-1,223,282,283,-1,223,283,225,-1,225,283,284,-1,225,284,227,-1,227,284,280,-1,227,280,229,-1,250,285,286,-1,250,286,252,-1,252,286,287,-1,252,287,254,-1,254,287,288,-1,254,288,256,-1,256,288,281,-1,256,281,257,-1,242,289,290,-1,242,290,244,-1,244,290,291,-1,244,291,246,-1,246,291,292,-1,246,292,248,-1,248,292,285,-1,248,285,250,-1,235,277,293,-1,235,293,236,-1,236,293,294,-1,236,294,238,-1,238,294,295,-1,238,295,240,-1,240,295,289,-1,240,289,242,-1,
        ]
    }
}
Shape{
    appearance Appearance {
        material  Material 	{
            diffuseColor 0.7529411764705882 0.7529411764705882 0.7529411764705882
            specularColor 0.3764705882352941 0.3764705882352941 0.3764705882352941
            ambientIntensity 0.7529
            transparency 0.0
            shininess 0.5
        }
    }
    geometry IndexedFaceSet {
        ccw TRUE
        solid FALSE
        coord DEF co Coordinate {
            point [
                0.2982 0.1579 1.2913, 0.3034 0.1615 1.2913, 0.2818 0.2157 1.2913, 0.2689 0.2157 1.2913, 0.2689 0.154 1.2913, 0.281 0.2157 1.2913, 0.2805 0.154 1.2913, 0.2916 0.1553 1.2913, 0.3043 0.1624 1.2913, 0.3081 0.167 1.2913, 0.3109 0.1729 1.2913, 0.3129 0.1857 1.2913, 0.3041 0.2082 1.2913, 0.2988 0.2118 1.2913, 0.3117 0.1957 1.2913, 0.3094 0.2015 1.2913, 0.3063 0.206 1.2913, 0.3126 0.1802 1.2913, 0.292 0.2144 1.2913
            ]
        }
        coordIndex [
            0,1,2,-1,3,4,5,-1,5,4,6,-1,5,6,2,-1,2,6,7,-1,2,7,0,-1,1,8,2,-1,2,8,9,-1,2,9,10,-1,11,12,13,-1,14,15,11,-1,11,15,16,-1,11,16,12,-1,10,17,2,-1,2,17,11,-1,2,11,18,-1,18,11,13,-1,
        ]
    }
}
Shape{
    appearance Appearance {
        material  Material 	{
            diffuseColor 0.0 0.0 0.0
            specularColor 0.0 0.0 0.0
            ambientIntensity 0.0
            transparency 0.0
            shininess 0.5
        }
    }
    geometry IndexedFaceSet {
        ccw TRUE
        solid FALSE
        coord DEF co Coordinate {
            point [
                0.3506 0.1758 1.2953, 0.3473 0.1668 1.2953, 0.3774 0.1758 1.2953, 0.3806 0.1668 1.2953, 0.3625 0.2091 1.2953, 0.3587 0.225 1.2953, 0.3282 0.1449 1.2953, 0.3396 0.1449 1.2953, 0.3632 0.2115 1.2953, 0.3639 0.2147 1.2953, 0.3697 0.225 1.2953, 0.3641 0.2147 1.2953, 0.3647 0.2113 1.2953, 0.3653 0.2091 1.2953, 0.4002 0.1449 1.2953, 0.3888 0.1449 1.2953, 0.3697 0.225 1.2913, 0.4002 0.1449 1.2913, 0.3587 0.225 1.2913, 0.3282 0.1449 1.2913, 0.3396 0.1449 1.2913, 0.3473 0.1668 1.2913, 0.3806 0.1668 1.2913, 0.3888 0.1449 1.2913, 0.3506 0.1758 1.2913, 0.3774 0.1758 1.2913, 0.3653 0.2091 1.2913, 0.3641 0.2147 1.2913, 0.3647 0.2113 1.2913, 0.3639 0.2147 1.2913, 0.3625 0.2091 1.2913, 0.3632 0.2115 1.2913
            ]
        }
        coordIndex [
            0,1,2,-1,2,1,3,-1,4,5,0,-1,0,5,6,-1,0,6,1,-1,1,6,7,-1,4,8,5,-1,5,8,9,-1,5,9,10,-1,10,9,11,-1,10,11,12,-1,12,13,10,-1,10,13,2,-1,10,2,14,-1,14,2,3,-1,14,3,15,-1,10,14,16,-1,16,14,17,-1,5,10,18,-1,18,10,16,-1,6,5,19,-1,19,5,18,-1,7,6,20,-1,20,6,19,-1,1,7,21,-1,21,7,20,-1,3,1,22,-1,22,1,21,-1,15,3,23,-1,23,3,22,-1,14,15,17,-1,17,15,23,-1,0,2,24,-1,24,2,25,-1,2,13,25,-1,25,13,26,-1,11,27,28,-1,11,28,12,-1,12,28,26,-1,12,26,13,-1,11,9,27,-1,27,9,29,-1,4,30,31,-1,4,31,8,-1,8,31,29,-1,8,29,9,-1,4,0,30,-1,30,0,24,-1,
        ]
    }
}
Shape{
    appearance Appearance {
        material  Material 	{
            diffuseColor 0.7529411764705882 0.7529411764705882 0.7529411764705882
            specularColor 0.3764705882352941 0.3764705882352941 0.3764705882352941
            ambientIntensity 0.7529
            transparency 0.0
            shininess 0.5
        }
    }
    geometry IndexedFaceSet {
        ccw TRUE
        solid FALSE
        coord DEF co Coordinate {
            point [
                0.3641 0.2147 1.2913, 0.3639 0.2147 1.2913, 0.3647 0.2113 1.2913, 0.3632 0.2115 1.2913, 0.3653 0.2091 1.2913, 0.3625 0.2091 1.2913, 0.3774 0.1758 1.2913, 0.3506 0.1758 1.2913
            ]
        }
        coordIndex [
            0,1,2,-1,2,1,3,-1,2,3,4,-1,4,3,5,-1,4,5,6,-1,6,5,7,-1,
        ]
    }
}
Shape{
    appearance Appearance {
        material  Material 	{
            diffuseColor 0.0 0.0 0.0
            specularColor 0.0 0.0 0.0
            ambientIntensity 0.0
            transparency 0.0
            shininess 0.5
        }
    }
    geometry IndexedFaceSet {
        ccw TRUE
        solid FALSE
        coord DEF co Coordinate {
            point [
                -0.375 0.1335 1.2953, -0.3665 0.1231 1.2953, -0.3802 0.1839 1.2953, -0.39 0.2828 1.2953, -0.3773 0.2896 1.2953, -0.3804 0.3246 1.2953, -0.3449 0.3262 1.2953, -0.3272 0.2847 1.2953, -0.3185 0.3027 1.2953, -0.2697 0.164 1.2953, -0.2697 0.1697 1.2953, -0.318 0.1836 1.2953, -0.3234 0.1853 1.2953, -0.3926 0.1915 1.2953, -0.3879 0.1479 1.2953, -0.3807 0.1457 1.2953, -0.3579 0.3273 1.2953, -0.3095 0.1767 1.2953, -0.3068 0.1721 1.2953, -0.27 0.158 1.2953, -0.19 0.2118 1.2953, -0.2077 0.242 1.2953, -0.2839 0.2021 1.2953, -0.3272 0.1856 1.2953, -0.3326 0.1849 1.2953, -0.3402 0.2198 1.2953, -0.3376 0.183 1.2953, -0.3528 0.215 1.2953, -0.3421 0.1799 1.2953, -0.3644 0.2069 1.2953, -0.3448 0.177 1.2953, -0.3739 0.1961 1.2953, -0.3476 0.1722 1.2953, -0.3492 0.1668 1.2953, -0.3493 0.1612 1.2953, -0.306 0.2176 1.2953, -0.3197 0.221 1.2953, -0.3266 0.2215 1.2953, -0.3133 0.1807 1.2953, -0.1712 0.2681 1.2953, -0.1667 0.2681 1.2953, -0.1433 0.2989 1.2953, -0.1558 0.2668 1.2953, -0.1405 0.2979 1.2953, -0.1459 0.263 1.2953, -0.1236 0.2895 1.2953, -0.1081 0.2765 1.2953, -0.3332 0.3398 1.2953, -0.3057 0.3179 1.2953, -0.3198 0.3513 1.2953, -0.2905 0.3291 1.2953, -0.3036 0.361 1.2953, -0.3633 0.2929 1.2953, -0.3574 0.2932 1.2953, -0.3514 0.327 1.2953, -0.344 0.2915 1.2953, -0.3313 0.2869 1.2953, -0.3481 0.1559 1.2953, -0.3458 0.1512 1.2953, -0.2939 0.2112 1.2953, -0.108 0.1702 1.2953, -0.1346 0.1928 1.2953, -0.1235 0.1571 1.2953, -0.143 0.1859 1.2953, -0.1409 0.1486 1.2953, -0.153 0.1813 1.2953, -0.1598 0.1446 1.2953, -0.1633 0.1793 1.2953, -0.1934 0.1446 1.2953, -0.1889 0.1793 1.2953, -0.1966 0.1451 1.2953, -0.1371 0.2568 1.2953, -0.1305 0.2495 1.2953, -0.0965 0.2603 1.2953, -0.1252 0.2397 1.2953, -0.0896 0.2429 1.2953, -0.1225 0.2287 1.2953, -0.087 0.2243 1.2953, -0.1223 0.2237 1.2953, -0.0896 0.204 1.2953, -0.1236 0.2127 1.2953, -0.0967 0.186 1.2953, -0.1276 0.2025 1.2953, -0.1338 0.1936 1.2953, -0.1741 0.3439 1.2953, -0.1963 0.3177 1.2953, -0.1544 0.3208 1.2953, -0.1835 0.3023 1.2953, -0.1747 0.284 1.2953, -0.4126 0.25 1.2953, -0.45 0.2406 1.2953, -0.4143 0.2363 1.2953, -0.4502 0.2351 1.2953, -0.4136 0.2275 1.2953, -0.4474 0.2128 1.2953, -0.4095 0.2136 1.2953, -0.4393 0.1916 1.2953, -0.4028 0.202 1.2953, -0.4263 0.1731 1.2953, -0.4085 0.1579 1.2953, -0.2772 0.3706 1.2953, -0.2719 0.3366 1.2953, -0.2515 0.3735 1.2953, -0.2509 0.3393 1.2953, -0.2245 0.3702 1.2953, -0.2316 0.3369 1.2953, -0.1963 0.3593 1.2953, -0.2138 0.3301 1.2953, -0.1978 0.319 1.2953, -0.4015 0.3164 1.2953, -0.4196 0.3037 1.2953, -0.3998 0.2741 1.2953, -0.4234 0.3 1.2953, -0.4077 0.2627 1.2953, -0.4371 0.2825 1.2953, -0.4462 0.262 1.2953, -0.3053 0.167 1.2953, -0.3051 0.1615 1.2953, -0.2733 0.144 1.2953, -0.3063 0.1559 1.2953, -0.2801 0.1313 1.2953, -0.3088 0.151 1.2953, -0.2888 0.1215 1.2953, -0.3124 0.1468 1.2953, -0.3002 0.1136 1.2953, -0.3168 0.1438 1.2953, -0.3129 0.1087 1.2953, -0.3218 0.1419 1.2953, -0.3266 0.107 1.2953, -0.3272 0.1412 1.2953, -0.3288 0.1071 1.2953, -0.3282 0.1412 1.2953, -0.3423 0.1092 1.2953, -0.3333 0.142 1.2953, -0.3554 0.1147 1.2953, -0.3384 0.1443 1.2953, -0.3428 0.1476 1.2953, -0.1917 0.1799 1.2953, -0.2054 0.1506 1.2953, -0.2041 0.1492 1.2953, -0.19 0.1795 1.2953, -0.2004 0.1466 1.2953, -0.2099 0.1623 1.2953, -0.2094 0.158 1.2953, -0.2079 0.1542 1.2953, -0.1967 0.1793 1.2953, -0.2006 0.1778 1.2953, -0.2098 0.1645 1.2953, -0.2041 0.1753 1.2953, -0.2065 0.1727 1.2953, -0.2086 0.1688 1.2953, -0.1923 0.1799 1.2953, -0.087 0.2243 1.2913, -0.0896 0.2429 1.2913, -0.0915 0.2478 1.2913, -0.0965 0.2603 1.2913, -0.1081 0.2765 1.2913, -0.1236 0.2895 1.2913, -0.1405 0.2979 1.2913, -0.1433 0.2989 1.2913, -0.1544 0.3208 1.2913, -0.1741 0.3439 1.2913, -0.1867 0.3527 1.2913, -0.1963 0.3593 1.2913, -0.2245 0.3702 1.2913, -0.2515 0.3735 1.2913, -0.2772 0.3706 1.2913, -0.3036 0.361 1.2913, -0.3175 0.3527 1.2913, -0.3198 0.3513 1.2913, -0.3332 0.3398 1.2913, -0.3449 0.3262 1.2913, -0.3514 0.327 1.2913, -0.3579 0.3273 1.2913, -0.3804 0.3246 1.2913, -0.4015 0.3164 1.2913, -0.4196 0.3037 1.2913, -0.4234 0.3 1.2913, -0.4462 0.262 1.2913, -0.4371 0.2825 1.2913, -0.4487 0.2478 1.2913, -0.45 0.2406 1.2913, -0.4502 0.2351 1.2913, -0.4474 0.2128 1.2913, -0.4393 0.1916 1.2913, -0.4263 0.1731 1.2913, -0.4085 0.1579 1.2913, -0.3879 0.1479 1.2913, -0.3807 0.1457 1.2913, -0.38 0.1442 1.2913, -0.375 0.1335 1.2913, -0.3665 0.1231 1.2913, -0.3554 0.1147 1.2913, -0.3502 0.1125 1.2913, -0.3423 0.1092 1.2913, -0.3288 0.1071 1.2913, -0.3266 0.107 1.2913, -0.2697 0.164 1.2913, -0.3129 0.1087 1.2913, -0.3031 0.1125 1.2913, -0.3002 0.1136 1.2913, -0.2888 0.1215 1.2913, -0.2801 0.1313 1.2913, -0.2733 0.144 1.2913, -0.2733 0.1442 1.2913, -0.27 0.158 1.2913, -0.2697 0.1697 1.2913, -0.19 0.2118 1.2913, -0.2077 0.242 1.2913, -0.2839 0.2021 1.2913, -0.2939 0.2112 1.2913, -0.306 0.2176 1.2913, -0.3197 0.221 1.2913, -0.3266 0.2215 1.2913, -0.3402 0.2198 1.2913, -0.3528 0.215 1.2913, -0.3644 0.2069 1.2913, -0.3739 0.1961 1.2913, -0.3802 0.1839 1.2913, -0.3926 0.1915 1.2913, -0.4028 0.202 1.2913, -0.4095 0.2136 1.2913, -0.4136 0.2275 1.2913, -0.4143 0.2363 1.2913, -0.4129 0.2478 1.2913, -0.4126 0.25 1.2913, -0.4077 0.2627 1.2913, -0.3998 0.2741 1.2913, -0.39 0.2828 1.2913, -0.3773 0.2896 1.2913, -0.3633 0.2929 1.2913, -0.3574 0.2932 1.2913, -0.344 0.2915 1.2913, -0.3313 0.2869 1.2913, -0.3272 0.2847 1.2913, -0.3185 0.3027 1.2913, -0.3057 0.3179 1.2913, -0.2905 0.3291 1.2913, -0.2719 0.3366 1.2913, -0.2509 0.3393 1.2913, -0.2316 0.3369 1.2913, -0.2138 0.3301 1.2913, -0.1978 0.319 1.2913, -0.1963 0.3177 1.2913, -0.1835 0.3023 1.2913, -0.1747 0.284 1.2913, -0.1712 0.2681 1.2913, -0.1667 0.2681 1.2913, -0.1558 0.2668 1.2913, -0.1459 0.263 1.2913, -0.1371 0.2568 1.2913, -0.1305 0.2495 1.2913, -0.1296 0.2478 1.2913, -0.1252 0.2397 1.2913, -0.1225 0.2287 1.2913, -0.1223 0.2237 1.2913, -0.1236 0.2127 1.2913, -0.1276 0.2025 1.2913, -0.1338 0.1936 1.2913, -0.1346 0.1928 1.2913, -0.143 0.1859 1.2913, -0.153 0.1813 1.2913, -0.1633 0.1793 1.2913, -0.1889 0.1793 1.2913, -0.19 0.1795 1.2913, -0.1917 0.1799 1.2913, -0.1923 0.1799 1.2913, -0.1967 0.1793 1.2913, -0.2006 0.1778 1.2913, -0.2041 0.1753 1.2913, -0.2065 0.1727 1.2913, -0.2086 0.1688 1.2913, -0.2098 0.1645 1.2913, -0.2099 0.1623 1.2913, -0.2094 0.158 1.2913, -0.2079 0.1542 1.2913, -0.2054 0.1506 1.2913, -0.2041 0.1492 1.2913, -0.2004 0.1466 1.2913, -0.1966 0.1451 1.2913, -0.1934 0.1446 1.2913, -0.1598 0.1446 1.2913, -0.1409 0.1486 1.2913, -0.1235 0.1571 1.2913, -0.108 0.1702 1.2913, -0.0967 0.186 1.2913, -0.0896 0.204 1.2913, -0.3272 0.1856 1.2913, -0.3234 0.1853 1.2913, -0.318 0.1836 1.2913, -0.3133 0.1807 1.2913, -0.3095 0.1767 1.2913, -0.3068 0.1721 1.2913, -0.3053 0.167 1.2913, -0.3051 0.1615 1.2913, -0.3063 0.1559 1.2913, -0.3088 0.151 1.2913, -0.3124 0.1468 1.2913, -0.3168 0.1438 1.2913, -0.3218 0.1419 1.2913, -0.3272 0.1412 1.2913, -0.3282 0.1412 1.2913, -0.3333 0.142 1.2913, -0.3384 0.1443 1.2913, -0.3428 0.1476 1.2913, -0.3458 0.1512 1.2913, -0.3481 0.1559 1.2913, -0.3493 0.1612 1.2913, -0.3492 0.1668 1.2913, -0.3476 0.1722 1.2913, -0.3448 0.177 1.2913, -0.3421 0.1799 1.2913, -0.3376 0.183 1.2913, -0.3326 0.1849 1.2913
            ]
        }
        coordIndex [
            0,1,2,-1,3,4,5,-1,6,7,8,-1,9,10,11,-1,11,10,12,-1,13,14,2,-1,2,14,15,-1,2,15,0,-1,5,4,16,-1,17,18,19,-1,20,21,10,-1,10,21,22,-1,10,22,12,-1,12,22,23,-1,24,25,26,-1,26,25,27,-1,26,27,28,-1,28,27,29,-1,28,29,30,-1,30,29,31,-1,30,31,32,-1,32,31,2,-1,32,2,33,-1,33,2,34,-1,35,36,24,-1,24,36,37,-1,24,37,25,-1,9,11,19,-1,19,11,38,-1,19,38,17,-1,39,40,41,-1,41,40,42,-1,41,42,43,-1,43,42,44,-1,43,44,45,-1,45,44,46,-1,6,8,47,-1,47,8,48,-1,47,48,49,-1,49,48,50,-1,49,50,51,-1,4,52,16,-1,16,52,53,-1,16,53,54,-1,54,53,55,-1,54,55,6,-1,6,55,56,-1,6,56,7,-1,34,2,57,-1,57,2,1,-1,57,1,58,-1,23,22,24,-1,24,22,59,-1,24,59,35,-1,60,61,62,-1,62,61,63,-1,62,63,64,-1,64,63,65,-1,64,65,66,-1,66,65,67,-1,66,67,68,-1,68,67,69,-1,68,69,70,-1,44,71,46,-1,46,71,72,-1,46,72,73,-1,73,72,74,-1,73,74,75,-1,75,74,76,-1,75,76,77,-1,77,76,78,-1,77,78,79,-1,79,78,80,-1,79,80,81,-1,81,80,82,-1,81,82,60,-1,60,82,83,-1,60,83,61,-1,84,85,86,-1,86,85,87,-1,86,87,41,-1,41,87,88,-1,41,88,39,-1,89,90,91,-1,91,90,92,-1,91,92,93,-1,93,92,94,-1,93,94,95,-1,95,94,96,-1,95,96,97,-1,97,96,98,-1,97,98,13,-1,13,98,99,-1,13,99,14,-1,51,50,100,-1,100,50,101,-1,100,101,102,-1,102,101,103,-1,102,103,104,-1,104,103,105,-1,104,105,106,-1,106,105,107,-1,106,107,84,-1,84,107,108,-1,84,108,85,-1,5,109,3,-1,3,109,110,-1,3,110,111,-1,111,110,112,-1,111,112,113,-1,113,112,114,-1,113,114,89,-1,89,114,115,-1,89,115,90,-1,18,116,19,-1,19,116,117,-1,19,117,118,-1,118,117,119,-1,118,119,120,-1,120,119,121,-1,120,121,122,-1,122,121,123,-1,122,123,124,-1,124,123,125,-1,124,125,126,-1,126,125,127,-1,126,127,128,-1,128,127,129,-1,128,129,130,-1,130,129,131,-1,130,131,132,-1,132,131,133,-1,132,133,134,-1,134,133,135,-1,134,135,1,-1,1,135,136,-1,1,136,58,-1,137,138,139,-1,69,140,70,-1,70,140,137,-1,70,137,141,-1,141,137,139,-1,142,143,137,-1,137,143,144,-1,137,144,138,-1,145,146,147,-1,146,148,147,-1,147,148,149,-1,147,149,150,-1,142,137,147,-1,147,137,151,-1,147,151,145,-1,77,152,153,-1,77,153,75,-1,75,153,154,-1,75,154,73,-1,154,155,73,-1,73,155,156,-1,73,156,46,-1,46,156,157,-1,46,157,45,-1,45,157,158,-1,45,158,43,-1,43,158,159,-1,43,159,41,-1,41,159,160,-1,41,160,86,-1,86,160,161,-1,86,161,84,-1,84,161,106,-1,106,161,162,-1,162,163,106,-1,106,163,164,-1,106,164,104,-1,104,164,165,-1,104,165,102,-1,102,165,166,-1,102,166,100,-1,100,166,167,-1,100,167,51,-1,51,167,49,-1,49,167,168,-1,49,168,169,-1,49,169,170,-1,49,170,47,-1,47,170,171,-1,47,171,6,-1,6,171,172,-1,6,172,54,-1,54,172,173,-1,54,173,16,-1,16,173,174,-1,16,174,5,-1,5,174,175,-1,5,175,109,-1,109,175,176,-1,109,176,110,-1,110,176,177,-1,110,177,112,-1,178,114,179,-1,179,114,112,-1,179,112,177,-1,180,90,178,-1,178,90,115,-1,178,115,114,-1,180,181,90,-1,90,181,182,-1,90,182,92,-1,92,182,183,-1,92,183,94,-1,94,183,184,-1,94,184,96,-1,96,184,185,-1,96,185,98,-1,98,185,186,-1,98,186,99,-1,99,186,187,-1,99,187,14,-1,14,187,188,-1,14,188,15,-1,15,188,189,-1,15,189,0,-1,189,190,0,-1,0,190,191,-1,0,191,1,-1,1,191,192,-1,1,192,134,-1,134,192,193,-1,134,193,132,-1,193,194,132,-1,132,194,195,-1,132,195,130,-1,130,195,196,-1,130,196,128,-1,197,9,19,-1,128,196,198,-1,199,124,198,-1,198,124,126,-1,198,126,128,-1,199,200,124,-1,124,200,201,-1,124,201,122,-1,122,201,202,-1,122,202,120,-1,120,202,203,-1,120,203,118,-1,118,203,204,-1,118,204,19,-1,19,204,205,-1,19,205,197,-1,10,9,206,-1,206,9,197,-1,20,10,207,-1,207,10,206,-1,21,20,208,-1,208,20,207,-1,22,21,209,-1,209,21,208,-1,22,209,210,-1,22,210,59,-1,59,210,211,-1,59,211,35,-1,35,211,212,-1,35,212,36,-1,36,212,213,-1,36,213,37,-1,37,213,214,-1,37,214,25,-1,25,214,215,-1,25,215,27,-1,27,215,216,-1,27,216,29,-1,29,216,217,-1,29,217,31,-1,31,217,218,-1,31,218,2,-1,2,218,219,-1,2,219,13,-1,13,219,220,-1,13,220,97,-1,97,220,221,-1,97,221,95,-1,95,221,222,-1,95,222,93,-1,93,222,223,-1,93,223,91,-1,91,223,89,-1,89,223,224,-1,224,225,89,-1,89,225,226,-1,89,226,113,-1,113,226,227,-1,113,227,111,-1,111,227,228,-1,111,228,3,-1,3,228,229,-1,3,229,4,-1,4,229,230,-1,4,230,52,-1,52,230,231,-1,52,231,53,-1,53,231,232,-1,53,232,55,-1,55,232,233,-1,55,233,56,-1,56,233,234,-1,56,234,7,-1,7,234,235,-1,7,235,8,-1,8,235,236,-1,8,236,48,-1,48,236,237,-1,48,237,50,-1,50,237,238,-1,50,238,101,-1,101,238,239,-1,101,239,103,-1,103,239,240,-1,103,240,105,-1,105,240,241,-1,105,241,107,-1,107,241,242,-1,107,242,108,-1,108,242,243,-1,108,243,85,-1,85,243,244,-1,85,244,87,-1,87,244,245,-1,87,245,88,-1,88,245,246,-1,88,246,39,-1,40,39,247,-1,247,39,246,-1,40,247,248,-1,40,248,42,-1,42,248,249,-1,42,249,44,-1,44,249,250,-1,44,250,71,-1,71,250,251,-1,71,251,72,-1,72,251,252,-1,72,252,74,-1,252,253,74,-1,74,253,254,-1,74,254,76,-1,76,254,255,-1,76,255,78,-1,78,255,256,-1,78,256,80,-1,80,256,257,-1,80,257,82,-1,82,257,258,-1,82,258,83,-1,83,258,259,-1,83,259,61,-1,61,259,260,-1,61,260,63,-1,63,260,261,-1,63,261,65,-1,65,261,262,-1,65,262,67,-1,69,67,263,-1,263,67,262,-1,69,263,264,-1,69,264,140,-1,140,264,265,-1,140,265,137,-1,137,265,266,-1,137,266,151,-1,151,266,267,-1,151,267,145,-1,145,267,268,-1,145,268,146,-1,146,268,269,-1,146,269,148,-1,148,269,270,-1,148,270,149,-1,149,270,271,-1,149,271,150,-1,150,271,272,-1,150,272,147,-1,147,272,273,-1,147,273,142,-1,142,273,274,-1,142,274,143,-1,143,274,275,-1,143,275,144,-1,144,275,276,-1,144,276,138,-1,138,276,277,-1,138,277,139,-1,139,277,278,-1,139,278,141,-1,141,278,279,-1,141,279,70,-1,70,279,280,-1,70,280,68,-1,66,68,281,-1,281,68,280,-1,66,281,282,-1,66,282,64,-1,64,282,283,-1,64,283,62,-1,62,283,284,-1,62,284,60,-1,60,284,285,-1,60,285,81,-1,81,285,286,-1,81,286,79,-1,79,286,152,-1,79,152,77,-1,23,287,288,-1,23,288,12,-1,12,288,289,-1,12,289,11,-1,11,289,290,-1,11,290,38,-1,38,290,291,-1,38,291,17,-1,17,291,292,-1,17,292,18,-1,18,292,293,-1,18,293,116,-1,116,293,294,-1,116,294,117,-1,117,294,295,-1,117,295,119,-1,119,295,296,-1,119,296,121,-1,121,296,297,-1,121,297,123,-1,123,297,298,-1,123,298,125,-1,125,298,299,-1,125,299,127,-1,127,299,300,-1,127,300,129,-1,129,300,301,-1,129,301,131,-1,131,301,302,-1,131,302,133,-1,133,302,303,-1,133,303,135,-1,135,303,304,-1,135,304,136,-1,136,304,305,-1,136,305,58,-1,58,305,306,-1,58,306,57,-1,57,306,307,-1,57,307,34,-1,34,307,308,-1,34,308,33,-1,33,308,309,-1,33,309,32,-1,32,309,310,-1,32,310,30,-1,30,310,311,-1,30,311,28,-1,28,311,312,-1,28,312,26,-1,26,312,313,-1,26,313,24,-1,24,313,287,-1,24,287,23,-1,
        ]
    }
}
Shape{
    appearance Appearance {
        material  Material 	{
            diffuseColor 0.7529411764705882 0.7529411764705882 0.7529411764705882
            specularColor 0.3764705882352941 0.3764705882352941 0.3764705882352941
            ambientIntensity 0.7529
            transparency 0.0
            shininess 0.5
        }
    }
    geometry IndexedFaceSet {
        ccw TRUE
        solid FALSE
        coord DEF co Coordinate {
            point [
                -0.3326 0.1849 1.2913, -0.3376 0.183 1.2913, -0.3282 0.1412 1.2913, -0.3421 0.1799 1.2913, -0.3448 0.177 1.2913, -0.3234 0.1853 1.2913, -0.3272 0.1412 1.2913, -0.3218 0.1419 1.2913, -0.3272 0.1856 1.2913, -0.3481 0.1559 1.2913, -0.3458 0.1512 1.2913, -0.3428 0.1476 1.2913, -0.3124 0.1468 1.2913, -0.3095 0.1767 1.2913, -0.3133 0.1807 1.2913, -0.3476 0.1722 1.2913, -0.3492 0.1668 1.2913, -0.3493 0.1612 1.2913, -0.3384 0.1443 1.2913, -0.3333 0.142 1.2913, -0.3168 0.1438 1.2913, -0.318 0.1836 1.2913, -0.3063 0.1559 1.2913, -0.3051 0.1615 1.2913, -0.3088 0.151 1.2913, -0.3053 0.167 1.2913, -0.3068 0.1721 1.2913, 1.6417 -0.7602 -0.0709, 1.6417 -0.8167 0.0001, 1.7598 -0.7602 -0.0709, 1.7598 -0.8167 0.0001, 1.6417 -0.8069 0.0079, 1.7598 -0.8069 0.0079, -1.6417 -0.8069 0.0079, -1.6417 -0.8167 0.0001, -1.7598 -0.8069 0.0079, -1.7598 -0.8167 0.0001, -1.6417 -0.7602 -0.0709, -1.7598 -0.7602 -0.0709, 0.881 0.7296 1.2913, 0.881 0.769 1.2913, 0.881 0.7296 1.1732, 0.881 0.769 1.1732, 0.881 0.5328 1.1732, 0.4881 0.5328 1.1732, 0.881 0.5328 1.2913, 0.4881 0.5328 1.2913, 0.4881 0.769 1.1732, 0.4881 0.769 1.2913, -0.4881 0.769 1.1732, -0.4881 0.5328 1.1732, -0.4881 0.769 1.2913, -0.4881 0.5328 1.2913, -0.881 0.5328 1.1732, -0.881 0.5328 1.2913, -0.881 0.7296 1.1732, -0.881 0.769 1.1732, -0.881 0.7296 1.2913, -0.881 0.769 1.2913, -0.5482 0.7296 1.1794, -0.6574 0.7296 1.2659, -0.5482 0.5722 1.1794, -0.6574 0.5722 1.2659, -0.6215 0.7296 1.0868, -0.6215 0.5722 1.0868, -0.7307 0.7296 1.1732, -0.7307 0.5722 1.1732, -0.7307 0.7296 1.2913, -0.7307 0.5722 1.2913, -0.7046 0.5722 1.2884, -0.7046 0.7296 1.2884, -0.6798 0.5722 1.2798, -0.6798 0.7296 1.2798, -0.881 0.5722 1.2913, -0.881 0.5722 1.1732, 0.6574 0.7296 1.2659, 0.5482 0.7296 1.1794, 0.6574 0.5722 1.2659, 0.5482 0.5722 1.1794, 0.6798 0.5722 1.2798, 0.6798 0.7296 1.2798, 0.7046 0.5722 1.2884, 0.7046 0.7296 1.2884, 0.7307 0.5722 1.2913, 0.7307 0.7296 1.2913, 0.6215 0.7296 1.0868, 0.7307 0.7296 1.1732, 0.6215 0.5722 1.0868, 0.7307 0.5722 1.1732, 0.881 0.5722 1.1732, 0.881 0.5722 1.2913
            ]
        }
        coordIndex [
            0,1,2,-1,2,1,3,-1,2,3,4,-1,5,6,7,-1,6,5,2,-1,2,5,8,-1,2,8,0,-1,9,10,4,-1,4,10,11,-1,12,13,14,-1,15,16,4,-1,4,16,17,-1,4,17,9,-1,11,18,4,-1,4,18,19,-1,4,19,2,-1,7,20,5,-1,5,20,12,-1,5,12,21,-1,21,12,14,-1,22,23,24,-1,24,23,25,-1,24,25,12,-1,12,25,26,-1,12,26,13,-1,27,28,29,-1,29,28,30,-1,28,31,30,-1,30,31,32,-1,33,34,35,-1,35,34,36,-1,34,37,36,-1,36,37,38,-1,39,40,41,-1,41,40,42,-1,43,44,45,-1,45,44,46,-1,44,47,46,-1,46,47,48,-1,47,42,48,-1,48,42,40,-1,49,50,51,-1,51,50,52,-1,50,53,52,-1,52,53,54,-1,55,56,57,-1,57,56,58,-1,56,49,58,-1,58,49,51,-1,59,60,61,-1,61,60,62,-1,63,59,64,-1,64,59,61,-1,65,63,66,-1,66,63,64,-1,67,68,69,-1,67,69,70,-1,70,69,71,-1,70,71,72,-1,72,71,62,-1,72,62,60,-1,59,63,60,-1,60,63,65,-1,55,57,65,-1,65,57,67,-1,67,70,65,-1,65,70,72,-1,65,72,60,-1,71,66,62,-1,62,66,64,-1,62,64,61,-1,73,74,68,-1,68,74,66,-1,68,66,69,-1,69,66,71,-1,75,76,77,-1,77,76,78,-1,75,77,79,-1,75,79,80,-1,80,79,81,-1,80,81,82,-1,82,81,83,-1,82,83,84,-1,85,86,87,-1,87,86,88,-1,76,85,78,-1,78,85,87,-1,80,86,75,-1,75,86,85,-1,75,85,76,-1,39,41,84,-1,84,41,86,-1,84,86,82,-1,82,86,80,-1,78,87,77,-1,77,87,88,-1,89,90,88,-1,88,90,83,-1,83,81,88,-1,88,81,79,-1,88,79,77,-1,
        ]
    }
}
Shape{
    appearance Appearance {
        material  Material 	{
            diffuseColor 0.5019607843137255 0.25098039215686274 0.0
            specularColor 0.44313725490196076 0.2196078431372549 0.0
            ambientIntensity 0.2974
            transparency 0.0
            shininess 0.5
        }
    }
    geometry IndexedFaceSet {
        ccw TRUE
        solid FALSE
        coord DEF co Coordinate {
            point [
                0.9511 0.0423 1.252, 0.9566 0.0397 1.252, 0.9692 -0.1145 1.252, 0.9662 -0.1193 1.252, 0.9638 -0.1216 1.252, 0.6352 0.0442 1.252, 0.9396 0.0442 1.252, 0.9481 0.0432 1.252, 0.9484 0.0431 1.252, 0.9583 0.0389 1.252, 0.9726 -0.1062 1.252, 0.9718 -0.109 1.252, 0.6268 -0.1306 1.252, 0.6264 -0.1305 1.252, 0.6056 0.0271 1.252, 0.6237 -0.1297 1.252, 0.6182 -0.1271 1.252, 0.611 0.0342 1.252, 0.9396 -0.1316 1.252, 0.6086 0.0319 1.252, 0.6063 0.0287 1.252, 0.6352 -0.1316 1.252, 0.6166 -0.1263 1.252, 0.6022 0.0188 1.252, 0.603 0.0216 1.252, 0.9685 -0.1161 1.252, 0.9614 0.0367 1.252, 0.9638 0.0342 1.252, 0.9668 0.0311 1.252, 0.9687 0.0283 1.252, 0.972 0.021 1.252, 0.9726 0.0188 1.252, 0.9727 -0.1059 1.252, 0.9737 -0.0975 1.252, 0.9737 0.0101 1.252, 0.9728 0.0181 1.252, 0.6134 -0.1241 1.252, 0.611 -0.1216 1.252, 0.608 -0.1185 1.252, 0.9607 -0.1247 1.252, 0.9578 -0.1266 1.252, 0.9505 -0.1299 1.252, 0.6061 -0.1157 1.252, 0.6028 -0.1084 1.252, 0.6022 -0.1062 1.252, 0.6021 0.0185 1.252, 0.6011 0.0101 1.252, 0.6011 -0.0975 1.252, 0.602 -0.1055 1.252, 0.6141 0.0373 1.252, 0.617 0.0392 1.252, 0.6243 0.0425 1.252, 0.9484 -0.1305 1.252, 0.9476 -0.1307 1.252, 0.6272 0.0433 1.252, 0.6264 0.0431 1.252
            ]
        }
        coordIndex [
            0,1,2,-1,3,4,5,-1,6,7,2,-1,2,7,8,-1,2,8,0,-1,9,10,1,-1,1,10,11,-1,1,11,2,-1,12,13,14,-1,14,13,15,-1,14,15,16,-1,17,18,19,-1,19,18,20,-1,20,18,14,-1,14,18,21,-1,14,21,12,-1,22,23,16,-1,16,23,24,-1,16,24,14,-1,6,2,5,-1,5,2,25,-1,5,25,3,-1,9,26,10,-1,10,26,27,-1,10,27,28,-1,28,29,10,-1,10,29,30,-1,10,30,31,-1,32,10,33,-1,33,10,31,-1,33,31,34,-1,34,31,35,-1,22,36,23,-1,23,36,37,-1,23,37,38,-1,4,39,5,-1,5,39,40,-1,5,40,41,-1,38,42,23,-1,23,42,43,-1,23,43,44,-1,45,23,46,-1,46,23,44,-1,46,44,47,-1,47,44,48,-1,17,49,18,-1,18,49,50,-1,18,50,51,-1,41,52,5,-1,5,52,53,-1,5,53,54,-1,54,53,18,-1,54,18,55,-1,55,18,51,-1,
        ]
    }
}
Shape{
    appearance Appearance {
        material  Material 	{
            diffuseColor 0.7529411764705882 0.7529411764705882 0.7529411764705882
            specularColor 0.3764705882352941 0.3764705882352941 0.3764705882352941
            ambientIntensity 0.7529
            transparency 0.0
            shininess 0.5
        }
    }
    geometry IndexedFaceSet {
        ccw TRUE
        solid FALSE
        coord DEF co Coordinate {
            point [
                0.9055 -0.024 1.2126, 0.6693 -0.024 1.2126, 0.9055 -0.0634 1.2126, 0.6693 -0.0634 1.2126, 0.6458 -0.0052 1.2166, 0.6436 -0.0076 1.217, 0.6227 0.0057 1.2284, 0.6272 0.0433 1.252, 0.6264 0.0431 1.252, 0.6302 0.0373 1.2431, 0.6243 0.0425 1.252, 0.617 0.0392 1.252, 0.6235 0.0331 1.2414, 0.6011 0.0101 1.252, 0.605 0.0081 1.2459, 0.6021 0.0185 1.252, 0.608 0.0151 1.2431, 0.6022 0.0188 1.252, 0.603 0.0216 1.252, 0.6063 0.0287 1.252, 0.6056 0.0271 1.252, 0.6122 0.0217 1.2414, 0.6141 0.0373 1.252, 0.611 0.0342 1.252, 0.6175 0.0278 1.2408, 0.6086 0.0319 1.252, 0.6349 0.0189 1.2272, 0.6396 0.0226 1.2284, 0.6444 0.0258 1.2303, 0.6352 0.0442 1.252, 0.6371 0.0403 1.2459, 0.6417 0.0312 1.2361, 0.6414 -0.0101 1.2177, 0.6304 -0.0046 1.224, 0.6195 0.0009 1.2303, 0.6141 0.0036 1.2361, 0.6264 0.0104 1.2272, 0.6481 -0.0029 1.2165, 0.6529 0.0017 1.217, 0.6491 -0.0139 1.2163, 0.6592 -0.0038 1.2163, 0.6553 0.0039 1.2177, 0.6499 0.0148 1.224, 0.6305 0.0148 1.2267, 0.6505 -0.0005 1.2166, 0.9396 0.0442 1.252, 0.9377 0.0403 1.2459, 0.9331 0.0312 1.2361, 0.9304 0.0258 1.2303, 0.9249 0.0148 1.224, 0.9195 0.0039 1.2177, 0.9156 -0.0038 1.2163, 0.6011 -0.0975 1.252, 0.605 -0.0955 1.2459, 0.6141 -0.091 1.2361, 0.6195 -0.0883 1.2303, 0.6304 -0.0828 1.224, 0.6414 -0.0773 1.2177, 0.6491 -0.0735 1.2163, 0.9243 -0.0005 1.2166, 0.9219 0.0017 1.217, 0.9352 0.0226 1.2284, 0.9728 0.0181 1.252, 0.9726 0.0188 1.252, 0.9668 0.0151 1.2431, 0.972 0.021 1.252, 0.9687 0.0283 1.252, 0.9626 0.0217 1.2414, 0.9481 0.0432 1.252, 0.9446 0.0373 1.2431, 0.9484 0.0431 1.252, 0.9511 0.0423 1.252, 0.9583 0.0389 1.252, 0.9566 0.0397 1.252, 0.9513 0.0331 1.2414, 0.9668 0.0311 1.252, 0.9638 0.0342 1.252, 0.9573 0.0278 1.2408, 0.9614 0.0367 1.252, 0.9485 0.0104 1.2272, 0.9521 0.0057 1.2284, 0.9553 0.0009 1.2303, 0.9737 0.0101 1.252, 0.9698 0.0081 1.2459, 0.9607 0.0036 1.2361, 0.9399 0.0189 1.2272, 0.9267 -0.0029 1.2165, 0.9312 -0.0076 1.217, 0.9257 -0.0139 1.2163, 0.9334 -0.0101 1.2177, 0.9444 -0.0046 1.224, 0.9443 0.0148 1.2267, 0.929 -0.0052 1.2166, 0.6505 -0.0869 1.2166, 0.6529 -0.0891 1.217, 0.6396 -0.11 1.2284, 0.602 -0.1055 1.252, 0.6022 -0.1062 1.252, 0.608 -0.1025 1.2431, 0.6028 -0.1084 1.252, 0.6061 -0.1157 1.252, 0.6122 -0.1091 1.2414, 0.6352 -0.1316 1.252, 0.6371 -0.1277 1.2459, 0.6268 -0.1306 1.252, 0.6302 -0.1247 1.2431, 0.6264 -0.1305 1.252, 0.6237 -0.1297 1.252, 0.6166 -0.1263 1.252, 0.6182 -0.1271 1.252, 0.6235 -0.1205 1.2414, 0.608 -0.1185 1.252, 0.611 -0.1216 1.252, 0.6175 -0.1152 1.2408, 0.6134 -0.1241 1.252, 0.6264 -0.0978 1.2272, 0.6227 -0.0931 1.2284, 0.6553 -0.0913 1.2177, 0.6499 -0.1022 1.224, 0.6444 -0.1132 1.2303, 0.6417 -0.1186 1.2361, 0.6349 -0.1063 1.2272, 0.6481 -0.0845 1.2165, 0.6436 -0.0798 1.217, 0.6592 -0.0836 1.2163, 0.6305 -0.1022 1.2267, 0.6458 -0.0822 1.2166, 0.9737 -0.0975 1.252, 0.9698 -0.0955 1.2459, 0.9607 -0.091 1.2361, 0.9553 -0.0883 1.2303, 0.9444 -0.0828 1.224, 0.9334 -0.0773 1.2177, 0.9257 -0.0735 1.2163, 0.9396 -0.1316 1.252, 0.9377 -0.1277 1.2459, 0.9331 -0.1186 1.2361, 0.9304 -0.1132 1.2303, 0.9249 -0.1022 1.224, 0.9195 -0.0913 1.2177, 0.9156 -0.0836 1.2163, 0.929 -0.0822 1.2166, 0.9312 -0.0798 1.217, 0.9521 -0.0931 1.2284, 0.9476 -0.1307 1.252, 0.9484 -0.1305 1.252, 0.9446 -0.1247 1.2431, 0.9505 -0.1299 1.252, 0.9578 -0.1266 1.252, 0.9513 -0.1205 1.2414, 0.9727 -0.1059 1.252, 0.9668 -0.1025 1.2431, 0.9726 -0.1062 1.252, 0.9718 -0.109 1.252, 0.9685 -0.1161 1.252, 0.9692 -0.1145 1.252, 0.9626 -0.1091 1.2414, 0.9607 -0.1247 1.252, 0.9638 -0.1216 1.252, 0.9573 -0.1152 1.2408, 0.9662 -0.1193 1.252, 0.9399 -0.1063 1.2272, 0.9352 -0.11 1.2284, 0.9485 -0.0978 1.2272, 0.9267 -0.0845 1.2165, 0.9219 -0.0891 1.217, 0.9443 -0.1022 1.2267, 0.9243 -0.0869 1.2166
            ]
        }
        coordIndex [
            0,1,2,-1,2,1,3,-1,1,4,5,-1,5,4,6,-1,7,8,9,-1,10,11,12,-1,13,14,15,-1,15,14,16,-1,15,16,17,-1,17,16,18,-1,19,20,21,-1,21,20,18,-1,22,23,24,-1,24,23,25,-1,24,25,19,-1,11,22,12,-1,12,22,24,-1,12,24,26,-1,9,27,28,-1,29,7,30,-1,30,7,9,-1,30,9,31,-1,31,9,28,-1,32,5,33,-1,33,5,6,-1,33,6,34,-1,34,6,35,-1,14,35,16,-1,16,35,6,-1,16,6,36,-1,36,6,4,-1,36,4,37,-1,37,4,1,-1,8,10,9,-1,9,10,12,-1,9,12,27,-1,27,12,26,-1,27,26,38,-1,32,39,5,-1,5,39,1,-1,1,40,38,-1,38,40,41,-1,38,41,27,-1,27,41,42,-1,27,42,28,-1,19,21,24,-1,24,21,43,-1,24,43,26,-1,26,43,44,-1,26,44,38,-1,38,44,1,-1,18,16,21,-1,21,16,36,-1,21,36,43,-1,43,36,37,-1,43,37,44,-1,44,37,1,-1,45,29,30,-1,45,30,46,-1,46,30,31,-1,46,31,47,-1,47,31,28,-1,47,28,48,-1,48,28,42,-1,48,42,49,-1,49,42,41,-1,49,41,50,-1,50,41,40,-1,50,40,51,-1,51,40,1,-1,51,1,0,-1,13,52,14,-1,14,52,53,-1,14,53,35,-1,53,54,35,-1,35,54,55,-1,35,55,34,-1,34,55,56,-1,34,56,33,-1,33,56,32,-1,32,56,57,-1,32,57,39,-1,57,58,39,-1,39,58,3,-1,39,3,1,-1,0,59,60,-1,60,59,61,-1,62,63,64,-1,65,66,67,-1,45,46,68,-1,68,46,69,-1,68,69,70,-1,70,69,71,-1,72,73,74,-1,74,73,71,-1,75,76,77,-1,77,76,78,-1,77,78,72,-1,66,75,67,-1,67,75,77,-1,67,77,79,-1,64,80,81,-1,82,62,83,-1,83,62,64,-1,83,64,84,-1,84,64,81,-1,50,60,49,-1,49,60,61,-1,49,61,48,-1,48,61,47,-1,46,47,69,-1,69,47,61,-1,69,61,85,-1,85,61,59,-1,85,59,86,-1,86,59,0,-1,63,65,64,-1,64,65,67,-1,64,67,80,-1,80,67,79,-1,80,79,87,-1,50,51,60,-1,60,51,0,-1,0,88,87,-1,87,88,89,-1,87,89,80,-1,80,89,90,-1,80,90,81,-1,72,74,77,-1,77,74,91,-1,77,91,79,-1,79,91,92,-1,79,92,87,-1,87,92,0,-1,71,69,74,-1,74,69,85,-1,74,85,91,-1,91,85,86,-1,91,86,92,-1,92,86,0,-1,3,93,94,-1,94,93,95,-1,96,97,98,-1,99,100,101,-1,102,103,104,-1,104,103,105,-1,104,105,106,-1,106,105,107,-1,108,109,110,-1,110,109,107,-1,111,112,113,-1,113,112,114,-1,113,114,108,-1,100,111,101,-1,101,111,113,-1,101,113,115,-1,98,116,55,-1,52,96,53,-1,53,96,98,-1,53,98,54,-1,54,98,55,-1,117,94,118,-1,118,94,95,-1,118,95,119,-1,119,95,120,-1,103,120,105,-1,105,120,95,-1,105,95,121,-1,121,95,93,-1,121,93,122,-1,122,93,3,-1,97,99,98,-1,98,99,101,-1,98,101,116,-1,116,101,115,-1,116,115,123,-1,117,124,94,-1,94,124,3,-1,3,58,123,-1,123,58,57,-1,123,57,116,-1,116,57,56,-1,116,56,55,-1,108,110,113,-1,113,110,125,-1,113,125,115,-1,115,125,126,-1,115,126,123,-1,123,126,3,-1,107,105,110,-1,110,105,121,-1,110,121,125,-1,125,121,122,-1,125,122,126,-1,126,122,3,-1,127,82,128,-1,128,82,83,-1,128,83,129,-1,83,84,129,-1,129,84,81,-1,129,81,130,-1,130,81,90,-1,130,90,131,-1,131,90,132,-1,132,90,89,-1,132,89,133,-1,89,88,133,-1,133,88,0,-1,133,0,2,-1,102,134,103,-1,103,134,135,-1,103,135,120,-1,135,136,120,-1,120,136,137,-1,120,137,119,-1,119,137,138,-1,119,138,118,-1,118,138,139,-1,118,139,117,-1,117,139,140,-1,117,140,124,-1,124,140,2,-1,124,2,3,-1,2,141,142,-1,142,141,143,-1,144,145,146,-1,147,148,149,-1,127,128,150,-1,150,128,151,-1,150,151,152,-1,152,151,153,-1,154,155,156,-1,156,155,153,-1,157,158,159,-1,159,158,160,-1,159,160,154,-1,148,157,149,-1,149,157,159,-1,149,159,161,-1,146,162,137,-1,134,144,135,-1,135,144,146,-1,135,146,136,-1,136,146,137,-1,132,142,131,-1,131,142,143,-1,131,143,130,-1,130,143,129,-1,128,129,151,-1,151,129,143,-1,151,143,163,-1,163,143,141,-1,163,141,164,-1,164,141,2,-1,145,147,146,-1,146,147,149,-1,146,149,162,-1,162,149,161,-1,162,161,165,-1,132,133,142,-1,142,133,2,-1,2,140,165,-1,165,140,139,-1,165,139,162,-1,162,139,138,-1,162,138,137,-1,154,156,159,-1,159,156,166,-1,159,166,161,-1,161,166,167,-1,161,167,165,-1,165,167,2,-1,153,151,156,-1,156,151,163,-1,156,163,166,-1,166,163,164,-1,166,164,167,-1,167,164,2,-1,
        ]
    }
}
Shape{
    appearance Appearance {
        material  Material 	{
            diffuseColor 0.5019607843137255 0.25098039215686274 0.0
            specularColor 0.44313725490196076 0.2196078431372549 0.0
            ambientIntensity 0.2974
            transparency 0.0
            shininess 0.5
        }
    }
    geometry IndexedFaceSet {
        ccw TRUE
        solid FALSE
        coord DEF co Coordinate {
            point [
                -0.9511 -0.1297 1.252, -0.9566 -0.1271 1.252, -0.9692 0.0271 1.252, -0.6237 0.0423 1.252, -0.6182 0.0397 1.252, -0.6056 -0.1145 1.252, -0.9662 0.0319 1.252, -0.9638 0.0342 1.252, -0.6352 -0.1316 1.252, -0.6086 -0.1193 1.252, -0.611 -0.1216 1.252, -0.9396 0.0442 1.252, -0.9396 -0.1316 1.252, -0.9481 -0.1306 1.252, -0.9484 -0.1305 1.252, -0.9583 -0.1263 1.252, -0.9726 0.0188 1.252, -0.9718 0.0216 1.252, -0.9685 0.0287 1.252, -0.6352 0.0442 1.252, -0.6268 0.0432 1.252, -0.6264 0.0431 1.252, -0.6166 0.0389 1.252, -0.6022 -0.1062 1.252, -0.603 -0.109 1.252, -0.6063 -0.1161 1.252, -0.9614 -0.1241 1.252, -0.9638 -0.1216 1.252, -0.9668 -0.1185 1.252, -0.9687 -0.1157 1.252, -0.972 -0.1084 1.252, -0.9726 -0.1062 1.252, -0.9727 0.0185 1.252, -0.9737 0.0101 1.252, -0.9737 -0.0975 1.252, -0.9728 -0.1055 1.252, -0.6134 0.0367 1.252, -0.611 0.0342 1.252, -0.608 0.0311 1.252, -0.9607 0.0373 1.252, -0.9578 0.0392 1.252, -0.9505 0.0425 1.252, -0.6061 0.0283 1.252, -0.6028 0.021 1.252, -0.6022 0.0188 1.252, -0.6021 -0.1059 1.252, -0.6011 -0.0975 1.252, -0.6011 0.0101 1.252, -0.602 0.0181 1.252, -0.6141 -0.1247 1.252, -0.617 -0.1266 1.252, -0.6243 -0.1299 1.252, -0.6264 -0.1305 1.252, -0.6272 -0.1307 1.252, -0.9476 0.0433 1.252, -0.9484 0.0431 1.252
            ]
        }
        coordIndex [
            0,1,2,-1,3,4,5,-1,6,7,8,-1,9,10,11,-1,12,13,2,-1,2,13,14,-1,2,14,0,-1,15,16,1,-1,1,16,17,-1,1,17,2,-1,12,2,8,-1,8,2,18,-1,8,18,6,-1,19,20,5,-1,5,20,21,-1,5,21,3,-1,22,23,4,-1,4,23,24,-1,4,24,5,-1,19,5,11,-1,11,5,25,-1,11,25,9,-1,15,26,16,-1,16,26,27,-1,16,27,28,-1,28,29,16,-1,16,29,30,-1,16,30,31,-1,32,16,33,-1,33,16,31,-1,33,31,34,-1,34,31,35,-1,22,36,23,-1,23,36,37,-1,23,37,38,-1,7,39,8,-1,8,39,40,-1,8,40,41,-1,38,42,23,-1,23,42,43,-1,23,43,44,-1,45,23,46,-1,46,23,44,-1,46,44,47,-1,47,44,48,-1,10,49,11,-1,11,49,50,-1,11,50,51,-1,51,52,11,-1,11,52,53,-1,11,53,54,-1,54,53,8,-1,54,8,55,-1,55,8,41,-1,
        ]
    }
}
Shape{
    appearance Appearance {
        material  Material 	{
            diffuseColor 0.7529411764705882 0.7529411764705882 0.7529411764705882
            specularColor 0.3764705882352941 0.3764705882352941 0.3764705882352941
            ambientIntensity 0.7529
            transparency 0.0
            shininess 0.5
        }
    }
    geometry IndexedFaceSet {
        ccw TRUE
        solid FALSE
        coord DEF co Coordinate {
            point [
                -0.6693 -0.024 1.2126, -0.9055 -0.024 1.2126, -0.6693 -0.0634 1.2126, -0.9055 -0.0634 1.2126, -0.6505 -0.0005 1.2166, -0.6529 0.0017 1.217, -0.6396 0.0226 1.2284, -0.602 0.0181 1.252, -0.6022 0.0188 1.252, -0.608 0.0151 1.2431, -0.6028 0.021 1.252, -0.6061 0.0283 1.252, -0.6122 0.0217 1.2414, -0.6352 0.0442 1.252, -0.6371 0.0403 1.2459, -0.6268 0.0432 1.252, -0.6302 0.0373 1.2431, -0.6264 0.0431 1.252, -0.6237 0.0423 1.252, -0.6166 0.0389 1.252, -0.6182 0.0397 1.252, -0.6235 0.0331 1.2414, -0.608 0.0311 1.252, -0.611 0.0342 1.252, -0.6175 0.0278 1.2408, -0.6134 0.0367 1.252, -0.6264 0.0104 1.2272, -0.6227 0.0057 1.2284, -0.6195 0.0009 1.2303, -0.6011 0.0101 1.252, -0.605 0.0081 1.2459, -0.6141 0.0036 1.2361, -0.6553 0.0039 1.2177, -0.6499 0.0148 1.224, -0.6444 0.0258 1.2303, -0.6417 0.0312 1.2361, -0.6349 0.0189 1.2272, -0.6481 -0.0029 1.2165, -0.6436 -0.0076 1.217, -0.6592 -0.0038 1.2163, -0.6491 -0.0139 1.2163, -0.6414 -0.0101 1.2177, -0.6304 -0.0046 1.224, -0.6305 0.0148 1.2267, -0.6458 -0.0052 1.2166, -0.9396 0.0442 1.252, -0.9377 0.0403 1.2459, -0.9331 0.0312 1.2361, -0.9304 0.0258 1.2303, -0.9249 0.0148 1.224, -0.9195 0.0039 1.2177, -0.9156 -0.0038 1.2163, -0.6011 -0.0975 1.252, -0.605 -0.0955 1.2459, -0.6141 -0.091 1.2361, -0.6195 -0.0883 1.2303, -0.6304 -0.0828 1.224, -0.6414 -0.0773 1.2177, -0.6491 -0.0735 1.2163, -0.929 -0.0052 1.2166, -0.9312 -0.0076 1.217, -0.9521 0.0057 1.2284, -0.9476 0.0433 1.252, -0.9484 0.0431 1.252, -0.9446 0.0373 1.2431, -0.9505 0.0425 1.252, -0.9578 0.0392 1.252, -0.9513 0.0331 1.2414, -0.9737 0.0101 1.252, -0.9698 0.0081 1.2459, -0.9727 0.0185 1.252, -0.9668 0.0151 1.2431, -0.9726 0.0188 1.252, -0.9718 0.0216 1.252, -0.9685 0.0287 1.252, -0.9692 0.0271 1.252, -0.9626 0.0217 1.2414, -0.9607 0.0373 1.252, -0.9638 0.0342 1.252, -0.9573 0.0278 1.2408, -0.9662 0.0319 1.252, -0.9399 0.0189 1.2272, -0.9352 0.0226 1.2284, -0.9334 -0.0101 1.2177, -0.9444 -0.0046 1.224, -0.9553 0.0009 1.2303, -0.9607 0.0036 1.2361, -0.9485 0.0104 1.2272, -0.9267 -0.0029 1.2165, -0.9219 0.0017 1.217, -0.9257 -0.0139 1.2163, -0.9443 0.0148 1.2267, -0.9243 -0.0005 1.2166, -0.6458 -0.0822 1.2166, -0.6436 -0.0798 1.217, -0.6227 -0.0931 1.2284, -0.6272 -0.1307 1.252, -0.6264 -0.1305 1.252, -0.6302 -0.1247 1.2431, -0.6243 -0.1299 1.252, -0.617 -0.1266 1.252, -0.6235 -0.1205 1.2414, -0.6021 -0.1059 1.252, -0.608 -0.1025 1.2431, -0.6022 -0.1062 1.252, -0.603 -0.109 1.252, -0.6063 -0.1161 1.252, -0.6056 -0.1145 1.252, -0.6122 -0.1091 1.2414, -0.6141 -0.1247 1.252, -0.611 -0.1216 1.252, -0.6175 -0.1152 1.2408, -0.6086 -0.1193 1.252, -0.6349 -0.1063 1.2272, -0.6396 -0.11 1.2284, -0.6444 -0.1132 1.2303, -0.6352 -0.1316 1.252, -0.6371 -0.1277 1.2459, -0.6417 -0.1186 1.2361, -0.6264 -0.0978 1.2272, -0.6481 -0.0845 1.2165, -0.6529 -0.0891 1.217, -0.6592 -0.0836 1.2163, -0.6553 -0.0913 1.2177, -0.6499 -0.1022 1.224, -0.6305 -0.1022 1.2267, -0.6505 -0.0869 1.2166, -0.9737 -0.0975 1.252, -0.9698 -0.0955 1.2459, -0.9607 -0.091 1.2361, -0.9553 -0.0883 1.2303, -0.9444 -0.0828 1.224, -0.9334 -0.0773 1.2177, -0.9257 -0.0735 1.2163, -0.9396 -0.1316 1.252, -0.9377 -0.1277 1.2459, -0.9331 -0.1186 1.2361, -0.9304 -0.1132 1.2303, -0.9249 -0.1022 1.224, -0.9195 -0.0913 1.2177, -0.9156 -0.0836 1.2163, -0.9243 -0.0869 1.2166, -0.9219 -0.0891 1.217, -0.9352 -0.11 1.2284, -0.9728 -0.1055 1.252, -0.9726 -0.1062 1.252, -0.9668 -0.1025 1.2431, -0.972 -0.1084 1.252, -0.9687 -0.1157 1.252, -0.9626 -0.1091 1.2414, -0.9481 -0.1306 1.252, -0.9446 -0.1247 1.2431, -0.9484 -0.1305 1.252, -0.9511 -0.1297 1.252, -0.9583 -0.1263 1.252, -0.9566 -0.1271 1.252, -0.9513 -0.1205 1.2414, -0.9668 -0.1185 1.252, -0.9638 -0.1216 1.252, -0.9573 -0.1152 1.2408, -0.9614 -0.1241 1.252, -0.9485 -0.0978 1.2272, -0.9521 -0.0931 1.2284, -0.9399 -0.1063 1.2272, -0.9267 -0.0845 1.2165, -0.9312 -0.0798 1.217, -0.9443 -0.1022 1.2267, -0.929 -0.0822 1.2166
            ]
        }
        coordIndex [
            0,1,2,-1,2,1,3,-1,0,4,5,-1,5,4,6,-1,7,8,9,-1,10,11,12,-1,13,14,15,-1,15,14,16,-1,15,16,17,-1,17,16,18,-1,19,20,21,-1,21,20,18,-1,22,23,24,-1,24,23,25,-1,24,25,19,-1,11,22,12,-1,12,22,24,-1,12,24,26,-1,9,27,28,-1,29,7,30,-1,30,7,9,-1,30,9,31,-1,31,9,28,-1,32,5,33,-1,33,5,6,-1,33,6,34,-1,34,6,35,-1,14,35,16,-1,16,35,6,-1,16,6,36,-1,36,6,4,-1,36,4,37,-1,37,4,0,-1,8,10,9,-1,9,10,12,-1,9,12,27,-1,27,12,26,-1,27,26,38,-1,32,39,5,-1,5,39,0,-1,0,40,38,-1,38,40,41,-1,38,41,27,-1,27,41,42,-1,27,42,28,-1,19,21,24,-1,24,21,43,-1,24,43,26,-1,26,43,44,-1,26,44,38,-1,38,44,0,-1,18,16,21,-1,21,16,36,-1,21,36,43,-1,43,36,37,-1,43,37,44,-1,44,37,0,-1,13,45,14,-1,14,45,46,-1,14,46,35,-1,46,47,35,-1,35,47,48,-1,35,48,34,-1,34,48,49,-1,34,49,33,-1,33,49,32,-1,32,49,50,-1,32,50,39,-1,50,51,39,-1,39,51,1,-1,39,1,0,-1,52,29,53,-1,53,29,30,-1,53,30,54,-1,30,31,54,-1,54,31,28,-1,54,28,55,-1,55,28,42,-1,55,42,56,-1,56,42,57,-1,57,42,41,-1,57,41,58,-1,41,40,58,-1,58,40,0,-1,58,0,2,-1,1,59,60,-1,60,59,61,-1,62,63,64,-1,65,66,67,-1,68,69,70,-1,70,69,71,-1,70,71,72,-1,72,71,73,-1,74,75,76,-1,76,75,73,-1,77,78,79,-1,79,78,80,-1,79,80,74,-1,66,77,67,-1,67,77,79,-1,67,79,81,-1,64,82,48,-1,45,62,46,-1,46,62,64,-1,46,64,47,-1,47,64,48,-1,83,60,84,-1,84,60,61,-1,84,61,85,-1,85,61,86,-1,69,86,71,-1,71,86,61,-1,71,61,87,-1,87,61,59,-1,87,59,88,-1,88,59,1,-1,63,65,64,-1,64,65,67,-1,64,67,82,-1,82,67,81,-1,82,81,89,-1,83,90,60,-1,60,90,1,-1,1,51,89,-1,89,51,50,-1,89,50,82,-1,82,50,49,-1,82,49,48,-1,74,76,79,-1,79,76,91,-1,79,91,81,-1,81,91,92,-1,81,92,89,-1,89,92,1,-1,73,71,76,-1,76,71,87,-1,76,87,91,-1,91,87,88,-1,91,88,92,-1,92,88,1,-1,2,93,94,-1,94,93,95,-1,96,97,98,-1,99,100,101,-1,52,53,102,-1,102,53,103,-1,102,103,104,-1,104,103,105,-1,106,107,108,-1,108,107,105,-1,109,110,111,-1,111,110,112,-1,111,112,106,-1,100,109,101,-1,101,109,111,-1,101,111,113,-1,98,114,115,-1,116,96,117,-1,117,96,98,-1,117,98,118,-1,118,98,115,-1,57,94,56,-1,56,94,95,-1,56,95,55,-1,55,95,54,-1,53,54,103,-1,103,54,95,-1,103,95,119,-1,119,95,93,-1,119,93,120,-1,120,93,2,-1,97,99,98,-1,98,99,101,-1,98,101,114,-1,114,101,113,-1,114,113,121,-1,57,58,94,-1,94,58,2,-1,2,122,121,-1,121,122,123,-1,121,123,114,-1,114,123,124,-1,114,124,115,-1,106,108,111,-1,111,108,125,-1,111,125,113,-1,113,125,126,-1,113,126,121,-1,121,126,2,-1,105,103,108,-1,108,103,119,-1,108,119,125,-1,125,119,120,-1,125,120,126,-1,126,120,2,-1,68,127,69,-1,69,127,128,-1,69,128,86,-1,128,129,86,-1,86,129,130,-1,86,130,85,-1,85,130,131,-1,85,131,84,-1,84,131,132,-1,84,132,83,-1,83,132,133,-1,83,133,90,-1,90,133,3,-1,90,3,1,-1,134,116,135,-1,135,116,117,-1,135,117,136,-1,117,118,136,-1,136,118,115,-1,136,115,137,-1,137,115,124,-1,137,124,138,-1,138,124,139,-1,139,124,123,-1,139,123,140,-1,123,122,140,-1,140,122,2,-1,140,2,3,-1,3,141,142,-1,142,141,143,-1,144,145,146,-1,147,148,149,-1,134,135,150,-1,150,135,151,-1,150,151,152,-1,152,151,153,-1,154,155,156,-1,156,155,153,-1,157,158,159,-1,159,158,160,-1,159,160,154,-1,148,157,149,-1,149,157,159,-1,149,159,161,-1,146,162,130,-1,127,144,128,-1,128,144,146,-1,128,146,129,-1,129,146,130,-1,139,142,138,-1,138,142,143,-1,138,143,137,-1,137,143,136,-1,135,136,151,-1,151,136,143,-1,151,143,163,-1,163,143,141,-1,163,141,164,-1,164,141,3,-1,145,147,146,-1,146,147,149,-1,146,149,162,-1,162,149,161,-1,162,161,165,-1,139,140,142,-1,142,140,3,-1,3,133,165,-1,165,133,132,-1,165,132,162,-1,162,132,131,-1,162,131,130,-1,154,156,159,-1,159,156,166,-1,159,166,161,-1,161,166,167,-1,161,167,165,-1,165,167,3,-1,153,151,156,-1,156,151,163,-1,156,163,166,-1,166,163,164,-1,166,164,167,-1,167,164,3,-1,
        ]
    }
}
Shape{
    appearance Appearance {
        material  Material 	{
            diffuseColor 0.25098039215686274 0.25098039215686274 0.25098039215686274
            specularColor 0.12549019607843137 0.12549019607843137 0.12549019607843137
            ambientIntensity 0.251
            transparency 0.0
            shininess 0.5
        }
    }
    geometry IndexedFaceSet {
        ccw TRUE
        solid FALSE
        coord DEF co Coordinate {
            point [
                -1.3661 0.9524 1.1732, -1.3661 0.224 1.1732, 1.3661 0.9524 1.1732, 1.3661 0.224 1.1732, -0.5512 -0.839 0.5315, -0.5512 -1.7839 0.5315, -0.9646 -0.839 0.5315, -0.9646 -1.7839 0.5315, -1.3189 -1.587 0.5315, -1.3189 -1.4689 0.5315, -1.2345 -1.7839 0.5315, -1.2883 -1.4649 0.5315, -1.122 -1.7839 0.5315, -1.2598 -1.4531 0.5315, -1.2354 -1.4343 0.5315, -1.2166 -1.4098 0.5315, -1.2008 -0.839 0.5315, -1.122 -0.839 0.5315, -1.2008 -1.3508 0.5315, -1.2048 -1.3814 0.5315, -0.3937 -1.7839 0.5315, -0.3937 -0.839 0.5315, -0.374 -1.7839 0.5315, -0.374 -0.839 0.5315, -0.1969 -0.839 0.5315, -0.1969 -1.7839 0.5315, -0.2165 -0.839 0.5315, -0.2165 -1.7839 0.5315, -0.9646 -1.8626 0.6102, -0.5512 -1.8626 0.6102, -1.122 -1.8341 0.5818, -1.2318 -1.7902 0.5379, -0.374 -1.8626 0.6102, -0.3937 -1.8626 0.6102, -0.2165 -1.8626 0.6102, -0.1969 -1.8626 0.6102, -1.2318 -1.7902 0.8007, -1.122 -1.8341 0.6102, -1.122 -1.8341 0.7568, -1.122 -1.8341 0.7283, -1.0509 -1.8626 0.7283, -1.0509 -1.8626 0.6102, -0.0394 -1.7839 0.5315, -0.0394 -0.839 0.5315, 0.0394 -1.7839 0.5315, 0.0394 -0.839 0.5315, 0.2165 -0.839 0.5315, 0.2165 -1.7839 0.5315, 0.1969 -0.839 0.5315, 0.1969 -1.7839 0.5315, 1.2048 -1.3814 0.5315, 1.2166 -1.4098 0.5315, 1.122 -1.7839 0.5315, 1.2008 -1.3508 0.5315, 1.122 -0.839 0.5315, 1.2008 -0.839 0.5315, 1.3189 -1.4689 0.5315, 1.3189 -1.587 0.5315, 1.2883 -1.4649 0.5315, 1.2345 -1.7839 0.5315, 1.2598 -1.4531 0.5315, 1.2354 -1.4343 0.5315, 0.5512 -1.7839 0.5315, 0.5512 -0.839 0.5315, 0.9646 -1.7839 0.5315, 0.9646 -0.839 0.5315, 0.374 -1.7839 0.5315, 0.374 -0.839 0.5315, 0.3937 -1.7839 0.5315, 0.3937 -0.839 0.5315, 0.0394 -1.8626 0.6102, -0.0394 -1.8626 0.6102, 0.1969 -1.8626 0.6102, 0.2165 -1.8626 0.6102, 1.122 -1.8341 0.5818, 1.2318 -1.7902 0.5379, 0.9646 -1.8626 0.6102, 0.5512 -1.8626 0.6102, 0.3937 -1.8626 0.6102, 0.374 -1.8626 0.6102, 1.122 -1.8341 0.6102, 1.2318 -1.7902 0.8007, 1.122 -1.8341 0.7568, 1.122 -1.8341 0.7283, 1.0509 -1.8626 0.7283, 1.0509 -1.8626 0.6102, 0.0591 -0.839 0.8071, 0.0394 -0.839 0.8071, 0.0591 -0.839 0.7677, 0.0394 -0.839 0.7283, 0.1772 -0.839 0.7677, 0.1969 -0.839 0.7283, 0.1772 -0.839 0.8071, 0.1969 -0.839 0.8071, 0.4134 -0.839 0.8071, 0.3937 -0.839 0.8071, 0.4134 -0.839 0.7677, 0.3937 -0.839 0.7283, 0.5315 -0.839 0.7677, 0.5512 -0.839 0.7283, 0.5315 -0.839 0.8071, 0.5512 -0.839 0.8071, 0.2362 -0.839 0.8071, 0.2165 -0.839 0.8071, 0.2362 -0.839 0.7677, 0.2165 -0.839 0.7283, 0.3543 -0.839 0.7677, 0.374 -0.839 0.7283, 0.3543 -0.839 0.8071, 0.374 -0.839 0.8071, -1.1024 -0.839 0.8071, -1.122 -0.839 0.8071, -1.1024 -0.839 0.7677, -1.122 -0.839 0.7283, -0.9843 -0.839 0.7677, -0.9646 -0.839 0.7283, -0.9843 -0.839 0.8071, -0.9646 -0.839 0.8071, -1.122 -1.7839 0.8071, -1.2048 -1.3814 0.8071, -1.2166 -1.4098 0.8071, -1.3189 -1.4689 0.8071, -1.3189 -1.587 0.8071, -1.2883 -1.4649 0.8071, -1.2345 -1.7839 0.8071, -1.2598 -1.4531 0.8071, -1.2354 -1.4343 0.8071, -1.2008 -1.3508 0.8071, -1.2008 -0.839 0.8071, -0.5512 -1.7839 0.8071, -0.5512 -0.839 0.8071, -0.9646 -1.7839 0.8071, -0.9646 -1.8626 0.7283, -0.5512 -1.8626 0.7283, -0.3937 -0.839 0.8071, -0.3937 -1.7839 0.8071, -0.374 -0.839 0.8071, -0.374 -1.7839 0.8071, -0.374 -1.8626 0.7283, -0.3937 -1.8626 0.7283, -0.2165 -1.7839 0.8071, -0.1969 -1.7839 0.8071, -0.2165 -0.839 0.8071, -0.1969 -0.839 0.8071, -0.1969 -1.8626 0.7283, -0.2165 -1.8626 0.7283, -1.6048 0.224 1.0354, -1.6323 0.224 0.969, -1.3976 0.224 0.8858, -1.6417 0.224 0.8976, -1.3976 0.224 0.4528, -1.6417 0.224 0.0079, 1.3976 0.224 0.4528, 1.6417 0.224 0.0079, 1.3976 0.224 0.8858, 1.6417 0.224 0.8976, 1.6323 0.224 0.969, 1.6048 0.224 1.0354, 1.561 0.224 1.0925, 1.5039 0.224 1.1363, 1.4375 0.224 1.1638, -1.4375 0.224 1.1638, -1.5039 0.224 1.1363, -1.561 0.224 1.0925, -1.6417 0.9524 0.0079, -1.6417 0.9524 0.8976, -1.4375 0.9524 1.1638, -1.5039 0.9524 1.1363, -1.561 0.9524 1.0925, -1.6048 0.9524 1.0354, -1.6323 0.9524 0.969, 1.2795 -0.7602 0.8858, 1.3976 -0.7602 0.8858, -1.2795 -0.7602 0.8858, -1.3976 -0.7602 0.8858, -1.3976 -0.7602 0.4528, -1.2795 -0.7602 0.4528, 1.2795 -0.7602 0.4528, 1.3976 -0.7602 0.4528, -1.2362 0.5311 0.0079, -1.2329 0.5056 0.0079, -1.223 0.4819 0.0079, -1.2074 0.4615 0.0079, 1.223 0.5803 0.0079, 1.2074 0.6007 0.0079, 1.6417 0.9524 0.0079, 1.187 0.6163 0.0079, 1.1633 0.6262 0.0079, 1.1378 0.6295 0.0079, 1.1123 0.6262 0.0079, -1.1123 0.436 0.0079, -1.0886 0.4459 0.0079, -1.0526 0.5803 0.0079, -1.0682 0.6007 0.0079, -1.187 0.4459 0.0079, -1.1633 0.436 0.0079, -1.1378 0.4327 0.0079, 1.0886 0.6163 0.0079, 1.0682 0.6007 0.0079, 1.0526 0.5803 0.0079, 1.0427 0.5566 0.0079, 1.0394 0.5311 0.0079, 1.0427 0.5056 0.0079, 1.0526 0.4819 0.0079, 1.0682 0.4615 0.0079, 1.0886 0.4459 0.0079, 1.1123 0.436 0.0079, 1.1378 0.4327 0.0079, 1.1633 0.436 0.0079, -1.0682 0.4615 0.0079, -1.0526 0.4819 0.0079, -1.0427 0.5056 0.0079, -1.0394 0.5311 0.0079, -1.0427 0.5566 0.0079, -1.2329 0.5566 0.0079, -1.223 0.5803 0.0079, 1.187 0.4459 0.0079, 1.2074 0.4615 0.0079, 1.223 0.4819 0.0079, 1.2329 0.5056 0.0079, 1.2362 0.5311 0.0079, 1.2329 0.5566 0.0079, -1.1633 0.6262 0.0079, -1.187 0.6163 0.0079, -1.2074 0.6007 0.0079, -1.0886 0.6163 0.0079, -1.1123 0.6262 0.0079, -1.1378 0.6295 0.0079, -0.0394 -1.7839 0.8071, 0.0394 -1.7839 0.8071, -0.0394 -0.839 0.8071, -0.0394 -1.8626 0.7283, 0.0394 -1.8626 0.7283, 0.1969 -1.8626 0.7283, 0.2165 -1.8626 0.7283, 0.374 -1.8626 0.7283, 0.3937 -1.8626 0.7283, 0.5512 -1.8626 0.7283, 0.9646 -1.8626 0.7283, 0.9843 -0.839 0.8071, 1.1024 -0.839 0.8071, 1.122 -0.839 0.8071, 1.2008 -0.839 0.8071, 0.9646 -0.839 0.8071, -0.1969 -0.839 0.7283, -0.0394 -0.839 0.7283, -0.3937 -0.839 0.7283, -0.5512 -0.839 0.7283, -0.374 -0.839 0.7283, -0.2165 -0.839 0.7283
            ]
        }
        coordIndex [
            0,1,2,-1,2,1,3,-1,4,5,6,-1,6,5,7,-1,8,9,10,-1,10,9,11,-1,10,11,12,-1,11,13,12,-1,12,13,14,-1,12,14,15,-1,16,17,18,-1,18,17,12,-1,18,12,19,-1,19,12,15,-1,20,21,22,-1,22,21,23,-1,24,25,26,-1,26,25,27,-1,7,5,28,-1,28,5,29,-1,30,31,12,-1,12,31,10,-1,32,33,22,-1,22,33,20,-1,27,25,34,-1,34,25,35,-1,31,30,36,-1,36,30,37,-1,38,36,39,-1,39,36,37,-1,39,37,40,-1,40,37,41,-1,42,43,44,-1,44,43,45,-1,46,47,48,-1,48,47,49,-1,50,51,52,-1,50,52,53,-1,53,52,54,-1,53,54,55,-1,56,57,58,-1,58,57,59,-1,58,59,60,-1,60,59,52,-1,60,52,61,-1,61,52,51,-1,62,63,64,-1,64,63,65,-1,66,67,68,-1,68,67,69,-1,70,71,44,-1,44,71,42,-1,49,47,72,-1,72,47,73,-1,52,59,74,-1,74,59,75,-1,76,77,64,-1,64,77,62,-1,78,79,68,-1,68,79,66,-1,80,74,75,-1,81,82,83,-1,84,85,83,-1,83,85,80,-1,83,80,81,-1,81,80,75,-1,86,87,88,-1,88,87,89,-1,88,89,90,-1,90,89,91,-1,90,91,92,-1,92,91,93,-1,94,95,96,-1,96,95,97,-1,96,97,98,-1,98,97,99,-1,98,99,100,-1,100,99,101,-1,102,103,104,-1,104,103,105,-1,104,105,106,-1,106,105,107,-1,106,107,108,-1,108,107,109,-1,110,111,112,-1,112,111,113,-1,112,113,114,-1,114,113,115,-1,114,115,116,-1,116,115,117,-1,118,119,120,-1,121,122,123,-1,123,122,124,-1,123,124,125,-1,125,124,118,-1,125,118,126,-1,126,118,120,-1,119,118,127,-1,127,118,111,-1,127,111,128,-1,129,130,131,-1,131,130,117,-1,118,124,38,-1,38,124,36,-1,132,133,131,-1,131,133,129,-1,134,135,136,-1,136,135,137,-1,137,135,138,-1,138,135,139,-1,140,141,142,-1,142,141,143,-1,144,141,145,-1,145,141,140,-1,146,147,148,-1,148,147,149,-1,148,149,150,-1,150,149,151,-1,150,151,152,-1,152,151,153,-1,152,153,154,-1,154,153,155,-1,154,155,156,-1,156,157,154,-1,154,157,158,-1,154,158,159,-1,159,160,154,-1,154,160,3,-1,154,3,148,-1,148,3,1,-1,148,1,161,-1,161,162,148,-1,148,162,163,-1,148,163,146,-1,164,151,165,-1,165,151,149,-1,1,0,166,-1,1,166,161,-1,161,166,167,-1,161,167,162,-1,162,167,168,-1,162,168,163,-1,163,168,169,-1,163,169,146,-1,146,169,170,-1,146,170,147,-1,147,170,165,-1,147,165,149,-1,171,172,154,-1,171,154,173,-1,173,154,148,-1,173,148,174,-1,175,174,150,-1,150,174,148,-1,175,150,176,-1,176,150,152,-1,176,152,177,-1,177,152,178,-1,173,174,176,-1,176,174,175,-1,179,180,151,-1,151,180,181,-1,151,181,182,-1,183,184,185,-1,185,184,186,-1,185,186,187,-1,187,188,185,-1,185,188,189,-1,185,189,164,-1,189,190,191,-1,192,193,189,-1,182,194,151,-1,151,194,195,-1,151,195,196,-1,189,197,190,-1,190,197,198,-1,190,198,199,-1,199,200,190,-1,190,200,201,-1,190,201,196,-1,196,201,202,-1,196,202,151,-1,151,202,203,-1,151,203,204,-1,204,205,151,-1,151,205,206,-1,151,206,153,-1,153,206,207,-1,153,207,208,-1,191,209,189,-1,189,209,210,-1,189,210,211,-1,211,212,189,-1,189,212,213,-1,189,213,192,-1,179,151,214,-1,214,151,164,-1,214,164,215,-1,208,216,153,-1,153,216,217,-1,153,217,218,-1,218,219,153,-1,153,219,220,-1,153,220,185,-1,185,220,221,-1,185,221,183,-1,222,223,164,-1,164,223,224,-1,164,224,215,-1,193,225,189,-1,189,225,226,-1,189,226,164,-1,164,226,227,-1,164,227,222,-1,122,121,8,-1,8,121,9,-1,228,229,230,-1,230,229,87,-1,40,41,132,-1,132,41,28,-1,132,28,133,-1,133,28,29,-1,133,29,139,-1,139,29,33,-1,139,33,138,-1,138,33,32,-1,138,32,145,-1,145,32,34,-1,145,34,144,-1,144,34,35,-1,144,35,231,-1,231,35,71,-1,231,71,232,-1,232,71,70,-1,232,70,233,-1,233,70,72,-1,233,72,234,-1,234,72,73,-1,234,73,235,-1,235,73,79,-1,235,79,236,-1,236,79,78,-1,236,78,237,-1,237,78,77,-1,237,77,238,-1,238,77,76,-1,238,76,84,-1,84,76,85,-1,16,18,128,-1,128,18,127,-1,127,18,119,-1,119,18,19,-1,119,19,120,-1,120,19,15,-1,120,15,126,-1,126,15,14,-1,126,14,125,-1,125,14,13,-1,125,13,123,-1,123,13,11,-1,123,11,121,-1,121,11,9,-1,122,8,10,-1,31,36,10,-1,10,36,124,-1,10,124,122,-1,232,229,231,-1,231,229,228,-1,176,16,173,-1,173,16,128,-1,176,24,26,-1,26,23,176,-1,176,23,21,-1,176,21,4,-1,4,6,176,-1,176,6,17,-1,176,17,16,-1,65,177,54,-1,54,177,55,-1,177,45,176,-1,176,45,43,-1,176,43,24,-1,65,63,177,-1,177,63,69,-1,177,69,67,-1,67,46,177,-1,177,46,48,-1,177,48,45,-1,171,94,100,-1,142,143,173,-1,128,111,173,-1,173,111,110,-1,92,93,171,-1,239,240,171,-1,171,240,241,-1,171,241,242,-1,110,116,173,-1,173,116,117,-1,173,117,130,-1,130,134,173,-1,173,134,136,-1,173,136,142,-1,100,101,171,-1,171,101,243,-1,171,243,239,-1,93,103,171,-1,171,103,102,-1,171,102,108,-1,108,109,171,-1,171,109,95,-1,171,95,94,-1,143,230,173,-1,173,230,87,-1,173,87,171,-1,171,87,86,-1,171,86,92,-1,144,231,244,-1,244,231,245,-1,244,245,143,-1,143,245,230,-1,143,141,244,-1,244,141,144,-1,230,245,228,-1,228,245,231,-1,246,247,139,-1,139,247,133,-1,247,246,130,-1,130,246,134,-1,130,129,247,-1,247,129,133,-1,134,246,135,-1,135,246,139,-1,138,145,248,-1,248,145,249,-1,248,249,136,-1,136,249,142,-1,136,137,248,-1,248,137,138,-1,142,249,140,-1,140,249,145,-1,132,115,40,-1,40,115,113,-1,40,113,39,-1,113,111,39,-1,39,111,118,-1,39,118,38,-1,115,132,117,-1,117,132,131,-1,
        ]
    }
}
Shape{
    appearance Appearance {
        material  Material 	{
            diffuseColor 1.0 1.0 0.5019607843137255
            specularColor 0.5019607843137255 0.5019607843137255 0.25098039215686274
            ambientIntensity 0.9432
            transparency 0.0
            shininess 0.5
        }
    }
    geometry IndexedFaceSet {
        ccw TRUE
        solid FALSE
        coord DEF co Coordinate {
            point [
                -1.1024 -1.7642 0.8071, -1.1024 -0.839 0.8071, -1.1024 -1.7642 0.7677, -1.1024 -0.839 0.7677, -0.9843 -1.7642 0.7677, -0.9843 -0.839 0.7677, -0.9843 -1.7642 0.8071, -0.9843 -0.839 0.8071
            ]
        }
        coordIndex [
            0,1,2,-1,2,1,3,-1,2,3,4,-1,4,3,5,-1,4,5,6,-1,6,5,7,-1,6,7,0,-1,0,7,1,-1,0,2,6,-1,6,2,4,-1,
        ]
    }
}
Shape{
    appearance Appearance {
        material  Material 	{
            diffuseColor 0.25098039215686274 0.25098039215686274 0.25098039215686274
            specularColor 0.12549019607843137 0.12549019607843137 0.12549019607843137
            ambientIntensity 0.251
            transparency 0.0
            shininess 0.5
        }
    }
    geometry IndexedFaceSet {
        ccw TRUE
        solid FALSE
        coord DEF co Coordinate {
            point [
                0.9843 -0.839 0.8071, 0.9646 -0.839 0.8071, 0.9843 -0.839 0.7677, 0.9646 -0.839 0.7283, 1.1024 -0.839 0.7677, 1.122 -0.839 0.7283, 1.1024 -0.839 0.8071, 1.122 -0.839 0.8071, 1.3189 -1.587 0.8071, 1.3189 -1.4689 0.8071, 1.2345 -1.7839 0.8071, 1.2883 -1.4649 0.8071, 1.122 -1.7839 0.8071, 1.2598 -1.4531 0.8071, 1.2354 -1.4343 0.8071, 1.2166 -1.4098 0.8071, 1.2008 -0.839 0.8071, 1.2008 -1.3508 0.8071, 1.2048 -1.3814 0.8071, 0.5512 -0.839 0.8071, 0.5512 -1.7839 0.8071, 0.9646 -1.7839 0.8071, 1.2318 -1.7902 0.8007, 1.122 -1.8341 0.7568, 0.5512 -1.8626 0.7283, 0.9646 -1.8626 0.7283, 0.3937 -1.7839 0.8071, 0.3937 -0.839 0.8071, 0.374 -1.7839 0.8071, 0.374 -0.839 0.8071, 0.3937 -1.8626 0.7283, 0.374 -1.8626 0.7283, 0.1969 -1.7839 0.8071, 0.2165 -1.7839 0.8071, 0.1969 -0.839 0.8071, 0.2165 -0.839 0.8071, 0.1969 -1.8626 0.7283, 0.2165 -1.8626 0.7283, 1.6417 0.9524 0.8976, 1.6417 0.224 0.8976, 1.6417 0.9524 0.0079, 1.6417 0.224 0.0079, 1.6323 0.9524 0.969, 1.6323 0.224 0.969, 1.6048 0.9524 1.0354, 1.6048 0.224 1.0354, 1.561 0.9524 1.0925, 1.561 0.224 1.0925, 1.5039 0.9524 1.1363, 1.5039 0.224 1.1363, 1.4375 0.9524 1.1638, 1.4375 0.224 1.1638, 1.3661 0.9524 1.1732, 1.3661 0.224 1.1732, 1.3976 -0.7602 0.8858, 1.3976 -0.7602 0.4528, 1.3976 0.224 0.8858, 1.3976 0.224 0.4528, 1.2795 -0.7602 0.8858, 1.2795 -0.7602 0.4528, 1.3189 -1.4689 0.5315, 1.3189 -1.587 0.5315, 1.2008 -1.3508 0.5315, 1.2008 -0.839 0.5315, 1.2883 -1.4649 0.5315, 1.2598 -1.4531 0.5315, 1.2354 -1.4343 0.5315, 1.2166 -1.4098 0.5315, 1.2048 -1.3814 0.5315, 1.2318 -1.7902 0.5379, 1.2345 -1.7839 0.5315, 0.0394 -1.8626 0.7283, 0.0394 -0.839 0.7283, 0.1969 -0.839 0.7283, 0.0394 -0.839 0.8071, 0.0394 -1.7839 0.8071, 0.5512 -0.839 0.7283, 0.3937 -0.839 0.7283, 0.2165 -0.839 0.7283, 0.374 -0.839 0.7283, 1.122 -1.8341 0.7283, 1.0509 -1.8626 0.7283
            ]
        }
        coordIndex [
            0,1,2,-1,2,1,3,-1,2,3,4,-1,4,3,5,-1,4,5,6,-1,6,5,7,-1,8,9,10,-1,10,9,11,-1,10,11,12,-1,11,13,12,-1,12,13,14,-1,12,14,15,-1,16,7,17,-1,17,7,12,-1,17,12,18,-1,18,12,15,-1,19,20,1,-1,1,20,21,-1,10,12,22,-1,22,12,23,-1,24,25,20,-1,20,25,21,-1,26,27,28,-1,28,27,29,-1,26,28,30,-1,30,28,31,-1,32,33,34,-1,34,33,35,-1,32,36,33,-1,33,36,37,-1,38,39,40,-1,40,39,41,-1,39,38,42,-1,39,42,43,-1,43,42,44,-1,43,44,45,-1,45,44,46,-1,45,46,47,-1,47,46,48,-1,47,48,49,-1,49,48,50,-1,49,50,51,-1,51,50,52,-1,51,52,53,-1,54,55,56,-1,56,55,57,-1,54,58,55,-1,55,58,59,-1,9,8,60,-1,60,8,61,-1,62,63,17,-1,17,63,16,-1,9,60,11,-1,11,60,64,-1,11,64,13,-1,13,64,65,-1,13,65,14,-1,14,65,66,-1,14,66,15,-1,15,66,67,-1,15,67,18,-1,18,67,68,-1,18,68,17,-1,17,68,62,-1,22,69,10,-1,10,69,70,-1,10,70,8,-1,8,70,61,-1,63,59,16,-1,16,59,58,-1,71,36,72,-1,72,36,73,-1,32,34,36,-1,36,34,73,-1,72,74,71,-1,71,74,75,-1,76,77,24,-1,24,77,30,-1,20,19,24,-1,24,19,76,-1,77,27,30,-1,30,27,26,-1,37,31,78,-1,78,31,79,-1,28,29,31,-1,31,29,79,-1,78,35,37,-1,37,35,33,-1,80,5,81,-1,81,5,3,-1,81,3,25,-1,7,5,12,-1,12,5,80,-1,12,80,23,-1,25,3,21,-1,21,3,1,-1,
        ]
    }
}
Shape{
    appearance Appearance {
        material  Material 	{
            diffuseColor 1.0 1.0 0.5019607843137255
            specularColor 0.5019607843137255 0.5019607843137255 0.25098039215686274
            ambientIntensity 0.9432
            transparency 0.0
            shininess 0.5
        }
    }
    geometry IndexedFaceSet {
        ccw TRUE
        solid FALSE
        coord DEF co Coordinate {
            point [
                1.1024 -0.839 0.8071, 1.1024 -1.7642 0.8071, 1.1024 -0.839 0.7677, 1.1024 -1.7642 0.7677, 0.9843 -0.839 0.7677, 0.9843 -1.7642 0.7677, 0.9843 -0.839 0.8071, 0.9843 -1.7642 0.8071, 0.3543 -1.7051 0.8071, 0.2362 -1.7051 0.8071, 0.3543 -1.7051 0.7677, 0.2362 -1.7051 0.7677, 0.3543 -0.839 0.7677, 0.2362 -0.839 0.7677, 0.3543 -0.839 0.8071, 0.2362 -0.839 0.8071, 0.5315 -1.7642 0.8071, 0.4134 -1.7642 0.8071, 0.5315 -1.7642 0.7677, 0.4134 -1.7642 0.7677, 0.5315 -0.839 0.7677, 0.4134 -0.839 0.7677, 0.5315 -0.839 0.8071, 0.4134 -0.839 0.8071, 0.1772 -1.7051 0.8071, 0.0591 -1.7051 0.8071, 0.1772 -1.7051 0.7677, 0.0591 -1.7051 0.7677, 0.1772 -0.839 0.7677, 0.0591 -0.839 0.7677, 0.1772 -0.839 0.8071, 0.0591 -0.839 0.8071
            ]
        }
        coordIndex [
            0,1,2,-1,2,1,3,-1,2,3,4,-1,4,3,5,-1,4,5,6,-1,6,5,7,-1,6,7,0,-1,0,7,1,-1,3,1,5,-1,5,1,7,-1,8,9,10,-1,10,9,11,-1,12,10,13,-1,13,10,11,-1,14,15,8,-1,8,15,9,-1,14,8,12,-1,12,8,10,-1,15,13,9,-1,9,13,11,-1,16,17,18,-1,18,17,19,-1,20,18,21,-1,21,18,19,-1,22,23,16,-1,16,23,17,-1,22,16,20,-1,20,16,18,-1,23,21,17,-1,17,21,19,-1,24,25,26,-1,26,25,27,-1,28,26,29,-1,29,26,27,-1,30,31,24,-1,24,31,25,-1,30,24,28,-1,28,24,26,-1,31,29,25,-1,25,29,27,-1,
        ]
    }
}
Shape{
    appearance Appearance {
        material  Material 	{
            diffuseColor 0.25098039215686274 0.25098039215686274 0.25098039215686274
            specularColor 0.12549019607843137 0.12549019607843137 0.12549019607843137
            ambientIntensity 0.251
            transparency 0.0
            shininess 0.5
        }
    }
    geometry IndexedFaceSet {
        ccw TRUE
        solid FALSE
        coord DEF co Coordinate {
            point [
                -1.2362 0.5311 0.0079, -1.2329 0.5056 -0.2559, -1.2329 0.5056 0.0079, -1.223 0.4819 -0.2559, -1.223 0.4819 0.0079, -1.2074 0.4615 -0.2559, -1.2074 0.4615 0.0079, -1.187 0.4459 -0.2559, -1.187 0.4459 0.0079, -1.1633 0.436 -0.2559, -1.1633 0.436 0.0079, -1.1378 0.4327 -0.2559, -1.1378 0.4327 0.0079, -1.1123 0.436 -0.2559, -1.1123 0.436 0.0079, -1.0886 0.4459 -0.2559, -1.0886 0.4459 0.0079, -1.0682 0.4615 -0.2559, -1.0682 0.4615 0.0079, -1.0526 0.4819 -0.2559, -1.0526 0.4819 0.0079, -1.0427 0.5056 -0.2559, -1.0427 0.5056 0.0079, -1.0394 0.5311 -0.2559, -1.0394 0.5311 0.0079, -1.0427 0.5566 -0.2559, -1.0427 0.5566 0.0079, -1.0526 0.5803 -0.2559, -1.0526 0.5803 0.0079, -1.0682 0.6007 -0.2559, -1.0682 0.6007 0.0079, -1.0886 0.6163 -0.2559, -1.0886 0.6163 0.0079, -1.1123 0.6262 -0.2559, -1.1123 0.6262 0.0079, -1.1378 0.6295 -0.2559, -1.1378 0.6295 0.0079, -1.1633 0.6262 -0.2559, -1.1633 0.6262 0.0079, -1.187 0.6163 -0.2559, -1.187 0.6163 0.0079, -1.2074 0.6007 -0.2559, -1.2074 0.6007 0.0079, -1.223 0.5803 -0.2559, -1.223 0.5803 0.0079, -1.2329 0.5566 -0.2559, -1.2329 0.5566 0.0079, -1.2362 0.5311 -0.2559, -1.0867 0.5606 -0.2953, -1.0808 0.5464 -0.2953, -1.1378 0.5311 -0.2953, -1.0787 0.5311 -0.2953, -1.0808 0.5158 -0.2953, -1.1225 0.5881 -0.2953, -1.1083 0.5822 -0.2953, -1.096 0.5729 -0.2953, -1.1673 0.5822 -0.2953, -1.1531 0.5881 -0.2953, -1.1378 0.5902 -0.2953, -1.1948 0.5464 -0.2953, -1.1889 0.5606 -0.2953, -1.1796 0.5729 -0.2953, -1.1889 0.5016 -0.2953, -1.1948 0.5158 -0.2953, -1.1969 0.5311 -0.2953, -1.1531 0.4741 -0.2953, -1.1673 0.48 -0.2953, -1.1796 0.4893 -0.2953, -1.1083 0.48 -0.2953, -1.1225 0.4741 -0.2953, -1.1378 0.472 -0.2953, -1.0867 0.5016 -0.2953, -1.096 0.4893 -0.2953, 1.0394 0.5311 0.0079, 1.0427 0.5056 -0.2559, 1.0427 0.5056 0.0079, 1.0526 0.4819 -0.2559, 1.0526 0.4819 0.0079, 1.0682 0.4615 -0.2559, 1.0682 0.4615 0.0079, 1.0886 0.4459 -0.2559, 1.0886 0.4459 0.0079, 1.1123 0.436 -0.2559, 1.1123 0.436 0.0079, 1.1378 0.4327 -0.2559, 1.1378 0.4327 0.0079, 1.1633 0.436 -0.2559, 1.1633 0.436 0.0079, 1.187 0.4459 -0.2559, 1.187 0.4459 0.0079, 1.2074 0.4615 -0.2559, 1.2074 0.4615 0.0079, 1.223 0.4819 -0.2559, 1.223 0.4819 0.0079, 1.2329 0.5056 -0.2559, 1.2329 0.5056 0.0079, 1.2362 0.5311 -0.2559, 1.2362 0.5311 0.0079, 1.2329 0.5566 -0.2559, 1.2329 0.5566 0.0079, 1.223 0.5803 -0.2559, 1.223 0.5803 0.0079, 1.2074 0.6007 -0.2559, 1.2074 0.6007 0.0079, 1.187 0.6163 -0.2559, 1.187 0.6163 0.0079, 1.1633 0.6262 -0.2559, 1.1633 0.6262 0.0079, 1.1378 0.6295 -0.2559, 1.1378 0.6295 0.0079, 1.1123 0.6262 -0.2559, 1.1123 0.6262 0.0079, 1.0886 0.6163 -0.2559, 1.0886 0.6163 0.0079, 1.0682 0.6007 -0.2559, 1.0682 0.6007 0.0079, 1.0526 0.5803 -0.2559, 1.0526 0.5803 0.0079, 1.0427 0.5566 -0.2559, 1.0427 0.5566 0.0079, 1.0394 0.5311 -0.2559, 1.0867 0.5016 -0.2953, 1.0808 0.5158 -0.2953, 1.1378 0.5311 -0.2953, 1.0787 0.5311 -0.2953, 1.0808 0.5464 -0.2953, 1.1225 0.4741 -0.2953, 1.1083 0.48 -0.2953, 1.096 0.4893 -0.2953, 1.1673 0.48 -0.2953, 1.1531 0.4741 -0.2953, 1.1378 0.472 -0.2953, 1.1948 0.5158 -0.2953, 1.1889 0.5016 -0.2953, 1.1796 0.4893 -0.2953, 1.1889 0.5606 -0.2953, 1.1948 0.5464 -0.2953, 1.1969 0.5311 -0.2953, 1.1531 0.5881 -0.2953, 1.1673 0.5822 -0.2953, 1.1796 0.5729 -0.2953, 1.1083 0.5822 -0.2953, 1.1225 0.5881 -0.2953, 1.1378 0.5902 -0.2953, 1.0867 0.5606 -0.2953, 1.096 0.5729 -0.2953, -0.0394 -0.839 0.6102, -0.0394 -0.839 0.5315, -0.0394 -1.8626 0.6102, -0.0394 -1.7839 0.5315, -0.1969 -1.7839 0.5315, -0.1969 -0.839 0.5315, -0.1969 -1.8626 0.6102, -0.1969 -0.839 0.6102, 1.122 -0.839 0.6102, 1.122 -0.839 0.5315, 1.122 -1.8341 0.6102, 1.122 -1.7839 0.5315, 1.122 -1.8341 0.5818, 0.9646 -1.8626 0.6102, 0.9646 -0.839 0.6102, 1.0509 -1.8626 0.6102, 0.9646 -0.839 0.5315, 0.9646 -1.7839 0.5315, -0.5512 -0.839 0.6102, -0.3937 -0.839 0.6102, -0.5512 -1.8626 0.6102, -0.3937 -1.8626 0.6102, -0.5512 -0.839 0.5315, -0.5512 -1.7839 0.5315, -0.3937 -0.839 0.5315, -0.3937 -1.7839 0.5315, -0.374 -0.839 0.6102, -0.2165 -0.839 0.6102, -0.374 -1.8626 0.6102, -0.2165 -1.8626 0.6102, -0.374 -0.839 0.5315, -0.374 -1.7839 0.5315, -0.2165 -0.839 0.5315, -0.2165 -1.7839 0.5315, 0.2165 -0.839 0.6102, 0.2165 -1.8626 0.6102, 0.2165 -0.839 0.5315, 0.2165 -1.7839 0.5315, 0.374 -0.839 0.5315, 0.374 -1.7839 0.5315, 0.374 -0.839 0.6102, 0.374 -1.8626 0.6102, 0.3937 -0.839 0.6102, 0.3937 -1.8626 0.6102, 0.3937 -0.839 0.5315, 0.3937 -1.7839 0.5315, 0.5512 -0.839 0.5315, 0.5512 -1.7839 0.5315, 0.5512 -0.839 0.6102, 0.5512 -1.8626 0.6102, 0.1969 -0.839 0.6102, 0.1969 -1.8626 0.6102, 0.0394 -0.839 0.6102, 0.0394 -1.8626 0.6102, 0.0394 -0.839 0.5315, 0.0394 -1.7839 0.5315, 0.1969 -0.839 0.5315, 0.1969 -1.7839 0.5315, -0.9646 -0.839 0.5315, -0.9646 -1.7839 0.5315, -0.9646 -0.839 0.6102, -0.9646 -1.8626 0.6102, -1.122 -1.8341 0.6102, -1.122 -0.839 0.6102, -1.0509 -1.8626 0.6102, -1.122 -0.839 0.5315, -1.122 -1.7839 0.5315, -1.122 -1.8341 0.5818, -1.6323 0.9524 0.969, -1.3661 0.9524 1.1732, -1.6417 0.9524 0.8976, 1.6417 0.9524 0.8976, -1.6417 0.9524 0.0079, 1.6417 0.9524 0.0079, -1.6048 0.9524 1.0354, -1.561 0.9524 1.0925, -1.4375 0.9524 1.1638, -1.5039 0.9524 1.1363, 1.3661 0.9524 1.1732, 1.4375 0.9524 1.1638, 1.5039 0.9524 1.1363, 1.561 0.9524 1.0925, 1.6048 0.9524 1.0354, 1.6323 0.9524 0.969
            ]
        }
        coordIndex [
            0,1,2,-1,2,1,3,-1,2,3,4,-1,4,3,5,-1,4,5,6,-1,6,5,7,-1,6,7,8,-1,8,7,9,-1,8,9,10,-1,10,9,11,-1,10,11,12,-1,12,11,13,-1,12,13,14,-1,14,13,15,-1,14,15,16,-1,16,15,17,-1,16,17,18,-1,18,17,19,-1,18,19,20,-1,20,19,21,-1,20,21,22,-1,22,21,23,-1,22,23,24,-1,24,23,25,-1,24,25,26,-1,26,25,27,-1,26,27,28,-1,28,27,29,-1,28,29,30,-1,30,29,31,-1,30,31,32,-1,32,31,33,-1,32,33,34,-1,34,33,35,-1,34,35,36,-1,36,35,37,-1,36,37,38,-1,38,37,39,-1,38,39,40,-1,40,39,41,-1,40,41,42,-1,42,41,43,-1,42,43,44,-1,44,43,45,-1,44,45,46,-1,46,45,47,-1,46,47,0,-1,0,47,1,-1,48,49,50,-1,50,49,51,-1,50,51,52,-1,53,54,50,-1,50,54,55,-1,50,55,48,-1,56,57,50,-1,50,57,58,-1,50,58,53,-1,59,60,50,-1,50,60,61,-1,50,61,56,-1,62,63,50,-1,50,63,64,-1,50,64,59,-1,65,66,50,-1,50,66,67,-1,50,67,62,-1,68,69,50,-1,50,69,70,-1,50,70,65,-1,52,71,50,-1,50,71,72,-1,50,72,68,-1,73,74,75,-1,75,74,76,-1,75,76,77,-1,77,76,78,-1,77,78,79,-1,79,78,80,-1,79,80,81,-1,81,80,82,-1,81,82,83,-1,83,82,84,-1,83,84,85,-1,85,84,86,-1,85,86,87,-1,87,86,88,-1,87,88,89,-1,89,88,90,-1,89,90,91,-1,91,90,92,-1,91,92,93,-1,93,92,94,-1,93,94,95,-1,95,94,96,-1,95,96,97,-1,97,96,98,-1,97,98,99,-1,99,98,100,-1,99,100,101,-1,101,100,102,-1,101,102,103,-1,103,102,104,-1,103,104,105,-1,105,104,106,-1,105,106,107,-1,107,106,108,-1,107,108,109,-1,109,108,110,-1,109,110,111,-1,111,110,112,-1,111,112,113,-1,113,112,114,-1,113,114,115,-1,115,114,116,-1,115,116,117,-1,117,116,118,-1,117,118,119,-1,119,118,120,-1,119,120,73,-1,73,120,74,-1,121,122,123,-1,123,122,124,-1,123,124,125,-1,126,127,123,-1,123,127,128,-1,123,128,121,-1,129,130,123,-1,123,130,131,-1,123,131,126,-1,132,133,123,-1,123,133,134,-1,123,134,129,-1,135,136,123,-1,123,136,137,-1,123,137,132,-1,138,139,123,-1,123,139,140,-1,123,140,135,-1,141,142,123,-1,123,142,143,-1,123,143,138,-1,125,144,123,-1,123,144,145,-1,123,145,141,-1,47,63,1,-1,1,63,62,-1,1,62,3,-1,3,62,67,-1,3,67,5,-1,5,67,66,-1,5,66,7,-1,7,66,65,-1,7,65,9,-1,9,65,70,-1,9,70,11,-1,11,70,69,-1,11,69,13,-1,13,69,68,-1,13,68,15,-1,15,68,72,-1,15,72,17,-1,17,72,71,-1,17,71,19,-1,19,71,52,-1,19,52,21,-1,21,52,51,-1,21,51,23,-1,23,51,49,-1,23,49,25,-1,25,49,48,-1,25,48,27,-1,27,48,55,-1,27,55,29,-1,29,55,54,-1,29,54,31,-1,31,54,53,-1,31,53,33,-1,33,53,58,-1,33,58,35,-1,35,58,57,-1,35,57,37,-1,37,57,56,-1,37,56,39,-1,39,56,61,-1,39,61,41,-1,41,61,60,-1,41,60,43,-1,43,60,59,-1,43,59,45,-1,45,59,64,-1,45,64,47,-1,47,64,63,-1,120,122,74,-1,74,122,121,-1,74,121,76,-1,76,121,128,-1,76,128,78,-1,78,128,127,-1,78,127,80,-1,80,127,126,-1,80,126,82,-1,82,126,131,-1,82,131,84,-1,84,131,130,-1,84,130,86,-1,86,130,129,-1,86,129,88,-1,88,129,134,-1,88,134,90,-1,90,134,133,-1,90,133,92,-1,92,133,132,-1,92,132,94,-1,94,132,137,-1,94,137,96,-1,96,137,136,-1,96,136,98,-1,98,136,135,-1,98,135,100,-1,100,135,140,-1,100,140,102,-1,102,140,139,-1,102,139,104,-1,104,139,138,-1,104,138,106,-1,106,138,143,-1,106,143,108,-1,108,143,142,-1,108,142,110,-1,110,142,141,-1,110,141,112,-1,112,141,145,-1,112,145,114,-1,114,145,144,-1,114,144,116,-1,116,144,125,-1,116,125,118,-1,118,125,124,-1,118,124,120,-1,120,124,122,-1,146,147,148,-1,148,147,149,-1,150,151,152,-1,152,151,153,-1,146,153,147,-1,147,153,151,-1,148,152,146,-1,146,152,153,-1,154,155,156,-1,156,155,157,-1,156,157,158,-1,159,160,161,-1,161,160,154,-1,161,154,156,-1,160,159,162,-1,162,159,163,-1,154,160,155,-1,155,160,162,-1,164,165,166,-1,166,165,167,-1,164,166,168,-1,168,166,169,-1,170,171,165,-1,165,171,167,-1,168,170,164,-1,164,170,165,-1,172,173,174,-1,174,173,175,-1,172,174,176,-1,176,174,177,-1,178,179,173,-1,173,179,175,-1,176,178,172,-1,172,178,173,-1,180,181,182,-1,182,181,183,-1,184,185,186,-1,186,185,187,-1,186,187,180,-1,180,187,181,-1,184,186,182,-1,182,186,180,-1,188,189,190,-1,190,189,191,-1,192,193,194,-1,194,193,195,-1,194,195,188,-1,188,195,189,-1,192,194,190,-1,190,194,188,-1,196,197,198,-1,198,197,199,-1,198,199,200,-1,200,199,201,-1,202,203,196,-1,196,203,197,-1,200,202,198,-1,198,202,196,-1,204,205,206,-1,206,205,207,-1,208,209,210,-1,210,209,206,-1,210,206,207,-1,211,209,212,-1,212,209,208,-1,212,208,213,-1,209,211,206,-1,206,211,204,-1,214,215,216,-1,216,215,217,-1,216,217,218,-1,218,217,219,-1,214,220,215,-1,215,220,221,-1,215,221,222,-1,222,221,223,-1,215,224,217,-1,217,224,225,-1,217,225,226,-1,227,228,226,-1,226,228,229,-1,226,229,217,-1,
        ]
    }
}