ISO-10303-21;
HEADER;
FILE_DESCRIPTION(('KiCad electronic assembly'),'2;1');
FILE_NAME('cooksense.step','2026-07-24T02:30:21',('Pcbnew'),('Kicad'),
  'Open CASCADE STEP processor 7.6','KiCad to STEP converter','Unknown'
  );
FILE_SCHEMA(('AUTOMOTIVE_DESIGN { 1 0 10303 214 1 1 1 1 }'));
ENDSEC;
DATA;
#1 = APPLICATION_PROTOCOL_DEFINITION('international standard',
  'automotive_design',2000,#2);
#2 = APPLICATION_CONTEXT(
  'core data for automotive mechanical design processes');
#3 = SHAPE_DEFINITION_REPRESENTATION(#4,#10);
#4 = PRODUCT_DEFINITION_SHAPE('','',#5);
#5 = PRODUCT_DEFINITION('design','',#6,#9);
#6 = PRODUCT_DEFINITION_FORMATION('','',#7);
#7 = PRODUCT('cooksense 1','cooksense 1','',(#8));
#8 = PRODUCT_CONTEXT('',#2,'mechanical');
#9 = PRODUCT_DEFINITION_CONTEXT('part definition',#2,'design');
#10 = SHAPE_REPRESENTATION('',(#11,#15),#19);
#11 = AXIS2_PLACEMENT_3D('',#12,#13,#14);
#12 = CARTESIAN_POINT('',(0.,0.,0.));
#13 = DIRECTION('',(0.,0.,1.));
#14 = DIRECTION('',(1.,0.,-0.));
#15 = AXIS2_PLACEMENT_3D('',#16,#17,#18);
#16 = CARTESIAN_POINT('',(0.,0.,0.));
#17 = DIRECTION('',(0.,0.,1.));
#18 = DIRECTION('',(1.,0.,-0.));
#19 = ( GEOMETRIC_REPRESENTATION_CONTEXT(3) 
GLOBAL_UNCERTAINTY_ASSIGNED_CONTEXT((#23)) GLOBAL_UNIT_ASSIGNED_CONTEXT(
(#20,#21,#22)) REPRESENTATION_CONTEXT('Context #1',
  '3D Context with UNIT and UNCERTAINTY') );
#20 = ( LENGTH_UNIT() NAMED_UNIT(*) SI_UNIT(.MILLI.,.METRE.) );
#21 = ( NAMED_UNIT(*) PLANE_ANGLE_UNIT() SI_UNIT($,.RADIAN.) );
#22 = ( NAMED_UNIT(*) SI_UNIT($,.STERADIAN.) SOLID_ANGLE_UNIT() );
#23 = UNCERTAINTY_MEASURE_WITH_UNIT(LENGTH_MEASURE(1.E-07),#20,
  'distance_accuracy_value','confusion accuracy');
#24 = PRODUCT_RELATED_PRODUCT_CATEGORY('part',$,(#7));
#25 = SHAPE_DEFINITION_REPRESENTATION(#26,#32);
#26 = PRODUCT_DEFINITION_SHAPE('','',#27);
#27 = PRODUCT_DEFINITION('design','',#28,#31);
#28 = PRODUCT_DEFINITION_FORMATION('','',#29);
#29 = PRODUCT('cooksense_PCB','cooksense_PCB','',(#30));
#30 = PRODUCT_CONTEXT('',#2,'mechanical');
#31 = PRODUCT_DEFINITION_CONTEXT('part definition',#2,'design');
#32 = ADVANCED_BREP_SHAPE_REPRESENTATION('',(#11,#33),#5832);
#33 = MANIFOLD_SOLID_BREP('',#34);
#34 = CLOSED_SHELL('',(#35,#75,#106,#137,#1695,#3253,#3265,#3282,#3299,
    #3316,#3333,#3350,#3367,#3384,#3401,#3418,#3435,#3452,#3469,#3486,
    #3503,#3520,#3537,#3554,#3571,#3588,#3605,#3622,#3639,#3656,#3673,
    #3690,#3707,#3724,#3741,#3758,#3775,#3792,#3809,#3826,#3843,#3860,
    #3877,#3894,#3911,#3928,#3945,#3962,#3979,#3996,#4013,#4030,#4047,
    #4064,#4081,#4098,#4115,#4132,#4149,#4171,#4188,#4205,#4217,#4234,
    #4251,#4268,#4285,#4307,#4324,#4341,#4353,#4370,#4387,#4404,#4426,
    #4443,#4460,#4472,#4489,#4506,#4523,#4540,#4557,#4574,#4596,#4613,
    #4630,#4642,#4659,#4676,#4693,#4710,#4727,#4744,#4761,#4783,#4800,
    #4817,#4829,#4846,#4863,#4880,#4902,#4919,#4936,#4948,#4970,#4987,
    #5004,#5016,#5033,#5050,#5067,#5084,#5101,#5123,#5140,#5157,#5169,
    #5186,#5203,#5220,#5242,#5259,#5276,#5288,#5305,#5322,#5339,#5356,
    #5373,#5390,#5407,#5424,#5441,#5463,#5480,#5497,#5509,#5526,#5543,
    #5560,#5577,#5594,#5611,#5628,#5650,#5667,#5684,#5696,#5713,#5730,
    #5747,#5769,#5786,#5803,#5815));
#35 = ADVANCED_FACE('',(#36),#70,.T.);
#36 = FACE_BOUND('',#37,.T.);
#37 = EDGE_LOOP('',(#38,#48,#56,#64));
#38 = ORIENTED_EDGE('',*,*,#39,.T.);
#39 = EDGE_CURVE('',#40,#42,#44,.T.);
#40 = VERTEX_POINT('',#41);
#41 = CARTESIAN_POINT('',(200.,-102.,0.));
#42 = VERTEX_POINT('',#43);
#43 = CARTESIAN_POINT('',(200.,-102.,1.51));
#44 = LINE('',#45,#46);
#45 = CARTESIAN_POINT('',(200.,-102.,0.));
#46 = VECTOR('',#47,1.);
#47 = DIRECTION('',(0.,0.,1.));
#48 = ORIENTED_EDGE('',*,*,#49,.T.);
#49 = EDGE_CURVE('',#42,#50,#52,.T.);
#50 = VERTEX_POINT('',#51);
#51 = CARTESIAN_POINT('',(12.,-102.,1.51));
#52 = LINE('',#53,#54);
#53 = CARTESIAN_POINT('',(200.,-102.,1.51));
#54 = VECTOR('',#55,1.);
#55 = DIRECTION('',(-1.,0.,0.));
#56 = ORIENTED_EDGE('',*,*,#57,.F.);
#57 = EDGE_CURVE('',#58,#50,#60,.T.);
#58 = VERTEX_POINT('',#59);
#59 = CARTESIAN_POINT('',(12.,-102.,0.));
#60 = LINE('',#61,#62);
#61 = CARTESIAN_POINT('',(12.,-102.,0.));
#62 = VECTOR('',#63,1.);
#63 = DIRECTION('',(0.,0.,1.));
#64 = ORIENTED_EDGE('',*,*,#65,.F.);
#65 = EDGE_CURVE('',#40,#58,#66,.T.);
#66 = LINE('',#67,#68);
#67 = CARTESIAN_POINT('',(200.,-102.,0.));
#68 = VECTOR('',#69,1.);
#69 = DIRECTION('',(-1.,0.,0.));
#70 = PLANE('',#71);
#71 = AXIS2_PLACEMENT_3D('',#72,#73,#74);
#72 = CARTESIAN_POINT('',(200.,-102.,0.));
#73 = DIRECTION('',(0.,-1.,0.));
#74 = DIRECTION('',(-1.,0.,0.));
#75 = ADVANCED_FACE('',(#76),#101,.T.);
#76 = FACE_BOUND('',#77,.T.);
#77 = EDGE_LOOP('',(#78,#88,#94,#95));
#78 = ORIENTED_EDGE('',*,*,#79,.T.);
#79 = EDGE_CURVE('',#80,#82,#84,.T.);
#80 = VERTEX_POINT('',#81);
#81 = CARTESIAN_POINT('',(200.,-10.,0.));
#82 = VERTEX_POINT('',#83);
#83 = CARTESIAN_POINT('',(200.,-10.,1.51));
#84 = LINE('',#85,#86);
#85 = CARTESIAN_POINT('',(200.,-10.,0.));
#86 = VECTOR('',#87,1.);
#87 = DIRECTION('',(0.,0.,1.));
#88 = ORIENTED_EDGE('',*,*,#89,.T.);
#89 = EDGE_CURVE('',#82,#42,#90,.T.);
#90 = LINE('',#91,#92);
#91 = CARTESIAN_POINT('',(200.,-10.,1.51));
#92 = VECTOR('',#93,1.);
#93 = DIRECTION('',(0.,-1.,0.));
#94 = ORIENTED_EDGE('',*,*,#39,.F.);
#95 = ORIENTED_EDGE('',*,*,#96,.F.);
#96 = EDGE_CURVE('',#80,#40,#97,.T.);
#97 = LINE('',#98,#99);
#98 = CARTESIAN_POINT('',(200.,-10.,0.));
#99 = VECTOR('',#100,1.);
#100 = DIRECTION('',(0.,-1.,0.));
#101 = PLANE('',#102);
#102 = AXIS2_PLACEMENT_3D('',#103,#104,#105);
#103 = CARTESIAN_POINT('',(200.,-10.,0.));
#104 = DIRECTION('',(1.,0.,-0.));
#105 = DIRECTION('',(0.,-1.,0.));
#106 = ADVANCED_FACE('',(#107),#132,.T.);
#107 = FACE_BOUND('',#108,.T.);
#108 = EDGE_LOOP('',(#109,#110,#118,#126));
#109 = ORIENTED_EDGE('',*,*,#57,.T.);
#110 = ORIENTED_EDGE('',*,*,#111,.T.);
#111 = EDGE_CURVE('',#50,#112,#114,.T.);
#112 = VERTEX_POINT('',#113);
#113 = CARTESIAN_POINT('',(12.,-10.,1.51));
#114 = LINE('',#115,#116);
#115 = CARTESIAN_POINT('',(12.,-102.,1.51));
#116 = VECTOR('',#117,1.);
#117 = DIRECTION('',(0.,1.,0.));
#118 = ORIENTED_EDGE('',*,*,#119,.F.);
#119 = EDGE_CURVE('',#120,#112,#122,.T.);
#120 = VERTEX_POINT('',#121);
#121 = CARTESIAN_POINT('',(12.,-10.,0.));
#122 = LINE('',#123,#124);
#123 = CARTESIAN_POINT('',(12.,-10.,0.));
#124 = VECTOR('',#125,1.);
#125 = DIRECTION('',(0.,0.,1.));
#126 = ORIENTED_EDGE('',*,*,#127,.F.);
#127 = EDGE_CURVE('',#58,#120,#128,.T.);
#128 = LINE('',#129,#130);
#129 = CARTESIAN_POINT('',(12.,-102.,0.));
#130 = VECTOR('',#131,1.);
#131 = DIRECTION('',(0.,1.,0.));
#132 = PLANE('',#133);
#133 = AXIS2_PLACEMENT_3D('',#134,#135,#136);
#134 = CARTESIAN_POINT('',(12.,-102.,0.));
#135 = DIRECTION('',(-1.,0.,0.));
#136 = DIRECTION('',(0.,1.,0.));
#137 = ADVANCED_FACE('',(#138,#149,#160,#171,#182,#193,#204,#215,#226,
    #237,#248,#259,#270,#281,#292,#303,#314,#325,#336,#347,#358,#369,
    #380,#391,#402,#413,#424,#435,#446,#457,#468,#479,#490,#501,#512,
    #523,#534,#545,#556,#567,#578,#589,#600,#611,#622,#633,#644,#655,
    #666,#677,#688,#699,#710,#721,#755,#766,#777,#788,#799,#833,#844,
    #855,#866,#900,#911,#922,#933,#944,#955,#966,#1000,#1011,#1022,#1033
    ,#1044,#1055,#1066,#1077,#1111,#1122,#1133,#1144,#1178,#1212,#1223,
    #1234,#1245,#1256,#1267,#1301,#1312,#1323,#1334,#1368,#1379,#1390,
    #1401,#1412,#1423,#1434,#1445,#1456,#1467,#1501,#1512,#1523,#1534,
    #1545,#1556,#1567,#1578,#1612,#1623,#1634,#1645,#1679),#1690,.F.);
#138 = FACE_BOUND('',#139,.F.);
#139 = EDGE_LOOP('',(#140,#141,#142,#148));
#140 = ORIENTED_EDGE('',*,*,#65,.F.);
#141 = ORIENTED_EDGE('',*,*,#96,.F.);
#142 = ORIENTED_EDGE('',*,*,#143,.F.);
#143 = EDGE_CURVE('',#120,#80,#144,.T.);
#144 = LINE('',#145,#146);
#145 = CARTESIAN_POINT('',(12.,-10.,0.));
#146 = VECTOR('',#147,1.);
#147 = DIRECTION('',(1.,0.,0.));
#148 = ORIENTED_EDGE('',*,*,#127,.F.);
#149 = FACE_BOUND('',#150,.F.);
#150 = EDGE_LOOP('',(#151));
#151 = ORIENTED_EDGE('',*,*,#152,.T.);
#152 = EDGE_CURVE('',#153,#153,#155,.T.);
#153 = VERTEX_POINT('',#154);
#154 = CARTESIAN_POINT('',(17.,-91.35,0.));
#155 = CIRCLE('',#156,1.35);
#156 = AXIS2_PLACEMENT_3D('',#157,#158,#159);
#157 = CARTESIAN_POINT('',(17.,-90.,0.));
#158 = DIRECTION('',(-0.,0.,-1.));
#159 = DIRECTION('',(-0.,-1.,0.));
#160 = FACE_BOUND('',#161,.F.);
#161 = EDGE_LOOP('',(#162));
#162 = ORIENTED_EDGE('',*,*,#163,.T.);
#163 = EDGE_CURVE('',#164,#164,#166,.T.);
#164 = VERTEX_POINT('',#165);
#165 = CARTESIAN_POINT('',(70.04,-96.885,0.));
#166 = CIRCLE('',#167,0.885);
#167 = AXIS2_PLACEMENT_3D('',#168,#169,#170);
#168 = CARTESIAN_POINT('',(70.04,-96.,0.));
#169 = DIRECTION('',(-0.,0.,-1.));
#170 = DIRECTION('',(1.605746295503E-14,-1.,-0.));
#171 = FACE_BOUND('',#172,.F.);
#172 = EDGE_LOOP('',(#173));
#173 = ORIENTED_EDGE('',*,*,#174,.T.);
#174 = EDGE_CURVE('',#175,#175,#177,.T.);
#175 = VERTEX_POINT('',#176);
#176 = CARTESIAN_POINT('',(77.96,-96.885,0.));
#177 = CIRCLE('',#178,0.885);
#178 = AXIS2_PLACEMENT_3D('',#179,#180,#181);
#179 = CARTESIAN_POINT('',(77.96,-96.,0.));
#180 = DIRECTION('',(-0.,0.,-1.));
#181 = DIRECTION('',(-1.605746295503E-14,-1.,0.));
#182 = FACE_BOUND('',#183,.F.);
#183 = EDGE_LOOP('',(#184));
#184 = ORIENTED_EDGE('',*,*,#185,.T.);
#185 = EDGE_CURVE('',#186,#186,#188,.T.);
#186 = VERTEX_POINT('',#187);
#187 = CARTESIAN_POINT('',(66.15,-90.085,0.));
#188 = CIRCLE('',#189,0.885);
#189 = AXIS2_PLACEMENT_3D('',#190,#191,#192);
#190 = CARTESIAN_POINT('',(66.15,-89.2,0.));
#191 = DIRECTION('',(-0.,0.,-1.));
#192 = DIRECTION('',(-0.,-1.,0.));
#193 = FACE_BOUND('',#194,.F.);
#194 = EDGE_LOOP('',(#195));
#195 = ORIENTED_EDGE('',*,*,#196,.T.);
#196 = EDGE_CURVE('',#197,#197,#199,.T.);
#197 = VERTEX_POINT('',#198);
#198 = CARTESIAN_POINT('',(81.85,-90.085,0.));
#199 = CIRCLE('',#200,0.885);
#200 = AXIS2_PLACEMENT_3D('',#201,#202,#203);
#201 = CARTESIAN_POINT('',(81.85,-89.2,0.));
#202 = DIRECTION('',(-0.,0.,-1.));
#203 = DIRECTION('',(-0.,-1.,0.));
#204 = FACE_BOUND('',#205,.F.);
#205 = EDGE_LOOP('',(#206));
#206 = ORIENTED_EDGE('',*,*,#207,.T.);
#207 = EDGE_CURVE('',#208,#208,#210,.T.);
#208 = VERTEX_POINT('',#209);
#209 = CARTESIAN_POINT('',(94.,-98.04,0.));
#210 = CIRCLE('',#211,0.5);
#211 = AXIS2_PLACEMENT_3D('',#212,#213,#214);
#212 = CARTESIAN_POINT('',(94.,-97.54,0.));
#213 = DIRECTION('',(-0.,0.,-1.));
#214 = DIRECTION('',(-0.,-1.,0.));
#215 = FACE_BOUND('',#216,.F.);
#216 = EDGE_LOOP('',(#217));
#217 = ORIENTED_EDGE('',*,*,#218,.T.);
#218 = EDGE_CURVE('',#219,#219,#221,.T.);
#219 = VERTEX_POINT('',#220);
#220 = CARTESIAN_POINT('',(96.54,-98.04,0.));
#221 = CIRCLE('',#222,0.5);
#222 = AXIS2_PLACEMENT_3D('',#223,#224,#225);
#223 = CARTESIAN_POINT('',(96.54,-97.54,0.));
#224 = DIRECTION('',(-0.,0.,-1.));
#225 = DIRECTION('',(-0.,-1.,0.));
#226 = FACE_BOUND('',#227,.F.);
#227 = EDGE_LOOP('',(#228));
#228 = ORIENTED_EDGE('',*,*,#229,.T.);
#229 = EDGE_CURVE('',#230,#230,#232,.T.);
#230 = VERTEX_POINT('',#231);
#231 = CARTESIAN_POINT('',(99.08,-98.04,0.));
#232 = CIRCLE('',#233,0.5);
#233 = AXIS2_PLACEMENT_3D('',#234,#235,#236);
#234 = CARTESIAN_POINT('',(99.08,-97.54,0.));
#235 = DIRECTION('',(-0.,0.,-1.));
#236 = DIRECTION('',(-0.,-1.,0.));
#237 = FACE_BOUND('',#238,.F.);
#238 = EDGE_LOOP('',(#239));
#239 = ORIENTED_EDGE('',*,*,#240,.T.);
#240 = EDGE_CURVE('',#241,#241,#243,.T.);
#241 = VERTEX_POINT('',#242);
#242 = CARTESIAN_POINT('',(101.62,-98.04,0.));
#243 = CIRCLE('',#244,0.5);
#244 = AXIS2_PLACEMENT_3D('',#245,#246,#247);
#245 = CARTESIAN_POINT('',(101.62,-97.54,0.));
#246 = DIRECTION('',(-0.,0.,-1.));
#247 = DIRECTION('',(-0.,-1.,0.));
#248 = FACE_BOUND('',#249,.F.);
#249 = EDGE_LOOP('',(#250));
#250 = ORIENTED_EDGE('',*,*,#251,.T.);
#251 = EDGE_CURVE('',#252,#252,#254,.T.);
#252 = VERTEX_POINT('',#253);
#253 = CARTESIAN_POINT('',(104.16,-98.04,0.));
#254 = CIRCLE('',#255,0.5);
#255 = AXIS2_PLACEMENT_3D('',#256,#257,#258);
#256 = CARTESIAN_POINT('',(104.16,-97.54,0.));
#257 = DIRECTION('',(-0.,0.,-1.));
#258 = DIRECTION('',(-0.,-1.,0.));
#259 = FACE_BOUND('',#260,.F.);
#260 = EDGE_LOOP('',(#261));
#261 = ORIENTED_EDGE('',*,*,#262,.T.);
#262 = EDGE_CURVE('',#263,#263,#265,.T.);
#263 = VERTEX_POINT('',#264);
#264 = CARTESIAN_POINT('',(94.,-95.5,0.));
#265 = CIRCLE('',#266,0.5);
#266 = AXIS2_PLACEMENT_3D('',#267,#268,#269);
#267 = CARTESIAN_POINT('',(94.,-95.,0.));
#268 = DIRECTION('',(-0.,0.,-1.));
#269 = DIRECTION('',(-0.,-1.,0.));
#270 = FACE_BOUND('',#271,.F.);
#271 = EDGE_LOOP('',(#272));
#272 = ORIENTED_EDGE('',*,*,#273,.T.);
#273 = EDGE_CURVE('',#274,#274,#276,.T.);
#274 = VERTEX_POINT('',#275);
#275 = CARTESIAN_POINT('',(96.54,-95.5,0.));
#276 = CIRCLE('',#277,0.5);
#277 = AXIS2_PLACEMENT_3D('',#278,#279,#280);
#278 = CARTESIAN_POINT('',(96.54,-95.,0.));
#279 = DIRECTION('',(-0.,0.,-1.));
#280 = DIRECTION('',(-0.,-1.,0.));
#281 = FACE_BOUND('',#282,.F.);
#282 = EDGE_LOOP('',(#283));
#283 = ORIENTED_EDGE('',*,*,#284,.T.);
#284 = EDGE_CURVE('',#285,#285,#287,.T.);
#285 = VERTEX_POINT('',#286);
#286 = CARTESIAN_POINT('',(99.08,-95.5,0.));
#287 = CIRCLE('',#288,0.5);
#288 = AXIS2_PLACEMENT_3D('',#289,#290,#291);
#289 = CARTESIAN_POINT('',(99.08,-95.,0.));
#290 = DIRECTION('',(-0.,0.,-1.));
#291 = DIRECTION('',(-0.,-1.,0.));
#292 = FACE_BOUND('',#293,.F.);
#293 = EDGE_LOOP('',(#294));
#294 = ORIENTED_EDGE('',*,*,#295,.T.);
#295 = EDGE_CURVE('',#296,#296,#298,.T.);
#296 = VERTEX_POINT('',#297);
#297 = CARTESIAN_POINT('',(101.62,-95.5,0.));
#298 = CIRCLE('',#299,0.5);
#299 = AXIS2_PLACEMENT_3D('',#300,#301,#302);
#300 = CARTESIAN_POINT('',(101.62,-95.,0.));
#301 = DIRECTION('',(-0.,0.,-1.));
#302 = DIRECTION('',(-0.,-1.,0.));
#303 = FACE_BOUND('',#304,.F.);
#304 = EDGE_LOOP('',(#305));
#305 = ORIENTED_EDGE('',*,*,#306,.T.);
#306 = EDGE_CURVE('',#307,#307,#309,.T.);
#307 = VERTEX_POINT('',#308);
#308 = CARTESIAN_POINT('',(104.16,-95.5,0.));
#309 = CIRCLE('',#310,0.5);
#310 = AXIS2_PLACEMENT_3D('',#311,#312,#313);
#311 = CARTESIAN_POINT('',(104.16,-95.,0.));
#312 = DIRECTION('',(-0.,0.,-1.));
#313 = DIRECTION('',(-0.,-1.,0.));
#314 = FACE_BOUND('',#315,.F.);
#315 = EDGE_LOOP('',(#316));
#316 = ORIENTED_EDGE('',*,*,#317,.T.);
#317 = EDGE_CURVE('',#318,#318,#320,.T.);
#318 = VERTEX_POINT('',#319);
#319 = CARTESIAN_POINT('',(106.7,-98.04,0.));
#320 = CIRCLE('',#321,0.5);
#321 = AXIS2_PLACEMENT_3D('',#322,#323,#324);
#322 = CARTESIAN_POINT('',(106.7,-97.54,0.));
#323 = DIRECTION('',(-0.,0.,-1.));
#324 = DIRECTION('',(-0.,-1.,0.));
#325 = FACE_BOUND('',#326,.F.);
#326 = EDGE_LOOP('',(#327));
#327 = ORIENTED_EDGE('',*,*,#328,.T.);
#328 = EDGE_CURVE('',#329,#329,#331,.T.);
#329 = VERTEX_POINT('',#330);
#330 = CARTESIAN_POINT('',(109.24,-98.04,0.));
#331 = CIRCLE('',#332,0.5);
#332 = AXIS2_PLACEMENT_3D('',#333,#334,#335);
#333 = CARTESIAN_POINT('',(109.24,-97.54,0.));
#334 = DIRECTION('',(-0.,0.,-1.));
#335 = DIRECTION('',(-0.,-1.,0.));
#336 = FACE_BOUND('',#337,.F.);
#337 = EDGE_LOOP('',(#338));
#338 = ORIENTED_EDGE('',*,*,#339,.T.);
#339 = EDGE_CURVE('',#340,#340,#342,.T.);
#340 = VERTEX_POINT('',#341);
#341 = CARTESIAN_POINT('',(111.78,-98.04,0.));
#342 = CIRCLE('',#343,0.5);
#343 = AXIS2_PLACEMENT_3D('',#344,#345,#346);
#344 = CARTESIAN_POINT('',(111.78,-97.54,0.));
#345 = DIRECTION('',(-0.,0.,-1.));
#346 = DIRECTION('',(-0.,-1.,0.));
#347 = FACE_BOUND('',#348,.F.);
#348 = EDGE_LOOP('',(#349));
#349 = ORIENTED_EDGE('',*,*,#350,.T.);
#350 = EDGE_CURVE('',#351,#351,#353,.T.);
#351 = VERTEX_POINT('',#352);
#352 = CARTESIAN_POINT('',(114.32,-98.04,0.));
#353 = CIRCLE('',#354,0.5);
#354 = AXIS2_PLACEMENT_3D('',#355,#356,#357);
#355 = CARTESIAN_POINT('',(114.32,-97.54,0.));
#356 = DIRECTION('',(-0.,0.,-1.));
#357 = DIRECTION('',(-0.,-1.,0.));
#358 = FACE_BOUND('',#359,.F.);
#359 = EDGE_LOOP('',(#360));
#360 = ORIENTED_EDGE('',*,*,#361,.T.);
#361 = EDGE_CURVE('',#362,#362,#364,.T.);
#362 = VERTEX_POINT('',#363);
#363 = CARTESIAN_POINT('',(116.86,-98.04,0.));
#364 = CIRCLE('',#365,0.5);
#365 = AXIS2_PLACEMENT_3D('',#366,#367,#368);
#366 = CARTESIAN_POINT('',(116.86,-97.54,0.));
#367 = DIRECTION('',(-0.,0.,-1.));
#368 = DIRECTION('',(-0.,-1.,0.));
#369 = FACE_BOUND('',#370,.F.);
#370 = EDGE_LOOP('',(#371));
#371 = ORIENTED_EDGE('',*,*,#372,.T.);
#372 = EDGE_CURVE('',#373,#373,#375,.T.);
#373 = VERTEX_POINT('',#374);
#374 = CARTESIAN_POINT('',(106.7,-95.5,0.));
#375 = CIRCLE('',#376,0.5);
#376 = AXIS2_PLACEMENT_3D('',#377,#378,#379);
#377 = CARTESIAN_POINT('',(106.7,-95.,0.));
#378 = DIRECTION('',(-0.,0.,-1.));
#379 = DIRECTION('',(-0.,-1.,0.));
#380 = FACE_BOUND('',#381,.F.);
#381 = EDGE_LOOP('',(#382));
#382 = ORIENTED_EDGE('',*,*,#383,.T.);
#383 = EDGE_CURVE('',#384,#384,#386,.T.);
#384 = VERTEX_POINT('',#385);
#385 = CARTESIAN_POINT('',(109.24,-95.5,0.));
#386 = CIRCLE('',#387,0.5);
#387 = AXIS2_PLACEMENT_3D('',#388,#389,#390);
#388 = CARTESIAN_POINT('',(109.24,-95.,0.));
#389 = DIRECTION('',(-0.,0.,-1.));
#390 = DIRECTION('',(-0.,-1.,0.));
#391 = FACE_BOUND('',#392,.F.);
#392 = EDGE_LOOP('',(#393));
#393 = ORIENTED_EDGE('',*,*,#394,.T.);
#394 = EDGE_CURVE('',#395,#395,#397,.T.);
#395 = VERTEX_POINT('',#396);
#396 = CARTESIAN_POINT('',(111.78,-95.5,0.));
#397 = CIRCLE('',#398,0.5);
#398 = AXIS2_PLACEMENT_3D('',#399,#400,#401);
#399 = CARTESIAN_POINT('',(111.78,-95.,0.));
#400 = DIRECTION('',(-0.,0.,-1.));
#401 = DIRECTION('',(-0.,-1.,0.));
#402 = FACE_BOUND('',#403,.F.);
#403 = EDGE_LOOP('',(#404));
#404 = ORIENTED_EDGE('',*,*,#405,.T.);
#405 = EDGE_CURVE('',#406,#406,#408,.T.);
#406 = VERTEX_POINT('',#407);
#407 = CARTESIAN_POINT('',(114.32,-95.5,0.));
#408 = CIRCLE('',#409,0.5);
#409 = AXIS2_PLACEMENT_3D('',#410,#411,#412);
#410 = CARTESIAN_POINT('',(114.32,-95.,0.));
#411 = DIRECTION('',(-0.,0.,-1.));
#412 = DIRECTION('',(-0.,-1.,0.));
#413 = FACE_BOUND('',#414,.F.);
#414 = EDGE_LOOP('',(#415));
#415 = ORIENTED_EDGE('',*,*,#416,.T.);
#416 = EDGE_CURVE('',#417,#417,#419,.T.);
#417 = VERTEX_POINT('',#418);
#418 = CARTESIAN_POINT('',(116.86,-95.5,0.));
#419 = CIRCLE('',#420,0.5);
#420 = AXIS2_PLACEMENT_3D('',#421,#422,#423);
#421 = CARTESIAN_POINT('',(116.86,-95.,0.));
#422 = DIRECTION('',(-0.,0.,-1.));
#423 = DIRECTION('',(-0.,-1.,0.));
#424 = FACE_BOUND('',#425,.F.);
#425 = EDGE_LOOP('',(#426));
#426 = ORIENTED_EDGE('',*,*,#427,.T.);
#427 = EDGE_CURVE('',#428,#428,#430,.T.);
#428 = VERTEX_POINT('',#429);
#429 = CARTESIAN_POINT('',(119.4,-98.04,0.));
#430 = CIRCLE('',#431,0.5);
#431 = AXIS2_PLACEMENT_3D('',#432,#433,#434);
#432 = CARTESIAN_POINT('',(119.4,-97.54,0.));
#433 = DIRECTION('',(-0.,0.,-1.));
#434 = DIRECTION('',(-0.,-1.,0.));
#435 = FACE_BOUND('',#436,.F.);
#436 = EDGE_LOOP('',(#437));
#437 = ORIENTED_EDGE('',*,*,#438,.T.);
#438 = EDGE_CURVE('',#439,#439,#441,.T.);
#439 = VERTEX_POINT('',#440);
#440 = CARTESIAN_POINT('',(121.94,-98.04,0.));
#441 = CIRCLE('',#442,0.5);
#442 = AXIS2_PLACEMENT_3D('',#443,#444,#445);
#443 = CARTESIAN_POINT('',(121.94,-97.54,0.));
#444 = DIRECTION('',(-0.,0.,-1.));
#445 = DIRECTION('',(-0.,-1.,0.));
#446 = FACE_BOUND('',#447,.F.);
#447 = EDGE_LOOP('',(#448));
#448 = ORIENTED_EDGE('',*,*,#449,.T.);
#449 = EDGE_CURVE('',#450,#450,#452,.T.);
#450 = VERTEX_POINT('',#451);
#451 = CARTESIAN_POINT('',(124.48,-98.04,0.));
#452 = CIRCLE('',#453,0.5);
#453 = AXIS2_PLACEMENT_3D('',#454,#455,#456);
#454 = CARTESIAN_POINT('',(124.48,-97.54,0.));
#455 = DIRECTION('',(-0.,0.,-1.));
#456 = DIRECTION('',(-0.,-1.,0.));
#457 = FACE_BOUND('',#458,.F.);
#458 = EDGE_LOOP('',(#459));
#459 = ORIENTED_EDGE('',*,*,#460,.T.);
#460 = EDGE_CURVE('',#461,#461,#463,.T.);
#461 = VERTEX_POINT('',#462);
#462 = CARTESIAN_POINT('',(127.02,-98.04,0.));
#463 = CIRCLE('',#464,0.5);
#464 = AXIS2_PLACEMENT_3D('',#465,#466,#467);
#465 = CARTESIAN_POINT('',(127.02,-97.54,0.));
#466 = DIRECTION('',(-0.,0.,-1.));
#467 = DIRECTION('',(-0.,-1.,0.));
#468 = FACE_BOUND('',#469,.F.);
#469 = EDGE_LOOP('',(#470));
#470 = ORIENTED_EDGE('',*,*,#471,.T.);
#471 = EDGE_CURVE('',#472,#472,#474,.T.);
#472 = VERTEX_POINT('',#473);
#473 = CARTESIAN_POINT('',(119.4,-95.5,0.));
#474 = CIRCLE('',#475,0.5);
#475 = AXIS2_PLACEMENT_3D('',#476,#477,#478);
#476 = CARTESIAN_POINT('',(119.4,-95.,0.));
#477 = DIRECTION('',(-0.,0.,-1.));
#478 = DIRECTION('',(-0.,-1.,0.));
#479 = FACE_BOUND('',#480,.F.);
#480 = EDGE_LOOP('',(#481));
#481 = ORIENTED_EDGE('',*,*,#482,.T.);
#482 = EDGE_CURVE('',#483,#483,#485,.T.);
#483 = VERTEX_POINT('',#484);
#484 = CARTESIAN_POINT('',(121.94,-95.5,0.));
#485 = CIRCLE('',#486,0.5);
#486 = AXIS2_PLACEMENT_3D('',#487,#488,#489);
#487 = CARTESIAN_POINT('',(121.94,-95.,0.));
#488 = DIRECTION('',(-0.,0.,-1.));
#489 = DIRECTION('',(-0.,-1.,0.));
#490 = FACE_BOUND('',#491,.F.);
#491 = EDGE_LOOP('',(#492));
#492 = ORIENTED_EDGE('',*,*,#493,.T.);
#493 = EDGE_CURVE('',#494,#494,#496,.T.);
#494 = VERTEX_POINT('',#495);
#495 = CARTESIAN_POINT('',(124.48,-95.5,0.));
#496 = CIRCLE('',#497,0.5);
#497 = AXIS2_PLACEMENT_3D('',#498,#499,#500);
#498 = CARTESIAN_POINT('',(124.48,-95.,0.));
#499 = DIRECTION('',(-0.,0.,-1.));
#500 = DIRECTION('',(-0.,-1.,0.));
#501 = FACE_BOUND('',#502,.F.);
#502 = EDGE_LOOP('',(#503));
#503 = ORIENTED_EDGE('',*,*,#504,.T.);
#504 = EDGE_CURVE('',#505,#505,#507,.T.);
#505 = VERTEX_POINT('',#506);
#506 = CARTESIAN_POINT('',(127.02,-95.5,0.));
#507 = CIRCLE('',#508,0.5);
#508 = AXIS2_PLACEMENT_3D('',#509,#510,#511);
#509 = CARTESIAN_POINT('',(127.02,-95.,0.));
#510 = DIRECTION('',(-0.,0.,-1.));
#511 = DIRECTION('',(-0.,-1.,0.));
#512 = FACE_BOUND('',#513,.F.);
#513 = EDGE_LOOP('',(#514));
#514 = ORIENTED_EDGE('',*,*,#515,.T.);
#515 = EDGE_CURVE('',#516,#516,#518,.T.);
#516 = VERTEX_POINT('',#517);
#517 = CARTESIAN_POINT('',(129.56,-98.04,0.));
#518 = CIRCLE('',#519,0.5);
#519 = AXIS2_PLACEMENT_3D('',#520,#521,#522);
#520 = CARTESIAN_POINT('',(129.56,-97.54,0.));
#521 = DIRECTION('',(-0.,0.,-1.));
#522 = DIRECTION('',(-0.,-1.,0.));
#523 = FACE_BOUND('',#524,.F.);
#524 = EDGE_LOOP('',(#525));
#525 = ORIENTED_EDGE('',*,*,#526,.T.);
#526 = EDGE_CURVE('',#527,#527,#529,.T.);
#527 = VERTEX_POINT('',#528);
#528 = CARTESIAN_POINT('',(132.1,-98.04,0.));
#529 = CIRCLE('',#530,0.5);
#530 = AXIS2_PLACEMENT_3D('',#531,#532,#533);
#531 = CARTESIAN_POINT('',(132.1,-97.54,0.));
#532 = DIRECTION('',(-0.,0.,-1.));
#533 = DIRECTION('',(-0.,-1.,0.));
#534 = FACE_BOUND('',#535,.F.);
#535 = EDGE_LOOP('',(#536));
#536 = ORIENTED_EDGE('',*,*,#537,.T.);
#537 = EDGE_CURVE('',#538,#538,#540,.T.);
#538 = VERTEX_POINT('',#539);
#539 = CARTESIAN_POINT('',(134.64,-98.04,0.));
#540 = CIRCLE('',#541,0.5);
#541 = AXIS2_PLACEMENT_3D('',#542,#543,#544);
#542 = CARTESIAN_POINT('',(134.64,-97.54,0.));
#543 = DIRECTION('',(-0.,0.,-1.));
#544 = DIRECTION('',(-0.,-1.,0.));
#545 = FACE_BOUND('',#546,.F.);
#546 = EDGE_LOOP('',(#547));
#547 = ORIENTED_EDGE('',*,*,#548,.T.);
#548 = EDGE_CURVE('',#549,#549,#551,.T.);
#549 = VERTEX_POINT('',#550);
#550 = CARTESIAN_POINT('',(137.18,-98.04,0.));
#551 = CIRCLE('',#552,0.5);
#552 = AXIS2_PLACEMENT_3D('',#553,#554,#555);
#553 = CARTESIAN_POINT('',(137.18,-97.54,0.));
#554 = DIRECTION('',(-0.,0.,-1.));
#555 = DIRECTION('',(-0.,-1.,0.));
#556 = FACE_BOUND('',#557,.F.);
#557 = EDGE_LOOP('',(#558));
#558 = ORIENTED_EDGE('',*,*,#559,.T.);
#559 = EDGE_CURVE('',#560,#560,#562,.T.);
#560 = VERTEX_POINT('',#561);
#561 = CARTESIAN_POINT('',(139.72,-98.04,0.));
#562 = CIRCLE('',#563,0.5);
#563 = AXIS2_PLACEMENT_3D('',#564,#565,#566);
#564 = CARTESIAN_POINT('',(139.72,-97.54,0.));
#565 = DIRECTION('',(-0.,0.,-1.));
#566 = DIRECTION('',(-0.,-1.,0.));
#567 = FACE_BOUND('',#568,.F.);
#568 = EDGE_LOOP('',(#569));
#569 = ORIENTED_EDGE('',*,*,#570,.T.);
#570 = EDGE_CURVE('',#571,#571,#573,.T.);
#571 = VERTEX_POINT('',#572);
#572 = CARTESIAN_POINT('',(129.56,-95.5,0.));
#573 = CIRCLE('',#574,0.5);
#574 = AXIS2_PLACEMENT_3D('',#575,#576,#577);
#575 = CARTESIAN_POINT('',(129.56,-95.,0.));
#576 = DIRECTION('',(-0.,0.,-1.));
#577 = DIRECTION('',(-0.,-1.,0.));
#578 = FACE_BOUND('',#579,.F.);
#579 = EDGE_LOOP('',(#580));
#580 = ORIENTED_EDGE('',*,*,#581,.T.);
#581 = EDGE_CURVE('',#582,#582,#584,.T.);
#582 = VERTEX_POINT('',#583);
#583 = CARTESIAN_POINT('',(132.1,-95.5,0.));
#584 = CIRCLE('',#585,0.5);
#585 = AXIS2_PLACEMENT_3D('',#586,#587,#588);
#586 = CARTESIAN_POINT('',(132.1,-95.,0.));
#587 = DIRECTION('',(-0.,0.,-1.));
#588 = DIRECTION('',(-0.,-1.,0.));
#589 = FACE_BOUND('',#590,.F.);
#590 = EDGE_LOOP('',(#591));
#591 = ORIENTED_EDGE('',*,*,#592,.T.);
#592 = EDGE_CURVE('',#593,#593,#595,.T.);
#593 = VERTEX_POINT('',#594);
#594 = CARTESIAN_POINT('',(134.64,-95.5,0.));
#595 = CIRCLE('',#596,0.5);
#596 = AXIS2_PLACEMENT_3D('',#597,#598,#599);
#597 = CARTESIAN_POINT('',(134.64,-95.,0.));
#598 = DIRECTION('',(-0.,0.,-1.));
#599 = DIRECTION('',(-0.,-1.,0.));
#600 = FACE_BOUND('',#601,.F.);
#601 = EDGE_LOOP('',(#602));
#602 = ORIENTED_EDGE('',*,*,#603,.T.);
#603 = EDGE_CURVE('',#604,#604,#606,.T.);
#604 = VERTEX_POINT('',#605);
#605 = CARTESIAN_POINT('',(137.18,-95.5,0.));
#606 = CIRCLE('',#607,0.5);
#607 = AXIS2_PLACEMENT_3D('',#608,#609,#610);
#608 = CARTESIAN_POINT('',(137.18,-95.,0.));
#609 = DIRECTION('',(-0.,0.,-1.));
#610 = DIRECTION('',(-0.,-1.,0.));
#611 = FACE_BOUND('',#612,.F.);
#612 = EDGE_LOOP('',(#613));
#613 = ORIENTED_EDGE('',*,*,#614,.T.);
#614 = EDGE_CURVE('',#615,#615,#617,.T.);
#615 = VERTEX_POINT('',#616);
#616 = CARTESIAN_POINT('',(139.72,-95.5,0.));
#617 = CIRCLE('',#618,0.5);
#618 = AXIS2_PLACEMENT_3D('',#619,#620,#621);
#619 = CARTESIAN_POINT('',(139.72,-95.,0.));
#620 = DIRECTION('',(-0.,0.,-1.));
#621 = DIRECTION('',(-0.,-1.,0.));
#622 = FACE_BOUND('',#623,.F.);
#623 = EDGE_LOOP('',(#624));
#624 = ORIENTED_EDGE('',*,*,#625,.T.);
#625 = EDGE_CURVE('',#626,#626,#628,.T.);
#626 = VERTEX_POINT('',#627);
#627 = CARTESIAN_POINT('',(142.26,-98.04,0.));
#628 = CIRCLE('',#629,0.5);
#629 = AXIS2_PLACEMENT_3D('',#630,#631,#632);
#630 = CARTESIAN_POINT('',(142.26,-97.54,0.));
#631 = DIRECTION('',(-0.,0.,-1.));
#632 = DIRECTION('',(-0.,-1.,0.));
#633 = FACE_BOUND('',#634,.F.);
#634 = EDGE_LOOP('',(#635));
#635 = ORIENTED_EDGE('',*,*,#636,.T.);
#636 = EDGE_CURVE('',#637,#637,#639,.T.);
#637 = VERTEX_POINT('',#638);
#638 = CARTESIAN_POINT('',(148.,-97.475,0.));
#639 = CIRCLE('',#640,0.475);
#640 = AXIS2_PLACEMENT_3D('',#641,#642,#643);
#641 = CARTESIAN_POINT('',(148.,-97.,0.));
#642 = DIRECTION('',(-0.,0.,-1.));
#643 = DIRECTION('',(-0.,-1.,0.));
#644 = FACE_BOUND('',#645,.F.);
#645 = EDGE_LOOP('',(#646));
#646 = ORIENTED_EDGE('',*,*,#647,.T.);
#647 = EDGE_CURVE('',#648,#648,#650,.T.);
#648 = VERTEX_POINT('',#649);
#649 = CARTESIAN_POINT('',(150.5,-97.475,0.));
#650 = CIRCLE('',#651,0.475);
#651 = AXIS2_PLACEMENT_3D('',#652,#653,#654);
#652 = CARTESIAN_POINT('',(150.5,-97.,0.));
#653 = DIRECTION('',(-0.,0.,-1.));
#654 = DIRECTION('',(-0.,-1.,0.));
#655 = FACE_BOUND('',#656,.F.);
#656 = EDGE_LOOP('',(#657));
#657 = ORIENTED_EDGE('',*,*,#658,.T.);
#658 = EDGE_CURVE('',#659,#659,#661,.T.);
#659 = VERTEX_POINT('',#660);
#660 = CARTESIAN_POINT('',(142.26,-95.5,0.));
#661 = CIRCLE('',#662,0.5);
#662 = AXIS2_PLACEMENT_3D('',#663,#664,#665);
#663 = CARTESIAN_POINT('',(142.26,-95.,0.));
#664 = DIRECTION('',(-0.,0.,-1.));
#665 = DIRECTION('',(-0.,-1.,0.));
#666 = FACE_BOUND('',#667,.F.);
#667 = EDGE_LOOP('',(#668));
#668 = ORIENTED_EDGE('',*,*,#669,.T.);
#669 = EDGE_CURVE('',#670,#670,#672,.T.);
#670 = VERTEX_POINT('',#671);
#671 = CARTESIAN_POINT('',(153.,-97.475,0.));
#672 = CIRCLE('',#673,0.475);
#673 = AXIS2_PLACEMENT_3D('',#674,#675,#676);
#674 = CARTESIAN_POINT('',(153.,-97.,0.));
#675 = DIRECTION('',(-0.,0.,-1.));
#676 = DIRECTION('',(-0.,-1.,0.));
#677 = FACE_BOUND('',#678,.F.);
#678 = EDGE_LOOP('',(#679));
#679 = ORIENTED_EDGE('',*,*,#680,.T.);
#680 = EDGE_CURVE('',#681,#681,#683,.T.);
#681 = VERTEX_POINT('',#682);
#682 = CARTESIAN_POINT('',(155.5,-97.475,0.));
#683 = CIRCLE('',#684,0.475);
#684 = AXIS2_PLACEMENT_3D('',#685,#686,#687);
#685 = CARTESIAN_POINT('',(155.5,-97.,0.));
#686 = DIRECTION('',(-0.,0.,-1.));
#687 = DIRECTION('',(-0.,-1.,0.));
#688 = FACE_BOUND('',#689,.F.);
#689 = EDGE_LOOP('',(#690));
#690 = ORIENTED_EDGE('',*,*,#691,.T.);
#691 = EDGE_CURVE('',#692,#692,#694,.T.);
#692 = VERTEX_POINT('',#693);
#693 = CARTESIAN_POINT('',(158.,-97.475,0.));
#694 = CIRCLE('',#695,0.475);
#695 = AXIS2_PLACEMENT_3D('',#696,#697,#698);
#696 = CARTESIAN_POINT('',(158.,-97.,0.));
#697 = DIRECTION('',(-0.,0.,-1.));
#698 = DIRECTION('',(-0.,-1.,0.));
#699 = FACE_BOUND('',#700,.F.);
#700 = EDGE_LOOP('',(#701));
#701 = ORIENTED_EDGE('',*,*,#702,.T.);
#702 = EDGE_CURVE('',#703,#703,#705,.T.);
#703 = VERTEX_POINT('',#704);
#704 = CARTESIAN_POINT('',(197.,-96.35,0.));
#705 = CIRCLE('',#706,0.6);
#706 = AXIS2_PLACEMENT_3D('',#707,#708,#709);
#707 = CARTESIAN_POINT('',(197.,-95.75,0.));
#708 = DIRECTION('',(-0.,0.,-1.));
#709 = DIRECTION('',(-0.,-1.,0.));
#710 = FACE_BOUND('',#711,.F.);
#711 = EDGE_LOOP('',(#712));
#712 = ORIENTED_EDGE('',*,*,#713,.T.);
#713 = EDGE_CURVE('',#714,#714,#716,.T.);
#714 = VERTEX_POINT('',#715);
#715 = CARTESIAN_POINT('',(197.,-92.85,0.));
#716 = CIRCLE('',#717,0.6);
#717 = AXIS2_PLACEMENT_3D('',#718,#719,#720);
#718 = CARTESIAN_POINT('',(197.,-92.25,0.));
#719 = DIRECTION('',(-0.,0.,-1.));
#720 = DIRECTION('',(-0.,-1.,0.));
#721 = FACE_BOUND('',#722,.F.);
#722 = EDGE_LOOP('',(#723,#733,#741,#749));
#723 = ORIENTED_EDGE('',*,*,#724,.F.);
#724 = EDGE_CURVE('',#725,#727,#729,.T.);
#725 = VERTEX_POINT('',#726);
#726 = CARTESIAN_POINT('',(13.,-49.9,0.));
#727 = VERTEX_POINT('',#728);
#728 = CARTESIAN_POINT('',(22.6,-49.9,0.));
#729 = LINE('',#730,#731);
#730 = CARTESIAN_POINT('',(13.,-49.9,0.));
#731 = VECTOR('',#732,1.);
#732 = DIRECTION('',(1.,0.,0.));
#733 = ORIENTED_EDGE('',*,*,#734,.F.);
#734 = EDGE_CURVE('',#735,#725,#737,.T.);
#735 = VERTEX_POINT('',#736);
#736 = CARTESIAN_POINT('',(13.,-49.3,0.));
#737 = LINE('',#738,#739);
#738 = CARTESIAN_POINT('',(13.,-49.3,0.));
#739 = VECTOR('',#740,1.);
#740 = DIRECTION('',(0.,-1.,0.));
#741 = ORIENTED_EDGE('',*,*,#742,.F.);
#742 = EDGE_CURVE('',#743,#735,#745,.T.);
#743 = VERTEX_POINT('',#744);
#744 = CARTESIAN_POINT('',(22.6,-49.3,0.));
#745 = LINE('',#746,#747);
#746 = CARTESIAN_POINT('',(22.6,-49.3,0.));
#747 = VECTOR('',#748,1.);
#748 = DIRECTION('',(-1.,0.,0.));
#749 = ORIENTED_EDGE('',*,*,#750,.F.);
#750 = EDGE_CURVE('',#727,#743,#751,.T.);
#751 = LINE('',#752,#753);
#752 = CARTESIAN_POINT('',(22.6,-49.9,0.));
#753 = VECTOR('',#754,1.);
#754 = DIRECTION('',(0.,1.,0.));
#755 = FACE_BOUND('',#756,.F.);
#756 = EDGE_LOOP('',(#757));
#757 = ORIENTED_EDGE('',*,*,#758,.T.);
#758 = EDGE_CURVE('',#759,#759,#761,.T.);
#759 = VERTEX_POINT('',#760);
#760 = CARTESIAN_POINT('',(22.19,-46.02,0.));
#761 = CIRCLE('',#762,0.4);
#762 = AXIS2_PLACEMENT_3D('',#763,#764,#765);
#763 = CARTESIAN_POINT('',(22.19,-45.62,0.));
#764 = DIRECTION('',(-0.,0.,-1.));
#765 = DIRECTION('',(8.881784197001E-15,-1.,-0.));
#766 = FACE_BOUND('',#767,.F.);
#767 = EDGE_LOOP('',(#768));
#768 = ORIENTED_EDGE('',*,*,#769,.T.);
#769 = EDGE_CURVE('',#770,#770,#772,.T.);
#770 = VERTEX_POINT('',#771);
#771 = CARTESIAN_POINT('',(29.81,-46.02,0.));
#772 = CIRCLE('',#773,0.4);
#773 = AXIS2_PLACEMENT_3D('',#774,#775,#776);
#774 = CARTESIAN_POINT('',(29.81,-45.62,0.));
#775 = DIRECTION('',(-0.,0.,-1.));
#776 = DIRECTION('',(-8.881784197001E-15,-1.,0.));
#777 = FACE_BOUND('',#778,.F.);
#778 = EDGE_LOOP('',(#779));
#779 = ORIENTED_EDGE('',*,*,#780,.T.);
#780 = EDGE_CURVE('',#781,#781,#783,.T.);
#781 = VERTEX_POINT('',#782);
#782 = CARTESIAN_POINT('',(37.43,-46.02,0.));
#783 = CIRCLE('',#784,0.4);
#784 = AXIS2_PLACEMENT_3D('',#785,#786,#787);
#785 = CARTESIAN_POINT('',(37.43,-45.62,0.));
#786 = DIRECTION('',(-0.,0.,-1.));
#787 = DIRECTION('',(-0.,-1.,0.));
#788 = FACE_BOUND('',#789,.F.);
#789 = EDGE_LOOP('',(#790));
#790 = ORIENTED_EDGE('',*,*,#791,.T.);
#791 = EDGE_CURVE('',#792,#792,#794,.T.);
#792 = VERTEX_POINT('',#793);
#793 = CARTESIAN_POINT('',(45.05,-46.02,0.));
#794 = CIRCLE('',#795,0.4);
#795 = AXIS2_PLACEMENT_3D('',#796,#797,#798);
#796 = CARTESIAN_POINT('',(45.05,-45.62,0.));
#797 = DIRECTION('',(-0.,0.,-1.));
#798 = DIRECTION('',(-0.,-1.,0.));
#799 = FACE_BOUND('',#800,.F.);
#800 = EDGE_LOOP('',(#801,#811,#819,#827));
#801 = ORIENTED_EDGE('',*,*,#802,.F.);
#802 = EDGE_CURVE('',#803,#805,#807,.T.);
#803 = VERTEX_POINT('',#804);
#804 = CARTESIAN_POINT('',(44.64,-49.9,0.));
#805 = VERTEX_POINT('',#806);
#806 = CARTESIAN_POINT('',(53.08,-49.9,0.));
#807 = LINE('',#808,#809);
#808 = CARTESIAN_POINT('',(44.64,-49.9,0.));
#809 = VECTOR('',#810,1.);
#810 = DIRECTION('',(1.,0.,0.));
#811 = ORIENTED_EDGE('',*,*,#812,.F.);
#812 = EDGE_CURVE('',#813,#803,#815,.T.);
#813 = VERTEX_POINT('',#814);
#814 = CARTESIAN_POINT('',(44.64,-49.3,0.));
#815 = LINE('',#816,#817);
#816 = CARTESIAN_POINT('',(44.64,-49.3,0.));
#817 = VECTOR('',#818,1.);
#818 = DIRECTION('',(0.,-1.,0.));
#819 = ORIENTED_EDGE('',*,*,#820,.F.);
#820 = EDGE_CURVE('',#821,#813,#823,.T.);
#821 = VERTEX_POINT('',#822);
#822 = CARTESIAN_POINT('',(53.08,-49.3,0.));
#823 = LINE('',#824,#825);
#824 = CARTESIAN_POINT('',(53.08,-49.3,0.));
#825 = VECTOR('',#826,1.);
#826 = DIRECTION('',(-1.,0.,0.));
#827 = ORIENTED_EDGE('',*,*,#828,.F.);
#828 = EDGE_CURVE('',#805,#821,#829,.T.);
#829 = LINE('',#830,#831);
#830 = CARTESIAN_POINT('',(53.08,-49.9,0.));
#831 = VECTOR('',#832,1.);
#832 = DIRECTION('',(0.,1.,0.));
#833 = FACE_BOUND('',#834,.F.);
#834 = EDGE_LOOP('',(#835));
#835 = ORIENTED_EDGE('',*,*,#836,.T.);
#836 = EDGE_CURVE('',#837,#837,#839,.T.);
#837 = VERTEX_POINT('',#838);
#838 = CARTESIAN_POINT('',(52.67,-46.02,0.));
#839 = CIRCLE('',#840,0.4);
#840 = AXIS2_PLACEMENT_3D('',#841,#842,#843);
#841 = CARTESIAN_POINT('',(52.67,-45.62,0.));
#842 = DIRECTION('',(-0.,0.,-1.));
#843 = DIRECTION('',(-0.,-1.,0.));
#844 = FACE_BOUND('',#845,.F.);
#845 = EDGE_LOOP('',(#846));
#846 = ORIENTED_EDGE('',*,*,#847,.T.);
#847 = EDGE_CURVE('',#848,#848,#850,.T.);
#848 = VERTEX_POINT('',#849);
#849 = CARTESIAN_POINT('',(60.29,-46.02,0.));
#850 = CIRCLE('',#851,0.4);
#851 = AXIS2_PLACEMENT_3D('',#852,#853,#854);
#852 = CARTESIAN_POINT('',(60.29,-45.62,0.));
#853 = DIRECTION('',(-0.,0.,-1.));
#854 = DIRECTION('',(-0.,-1.,0.));
#855 = FACE_BOUND('',#856,.F.);
#856 = EDGE_LOOP('',(#857));
#857 = ORIENTED_EDGE('',*,*,#858,.T.);
#858 = EDGE_CURVE('',#859,#859,#861,.T.);
#859 = VERTEX_POINT('',#860);
#860 = CARTESIAN_POINT('',(67.91,-46.02,0.));
#861 = CIRCLE('',#862,0.4);
#862 = AXIS2_PLACEMENT_3D('',#863,#864,#865);
#863 = CARTESIAN_POINT('',(67.91,-45.62,0.));
#864 = DIRECTION('',(-0.,0.,-1.));
#865 = DIRECTION('',(-0.,-1.,0.));
#866 = FACE_BOUND('',#867,.F.);
#867 = EDGE_LOOP('',(#868,#878,#886,#894));
#868 = ORIENTED_EDGE('',*,*,#869,.F.);
#869 = EDGE_CURVE('',#870,#872,#874,.T.);
#870 = VERTEX_POINT('',#871);
#871 = CARTESIAN_POINT('',(75.12,-49.9,0.));
#872 = VERTEX_POINT('',#873);
#873 = CARTESIAN_POINT('',(83.56,-49.9,0.));
#874 = LINE('',#875,#876);
#875 = CARTESIAN_POINT('',(75.12,-49.9,0.));
#876 = VECTOR('',#877,1.);
#877 = DIRECTION('',(1.,0.,0.));
#878 = ORIENTED_EDGE('',*,*,#879,.F.);
#879 = EDGE_CURVE('',#880,#870,#882,.T.);
#880 = VERTEX_POINT('',#881);
#881 = CARTESIAN_POINT('',(75.12,-49.3,0.));
#882 = LINE('',#883,#884);
#883 = CARTESIAN_POINT('',(75.12,-49.3,0.));
#884 = VECTOR('',#885,1.);
#885 = DIRECTION('',(0.,-1.,0.));
#886 = ORIENTED_EDGE('',*,*,#887,.F.);
#887 = EDGE_CURVE('',#888,#880,#890,.T.);
#888 = VERTEX_POINT('',#889);
#889 = CARTESIAN_POINT('',(83.56,-49.3,0.));
#890 = LINE('',#891,#892);
#891 = CARTESIAN_POINT('',(83.56,-49.3,0.));
#892 = VECTOR('',#893,1.);
#893 = DIRECTION('',(-1.,0.,0.));
#894 = ORIENTED_EDGE('',*,*,#895,.F.);
#895 = EDGE_CURVE('',#872,#888,#896,.T.);
#896 = LINE('',#897,#898);
#897 = CARTESIAN_POINT('',(83.56,-49.9,0.));
#898 = VECTOR('',#899,1.);
#899 = DIRECTION('',(0.,1.,0.));
#900 = FACE_BOUND('',#901,.F.);
#901 = EDGE_LOOP('',(#902));
#902 = ORIENTED_EDGE('',*,*,#903,.T.);
#903 = EDGE_CURVE('',#904,#904,#906,.T.);
#904 = VERTEX_POINT('',#905);
#905 = CARTESIAN_POINT('',(75.53,-46.02,0.));
#906 = CIRCLE('',#907,0.4);
#907 = AXIS2_PLACEMENT_3D('',#908,#909,#910);
#908 = CARTESIAN_POINT('',(75.53,-45.62,0.));
#909 = DIRECTION('',(-0.,0.,-1.));
#910 = DIRECTION('',(-0.,-1.,0.));
#911 = FACE_BOUND('',#912,.F.);
#912 = EDGE_LOOP('',(#913));
#913 = ORIENTED_EDGE('',*,*,#914,.T.);
#914 = EDGE_CURVE('',#915,#915,#917,.T.);
#915 = VERTEX_POINT('',#916);
#916 = CARTESIAN_POINT('',(83.15,-46.02,0.));
#917 = CIRCLE('',#918,0.4);
#918 = AXIS2_PLACEMENT_3D('',#919,#920,#921);
#919 = CARTESIAN_POINT('',(83.15,-45.62,0.));
#920 = DIRECTION('',(-0.,0.,-1.));
#921 = DIRECTION('',(-0.,-1.,0.));
#922 = FACE_BOUND('',#923,.F.);
#923 = EDGE_LOOP('',(#924));
#924 = ORIENTED_EDGE('',*,*,#925,.T.);
#925 = EDGE_CURVE('',#926,#926,#928,.T.);
#926 = VERTEX_POINT('',#927);
#927 = CARTESIAN_POINT('',(90.77,-46.02,0.));
#928 = CIRCLE('',#929,0.4);
#929 = AXIS2_PLACEMENT_3D('',#930,#931,#932);
#930 = CARTESIAN_POINT('',(90.77,-45.62,0.));
#931 = DIRECTION('',(-0.,0.,-1.));
#932 = DIRECTION('',(-3.552713678801E-14,-1.,0.));
#933 = FACE_BOUND('',#934,.F.);
#934 = EDGE_LOOP('',(#935));
#935 = ORIENTED_EDGE('',*,*,#936,.T.);
#936 = EDGE_CURVE('',#937,#937,#939,.T.);
#937 = VERTEX_POINT('',#938);
#938 = CARTESIAN_POINT('',(98.39,-46.02,0.));
#939 = CIRCLE('',#940,0.4);
#940 = AXIS2_PLACEMENT_3D('',#941,#942,#943);
#941 = CARTESIAN_POINT('',(98.39,-45.62,0.));
#942 = DIRECTION('',(-0.,0.,-1.));
#943 = DIRECTION('',(-0.,-1.,0.));
#944 = FACE_BOUND('',#945,.F.);
#945 = EDGE_LOOP('',(#946));
#946 = ORIENTED_EDGE('',*,*,#947,.T.);
#947 = EDGE_CURVE('',#948,#948,#950,.T.);
#948 = VERTEX_POINT('',#949);
#949 = CARTESIAN_POINT('',(22.19,-30.78,0.));
#950 = CIRCLE('',#951,0.4);
#951 = AXIS2_PLACEMENT_3D('',#952,#953,#954);
#952 = CARTESIAN_POINT('',(22.19,-30.38,0.));
#953 = DIRECTION('',(-0.,0.,-1.));
#954 = DIRECTION('',(8.881784197001E-15,-1.,-0.));
#955 = FACE_BOUND('',#956,.F.);
#956 = EDGE_LOOP('',(#957));
#957 = ORIENTED_EDGE('',*,*,#958,.T.);
#958 = EDGE_CURVE('',#959,#959,#961,.T.);
#959 = VERTEX_POINT('',#960);
#960 = CARTESIAN_POINT('',(29.81,-30.78,0.));
#961 = CIRCLE('',#962,0.4);
#962 = AXIS2_PLACEMENT_3D('',#963,#964,#965);
#963 = CARTESIAN_POINT('',(29.81,-30.38,0.));
#964 = DIRECTION('',(-0.,0.,-1.));
#965 = DIRECTION('',(-8.881784197001E-15,-1.,0.));
#966 = FACE_BOUND('',#967,.F.);
#967 = EDGE_LOOP('',(#968,#978,#986,#994));
#968 = ORIENTED_EDGE('',*,*,#969,.F.);
#969 = EDGE_CURVE('',#970,#972,#974,.T.);
#970 = VERTEX_POINT('',#971);
#971 = CARTESIAN_POINT('',(29.4,-26.6,0.));
#972 = VERTEX_POINT('',#973);
#973 = CARTESIAN_POINT('',(37.84,-26.6,0.));
#974 = LINE('',#975,#976);
#975 = CARTESIAN_POINT('',(29.4,-26.6,0.));
#976 = VECTOR('',#977,1.);
#977 = DIRECTION('',(1.,0.,0.));
#978 = ORIENTED_EDGE('',*,*,#979,.F.);
#979 = EDGE_CURVE('',#980,#970,#982,.T.);
#980 = VERTEX_POINT('',#981);
#981 = CARTESIAN_POINT('',(29.4,-26.,0.));
#982 = LINE('',#983,#984);
#983 = CARTESIAN_POINT('',(29.4,-26.,0.));
#984 = VECTOR('',#985,1.);
#985 = DIRECTION('',(0.,-1.,0.));
#986 = ORIENTED_EDGE('',*,*,#987,.F.);
#987 = EDGE_CURVE('',#988,#980,#990,.T.);
#988 = VERTEX_POINT('',#989);
#989 = CARTESIAN_POINT('',(37.84,-26.,0.));
#990 = LINE('',#991,#992);
#991 = CARTESIAN_POINT('',(37.84,-26.,0.));
#992 = VECTOR('',#993,1.);
#993 = DIRECTION('',(-1.,0.,0.));
#994 = ORIENTED_EDGE('',*,*,#995,.F.);
#995 = EDGE_CURVE('',#972,#988,#996,.T.);
#996 = LINE('',#997,#998);
#997 = CARTESIAN_POINT('',(37.84,-26.6,0.));
#998 = VECTOR('',#999,1.);
#999 = DIRECTION('',(0.,1.,0.));
#1000 = FACE_BOUND('',#1001,.F.);
#1001 = EDGE_LOOP('',(#1002));
#1002 = ORIENTED_EDGE('',*,*,#1003,.T.);
#1003 = EDGE_CURVE('',#1004,#1004,#1006,.T.);
#1004 = VERTEX_POINT('',#1005);
#1005 = CARTESIAN_POINT('',(37.43,-30.78,0.));
#1006 = CIRCLE('',#1007,0.4);
#1007 = AXIS2_PLACEMENT_3D('',#1008,#1009,#1010);
#1008 = CARTESIAN_POINT('',(37.43,-30.38,0.));
#1009 = DIRECTION('',(-0.,0.,-1.));
#1010 = DIRECTION('',(-0.,-1.,0.));
#1011 = FACE_BOUND('',#1012,.F.);
#1012 = EDGE_LOOP('',(#1013));
#1013 = ORIENTED_EDGE('',*,*,#1014,.T.);
#1014 = EDGE_CURVE('',#1015,#1015,#1017,.T.);
#1015 = VERTEX_POINT('',#1016);
#1016 = CARTESIAN_POINT('',(45.05,-30.78,0.));
#1017 = CIRCLE('',#1018,0.4);
#1018 = AXIS2_PLACEMENT_3D('',#1019,#1020,#1021);
#1019 = CARTESIAN_POINT('',(45.05,-30.38,0.));
#1020 = DIRECTION('',(-0.,0.,-1.));
#1021 = DIRECTION('',(-0.,-1.,0.));
#1022 = FACE_BOUND('',#1023,.F.);
#1023 = EDGE_LOOP('',(#1024));
#1024 = ORIENTED_EDGE('',*,*,#1025,.T.);
#1025 = EDGE_CURVE('',#1026,#1026,#1028,.T.);
#1026 = VERTEX_POINT('',#1027);
#1027 = CARTESIAN_POINT('',(52.67,-30.78,0.));
#1028 = CIRCLE('',#1029,0.4);
#1029 = AXIS2_PLACEMENT_3D('',#1030,#1031,#1032);
#1030 = CARTESIAN_POINT('',(52.67,-30.38,0.));
#1031 = DIRECTION('',(-0.,0.,-1.));
#1032 = DIRECTION('',(-0.,-1.,0.));
#1033 = FACE_BOUND('',#1034,.F.);
#1034 = EDGE_LOOP('',(#1035));
#1035 = ORIENTED_EDGE('',*,*,#1036,.T.);
#1036 = EDGE_CURVE('',#1037,#1037,#1039,.T.);
#1037 = VERTEX_POINT('',#1038);
#1038 = CARTESIAN_POINT('',(24.,-15.35,0.));
#1039 = CIRCLE('',#1040,1.35);
#1040 = AXIS2_PLACEMENT_3D('',#1041,#1042,#1043);
#1041 = CARTESIAN_POINT('',(24.,-14.,0.));
#1042 = DIRECTION('',(-0.,0.,-1.));
#1043 = DIRECTION('',(-0.,-1.,0.));
#1044 = FACE_BOUND('',#1045,.F.);
#1045 = EDGE_LOOP('',(#1046));
#1046 = ORIENTED_EDGE('',*,*,#1047,.T.);
#1047 = EDGE_CURVE('',#1048,#1048,#1050,.T.);
#1048 = VERTEX_POINT('',#1049);
#1049 = CARTESIAN_POINT('',(60.29,-30.78,0.));
#1050 = CIRCLE('',#1051,0.4);
#1051 = AXIS2_PLACEMENT_3D('',#1052,#1053,#1054);
#1052 = CARTESIAN_POINT('',(60.29,-30.38,0.));
#1053 = DIRECTION('',(-0.,0.,-1.));
#1054 = DIRECTION('',(-0.,-1.,0.));
#1055 = FACE_BOUND('',#1056,.F.);
#1056 = EDGE_LOOP('',(#1057));
#1057 = ORIENTED_EDGE('',*,*,#1058,.T.);
#1058 = EDGE_CURVE('',#1059,#1059,#1061,.T.);
#1059 = VERTEX_POINT('',#1060);
#1060 = CARTESIAN_POINT('',(67.91,-30.78,0.));
#1061 = CIRCLE('',#1062,0.4);
#1062 = AXIS2_PLACEMENT_3D('',#1063,#1064,#1065);
#1063 = CARTESIAN_POINT('',(67.91,-30.38,0.));
#1064 = DIRECTION('',(-0.,0.,-1.));
#1065 = DIRECTION('',(-0.,-1.,0.));
#1066 = FACE_BOUND('',#1067,.F.);
#1067 = EDGE_LOOP('',(#1068));
#1068 = ORIENTED_EDGE('',*,*,#1069,.T.);
#1069 = EDGE_CURVE('',#1070,#1070,#1072,.T.);
#1070 = VERTEX_POINT('',#1071);
#1071 = CARTESIAN_POINT('',(75.53,-30.78,0.));
#1072 = CIRCLE('',#1073,0.4);
#1073 = AXIS2_PLACEMENT_3D('',#1074,#1075,#1076);
#1074 = CARTESIAN_POINT('',(75.53,-30.38,0.));
#1075 = DIRECTION('',(-0.,0.,-1.));
#1076 = DIRECTION('',(-0.,-1.,0.));
#1077 = FACE_BOUND('',#1078,.F.);
#1078 = EDGE_LOOP('',(#1079,#1089,#1097,#1105));
#1079 = ORIENTED_EDGE('',*,*,#1080,.F.);
#1080 = EDGE_CURVE('',#1081,#1083,#1085,.T.);
#1081 = VERTEX_POINT('',#1082);
#1082 = CARTESIAN_POINT('',(59.88,-26.6,0.));
#1083 = VERTEX_POINT('',#1084);
#1084 = CARTESIAN_POINT('',(68.32,-26.6,0.));
#1085 = LINE('',#1086,#1087);
#1086 = CARTESIAN_POINT('',(59.88,-26.6,0.));
#1087 = VECTOR('',#1088,1.);
#1088 = DIRECTION('',(1.,0.,0.));
#1089 = ORIENTED_EDGE('',*,*,#1090,.F.);
#1090 = EDGE_CURVE('',#1091,#1081,#1093,.T.);
#1091 = VERTEX_POINT('',#1092);
#1092 = CARTESIAN_POINT('',(59.88,-26.,0.));
#1093 = LINE('',#1094,#1095);
#1094 = CARTESIAN_POINT('',(59.88,-26.,0.));
#1095 = VECTOR('',#1096,1.);
#1096 = DIRECTION('',(0.,-1.,0.));
#1097 = ORIENTED_EDGE('',*,*,#1098,.F.);
#1098 = EDGE_CURVE('',#1099,#1091,#1101,.T.);
#1099 = VERTEX_POINT('',#1100);
#1100 = CARTESIAN_POINT('',(68.32,-26.,0.));
#1101 = LINE('',#1102,#1103);
#1102 = CARTESIAN_POINT('',(68.32,-26.,0.));
#1103 = VECTOR('',#1104,1.);
#1104 = DIRECTION('',(-1.,0.,0.));
#1105 = ORIENTED_EDGE('',*,*,#1106,.F.);
#1106 = EDGE_CURVE('',#1083,#1099,#1107,.T.);
#1107 = LINE('',#1108,#1109);
#1108 = CARTESIAN_POINT('',(68.32,-26.6,0.));
#1109 = VECTOR('',#1110,1.);
#1110 = DIRECTION('',(0.,1.,0.));
#1111 = FACE_BOUND('',#1112,.F.);
#1112 = EDGE_LOOP('',(#1113));
#1113 = ORIENTED_EDGE('',*,*,#1114,.T.);
#1114 = EDGE_CURVE('',#1115,#1115,#1117,.T.);
#1115 = VERTEX_POINT('',#1116);
#1116 = CARTESIAN_POINT('',(83.15,-30.78,0.));
#1117 = CIRCLE('',#1118,0.4);
#1118 = AXIS2_PLACEMENT_3D('',#1119,#1120,#1121);
#1119 = CARTESIAN_POINT('',(83.15,-30.38,0.));
#1120 = DIRECTION('',(-0.,0.,-1.));
#1121 = DIRECTION('',(-0.,-1.,0.));
#1122 = FACE_BOUND('',#1123,.F.);
#1123 = EDGE_LOOP('',(#1124));
#1124 = ORIENTED_EDGE('',*,*,#1125,.T.);
#1125 = EDGE_CURVE('',#1126,#1126,#1128,.T.);
#1126 = VERTEX_POINT('',#1127);
#1127 = CARTESIAN_POINT('',(90.77,-30.78,0.));
#1128 = CIRCLE('',#1129,0.4);
#1129 = AXIS2_PLACEMENT_3D('',#1130,#1131,#1132);
#1130 = CARTESIAN_POINT('',(90.77,-30.38,0.));
#1131 = DIRECTION('',(-0.,0.,-1.));
#1132 = DIRECTION('',(-3.552713678801E-14,-1.,0.));
#1133 = FACE_BOUND('',#1134,.F.);
#1134 = EDGE_LOOP('',(#1135));
#1135 = ORIENTED_EDGE('',*,*,#1136,.T.);
#1136 = EDGE_CURVE('',#1137,#1137,#1139,.T.);
#1137 = VERTEX_POINT('',#1138);
#1138 = CARTESIAN_POINT('',(98.39,-30.78,0.));
#1139 = CIRCLE('',#1140,0.4);
#1140 = AXIS2_PLACEMENT_3D('',#1141,#1142,#1143);
#1141 = CARTESIAN_POINT('',(98.39,-30.38,0.));
#1142 = DIRECTION('',(-0.,0.,-1.));
#1143 = DIRECTION('',(-0.,-1.,0.));
#1144 = FACE_BOUND('',#1145,.F.);
#1145 = EDGE_LOOP('',(#1146,#1156,#1164,#1172));
#1146 = ORIENTED_EDGE('',*,*,#1147,.F.);
#1147 = EDGE_CURVE('',#1148,#1150,#1152,.T.);
#1148 = VERTEX_POINT('',#1149);
#1149 = CARTESIAN_POINT('',(90.36,-26.6,0.));
#1150 = VERTEX_POINT('',#1151);
#1151 = CARTESIAN_POINT('',(98.8,-26.6,0.));
#1152 = LINE('',#1153,#1154);
#1153 = CARTESIAN_POINT('',(90.36,-26.6,0.));
#1154 = VECTOR('',#1155,1.);
#1155 = DIRECTION('',(1.,0.,0.));
#1156 = ORIENTED_EDGE('',*,*,#1157,.F.);
#1157 = EDGE_CURVE('',#1158,#1148,#1160,.T.);
#1158 = VERTEX_POINT('',#1159);
#1159 = CARTESIAN_POINT('',(90.36,-26.,0.));
#1160 = LINE('',#1161,#1162);
#1161 = CARTESIAN_POINT('',(90.36,-26.,0.));
#1162 = VECTOR('',#1163,1.);
#1163 = DIRECTION('',(0.,-1.,0.));
#1164 = ORIENTED_EDGE('',*,*,#1165,.F.);
#1165 = EDGE_CURVE('',#1166,#1158,#1168,.T.);
#1166 = VERTEX_POINT('',#1167);
#1167 = CARTESIAN_POINT('',(98.8,-26.,0.));
#1168 = LINE('',#1169,#1170);
#1169 = CARTESIAN_POINT('',(98.8,-26.,0.));
#1170 = VECTOR('',#1171,1.);
#1171 = DIRECTION('',(-1.,0.,0.));
#1172 = ORIENTED_EDGE('',*,*,#1173,.F.);
#1173 = EDGE_CURVE('',#1150,#1166,#1174,.T.);
#1174 = LINE('',#1175,#1176);
#1175 = CARTESIAN_POINT('',(98.8,-26.6,0.));
#1176 = VECTOR('',#1177,1.);
#1177 = DIRECTION('',(0.,1.,0.));
#1178 = FACE_BOUND('',#1179,.F.);
#1179 = EDGE_LOOP('',(#1180,#1190,#1198,#1206));
#1180 = ORIENTED_EDGE('',*,*,#1181,.F.);
#1181 = EDGE_CURVE('',#1182,#1184,#1186,.T.);
#1182 = VERTEX_POINT('',#1183);
#1183 = CARTESIAN_POINT('',(105.6,-49.9,0.));
#1184 = VERTEX_POINT('',#1185);
#1185 = CARTESIAN_POINT('',(114.04,-49.9,0.));
#1186 = LINE('',#1187,#1188);
#1187 = CARTESIAN_POINT('',(105.6,-49.9,0.));
#1188 = VECTOR('',#1189,1.);
#1189 = DIRECTION('',(1.,0.,0.));
#1190 = ORIENTED_EDGE('',*,*,#1191,.F.);
#1191 = EDGE_CURVE('',#1192,#1182,#1194,.T.);
#1192 = VERTEX_POINT('',#1193);
#1193 = CARTESIAN_POINT('',(105.6,-49.3,0.));
#1194 = LINE('',#1195,#1196);
#1195 = CARTESIAN_POINT('',(105.6,-49.3,0.));
#1196 = VECTOR('',#1197,1.);
#1197 = DIRECTION('',(0.,-1.,0.));
#1198 = ORIENTED_EDGE('',*,*,#1199,.F.);
#1199 = EDGE_CURVE('',#1200,#1192,#1202,.T.);
#1200 = VERTEX_POINT('',#1201);
#1201 = CARTESIAN_POINT('',(114.04,-49.3,0.));
#1202 = LINE('',#1203,#1204);
#1203 = CARTESIAN_POINT('',(114.04,-49.3,0.));
#1204 = VECTOR('',#1205,1.);
#1205 = DIRECTION('',(-1.,0.,0.));
#1206 = ORIENTED_EDGE('',*,*,#1207,.F.);
#1207 = EDGE_CURVE('',#1184,#1200,#1208,.T.);
#1208 = LINE('',#1209,#1210);
#1209 = CARTESIAN_POINT('',(114.04,-49.9,0.));
#1210 = VECTOR('',#1211,1.);
#1211 = DIRECTION('',(0.,1.,0.));
#1212 = FACE_BOUND('',#1213,.F.);
#1213 = EDGE_LOOP('',(#1214));
#1214 = ORIENTED_EDGE('',*,*,#1215,.T.);
#1215 = EDGE_CURVE('',#1216,#1216,#1218,.T.);
#1216 = VERTEX_POINT('',#1217);
#1217 = CARTESIAN_POINT('',(106.01,-46.02,0.));
#1218 = CIRCLE('',#1219,0.4);
#1219 = AXIS2_PLACEMENT_3D('',#1220,#1221,#1222);
#1220 = CARTESIAN_POINT('',(106.01,-45.62,0.));
#1221 = DIRECTION('',(-0.,0.,-1.));
#1222 = DIRECTION('',(3.5527136788E-14,-1.,-0.));
#1223 = FACE_BOUND('',#1224,.F.);
#1224 = EDGE_LOOP('',(#1225));
#1225 = ORIENTED_EDGE('',*,*,#1226,.T.);
#1226 = EDGE_CURVE('',#1227,#1227,#1229,.T.);
#1227 = VERTEX_POINT('',#1228);
#1228 = CARTESIAN_POINT('',(113.63,-46.02,0.));
#1229 = CIRCLE('',#1230,0.4);
#1230 = AXIS2_PLACEMENT_3D('',#1231,#1232,#1233);
#1231 = CARTESIAN_POINT('',(113.63,-45.62,0.));
#1232 = DIRECTION('',(-0.,0.,-1.));
#1233 = DIRECTION('',(-0.,-1.,0.));
#1234 = FACE_BOUND('',#1235,.F.);
#1235 = EDGE_LOOP('',(#1236));
#1236 = ORIENTED_EDGE('',*,*,#1237,.T.);
#1237 = EDGE_CURVE('',#1238,#1238,#1240,.T.);
#1238 = VERTEX_POINT('',#1239);
#1239 = CARTESIAN_POINT('',(121.25,-46.02,0.));
#1240 = CIRCLE('',#1241,0.4);
#1241 = AXIS2_PLACEMENT_3D('',#1242,#1243,#1244);
#1242 = CARTESIAN_POINT('',(121.25,-45.62,0.));
#1243 = DIRECTION('',(-0.,0.,-1.));
#1244 = DIRECTION('',(-0.,-1.,0.));
#1245 = FACE_BOUND('',#1246,.F.);
#1246 = EDGE_LOOP('',(#1247));
#1247 = ORIENTED_EDGE('',*,*,#1248,.T.);
#1248 = EDGE_CURVE('',#1249,#1249,#1251,.T.);
#1249 = VERTEX_POINT('',#1250);
#1250 = CARTESIAN_POINT('',(128.87,-46.02,0.));
#1251 = CIRCLE('',#1252,0.4);
#1252 = AXIS2_PLACEMENT_3D('',#1253,#1254,#1255);
#1253 = CARTESIAN_POINT('',(128.87,-45.62,0.));
#1254 = DIRECTION('',(-0.,0.,-1.));
#1255 = DIRECTION('',(-0.,-1.,0.));
#1256 = FACE_BOUND('',#1257,.F.);
#1257 = EDGE_LOOP('',(#1258));
#1258 = ORIENTED_EDGE('',*,*,#1259,.T.);
#1259 = EDGE_CURVE('',#1260,#1260,#1262,.T.);
#1260 = VERTEX_POINT('',#1261);
#1261 = CARTESIAN_POINT('',(136.49,-46.02,0.));
#1262 = CIRCLE('',#1263,0.4);
#1263 = AXIS2_PLACEMENT_3D('',#1264,#1265,#1266);
#1264 = CARTESIAN_POINT('',(136.49,-45.62,0.));
#1265 = DIRECTION('',(-0.,0.,-1.));
#1266 = DIRECTION('',(-0.,-1.,0.));
#1267 = FACE_BOUND('',#1268,.F.);
#1268 = EDGE_LOOP('',(#1269,#1279,#1287,#1295));
#1269 = ORIENTED_EDGE('',*,*,#1270,.F.);
#1270 = EDGE_CURVE('',#1271,#1273,#1275,.T.);
#1271 = VERTEX_POINT('',#1272);
#1272 = CARTESIAN_POINT('',(136.08,-49.9,0.));
#1273 = VERTEX_POINT('',#1274);
#1274 = CARTESIAN_POINT('',(144.52,-49.9,0.));
#1275 = LINE('',#1276,#1277);
#1276 = CARTESIAN_POINT('',(136.08,-49.9,0.));
#1277 = VECTOR('',#1278,1.);
#1278 = DIRECTION('',(1.,0.,0.));
#1279 = ORIENTED_EDGE('',*,*,#1280,.F.);
#1280 = EDGE_CURVE('',#1281,#1271,#1283,.T.);
#1281 = VERTEX_POINT('',#1282);
#1282 = CARTESIAN_POINT('',(136.08,-49.3,0.));
#1283 = LINE('',#1284,#1285);
#1284 = CARTESIAN_POINT('',(136.08,-49.3,0.));
#1285 = VECTOR('',#1286,1.);
#1286 = DIRECTION('',(0.,-1.,0.));
#1287 = ORIENTED_EDGE('',*,*,#1288,.F.);
#1288 = EDGE_CURVE('',#1289,#1281,#1291,.T.);
#1289 = VERTEX_POINT('',#1290);
#1290 = CARTESIAN_POINT('',(144.52,-49.3,0.));
#1291 = LINE('',#1292,#1293);
#1292 = CARTESIAN_POINT('',(144.52,-49.3,0.));
#1293 = VECTOR('',#1294,1.);
#1294 = DIRECTION('',(-1.,0.,0.));
#1295 = ORIENTED_EDGE('',*,*,#1296,.F.);
#1296 = EDGE_CURVE('',#1273,#1289,#1297,.T.);
#1297 = LINE('',#1298,#1299);
#1298 = CARTESIAN_POINT('',(144.52,-49.9,0.));
#1299 = VECTOR('',#1300,1.);
#1300 = DIRECTION('',(0.,1.,0.));
#1301 = FACE_BOUND('',#1302,.F.);
#1302 = EDGE_LOOP('',(#1303));
#1303 = ORIENTED_EDGE('',*,*,#1304,.T.);
#1304 = EDGE_CURVE('',#1305,#1305,#1307,.T.);
#1305 = VERTEX_POINT('',#1306);
#1306 = CARTESIAN_POINT('',(144.11,-46.02,0.));
#1307 = CIRCLE('',#1308,0.4);
#1308 = AXIS2_PLACEMENT_3D('',#1309,#1310,#1311);
#1309 = CARTESIAN_POINT('',(144.11,-45.62,0.));
#1310 = DIRECTION('',(-0.,0.,-1.));
#1311 = DIRECTION('',(-0.,-1.,0.));
#1312 = FACE_BOUND('',#1313,.F.);
#1313 = EDGE_LOOP('',(#1314));
#1314 = ORIENTED_EDGE('',*,*,#1315,.T.);
#1315 = EDGE_CURVE('',#1316,#1316,#1318,.T.);
#1316 = VERTEX_POINT('',#1317);
#1317 = CARTESIAN_POINT('',(151.73,-46.02,0.));
#1318 = CIRCLE('',#1319,0.4);
#1319 = AXIS2_PLACEMENT_3D('',#1320,#1321,#1322);
#1320 = CARTESIAN_POINT('',(151.73,-45.62,0.));
#1321 = DIRECTION('',(-0.,0.,-1.));
#1322 = DIRECTION('',(-7.105427357601E-14,-1.,0.));
#1323 = FACE_BOUND('',#1324,.F.);
#1324 = EDGE_LOOP('',(#1325));
#1325 = ORIENTED_EDGE('',*,*,#1326,.T.);
#1326 = EDGE_CURVE('',#1327,#1327,#1329,.T.);
#1327 = VERTEX_POINT('',#1328);
#1328 = CARTESIAN_POINT('',(159.35,-46.02,0.));
#1329 = CIRCLE('',#1330,0.4);
#1330 = AXIS2_PLACEMENT_3D('',#1331,#1332,#1333);
#1331 = CARTESIAN_POINT('',(159.35,-45.62,0.));
#1332 = DIRECTION('',(-0.,0.,-1.));
#1333 = DIRECTION('',(-0.,-1.,0.));
#1334 = FACE_BOUND('',#1335,.F.);
#1335 = EDGE_LOOP('',(#1336,#1346,#1354,#1362));
#1336 = ORIENTED_EDGE('',*,*,#1337,.F.);
#1337 = EDGE_CURVE('',#1338,#1340,#1342,.T.);
#1338 = VERTEX_POINT('',#1339);
#1339 = CARTESIAN_POINT('',(166.56,-49.9,0.));
#1340 = VERTEX_POINT('',#1341);
#1341 = CARTESIAN_POINT('',(175.,-49.9,0.));
#1342 = LINE('',#1343,#1344);
#1343 = CARTESIAN_POINT('',(166.56,-49.9,0.));
#1344 = VECTOR('',#1345,1.);
#1345 = DIRECTION('',(1.,0.,0.));
#1346 = ORIENTED_EDGE('',*,*,#1347,.F.);
#1347 = EDGE_CURVE('',#1348,#1338,#1350,.T.);
#1348 = VERTEX_POINT('',#1349);
#1349 = CARTESIAN_POINT('',(166.56,-49.3,0.));
#1350 = LINE('',#1351,#1352);
#1351 = CARTESIAN_POINT('',(166.56,-49.3,0.));
#1352 = VECTOR('',#1353,1.);
#1353 = DIRECTION('',(0.,-1.,0.));
#1354 = ORIENTED_EDGE('',*,*,#1355,.F.);
#1355 = EDGE_CURVE('',#1356,#1348,#1358,.T.);
#1356 = VERTEX_POINT('',#1357);
#1357 = CARTESIAN_POINT('',(175.,-49.3,0.));
#1358 = LINE('',#1359,#1360);
#1359 = CARTESIAN_POINT('',(175.,-49.3,0.));
#1360 = VECTOR('',#1361,1.);
#1361 = DIRECTION('',(-1.,0.,0.));
#1362 = ORIENTED_EDGE('',*,*,#1363,.F.);
#1363 = EDGE_CURVE('',#1340,#1356,#1364,.T.);
#1364 = LINE('',#1365,#1366);
#1365 = CARTESIAN_POINT('',(175.,-49.9,0.));
#1366 = VECTOR('',#1367,1.);
#1367 = DIRECTION('',(0.,1.,0.));
#1368 = FACE_BOUND('',#1369,.F.);
#1369 = EDGE_LOOP('',(#1370));
#1370 = ORIENTED_EDGE('',*,*,#1371,.T.);
#1371 = EDGE_CURVE('',#1372,#1372,#1374,.T.);
#1372 = VERTEX_POINT('',#1373);
#1373 = CARTESIAN_POINT('',(166.97,-46.02,0.));
#1374 = CIRCLE('',#1375,0.4);
#1375 = AXIS2_PLACEMENT_3D('',#1376,#1377,#1378);
#1376 = CARTESIAN_POINT('',(166.97,-45.62,0.));
#1377 = DIRECTION('',(-0.,0.,-1.));
#1378 = DIRECTION('',(-0.,-1.,0.));
#1379 = FACE_BOUND('',#1380,.F.);
#1380 = EDGE_LOOP('',(#1381));
#1381 = ORIENTED_EDGE('',*,*,#1382,.T.);
#1382 = EDGE_CURVE('',#1383,#1383,#1385,.T.);
#1383 = VERTEX_POINT('',#1384);
#1384 = CARTESIAN_POINT('',(174.59,-46.02,0.));
#1385 = CIRCLE('',#1386,0.4);
#1386 = AXIS2_PLACEMENT_3D('',#1387,#1388,#1389);
#1387 = CARTESIAN_POINT('',(174.59,-45.62,0.));
#1388 = DIRECTION('',(-0.,0.,-1.));
#1389 = DIRECTION('',(-0.,-1.,0.));
#1390 = FACE_BOUND('',#1391,.F.);
#1391 = EDGE_LOOP('',(#1392));
#1392 = ORIENTED_EDGE('',*,*,#1393,.T.);
#1393 = EDGE_CURVE('',#1394,#1394,#1396,.T.);
#1394 = VERTEX_POINT('',#1395);
#1395 = CARTESIAN_POINT('',(193.,-53.35,0.));
#1396 = CIRCLE('',#1397,1.35);
#1397 = AXIS2_PLACEMENT_3D('',#1398,#1399,#1400);
#1398 = CARTESIAN_POINT('',(193.,-52.,0.));
#1399 = DIRECTION('',(-0.,0.,-1.));
#1400 = DIRECTION('',(-0.,-1.,0.));
#1401 = FACE_BOUND('',#1402,.F.);
#1402 = EDGE_LOOP('',(#1403));
#1403 = ORIENTED_EDGE('',*,*,#1404,.T.);
#1404 = EDGE_CURVE('',#1405,#1405,#1407,.T.);
#1405 = VERTEX_POINT('',#1406);
#1406 = CARTESIAN_POINT('',(182.21,-46.02,0.));
#1407 = CIRCLE('',#1408,0.4);
#1408 = AXIS2_PLACEMENT_3D('',#1409,#1410,#1411);
#1409 = CARTESIAN_POINT('',(182.21,-45.62,0.));
#1410 = DIRECTION('',(-0.,0.,-1.));
#1411 = DIRECTION('',(-0.,-1.,0.));
#1412 = FACE_BOUND('',#1413,.F.);
#1413 = EDGE_LOOP('',(#1414));
#1414 = ORIENTED_EDGE('',*,*,#1415,.T.);
#1415 = EDGE_CURVE('',#1416,#1416,#1418,.T.);
#1416 = VERTEX_POINT('',#1417);
#1417 = CARTESIAN_POINT('',(189.83,-46.02,0.));
#1418 = CIRCLE('',#1419,0.4);
#1419 = AXIS2_PLACEMENT_3D('',#1420,#1421,#1422);
#1420 = CARTESIAN_POINT('',(189.83,-45.62,0.));
#1421 = DIRECTION('',(-0.,0.,-1.));
#1422 = DIRECTION('',(7.105427357601E-14,-1.,-0.));
#1423 = FACE_BOUND('',#1424,.F.);
#1424 = EDGE_LOOP('',(#1425));
#1425 = ORIENTED_EDGE('',*,*,#1426,.T.);
#1426 = EDGE_CURVE('',#1427,#1427,#1429,.T.);
#1427 = VERTEX_POINT('',#1428);
#1428 = CARTESIAN_POINT('',(197.45,-46.02,0.));
#1429 = CIRCLE('',#1430,0.4);
#1430 = AXIS2_PLACEMENT_3D('',#1431,#1432,#1433);
#1431 = CARTESIAN_POINT('',(197.45,-45.62,0.));
#1432 = DIRECTION('',(-0.,0.,-1.));
#1433 = DIRECTION('',(-0.,-1.,0.));
#1434 = FACE_BOUND('',#1435,.F.);
#1435 = EDGE_LOOP('',(#1436));
#1436 = ORIENTED_EDGE('',*,*,#1437,.T.);
#1437 = EDGE_CURVE('',#1438,#1438,#1440,.T.);
#1438 = VERTEX_POINT('',#1439);
#1439 = CARTESIAN_POINT('',(106.01,-30.78,0.));
#1440 = CIRCLE('',#1441,0.4);
#1441 = AXIS2_PLACEMENT_3D('',#1442,#1443,#1444);
#1442 = CARTESIAN_POINT('',(106.01,-30.38,0.));
#1443 = DIRECTION('',(-0.,0.,-1.));
#1444 = DIRECTION('',(3.5527136788E-14,-1.,-0.));
#1445 = FACE_BOUND('',#1446,.F.);
#1446 = EDGE_LOOP('',(#1447));
#1447 = ORIENTED_EDGE('',*,*,#1448,.T.);
#1448 = EDGE_CURVE('',#1449,#1449,#1451,.T.);
#1449 = VERTEX_POINT('',#1450);
#1450 = CARTESIAN_POINT('',(113.63,-30.78,0.));
#1451 = CIRCLE('',#1452,0.4);
#1452 = AXIS2_PLACEMENT_3D('',#1453,#1454,#1455);
#1453 = CARTESIAN_POINT('',(113.63,-30.38,0.));
#1454 = DIRECTION('',(-0.,0.,-1.));
#1455 = DIRECTION('',(-0.,-1.,0.));
#1456 = FACE_BOUND('',#1457,.F.);
#1457 = EDGE_LOOP('',(#1458));
#1458 = ORIENTED_EDGE('',*,*,#1459,.T.);
#1459 = EDGE_CURVE('',#1460,#1460,#1462,.T.);
#1460 = VERTEX_POINT('',#1461);
#1461 = CARTESIAN_POINT('',(121.25,-30.78,0.));
#1462 = CIRCLE('',#1463,0.4);
#1463 = AXIS2_PLACEMENT_3D('',#1464,#1465,#1466);
#1464 = CARTESIAN_POINT('',(121.25,-30.38,0.));
#1465 = DIRECTION('',(-0.,0.,-1.));
#1466 = DIRECTION('',(-0.,-1.,0.));
#1467 = FACE_BOUND('',#1468,.F.);
#1468 = EDGE_LOOP('',(#1469,#1479,#1487,#1495));
#1469 = ORIENTED_EDGE('',*,*,#1470,.F.);
#1470 = EDGE_CURVE('',#1471,#1473,#1475,.T.);
#1471 = VERTEX_POINT('',#1472);
#1472 = CARTESIAN_POINT('',(120.84,-26.6,0.));
#1473 = VERTEX_POINT('',#1474);
#1474 = CARTESIAN_POINT('',(129.28,-26.6,0.));
#1475 = LINE('',#1476,#1477);
#1476 = CARTESIAN_POINT('',(120.84,-26.6,0.));
#1477 = VECTOR('',#1478,1.);
#1478 = DIRECTION('',(1.,0.,0.));
#1479 = ORIENTED_EDGE('',*,*,#1480,.F.);
#1480 = EDGE_CURVE('',#1481,#1471,#1483,.T.);
#1481 = VERTEX_POINT('',#1482);
#1482 = CARTESIAN_POINT('',(120.84,-26.,0.));
#1483 = LINE('',#1484,#1485);
#1484 = CARTESIAN_POINT('',(120.84,-26.,0.));
#1485 = VECTOR('',#1486,1.);
#1486 = DIRECTION('',(0.,-1.,0.));
#1487 = ORIENTED_EDGE('',*,*,#1488,.F.);
#1488 = EDGE_CURVE('',#1489,#1481,#1491,.T.);
#1489 = VERTEX_POINT('',#1490);
#1490 = CARTESIAN_POINT('',(129.28,-26.,0.));
#1491 = LINE('',#1492,#1493);
#1492 = CARTESIAN_POINT('',(129.28,-26.,0.));
#1493 = VECTOR('',#1494,1.);
#1494 = DIRECTION('',(-1.,0.,0.));
#1495 = ORIENTED_EDGE('',*,*,#1496,.F.);
#1496 = EDGE_CURVE('',#1473,#1489,#1497,.T.);
#1497 = LINE('',#1498,#1499);
#1498 = CARTESIAN_POINT('',(129.28,-26.6,0.));
#1499 = VECTOR('',#1500,1.);
#1500 = DIRECTION('',(0.,1.,0.));
#1501 = FACE_BOUND('',#1502,.F.);
#1502 = EDGE_LOOP('',(#1503));
#1503 = ORIENTED_EDGE('',*,*,#1504,.T.);
#1504 = EDGE_CURVE('',#1505,#1505,#1507,.T.);
#1505 = VERTEX_POINT('',#1506);
#1506 = CARTESIAN_POINT('',(128.87,-30.78,0.));
#1507 = CIRCLE('',#1508,0.4);
#1508 = AXIS2_PLACEMENT_3D('',#1509,#1510,#1511);
#1509 = CARTESIAN_POINT('',(128.87,-30.38,0.));
#1510 = DIRECTION('',(-0.,0.,-1.));
#1511 = DIRECTION('',(-0.,-1.,0.));
#1512 = FACE_BOUND('',#1513,.F.);
#1513 = EDGE_LOOP('',(#1514));
#1514 = ORIENTED_EDGE('',*,*,#1515,.T.);
#1515 = EDGE_CURVE('',#1516,#1516,#1518,.T.);
#1516 = VERTEX_POINT('',#1517);
#1517 = CARTESIAN_POINT('',(136.49,-30.78,0.));
#1518 = CIRCLE('',#1519,0.4);
#1519 = AXIS2_PLACEMENT_3D('',#1520,#1521,#1522);
#1520 = CARTESIAN_POINT('',(136.49,-30.38,0.));
#1521 = DIRECTION('',(-0.,0.,-1.));
#1522 = DIRECTION('',(-0.,-1.,0.));
#1523 = FACE_BOUND('',#1524,.F.);
#1524 = EDGE_LOOP('',(#1525));
#1525 = ORIENTED_EDGE('',*,*,#1526,.T.);
#1526 = EDGE_CURVE('',#1527,#1527,#1529,.T.);
#1527 = VERTEX_POINT('',#1528);
#1528 = CARTESIAN_POINT('',(144.11,-30.78,0.));
#1529 = CIRCLE('',#1530,0.4);
#1530 = AXIS2_PLACEMENT_3D('',#1531,#1532,#1533);
#1531 = CARTESIAN_POINT('',(144.11,-30.38,0.));
#1532 = DIRECTION('',(-0.,0.,-1.));
#1533 = DIRECTION('',(-0.,-1.,0.));
#1534 = FACE_BOUND('',#1535,.F.);
#1535 = EDGE_LOOP('',(#1536));
#1536 = ORIENTED_EDGE('',*,*,#1537,.T.);
#1537 = EDGE_CURVE('',#1538,#1538,#1540,.T.);
#1538 = VERTEX_POINT('',#1539);
#1539 = CARTESIAN_POINT('',(151.73,-30.78,0.));
#1540 = CIRCLE('',#1541,0.4);
#1541 = AXIS2_PLACEMENT_3D('',#1542,#1543,#1544);
#1542 = CARTESIAN_POINT('',(151.73,-30.38,0.));
#1543 = DIRECTION('',(-0.,0.,-1.));
#1544 = DIRECTION('',(-7.105427357601E-14,-1.,0.));
#1545 = FACE_BOUND('',#1546,.F.);
#1546 = EDGE_LOOP('',(#1547));
#1547 = ORIENTED_EDGE('',*,*,#1548,.T.);
#1548 = EDGE_CURVE('',#1549,#1549,#1551,.T.);
#1549 = VERTEX_POINT('',#1550);
#1550 = CARTESIAN_POINT('',(159.35,-30.78,0.));
#1551 = CIRCLE('',#1552,0.4);
#1552 = AXIS2_PLACEMENT_3D('',#1553,#1554,#1555);
#1553 = CARTESIAN_POINT('',(159.35,-30.38,0.));
#1554 = DIRECTION('',(-0.,0.,-1.));
#1555 = DIRECTION('',(-0.,-1.,0.));
#1556 = FACE_BOUND('',#1557,.F.);
#1557 = EDGE_LOOP('',(#1558));
#1558 = ORIENTED_EDGE('',*,*,#1559,.T.);
#1559 = EDGE_CURVE('',#1560,#1560,#1562,.T.);
#1560 = VERTEX_POINT('',#1561);
#1561 = CARTESIAN_POINT('',(166.97,-30.78,0.));
#1562 = CIRCLE('',#1563,0.4);
#1563 = AXIS2_PLACEMENT_3D('',#1564,#1565,#1566);
#1564 = CARTESIAN_POINT('',(166.97,-30.38,0.));
#1565 = DIRECTION('',(-0.,0.,-1.));
#1566 = DIRECTION('',(-0.,-1.,0.));
#1567 = FACE_BOUND('',#1568,.F.);
#1568 = EDGE_LOOP('',(#1569));
#1569 = ORIENTED_EDGE('',*,*,#1570,.T.);
#1570 = EDGE_CURVE('',#1571,#1571,#1573,.T.);
#1571 = VERTEX_POINT('',#1572);
#1572 = CARTESIAN_POINT('',(174.59,-30.78,0.));
#1573 = CIRCLE('',#1574,0.4);
#1574 = AXIS2_PLACEMENT_3D('',#1575,#1576,#1577);
#1575 = CARTESIAN_POINT('',(174.59,-30.38,0.));
#1576 = DIRECTION('',(-0.,0.,-1.));
#1577 = DIRECTION('',(-0.,-1.,0.));
#1578 = FACE_BOUND('',#1579,.F.);
#1579 = EDGE_LOOP('',(#1580,#1590,#1598,#1606));
#1580 = ORIENTED_EDGE('',*,*,#1581,.F.);
#1581 = EDGE_CURVE('',#1582,#1584,#1586,.T.);
#1582 = VERTEX_POINT('',#1583);
#1583 = CARTESIAN_POINT('',(151.32,-26.6,0.));
#1584 = VERTEX_POINT('',#1585);
#1585 = CARTESIAN_POINT('',(159.76,-26.6,0.));
#1586 = LINE('',#1587,#1588);
#1587 = CARTESIAN_POINT('',(151.32,-26.6,0.));
#1588 = VECTOR('',#1589,1.);
#1589 = DIRECTION('',(1.,0.,0.));
#1590 = ORIENTED_EDGE('',*,*,#1591,.F.);
#1591 = EDGE_CURVE('',#1592,#1582,#1594,.T.);
#1592 = VERTEX_POINT('',#1593);
#1593 = CARTESIAN_POINT('',(151.32,-26.,0.));
#1594 = LINE('',#1595,#1596);
#1595 = CARTESIAN_POINT('',(151.32,-26.,0.));
#1596 = VECTOR('',#1597,1.);
#1597 = DIRECTION('',(0.,-1.,0.));
#1598 = ORIENTED_EDGE('',*,*,#1599,.F.);
#1599 = EDGE_CURVE('',#1600,#1592,#1602,.T.);
#1600 = VERTEX_POINT('',#1601);
#1601 = CARTESIAN_POINT('',(159.76,-26.,0.));
#1602 = LINE('',#1603,#1604);
#1603 = CARTESIAN_POINT('',(159.76,-26.,0.));
#1604 = VECTOR('',#1605,1.);
#1605 = DIRECTION('',(-1.,0.,0.));
#1606 = ORIENTED_EDGE('',*,*,#1607,.F.);
#1607 = EDGE_CURVE('',#1584,#1600,#1608,.T.);
#1608 = LINE('',#1609,#1610);
#1609 = CARTESIAN_POINT('',(159.76,-26.6,0.));
#1610 = VECTOR('',#1611,1.);
#1611 = DIRECTION('',(0.,1.,0.));
#1612 = FACE_BOUND('',#1613,.F.);
#1613 = EDGE_LOOP('',(#1614));
#1614 = ORIENTED_EDGE('',*,*,#1615,.T.);
#1615 = EDGE_CURVE('',#1616,#1616,#1618,.T.);
#1616 = VERTEX_POINT('',#1617);
#1617 = CARTESIAN_POINT('',(182.21,-30.78,0.));
#1618 = CIRCLE('',#1619,0.4);
#1619 = AXIS2_PLACEMENT_3D('',#1620,#1621,#1622);
#1620 = CARTESIAN_POINT('',(182.21,-30.38,0.));
#1621 = DIRECTION('',(-0.,0.,-1.));
#1622 = DIRECTION('',(-0.,-1.,0.));
#1623 = FACE_BOUND('',#1624,.F.);
#1624 = EDGE_LOOP('',(#1625));
#1625 = ORIENTED_EDGE('',*,*,#1626,.T.);
#1626 = EDGE_CURVE('',#1627,#1627,#1629,.T.);
#1627 = VERTEX_POINT('',#1628);
#1628 = CARTESIAN_POINT('',(189.83,-30.78,0.));
#1629 = CIRCLE('',#1630,0.4);
#1630 = AXIS2_PLACEMENT_3D('',#1631,#1632,#1633);
#1631 = CARTESIAN_POINT('',(189.83,-30.38,0.));
#1632 = DIRECTION('',(-0.,0.,-1.));
#1633 = DIRECTION('',(7.105427357601E-14,-1.,-0.));
#1634 = FACE_BOUND('',#1635,.F.);
#1635 = EDGE_LOOP('',(#1636));
#1636 = ORIENTED_EDGE('',*,*,#1637,.T.);
#1637 = EDGE_CURVE('',#1638,#1638,#1640,.T.);
#1638 = VERTEX_POINT('',#1639);
#1639 = CARTESIAN_POINT('',(197.45,-30.78,0.));
#1640 = CIRCLE('',#1641,0.4);
#1641 = AXIS2_PLACEMENT_3D('',#1642,#1643,#1644);
#1642 = CARTESIAN_POINT('',(197.45,-30.38,0.));
#1643 = DIRECTION('',(-0.,0.,-1.));
#1644 = DIRECTION('',(-0.,-1.,0.));
#1645 = FACE_BOUND('',#1646,.F.);
#1646 = EDGE_LOOP('',(#1647,#1657,#1665,#1673));
#1647 = ORIENTED_EDGE('',*,*,#1648,.F.);
#1648 = EDGE_CURVE('',#1649,#1651,#1653,.T.);
#1649 = VERTEX_POINT('',#1650);
#1650 = CARTESIAN_POINT('',(181.8,-26.6,0.));
#1651 = VERTEX_POINT('',#1652);
#1652 = CARTESIAN_POINT('',(190.24,-26.6,0.));
#1653 = LINE('',#1654,#1655);
#1654 = CARTESIAN_POINT('',(181.8,-26.6,0.));
#1655 = VECTOR('',#1656,1.);
#1656 = DIRECTION('',(1.,0.,0.));
#1657 = ORIENTED_EDGE('',*,*,#1658,.F.);
#1658 = EDGE_CURVE('',#1659,#1649,#1661,.T.);
#1659 = VERTEX_POINT('',#1660);
#1660 = CARTESIAN_POINT('',(181.8,-26.,0.));
#1661 = LINE('',#1662,#1663);
#1662 = CARTESIAN_POINT('',(181.8,-26.,0.));
#1663 = VECTOR('',#1664,1.);
#1664 = DIRECTION('',(0.,-1.,0.));
#1665 = ORIENTED_EDGE('',*,*,#1666,.F.);
#1666 = EDGE_CURVE('',#1667,#1659,#1669,.T.);
#1667 = VERTEX_POINT('',#1668);
#1668 = CARTESIAN_POINT('',(190.24,-26.,0.));
#1669 = LINE('',#1670,#1671);
#1670 = CARTESIAN_POINT('',(190.24,-26.,0.));
#1671 = VECTOR('',#1672,1.);
#1672 = DIRECTION('',(-1.,0.,0.));
#1673 = ORIENTED_EDGE('',*,*,#1674,.F.);
#1674 = EDGE_CURVE('',#1651,#1667,#1675,.T.);
#1675 = LINE('',#1676,#1677);
#1676 = CARTESIAN_POINT('',(190.24,-26.6,0.));
#1677 = VECTOR('',#1678,1.);
#1678 = DIRECTION('',(0.,1.,0.));
#1679 = FACE_BOUND('',#1680,.F.);
#1680 = EDGE_LOOP('',(#1681));
#1681 = ORIENTED_EDGE('',*,*,#1682,.T.);
#1682 = EDGE_CURVE('',#1683,#1683,#1685,.T.);
#1683 = VERTEX_POINT('',#1684);
#1684 = CARTESIAN_POINT('',(194.,-15.35,0.));
#1685 = CIRCLE('',#1686,1.35);
#1686 = AXIS2_PLACEMENT_3D('',#1687,#1688,#1689);
#1687 = CARTESIAN_POINT('',(194.,-14.,0.));
#1688 = DIRECTION('',(-0.,0.,-1.));
#1689 = DIRECTION('',(-0.,-1.,0.));
#1690 = PLANE('',#1691);
#1691 = AXIS2_PLACEMENT_3D('',#1692,#1693,#1694);
#1692 = CARTESIAN_POINT('',(0.,0.,0.));
#1693 = DIRECTION('',(0.,0.,1.));
#1694 = DIRECTION('',(1.,0.,-0.));
#1695 = ADVANCED_FACE('',(#1696,#1707,#1718,#1729,#1740,#1751,#1762,
    #1773,#1784,#1795,#1806,#1817,#1828,#1839,#1850,#1861,#1872,#1883,
    #1894,#1905,#1916,#1927,#1938,#1949,#1960,#1971,#1982,#1993,#2004,
    #2015,#2026,#2037,#2048,#2059,#2070,#2081,#2092,#2103,#2114,#2125,
    #2136,#2147,#2158,#2169,#2180,#2191,#2202,#2213,#2224,#2235,#2246,
    #2257,#2268,#2279,#2313,#2324,#2335,#2346,#2357,#2391,#2402,#2413,
    #2424,#2458,#2469,#2480,#2491,#2502,#2513,#2524,#2558,#2569,#2580,
    #2591,#2602,#2613,#2624,#2635,#2669,#2680,#2691,#2702,#2736,#2770,
    #2781,#2792,#2803,#2814,#2825,#2859,#2870,#2881,#2892,#2926,#2937,
    #2948,#2959,#2970,#2981,#2992,#3003,#3014,#3025,#3059,#3070,#3081,
    #3092,#3103,#3114,#3125,#3136,#3170,#3181,#3192,#3203,#3237),#3248,
  .T.);
#1696 = FACE_BOUND('',#1697,.T.);
#1697 = EDGE_LOOP('',(#1698,#1699,#1700,#1706));
#1698 = ORIENTED_EDGE('',*,*,#49,.F.);
#1699 = ORIENTED_EDGE('',*,*,#89,.F.);
#1700 = ORIENTED_EDGE('',*,*,#1701,.F.);
#1701 = EDGE_CURVE('',#112,#82,#1702,.T.);
#1702 = LINE('',#1703,#1704);
#1703 = CARTESIAN_POINT('',(12.,-10.,1.51));
#1704 = VECTOR('',#1705,1.);
#1705 = DIRECTION('',(1.,0.,0.));
#1706 = ORIENTED_EDGE('',*,*,#111,.F.);
#1707 = FACE_BOUND('',#1708,.T.);
#1708 = EDGE_LOOP('',(#1709));
#1709 = ORIENTED_EDGE('',*,*,#1710,.T.);
#1710 = EDGE_CURVE('',#1711,#1711,#1713,.T.);
#1711 = VERTEX_POINT('',#1712);
#1712 = CARTESIAN_POINT('',(17.,-91.35,1.51));
#1713 = CIRCLE('',#1714,1.35);
#1714 = AXIS2_PLACEMENT_3D('',#1715,#1716,#1717);
#1715 = CARTESIAN_POINT('',(17.,-90.,1.51));
#1716 = DIRECTION('',(-0.,0.,-1.));
#1717 = DIRECTION('',(-0.,-1.,0.));
#1718 = FACE_BOUND('',#1719,.T.);
#1719 = EDGE_LOOP('',(#1720));
#1720 = ORIENTED_EDGE('',*,*,#1721,.T.);
#1721 = EDGE_CURVE('',#1722,#1722,#1724,.T.);
#1722 = VERTEX_POINT('',#1723);
#1723 = CARTESIAN_POINT('',(70.04,-96.885,1.51));
#1724 = CIRCLE('',#1725,0.885);
#1725 = AXIS2_PLACEMENT_3D('',#1726,#1727,#1728);
#1726 = CARTESIAN_POINT('',(70.04,-96.,1.51));
#1727 = DIRECTION('',(-0.,0.,-1.));
#1728 = DIRECTION('',(1.605746295503E-14,-1.,-0.));
#1729 = FACE_BOUND('',#1730,.T.);
#1730 = EDGE_LOOP('',(#1731));
#1731 = ORIENTED_EDGE('',*,*,#1732,.T.);
#1732 = EDGE_CURVE('',#1733,#1733,#1735,.T.);
#1733 = VERTEX_POINT('',#1734);
#1734 = CARTESIAN_POINT('',(77.96,-96.885,1.51));
#1735 = CIRCLE('',#1736,0.885);
#1736 = AXIS2_PLACEMENT_3D('',#1737,#1738,#1739);
#1737 = CARTESIAN_POINT('',(77.96,-96.,1.51));
#1738 = DIRECTION('',(-0.,0.,-1.));
#1739 = DIRECTION('',(-1.605746295503E-14,-1.,0.));
#1740 = FACE_BOUND('',#1741,.T.);
#1741 = EDGE_LOOP('',(#1742));
#1742 = ORIENTED_EDGE('',*,*,#1743,.T.);
#1743 = EDGE_CURVE('',#1744,#1744,#1746,.T.);
#1744 = VERTEX_POINT('',#1745);
#1745 = CARTESIAN_POINT('',(66.15,-90.085,1.51));
#1746 = CIRCLE('',#1747,0.885);
#1747 = AXIS2_PLACEMENT_3D('',#1748,#1749,#1750);
#1748 = CARTESIAN_POINT('',(66.15,-89.2,1.51));
#1749 = DIRECTION('',(-0.,0.,-1.));
#1750 = DIRECTION('',(-0.,-1.,0.));
#1751 = FACE_BOUND('',#1752,.T.);
#1752 = EDGE_LOOP('',(#1753));
#1753 = ORIENTED_EDGE('',*,*,#1754,.T.);
#1754 = EDGE_CURVE('',#1755,#1755,#1757,.T.);
#1755 = VERTEX_POINT('',#1756);
#1756 = CARTESIAN_POINT('',(81.85,-90.085,1.51));
#1757 = CIRCLE('',#1758,0.885);
#1758 = AXIS2_PLACEMENT_3D('',#1759,#1760,#1761);
#1759 = CARTESIAN_POINT('',(81.85,-89.2,1.51));
#1760 = DIRECTION('',(-0.,0.,-1.));
#1761 = DIRECTION('',(-0.,-1.,0.));
#1762 = FACE_BOUND('',#1763,.T.);
#1763 = EDGE_LOOP('',(#1764));
#1764 = ORIENTED_EDGE('',*,*,#1765,.T.);
#1765 = EDGE_CURVE('',#1766,#1766,#1768,.T.);
#1766 = VERTEX_POINT('',#1767);
#1767 = CARTESIAN_POINT('',(94.,-98.04,1.51));
#1768 = CIRCLE('',#1769,0.5);
#1769 = AXIS2_PLACEMENT_3D('',#1770,#1771,#1772);
#1770 = CARTESIAN_POINT('',(94.,-97.54,1.51));
#1771 = DIRECTION('',(-0.,0.,-1.));
#1772 = DIRECTION('',(-0.,-1.,0.));
#1773 = FACE_BOUND('',#1774,.T.);
#1774 = EDGE_LOOP('',(#1775));
#1775 = ORIENTED_EDGE('',*,*,#1776,.T.);
#1776 = EDGE_CURVE('',#1777,#1777,#1779,.T.);
#1777 = VERTEX_POINT('',#1778);
#1778 = CARTESIAN_POINT('',(96.54,-98.04,1.51));
#1779 = CIRCLE('',#1780,0.5);
#1780 = AXIS2_PLACEMENT_3D('',#1781,#1782,#1783);
#1781 = CARTESIAN_POINT('',(96.54,-97.54,1.51));
#1782 = DIRECTION('',(-0.,0.,-1.));
#1783 = DIRECTION('',(-0.,-1.,0.));
#1784 = FACE_BOUND('',#1785,.T.);
#1785 = EDGE_LOOP('',(#1786));
#1786 = ORIENTED_EDGE('',*,*,#1787,.T.);
#1787 = EDGE_CURVE('',#1788,#1788,#1790,.T.);
#1788 = VERTEX_POINT('',#1789);
#1789 = CARTESIAN_POINT('',(99.08,-98.04,1.51));
#1790 = CIRCLE('',#1791,0.5);
#1791 = AXIS2_PLACEMENT_3D('',#1792,#1793,#1794);
#1792 = CARTESIAN_POINT('',(99.08,-97.54,1.51));
#1793 = DIRECTION('',(-0.,0.,-1.));
#1794 = DIRECTION('',(-0.,-1.,0.));
#1795 = FACE_BOUND('',#1796,.T.);
#1796 = EDGE_LOOP('',(#1797));
#1797 = ORIENTED_EDGE('',*,*,#1798,.T.);
#1798 = EDGE_CURVE('',#1799,#1799,#1801,.T.);
#1799 = VERTEX_POINT('',#1800);
#1800 = CARTESIAN_POINT('',(101.62,-98.04,1.51));
#1801 = CIRCLE('',#1802,0.5);
#1802 = AXIS2_PLACEMENT_3D('',#1803,#1804,#1805);
#1803 = CARTESIAN_POINT('',(101.62,-97.54,1.51));
#1804 = DIRECTION('',(-0.,0.,-1.));
#1805 = DIRECTION('',(-0.,-1.,0.));
#1806 = FACE_BOUND('',#1807,.T.);
#1807 = EDGE_LOOP('',(#1808));
#1808 = ORIENTED_EDGE('',*,*,#1809,.T.);
#1809 = EDGE_CURVE('',#1810,#1810,#1812,.T.);
#1810 = VERTEX_POINT('',#1811);
#1811 = CARTESIAN_POINT('',(104.16,-98.04,1.51));
#1812 = CIRCLE('',#1813,0.5);
#1813 = AXIS2_PLACEMENT_3D('',#1814,#1815,#1816);
#1814 = CARTESIAN_POINT('',(104.16,-97.54,1.51));
#1815 = DIRECTION('',(-0.,0.,-1.));
#1816 = DIRECTION('',(-0.,-1.,0.));
#1817 = FACE_BOUND('',#1818,.T.);
#1818 = EDGE_LOOP('',(#1819));
#1819 = ORIENTED_EDGE('',*,*,#1820,.T.);
#1820 = EDGE_CURVE('',#1821,#1821,#1823,.T.);
#1821 = VERTEX_POINT('',#1822);
#1822 = CARTESIAN_POINT('',(94.,-95.5,1.51));
#1823 = CIRCLE('',#1824,0.5);
#1824 = AXIS2_PLACEMENT_3D('',#1825,#1826,#1827);
#1825 = CARTESIAN_POINT('',(94.,-95.,1.51));
#1826 = DIRECTION('',(-0.,0.,-1.));
#1827 = DIRECTION('',(-0.,-1.,0.));
#1828 = FACE_BOUND('',#1829,.T.);
#1829 = EDGE_LOOP('',(#1830));
#1830 = ORIENTED_EDGE('',*,*,#1831,.T.);
#1831 = EDGE_CURVE('',#1832,#1832,#1834,.T.);
#1832 = VERTEX_POINT('',#1833);
#1833 = CARTESIAN_POINT('',(96.54,-95.5,1.51));
#1834 = CIRCLE('',#1835,0.5);
#1835 = AXIS2_PLACEMENT_3D('',#1836,#1837,#1838);
#1836 = CARTESIAN_POINT('',(96.54,-95.,1.51));
#1837 = DIRECTION('',(-0.,0.,-1.));
#1838 = DIRECTION('',(-0.,-1.,0.));
#1839 = FACE_BOUND('',#1840,.T.);
#1840 = EDGE_LOOP('',(#1841));
#1841 = ORIENTED_EDGE('',*,*,#1842,.T.);
#1842 = EDGE_CURVE('',#1843,#1843,#1845,.T.);
#1843 = VERTEX_POINT('',#1844);
#1844 = CARTESIAN_POINT('',(99.08,-95.5,1.51));
#1845 = CIRCLE('',#1846,0.5);
#1846 = AXIS2_PLACEMENT_3D('',#1847,#1848,#1849);
#1847 = CARTESIAN_POINT('',(99.08,-95.,1.51));
#1848 = DIRECTION('',(-0.,0.,-1.));
#1849 = DIRECTION('',(-0.,-1.,0.));
#1850 = FACE_BOUND('',#1851,.T.);
#1851 = EDGE_LOOP('',(#1852));
#1852 = ORIENTED_EDGE('',*,*,#1853,.T.);
#1853 = EDGE_CURVE('',#1854,#1854,#1856,.T.);
#1854 = VERTEX_POINT('',#1855);
#1855 = CARTESIAN_POINT('',(101.62,-95.5,1.51));
#1856 = CIRCLE('',#1857,0.5);
#1857 = AXIS2_PLACEMENT_3D('',#1858,#1859,#1860);
#1858 = CARTESIAN_POINT('',(101.62,-95.,1.51));
#1859 = DIRECTION('',(-0.,0.,-1.));
#1860 = DIRECTION('',(-0.,-1.,0.));
#1861 = FACE_BOUND('',#1862,.T.);
#1862 = EDGE_LOOP('',(#1863));
#1863 = ORIENTED_EDGE('',*,*,#1864,.T.);
#1864 = EDGE_CURVE('',#1865,#1865,#1867,.T.);
#1865 = VERTEX_POINT('',#1866);
#1866 = CARTESIAN_POINT('',(104.16,-95.5,1.51));
#1867 = CIRCLE('',#1868,0.5);
#1868 = AXIS2_PLACEMENT_3D('',#1869,#1870,#1871);
#1869 = CARTESIAN_POINT('',(104.16,-95.,1.51));
#1870 = DIRECTION('',(-0.,0.,-1.));
#1871 = DIRECTION('',(-0.,-1.,0.));
#1872 = FACE_BOUND('',#1873,.T.);
#1873 = EDGE_LOOP('',(#1874));
#1874 = ORIENTED_EDGE('',*,*,#1875,.T.);
#1875 = EDGE_CURVE('',#1876,#1876,#1878,.T.);
#1876 = VERTEX_POINT('',#1877);
#1877 = CARTESIAN_POINT('',(106.7,-98.04,1.51));
#1878 = CIRCLE('',#1879,0.5);
#1879 = AXIS2_PLACEMENT_3D('',#1880,#1881,#1882);
#1880 = CARTESIAN_POINT('',(106.7,-97.54,1.51));
#1881 = DIRECTION('',(-0.,0.,-1.));
#1882 = DIRECTION('',(-0.,-1.,0.));
#1883 = FACE_BOUND('',#1884,.T.);
#1884 = EDGE_LOOP('',(#1885));
#1885 = ORIENTED_EDGE('',*,*,#1886,.T.);
#1886 = EDGE_CURVE('',#1887,#1887,#1889,.T.);
#1887 = VERTEX_POINT('',#1888);
#1888 = CARTESIAN_POINT('',(109.24,-98.04,1.51));
#1889 = CIRCLE('',#1890,0.5);
#1890 = AXIS2_PLACEMENT_3D('',#1891,#1892,#1893);
#1891 = CARTESIAN_POINT('',(109.24,-97.54,1.51));
#1892 = DIRECTION('',(-0.,0.,-1.));
#1893 = DIRECTION('',(-0.,-1.,0.));
#1894 = FACE_BOUND('',#1895,.T.);
#1895 = EDGE_LOOP('',(#1896));
#1896 = ORIENTED_EDGE('',*,*,#1897,.T.);
#1897 = EDGE_CURVE('',#1898,#1898,#1900,.T.);
#1898 = VERTEX_POINT('',#1899);
#1899 = CARTESIAN_POINT('',(111.78,-98.04,1.51));
#1900 = CIRCLE('',#1901,0.5);
#1901 = AXIS2_PLACEMENT_3D('',#1902,#1903,#1904);
#1902 = CARTESIAN_POINT('',(111.78,-97.54,1.51));
#1903 = DIRECTION('',(-0.,0.,-1.));
#1904 = DIRECTION('',(-0.,-1.,0.));
#1905 = FACE_BOUND('',#1906,.T.);
#1906 = EDGE_LOOP('',(#1907));
#1907 = ORIENTED_EDGE('',*,*,#1908,.T.);
#1908 = EDGE_CURVE('',#1909,#1909,#1911,.T.);
#1909 = VERTEX_POINT('',#1910);
#1910 = CARTESIAN_POINT('',(114.32,-98.04,1.51));
#1911 = CIRCLE('',#1912,0.5);
#1912 = AXIS2_PLACEMENT_3D('',#1913,#1914,#1915);
#1913 = CARTESIAN_POINT('',(114.32,-97.54,1.51));
#1914 = DIRECTION('',(-0.,0.,-1.));
#1915 = DIRECTION('',(-0.,-1.,0.));
#1916 = FACE_BOUND('',#1917,.T.);
#1917 = EDGE_LOOP('',(#1918));
#1918 = ORIENTED_EDGE('',*,*,#1919,.T.);
#1919 = EDGE_CURVE('',#1920,#1920,#1922,.T.);
#1920 = VERTEX_POINT('',#1921);
#1921 = CARTESIAN_POINT('',(116.86,-98.04,1.51));
#1922 = CIRCLE('',#1923,0.5);
#1923 = AXIS2_PLACEMENT_3D('',#1924,#1925,#1926);
#1924 = CARTESIAN_POINT('',(116.86,-97.54,1.51));
#1925 = DIRECTION('',(-0.,0.,-1.));
#1926 = DIRECTION('',(-0.,-1.,0.));
#1927 = FACE_BOUND('',#1928,.T.);
#1928 = EDGE_LOOP('',(#1929));
#1929 = ORIENTED_EDGE('',*,*,#1930,.T.);
#1930 = EDGE_CURVE('',#1931,#1931,#1933,.T.);
#1931 = VERTEX_POINT('',#1932);
#1932 = CARTESIAN_POINT('',(106.7,-95.5,1.51));
#1933 = CIRCLE('',#1934,0.5);
#1934 = AXIS2_PLACEMENT_3D('',#1935,#1936,#1937);
#1935 = CARTESIAN_POINT('',(106.7,-95.,1.51));
#1936 = DIRECTION('',(-0.,0.,-1.));
#1937 = DIRECTION('',(-0.,-1.,0.));
#1938 = FACE_BOUND('',#1939,.T.);
#1939 = EDGE_LOOP('',(#1940));
#1940 = ORIENTED_EDGE('',*,*,#1941,.T.);
#1941 = EDGE_CURVE('',#1942,#1942,#1944,.T.);
#1942 = VERTEX_POINT('',#1943);
#1943 = CARTESIAN_POINT('',(109.24,-95.5,1.51));
#1944 = CIRCLE('',#1945,0.5);
#1945 = AXIS2_PLACEMENT_3D('',#1946,#1947,#1948);
#1946 = CARTESIAN_POINT('',(109.24,-95.,1.51));
#1947 = DIRECTION('',(-0.,0.,-1.));
#1948 = DIRECTION('',(-0.,-1.,0.));
#1949 = FACE_BOUND('',#1950,.T.);
#1950 = EDGE_LOOP('',(#1951));
#1951 = ORIENTED_EDGE('',*,*,#1952,.T.);
#1952 = EDGE_CURVE('',#1953,#1953,#1955,.T.);
#1953 = VERTEX_POINT('',#1954);
#1954 = CARTESIAN_POINT('',(111.78,-95.5,1.51));
#1955 = CIRCLE('',#1956,0.5);
#1956 = AXIS2_PLACEMENT_3D('',#1957,#1958,#1959);
#1957 = CARTESIAN_POINT('',(111.78,-95.,1.51));
#1958 = DIRECTION('',(-0.,0.,-1.));
#1959 = DIRECTION('',(-0.,-1.,0.));
#1960 = FACE_BOUND('',#1961,.T.);
#1961 = EDGE_LOOP('',(#1962));
#1962 = ORIENTED_EDGE('',*,*,#1963,.T.);
#1963 = EDGE_CURVE('',#1964,#1964,#1966,.T.);
#1964 = VERTEX_POINT('',#1965);
#1965 = CARTESIAN_POINT('',(114.32,-95.5,1.51));
#1966 = CIRCLE('',#1967,0.5);
#1967 = AXIS2_PLACEMENT_3D('',#1968,#1969,#1970);
#1968 = CARTESIAN_POINT('',(114.32,-95.,1.51));
#1969 = DIRECTION('',(-0.,0.,-1.));
#1970 = DIRECTION('',(-0.,-1.,0.));
#1971 = FACE_BOUND('',#1972,.T.);
#1972 = EDGE_LOOP('',(#1973));
#1973 = ORIENTED_EDGE('',*,*,#1974,.T.);
#1974 = EDGE_CURVE('',#1975,#1975,#1977,.T.);
#1975 = VERTEX_POINT('',#1976);
#1976 = CARTESIAN_POINT('',(116.86,-95.5,1.51));
#1977 = CIRCLE('',#1978,0.5);
#1978 = AXIS2_PLACEMENT_3D('',#1979,#1980,#1981);
#1979 = CARTESIAN_POINT('',(116.86,-95.,1.51));
#1980 = DIRECTION('',(-0.,0.,-1.));
#1981 = DIRECTION('',(-0.,-1.,0.));
#1982 = FACE_BOUND('',#1983,.T.);
#1983 = EDGE_LOOP('',(#1984));
#1984 = ORIENTED_EDGE('',*,*,#1985,.T.);
#1985 = EDGE_CURVE('',#1986,#1986,#1988,.T.);
#1986 = VERTEX_POINT('',#1987);
#1987 = CARTESIAN_POINT('',(119.4,-98.04,1.51));
#1988 = CIRCLE('',#1989,0.5);
#1989 = AXIS2_PLACEMENT_3D('',#1990,#1991,#1992);
#1990 = CARTESIAN_POINT('',(119.4,-97.54,1.51));
#1991 = DIRECTION('',(-0.,0.,-1.));
#1992 = DIRECTION('',(-0.,-1.,0.));
#1993 = FACE_BOUND('',#1994,.T.);
#1994 = EDGE_LOOP('',(#1995));
#1995 = ORIENTED_EDGE('',*,*,#1996,.T.);
#1996 = EDGE_CURVE('',#1997,#1997,#1999,.T.);
#1997 = VERTEX_POINT('',#1998);
#1998 = CARTESIAN_POINT('',(121.94,-98.04,1.51));
#1999 = CIRCLE('',#2000,0.5);
#2000 = AXIS2_PLACEMENT_3D('',#2001,#2002,#2003);
#2001 = CARTESIAN_POINT('',(121.94,-97.54,1.51));
#2002 = DIRECTION('',(-0.,0.,-1.));
#2003 = DIRECTION('',(-0.,-1.,0.));
#2004 = FACE_BOUND('',#2005,.T.);
#2005 = EDGE_LOOP('',(#2006));
#2006 = ORIENTED_EDGE('',*,*,#2007,.T.);
#2007 = EDGE_CURVE('',#2008,#2008,#2010,.T.);
#2008 = VERTEX_POINT('',#2009);
#2009 = CARTESIAN_POINT('',(124.48,-98.04,1.51));
#2010 = CIRCLE('',#2011,0.5);
#2011 = AXIS2_PLACEMENT_3D('',#2012,#2013,#2014);
#2012 = CARTESIAN_POINT('',(124.48,-97.54,1.51));
#2013 = DIRECTION('',(-0.,0.,-1.));
#2014 = DIRECTION('',(-0.,-1.,0.));
#2015 = FACE_BOUND('',#2016,.T.);
#2016 = EDGE_LOOP('',(#2017));
#2017 = ORIENTED_EDGE('',*,*,#2018,.T.);
#2018 = EDGE_CURVE('',#2019,#2019,#2021,.T.);
#2019 = VERTEX_POINT('',#2020);
#2020 = CARTESIAN_POINT('',(127.02,-98.04,1.51));
#2021 = CIRCLE('',#2022,0.5);
#2022 = AXIS2_PLACEMENT_3D('',#2023,#2024,#2025);
#2023 = CARTESIAN_POINT('',(127.02,-97.54,1.51));
#2024 = DIRECTION('',(-0.,0.,-1.));
#2025 = DIRECTION('',(-0.,-1.,0.));
#2026 = FACE_BOUND('',#2027,.T.);
#2027 = EDGE_LOOP('',(#2028));
#2028 = ORIENTED_EDGE('',*,*,#2029,.T.);
#2029 = EDGE_CURVE('',#2030,#2030,#2032,.T.);
#2030 = VERTEX_POINT('',#2031);
#2031 = CARTESIAN_POINT('',(119.4,-95.5,1.51));
#2032 = CIRCLE('',#2033,0.5);
#2033 = AXIS2_PLACEMENT_3D('',#2034,#2035,#2036);
#2034 = CARTESIAN_POINT('',(119.4,-95.,1.51));
#2035 = DIRECTION('',(-0.,0.,-1.));
#2036 = DIRECTION('',(-0.,-1.,0.));
#2037 = FACE_BOUND('',#2038,.T.);
#2038 = EDGE_LOOP('',(#2039));
#2039 = ORIENTED_EDGE('',*,*,#2040,.T.);
#2040 = EDGE_CURVE('',#2041,#2041,#2043,.T.);
#2041 = VERTEX_POINT('',#2042);
#2042 = CARTESIAN_POINT('',(121.94,-95.5,1.51));
#2043 = CIRCLE('',#2044,0.5);
#2044 = AXIS2_PLACEMENT_3D('',#2045,#2046,#2047);
#2045 = CARTESIAN_POINT('',(121.94,-95.,1.51));
#2046 = DIRECTION('',(-0.,0.,-1.));
#2047 = DIRECTION('',(-0.,-1.,0.));
#2048 = FACE_BOUND('',#2049,.T.);
#2049 = EDGE_LOOP('',(#2050));
#2050 = ORIENTED_EDGE('',*,*,#2051,.T.);
#2051 = EDGE_CURVE('',#2052,#2052,#2054,.T.);
#2052 = VERTEX_POINT('',#2053);
#2053 = CARTESIAN_POINT('',(124.48,-95.5,1.51));
#2054 = CIRCLE('',#2055,0.5);
#2055 = AXIS2_PLACEMENT_3D('',#2056,#2057,#2058);
#2056 = CARTESIAN_POINT('',(124.48,-95.,1.51));
#2057 = DIRECTION('',(-0.,0.,-1.));
#2058 = DIRECTION('',(-0.,-1.,0.));
#2059 = FACE_BOUND('',#2060,.T.);
#2060 = EDGE_LOOP('',(#2061));
#2061 = ORIENTED_EDGE('',*,*,#2062,.T.);
#2062 = EDGE_CURVE('',#2063,#2063,#2065,.T.);
#2063 = VERTEX_POINT('',#2064);
#2064 = CARTESIAN_POINT('',(127.02,-95.5,1.51));
#2065 = CIRCLE('',#2066,0.5);
#2066 = AXIS2_PLACEMENT_3D('',#2067,#2068,#2069);
#2067 = CARTESIAN_POINT('',(127.02,-95.,1.51));
#2068 = DIRECTION('',(-0.,0.,-1.));
#2069 = DIRECTION('',(-0.,-1.,0.));
#2070 = FACE_BOUND('',#2071,.T.);
#2071 = EDGE_LOOP('',(#2072));
#2072 = ORIENTED_EDGE('',*,*,#2073,.T.);
#2073 = EDGE_CURVE('',#2074,#2074,#2076,.T.);
#2074 = VERTEX_POINT('',#2075);
#2075 = CARTESIAN_POINT('',(129.56,-98.04,1.51));
#2076 = CIRCLE('',#2077,0.5);
#2077 = AXIS2_PLACEMENT_3D('',#2078,#2079,#2080);
#2078 = CARTESIAN_POINT('',(129.56,-97.54,1.51));
#2079 = DIRECTION('',(-0.,0.,-1.));
#2080 = DIRECTION('',(-0.,-1.,0.));
#2081 = FACE_BOUND('',#2082,.T.);
#2082 = EDGE_LOOP('',(#2083));
#2083 = ORIENTED_EDGE('',*,*,#2084,.T.);
#2084 = EDGE_CURVE('',#2085,#2085,#2087,.T.);
#2085 = VERTEX_POINT('',#2086);
#2086 = CARTESIAN_POINT('',(132.1,-98.04,1.51));
#2087 = CIRCLE('',#2088,0.5);
#2088 = AXIS2_PLACEMENT_3D('',#2089,#2090,#2091);
#2089 = CARTESIAN_POINT('',(132.1,-97.54,1.51));
#2090 = DIRECTION('',(-0.,0.,-1.));
#2091 = DIRECTION('',(-0.,-1.,0.));
#2092 = FACE_BOUND('',#2093,.T.);
#2093 = EDGE_LOOP('',(#2094));
#2094 = ORIENTED_EDGE('',*,*,#2095,.T.);
#2095 = EDGE_CURVE('',#2096,#2096,#2098,.T.);
#2096 = VERTEX_POINT('',#2097);
#2097 = CARTESIAN_POINT('',(134.64,-98.04,1.51));
#2098 = CIRCLE('',#2099,0.5);
#2099 = AXIS2_PLACEMENT_3D('',#2100,#2101,#2102);
#2100 = CARTESIAN_POINT('',(134.64,-97.54,1.51));
#2101 = DIRECTION('',(-0.,0.,-1.));
#2102 = DIRECTION('',(-0.,-1.,0.));
#2103 = FACE_BOUND('',#2104,.T.);
#2104 = EDGE_LOOP('',(#2105));
#2105 = ORIENTED_EDGE('',*,*,#2106,.T.);
#2106 = EDGE_CURVE('',#2107,#2107,#2109,.T.);
#2107 = VERTEX_POINT('',#2108);
#2108 = CARTESIAN_POINT('',(137.18,-98.04,1.51));
#2109 = CIRCLE('',#2110,0.5);
#2110 = AXIS2_PLACEMENT_3D('',#2111,#2112,#2113);
#2111 = CARTESIAN_POINT('',(137.18,-97.54,1.51));
#2112 = DIRECTION('',(-0.,0.,-1.));
#2113 = DIRECTION('',(-0.,-1.,0.));
#2114 = FACE_BOUND('',#2115,.T.);
#2115 = EDGE_LOOP('',(#2116));
#2116 = ORIENTED_EDGE('',*,*,#2117,.T.);
#2117 = EDGE_CURVE('',#2118,#2118,#2120,.T.);
#2118 = VERTEX_POINT('',#2119);
#2119 = CARTESIAN_POINT('',(139.72,-98.04,1.51));
#2120 = CIRCLE('',#2121,0.5);
#2121 = AXIS2_PLACEMENT_3D('',#2122,#2123,#2124);
#2122 = CARTESIAN_POINT('',(139.72,-97.54,1.51));
#2123 = DIRECTION('',(-0.,0.,-1.));
#2124 = DIRECTION('',(-0.,-1.,0.));
#2125 = FACE_BOUND('',#2126,.T.);
#2126 = EDGE_LOOP('',(#2127));
#2127 = ORIENTED_EDGE('',*,*,#2128,.T.);
#2128 = EDGE_CURVE('',#2129,#2129,#2131,.T.);
#2129 = VERTEX_POINT('',#2130);
#2130 = CARTESIAN_POINT('',(129.56,-95.5,1.51));
#2131 = CIRCLE('',#2132,0.5);
#2132 = AXIS2_PLACEMENT_3D('',#2133,#2134,#2135);
#2133 = CARTESIAN_POINT('',(129.56,-95.,1.51));
#2134 = DIRECTION('',(-0.,0.,-1.));
#2135 = DIRECTION('',(-0.,-1.,0.));
#2136 = FACE_BOUND('',#2137,.T.);
#2137 = EDGE_LOOP('',(#2138));
#2138 = ORIENTED_EDGE('',*,*,#2139,.T.);
#2139 = EDGE_CURVE('',#2140,#2140,#2142,.T.);
#2140 = VERTEX_POINT('',#2141);
#2141 = CARTESIAN_POINT('',(132.1,-95.5,1.51));
#2142 = CIRCLE('',#2143,0.5);
#2143 = AXIS2_PLACEMENT_3D('',#2144,#2145,#2146);
#2144 = CARTESIAN_POINT('',(132.1,-95.,1.51));
#2145 = DIRECTION('',(-0.,0.,-1.));
#2146 = DIRECTION('',(-0.,-1.,0.));
#2147 = FACE_BOUND('',#2148,.T.);
#2148 = EDGE_LOOP('',(#2149));
#2149 = ORIENTED_EDGE('',*,*,#2150,.T.);
#2150 = EDGE_CURVE('',#2151,#2151,#2153,.T.);
#2151 = VERTEX_POINT('',#2152);
#2152 = CARTESIAN_POINT('',(134.64,-95.5,1.51));
#2153 = CIRCLE('',#2154,0.5);
#2154 = AXIS2_PLACEMENT_3D('',#2155,#2156,#2157);
#2155 = CARTESIAN_POINT('',(134.64,-95.,1.51));
#2156 = DIRECTION('',(-0.,0.,-1.));
#2157 = DIRECTION('',(-0.,-1.,0.));
#2158 = FACE_BOUND('',#2159,.T.);
#2159 = EDGE_LOOP('',(#2160));
#2160 = ORIENTED_EDGE('',*,*,#2161,.T.);
#2161 = EDGE_CURVE('',#2162,#2162,#2164,.T.);
#2162 = VERTEX_POINT('',#2163);
#2163 = CARTESIAN_POINT('',(137.18,-95.5,1.51));
#2164 = CIRCLE('',#2165,0.5);
#2165 = AXIS2_PLACEMENT_3D('',#2166,#2167,#2168);
#2166 = CARTESIAN_POINT('',(137.18,-95.,1.51));
#2167 = DIRECTION('',(-0.,0.,-1.));
#2168 = DIRECTION('',(-0.,-1.,0.));
#2169 = FACE_BOUND('',#2170,.T.);
#2170 = EDGE_LOOP('',(#2171));
#2171 = ORIENTED_EDGE('',*,*,#2172,.T.);
#2172 = EDGE_CURVE('',#2173,#2173,#2175,.T.);
#2173 = VERTEX_POINT('',#2174);
#2174 = CARTESIAN_POINT('',(139.72,-95.5,1.51));
#2175 = CIRCLE('',#2176,0.5);
#2176 = AXIS2_PLACEMENT_3D('',#2177,#2178,#2179);
#2177 = CARTESIAN_POINT('',(139.72,-95.,1.51));
#2178 = DIRECTION('',(-0.,0.,-1.));
#2179 = DIRECTION('',(-0.,-1.,0.));
#2180 = FACE_BOUND('',#2181,.T.);
#2181 = EDGE_LOOP('',(#2182));
#2182 = ORIENTED_EDGE('',*,*,#2183,.T.);
#2183 = EDGE_CURVE('',#2184,#2184,#2186,.T.);
#2184 = VERTEX_POINT('',#2185);
#2185 = CARTESIAN_POINT('',(142.26,-98.04,1.51));
#2186 = CIRCLE('',#2187,0.5);
#2187 = AXIS2_PLACEMENT_3D('',#2188,#2189,#2190);
#2188 = CARTESIAN_POINT('',(142.26,-97.54,1.51));
#2189 = DIRECTION('',(-0.,0.,-1.));
#2190 = DIRECTION('',(-0.,-1.,0.));
#2191 = FACE_BOUND('',#2192,.T.);
#2192 = EDGE_LOOP('',(#2193));
#2193 = ORIENTED_EDGE('',*,*,#2194,.T.);
#2194 = EDGE_CURVE('',#2195,#2195,#2197,.T.);
#2195 = VERTEX_POINT('',#2196);
#2196 = CARTESIAN_POINT('',(148.,-97.475,1.51));
#2197 = CIRCLE('',#2198,0.475);
#2198 = AXIS2_PLACEMENT_3D('',#2199,#2200,#2201);
#2199 = CARTESIAN_POINT('',(148.,-97.,1.51));
#2200 = DIRECTION('',(-0.,0.,-1.));
#2201 = DIRECTION('',(-0.,-1.,0.));
#2202 = FACE_BOUND('',#2203,.T.);
#2203 = EDGE_LOOP('',(#2204));
#2204 = ORIENTED_EDGE('',*,*,#2205,.T.);
#2205 = EDGE_CURVE('',#2206,#2206,#2208,.T.);
#2206 = VERTEX_POINT('',#2207);
#2207 = CARTESIAN_POINT('',(150.5,-97.475,1.51));
#2208 = CIRCLE('',#2209,0.475);
#2209 = AXIS2_PLACEMENT_3D('',#2210,#2211,#2212);
#2210 = CARTESIAN_POINT('',(150.5,-97.,1.51));
#2211 = DIRECTION('',(-0.,0.,-1.));
#2212 = DIRECTION('',(-0.,-1.,0.));
#2213 = FACE_BOUND('',#2214,.T.);
#2214 = EDGE_LOOP('',(#2215));
#2215 = ORIENTED_EDGE('',*,*,#2216,.T.);
#2216 = EDGE_CURVE('',#2217,#2217,#2219,.T.);
#2217 = VERTEX_POINT('',#2218);
#2218 = CARTESIAN_POINT('',(142.26,-95.5,1.51));
#2219 = CIRCLE('',#2220,0.5);
#2220 = AXIS2_PLACEMENT_3D('',#2221,#2222,#2223);
#2221 = CARTESIAN_POINT('',(142.26,-95.,1.51));
#2222 = DIRECTION('',(-0.,0.,-1.));
#2223 = DIRECTION('',(-0.,-1.,0.));
#2224 = FACE_BOUND('',#2225,.T.);
#2225 = EDGE_LOOP('',(#2226));
#2226 = ORIENTED_EDGE('',*,*,#2227,.T.);
#2227 = EDGE_CURVE('',#2228,#2228,#2230,.T.);
#2228 = VERTEX_POINT('',#2229);
#2229 = CARTESIAN_POINT('',(153.,-97.475,1.51));
#2230 = CIRCLE('',#2231,0.475);
#2231 = AXIS2_PLACEMENT_3D('',#2232,#2233,#2234);
#2232 = CARTESIAN_POINT('',(153.,-97.,1.51));
#2233 = DIRECTION('',(-0.,0.,-1.));
#2234 = DIRECTION('',(-0.,-1.,0.));
#2235 = FACE_BOUND('',#2236,.T.);
#2236 = EDGE_LOOP('',(#2237));
#2237 = ORIENTED_EDGE('',*,*,#2238,.T.);
#2238 = EDGE_CURVE('',#2239,#2239,#2241,.T.);
#2239 = VERTEX_POINT('',#2240);
#2240 = CARTESIAN_POINT('',(155.5,-97.475,1.51));
#2241 = CIRCLE('',#2242,0.475);
#2242 = AXIS2_PLACEMENT_3D('',#2243,#2244,#2245);
#2243 = CARTESIAN_POINT('',(155.5,-97.,1.51));
#2244 = DIRECTION('',(-0.,0.,-1.));
#2245 = DIRECTION('',(-0.,-1.,0.));
#2246 = FACE_BOUND('',#2247,.T.);
#2247 = EDGE_LOOP('',(#2248));
#2248 = ORIENTED_EDGE('',*,*,#2249,.T.);
#2249 = EDGE_CURVE('',#2250,#2250,#2252,.T.);
#2250 = VERTEX_POINT('',#2251);
#2251 = CARTESIAN_POINT('',(158.,-97.475,1.51));
#2252 = CIRCLE('',#2253,0.475);
#2253 = AXIS2_PLACEMENT_3D('',#2254,#2255,#2256);
#2254 = CARTESIAN_POINT('',(158.,-97.,1.51));
#2255 = DIRECTION('',(-0.,0.,-1.));
#2256 = DIRECTION('',(-0.,-1.,0.));
#2257 = FACE_BOUND('',#2258,.T.);
#2258 = EDGE_LOOP('',(#2259));
#2259 = ORIENTED_EDGE('',*,*,#2260,.T.);
#2260 = EDGE_CURVE('',#2261,#2261,#2263,.T.);
#2261 = VERTEX_POINT('',#2262);
#2262 = CARTESIAN_POINT('',(197.,-96.35,1.51));
#2263 = CIRCLE('',#2264,0.6);
#2264 = AXIS2_PLACEMENT_3D('',#2265,#2266,#2267);
#2265 = CARTESIAN_POINT('',(197.,-95.75,1.51));
#2266 = DIRECTION('',(-0.,0.,-1.));
#2267 = DIRECTION('',(-0.,-1.,0.));
#2268 = FACE_BOUND('',#2269,.T.);
#2269 = EDGE_LOOP('',(#2270));
#2270 = ORIENTED_EDGE('',*,*,#2271,.T.);
#2271 = EDGE_CURVE('',#2272,#2272,#2274,.T.);
#2272 = VERTEX_POINT('',#2273);
#2273 = CARTESIAN_POINT('',(197.,-92.85,1.51));
#2274 = CIRCLE('',#2275,0.6);
#2275 = AXIS2_PLACEMENT_3D('',#2276,#2277,#2278);
#2276 = CARTESIAN_POINT('',(197.,-92.25,1.51));
#2277 = DIRECTION('',(-0.,0.,-1.));
#2278 = DIRECTION('',(-0.,-1.,0.));
#2279 = FACE_BOUND('',#2280,.T.);
#2280 = EDGE_LOOP('',(#2281,#2291,#2299,#2307));
#2281 = ORIENTED_EDGE('',*,*,#2282,.F.);
#2282 = EDGE_CURVE('',#2283,#2285,#2287,.T.);
#2283 = VERTEX_POINT('',#2284);
#2284 = CARTESIAN_POINT('',(13.,-49.9,1.51));
#2285 = VERTEX_POINT('',#2286);
#2286 = CARTESIAN_POINT('',(22.6,-49.9,1.51));
#2287 = LINE('',#2288,#2289);
#2288 = CARTESIAN_POINT('',(13.,-49.9,1.51));
#2289 = VECTOR('',#2290,1.);
#2290 = DIRECTION('',(1.,0.,0.));
#2291 = ORIENTED_EDGE('',*,*,#2292,.F.);
#2292 = EDGE_CURVE('',#2293,#2283,#2295,.T.);
#2293 = VERTEX_POINT('',#2294);
#2294 = CARTESIAN_POINT('',(13.,-49.3,1.51));
#2295 = LINE('',#2296,#2297);
#2296 = CARTESIAN_POINT('',(13.,-49.3,1.51));
#2297 = VECTOR('',#2298,1.);
#2298 = DIRECTION('',(0.,-1.,0.));
#2299 = ORIENTED_EDGE('',*,*,#2300,.F.);
#2300 = EDGE_CURVE('',#2301,#2293,#2303,.T.);
#2301 = VERTEX_POINT('',#2302);
#2302 = CARTESIAN_POINT('',(22.6,-49.3,1.51));
#2303 = LINE('',#2304,#2305);
#2304 = CARTESIAN_POINT('',(22.6,-49.3,1.51));
#2305 = VECTOR('',#2306,1.);
#2306 = DIRECTION('',(-1.,0.,0.));
#2307 = ORIENTED_EDGE('',*,*,#2308,.F.);
#2308 = EDGE_CURVE('',#2285,#2301,#2309,.T.);
#2309 = LINE('',#2310,#2311);
#2310 = CARTESIAN_POINT('',(22.6,-49.9,1.51));
#2311 = VECTOR('',#2312,1.);
#2312 = DIRECTION('',(0.,1.,0.));
#2313 = FACE_BOUND('',#2314,.T.);
#2314 = EDGE_LOOP('',(#2315));
#2315 = ORIENTED_EDGE('',*,*,#2316,.T.);
#2316 = EDGE_CURVE('',#2317,#2317,#2319,.T.);
#2317 = VERTEX_POINT('',#2318);
#2318 = CARTESIAN_POINT('',(22.19,-46.02,1.51));
#2319 = CIRCLE('',#2320,0.4);
#2320 = AXIS2_PLACEMENT_3D('',#2321,#2322,#2323);
#2321 = CARTESIAN_POINT('',(22.19,-45.62,1.51));
#2322 = DIRECTION('',(-0.,0.,-1.));
#2323 = DIRECTION('',(8.881784197001E-15,-1.,-0.));
#2324 = FACE_BOUND('',#2325,.T.);
#2325 = EDGE_LOOP('',(#2326));
#2326 = ORIENTED_EDGE('',*,*,#2327,.T.);
#2327 = EDGE_CURVE('',#2328,#2328,#2330,.T.);
#2328 = VERTEX_POINT('',#2329);
#2329 = CARTESIAN_POINT('',(29.81,-46.02,1.51));
#2330 = CIRCLE('',#2331,0.4);
#2331 = AXIS2_PLACEMENT_3D('',#2332,#2333,#2334);
#2332 = CARTESIAN_POINT('',(29.81,-45.62,1.51));
#2333 = DIRECTION('',(-0.,0.,-1.));
#2334 = DIRECTION('',(-8.881784197001E-15,-1.,0.));
#2335 = FACE_BOUND('',#2336,.T.);
#2336 = EDGE_LOOP('',(#2337));
#2337 = ORIENTED_EDGE('',*,*,#2338,.T.);
#2338 = EDGE_CURVE('',#2339,#2339,#2341,.T.);
#2339 = VERTEX_POINT('',#2340);
#2340 = CARTESIAN_POINT('',(37.43,-46.02,1.51));
#2341 = CIRCLE('',#2342,0.4);
#2342 = AXIS2_PLACEMENT_3D('',#2343,#2344,#2345);
#2343 = CARTESIAN_POINT('',(37.43,-45.62,1.51));
#2344 = DIRECTION('',(-0.,0.,-1.));
#2345 = DIRECTION('',(-0.,-1.,0.));
#2346 = FACE_BOUND('',#2347,.T.);
#2347 = EDGE_LOOP('',(#2348));
#2348 = ORIENTED_EDGE('',*,*,#2349,.T.);
#2349 = EDGE_CURVE('',#2350,#2350,#2352,.T.);
#2350 = VERTEX_POINT('',#2351);
#2351 = CARTESIAN_POINT('',(45.05,-46.02,1.51));
#2352 = CIRCLE('',#2353,0.4);
#2353 = AXIS2_PLACEMENT_3D('',#2354,#2355,#2356);
#2354 = CARTESIAN_POINT('',(45.05,-45.62,1.51));
#2355 = DIRECTION('',(-0.,0.,-1.));
#2356 = DIRECTION('',(-0.,-1.,0.));
#2357 = FACE_BOUND('',#2358,.T.);
#2358 = EDGE_LOOP('',(#2359,#2369,#2377,#2385));
#2359 = ORIENTED_EDGE('',*,*,#2360,.F.);
#2360 = EDGE_CURVE('',#2361,#2363,#2365,.T.);
#2361 = VERTEX_POINT('',#2362);
#2362 = CARTESIAN_POINT('',(44.64,-49.9,1.51));
#2363 = VERTEX_POINT('',#2364);
#2364 = CARTESIAN_POINT('',(53.08,-49.9,1.51));
#2365 = LINE('',#2366,#2367);
#2366 = CARTESIAN_POINT('',(44.64,-49.9,1.51));
#2367 = VECTOR('',#2368,1.);
#2368 = DIRECTION('',(1.,0.,0.));
#2369 = ORIENTED_EDGE('',*,*,#2370,.F.);
#2370 = EDGE_CURVE('',#2371,#2361,#2373,.T.);
#2371 = VERTEX_POINT('',#2372);
#2372 = CARTESIAN_POINT('',(44.64,-49.3,1.51));
#2373 = LINE('',#2374,#2375);
#2374 = CARTESIAN_POINT('',(44.64,-49.3,1.51));
#2375 = VECTOR('',#2376,1.);
#2376 = DIRECTION('',(0.,-1.,0.));
#2377 = ORIENTED_EDGE('',*,*,#2378,.F.);
#2378 = EDGE_CURVE('',#2379,#2371,#2381,.T.);
#2379 = VERTEX_POINT('',#2380);
#2380 = CARTESIAN_POINT('',(53.08,-49.3,1.51));
#2381 = LINE('',#2382,#2383);
#2382 = CARTESIAN_POINT('',(53.08,-49.3,1.51));
#2383 = VECTOR('',#2384,1.);
#2384 = DIRECTION('',(-1.,0.,0.));
#2385 = ORIENTED_EDGE('',*,*,#2386,.F.);
#2386 = EDGE_CURVE('',#2363,#2379,#2387,.T.);
#2387 = LINE('',#2388,#2389);
#2388 = CARTESIAN_POINT('',(53.08,-49.9,1.51));
#2389 = VECTOR('',#2390,1.);
#2390 = DIRECTION('',(0.,1.,0.));
#2391 = FACE_BOUND('',#2392,.T.);
#2392 = EDGE_LOOP('',(#2393));
#2393 = ORIENTED_EDGE('',*,*,#2394,.T.);
#2394 = EDGE_CURVE('',#2395,#2395,#2397,.T.);
#2395 = VERTEX_POINT('',#2396);
#2396 = CARTESIAN_POINT('',(52.67,-46.02,1.51));
#2397 = CIRCLE('',#2398,0.4);
#2398 = AXIS2_PLACEMENT_3D('',#2399,#2400,#2401);
#2399 = CARTESIAN_POINT('',(52.67,-45.62,1.51));
#2400 = DIRECTION('',(-0.,0.,-1.));
#2401 = DIRECTION('',(-0.,-1.,0.));
#2402 = FACE_BOUND('',#2403,.T.);
#2403 = EDGE_LOOP('',(#2404));
#2404 = ORIENTED_EDGE('',*,*,#2405,.T.);
#2405 = EDGE_CURVE('',#2406,#2406,#2408,.T.);
#2406 = VERTEX_POINT('',#2407);
#2407 = CARTESIAN_POINT('',(60.29,-46.02,1.51));
#2408 = CIRCLE('',#2409,0.4);
#2409 = AXIS2_PLACEMENT_3D('',#2410,#2411,#2412);
#2410 = CARTESIAN_POINT('',(60.29,-45.62,1.51));
#2411 = DIRECTION('',(-0.,0.,-1.));
#2412 = DIRECTION('',(-0.,-1.,0.));
#2413 = FACE_BOUND('',#2414,.T.);
#2414 = EDGE_LOOP('',(#2415));
#2415 = ORIENTED_EDGE('',*,*,#2416,.T.);
#2416 = EDGE_CURVE('',#2417,#2417,#2419,.T.);
#2417 = VERTEX_POINT('',#2418);
#2418 = CARTESIAN_POINT('',(67.91,-46.02,1.51));
#2419 = CIRCLE('',#2420,0.4);
#2420 = AXIS2_PLACEMENT_3D('',#2421,#2422,#2423);
#2421 = CARTESIAN_POINT('',(67.91,-45.62,1.51));
#2422 = DIRECTION('',(-0.,0.,-1.));
#2423 = DIRECTION('',(-0.,-1.,0.));
#2424 = FACE_BOUND('',#2425,.T.);
#2425 = EDGE_LOOP('',(#2426,#2436,#2444,#2452));
#2426 = ORIENTED_EDGE('',*,*,#2427,.F.);
#2427 = EDGE_CURVE('',#2428,#2430,#2432,.T.);
#2428 = VERTEX_POINT('',#2429);
#2429 = CARTESIAN_POINT('',(75.12,-49.9,1.51));
#2430 = VERTEX_POINT('',#2431);
#2431 = CARTESIAN_POINT('',(83.56,-49.9,1.51));
#2432 = LINE('',#2433,#2434);
#2433 = CARTESIAN_POINT('',(75.12,-49.9,1.51));
#2434 = VECTOR('',#2435,1.);
#2435 = DIRECTION('',(1.,0.,0.));
#2436 = ORIENTED_EDGE('',*,*,#2437,.F.);
#2437 = EDGE_CURVE('',#2438,#2428,#2440,.T.);
#2438 = VERTEX_POINT('',#2439);
#2439 = CARTESIAN_POINT('',(75.12,-49.3,1.51));
#2440 = LINE('',#2441,#2442);
#2441 = CARTESIAN_POINT('',(75.12,-49.3,1.51));
#2442 = VECTOR('',#2443,1.);
#2443 = DIRECTION('',(0.,-1.,0.));
#2444 = ORIENTED_EDGE('',*,*,#2445,.F.);
#2445 = EDGE_CURVE('',#2446,#2438,#2448,.T.);
#2446 = VERTEX_POINT('',#2447);
#2447 = CARTESIAN_POINT('',(83.56,-49.3,1.51));
#2448 = LINE('',#2449,#2450);
#2449 = CARTESIAN_POINT('',(83.56,-49.3,1.51));
#2450 = VECTOR('',#2451,1.);
#2451 = DIRECTION('',(-1.,0.,0.));
#2452 = ORIENTED_EDGE('',*,*,#2453,.F.);
#2453 = EDGE_CURVE('',#2430,#2446,#2454,.T.);
#2454 = LINE('',#2455,#2456);
#2455 = CARTESIAN_POINT('',(83.56,-49.9,1.51));
#2456 = VECTOR('',#2457,1.);
#2457 = DIRECTION('',(0.,1.,0.));
#2458 = FACE_BOUND('',#2459,.T.);
#2459 = EDGE_LOOP('',(#2460));
#2460 = ORIENTED_EDGE('',*,*,#2461,.T.);
#2461 = EDGE_CURVE('',#2462,#2462,#2464,.T.);
#2462 = VERTEX_POINT('',#2463);
#2463 = CARTESIAN_POINT('',(75.53,-46.02,1.51));
#2464 = CIRCLE('',#2465,0.4);
#2465 = AXIS2_PLACEMENT_3D('',#2466,#2467,#2468);
#2466 = CARTESIAN_POINT('',(75.53,-45.62,1.51));
#2467 = DIRECTION('',(-0.,0.,-1.));
#2468 = DIRECTION('',(-0.,-1.,0.));
#2469 = FACE_BOUND('',#2470,.T.);
#2470 = EDGE_LOOP('',(#2471));
#2471 = ORIENTED_EDGE('',*,*,#2472,.T.);
#2472 = EDGE_CURVE('',#2473,#2473,#2475,.T.);
#2473 = VERTEX_POINT('',#2474);
#2474 = CARTESIAN_POINT('',(83.15,-46.02,1.51));
#2475 = CIRCLE('',#2476,0.4);
#2476 = AXIS2_PLACEMENT_3D('',#2477,#2478,#2479);
#2477 = CARTESIAN_POINT('',(83.15,-45.62,1.51));
#2478 = DIRECTION('',(-0.,0.,-1.));
#2479 = DIRECTION('',(-0.,-1.,0.));
#2480 = FACE_BOUND('',#2481,.T.);
#2481 = EDGE_LOOP('',(#2482));
#2482 = ORIENTED_EDGE('',*,*,#2483,.T.);
#2483 = EDGE_CURVE('',#2484,#2484,#2486,.T.);
#2484 = VERTEX_POINT('',#2485);
#2485 = CARTESIAN_POINT('',(90.77,-46.02,1.51));
#2486 = CIRCLE('',#2487,0.4);
#2487 = AXIS2_PLACEMENT_3D('',#2488,#2489,#2490);
#2488 = CARTESIAN_POINT('',(90.77,-45.62,1.51));
#2489 = DIRECTION('',(-0.,0.,-1.));
#2490 = DIRECTION('',(-3.552713678801E-14,-1.,0.));
#2491 = FACE_BOUND('',#2492,.T.);
#2492 = EDGE_LOOP('',(#2493));
#2493 = ORIENTED_EDGE('',*,*,#2494,.T.);
#2494 = EDGE_CURVE('',#2495,#2495,#2497,.T.);
#2495 = VERTEX_POINT('',#2496);
#2496 = CARTESIAN_POINT('',(98.39,-46.02,1.51));
#2497 = CIRCLE('',#2498,0.4);
#2498 = AXIS2_PLACEMENT_3D('',#2499,#2500,#2501);
#2499 = CARTESIAN_POINT('',(98.39,-45.62,1.51));
#2500 = DIRECTION('',(-0.,0.,-1.));
#2501 = DIRECTION('',(-0.,-1.,0.));
#2502 = FACE_BOUND('',#2503,.T.);
#2503 = EDGE_LOOP('',(#2504));
#2504 = ORIENTED_EDGE('',*,*,#2505,.T.);
#2505 = EDGE_CURVE('',#2506,#2506,#2508,.T.);
#2506 = VERTEX_POINT('',#2507);
#2507 = CARTESIAN_POINT('',(22.19,-30.78,1.51));
#2508 = CIRCLE('',#2509,0.4);
#2509 = AXIS2_PLACEMENT_3D('',#2510,#2511,#2512);
#2510 = CARTESIAN_POINT('',(22.19,-30.38,1.51));
#2511 = DIRECTION('',(-0.,0.,-1.));
#2512 = DIRECTION('',(8.881784197001E-15,-1.,-0.));
#2513 = FACE_BOUND('',#2514,.T.);
#2514 = EDGE_LOOP('',(#2515));
#2515 = ORIENTED_EDGE('',*,*,#2516,.T.);
#2516 = EDGE_CURVE('',#2517,#2517,#2519,.T.);
#2517 = VERTEX_POINT('',#2518);
#2518 = CARTESIAN_POINT('',(29.81,-30.78,1.51));
#2519 = CIRCLE('',#2520,0.4);
#2520 = AXIS2_PLACEMENT_3D('',#2521,#2522,#2523);
#2521 = CARTESIAN_POINT('',(29.81,-30.38,1.51));
#2522 = DIRECTION('',(-0.,0.,-1.));
#2523 = DIRECTION('',(-8.881784197001E-15,-1.,0.));
#2524 = FACE_BOUND('',#2525,.T.);
#2525 = EDGE_LOOP('',(#2526,#2536,#2544,#2552));
#2526 = ORIENTED_EDGE('',*,*,#2527,.F.);
#2527 = EDGE_CURVE('',#2528,#2530,#2532,.T.);
#2528 = VERTEX_POINT('',#2529);
#2529 = CARTESIAN_POINT('',(29.4,-26.6,1.51));
#2530 = VERTEX_POINT('',#2531);
#2531 = CARTESIAN_POINT('',(37.84,-26.6,1.51));
#2532 = LINE('',#2533,#2534);
#2533 = CARTESIAN_POINT('',(29.4,-26.6,1.51));
#2534 = VECTOR('',#2535,1.);
#2535 = DIRECTION('',(1.,0.,0.));
#2536 = ORIENTED_EDGE('',*,*,#2537,.F.);
#2537 = EDGE_CURVE('',#2538,#2528,#2540,.T.);
#2538 = VERTEX_POINT('',#2539);
#2539 = CARTESIAN_POINT('',(29.4,-26.,1.51));
#2540 = LINE('',#2541,#2542);
#2541 = CARTESIAN_POINT('',(29.4,-26.,1.51));
#2542 = VECTOR('',#2543,1.);
#2543 = DIRECTION('',(0.,-1.,0.));
#2544 = ORIENTED_EDGE('',*,*,#2545,.F.);
#2545 = EDGE_CURVE('',#2546,#2538,#2548,.T.);
#2546 = VERTEX_POINT('',#2547);
#2547 = CARTESIAN_POINT('',(37.84,-26.,1.51));
#2548 = LINE('',#2549,#2550);
#2549 = CARTESIAN_POINT('',(37.84,-26.,1.51));
#2550 = VECTOR('',#2551,1.);
#2551 = DIRECTION('',(-1.,0.,0.));
#2552 = ORIENTED_EDGE('',*,*,#2553,.F.);
#2553 = EDGE_CURVE('',#2530,#2546,#2554,.T.);
#2554 = LINE('',#2555,#2556);
#2555 = CARTESIAN_POINT('',(37.84,-26.6,1.51));
#2556 = VECTOR('',#2557,1.);
#2557 = DIRECTION('',(0.,1.,0.));
#2558 = FACE_BOUND('',#2559,.T.);
#2559 = EDGE_LOOP('',(#2560));
#2560 = ORIENTED_EDGE('',*,*,#2561,.T.);
#2561 = EDGE_CURVE('',#2562,#2562,#2564,.T.);
#2562 = VERTEX_POINT('',#2563);
#2563 = CARTESIAN_POINT('',(37.43,-30.78,1.51));
#2564 = CIRCLE('',#2565,0.4);
#2565 = AXIS2_PLACEMENT_3D('',#2566,#2567,#2568);
#2566 = CARTESIAN_POINT('',(37.43,-30.38,1.51));
#2567 = DIRECTION('',(-0.,0.,-1.));
#2568 = DIRECTION('',(-0.,-1.,0.));
#2569 = FACE_BOUND('',#2570,.T.);
#2570 = EDGE_LOOP('',(#2571));
#2571 = ORIENTED_EDGE('',*,*,#2572,.T.);
#2572 = EDGE_CURVE('',#2573,#2573,#2575,.T.);
#2573 = VERTEX_POINT('',#2574);
#2574 = CARTESIAN_POINT('',(45.05,-30.78,1.51));
#2575 = CIRCLE('',#2576,0.4);
#2576 = AXIS2_PLACEMENT_3D('',#2577,#2578,#2579);
#2577 = CARTESIAN_POINT('',(45.05,-30.38,1.51));
#2578 = DIRECTION('',(-0.,0.,-1.));
#2579 = DIRECTION('',(-0.,-1.,0.));
#2580 = FACE_BOUND('',#2581,.T.);
#2581 = EDGE_LOOP('',(#2582));
#2582 = ORIENTED_EDGE('',*,*,#2583,.T.);
#2583 = EDGE_CURVE('',#2584,#2584,#2586,.T.);
#2584 = VERTEX_POINT('',#2585);
#2585 = CARTESIAN_POINT('',(52.67,-30.78,1.51));
#2586 = CIRCLE('',#2587,0.4);
#2587 = AXIS2_PLACEMENT_3D('',#2588,#2589,#2590);
#2588 = CARTESIAN_POINT('',(52.67,-30.38,1.51));
#2589 = DIRECTION('',(-0.,0.,-1.));
#2590 = DIRECTION('',(-0.,-1.,0.));
#2591 = FACE_BOUND('',#2592,.T.);
#2592 = EDGE_LOOP('',(#2593));
#2593 = ORIENTED_EDGE('',*,*,#2594,.T.);
#2594 = EDGE_CURVE('',#2595,#2595,#2597,.T.);
#2595 = VERTEX_POINT('',#2596);
#2596 = CARTESIAN_POINT('',(24.,-15.35,1.51));
#2597 = CIRCLE('',#2598,1.35);
#2598 = AXIS2_PLACEMENT_3D('',#2599,#2600,#2601);
#2599 = CARTESIAN_POINT('',(24.,-14.,1.51));
#2600 = DIRECTION('',(-0.,0.,-1.));
#2601 = DIRECTION('',(-0.,-1.,0.));
#2602 = FACE_BOUND('',#2603,.T.);
#2603 = EDGE_LOOP('',(#2604));
#2604 = ORIENTED_EDGE('',*,*,#2605,.T.);
#2605 = EDGE_CURVE('',#2606,#2606,#2608,.T.);
#2606 = VERTEX_POINT('',#2607);
#2607 = CARTESIAN_POINT('',(60.29,-30.78,1.51));
#2608 = CIRCLE('',#2609,0.4);
#2609 = AXIS2_PLACEMENT_3D('',#2610,#2611,#2612);
#2610 = CARTESIAN_POINT('',(60.29,-30.38,1.51));
#2611 = DIRECTION('',(-0.,0.,-1.));
#2612 = DIRECTION('',(-0.,-1.,0.));
#2613 = FACE_BOUND('',#2614,.T.);
#2614 = EDGE_LOOP('',(#2615));
#2615 = ORIENTED_EDGE('',*,*,#2616,.T.);
#2616 = EDGE_CURVE('',#2617,#2617,#2619,.T.);
#2617 = VERTEX_POINT('',#2618);
#2618 = CARTESIAN_POINT('',(67.91,-30.78,1.51));
#2619 = CIRCLE('',#2620,0.4);
#2620 = AXIS2_PLACEMENT_3D('',#2621,#2622,#2623);
#2621 = CARTESIAN_POINT('',(67.91,-30.38,1.51));
#2622 = DIRECTION('',(-0.,0.,-1.));
#2623 = DIRECTION('',(-0.,-1.,0.));
#2624 = FACE_BOUND('',#2625,.T.);
#2625 = EDGE_LOOP('',(#2626));
#2626 = ORIENTED_EDGE('',*,*,#2627,.T.);
#2627 = EDGE_CURVE('',#2628,#2628,#2630,.T.);
#2628 = VERTEX_POINT('',#2629);
#2629 = CARTESIAN_POINT('',(75.53,-30.78,1.51));
#2630 = CIRCLE('',#2631,0.4);
#2631 = AXIS2_PLACEMENT_3D('',#2632,#2633,#2634);
#2632 = CARTESIAN_POINT('',(75.53,-30.38,1.51));
#2633 = DIRECTION('',(-0.,0.,-1.));
#2634 = DIRECTION('',(-0.,-1.,0.));
#2635 = FACE_BOUND('',#2636,.T.);
#2636 = EDGE_LOOP('',(#2637,#2647,#2655,#2663));
#2637 = ORIENTED_EDGE('',*,*,#2638,.F.);
#2638 = EDGE_CURVE('',#2639,#2641,#2643,.T.);
#2639 = VERTEX_POINT('',#2640);
#2640 = CARTESIAN_POINT('',(59.88,-26.6,1.51));
#2641 = VERTEX_POINT('',#2642);
#2642 = CARTESIAN_POINT('',(68.32,-26.6,1.51));
#2643 = LINE('',#2644,#2645);
#2644 = CARTESIAN_POINT('',(59.88,-26.6,1.51));
#2645 = VECTOR('',#2646,1.);
#2646 = DIRECTION('',(1.,0.,0.));
#2647 = ORIENTED_EDGE('',*,*,#2648,.F.);
#2648 = EDGE_CURVE('',#2649,#2639,#2651,.T.);
#2649 = VERTEX_POINT('',#2650);
#2650 = CARTESIAN_POINT('',(59.88,-26.,1.51));
#2651 = LINE('',#2652,#2653);
#2652 = CARTESIAN_POINT('',(59.88,-26.,1.51));
#2653 = VECTOR('',#2654,1.);
#2654 = DIRECTION('',(0.,-1.,0.));
#2655 = ORIENTED_EDGE('',*,*,#2656,.F.);
#2656 = EDGE_CURVE('',#2657,#2649,#2659,.T.);
#2657 = VERTEX_POINT('',#2658);
#2658 = CARTESIAN_POINT('',(68.32,-26.,1.51));
#2659 = LINE('',#2660,#2661);
#2660 = CARTESIAN_POINT('',(68.32,-26.,1.51));
#2661 = VECTOR('',#2662,1.);
#2662 = DIRECTION('',(-1.,0.,0.));
#2663 = ORIENTED_EDGE('',*,*,#2664,.F.);
#2664 = EDGE_CURVE('',#2641,#2657,#2665,.T.);
#2665 = LINE('',#2666,#2667);
#2666 = CARTESIAN_POINT('',(68.32,-26.6,1.51));
#2667 = VECTOR('',#2668,1.);
#2668 = DIRECTION('',(0.,1.,0.));
#2669 = FACE_BOUND('',#2670,.T.);
#2670 = EDGE_LOOP('',(#2671));
#2671 = ORIENTED_EDGE('',*,*,#2672,.T.);
#2672 = EDGE_CURVE('',#2673,#2673,#2675,.T.);
#2673 = VERTEX_POINT('',#2674);
#2674 = CARTESIAN_POINT('',(83.15,-30.78,1.51));
#2675 = CIRCLE('',#2676,0.4);
#2676 = AXIS2_PLACEMENT_3D('',#2677,#2678,#2679);
#2677 = CARTESIAN_POINT('',(83.15,-30.38,1.51));
#2678 = DIRECTION('',(-0.,0.,-1.));
#2679 = DIRECTION('',(-0.,-1.,0.));
#2680 = FACE_BOUND('',#2681,.T.);
#2681 = EDGE_LOOP('',(#2682));
#2682 = ORIENTED_EDGE('',*,*,#2683,.T.);
#2683 = EDGE_CURVE('',#2684,#2684,#2686,.T.);
#2684 = VERTEX_POINT('',#2685);
#2685 = CARTESIAN_POINT('',(90.77,-30.78,1.51));
#2686 = CIRCLE('',#2687,0.4);
#2687 = AXIS2_PLACEMENT_3D('',#2688,#2689,#2690);
#2688 = CARTESIAN_POINT('',(90.77,-30.38,1.51));
#2689 = DIRECTION('',(-0.,0.,-1.));
#2690 = DIRECTION('',(-3.552713678801E-14,-1.,0.));
#2691 = FACE_BOUND('',#2692,.T.);
#2692 = EDGE_LOOP('',(#2693));
#2693 = ORIENTED_EDGE('',*,*,#2694,.T.);
#2694 = EDGE_CURVE('',#2695,#2695,#2697,.T.);
#2695 = VERTEX_POINT('',#2696);
#2696 = CARTESIAN_POINT('',(98.39,-30.78,1.51));
#2697 = CIRCLE('',#2698,0.4);
#2698 = AXIS2_PLACEMENT_3D('',#2699,#2700,#2701);
#2699 = CARTESIAN_POINT('',(98.39,-30.38,1.51));
#2700 = DIRECTION('',(-0.,0.,-1.));
#2701 = DIRECTION('',(-0.,-1.,0.));
#2702 = FACE_BOUND('',#2703,.T.);
#2703 = EDGE_LOOP('',(#2704,#2714,#2722,#2730));
#2704 = ORIENTED_EDGE('',*,*,#2705,.F.);
#2705 = EDGE_CURVE('',#2706,#2708,#2710,.T.);
#2706 = VERTEX_POINT('',#2707);
#2707 = CARTESIAN_POINT('',(90.36,-26.6,1.51));
#2708 = VERTEX_POINT('',#2709);
#2709 = CARTESIAN_POINT('',(98.8,-26.6,1.51));
#2710 = LINE('',#2711,#2712);
#2711 = CARTESIAN_POINT('',(90.36,-26.6,1.51));
#2712 = VECTOR('',#2713,1.);
#2713 = DIRECTION('',(1.,0.,0.));
#2714 = ORIENTED_EDGE('',*,*,#2715,.F.);
#2715 = EDGE_CURVE('',#2716,#2706,#2718,.T.);
#2716 = VERTEX_POINT('',#2717);
#2717 = CARTESIAN_POINT('',(90.36,-26.,1.51));
#2718 = LINE('',#2719,#2720);
#2719 = CARTESIAN_POINT('',(90.36,-26.,1.51));
#2720 = VECTOR('',#2721,1.);
#2721 = DIRECTION('',(0.,-1.,0.));
#2722 = ORIENTED_EDGE('',*,*,#2723,.F.);
#2723 = EDGE_CURVE('',#2724,#2716,#2726,.T.);
#2724 = VERTEX_POINT('',#2725);
#2725 = CARTESIAN_POINT('',(98.8,-26.,1.51));
#2726 = LINE('',#2727,#2728);
#2727 = CARTESIAN_POINT('',(98.8,-26.,1.51));
#2728 = VECTOR('',#2729,1.);
#2729 = DIRECTION('',(-1.,0.,0.));
#2730 = ORIENTED_EDGE('',*,*,#2731,.F.);
#2731 = EDGE_CURVE('',#2708,#2724,#2732,.T.);
#2732 = LINE('',#2733,#2734);
#2733 = CARTESIAN_POINT('',(98.8,-26.6,1.51));
#2734 = VECTOR('',#2735,1.);
#2735 = DIRECTION('',(0.,1.,0.));
#2736 = FACE_BOUND('',#2737,.T.);
#2737 = EDGE_LOOP('',(#2738,#2748,#2756,#2764));
#2738 = ORIENTED_EDGE('',*,*,#2739,.F.);
#2739 = EDGE_CURVE('',#2740,#2742,#2744,.T.);
#2740 = VERTEX_POINT('',#2741);
#2741 = CARTESIAN_POINT('',(105.6,-49.9,1.51));
#2742 = VERTEX_POINT('',#2743);
#2743 = CARTESIAN_POINT('',(114.04,-49.9,1.51));
#2744 = LINE('',#2745,#2746);
#2745 = CARTESIAN_POINT('',(105.6,-49.9,1.51));
#2746 = VECTOR('',#2747,1.);
#2747 = DIRECTION('',(1.,0.,0.));
#2748 = ORIENTED_EDGE('',*,*,#2749,.F.);
#2749 = EDGE_CURVE('',#2750,#2740,#2752,.T.);
#2750 = VERTEX_POINT('',#2751);
#2751 = CARTESIAN_POINT('',(105.6,-49.3,1.51));
#2752 = LINE('',#2753,#2754);
#2753 = CARTESIAN_POINT('',(105.6,-49.3,1.51));
#2754 = VECTOR('',#2755,1.);
#2755 = DIRECTION('',(0.,-1.,0.));
#2756 = ORIENTED_EDGE('',*,*,#2757,.F.);
#2757 = EDGE_CURVE('',#2758,#2750,#2760,.T.);
#2758 = VERTEX_POINT('',#2759);
#2759 = CARTESIAN_POINT('',(114.04,-49.3,1.51));
#2760 = LINE('',#2761,#2762);
#2761 = CARTESIAN_POINT('',(114.04,-49.3,1.51));
#2762 = VECTOR('',#2763,1.);
#2763 = DIRECTION('',(-1.,0.,0.));
#2764 = ORIENTED_EDGE('',*,*,#2765,.F.);
#2765 = EDGE_CURVE('',#2742,#2758,#2766,.T.);
#2766 = LINE('',#2767,#2768);
#2767 = CARTESIAN_POINT('',(114.04,-49.9,1.51));
#2768 = VECTOR('',#2769,1.);
#2769 = DIRECTION('',(0.,1.,0.));
#2770 = FACE_BOUND('',#2771,.T.);
#2771 = EDGE_LOOP('',(#2772));
#2772 = ORIENTED_EDGE('',*,*,#2773,.T.);
#2773 = EDGE_CURVE('',#2774,#2774,#2776,.T.);
#2774 = VERTEX_POINT('',#2775);
#2775 = CARTESIAN_POINT('',(106.01,-46.02,1.51));
#2776 = CIRCLE('',#2777,0.4);
#2777 = AXIS2_PLACEMENT_3D('',#2778,#2779,#2780);
#2778 = CARTESIAN_POINT('',(106.01,-45.62,1.51));
#2779 = DIRECTION('',(-0.,0.,-1.));
#2780 = DIRECTION('',(3.5527136788E-14,-1.,-0.));
#2781 = FACE_BOUND('',#2782,.T.);
#2782 = EDGE_LOOP('',(#2783));
#2783 = ORIENTED_EDGE('',*,*,#2784,.T.);
#2784 = EDGE_CURVE('',#2785,#2785,#2787,.T.);
#2785 = VERTEX_POINT('',#2786);
#2786 = CARTESIAN_POINT('',(113.63,-46.02,1.51));
#2787 = CIRCLE('',#2788,0.4);
#2788 = AXIS2_PLACEMENT_3D('',#2789,#2790,#2791);
#2789 = CARTESIAN_POINT('',(113.63,-45.62,1.51));
#2790 = DIRECTION('',(-0.,0.,-1.));
#2791 = DIRECTION('',(-0.,-1.,0.));
#2792 = FACE_BOUND('',#2793,.T.);
#2793 = EDGE_LOOP('',(#2794));
#2794 = ORIENTED_EDGE('',*,*,#2795,.T.);
#2795 = EDGE_CURVE('',#2796,#2796,#2798,.T.);
#2796 = VERTEX_POINT('',#2797);
#2797 = CARTESIAN_POINT('',(121.25,-46.02,1.51));
#2798 = CIRCLE('',#2799,0.4);
#2799 = AXIS2_PLACEMENT_3D('',#2800,#2801,#2802);
#2800 = CARTESIAN_POINT('',(121.25,-45.62,1.51));
#2801 = DIRECTION('',(-0.,0.,-1.));
#2802 = DIRECTION('',(-0.,-1.,0.));
#2803 = FACE_BOUND('',#2804,.T.);
#2804 = EDGE_LOOP('',(#2805));
#2805 = ORIENTED_EDGE('',*,*,#2806,.T.);
#2806 = EDGE_CURVE('',#2807,#2807,#2809,.T.);
#2807 = VERTEX_POINT('',#2808);
#2808 = CARTESIAN_POINT('',(128.87,-46.02,1.51));
#2809 = CIRCLE('',#2810,0.4);
#2810 = AXIS2_PLACEMENT_3D('',#2811,#2812,#2813);
#2811 = CARTESIAN_POINT('',(128.87,-45.62,1.51));
#2812 = DIRECTION('',(-0.,0.,-1.));
#2813 = DIRECTION('',(-0.,-1.,0.));
#2814 = FACE_BOUND('',#2815,.T.);
#2815 = EDGE_LOOP('',(#2816));
#2816 = ORIENTED_EDGE('',*,*,#2817,.T.);
#2817 = EDGE_CURVE('',#2818,#2818,#2820,.T.);
#2818 = VERTEX_POINT('',#2819);
#2819 = CARTESIAN_POINT('',(136.49,-46.02,1.51));
#2820 = CIRCLE('',#2821,0.4);
#2821 = AXIS2_PLACEMENT_3D('',#2822,#2823,#2824);
#2822 = CARTESIAN_POINT('',(136.49,-45.62,1.51));
#2823 = DIRECTION('',(-0.,0.,-1.));
#2824 = DIRECTION('',(-0.,-1.,0.));
#2825 = FACE_BOUND('',#2826,.T.);
#2826 = EDGE_LOOP('',(#2827,#2837,#2845,#2853));
#2827 = ORIENTED_EDGE('',*,*,#2828,.F.);
#2828 = EDGE_CURVE('',#2829,#2831,#2833,.T.);
#2829 = VERTEX_POINT('',#2830);
#2830 = CARTESIAN_POINT('',(136.08,-49.9,1.51));
#2831 = VERTEX_POINT('',#2832);
#2832 = CARTESIAN_POINT('',(144.52,-49.9,1.51));
#2833 = LINE('',#2834,#2835);
#2834 = CARTESIAN_POINT('',(136.08,-49.9,1.51));
#2835 = VECTOR('',#2836,1.);
#2836 = DIRECTION('',(1.,0.,0.));
#2837 = ORIENTED_EDGE('',*,*,#2838,.F.);
#2838 = EDGE_CURVE('',#2839,#2829,#2841,.T.);
#2839 = VERTEX_POINT('',#2840);
#2840 = CARTESIAN_POINT('',(136.08,-49.3,1.51));
#2841 = LINE('',#2842,#2843);
#2842 = CARTESIAN_POINT('',(136.08,-49.3,1.51));
#2843 = VECTOR('',#2844,1.);
#2844 = DIRECTION('',(0.,-1.,0.));
#2845 = ORIENTED_EDGE('',*,*,#2846,.F.);
#2846 = EDGE_CURVE('',#2847,#2839,#2849,.T.);
#2847 = VERTEX_POINT('',#2848);
#2848 = CARTESIAN_POINT('',(144.52,-49.3,1.51));
#2849 = LINE('',#2850,#2851);
#2850 = CARTESIAN_POINT('',(144.52,-49.3,1.51));
#2851 = VECTOR('',#2852,1.);
#2852 = DIRECTION('',(-1.,0.,0.));
#2853 = ORIENTED_EDGE('',*,*,#2854,.F.);
#2854 = EDGE_CURVE('',#2831,#2847,#2855,.T.);
#2855 = LINE('',#2856,#2857);
#2856 = CARTESIAN_POINT('',(144.52,-49.9,1.51));
#2857 = VECTOR('',#2858,1.);
#2858 = DIRECTION('',(0.,1.,0.));
#2859 = FACE_BOUND('',#2860,.T.);
#2860 = EDGE_LOOP('',(#2861));
#2861 = ORIENTED_EDGE('',*,*,#2862,.T.);
#2862 = EDGE_CURVE('',#2863,#2863,#2865,.T.);
#2863 = VERTEX_POINT('',#2864);
#2864 = CARTESIAN_POINT('',(144.11,-46.02,1.51));
#2865 = CIRCLE('',#2866,0.4);
#2866 = AXIS2_PLACEMENT_3D('',#2867,#2868,#2869);
#2867 = CARTESIAN_POINT('',(144.11,-45.62,1.51));
#2868 = DIRECTION('',(-0.,0.,-1.));
#2869 = DIRECTION('',(-0.,-1.,0.));
#2870 = FACE_BOUND('',#2871,.T.);
#2871 = EDGE_LOOP('',(#2872));
#2872 = ORIENTED_EDGE('',*,*,#2873,.T.);
#2873 = EDGE_CURVE('',#2874,#2874,#2876,.T.);
#2874 = VERTEX_POINT('',#2875);
#2875 = CARTESIAN_POINT('',(151.73,-46.02,1.51));
#2876 = CIRCLE('',#2877,0.4);
#2877 = AXIS2_PLACEMENT_3D('',#2878,#2879,#2880);
#2878 = CARTESIAN_POINT('',(151.73,-45.62,1.51));
#2879 = DIRECTION('',(-0.,0.,-1.));
#2880 = DIRECTION('',(-7.105427357601E-14,-1.,0.));
#2881 = FACE_BOUND('',#2882,.T.);
#2882 = EDGE_LOOP('',(#2883));
#2883 = ORIENTED_EDGE('',*,*,#2884,.T.);
#2884 = EDGE_CURVE('',#2885,#2885,#2887,.T.);
#2885 = VERTEX_POINT('',#2886);
#2886 = CARTESIAN_POINT('',(159.35,-46.02,1.51));
#2887 = CIRCLE('',#2888,0.4);
#2888 = AXIS2_PLACEMENT_3D('',#2889,#2890,#2891);
#2889 = CARTESIAN_POINT('',(159.35,-45.62,1.51));
#2890 = DIRECTION('',(-0.,0.,-1.));
#2891 = DIRECTION('',(-0.,-1.,0.));
#2892 = FACE_BOUND('',#2893,.T.);
#2893 = EDGE_LOOP('',(#2894,#2904,#2912,#2920));
#2894 = ORIENTED_EDGE('',*,*,#2895,.F.);
#2895 = EDGE_CURVE('',#2896,#2898,#2900,.T.);
#2896 = VERTEX_POINT('',#2897);
#2897 = CARTESIAN_POINT('',(166.56,-49.9,1.51));
#2898 = VERTEX_POINT('',#2899);
#2899 = CARTESIAN_POINT('',(175.,-49.9,1.51));
#2900 = LINE('',#2901,#2902);
#2901 = CARTESIAN_POINT('',(166.56,-49.9,1.51));
#2902 = VECTOR('',#2903,1.);
#2903 = DIRECTION('',(1.,0.,0.));
#2904 = ORIENTED_EDGE('',*,*,#2905,.F.);
#2905 = EDGE_CURVE('',#2906,#2896,#2908,.T.);
#2906 = VERTEX_POINT('',#2907);
#2907 = CARTESIAN_POINT('',(166.56,-49.3,1.51));
#2908 = LINE('',#2909,#2910);
#2909 = CARTESIAN_POINT('',(166.56,-49.3,1.51));
#2910 = VECTOR('',#2911,1.);
#2911 = DIRECTION('',(0.,-1.,0.));
#2912 = ORIENTED_EDGE('',*,*,#2913,.F.);
#2913 = EDGE_CURVE('',#2914,#2906,#2916,.T.);
#2914 = VERTEX_POINT('',#2915);
#2915 = CARTESIAN_POINT('',(175.,-49.3,1.51));
#2916 = LINE('',#2917,#2918);
#2917 = CARTESIAN_POINT('',(175.,-49.3,1.51));
#2918 = VECTOR('',#2919,1.);
#2919 = DIRECTION('',(-1.,0.,0.));
#2920 = ORIENTED_EDGE('',*,*,#2921,.F.);
#2921 = EDGE_CURVE('',#2898,#2914,#2922,.T.);
#2922 = LINE('',#2923,#2924);
#2923 = CARTESIAN_POINT('',(175.,-49.9,1.51));
#2924 = VECTOR('',#2925,1.);
#2925 = DIRECTION('',(0.,1.,0.));
#2926 = FACE_BOUND('',#2927,.T.);
#2927 = EDGE_LOOP('',(#2928));
#2928 = ORIENTED_EDGE('',*,*,#2929,.T.);
#2929 = EDGE_CURVE('',#2930,#2930,#2932,.T.);
#2930 = VERTEX_POINT('',#2931);
#2931 = CARTESIAN_POINT('',(166.97,-46.02,1.51));
#2932 = CIRCLE('',#2933,0.4);
#2933 = AXIS2_PLACEMENT_3D('',#2934,#2935,#2936);
#2934 = CARTESIAN_POINT('',(166.97,-45.62,1.51));
#2935 = DIRECTION('',(-0.,0.,-1.));
#2936 = DIRECTION('',(-0.,-1.,0.));
#2937 = FACE_BOUND('',#2938,.T.);
#2938 = EDGE_LOOP('',(#2939));
#2939 = ORIENTED_EDGE('',*,*,#2940,.T.);
#2940 = EDGE_CURVE('',#2941,#2941,#2943,.T.);
#2941 = VERTEX_POINT('',#2942);
#2942 = CARTESIAN_POINT('',(174.59,-46.02,1.51));
#2943 = CIRCLE('',#2944,0.4);
#2944 = AXIS2_PLACEMENT_3D('',#2945,#2946,#2947);
#2945 = CARTESIAN_POINT('',(174.59,-45.62,1.51));
#2946 = DIRECTION('',(-0.,0.,-1.));
#2947 = DIRECTION('',(-0.,-1.,0.));
#2948 = FACE_BOUND('',#2949,.T.);
#2949 = EDGE_LOOP('',(#2950));
#2950 = ORIENTED_EDGE('',*,*,#2951,.T.);
#2951 = EDGE_CURVE('',#2952,#2952,#2954,.T.);
#2952 = VERTEX_POINT('',#2953);
#2953 = CARTESIAN_POINT('',(193.,-53.35,1.51));
#2954 = CIRCLE('',#2955,1.35);
#2955 = AXIS2_PLACEMENT_3D('',#2956,#2957,#2958);
#2956 = CARTESIAN_POINT('',(193.,-52.,1.51));
#2957 = DIRECTION('',(-0.,0.,-1.));
#2958 = DIRECTION('',(-0.,-1.,0.));
#2959 = FACE_BOUND('',#2960,.T.);
#2960 = EDGE_LOOP('',(#2961));
#2961 = ORIENTED_EDGE('',*,*,#2962,.T.);
#2962 = EDGE_CURVE('',#2963,#2963,#2965,.T.);
#2963 = VERTEX_POINT('',#2964);
#2964 = CARTESIAN_POINT('',(182.21,-46.02,1.51));
#2965 = CIRCLE('',#2966,0.4);
#2966 = AXIS2_PLACEMENT_3D('',#2967,#2968,#2969);
#2967 = CARTESIAN_POINT('',(182.21,-45.62,1.51));
#2968 = DIRECTION('',(-0.,0.,-1.));
#2969 = DIRECTION('',(-0.,-1.,0.));
#2970 = FACE_BOUND('',#2971,.T.);
#2971 = EDGE_LOOP('',(#2972));
#2972 = ORIENTED_EDGE('',*,*,#2973,.T.);
#2973 = EDGE_CURVE('',#2974,#2974,#2976,.T.);
#2974 = VERTEX_POINT('',#2975);
#2975 = CARTESIAN_POINT('',(189.83,-46.02,1.51));
#2976 = CIRCLE('',#2977,0.4);
#2977 = AXIS2_PLACEMENT_3D('',#2978,#2979,#2980);
#2978 = CARTESIAN_POINT('',(189.83,-45.62,1.51));
#2979 = DIRECTION('',(-0.,0.,-1.));
#2980 = DIRECTION('',(7.105427357601E-14,-1.,-0.));
#2981 = FACE_BOUND('',#2982,.T.);
#2982 = EDGE_LOOP('',(#2983));
#2983 = ORIENTED_EDGE('',*,*,#2984,.T.);
#2984 = EDGE_CURVE('',#2985,#2985,#2987,.T.);
#2985 = VERTEX_POINT('',#2986);
#2986 = CARTESIAN_POINT('',(197.45,-46.02,1.51));
#2987 = CIRCLE('',#2988,0.4);
#2988 = AXIS2_PLACEMENT_3D('',#2989,#2990,#2991);
#2989 = CARTESIAN_POINT('',(197.45,-45.62,1.51));
#2990 = DIRECTION('',(-0.,0.,-1.));
#2991 = DIRECTION('',(-0.,-1.,0.));
#2992 = FACE_BOUND('',#2993,.T.);
#2993 = EDGE_LOOP('',(#2994));
#2994 = ORIENTED_EDGE('',*,*,#2995,.T.);
#2995 = EDGE_CURVE('',#2996,#2996,#2998,.T.);
#2996 = VERTEX_POINT('',#2997);
#2997 = CARTESIAN_POINT('',(106.01,-30.78,1.51));
#2998 = CIRCLE('',#2999,0.4);
#2999 = AXIS2_PLACEMENT_3D('',#3000,#3001,#3002);
#3000 = CARTESIAN_POINT('',(106.01,-30.38,1.51));
#3001 = DIRECTION('',(-0.,0.,-1.));
#3002 = DIRECTION('',(3.5527136788E-14,-1.,-0.));
#3003 = FACE_BOUND('',#3004,.T.);
#3004 = EDGE_LOOP('',(#3005));
#3005 = ORIENTED_EDGE('',*,*,#3006,.T.);
#3006 = EDGE_CURVE('',#3007,#3007,#3009,.T.);
#3007 = VERTEX_POINT('',#3008);
#3008 = CARTESIAN_POINT('',(113.63,-30.78,1.51));
#3009 = CIRCLE('',#3010,0.4);
#3010 = AXIS2_PLACEMENT_3D('',#3011,#3012,#3013);
#3011 = CARTESIAN_POINT('',(113.63,-30.38,1.51));
#3012 = DIRECTION('',(-0.,0.,-1.));
#3013 = DIRECTION('',(-0.,-1.,0.));
#3014 = FACE_BOUND('',#3015,.T.);
#3015 = EDGE_LOOP('',(#3016));
#3016 = ORIENTED_EDGE('',*,*,#3017,.T.);
#3017 = EDGE_CURVE('',#3018,#3018,#3020,.T.);
#3018 = VERTEX_POINT('',#3019);
#3019 = CARTESIAN_POINT('',(121.25,-30.78,1.51));
#3020 = CIRCLE('',#3021,0.4);
#3021 = AXIS2_PLACEMENT_3D('',#3022,#3023,#3024);
#3022 = CARTESIAN_POINT('',(121.25,-30.38,1.51));
#3023 = DIRECTION('',(-0.,0.,-1.));
#3024 = DIRECTION('',(-0.,-1.,0.));
#3025 = FACE_BOUND('',#3026,.T.);
#3026 = EDGE_LOOP('',(#3027,#3037,#3045,#3053));
#3027 = ORIENTED_EDGE('',*,*,#3028,.F.);
#3028 = EDGE_CURVE('',#3029,#3031,#3033,.T.);
#3029 = VERTEX_POINT('',#3030);
#3030 = CARTESIAN_POINT('',(120.84,-26.6,1.51));
#3031 = VERTEX_POINT('',#3032);
#3032 = CARTESIAN_POINT('',(129.28,-26.6,1.51));
#3033 = LINE('',#3034,#3035);
#3034 = CARTESIAN_POINT('',(120.84,-26.6,1.51));
#3035 = VECTOR('',#3036,1.);
#3036 = DIRECTION('',(1.,0.,0.));
#3037 = ORIENTED_EDGE('',*,*,#3038,.F.);
#3038 = EDGE_CURVE('',#3039,#3029,#3041,.T.);
#3039 = VERTEX_POINT('',#3040);
#3040 = CARTESIAN_POINT('',(120.84,-26.,1.51));
#3041 = LINE('',#3042,#3043);
#3042 = CARTESIAN_POINT('',(120.84,-26.,1.51));
#3043 = VECTOR('',#3044,1.);
#3044 = DIRECTION('',(0.,-1.,0.));
#3045 = ORIENTED_EDGE('',*,*,#3046,.F.);
#3046 = EDGE_CURVE('',#3047,#3039,#3049,.T.);
#3047 = VERTEX_POINT('',#3048);
#3048 = CARTESIAN_POINT('',(129.28,-26.,1.51));
#3049 = LINE('',#3050,#3051);
#3050 = CARTESIAN_POINT('',(129.28,-26.,1.51));
#3051 = VECTOR('',#3052,1.);
#3052 = DIRECTION('',(-1.,0.,0.));
#3053 = ORIENTED_EDGE('',*,*,#3054,.F.);
#3054 = EDGE_CURVE('',#3031,#3047,#3055,.T.);
#3055 = LINE('',#3056,#3057);
#3056 = CARTESIAN_POINT('',(129.28,-26.6,1.51));
#3057 = VECTOR('',#3058,1.);
#3058 = DIRECTION('',(0.,1.,0.));
#3059 = FACE_BOUND('',#3060,.T.);
#3060 = EDGE_LOOP('',(#3061));
#3061 = ORIENTED_EDGE('',*,*,#3062,.T.);
#3062 = EDGE_CURVE('',#3063,#3063,#3065,.T.);
#3063 = VERTEX_POINT('',#3064);
#3064 = CARTESIAN_POINT('',(128.87,-30.78,1.51));
#3065 = CIRCLE('',#3066,0.4);
#3066 = AXIS2_PLACEMENT_3D('',#3067,#3068,#3069);
#3067 = CARTESIAN_POINT('',(128.87,-30.38,1.51));
#3068 = DIRECTION('',(-0.,0.,-1.));
#3069 = DIRECTION('',(-0.,-1.,0.));
#3070 = FACE_BOUND('',#3071,.T.);
#3071 = EDGE_LOOP('',(#3072));
#3072 = ORIENTED_EDGE('',*,*,#3073,.T.);
#3073 = EDGE_CURVE('',#3074,#3074,#3076,.T.);
#3074 = VERTEX_POINT('',#3075);
#3075 = CARTESIAN_POINT('',(136.49,-30.78,1.51));
#3076 = CIRCLE('',#3077,0.4);
#3077 = AXIS2_PLACEMENT_3D('',#3078,#3079,#3080);
#3078 = CARTESIAN_POINT('',(136.49,-30.38,1.51));
#3079 = DIRECTION('',(-0.,0.,-1.));
#3080 = DIRECTION('',(-0.,-1.,0.));
#3081 = FACE_BOUND('',#3082,.T.);
#3082 = EDGE_LOOP('',(#3083));
#3083 = ORIENTED_EDGE('',*,*,#3084,.T.);
#3084 = EDGE_CURVE('',#3085,#3085,#3087,.T.);
#3085 = VERTEX_POINT('',#3086);
#3086 = CARTESIAN_POINT('',(144.11,-30.78,1.51));
#3087 = CIRCLE('',#3088,0.4);
#3088 = AXIS2_PLACEMENT_3D('',#3089,#3090,#3091);
#3089 = CARTESIAN_POINT('',(144.11,-30.38,1.51));
#3090 = DIRECTION('',(-0.,0.,-1.));
#3091 = DIRECTION('',(-0.,-1.,0.));
#3092 = FACE_BOUND('',#3093,.T.);
#3093 = EDGE_LOOP('',(#3094));
#3094 = ORIENTED_EDGE('',*,*,#3095,.T.);
#3095 = EDGE_CURVE('',#3096,#3096,#3098,.T.);
#3096 = VERTEX_POINT('',#3097);
#3097 = CARTESIAN_POINT('',(151.73,-30.78,1.51));
#3098 = CIRCLE('',#3099,0.4);
#3099 = AXIS2_PLACEMENT_3D('',#3100,#3101,#3102);
#3100 = CARTESIAN_POINT('',(151.73,-30.38,1.51));
#3101 = DIRECTION('',(-0.,0.,-1.));
#3102 = DIRECTION('',(-7.105427357601E-14,-1.,0.));
#3103 = FACE_BOUND('',#3104,.T.);
#3104 = EDGE_LOOP('',(#3105));
#3105 = ORIENTED_EDGE('',*,*,#3106,.T.);
#3106 = EDGE_CURVE('',#3107,#3107,#3109,.T.);
#3107 = VERTEX_POINT('',#3108);
#3108 = CARTESIAN_POINT('',(159.35,-30.78,1.51));
#3109 = CIRCLE('',#3110,0.4);
#3110 = AXIS2_PLACEMENT_3D('',#3111,#3112,#3113);
#3111 = CARTESIAN_POINT('',(159.35,-30.38,1.51));
#3112 = DIRECTION('',(-0.,0.,-1.));
#3113 = DIRECTION('',(-0.,-1.,0.));
#3114 = FACE_BOUND('',#3115,.T.);
#3115 = EDGE_LOOP('',(#3116));
#3116 = ORIENTED_EDGE('',*,*,#3117,.T.);
#3117 = EDGE_CURVE('',#3118,#3118,#3120,.T.);
#3118 = VERTEX_POINT('',#3119);
#3119 = CARTESIAN_POINT('',(166.97,-30.78,1.51));
#3120 = CIRCLE('',#3121,0.4);
#3121 = AXIS2_PLACEMENT_3D('',#3122,#3123,#3124);
#3122 = CARTESIAN_POINT('',(166.97,-30.38,1.51));
#3123 = DIRECTION('',(-0.,0.,-1.));
#3124 = DIRECTION('',(-0.,-1.,0.));
#3125 = FACE_BOUND('',#3126,.T.);
#3126 = EDGE_LOOP('',(#3127));
#3127 = ORIENTED_EDGE('',*,*,#3128,.T.);
#3128 = EDGE_CURVE('',#3129,#3129,#3131,.T.);
#3129 = VERTEX_POINT('',#3130);
#3130 = CARTESIAN_POINT('',(174.59,-30.78,1.51));
#3131 = CIRCLE('',#3132,0.4);
#3132 = AXIS2_PLACEMENT_3D('',#3133,#3134,#3135);
#3133 = CARTESIAN_POINT('',(174.59,-30.38,1.51));
#3134 = DIRECTION('',(-0.,0.,-1.));
#3135 = DIRECTION('',(-0.,-1.,0.));
#3136 = FACE_BOUND('',#3137,.T.);
#3137 = EDGE_LOOP('',(#3138,#3148,#3156,#3164));
#3138 = ORIENTED_EDGE('',*,*,#3139,.F.);
#3139 = EDGE_CURVE('',#3140,#3142,#3144,.T.);
#3140 = VERTEX_POINT('',#3141);
#3141 = CARTESIAN_POINT('',(151.32,-26.6,1.51));
#3142 = VERTEX_POINT('',#3143);
#3143 = CARTESIAN_POINT('',(159.76,-26.6,1.51));
#3144 = LINE('',#3145,#3146);
#3145 = CARTESIAN_POINT('',(151.32,-26.6,1.51));
#3146 = VECTOR('',#3147,1.);
#3147 = DIRECTION('',(1.,0.,0.));
#3148 = ORIENTED_EDGE('',*,*,#3149,.F.);
#3149 = EDGE_CURVE('',#3150,#3140,#3152,.T.);
#3150 = VERTEX_POINT('',#3151);
#3151 = CARTESIAN_POINT('',(151.32,-26.,1.51));
#3152 = LINE('',#3153,#3154);
#3153 = CARTESIAN_POINT('',(151.32,-26.,1.51));
#3154 = VECTOR('',#3155,1.);
#3155 = DIRECTION('',(0.,-1.,0.));
#3156 = ORIENTED_EDGE('',*,*,#3157,.F.);
#3157 = EDGE_CURVE('',#3158,#3150,#3160,.T.);
#3158 = VERTEX_POINT('',#3159);
#3159 = CARTESIAN_POINT('',(159.76,-26.,1.51));
#3160 = LINE('',#3161,#3162);
#3161 = CARTESIAN_POINT('',(159.76,-26.,1.51));
#3162 = VECTOR('',#3163,1.);
#3163 = DIRECTION('',(-1.,0.,0.));
#3164 = ORIENTED_EDGE('',*,*,#3165,.F.);
#3165 = EDGE_CURVE('',#3142,#3158,#3166,.T.);
#3166 = LINE('',#3167,#3168);
#3167 = CARTESIAN_POINT('',(159.76,-26.6,1.51));
#3168 = VECTOR('',#3169,1.);
#3169 = DIRECTION('',(0.,1.,0.));
#3170 = FACE_BOUND('',#3171,.T.);
#3171 = EDGE_LOOP('',(#3172));
#3172 = ORIENTED_EDGE('',*,*,#3173,.T.);
#3173 = EDGE_CURVE('',#3174,#3174,#3176,.T.);
#3174 = VERTEX_POINT('',#3175);
#3175 = CARTESIAN_POINT('',(182.21,-30.78,1.51));
#3176 = CIRCLE('',#3177,0.4);
#3177 = AXIS2_PLACEMENT_3D('',#3178,#3179,#3180);
#3178 = CARTESIAN_POINT('',(182.21,-30.38,1.51));
#3179 = DIRECTION('',(-0.,0.,-1.));
#3180 = DIRECTION('',(-0.,-1.,0.));
#3181 = FACE_BOUND('',#3182,.T.);
#3182 = EDGE_LOOP('',(#3183));
#3183 = ORIENTED_EDGE('',*,*,#3184,.T.);
#3184 = EDGE_CURVE('',#3185,#3185,#3187,.T.);
#3185 = VERTEX_POINT('',#3186);
#3186 = CARTESIAN_POINT('',(189.83,-30.78,1.51));
#3187 = CIRCLE('',#3188,0.4);
#3188 = AXIS2_PLACEMENT_3D('',#3189,#3190,#3191);
#3189 = CARTESIAN_POINT('',(189.83,-30.38,1.51));
#3190 = DIRECTION('',(-0.,0.,-1.));
#3191 = DIRECTION('',(7.105427357601E-14,-1.,-0.));
#3192 = FACE_BOUND('',#3193,.T.);
#3193 = EDGE_LOOP('',(#3194));
#3194 = ORIENTED_EDGE('',*,*,#3195,.T.);
#3195 = EDGE_CURVE('',#3196,#3196,#3198,.T.);
#3196 = VERTEX_POINT('',#3197);
#3197 = CARTESIAN_POINT('',(197.45,-30.78,1.51));
#3198 = CIRCLE('',#3199,0.4);
#3199 = AXIS2_PLACEMENT_3D('',#3200,#3201,#3202);
#3200 = CARTESIAN_POINT('',(197.45,-30.38,1.51));
#3201 = DIRECTION('',(-0.,0.,-1.));
#3202 = DIRECTION('',(-0.,-1.,0.));
#3203 = FACE_BOUND('',#3204,.T.);
#3204 = EDGE_LOOP('',(#3205,#3215,#3223,#3231));
#3205 = ORIENTED_EDGE('',*,*,#3206,.F.);
#3206 = EDGE_CURVE('',#3207,#3209,#3211,.T.);
#3207 = VERTEX_POINT('',#3208);
#3208 = CARTESIAN_POINT('',(181.8,-26.6,1.51));
#3209 = VERTEX_POINT('',#3210);
#3210 = CARTESIAN_POINT('',(190.24,-26.6,1.51));
#3211 = LINE('',#3212,#3213);
#3212 = CARTESIAN_POINT('',(181.8,-26.6,1.51));
#3213 = VECTOR('',#3214,1.);
#3214 = DIRECTION('',(1.,0.,0.));
#3215 = ORIENTED_EDGE('',*,*,#3216,.F.);
#3216 = EDGE_CURVE('',#3217,#3207,#3219,.T.);
#3217 = VERTEX_POINT('',#3218);
#3218 = CARTESIAN_POINT('',(181.8,-26.,1.51));
#3219 = LINE('',#3220,#3221);
#3220 = CARTESIAN_POINT('',(181.8,-26.,1.51));
#3221 = VECTOR('',#3222,1.);
#3222 = DIRECTION('',(0.,-1.,0.));
#3223 = ORIENTED_EDGE('',*,*,#3224,.F.);
#3224 = EDGE_CURVE('',#3225,#3217,#3227,.T.);
#3225 = VERTEX_POINT('',#3226);
#3226 = CARTESIAN_POINT('',(190.24,-26.,1.51));
#3227 = LINE('',#3228,#3229);
#3228 = CARTESIAN_POINT('',(190.24,-26.,1.51));
#3229 = VECTOR('',#3230,1.);
#3230 = DIRECTION('',(-1.,0.,0.));
#3231 = ORIENTED_EDGE('',*,*,#3232,.F.);
#3232 = EDGE_CURVE('',#3209,#3225,#3233,.T.);
#3233 = LINE('',#3234,#3235);
#3234 = CARTESIAN_POINT('',(190.24,-26.6,1.51));
#3235 = VECTOR('',#3236,1.);
#3236 = DIRECTION('',(0.,1.,0.));
#3237 = FACE_BOUND('',#3238,.T.);
#3238 = EDGE_LOOP('',(#3239));
#3239 = ORIENTED_EDGE('',*,*,#3240,.T.);
#3240 = EDGE_CURVE('',#3241,#3241,#3243,.T.);
#3241 = VERTEX_POINT('',#3242);
#3242 = CARTESIAN_POINT('',(194.,-15.35,1.51));
#3243 = CIRCLE('',#3244,1.35);
#3244 = AXIS2_PLACEMENT_3D('',#3245,#3246,#3247);
#3245 = CARTESIAN_POINT('',(194.,-14.,1.51));
#3246 = DIRECTION('',(-0.,0.,-1.));
#3247 = DIRECTION('',(-0.,-1.,0.));
#3248 = PLANE('',#3249);
#3249 = AXIS2_PLACEMENT_3D('',#3250,#3251,#3252);
#3250 = CARTESIAN_POINT('',(0.,0.,1.51));
#3251 = DIRECTION('',(0.,0.,1.));
#3252 = DIRECTION('',(1.,0.,-0.));
#3253 = ADVANCED_FACE('',(#3254),#3260,.T.);
#3254 = FACE_BOUND('',#3255,.T.);
#3255 = EDGE_LOOP('',(#3256,#3257,#3258,#3259));
#3256 = ORIENTED_EDGE('',*,*,#119,.T.);
#3257 = ORIENTED_EDGE('',*,*,#1701,.T.);
#3258 = ORIENTED_EDGE('',*,*,#79,.F.);
#3259 = ORIENTED_EDGE('',*,*,#143,.F.);
#3260 = PLANE('',#3261);
#3261 = AXIS2_PLACEMENT_3D('',#3262,#3263,#3264);
#3262 = CARTESIAN_POINT('',(12.,-10.,0.));
#3263 = DIRECTION('',(0.,1.,0.));
#3264 = DIRECTION('',(1.,0.,0.));
#3265 = ADVANCED_FACE('',(#3266),#3277,.F.);
#3266 = FACE_BOUND('',#3267,.T.);
#3267 = EDGE_LOOP('',(#3268,#3269,#3275,#3276));
#3268 = ORIENTED_EDGE('',*,*,#152,.T.);
#3269 = ORIENTED_EDGE('',*,*,#3270,.T.);
#3270 = EDGE_CURVE('',#153,#1711,#3271,.T.);
#3271 = LINE('',#3272,#3273);
#3272 = CARTESIAN_POINT('',(17.,-91.35,-4.6E-02));
#3273 = VECTOR('',#3274,1.);
#3274 = DIRECTION('',(0.,0.,1.));
#3275 = ORIENTED_EDGE('',*,*,#1710,.F.);
#3276 = ORIENTED_EDGE('',*,*,#3270,.F.);
#3277 = CYLINDRICAL_SURFACE('',#3278,1.35);
#3278 = AXIS2_PLACEMENT_3D('',#3279,#3280,#3281);
#3279 = CARTESIAN_POINT('',(17.,-90.,-4.6E-02));
#3280 = DIRECTION('',(-0.,-0.,-1.));
#3281 = DIRECTION('',(-0.,-1.,0.));
#3282 = ADVANCED_FACE('',(#3283),#3294,.F.);
#3283 = FACE_BOUND('',#3284,.T.);
#3284 = EDGE_LOOP('',(#3285,#3286,#3292,#3293));
#3285 = ORIENTED_EDGE('',*,*,#163,.T.);
#3286 = ORIENTED_EDGE('',*,*,#3287,.T.);
#3287 = EDGE_CURVE('',#164,#1722,#3288,.T.);
#3288 = LINE('',#3289,#3290);
#3289 = CARTESIAN_POINT('',(70.04,-96.885,-4.6E-02));
#3290 = VECTOR('',#3291,1.);
#3291 = DIRECTION('',(0.,0.,1.));
#3292 = ORIENTED_EDGE('',*,*,#1721,.F.);
#3293 = ORIENTED_EDGE('',*,*,#3287,.F.);
#3294 = CYLINDRICAL_SURFACE('',#3295,0.885);
#3295 = AXIS2_PLACEMENT_3D('',#3296,#3297,#3298);
#3296 = CARTESIAN_POINT('',(70.04,-96.,-4.6E-02));
#3297 = DIRECTION('',(-0.,0.,-1.));
#3298 = DIRECTION('',(1.605746295503E-14,-1.,-0.));
#3299 = ADVANCED_FACE('',(#3300),#3311,.F.);
#3300 = FACE_BOUND('',#3301,.T.);
#3301 = EDGE_LOOP('',(#3302,#3303,#3309,#3310));
#3302 = ORIENTED_EDGE('',*,*,#174,.T.);
#3303 = ORIENTED_EDGE('',*,*,#3304,.T.);
#3304 = EDGE_CURVE('',#175,#1733,#3305,.T.);
#3305 = LINE('',#3306,#3307);
#3306 = CARTESIAN_POINT('',(77.96,-96.885,-4.6E-02));
#3307 = VECTOR('',#3308,1.);
#3308 = DIRECTION('',(0.,0.,1.));
#3309 = ORIENTED_EDGE('',*,*,#1732,.F.);
#3310 = ORIENTED_EDGE('',*,*,#3304,.F.);
#3311 = CYLINDRICAL_SURFACE('',#3312,0.885);
#3312 = AXIS2_PLACEMENT_3D('',#3313,#3314,#3315);
#3313 = CARTESIAN_POINT('',(77.96,-96.,-4.6E-02));
#3314 = DIRECTION('',(-0.,-0.,-1.));
#3315 = DIRECTION('',(-1.605746295503E-14,-1.,0.));
#3316 = ADVANCED_FACE('',(#3317),#3328,.F.);
#3317 = FACE_BOUND('',#3318,.T.);
#3318 = EDGE_LOOP('',(#3319,#3320,#3326,#3327));
#3319 = ORIENTED_EDGE('',*,*,#185,.T.);
#3320 = ORIENTED_EDGE('',*,*,#3321,.T.);
#3321 = EDGE_CURVE('',#186,#1744,#3322,.T.);
#3322 = LINE('',#3323,#3324);
#3323 = CARTESIAN_POINT('',(66.15,-90.085,-4.6E-02));
#3324 = VECTOR('',#3325,1.);
#3325 = DIRECTION('',(0.,0.,1.));
#3326 = ORIENTED_EDGE('',*,*,#1743,.F.);
#3327 = ORIENTED_EDGE('',*,*,#3321,.F.);
#3328 = CYLINDRICAL_SURFACE('',#3329,0.885);
#3329 = AXIS2_PLACEMENT_3D('',#3330,#3331,#3332);
#3330 = CARTESIAN_POINT('',(66.15,-89.2,-4.6E-02));
#3331 = DIRECTION('',(-0.,-0.,-1.));
#3332 = DIRECTION('',(-0.,-1.,0.));
#3333 = ADVANCED_FACE('',(#3334),#3345,.F.);
#3334 = FACE_BOUND('',#3335,.T.);
#3335 = EDGE_LOOP('',(#3336,#3337,#3343,#3344));
#3336 = ORIENTED_EDGE('',*,*,#196,.T.);
#3337 = ORIENTED_EDGE('',*,*,#3338,.T.);
#3338 = EDGE_CURVE('',#197,#1755,#3339,.T.);
#3339 = LINE('',#3340,#3341);
#3340 = CARTESIAN_POINT('',(81.85,-90.085,-4.6E-02));
#3341 = VECTOR('',#3342,1.);
#3342 = DIRECTION('',(0.,0.,1.));
#3343 = ORIENTED_EDGE('',*,*,#1754,.F.);
#3344 = ORIENTED_EDGE('',*,*,#3338,.F.);
#3345 = CYLINDRICAL_SURFACE('',#3346,0.885);
#3346 = AXIS2_PLACEMENT_3D('',#3347,#3348,#3349);
#3347 = CARTESIAN_POINT('',(81.85,-89.2,-4.6E-02));
#3348 = DIRECTION('',(-0.,-0.,-1.));
#3349 = DIRECTION('',(-0.,-1.,0.));
#3350 = ADVANCED_FACE('',(#3351),#3362,.F.);
#3351 = FACE_BOUND('',#3352,.T.);
#3352 = EDGE_LOOP('',(#3353,#3354,#3360,#3361));
#3353 = ORIENTED_EDGE('',*,*,#207,.T.);
#3354 = ORIENTED_EDGE('',*,*,#3355,.T.);
#3355 = EDGE_CURVE('',#208,#1766,#3356,.T.);
#3356 = LINE('',#3357,#3358);
#3357 = CARTESIAN_POINT('',(94.,-98.04,-4.6E-02));
#3358 = VECTOR('',#3359,1.);
#3359 = DIRECTION('',(0.,0.,1.));
#3360 = ORIENTED_EDGE('',*,*,#1765,.F.);
#3361 = ORIENTED_EDGE('',*,*,#3355,.F.);
#3362 = CYLINDRICAL_SURFACE('',#3363,0.5);
#3363 = AXIS2_PLACEMENT_3D('',#3364,#3365,#3366);
#3364 = CARTESIAN_POINT('',(94.,-97.54,-4.6E-02));
#3365 = DIRECTION('',(-0.,-0.,-1.));
#3366 = DIRECTION('',(-0.,-1.,0.));
#3367 = ADVANCED_FACE('',(#3368),#3379,.F.);
#3368 = FACE_BOUND('',#3369,.T.);
#3369 = EDGE_LOOP('',(#3370,#3371,#3377,#3378));
#3370 = ORIENTED_EDGE('',*,*,#218,.T.);
#3371 = ORIENTED_EDGE('',*,*,#3372,.T.);
#3372 = EDGE_CURVE('',#219,#1777,#3373,.T.);
#3373 = LINE('',#3374,#3375);
#3374 = CARTESIAN_POINT('',(96.54,-98.04,-4.6E-02));
#3375 = VECTOR('',#3376,1.);
#3376 = DIRECTION('',(0.,0.,1.));
#3377 = ORIENTED_EDGE('',*,*,#1776,.F.);
#3378 = ORIENTED_EDGE('',*,*,#3372,.F.);
#3379 = CYLINDRICAL_SURFACE('',#3380,0.5);
#3380 = AXIS2_PLACEMENT_3D('',#3381,#3382,#3383);
#3381 = CARTESIAN_POINT('',(96.54,-97.54,-4.6E-02));
#3382 = DIRECTION('',(-0.,-0.,-1.));
#3383 = DIRECTION('',(-0.,-1.,0.));
#3384 = ADVANCED_FACE('',(#3385),#3396,.F.);
#3385 = FACE_BOUND('',#3386,.T.);
#3386 = EDGE_LOOP('',(#3387,#3388,#3394,#3395));
#3387 = ORIENTED_EDGE('',*,*,#229,.T.);
#3388 = ORIENTED_EDGE('',*,*,#3389,.T.);
#3389 = EDGE_CURVE('',#230,#1788,#3390,.T.);
#3390 = LINE('',#3391,#3392);
#3391 = CARTESIAN_POINT('',(99.08,-98.04,-4.6E-02));
#3392 = VECTOR('',#3393,1.);
#3393 = DIRECTION('',(0.,0.,1.));
#3394 = ORIENTED_EDGE('',*,*,#1787,.F.);
#3395 = ORIENTED_EDGE('',*,*,#3389,.F.);
#3396 = CYLINDRICAL_SURFACE('',#3397,0.5);
#3397 = AXIS2_PLACEMENT_3D('',#3398,#3399,#3400);
#3398 = CARTESIAN_POINT('',(99.08,-97.54,-4.6E-02));
#3399 = DIRECTION('',(-0.,-0.,-1.));
#3400 = DIRECTION('',(-0.,-1.,0.));
#3401 = ADVANCED_FACE('',(#3402),#3413,.F.);
#3402 = FACE_BOUND('',#3403,.T.);
#3403 = EDGE_LOOP('',(#3404,#3405,#3411,#3412));
#3404 = ORIENTED_EDGE('',*,*,#240,.T.);
#3405 = ORIENTED_EDGE('',*,*,#3406,.T.);
#3406 = EDGE_CURVE('',#241,#1799,#3407,.T.);
#3407 = LINE('',#3408,#3409);
#3408 = CARTESIAN_POINT('',(101.62,-98.04,-4.6E-02));
#3409 = VECTOR('',#3410,1.);
#3410 = DIRECTION('',(0.,0.,1.));
#3411 = ORIENTED_EDGE('',*,*,#1798,.F.);
#3412 = ORIENTED_EDGE('',*,*,#3406,.F.);
#3413 = CYLINDRICAL_SURFACE('',#3414,0.5);
#3414 = AXIS2_PLACEMENT_3D('',#3415,#3416,#3417);
#3415 = CARTESIAN_POINT('',(101.62,-97.54,-4.6E-02));
#3416 = DIRECTION('',(-0.,-0.,-1.));
#3417 = DIRECTION('',(-0.,-1.,0.));
#3418 = ADVANCED_FACE('',(#3419),#3430,.F.);
#3419 = FACE_BOUND('',#3420,.T.);
#3420 = EDGE_LOOP('',(#3421,#3422,#3428,#3429));
#3421 = ORIENTED_EDGE('',*,*,#251,.T.);
#3422 = ORIENTED_EDGE('',*,*,#3423,.T.);
#3423 = EDGE_CURVE('',#252,#1810,#3424,.T.);
#3424 = LINE('',#3425,#3426);
#3425 = CARTESIAN_POINT('',(104.16,-98.04,-4.6E-02));
#3426 = VECTOR('',#3427,1.);
#3427 = DIRECTION('',(0.,0.,1.));
#3428 = ORIENTED_EDGE('',*,*,#1809,.F.);
#3429 = ORIENTED_EDGE('',*,*,#3423,.F.);
#3430 = CYLINDRICAL_SURFACE('',#3431,0.5);
#3431 = AXIS2_PLACEMENT_3D('',#3432,#3433,#3434);
#3432 = CARTESIAN_POINT('',(104.16,-97.54,-4.6E-02));
#3433 = DIRECTION('',(-0.,-0.,-1.));
#3434 = DIRECTION('',(-0.,-1.,0.));
#3435 = ADVANCED_FACE('',(#3436),#3447,.F.);
#3436 = FACE_BOUND('',#3437,.T.);
#3437 = EDGE_LOOP('',(#3438,#3439,#3445,#3446));
#3438 = ORIENTED_EDGE('',*,*,#262,.T.);
#3439 = ORIENTED_EDGE('',*,*,#3440,.T.);
#3440 = EDGE_CURVE('',#263,#1821,#3441,.T.);
#3441 = LINE('',#3442,#3443);
#3442 = CARTESIAN_POINT('',(94.,-95.5,-4.6E-02));
#3443 = VECTOR('',#3444,1.);
#3444 = DIRECTION('',(0.,0.,1.));
#3445 = ORIENTED_EDGE('',*,*,#1820,.F.);
#3446 = ORIENTED_EDGE('',*,*,#3440,.F.);
#3447 = CYLINDRICAL_SURFACE('',#3448,0.5);
#3448 = AXIS2_PLACEMENT_3D('',#3449,#3450,#3451);
#3449 = CARTESIAN_POINT('',(94.,-95.,-4.6E-02));
#3450 = DIRECTION('',(-0.,-0.,-1.));
#3451 = DIRECTION('',(-0.,-1.,0.));
#3452 = ADVANCED_FACE('',(#3453),#3464,.F.);
#3453 = FACE_BOUND('',#3454,.T.);
#3454 = EDGE_LOOP('',(#3455,#3456,#3462,#3463));
#3455 = ORIENTED_EDGE('',*,*,#273,.T.);
#3456 = ORIENTED_EDGE('',*,*,#3457,.T.);
#3457 = EDGE_CURVE('',#274,#1832,#3458,.T.);
#3458 = LINE('',#3459,#3460);
#3459 = CARTESIAN_POINT('',(96.54,-95.5,-4.6E-02));
#3460 = VECTOR('',#3461,1.);
#3461 = DIRECTION('',(0.,0.,1.));
#3462 = ORIENTED_EDGE('',*,*,#1831,.F.);
#3463 = ORIENTED_EDGE('',*,*,#3457,.F.);
#3464 = CYLINDRICAL_SURFACE('',#3465,0.5);
#3465 = AXIS2_PLACEMENT_3D('',#3466,#3467,#3468);
#3466 = CARTESIAN_POINT('',(96.54,-95.,-4.6E-02));
#3467 = DIRECTION('',(-0.,-0.,-1.));
#3468 = DIRECTION('',(-0.,-1.,0.));
#3469 = ADVANCED_FACE('',(#3470),#3481,.F.);
#3470 = FACE_BOUND('',#3471,.T.);
#3471 = EDGE_LOOP('',(#3472,#3473,#3479,#3480));
#3472 = ORIENTED_EDGE('',*,*,#284,.T.);
#3473 = ORIENTED_EDGE('',*,*,#3474,.T.);
#3474 = EDGE_CURVE('',#285,#1843,#3475,.T.);
#3475 = LINE('',#3476,#3477);
#3476 = CARTESIAN_POINT('',(99.08,-95.5,-4.6E-02));
#3477 = VECTOR('',#3478,1.);
#3478 = DIRECTION('',(0.,0.,1.));
#3479 = ORIENTED_EDGE('',*,*,#1842,.F.);
#3480 = ORIENTED_EDGE('',*,*,#3474,.F.);
#3481 = CYLINDRICAL_SURFACE('',#3482,0.5);
#3482 = AXIS2_PLACEMENT_3D('',#3483,#3484,#3485);
#3483 = CARTESIAN_POINT('',(99.08,-95.,-4.6E-02));
#3484 = DIRECTION('',(-0.,-0.,-1.));
#3485 = DIRECTION('',(-0.,-1.,0.));
#3486 = ADVANCED_FACE('',(#3487),#3498,.F.);
#3487 = FACE_BOUND('',#3488,.T.);
#3488 = EDGE_LOOP('',(#3489,#3490,#3496,#3497));
#3489 = ORIENTED_EDGE('',*,*,#295,.T.);
#3490 = ORIENTED_EDGE('',*,*,#3491,.T.);
#3491 = EDGE_CURVE('',#296,#1854,#3492,.T.);
#3492 = LINE('',#3493,#3494);
#3493 = CARTESIAN_POINT('',(101.62,-95.5,-4.6E-02));
#3494 = VECTOR('',#3495,1.);
#3495 = DIRECTION('',(0.,0.,1.));
#3496 = ORIENTED_EDGE('',*,*,#1853,.F.);
#3497 = ORIENTED_EDGE('',*,*,#3491,.F.);
#3498 = CYLINDRICAL_SURFACE('',#3499,0.5);
#3499 = AXIS2_PLACEMENT_3D('',#3500,#3501,#3502);
#3500 = CARTESIAN_POINT('',(101.62,-95.,-4.6E-02));
#3501 = DIRECTION('',(-0.,-0.,-1.));
#3502 = DIRECTION('',(-0.,-1.,0.));
#3503 = ADVANCED_FACE('',(#3504),#3515,.F.);
#3504 = FACE_BOUND('',#3505,.T.);
#3505 = EDGE_LOOP('',(#3506,#3507,#3513,#3514));
#3506 = ORIENTED_EDGE('',*,*,#306,.T.);
#3507 = ORIENTED_EDGE('',*,*,#3508,.T.);
#3508 = EDGE_CURVE('',#307,#1865,#3509,.T.);
#3509 = LINE('',#3510,#3511);
#3510 = CARTESIAN_POINT('',(104.16,-95.5,-4.6E-02));
#3511 = VECTOR('',#3512,1.);
#3512 = DIRECTION('',(0.,0.,1.));
#3513 = ORIENTED_EDGE('',*,*,#1864,.F.);
#3514 = ORIENTED_EDGE('',*,*,#3508,.F.);
#3515 = CYLINDRICAL_SURFACE('',#3516,0.5);
#3516 = AXIS2_PLACEMENT_3D('',#3517,#3518,#3519);
#3517 = CARTESIAN_POINT('',(104.16,-95.,-4.6E-02));
#3518 = DIRECTION('',(-0.,-0.,-1.));
#3519 = DIRECTION('',(-0.,-1.,0.));
#3520 = ADVANCED_FACE('',(#3521),#3532,.F.);
#3521 = FACE_BOUND('',#3522,.T.);
#3522 = EDGE_LOOP('',(#3523,#3524,#3530,#3531));
#3523 = ORIENTED_EDGE('',*,*,#317,.T.);
#3524 = ORIENTED_EDGE('',*,*,#3525,.T.);
#3525 = EDGE_CURVE('',#318,#1876,#3526,.T.);
#3526 = LINE('',#3527,#3528);
#3527 = CARTESIAN_POINT('',(106.7,-98.04,-4.6E-02));
#3528 = VECTOR('',#3529,1.);
#3529 = DIRECTION('',(0.,0.,1.));
#3530 = ORIENTED_EDGE('',*,*,#1875,.F.);
#3531 = ORIENTED_EDGE('',*,*,#3525,.F.);
#3532 = CYLINDRICAL_SURFACE('',#3533,0.5);
#3533 = AXIS2_PLACEMENT_3D('',#3534,#3535,#3536);
#3534 = CARTESIAN_POINT('',(106.7,-97.54,-4.6E-02));
#3535 = DIRECTION('',(-0.,-0.,-1.));
#3536 = DIRECTION('',(-0.,-1.,0.));
#3537 = ADVANCED_FACE('',(#3538),#3549,.F.);
#3538 = FACE_BOUND('',#3539,.T.);
#3539 = EDGE_LOOP('',(#3540,#3541,#3547,#3548));
#3540 = ORIENTED_EDGE('',*,*,#328,.T.);
#3541 = ORIENTED_EDGE('',*,*,#3542,.T.);
#3542 = EDGE_CURVE('',#329,#1887,#3543,.T.);
#3543 = LINE('',#3544,#3545);
#3544 = CARTESIAN_POINT('',(109.24,-98.04,-4.6E-02));
#3545 = VECTOR('',#3546,1.);
#3546 = DIRECTION('',(0.,0.,1.));
#3547 = ORIENTED_EDGE('',*,*,#1886,.F.);
#3548 = ORIENTED_EDGE('',*,*,#3542,.F.);
#3549 = CYLINDRICAL_SURFACE('',#3550,0.5);
#3550 = AXIS2_PLACEMENT_3D('',#3551,#3552,#3553);
#3551 = CARTESIAN_POINT('',(109.24,-97.54,-4.6E-02));
#3552 = DIRECTION('',(-0.,-0.,-1.));
#3553 = DIRECTION('',(-0.,-1.,0.));
#3554 = ADVANCED_FACE('',(#3555),#3566,.F.);
#3555 = FACE_BOUND('',#3556,.T.);
#3556 = EDGE_LOOP('',(#3557,#3558,#3564,#3565));
#3557 = ORIENTED_EDGE('',*,*,#339,.T.);
#3558 = ORIENTED_EDGE('',*,*,#3559,.T.);
#3559 = EDGE_CURVE('',#340,#1898,#3560,.T.);
#3560 = LINE('',#3561,#3562);
#3561 = CARTESIAN_POINT('',(111.78,-98.04,-4.6E-02));
#3562 = VECTOR('',#3563,1.);
#3563 = DIRECTION('',(0.,0.,1.));
#3564 = ORIENTED_EDGE('',*,*,#1897,.F.);
#3565 = ORIENTED_EDGE('',*,*,#3559,.F.);
#3566 = CYLINDRICAL_SURFACE('',#3567,0.5);
#3567 = AXIS2_PLACEMENT_3D('',#3568,#3569,#3570);
#3568 = CARTESIAN_POINT('',(111.78,-97.54,-4.6E-02));
#3569 = DIRECTION('',(-0.,-0.,-1.));
#3570 = DIRECTION('',(-0.,-1.,0.));
#3571 = ADVANCED_FACE('',(#3572),#3583,.F.);
#3572 = FACE_BOUND('',#3573,.T.);
#3573 = EDGE_LOOP('',(#3574,#3575,#3581,#3582));
#3574 = ORIENTED_EDGE('',*,*,#350,.T.);
#3575 = ORIENTED_EDGE('',*,*,#3576,.T.);
#3576 = EDGE_CURVE('',#351,#1909,#3577,.T.);
#3577 = LINE('',#3578,#3579);
#3578 = CARTESIAN_POINT('',(114.32,-98.04,-4.6E-02));
#3579 = VECTOR('',#3580,1.);
#3580 = DIRECTION('',(0.,0.,1.));
#3581 = ORIENTED_EDGE('',*,*,#1908,.F.);
#3582 = ORIENTED_EDGE('',*,*,#3576,.F.);
#3583 = CYLINDRICAL_SURFACE('',#3584,0.5);
#3584 = AXIS2_PLACEMENT_3D('',#3585,#3586,#3587);
#3585 = CARTESIAN_POINT('',(114.32,-97.54,-4.6E-02));
#3586 = DIRECTION('',(-0.,-0.,-1.));
#3587 = DIRECTION('',(-0.,-1.,0.));
#3588 = ADVANCED_FACE('',(#3589),#3600,.F.);
#3589 = FACE_BOUND('',#3590,.T.);
#3590 = EDGE_LOOP('',(#3591,#3592,#3598,#3599));
#3591 = ORIENTED_EDGE('',*,*,#361,.T.);
#3592 = ORIENTED_EDGE('',*,*,#3593,.T.);
#3593 = EDGE_CURVE('',#362,#1920,#3594,.T.);
#3594 = LINE('',#3595,#3596);
#3595 = CARTESIAN_POINT('',(116.86,-98.04,-4.6E-02));
#3596 = VECTOR('',#3597,1.);
#3597 = DIRECTION('',(0.,0.,1.));
#3598 = ORIENTED_EDGE('',*,*,#1919,.F.);
#3599 = ORIENTED_EDGE('',*,*,#3593,.F.);
#3600 = CYLINDRICAL_SURFACE('',#3601,0.5);
#3601 = AXIS2_PLACEMENT_3D('',#3602,#3603,#3604);
#3602 = CARTESIAN_POINT('',(116.86,-97.54,-4.6E-02));
#3603 = DIRECTION('',(-0.,-0.,-1.));
#3604 = DIRECTION('',(-0.,-1.,0.));
#3605 = ADVANCED_FACE('',(#3606),#3617,.F.);
#3606 = FACE_BOUND('',#3607,.T.);
#3607 = EDGE_LOOP('',(#3608,#3609,#3615,#3616));
#3608 = ORIENTED_EDGE('',*,*,#372,.T.);
#3609 = ORIENTED_EDGE('',*,*,#3610,.T.);
#3610 = EDGE_CURVE('',#373,#1931,#3611,.T.);
#3611 = LINE('',#3612,#3613);
#3612 = CARTESIAN_POINT('',(106.7,-95.5,-4.6E-02));
#3613 = VECTOR('',#3614,1.);
#3614 = DIRECTION('',(0.,0.,1.));
#3615 = ORIENTED_EDGE('',*,*,#1930,.F.);
#3616 = ORIENTED_EDGE('',*,*,#3610,.F.);
#3617 = CYLINDRICAL_SURFACE('',#3618,0.5);
#3618 = AXIS2_PLACEMENT_3D('',#3619,#3620,#3621);
#3619 = CARTESIAN_POINT('',(106.7,-95.,-4.6E-02));
#3620 = DIRECTION('',(-0.,-0.,-1.));
#3621 = DIRECTION('',(-0.,-1.,0.));
#3622 = ADVANCED_FACE('',(#3623),#3634,.F.);
#3623 = FACE_BOUND('',#3624,.T.);
#3624 = EDGE_LOOP('',(#3625,#3626,#3632,#3633));
#3625 = ORIENTED_EDGE('',*,*,#383,.T.);
#3626 = ORIENTED_EDGE('',*,*,#3627,.T.);
#3627 = EDGE_CURVE('',#384,#1942,#3628,.T.);
#3628 = LINE('',#3629,#3630);
#3629 = CARTESIAN_POINT('',(109.24,-95.5,-4.6E-02));
#3630 = VECTOR('',#3631,1.);
#3631 = DIRECTION('',(0.,0.,1.));
#3632 = ORIENTED_EDGE('',*,*,#1941,.F.);
#3633 = ORIENTED_EDGE('',*,*,#3627,.F.);
#3634 = CYLINDRICAL_SURFACE('',#3635,0.5);
#3635 = AXIS2_PLACEMENT_3D('',#3636,#3637,#3638);
#3636 = CARTESIAN_POINT('',(109.24,-95.,-4.6E-02));
#3637 = DIRECTION('',(-0.,-0.,-1.));
#3638 = DIRECTION('',(-0.,-1.,0.));
#3639 = ADVANCED_FACE('',(#3640),#3651,.F.);
#3640 = FACE_BOUND('',#3641,.T.);
#3641 = EDGE_LOOP('',(#3642,#3643,#3649,#3650));
#3642 = ORIENTED_EDGE('',*,*,#394,.T.);
#3643 = ORIENTED_EDGE('',*,*,#3644,.T.);
#3644 = EDGE_CURVE('',#395,#1953,#3645,.T.);
#3645 = LINE('',#3646,#3647);
#3646 = CARTESIAN_POINT('',(111.78,-95.5,-4.6E-02));
#3647 = VECTOR('',#3648,1.);
#3648 = DIRECTION('',(0.,0.,1.));
#3649 = ORIENTED_EDGE('',*,*,#1952,.F.);
#3650 = ORIENTED_EDGE('',*,*,#3644,.F.);
#3651 = CYLINDRICAL_SURFACE('',#3652,0.5);
#3652 = AXIS2_PLACEMENT_3D('',#3653,#3654,#3655);
#3653 = CARTESIAN_POINT('',(111.78,-95.,-4.6E-02));
#3654 = DIRECTION('',(-0.,-0.,-1.));
#3655 = DIRECTION('',(-0.,-1.,0.));
#3656 = ADVANCED_FACE('',(#3657),#3668,.F.);
#3657 = FACE_BOUND('',#3658,.T.);
#3658 = EDGE_LOOP('',(#3659,#3660,#3666,#3667));
#3659 = ORIENTED_EDGE('',*,*,#405,.T.);
#3660 = ORIENTED_EDGE('',*,*,#3661,.T.);
#3661 = EDGE_CURVE('',#406,#1964,#3662,.T.);
#3662 = LINE('',#3663,#3664);
#3663 = CARTESIAN_POINT('',(114.32,-95.5,-4.6E-02));
#3664 = VECTOR('',#3665,1.);
#3665 = DIRECTION('',(0.,0.,1.));
#3666 = ORIENTED_EDGE('',*,*,#1963,.F.);
#3667 = ORIENTED_EDGE('',*,*,#3661,.F.);
#3668 = CYLINDRICAL_SURFACE('',#3669,0.5);
#3669 = AXIS2_PLACEMENT_3D('',#3670,#3671,#3672);
#3670 = CARTESIAN_POINT('',(114.32,-95.,-4.6E-02));
#3671 = DIRECTION('',(-0.,-0.,-1.));
#3672 = DIRECTION('',(-0.,-1.,0.));
#3673 = ADVANCED_FACE('',(#3674),#3685,.F.);
#3674 = FACE_BOUND('',#3675,.T.);
#3675 = EDGE_LOOP('',(#3676,#3677,#3683,#3684));
#3676 = ORIENTED_EDGE('',*,*,#416,.T.);
#3677 = ORIENTED_EDGE('',*,*,#3678,.T.);
#3678 = EDGE_CURVE('',#417,#1975,#3679,.T.);
#3679 = LINE('',#3680,#3681);
#3680 = CARTESIAN_POINT('',(116.86,-95.5,-4.6E-02));
#3681 = VECTOR('',#3682,1.);
#3682 = DIRECTION('',(0.,0.,1.));
#3683 = ORIENTED_EDGE('',*,*,#1974,.F.);
#3684 = ORIENTED_EDGE('',*,*,#3678,.F.);
#3685 = CYLINDRICAL_SURFACE('',#3686,0.5);
#3686 = AXIS2_PLACEMENT_3D('',#3687,#3688,#3689);
#3687 = CARTESIAN_POINT('',(116.86,-95.,-4.6E-02));
#3688 = DIRECTION('',(-0.,-0.,-1.));
#3689 = DIRECTION('',(-0.,-1.,0.));
#3690 = ADVANCED_FACE('',(#3691),#3702,.F.);
#3691 = FACE_BOUND('',#3692,.T.);
#3692 = EDGE_LOOP('',(#3693,#3694,#3700,#3701));
#3693 = ORIENTED_EDGE('',*,*,#427,.T.);
#3694 = ORIENTED_EDGE('',*,*,#3695,.T.);
#3695 = EDGE_CURVE('',#428,#1986,#3696,.T.);
#3696 = LINE('',#3697,#3698);
#3697 = CARTESIAN_POINT('',(119.4,-98.04,-4.6E-02));
#3698 = VECTOR('',#3699,1.);
#3699 = DIRECTION('',(0.,0.,1.));
#3700 = ORIENTED_EDGE('',*,*,#1985,.F.);
#3701 = ORIENTED_EDGE('',*,*,#3695,.F.);
#3702 = CYLINDRICAL_SURFACE('',#3703,0.5);
#3703 = AXIS2_PLACEMENT_3D('',#3704,#3705,#3706);
#3704 = CARTESIAN_POINT('',(119.4,-97.54,-4.6E-02));
#3705 = DIRECTION('',(-0.,-0.,-1.));
#3706 = DIRECTION('',(-0.,-1.,0.));
#3707 = ADVANCED_FACE('',(#3708),#3719,.F.);
#3708 = FACE_BOUND('',#3709,.T.);
#3709 = EDGE_LOOP('',(#3710,#3711,#3717,#3718));
#3710 = ORIENTED_EDGE('',*,*,#438,.T.);
#3711 = ORIENTED_EDGE('',*,*,#3712,.T.);
#3712 = EDGE_CURVE('',#439,#1997,#3713,.T.);
#3713 = LINE('',#3714,#3715);
#3714 = CARTESIAN_POINT('',(121.94,-98.04,-4.6E-02));
#3715 = VECTOR('',#3716,1.);
#3716 = DIRECTION('',(0.,0.,1.));
#3717 = ORIENTED_EDGE('',*,*,#1996,.F.);
#3718 = ORIENTED_EDGE('',*,*,#3712,.F.);
#3719 = CYLINDRICAL_SURFACE('',#3720,0.5);
#3720 = AXIS2_PLACEMENT_3D('',#3721,#3722,#3723);
#3721 = CARTESIAN_POINT('',(121.94,-97.54,-4.6E-02));
#3722 = DIRECTION('',(-0.,-0.,-1.));
#3723 = DIRECTION('',(-0.,-1.,0.));
#3724 = ADVANCED_FACE('',(#3725),#3736,.F.);
#3725 = FACE_BOUND('',#3726,.T.);
#3726 = EDGE_LOOP('',(#3727,#3728,#3734,#3735));
#3727 = ORIENTED_EDGE('',*,*,#449,.T.);
#3728 = ORIENTED_EDGE('',*,*,#3729,.T.);
#3729 = EDGE_CURVE('',#450,#2008,#3730,.T.);
#3730 = LINE('',#3731,#3732);
#3731 = CARTESIAN_POINT('',(124.48,-98.04,-4.6E-02));
#3732 = VECTOR('',#3733,1.);
#3733 = DIRECTION('',(0.,0.,1.));
#3734 = ORIENTED_EDGE('',*,*,#2007,.F.);
#3735 = ORIENTED_EDGE('',*,*,#3729,.F.);
#3736 = CYLINDRICAL_SURFACE('',#3737,0.5);
#3737 = AXIS2_PLACEMENT_3D('',#3738,#3739,#3740);
#3738 = CARTESIAN_POINT('',(124.48,-97.54,-4.6E-02));
#3739 = DIRECTION('',(-0.,-0.,-1.));
#3740 = DIRECTION('',(-0.,-1.,0.));
#3741 = ADVANCED_FACE('',(#3742),#3753,.F.);
#3742 = FACE_BOUND('',#3743,.T.);
#3743 = EDGE_LOOP('',(#3744,#3745,#3751,#3752));
#3744 = ORIENTED_EDGE('',*,*,#460,.T.);
#3745 = ORIENTED_EDGE('',*,*,#3746,.T.);
#3746 = EDGE_CURVE('',#461,#2019,#3747,.T.);
#3747 = LINE('',#3748,#3749);
#3748 = CARTESIAN_POINT('',(127.02,-98.04,-4.6E-02));
#3749 = VECTOR('',#3750,1.);
#3750 = DIRECTION('',(0.,0.,1.));
#3751 = ORIENTED_EDGE('',*,*,#2018,.F.);
#3752 = ORIENTED_EDGE('',*,*,#3746,.F.);
#3753 = CYLINDRICAL_SURFACE('',#3754,0.5);
#3754 = AXIS2_PLACEMENT_3D('',#3755,#3756,#3757);
#3755 = CARTESIAN_POINT('',(127.02,-97.54,-4.6E-02));
#3756 = DIRECTION('',(-0.,-0.,-1.));
#3757 = DIRECTION('',(-0.,-1.,0.));
#3758 = ADVANCED_FACE('',(#3759),#3770,.F.);
#3759 = FACE_BOUND('',#3760,.T.);
#3760 = EDGE_LOOP('',(#3761,#3762,#3768,#3769));
#3761 = ORIENTED_EDGE('',*,*,#471,.T.);
#3762 = ORIENTED_EDGE('',*,*,#3763,.T.);
#3763 = EDGE_CURVE('',#472,#2030,#3764,.T.);
#3764 = LINE('',#3765,#3766);
#3765 = CARTESIAN_POINT('',(119.4,-95.5,-4.6E-02));
#3766 = VECTOR('',#3767,1.);
#3767 = DIRECTION('',(0.,0.,1.));
#3768 = ORIENTED_EDGE('',*,*,#2029,.F.);
#3769 = ORIENTED_EDGE('',*,*,#3763,.F.);
#3770 = CYLINDRICAL_SURFACE('',#3771,0.5);
#3771 = AXIS2_PLACEMENT_3D('',#3772,#3773,#3774);
#3772 = CARTESIAN_POINT('',(119.4,-95.,-4.6E-02));
#3773 = DIRECTION('',(-0.,-0.,-1.));
#3774 = DIRECTION('',(-0.,-1.,0.));
#3775 = ADVANCED_FACE('',(#3776),#3787,.F.);
#3776 = FACE_BOUND('',#3777,.T.);
#3777 = EDGE_LOOP('',(#3778,#3779,#3785,#3786));
#3778 = ORIENTED_EDGE('',*,*,#482,.T.);
#3779 = ORIENTED_EDGE('',*,*,#3780,.T.);
#3780 = EDGE_CURVE('',#483,#2041,#3781,.T.);
#3781 = LINE('',#3782,#3783);
#3782 = CARTESIAN_POINT('',(121.94,-95.5,-4.6E-02));
#3783 = VECTOR('',#3784,1.);
#3784 = DIRECTION('',(0.,0.,1.));
#3785 = ORIENTED_EDGE('',*,*,#2040,.F.);
#3786 = ORIENTED_EDGE('',*,*,#3780,.F.);
#3787 = CYLINDRICAL_SURFACE('',#3788,0.5);
#3788 = AXIS2_PLACEMENT_3D('',#3789,#3790,#3791);
#3789 = CARTESIAN_POINT('',(121.94,-95.,-4.6E-02));
#3790 = DIRECTION('',(-0.,-0.,-1.));
#3791 = DIRECTION('',(-0.,-1.,0.));
#3792 = ADVANCED_FACE('',(#3793),#3804,.F.);
#3793 = FACE_BOUND('',#3794,.T.);
#3794 = EDGE_LOOP('',(#3795,#3796,#3802,#3803));
#3795 = ORIENTED_EDGE('',*,*,#493,.T.);
#3796 = ORIENTED_EDGE('',*,*,#3797,.T.);
#3797 = EDGE_CURVE('',#494,#2052,#3798,.T.);
#3798 = LINE('',#3799,#3800);
#3799 = CARTESIAN_POINT('',(124.48,-95.5,-4.6E-02));
#3800 = VECTOR('',#3801,1.);
#3801 = DIRECTION('',(0.,0.,1.));
#3802 = ORIENTED_EDGE('',*,*,#2051,.F.);
#3803 = ORIENTED_EDGE('',*,*,#3797,.F.);
#3804 = CYLINDRICAL_SURFACE('',#3805,0.5);
#3805 = AXIS2_PLACEMENT_3D('',#3806,#3807,#3808);
#3806 = CARTESIAN_POINT('',(124.48,-95.,-4.6E-02));
#3807 = DIRECTION('',(-0.,-0.,-1.));
#3808 = DIRECTION('',(-0.,-1.,0.));
#3809 = ADVANCED_FACE('',(#3810),#3821,.F.);
#3810 = FACE_BOUND('',#3811,.T.);
#3811 = EDGE_LOOP('',(#3812,#3813,#3819,#3820));
#3812 = ORIENTED_EDGE('',*,*,#504,.T.);
#3813 = ORIENTED_EDGE('',*,*,#3814,.T.);
#3814 = EDGE_CURVE('',#505,#2063,#3815,.T.);
#3815 = LINE('',#3816,#3817);
#3816 = CARTESIAN_POINT('',(127.02,-95.5,-4.6E-02));
#3817 = VECTOR('',#3818,1.);
#3818 = DIRECTION('',(0.,0.,1.));
#3819 = ORIENTED_EDGE('',*,*,#2062,.F.);
#3820 = ORIENTED_EDGE('',*,*,#3814,.F.);
#3821 = CYLINDRICAL_SURFACE('',#3822,0.5);
#3822 = AXIS2_PLACEMENT_3D('',#3823,#3824,#3825);
#3823 = CARTESIAN_POINT('',(127.02,-95.,-4.6E-02));
#3824 = DIRECTION('',(-0.,-0.,-1.));
#3825 = DIRECTION('',(-0.,-1.,0.));
#3826 = ADVANCED_FACE('',(#3827),#3838,.F.);
#3827 = FACE_BOUND('',#3828,.T.);
#3828 = EDGE_LOOP('',(#3829,#3830,#3836,#3837));
#3829 = ORIENTED_EDGE('',*,*,#515,.T.);
#3830 = ORIENTED_EDGE('',*,*,#3831,.T.);
#3831 = EDGE_CURVE('',#516,#2074,#3832,.T.);
#3832 = LINE('',#3833,#3834);
#3833 = CARTESIAN_POINT('',(129.56,-98.04,-4.6E-02));
#3834 = VECTOR('',#3835,1.);
#3835 = DIRECTION('',(0.,0.,1.));
#3836 = ORIENTED_EDGE('',*,*,#2073,.F.);
#3837 = ORIENTED_EDGE('',*,*,#3831,.F.);
#3838 = CYLINDRICAL_SURFACE('',#3839,0.5);
#3839 = AXIS2_PLACEMENT_3D('',#3840,#3841,#3842);
#3840 = CARTESIAN_POINT('',(129.56,-97.54,-4.6E-02));
#3841 = DIRECTION('',(-0.,-0.,-1.));
#3842 = DIRECTION('',(-0.,-1.,0.));
#3843 = ADVANCED_FACE('',(#3844),#3855,.F.);
#3844 = FACE_BOUND('',#3845,.T.);
#3845 = EDGE_LOOP('',(#3846,#3847,#3853,#3854));
#3846 = ORIENTED_EDGE('',*,*,#526,.T.);
#3847 = ORIENTED_EDGE('',*,*,#3848,.T.);
#3848 = EDGE_CURVE('',#527,#2085,#3849,.T.);
#3849 = LINE('',#3850,#3851);
#3850 = CARTESIAN_POINT('',(132.1,-98.04,-4.6E-02));
#3851 = VECTOR('',#3852,1.);
#3852 = DIRECTION('',(0.,0.,1.));
#3853 = ORIENTED_EDGE('',*,*,#2084,.F.);
#3854 = ORIENTED_EDGE('',*,*,#3848,.F.);
#3855 = CYLINDRICAL_SURFACE('',#3856,0.5);
#3856 = AXIS2_PLACEMENT_3D('',#3857,#3858,#3859);
#3857 = CARTESIAN_POINT('',(132.1,-97.54,-4.6E-02));
#3858 = DIRECTION('',(-0.,-0.,-1.));
#3859 = DIRECTION('',(-0.,-1.,0.));
#3860 = ADVANCED_FACE('',(#3861),#3872,.F.);
#3861 = FACE_BOUND('',#3862,.T.);
#3862 = EDGE_LOOP('',(#3863,#3864,#3870,#3871));
#3863 = ORIENTED_EDGE('',*,*,#537,.T.);
#3864 = ORIENTED_EDGE('',*,*,#3865,.T.);
#3865 = EDGE_CURVE('',#538,#2096,#3866,.T.);
#3866 = LINE('',#3867,#3868);
#3867 = CARTESIAN_POINT('',(134.64,-98.04,-4.6E-02));
#3868 = VECTOR('',#3869,1.);
#3869 = DIRECTION('',(0.,0.,1.));
#3870 = ORIENTED_EDGE('',*,*,#2095,.F.);
#3871 = ORIENTED_EDGE('',*,*,#3865,.F.);
#3872 = CYLINDRICAL_SURFACE('',#3873,0.5);
#3873 = AXIS2_PLACEMENT_3D('',#3874,#3875,#3876);
#3874 = CARTESIAN_POINT('',(134.64,-97.54,-4.6E-02));
#3875 = DIRECTION('',(-0.,-0.,-1.));
#3876 = DIRECTION('',(-0.,-1.,0.));
#3877 = ADVANCED_FACE('',(#3878),#3889,.F.);
#3878 = FACE_BOUND('',#3879,.T.);
#3879 = EDGE_LOOP('',(#3880,#3881,#3887,#3888));
#3880 = ORIENTED_EDGE('',*,*,#548,.T.);
#3881 = ORIENTED_EDGE('',*,*,#3882,.T.);
#3882 = EDGE_CURVE('',#549,#2107,#3883,.T.);
#3883 = LINE('',#3884,#3885);
#3884 = CARTESIAN_POINT('',(137.18,-98.04,-4.6E-02));
#3885 = VECTOR('',#3886,1.);
#3886 = DIRECTION('',(0.,0.,1.));
#3887 = ORIENTED_EDGE('',*,*,#2106,.F.);
#3888 = ORIENTED_EDGE('',*,*,#3882,.F.);
#3889 = CYLINDRICAL_SURFACE('',#3890,0.5);
#3890 = AXIS2_PLACEMENT_3D('',#3891,#3892,#3893);
#3891 = CARTESIAN_POINT('',(137.18,-97.54,-4.6E-02));
#3892 = DIRECTION('',(-0.,-0.,-1.));
#3893 = DIRECTION('',(-0.,-1.,0.));
#3894 = ADVANCED_FACE('',(#3895),#3906,.F.);
#3895 = FACE_BOUND('',#3896,.T.);
#3896 = EDGE_LOOP('',(#3897,#3898,#3904,#3905));
#3897 = ORIENTED_EDGE('',*,*,#559,.T.);
#3898 = ORIENTED_EDGE('',*,*,#3899,.T.);
#3899 = EDGE_CURVE('',#560,#2118,#3900,.T.);
#3900 = LINE('',#3901,#3902);
#3901 = CARTESIAN_POINT('',(139.72,-98.04,-4.6E-02));
#3902 = VECTOR('',#3903,1.);
#3903 = DIRECTION('',(0.,0.,1.));
#3904 = ORIENTED_EDGE('',*,*,#2117,.F.);
#3905 = ORIENTED_EDGE('',*,*,#3899,.F.);
#3906 = CYLINDRICAL_SURFACE('',#3907,0.5);
#3907 = AXIS2_PLACEMENT_3D('',#3908,#3909,#3910);
#3908 = CARTESIAN_POINT('',(139.72,-97.54,-4.6E-02));
#3909 = DIRECTION('',(-0.,-0.,-1.));
#3910 = DIRECTION('',(-0.,-1.,0.));
#3911 = ADVANCED_FACE('',(#3912),#3923,.F.);
#3912 = FACE_BOUND('',#3913,.T.);
#3913 = EDGE_LOOP('',(#3914,#3915,#3921,#3922));
#3914 = ORIENTED_EDGE('',*,*,#570,.T.);
#3915 = ORIENTED_EDGE('',*,*,#3916,.T.);
#3916 = EDGE_CURVE('',#571,#2129,#3917,.T.);
#3917 = LINE('',#3918,#3919);
#3918 = CARTESIAN_POINT('',(129.56,-95.5,-4.6E-02));
#3919 = VECTOR('',#3920,1.);
#3920 = DIRECTION('',(0.,0.,1.));
#3921 = ORIENTED_EDGE('',*,*,#2128,.F.);
#3922 = ORIENTED_EDGE('',*,*,#3916,.F.);
#3923 = CYLINDRICAL_SURFACE('',#3924,0.5);
#3924 = AXIS2_PLACEMENT_3D('',#3925,#3926,#3927);
#3925 = CARTESIAN_POINT('',(129.56,-95.,-4.6E-02));
#3926 = DIRECTION('',(-0.,-0.,-1.));
#3927 = DIRECTION('',(-0.,-1.,0.));
#3928 = ADVANCED_FACE('',(#3929),#3940,.F.);
#3929 = FACE_BOUND('',#3930,.T.);
#3930 = EDGE_LOOP('',(#3931,#3932,#3938,#3939));
#3931 = ORIENTED_EDGE('',*,*,#581,.T.);
#3932 = ORIENTED_EDGE('',*,*,#3933,.T.);
#3933 = EDGE_CURVE('',#582,#2140,#3934,.T.);
#3934 = LINE('',#3935,#3936);
#3935 = CARTESIAN_POINT('',(132.1,-95.5,-4.6E-02));
#3936 = VECTOR('',#3937,1.);
#3937 = DIRECTION('',(0.,0.,1.));
#3938 = ORIENTED_EDGE('',*,*,#2139,.F.);
#3939 = ORIENTED_EDGE('',*,*,#3933,.F.);
#3940 = CYLINDRICAL_SURFACE('',#3941,0.5);
#3941 = AXIS2_PLACEMENT_3D('',#3942,#3943,#3944);
#3942 = CARTESIAN_POINT('',(132.1,-95.,-4.6E-02));
#3943 = DIRECTION('',(-0.,-0.,-1.));
#3944 = DIRECTION('',(-0.,-1.,0.));
#3945 = ADVANCED_FACE('',(#3946),#3957,.F.);
#3946 = FACE_BOUND('',#3947,.T.);
#3947 = EDGE_LOOP('',(#3948,#3949,#3955,#3956));
#3948 = ORIENTED_EDGE('',*,*,#592,.T.);
#3949 = ORIENTED_EDGE('',*,*,#3950,.T.);
#3950 = EDGE_CURVE('',#593,#2151,#3951,.T.);
#3951 = LINE('',#3952,#3953);
#3952 = CARTESIAN_POINT('',(134.64,-95.5,-4.6E-02));
#3953 = VECTOR('',#3954,1.);
#3954 = DIRECTION('',(0.,0.,1.));
#3955 = ORIENTED_EDGE('',*,*,#2150,.F.);
#3956 = ORIENTED_EDGE('',*,*,#3950,.F.);
#3957 = CYLINDRICAL_SURFACE('',#3958,0.5);
#3958 = AXIS2_PLACEMENT_3D('',#3959,#3960,#3961);
#3959 = CARTESIAN_POINT('',(134.64,-95.,-4.6E-02));
#3960 = DIRECTION('',(-0.,-0.,-1.));
#3961 = DIRECTION('',(-0.,-1.,0.));
#3962 = ADVANCED_FACE('',(#3963),#3974,.F.);
#3963 = FACE_BOUND('',#3964,.T.);
#3964 = EDGE_LOOP('',(#3965,#3966,#3972,#3973));
#3965 = ORIENTED_EDGE('',*,*,#603,.T.);
#3966 = ORIENTED_EDGE('',*,*,#3967,.T.);
#3967 = EDGE_CURVE('',#604,#2162,#3968,.T.);
#3968 = LINE('',#3969,#3970);
#3969 = CARTESIAN_POINT('',(137.18,-95.5,-4.6E-02));
#3970 = VECTOR('',#3971,1.);
#3971 = DIRECTION('',(0.,0.,1.));
#3972 = ORIENTED_EDGE('',*,*,#2161,.F.);
#3973 = ORIENTED_EDGE('',*,*,#3967,.F.);
#3974 = CYLINDRICAL_SURFACE('',#3975,0.5);
#3975 = AXIS2_PLACEMENT_3D('',#3976,#3977,#3978);
#3976 = CARTESIAN_POINT('',(137.18,-95.,-4.6E-02));
#3977 = DIRECTION('',(-0.,-0.,-1.));
#3978 = DIRECTION('',(-0.,-1.,0.));
#3979 = ADVANCED_FACE('',(#3980),#3991,.F.);
#3980 = FACE_BOUND('',#3981,.T.);
#3981 = EDGE_LOOP('',(#3982,#3983,#3989,#3990));
#3982 = ORIENTED_EDGE('',*,*,#614,.T.);
#3983 = ORIENTED_EDGE('',*,*,#3984,.T.);
#3984 = EDGE_CURVE('',#615,#2173,#3985,.T.);
#3985 = LINE('',#3986,#3987);
#3986 = CARTESIAN_POINT('',(139.72,-95.5,-4.6E-02));
#3987 = VECTOR('',#3988,1.);
#3988 = DIRECTION('',(0.,0.,1.));
#3989 = ORIENTED_EDGE('',*,*,#2172,.F.);
#3990 = ORIENTED_EDGE('',*,*,#3984,.F.);
#3991 = CYLINDRICAL_SURFACE('',#3992,0.5);
#3992 = AXIS2_PLACEMENT_3D('',#3993,#3994,#3995);
#3993 = CARTESIAN_POINT('',(139.72,-95.,-4.6E-02));
#3994 = DIRECTION('',(-0.,-0.,-1.));
#3995 = DIRECTION('',(-0.,-1.,0.));
#3996 = ADVANCED_FACE('',(#3997),#4008,.F.);
#3997 = FACE_BOUND('',#3998,.T.);
#3998 = EDGE_LOOP('',(#3999,#4000,#4006,#4007));
#3999 = ORIENTED_EDGE('',*,*,#625,.T.);
#4000 = ORIENTED_EDGE('',*,*,#4001,.T.);
#4001 = EDGE_CURVE('',#626,#2184,#4002,.T.);
#4002 = LINE('',#4003,#4004);
#4003 = CARTESIAN_POINT('',(142.26,-98.04,-4.6E-02));
#4004 = VECTOR('',#4005,1.);
#4005 = DIRECTION('',(0.,0.,1.));
#4006 = ORIENTED_EDGE('',*,*,#2183,.F.);
#4007 = ORIENTED_EDGE('',*,*,#4001,.F.);
#4008 = CYLINDRICAL_SURFACE('',#4009,0.5);
#4009 = AXIS2_PLACEMENT_3D('',#4010,#4011,#4012);
#4010 = CARTESIAN_POINT('',(142.26,-97.54,-4.6E-02));
#4011 = DIRECTION('',(-0.,-0.,-1.));
#4012 = DIRECTION('',(-0.,-1.,0.));
#4013 = ADVANCED_FACE('',(#4014),#4025,.F.);
#4014 = FACE_BOUND('',#4015,.T.);
#4015 = EDGE_LOOP('',(#4016,#4017,#4023,#4024));
#4016 = ORIENTED_EDGE('',*,*,#636,.T.);
#4017 = ORIENTED_EDGE('',*,*,#4018,.T.);
#4018 = EDGE_CURVE('',#637,#2195,#4019,.T.);
#4019 = LINE('',#4020,#4021);
#4020 = CARTESIAN_POINT('',(148.,-97.475,-4.6E-02));
#4021 = VECTOR('',#4022,1.);
#4022 = DIRECTION('',(0.,0.,1.));
#4023 = ORIENTED_EDGE('',*,*,#2194,.F.);
#4024 = ORIENTED_EDGE('',*,*,#4018,.F.);
#4025 = CYLINDRICAL_SURFACE('',#4026,0.475);
#4026 = AXIS2_PLACEMENT_3D('',#4027,#4028,#4029);
#4027 = CARTESIAN_POINT('',(148.,-97.,-4.6E-02));
#4028 = DIRECTION('',(-0.,-0.,-1.));
#4029 = DIRECTION('',(-0.,-1.,0.));
#4030 = ADVANCED_FACE('',(#4031),#4042,.F.);
#4031 = FACE_BOUND('',#4032,.T.);
#4032 = EDGE_LOOP('',(#4033,#4034,#4040,#4041));
#4033 = ORIENTED_EDGE('',*,*,#647,.T.);
#4034 = ORIENTED_EDGE('',*,*,#4035,.T.);
#4035 = EDGE_CURVE('',#648,#2206,#4036,.T.);
#4036 = LINE('',#4037,#4038);
#4037 = CARTESIAN_POINT('',(150.5,-97.475,-4.6E-02));
#4038 = VECTOR('',#4039,1.);
#4039 = DIRECTION('',(0.,0.,1.));
#4040 = ORIENTED_EDGE('',*,*,#2205,.F.);
#4041 = ORIENTED_EDGE('',*,*,#4035,.F.);
#4042 = CYLINDRICAL_SURFACE('',#4043,0.475);
#4043 = AXIS2_PLACEMENT_3D('',#4044,#4045,#4046);
#4044 = CARTESIAN_POINT('',(150.5,-97.,-4.6E-02));
#4045 = DIRECTION('',(-0.,-0.,-1.));
#4046 = DIRECTION('',(-0.,-1.,0.));
#4047 = ADVANCED_FACE('',(#4048),#4059,.F.);
#4048 = FACE_BOUND('',#4049,.T.);
#4049 = EDGE_LOOP('',(#4050,#4051,#4057,#4058));
#4050 = ORIENTED_EDGE('',*,*,#658,.T.);
#4051 = ORIENTED_EDGE('',*,*,#4052,.T.);
#4052 = EDGE_CURVE('',#659,#2217,#4053,.T.);
#4053 = LINE('',#4054,#4055);
#4054 = CARTESIAN_POINT('',(142.26,-95.5,-4.6E-02));
#4055 = VECTOR('',#4056,1.);
#4056 = DIRECTION('',(0.,0.,1.));
#4057 = ORIENTED_EDGE('',*,*,#2216,.F.);
#4058 = ORIENTED_EDGE('',*,*,#4052,.F.);
#4059 = CYLINDRICAL_SURFACE('',#4060,0.5);
#4060 = AXIS2_PLACEMENT_3D('',#4061,#4062,#4063);
#4061 = CARTESIAN_POINT('',(142.26,-95.,-4.6E-02));
#4062 = DIRECTION('',(-0.,-0.,-1.));
#4063 = DIRECTION('',(-0.,-1.,0.));
#4064 = ADVANCED_FACE('',(#4065),#4076,.F.);
#4065 = FACE_BOUND('',#4066,.T.);
#4066 = EDGE_LOOP('',(#4067,#4068,#4074,#4075));
#4067 = ORIENTED_EDGE('',*,*,#669,.T.);
#4068 = ORIENTED_EDGE('',*,*,#4069,.T.);
#4069 = EDGE_CURVE('',#670,#2228,#4070,.T.);
#4070 = LINE('',#4071,#4072);
#4071 = CARTESIAN_POINT('',(153.,-97.475,-4.6E-02));
#4072 = VECTOR('',#4073,1.);
#4073 = DIRECTION('',(0.,0.,1.));
#4074 = ORIENTED_EDGE('',*,*,#2227,.F.);
#4075 = ORIENTED_EDGE('',*,*,#4069,.F.);
#4076 = CYLINDRICAL_SURFACE('',#4077,0.475);
#4077 = AXIS2_PLACEMENT_3D('',#4078,#4079,#4080);
#4078 = CARTESIAN_POINT('',(153.,-97.,-4.6E-02));
#4079 = DIRECTION('',(-0.,-0.,-1.));
#4080 = DIRECTION('',(-0.,-1.,0.));
#4081 = ADVANCED_FACE('',(#4082),#4093,.F.);
#4082 = FACE_BOUND('',#4083,.T.);
#4083 = EDGE_LOOP('',(#4084,#4085,#4091,#4092));
#4084 = ORIENTED_EDGE('',*,*,#680,.T.);
#4085 = ORIENTED_EDGE('',*,*,#4086,.T.);
#4086 = EDGE_CURVE('',#681,#2239,#4087,.T.);
#4087 = LINE('',#4088,#4089);
#4088 = CARTESIAN_POINT('',(155.5,-97.475,-4.6E-02));
#4089 = VECTOR('',#4090,1.);
#4090 = DIRECTION('',(0.,0.,1.));
#4091 = ORIENTED_EDGE('',*,*,#2238,.F.);
#4092 = ORIENTED_EDGE('',*,*,#4086,.F.);
#4093 = CYLINDRICAL_SURFACE('',#4094,0.475);
#4094 = AXIS2_PLACEMENT_3D('',#4095,#4096,#4097);
#4095 = CARTESIAN_POINT('',(155.5,-97.,-4.6E-02));
#4096 = DIRECTION('',(-0.,-0.,-1.));
#4097 = DIRECTION('',(-0.,-1.,0.));
#4098 = ADVANCED_FACE('',(#4099),#4110,.F.);
#4099 = FACE_BOUND('',#4100,.T.);
#4100 = EDGE_LOOP('',(#4101,#4102,#4108,#4109));
#4101 = ORIENTED_EDGE('',*,*,#691,.T.);
#4102 = ORIENTED_EDGE('',*,*,#4103,.T.);
#4103 = EDGE_CURVE('',#692,#2250,#4104,.T.);
#4104 = LINE('',#4105,#4106);
#4105 = CARTESIAN_POINT('',(158.,-97.475,-4.6E-02));
#4106 = VECTOR('',#4107,1.);
#4107 = DIRECTION('',(0.,0.,1.));
#4108 = ORIENTED_EDGE('',*,*,#2249,.F.);
#4109 = ORIENTED_EDGE('',*,*,#4103,.F.);
#4110 = CYLINDRICAL_SURFACE('',#4111,0.475);
#4111 = AXIS2_PLACEMENT_3D('',#4112,#4113,#4114);
#4112 = CARTESIAN_POINT('',(158.,-97.,-4.6E-02));
#4113 = DIRECTION('',(-0.,-0.,-1.));
#4114 = DIRECTION('',(-0.,-1.,0.));
#4115 = ADVANCED_FACE('',(#4116),#4127,.F.);
#4116 = FACE_BOUND('',#4117,.T.);
#4117 = EDGE_LOOP('',(#4118,#4119,#4125,#4126));
#4118 = ORIENTED_EDGE('',*,*,#702,.T.);
#4119 = ORIENTED_EDGE('',*,*,#4120,.T.);
#4120 = EDGE_CURVE('',#703,#2261,#4121,.T.);
#4121 = LINE('',#4122,#4123);
#4122 = CARTESIAN_POINT('',(197.,-96.35,-4.6E-02));
#4123 = VECTOR('',#4124,1.);
#4124 = DIRECTION('',(0.,0.,1.));
#4125 = ORIENTED_EDGE('',*,*,#2260,.F.);
#4126 = ORIENTED_EDGE('',*,*,#4120,.F.);
#4127 = CYLINDRICAL_SURFACE('',#4128,0.6);
#4128 = AXIS2_PLACEMENT_3D('',#4129,#4130,#4131);
#4129 = CARTESIAN_POINT('',(197.,-95.75,-4.6E-02));
#4130 = DIRECTION('',(-0.,-0.,-1.));
#4131 = DIRECTION('',(-0.,-1.,0.));
#4132 = ADVANCED_FACE('',(#4133),#4144,.F.);
#4133 = FACE_BOUND('',#4134,.T.);
#4134 = EDGE_LOOP('',(#4135,#4136,#4142,#4143));
#4135 = ORIENTED_EDGE('',*,*,#713,.T.);
#4136 = ORIENTED_EDGE('',*,*,#4137,.T.);
#4137 = EDGE_CURVE('',#714,#2272,#4138,.T.);
#4138 = LINE('',#4139,#4140);
#4139 = CARTESIAN_POINT('',(197.,-92.85,-4.6E-02));
#4140 = VECTOR('',#4141,1.);
#4141 = DIRECTION('',(0.,0.,1.));
#4142 = ORIENTED_EDGE('',*,*,#2271,.F.);
#4143 = ORIENTED_EDGE('',*,*,#4137,.F.);
#4144 = CYLINDRICAL_SURFACE('',#4145,0.6);
#4145 = AXIS2_PLACEMENT_3D('',#4146,#4147,#4148);
#4146 = CARTESIAN_POINT('',(197.,-92.25,-4.6E-02));
#4147 = DIRECTION('',(-0.,-0.,-1.));
#4148 = DIRECTION('',(-0.,-1.,0.));
#4149 = ADVANCED_FACE('',(#4150),#4166,.T.);
#4150 = FACE_BOUND('',#4151,.T.);
#4151 = EDGE_LOOP('',(#4152,#4158,#4159,#4165));
#4152 = ORIENTED_EDGE('',*,*,#4153,.T.);
#4153 = EDGE_CURVE('',#725,#2283,#4154,.T.);
#4154 = LINE('',#4155,#4156);
#4155 = CARTESIAN_POINT('',(13.,-49.9,0.));
#4156 = VECTOR('',#4157,1.);
#4157 = DIRECTION('',(0.,0.,1.));
#4158 = ORIENTED_EDGE('',*,*,#2282,.T.);
#4159 = ORIENTED_EDGE('',*,*,#4160,.F.);
#4160 = EDGE_CURVE('',#727,#2285,#4161,.T.);
#4161 = LINE('',#4162,#4163);
#4162 = CARTESIAN_POINT('',(22.6,-49.9,0.));
#4163 = VECTOR('',#4164,1.);
#4164 = DIRECTION('',(0.,0.,1.));
#4165 = ORIENTED_EDGE('',*,*,#724,.F.);
#4166 = PLANE('',#4167);
#4167 = AXIS2_PLACEMENT_3D('',#4168,#4169,#4170);
#4168 = CARTESIAN_POINT('',(13.,-49.9,0.));
#4169 = DIRECTION('',(0.,1.,0.));
#4170 = DIRECTION('',(1.,0.,0.));
#4171 = ADVANCED_FACE('',(#4172),#4183,.T.);
#4172 = FACE_BOUND('',#4173,.T.);
#4173 = EDGE_LOOP('',(#4174,#4180,#4181,#4182));
#4174 = ORIENTED_EDGE('',*,*,#4175,.T.);
#4175 = EDGE_CURVE('',#735,#2293,#4176,.T.);
#4176 = LINE('',#4177,#4178);
#4177 = CARTESIAN_POINT('',(13.,-49.3,0.));
#4178 = VECTOR('',#4179,1.);
#4179 = DIRECTION('',(0.,0.,1.));
#4180 = ORIENTED_EDGE('',*,*,#2292,.T.);
#4181 = ORIENTED_EDGE('',*,*,#4153,.F.);
#4182 = ORIENTED_EDGE('',*,*,#734,.F.);
#4183 = PLANE('',#4184);
#4184 = AXIS2_PLACEMENT_3D('',#4185,#4186,#4187);
#4185 = CARTESIAN_POINT('',(13.,-49.3,0.));
#4186 = DIRECTION('',(1.,0.,-0.));
#4187 = DIRECTION('',(0.,-1.,0.));
#4188 = ADVANCED_FACE('',(#4189),#4200,.T.);
#4189 = FACE_BOUND('',#4190,.T.);
#4190 = EDGE_LOOP('',(#4191,#4192,#4193,#4199));
#4191 = ORIENTED_EDGE('',*,*,#4160,.T.);
#4192 = ORIENTED_EDGE('',*,*,#2308,.T.);
#4193 = ORIENTED_EDGE('',*,*,#4194,.F.);
#4194 = EDGE_CURVE('',#743,#2301,#4195,.T.);
#4195 = LINE('',#4196,#4197);
#4196 = CARTESIAN_POINT('',(22.6,-49.3,0.));
#4197 = VECTOR('',#4198,1.);
#4198 = DIRECTION('',(0.,0.,1.));
#4199 = ORIENTED_EDGE('',*,*,#750,.F.);
#4200 = PLANE('',#4201);
#4201 = AXIS2_PLACEMENT_3D('',#4202,#4203,#4204);
#4202 = CARTESIAN_POINT('',(22.6,-49.9,0.));
#4203 = DIRECTION('',(-1.,0.,0.));
#4204 = DIRECTION('',(0.,1.,0.));
#4205 = ADVANCED_FACE('',(#4206),#4212,.T.);
#4206 = FACE_BOUND('',#4207,.T.);
#4207 = EDGE_LOOP('',(#4208,#4209,#4210,#4211));
#4208 = ORIENTED_EDGE('',*,*,#4194,.T.);
#4209 = ORIENTED_EDGE('',*,*,#2300,.T.);
#4210 = ORIENTED_EDGE('',*,*,#4175,.F.);
#4211 = ORIENTED_EDGE('',*,*,#742,.F.);
#4212 = PLANE('',#4213);
#4213 = AXIS2_PLACEMENT_3D('',#4214,#4215,#4216);
#4214 = CARTESIAN_POINT('',(22.6,-49.3,0.));
#4215 = DIRECTION('',(0.,-1.,0.));
#4216 = DIRECTION('',(-1.,0.,0.));
#4217 = ADVANCED_FACE('',(#4218),#4229,.F.);
#4218 = FACE_BOUND('',#4219,.T.);
#4219 = EDGE_LOOP('',(#4220,#4221,#4227,#4228));
#4220 = ORIENTED_EDGE('',*,*,#758,.T.);
#4221 = ORIENTED_EDGE('',*,*,#4222,.T.);
#4222 = EDGE_CURVE('',#759,#2317,#4223,.T.);
#4223 = LINE('',#4224,#4225);
#4224 = CARTESIAN_POINT('',(22.19,-46.02,-4.6E-02));
#4225 = VECTOR('',#4226,1.);
#4226 = DIRECTION('',(0.,0.,1.));
#4227 = ORIENTED_EDGE('',*,*,#2316,.F.);
#4228 = ORIENTED_EDGE('',*,*,#4222,.F.);
#4229 = CYLINDRICAL_SURFACE('',#4230,0.4);
#4230 = AXIS2_PLACEMENT_3D('',#4231,#4232,#4233);
#4231 = CARTESIAN_POINT('',(22.19,-45.62,-4.6E-02));
#4232 = DIRECTION('',(-0.,0.,-1.));
#4233 = DIRECTION('',(8.881784197001E-15,-1.,-0.));
#4234 = ADVANCED_FACE('',(#4235),#4246,.F.);
#4235 = FACE_BOUND('',#4236,.T.);
#4236 = EDGE_LOOP('',(#4237,#4238,#4244,#4245));
#4237 = ORIENTED_EDGE('',*,*,#769,.T.);
#4238 = ORIENTED_EDGE('',*,*,#4239,.T.);
#4239 = EDGE_CURVE('',#770,#2328,#4240,.T.);
#4240 = LINE('',#4241,#4242);
#4241 = CARTESIAN_POINT('',(29.81,-46.02,-4.6E-02));
#4242 = VECTOR('',#4243,1.);
#4243 = DIRECTION('',(0.,0.,1.));
#4244 = ORIENTED_EDGE('',*,*,#2327,.F.);
#4245 = ORIENTED_EDGE('',*,*,#4239,.F.);
#4246 = CYLINDRICAL_SURFACE('',#4247,0.4);
#4247 = AXIS2_PLACEMENT_3D('',#4248,#4249,#4250);
#4248 = CARTESIAN_POINT('',(29.81,-45.62,-4.6E-02));
#4249 = DIRECTION('',(-0.,-0.,-1.));
#4250 = DIRECTION('',(-8.881784197001E-15,-1.,0.));
#4251 = ADVANCED_FACE('',(#4252),#4263,.F.);
#4252 = FACE_BOUND('',#4253,.T.);
#4253 = EDGE_LOOP('',(#4254,#4255,#4261,#4262));
#4254 = ORIENTED_EDGE('',*,*,#780,.T.);
#4255 = ORIENTED_EDGE('',*,*,#4256,.T.);
#4256 = EDGE_CURVE('',#781,#2339,#4257,.T.);
#4257 = LINE('',#4258,#4259);
#4258 = CARTESIAN_POINT('',(37.43,-46.02,-4.6E-02));
#4259 = VECTOR('',#4260,1.);
#4260 = DIRECTION('',(0.,0.,1.));
#4261 = ORIENTED_EDGE('',*,*,#2338,.F.);
#4262 = ORIENTED_EDGE('',*,*,#4256,.F.);
#4263 = CYLINDRICAL_SURFACE('',#4264,0.4);
#4264 = AXIS2_PLACEMENT_3D('',#4265,#4266,#4267);
#4265 = CARTESIAN_POINT('',(37.43,-45.62,-4.6E-02));
#4266 = DIRECTION('',(-0.,-0.,-1.));
#4267 = DIRECTION('',(-0.,-1.,0.));
#4268 = ADVANCED_FACE('',(#4269),#4280,.F.);
#4269 = FACE_BOUND('',#4270,.T.);
#4270 = EDGE_LOOP('',(#4271,#4272,#4278,#4279));
#4271 = ORIENTED_EDGE('',*,*,#791,.T.);
#4272 = ORIENTED_EDGE('',*,*,#4273,.T.);
#4273 = EDGE_CURVE('',#792,#2350,#4274,.T.);
#4274 = LINE('',#4275,#4276);
#4275 = CARTESIAN_POINT('',(45.05,-46.02,-4.6E-02));
#4276 = VECTOR('',#4277,1.);
#4277 = DIRECTION('',(0.,0.,1.));
#4278 = ORIENTED_EDGE('',*,*,#2349,.F.);
#4279 = ORIENTED_EDGE('',*,*,#4273,.F.);
#4280 = CYLINDRICAL_SURFACE('',#4281,0.4);
#4281 = AXIS2_PLACEMENT_3D('',#4282,#4283,#4284);
#4282 = CARTESIAN_POINT('',(45.05,-45.62,-4.6E-02));
#4283 = DIRECTION('',(-0.,-0.,-1.));
#4284 = DIRECTION('',(-0.,-1.,0.));
#4285 = ADVANCED_FACE('',(#4286),#4302,.T.);
#4286 = FACE_BOUND('',#4287,.T.);
#4287 = EDGE_LOOP('',(#4288,#4294,#4295,#4301));
#4288 = ORIENTED_EDGE('',*,*,#4289,.T.);
#4289 = EDGE_CURVE('',#803,#2361,#4290,.T.);
#4290 = LINE('',#4291,#4292);
#4291 = CARTESIAN_POINT('',(44.64,-49.9,0.));
#4292 = VECTOR('',#4293,1.);
#4293 = DIRECTION('',(0.,0.,1.));
#4294 = ORIENTED_EDGE('',*,*,#2360,.T.);
#4295 = ORIENTED_EDGE('',*,*,#4296,.F.);
#4296 = EDGE_CURVE('',#805,#2363,#4297,.T.);
#4297 = LINE('',#4298,#4299);
#4298 = CARTESIAN_POINT('',(53.08,-49.9,0.));
#4299 = VECTOR('',#4300,1.);
#4300 = DIRECTION('',(0.,0.,1.));
#4301 = ORIENTED_EDGE('',*,*,#802,.F.);
#4302 = PLANE('',#4303);
#4303 = AXIS2_PLACEMENT_3D('',#4304,#4305,#4306);
#4304 = CARTESIAN_POINT('',(44.64,-49.9,0.));
#4305 = DIRECTION('',(0.,1.,0.));
#4306 = DIRECTION('',(1.,0.,0.));
#4307 = ADVANCED_FACE('',(#4308),#4319,.T.);
#4308 = FACE_BOUND('',#4309,.T.);
#4309 = EDGE_LOOP('',(#4310,#4316,#4317,#4318));
#4310 = ORIENTED_EDGE('',*,*,#4311,.T.);
#4311 = EDGE_CURVE('',#813,#2371,#4312,.T.);
#4312 = LINE('',#4313,#4314);
#4313 = CARTESIAN_POINT('',(44.64,-49.3,0.));
#4314 = VECTOR('',#4315,1.);
#4315 = DIRECTION('',(0.,0.,1.));
#4316 = ORIENTED_EDGE('',*,*,#2370,.T.);
#4317 = ORIENTED_EDGE('',*,*,#4289,.F.);
#4318 = ORIENTED_EDGE('',*,*,#812,.F.);
#4319 = PLANE('',#4320);
#4320 = AXIS2_PLACEMENT_3D('',#4321,#4322,#4323);
#4321 = CARTESIAN_POINT('',(44.64,-49.3,0.));
#4322 = DIRECTION('',(1.,0.,-0.));
#4323 = DIRECTION('',(0.,-1.,0.));
#4324 = ADVANCED_FACE('',(#4325),#4336,.T.);
#4325 = FACE_BOUND('',#4326,.T.);
#4326 = EDGE_LOOP('',(#4327,#4328,#4329,#4335));
#4327 = ORIENTED_EDGE('',*,*,#4296,.T.);
#4328 = ORIENTED_EDGE('',*,*,#2386,.T.);
#4329 = ORIENTED_EDGE('',*,*,#4330,.F.);
#4330 = EDGE_CURVE('',#821,#2379,#4331,.T.);
#4331 = LINE('',#4332,#4333);
#4332 = CARTESIAN_POINT('',(53.08,-49.3,0.));
#4333 = VECTOR('',#4334,1.);
#4334 = DIRECTION('',(0.,0.,1.));
#4335 = ORIENTED_EDGE('',*,*,#828,.F.);
#4336 = PLANE('',#4337);
#4337 = AXIS2_PLACEMENT_3D('',#4338,#4339,#4340);
#4338 = CARTESIAN_POINT('',(53.08,-49.9,0.));
#4339 = DIRECTION('',(-1.,0.,0.));
#4340 = DIRECTION('',(0.,1.,0.));
#4341 = ADVANCED_FACE('',(#4342),#4348,.T.);
#4342 = FACE_BOUND('',#4343,.T.);
#4343 = EDGE_LOOP('',(#4344,#4345,#4346,#4347));
#4344 = ORIENTED_EDGE('',*,*,#4330,.T.);
#4345 = ORIENTED_EDGE('',*,*,#2378,.T.);
#4346 = ORIENTED_EDGE('',*,*,#4311,.F.);
#4347 = ORIENTED_EDGE('',*,*,#820,.F.);
#4348 = PLANE('',#4349);
#4349 = AXIS2_PLACEMENT_3D('',#4350,#4351,#4352);
#4350 = CARTESIAN_POINT('',(53.08,-49.3,0.));
#4351 = DIRECTION('',(0.,-1.,0.));
#4352 = DIRECTION('',(-1.,0.,0.));
#4353 = ADVANCED_FACE('',(#4354),#4365,.F.);
#4354 = FACE_BOUND('',#4355,.T.);
#4355 = EDGE_LOOP('',(#4356,#4357,#4363,#4364));
#4356 = ORIENTED_EDGE('',*,*,#836,.T.);
#4357 = ORIENTED_EDGE('',*,*,#4358,.T.);
#4358 = EDGE_CURVE('',#837,#2395,#4359,.T.);
#4359 = LINE('',#4360,#4361);
#4360 = CARTESIAN_POINT('',(52.67,-46.02,-4.6E-02));
#4361 = VECTOR('',#4362,1.);
#4362 = DIRECTION('',(0.,0.,1.));
#4363 = ORIENTED_EDGE('',*,*,#2394,.F.);
#4364 = ORIENTED_EDGE('',*,*,#4358,.F.);
#4365 = CYLINDRICAL_SURFACE('',#4366,0.4);
#4366 = AXIS2_PLACEMENT_3D('',#4367,#4368,#4369);
#4367 = CARTESIAN_POINT('',(52.67,-45.62,-4.6E-02));
#4368 = DIRECTION('',(-0.,-0.,-1.));
#4369 = DIRECTION('',(-0.,-1.,0.));
#4370 = ADVANCED_FACE('',(#4371),#4382,.F.);
#4371 = FACE_BOUND('',#4372,.T.);
#4372 = EDGE_LOOP('',(#4373,#4374,#4380,#4381));
#4373 = ORIENTED_EDGE('',*,*,#847,.T.);
#4374 = ORIENTED_EDGE('',*,*,#4375,.T.);
#4375 = EDGE_CURVE('',#848,#2406,#4376,.T.);
#4376 = LINE('',#4377,#4378);
#4377 = CARTESIAN_POINT('',(60.29,-46.02,-4.6E-02));
#4378 = VECTOR('',#4379,1.);
#4379 = DIRECTION('',(0.,0.,1.));
#4380 = ORIENTED_EDGE('',*,*,#2405,.F.);
#4381 = ORIENTED_EDGE('',*,*,#4375,.F.);
#4382 = CYLINDRICAL_SURFACE('',#4383,0.4);
#4383 = AXIS2_PLACEMENT_3D('',#4384,#4385,#4386);
#4384 = CARTESIAN_POINT('',(60.29,-45.62,-4.6E-02));
#4385 = DIRECTION('',(-0.,-0.,-1.));
#4386 = DIRECTION('',(-0.,-1.,0.));
#4387 = ADVANCED_FACE('',(#4388),#4399,.F.);
#4388 = FACE_BOUND('',#4389,.T.);
#4389 = EDGE_LOOP('',(#4390,#4391,#4397,#4398));
#4390 = ORIENTED_EDGE('',*,*,#858,.T.);
#4391 = ORIENTED_EDGE('',*,*,#4392,.T.);
#4392 = EDGE_CURVE('',#859,#2417,#4393,.T.);
#4393 = LINE('',#4394,#4395);
#4394 = CARTESIAN_POINT('',(67.91,-46.02,-4.6E-02));
#4395 = VECTOR('',#4396,1.);
#4396 = DIRECTION('',(0.,0.,1.));
#4397 = ORIENTED_EDGE('',*,*,#2416,.F.);
#4398 = ORIENTED_EDGE('',*,*,#4392,.F.);
#4399 = CYLINDRICAL_SURFACE('',#4400,0.4);
#4400 = AXIS2_PLACEMENT_3D('',#4401,#4402,#4403);
#4401 = CARTESIAN_POINT('',(67.91,-45.62,-4.6E-02));
#4402 = DIRECTION('',(-0.,-0.,-1.));
#4403 = DIRECTION('',(-0.,-1.,0.));
#4404 = ADVANCED_FACE('',(#4405),#4421,.T.);
#4405 = FACE_BOUND('',#4406,.T.);
#4406 = EDGE_LOOP('',(#4407,#4413,#4414,#4420));
#4407 = ORIENTED_EDGE('',*,*,#4408,.T.);
#4408 = EDGE_CURVE('',#870,#2428,#4409,.T.);
#4409 = LINE('',#4410,#4411);
#4410 = CARTESIAN_POINT('',(75.12,-49.9,0.));
#4411 = VECTOR('',#4412,1.);
#4412 = DIRECTION('',(0.,0.,1.));
#4413 = ORIENTED_EDGE('',*,*,#2427,.T.);
#4414 = ORIENTED_EDGE('',*,*,#4415,.F.);
#4415 = EDGE_CURVE('',#872,#2430,#4416,.T.);
#4416 = LINE('',#4417,#4418);
#4417 = CARTESIAN_POINT('',(83.56,-49.9,0.));
#4418 = VECTOR('',#4419,1.);
#4419 = DIRECTION('',(0.,0.,1.));
#4420 = ORIENTED_EDGE('',*,*,#869,.F.);
#4421 = PLANE('',#4422);
#4422 = AXIS2_PLACEMENT_3D('',#4423,#4424,#4425);
#4423 = CARTESIAN_POINT('',(75.12,-49.9,0.));
#4424 = DIRECTION('',(0.,1.,0.));
#4425 = DIRECTION('',(1.,0.,0.));
#4426 = ADVANCED_FACE('',(#4427),#4438,.T.);
#4427 = FACE_BOUND('',#4428,.T.);
#4428 = EDGE_LOOP('',(#4429,#4435,#4436,#4437));
#4429 = ORIENTED_EDGE('',*,*,#4430,.T.);
#4430 = EDGE_CURVE('',#880,#2438,#4431,.T.);
#4431 = LINE('',#4432,#4433);
#4432 = CARTESIAN_POINT('',(75.12,-49.3,0.));
#4433 = VECTOR('',#4434,1.);
#4434 = DIRECTION('',(0.,0.,1.));
#4435 = ORIENTED_EDGE('',*,*,#2437,.T.);
#4436 = ORIENTED_EDGE('',*,*,#4408,.F.);
#4437 = ORIENTED_EDGE('',*,*,#879,.F.);
#4438 = PLANE('',#4439);
#4439 = AXIS2_PLACEMENT_3D('',#4440,#4441,#4442);
#4440 = CARTESIAN_POINT('',(75.12,-49.3,0.));
#4441 = DIRECTION('',(1.,0.,-0.));
#4442 = DIRECTION('',(0.,-1.,0.));
#4443 = ADVANCED_FACE('',(#4444),#4455,.T.);
#4444 = FACE_BOUND('',#4445,.T.);
#4445 = EDGE_LOOP('',(#4446,#4447,#4448,#4454));
#4446 = ORIENTED_EDGE('',*,*,#4415,.T.);
#4447 = ORIENTED_EDGE('',*,*,#2453,.T.);
#4448 = ORIENTED_EDGE('',*,*,#4449,.F.);
#4449 = EDGE_CURVE('',#888,#2446,#4450,.T.);
#4450 = LINE('',#4451,#4452);
#4451 = CARTESIAN_POINT('',(83.56,-49.3,0.));
#4452 = VECTOR('',#4453,1.);
#4453 = DIRECTION('',(0.,0.,1.));
#4454 = ORIENTED_EDGE('',*,*,#895,.F.);
#4455 = PLANE('',#4456);
#4456 = AXIS2_PLACEMENT_3D('',#4457,#4458,#4459);
#4457 = CARTESIAN_POINT('',(83.56,-49.9,0.));
#4458 = DIRECTION('',(-1.,0.,0.));
#4459 = DIRECTION('',(0.,1.,0.));
#4460 = ADVANCED_FACE('',(#4461),#4467,.T.);
#4461 = FACE_BOUND('',#4462,.T.);
#4462 = EDGE_LOOP('',(#4463,#4464,#4465,#4466));
#4463 = ORIENTED_EDGE('',*,*,#4449,.T.);
#4464 = ORIENTED_EDGE('',*,*,#2445,.T.);
#4465 = ORIENTED_EDGE('',*,*,#4430,.F.);
#4466 = ORIENTED_EDGE('',*,*,#887,.F.);
#4467 = PLANE('',#4468);
#4468 = AXIS2_PLACEMENT_3D('',#4469,#4470,#4471);
#4469 = CARTESIAN_POINT('',(83.56,-49.3,0.));
#4470 = DIRECTION('',(0.,-1.,0.));
#4471 = DIRECTION('',(-1.,0.,0.));
#4472 = ADVANCED_FACE('',(#4473),#4484,.F.);
#4473 = FACE_BOUND('',#4474,.T.);
#4474 = EDGE_LOOP('',(#4475,#4476,#4482,#4483));
#4475 = ORIENTED_EDGE('',*,*,#903,.T.);
#4476 = ORIENTED_EDGE('',*,*,#4477,.T.);
#4477 = EDGE_CURVE('',#904,#2462,#4478,.T.);
#4478 = LINE('',#4479,#4480);
#4479 = CARTESIAN_POINT('',(75.53,-46.02,-4.6E-02));
#4480 = VECTOR('',#4481,1.);
#4481 = DIRECTION('',(0.,0.,1.));
#4482 = ORIENTED_EDGE('',*,*,#2461,.F.);
#4483 = ORIENTED_EDGE('',*,*,#4477,.F.);
#4484 = CYLINDRICAL_SURFACE('',#4485,0.4);
#4485 = AXIS2_PLACEMENT_3D('',#4486,#4487,#4488);
#4486 = CARTESIAN_POINT('',(75.53,-45.62,-4.6E-02));
#4487 = DIRECTION('',(-0.,-0.,-1.));
#4488 = DIRECTION('',(-0.,-1.,0.));
#4489 = ADVANCED_FACE('',(#4490),#4501,.F.);
#4490 = FACE_BOUND('',#4491,.T.);
#4491 = EDGE_LOOP('',(#4492,#4493,#4499,#4500));
#4492 = ORIENTED_EDGE('',*,*,#914,.T.);
#4493 = ORIENTED_EDGE('',*,*,#4494,.T.);
#4494 = EDGE_CURVE('',#915,#2473,#4495,.T.);
#4495 = LINE('',#4496,#4497);
#4496 = CARTESIAN_POINT('',(83.15,-46.02,-4.6E-02));
#4497 = VECTOR('',#4498,1.);
#4498 = DIRECTION('',(0.,0.,1.));
#4499 = ORIENTED_EDGE('',*,*,#2472,.F.);
#4500 = ORIENTED_EDGE('',*,*,#4494,.F.);
#4501 = CYLINDRICAL_SURFACE('',#4502,0.4);
#4502 = AXIS2_PLACEMENT_3D('',#4503,#4504,#4505);
#4503 = CARTESIAN_POINT('',(83.15,-45.62,-4.6E-02));
#4504 = DIRECTION('',(-0.,-0.,-1.));
#4505 = DIRECTION('',(-0.,-1.,0.));
#4506 = ADVANCED_FACE('',(#4507),#4518,.F.);
#4507 = FACE_BOUND('',#4508,.T.);
#4508 = EDGE_LOOP('',(#4509,#4510,#4516,#4517));
#4509 = ORIENTED_EDGE('',*,*,#925,.T.);
#4510 = ORIENTED_EDGE('',*,*,#4511,.T.);
#4511 = EDGE_CURVE('',#926,#2484,#4512,.T.);
#4512 = LINE('',#4513,#4514);
#4513 = CARTESIAN_POINT('',(90.77,-46.02,-4.6E-02));
#4514 = VECTOR('',#4515,1.);
#4515 = DIRECTION('',(0.,0.,1.));
#4516 = ORIENTED_EDGE('',*,*,#2483,.F.);
#4517 = ORIENTED_EDGE('',*,*,#4511,.F.);
#4518 = CYLINDRICAL_SURFACE('',#4519,0.4);
#4519 = AXIS2_PLACEMENT_3D('',#4520,#4521,#4522);
#4520 = CARTESIAN_POINT('',(90.77,-45.62,-4.6E-02));
#4521 = DIRECTION('',(-0.,-0.,-1.));
#4522 = DIRECTION('',(-3.552713678801E-14,-1.,0.));
#4523 = ADVANCED_FACE('',(#4524),#4535,.F.);
#4524 = FACE_BOUND('',#4525,.T.);
#4525 = EDGE_LOOP('',(#4526,#4527,#4533,#4534));
#4526 = ORIENTED_EDGE('',*,*,#936,.T.);
#4527 = ORIENTED_EDGE('',*,*,#4528,.T.);
#4528 = EDGE_CURVE('',#937,#2495,#4529,.T.);
#4529 = LINE('',#4530,#4531);
#4530 = CARTESIAN_POINT('',(98.39,-46.02,-4.6E-02));
#4531 = VECTOR('',#4532,1.);
#4532 = DIRECTION('',(0.,0.,1.));
#4533 = ORIENTED_EDGE('',*,*,#2494,.F.);
#4534 = ORIENTED_EDGE('',*,*,#4528,.F.);
#4535 = CYLINDRICAL_SURFACE('',#4536,0.4);
#4536 = AXIS2_PLACEMENT_3D('',#4537,#4538,#4539);
#4537 = CARTESIAN_POINT('',(98.39,-45.62,-4.6E-02));
#4538 = DIRECTION('',(-0.,-0.,-1.));
#4539 = DIRECTION('',(-0.,-1.,0.));
#4540 = ADVANCED_FACE('',(#4541),#4552,.F.);
#4541 = FACE_BOUND('',#4542,.T.);
#4542 = EDGE_LOOP('',(#4543,#4544,#4550,#4551));
#4543 = ORIENTED_EDGE('',*,*,#947,.T.);
#4544 = ORIENTED_EDGE('',*,*,#4545,.T.);
#4545 = EDGE_CURVE('',#948,#2506,#4546,.T.);
#4546 = LINE('',#4547,#4548);
#4547 = CARTESIAN_POINT('',(22.19,-30.78,-4.6E-02));
#4548 = VECTOR('',#4549,1.);
#4549 = DIRECTION('',(0.,0.,1.));
#4550 = ORIENTED_EDGE('',*,*,#2505,.F.);
#4551 = ORIENTED_EDGE('',*,*,#4545,.F.);
#4552 = CYLINDRICAL_SURFACE('',#4553,0.4);
#4553 = AXIS2_PLACEMENT_3D('',#4554,#4555,#4556);
#4554 = CARTESIAN_POINT('',(22.19,-30.38,-4.6E-02));
#4555 = DIRECTION('',(-0.,0.,-1.));
#4556 = DIRECTION('',(8.881784197001E-15,-1.,-0.));
#4557 = ADVANCED_FACE('',(#4558),#4569,.F.);
#4558 = FACE_BOUND('',#4559,.T.);
#4559 = EDGE_LOOP('',(#4560,#4561,#4567,#4568));
#4560 = ORIENTED_EDGE('',*,*,#958,.T.);
#4561 = ORIENTED_EDGE('',*,*,#4562,.T.);
#4562 = EDGE_CURVE('',#959,#2517,#4563,.T.);
#4563 = LINE('',#4564,#4565);
#4564 = CARTESIAN_POINT('',(29.81,-30.78,-4.6E-02));
#4565 = VECTOR('',#4566,1.);
#4566 = DIRECTION('',(0.,0.,1.));
#4567 = ORIENTED_EDGE('',*,*,#2516,.F.);
#4568 = ORIENTED_EDGE('',*,*,#4562,.F.);
#4569 = CYLINDRICAL_SURFACE('',#4570,0.4);
#4570 = AXIS2_PLACEMENT_3D('',#4571,#4572,#4573);
#4571 = CARTESIAN_POINT('',(29.81,-30.38,-4.6E-02));
#4572 = DIRECTION('',(-0.,-0.,-1.));
#4573 = DIRECTION('',(-8.881784197001E-15,-1.,0.));
#4574 = ADVANCED_FACE('',(#4575),#4591,.T.);
#4575 = FACE_BOUND('',#4576,.T.);
#4576 = EDGE_LOOP('',(#4577,#4583,#4584,#4590));
#4577 = ORIENTED_EDGE('',*,*,#4578,.T.);
#4578 = EDGE_CURVE('',#970,#2528,#4579,.T.);
#4579 = LINE('',#4580,#4581);
#4580 = CARTESIAN_POINT('',(29.4,-26.6,0.));
#4581 = VECTOR('',#4582,1.);
#4582 = DIRECTION('',(0.,0.,1.));
#4583 = ORIENTED_EDGE('',*,*,#2527,.T.);
#4584 = ORIENTED_EDGE('',*,*,#4585,.F.);
#4585 = EDGE_CURVE('',#972,#2530,#4586,.T.);
#4586 = LINE('',#4587,#4588);
#4587 = CARTESIAN_POINT('',(37.84,-26.6,0.));
#4588 = VECTOR('',#4589,1.);
#4589 = DIRECTION('',(0.,0.,1.));
#4590 = ORIENTED_EDGE('',*,*,#969,.F.);
#4591 = PLANE('',#4592);
#4592 = AXIS2_PLACEMENT_3D('',#4593,#4594,#4595);
#4593 = CARTESIAN_POINT('',(29.4,-26.6,0.));
#4594 = DIRECTION('',(0.,1.,0.));
#4595 = DIRECTION('',(1.,0.,0.));
#4596 = ADVANCED_FACE('',(#4597),#4608,.T.);
#4597 = FACE_BOUND('',#4598,.T.);
#4598 = EDGE_LOOP('',(#4599,#4605,#4606,#4607));
#4599 = ORIENTED_EDGE('',*,*,#4600,.T.);
#4600 = EDGE_CURVE('',#980,#2538,#4601,.T.);
#4601 = LINE('',#4602,#4603);
#4602 = CARTESIAN_POINT('',(29.4,-26.,0.));
#4603 = VECTOR('',#4604,1.);
#4604 = DIRECTION('',(0.,0.,1.));
#4605 = ORIENTED_EDGE('',*,*,#2537,.T.);
#4606 = ORIENTED_EDGE('',*,*,#4578,.F.);
#4607 = ORIENTED_EDGE('',*,*,#979,.F.);
#4608 = PLANE('',#4609);
#4609 = AXIS2_PLACEMENT_3D('',#4610,#4611,#4612);
#4610 = CARTESIAN_POINT('',(29.4,-26.,0.));
#4611 = DIRECTION('',(1.,0.,-0.));
#4612 = DIRECTION('',(0.,-1.,0.));
#4613 = ADVANCED_FACE('',(#4614),#4625,.T.);
#4614 = FACE_BOUND('',#4615,.T.);
#4615 = EDGE_LOOP('',(#4616,#4617,#4618,#4624));
#4616 = ORIENTED_EDGE('',*,*,#4585,.T.);
#4617 = ORIENTED_EDGE('',*,*,#2553,.T.);
#4618 = ORIENTED_EDGE('',*,*,#4619,.F.);
#4619 = EDGE_CURVE('',#988,#2546,#4620,.T.);
#4620 = LINE('',#4621,#4622);
#4621 = CARTESIAN_POINT('',(37.84,-26.,0.));
#4622 = VECTOR('',#4623,1.);
#4623 = DIRECTION('',(0.,0.,1.));
#4624 = ORIENTED_EDGE('',*,*,#995,.F.);
#4625 = PLANE('',#4626);
#4626 = AXIS2_PLACEMENT_3D('',#4627,#4628,#4629);
#4627 = CARTESIAN_POINT('',(37.84,-26.6,0.));
#4628 = DIRECTION('',(-1.,0.,0.));
#4629 = DIRECTION('',(0.,1.,0.));
#4630 = ADVANCED_FACE('',(#4631),#4637,.T.);
#4631 = FACE_BOUND('',#4632,.T.);
#4632 = EDGE_LOOP('',(#4633,#4634,#4635,#4636));
#4633 = ORIENTED_EDGE('',*,*,#4619,.T.);
#4634 = ORIENTED_EDGE('',*,*,#2545,.T.);
#4635 = ORIENTED_EDGE('',*,*,#4600,.F.);
#4636 = ORIENTED_EDGE('',*,*,#987,.F.);
#4637 = PLANE('',#4638);
#4638 = AXIS2_PLACEMENT_3D('',#4639,#4640,#4641);
#4639 = CARTESIAN_POINT('',(37.84,-26.,0.));
#4640 = DIRECTION('',(0.,-1.,0.));
#4641 = DIRECTION('',(-1.,0.,0.));
#4642 = ADVANCED_FACE('',(#4643),#4654,.F.);
#4643 = FACE_BOUND('',#4644,.T.);
#4644 = EDGE_LOOP('',(#4645,#4646,#4652,#4653));
#4645 = ORIENTED_EDGE('',*,*,#1003,.T.);
#4646 = ORIENTED_EDGE('',*,*,#4647,.T.);
#4647 = EDGE_CURVE('',#1004,#2562,#4648,.T.);
#4648 = LINE('',#4649,#4650);
#4649 = CARTESIAN_POINT('',(37.43,-30.78,-4.6E-02));
#4650 = VECTOR('',#4651,1.);
#4651 = DIRECTION('',(0.,0.,1.));
#4652 = ORIENTED_EDGE('',*,*,#2561,.F.);
#4653 = ORIENTED_EDGE('',*,*,#4647,.F.);
#4654 = CYLINDRICAL_SURFACE('',#4655,0.4);
#4655 = AXIS2_PLACEMENT_3D('',#4656,#4657,#4658);
#4656 = CARTESIAN_POINT('',(37.43,-30.38,-4.6E-02));
#4657 = DIRECTION('',(-0.,-0.,-1.));
#4658 = DIRECTION('',(-0.,-1.,0.));
#4659 = ADVANCED_FACE('',(#4660),#4671,.F.);
#4660 = FACE_BOUND('',#4661,.T.);
#4661 = EDGE_LOOP('',(#4662,#4663,#4669,#4670));
#4662 = ORIENTED_EDGE('',*,*,#1014,.T.);
#4663 = ORIENTED_EDGE('',*,*,#4664,.T.);
#4664 = EDGE_CURVE('',#1015,#2573,#4665,.T.);
#4665 = LINE('',#4666,#4667);
#4666 = CARTESIAN_POINT('',(45.05,-30.78,-4.6E-02));
#4667 = VECTOR('',#4668,1.);
#4668 = DIRECTION('',(0.,0.,1.));
#4669 = ORIENTED_EDGE('',*,*,#2572,.F.);
#4670 = ORIENTED_EDGE('',*,*,#4664,.F.);
#4671 = CYLINDRICAL_SURFACE('',#4672,0.4);
#4672 = AXIS2_PLACEMENT_3D('',#4673,#4674,#4675);
#4673 = CARTESIAN_POINT('',(45.05,-30.38,-4.6E-02));
#4674 = DIRECTION('',(-0.,-0.,-1.));
#4675 = DIRECTION('',(-0.,-1.,0.));
#4676 = ADVANCED_FACE('',(#4677),#4688,.F.);
#4677 = FACE_BOUND('',#4678,.T.);
#4678 = EDGE_LOOP('',(#4679,#4680,#4686,#4687));
#4679 = ORIENTED_EDGE('',*,*,#1025,.T.);
#4680 = ORIENTED_EDGE('',*,*,#4681,.T.);
#4681 = EDGE_CURVE('',#1026,#2584,#4682,.T.);
#4682 = LINE('',#4683,#4684);
#4683 = CARTESIAN_POINT('',(52.67,-30.78,-4.6E-02));
#4684 = VECTOR('',#4685,1.);
#4685 = DIRECTION('',(0.,0.,1.));
#4686 = ORIENTED_EDGE('',*,*,#2583,.F.);
#4687 = ORIENTED_EDGE('',*,*,#4681,.F.);
#4688 = CYLINDRICAL_SURFACE('',#4689,0.4);
#4689 = AXIS2_PLACEMENT_3D('',#4690,#4691,#4692);
#4690 = CARTESIAN_POINT('',(52.67,-30.38,-4.6E-02));
#4691 = DIRECTION('',(-0.,-0.,-1.));
#4692 = DIRECTION('',(-0.,-1.,0.));
#4693 = ADVANCED_FACE('',(#4694),#4705,.F.);
#4694 = FACE_BOUND('',#4695,.T.);
#4695 = EDGE_LOOP('',(#4696,#4697,#4703,#4704));
#4696 = ORIENTED_EDGE('',*,*,#1036,.T.);
#4697 = ORIENTED_EDGE('',*,*,#4698,.T.);
#4698 = EDGE_CURVE('',#1037,#2595,#4699,.T.);
#4699 = LINE('',#4700,#4701);
#4700 = CARTESIAN_POINT('',(24.,-15.35,-4.6E-02));
#4701 = VECTOR('',#4702,1.);
#4702 = DIRECTION('',(0.,0.,1.));
#4703 = ORIENTED_EDGE('',*,*,#2594,.F.);
#4704 = ORIENTED_EDGE('',*,*,#4698,.F.);
#4705 = CYLINDRICAL_SURFACE('',#4706,1.35);
#4706 = AXIS2_PLACEMENT_3D('',#4707,#4708,#4709);
#4707 = CARTESIAN_POINT('',(24.,-14.,-4.6E-02));
#4708 = DIRECTION('',(-0.,-0.,-1.));
#4709 = DIRECTION('',(-0.,-1.,0.));
#4710 = ADVANCED_FACE('',(#4711),#4722,.F.);
#4711 = FACE_BOUND('',#4712,.T.);
#4712 = EDGE_LOOP('',(#4713,#4714,#4720,#4721));
#4713 = ORIENTED_EDGE('',*,*,#1047,.T.);
#4714 = ORIENTED_EDGE('',*,*,#4715,.T.);
#4715 = EDGE_CURVE('',#1048,#2606,#4716,.T.);
#4716 = LINE('',#4717,#4718);
#4717 = CARTESIAN_POINT('',(60.29,-30.78,-4.6E-02));
#4718 = VECTOR('',#4719,1.);
#4719 = DIRECTION('',(0.,0.,1.));
#4720 = ORIENTED_EDGE('',*,*,#2605,.F.);
#4721 = ORIENTED_EDGE('',*,*,#4715,.F.);
#4722 = CYLINDRICAL_SURFACE('',#4723,0.4);
#4723 = AXIS2_PLACEMENT_3D('',#4724,#4725,#4726);
#4724 = CARTESIAN_POINT('',(60.29,-30.38,-4.6E-02));
#4725 = DIRECTION('',(-0.,-0.,-1.));
#4726 = DIRECTION('',(-0.,-1.,0.));
#4727 = ADVANCED_FACE('',(#4728),#4739,.F.);
#4728 = FACE_BOUND('',#4729,.T.);
#4729 = EDGE_LOOP('',(#4730,#4731,#4737,#4738));
#4730 = ORIENTED_EDGE('',*,*,#1058,.T.);
#4731 = ORIENTED_EDGE('',*,*,#4732,.T.);
#4732 = EDGE_CURVE('',#1059,#2617,#4733,.T.);
#4733 = LINE('',#4734,#4735);
#4734 = CARTESIAN_POINT('',(67.91,-30.78,-4.6E-02));
#4735 = VECTOR('',#4736,1.);
#4736 = DIRECTION('',(0.,0.,1.));
#4737 = ORIENTED_EDGE('',*,*,#2616,.F.);
#4738 = ORIENTED_EDGE('',*,*,#4732,.F.);
#4739 = CYLINDRICAL_SURFACE('',#4740,0.4);
#4740 = AXIS2_PLACEMENT_3D('',#4741,#4742,#4743);
#4741 = CARTESIAN_POINT('',(67.91,-30.38,-4.6E-02));
#4742 = DIRECTION('',(-0.,-0.,-1.));
#4743 = DIRECTION('',(-0.,-1.,0.));
#4744 = ADVANCED_FACE('',(#4745),#4756,.F.);
#4745 = FACE_BOUND('',#4746,.T.);
#4746 = EDGE_LOOP('',(#4747,#4748,#4754,#4755));
#4747 = ORIENTED_EDGE('',*,*,#1069,.T.);
#4748 = ORIENTED_EDGE('',*,*,#4749,.T.);
#4749 = EDGE_CURVE('',#1070,#2628,#4750,.T.);
#4750 = LINE('',#4751,#4752);
#4751 = CARTESIAN_POINT('',(75.53,-30.78,-4.6E-02));
#4752 = VECTOR('',#4753,1.);
#4753 = DIRECTION('',(0.,0.,1.));
#4754 = ORIENTED_EDGE('',*,*,#2627,.F.);
#4755 = ORIENTED_EDGE('',*,*,#4749,.F.);
#4756 = CYLINDRICAL_SURFACE('',#4757,0.4);
#4757 = AXIS2_PLACEMENT_3D('',#4758,#4759,#4760);
#4758 = CARTESIAN_POINT('',(75.53,-30.38,-4.6E-02));
#4759 = DIRECTION('',(-0.,-0.,-1.));
#4760 = DIRECTION('',(-0.,-1.,0.));
#4761 = ADVANCED_FACE('',(#4762),#4778,.T.);
#4762 = FACE_BOUND('',#4763,.T.);
#4763 = EDGE_LOOP('',(#4764,#4770,#4771,#4777));
#4764 = ORIENTED_EDGE('',*,*,#4765,.T.);
#4765 = EDGE_CURVE('',#1081,#2639,#4766,.T.);
#4766 = LINE('',#4767,#4768);
#4767 = CARTESIAN_POINT('',(59.88,-26.6,0.));
#4768 = VECTOR('',#4769,1.);
#4769 = DIRECTION('',(0.,0.,1.));
#4770 = ORIENTED_EDGE('',*,*,#2638,.T.);
#4771 = ORIENTED_EDGE('',*,*,#4772,.F.);
#4772 = EDGE_CURVE('',#1083,#2641,#4773,.T.);
#4773 = LINE('',#4774,#4775);
#4774 = CARTESIAN_POINT('',(68.32,-26.6,0.));
#4775 = VECTOR('',#4776,1.);
#4776 = DIRECTION('',(0.,0.,1.));
#4777 = ORIENTED_EDGE('',*,*,#1080,.F.);
#4778 = PLANE('',#4779);
#4779 = AXIS2_PLACEMENT_3D('',#4780,#4781,#4782);
#4780 = CARTESIAN_POINT('',(59.88,-26.6,0.));
#4781 = DIRECTION('',(0.,1.,0.));
#4782 = DIRECTION('',(1.,0.,0.));
#4783 = ADVANCED_FACE('',(#4784),#4795,.T.);
#4784 = FACE_BOUND('',#4785,.T.);
#4785 = EDGE_LOOP('',(#4786,#4792,#4793,#4794));
#4786 = ORIENTED_EDGE('',*,*,#4787,.T.);
#4787 = EDGE_CURVE('',#1091,#2649,#4788,.T.);
#4788 = LINE('',#4789,#4790);
#4789 = CARTESIAN_POINT('',(59.88,-26.,0.));
#4790 = VECTOR('',#4791,1.);
#4791 = DIRECTION('',(0.,0.,1.));
#4792 = ORIENTED_EDGE('',*,*,#2648,.T.);
#4793 = ORIENTED_EDGE('',*,*,#4765,.F.);
#4794 = ORIENTED_EDGE('',*,*,#1090,.F.);
#4795 = PLANE('',#4796);
#4796 = AXIS2_PLACEMENT_3D('',#4797,#4798,#4799);
#4797 = CARTESIAN_POINT('',(59.88,-26.,0.));
#4798 = DIRECTION('',(1.,0.,-0.));
#4799 = DIRECTION('',(0.,-1.,0.));
#4800 = ADVANCED_FACE('',(#4801),#4812,.T.);
#4801 = FACE_BOUND('',#4802,.T.);
#4802 = EDGE_LOOP('',(#4803,#4804,#4805,#4811));
#4803 = ORIENTED_EDGE('',*,*,#4772,.T.);
#4804 = ORIENTED_EDGE('',*,*,#2664,.T.);
#4805 = ORIENTED_EDGE('',*,*,#4806,.F.);
#4806 = EDGE_CURVE('',#1099,#2657,#4807,.T.);
#4807 = LINE('',#4808,#4809);
#4808 = CARTESIAN_POINT('',(68.32,-26.,0.));
#4809 = VECTOR('',#4810,1.);
#4810 = DIRECTION('',(0.,0.,1.));
#4811 = ORIENTED_EDGE('',*,*,#1106,.F.);
#4812 = PLANE('',#4813);
#4813 = AXIS2_PLACEMENT_3D('',#4814,#4815,#4816);
#4814 = CARTESIAN_POINT('',(68.32,-26.6,0.));
#4815 = DIRECTION('',(-1.,0.,0.));
#4816 = DIRECTION('',(0.,1.,0.));
#4817 = ADVANCED_FACE('',(#4818),#4824,.T.);
#4818 = FACE_BOUND('',#4819,.T.);
#4819 = EDGE_LOOP('',(#4820,#4821,#4822,#4823));
#4820 = ORIENTED_EDGE('',*,*,#4806,.T.);
#4821 = ORIENTED_EDGE('',*,*,#2656,.T.);
#4822 = ORIENTED_EDGE('',*,*,#4787,.F.);
#4823 = ORIENTED_EDGE('',*,*,#1098,.F.);
#4824 = PLANE('',#4825);
#4825 = AXIS2_PLACEMENT_3D('',#4826,#4827,#4828);
#4826 = CARTESIAN_POINT('',(68.32,-26.,0.));
#4827 = DIRECTION('',(0.,-1.,0.));
#4828 = DIRECTION('',(-1.,0.,0.));
#4829 = ADVANCED_FACE('',(#4830),#4841,.F.);
#4830 = FACE_BOUND('',#4831,.T.);
#4831 = EDGE_LOOP('',(#4832,#4833,#4839,#4840));
#4832 = ORIENTED_EDGE('',*,*,#1114,.T.);
#4833 = ORIENTED_EDGE('',*,*,#4834,.T.);
#4834 = EDGE_CURVE('',#1115,#2673,#4835,.T.);
#4835 = LINE('',#4836,#4837);
#4836 = CARTESIAN_POINT('',(83.15,-30.78,-4.6E-02));
#4837 = VECTOR('',#4838,1.);
#4838 = DIRECTION('',(0.,0.,1.));
#4839 = ORIENTED_EDGE('',*,*,#2672,.F.);
#4840 = ORIENTED_EDGE('',*,*,#4834,.F.);
#4841 = CYLINDRICAL_SURFACE('',#4842,0.4);
#4842 = AXIS2_PLACEMENT_3D('',#4843,#4844,#4845);
#4843 = CARTESIAN_POINT('',(83.15,-30.38,-4.6E-02));
#4844 = DIRECTION('',(-0.,-0.,-1.));
#4845 = DIRECTION('',(-0.,-1.,0.));
#4846 = ADVANCED_FACE('',(#4847),#4858,.F.);
#4847 = FACE_BOUND('',#4848,.T.);
#4848 = EDGE_LOOP('',(#4849,#4850,#4856,#4857));
#4849 = ORIENTED_EDGE('',*,*,#1125,.T.);
#4850 = ORIENTED_EDGE('',*,*,#4851,.T.);
#4851 = EDGE_CURVE('',#1126,#2684,#4852,.T.);
#4852 = LINE('',#4853,#4854);
#4853 = CARTESIAN_POINT('',(90.77,-30.78,-4.6E-02));
#4854 = VECTOR('',#4855,1.);
#4855 = DIRECTION('',(0.,0.,1.));
#4856 = ORIENTED_EDGE('',*,*,#2683,.F.);
#4857 = ORIENTED_EDGE('',*,*,#4851,.F.);
#4858 = CYLINDRICAL_SURFACE('',#4859,0.4);
#4859 = AXIS2_PLACEMENT_3D('',#4860,#4861,#4862);
#4860 = CARTESIAN_POINT('',(90.77,-30.38,-4.6E-02));
#4861 = DIRECTION('',(-0.,-0.,-1.));
#4862 = DIRECTION('',(-3.552713678801E-14,-1.,0.));
#4863 = ADVANCED_FACE('',(#4864),#4875,.F.);
#4864 = FACE_BOUND('',#4865,.T.);
#4865 = EDGE_LOOP('',(#4866,#4867,#4873,#4874));
#4866 = ORIENTED_EDGE('',*,*,#1136,.T.);
#4867 = ORIENTED_EDGE('',*,*,#4868,.T.);
#4868 = EDGE_CURVE('',#1137,#2695,#4869,.T.);
#4869 = LINE('',#4870,#4871);
#4870 = CARTESIAN_POINT('',(98.39,-30.78,-4.6E-02));
#4871 = VECTOR('',#4872,1.);
#4872 = DIRECTION('',(0.,0.,1.));
#4873 = ORIENTED_EDGE('',*,*,#2694,.F.);
#4874 = ORIENTED_EDGE('',*,*,#4868,.F.);
#4875 = CYLINDRICAL_SURFACE('',#4876,0.4);
#4876 = AXIS2_PLACEMENT_3D('',#4877,#4878,#4879);
#4877 = CARTESIAN_POINT('',(98.39,-30.38,-4.6E-02));
#4878 = DIRECTION('',(-0.,-0.,-1.));
#4879 = DIRECTION('',(-0.,-1.,0.));
#4880 = ADVANCED_FACE('',(#4881),#4897,.T.);
#4881 = FACE_BOUND('',#4882,.T.);
#4882 = EDGE_LOOP('',(#4883,#4889,#4890,#4896));
#4883 = ORIENTED_EDGE('',*,*,#4884,.T.);
#4884 = EDGE_CURVE('',#1148,#2706,#4885,.T.);
#4885 = LINE('',#4886,#4887);
#4886 = CARTESIAN_POINT('',(90.36,-26.6,0.));
#4887 = VECTOR('',#4888,1.);
#4888 = DIRECTION('',(0.,0.,1.));
#4889 = ORIENTED_EDGE('',*,*,#2705,.T.);
#4890 = ORIENTED_EDGE('',*,*,#4891,.F.);
#4891 = EDGE_CURVE('',#1150,#2708,#4892,.T.);
#4892 = LINE('',#4893,#4894);
#4893 = CARTESIAN_POINT('',(98.8,-26.6,0.));
#4894 = VECTOR('',#4895,1.);
#4895 = DIRECTION('',(0.,0.,1.));
#4896 = ORIENTED_EDGE('',*,*,#1147,.F.);
#4897 = PLANE('',#4898);
#4898 = AXIS2_PLACEMENT_3D('',#4899,#4900,#4901);
#4899 = CARTESIAN_POINT('',(90.36,-26.6,0.));
#4900 = DIRECTION('',(0.,1.,0.));
#4901 = DIRECTION('',(1.,0.,0.));
#4902 = ADVANCED_FACE('',(#4903),#4914,.T.);
#4903 = FACE_BOUND('',#4904,.T.);
#4904 = EDGE_LOOP('',(#4905,#4911,#4912,#4913));
#4905 = ORIENTED_EDGE('',*,*,#4906,.T.);
#4906 = EDGE_CURVE('',#1158,#2716,#4907,.T.);
#4907 = LINE('',#4908,#4909);
#4908 = CARTESIAN_POINT('',(90.36,-26.,0.));
#4909 = VECTOR('',#4910,1.);
#4910 = DIRECTION('',(0.,0.,1.));
#4911 = ORIENTED_EDGE('',*,*,#2715,.T.);
#4912 = ORIENTED_EDGE('',*,*,#4884,.F.);
#4913 = ORIENTED_EDGE('',*,*,#1157,.F.);
#4914 = PLANE('',#4915);
#4915 = AXIS2_PLACEMENT_3D('',#4916,#4917,#4918);
#4916 = CARTESIAN_POINT('',(90.36,-26.,0.));
#4917 = DIRECTION('',(1.,0.,-0.));
#4918 = DIRECTION('',(0.,-1.,0.));
#4919 = ADVANCED_FACE('',(#4920),#4931,.T.);
#4920 = FACE_BOUND('',#4921,.T.);
#4921 = EDGE_LOOP('',(#4922,#4923,#4924,#4930));
#4922 = ORIENTED_EDGE('',*,*,#4891,.T.);
#4923 = ORIENTED_EDGE('',*,*,#2731,.T.);
#4924 = ORIENTED_EDGE('',*,*,#4925,.F.);
#4925 = EDGE_CURVE('',#1166,#2724,#4926,.T.);
#4926 = LINE('',#4927,#4928);
#4927 = CARTESIAN_POINT('',(98.8,-26.,0.));
#4928 = VECTOR('',#4929,1.);
#4929 = DIRECTION('',(0.,0.,1.));
#4930 = ORIENTED_EDGE('',*,*,#1173,.F.);
#4931 = PLANE('',#4932);
#4932 = AXIS2_PLACEMENT_3D('',#4933,#4934,#4935);
#4933 = CARTESIAN_POINT('',(98.8,-26.6,0.));
#4934 = DIRECTION('',(-1.,0.,0.));
#4935 = DIRECTION('',(0.,1.,0.));
#4936 = ADVANCED_FACE('',(#4937),#4943,.T.);
#4937 = FACE_BOUND('',#4938,.T.);
#4938 = EDGE_LOOP('',(#4939,#4940,#4941,#4942));
#4939 = ORIENTED_EDGE('',*,*,#4925,.T.);
#4940 = ORIENTED_EDGE('',*,*,#2723,.T.);
#4941 = ORIENTED_EDGE('',*,*,#4906,.F.);
#4942 = ORIENTED_EDGE('',*,*,#1165,.F.);
#4943 = PLANE('',#4944);
#4944 = AXIS2_PLACEMENT_3D('',#4945,#4946,#4947);
#4945 = CARTESIAN_POINT('',(98.8,-26.,0.));
#4946 = DIRECTION('',(0.,-1.,0.));
#4947 = DIRECTION('',(-1.,0.,0.));
#4948 = ADVANCED_FACE('',(#4949),#4965,.T.);
#4949 = FACE_BOUND('',#4950,.T.);
#4950 = EDGE_LOOP('',(#4951,#4957,#4958,#4964));
#4951 = ORIENTED_EDGE('',*,*,#4952,.T.);
#4952 = EDGE_CURVE('',#1182,#2740,#4953,.T.);
#4953 = LINE('',#4954,#4955);
#4954 = CARTESIAN_POINT('',(105.6,-49.9,0.));
#4955 = VECTOR('',#4956,1.);
#4956 = DIRECTION('',(0.,0.,1.));
#4957 = ORIENTED_EDGE('',*,*,#2739,.T.);
#4958 = ORIENTED_EDGE('',*,*,#4959,.F.);
#4959 = EDGE_CURVE('',#1184,#2742,#4960,.T.);
#4960 = LINE('',#4961,#4962);
#4961 = CARTESIAN_POINT('',(114.04,-49.9,0.));
#4962 = VECTOR('',#4963,1.);
#4963 = DIRECTION('',(0.,0.,1.));
#4964 = ORIENTED_EDGE('',*,*,#1181,.F.);
#4965 = PLANE('',#4966);
#4966 = AXIS2_PLACEMENT_3D('',#4967,#4968,#4969);
#4967 = CARTESIAN_POINT('',(105.6,-49.9,0.));
#4968 = DIRECTION('',(0.,1.,0.));
#4969 = DIRECTION('',(1.,0.,0.));
#4970 = ADVANCED_FACE('',(#4971),#4982,.T.);
#4971 = FACE_BOUND('',#4972,.T.);
#4972 = EDGE_LOOP('',(#4973,#4979,#4980,#4981));
#4973 = ORIENTED_EDGE('',*,*,#4974,.T.);
#4974 = EDGE_CURVE('',#1192,#2750,#4975,.T.);
#4975 = LINE('',#4976,#4977);
#4976 = CARTESIAN_POINT('',(105.6,-49.3,0.));
#4977 = VECTOR('',#4978,1.);
#4978 = DIRECTION('',(0.,0.,1.));
#4979 = ORIENTED_EDGE('',*,*,#2749,.T.);
#4980 = ORIENTED_EDGE('',*,*,#4952,.F.);
#4981 = ORIENTED_EDGE('',*,*,#1191,.F.);
#4982 = PLANE('',#4983);
#4983 = AXIS2_PLACEMENT_3D('',#4984,#4985,#4986);
#4984 = CARTESIAN_POINT('',(105.6,-49.3,0.));
#4985 = DIRECTION('',(1.,0.,-0.));
#4986 = DIRECTION('',(0.,-1.,0.));
#4987 = ADVANCED_FACE('',(#4988),#4999,.T.);
#4988 = FACE_BOUND('',#4989,.T.);
#4989 = EDGE_LOOP('',(#4990,#4991,#4992,#4998));
#4990 = ORIENTED_EDGE('',*,*,#4959,.T.);
#4991 = ORIENTED_EDGE('',*,*,#2765,.T.);
#4992 = ORIENTED_EDGE('',*,*,#4993,.F.);
#4993 = EDGE_CURVE('',#1200,#2758,#4994,.T.);
#4994 = LINE('',#4995,#4996);
#4995 = CARTESIAN_POINT('',(114.04,-49.3,0.));
#4996 = VECTOR('',#4997,1.);
#4997 = DIRECTION('',(0.,0.,1.));
#4998 = ORIENTED_EDGE('',*,*,#1207,.F.);
#4999 = PLANE('',#5000);
#5000 = AXIS2_PLACEMENT_3D('',#5001,#5002,#5003);
#5001 = CARTESIAN_POINT('',(114.04,-49.9,0.));
#5002 = DIRECTION('',(-1.,0.,0.));
#5003 = DIRECTION('',(0.,1.,0.));
#5004 = ADVANCED_FACE('',(#5005),#5011,.T.);
#5005 = FACE_BOUND('',#5006,.T.);
#5006 = EDGE_LOOP('',(#5007,#5008,#5009,#5010));
#5007 = ORIENTED_EDGE('',*,*,#4993,.T.);
#5008 = ORIENTED_EDGE('',*,*,#2757,.T.);
#5009 = ORIENTED_EDGE('',*,*,#4974,.F.);
#5010 = ORIENTED_EDGE('',*,*,#1199,.F.);
#5011 = PLANE('',#5012);
#5012 = AXIS2_PLACEMENT_3D('',#5013,#5014,#5015);
#5013 = CARTESIAN_POINT('',(114.04,-49.3,0.));
#5014 = DIRECTION('',(0.,-1.,0.));
#5015 = DIRECTION('',(-1.,0.,0.));
#5016 = ADVANCED_FACE('',(#5017),#5028,.F.);
#5017 = FACE_BOUND('',#5018,.T.);
#5018 = EDGE_LOOP('',(#5019,#5020,#5026,#5027));
#5019 = ORIENTED_EDGE('',*,*,#1215,.T.);
#5020 = ORIENTED_EDGE('',*,*,#5021,.T.);
#5021 = EDGE_CURVE('',#1216,#2774,#5022,.T.);
#5022 = LINE('',#5023,#5024);
#5023 = CARTESIAN_POINT('',(106.01,-46.02,-4.6E-02));
#5024 = VECTOR('',#5025,1.);
#5025 = DIRECTION('',(0.,0.,1.));
#5026 = ORIENTED_EDGE('',*,*,#2773,.F.);
#5027 = ORIENTED_EDGE('',*,*,#5021,.F.);
#5028 = CYLINDRICAL_SURFACE('',#5029,0.4);
#5029 = AXIS2_PLACEMENT_3D('',#5030,#5031,#5032);
#5030 = CARTESIAN_POINT('',(106.01,-45.62,-4.6E-02));
#5031 = DIRECTION('',(-0.,0.,-1.));
#5032 = DIRECTION('',(3.5527136788E-14,-1.,-0.));
#5033 = ADVANCED_FACE('',(#5034),#5045,.F.);
#5034 = FACE_BOUND('',#5035,.T.);
#5035 = EDGE_LOOP('',(#5036,#5037,#5043,#5044));
#5036 = ORIENTED_EDGE('',*,*,#1226,.T.);
#5037 = ORIENTED_EDGE('',*,*,#5038,.T.);
#5038 = EDGE_CURVE('',#1227,#2785,#5039,.T.);
#5039 = LINE('',#5040,#5041);
#5040 = CARTESIAN_POINT('',(113.63,-46.02,-4.6E-02));
#5041 = VECTOR('',#5042,1.);
#5042 = DIRECTION('',(0.,0.,1.));
#5043 = ORIENTED_EDGE('',*,*,#2784,.F.);
#5044 = ORIENTED_EDGE('',*,*,#5038,.F.);
#5045 = CYLINDRICAL_SURFACE('',#5046,0.4);
#5046 = AXIS2_PLACEMENT_3D('',#5047,#5048,#5049);
#5047 = CARTESIAN_POINT('',(113.63,-45.62,-4.6E-02));
#5048 = DIRECTION('',(-0.,-0.,-1.));
#5049 = DIRECTION('',(-0.,-1.,0.));
#5050 = ADVANCED_FACE('',(#5051),#5062,.F.);
#5051 = FACE_BOUND('',#5052,.T.);
#5052 = EDGE_LOOP('',(#5053,#5054,#5060,#5061));
#5053 = ORIENTED_EDGE('',*,*,#1237,.T.);
#5054 = ORIENTED_EDGE('',*,*,#5055,.T.);
#5055 = EDGE_CURVE('',#1238,#2796,#5056,.T.);
#5056 = LINE('',#5057,#5058);
#5057 = CARTESIAN_POINT('',(121.25,-46.02,-4.6E-02));
#5058 = VECTOR('',#5059,1.);
#5059 = DIRECTION('',(0.,0.,1.));
#5060 = ORIENTED_EDGE('',*,*,#2795,.F.);
#5061 = ORIENTED_EDGE('',*,*,#5055,.F.);
#5062 = CYLINDRICAL_SURFACE('',#5063,0.4);
#5063 = AXIS2_PLACEMENT_3D('',#5064,#5065,#5066);
#5064 = CARTESIAN_POINT('',(121.25,-45.62,-4.6E-02));
#5065 = DIRECTION('',(-0.,-0.,-1.));
#5066 = DIRECTION('',(-0.,-1.,0.));
#5067 = ADVANCED_FACE('',(#5068),#5079,.F.);
#5068 = FACE_BOUND('',#5069,.T.);
#5069 = EDGE_LOOP('',(#5070,#5071,#5077,#5078));
#5070 = ORIENTED_EDGE('',*,*,#1248,.T.);
#5071 = ORIENTED_EDGE('',*,*,#5072,.T.);
#5072 = EDGE_CURVE('',#1249,#2807,#5073,.T.);
#5073 = LINE('',#5074,#5075);
#5074 = CARTESIAN_POINT('',(128.87,-46.02,-4.6E-02));
#5075 = VECTOR('',#5076,1.);
#5076 = DIRECTION('',(0.,0.,1.));
#5077 = ORIENTED_EDGE('',*,*,#2806,.F.);
#5078 = ORIENTED_EDGE('',*,*,#5072,.F.);
#5079 = CYLINDRICAL_SURFACE('',#5080,0.4);
#5080 = AXIS2_PLACEMENT_3D('',#5081,#5082,#5083);
#5081 = CARTESIAN_POINT('',(128.87,-45.62,-4.6E-02));
#5082 = DIRECTION('',(-0.,-0.,-1.));
#5083 = DIRECTION('',(-0.,-1.,0.));
#5084 = ADVANCED_FACE('',(#5085),#5096,.F.);
#5085 = FACE_BOUND('',#5086,.T.);
#5086 = EDGE_LOOP('',(#5087,#5088,#5094,#5095));
#5087 = ORIENTED_EDGE('',*,*,#1259,.T.);
#5088 = ORIENTED_EDGE('',*,*,#5089,.T.);
#5089 = EDGE_CURVE('',#1260,#2818,#5090,.T.);
#5090 = LINE('',#5091,#5092);
#5091 = CARTESIAN_POINT('',(136.49,-46.02,-4.6E-02));
#5092 = VECTOR('',#5093,1.);
#5093 = DIRECTION('',(0.,0.,1.));
#5094 = ORIENTED_EDGE('',*,*,#2817,.F.);
#5095 = ORIENTED_EDGE('',*,*,#5089,.F.);
#5096 = CYLINDRICAL_SURFACE('',#5097,0.4);
#5097 = AXIS2_PLACEMENT_3D('',#5098,#5099,#5100);
#5098 = CARTESIAN_POINT('',(136.49,-45.62,-4.6E-02));
#5099 = DIRECTION('',(-0.,-0.,-1.));
#5100 = DIRECTION('',(-0.,-1.,0.));
#5101 = ADVANCED_FACE('',(#5102),#5118,.T.);
#5102 = FACE_BOUND('',#5103,.T.);
#5103 = EDGE_LOOP('',(#5104,#5110,#5111,#5117));
#5104 = ORIENTED_EDGE('',*,*,#5105,.T.);
#5105 = EDGE_CURVE('',#1271,#2829,#5106,.T.);
#5106 = LINE('',#5107,#5108);
#5107 = CARTESIAN_POINT('',(136.08,-49.9,0.));
#5108 = VECTOR('',#5109,1.);
#5109 = DIRECTION('',(0.,0.,1.));
#5110 = ORIENTED_EDGE('',*,*,#2828,.T.);
#5111 = ORIENTED_EDGE('',*,*,#5112,.F.);
#5112 = EDGE_CURVE('',#1273,#2831,#5113,.T.);
#5113 = LINE('',#5114,#5115);
#5114 = CARTESIAN_POINT('',(144.52,-49.9,0.));
#5115 = VECTOR('',#5116,1.);
#5116 = DIRECTION('',(0.,0.,1.));
#5117 = ORIENTED_EDGE('',*,*,#1270,.F.);
#5118 = PLANE('',#5119);
#5119 = AXIS2_PLACEMENT_3D('',#5120,#5121,#5122);
#5120 = CARTESIAN_POINT('',(136.08,-49.9,0.));
#5121 = DIRECTION('',(0.,1.,0.));
#5122 = DIRECTION('',(1.,0.,0.));
#5123 = ADVANCED_FACE('',(#5124),#5135,.T.);
#5124 = FACE_BOUND('',#5125,.T.);
#5125 = EDGE_LOOP('',(#5126,#5132,#5133,#5134));
#5126 = ORIENTED_EDGE('',*,*,#5127,.T.);
#5127 = EDGE_CURVE('',#1281,#2839,#5128,.T.);
#5128 = LINE('',#5129,#5130);
#5129 = CARTESIAN_POINT('',(136.08,-49.3,0.));
#5130 = VECTOR('',#5131,1.);
#5131 = DIRECTION('',(0.,0.,1.));
#5132 = ORIENTED_EDGE('',*,*,#2838,.T.);
#5133 = ORIENTED_EDGE('',*,*,#5105,.F.);
#5134 = ORIENTED_EDGE('',*,*,#1280,.F.);
#5135 = PLANE('',#5136);
#5136 = AXIS2_PLACEMENT_3D('',#5137,#5138,#5139);
#5137 = CARTESIAN_POINT('',(136.08,-49.3,0.));
#5138 = DIRECTION('',(1.,0.,-0.));
#5139 = DIRECTION('',(0.,-1.,0.));
#5140 = ADVANCED_FACE('',(#5141),#5152,.T.);
#5141 = FACE_BOUND('',#5142,.T.);
#5142 = EDGE_LOOP('',(#5143,#5144,#5145,#5151));
#5143 = ORIENTED_EDGE('',*,*,#5112,.T.);
#5144 = ORIENTED_EDGE('',*,*,#2854,.T.);
#5145 = ORIENTED_EDGE('',*,*,#5146,.F.);
#5146 = EDGE_CURVE('',#1289,#2847,#5147,.T.);
#5147 = LINE('',#5148,#5149);
#5148 = CARTESIAN_POINT('',(144.52,-49.3,0.));
#5149 = VECTOR('',#5150,1.);
#5150 = DIRECTION('',(0.,0.,1.));
#5151 = ORIENTED_EDGE('',*,*,#1296,.F.);
#5152 = PLANE('',#5153);
#5153 = AXIS2_PLACEMENT_3D('',#5154,#5155,#5156);
#5154 = CARTESIAN_POINT('',(144.52,-49.9,0.));
#5155 = DIRECTION('',(-1.,0.,0.));
#5156 = DIRECTION('',(0.,1.,0.));
#5157 = ADVANCED_FACE('',(#5158),#5164,.T.);
#5158 = FACE_BOUND('',#5159,.T.);
#5159 = EDGE_LOOP('',(#5160,#5161,#5162,#5163));
#5160 = ORIENTED_EDGE('',*,*,#5146,.T.);
#5161 = ORIENTED_EDGE('',*,*,#2846,.T.);
#5162 = ORIENTED_EDGE('',*,*,#5127,.F.);
#5163 = ORIENTED_EDGE('',*,*,#1288,.F.);
#5164 = PLANE('',#5165);
#5165 = AXIS2_PLACEMENT_3D('',#5166,#5167,#5168);
#5166 = CARTESIAN_POINT('',(144.52,-49.3,0.));
#5167 = DIRECTION('',(0.,-1.,0.));
#5168 = DIRECTION('',(-1.,0.,0.));
#5169 = ADVANCED_FACE('',(#5170),#5181,.F.);
#5170 = FACE_BOUND('',#5171,.T.);
#5171 = EDGE_LOOP('',(#5172,#5173,#5179,#5180));
#5172 = ORIENTED_EDGE('',*,*,#1304,.T.);
#5173 = ORIENTED_EDGE('',*,*,#5174,.T.);
#5174 = EDGE_CURVE('',#1305,#2863,#5175,.T.);
#5175 = LINE('',#5176,#5177);
#5176 = CARTESIAN_POINT('',(144.11,-46.02,-4.6E-02));
#5177 = VECTOR('',#5178,1.);
#5178 = DIRECTION('',(0.,0.,1.));
#5179 = ORIENTED_EDGE('',*,*,#2862,.F.);
#5180 = ORIENTED_EDGE('',*,*,#5174,.F.);
#5181 = CYLINDRICAL_SURFACE('',#5182,0.4);
#5182 = AXIS2_PLACEMENT_3D('',#5183,#5184,#5185);
#5183 = CARTESIAN_POINT('',(144.11,-45.62,-4.6E-02));
#5184 = DIRECTION('',(-0.,-0.,-1.));
#5185 = DIRECTION('',(-0.,-1.,0.));
#5186 = ADVANCED_FACE('',(#5187),#5198,.F.);
#5187 = FACE_BOUND('',#5188,.T.);
#5188 = EDGE_LOOP('',(#5189,#5190,#5196,#5197));
#5189 = ORIENTED_EDGE('',*,*,#1315,.T.);
#5190 = ORIENTED_EDGE('',*,*,#5191,.T.);
#5191 = EDGE_CURVE('',#1316,#2874,#5192,.T.);
#5192 = LINE('',#5193,#5194);
#5193 = CARTESIAN_POINT('',(151.73,-46.02,-4.6E-02));
#5194 = VECTOR('',#5195,1.);
#5195 = DIRECTION('',(0.,0.,1.));
#5196 = ORIENTED_EDGE('',*,*,#2873,.F.);
#5197 = ORIENTED_EDGE('',*,*,#5191,.F.);
#5198 = CYLINDRICAL_SURFACE('',#5199,0.4);
#5199 = AXIS2_PLACEMENT_3D('',#5200,#5201,#5202);
#5200 = CARTESIAN_POINT('',(151.73,-45.62,-4.6E-02));
#5201 = DIRECTION('',(-0.,-0.,-1.));
#5202 = DIRECTION('',(-7.105427357601E-14,-1.,0.));
#5203 = ADVANCED_FACE('',(#5204),#5215,.F.);
#5204 = FACE_BOUND('',#5205,.T.);
#5205 = EDGE_LOOP('',(#5206,#5207,#5213,#5214));
#5206 = ORIENTED_EDGE('',*,*,#1326,.T.);
#5207 = ORIENTED_EDGE('',*,*,#5208,.T.);
#5208 = EDGE_CURVE('',#1327,#2885,#5209,.T.);
#5209 = LINE('',#5210,#5211);
#5210 = CARTESIAN_POINT('',(159.35,-46.02,-4.6E-02));
#5211 = VECTOR('',#5212,1.);
#5212 = DIRECTION('',(0.,0.,1.));
#5213 = ORIENTED_EDGE('',*,*,#2884,.F.);
#5214 = ORIENTED_EDGE('',*,*,#5208,.F.);
#5215 = CYLINDRICAL_SURFACE('',#5216,0.4);
#5216 = AXIS2_PLACEMENT_3D('',#5217,#5218,#5219);
#5217 = CARTESIAN_POINT('',(159.35,-45.62,-4.6E-02));
#5218 = DIRECTION('',(-0.,-0.,-1.));
#5219 = DIRECTION('',(-0.,-1.,0.));
#5220 = ADVANCED_FACE('',(#5221),#5237,.T.);
#5221 = FACE_BOUND('',#5222,.T.);
#5222 = EDGE_LOOP('',(#5223,#5229,#5230,#5236));
#5223 = ORIENTED_EDGE('',*,*,#5224,.T.);
#5224 = EDGE_CURVE('',#1338,#2896,#5225,.T.);
#5225 = LINE('',#5226,#5227);
#5226 = CARTESIAN_POINT('',(166.56,-49.9,0.));
#5227 = VECTOR('',#5228,1.);
#5228 = DIRECTION('',(0.,0.,1.));
#5229 = ORIENTED_EDGE('',*,*,#2895,.T.);
#5230 = ORIENTED_EDGE('',*,*,#5231,.F.);
#5231 = EDGE_CURVE('',#1340,#2898,#5232,.T.);
#5232 = LINE('',#5233,#5234);
#5233 = CARTESIAN_POINT('',(175.,-49.9,0.));
#5234 = VECTOR('',#5235,1.);
#5235 = DIRECTION('',(0.,0.,1.));
#5236 = ORIENTED_EDGE('',*,*,#1337,.F.);
#5237 = PLANE('',#5238);
#5238 = AXIS2_PLACEMENT_3D('',#5239,#5240,#5241);
#5239 = CARTESIAN_POINT('',(166.56,-49.9,0.));
#5240 = DIRECTION('',(0.,1.,0.));
#5241 = DIRECTION('',(1.,0.,0.));
#5242 = ADVANCED_FACE('',(#5243),#5254,.T.);
#5243 = FACE_BOUND('',#5244,.T.);
#5244 = EDGE_LOOP('',(#5245,#5251,#5252,#5253));
#5245 = ORIENTED_EDGE('',*,*,#5246,.T.);
#5246 = EDGE_CURVE('',#1348,#2906,#5247,.T.);
#5247 = LINE('',#5248,#5249);
#5248 = CARTESIAN_POINT('',(166.56,-49.3,0.));
#5249 = VECTOR('',#5250,1.);
#5250 = DIRECTION('',(0.,0.,1.));
#5251 = ORIENTED_EDGE('',*,*,#2905,.T.);
#5252 = ORIENTED_EDGE('',*,*,#5224,.F.);
#5253 = ORIENTED_EDGE('',*,*,#1347,.F.);
#5254 = PLANE('',#5255);
#5255 = AXIS2_PLACEMENT_3D('',#5256,#5257,#5258);
#5256 = CARTESIAN_POINT('',(166.56,-49.3,0.));
#5257 = DIRECTION('',(1.,0.,-0.));
#5258 = DIRECTION('',(0.,-1.,0.));
#5259 = ADVANCED_FACE('',(#5260),#5271,.T.);
#5260 = FACE_BOUND('',#5261,.T.);
#5261 = EDGE_LOOP('',(#5262,#5263,#5264,#5270));
#5262 = ORIENTED_EDGE('',*,*,#5231,.T.);
#5263 = ORIENTED_EDGE('',*,*,#2921,.T.);
#5264 = ORIENTED_EDGE('',*,*,#5265,.F.);
#5265 = EDGE_CURVE('',#1356,#2914,#5266,.T.);
#5266 = LINE('',#5267,#5268);
#5267 = CARTESIAN_POINT('',(175.,-49.3,0.));
#5268 = VECTOR('',#5269,1.);
#5269 = DIRECTION('',(0.,0.,1.));
#5270 = ORIENTED_EDGE('',*,*,#1363,.F.);
#5271 = PLANE('',#5272);
#5272 = AXIS2_PLACEMENT_3D('',#5273,#5274,#5275);
#5273 = CARTESIAN_POINT('',(175.,-49.9,0.));
#5274 = DIRECTION('',(-1.,0.,0.));
#5275 = DIRECTION('',(0.,1.,0.));
#5276 = ADVANCED_FACE('',(#5277),#5283,.T.);
#5277 = FACE_BOUND('',#5278,.T.);
#5278 = EDGE_LOOP('',(#5279,#5280,#5281,#5282));
#5279 = ORIENTED_EDGE('',*,*,#5265,.T.);
#5280 = ORIENTED_EDGE('',*,*,#2913,.T.);
#5281 = ORIENTED_EDGE('',*,*,#5246,.F.);
#5282 = ORIENTED_EDGE('',*,*,#1355,.F.);
#5283 = PLANE('',#5284);
#5284 = AXIS2_PLACEMENT_3D('',#5285,#5286,#5287);
#5285 = CARTESIAN_POINT('',(175.,-49.3,0.));
#5286 = DIRECTION('',(0.,-1.,0.));
#5287 = DIRECTION('',(-1.,0.,0.));
#5288 = ADVANCED_FACE('',(#5289),#5300,.F.);
#5289 = FACE_BOUND('',#5290,.T.);
#5290 = EDGE_LOOP('',(#5291,#5292,#5298,#5299));
#5291 = ORIENTED_EDGE('',*,*,#1371,.T.);
#5292 = ORIENTED_EDGE('',*,*,#5293,.T.);
#5293 = EDGE_CURVE('',#1372,#2930,#5294,.T.);
#5294 = LINE('',#5295,#5296);
#5295 = CARTESIAN_POINT('',(166.97,-46.02,-4.6E-02));
#5296 = VECTOR('',#5297,1.);
#5297 = DIRECTION('',(0.,0.,1.));
#5298 = ORIENTED_EDGE('',*,*,#2929,.F.);
#5299 = ORIENTED_EDGE('',*,*,#5293,.F.);
#5300 = CYLINDRICAL_SURFACE('',#5301,0.4);
#5301 = AXIS2_PLACEMENT_3D('',#5302,#5303,#5304);
#5302 = CARTESIAN_POINT('',(166.97,-45.62,-4.6E-02));
#5303 = DIRECTION('',(-0.,-0.,-1.));
#5304 = DIRECTION('',(-0.,-1.,0.));
#5305 = ADVANCED_FACE('',(#5306),#5317,.F.);
#5306 = FACE_BOUND('',#5307,.T.);
#5307 = EDGE_LOOP('',(#5308,#5309,#5315,#5316));
#5308 = ORIENTED_EDGE('',*,*,#1382,.T.);
#5309 = ORIENTED_EDGE('',*,*,#5310,.T.);
#5310 = EDGE_CURVE('',#1383,#2941,#5311,.T.);
#5311 = LINE('',#5312,#5313);
#5312 = CARTESIAN_POINT('',(174.59,-46.02,-4.6E-02));
#5313 = VECTOR('',#5314,1.);
#5314 = DIRECTION('',(0.,0.,1.));
#5315 = ORIENTED_EDGE('',*,*,#2940,.F.);
#5316 = ORIENTED_EDGE('',*,*,#5310,.F.);
#5317 = CYLINDRICAL_SURFACE('',#5318,0.4);
#5318 = AXIS2_PLACEMENT_3D('',#5319,#5320,#5321);
#5319 = CARTESIAN_POINT('',(174.59,-45.62,-4.6E-02));
#5320 = DIRECTION('',(-0.,-0.,-1.));
#5321 = DIRECTION('',(-0.,-1.,0.));
#5322 = ADVANCED_FACE('',(#5323),#5334,.F.);
#5323 = FACE_BOUND('',#5324,.T.);
#5324 = EDGE_LOOP('',(#5325,#5326,#5332,#5333));
#5325 = ORIENTED_EDGE('',*,*,#1393,.T.);
#5326 = ORIENTED_EDGE('',*,*,#5327,.T.);
#5327 = EDGE_CURVE('',#1394,#2952,#5328,.T.);
#5328 = LINE('',#5329,#5330);
#5329 = CARTESIAN_POINT('',(193.,-53.35,-4.6E-02));
#5330 = VECTOR('',#5331,1.);
#5331 = DIRECTION('',(0.,0.,1.));
#5332 = ORIENTED_EDGE('',*,*,#2951,.F.);
#5333 = ORIENTED_EDGE('',*,*,#5327,.F.);
#5334 = CYLINDRICAL_SURFACE('',#5335,1.35);
#5335 = AXIS2_PLACEMENT_3D('',#5336,#5337,#5338);
#5336 = CARTESIAN_POINT('',(193.,-52.,-4.6E-02));
#5337 = DIRECTION('',(-0.,-0.,-1.));
#5338 = DIRECTION('',(-0.,-1.,0.));
#5339 = ADVANCED_FACE('',(#5340),#5351,.F.);
#5340 = FACE_BOUND('',#5341,.T.);
#5341 = EDGE_LOOP('',(#5342,#5343,#5349,#5350));
#5342 = ORIENTED_EDGE('',*,*,#1404,.T.);
#5343 = ORIENTED_EDGE('',*,*,#5344,.T.);
#5344 = EDGE_CURVE('',#1405,#2963,#5345,.T.);
#5345 = LINE('',#5346,#5347);
#5346 = CARTESIAN_POINT('',(182.21,-46.02,-4.6E-02));
#5347 = VECTOR('',#5348,1.);
#5348 = DIRECTION('',(0.,0.,1.));
#5349 = ORIENTED_EDGE('',*,*,#2962,.F.);
#5350 = ORIENTED_EDGE('',*,*,#5344,.F.);
#5351 = CYLINDRICAL_SURFACE('',#5352,0.4);
#5352 = AXIS2_PLACEMENT_3D('',#5353,#5354,#5355);
#5353 = CARTESIAN_POINT('',(182.21,-45.62,-4.6E-02));
#5354 = DIRECTION('',(-0.,-0.,-1.));
#5355 = DIRECTION('',(-0.,-1.,0.));
#5356 = ADVANCED_FACE('',(#5357),#5368,.F.);
#5357 = FACE_BOUND('',#5358,.T.);
#5358 = EDGE_LOOP('',(#5359,#5360,#5366,#5367));
#5359 = ORIENTED_EDGE('',*,*,#1415,.T.);
#5360 = ORIENTED_EDGE('',*,*,#5361,.T.);
#5361 = EDGE_CURVE('',#1416,#2974,#5362,.T.);
#5362 = LINE('',#5363,#5364);
#5363 = CARTESIAN_POINT('',(189.83,-46.02,-4.6E-02));
#5364 = VECTOR('',#5365,1.);
#5365 = DIRECTION('',(0.,0.,1.));
#5366 = ORIENTED_EDGE('',*,*,#2973,.F.);
#5367 = ORIENTED_EDGE('',*,*,#5361,.F.);
#5368 = CYLINDRICAL_SURFACE('',#5369,0.4);
#5369 = AXIS2_PLACEMENT_3D('',#5370,#5371,#5372);
#5370 = CARTESIAN_POINT('',(189.83,-45.62,-4.6E-02));
#5371 = DIRECTION('',(-0.,0.,-1.));
#5372 = DIRECTION('',(7.105427357601E-14,-1.,-0.));
#5373 = ADVANCED_FACE('',(#5374),#5385,.F.);
#5374 = FACE_BOUND('',#5375,.T.);
#5375 = EDGE_LOOP('',(#5376,#5377,#5383,#5384));
#5376 = ORIENTED_EDGE('',*,*,#1426,.T.);
#5377 = ORIENTED_EDGE('',*,*,#5378,.T.);
#5378 = EDGE_CURVE('',#1427,#2985,#5379,.T.);
#5379 = LINE('',#5380,#5381);
#5380 = CARTESIAN_POINT('',(197.45,-46.02,-4.6E-02));
#5381 = VECTOR('',#5382,1.);
#5382 = DIRECTION('',(0.,0.,1.));
#5383 = ORIENTED_EDGE('',*,*,#2984,.F.);
#5384 = ORIENTED_EDGE('',*,*,#5378,.F.);
#5385 = CYLINDRICAL_SURFACE('',#5386,0.4);
#5386 = AXIS2_PLACEMENT_3D('',#5387,#5388,#5389);
#5387 = CARTESIAN_POINT('',(197.45,-45.62,-4.6E-02));
#5388 = DIRECTION('',(-0.,-0.,-1.));
#5389 = DIRECTION('',(-0.,-1.,0.));
#5390 = ADVANCED_FACE('',(#5391),#5402,.F.);
#5391 = FACE_BOUND('',#5392,.T.);
#5392 = EDGE_LOOP('',(#5393,#5394,#5400,#5401));
#5393 = ORIENTED_EDGE('',*,*,#1437,.T.);
#5394 = ORIENTED_EDGE('',*,*,#5395,.T.);
#5395 = EDGE_CURVE('',#1438,#2996,#5396,.T.);
#5396 = LINE('',#5397,#5398);
#5397 = CARTESIAN_POINT('',(106.01,-30.78,-4.6E-02));
#5398 = VECTOR('',#5399,1.);
#5399 = DIRECTION('',(0.,0.,1.));
#5400 = ORIENTED_EDGE('',*,*,#2995,.F.);
#5401 = ORIENTED_EDGE('',*,*,#5395,.F.);
#5402 = CYLINDRICAL_SURFACE('',#5403,0.4);
#5403 = AXIS2_PLACEMENT_3D('',#5404,#5405,#5406);
#5404 = CARTESIAN_POINT('',(106.01,-30.38,-4.6E-02));
#5405 = DIRECTION('',(-0.,0.,-1.));
#5406 = DIRECTION('',(3.5527136788E-14,-1.,-0.));
#5407 = ADVANCED_FACE('',(#5408),#5419,.F.);
#5408 = FACE_BOUND('',#5409,.T.);
#5409 = EDGE_LOOP('',(#5410,#5411,#5417,#5418));
#5410 = ORIENTED_EDGE('',*,*,#1448,.T.);
#5411 = ORIENTED_EDGE('',*,*,#5412,.T.);
#5412 = EDGE_CURVE('',#1449,#3007,#5413,.T.);
#5413 = LINE('',#5414,#5415);
#5414 = CARTESIAN_POINT('',(113.63,-30.78,-4.6E-02));
#5415 = VECTOR('',#5416,1.);
#5416 = DIRECTION('',(0.,0.,1.));
#5417 = ORIENTED_EDGE('',*,*,#3006,.F.);
#5418 = ORIENTED_EDGE('',*,*,#5412,.F.);
#5419 = CYLINDRICAL_SURFACE('',#5420,0.4);
#5420 = AXIS2_PLACEMENT_3D('',#5421,#5422,#5423);
#5421 = CARTESIAN_POINT('',(113.63,-30.38,-4.6E-02));
#5422 = DIRECTION('',(-0.,-0.,-1.));
#5423 = DIRECTION('',(-0.,-1.,0.));
#5424 = ADVANCED_FACE('',(#5425),#5436,.F.);
#5425 = FACE_BOUND('',#5426,.T.);
#5426 = EDGE_LOOP('',(#5427,#5428,#5434,#5435));
#5427 = ORIENTED_EDGE('',*,*,#1459,.T.);
#5428 = ORIENTED_EDGE('',*,*,#5429,.T.);
#5429 = EDGE_CURVE('',#1460,#3018,#5430,.T.);
#5430 = LINE('',#5431,#5432);
#5431 = CARTESIAN_POINT('',(121.25,-30.78,-4.6E-02));
#5432 = VECTOR('',#5433,1.);
#5433 = DIRECTION('',(0.,0.,1.));
#5434 = ORIENTED_EDGE('',*,*,#3017,.F.);
#5435 = ORIENTED_EDGE('',*,*,#5429,.F.);
#5436 = CYLINDRICAL_SURFACE('',#5437,0.4);
#5437 = AXIS2_PLACEMENT_3D('',#5438,#5439,#5440);
#5438 = CARTESIAN_POINT('',(121.25,-30.38,-4.6E-02));
#5439 = DIRECTION('',(-0.,-0.,-1.));
#5440 = DIRECTION('',(-0.,-1.,0.));
#5441 = ADVANCED_FACE('',(#5442),#5458,.T.);
#5442 = FACE_BOUND('',#5443,.T.);
#5443 = EDGE_LOOP('',(#5444,#5450,#5451,#5457));
#5444 = ORIENTED_EDGE('',*,*,#5445,.T.);
#5445 = EDGE_CURVE('',#1471,#3029,#5446,.T.);
#5446 = LINE('',#5447,#5448);
#5447 = CARTESIAN_POINT('',(120.84,-26.6,0.));
#5448 = VECTOR('',#5449,1.);
#5449 = DIRECTION('',(0.,0.,1.));
#5450 = ORIENTED_EDGE('',*,*,#3028,.T.);
#5451 = ORIENTED_EDGE('',*,*,#5452,.F.);
#5452 = EDGE_CURVE('',#1473,#3031,#5453,.T.);
#5453 = LINE('',#5454,#5455);
#5454 = CARTESIAN_POINT('',(129.28,-26.6,0.));
#5455 = VECTOR('',#5456,1.);
#5456 = DIRECTION('',(0.,0.,1.));
#5457 = ORIENTED_EDGE('',*,*,#1470,.F.);
#5458 = PLANE('',#5459);
#5459 = AXIS2_PLACEMENT_3D('',#5460,#5461,#5462);
#5460 = CARTESIAN_POINT('',(120.84,-26.6,0.));
#5461 = DIRECTION('',(0.,1.,0.));
#5462 = DIRECTION('',(1.,0.,0.));
#5463 = ADVANCED_FACE('',(#5464),#5475,.T.);
#5464 = FACE_BOUND('',#5465,.T.);
#5465 = EDGE_LOOP('',(#5466,#5472,#5473,#5474));
#5466 = ORIENTED_EDGE('',*,*,#5467,.T.);
#5467 = EDGE_CURVE('',#1481,#3039,#5468,.T.);
#5468 = LINE('',#5469,#5470);
#5469 = CARTESIAN_POINT('',(120.84,-26.,0.));
#5470 = VECTOR('',#5471,1.);
#5471 = DIRECTION('',(0.,0.,1.));
#5472 = ORIENTED_EDGE('',*,*,#3038,.T.);
#5473 = ORIENTED_EDGE('',*,*,#5445,.F.);
#5474 = ORIENTED_EDGE('',*,*,#1480,.F.);
#5475 = PLANE('',#5476);
#5476 = AXIS2_PLACEMENT_3D('',#5477,#5478,#5479);
#5477 = CARTESIAN_POINT('',(120.84,-26.,0.));
#5478 = DIRECTION('',(1.,0.,-0.));
#5479 = DIRECTION('',(0.,-1.,0.));
#5480 = ADVANCED_FACE('',(#5481),#5492,.T.);
#5481 = FACE_BOUND('',#5482,.T.);
#5482 = EDGE_LOOP('',(#5483,#5484,#5485,#5491));
#5483 = ORIENTED_EDGE('',*,*,#5452,.T.);
#5484 = ORIENTED_EDGE('',*,*,#3054,.T.);
#5485 = ORIENTED_EDGE('',*,*,#5486,.F.);
#5486 = EDGE_CURVE('',#1489,#3047,#5487,.T.);
#5487 = LINE('',#5488,#5489);
#5488 = CARTESIAN_POINT('',(129.28,-26.,0.));
#5489 = VECTOR('',#5490,1.);
#5490 = DIRECTION('',(0.,0.,1.));
#5491 = ORIENTED_EDGE('',*,*,#1496,.F.);
#5492 = PLANE('',#5493);
#5493 = AXIS2_PLACEMENT_3D('',#5494,#5495,#5496);
#5494 = CARTESIAN_POINT('',(129.28,-26.6,0.));
#5495 = DIRECTION('',(-1.,0.,0.));
#5496 = DIRECTION('',(0.,1.,0.));
#5497 = ADVANCED_FACE('',(#5498),#5504,.T.);
#5498 = FACE_BOUND('',#5499,.T.);
#5499 = EDGE_LOOP('',(#5500,#5501,#5502,#5503));
#5500 = ORIENTED_EDGE('',*,*,#5486,.T.);
#5501 = ORIENTED_EDGE('',*,*,#3046,.T.);
#5502 = ORIENTED_EDGE('',*,*,#5467,.F.);
#5503 = ORIENTED_EDGE('',*,*,#1488,.F.);
#5504 = PLANE('',#5505);
#5505 = AXIS2_PLACEMENT_3D('',#5506,#5507,#5508);
#5506 = CARTESIAN_POINT('',(129.28,-26.,0.));
#5507 = DIRECTION('',(0.,-1.,0.));
#5508 = DIRECTION('',(-1.,0.,0.));
#5509 = ADVANCED_FACE('',(#5510),#5521,.F.);
#5510 = FACE_BOUND('',#5511,.T.);
#5511 = EDGE_LOOP('',(#5512,#5513,#5519,#5520));
#5512 = ORIENTED_EDGE('',*,*,#1504,.T.);
#5513 = ORIENTED_EDGE('',*,*,#5514,.T.);
#5514 = EDGE_CURVE('',#1505,#3063,#5515,.T.);
#5515 = LINE('',#5516,#5517);
#5516 = CARTESIAN_POINT('',(128.87,-30.78,-4.6E-02));
#5517 = VECTOR('',#5518,1.);
#5518 = DIRECTION('',(0.,0.,1.));
#5519 = ORIENTED_EDGE('',*,*,#3062,.F.);
#5520 = ORIENTED_EDGE('',*,*,#5514,.F.);
#5521 = CYLINDRICAL_SURFACE('',#5522,0.4);
#5522 = AXIS2_PLACEMENT_3D('',#5523,#5524,#5525);
#5523 = CARTESIAN_POINT('',(128.87,-30.38,-4.6E-02));
#5524 = DIRECTION('',(-0.,-0.,-1.));
#5525 = DIRECTION('',(-0.,-1.,0.));
#5526 = ADVANCED_FACE('',(#5527),#5538,.F.);
#5527 = FACE_BOUND('',#5528,.T.);
#5528 = EDGE_LOOP('',(#5529,#5530,#5536,#5537));
#5529 = ORIENTED_EDGE('',*,*,#1515,.T.);
#5530 = ORIENTED_EDGE('',*,*,#5531,.T.);
#5531 = EDGE_CURVE('',#1516,#3074,#5532,.T.);
#5532 = LINE('',#5533,#5534);
#5533 = CARTESIAN_POINT('',(136.49,-30.78,-4.6E-02));
#5534 = VECTOR('',#5535,1.);
#5535 = DIRECTION('',(0.,0.,1.));
#5536 = ORIENTED_EDGE('',*,*,#3073,.F.);
#5537 = ORIENTED_EDGE('',*,*,#5531,.F.);
#5538 = CYLINDRICAL_SURFACE('',#5539,0.4);
#5539 = AXIS2_PLACEMENT_3D('',#5540,#5541,#5542);
#5540 = CARTESIAN_POINT('',(136.49,-30.38,-4.6E-02));
#5541 = DIRECTION('',(-0.,-0.,-1.));
#5542 = DIRECTION('',(-0.,-1.,0.));
#5543 = ADVANCED_FACE('',(#5544),#5555,.F.);
#5544 = FACE_BOUND('',#5545,.T.);
#5545 = EDGE_LOOP('',(#5546,#5547,#5553,#5554));
#5546 = ORIENTED_EDGE('',*,*,#1526,.T.);
#5547 = ORIENTED_EDGE('',*,*,#5548,.T.);
#5548 = EDGE_CURVE('',#1527,#3085,#5549,.T.);
#5549 = LINE('',#5550,#5551);
#5550 = CARTESIAN_POINT('',(144.11,-30.78,-4.6E-02));
#5551 = VECTOR('',#5552,1.);
#5552 = DIRECTION('',(0.,0.,1.));
#5553 = ORIENTED_EDGE('',*,*,#3084,.F.);
#5554 = ORIENTED_EDGE('',*,*,#5548,.F.);
#5555 = CYLINDRICAL_SURFACE('',#5556,0.4);
#5556 = AXIS2_PLACEMENT_3D('',#5557,#5558,#5559);
#5557 = CARTESIAN_POINT('',(144.11,-30.38,-4.6E-02));
#5558 = DIRECTION('',(-0.,-0.,-1.));
#5559 = DIRECTION('',(-0.,-1.,0.));
#5560 = ADVANCED_FACE('',(#5561),#5572,.F.);
#5561 = FACE_BOUND('',#5562,.T.);
#5562 = EDGE_LOOP('',(#5563,#5564,#5570,#5571));
#5563 = ORIENTED_EDGE('',*,*,#1537,.T.);
#5564 = ORIENTED_EDGE('',*,*,#5565,.T.);
#5565 = EDGE_CURVE('',#1538,#3096,#5566,.T.);
#5566 = LINE('',#5567,#5568);
#5567 = CARTESIAN_POINT('',(151.73,-30.78,-4.6E-02));
#5568 = VECTOR('',#5569,1.);
#5569 = DIRECTION('',(0.,0.,1.));
#5570 = ORIENTED_EDGE('',*,*,#3095,.F.);
#5571 = ORIENTED_EDGE('',*,*,#5565,.F.);
#5572 = CYLINDRICAL_SURFACE('',#5573,0.4);
#5573 = AXIS2_PLACEMENT_3D('',#5574,#5575,#5576);
#5574 = CARTESIAN_POINT('',(151.73,-30.38,-4.6E-02));
#5575 = DIRECTION('',(-0.,-0.,-1.));
#5576 = DIRECTION('',(-7.105427357601E-14,-1.,0.));
#5577 = ADVANCED_FACE('',(#5578),#5589,.F.);
#5578 = FACE_BOUND('',#5579,.T.);
#5579 = EDGE_LOOP('',(#5580,#5581,#5587,#5588));
#5580 = ORIENTED_EDGE('',*,*,#1548,.T.);
#5581 = ORIENTED_EDGE('',*,*,#5582,.T.);
#5582 = EDGE_CURVE('',#1549,#3107,#5583,.T.);
#5583 = LINE('',#5584,#5585);
#5584 = CARTESIAN_POINT('',(159.35,-30.78,-4.6E-02));
#5585 = VECTOR('',#5586,1.);
#5586 = DIRECTION('',(0.,0.,1.));
#5587 = ORIENTED_EDGE('',*,*,#3106,.F.);
#5588 = ORIENTED_EDGE('',*,*,#5582,.F.);
#5589 = CYLINDRICAL_SURFACE('',#5590,0.4);
#5590 = AXIS2_PLACEMENT_3D('',#5591,#5592,#5593);
#5591 = CARTESIAN_POINT('',(159.35,-30.38,-4.6E-02));
#5592 = DIRECTION('',(-0.,-0.,-1.));
#5593 = DIRECTION('',(-0.,-1.,0.));
#5594 = ADVANCED_FACE('',(#5595),#5606,.F.);
#5595 = FACE_BOUND('',#5596,.T.);
#5596 = EDGE_LOOP('',(#5597,#5598,#5604,#5605));
#5597 = ORIENTED_EDGE('',*,*,#1559,.T.);
#5598 = ORIENTED_EDGE('',*,*,#5599,.T.);
#5599 = EDGE_CURVE('',#1560,#3118,#5600,.T.);
#5600 = LINE('',#5601,#5602);
#5601 = CARTESIAN_POINT('',(166.97,-30.78,-4.6E-02));
#5602 = VECTOR('',#5603,1.);
#5603 = DIRECTION('',(0.,0.,1.));
#5604 = ORIENTED_EDGE('',*,*,#3117,.F.);
#5605 = ORIENTED_EDGE('',*,*,#5599,.F.);
#5606 = CYLINDRICAL_SURFACE('',#5607,0.4);
#5607 = AXIS2_PLACEMENT_3D('',#5608,#5609,#5610);
#5608 = CARTESIAN_POINT('',(166.97,-30.38,-4.6E-02));
#5609 = DIRECTION('',(-0.,-0.,-1.));
#5610 = DIRECTION('',(-0.,-1.,0.));
#5611 = ADVANCED_FACE('',(#5612),#5623,.F.);
#5612 = FACE_BOUND('',#5613,.T.);
#5613 = EDGE_LOOP('',(#5614,#5615,#5621,#5622));
#5614 = ORIENTED_EDGE('',*,*,#1570,.T.);
#5615 = ORIENTED_EDGE('',*,*,#5616,.T.);
#5616 = EDGE_CURVE('',#1571,#3129,#5617,.T.);
#5617 = LINE('',#5618,#5619);
#5618 = CARTESIAN_POINT('',(174.59,-30.78,-4.6E-02));
#5619 = VECTOR('',#5620,1.);
#5620 = DIRECTION('',(0.,0.,1.));
#5621 = ORIENTED_EDGE('',*,*,#3128,.F.);
#5622 = ORIENTED_EDGE('',*,*,#5616,.F.);
#5623 = CYLINDRICAL_SURFACE('',#5624,0.4);
#5624 = AXIS2_PLACEMENT_3D('',#5625,#5626,#5627);
#5625 = CARTESIAN_POINT('',(174.59,-30.38,-4.6E-02));
#5626 = DIRECTION('',(-0.,-0.,-1.));
#5627 = DIRECTION('',(-0.,-1.,0.));
#5628 = ADVANCED_FACE('',(#5629),#5645,.T.);
#5629 = FACE_BOUND('',#5630,.T.);
#5630 = EDGE_LOOP('',(#5631,#5637,#5638,#5644));
#5631 = ORIENTED_EDGE('',*,*,#5632,.T.);
#5632 = EDGE_CURVE('',#1582,#3140,#5633,.T.);
#5633 = LINE('',#5634,#5635);
#5634 = CARTESIAN_POINT('',(151.32,-26.6,0.));
#5635 = VECTOR('',#5636,1.);
#5636 = DIRECTION('',(0.,0.,1.));
#5637 = ORIENTED_EDGE('',*,*,#3139,.T.);
#5638 = ORIENTED_EDGE('',*,*,#5639,.F.);
#5639 = EDGE_CURVE('',#1584,#3142,#5640,.T.);
#5640 = LINE('',#5641,#5642);
#5641 = CARTESIAN_POINT('',(159.76,-26.6,0.));
#5642 = VECTOR('',#5643,1.);
#5643 = DIRECTION('',(0.,0.,1.));
#5644 = ORIENTED_EDGE('',*,*,#1581,.F.);
#5645 = PLANE('',#5646);
#5646 = AXIS2_PLACEMENT_3D('',#5647,#5648,#5649);
#5647 = CARTESIAN_POINT('',(151.32,-26.6,0.));
#5648 = DIRECTION('',(0.,1.,0.));
#5649 = DIRECTION('',(1.,0.,0.));
#5650 = ADVANCED_FACE('',(#5651),#5662,.T.);
#5651 = FACE_BOUND('',#5652,.T.);
#5652 = EDGE_LOOP('',(#5653,#5659,#5660,#5661));
#5653 = ORIENTED_EDGE('',*,*,#5654,.T.);
#5654 = EDGE_CURVE('',#1592,#3150,#5655,.T.);
#5655 = LINE('',#5656,#5657);
#5656 = CARTESIAN_POINT('',(151.32,-26.,0.));
#5657 = VECTOR('',#5658,1.);
#5658 = DIRECTION('',(0.,0.,1.));
#5659 = ORIENTED_EDGE('',*,*,#3149,.T.);
#5660 = ORIENTED_EDGE('',*,*,#5632,.F.);
#5661 = ORIENTED_EDGE('',*,*,#1591,.F.);
#5662 = PLANE('',#5663);
#5663 = AXIS2_PLACEMENT_3D('',#5664,#5665,#5666);
#5664 = CARTESIAN_POINT('',(151.32,-26.,0.));
#5665 = DIRECTION('',(1.,0.,-0.));
#5666 = DIRECTION('',(0.,-1.,0.));
#5667 = ADVANCED_FACE('',(#5668),#5679,.T.);
#5668 = FACE_BOUND('',#5669,.T.);
#5669 = EDGE_LOOP('',(#5670,#5671,#5672,#5678));
#5670 = ORIENTED_EDGE('',*,*,#5639,.T.);
#5671 = ORIENTED_EDGE('',*,*,#3165,.T.);
#5672 = ORIENTED_EDGE('',*,*,#5673,.F.);
#5673 = EDGE_CURVE('',#1600,#3158,#5674,.T.);
#5674 = LINE('',#5675,#5676);
#5675 = CARTESIAN_POINT('',(159.76,-26.,0.));
#5676 = VECTOR('',#5677,1.);
#5677 = DIRECTION('',(0.,0.,1.));
#5678 = ORIENTED_EDGE('',*,*,#1607,.F.);
#5679 = PLANE('',#5680);
#5680 = AXIS2_PLACEMENT_3D('',#5681,#5682,#5683);
#5681 = CARTESIAN_POINT('',(159.76,-26.6,0.));
#5682 = DIRECTION('',(-1.,0.,0.));
#5683 = DIRECTION('',(0.,1.,0.));
#5684 = ADVANCED_FACE('',(#5685),#5691,.T.);
#5685 = FACE_BOUND('',#5686,.T.);
#5686 = EDGE_LOOP('',(#5687,#5688,#5689,#5690));
#5687 = ORIENTED_EDGE('',*,*,#5673,.T.);
#5688 = ORIENTED_EDGE('',*,*,#3157,.T.);
#5689 = ORIENTED_EDGE('',*,*,#5654,.F.);
#5690 = ORIENTED_EDGE('',*,*,#1599,.F.);
#5691 = PLANE('',#5692);
#5692 = AXIS2_PLACEMENT_3D('',#5693,#5694,#5695);
#5693 = CARTESIAN_POINT('',(159.76,-26.,0.));
#5694 = DIRECTION('',(0.,-1.,0.));
#5695 = DIRECTION('',(-1.,0.,0.));
#5696 = ADVANCED_FACE('',(#5697),#5708,.F.);
#5697 = FACE_BOUND('',#5698,.T.);
#5698 = EDGE_LOOP('',(#5699,#5700,#5706,#5707));
#5699 = ORIENTED_EDGE('',*,*,#1615,.T.);
#5700 = ORIENTED_EDGE('',*,*,#5701,.T.);
#5701 = EDGE_CURVE('',#1616,#3174,#5702,.T.);
#5702 = LINE('',#5703,#5704);
#5703 = CARTESIAN_POINT('',(182.21,-30.78,-4.6E-02));
#5704 = VECTOR('',#5705,1.);
#5705 = DIRECTION('',(0.,0.,1.));
#5706 = ORIENTED_EDGE('',*,*,#3173,.F.);
#5707 = ORIENTED_EDGE('',*,*,#5701,.F.);
#5708 = CYLINDRICAL_SURFACE('',#5709,0.4);
#5709 = AXIS2_PLACEMENT_3D('',#5710,#5711,#5712);
#5710 = CARTESIAN_POINT('',(182.21,-30.38,-4.6E-02));
#5711 = DIRECTION('',(-0.,-0.,-1.));
#5712 = DIRECTION('',(-0.,-1.,0.));
#5713 = ADVANCED_FACE('',(#5714),#5725,.F.);
#5714 = FACE_BOUND('',#5715,.T.);
#5715 = EDGE_LOOP('',(#5716,#5717,#5723,#5724));
#5716 = ORIENTED_EDGE('',*,*,#1626,.T.);
#5717 = ORIENTED_EDGE('',*,*,#5718,.T.);
#5718 = EDGE_CURVE('',#1627,#3185,#5719,.T.);
#5719 = LINE('',#5720,#5721);
#5720 = CARTESIAN_POINT('',(189.83,-30.78,-4.6E-02));
#5721 = VECTOR('',#5722,1.);
#5722 = DIRECTION('',(0.,0.,1.));
#5723 = ORIENTED_EDGE('',*,*,#3184,.F.);
#5724 = ORIENTED_EDGE('',*,*,#5718,.F.);
#5725 = CYLINDRICAL_SURFACE('',#5726,0.4);
#5726 = AXIS2_PLACEMENT_3D('',#5727,#5728,#5729);
#5727 = CARTESIAN_POINT('',(189.83,-30.38,-4.6E-02));
#5728 = DIRECTION('',(-0.,0.,-1.));
#5729 = DIRECTION('',(7.105427357601E-14,-1.,-0.));
#5730 = ADVANCED_FACE('',(#5731),#5742,.F.);
#5731 = FACE_BOUND('',#5732,.T.);
#5732 = EDGE_LOOP('',(#5733,#5734,#5740,#5741));
#5733 = ORIENTED_EDGE('',*,*,#1637,.T.);
#5734 = ORIENTED_EDGE('',*,*,#5735,.T.);
#5735 = EDGE_CURVE('',#1638,#3196,#5736,.T.);
#5736 = LINE('',#5737,#5738);
#5737 = CARTESIAN_POINT('',(197.45,-30.78,-4.6E-02));
#5738 = VECTOR('',#5739,1.);
#5739 = DIRECTION('',(0.,0.,1.));
#5740 = ORIENTED_EDGE('',*,*,#3195,.F.);
#5741 = ORIENTED_EDGE('',*,*,#5735,.F.);
#5742 = CYLINDRICAL_SURFACE('',#5743,0.4);
#5743 = AXIS2_PLACEMENT_3D('',#5744,#5745,#5746);
#5744 = CARTESIAN_POINT('',(197.45,-30.38,-4.6E-02));
#5745 = DIRECTION('',(-0.,-0.,-1.));
#5746 = DIRECTION('',(-0.,-1.,0.));
#5747 = ADVANCED_FACE('',(#5748),#5764,.T.);
#5748 = FACE_BOUND('',#5749,.T.);
#5749 = EDGE_LOOP('',(#5750,#5756,#5757,#5763));
#5750 = ORIENTED_EDGE('',*,*,#5751,.T.);
#5751 = EDGE_CURVE('',#1649,#3207,#5752,.T.);
#5752 = LINE('',#5753,#5754);
#5753 = CARTESIAN_POINT('',(181.8,-26.6,0.));
#5754 = VECTOR('',#5755,1.);
#5755 = DIRECTION('',(0.,0.,1.));
#5756 = ORIENTED_EDGE('',*,*,#3206,.T.);
#5757 = ORIENTED_EDGE('',*,*,#5758,.F.);
#5758 = EDGE_CURVE('',#1651,#3209,#5759,.T.);
#5759 = LINE('',#5760,#5761);
#5760 = CARTESIAN_POINT('',(190.24,-26.6,0.));
#5761 = VECTOR('',#5762,1.);
#5762 = DIRECTION('',(0.,0.,1.));
#5763 = ORIENTED_EDGE('',*,*,#1648,.F.);
#5764 = PLANE('',#5765);
#5765 = AXIS2_PLACEMENT_3D('',#5766,#5767,#5768);
#5766 = CARTESIAN_POINT('',(181.8,-26.6,0.));
#5767 = DIRECTION('',(0.,1.,0.));
#5768 = DIRECTION('',(1.,0.,0.));
#5769 = ADVANCED_FACE('',(#5770),#5781,.T.);
#5770 = FACE_BOUND('',#5771,.T.);
#5771 = EDGE_LOOP('',(#5772,#5778,#5779,#5780));
#5772 = ORIENTED_EDGE('',*,*,#5773,.T.);
#5773 = EDGE_CURVE('',#1659,#3217,#5774,.T.);
#5774 = LINE('',#5775,#5776);
#5775 = CARTESIAN_POINT('',(181.8,-26.,0.));
#5776 = VECTOR('',#5777,1.);
#5777 = DIRECTION('',(0.,0.,1.));
#5778 = ORIENTED_EDGE('',*,*,#3216,.T.);
#5779 = ORIENTED_EDGE('',*,*,#5751,.F.);
#5780 = ORIENTED_EDGE('',*,*,#1658,.F.);
#5781 = PLANE('',#5782);
#5782 = AXIS2_PLACEMENT_3D('',#5783,#5784,#5785);
#5783 = CARTESIAN_POINT('',(181.8,-26.,0.));
#5784 = DIRECTION('',(1.,0.,-0.));
#5785 = DIRECTION('',(0.,-1.,0.));
#5786 = ADVANCED_FACE('',(#5787),#5798,.T.);
#5787 = FACE_BOUND('',#5788,.T.);
#5788 = EDGE_LOOP('',(#5789,#5790,#5791,#5797));
#5789 = ORIENTED_EDGE('',*,*,#5758,.T.);
#5790 = ORIENTED_EDGE('',*,*,#3232,.T.);
#5791 = ORIENTED_EDGE('',*,*,#5792,.F.);
#5792 = EDGE_CURVE('',#1667,#3225,#5793,.T.);
#5793 = LINE('',#5794,#5795);
#5794 = CARTESIAN_POINT('',(190.24,-26.,0.));
#5795 = VECTOR('',#5796,1.);
#5796 = DIRECTION('',(0.,0.,1.));
#5797 = ORIENTED_EDGE('',*,*,#1674,.F.);
#5798 = PLANE('',#5799);
#5799 = AXIS2_PLACEMENT_3D('',#5800,#5801,#5802);
#5800 = CARTESIAN_POINT('',(190.24,-26.6,0.));
#5801 = DIRECTION('',(-1.,0.,0.));
#5802 = DIRECTION('',(0.,1.,0.));
#5803 = ADVANCED_FACE('',(#5804),#5810,.T.);
#5804 = FACE_BOUND('',#5805,.T.);
#5805 = EDGE_LOOP('',(#5806,#5807,#5808,#5809));
#5806 = ORIENTED_EDGE('',*,*,#5792,.T.);
#5807 = ORIENTED_EDGE('',*,*,#3224,.T.);
#5808 = ORIENTED_EDGE('',*,*,#5773,.F.);
#5809 = ORIENTED_EDGE('',*,*,#1666,.F.);
#5810 = PLANE('',#5811);
#5811 = AXIS2_PLACEMENT_3D('',#5812,#5813,#5814);
#5812 = CARTESIAN_POINT('',(190.24,-26.,0.));
#5813 = DIRECTION('',(0.,-1.,0.));
#5814 = DIRECTION('',(-1.,0.,0.));
#5815 = ADVANCED_FACE('',(#5816),#5827,.F.);
#5816 = FACE_BOUND('',#5817,.T.);
#5817 = EDGE_LOOP('',(#5818,#5819,#5825,#5826));
#5818 = ORIENTED_EDGE('',*,*,#1682,.T.);
#5819 = ORIENTED_EDGE('',*,*,#5820,.T.);
#5820 = EDGE_CURVE('',#1683,#3241,#5821,.T.);
#5821 = LINE('',#5822,#5823);
#5822 = CARTESIAN_POINT('',(194.,-15.35,-4.6E-02));
#5823 = VECTOR('',#5824,1.);
#5824 = DIRECTION('',(0.,0.,1.));
#5825 = ORIENTED_EDGE('',*,*,#3240,.F.);
#5826 = ORIENTED_EDGE('',*,*,#5820,.F.);
#5827 = CYLINDRICAL_SURFACE('',#5828,1.35);
#5828 = AXIS2_PLACEMENT_3D('',#5829,#5830,#5831);
#5829 = CARTESIAN_POINT('',(194.,-14.,-4.6E-02));
#5830 = DIRECTION('',(-0.,-0.,-1.));
#5831 = DIRECTION('',(-0.,-1.,0.));
#5832 = ( GEOMETRIC_REPRESENTATION_CONTEXT(3) 
GLOBAL_UNCERTAINTY_ASSIGNED_CONTEXT((#5836)) 
GLOBAL_UNIT_ASSIGNED_CONTEXT((#5833,#5834,#5835)) REPRESENTATION_CONTEXT
('Context #1','3D Context with UNIT and UNCERTAINTY') );
#5833 = ( LENGTH_UNIT() NAMED_UNIT(*) SI_UNIT(.MILLI.,.METRE.) );
#5834 = ( NAMED_UNIT(*) PLANE_ANGLE_UNIT() SI_UNIT($,.RADIAN.) );
#5835 = ( NAMED_UNIT(*) SI_UNIT($,.STERADIAN.) SOLID_ANGLE_UNIT() );
#5836 = UNCERTAINTY_MEASURE_WITH_UNIT(LENGTH_MEASURE(1.E-07),#5833,
  'distance_accuracy_value','confusion accuracy');
#5837 = CONTEXT_DEPENDENT_SHAPE_REPRESENTATION(#5838,#5840);
#5838 = ( REPRESENTATION_RELATIONSHIP('','',#32,#10) 
REPRESENTATION_RELATIONSHIP_WITH_TRANSFORMATION(#5839) 
SHAPE_REPRESENTATION_RELATIONSHIP() );
#5839 = ITEM_DEFINED_TRANSFORMATION('','',#11,#15);
#5840 = PRODUCT_DEFINITION_SHAPE('Placement','Placement of an item',
  #5841);
#5841 = NEXT_ASSEMBLY_USAGE_OCCURRENCE('1','=>[0:1:1:2]','',#5,#27,$);
#5842 = PRODUCT_RELATED_PRODUCT_CATEGORY('part',$,(#29));
#5843 = MECHANICAL_DESIGN_GEOMETRIC_PRESENTATION_REPRESENTATION('',(
    #5844),#5832);
#5844 = STYLED_ITEM('color',(#5845),#33);
#5845 = PRESENTATION_STYLE_ASSIGNMENT((#5846));
#5846 = SURFACE_STYLE_USAGE(.BOTH.,#5847);
#5847 = SURFACE_SIDE_STYLE('',(#5848));
#5848 = SURFACE_STYLE_FILL_AREA(#5849);
#5849 = FILL_AREA_STYLE('',(#5850));
#5850 = FILL_AREA_STYLE_COLOUR('',#5851);
#5851 = COLOUR_RGB('',0.313304153717,0.484529207832,0.410020903123);
ENDSEC;
END-ISO-10303-21;
