ERC report (2026-07-22T09:30:31, Encoding UTF8)
Report includes: Errors, Warnings, Exclusions

***** Sheet /
[endpoint_off_grid]: Symbol pin or wire end off connection grid
    ; warning
    @(29.845 mm, 149.225 mm): Vertical Wire, length 2.54 mm
[endpoint_off_grid]: Symbol pin or wire end off connection grid
    ; warning
    @(29.845 mm, 151.765 mm): Vertical Wire, length 0.635 mm
[endpoint_off_grid]: Symbol pin or wire end off connection grid
    ; warning
    @(29.845 mm, 152.40 mm): Symbol C42 Pin 1 [Passive, Line]
[footprint_link_issues]: The current configuration does not include the footprint library 'Capacitor_SMD'
    ; warning
    @(29.845 mm, 156.21 mm): Symbol C42 [SYM_C42]
[lib_symbol_issues]: The current configuration does not include the symbol library 'elt'
    ; warning
    @(29.845 mm, 156.21 mm): Symbol C42 [SYM_C42]
[endpoint_off_grid]: Symbol pin or wire end off connection grid
    ; warning
    @(29.845 mm, 160.02 mm): Symbol #PWR68 Hidden pin 1 [GND, Power input, Line]
[lib_symbol_issues]: The current configuration does not include the symbol library 'elt'
    ; warning
    @(29.845 mm, 160.02 mm): Symbol #PWR68 [GND]
[endpoint_off_grid]: Symbol pin or wire end off connection grid
    ; warning
    @(29.845 mm, 225.425 mm): Vertical Wire, length 2.54 mm
[endpoint_off_grid]: Symbol pin or wire end off connection grid
    ; warning
    @(29.845 mm, 227.965 mm): Vertical Wire, length 0.635 mm
[endpoint_off_grid]: Symbol pin or wire end off connection grid
    ; warning
    @(29.845 mm, 228.60 mm): Symbol C36 Pin 1 [Passive, Line]
[footprint_link_issues]: The current configuration does not include the footprint library 'Capacitor_SMD'
    ; warning
    @(29.845 mm, 232.41 mm): Symbol C36 [SYM_C36]
[lib_symbol_issues]: The current configuration does not include the symbol library 'elt'
    ; warning
    @(29.845 mm, 232.41 mm): Symbol C36 [SYM_C36]
[endpoint_off_grid]: Symbol pin or wire end off connection grid
    ; warning
    @(29.845 mm, 236.22 mm): Symbol #PWR66 Hidden pin 1 [GND, Power input, Line]
[lib_symbol_issues]: The current configuration does not include the symbol library 'elt'
    ; warning
    @(29.845 mm, 236.22 mm): Symbol #PWR66 [GND]
[endpoint_off_grid]: Symbol pin or wire end off connection grid
    ; warning
    @(30.48 mm, 175.895 mm): Symbol C39 Pin 1 [Passive, Line]
[footprint_link_issues]: The current configuration does not include the footprint library 'Capacitor_SMD'
    ; warning
    @(30.48 mm, 179.705 mm): Symbol C39 [SYM_C39]
[lib_symbol_issues]: The current configuration does not include the symbol library 'elt'
    ; warning
    @(30.48 mm, 179.705 mm): Symbol C39 [SYM_C39]
[endpoint_off_grid]: Symbol pin or wire end off connection grid
    ; warning
    @(30.48 mm, 183.515 mm): Symbol #PWR67 Hidden pin 1 [GND, Power input, Line]
[lib_symbol_issues]: The current configuration does not include the symbol library 'elt'
    ; warning
    @(30.48 mm, 183.515 mm): Symbol #PWR67 [GND]
[endpoint_off_grid]: Symbol pin or wire end off connection grid
    ; warning
    @(36.195 mm, 240.03 mm): Vertical Wire, length 12.70 mm
[endpoint_off_grid]: Symbol pin or wire end off connection grid
    ; warning
    @(36.195 mm, 252.73 mm): Symbol R21 Pin 1 [Passive, Line]
[footprint_link_issues]: The current configuration does not include the footprint library 'Resistor_SMD'
    ; warning
    @(36.195 mm, 256.54 mm): Symbol R21 [SYM_R21]
[lib_symbol_issues]: The current configuration does not include the symbol library 'elt'
    ; warning
    @(36.195 mm, 256.54 mm): Symbol R21 [SYM_R21]
[endpoint_off_grid]: Symbol pin or wire end off connection grid
    ; warning
    @(36.195 mm, 260.35 mm): Symbol #PWR65 Hidden pin 1 [GND, Power input, Line]
[lib_symbol_issues]: The current configuration does not include the symbol library 'elt'
    ; warning
    @(36.195 mm, 260.35 mm): Symbol #PWR65 [GND]
[endpoint_off_grid]: Symbol pin or wire end off connection grid
    ; warning
    @(40.005 mm, 149.225 mm): Horizontal Wire, length 10.16 mm
[endpoint_off_grid]: Symbol pin or wire end off connection grid
    ; warning
    @(40.005 mm, 154.94 mm): Vertical Wire, length 5.715 mm
[endpoint_off_grid]: Symbol pin or wire end off connection grid
    ; warning
    @(40.005 mm, 225.425 mm): Horizontal Wire, length 10.16 mm
[endpoint_off_grid]: Symbol pin or wire end off connection grid
    ; warning
    @(50.80 mm, 228.60 mm): Horizontal Wire, length 10.795 mm
[endpoint_off_grid]: Symbol pin or wire end off connection grid
    ; warning
    @(40.005 mm, 228.60 mm): Vertical Wire, length 3.175 mm
[endpoint_off_grid]: Symbol pin or wire end off connection grid
    ; warning
    @(45.085 mm, 236.22 mm): Vertical Wire, length 3.81 mm
[endpoint_off_grid]: Symbol pin or wire end off connection grid
    ; warning
    @(50.80 mm, 236.22 mm): Horizontal Wire, length 5.715 mm
[endpoint_off_grid]: Symbol pin or wire end off connection grid
    ; warning
    @(45.085 mm, 240.03 mm): Horizontal Wire, length 8.89 mm
[endpoint_off_grid]: Symbol pin or wire end off connection grid
    ; warning
    @(47.625 mm, 160.02 mm): Horizontal Wire, length 2.54 mm
[endpoint_off_grid]: Symbol pin or wire end off connection grid
    ; warning
    @(47.625 mm, 190.50 mm): Vertical Wire, length 30.48 mm
[endpoint_off_grid]: Symbol pin or wire end off connection grid
    ; warning
    @(48.895 mm, 195.58 mm): Horizontal Wire, length 2.54 mm
[endpoint_off_grid]: Symbol pin or wire end off connection grid
    ; warning
    @(48.895 mm, 202.565 mm): Vertical Wire, length 6.985 mm
[endpoint_off_grid]: Symbol pin or wire end off connection grid
    ; warning
    @(50.165 mm, 154.94 mm): Symbol J3 Pin 1 [VBUS, Passive, Line]
[endpoint_off_grid]: Symbol pin or wire end off connection grid
    ; warning
    @(50.165 mm, 154.94 mm): Horizontal Wire, length 10.16 mm
[lib_symbol_issues]: The current configuration does not include the symbol library 'elt'
    ; warning
    @(50.80 mm, 226.06 mm): Symbol #PWR63 [GND]
[endpoint_off_grid]: Symbol pin or wire end off connection grid
    ; warning
    @(51.435 mm, 190.50 mm): Symbol U9 Pin 1 [IO1, Passive, Line]
[endpoint_off_grid]: Symbol pin or wire end off connection grid
    ; warning
    @(51.435 mm, 190.50 mm): Horizontal Wire, length 3.81 mm
[endpoint_off_grid]: Symbol pin or wire end off connection grid
    ; warning
    @(51.435 mm, 193.04 mm): Symbol #PWR69 Hidden pin 1 [GND, Power input, Line]
[lib_symbol_issues]: The current configuration does not include the symbol library 'elt'
    ; warning
    @(51.435 mm, 193.04 mm): Symbol #PWR69 [GND]
[endpoint_off_grid]: Symbol pin or wire end off connection grid
    ; warning
    @(60.325 mm, 410.845 mm): Horizontal Wire, length 20.32 mm
[endpoint_off_grid]: Symbol pin or wire end off connection grid
    ; warning
    @(60.325 mm, 413.385 mm): Vertical Wire, length 2.54 mm
[endpoint_off_grid]: Symbol pin or wire end off connection grid
    ; warning
    @(60.325 mm, 414.655 mm): Vertical Wire, length 1.27 mm
[endpoint_off_grid]: Symbol pin or wire end off connection grid
    ; warning
    @(60.325 mm, 414.655 mm): Symbol C50 Pin 1 [Passive, Line]
[footprint_link_issues]: The current configuration does not include the footprint library 'Capacitor_SMD'
    ; warning
    @(60.325 mm, 418.465 mm): Symbol C50 [SYM_C50]
[lib_symbol_issues]: The current configuration does not include the symbol library 'elt'
    ; warning
    @(60.325 mm, 418.465 mm): Symbol C50 [SYM_C50]
[endpoint_off_grid]: Symbol pin or wire end off connection grid
    ; warning
    @(60.325 mm, 422.275 mm): Symbol #PWR95 Hidden pin 1 [GND, Power input, Line]
[lib_symbol_issues]: The current configuration does not include the symbol library 'elt'
    ; warning
    @(60.325 mm, 422.275 mm): Symbol #PWR95 [GND]
[footprint_link_issues]: The current configuration does not include the footprint library 'usb_hub_3s'
    ; warning
    @(66.04 mm, 157.48 mm): Symbol J3 [SYM_J3]
[lib_symbol_issues]: The current configuration does not include the symbol library 'elt'
    ; warning
    @(66.04 mm, 157.48 mm): Symbol J3 [SYM_J3]
[footprint_link_issues]: The current configuration does not include the footprint library 'Package_TO_SOT_SMD'
    ; warning
    @(66.04 mm, 193.04 mm): Symbol U9 [SYM_U9]
[lib_symbol_issues]: The current configuration does not include the symbol library 'elt'
    ; warning
    @(66.04 mm, 193.04 mm): Symbol U9 [SYM_U9]
[footprint_link_issues]: The current configuration does not include the footprint library 'Package_SON'
    ; warning
    @(66.04 mm, 231.14 mm): Symbol U4 [SYM_U4]
[lib_symbol_issues]: The current configuration does not include the symbol library 'elt'
    ; warning
    @(66.04 mm, 231.14 mm): Symbol U4 [SYM_U4]
[endpoint_off_grid]: Symbol pin or wire end off connection grid
    ; warning
    @(66.04 mm, 437.515 mm): Symbol C51 Pin 1 [Passive, Line]
[footprint_link_issues]: The current configuration does not include the footprint library 'Capacitor_SMD'
    ; warning
    @(66.04 mm, 441.325 mm): Symbol C51 [SYM_C51]
[lib_symbol_issues]: The current configuration does not include the symbol library 'elt'
    ; warning
    @(66.04 mm, 441.325 mm): Symbol C51 [SYM_C51]
[endpoint_off_grid]: Symbol pin or wire end off connection grid
    ; warning
    @(66.04 mm, 445.135 mm): Symbol #PWR96 Hidden pin 1 [GND, Power input, Line]
[lib_symbol_issues]: The current configuration does not include the symbol library 'elt'
    ; warning
    @(66.04 mm, 445.135 mm): Symbol #PWR96 [GND]
[endpoint_off_grid]: Symbol pin or wire end off connection grid
    ; warning
    @(74.295 mm, 299.72 mm): Symbol C47 Pin 1 [Passive, Line]
[footprint_link_issues]: The current configuration does not include the footprint library 'Capacitor_SMD'
    ; warning
    @(74.295 mm, 303.53 mm): Symbol C47 [SYM_C47]
[lib_symbol_issues]: The current configuration does not include the symbol library 'elt'
    ; warning
    @(74.295 mm, 303.53 mm): Symbol C47 [SYM_C47]
[endpoint_off_grid]: Symbol pin or wire end off connection grid
    ; warning
    @(74.295 mm, 307.34 mm): Symbol #PWR92 Hidden pin 1 [GND, Power input, Line]
[lib_symbol_issues]: The current configuration does not include the symbol library 'elt'
    ; warning
    @(74.295 mm, 307.34 mm): Symbol #PWR92 [GND]
[endpoint_off_grid]: Symbol pin or wire end off connection grid
    ; warning
    @(74.295 mm, 309.245 mm): Horizontal Wire, length 4.445 mm
[endpoint_off_grid]: Symbol pin or wire end off connection grid
    ; warning
    @(74.295 mm, 321.31 mm): Vertical Wire, length 12.065 mm
[endpoint_off_grid]: Symbol pin or wire end off connection grid
    ; warning
    @(74.295 mm, 322.58 mm): Vertical Wire, length 1.27 mm
[endpoint_off_grid]: Symbol pin or wire end off connection grid
    ; warning
    @(74.295 mm, 322.58 mm): Symbol C45 Pin 1 [Passive, Line]
[footprint_link_issues]: The current configuration does not include the footprint library 'Capacitor_SMD'
    ; warning
    @(74.295 mm, 326.39 mm): Symbol C45 [SYM_C45]
[lib_symbol_issues]: The current configuration does not include the symbol library 'elt'
    ; warning
    @(74.295 mm, 326.39 mm): Symbol C45 [SYM_C45]
[endpoint_off_grid]: Symbol pin or wire end off connection grid
    ; warning
    @(74.295 mm, 330.20 mm): Symbol #PWR90 Hidden pin 1 [GND, Power input, Line]
[lib_symbol_issues]: The current configuration does not include the symbol library 'elt'
    ; warning
    @(74.295 mm, 330.20 mm): Symbol #PWR90 [GND]
[endpoint_off_grid]: Symbol pin or wire end off connection grid
    ; warning
    @(80.645 mm, 193.04 mm): Horizontal Wire, length 9.525 mm
[endpoint_off_grid]: Symbol pin or wire end off connection grid
    ; warning
    @(80.645 mm, 410.845 mm): Horizontal Wire, length 1.27 mm
[lib_symbol_issues]: The current configuration does not include the symbol library 'elt'
    ; warning
    @(81.28 mm, 227.33 mm): Symbol #PWR64 [GND]
[endpoint_off_grid]: Symbol pin or wire end off connection grid
    ; warning
    @(81.28 mm, 391.795 mm): Symbol C46 Pin 1 [Passive, Line]
[footprint_link_issues]: The current configuration does not include the footprint library 'Capacitor_SMD'
    ; warning
    @(81.28 mm, 395.605 mm): Symbol C46 [SYM_C46]
[lib_symbol_issues]: The current configuration does not include the symbol library 'elt'
    ; warning
    @(81.28 mm, 395.605 mm): Symbol C46 [SYM_C46]
[endpoint_off_grid]: Symbol pin or wire end off connection grid
    ; warning
    @(81.28 mm, 399.415 mm): Symbol #PWR91 Hidden pin 1 [GND, Power input, Line]
[lib_symbol_issues]: The current configuration does not include the symbol library 'elt'
    ; warning
    @(81.28 mm, 399.415 mm): Symbol #PWR91 [GND]
[endpoint_off_grid]: Symbol pin or wire end off connection grid
    ; warning
    @(81.915 mm, 156.21 mm): Symbol #PWR71 Hidden pin 1 [GND, Power input, Line]
[lib_symbol_issues]: The current configuration does not include the symbol library 'elt'
    ; warning
    @(81.915 mm, 156.21 mm): Symbol #PWR71 [GND]
[endpoint_off_grid]: Symbol pin or wire end off connection grid
    ; warning
    @(81.915 mm, 158.75 mm): Symbol #PWR70 Hidden pin 1 [GND, Power input, Line]
[lib_symbol_issues]: The current configuration does not include the symbol library 'elt'
    ; warning
    @(81.915 mm, 158.75 mm): Symbol #PWR70 [GND]
[endpoint_off_grid]: Symbol pin or wire end off connection grid
    ; warning
    @(81.915 mm, 410.845 mm): Horizontal Wire, length 4.445 mm
[footprint_link_issues]: The current configuration does not include the footprint library 'Resistor_SMD'
    ; warning
    @(82.55 mm, 349.25 mm): Symbol R23 [SYM_R23]
[lib_symbol_issues]: The current configuration does not include the symbol library 'elt'
    ; warning
    @(82.55 mm, 349.25 mm): Symbol R23 [SYM_R23]
[lib_symbol_issues]: The current configuration does not include the symbol library 'elt'
    ; warning
    @(82.55 mm, 353.06 mm): Symbol #PWR87 [GND]
[footprint_link_issues]: The current configuration does not include the footprint library 'Resistor_SMD'
    ; warning
    @(82.55 mm, 372.11 mm): Symbol R24 [SYM_R24]
[lib_symbol_issues]: The current configuration does not include the symbol library 'elt'
    ; warning
    @(82.55 mm, 372.11 mm): Symbol R24 [SYM_R24]
[lib_symbol_issues]: The current configuration does not include the symbol library 'elt'
    ; warning
    @(82.55 mm, 375.92 mm): Symbol #PWR88 [GND]
[endpoint_off_grid]: Symbol pin or wire end off connection grid
    ; warning
    @(86.36 mm, 410.845 mm): Vertical Wire, length 2.54 mm
[endpoint_off_grid]: Symbol pin or wire end off connection grid
    ; warning
    @(86.36 mm, 413.385 mm): Vertical Wire, length 1.27 mm
[endpoint_off_grid]: Symbol pin or wire end off connection grid
    ; warning
    @(86.36 mm, 414.655 mm): Symbol C49 Pin 1 [Passive, Line]
[footprint_link_issues]: The current configuration does not include the footprint library 'Capacitor_SMD'
    ; warning
    @(86.36 mm, 418.465 mm): Symbol C49 [SYM_C49]
[lib_symbol_issues]: The current configuration does not include the symbol library 'elt'
    ; warning
    @(86.36 mm, 418.465 mm): Symbol C49 [SYM_C49]
[endpoint_off_grid]: Symbol pin or wire end off connection grid
    ; warning
    @(86.36 mm, 422.275 mm): Symbol #PWR94 Hidden pin 1 [GND, Power input, Line]
[lib_symbol_issues]: The current configuration does not include the symbol library 'elt'
    ; warning
    @(86.36 mm, 422.275 mm): Symbol #PWR94 [GND]
[endpoint_off_grid]: Symbol pin or wire end off connection grid
    ; warning
    @(90.805 mm, 233.68 mm): Horizontal Wire, length 1.27 mm
[endpoint_off_grid]: Symbol pin or wire end off connection grid
    ; warning
    @(83.82 mm, 233.68 mm): Horizontal Wire, length 6.985 mm
[unconnected_wire_endpoint]: Unconnected wire endpoint
    ; warning
    @(92.075 mm, 233.68 mm): Vertical Wire, length 6.35 mm
[endpoint_off_grid]: Symbol pin or wire end off connection grid
    ; warning
    @(92.075 mm, 233.68 mm): Vertical Wire, length 6.35 mm
[endpoint_off_grid]: Symbol pin or wire end off connection grid
    ; warning
    @(93.98 mm, 277.495 mm): Vertical Wire, length 22.86 mm
[endpoint_off_grid]: Symbol pin or wire end off connection grid
    ; warning
    @(93.98 mm, 300.355 mm): Horizontal Wire, length 6.35 mm
[endpoint_off_grid]: Symbol pin or wire end off connection grid
    ; warning
    @(99.695 mm, 344.17 mm): Horizontal Wire, length 0.635 mm
[endpoint_off_grid]: Symbol pin or wire end off connection grid
    ; warning
    @(100.33 mm, 277.495 mm): Horizontal Wire, length 6.35 mm
[endpoint_off_grid]: Symbol pin or wire end off connection grid
    ; warning
    @(100.33 mm, 280.67 mm): Vertical Wire, length 0.635 mm
[endpoint_off_grid]: Symbol pin or wire end off connection grid
    ; warning
    @(100.33 mm, 280.035 mm): Vertical Wire, length 2.54 mm
[footprint_link_issues]: The current configuration does not include the footprint library 'Capacitor_SMD'
    ; warning
    @(100.33 mm, 284.48 mm): Symbol C48 [SYM_C48]
[lib_symbol_issues]: The current configuration does not include the symbol library 'elt'
    ; warning
    @(100.33 mm, 284.48 mm): Symbol C48 [SYM_C48]
[lib_symbol_issues]: The current configuration does not include the symbol library 'elt'
    ; warning
    @(100.33 mm, 288.29 mm): Symbol #PWR93 [GND]
[endpoint_off_grid]: Symbol pin or wire end off connection grid
    ; warning
    @(100.33 mm, 300.355 mm): Vertical Wire, length 2.54 mm
[endpoint_off_grid]: Symbol pin or wire end off connection grid
    ; warning
    @(100.33 mm, 300.355 mm): Vertical Wire, length 2.54 mm
[endpoint_off_grid]: Symbol pin or wire end off connection grid
    ; warning
    @(100.33 mm, 302.895 mm): Vertical Wire, length 0.635 mm
[endpoint_off_grid]: Symbol pin or wire end off connection grid
    ; warning
    @(100.33 mm, 302.895 mm): Vertical Wire, length 0.635 mm
[footprint_link_issues]: The current configuration does not include the footprint library 'Capacitor_SMD'
    ; warning
    @(100.33 mm, 307.34 mm): Symbol C44 [SYM_C44]
[lib_symbol_issues]: The current configuration does not include the symbol library 'elt'
    ; warning
    @(100.33 mm, 307.34 mm): Symbol C44 [SYM_C44]
[lib_symbol_issues]: The current configuration does not include the symbol library 'elt'
    ; warning
    @(100.33 mm, 311.15 mm): Symbol #PWR89 [GND]
[endpoint_off_grid]: Symbol pin or wire end off connection grid
    ; warning
    @(101.60 mm, 149.225 mm): Vertical Wire, length 2.54 mm
[endpoint_off_grid]: Symbol pin or wire end off connection grid
    ; warning
    @(101.60 mm, 151.765 mm): Vertical Wire, length 0.635 mm
[footprint_link_issues]: The current configuration does not include the footprint library 'Capacitor_SMD'
    ; warning
    @(101.60 mm, 156.21 mm): Symbol C41 [SYM_C41]
[lib_symbol_issues]: The current configuration does not include the symbol library 'elt'
    ; warning
    @(101.60 mm, 156.21 mm): Symbol C41 [SYM_C41]
[lib_symbol_issues]: The current configuration does not include the symbol library 'elt'
    ; warning
    @(101.60 mm, 160.02 mm): Symbol #PWR59 [GND]
[endpoint_off_grid]: Symbol pin or wire end off connection grid
    ; warning
    @(101.60 mm, 225.425 mm): Vertical Wire, length 2.54 mm
[endpoint_off_grid]: Symbol pin or wire end off connection grid
    ; warning
    @(101.60 mm, 227.965 mm): Vertical Wire, length 0.635 mm
[footprint_link_issues]: The current configuration does not include the footprint library 'Capacitor_SMD'
    ; warning
    @(101.60 mm, 232.41 mm): Symbol C35 [SYM_C35]
[lib_symbol_issues]: The current configuration does not include the symbol library 'elt'
    ; warning
    @(101.60 mm, 232.41 mm): Symbol C35 [SYM_C35]
[lib_symbol_issues]: The current configuration does not include the symbol library 'elt'
    ; warning
    @(101.60 mm, 236.22 mm): Symbol #PWR57 [GND]
[endpoint_off_grid]: Symbol pin or wire end off connection grid
    ; warning
    @(102.235 mm, 175.895 mm): Symbol C38 Pin 1 [Passive, Line]
[footprint_link_issues]: The current configuration does not include the footprint library 'Capacitor_SMD'
    ; warning
    @(102.235 mm, 179.705 mm): Symbol C38 [SYM_C38]
[lib_symbol_issues]: The current configuration does not include the symbol library 'elt'
    ; warning
    @(102.235 mm, 179.705 mm): Symbol C38 [SYM_C38]
[endpoint_off_grid]: Symbol pin or wire end off connection grid
    ; warning
    @(102.235 mm, 183.515 mm): Symbol #PWR58 Hidden pin 1 [GND, Power input, Line]
[lib_symbol_issues]: The current configuration does not include the symbol library 'elt'
    ; warning
    @(102.235 mm, 183.515 mm): Symbol #PWR58 [GND]
[endpoint_off_grid]: Symbol pin or wire end off connection grid
    ; warning
    @(102.235 mm, 351.79 mm): Vertical Wire, length 12.70 mm
[endpoint_off_grid]: Symbol pin or wire end off connection grid
    ; warning
    @(102.235 mm, 361.95 mm): Horizontal Wire, length 0.635 mm
[endpoint_off_grid]: Symbol pin or wire end off connection grid
    ; warning
    @(102.235 mm, 364.49 mm): Horizontal Wire, length 1.27 mm
[endpoint_off_grid]: Symbol pin or wire end off connection grid
    ; warning
    @(103.505 mm, 334.01 mm): Symbol U1 Pin 1 [VTX, Passive, Line]
[endpoint_off_grid]: Symbol pin or wire end off connection grid
    ; warning
    @(103.505 mm, 334.01 mm): Horizontal Wire, length 3.175 mm
[endpoint_off_grid]: Symbol pin or wire end off connection grid
    ; warning
    @(103.505 mm, 341.63 mm): Symbol #PWR81 Hidden pin 1 [GND, Power input, Line]
[lib_symbol_issues]: The current configuration does not include the symbol library 'elt'
    ; warning
    @(103.505 mm, 341.63 mm): Symbol #PWR81 [GND]
[endpoint_off_grid]: Symbol pin or wire end off connection grid
    ; warning
    @(103.505 mm, 344.17 mm): Horizontal Wire, length 3.81 mm
[endpoint_off_grid]: Symbol pin or wire end off connection grid
    ; warning
    @(103.505 mm, 351.79 mm): Horizontal Wire, length 1.27 mm
[endpoint_off_grid]: Symbol pin or wire end off connection grid
    ; warning
    @(103.505 mm, 354.33 mm): Symbol #PWR82 Hidden pin 1 [GND, Power input, Line]
[lib_symbol_issues]: The current configuration does not include the symbol library 'elt'
    ; warning
    @(103.505 mm, 354.33 mm): Symbol #PWR82 [GND]
[endpoint_off_grid]: Symbol pin or wire end off connection grid
    ; warning
    @(103.505 mm, 356.87 mm): Symbol #PWR83 Hidden pin 1 [GND, Power input, Line]
[lib_symbol_issues]: The current configuration does not include the symbol library 'elt'
    ; warning
    @(103.505 mm, 356.87 mm): Symbol #PWR83 [GND]
[endpoint_off_grid]: Symbol pin or wire end off connection grid
    ; warning
    @(103.505 mm, 361.95 mm): Horizontal Wire, length 1.27 mm
[footprint_link_issues]: The current configuration does not include the footprint library 'Resistor_SMD'
    ; warning
    @(107.95 mm, 256.54 mm): Symbol R20 [SYM_R20]
[lib_symbol_issues]: The current configuration does not include the symbol library 'elt'
    ; warning
    @(107.95 mm, 256.54 mm): Symbol R20 [SYM_R20]
[lib_symbol_issues]: The current configuration does not include the symbol library 'elt'
    ; warning
    @(107.95 mm, 260.35 mm): Symbol #PWR56 [GND]
[endpoint_off_grid]: Symbol pin or wire end off connection grid
    ; warning
    @(110.49 mm, 300.355 mm): Horizontal Wire, length 10.16 mm
[endpoint_off_grid]: Symbol pin or wire end off connection grid
    ; warning
    @(110.49 mm, 307.34 mm): Vertical Wire, length 6.985 mm
[endpoint_off_grid]: Symbol pin or wire end off connection grid
    ; warning
    @(111.76 mm, 154.94 mm): Vertical Wire, length 5.715 mm
[endpoint_off_grid]: Symbol pin or wire end off connection grid
    ; warning
    @(111.76 mm, 149.225 mm): Horizontal Wire, length 10.16 mm
[endpoint_off_grid]: Symbol pin or wire end off connection grid
    ; warning
    @(112.395 mm, 225.425 mm): Horizontal Wire, length 10.795 mm
[endpoint_off_grid]: Symbol pin or wire end off connection grid
    ; warning
    @(112.395 mm, 228.60 mm): Vertical Wire, length 3.175 mm
[footprint_link_issues]: The current configuration does not include the footprint library 'Package_SO'
    ; warning
    @(114.935 mm, 397.51 mm): Symbol Q7 [SYM_Q7]
[lib_symbol_issues]: The current configuration does not include the symbol library 'elt'
    ; warning
    @(114.935 mm, 397.51 mm): Symbol Q7 [SYM_Q7]
[lib_symbol_issues]: The current configuration does not include the symbol library 'elt'
    ; warning
    @(118.745 mm, 349.25 mm): Symbol U1 [SYM_U1]
[endpoint_off_grid]: Symbol pin or wire end off connection grid
    ; warning
    @(120.015 mm, 160.02 mm): Horizontal Wire, length 2.54 mm
[endpoint_off_grid]: Symbol pin or wire end off connection grid
    ; warning
    @(120.015 mm, 190.50 mm): Vertical Wire, length 30.48 mm
[endpoint_off_grid]: Symbol pin or wire end off connection grid
    ; warning
    @(123.19 mm, 190.50 mm): Horizontal Wire, length 3.175 mm
[endpoint_off_grid]: Symbol pin or wire end off connection grid
    ; warning
    @(120.015 mm, 228.60 mm): Horizontal Wire, length 2.54 mm
[endpoint_off_grid]: Symbol pin or wire end off connection grid
    ; warning
    @(120.015 mm, 231.14 mm): Horizontal Wire, length 2.54 mm
[endpoint_off_grid]: Symbol pin or wire end off connection grid
    ; warning
    @(120.015 mm, 231.14 mm): Vertical Wire, length 2.54 mm
[endpoint_off_grid]: Symbol pin or wire end off connection grid
    ; warning
    @(120.015 mm, 233.68 mm): Vertical Wire, length 2.54 mm
[endpoint_off_grid]: Symbol pin or wire end off connection grid
    ; warning
    @(120.015 mm, 307.34 mm): Horizontal Wire, length 9.525 mm
[endpoint_off_grid]: Symbol pin or wire end off connection grid
    ; warning
    @(120.65 mm, 307.34 mm): Horizontal Wire, length 0.635 mm
[endpoint_off_grid]: Symbol pin or wire end off connection grid
    ; warning
    @(122.555 mm, 154.94 mm): Horizontal Wire, length 10.795 mm
[endpoint_off_grid]: Symbol pin or wire end off connection grid
    ; warning
    @(122.555 mm, 154.94 mm): Symbol J2 Pin 1 [VBUS, Passive, Line]
[endpoint_off_grid]: Symbol pin or wire end off connection grid
    ; warning
    @(122.555 mm, 226.06 mm): Symbol #PWR54 Hidden pin 1 [GND, Power input, Line]
[endpoint_off_grid]: Symbol pin or wire end off connection grid
    ; warning
    @(122.555 mm, 226.06 mm): Symbol U3 Pin 1 [GND, Passive, Line]
[lib_symbol_issues]: The current configuration does not include the symbol library 'elt'
    ; warning
    @(122.555 mm, 226.06 mm): Symbol #PWR54 [GND]
[endpoint_off_grid]: Symbol pin or wire end off connection grid
    ; warning
    @(122.555 mm, 228.60 mm): Horizontal Wire, length 10.16 mm
[endpoint_off_grid]: Symbol pin or wire end off connection grid
    ; warning
    @(122.555 mm, 231.14 mm): Horizontal Wire, length 2.54 mm
[endpoint_off_grid]: Symbol pin or wire end off connection grid
    ; warning
    @(122.555 mm, 233.68 mm): Horizontal Wire, length 2.54 mm
[endpoint_off_grid]: Symbol pin or wire end off connection grid
    ; warning
    @(122.555 mm, 236.22 mm): Horizontal Wire, length 5.715 mm
[lib_symbol_issues]: The current configuration does not include the symbol library 'elt'
    ; warning
    @(123.19 mm, 193.04 mm): Symbol #PWR60 [GND]
[endpoint_off_grid]: Symbol pin or wire end off connection grid
    ; warning
    @(123.825 mm, 280.035 mm): Horizontal Wire, length 2.54 mm
[endpoint_off_grid]: Symbol pin or wire end off connection grid
    ; warning
    @(123.825 mm, 299.085 mm): Vertical Wire, length 19.05 mm
[lib_symbol_issues]: The current configuration does not include the symbol library 'elt'
    ; warning
    @(124.46 mm, 307.34 mm): Symbol RS3 [SYM_RS3]
[endpoint_off_grid]: Symbol pin or wire end off connection grid
    ; warning
    @(126.365 mm, 280.035 mm): Symbol R27 Pin 1 [Passive, Line]
[footprint_link_issues]: The current configuration does not include the footprint library 'Resistor_SMD'
    ; warning
    @(130.175 mm, 280.035 mm): Symbol R27 [SYM_R27]
[lib_symbol_issues]: The current configuration does not include the symbol library 'elt'
    ; warning
    @(130.175 mm, 280.035 mm): Symbol R27 [SYM_R27]
[endpoint_off_grid]: Symbol pin or wire end off connection grid
    ; warning
    @(133.985 mm, 335.28 mm): Symbol #PWR86 Hidden pin 1 [GND, Power input, Line]
[lib_symbol_issues]: The current configuration does not include the symbol library 'elt'
    ; warning
    @(133.985 mm, 335.28 mm): Symbol #PWR86 [GND]
[endpoint_off_grid]: Symbol pin or wire end off connection grid
    ; warning
    @(133.985 mm, 345.44 mm): Horizontal Wire, length 7.62 mm
[endpoint_off_grid]: Symbol pin or wire end off connection grid
    ; warning
    @(133.985 mm, 353.06 mm): Symbol #PWR85 Hidden pin 1 [GND, Power input, Line]
[lib_symbol_issues]: The current configuration does not include the symbol library 'elt'
    ; warning
    @(133.985 mm, 353.06 mm): Symbol #PWR85 [GND]
[endpoint_off_grid]: Symbol pin or wire end off connection grid
    ; warning
    @(133.985 mm, 355.60 mm): Symbol #PWR84 Hidden pin 1 [GND, Power input, Line]
[lib_symbol_issues]: The current configuration does not include the symbol library 'elt'
    ; warning
    @(133.985 mm, 355.60 mm): Symbol #PWR84 [GND]
[endpoint_off_grid]: Symbol pin or wire end off connection grid
    ; warning
    @(133.985 mm, 358.14 mm): Horizontal Wire, length 2.54 mm
[endpoint_off_grid]: Symbol pin or wire end off connection grid
    ; warning
    @(133.985 mm, 360.68 mm): Horizontal Wire, length 2.54 mm
[endpoint_off_grid]: Symbol pin or wire end off connection grid
    ; warning
    @(133.985 mm, 396.24 mm): Vertical Wire, length 0.635 mm
[endpoint_off_grid]: Symbol pin or wire end off connection grid
    ; warning
    @(128.27 mm, 396.24 mm): Horizontal Wire, length 5.715 mm
[endpoint_off_grid]: Symbol pin or wire end off connection grid
    ; warning
    @(136.525 mm, 358.14 mm): Vertical Wire, length 0.635 mm
[endpoint_off_grid]: Symbol pin or wire end off connection grid
    ; warning
    @(136.525 mm, 358.14 mm): Vertical Wire, length 2.54 mm
[endpoint_off_grid]: Symbol pin or wire end off connection grid
    ; warning
    @(136.525 mm, 358.775 mm): Horizontal Wire, length 55.88 mm
[endpoint_off_grid]: Symbol pin or wire end off connection grid
    ; warning
    @(136.525 mm, 360.68 mm): Horizontal Wire, length 2.54 mm
[endpoint_off_grid]: Symbol pin or wire end off connection grid
    ; warning
    @(136.525 mm, 360.68 mm): Vertical Wire, length 2.54 mm
[endpoint_off_grid]: Symbol pin or wire end off connection grid
    ; warning
    @(136.525 mm, 363.22 mm): Horizontal Wire, length 2.54 mm
[endpoint_off_grid]: Symbol pin or wire end off connection grid
    ; warning
    @(136.525 mm, 469.265 mm): Vertical Wire, length 30.48 mm
[endpoint_off_grid]: Symbol pin or wire end off connection grid
    ; warning
    @(136.525 mm, 499.745 mm): Horizontal Wire, length 2.54 mm
[footprint_link_issues]: The current configuration does not include the footprint library 'Package_TO_SOT_SMD'
    ; warning
    @(137.795 mm, 193.04 mm): Symbol U8 [SYM_U8]
[lib_symbol_issues]: The current configuration does not include the symbol library 'elt'
    ; warning
    @(137.795 mm, 193.04 mm): Symbol U8 [SYM_U8]
[footprint_link_issues]: The current configuration does not include the footprint library 'Package_SON'
    ; warning
    @(137.795 mm, 231.14 mm): Symbol U3 [SYM_U3]
[lib_symbol_issues]: The current configuration does not include the symbol library 'elt'
    ; warning
    @(137.795 mm, 231.14 mm): Symbol U3 [SYM_U3]
[footprint_link_issues]: The current configuration does not include the footprint library 'Capacitor_SMD'
    ; warning
    @(138.43 mm, 33.02 mm): Symbol C43 [SYM_C43]
[lib_symbol_issues]: The current configuration does not include the symbol library 'elt'
    ; warning
    @(138.43 mm, 33.02 mm): Symbol C43 [SYM_C43]
[lib_symbol_issues]: The current configuration does not include the symbol library 'elt'
    ; warning
    @(138.43 mm, 36.83 mm): Symbol #PWR77 [GND]
[footprint_link_issues]: The current configuration does not include the footprint library 'Capacitor_SMD'
    ; warning
    @(138.43 mm, 109.22 mm): Symbol C37 [SYM_C37]
[lib_symbol_issues]: The current configuration does not include the symbol library 'elt'
    ; warning
    @(138.43 mm, 109.22 mm): Symbol C37 [SYM_C37]
[lib_symbol_issues]: The current configuration does not include the symbol library 'elt'
    ; warning
    @(138.43 mm, 113.03 mm): Symbol #PWR75 [GND]
[footprint_link_issues]: The current configuration does not include the footprint library 'usb_hub_3s'
    ; warning
    @(138.43 mm, 157.48 mm): Symbol J2 [SYM_J2]
[lib_symbol_issues]: The current configuration does not include the symbol library 'elt'
    ; warning
    @(138.43 mm, 157.48 mm): Symbol J2 [SYM_J2]
[endpoint_off_grid]: Symbol pin or wire end off connection grid
    ; warning
    @(139.065 mm, 499.745 mm): Symbol C1 Pin 1 [POS, Passive, Line]
[footprint_link_issues]: The current configuration does not include the footprint library 'Capacitor_SMD'
    ; warning
    @(139.70 mm, 55.88 mm): Symbol C40 [SYM_C40]
[lib_symbol_issues]: The current configuration does not include the symbol library 'elt'
    ; warning
    @(139.70 mm, 55.88 mm): Symbol C40 [SYM_C40]
[lib_symbol_issues]: The current configuration does not include the symbol library 'elt'
    ; warning
    @(139.70 mm, 59.69 mm): Symbol #PWR76 [GND]
[endpoint_off_grid]: Symbol pin or wire end off connection grid
    ; warning
    @(141.605 mm, 304.165 mm): Vertical Wire, length 5.08 mm
[endpoint_off_grid]: Symbol pin or wire end off connection grid
    ; warning
    @(141.605 mm, 309.245 mm): Horizontal Wire, length 34.29 mm
[endpoint_off_grid]: Symbol pin or wire end off connection grid
    ; warning
    @(141.605 mm, 345.44 mm): Vertical Wire, length 4.445 mm
[endpoint_off_grid]: Symbol pin or wire end off connection grid
    ; warning
    @(141.605 mm, 349.885 mm): Horizontal Wire, length 3.175 mm
[endpoint_off_grid]: Symbol pin or wire end off connection grid
    ; warning
    @(141.605 mm, 386.715 mm): Horizontal Wire, length 2.54 mm
[endpoint_off_grid]: Symbol pin or wire end off connection grid
    ; warning
    @(141.605 mm, 389.255 mm): Vertical Wire, length 2.54 mm
[endpoint_off_grid]: Symbol pin or wire end off connection grid
    ; warning
    @(141.605 mm, 389.255 mm): Horizontal Wire, length 2.54 mm
[endpoint_off_grid]: Symbol pin or wire end off connection grid
    ; warning
    @(141.605 mm, 391.795 mm): Vertical Wire, length 2.54 mm
[endpoint_off_grid]: Symbol pin or wire end off connection grid
    ; warning
    @(144.145 mm, 299.085 mm): Symbol U12 Pin 1 [IO1, Passive, Line]
[endpoint_off_grid]: Symbol pin or wire end off connection grid
    ; warning
    @(144.145 mm, 299.085 mm): Horizontal Wire, length 20.32 mm
[endpoint_off_grid]: Symbol pin or wire end off connection grid
    ; warning
    @(144.145 mm, 301.625 mm): Symbol #PWR97 Hidden pin 1 [GND, Power input, Line]
[lib_symbol_issues]: The current configuration does not include the symbol library 'elt'
    ; warning
    @(144.145 mm, 301.625 mm): Symbol #PWR97 [GND]
[endpoint_off_grid]: Symbol pin or wire end off connection grid
    ; warning
    @(144.145 mm, 304.165 mm): Horizontal Wire, length 2.54 mm
[endpoint_off_grid]: Symbol pin or wire end off connection grid
    ; warning
    @(144.145 mm, 386.715 mm): Symbol Q6 Pin 1 [S1, Passive, Line]
[endpoint_off_grid]: Symbol pin or wire end off connection grid
    ; warning
    @(144.145 mm, 389.255 mm): Horizontal Wire, length 2.54 mm
[endpoint_off_grid]: Symbol pin or wire end off connection grid
    ; warning
    @(144.145 mm, 391.795 mm): Horizontal Wire, length 2.54 mm
[endpoint_off_grid]: Symbol pin or wire end off connection grid
    ; warning
    @(144.78 mm, 349.885 mm): Horizontal Wire, length 1.27 mm
[endpoint_off_grid]: Symbol pin or wire end off connection grid
    ; warning
    @(145.415 mm, 116.205 mm): Vertical Wire, length 12.70 mm
[endpoint_off_grid]: Symbol pin or wire end off connection grid
    ; warning
    @(145.415 mm, 128.905 mm): Symbol R22 Pin 1 [Passive, Line]
[footprint_link_issues]: The current configuration does not include the footprint library 'Resistor_SMD'
    ; warning
    @(145.415 mm, 132.715 mm): Symbol R22 [SYM_R22]
[lib_symbol_issues]: The current configuration does not include the symbol library 'elt'
    ; warning
    @(145.415 mm, 132.715 mm): Symbol R22 [SYM_R22]
[endpoint_off_grid]: Symbol pin or wire end off connection grid
    ; warning
    @(145.415 mm, 136.525 mm): Symbol #PWR74 Hidden pin 1 [GND, Power input, Line]
[lib_symbol_issues]: The current configuration does not include the symbol library 'elt'
    ; warning
    @(145.415 mm, 136.525 mm): Symbol #PWR74 [GND]
[endpoint_off_grid]: Symbol pin or wire end off connection grid
    ; warning
    @(146.05 mm, 349.885 mm): Horizontal Wire, length 3.175 mm
[endpoint_off_grid]: Symbol pin or wire end off connection grid
    ; warning
    @(146.685 mm, 469.265 mm): Symbol D1 Pin 1 [K, Passive, Line]
[endpoint_off_grid]: Symbol pin or wire end off connection grid
    ; warning
    @(146.685 mm, 469.265 mm): Horizontal Wire, length 10.16 mm
[endpoint_off_grid]: Symbol pin or wire end off connection grid
    ; warning
    @(147.955 mm, 337.185 mm): Horizontal Wire, length 1.27 mm
[endpoint_off_grid]: Symbol pin or wire end off connection grid
    ; warning
    @(147.955 mm, 349.885 mm): Vertical Wire, length 12.70 mm
[endpoint_off_grid]: Symbol pin or wire end off connection grid
    ; warning
    @(149.225 mm, 25.40 mm): Horizontal Wire, length 10.795 mm
[endpoint_off_grid]: Symbol pin or wire end off connection grid
    ; warning
    @(149.225 mm, 31.75 mm): Vertical Wire, length 6.35 mm
[endpoint_off_grid]: Symbol pin or wire end off connection grid
    ; warning
    @(149.225 mm, 101.60 mm): Horizontal Wire, length 10.795 mm
[endpoint_off_grid]: Symbol pin or wire end off connection grid
    ; warning
    @(149.225 mm, 105.41 mm): Vertical Wire, length 3.81 mm
[endpoint_off_grid]: Symbol pin or wire end off connection grid
    ; warning
    @(149.225 mm, 334.645 mm): Symbol J5 Pin A1 [GNDA1, Passive, Line]
[endpoint_off_grid]: Symbol pin or wire end off connection grid
    ; warning
    @(149.225 mm, 334.645 mm): Symbol #PWR98 Hidden pin 1 [GND, Power input, Line]
[lib_symbol_issues]: The current configuration does not include the symbol library 'elt'
    ; warning
    @(149.225 mm, 334.645 mm): Symbol #PWR98 [GND]
[endpoint_off_grid]: Symbol pin or wire end off connection grid
    ; warning
    @(149.225 mm, 349.885 mm): Horizontal Wire, length 1.27 mm
[endpoint_off_grid]: Symbol pin or wire end off connection grid
    ; warning
    @(149.225 mm, 352.425 mm): Symbol #PWR99 Hidden pin 1 [GND, Power input, Line]
[lib_symbol_issues]: The current configuration does not include the symbol library 'elt'
    ; warning
    @(149.225 mm, 352.425 mm): Symbol #PWR99 [GND]
[endpoint_off_grid]: Symbol pin or wire end off connection grid
    ; warning
    @(149.225 mm, 354.965 mm): Symbol #PWR100 Hidden pin 1 [GND, Power input, Line]
[lib_symbol_issues]: The current configuration does not include the symbol library 'elt'
    ; warning
    @(149.225 mm, 354.965 mm): Symbol #PWR100 [GND]
[endpoint_off_grid]: Symbol pin or wire end off connection grid
    ; warning
    @(153.035 mm, 227.33 mm): Symbol #PWR55 Hidden pin 1 [GND, Power input, Line]
[lib_symbol_issues]: The current configuration does not include the symbol library 'elt'
    ; warning
    @(153.035 mm, 227.33 mm): Symbol #PWR55 [GND]
[endpoint_off_grid]: Symbol pin or wire end off connection grid
    ; warning
    @(153.035 mm, 232.41 mm): Horizontal Wire, length 2.54 mm
[lib_symbol_issues]: The current configuration does not include the symbol library 'elt'
    ; warning
    @(153.035 mm, 499.745 mm): Symbol C1 [SYM_C1]
[endpoint_off_grid]: Symbol pin or wire end off connection grid
    ; warning
    @(153.67 mm, 116.205 mm): Horizontal Wire, length 8.255 mm
[endpoint_off_grid]: Symbol pin or wire end off connection grid
    ; warning
    @(153.67 mm, 113.03 mm): Vertical Wire, length 3.175 mm
[endpoint_off_grid]: Symbol pin or wire end off connection grid
    ; warning
    @(154.305 mm, 156.21 mm): Symbol #PWR62 Hidden pin 1 [GND, Power input, Line]
[lib_symbol_issues]: The current configuration does not include the symbol library 'elt'
    ; warning
    @(154.305 mm, 156.21 mm): Symbol #PWR62 [GND]
[endpoint_off_grid]: Symbol pin or wire end off connection grid
    ; warning
    @(154.305 mm, 158.75 mm): Symbol #PWR61 Hidden pin 1 [GND, Power input, Line]
[lib_symbol_issues]: The current configuration does not include the symbol library 'elt'
    ; warning
    @(154.305 mm, 158.75 mm): Symbol #PWR61 [GND]
[endpoint_off_grid]: Symbol pin or wire end off connection grid
    ; warning
    @(155.575 mm, 232.41 mm): Vertical Wire, length 2.54 mm
[endpoint_off_grid]: Symbol pin or wire end off connection grid
    ; warning
    @(155.575 mm, 233.68 mm): Horizontal Wire, length 8.255 mm
[endpoint_off_grid]: Symbol pin or wire end off connection grid
    ; warning
    @(155.575 mm, 234.95 mm): Horizontal Wire, length 2.54 mm
[endpoint_off_grid]: Symbol pin or wire end off connection grid
    ; warning
    @(156.845 mm, 36.83 mm): Horizontal Wire, length 2.54 mm
[endpoint_off_grid]: Symbol pin or wire end off connection grid
    ; warning
    @(160.02 mm, 67.31 mm): Horizontal Wire, length 3.175 mm
[endpoint_off_grid]: Symbol pin or wire end off connection grid
    ; warning
    @(156.845 mm, 67.31 mm): Vertical Wire, length 30.48 mm
[endpoint_off_grid]: Symbol pin or wire end off connection grid
    ; warning
    @(156.845 mm, 105.41 mm): Horizontal Wire, length 2.54 mm
[endpoint_off_grid]: Symbol pin or wire end off connection grid
    ; warning
    @(156.845 mm, 107.95 mm): Vertical Wire, length 2.54 mm
[endpoint_off_grid]: Symbol pin or wire end off connection grid
    ; warning
    @(156.845 mm, 107.95 mm): Horizontal Wire, length 2.54 mm
[endpoint_off_grid]: Symbol pin or wire end off connection grid
    ; warning
    @(156.845 mm, 110.49 mm): Vertical Wire, length 2.54 mm
[footprint_link_issues]: The current configuration does not include the footprint library 'Package_SO'
    ; warning
    @(157.48 mm, 389.255 mm): Symbol Q6 [SYM_Q6]
[lib_symbol_issues]: The current configuration does not include the symbol library 'elt'
    ; warning
    @(157.48 mm, 389.255 mm): Symbol Q6 [SYM_Q6]
[endpoint_off_grid]: Symbol pin or wire end off connection grid
    ; warning
    @(158.115 mm, 530.225 mm): Vertical Wire, length 2.54 mm
[footprint_link_issues]: The current configuration does not include the footprint library 'Package_TO_SOT_SMD'
    ; warning
    @(158.75 mm, 301.625 mm): Symbol U12 [SYM_U12]
[lib_symbol_issues]: The current configuration does not include the symbol library 'elt'
    ; warning
    @(158.75 mm, 301.625 mm): Symbol U12 [SYM_U12]
[endpoint_off_grid]: Symbol pin or wire end off connection grid
    ; warning
    @(159.385 mm, 31.75 mm): Horizontal Wire, length 10.16 mm
[endpoint_off_grid]: Symbol pin or wire end off connection grid
    ; warning
    @(159.385 mm, 31.75 mm): Symbol J4 Pin 1 [VBUS, Passive, Line]
[endpoint_off_grid]: Symbol pin or wire end off connection grid
    ; warning
    @(159.385 mm, 102.87 mm): Symbol U5 Pin 1 [GND, Passive, Line]
[endpoint_off_grid]: Symbol pin or wire end off connection grid
    ; warning
    @(159.385 mm, 102.87 mm): Symbol #PWR72 Hidden pin 1 [GND, Power input, Line]
[lib_symbol_issues]: The current configuration does not include the symbol library 'elt'
    ; warning
    @(159.385 mm, 102.87 mm): Symbol #PWR72 [GND]
[endpoint_off_grid]: Symbol pin or wire end off connection grid
    ; warning
    @(159.385 mm, 105.41 mm): Horizontal Wire, length 10.16 mm
[endpoint_off_grid]: Symbol pin or wire end off connection grid
    ; warning
    @(159.385 mm, 107.95 mm): Horizontal Wire, length 2.54 mm
[endpoint_off_grid]: Symbol pin or wire end off connection grid
    ; warning
    @(159.385 mm, 110.49 mm): Horizontal Wire, length 2.54 mm
[endpoint_off_grid]: Symbol pin or wire end off connection grid
    ; warning
    @(159.385 mm, 113.03 mm): Horizontal Wire, length 5.715 mm
[footprint_link_issues]: The current configuration does not include the footprint library 'Diode_SMD'
    ; warning
    @(159.385 mm, 469.265 mm): Symbol D1 [SYM_D1]
[lib_symbol_issues]: The current configuration does not include the symbol library 'elt'
    ; warning
    @(159.385 mm, 469.265 mm): Symbol D1 [SYM_D1]
[lib_symbol_issues]: The current configuration does not include the symbol library 'elt'
    ; warning
    @(160.02 mm, 69.85 mm): Symbol #PWR78 [GND]
[endpoint_off_grid]: Symbol pin or wire end off connection grid
    ; warning
    @(161.29 mm, 530.225 mm): Symbol C2 Pin 1 [POS, Passive, Line]
[endpoint_off_grid]: Symbol pin or wire end off connection grid
    ; warning
    @(161.29 mm, 530.225 mm): Horizontal Wire, length 3.175 mm
[endpoint_off_grid]: Symbol pin or wire end off connection grid
    ; warning
    @(152.40 mm, 193.04 mm): Horizontal Wire, length 9.525 mm
[endpoint_off_grid]: Symbol pin or wire end off connection grid
    ; warning
    @(161.925 mm, 193.04 mm): Vertical Wire, length 3.81 mm
[unconnected_wire_endpoint]: Unconnected wire endpoint
    ; warning
    @(163.83 mm, 233.68 mm): Vertical Wire, length 6.35 mm
[endpoint_off_grid]: Symbol pin or wire end off connection grid
    ; warning
    @(164.465 mm, 212.09 mm): Symbol U7 Pin 1 [DP1, Passive, Line]
[endpoint_off_grid]: Symbol pin or wire end off connection grid
    ; warning
    @(164.465 mm, 214.63 mm): Symbol #PWR51 Hidden pin 1 [GND, Power input, Line]
[lib_symbol_issues]: The current configuration does not include the symbol library 'elt'
    ; warning
    @(164.465 mm, 214.63 mm): Symbol #PWR51 [GND]
[endpoint_off_grid]: Symbol pin or wire end off connection grid
    ; warning
    @(164.465 mm, 247.65 mm): Symbol U6 Pin 1 [DP1, Passive, Line]
[endpoint_off_grid]: Symbol pin or wire end off connection grid
    ; warning
    @(164.465 mm, 250.19 mm): Symbol #PWR50 Hidden pin 1 [GND, Power input, Line]
[lib_symbol_issues]: The current configuration does not include the symbol library 'elt'
    ; warning
    @(164.465 mm, 250.19 mm): Symbol #PWR50 [GND]
[footprint_link_issues]: The current configuration does not include the footprint library 'usb_hub_3s'
    ; warning
    @(165.10 mm, 344.805 mm): Symbol J5 [SYM_J5]
[lib_symbol_issues]: The current configuration does not include the symbol library 'elt'
    ; warning
    @(165.10 mm, 344.805 mm): Symbol J5 [SYM_J5]
[endpoint_off_grid]: Symbol pin or wire end off connection grid
    ; warning
    @(167.005 mm, 499.745 mm): Symbol #FLG01 Hidden pin 1 [pwr, Power output, Line]
[endpoint_off_grid]: Symbol pin or wire end off connection grid
    ; warning
    @(167.005 mm, 499.745 mm): Symbol #PWR04 Hidden pin 1 [GND, Power input, Line]
[lib_symbol_issues]: The current configuration does not include the symbol library 'elt'
    ; warning
    @(167.005 mm, 499.745 mm): Symbol #FLG01 [PWR_FLAG]
[lib_symbol_issues]: The current configuration does not include the symbol library 'elt'
    ; warning
    @(167.005 mm, 499.745 mm): Symbol #PWR04 [GND]
[endpoint_off_grid]: Symbol pin or wire end off connection grid
    ; warning
    @(170.815 mm, 390.525 mm): Horizontal Wire, length 25.40 mm
[endpoint_off_grid]: Symbol pin or wire end off connection grid
    ; warning
    @(172.085 mm, 469.265 mm): Symbol #PWR03 Hidden pin 1 [GND, Power input, Line]
[lib_symbol_issues]: The current configuration does not include the symbol library 'elt'
    ; warning
    @(172.085 mm, 469.265 mm): Symbol #PWR03 [GND]
[endpoint_off_grid]: Symbol pin or wire end off connection grid
    ; warning
    @(173.355 mm, 301.625 mm): Horizontal Wire, length 19.685 mm
[footprint_link_issues]: The current configuration does not include the footprint library 'Package_TO_SOT_SMD'
    ; warning
    @(174.625 mm, 69.85 mm): Symbol U10 [SYM_U10]
[lib_symbol_issues]: The current configuration does not include the symbol library 'elt'
    ; warning
    @(174.625 mm, 69.85 mm): Symbol U10 [SYM_U10]
[footprint_link_issues]: The current configuration does not include the footprint library 'Package_SON'
    ; warning
    @(174.625 mm, 107.95 mm): Symbol U5 [SYM_U5]
[lib_symbol_issues]: The current configuration does not include the symbol library 'elt'
    ; warning
    @(174.625 mm, 107.95 mm): Symbol U5 [SYM_U5]
[endpoint_off_grid]: Symbol pin or wire end off connection grid
    ; warning
    @(174.625 mm, 154.94 mm): Horizontal Wire, length 12.065 mm
[endpoint_off_grid]: Symbol pin or wire end off connection grid
    ; warning
    @(174.625 mm, 180.34 mm): Vertical Wire, length 25.40 mm
[endpoint_off_grid]: Symbol pin or wire end off connection grid
    ; warning
    @(174.625 mm, 181.61 mm): Symbol C33 Pin 1 [Passive, Line]
[endpoint_off_grid]: Symbol pin or wire end off connection grid
    ; warning
    @(174.625 mm, 181.61 mm): Vertical Wire, length 1.27 mm
[footprint_link_issues]: The current configuration does not include the footprint library 'Capacitor_SMD'
    ; warning
    @(174.625 mm, 185.42 mm): Symbol C33 [SYM_C33]
[lib_symbol_issues]: The current configuration does not include the symbol library 'elt'
    ; warning
    @(174.625 mm, 185.42 mm): Symbol C33 [SYM_C33]
[endpoint_off_grid]: Symbol pin or wire end off connection grid
    ; warning
    @(174.625 mm, 189.23 mm): Symbol #PWR52 Hidden pin 1 [GND, Power input, Line]
[lib_symbol_issues]: The current configuration does not include the symbol library 'elt'
    ; warning
    @(174.625 mm, 189.23 mm): Symbol #PWR52 [GND]
[footprint_link_issues]: The current configuration does not include the footprint library 'usb_hub_3s'
    ; warning
    @(175.26 mm, 34.29 mm): Symbol J4 [SYM_J4]
[lib_symbol_issues]: The current configuration does not include the symbol library 'elt'
    ; warning
    @(175.26 mm, 34.29 mm): Symbol J4 [SYM_J4]
[lib_symbol_issues]: The current configuration does not include the symbol library 'elt'
    ; warning
    @(175.26 mm, 530.225 mm): Symbol C2 [SYM_C2]
[endpoint_off_grid]: Symbol pin or wire end off connection grid
    ; warning
    @(175.895 mm, 304.165 mm): Horizontal Wire, length 2.54 mm
[endpoint_off_grid]: Symbol pin or wire end off connection grid
    ; warning
    @(175.895 mm, 309.245 mm): Vertical Wire, length 5.08 mm
[footprint_link_issues]: The current configuration does not include the footprint library 'Package_TO_SOT_SMD'
    ; warning
    @(178.435 mm, 214.63 mm): Symbol U7 [SYM_U7]
[lib_symbol_issues]: The current configuration does not include the symbol library 'elt'
    ; warning
    @(178.435 mm, 214.63 mm): Symbol U7 [SYM_U7]
[footprint_link_issues]: The current configuration does not include the footprint library 'Package_TO_SOT_SMD'
    ; warning
    @(178.435 mm, 250.19 mm): Symbol U6 [SYM_U6]
[lib_symbol_issues]: The current configuration does not include the symbol library 'elt'
    ; warning
    @(178.435 mm, 250.19 mm): Symbol U6 [SYM_U6]
[endpoint_off_grid]: Symbol pin or wire end off connection grid
    ; warning
    @(179.07 mm, 492.125 mm): Vertical Wire, length 2.54 mm
[endpoint_off_grid]: Symbol pin or wire end off connection grid
    ; warning
    @(180.975 mm, 335.915 mm): Symbol #PWR102 Hidden pin 1 [GND, Power input, Line]
[lib_symbol_issues]: The current configuration does not include the symbol library 'elt'
    ; warning
    @(180.975 mm, 335.915 mm): Symbol #PWR102 [GND]
[endpoint_off_grid]: Symbol pin or wire end off connection grid
    ; warning
    @(180.975 mm, 338.455 mm): Symbol #PWR101 Hidden pin 1 [GND, Power input, Line]
[lib_symbol_issues]: The current configuration does not include the symbol library 'elt'
    ; warning
    @(180.975 mm, 338.455 mm): Symbol #PWR101 [GND]
[endpoint_off_grid]: Symbol pin or wire end off connection grid
    ; warning
    @(180.975 mm, 340.995 mm): Horizontal Wire, length 6.985 mm
[endpoint_off_grid]: Symbol pin or wire end off connection grid
    ; warning
    @(182.245 mm, 492.125 mm): Symbol D2 Pin 1 [K, Passive, Line]
[endpoint_off_grid]: Symbol pin or wire end off connection grid
    ; warning
    @(182.245 mm, 492.125 mm): Horizontal Wire, length 3.175 mm
[endpoint_off_grid]: Symbol pin or wire end off connection grid
    ; warning
    @(186.055 mm, 382.27 mm): Symbol R25 Pin 1 [Passive, Line]
[endpoint_off_grid]: Symbol pin or wire end off connection grid
    ; warning
    @(186.69 mm, 157.48 mm): Vertical Wire, length 0.635 mm
[endpoint_off_grid]: Symbol pin or wire end off connection grid
    ; warning
    @(186.69 mm, 158.115 mm): Symbol C34 Pin 1 [Passive, Line]
[footprint_link_issues]: The current configuration does not include the footprint library 'Capacitor_SMD'
    ; warning
    @(186.69 mm, 161.925 mm): Symbol C34 [SYM_C34]
[lib_symbol_issues]: The current configuration does not include the symbol library 'elt'
    ; warning
    @(186.69 mm, 161.925 mm): Symbol C34 [SYM_C34]
[endpoint_off_grid]: Symbol pin or wire end off connection grid
    ; warning
    @(186.69 mm, 165.735 mm): Symbol #PWR53 Hidden pin 1 [GND, Power input, Line]
[lib_symbol_issues]: The current configuration does not include the symbol library 'elt'
    ; warning
    @(186.69 mm, 165.735 mm): Symbol #PWR53 [GND]
[endpoint_off_grid]: Symbol pin or wire end off connection grid
    ; warning
    @(187.96 mm, 340.995 mm): Vertical Wire, length 12.70 mm
[endpoint_off_grid]: Symbol pin or wire end off connection grid
    ; warning
    @(187.96 mm, 353.695 mm): Horizontal Wire, length 6.985 mm
[endpoint_off_grid]: Symbol pin or wire end off connection grid
    ; warning
    @(189.23 mm, 530.225 mm): Symbol #PWR05 Hidden pin 1 [GND, Power input, Line]
[lib_symbol_issues]: The current configuration does not include the symbol library 'elt'
    ; warning
    @(189.23 mm, 530.225 mm): Symbol #PWR05 [GND]
[endpoint_off_grid]: Symbol pin or wire end off connection grid
    ; warning
    @(189.865 mm, 104.14 mm): Symbol #PWR73 Hidden pin 1 [GND, Power input, Line]
[lib_symbol_issues]: The current configuration does not include the symbol library 'elt'
    ; warning
    @(189.865 mm, 104.14 mm): Symbol #PWR73 [GND]
[endpoint_off_grid]: Symbol pin or wire end off connection grid
    ; warning
    @(189.865 mm, 109.22 mm): Horizontal Wire, length 2.54 mm
[footprint_link_issues]: The current configuration does not include the footprint library 'Resistor_SMD'
    ; warning
    @(189.865 mm, 382.27 mm): Symbol R25 [SYM_R25]
[lib_symbol_issues]: The current configuration does not include the symbol library 'elt'
    ; warning
    @(189.865 mm, 382.27 mm): Symbol R25 [SYM_R25]
[endpoint_off_grid]: Symbol pin or wire end off connection grid
    ; warning
    @(191.135 mm, 33.02 mm): Symbol #PWR80 Hidden pin 1 [GND, Power input, Line]
[lib_symbol_issues]: The current configuration does not include the symbol library 'elt'
    ; warning
    @(191.135 mm, 33.02 mm): Symbol #PWR80 [GND]
[endpoint_off_grid]: Symbol pin or wire end off connection grid
    ; warning
    @(191.135 mm, 35.56 mm): Symbol #PWR79 Hidden pin 1 [GND, Power input, Line]
[lib_symbol_issues]: The current configuration does not include the symbol library 'elt'
    ; warning
    @(191.135 mm, 35.56 mm): Symbol #PWR79 [GND]
[endpoint_off_grid]: Symbol pin or wire end off connection grid
    ; warning
    @(192.405 mm, 109.22 mm): Horizontal Wire, length 5.08 mm
[endpoint_off_grid]: Symbol pin or wire end off connection grid
    ; warning
    @(192.405 mm, 109.22 mm): Vertical Wire, length 2.54 mm
[endpoint_off_grid]: Symbol pin or wire end off connection grid
    ; warning
    @(192.405 mm, 111.76 mm): Horizontal Wire, length 2.54 mm
[endpoint_off_grid]: Symbol pin or wire end off connection grid
    ; warning
    @(192.405 mm, 250.19 mm): Horizontal Wire, length 10.16 mm
[endpoint_off_grid]: Symbol pin or wire end off connection grid
    ; warning
    @(192.405 mm, 252.73 mm): Horizontal Wire, length 13.97 mm
[endpoint_off_grid]: Symbol pin or wire end off connection grid
    ; warning
    @(192.405 mm, 358.775 mm): Vertical Wire, length 1.27 mm
[endpoint_off_grid]: Symbol pin or wire end off connection grid
    ; warning
    @(193.04 mm, 301.625 mm): Vertical Wire, length 2.54 mm
[endpoint_off_grid]: Symbol pin or wire end off connection grid
    ; warning
    @(193.04 mm, 304.165 mm): Symbol R26 Pin 1 [Passive, Line]
[footprint_link_issues]: The current configuration does not include the footprint library 'Resistor_SMD'
    ; warning
    @(193.04 mm, 307.975 mm): Symbol R26 [SYM_R26]
[lib_symbol_issues]: The current configuration does not include the symbol library 'elt'
    ; warning
    @(193.04 mm, 307.975 mm): Symbol R26 [SYM_R26]
[endpoint_off_grid]: Symbol pin or wire end off connection grid
    ; warning
    @(193.04 mm, 311.785 mm): Vertical Wire, length 1.27 mm
[endpoint_off_grid]: Symbol pin or wire end off connection grid
    ; warning
    @(193.04 mm, 313.055 mm): Horizontal Wire, length 4.445 mm
[endpoint_off_grid]: Symbol pin or wire end off connection grid
    ; warning
    @(193.675 mm, 214.63 mm): Horizontal Wire, length 1.27 mm
[endpoint_off_grid]: Symbol pin or wire end off connection grid
    ; warning
    @(193.675 mm, 232.41 mm): Vertical Wire, length 17.78 mm
[footprint_link_issues]: The current configuration does not include the footprint library 'Diode_SMD'
    ; warning
    @(194.945 mm, 492.125 mm): Symbol D2 [SYM_D2]
[lib_symbol_issues]: The current configuration does not include the symbol library 'elt'
    ; warning
    @(194.945 mm, 492.125 mm): Symbol D2 [SYM_D2]
[endpoint_off_grid]: Symbol pin or wire end off connection grid
    ; warning
    @(196.215 mm, 382.27 mm): Horizontal Wire, length 2.54 mm
[endpoint_off_grid]: Symbol pin or wire end off connection grid
    ; warning
    @(196.215 mm, 390.525 mm): Vertical Wire, length 8.255 mm
[endpoint_off_grid]: Symbol pin or wire end off connection grid
    ; warning
    @(196.85 mm, 459.105 mm): Horizontal Wire, length 13.335 mm
[endpoint_off_grid]: Symbol pin or wire end off connection grid
    ; warning
    @(196.85 mm, 461.645 mm): Symbol R1 Pin 1 [Passive, Line]
[endpoint_off_grid]: Symbol pin or wire end off connection grid
    ; warning
    @(196.85 mm, 461.645 mm): Vertical Wire, length 2.54 mm
[footprint_link_issues]: The current configuration does not include the footprint library 'Resistor_SMD'
    ; warning
    @(196.85 mm, 465.455 mm): Symbol R1 [SYM_R1]
[lib_symbol_issues]: The current configuration does not include the symbol library 'elt'
    ; warning
    @(196.85 mm, 465.455 mm): Symbol R1 [SYM_R1]
[endpoint_off_grid]: Symbol pin or wire end off connection grid
    ; warning
    @(196.85 mm, 469.265 mm): Symbol #PWR02 Hidden pin 1 [GND, Power input, Line]
[lib_symbol_issues]: The current configuration does not include the symbol library 'elt'
    ; warning
    @(196.85 mm, 469.265 mm): Symbol #PWR02 [GND]
[endpoint_off_grid]: Symbol pin or wire end off connection grid
    ; warning
    @(197.485 mm, 109.22 mm): Horizontal Wire, length 1.27 mm
[endpoint_off_grid]: Symbol pin or wire end off connection grid
    ; warning
    @(198.755 mm, 109.22 mm): Horizontal Wire, length 5.08 mm
[endpoint_off_grid]: Symbol pin or wire end off connection grid
    ; warning
    @(202.565 mm, 202.565 mm): Horizontal Wire, length 153.67 mm
[endpoint_off_grid]: Symbol pin or wire end off connection grid
    ; warning
    @(202.565 mm, 227.33 mm): Vertical Wire, length 24.765 mm
[endpoint_off_grid]: Symbol pin or wire end off connection grid
    ; warning
    @(202.565 mm, 232.41 mm): Horizontal Wire, length 8.89 mm
[endpoint_off_grid]: Symbol pin or wire end off connection grid
    ; warning
    @(202.565 mm, 250.19 mm): Vertical Wire, length 17.78 mm
[endpoint_off_grid]: Symbol pin or wire end off connection grid
    ; warning
    @(203.835 mm, 109.22 mm): Vertical Wire, length 0.635 mm
[endpoint_off_grid]: Symbol pin or wire end off connection grid
    ; warning
    @(205.105 mm, 174.625 mm): Vertical Wire, length 22.86 mm
[endpoint_off_grid]: Symbol pin or wire end off connection grid
    ; warning
    @(205.105 mm, 197.485 mm): Horizontal Wire, length 0.635 mm
[endpoint_off_grid]: Symbol pin or wire end off connection grid
    ; warning
    @(205.74 mm, 197.485 mm): Horizontal Wire, length 5.715 mm
[endpoint_off_grid]: Symbol pin or wire end off connection grid
    ; warning
    @(206.375 mm, 44.45 mm): Symbol J1 Pin 1 [MINUS, Passive, Line]
[endpoint_off_grid]: Symbol pin or wire end off connection grid
    ; warning
    @(206.375 mm, 44.45 mm): Symbol #PWR01 Hidden pin 1 [GND, Power input, Line]
[lib_symbol_issues]: The current configuration does not include the symbol library 'elt'
    ; warning
    @(206.375 mm, 44.45 mm): Symbol #PWR01 [GND]
[endpoint_off_grid]: Symbol pin or wire end off connection grid
    ; warning
    @(206.375 mm, 227.33 mm): Horizontal Wire, length 3.81 mm
[endpoint_off_grid]: Symbol pin or wire end off connection grid
    ; warning
    @(206.375 mm, 252.73 mm): Vertical Wire, length 25.40 mm
[endpoint_off_grid]: Symbol pin or wire end off connection grid
    ; warning
    @(210.185 mm, 459.105 mm): Vertical Wire, length 33.02 mm
[endpoint_off_grid]: Symbol pin or wire end off connection grid
    ; warning
    @(210.185 mm, 492.125 mm): Horizontal Wire, length 2.54 mm
[endpoint_off_grid]: Symbol pin or wire end off connection grid
    ; warning
    @(211.455 mm, 174.625 mm): Horizontal Wire, length 6.35 mm
[endpoint_off_grid]: Symbol pin or wire end off connection grid
    ; warning
    @(211.455 mm, 177.165 mm): Vertical Wire, length 2.54 mm
[endpoint_off_grid]: Symbol pin or wire end off connection grid
    ; warning
    @(211.455 mm, 177.80 mm): Vertical Wire, length 0.635 mm
[endpoint_off_grid]: Symbol pin or wire end off connection grid
    ; warning
    @(211.455 mm, 177.80 mm): Symbol C12 Pin 1 [Passive, Line]
[footprint_link_issues]: The current configuration does not include the footprint library 'Capacitor_SMD'
    ; warning
    @(211.455 mm, 181.61 mm): Symbol C12 [SYM_C12]
[lib_symbol_issues]: The current configuration does not include the symbol library 'elt'
    ; warning
    @(211.455 mm, 181.61 mm): Symbol C12 [SYM_C12]
[endpoint_off_grid]: Symbol pin or wire end off connection grid
    ; warning
    @(211.455 mm, 185.42 mm): Symbol #PWR16 Hidden pin 1 [GND, Power input, Line]
[lib_symbol_issues]: The current configuration does not include the symbol library 'elt'
    ; warning
    @(211.455 mm, 185.42 mm): Symbol #PWR16 [GND]
[endpoint_off_grid]: Symbol pin or wire end off connection grid
    ; warning
    @(211.455 mm, 197.485 mm): Horizontal Wire, length 19.05 mm
[endpoint_off_grid]: Symbol pin or wire end off connection grid
    ; warning
    @(211.455 mm, 197.485 mm): Vertical Wire, length 2.54 mm
[endpoint_off_grid]: Symbol pin or wire end off connection grid
    ; warning
    @(211.455 mm, 200.025 mm): Vertical Wire, length 1.27 mm
[endpoint_off_grid]: Symbol pin or wire end off connection grid
    ; warning
    @(211.455 mm, 200.025 mm): Vertical Wire, length 2.54 mm
[endpoint_off_grid]: Symbol pin or wire end off connection grid
    ; warning
    @(211.455 mm, 201.295 mm): Vertical Wire, length 1.27 mm
[endpoint_off_grid]: Symbol pin or wire end off connection grid
    ; warning
    @(211.455 mm, 201.295 mm): Symbol C13 Pin 1 [Passive, Line]
[footprint_link_issues]: The current configuration does not include the footprint library 'Capacitor_SMD'
    ; warning
    @(211.455 mm, 205.105 mm): Symbol C13 [SYM_C13]
[lib_symbol_issues]: The current configuration does not include the symbol library 'elt'
    ; warning
    @(211.455 mm, 205.105 mm): Symbol C13 [SYM_C13]
[endpoint_off_grid]: Symbol pin or wire end off connection grid
    ; warning
    @(211.455 mm, 208.915 mm): Symbol #PWR17 Hidden pin 1 [GND, Power input, Line]
[lib_symbol_issues]: The current configuration does not include the symbol library 'elt'
    ; warning
    @(211.455 mm, 208.915 mm): Symbol #PWR17 [GND]
[endpoint_off_grid]: Symbol pin or wire end off connection grid
    ; warning
    @(213.995 mm, 405.13 mm): Horizontal Wire, length 6.35 mm
[endpoint_off_grid]: Symbol pin or wire end off connection grid
    ; warning
    @(213.36 mm, 405.13 mm): Horizontal Wire, length 0.635 mm
[endpoint_off_grid]: Symbol pin or wire end off connection grid
    ; warning
    @(219.075 mm, 129.54 mm): Horizontal Wire, length 4.445 mm
[endpoint_off_grid]: Symbol pin or wire end off connection grid
    ; warning
    @(219.075 mm, 130.81 mm): Vertical Wire, length 1.27 mm
[endpoint_off_grid]: Symbol pin or wire end off connection grid
    ; warning
    @(219.075 mm, 132.08 mm): Vertical Wire, length 1.27 mm
[endpoint_off_grid]: Symbol pin or wire end off connection grid
    ; warning
    @(219.075 mm, 132.08 mm): Symbol C6 Pin 1 [Passive, Line]
[footprint_link_issues]: The current configuration does not include the footprint library 'Capacitor_SMD'
    ; warning
    @(219.075 mm, 135.89 mm): Symbol C6 [SYM_C6]
[lib_symbol_issues]: The current configuration does not include the symbol library 'elt'
    ; warning
    @(219.075 mm, 135.89 mm): Symbol C6 [SYM_C6]
[endpoint_off_grid]: Symbol pin or wire end off connection grid
    ; warning
    @(219.075 mm, 139.70 mm): Symbol #PWR25 Hidden pin 1 [GND, Power input, Line]
[lib_symbol_issues]: The current configuration does not include the symbol library 'elt'
    ; warning
    @(219.075 mm, 139.70 mm): Symbol #PWR25 [GND]
[endpoint_off_grid]: Symbol pin or wire end off connection grid
    ; warning
    @(220.345 mm, 382.27 mm): Horizontal Wire, length 6.985 mm
[endpoint_off_grid]: Symbol pin or wire end off connection grid
    ; warning
    @(220.345 mm, 384.81 mm): Vertical Wire, length 2.54 mm
[endpoint_off_grid]: Symbol pin or wire end off connection grid
    ; warning
    @(220.345 mm, 386.08 mm): Symbol C27 Pin 1 [Passive, Line]
[endpoint_off_grid]: Symbol pin or wire end off connection grid
    ; warning
    @(220.345 mm, 386.08 mm): Vertical Wire, length 1.27 mm
[footprint_link_issues]: The current configuration does not include the footprint library 'Capacitor_SMD'
    ; warning
    @(220.345 mm, 389.89 mm): Symbol C27 [SYM_C27]
[lib_symbol_issues]: The current configuration does not include the symbol library 'elt'
    ; warning
    @(220.345 mm, 389.89 mm): Symbol C27 [SYM_C27]
[endpoint_off_grid]: Symbol pin or wire end off connection grid
    ; warning
    @(220.345 mm, 393.70 mm): Symbol #PWR38 Hidden pin 1 [GND, Power input, Line]
[lib_symbol_issues]: The current configuration does not include the symbol library 'elt'
    ; warning
    @(220.345 mm, 393.70 mm): Symbol #PWR38 [GND]
[endpoint_off_grid]: Symbol pin or wire end off connection grid
    ; warning
    @(220.345 mm, 405.13 mm): Vertical Wire, length 2.54 mm
[endpoint_off_grid]: Symbol pin or wire end off connection grid
    ; warning
    @(220.345 mm, 405.13 mm): Horizontal Wire, length 19.05 mm
[endpoint_off_grid]: Symbol pin or wire end off connection grid
    ; warning
    @(220.345 mm, 407.67 mm): Vertical Wire, length 1.27 mm
[endpoint_off_grid]: Symbol pin or wire end off connection grid
    ; warning
    @(220.345 mm, 407.67 mm): Vertical Wire, length 2.54 mm
[endpoint_off_grid]: Symbol pin or wire end off connection grid
    ; warning
    @(220.345 mm, 408.94 mm): Symbol C28 Pin 1 [Passive, Line]
[endpoint_off_grid]: Symbol pin or wire end off connection grid
    ; warning
    @(220.345 mm, 408.94 mm): Vertical Wire, length 1.27 mm
[footprint_link_issues]: The current configuration does not include the footprint library 'Capacitor_SMD'
    ; warning
    @(220.345 mm, 412.75 mm): Symbol C28 [SYM_C28]
[lib_symbol_issues]: The current configuration does not include the symbol library 'elt'
    ; warning
    @(220.345 mm, 412.75 mm): Symbol C28 [SYM_C28]
[endpoint_off_grid]: Symbol pin or wire end off connection grid
    ; warning
    @(220.345 mm, 416.56 mm): Symbol #PWR39 Hidden pin 1 [GND, Power input, Line]
[lib_symbol_issues]: The current configuration does not include the symbol library 'elt'
    ; warning
    @(220.345 mm, 416.56 mm): Symbol #PWR39 [GND]
[endpoint_off_grid]: Symbol pin or wire end off connection grid
    ; warning
    @(220.345 mm, 490.855 mm): Horizontal Wire, length 2.54 mm
[endpoint_off_grid]: Symbol pin or wire end off connection grid
    ; warning
    @(220.345 mm, 493.395 mm): Vertical Wire, length 2.54 mm
[endpoint_off_grid]: Symbol pin or wire end off connection grid
    ; warning
    @(220.345 mm, 493.395 mm): Horizontal Wire, length 3.81 mm
[endpoint_off_grid]: Symbol pin or wire end off connection grid
    ; warning
    @(220.345 mm, 493.395 mm): Horizontal Wire, length 2.54 mm
[endpoint_off_grid]: Symbol pin or wire end off connection grid
    ; warning
    @(220.345 mm, 495.935 mm): Vertical Wire, length 2.54 mm
[footprint_link_issues]: The current configuration does not include the footprint library 'usb_hub_3s'
    ; warning
    @(221.615 mm, 44.45 mm): Symbol J1 [SYM_J1]
[lib_symbol_issues]: The current configuration does not include the symbol library 'elt'
    ; warning
    @(221.615 mm, 44.45 mm): Symbol J1 [SYM_J1]
[endpoint_off_grid]: Symbol pin or wire end off connection grid
    ; warning
    @(222.885 mm, 490.855 mm): Symbol Q1 Pin 1 [S1, Passive, Line]
[endpoint_off_grid]: Symbol pin or wire end off connection grid
    ; warning
    @(222.885 mm, 493.395 mm): Horizontal Wire, length 2.54 mm
[endpoint_off_grid]: Symbol pin or wire end off connection grid
    ; warning
    @(222.885 mm, 495.935 mm): Horizontal Wire, length 2.54 mm
[endpoint_off_grid]: Symbol pin or wire end off connection grid
    ; warning
    @(227.965 mm, 337.82 mm): Horizontal Wire, length 4.445 mm
[endpoint_off_grid]: Symbol pin or wire end off connection grid
    ; warning
    @(227.965 mm, 339.09 mm): Vertical Wire, length 1.27 mm
[endpoint_off_grid]: Symbol pin or wire end off connection grid
    ; warning
    @(227.965 mm, 340.36 mm): Vertical Wire, length 1.27 mm
[endpoint_off_grid]: Symbol pin or wire end off connection grid
    ; warning
    @(227.965 mm, 340.36 mm): Symbol C21 Pin 1 [Passive, Line]
[footprint_link_issues]: The current configuration does not include the footprint library 'Capacitor_SMD'
    ; warning
    @(227.965 mm, 344.17 mm): Symbol C21 [SYM_C21]
[lib_symbol_issues]: The current configuration does not include the symbol library 'elt'
    ; warning
    @(227.965 mm, 344.17 mm): Symbol C21 [SYM_C21]
[endpoint_off_grid]: Symbol pin or wire end off connection grid
    ; warning
    @(227.965 mm, 347.98 mm): Symbol #PWR47 Hidden pin 1 [GND, Power input, Line]
[lib_symbol_issues]: The current configuration does not include the symbol library 'elt'
    ; warning
    @(227.965 mm, 347.98 mm): Symbol #PWR47 [GND]
[endpoint_off_grid]: Symbol pin or wire end off connection grid
    ; warning
    @(230.505 mm, 197.485 mm): Horizontal Wire, length 0.635 mm
[endpoint_off_grid]: Symbol pin or wire end off connection grid
    ; warning
    @(231.14 mm, 174.625 mm): Horizontal Wire, length 6.35 mm
[endpoint_off_grid]: Symbol pin or wire end off connection grid
    ; warning
    @(231.14 mm, 197.485 mm): Horizontal Wire, length 6.35 mm
[endpoint_off_grid]: Symbol pin or wire end off connection grid
    ; warning
    @(231.14 mm, 197.485 mm): Vertical Wire, length 22.86 mm
[endpoint_off_grid]: Symbol pin or wire end off connection grid
    ; warning
    @(234.315 mm, 99.695 mm): Symbol R9 Pin 1 [Passive, Line]
[footprint_link_issues]: The current configuration does not include the footprint library 'Capacitor_SMD'
    ; warning
    @(236.22 mm, 158.75 mm): Symbol C9 [SYM_C9]
[lib_symbol_issues]: The current configuration does not include the symbol library 'elt'
    ; warning
    @(236.22 mm, 158.75 mm): Symbol C9 [SYM_C9]
[lib_symbol_issues]: The current configuration does not include the symbol library 'elt'
    ; warning
    @(236.22 mm, 162.56 mm): Symbol #PWR13 [GND]
[footprint_link_issues]: The current configuration does not include the footprint library 'Package_SO'
    ; warning
    @(236.22 mm, 493.395 mm): Symbol Q1 [SYM_Q1]
[lib_symbol_issues]: The current configuration does not include the symbol library 'elt'
    ; warning
    @(236.22 mm, 493.395 mm): Symbol Q1 [SYM_Q1]
[endpoint_off_grid]: Symbol pin or wire end off connection grid
    ; warning
    @(236.855 mm, 44.45 mm): Horizontal Wire, length 3.81 mm
[endpoint_off_grid]: Symbol pin or wire end off connection grid
    ; warning
    @(237.49 mm, 174.625 mm): Vertical Wire, length 2.54 mm
[endpoint_off_grid]: Symbol pin or wire end off connection grid
    ; warning
    @(237.49 mm, 177.165 mm): Vertical Wire, length 0.635 mm
[footprint_link_issues]: The current configuration does not include the footprint library 'Capacitor_SMD'
    ; warning
    @(237.49 mm, 181.61 mm): Symbol C10 [SYM_C10]
[lib_symbol_issues]: The current configuration does not include the symbol library 'elt'
    ; warning
    @(237.49 mm, 181.61 mm): Symbol C10 [SYM_C10]
[lib_symbol_issues]: The current configuration does not include the symbol library 'elt'
    ; warning
    @(237.49 mm, 185.42 mm): Symbol #PWR14 [GND]
[endpoint_off_grid]: Symbol pin or wire end off connection grid
    ; warning
    @(237.49 mm, 197.485 mm): Horizontal Wire, length 6.35 mm
[endpoint_off_grid]: Symbol pin or wire end off connection grid
    ; warning
    @(237.49 mm, 197.485 mm): Vertical Wire, length 2.54 mm
[endpoint_off_grid]: Symbol pin or wire end off connection grid
    ; warning
    @(237.49 mm, 200.025 mm): Vertical Wire, length 2.54 mm
[endpoint_off_grid]: Symbol pin or wire end off connection grid
    ; warning
    @(237.49 mm, 200.025 mm): Vertical Wire, length 1.27 mm
[endpoint_off_grid]: Symbol pin or wire end off connection grid
    ; warning
    @(237.49 mm, 201.295 mm): Symbol C11 Pin 1 [Passive, Line]
[endpoint_off_grid]: Symbol pin or wire end off connection grid
    ; warning
    @(237.49 mm, 201.295 mm): Vertical Wire, length 1.27 mm
[footprint_link_issues]: The current configuration does not include the footprint library 'Capacitor_SMD'
    ; warning
    @(237.49 mm, 205.105 mm): Symbol C11 [SYM_C11]
[lib_symbol_issues]: The current configuration does not include the symbol library 'elt'
    ; warning
    @(237.49 mm, 205.105 mm): Symbol C11 [SYM_C11]
[endpoint_off_grid]: Symbol pin or wire end off connection grid
    ; warning
    @(237.49 mm, 208.915 mm): Symbol #PWR15 Hidden pin 1 [GND, Power input, Line]
[lib_symbol_issues]: The current configuration does not include the symbol library 'elt'
    ; warning
    @(237.49 mm, 208.915 mm): Symbol #PWR15 [GND]
[footprint_link_issues]: The current configuration does not include the footprint library 'Resistor_SMD'
    ; warning
    @(238.125 mm, 99.695 mm): Symbol R9 [SYM_R9]
[lib_symbol_issues]: The current configuration does not include the symbol library 'elt'
    ; warning
    @(238.125 mm, 99.695 mm): Symbol R9 [SYM_R9]
[endpoint_off_grid]: Symbol pin or wire end off connection grid
    ; warning
    @(239.395 mm, 382.27 mm): Horizontal Wire, length 6.985 mm
[endpoint_off_grid]: Symbol pin or wire end off connection grid
    ; warning
    @(239.395 mm, 405.13 mm): Horizontal Wire, length 0.635 mm
[endpoint_off_grid]: Symbol pin or wire end off connection grid
    ; warning
    @(239.395 mm, 405.765 mm): Vertical Wire, length 23.495 mm
[endpoint_off_grid]: Symbol pin or wire end off connection grid
    ; warning
    @(240.03 mm, 405.765 mm): Horizontal Wire, length 0.635 mm
[endpoint_off_grid]: Symbol pin or wire end off connection grid
    ; warning
    @(240.665 mm, 44.45 mm): Vertical Wire, length 2.54 mm
[endpoint_off_grid]: Symbol pin or wire end off connection grid
    ; warning
    @(243.205 mm, 307.975 mm): Symbol R18 Pin 1 [Passive, Line]
[endpoint_off_grid]: Symbol pin or wire end off connection grid
    ; warning
    @(244.475 mm, 363.22 mm): Symbol C24 Pin 1 [Passive, Line]
[footprint_link_issues]: The current configuration does not include the footprint library 'Capacitor_SMD'
    ; warning
    @(244.475 mm, 367.03 mm): Symbol C24 [SYM_C24]
[lib_symbol_issues]: The current configuration does not include the symbol library 'elt'
    ; warning
    @(244.475 mm, 367.03 mm): Symbol C24 [SYM_C24]
[endpoint_off_grid]: Symbol pin or wire end off connection grid
    ; warning
    @(244.475 mm, 370.84 mm): Symbol #PWR35 Hidden pin 1 [GND, Power input, Line]
[lib_symbol_issues]: The current configuration does not include the symbol library 'elt'
    ; warning
    @(244.475 mm, 370.84 mm): Symbol #PWR35 [GND]
[endpoint_off_grid]: Symbol pin or wire end off connection grid
    ; warning
    @(245.745 mm, 335.28 mm): Horizontal Wire, length 2.54 mm
[endpoint_off_grid]: Symbol pin or wire end off connection grid
    ; warning
    @(245.745 mm, 337.82 mm): Horizontal Wire, length 2.54 mm
[endpoint_off_grid]: Symbol pin or wire end off connection grid
    ; warning
    @(245.745 mm, 337.82 mm): Vertical Wire, length 2.54 mm
[endpoint_off_grid]: Symbol pin or wire end off connection grid
    ; warning
    @(245.745 mm, 340.36 mm): Vertical Wire, length 2.54 mm
[footprint_link_issues]: The current configuration does not include the footprint library 'Capacitor_SMD'
    ; warning
    @(246.38 mm, 389.89 mm): Symbol C25 [SYM_C25]
[lib_symbol_issues]: The current configuration does not include the symbol library 'elt'
    ; warning
    @(246.38 mm, 389.89 mm): Symbol C25 [SYM_C25]
[lib_symbol_issues]: The current configuration does not include the symbol library 'elt'
    ; warning
    @(246.38 mm, 393.70 mm): Symbol #PWR36 [GND]
[endpoint_off_grid]: Symbol pin or wire end off connection grid
    ; warning
    @(246.38 mm, 405.765 mm): Horizontal Wire, length 6.35 mm
[endpoint_off_grid]: Symbol pin or wire end off connection grid
    ; warning
    @(246.38 mm, 405.13 mm): Vertical Wire, length 3.175 mm
[endpoint_off_grid]: Symbol pin or wire end off connection grid
    ; warning
    @(246.38 mm, 408.94 mm): Vertical Wire, length 0.635 mm
[endpoint_off_grid]: Symbol pin or wire end off connection grid
    ; warning
    @(246.38 mm, 408.305 mm): Vertical Wire, length 0.635 mm
[endpoint_off_grid]: Symbol pin or wire end off connection grid
    ; warning
    @(246.38 mm, 408.305 mm): Vertical Wire, length 2.54 mm
[footprint_link_issues]: The current configuration does not include the footprint library 'Capacitor_SMD'
    ; warning
    @(246.38 mm, 412.75 mm): Symbol C26 [SYM_C26]
[lib_symbol_issues]: The current configuration does not include the symbol library 'elt'
    ; warning
    @(246.38 mm, 412.75 mm): Symbol C26 [SYM_C26]
[lib_symbol_issues]: The current configuration does not include the symbol library 'elt'
    ; warning
    @(246.38 mm, 416.56 mm): Symbol #PWR37 [GND]
[footprint_link_issues]: The current configuration does not include the footprint library 'Resistor_SMD'
    ; warning
    @(247.015 mm, 307.975 mm): Symbol R18 [SYM_R18]
[lib_symbol_issues]: The current configuration does not include the symbol library 'elt'
    ; warning
    @(247.015 mm, 307.975 mm): Symbol R18 [SYM_R18]
[endpoint_off_grid]: Symbol pin or wire end off connection grid
    ; warning
    @(248.285 mm, 335.28 mm): Symbol Q5 Pin 1 [S1, Passive, Line]
[endpoint_off_grid]: Symbol pin or wire end off connection grid
    ; warning
    @(248.285 mm, 337.82 mm): Horizontal Wire, length 2.54 mm
[endpoint_off_grid]: Symbol pin or wire end off connection grid
    ; warning
    @(248.285 mm, 340.36 mm): Horizontal Wire, length 2.54 mm
[footprint_link_issues]: The current configuration does not include the footprint library 'Package_SO'
    ; warning
    @(253.365 mm, 129.54 mm): Symbol Q3 [SYM_Q3]
[lib_symbol_issues]: The current configuration does not include the symbol library 'elt'
    ; warning
    @(253.365 mm, 129.54 mm): Symbol Q3 [SYM_Q3]
[endpoint_off_grid]: Symbol pin or wire end off connection grid
    ; warning
    @(254.00 mm, 248.285 mm): Vertical Wire, length 23.495 mm
[endpoint_off_grid]: Symbol pin or wire end off connection grid
    ; warning
    @(258.445 mm, 183.515 mm): Symbol L1 Pin 1 [Passive, Line]
[footprint_link_issues]: The current configuration does not include the footprint library 'Capacitor_SMD'
    ; warning
    @(259.08 mm, 232.41 mm): Symbol C16 [SYM_C16]
[lib_symbol_issues]: The current configuration does not include the symbol library 'elt'
    ; warning
    @(259.08 mm, 232.41 mm): Symbol C16 [SYM_C16]
[lib_symbol_issues]: The current configuration does not include the symbol library 'elt'
    ; warning
    @(259.08 mm, 236.22 mm): Symbol #PWR20 [GND]
[endpoint_off_grid]: Symbol pin or wire end off connection grid
    ; warning
    @(259.08 mm, 248.285 mm): Horizontal Wire, length 5.08 mm
[endpoint_off_grid]: Symbol pin or wire end off connection grid
    ; warning
    @(259.08 mm, 251.46 mm): Vertical Wire, length 0.635 mm
[endpoint_off_grid]: Symbol pin or wire end off connection grid
    ; warning
    @(259.08 mm, 250.825 mm): Vertical Wire, length 2.54 mm
[footprint_link_issues]: The current configuration does not include the footprint library 'Capacitor_SMD'
    ; warning
    @(259.08 mm, 255.27 mm): Symbol C17 [SYM_C17]
[lib_symbol_issues]: The current configuration does not include the symbol library 'elt'
    ; warning
    @(259.08 mm, 255.27 mm): Symbol C17 [SYM_C17]
[lib_symbol_issues]: The current configuration does not include the symbol library 'elt'
    ; warning
    @(259.08 mm, 259.08 mm): Symbol #PWR21 [GND]
[endpoint_off_grid]: Symbol pin or wire end off connection grid
    ; warning
    @(260.985 mm, 153.67 mm): Horizontal Wire, length 4.445 mm
[endpoint_off_grid]: Symbol pin or wire end off connection grid
    ; warning
    @(260.985 mm, 154.94 mm): Vertical Wire, length 1.27 mm
[endpoint_off_grid]: Symbol pin or wire end off connection grid
    ; warning
    @(260.985 mm, 154.94 mm): Symbol RS1 Pin 1 [Passive, Line]
[lib_symbol_issues]: The current configuration does not include the symbol library 'elt'
    ; warning
    @(260.985 mm, 158.75 mm): Symbol RS1 [SYM_RS1]
[endpoint_off_grid]: Symbol pin or wire end off connection grid
    ; warning
    @(260.985 mm, 162.56 mm): Symbol #PWR11 Hidden pin 1 [GND, Power input, Line]
[lib_symbol_issues]: The current configuration does not include the symbol library 'elt'
    ; warning
    @(260.985 mm, 162.56 mm): Symbol #PWR11 [GND]
[footprint_link_issues]: The current configuration does not include the footprint library 'Package_SO'
    ; warning
    @(261.62 mm, 337.82 mm): Symbol Q5 [SYM_Q5]
[lib_symbol_issues]: The current configuration does not include the symbol library 'elt'
    ; warning
    @(261.62 mm, 337.82 mm): Symbol Q5 [SYM_Q5]
[endpoint_off_grid]: Symbol pin or wire end off connection grid
    ; warning
    @(262.255 mm, 433.07 mm): Horizontal Wire, length 5.715 mm
[endpoint_off_grid]: Symbol pin or wire end off connection grid
    ; warning
    @(267.97 mm, 455.93 mm): Horizontal Wire, length 5.715 mm
[endpoint_off_grid]: Symbol pin or wire end off connection grid
    ; warning
    @(262.255 mm, 455.93 mm): Vertical Wire, length 22.86 mm
[footprint_link_issues]: The current configuration does not include the footprint library 'Capacitor_SMD'
    ; warning
    @(262.89 mm, 100.33 mm): Symbol C3 [SYM_C3]
[lib_symbol_issues]: The current configuration does not include the symbol library 'elt'
    ; warning
    @(262.89 mm, 100.33 mm): Symbol C3 [SYM_C3]
[lib_symbol_issues]: The current configuration does not include the symbol library 'elt'
    ; warning
    @(262.89 mm, 104.14 mm): Symbol #PWR23 [GND]
[endpoint_off_grid]: Symbol pin or wire end off connection grid
    ; warning
    @(263.525 mm, 194.31 mm): Vertical Wire, length 10.16 mm
[endpoint_off_grid]: Symbol pin or wire end off connection grid
    ; warning
    @(274.32 mm, 194.31 mm): Horizontal Wire, length 10.795 mm
[endpoint_off_grid]: Symbol pin or wire end off connection grid
    ; warning
    @(289.56 mm, 201.93 mm): Horizontal Wire, length 26.035 mm
[endpoint_off_grid]: Symbol pin or wire end off connection grid
    ; warning
    @(263.525 mm, 201.93 mm): Vertical Wire, length 2.54 mm
[endpoint_off_grid]: Symbol pin or wire end off connection grid
    ; warning
    @(259.08 mm, 201.93 mm): Horizontal Wire, length 4.445 mm
[endpoint_off_grid]: Symbol pin or wire end off connection grid
    ; warning
    @(263.525 mm, 201.93 mm): Vertical Wire, length 2.54 mm
[endpoint_off_grid]: Symbol pin or wire end off connection grid
    ; warning
    @(263.525 mm, 204.47 mm): Vertical Wire, length 1.27 mm
[endpoint_off_grid]: Symbol pin or wire end off connection grid
    ; warning
    @(263.525 mm, 204.47 mm): Vertical Wire, length 1.27 mm
[endpoint_off_grid]: Symbol pin or wire end off connection grid
    ; warning
    @(263.525 mm, 204.47 mm): Vertical Wire, length 1.27 mm
[endpoint_off_grid]: Symbol pin or wire end off connection grid
    ; warning
    @(263.525 mm, 205.74 mm): Symbol C14 Pin 1 [Passive, Line]
[footprint_link_issues]: The current configuration does not include the footprint library 'Capacitor_SMD'
    ; warning
    @(263.525 mm, 209.55 mm): Symbol C14 [SYM_C14]
[lib_symbol_issues]: The current configuration does not include the symbol library 'elt'
    ; warning
    @(263.525 mm, 209.55 mm): Symbol C14 [SYM_C14]
[endpoint_off_grid]: Symbol pin or wire end off connection grid
    ; warning
    @(263.525 mm, 213.36 mm): Symbol #PWR18 Hidden pin 1 [GND, Power input, Line]
[lib_symbol_issues]: The current configuration does not include the symbol library 'elt'
    ; warning
    @(263.525 mm, 213.36 mm): Symbol #PWR18 [GND]
[lib_symbol_issues]: The current configuration does not include the symbol library 'elt'
    ; warning
    @(264.795 mm, 183.515 mm): Symbol L1 [SYM_L1]
[endpoint_off_grid]: Symbol pin or wire end off connection grid
    ; warning
    @(269.24 mm, 361.95 mm): Horizontal Wire, length 4.445 mm
[endpoint_off_grid]: Symbol pin or wire end off connection grid
    ; warning
    @(267.97 mm, 435.61 mm): Vertical Wire, length 0.635 mm
[endpoint_off_grid]: Symbol pin or wire end off connection grid
    ; warning
    @(267.97 mm, 436.245 mm): Symbol C31 Pin 1 [Passive, Line]
[endpoint_off_grid]: Symbol pin or wire end off connection grid
    ; warning
    @(267.97 mm, 436.245 mm): Vertical Wire, length 0.635 mm
[footprint_link_issues]: The current configuration does not include the footprint library 'Capacitor_SMD'
    ; warning
    @(267.97 mm, 440.055 mm): Symbol C31 [SYM_C31]
[lib_symbol_issues]: The current configuration does not include the symbol library 'elt'
    ; warning
    @(267.97 mm, 440.055 mm): Symbol C31 [SYM_C31]
[endpoint_off_grid]: Symbol pin or wire end off connection grid
    ; warning
    @(267.97 mm, 443.865 mm): Symbol #PWR42 Hidden pin 1 [GND, Power input, Line]
[lib_symbol_issues]: The current configuration does not include the symbol library 'elt'
    ; warning
    @(267.97 mm, 443.865 mm): Symbol #PWR42 [GND]
[footprint_link_issues]: The current configuration does not include the footprint library 'Capacitor_SMD'
    ; warning
    @(267.97 mm, 463.55 mm): Symbol C32 [SYM_C32]
[lib_symbol_issues]: The current configuration does not include the symbol library 'elt'
    ; warning
    @(267.97 mm, 463.55 mm): Symbol C32 [SYM_C32]
[lib_symbol_issues]: The current configuration does not include the symbol library 'elt'
    ; warning
    @(267.97 mm, 467.36 mm): Symbol #PWR43 [GND]
[lib_symbol_issues]: The current configuration does not include the symbol library 'elt'
    ; warning
    @(269.24 mm, 367.03 mm): Symbol RS2 [SYM_RS2]
[lib_symbol_issues]: The current configuration does not include the symbol library 'elt'
    ; warning
    @(269.24 mm, 370.84 mm): Symbol #PWR33 [GND]
[endpoint_off_grid]: Symbol pin or wire end off connection grid
    ; warning
    @(269.875 mm, 133.985 mm): Horizontal Wire, length 2.54 mm
[endpoint_off_grid]: Symbol pin or wire end off connection grid
    ; warning
    @(269.875 mm, 144.145 mm): Vertical Wire, length 10.16 mm
[endpoint_off_grid]: Symbol pin or wire end off connection grid
    ; warning
    @(271.78 mm, 183.515 mm): Horizontal Wire, length 2.54 mm
[footprint_link_issues]: The current configuration does not include the footprint library 'Capacitor_SMD'
    ; warning
    @(271.78 mm, 308.61 mm): Symbol C18 [SYM_C18]
[lib_symbol_issues]: The current configuration does not include the symbol library 'elt'
    ; warning
    @(271.78 mm, 308.61 mm): Symbol C18 [SYM_C18]
[lib_symbol_issues]: The current configuration does not include the symbol library 'elt'
    ; warning
    @(271.78 mm, 312.42 mm): Symbol #PWR45 [GND]
[endpoint_off_grid]: Symbol pin or wire end off connection grid
    ; warning
    @(272.415 mm, 92.71 mm): Horizontal Wire, length 9.525 mm
[endpoint_off_grid]: Symbol pin or wire end off connection grid
    ; warning
    @(275.59 mm, 125.73 mm): Horizontal Wire, length 3.175 mm
[endpoint_off_grid]: Symbol pin or wire end off connection grid
    ; warning
    @(272.415 mm, 125.73 mm): Vertical Wire, length 33.02 mm
[endpoint_off_grid]: Symbol pin or wire end off connection grid
    ; warning
    @(272.415 mm, 133.35 mm): Horizontal Wire, length 3.175 mm
[endpoint_off_grid]: Symbol pin or wire end off connection grid
    ; warning
    @(272.415 mm, 133.985 mm): Vertical Wire, length 0.635 mm
[endpoint_off_grid]: Symbol pin or wire end off connection grid
    ; warning
    @(272.415 mm, 401.955 mm): Vertical Wire, length 10.795 mm
[endpoint_off_grid]: Symbol pin or wire end off connection grid
    ; warning
    @(272.415 mm, 410.21 mm): Vertical Wire, length 2.54 mm
[endpoint_off_grid]: Symbol pin or wire end off connection grid
    ; warning
    @(267.97 mm, 410.21 mm): Horizontal Wire, length 4.445 mm
[endpoint_off_grid]: Symbol pin or wire end off connection grid
    ; warning
    @(272.415 mm, 410.21 mm): Vertical Wire, length 2.54 mm
[endpoint_off_grid]: Symbol pin or wire end off connection grid
    ; warning
    @(272.415 mm, 412.75 mm): Vertical Wire, length 0.635 mm
[endpoint_off_grid]: Symbol pin or wire end off connection grid
    ; warning
    @(272.415 mm, 412.75 mm): Vertical Wire, length 0.635 mm
[endpoint_off_grid]: Symbol pin or wire end off connection grid
    ; warning
    @(272.415 mm, 412.75 mm): Vertical Wire, length 0.635 mm
[endpoint_off_grid]: Symbol pin or wire end off connection grid
    ; warning
    @(272.415 mm, 413.385 mm): Symbol C29 Pin 1 [Passive, Line]
[footprint_link_issues]: The current configuration does not include the footprint library 'Capacitor_SMD'
    ; warning
    @(272.415 mm, 417.195 mm): Symbol C29 [SYM_C29]
[lib_symbol_issues]: The current configuration does not include the symbol library 'elt'
    ; warning
    @(272.415 mm, 417.195 mm): Symbol C29 [SYM_C29]
[endpoint_off_grid]: Symbol pin or wire end off connection grid
    ; warning
    @(272.415 mm, 421.005 mm): Symbol #PWR40 Hidden pin 1 [GND, Power input, Line]
[lib_symbol_issues]: The current configuration does not include the symbol library 'elt'
    ; warning
    @(272.415 mm, 421.005 mm): Symbol #PWR40 [GND]
[lib_symbol_issues]: The current configuration does not include the symbol library 'elt'
    ; warning
    @(273.685 mm, 391.795 mm): Symbol L2 [SYM_L2]
[endpoint_off_grid]: Symbol pin or wire end off connection grid
    ; warning
    @(274.32 mm, 183.515 mm): Vertical Wire, length 10.795 mm
[endpoint_off_grid]: Symbol pin or wire end off connection grid
    ; warning
    @(278.765 mm, 342.265 mm): Horizontal Wire, length 1.905 mm
[endpoint_off_grid]: Symbol pin or wire end off connection grid
    ; warning
    @(278.765 mm, 352.425 mm): Vertical Wire, length 10.16 mm
[endpoint_off_grid]: Symbol pin or wire end off connection grid
    ; warning
    @(279.40 mm, 133.985 mm): Vertical Wire, length 17.145 mm
[endpoint_off_grid]: Symbol pin or wire end off connection grid
    ; warning
    @(280.035 mm, 391.795 mm): Horizontal Wire, length 2.54 mm
[endpoint_off_grid]: Symbol pin or wire end off connection grid
    ; warning
    @(280.035 mm, 391.795 mm): Symbol L2 Pin 2 [Passive, Line]
[endpoint_off_grid]: Symbol pin or wire end off connection grid
    ; warning
    @(280.67 mm, 98.425 mm): Horizontal Wire, length 2.54 mm
[endpoint_off_grid]: Symbol pin or wire end off connection grid
    ; warning
    @(280.67 mm, 100.965 mm): Horizontal Wire, length 2.54 mm
[endpoint_off_grid]: Symbol pin or wire end off connection grid
    ; warning
    @(280.67 mm, 100.965 mm): Vertical Wire, length 2.54 mm
[endpoint_off_grid]: Symbol pin or wire end off connection grid
    ; warning
    @(280.67 mm, 103.505 mm): Vertical Wire, length 2.54 mm
[endpoint_off_grid]: Symbol pin or wire end off connection grid
    ; warning
    @(280.67 mm, 342.265 mm): Vertical Wire, length 0.635 mm
[endpoint_off_grid]: Symbol pin or wire end off connection grid
    ; warning
    @(281.94 mm, 55.245 mm): Vertical Wire, length 12.70 mm
[endpoint_off_grid]: Symbol pin or wire end off connection grid
    ; warning
    @(281.94 mm, 67.945 mm): Symbol R8 Pin 1 [Passive, Line]
[footprint_link_issues]: The current configuration does not include the footprint library 'Resistor_SMD'
    ; warning
    @(281.94 mm, 71.755 mm): Symbol R8 [SYM_R8]
[lib_symbol_issues]: The current configuration does not include the symbol library 'elt'
    ; warning
    @(281.94 mm, 71.755 mm): Symbol R8 [SYM_R8]
[endpoint_off_grid]: Symbol pin or wire end off connection grid
    ; warning
    @(281.94 mm, 75.565 mm): Vertical Wire, length 1.27 mm
[endpoint_off_grid]: Symbol pin or wire end off connection grid
    ; warning
    @(281.94 mm, 76.835 mm): Horizontal Wire, length 4.445 mm
[endpoint_off_grid]: Symbol pin or wire end off connection grid
    ; warning
    @(281.94 mm, 133.985 mm): Horizontal Wire, length 2.54 mm
[endpoint_off_grid]: Symbol pin or wire end off connection grid
    ; warning
    @(281.94 mm, 133.985 mm): Symbol U2 Pin 1 [VIN, Passive, Line]
[endpoint_off_grid]: Symbol pin or wire end off connection grid
    ; warning
    @(281.94 mm, 144.145 mm): Horizontal Wire, length 12.065 mm
[endpoint_off_grid]: Symbol pin or wire end off connection grid
    ; warning
    @(281.94 mm, 146.685 mm): Symbol #PWR06 Hidden pin 1 [GND, Power input, Line]
[lib_symbol_issues]: The current configuration does not include the symbol library 'elt'
    ; warning
    @(281.94 mm, 146.685 mm): Symbol #PWR06 [GND]
[endpoint_off_grid]: Symbol pin or wire end off connection grid
    ; warning
    @(281.94 mm, 159.385 mm): Symbol #PWR07 Hidden pin 1 [GND, Power input, Line]
[lib_symbol_issues]: The current configuration does not include the symbol library 'elt'
    ; warning
    @(281.94 mm, 159.385 mm): Symbol #PWR07 [GND]
[endpoint_off_grid]: Symbol pin or wire end off connection grid
    ; warning
    @(282.575 mm, 391.795 mm): Vertical Wire, length 10.16 mm
[endpoint_off_grid]: Symbol pin or wire end off connection grid
    ; warning
    @(282.575 mm, 401.955 mm): Horizontal Wire, length 10.16 mm
[endpoint_off_grid]: Symbol pin or wire end off connection grid
    ; warning
    @(283.21 mm, 98.425 mm): Symbol Q2 Pin 1 [S1, Passive, Line]
[endpoint_off_grid]: Symbol pin or wire end off connection grid
    ; warning
    @(283.21 mm, 100.965 mm): Horizontal Wire, length 2.54 mm
[endpoint_off_grid]: Symbol pin or wire end off connection grid
    ; warning
    @(283.21 mm, 103.505 mm): Horizontal Wire, length 2.54 mm
[endpoint_off_grid]: Symbol pin or wire end off connection grid
    ; warning
    @(283.845 mm, 334.01 mm): Horizontal Wire, length 3.175 mm
[endpoint_off_grid]: Symbol pin or wire end off connection grid
    ; warning
    @(283.845 mm, 341.63 mm): Vertical Wire, length 7.62 mm
[endpoint_off_grid]: Symbol pin or wire end off connection grid
    ; warning
    @(280.67 mm, 341.63 mm): Horizontal Wire, length 3.175 mm
[endpoint_off_grid]: Symbol pin or wire end off connection grid
    ; warning
    @(287.655 mm, 325.12 mm): Horizontal Wire, length 40.005 mm
[endpoint_off_grid]: Symbol pin or wire end off connection grid
    ; warning
    @(287.655 mm, 342.265 mm): Vertical Wire, length 17.145 mm
[footprint_link_issues]: The current configuration does not include the footprint library 'Capacitor_SMD'
    ; warning
    @(289.56 mm, 209.55 mm): Symbol C15 [SYM_C15]
[lib_symbol_issues]: The current configuration does not include the symbol library 'elt'
    ; warning
    @(289.56 mm, 209.55 mm): Symbol C15 [SYM_C15]
[lib_symbol_issues]: The current configuration does not include the symbol library 'elt'
    ; warning
    @(289.56 mm, 213.36 mm): Symbol #PWR19 [GND]
[endpoint_off_grid]: Symbol pin or wire end off connection grid
    ; warning
    @(289.56 mm, 306.705 mm): Horizontal Wire, length 2.54 mm
[endpoint_off_grid]: Symbol pin or wire end off connection grid
    ; warning
    @(289.56 mm, 309.245 mm): Vertical Wire, length 2.54 mm
[endpoint_off_grid]: Symbol pin or wire end off connection grid
    ; warning
    @(289.56 mm, 309.245 mm): Horizontal Wire, length 2.54 mm
[endpoint_off_grid]: Symbol pin or wire end off connection grid
    ; warning
    @(289.56 mm, 311.785 mm): Vertical Wire, length 2.54 mm
[endpoint_off_grid]: Symbol pin or wire end off connection grid
    ; warning
    @(290.195 mm, 227.33 mm): Horizontal Wire, length 4.445 mm
[endpoint_off_grid]: Symbol pin or wire end off connection grid
    ; warning
    @(290.195 mm, 228.60 mm): Vertical Wire, length 1.27 mm
[footprint_link_issues]: The current configuration does not include the footprint library 'Resistor_SMD'
    ; warning
    @(290.195 mm, 232.41 mm): Symbol R10 [SYM_R10]
[lib_symbol_issues]: The current configuration does not include the symbol library 'elt'
    ; warning
    @(290.195 mm, 232.41 mm): Symbol R10 [SYM_R10]
[endpoint_off_grid]: Symbol pin or wire end off connection grid
    ; warning
    @(290.195 mm, 236.22 mm): Symbol #PWR27 Hidden pin 1 [GND, Power input, Line]
[endpoint_off_grid]: Symbol pin or wire end off connection grid
    ; warning
    @(290.195 mm, 236.22 mm): Symbol R10 Pin 1 [Passive, Line]
[lib_symbol_issues]: The current configuration does not include the symbol library 'elt'
    ; warning
    @(290.195 mm, 236.22 mm): Symbol #PWR27 [GND]
[endpoint_off_grid]: Symbol pin or wire end off connection grid
    ; warning
    @(290.195 mm, 342.265 mm): Symbol U11 Pin 1 [VIN, Passive, Line]
[endpoint_off_grid]: Symbol pin or wire end off connection grid
    ; warning
    @(290.195 mm, 342.265 mm): Horizontal Wire, length 2.54 mm
[endpoint_off_grid]: Symbol pin or wire end off connection grid
    ; warning
    @(290.195 mm, 352.425 mm): Horizontal Wire, length 11.43 mm
[endpoint_off_grid]: Symbol pin or wire end off connection grid
    ; warning
    @(290.195 mm, 354.965 mm): Symbol #PWR28 Hidden pin 1 [GND, Power input, Line]
[lib_symbol_issues]: The current configuration does not include the symbol library 'elt'
    ; warning
    @(290.195 mm, 354.965 mm): Symbol #PWR28 [GND]
[endpoint_off_grid]: Symbol pin or wire end off connection grid
    ; warning
    @(290.195 mm, 367.665 mm): Symbol #PWR29 Hidden pin 1 [GND, Power input, Line]
[lib_symbol_issues]: The current configuration does not include the symbol library 'elt'
    ; warning
    @(290.195 mm, 367.665 mm): Symbol #PWR29 [GND]
[endpoint_off_grid]: Symbol pin or wire end off connection grid
    ; warning
    @(290.83 mm, 263.525 mm): Vertical Wire, length 12.70 mm
[endpoint_off_grid]: Symbol pin or wire end off connection grid
    ; warning
    @(290.83 mm, 276.225 mm): Symbol R17 Pin 1 [Passive, Line]
[footprint_link_issues]: The current configuration does not include the footprint library 'Resistor_SMD'
    ; warning
    @(290.83 mm, 280.035 mm): Symbol R17 [SYM_R17]
[lib_symbol_issues]: The current configuration does not include the symbol library 'elt'
    ; warning
    @(290.83 mm, 280.035 mm): Symbol R17 [SYM_R17]
[endpoint_off_grid]: Symbol pin or wire end off connection grid
    ; warning
    @(290.83 mm, 283.845 mm): Vertical Wire, length 1.27 mm
[endpoint_off_grid]: Symbol pin or wire end off connection grid
    ; warning
    @(290.83 mm, 285.115 mm): Horizontal Wire, length 4.445 mm
[footprint_link_issues]: The current configuration does not include the footprint library 'Capacitor_SMD'
    ; warning
    @(292.10 mm, 186.69 mm): Symbol C8 [SYM_C8]
[lib_symbol_issues]: The current configuration does not include the symbol library 'elt'
    ; warning
    @(292.10 mm, 186.69 mm): Symbol C8 [SYM_C8]
[lib_symbol_issues]: The current configuration does not include the symbol library 'elt'
    ; warning
    @(292.10 mm, 190.50 mm): Symbol #PWR12 [GND]
[endpoint_off_grid]: Symbol pin or wire end off connection grid
    ; warning
    @(292.10 mm, 306.705 mm): Symbol Q4 Pin 1 [S1, Passive, Line]
[endpoint_off_grid]: Symbol pin or wire end off connection grid
    ; warning
    @(292.10 mm, 309.245 mm): Horizontal Wire, length 2.54 mm
[endpoint_off_grid]: Symbol pin or wire end off connection grid
    ; warning
    @(292.10 mm, 311.785 mm): Horizontal Wire, length 2.54 mm
[footprint_link_issues]: The current configuration does not include the footprint library 'Package_SO'
    ; warning
    @(296.545 mm, 100.965 mm): Symbol Q2 [SYM_Q2]
[lib_symbol_issues]: The current configuration does not include the symbol library 'elt'
    ; warning
    @(296.545 mm, 100.965 mm): Symbol Q2 [SYM_Q2]
[footprint_link_issues]: The current configuration does not include the footprint library 'Package_SO'
    ; warning
    @(296.545 mm, 146.685 mm): Symbol U2 [SYM_U2]
[lib_symbol_issues]: The current configuration does not include the symbol library 'elt'
    ; warning
    @(296.545 mm, 146.685 mm): Symbol U2 [SYM_U2]
[endpoint_off_grid]: Symbol pin or wire end off connection grid
    ; warning
    @(297.815 mm, 410.21 mm): Vertical Wire, length 2.54 mm
[endpoint_off_grid]: Symbol pin or wire end off connection grid
    ; warning
    @(308.61 mm, 410.21 mm): Horizontal Wire, length 10.795 mm
[endpoint_off_grid]: Symbol pin or wire end off connection grid
    ; warning
    @(297.815 mm, 410.21 mm): Horizontal Wire, length 25.40 mm
[endpoint_off_grid]: Symbol pin or wire end off connection grid
    ; warning
    @(297.815 mm, 412.75 mm): Vertical Wire, length 0.635 mm
[endpoint_off_grid]: Symbol pin or wire end off connection grid
    ; warning
    @(297.815 mm, 412.75 mm): Vertical Wire, length 2.54 mm
[endpoint_off_grid]: Symbol pin or wire end off connection grid
    ; warning
    @(297.815 mm, 413.385 mm): Vertical Wire, length 0.635 mm
[endpoint_off_grid]: Symbol pin or wire end off connection grid
    ; warning
    @(297.815 mm, 413.385 mm): Symbol C30 Pin 1 [Passive, Line]
[footprint_link_issues]: The current configuration does not include the footprint library 'Capacitor_SMD'
    ; warning
    @(297.815 mm, 417.195 mm): Symbol C30 [SYM_C30]
[lib_symbol_issues]: The current configuration does not include the symbol library 'elt'
    ; warning
    @(297.815 mm, 417.195 mm): Symbol C30 [SYM_C30]
[endpoint_off_grid]: Symbol pin or wire end off connection grid
    ; warning
    @(297.815 mm, 421.005 mm): Symbol #PWR41 Hidden pin 1 [GND, Power input, Line]
[lib_symbol_issues]: The current configuration does not include the symbol library 'elt'
    ; warning
    @(297.815 mm, 421.005 mm): Symbol #PWR41 [GND]
[endpoint_off_grid]: Symbol pin or wire end off connection grid
    ; warning
    @(299.085 mm, 434.975 mm): Horizontal Wire, length 4.445 mm
[endpoint_off_grid]: Symbol pin or wire end off connection grid
    ; warning
    @(299.085 mm, 436.245 mm): Vertical Wire, length 1.27 mm
[footprint_link_issues]: The current configuration does not include the footprint library 'Resistor_SMD'
    ; warning
    @(299.085 mm, 440.055 mm): Symbol R19 [SYM_R19]
[lib_symbol_issues]: The current configuration does not include the symbol library 'elt'
    ; warning
    @(299.085 mm, 440.055 mm): Symbol R19 [SYM_R19]
[endpoint_off_grid]: Symbol pin or wire end off connection grid
    ; warning
    @(299.085 mm, 443.865 mm): Symbol #PWR49 Hidden pin 1 [GND, Power input, Line]
[endpoint_off_grid]: Symbol pin or wire end off connection grid
    ; warning
    @(299.085 mm, 443.865 mm): Symbol R19 Pin 1 [Passive, Line]
[lib_symbol_issues]: The current configuration does not include the symbol library 'elt'
    ; warning
    @(299.085 mm, 443.865 mm): Symbol #PWR49 [GND]
[endpoint_off_grid]: Symbol pin or wire end off connection grid
    ; warning
    @(299.72 mm, 211.455 mm): Vertical Wire, length 9.525 mm
[endpoint_off_grid]: Symbol pin or wire end off connection grid
    ; warning
    @(300.99 mm, 371.475 mm): Vertical Wire, length 17.78 mm
[endpoint_off_grid]: Symbol pin or wire end off connection grid
    ; warning
    @(300.99 mm, 389.255 mm): Vertical Wire, length 1.27 mm
[endpoint_off_grid]: Symbol pin or wire end off connection grid
    ; warning
    @(300.99 mm, 390.525 mm): Symbol C23 Pin 1 [Passive, Line]
[footprint_link_issues]: The current configuration does not include the footprint library 'Capacitor_SMD'
    ; warning
    @(300.99 mm, 394.335 mm): Symbol C23 [SYM_C23]
[lib_symbol_issues]: The current configuration does not include the symbol library 'elt'
    ; warning
    @(300.99 mm, 394.335 mm): Symbol C23 [SYM_C23]
[endpoint_off_grid]: Symbol pin or wire end off connection grid
    ; warning
    @(300.99 mm, 398.145 mm): Symbol #PWR34 Hidden pin 1 [GND, Power input, Line]
[lib_symbol_issues]: The current configuration does not include the symbol library 'elt'
    ; warning
    @(300.99 mm, 398.145 mm): Symbol #PWR34 [GND]
[endpoint_off_grid]: Symbol pin or wire end off connection grid
    ; warning
    @(306.07 mm, 66.04 mm): Horizontal Wire, length 4.445 mm
[footprint_link_issues]: The current configuration does not include the footprint library 'Package_SO'
    ; warning
    @(304.80 mm, 354.965 mm): Symbol U11 [SYM_U11]
[lib_symbol_issues]: The current configuration does not include the symbol library 'elt'
    ; warning
    @(304.80 mm, 354.965 mm): Symbol U11 [SYM_U11]
[footprint_link_issues]: The current configuration does not include the footprint library 'Package_SO'
    ; warning
    @(305.435 mm, 309.245 mm): Symbol Q4 [SYM_Q4]
[lib_symbol_issues]: The current configuration does not include the symbol library 'elt'
    ; warning
    @(305.435 mm, 309.245 mm): Symbol Q4 [SYM_Q4]
[footprint_link_issues]: The current configuration does not include the footprint library 'Resistor_SMD'
    ; warning
    @(306.07 mm, 71.12 mm): Symbol R7 [SYM_R7]
[lib_symbol_issues]: The current configuration does not include the symbol library 'elt'
    ; warning
    @(306.07 mm, 71.12 mm): Symbol R7 [SYM_R7]
[lib_symbol_issues]: The current configuration does not include the symbol library 'elt'
    ; warning
    @(306.07 mm, 74.93 mm): Symbol #PWR26 [GND]
[endpoint_off_grid]: Symbol pin or wire end off connection grid
    ; warning
    @(309.88 mm, 211.455 mm): Horizontal Wire, length 10.16 mm
[endpoint_off_grid]: Symbol pin or wire end off connection grid
    ; warning
    @(310.515 mm, 211.455 mm): Horizontal Wire, length 0.635 mm
[endpoint_off_grid]: Symbol pin or wire end off connection grid
    ; warning
    @(310.515 mm, 211.455 mm): Symbol R3 Pin 1 [Passive, Line]
[endpoint_off_grid]: Symbol pin or wire end off connection grid
    ; warning
    @(311.15 mm, 135.255 mm): Symbol #PWR10 Hidden pin 1 [GND, Power input, Line]
[lib_symbol_issues]: The current configuration does not include the symbol library 'elt'
    ; warning
    @(311.15 mm, 135.255 mm): Symbol #PWR10 [GND]
[endpoint_off_grid]: Symbol pin or wire end off connection grid
    ; warning
    @(311.15 mm, 142.875 mm): Horizontal Wire, length 1.905 mm
[endpoint_off_grid]: Symbol pin or wire end off connection grid
    ; warning
    @(311.15 mm, 145.415 mm): Symbol #PWR09 Hidden pin 1 [GND, Power input, Line]
[lib_symbol_issues]: The current configuration does not include the symbol library 'elt'
    ; warning
    @(311.15 mm, 145.415 mm): Symbol #PWR09 [GND]
[endpoint_off_grid]: Symbol pin or wire end off connection grid
    ; warning
    @(311.15 mm, 147.955 mm): Horizontal Wire, length 1.905 mm
[endpoint_off_grid]: Symbol pin or wire end off connection grid
    ; warning
    @(311.15 mm, 153.035 mm): Symbol #PWR08 Hidden pin 1 [GND, Power input, Line]
[lib_symbol_issues]: The current configuration does not include the symbol library 'elt'
    ; warning
    @(311.15 mm, 153.035 mm): Symbol #PWR08 [GND]
[endpoint_off_grid]: Symbol pin or wire end off connection grid
    ; warning
    @(313.055 mm, 142.875 mm): Horizontal Wire, length 1.27 mm
[endpoint_off_grid]: Symbol pin or wire end off connection grid
    ; warning
    @(313.055 mm, 147.955 mm): Horizontal Wire, length 1.27 mm
[endpoint_off_grid]: Symbol pin or wire end off connection grid
    ; warning
    @(314.325 mm, 142.875 mm): Horizontal Wire, length 4.445 mm
[endpoint_off_grid]: Symbol pin or wire end off connection grid
    ; warning
    @(314.325 mm, 147.955 mm): Horizontal Wire, length 9.525 mm
[footprint_link_issues]: The current configuration does not include the footprint library 'Resistor_SMD'
    ; warning
    @(314.325 mm, 211.455 mm): Symbol R3 [SYM_R3]
[lib_symbol_issues]: The current configuration does not include the symbol library 'elt'
    ; warning
    @(314.325 mm, 211.455 mm): Symbol R3 [SYM_R3]
[endpoint_off_grid]: Symbol pin or wire end off connection grid
    ; warning
    @(314.325 mm, 274.32 mm): Horizontal Wire, length 4.445 mm
[endpoint_off_grid]: Symbol pin or wire end off connection grid
    ; warning
    @(314.325 mm, 275.59 mm): Symbol R16 Pin 1 [Passive, Line]
[endpoint_off_grid]: Symbol pin or wire end off connection grid
    ; warning
    @(314.325 mm, 275.59 mm): Vertical Wire, length 1.27 mm
[footprint_link_issues]: The current configuration does not include the footprint library 'Resistor_SMD'
    ; warning
    @(314.325 mm, 279.40 mm): Symbol R16 [SYM_R16]
[lib_symbol_issues]: The current configuration does not include the symbol library 'elt'
    ; warning
    @(314.325 mm, 279.40 mm): Symbol R16 [SYM_R16]
[endpoint_off_grid]: Symbol pin or wire end off connection grid
    ; warning
    @(314.325 mm, 283.21 mm): Symbol #PWR48 Hidden pin 1 [GND, Power input, Line]
[lib_symbol_issues]: The current configuration does not include the symbol library 'elt'
    ; warning
    @(314.325 mm, 283.21 mm): Symbol #PWR48 [GND]
[endpoint_off_grid]: Symbol pin or wire end off connection grid
    ; warning
    @(316.865 mm, 182.245 mm): Horizontal Wire, length 4.445 mm
[endpoint_off_grid]: Symbol pin or wire end off connection grid
    ; warning
    @(316.865 mm, 183.515 mm): Symbol R2 Pin 1 [Passive, Line]
[endpoint_off_grid]: Symbol pin or wire end off connection grid
    ; warning
    @(316.865 mm, 183.515 mm): Vertical Wire, length 1.27 mm
[footprint_link_issues]: The current configuration does not include the footprint library 'Resistor_SMD'
    ; warning
    @(316.865 mm, 187.325 mm): Symbol R2 [SYM_R2]
[lib_symbol_issues]: The current configuration does not include the symbol library 'elt'
    ; warning
    @(316.865 mm, 187.325 mm): Symbol R2 [SYM_R2]
[endpoint_off_grid]: Symbol pin or wire end off connection grid
    ; warning
    @(316.865 mm, 191.135 mm): Symbol #PWR22 Hidden pin 1 [GND, Power input, Line]
[lib_symbol_issues]: The current configuration does not include the symbol library 'elt'
    ; warning
    @(316.865 mm, 191.135 mm): Symbol #PWR22 [GND]
[endpoint_off_grid]: Symbol pin or wire end off connection grid
    ; warning
    @(318.77 mm, 116.84 mm): Vertical Wire, length 17.145 mm
[endpoint_off_grid]: Symbol pin or wire end off connection grid
    ; warning
    @(318.77 mm, 99.695 mm): Horizontal Wire, length 8.89 mm
[endpoint_off_grid]: Symbol pin or wire end off connection grid
    ; warning
    @(318.77 mm, 142.875 mm): Vertical Wire, length 2.54 mm
[endpoint_off_grid]: Symbol pin or wire end off connection grid
    ; warning
    @(318.77 mm, 145.415 mm): Horizontal Wire, length 4.445 mm
[endpoint_off_grid]: Symbol pin or wire end off connection grid
    ; warning
    @(319.405 mm, 343.535 mm): Symbol #PWR32 Hidden pin 1 [GND, Power input, Line]
[lib_symbol_issues]: The current configuration does not include the symbol library 'elt'
    ; warning
    @(319.405 mm, 343.535 mm): Symbol #PWR32 [GND]
[endpoint_off_grid]: Symbol pin or wire end off connection grid
    ; warning
    @(319.405 mm, 351.155 mm): Horizontal Wire, length 2.54 mm
[endpoint_off_grid]: Symbol pin or wire end off connection grid
    ; warning
    @(319.405 mm, 353.695 mm): Symbol #PWR31 Hidden pin 1 [GND, Power input, Line]
[lib_symbol_issues]: The current configuration does not include the symbol library 'elt'
    ; warning
    @(319.405 mm, 353.695 mm): Symbol #PWR31 [GND]
[endpoint_off_grid]: Symbol pin or wire end off connection grid
    ; warning
    @(319.405 mm, 356.235 mm): Horizontal Wire, length 2.54 mm
[endpoint_off_grid]: Symbol pin or wire end off connection grid
    ; warning
    @(319.405 mm, 361.315 mm): Symbol #PWR30 Hidden pin 1 [GND, Power input, Line]
[lib_symbol_issues]: The current configuration does not include the symbol library 'elt'
    ; warning
    @(319.405 mm, 361.315 mm): Symbol #PWR30 [GND]
[endpoint_off_grid]: Symbol pin or wire end off connection grid
    ; warning
    @(319.405 mm, 419.10 mm): Horizontal Wire, length 0.635 mm
[endpoint_off_grid]: Symbol pin or wire end off connection grid
    ; warning
    @(319.405 mm, 419.10 mm): Symbol R12 Pin 1 [Passive, Line]
[endpoint_off_grid]: Symbol pin or wire end off connection grid
    ; warning
    @(321.945 mm, 351.155 mm): Horizontal Wire, length 0.635 mm
[endpoint_off_grid]: Symbol pin or wire end off connection grid
    ; warning
    @(321.945 mm, 356.235 mm): Horizontal Wire, length 0.635 mm
[endpoint_off_grid]: Symbol pin or wire end off connection grid
    ; warning
    @(322.58 mm, 351.155 mm): Horizontal Wire, length 4.445 mm
[endpoint_off_grid]: Symbol pin or wire end off connection grid
    ; warning
    @(322.58 mm, 356.235 mm): Horizontal Wire, length 10.16 mm
[endpoint_off_grid]: Symbol pin or wire end off connection grid
    ; warning
    @(323.215 mm, 145.415 mm): Horizontal Wire, length 1.27 mm
[footprint_link_issues]: The current configuration does not include the footprint library 'Resistor_SMD'
    ; warning
    @(323.215 mm, 419.10 mm): Symbol R12 [SYM_R12]
[lib_symbol_issues]: The current configuration does not include the symbol library 'elt'
    ; warning
    @(323.215 mm, 419.10 mm): Symbol R12 [SYM_R12]
[endpoint_off_grid]: Symbol pin or wire end off connection grid
    ; warning
    @(323.85 mm, 117.475 mm): Horizontal Wire, length 1.905 mm
[multiple_net_names]: Both BOOT_A and VCC_A are attached to the same items; BOOT_A will be used in the netlist
    ; warning
    @(325.755 mm, 117.475 mm): Global Label 'BOOT_A'
    @(323.85 mm, 141.605 mm): Global Label 'VCC_A'
[endpoint_off_grid]: Symbol pin or wire end off connection grid
    ; warning
    @(323.85 mm, 145.415 mm): Vertical Wire, length 27.94 mm
[endpoint_off_grid]: Symbol pin or wire end off connection grid
    ; warning
    @(323.85 mm, 147.955 mm): Vertical Wire, length 6.35 mm
[endpoint_off_grid]: Symbol pin or wire end off connection grid
    ; warning
    @(324.485 mm, 145.415 mm): Horizontal Wire, length 0.635 mm
[endpoint_off_grid]: Symbol pin or wire end off connection grid
    ; warning
    @(324.485 mm, 145.415 mm): Horizontal Wire, length 1.905 mm
[endpoint_off_grid]: Symbol pin or wire end off connection grid
    ; warning
    @(325.755 mm, 117.475 mm): Symbol C7 Pin 1 [Passive, Line]
[endpoint_off_grid]: Symbol pin or wire end off connection grid
    ; warning
    @(325.755 mm, 389.89 mm): Horizontal Wire, length 4.445 mm
[endpoint_off_grid]: Symbol pin or wire end off connection grid
    ; warning
    @(325.755 mm, 391.16 mm): Symbol R11 Pin 1 [Passive, Line]
[endpoint_off_grid]: Symbol pin or wire end off connection grid
    ; warning
    @(325.755 mm, 391.16 mm): Vertical Wire, length 1.27 mm
[footprint_link_issues]: The current configuration does not include the footprint library 'Resistor_SMD'
    ; warning
    @(325.755 mm, 394.97 mm): Symbol R11 [SYM_R11]
[lib_symbol_issues]: The current configuration does not include the symbol library 'elt'
    ; warning
    @(325.755 mm, 394.97 mm): Symbol R11 [SYM_R11]
[endpoint_off_grid]: Symbol pin or wire end off connection grid
    ; warning
    @(325.755 mm, 398.78 mm): Symbol #PWR44 Hidden pin 1 [GND, Power input, Line]
[lib_symbol_issues]: The current configuration does not include the symbol library 'elt'
    ; warning
    @(325.755 mm, 398.78 mm): Symbol #PWR44 [GND]
[endpoint_off_grid]: Symbol pin or wire end off connection grid
    ; warning
    @(326.39 mm, 145.415 mm): Symbol D3 Pin 1 [K, Passive, Line]
[endpoint_off_grid]: Symbol pin or wire end off connection grid
    ; warning
    @(326.39 mm, 145.415 mm): Horizontal Wire, length 1.905 mm
[endpoint_off_grid]: Symbol pin or wire end off connection grid
    ; warning
    @(327.025 mm, 351.155 mm): Vertical Wire, length 2.54 mm
[endpoint_off_grid]: Symbol pin or wire end off connection grid
    ; warning
    @(327.025 mm, 353.695 mm): Horizontal Wire, length 5.08 mm
[endpoint_off_grid]: Symbol pin or wire end off connection grid
    ; warning
    @(337.82 mm, 419.10 mm): Horizontal Wire, length 10.795 mm
[endpoint_off_grid]: Symbol pin or wire end off connection grid
    ; warning
    @(327.66 mm, 307.975 mm): Horizontal Wire, length 8.89 mm
[endpoint_off_grid]: Symbol pin or wire end off connection grid
    ; warning
    @(327.66 mm, 325.12 mm): Vertical Wire, length 17.145 mm
[endpoint_off_grid]: Symbol pin or wire end off connection grid
    ; warning
    @(328.93 mm, 205.105 mm): Vertical Wire, length 6.35 mm
[endpoint_off_grid]: Symbol pin or wire end off connection grid
    ; warning
    @(328.93 mm, 211.455 mm): Horizontal Wire, length 10.795 mm
[endpoint_off_grid]: Symbol pin or wire end off connection grid
    ; warning
    @(329.565 mm, 55.245 mm): Horizontal Wire, length 47.625 mm
[endpoint_off_grid]: Symbol pin or wire end off connection grid
    ; warning
    @(329.565 mm, 88.265 mm): Symbol R6 Pin 1 [Passive, Line]
[endpoint_off_grid]: Symbol pin or wire end off connection grid
    ; warning
    @(329.565 mm, 88.265 mm): Vertical Wire, length 33.02 mm
[footprint_link_issues]: The current configuration does not include the footprint library 'Resistor_SMD'
    ; warning
    @(329.565 mm, 92.075 mm): Symbol R6 [SYM_R6]
[lib_symbol_issues]: The current configuration does not include the symbol library 'elt'
    ; warning
    @(329.565 mm, 92.075 mm): Symbol R6 [SYM_R6]
[footprint_link_issues]: The current configuration does not include the footprint library 'Capacitor_SMD'
    ; warning
    @(329.565 mm, 117.475 mm): Symbol C7 [SYM_C7]
[lib_symbol_issues]: The current configuration does not include the symbol library 'elt'
    ; warning
    @(329.565 mm, 117.475 mm): Symbol C7 [SYM_C7]
[endpoint_off_grid]: Symbol pin or wire end off connection grid
    ; warning
    @(332.105 mm, 325.12 mm): Horizontal Wire, length 1.905 mm
[endpoint_off_grid]: Symbol pin or wire end off connection grid
    ; warning
    @(332.105 mm, 353.695 mm): Vertical Wire, length 28.575 mm
[endpoint_off_grid]: Symbol pin or wire end off connection grid
    ; warning
    @(332.105 mm, 353.695 mm): Horizontal Wire, length 0.635 mm
[endpoint_off_grid]: Symbol pin or wire end off connection grid
    ; warning
    @(332.74 mm, 353.695 mm): Horizontal Wire, length 0.635 mm
[endpoint_off_grid]: Symbol pin or wire end off connection grid
    ; warning
    @(332.74 mm, 353.695 mm): Horizontal Wire, length 2.54 mm
[endpoint_off_grid]: Symbol pin or wire end off connection grid
    ; warning
    @(332.74 mm, 356.235 mm): Vertical Wire, length 6.35 mm
[endpoint_off_grid]: Symbol pin or wire end off connection grid
    ; warning
    @(335.28 mm, 353.695 mm): Horizontal Wire, length 2.54 mm
[endpoint_off_grid]: Symbol pin or wire end off connection grid
    ; warning
    @(335.28 mm, 353.695 mm): Symbol D4 Pin 1 [K, Passive, Line]
[footprint_link_issues]: The current configuration does not include the footprint library 'Capacitor_SMD'
    ; warning
    @(337.82 mm, 325.12 mm): Symbol C22 [SYM_C22]
[lib_symbol_issues]: The current configuration does not include the symbol library 'elt'
    ; warning
    @(337.82 mm, 325.12 mm): Symbol C22 [SYM_C22]
[endpoint_off_grid]: Symbol pin or wire end off connection grid
    ; warning
    @(337.82 mm, 413.385 mm): Vertical Wire, length 5.715 mm
[endpoint_off_grid]: Symbol pin or wire end off connection grid
    ; warning
    @(338.455 mm, 205.105 mm): Horizontal Wire, length 9.525 mm
[endpoint_off_grid]: Symbol pin or wire end off connection grid
    ; warning
    @(338.455 mm, 207.645 mm): Symbol R4 Pin 1 [Passive, Line]
[endpoint_off_grid]: Symbol pin or wire end off connection grid
    ; warning
    @(338.455 mm, 207.645 mm): Vertical Wire, length 2.54 mm
[footprint_link_issues]: The current configuration does not include the footprint library 'Resistor_SMD'
    ; warning
    @(338.455 mm, 211.455 mm): Symbol R4 [SYM_R4]
[lib_symbol_issues]: The current configuration does not include the symbol library 'elt'
    ; warning
    @(338.455 mm, 211.455 mm): Symbol R4 [SYM_R4]
[endpoint_off_grid]: Symbol pin or wire end off connection grid
    ; warning
    @(338.455 mm, 215.265 mm): Symbol #PWR24 Hidden pin 1 [GND, Power input, Line]
[lib_symbol_issues]: The current configuration does not include the symbol library 'elt'
    ; warning
    @(338.455 mm, 215.265 mm): Symbol #PWR24 [GND]
[endpoint_off_grid]: Symbol pin or wire end off connection grid
    ; warning
    @(338.455 mm, 263.525 mm): Horizontal Wire, length 47.625 mm
[endpoint_off_grid]: Symbol pin or wire end off connection grid
    ; warning
    @(338.455 mm, 296.545 mm): Symbol R15 Pin 1 [Passive, Line]
[endpoint_off_grid]: Symbol pin or wire end off connection grid
    ; warning
    @(338.455 mm, 296.545 mm): Vertical Wire, length 33.02 mm
[footprint_link_issues]: The current configuration does not include the footprint library 'Resistor_SMD'
    ; warning
    @(338.455 mm, 300.355 mm): Symbol R15 [SYM_R15]
[lib_symbol_issues]: The current configuration does not include the symbol library 'elt'
    ; warning
    @(338.455 mm, 300.355 mm): Symbol R15 [SYM_R15]
[footprint_link_issues]: The current configuration does not include the footprint library 'Diode_SMD'
    ; warning
    @(339.09 mm, 145.415 mm): Symbol D3 [SYM_D3]
[lib_symbol_issues]: The current configuration does not include the symbol library 'elt'
    ; warning
    @(339.09 mm, 145.415 mm): Symbol D3 [SYM_D3]
[footprint_link_issues]: The current configuration does not include the footprint library 'Resistor_SMD'
    ; warning
    @(340.36 mm, 172.72 mm): Symbol R5 [SYM_R5]
[lib_symbol_issues]: The current configuration does not include the symbol library 'elt'
    ; warning
    @(340.36 mm, 172.72 mm): Symbol R5 [SYM_R5]
[endpoint_off_grid]: Symbol pin or wire end off connection grid
    ; warning
    @(347.345 mm, 413.385 mm): Horizontal Wire, length 9.525 mm
[endpoint_off_grid]: Symbol pin or wire end off connection grid
    ; warning
    @(347.345 mm, 415.925 mm): Symbol R13 Pin 1 [Passive, Line]
[endpoint_off_grid]: Symbol pin or wire end off connection grid
    ; warning
    @(347.345 mm, 415.925 mm): Vertical Wire, length 2.54 mm
[footprint_link_issues]: The current configuration does not include the footprint library 'Resistor_SMD'
    ; warning
    @(347.345 mm, 419.735 mm): Symbol R13 [SYM_R13]
[lib_symbol_issues]: The current configuration does not include the symbol library 'elt'
    ; warning
    @(347.345 mm, 419.735 mm): Symbol R13 [SYM_R13]
[endpoint_off_grid]: Symbol pin or wire end off connection grid
    ; warning
    @(347.345 mm, 423.545 mm): Symbol #PWR46 Hidden pin 1 [GND, Power input, Line]
[lib_symbol_issues]: The current configuration does not include the symbol library 'elt'
    ; warning
    @(347.345 mm, 423.545 mm): Symbol #PWR46 [GND]
[footprint_link_issues]: The current configuration does not include the footprint library 'Diode_SMD'
    ; warning
    @(347.98 mm, 353.695 mm): Symbol D4 [SYM_D4]
[lib_symbol_issues]: The current configuration does not include the symbol library 'elt'
    ; warning
    @(347.98 mm, 353.695 mm): Symbol D4 [SYM_D4]
[footprint_link_issues]: The current configuration does not include the footprint library 'Resistor_SMD'
    ; warning
    @(349.25 mm, 381.00 mm): Symbol R14 [SYM_R14]
[lib_symbol_issues]: The current configuration does not include the symbol library 'elt'
    ; warning
    @(349.25 mm, 381.00 mm): Symbol R14 [SYM_R14]
[endpoint_off_grid]: Symbol pin or wire end off connection grid
    ; warning
    @(344.17 mm, 172.72 mm): Horizontal Wire, length 6.985 mm
[endpoint_off_grid]: Symbol pin or wire end off connection grid
    ; warning
    @(351.155 mm, 172.72 mm): Vertical Wire, length 24.765 mm
[endpoint_off_grid]: Symbol pin or wire end off connection grid
    ; warning
    @(351.155 mm, 197.485 mm): Horizontal Wire, length 6.985 mm
[endpoint_off_grid]: Symbol pin or wire end off connection grid
    ; warning
    @(351.79 mm, 145.415 mm): Horizontal Wire, length 2.54 mm
[endpoint_off_grid]: Symbol pin or wire end off connection grid
    ; warning
    @(354.33 mm, 145.415 mm): Vertical Wire, length 18.415 mm
[endpoint_off_grid]: Symbol pin or wire end off connection grid
    ; warning
    @(358.14 mm, 197.485 mm): Symbol C4 Pin 1 [Passive, Line]
[endpoint_off_grid]: Symbol pin or wire end off connection grid
    ; warning
    @(353.06 mm, 381.00 mm): Horizontal Wire, length 6.985 mm
[endpoint_off_grid]: Symbol pin or wire end off connection grid
    ; warning
    @(360.045 mm, 381.00 mm): Vertical Wire, length 24.765 mm
[endpoint_off_grid]: Symbol pin or wire end off connection grid
    ; warning
    @(360.045 mm, 405.765 mm): Horizontal Wire, length 6.985 mm
[endpoint_off_grid]: Symbol pin or wire end off connection grid
    ; warning
    @(360.68 mm, 353.695 mm): Horizontal Wire, length 2.54 mm
[footprint_link_issues]: The current configuration does not include the footprint library 'Capacitor_SMD'
    ; warning
    @(361.95 mm, 197.485 mm): Symbol C4 [SYM_C4]
[lib_symbol_issues]: The current configuration does not include the symbol library 'elt'
    ; warning
    @(361.95 mm, 197.485 mm): Symbol C4 [SYM_C4]
[endpoint_off_grid]: Symbol pin or wire end off connection grid
    ; warning
    @(363.22 mm, 353.695 mm): Vertical Wire, length 17.78 mm
[endpoint_off_grid]: Symbol pin or wire end off connection grid
    ; warning
    @(363.22 mm, 371.475 mm): Horizontal Wire, length 62.23 mm
[endpoint_off_grid]: Symbol pin or wire end off connection grid
    ; warning
    @(365.76 mm, 197.485 mm): Horizontal Wire, length 11.43 mm
[endpoint_off_grid]: Symbol pin or wire end off connection grid
    ; warning
    @(367.03 mm, 172.085 mm): Symbol C5 Pin 1 [Passive, Line]
[endpoint_off_grid]: Symbol pin or wire end off connection grid
    ; warning
    @(367.03 mm, 405.765 mm): Symbol C19 Pin 1 [Passive, Line]
[footprint_link_issues]: The current configuration does not include the footprint library 'Capacitor_SMD'
    ; warning
    @(370.84 mm, 172.085 mm): Symbol C5 [SYM_C5]
[lib_symbol_issues]: The current configuration does not include the symbol library 'elt'
    ; warning
    @(370.84 mm, 172.085 mm): Symbol C5 [SYM_C5]
[footprint_link_issues]: The current configuration does not include the footprint library 'Capacitor_SMD'
    ; warning
    @(370.84 mm, 405.765 mm): Symbol C19 [SYM_C19]
[lib_symbol_issues]: The current configuration does not include the symbol library 'elt'
    ; warning
    @(370.84 mm, 405.765 mm): Symbol C19 [SYM_C19]
[endpoint_off_grid]: Symbol pin or wire end off connection grid
    ; warning
    @(374.65 mm, 405.765 mm): Horizontal Wire, length 11.43 mm
[endpoint_off_grid]: Symbol pin or wire end off connection grid
    ; warning
    @(377.19 mm, 172.085 mm): Horizontal Wire, length 2.54 mm
[endpoint_off_grid]: Symbol pin or wire end off connection grid
    ; warning
    @(377.19 mm, 197.485 mm): Vertical Wire, length 25.40 mm
[footprint_link_issues]: The current configuration does not include the footprint library 'Capacitor_SMD'
    ; warning
    @(379.73 mm, 379.73 mm): Symbol C20 [SYM_C20]
[lib_symbol_issues]: The current configuration does not include the symbol library 'elt'
    ; warning
    @(379.73 mm, 379.73 mm): Symbol C20 [SYM_C20]
[endpoint_off_grid]: Symbol pin or wire end off connection grid
    ; warning
    @(386.08 mm, 405.765 mm): Vertical Wire, length 26.035 mm
[lib_symbol_issues]: The current configuration does not include the symbol library 'elt'
    ; warning
    @(403.86 mm, 252.73 mm): Symbol F1 [SYM_F1]
[endpoint_off_grid]: Symbol pin or wire end off connection grid
    ; warning
    @(420.37 mm, 252.73 mm): Vertical Wire, length 239.395 mm
[endpoint_off_grid]: Symbol pin or wire end off connection grid
    ; warning
    @(420.37 mm, 492.125 mm): Horizontal Wire, length 170.815 mm

 ** ERC messages: 869  Errors 0  Warnings 869

 ** Ignored checks:
    - Global label only appears once in the schematic
    - Four connection points are joined together
    - SPICE model issue
    - Assigned footprint doesn't match footprint filters
