solid OpenSCAD_Model
  facet normal 0.980796 0.195038 0
    outer loop
      vertex -54.5385 40.5874 9.5
      vertex -54.6533 41.1647 2.4
      vertex -54.6533 41.1647 9.5
    endloop
  endfacet
  facet normal 0.980796 0.195038 0
    outer loop
      vertex -54.6533 41.1647 2.4
      vertex -54.5385 40.5874 9.5
      vertex -54.5385 40.5874 2.4
    endloop
  endfacet
  facet normal 0.997859 0.0654027 0
    outer loop
      vertex -54.5 40 9.5
      vertex -54.5385 40.5874 2.4
      vertex -54.5385 40.5874 9.5
    endloop
  endfacet
  facet normal 0.997859 0.0654027 0
    outer loop
      vertex -54.5385 40.5874 2.4
      vertex -54.5 40 9.5
      vertex -54.5 40 2.4
    endloop
  endfacet
  facet normal -0.997859 0.0654027 0
    outer loop
      vertex -63.5 40 2.4
      vertex -63.4615 40.5874 9.5
      vertex -63.4615 40.5874 2.4
    endloop
  endfacet
  facet normal -0.997859 0.0654027 0
    outer loop
      vertex -63.4615 40.5874 9.5
      vertex -63.5 40 2.4
      vertex -63.5 40 9.5
    endloop
  endfacet
  facet normal 0.751882 0.659298 0
    outer loop
      vertex -55.4299 42.7394 9.5
      vertex -55.818 43.182 2.4
      vertex -55.818 43.182 9.5
    endloop
  endfacet
  facet normal 0.751882 0.659298 0
    outer loop
      vertex -55.818 43.182 2.4
      vertex -55.4299 42.7394 9.5
      vertex -55.4299 42.7394 2.4
    endloop
  endfacet
  facet normal -0.896827 0.442382 0
    outer loop
      vertex -63.1575 41.7221 2.4
      vertex -62.8971 42.25 9.5
      vertex -62.8971 42.25 2.4
    endloop
  endfacet
  facet normal -0.896827 0.442382 0
    outer loop
      vertex -62.8971 42.25 9.5
      vertex -63.1575 41.7221 2.4
      vertex -63.1575 41.7221 9.5
    endloop
  endfacet
  facet normal 0.751882 -0.659298 0
    outer loop
      vertex -55.818 36.818 9.5
      vertex -55.4299 37.2606 2.4
      vertex -55.4299 37.2606 9.5
    endloop
  endfacet
  facet normal 0.751882 -0.659298 0
    outer loop
      vertex -55.4299 37.2606 2.4
      vertex -55.818 36.818 9.5
      vertex -55.818 36.818 2.4
    endloop
  endfacet
  facet normal 0.195038 -0.980796 0
    outer loop
      vertex -58.4126 35.5385 2.4
      vertex -57.8353 35.6533 9.5
      vertex -58.4126 35.5385 9.5
    endloop
  endfacet
  facet normal 0.195038 -0.980796 0
    outer loop
      vertex -57.8353 35.6533 9.5
      vertex -58.4126 35.5385 2.4
      vertex -57.8353 35.6533 2.4
    endloop
  endfacet
  facet normal -0.0654027 0.997859 0
    outer loop
      vertex -59 44.5 2.4
      vertex -59.5874 44.4615 9.5
      vertex -59 44.5 9.5
    endloop
  endfacet
  facet normal -0.0654027 0.997859 0
    outer loop
      vertex -59.5874 44.4615 9.5
      vertex -59 44.5 2.4
      vertex -59.5874 44.4615 2.4
    endloop
  endfacet
  facet normal -0.980796 0.195038 0
    outer loop
      vertex -63.4615 40.5874 2.4
      vertex -63.3467 41.1647 9.5
      vertex -63.3467 41.1647 2.4
    endloop
  endfacet
  facet normal -0.980796 0.195038 0
    outer loop
      vertex -63.3467 41.1647 9.5
      vertex -63.4615 40.5874 2.4
      vertex -63.4615 40.5874 9.5
    endloop
  endfacet
  facet normal -0.195038 -0.980796 0
    outer loop
      vertex -60.1647 35.6533 2.4
      vertex -59.5874 35.5385 9.5
      vertex -60.1647 35.6533 9.5
    endloop
  endfacet
  facet normal -0.195038 -0.980796 -0
    outer loop
      vertex -59.5874 35.5385 9.5
      vertex -60.1647 35.6533 2.4
      vertex -59.5874 35.5385 2.4
    endloop
  endfacet
  facet normal -0.831475 -0.555562 0
    outer loop
      vertex -62.5701 37.2606 2.4
      vertex -62.8971 37.75 9.5
      vertex -62.8971 37.75 2.4
    endloop
  endfacet
  facet normal -0.831475 -0.555562 0
    outer loop
      vertex -62.8971 37.75 9.5
      vertex -62.5701 37.2606 2.4
      vertex -62.5701 37.2606 9.5
    endloop
  endfacet
  facet normal 0.659298 -0.751882 0
    outer loop
      vertex -56.2606 36.4299 2.4
      vertex -55.818 36.818 9.5
      vertex -56.2606 36.4299 9.5
    endloop
  endfacet
  facet normal 0.659298 -0.751882 0
    outer loop
      vertex -55.818 36.818 9.5
      vertex -56.2606 36.4299 2.4
      vertex -55.818 36.818 2.4
    endloop
  endfacet
  facet normal 0.321421 0.946936 -0
    outer loop
      vertex -57.2779 44.1575 2.4
      vertex -57.8353 44.3467 9.5
      vertex -57.2779 44.1575 9.5
    endloop
  endfacet
  facet normal 0.321421 0.946936 0
    outer loop
      vertex -57.8353 44.3467 9.5
      vertex -57.2779 44.1575 2.4
      vertex -57.8353 44.3467 2.4
    endloop
  endfacet
  facet normal 0.997859 -0.0654027 0
    outer loop
      vertex -54.5385 39.4126 9.5
      vertex -54.5 40 2.4
      vertex -54.5 40 9.5
    endloop
  endfacet
  facet normal 0.997859 -0.0654027 0
    outer loop
      vertex -54.5 40 2.4
      vertex -54.5385 39.4126 9.5
      vertex -54.5385 39.4126 2.4
    endloop
  endfacet
  facet normal 0.442382 0.896827 -0
    outer loop
      vertex -56.75 43.8971 2.4
      vertex -57.2779 44.1575 9.5
      vertex -56.75 43.8971 9.5
    endloop
  endfacet
  facet normal 0.442382 0.896827 0
    outer loop
      vertex -57.2779 44.1575 9.5
      vertex -56.75 43.8971 2.4
      vertex -57.2779 44.1575 2.4
    endloop
  endfacet
  facet normal 0.946936 0.321421 0
    outer loop
      vertex -54.6533 41.1647 9.5
      vertex -54.8425 41.7221 2.4
      vertex -54.8425 41.7221 9.5
    endloop
  endfacet
  facet normal 0.946936 0.321421 0
    outer loop
      vertex -54.8425 41.7221 2.4
      vertex -54.6533 41.1647 9.5
      vertex -54.6533 41.1647 2.4
    endloop
  endfacet
  facet normal 0.442382 -0.896827 0
    outer loop
      vertex -57.2779 35.8425 2.4
      vertex -56.75 36.1029 9.5
      vertex -57.2779 35.8425 9.5
    endloop
  endfacet
  facet normal 0.442382 -0.896827 0
    outer loop
      vertex -56.75 36.1029 9.5
      vertex -57.2779 35.8425 2.4
      vertex -56.75 36.1029 2.4
    endloop
  endfacet
  facet normal 0.659298 0.751882 -0
    outer loop
      vertex -55.818 43.182 2.4
      vertex -56.2606 43.5701 9.5
      vertex -55.818 43.182 9.5
    endloop
  endfacet
  facet normal 0.659298 0.751882 0
    outer loop
      vertex -56.2606 43.5701 9.5
      vertex -55.818 43.182 2.4
      vertex -56.2606 43.5701 2.4
    endloop
  endfacet
  facet normal 0.946936 -0.321421 0
    outer loop
      vertex -54.8425 38.2779 9.5
      vertex -54.6533 38.8353 2.4
      vertex -54.6533 38.8353 9.5
    endloop
  endfacet
  facet normal 0.946936 -0.321421 0
    outer loop
      vertex -54.6533 38.8353 2.4
      vertex -54.8425 38.2779 9.5
      vertex -54.8425 38.2779 2.4
    endloop
  endfacet
  facet normal -0.831475 0.555562 0
    outer loop
      vertex -62.8971 42.25 2.4
      vertex -62.5701 42.7394 9.5
      vertex -62.5701 42.7394 2.4
    endloop
  endfacet
  facet normal -0.831475 0.555562 0
    outer loop
      vertex -62.5701 42.7394 9.5
      vertex -62.8971 42.25 2.4
      vertex -62.8971 42.25 9.5
    endloop
  endfacet
  facet normal 0.831475 -0.555562 0
    outer loop
      vertex -55.4299 37.2606 9.5
      vertex -55.1029 37.75 2.4
      vertex -55.1029 37.75 9.5
    endloop
  endfacet
  facet normal 0.831475 -0.555562 0
    outer loop
      vertex -55.1029 37.75 2.4
      vertex -55.4299 37.2606 9.5
      vertex -55.4299 37.2606 2.4
    endloop
  endfacet
  facet normal -0.442382 0.896827 0
    outer loop
      vertex -60.7221 44.1575 2.4
      vertex -61.25 43.8971 9.5
      vertex -60.7221 44.1575 9.5
    endloop
  endfacet
  facet normal -0.442382 0.896827 0
    outer loop
      vertex -61.25 43.8971 9.5
      vertex -60.7221 44.1575 2.4
      vertex -61.25 43.8971 2.4
    endloop
  endfacet
  facet normal 0.555562 0.831475 -0
    outer loop
      vertex -56.2606 43.5701 2.4
      vertex -56.75 43.8971 9.5
      vertex -56.2606 43.5701 9.5
    endloop
  endfacet
  facet normal 0.555562 0.831475 0
    outer loop
      vertex -56.75 43.8971 9.5
      vertex -56.2606 43.5701 2.4
      vertex -56.75 43.8971 2.4
    endloop
  endfacet
  facet normal 0.831475 0.555562 0
    outer loop
      vertex -55.1029 42.25 9.5
      vertex -55.4299 42.7394 2.4
      vertex -55.4299 42.7394 9.5
    endloop
  endfacet
  facet normal 0.831475 0.555562 0
    outer loop
      vertex -55.4299 42.7394 2.4
      vertex -55.1029 42.25 9.5
      vertex -55.1029 42.25 2.4
    endloop
  endfacet
  facet normal -0.195038 0.980796 0
    outer loop
      vertex -59.5874 44.4615 2.4
      vertex -60.1647 44.3467 9.5
      vertex -59.5874 44.4615 9.5
    endloop
  endfacet
  facet normal -0.195038 0.980796 0
    outer loop
      vertex -60.1647 44.3467 9.5
      vertex -59.5874 44.4615 2.4
      vertex -60.1647 44.3467 2.4
    endloop
  endfacet
  facet normal 0.0654027 -0.997859 0
    outer loop
      vertex -59 35.5 2.4
      vertex -58.4126 35.5385 9.5
      vertex -59 35.5 9.5
    endloop
  endfacet
  facet normal 0.0654027 -0.997859 0
    outer loop
      vertex -58.4126 35.5385 9.5
      vertex -59 35.5 2.4
      vertex -58.4126 35.5385 2.4
    endloop
  endfacet
  facet normal 0.321421 -0.946936 0
    outer loop
      vertex -57.8353 35.6533 2.4
      vertex -57.2779 35.8425 9.5
      vertex -57.8353 35.6533 9.5
    endloop
  endfacet
  facet normal 0.321421 -0.946936 0
    outer loop
      vertex -57.2779 35.8425 9.5
      vertex -57.8353 35.6533 2.4
      vertex -57.2779 35.8425 2.4
    endloop
  endfacet
  facet normal 0.896827 0.442382 0
    outer loop
      vertex -54.8425 41.7221 9.5
      vertex -55.1029 42.25 2.4
      vertex -55.1029 42.25 9.5
    endloop
  endfacet
  facet normal 0.896827 0.442382 0
    outer loop
      vertex -55.1029 42.25 2.4
      vertex -54.8425 41.7221 9.5
      vertex -54.8425 41.7221 2.4
    endloop
  endfacet
  facet normal -0.555562 0.831475 0
    outer loop
      vertex -61.25 43.8971 2.4
      vertex -61.7394 43.5701 9.5
      vertex -61.25 43.8971 9.5
    endloop
  endfacet
  facet normal -0.555562 0.831475 0
    outer loop
      vertex -61.7394 43.5701 9.5
      vertex -61.25 43.8971 2.4
      vertex -61.7394 43.5701 2.4
    endloop
  endfacet
  facet normal 0.555562 -0.831475 0
    outer loop
      vertex -56.75 36.1029 2.4
      vertex -56.2606 36.4299 9.5
      vertex -56.75 36.1029 9.5
    endloop
  endfacet
  facet normal 0.555562 -0.831475 0
    outer loop
      vertex -56.2606 36.4299 9.5
      vertex -56.75 36.1029 2.4
      vertex -56.2606 36.4299 2.4
    endloop
  endfacet
  facet normal -0.946936 0.321421 0
    outer loop
      vertex -63.3467 41.1647 2.4
      vertex -63.1575 41.7221 9.5
      vertex -63.1575 41.7221 2.4
    endloop
  endfacet
  facet normal -0.946936 0.321421 0
    outer loop
      vertex -63.1575 41.7221 9.5
      vertex -63.3467 41.1647 2.4
      vertex -63.3467 41.1647 9.5
    endloop
  endfacet
  facet normal -0.321421 0.946936 0
    outer loop
      vertex -60.1647 44.3467 2.4
      vertex -60.7221 44.1575 9.5
      vertex -60.1647 44.3467 9.5
    endloop
  endfacet
  facet normal -0.321421 0.946936 0
    outer loop
      vertex -60.7221 44.1575 9.5
      vertex -60.1647 44.3467 2.4
      vertex -60.7221 44.1575 2.4
    endloop
  endfacet
  facet normal -0.896827 -0.442382 0
    outer loop
      vertex -62.8971 37.75 2.4
      vertex -63.1575 38.2779 9.5
      vertex -63.1575 38.2779 2.4
    endloop
  endfacet
  facet normal -0.896827 -0.442382 0
    outer loop
      vertex -63.1575 38.2779 9.5
      vertex -62.8971 37.75 2.4
      vertex -62.8971 37.75 9.5
    endloop
  endfacet
  facet normal 0 0 1
    outer loop
      vertex -55.95 40 9.5
      vertex -54.5 40 9.5
      vertex -54.5385 40.5874 9.5
    endloop
  endfacet
  facet normal 0 0 1
    outer loop
      vertex -55.9761 40.3981 9.5
      vertex -54.5385 40.5874 9.5
      vertex -54.6533 41.1647 9.5
    endloop
  endfacet
  facet normal 0 0 1
    outer loop
      vertex -54.5 40 9.5
      vertex -55.95 40 9.5
      vertex -54.5385 39.4126 9.5
    endloop
  endfacet
  facet normal 0 0 1
    outer loop
      vertex -56.0539 40.7894 9.5
      vertex -54.6533 41.1647 9.5
      vertex -54.8425 41.7221 9.5
    endloop
  endfacet
  facet normal -0 0 1
    outer loop
      vertex -55.9761 39.6019 9.5
      vertex -54.5385 39.4126 9.5
      vertex -55.95 40 9.5
    endloop
  endfacet
  facet normal 0 0 1
    outer loop
      vertex -56.1822 41.1672 9.5
      vertex -54.8425 41.7221 9.5
      vertex -55.1029 42.25 9.5
    endloop
  endfacet
  facet normal 0 0 1
    outer loop
      vertex -54.5385 39.4126 9.5
      vertex -55.9761 39.6019 9.5
      vertex -54.6533 38.8353 9.5
    endloop
  endfacet
  facet normal 0 0 1
    outer loop
      vertex -56.3586 41.525 9.5
      vertex -55.1029 42.25 9.5
      vertex -55.4299 42.7394 9.5
    endloop
  endfacet
  facet normal -0 0 1
    outer loop
      vertex -56.0539 39.2106 9.5
      vertex -54.6533 38.8353 9.5
      vertex -55.9761 39.6019 9.5
    endloop
  endfacet
  facet normal 0 0 1
    outer loop
      vertex -56.5803 41.8567 9.5
      vertex -55.4299 42.7394 9.5
      vertex -55.818 43.182 9.5
    endloop
  endfacet
  facet normal 0 0 1
    outer loop
      vertex -54.6533 38.8353 9.5
      vertex -56.0539 39.2106 9.5
      vertex -54.8425 38.2779 9.5
    endloop
  endfacet
  facet normal -0 0 1
    outer loop
      vertex -56.1822 38.8328 9.5
      vertex -54.8425 38.2779 9.5
      vertex -56.0539 39.2106 9.5
    endloop
  endfacet
  facet normal 0 0 1
    outer loop
      vertex -54.5385 40.5874 9.5
      vertex -55.9761 40.3981 9.5
      vertex -55.95 40 9.5
    endloop
  endfacet
  facet normal 0 0 1
    outer loop
      vertex -54.6533 41.1647 9.5
      vertex -56.0539 40.7894 9.5
      vertex -55.9761 40.3981 9.5
    endloop
  endfacet
  facet normal 0 0 1
    outer loop
      vertex -54.8425 41.7221 9.5
      vertex -56.1822 41.1672 9.5
      vertex -56.0539 40.7894 9.5
    endloop
  endfacet
  facet normal 0 0 1
    outer loop
      vertex -56.8433 42.1567 9.5
      vertex -55.818 43.182 9.5
      vertex -56.2606 43.5701 9.5
    endloop
  endfacet
  facet normal 0 0 1
    outer loop
      vertex -55.1029 42.25 9.5
      vertex -56.3586 41.525 9.5
      vertex -56.1822 41.1672 9.5
    endloop
  endfacet
  facet normal 0 0 1
    outer loop
      vertex -55.4299 42.7394 9.5
      vertex -56.5803 41.8567 9.5
      vertex -56.3586 41.525 9.5
    endloop
  endfacet
  facet normal 0 0 1
    outer loop
      vertex -57.1433 42.4197 9.5
      vertex -56.2606 43.5701 9.5
      vertex -56.75 43.8971 9.5
    endloop
  endfacet
  facet normal 0 0 1
    outer loop
      vertex -55.818 43.182 9.5
      vertex -56.8433 42.1567 9.5
      vertex -56.5803 41.8567 9.5
    endloop
  endfacet
  facet normal 0 0 1
    outer loop
      vertex -56.2606 43.5701 9.5
      vertex -57.1433 42.4197 9.5
      vertex -56.8433 42.1567 9.5
    endloop
  endfacet
  facet normal 0 0 1
    outer loop
      vertex -57.475 42.6414 9.5
      vertex -56.75 43.8971 9.5
      vertex -57.2779 44.1575 9.5
    endloop
  endfacet
  facet normal 0 0 1
    outer loop
      vertex -56.75 43.8971 9.5
      vertex -57.475 42.6414 9.5
      vertex -57.1433 42.4197 9.5
    endloop
  endfacet
  facet normal 0 0 1
    outer loop
      vertex -57.2779 44.1575 9.5
      vertex -57.8328 42.8178 9.5
      vertex -57.475 42.6414 9.5
    endloop
  endfacet
  facet normal 0 0 1
    outer loop
      vertex -57.8353 44.3467 9.5
      vertex -57.8328 42.8178 9.5
      vertex -57.2779 44.1575 9.5
    endloop
  endfacet
  facet normal 0 0 1
    outer loop
      vertex -57.8353 44.3467 9.5
      vertex -58.2106 42.9461 9.5
      vertex -57.8328 42.8178 9.5
    endloop
  endfacet
  facet normal 0 0 1
    outer loop
      vertex -58.4126 44.4615 9.5
      vertex -58.2106 42.9461 9.5
      vertex -57.8353 44.3467 9.5
    endloop
  endfacet
  facet normal 0 0 1
    outer loop
      vertex -58.4126 44.4615 9.5
      vertex -58.6019 43.0239 9.5
      vertex -58.2106 42.9461 9.5
    endloop
  endfacet
  facet normal 0 0 1
    outer loop
      vertex -59 44.5 9.5
      vertex -58.6019 43.0239 9.5
      vertex -58.4126 44.4615 9.5
    endloop
  endfacet
  facet normal 0 0 1
    outer loop
      vertex -59 44.5 9.5
      vertex -59 43.05 9.5
      vertex -58.6019 43.0239 9.5
    endloop
  endfacet
  facet normal 0 0 1
    outer loop
      vertex -59 44.5 9.5
      vertex -59.3981 43.0239 9.5
      vertex -59 43.05 9.5
    endloop
  endfacet
  facet normal -0 0 1
    outer loop
      vertex -59.5874 44.4615 9.5
      vertex -59.3981 43.0239 9.5
      vertex -59 44.5 9.5
    endloop
  endfacet
  facet normal 0 0 1
    outer loop
      vertex -59.5874 44.4615 9.5
      vertex -59.7894 42.9461 9.5
      vertex -59.3981 43.0239 9.5
    endloop
  endfacet
  facet normal -0 0 1
    outer loop
      vertex -60.1647 44.3467 9.5
      vertex -59.7894 42.9461 9.5
      vertex -59.5874 44.4615 9.5
    endloop
  endfacet
  facet normal 0 0 1
    outer loop
      vertex -60.1647 44.3467 9.5
      vertex -60.1672 42.8178 9.5
      vertex -59.7894 42.9461 9.5
    endloop
  endfacet
  facet normal -0 0 1
    outer loop
      vertex -60.7221 44.1575 9.5
      vertex -60.1672 42.8178 9.5
      vertex -60.1647 44.3467 9.5
    endloop
  endfacet
  facet normal 0 0 1
    outer loop
      vertex -60.1672 42.8178 9.5
      vertex -60.7221 44.1575 9.5
      vertex -60.525 42.6414 9.5
    endloop
  endfacet
  facet normal -0 0 1
    outer loop
      vertex -61.25 43.8971 9.5
      vertex -60.525 42.6414 9.5
      vertex -60.7221 44.1575 9.5
    endloop
  endfacet
  facet normal 0 0 1
    outer loop
      vertex -60.525 42.6414 9.5
      vertex -61.25 43.8971 9.5
      vertex -60.8567 42.4197 9.5
    endloop
  endfacet
  facet normal -0 0 1
    outer loop
      vertex -61.7394 43.5701 9.5
      vertex -60.8567 42.4197 9.5
      vertex -61.25 43.8971 9.5
    endloop
  endfacet
  facet normal 0 0 1
    outer loop
      vertex -60.8567 42.4197 9.5
      vertex -61.7394 43.5701 9.5
      vertex -61.1567 42.1567 9.5
    endloop
  endfacet
  facet normal -0 0 1
    outer loop
      vertex -62.182 43.182 9.5
      vertex -61.1567 42.1567 9.5
      vertex -61.7394 43.5701 9.5
    endloop
  endfacet
  facet normal 0 0 1
    outer loop
      vertex -61.1567 42.1567 9.5
      vertex -62.182 43.182 9.5
      vertex -61.4197 41.8567 9.5
    endloop
  endfacet
  facet normal -0 0 1
    outer loop
      vertex -62.5701 42.7394 9.5
      vertex -61.4197 41.8567 9.5
      vertex -62.182 43.182 9.5
    endloop
  endfacet
  facet normal 0 0 1
    outer loop
      vertex -61.4197 41.8567 9.5
      vertex -62.5701 42.7394 9.5
      vertex -61.6414 41.525 9.5
    endloop
  endfacet
  facet normal -0 0 1
    outer loop
      vertex -62.8971 42.25 9.5
      vertex -61.6414 41.525 9.5
      vertex -62.5701 42.7394 9.5
    endloop
  endfacet
  facet normal -0 0 1
    outer loop
      vertex -63.1575 41.7221 9.5
      vertex -61.8178 41.1672 9.5
      vertex -62.8971 42.25 9.5
    endloop
  endfacet
  facet normal 0 0 1
    outer loop
      vertex -61.6414 41.525 9.5
      vertex -62.8971 42.25 9.5
      vertex -61.8178 41.1672 9.5
    endloop
  endfacet
  facet normal 0 0 1
    outer loop
      vertex -54.8425 38.2779 9.5
      vertex -56.1822 38.8328 9.5
      vertex -55.1029 37.75 9.5
    endloop
  endfacet
  facet normal -0 0 1
    outer loop
      vertex -56.3586 38.475 9.5
      vertex -55.1029 37.75 9.5
      vertex -56.1822 38.8328 9.5
    endloop
  endfacet
  facet normal 0 0 1
    outer loop
      vertex -55.1029 37.75 9.5
      vertex -56.3586 38.475 9.5
      vertex -55.4299 37.2606 9.5
    endloop
  endfacet
  facet normal -0 0 1
    outer loop
      vertex -56.5803 38.1433 9.5
      vertex -55.4299 37.2606 9.5
      vertex -56.3586 38.475 9.5
    endloop
  endfacet
  facet normal 0 0 1
    outer loop
      vertex -55.4299 37.2606 9.5
      vertex -56.5803 38.1433 9.5
      vertex -55.818 36.818 9.5
    endloop
  endfacet
  facet normal -0 0 1
    outer loop
      vertex -56.8433 37.8433 9.5
      vertex -55.818 36.818 9.5
      vertex -56.5803 38.1433 9.5
    endloop
  endfacet
  facet normal 0 0 1
    outer loop
      vertex -55.818 36.818 9.5
      vertex -56.8433 37.8433 9.5
      vertex -56.2606 36.4299 9.5
    endloop
  endfacet
  facet normal -0 0 1
    outer loop
      vertex -57.1433 37.5803 9.5
      vertex -56.2606 36.4299 9.5
      vertex -56.8433 37.8433 9.5
    endloop
  endfacet
  facet normal 0 0 1
    outer loop
      vertex -56.2606 36.4299 9.5
      vertex -57.1433 37.5803 9.5
      vertex -56.75 36.1029 9.5
    endloop
  endfacet
  facet normal -0 0 1
    outer loop
      vertex -57.475 37.3586 9.5
      vertex -56.75 36.1029 9.5
      vertex -57.1433 37.5803 9.5
    endloop
  endfacet
  facet normal 0 0 1
    outer loop
      vertex -56.75 36.1029 9.5
      vertex -57.475 37.3586 9.5
      vertex -57.2779 35.8425 9.5
    endloop
  endfacet
  facet normal -0 0 1
    outer loop
      vertex -57.8328 37.1822 9.5
      vertex -57.2779 35.8425 9.5
      vertex -57.475 37.3586 9.5
    endloop
  endfacet
  facet normal 0 0 1
    outer loop
      vertex -57.8328 37.1822 9.5
      vertex -57.8353 35.6533 9.5
      vertex -57.2779 35.8425 9.5
    endloop
  endfacet
  facet normal -0 0 1
    outer loop
      vertex -58.2106 37.0539 9.5
      vertex -57.8353 35.6533 9.5
      vertex -57.8328 37.1822 9.5
    endloop
  endfacet
  facet normal 0 0 1
    outer loop
      vertex -58.2106 37.0539 9.5
      vertex -58.4126 35.5385 9.5
      vertex -57.8353 35.6533 9.5
    endloop
  endfacet
  facet normal -0 0 1
    outer loop
      vertex -58.6019 36.9761 9.5
      vertex -58.4126 35.5385 9.5
      vertex -58.2106 37.0539 9.5
    endloop
  endfacet
  facet normal -0 0 1
    outer loop
      vertex -59 36.95 9.5
      vertex -58.4126 35.5385 9.5
      vertex -58.6019 36.9761 9.5
    endloop
  endfacet
  facet normal 0 0 1
    outer loop
      vertex -59 36.95 9.5
      vertex -59 35.5 9.5
      vertex -58.4126 35.5385 9.5
    endloop
  endfacet
  facet normal 0 0 1
    outer loop
      vertex -59.3981 36.9761 9.5
      vertex -59 35.5 9.5
      vertex -59 36.95 9.5
    endloop
  endfacet
  facet normal 0 0 1
    outer loop
      vertex -59.3981 36.9761 9.5
      vertex -59.5874 35.5385 9.5
      vertex -59 35.5 9.5
    endloop
  endfacet
  facet normal 0 0 1
    outer loop
      vertex -59.7894 37.0539 9.5
      vertex -59.5874 35.5385 9.5
      vertex -59.3981 36.9761 9.5
    endloop
  endfacet
  facet normal 0 0 1
    outer loop
      vertex -59.7894 37.0539 9.5
      vertex -60.1647 35.6533 9.5
      vertex -59.5874 35.5385 9.5
    endloop
  endfacet
  facet normal 0 0 1
    outer loop
      vertex -60.1672 37.1822 9.5
      vertex -60.1647 35.6533 9.5
      vertex -59.7894 37.0539 9.5
    endloop
  endfacet
  facet normal 0 0 1
    outer loop
      vertex -60.7221 35.8425 9.5
      vertex -60.1672 37.1822 9.5
      vertex -60.525 37.3586 9.5
    endloop
  endfacet
  facet normal 0 0 1
    outer loop
      vertex -60.1672 37.1822 9.5
      vertex -60.7221 35.8425 9.5
      vertex -60.1647 35.6533 9.5
    endloop
  endfacet
  facet normal 0 0 1
    outer loop
      vertex -61.25 36.1029 9.5
      vertex -60.525 37.3586 9.5
      vertex -60.8567 37.5803 9.5
    endloop
  endfacet
  facet normal 0 0 1
    outer loop
      vertex -61.7394 36.4299 9.5
      vertex -60.8567 37.5803 9.5
      vertex -61.1567 37.8433 9.5
    endloop
  endfacet
  facet normal 0 0 1
    outer loop
      vertex -60.525 37.3586 9.5
      vertex -61.25 36.1029 9.5
      vertex -60.7221 35.8425 9.5
    endloop
  endfacet
  facet normal 0 0 1
    outer loop
      vertex -62.182 36.818 9.5
      vertex -61.1567 37.8433 9.5
      vertex -61.4197 38.1433 9.5
    endloop
  endfacet
  facet normal 0 0 1
    outer loop
      vertex -62.5701 37.2606 9.5
      vertex -61.4197 38.1433 9.5
      vertex -61.6414 38.475 9.5
    endloop
  endfacet
  facet normal 0 0 1
    outer loop
      vertex -60.8567 37.5803 9.5
      vertex -61.7394 36.4299 9.5
      vertex -61.25 36.1029 9.5
    endloop
  endfacet
  facet normal 0 0 1
    outer loop
      vertex -62.8971 37.75 9.5
      vertex -61.6414 38.475 9.5
      vertex -61.8178 38.8328 9.5
    endloop
  endfacet
  facet normal 0 0 1
    outer loop
      vertex -63.1575 38.2779 9.5
      vertex -61.8178 38.8328 9.5
      vertex -61.9461 39.2106 9.5
    endloop
  endfacet
  facet normal 0 0 1
    outer loop
      vertex -63.3467 38.8353 9.5
      vertex -61.9461 39.2106 9.5
      vertex -62.0239 39.6019 9.5
    endloop
  endfacet
  facet normal 0 0 1
    outer loop
      vertex -61.1567 37.8433 9.5
      vertex -62.182 36.818 9.5
      vertex -61.7394 36.4299 9.5
    endloop
  endfacet
  facet normal 0 0 1
    outer loop
      vertex -63.4615 39.4126 9.5
      vertex -62.0239 39.6019 9.5
      vertex -62.05 40 9.5
    endloop
  endfacet
  facet normal 0 0 1
    outer loop
      vertex -61.8178 41.1672 9.5
      vertex -63.1575 41.7221 9.5
      vertex -61.9461 40.7894 9.5
    endloop
  endfacet
  facet normal -0 0 1
    outer loop
      vertex -63.3467 41.1647 9.5
      vertex -61.9461 40.7894 9.5
      vertex -63.1575 41.7221 9.5
    endloop
  endfacet
  facet normal 0 0 1
    outer loop
      vertex -61.4197 38.1433 9.5
      vertex -62.5701 37.2606 9.5
      vertex -62.182 36.818 9.5
    endloop
  endfacet
  facet normal 0 0 1
    outer loop
      vertex -61.9461 40.7894 9.5
      vertex -63.3467 41.1647 9.5
      vertex -62.0239 40.3981 9.5
    endloop
  endfacet
  facet normal 0 0 1
    outer loop
      vertex -61.6414 38.475 9.5
      vertex -62.8971 37.75 9.5
      vertex -62.5701 37.2606 9.5
    endloop
  endfacet
  facet normal -0 0 1
    outer loop
      vertex -63.4615 40.5874 9.5
      vertex -62.0239 40.3981 9.5
      vertex -63.3467 41.1647 9.5
    endloop
  endfacet
  facet normal 0 0 1
    outer loop
      vertex -61.8178 38.8328 9.5
      vertex -63.1575 38.2779 9.5
      vertex -62.8971 37.75 9.5
    endloop
  endfacet
  facet normal 0 0 1
    outer loop
      vertex -62.0239 40.3981 9.5
      vertex -63.4615 40.5874 9.5
      vertex -62.05 40 9.5
    endloop
  endfacet
  facet normal 0 0 1
    outer loop
      vertex -61.9461 39.2106 9.5
      vertex -63.3467 38.8353 9.5
      vertex -63.1575 38.2779 9.5
    endloop
  endfacet
  facet normal 0 0 1
    outer loop
      vertex -63.5 40 9.5
      vertex -62.05 40 9.5
      vertex -63.4615 40.5874 9.5
    endloop
  endfacet
  facet normal 0 0 1
    outer loop
      vertex -62.0239 39.6019 9.5
      vertex -63.4615 39.4126 9.5
      vertex -63.3467 38.8353 9.5
    endloop
  endfacet
  facet normal 0 0 1
    outer loop
      vertex -62.05 40 9.5
      vertex -63.5 40 9.5
      vertex -63.4615 39.4126 9.5
    endloop
  endfacet
  facet normal -0.946936 -0.321421 0
    outer loop
      vertex -63.1575 38.2779 2.4
      vertex -63.3467 38.8353 9.5
      vertex -63.3467 38.8353 2.4
    endloop
  endfacet
  facet normal -0.946936 -0.321421 0
    outer loop
      vertex -63.3467 38.8353 9.5
      vertex -63.1575 38.2779 2.4
      vertex -63.1575 38.2779 9.5
    endloop
  endfacet
  facet normal 0.896827 -0.442382 0
    outer loop
      vertex -55.1029 37.75 9.5
      vertex -54.8425 38.2779 2.4
      vertex -54.8425 38.2779 9.5
    endloop
  endfacet
  facet normal 0.896827 -0.442382 0
    outer loop
      vertex -54.8425 38.2779 2.4
      vertex -55.1029 37.75 9.5
      vertex -55.1029 37.75 2.4
    endloop
  endfacet
  facet normal -0.659298 -0.751882 0
    outer loop
      vertex -62.182 36.818 2.4
      vertex -61.7394 36.4299 9.5
      vertex -62.182 36.818 9.5
    endloop
  endfacet
  facet normal -0.659298 -0.751882 -0
    outer loop
      vertex -61.7394 36.4299 9.5
      vertex -62.182 36.818 2.4
      vertex -61.7394 36.4299 2.4
    endloop
  endfacet
  facet normal -0.321421 -0.946936 0
    outer loop
      vertex -60.7221 35.8425 2.4
      vertex -60.1647 35.6533 9.5
      vertex -60.7221 35.8425 9.5
    endloop
  endfacet
  facet normal -0.321421 -0.946936 -0
    outer loop
      vertex -60.1647 35.6533 9.5
      vertex -60.7221 35.8425 2.4
      vertex -60.1647 35.6533 2.4
    endloop
  endfacet
  facet normal 0.980796 -0.195038 0
    outer loop
      vertex -54.6533 38.8353 9.5
      vertex -54.5385 39.4126 2.4
      vertex -54.5385 39.4126 9.5
    endloop
  endfacet
  facet normal 0.980796 -0.195038 0
    outer loop
      vertex -54.5385 39.4126 2.4
      vertex -54.6533 38.8353 9.5
      vertex -54.6533 38.8353 2.4
    endloop
  endfacet
  facet normal -0.659298 0.751882 0
    outer loop
      vertex -61.7394 43.5701 2.4
      vertex -62.182 43.182 9.5
      vertex -61.7394 43.5701 9.5
    endloop
  endfacet
  facet normal -0.659298 0.751882 0
    outer loop
      vertex -62.182 43.182 9.5
      vertex -61.7394 43.5701 2.4
      vertex -62.182 43.182 2.4
    endloop
  endfacet
  facet normal -0.751882 0.659298 0
    outer loop
      vertex -62.5701 42.7394 2.4
      vertex -62.182 43.182 9.5
      vertex -62.182 43.182 2.4
    endloop
  endfacet
  facet normal -0.751882 0.659298 0
    outer loop
      vertex -62.182 43.182 9.5
      vertex -62.5701 42.7394 2.4
      vertex -62.5701 42.7394 9.5
    endloop
  endfacet
  facet normal -0.980796 -0.195038 0
    outer loop
      vertex -63.3467 38.8353 2.4
      vertex -63.4615 39.4126 9.5
      vertex -63.4615 39.4126 2.4
    endloop
  endfacet
  facet normal -0.980796 -0.195038 0
    outer loop
      vertex -63.4615 39.4126 9.5
      vertex -63.3467 38.8353 2.4
      vertex -63.3467 38.8353 9.5
    endloop
  endfacet
  facet normal -0.0654027 -0.997859 0
    outer loop
      vertex -59.5874 35.5385 2.4
      vertex -59 35.5 9.5
      vertex -59.5874 35.5385 9.5
    endloop
  endfacet
  facet normal -0.0654027 -0.997859 -0
    outer loop
      vertex -59 35.5 9.5
      vertex -59.5874 35.5385 2.4
      vertex -59 35.5 2.4
    endloop
  endfacet
  facet normal -0.751882 -0.659298 0
    outer loop
      vertex -62.182 36.818 2.4
      vertex -62.5701 37.2606 9.5
      vertex -62.5701 37.2606 2.4
    endloop
  endfacet
  facet normal -0.751882 -0.659298 0
    outer loop
      vertex -62.5701 37.2606 9.5
      vertex -62.182 36.818 2.4
      vertex -62.182 36.818 9.5
    endloop
  endfacet
  facet normal -0.997859 -0.0654027 0
    outer loop
      vertex -63.4615 39.4126 2.4
      vertex -63.5 40 9.5
      vertex -63.5 40 2.4
    endloop
  endfacet
  facet normal -0.997859 -0.0654027 0
    outer loop
      vertex -63.5 40 9.5
      vertex -63.4615 39.4126 2.4
      vertex -63.4615 39.4126 9.5
    endloop
  endfacet
  facet normal 0.0654027 0.997859 -0
    outer loop
      vertex -58.4126 44.4615 2.4
      vertex -59 44.5 9.5
      vertex -58.4126 44.4615 9.5
    endloop
  endfacet
  facet normal 0.0654027 0.997859 0
    outer loop
      vertex -59 44.5 9.5
      vertex -58.4126 44.4615 2.4
      vertex -59 44.5 2.4
    endloop
  endfacet
  facet normal 0.195038 0.980796 -0
    outer loop
      vertex -57.8353 44.3467 2.4
      vertex -58.4126 44.4615 9.5
      vertex -57.8353 44.3467 9.5
    endloop
  endfacet
  facet normal 0.195038 0.980796 0
    outer loop
      vertex -58.4126 44.4615 9.5
      vertex -57.8353 44.3467 2.4
      vertex -58.4126 44.4615 2.4
    endloop
  endfacet
  facet normal -0.555562 -0.831475 0
    outer loop
      vertex -61.7394 36.4299 2.4
      vertex -61.25 36.1029 9.5
      vertex -61.7394 36.4299 9.5
    endloop
  endfacet
  facet normal -0.555562 -0.831475 -0
    outer loop
      vertex -61.25 36.1029 9.5
      vertex -61.7394 36.4299 2.4
      vertex -61.25 36.1029 2.4
    endloop
  endfacet
  facet normal -0.442382 -0.896827 0
    outer loop
      vertex -61.25 36.1029 2.4
      vertex -60.7221 35.8425 9.5
      vertex -61.25 36.1029 9.5
    endloop
  endfacet
  facet normal -0.442382 -0.896827 -0
    outer loop
      vertex -60.7221 35.8425 9.5
      vertex -61.25 36.1029 2.4
      vertex -60.7221 35.8425 2.4
    endloop
  endfacet
  facet normal 0.980796 0.195038 0
    outer loop
      vertex -54.5385 -39.4126 9.5
      vertex -54.6533 -38.8353 2.4
      vertex -54.6533 -38.8353 9.5
    endloop
  endfacet
  facet normal 0.980796 0.195038 0
    outer loop
      vertex -54.6533 -38.8353 2.4
      vertex -54.5385 -39.4126 9.5
      vertex -54.5385 -39.4126 2.4
    endloop
  endfacet
  facet normal 0.997859 0.0654027 0
    outer loop
      vertex -54.5 -40 9.5
      vertex -54.5385 -39.4126 2.4
      vertex -54.5385 -39.4126 9.5
    endloop
  endfacet
  facet normal 0.997859 0.0654027 0
    outer loop
      vertex -54.5385 -39.4126 2.4
      vertex -54.5 -40 9.5
      vertex -54.5 -40 2.4
    endloop
  endfacet
  facet normal 0.946936 0.321421 0
    outer loop
      vertex -54.6533 -38.8353 9.5
      vertex -54.8425 -38.2779 2.4
      vertex -54.8425 -38.2779 9.5
    endloop
  endfacet
  facet normal 0.946936 0.321421 0
    outer loop
      vertex -54.8425 -38.2779 2.4
      vertex -54.6533 -38.8353 9.5
      vertex -54.6533 -38.8353 2.4
    endloop
  endfacet
  facet normal 0.659298 -0.751882 0
    outer loop
      vertex -56.2606 -43.5701 2.4
      vertex -55.818 -43.182 9.5
      vertex -56.2606 -43.5701 9.5
    endloop
  endfacet
  facet normal 0.659298 -0.751882 0
    outer loop
      vertex -55.818 -43.182 9.5
      vertex -56.2606 -43.5701 2.4
      vertex -55.818 -43.182 2.4
    endloop
  endfacet
  facet normal 0.442382 -0.896827 0
    outer loop
      vertex -57.2779 -44.1575 2.4
      vertex -56.75 -43.8971 9.5
      vertex -57.2779 -44.1575 9.5
    endloop
  endfacet
  facet normal 0.442382 -0.896827 0
    outer loop
      vertex -56.75 -43.8971 9.5
      vertex -57.2779 -44.1575 2.4
      vertex -56.75 -43.8971 2.4
    endloop
  endfacet
  facet normal 0.0654027 -0.997859 0
    outer loop
      vertex -59 -44.5 2.4
      vertex -58.4126 -44.4615 9.5
      vertex -59 -44.5 9.5
    endloop
  endfacet
  facet normal 0.0654027 -0.997859 0
    outer loop
      vertex -58.4126 -44.4615 9.5
      vertex -59 -44.5 2.4
      vertex -58.4126 -44.4615 2.4
    endloop
  endfacet
  facet normal -0.321421 0.946936 0
    outer loop
      vertex -60.1647 -35.6533 2.4
      vertex -60.7221 -35.8425 9.5
      vertex -60.1647 -35.6533 9.5
    endloop
  endfacet
  facet normal -0.321421 0.946936 0
    outer loop
      vertex -60.7221 -35.8425 9.5
      vertex -60.1647 -35.6533 2.4
      vertex -60.7221 -35.8425 2.4
    endloop
  endfacet
  facet normal -0.442382 -0.896827 0
    outer loop
      vertex -61.25 -43.8971 2.4
      vertex -60.7221 -44.1575 9.5
      vertex -61.25 -43.8971 9.5
    endloop
  endfacet
  facet normal -0.442382 -0.896827 -0
    outer loop
      vertex -60.7221 -44.1575 9.5
      vertex -61.25 -43.8971 2.4
      vertex -60.7221 -44.1575 2.4
    endloop
  endfacet
  facet normal 0.659298 0.751882 -0
    outer loop
      vertex -55.818 -36.818 2.4
      vertex -56.2606 -36.4299 9.5
      vertex -55.818 -36.818 9.5
    endloop
  endfacet
  facet normal 0.659298 0.751882 0
    outer loop
      vertex -56.2606 -36.4299 9.5
      vertex -55.818 -36.818 2.4
      vertex -56.2606 -36.4299 2.4
    endloop
  endfacet
  facet normal 0.896827 -0.442382 0
    outer loop
      vertex -55.1029 -42.25 9.5
      vertex -54.8425 -41.7221 2.4
      vertex -54.8425 -41.7221 9.5
    endloop
  endfacet
  facet normal 0.896827 -0.442382 0
    outer loop
      vertex -54.8425 -41.7221 2.4
      vertex -55.1029 -42.25 9.5
      vertex -55.1029 -42.25 2.4
    endloop
  endfacet
  facet normal 0.321421 -0.946936 0
    outer loop
      vertex -57.8353 -44.3467 2.4
      vertex -57.2779 -44.1575 9.5
      vertex -57.8353 -44.3467 9.5
    endloop
  endfacet
  facet normal 0.321421 -0.946936 0
    outer loop
      vertex -57.2779 -44.1575 9.5
      vertex -57.8353 -44.3467 2.4
      vertex -57.2779 -44.1575 2.4
    endloop
  endfacet
  facet normal 0.896827 0.442382 0
    outer loop
      vertex -54.8425 -38.2779 9.5
      vertex -55.1029 -37.75 2.4
      vertex -55.1029 -37.75 9.5
    endloop
  endfacet
  facet normal 0.896827 0.442382 0
    outer loop
      vertex -55.1029 -37.75 2.4
      vertex -54.8425 -38.2779 9.5
      vertex -54.8425 -38.2779 2.4
    endloop
  endfacet
  facet normal -0.980796 0.195038 0
    outer loop
      vertex -63.4615 -39.4126 2.4
      vertex -63.3467 -38.8353 9.5
      vertex -63.3467 -38.8353 2.4
    endloop
  endfacet
  facet normal -0.980796 0.195038 0
    outer loop
      vertex -63.3467 -38.8353 9.5
      vertex -63.4615 -39.4126 2.4
      vertex -63.4615 -39.4126 9.5
    endloop
  endfacet
  facet normal 0.195038 -0.980796 0
    outer loop
      vertex -58.4126 -44.4615 2.4
      vertex -57.8353 -44.3467 9.5
      vertex -58.4126 -44.4615 9.5
    endloop
  endfacet
  facet normal 0.195038 -0.980796 0
    outer loop
      vertex -57.8353 -44.3467 9.5
      vertex -58.4126 -44.4615 2.4
      vertex -57.8353 -44.3467 2.4
    endloop
  endfacet
  facet normal 0.321421 0.946936 -0
    outer loop
      vertex -57.2779 -35.8425 2.4
      vertex -57.8353 -35.6533 9.5
      vertex -57.2779 -35.8425 9.5
    endloop
  endfacet
  facet normal 0.321421 0.946936 0
    outer loop
      vertex -57.8353 -35.6533 9.5
      vertex -57.2779 -35.8425 2.4
      vertex -57.8353 -35.6533 2.4
    endloop
  endfacet
  facet normal -0.997859 -0.0654027 0
    outer loop
      vertex -63.4615 -40.5874 2.4
      vertex -63.5 -40 9.5
      vertex -63.5 -40 2.4
    endloop
  endfacet
  facet normal -0.997859 -0.0654027 0
    outer loop
      vertex -63.5 -40 9.5
      vertex -63.4615 -40.5874 2.4
      vertex -63.4615 -40.5874 9.5
    endloop
  endfacet
  facet normal 0.0654027 0.997859 -0
    outer loop
      vertex -58.4126 -35.5385 2.4
      vertex -59 -35.5 9.5
      vertex -58.4126 -35.5385 9.5
    endloop
  endfacet
  facet normal 0.0654027 0.997859 0
    outer loop
      vertex -59 -35.5 9.5
      vertex -58.4126 -35.5385 2.4
      vertex -59 -35.5 2.4
    endloop
  endfacet
  facet normal -0.659298 0.751882 0
    outer loop
      vertex -61.7394 -36.4299 2.4
      vertex -62.182 -36.818 9.5
      vertex -61.7394 -36.4299 9.5
    endloop
  endfacet
  facet normal -0.659298 0.751882 0
    outer loop
      vertex -62.182 -36.818 9.5
      vertex -61.7394 -36.4299 2.4
      vertex -62.182 -36.818 2.4
    endloop
  endfacet
  facet normal -0.946936 0.321421 0
    outer loop
      vertex -63.3467 -38.8353 2.4
      vertex -63.1575 -38.2779 9.5
      vertex -63.1575 -38.2779 2.4
    endloop
  endfacet
  facet normal -0.946936 0.321421 0
    outer loop
      vertex -63.1575 -38.2779 9.5
      vertex -63.3467 -38.8353 2.4
      vertex -63.3467 -38.8353 9.5
    endloop
  endfacet
  facet normal -0.896827 0.442382 0
    outer loop
      vertex -63.1575 -38.2779 2.4
      vertex -62.8971 -37.75 9.5
      vertex -62.8971 -37.75 2.4
    endloop
  endfacet
  facet normal -0.896827 0.442382 0
    outer loop
      vertex -62.8971 -37.75 9.5
      vertex -63.1575 -38.2779 2.4
      vertex -63.1575 -38.2779 9.5
    endloop
  endfacet
  facet normal -0.555562 0.831475 0
    outer loop
      vertex -61.25 -36.1029 2.4
      vertex -61.7394 -36.4299 9.5
      vertex -61.25 -36.1029 9.5
    endloop
  endfacet
  facet normal -0.555562 0.831475 0
    outer loop
      vertex -61.7394 -36.4299 9.5
      vertex -61.25 -36.1029 2.4
      vertex -61.7394 -36.4299 2.4
    endloop
  endfacet
  facet normal -0.946936 -0.321421 0
    outer loop
      vertex -63.1575 -41.7221 2.4
      vertex -63.3467 -41.1647 9.5
      vertex -63.3467 -41.1647 2.4
    endloop
  endfacet
  facet normal -0.946936 -0.321421 0
    outer loop
      vertex -63.3467 -41.1647 9.5
      vertex -63.1575 -41.7221 2.4
      vertex -63.1575 -41.7221 9.5
    endloop
  endfacet
  facet normal -0.195038 0.980796 0
    outer loop
      vertex -59.5874 -35.5385 2.4
      vertex -60.1647 -35.6533 9.5
      vertex -59.5874 -35.5385 9.5
    endloop
  endfacet
  facet normal -0.195038 0.980796 0
    outer loop
      vertex -60.1647 -35.6533 9.5
      vertex -59.5874 -35.5385 2.4
      vertex -60.1647 -35.6533 2.4
    endloop
  endfacet
  facet normal -0.831475 -0.555562 0
    outer loop
      vertex -62.5701 -42.7394 2.4
      vertex -62.8971 -42.25 9.5
      vertex -62.8971 -42.25 2.4
    endloop
  endfacet
  facet normal -0.831475 -0.555562 0
    outer loop
      vertex -62.8971 -42.25 9.5
      vertex -62.5701 -42.7394 2.4
      vertex -62.5701 -42.7394 9.5
    endloop
  endfacet
  facet normal 0.751882 -0.659298 0
    outer loop
      vertex -55.818 -43.182 9.5
      vertex -55.4299 -42.7394 2.4
      vertex -55.4299 -42.7394 9.5
    endloop
  endfacet
  facet normal 0.751882 -0.659298 0
    outer loop
      vertex -55.4299 -42.7394 2.4
      vertex -55.818 -43.182 9.5
      vertex -55.818 -43.182 2.4
    endloop
  endfacet
  facet normal 0.555562 -0.831475 0
    outer loop
      vertex -56.75 -43.8971 2.4
      vertex -56.2606 -43.5701 9.5
      vertex -56.75 -43.8971 9.5
    endloop
  endfacet
  facet normal 0.555562 -0.831475 0
    outer loop
      vertex -56.2606 -43.5701 9.5
      vertex -56.75 -43.8971 2.4
      vertex -56.2606 -43.5701 2.4
    endloop
  endfacet
  facet normal 0.997859 -0.0654027 0
    outer loop
      vertex -54.5385 -40.5874 9.5
      vertex -54.5 -40 2.4
      vertex -54.5 -40 9.5
    endloop
  endfacet
  facet normal 0.997859 -0.0654027 0
    outer loop
      vertex -54.5 -40 2.4
      vertex -54.5385 -40.5874 9.5
      vertex -54.5385 -40.5874 2.4
    endloop
  endfacet
  facet normal 0.442382 0.896827 -0
    outer loop
      vertex -56.75 -36.1029 2.4
      vertex -57.2779 -35.8425 9.5
      vertex -56.75 -36.1029 9.5
    endloop
  endfacet
  facet normal 0.442382 0.896827 0
    outer loop
      vertex -57.2779 -35.8425 9.5
      vertex -56.75 -36.1029 2.4
      vertex -57.2779 -35.8425 2.4
    endloop
  endfacet
  facet normal 0.555562 0.831475 -0
    outer loop
      vertex -56.2606 -36.4299 2.4
      vertex -56.75 -36.1029 9.5
      vertex -56.2606 -36.4299 9.5
    endloop
  endfacet
  facet normal 0.555562 0.831475 0
    outer loop
      vertex -56.75 -36.1029 9.5
      vertex -56.2606 -36.4299 2.4
      vertex -56.75 -36.1029 2.4
    endloop
  endfacet
  facet normal 0.195038 0.980796 -0
    outer loop
      vertex -57.8353 -35.6533 2.4
      vertex -58.4126 -35.5385 9.5
      vertex -57.8353 -35.6533 9.5
    endloop
  endfacet
  facet normal 0.195038 0.980796 0
    outer loop
      vertex -58.4126 -35.5385 9.5
      vertex -57.8353 -35.6533 2.4
      vertex -58.4126 -35.5385 2.4
    endloop
  endfacet
  facet normal -0.659298 -0.751882 0
    outer loop
      vertex -62.182 -43.182 2.4
      vertex -61.7394 -43.5701 9.5
      vertex -62.182 -43.182 9.5
    endloop
  endfacet
  facet normal -0.659298 -0.751882 -0
    outer loop
      vertex -61.7394 -43.5701 9.5
      vertex -62.182 -43.182 2.4
      vertex -61.7394 -43.5701 2.4
    endloop
  endfacet
  facet normal 0.751882 0.659298 0
    outer loop
      vertex -55.4299 -37.2606 9.5
      vertex -55.818 -36.818 2.4
      vertex -55.818 -36.818 9.5
    endloop
  endfacet
  facet normal 0.751882 0.659298 0
    outer loop
      vertex -55.818 -36.818 2.4
      vertex -55.4299 -37.2606 9.5
      vertex -55.4299 -37.2606 2.4
    endloop
  endfacet
  facet normal 0.831475 0.555562 0
    outer loop
      vertex -55.1029 -37.75 9.5
      vertex -55.4299 -37.2606 2.4
      vertex -55.4299 -37.2606 9.5
    endloop
  endfacet
  facet normal 0.831475 0.555562 0
    outer loop
      vertex -55.4299 -37.2606 2.4
      vertex -55.1029 -37.75 9.5
      vertex -55.1029 -37.75 2.4
    endloop
  endfacet
  facet normal -0.751882 0.659298 0
    outer loop
      vertex -62.5701 -37.2606 2.4
      vertex -62.182 -36.818 9.5
      vertex -62.182 -36.818 2.4
    endloop
  endfacet
  facet normal -0.751882 0.659298 0
    outer loop
      vertex -62.182 -36.818 9.5
      vertex -62.5701 -37.2606 2.4
      vertex -62.5701 -37.2606 9.5
    endloop
  endfacet
  facet normal -0.896827 -0.442382 0
    outer loop
      vertex -62.8971 -42.25 2.4
      vertex -63.1575 -41.7221 9.5
      vertex -63.1575 -41.7221 2.4
    endloop
  endfacet
  facet normal -0.896827 -0.442382 0
    outer loop
      vertex -63.1575 -41.7221 9.5
      vertex -62.8971 -42.25 2.4
      vertex -62.8971 -42.25 9.5
    endloop
  endfacet
  facet normal 0.980796 -0.195038 0
    outer loop
      vertex -54.6533 -41.1647 9.5
      vertex -54.5385 -40.5874 2.4
      vertex -54.5385 -40.5874 9.5
    endloop
  endfacet
  facet normal 0.980796 -0.195038 0
    outer loop
      vertex -54.5385 -40.5874 2.4
      vertex -54.6533 -41.1647 9.5
      vertex -54.6533 -41.1647 2.4
    endloop
  endfacet
  facet normal 0.946936 -0.321421 0
    outer loop
      vertex -54.8425 -41.7221 9.5
      vertex -54.6533 -41.1647 2.4
      vertex -54.6533 -41.1647 9.5
    endloop
  endfacet
  facet normal 0.946936 -0.321421 0
    outer loop
      vertex -54.6533 -41.1647 2.4
      vertex -54.8425 -41.7221 9.5
      vertex -54.8425 -41.7221 2.4
    endloop
  endfacet
  facet normal -0.442382 0.896827 0
    outer loop
      vertex -60.7221 -35.8425 2.4
      vertex -61.25 -36.1029 9.5
      vertex -60.7221 -35.8425 9.5
    endloop
  endfacet
  facet normal -0.442382 0.896827 0
    outer loop
      vertex -61.25 -36.1029 9.5
      vertex -60.7221 -35.8425 2.4
      vertex -61.25 -36.1029 2.4
    endloop
  endfacet
  facet normal 0.831475 -0.555562 0
    outer loop
      vertex -55.4299 -42.7394 9.5
      vertex -55.1029 -42.25 2.4
      vertex -55.1029 -42.25 9.5
    endloop
  endfacet
  facet normal 0.831475 -0.555562 0
    outer loop
      vertex -55.1029 -42.25 2.4
      vertex -55.4299 -42.7394 9.5
      vertex -55.4299 -42.7394 2.4
    endloop
  endfacet
  facet normal -0.0654027 0.997859 0
    outer loop
      vertex -59 -35.5 2.4
      vertex -59.5874 -35.5385 9.5
      vertex -59 -35.5 9.5
    endloop
  endfacet
  facet normal -0.0654027 0.997859 0
    outer loop
      vertex -59.5874 -35.5385 9.5
      vertex -59 -35.5 2.4
      vertex -59.5874 -35.5385 2.4
    endloop
  endfacet
  facet normal -0.555562 -0.831475 0
    outer loop
      vertex -61.7394 -43.5701 2.4
      vertex -61.25 -43.8971 9.5
      vertex -61.7394 -43.5701 9.5
    endloop
  endfacet
  facet normal -0.555562 -0.831475 -0
    outer loop
      vertex -61.25 -43.8971 9.5
      vertex -61.7394 -43.5701 2.4
      vertex -61.25 -43.8971 2.4
    endloop
  endfacet
  facet normal -0.0654027 -0.997859 0
    outer loop
      vertex -59.5874 -44.4615 2.4
      vertex -59 -44.5 9.5
      vertex -59.5874 -44.4615 9.5
    endloop
  endfacet
  facet normal -0.0654027 -0.997859 -0
    outer loop
      vertex -59 -44.5 9.5
      vertex -59.5874 -44.4615 2.4
      vertex -59 -44.5 2.4
    endloop
  endfacet
  facet normal -0.980796 -0.195038 0
    outer loop
      vertex -63.3467 -41.1647 2.4
      vertex -63.4615 -40.5874 9.5
      vertex -63.4615 -40.5874 2.4
    endloop
  endfacet
  facet normal -0.980796 -0.195038 0
    outer loop
      vertex -63.4615 -40.5874 9.5
      vertex -63.3467 -41.1647 2.4
      vertex -63.3467 -41.1647 9.5
    endloop
  endfacet
  facet normal -0.997859 0.0654027 0
    outer loop
      vertex -63.5 -40 2.4
      vertex -63.4615 -39.4126 9.5
      vertex -63.4615 -39.4126 2.4
    endloop
  endfacet
  facet normal -0.997859 0.0654027 0
    outer loop
      vertex -63.4615 -39.4126 9.5
      vertex -63.5 -40 2.4
      vertex -63.5 -40 9.5
    endloop
  endfacet
  facet normal -0.321421 -0.946936 0
    outer loop
      vertex -60.7221 -44.1575 2.4
      vertex -60.1647 -44.3467 9.5
      vertex -60.7221 -44.1575 9.5
    endloop
  endfacet
  facet normal -0.321421 -0.946936 -0
    outer loop
      vertex -60.1647 -44.3467 9.5
      vertex -60.7221 -44.1575 2.4
      vertex -60.1647 -44.3467 2.4
    endloop
  endfacet
  facet normal 0 0 1
    outer loop
      vertex -55.95 -40 9.5
      vertex -54.5 -40 9.5
      vertex -54.5385 -39.4126 9.5
    endloop
  endfacet
  facet normal 0 0 1
    outer loop
      vertex -55.9761 -39.6019 9.5
      vertex -54.5385 -39.4126 9.5
      vertex -54.6533 -38.8353 9.5
    endloop
  endfacet
  facet normal 0 0 1
    outer loop
      vertex -54.5 -40 9.5
      vertex -55.95 -40 9.5
      vertex -54.5385 -40.5874 9.5
    endloop
  endfacet
  facet normal 0 0 1
    outer loop
      vertex -56.0539 -39.2106 9.5
      vertex -54.6533 -38.8353 9.5
      vertex -54.8425 -38.2779 9.5
    endloop
  endfacet
  facet normal -0 0 1
    outer loop
      vertex -55.9761 -40.3981 9.5
      vertex -54.5385 -40.5874 9.5
      vertex -55.95 -40 9.5
    endloop
  endfacet
  facet normal 0 0 1
    outer loop
      vertex -56.1822 -38.8328 9.5
      vertex -54.8425 -38.2779 9.5
      vertex -55.1029 -37.75 9.5
    endloop
  endfacet
  facet normal 0 0 1
    outer loop
      vertex -54.5385 -40.5874 9.5
      vertex -55.9761 -40.3981 9.5
      vertex -54.6533 -41.1647 9.5
    endloop
  endfacet
  facet normal 0 0 1
    outer loop
      vertex -56.3586 -38.475 9.5
      vertex -55.1029 -37.75 9.5
      vertex -55.4299 -37.2606 9.5
    endloop
  endfacet
  facet normal -0 0 1
    outer loop
      vertex -56.0539 -40.7894 9.5
      vertex -54.6533 -41.1647 9.5
      vertex -55.9761 -40.3981 9.5
    endloop
  endfacet
  facet normal 0 0 1
    outer loop
      vertex -56.5803 -38.1433 9.5
      vertex -55.4299 -37.2606 9.5
      vertex -55.818 -36.818 9.5
    endloop
  endfacet
  facet normal 0 0 1
    outer loop
      vertex -54.6533 -41.1647 9.5
      vertex -56.0539 -40.7894 9.5
      vertex -54.8425 -41.7221 9.5
    endloop
  endfacet
  facet normal -0 0 1
    outer loop
      vertex -56.1822 -41.1672 9.5
      vertex -54.8425 -41.7221 9.5
      vertex -56.0539 -40.7894 9.5
    endloop
  endfacet
  facet normal 0 0 1
    outer loop
      vertex -54.5385 -39.4126 9.5
      vertex -55.9761 -39.6019 9.5
      vertex -55.95 -40 9.5
    endloop
  endfacet
  facet normal 0 0 1
    outer loop
      vertex -54.6533 -38.8353 9.5
      vertex -56.0539 -39.2106 9.5
      vertex -55.9761 -39.6019 9.5
    endloop
  endfacet
  facet normal 0 0 1
    outer loop
      vertex -54.8425 -38.2779 9.5
      vertex -56.1822 -38.8328 9.5
      vertex -56.0539 -39.2106 9.5
    endloop
  endfacet
  facet normal 0 0 1
    outer loop
      vertex -56.8433 -37.8433 9.5
      vertex -55.818 -36.818 9.5
      vertex -56.2606 -36.4299 9.5
    endloop
  endfacet
  facet normal 0 0 1
    outer loop
      vertex -55.1029 -37.75 9.5
      vertex -56.3586 -38.475 9.5
      vertex -56.1822 -38.8328 9.5
    endloop
  endfacet
  facet normal 0 0 1
    outer loop
      vertex -55.4299 -37.2606 9.5
      vertex -56.5803 -38.1433 9.5
      vertex -56.3586 -38.475 9.5
    endloop
  endfacet
  facet normal 0 0 1
    outer loop
      vertex -57.1433 -37.5803 9.5
      vertex -56.2606 -36.4299 9.5
      vertex -56.75 -36.1029 9.5
    endloop
  endfacet
  facet normal 0 0 1
    outer loop
      vertex -55.818 -36.818 9.5
      vertex -56.8433 -37.8433 9.5
      vertex -56.5803 -38.1433 9.5
    endloop
  endfacet
  facet normal 0 0 1
    outer loop
      vertex -56.2606 -36.4299 9.5
      vertex -57.1433 -37.5803 9.5
      vertex -56.8433 -37.8433 9.5
    endloop
  endfacet
  facet normal 0 0 1
    outer loop
      vertex -57.475 -37.3586 9.5
      vertex -56.75 -36.1029 9.5
      vertex -57.2779 -35.8425 9.5
    endloop
  endfacet
  facet normal 0 0 1
    outer loop
      vertex -56.75 -36.1029 9.5
      vertex -57.475 -37.3586 9.5
      vertex -57.1433 -37.5803 9.5
    endloop
  endfacet
  facet normal 0 0 1
    outer loop
      vertex -57.2779 -35.8425 9.5
      vertex -57.8328 -37.1822 9.5
      vertex -57.475 -37.3586 9.5
    endloop
  endfacet
  facet normal 0 0 1
    outer loop
      vertex -57.8353 -35.6533 9.5
      vertex -57.8328 -37.1822 9.5
      vertex -57.2779 -35.8425 9.5
    endloop
  endfacet
  facet normal 0 0 1
    outer loop
      vertex -57.8353 -35.6533 9.5
      vertex -58.2106 -37.0539 9.5
      vertex -57.8328 -37.1822 9.5
    endloop
  endfacet
  facet normal 0 0 1
    outer loop
      vertex -58.4126 -35.5385 9.5
      vertex -58.2106 -37.0539 9.5
      vertex -57.8353 -35.6533 9.5
    endloop
  endfacet
  facet normal 0 0 1
    outer loop
      vertex -58.4126 -35.5385 9.5
      vertex -58.6019 -36.9761 9.5
      vertex -58.2106 -37.0539 9.5
    endloop
  endfacet
  facet normal 0 0 1
    outer loop
      vertex -59 -35.5 9.5
      vertex -58.6019 -36.9761 9.5
      vertex -58.4126 -35.5385 9.5
    endloop
  endfacet
  facet normal 0 0 1
    outer loop
      vertex -59 -35.5 9.5
      vertex -59 -36.95 9.5
      vertex -58.6019 -36.9761 9.5
    endloop
  endfacet
  facet normal 0 0 1
    outer loop
      vertex -59 -35.5 9.5
      vertex -59.3981 -36.9761 9.5
      vertex -59 -36.95 9.5
    endloop
  endfacet
  facet normal -0 0 1
    outer loop
      vertex -59.5874 -35.5385 9.5
      vertex -59.3981 -36.9761 9.5
      vertex -59 -35.5 9.5
    endloop
  endfacet
  facet normal 0 0 1
    outer loop
      vertex -59.5874 -35.5385 9.5
      vertex -59.7894 -37.0539 9.5
      vertex -59.3981 -36.9761 9.5
    endloop
  endfacet
  facet normal -0 0 1
    outer loop
      vertex -60.1647 -35.6533 9.5
      vertex -59.7894 -37.0539 9.5
      vertex -59.5874 -35.5385 9.5
    endloop
  endfacet
  facet normal 0 0 1
    outer loop
      vertex -60.1647 -35.6533 9.5
      vertex -60.1672 -37.1822 9.5
      vertex -59.7894 -37.0539 9.5
    endloop
  endfacet
  facet normal -0 0 1
    outer loop
      vertex -60.7221 -35.8425 9.5
      vertex -60.1672 -37.1822 9.5
      vertex -60.1647 -35.6533 9.5
    endloop
  endfacet
  facet normal 0 0 1
    outer loop
      vertex -60.1672 -37.1822 9.5
      vertex -60.7221 -35.8425 9.5
      vertex -60.525 -37.3586 9.5
    endloop
  endfacet
  facet normal -0 0 1
    outer loop
      vertex -61.25 -36.1029 9.5
      vertex -60.525 -37.3586 9.5
      vertex -60.7221 -35.8425 9.5
    endloop
  endfacet
  facet normal 0 0 1
    outer loop
      vertex -60.525 -37.3586 9.5
      vertex -61.25 -36.1029 9.5
      vertex -60.8567 -37.5803 9.5
    endloop
  endfacet
  facet normal -0 0 1
    outer loop
      vertex -61.7394 -36.4299 9.5
      vertex -60.8567 -37.5803 9.5
      vertex -61.25 -36.1029 9.5
    endloop
  endfacet
  facet normal 0 0 1
    outer loop
      vertex -60.8567 -37.5803 9.5
      vertex -61.7394 -36.4299 9.5
      vertex -61.1567 -37.8433 9.5
    endloop
  endfacet
  facet normal -0 0 1
    outer loop
      vertex -62.182 -36.818 9.5
      vertex -61.1567 -37.8433 9.5
      vertex -61.7394 -36.4299 9.5
    endloop
  endfacet
  facet normal 0 0 1
    outer loop
      vertex -61.1567 -37.8433 9.5
      vertex -62.182 -36.818 9.5
      vertex -61.4197 -38.1433 9.5
    endloop
  endfacet
  facet normal -0 0 1
    outer loop
      vertex -62.5701 -37.2606 9.5
      vertex -61.4197 -38.1433 9.5
      vertex -62.182 -36.818 9.5
    endloop
  endfacet
  facet normal 0 0 1
    outer loop
      vertex -61.4197 -38.1433 9.5
      vertex -62.5701 -37.2606 9.5
      vertex -61.6414 -38.475 9.5
    endloop
  endfacet
  facet normal -0 0 1
    outer loop
      vertex -62.8971 -37.75 9.5
      vertex -61.6414 -38.475 9.5
      vertex -62.5701 -37.2606 9.5
    endloop
  endfacet
  facet normal -0 0 1
    outer loop
      vertex -63.1575 -38.2779 9.5
      vertex -61.8178 -38.8328 9.5
      vertex -62.8971 -37.75 9.5
    endloop
  endfacet
  facet normal 0 0 1
    outer loop
      vertex -61.6414 -38.475 9.5
      vertex -62.8971 -37.75 9.5
      vertex -61.8178 -38.8328 9.5
    endloop
  endfacet
  facet normal 0 0 1
    outer loop
      vertex -54.8425 -41.7221 9.5
      vertex -56.1822 -41.1672 9.5
      vertex -55.1029 -42.25 9.5
    endloop
  endfacet
  facet normal -0 0 1
    outer loop
      vertex -56.3586 -41.525 9.5
      vertex -55.1029 -42.25 9.5
      vertex -56.1822 -41.1672 9.5
    endloop
  endfacet
  facet normal 0 0 1
    outer loop
      vertex -55.1029 -42.25 9.5
      vertex -56.3586 -41.525 9.5
      vertex -55.4299 -42.7394 9.5
    endloop
  endfacet
  facet normal -0 0 1
    outer loop
      vertex -56.5803 -41.8567 9.5
      vertex -55.4299 -42.7394 9.5
      vertex -56.3586 -41.525 9.5
    endloop
  endfacet
  facet normal 0 0 1
    outer loop
      vertex -55.4299 -42.7394 9.5
      vertex -56.5803 -41.8567 9.5
      vertex -55.818 -43.182 9.5
    endloop
  endfacet
  facet normal -0 0 1
    outer loop
      vertex -56.8433 -42.1567 9.5
      vertex -55.818 -43.182 9.5
      vertex -56.5803 -41.8567 9.5
    endloop
  endfacet
  facet normal 0 0 1
    outer loop
      vertex -55.818 -43.182 9.5
      vertex -56.8433 -42.1567 9.5
      vertex -56.2606 -43.5701 9.5
    endloop
  endfacet
  facet normal -0 0 1
    outer loop
      vertex -57.1433 -42.4197 9.5
      vertex -56.2606 -43.5701 9.5
      vertex -56.8433 -42.1567 9.5
    endloop
  endfacet
  facet normal 0 0 1
    outer loop
      vertex -56.2606 -43.5701 9.5
      vertex -57.1433 -42.4197 9.5
      vertex -56.75 -43.8971 9.5
    endloop
  endfacet
  facet normal -0 0 1
    outer loop
      vertex -57.475 -42.6414 9.5
      vertex -56.75 -43.8971 9.5
      vertex -57.1433 -42.4197 9.5
    endloop
  endfacet
  facet normal 0 0 1
    outer loop
      vertex -56.75 -43.8971 9.5
      vertex -57.475 -42.6414 9.5
      vertex -57.2779 -44.1575 9.5
    endloop
  endfacet
  facet normal -0 0 1
    outer loop
      vertex -57.8328 -42.8178 9.5
      vertex -57.2779 -44.1575 9.5
      vertex -57.475 -42.6414 9.5
    endloop
  endfacet
  facet normal 0 0 1
    outer loop
      vertex -57.8328 -42.8178 9.5
      vertex -57.8353 -44.3467 9.5
      vertex -57.2779 -44.1575 9.5
    endloop
  endfacet
  facet normal -0 0 1
    outer loop
      vertex -58.2106 -42.9461 9.5
      vertex -57.8353 -44.3467 9.5
      vertex -57.8328 -42.8178 9.5
    endloop
  endfacet
  facet normal 0 0 1
    outer loop
      vertex -58.2106 -42.9461 9.5
      vertex -58.4126 -44.4615 9.5
      vertex -57.8353 -44.3467 9.5
    endloop
  endfacet
  facet normal -0 0 1
    outer loop
      vertex -58.6019 -43.0239 9.5
      vertex -58.4126 -44.4615 9.5
      vertex -58.2106 -42.9461 9.5
    endloop
  endfacet
  facet normal -0 0 1
    outer loop
      vertex -59 -43.05 9.5
      vertex -58.4126 -44.4615 9.5
      vertex -58.6019 -43.0239 9.5
    endloop
  endfacet
  facet normal 0 0 1
    outer loop
      vertex -59 -43.05 9.5
      vertex -59 -44.5 9.5
      vertex -58.4126 -44.4615 9.5
    endloop
  endfacet
  facet normal 0 0 1
    outer loop
      vertex -59.3981 -43.0239 9.5
      vertex -59 -44.5 9.5
      vertex -59 -43.05 9.5
    endloop
  endfacet
  facet normal 0 0 1
    outer loop
      vertex -59.3981 -43.0239 9.5
      vertex -59.5874 -44.4615 9.5
      vertex -59 -44.5 9.5
    endloop
  endfacet
  facet normal 0 0 1
    outer loop
      vertex -59.7894 -42.9461 9.5
      vertex -59.5874 -44.4615 9.5
      vertex -59.3981 -43.0239 9.5
    endloop
  endfacet
  facet normal 0 0 1
    outer loop
      vertex -59.7894 -42.9461 9.5
      vertex -60.1647 -44.3467 9.5
      vertex -59.5874 -44.4615 9.5
    endloop
  endfacet
  facet normal 0 0 1
    outer loop
      vertex -60.1672 -42.8178 9.5
      vertex -60.1647 -44.3467 9.5
      vertex -59.7894 -42.9461 9.5
    endloop
  endfacet
  facet normal 0 0 1
    outer loop
      vertex -60.7221 -44.1575 9.5
      vertex -60.1672 -42.8178 9.5
      vertex -60.525 -42.6414 9.5
    endloop
  endfacet
  facet normal 0 0 1
    outer loop
      vertex -60.1672 -42.8178 9.5
      vertex -60.7221 -44.1575 9.5
      vertex -60.1647 -44.3467 9.5
    endloop
  endfacet
  facet normal 0 0 1
    outer loop
      vertex -61.25 -43.8971 9.5
      vertex -60.525 -42.6414 9.5
      vertex -60.8567 -42.4197 9.5
    endloop
  endfacet
  facet normal 0 0 1
    outer loop
      vertex -61.7394 -43.5701 9.5
      vertex -60.8567 -42.4197 9.5
      vertex -61.1567 -42.1567 9.5
    endloop
  endfacet
  facet normal 0 0 1
    outer loop
      vertex -60.525 -42.6414 9.5
      vertex -61.25 -43.8971 9.5
      vertex -60.7221 -44.1575 9.5
    endloop
  endfacet
  facet normal 0 0 1
    outer loop
      vertex -62.182 -43.182 9.5
      vertex -61.1567 -42.1567 9.5
      vertex -61.4197 -41.8567 9.5
    endloop
  endfacet
  facet normal 0 0 1
    outer loop
      vertex -62.5701 -42.7394 9.5
      vertex -61.4197 -41.8567 9.5
      vertex -61.6414 -41.525 9.5
    endloop
  endfacet
  facet normal 0 0 1
    outer loop
      vertex -60.8567 -42.4197 9.5
      vertex -61.7394 -43.5701 9.5
      vertex -61.25 -43.8971 9.5
    endloop
  endfacet
  facet normal 0 0 1
    outer loop
      vertex -62.8971 -42.25 9.5
      vertex -61.6414 -41.525 9.5
      vertex -61.8178 -41.1672 9.5
    endloop
  endfacet
  facet normal 0 0 1
    outer loop
      vertex -63.1575 -41.7221 9.5
      vertex -61.8178 -41.1672 9.5
      vertex -61.9461 -40.7894 9.5
    endloop
  endfacet
  facet normal 0 0 1
    outer loop
      vertex -63.3467 -41.1647 9.5
      vertex -61.9461 -40.7894 9.5
      vertex -62.0239 -40.3981 9.5
    endloop
  endfacet
  facet normal 0 0 1
    outer loop
      vertex -61.1567 -42.1567 9.5
      vertex -62.182 -43.182 9.5
      vertex -61.7394 -43.5701 9.5
    endloop
  endfacet
  facet normal 0 0 1
    outer loop
      vertex -63.4615 -40.5874 9.5
      vertex -62.0239 -40.3981 9.5
      vertex -62.05 -40 9.5
    endloop
  endfacet
  facet normal 0 0 1
    outer loop
      vertex -61.8178 -38.8328 9.5
      vertex -63.1575 -38.2779 9.5
      vertex -61.9461 -39.2106 9.5
    endloop
  endfacet
  facet normal -0 0 1
    outer loop
      vertex -63.3467 -38.8353 9.5
      vertex -61.9461 -39.2106 9.5
      vertex -63.1575 -38.2779 9.5
    endloop
  endfacet
  facet normal 0 0 1
    outer loop
      vertex -61.4197 -41.8567 9.5
      vertex -62.5701 -42.7394 9.5
      vertex -62.182 -43.182 9.5
    endloop
  endfacet
  facet normal 0 0 1
    outer loop
      vertex -61.9461 -39.2106 9.5
      vertex -63.3467 -38.8353 9.5
      vertex -62.0239 -39.6019 9.5
    endloop
  endfacet
  facet normal 0 0 1
    outer loop
      vertex -61.6414 -41.525 9.5
      vertex -62.8971 -42.25 9.5
      vertex -62.5701 -42.7394 9.5
    endloop
  endfacet
  facet normal -0 0 1
    outer loop
      vertex -63.4615 -39.4126 9.5
      vertex -62.0239 -39.6019 9.5
      vertex -63.3467 -38.8353 9.5
    endloop
  endfacet
  facet normal 0 0 1
    outer loop
      vertex -61.8178 -41.1672 9.5
      vertex -63.1575 -41.7221 9.5
      vertex -62.8971 -42.25 9.5
    endloop
  endfacet
  facet normal 0 0 1
    outer loop
      vertex -62.0239 -39.6019 9.5
      vertex -63.4615 -39.4126 9.5
      vertex -62.05 -40 9.5
    endloop
  endfacet
  facet normal 0 0 1
    outer loop
      vertex -61.9461 -40.7894 9.5
      vertex -63.3467 -41.1647 9.5
      vertex -63.1575 -41.7221 9.5
    endloop
  endfacet
  facet normal 0 0 1
    outer loop
      vertex -63.5 -40 9.5
      vertex -62.05 -40 9.5
      vertex -63.4615 -39.4126 9.5
    endloop
  endfacet
  facet normal 0 0 1
    outer loop
      vertex -62.0239 -40.3981 9.5
      vertex -63.4615 -40.5874 9.5
      vertex -63.3467 -41.1647 9.5
    endloop
  endfacet
  facet normal 0 0 1
    outer loop
      vertex -62.05 -40 9.5
      vertex -63.5 -40 9.5
      vertex -63.4615 -40.5874 9.5
    endloop
  endfacet
  facet normal -0.751882 -0.659298 0
    outer loop
      vertex -62.182 -43.182 2.4
      vertex -62.5701 -42.7394 9.5
      vertex -62.5701 -42.7394 2.4
    endloop
  endfacet
  facet normal -0.751882 -0.659298 0
    outer loop
      vertex -62.5701 -42.7394 9.5
      vertex -62.182 -43.182 2.4
      vertex -62.182 -43.182 9.5
    endloop
  endfacet
  facet normal -0.195038 -0.980796 0
    outer loop
      vertex -60.1647 -44.3467 2.4
      vertex -59.5874 -44.4615 9.5
      vertex -60.1647 -44.3467 9.5
    endloop
  endfacet
  facet normal -0.195038 -0.980796 -0
    outer loop
      vertex -59.5874 -44.4615 9.5
      vertex -60.1647 -44.3467 2.4
      vertex -59.5874 -44.4615 2.4
    endloop
  endfacet
  facet normal -0.831475 0.555562 0
    outer loop
      vertex -62.8971 -37.75 2.4
      vertex -62.5701 -37.2606 9.5
      vertex -62.5701 -37.2606 2.4
    endloop
  endfacet
  facet normal -0.831475 0.555562 0
    outer loop
      vertex -62.5701 -37.2606 9.5
      vertex -62.8971 -37.75 2.4
      vertex -62.8971 -37.75 9.5
    endloop
  endfacet
  facet normal 0.195038 -0.980796 0
    outer loop
      vertex 21.5874 37.5385 2.4
      vertex 22.1647 37.6533 9.5
      vertex 21.5874 37.5385 9.5
    endloop
  endfacet
  facet normal 0.195038 -0.980796 0
    outer loop
      vertex 22.1647 37.6533 9.5
      vertex 21.5874 37.5385 2.4
      vertex 22.1647 37.6533 2.4
    endloop
  endfacet
  facet normal 0.980796 0.195038 0
    outer loop
      vertex 25.4615 42.5874 9.5
      vertex 25.3467 43.1647 2.4
      vertex 25.3467 43.1647 9.5
    endloop
  endfacet
  facet normal 0.980796 0.195038 0
    outer loop
      vertex 25.3467 43.1647 2.4
      vertex 25.4615 42.5874 9.5
      vertex 25.4615 42.5874 2.4
    endloop
  endfacet
  facet normal 0.997859 0.0654027 0
    outer loop
      vertex 25.5 42 9.5
      vertex 25.4615 42.5874 2.4
      vertex 25.4615 42.5874 9.5
    endloop
  endfacet
  facet normal 0.997859 0.0654027 0
    outer loop
      vertex 25.4615 42.5874 2.4
      vertex 25.5 42 9.5
      vertex 25.5 42 2.4
    endloop
  endfacet
  facet normal 0.980796 -0.195038 0
    outer loop
      vertex 25.3467 40.8353 9.5
      vertex 25.4615 41.4126 2.4
      vertex 25.4615 41.4126 9.5
    endloop
  endfacet
  facet normal 0.980796 -0.195038 0
    outer loop
      vertex 25.4615 41.4126 2.4
      vertex 25.3467 40.8353 9.5
      vertex 25.3467 40.8353 2.4
    endloop
  endfacet
  facet normal -0.831475 0.555562 0
    outer loop
      vertex 17.1029 44.25 2.4
      vertex 17.4299 44.7394 9.5
      vertex 17.4299 44.7394 2.4
    endloop
  endfacet
  facet normal -0.831475 0.555562 0
    outer loop
      vertex 17.4299 44.7394 9.5
      vertex 17.1029 44.25 2.4
      vertex 17.1029 44.25 9.5
    endloop
  endfacet
  facet normal 0.659298 0.751882 -0
    outer loop
      vertex 24.182 45.182 2.4
      vertex 23.7394 45.5701 9.5
      vertex 24.182 45.182 9.5
    endloop
  endfacet
  facet normal 0.659298 0.751882 0
    outer loop
      vertex 23.7394 45.5701 9.5
      vertex 24.182 45.182 2.4
      vertex 23.7394 45.5701 2.4
    endloop
  endfacet
  facet normal -0.195038 -0.980796 0
    outer loop
      vertex 19.8353 37.6533 2.4
      vertex 20.4126 37.5385 9.5
      vertex 19.8353 37.6533 9.5
    endloop
  endfacet
  facet normal -0.195038 -0.980796 -0
    outer loop
      vertex 20.4126 37.5385 9.5
      vertex 19.8353 37.6533 2.4
      vertex 20.4126 37.5385 2.4
    endloop
  endfacet
  facet normal 0.195038 0.980796 -0
    outer loop
      vertex 22.1647 46.3467 2.4
      vertex 21.5874 46.4615 9.5
      vertex 22.1647 46.3467 9.5
    endloop
  endfacet
  facet normal 0.195038 0.980796 0
    outer loop
      vertex 21.5874 46.4615 9.5
      vertex 22.1647 46.3467 2.4
      vertex 21.5874 46.4615 2.4
    endloop
  endfacet
  facet normal 0.659298 -0.751882 0
    outer loop
      vertex 23.7394 38.4299 2.4
      vertex 24.182 38.818 9.5
      vertex 23.7394 38.4299 9.5
    endloop
  endfacet
  facet normal 0.659298 -0.751882 0
    outer loop
      vertex 24.182 38.818 9.5
      vertex 23.7394 38.4299 2.4
      vertex 24.182 38.818 2.4
    endloop
  endfacet
  facet normal 0.896827 -0.442382 0
    outer loop
      vertex 24.8971 39.75 9.5
      vertex 25.1575 40.2779 2.4
      vertex 25.1575 40.2779 9.5
    endloop
  endfacet
  facet normal 0.896827 -0.442382 0
    outer loop
      vertex 25.1575 40.2779 2.4
      vertex 24.8971 39.75 9.5
      vertex 24.8971 39.75 2.4
    endloop
  endfacet
  facet normal 0.946936 -0.321421 0
    outer loop
      vertex 25.1575 40.2779 9.5
      vertex 25.3467 40.8353 2.4
      vertex 25.3467 40.8353 9.5
    endloop
  endfacet
  facet normal 0.946936 -0.321421 0
    outer loop
      vertex 25.3467 40.8353 2.4
      vertex 25.1575 40.2779 9.5
      vertex 25.1575 40.2779 2.4
    endloop
  endfacet
  facet normal -0.946936 -0.321421 0
    outer loop
      vertex 16.8425 40.2779 2.4
      vertex 16.6533 40.8353 9.5
      vertex 16.6533 40.8353 2.4
    endloop
  endfacet
  facet normal -0.946936 -0.321421 0
    outer loop
      vertex 16.6533 40.8353 9.5
      vertex 16.8425 40.2779 2.4
      vertex 16.8425 40.2779 9.5
    endloop
  endfacet
  facet normal -0.555562 -0.831475 0
    outer loop
      vertex 18.2606 38.4299 2.4
      vertex 18.75 38.1029 9.5
      vertex 18.2606 38.4299 9.5
    endloop
  endfacet
  facet normal -0.555562 -0.831475 -0
    outer loop
      vertex 18.75 38.1029 9.5
      vertex 18.2606 38.4299 2.4
      vertex 18.75 38.1029 2.4
    endloop
  endfacet
  facet normal 0.831475 -0.555562 0
    outer loop
      vertex 24.5701 39.2606 9.5
      vertex 24.8971 39.75 2.4
      vertex 24.8971 39.75 9.5
    endloop
  endfacet
  facet normal 0.831475 -0.555562 0
    outer loop
      vertex 24.8971 39.75 2.4
      vertex 24.5701 39.2606 9.5
      vertex 24.5701 39.2606 2.4
    endloop
  endfacet
  facet normal -0.896827 0.442382 0
    outer loop
      vertex 16.8425 43.7221 2.4
      vertex 17.1029 44.25 9.5
      vertex 17.1029 44.25 2.4
    endloop
  endfacet
  facet normal -0.896827 0.442382 0
    outer loop
      vertex 17.1029 44.25 9.5
      vertex 16.8425 43.7221 2.4
      vertex 16.8425 43.7221 9.5
    endloop
  endfacet
  facet normal -0.997859 0.0654027 0
    outer loop
      vertex 16.5 42 2.4
      vertex 16.5385 42.5874 9.5
      vertex 16.5385 42.5874 2.4
    endloop
  endfacet
  facet normal -0.997859 0.0654027 0
    outer loop
      vertex 16.5385 42.5874 9.5
      vertex 16.5 42 2.4
      vertex 16.5 42 9.5
    endloop
  endfacet
  facet normal -0.0654027 0.997859 0
    outer loop
      vertex 21 46.5 2.4
      vertex 20.4126 46.4615 9.5
      vertex 21 46.5 9.5
    endloop
  endfacet
  facet normal -0.0654027 0.997859 0
    outer loop
      vertex 20.4126 46.4615 9.5
      vertex 21 46.5 2.4
      vertex 20.4126 46.4615 2.4
    endloop
  endfacet
  facet normal -0.896827 -0.442382 0
    outer loop
      vertex 17.1029 39.75 2.4
      vertex 16.8425 40.2779 9.5
      vertex 16.8425 40.2779 2.4
    endloop
  endfacet
  facet normal -0.896827 -0.442382 0
    outer loop
      vertex 16.8425 40.2779 9.5
      vertex 17.1029 39.75 2.4
      vertex 17.1029 39.75 9.5
    endloop
  endfacet
  facet normal 0.442382 0.896827 -0
    outer loop
      vertex 23.25 45.8971 2.4
      vertex 22.7221 46.1575 9.5
      vertex 23.25 45.8971 9.5
    endloop
  endfacet
  facet normal 0.442382 0.896827 0
    outer loop
      vertex 22.7221 46.1575 9.5
      vertex 23.25 45.8971 2.4
      vertex 22.7221 46.1575 2.4
    endloop
  endfacet
  facet normal 0.0654027 -0.997859 0
    outer loop
      vertex 21 37.5 2.4
      vertex 21.5874 37.5385 9.5
      vertex 21 37.5 9.5
    endloop
  endfacet
  facet normal 0.0654027 -0.997859 0
    outer loop
      vertex 21.5874 37.5385 9.5
      vertex 21 37.5 2.4
      vertex 21.5874 37.5385 2.4
    endloop
  endfacet
  facet normal -0.751882 -0.659298 0
    outer loop
      vertex 17.818 38.818 2.4
      vertex 17.4299 39.2606 9.5
      vertex 17.4299 39.2606 2.4
    endloop
  endfacet
  facet normal -0.751882 -0.659298 0
    outer loop
      vertex 17.4299 39.2606 9.5
      vertex 17.818 38.818 2.4
      vertex 17.818 38.818 9.5
    endloop
  endfacet
  facet normal -0.321421 0.946936 0
    outer loop
      vertex 19.8353 46.3467 2.4
      vertex 19.2779 46.1575 9.5
      vertex 19.8353 46.3467 9.5
    endloop
  endfacet
  facet normal -0.321421 0.946936 0
    outer loop
      vertex 19.2779 46.1575 9.5
      vertex 19.8353 46.3467 2.4
      vertex 19.2779 46.1575 2.4
    endloop
  endfacet
  facet normal -0.997859 -0.0654027 0
    outer loop
      vertex 16.5385 41.4126 2.4
      vertex 16.5 42 9.5
      vertex 16.5 42 2.4
    endloop
  endfacet
  facet normal -0.997859 -0.0654027 0
    outer loop
      vertex 16.5 42 9.5
      vertex 16.5385 41.4126 2.4
      vertex 16.5385 41.4126 9.5
    endloop
  endfacet
  facet normal 0.946936 0.321421 0
    outer loop
      vertex 25.3467 43.1647 9.5
      vertex 25.1575 43.7221 2.4
      vertex 25.1575 43.7221 9.5
    endloop
  endfacet
  facet normal 0.946936 0.321421 0
    outer loop
      vertex 25.1575 43.7221 2.4
      vertex 25.3467 43.1647 9.5
      vertex 25.3467 43.1647 2.4
    endloop
  endfacet
  facet normal -0.659298 0.751882 0
    outer loop
      vertex 18.2606 45.5701 2.4
      vertex 17.818 45.182 9.5
      vertex 18.2606 45.5701 9.5
    endloop
  endfacet
  facet normal -0.659298 0.751882 0
    outer loop
      vertex 17.818 45.182 9.5
      vertex 18.2606 45.5701 2.4
      vertex 17.818 45.182 2.4
    endloop
  endfacet
  facet normal -0.751882 0.659298 0
    outer loop
      vertex 17.4299 44.7394 2.4
      vertex 17.818 45.182 9.5
      vertex 17.818 45.182 2.4
    endloop
  endfacet
  facet normal -0.751882 0.659298 0
    outer loop
      vertex 17.818 45.182 9.5
      vertex 17.4299 44.7394 2.4
      vertex 17.4299 44.7394 9.5
    endloop
  endfacet
  facet normal 0.831475 0.555562 0
    outer loop
      vertex 24.8971 44.25 9.5
      vertex 24.5701 44.7394 2.4
      vertex 24.5701 44.7394 9.5
    endloop
  endfacet
  facet normal 0.831475 0.555562 0
    outer loop
      vertex 24.5701 44.7394 2.4
      vertex 24.8971 44.25 9.5
      vertex 24.8971 44.25 2.4
    endloop
  endfacet
  facet normal 0.555562 0.831475 -0
    outer loop
      vertex 23.7394 45.5701 2.4
      vertex 23.25 45.8971 9.5
      vertex 23.7394 45.5701 9.5
    endloop
  endfacet
  facet normal 0.555562 0.831475 0
    outer loop
      vertex 23.25 45.8971 9.5
      vertex 23.7394 45.5701 2.4
      vertex 23.25 45.8971 2.4
    endloop
  endfacet
  facet normal -0.980796 -0.195038 0
    outer loop
      vertex 16.6533 40.8353 2.4
      vertex 16.5385 41.4126 9.5
      vertex 16.5385 41.4126 2.4
    endloop
  endfacet
  facet normal -0.980796 -0.195038 0
    outer loop
      vertex 16.5385 41.4126 9.5
      vertex 16.6533 40.8353 2.4
      vertex 16.6533 40.8353 9.5
    endloop
  endfacet
  facet normal -0.442382 0.896827 0
    outer loop
      vertex 19.2779 46.1575 2.4
      vertex 18.75 45.8971 9.5
      vertex 19.2779 46.1575 9.5
    endloop
  endfacet
  facet normal -0.442382 0.896827 0
    outer loop
      vertex 18.75 45.8971 9.5
      vertex 19.2779 46.1575 2.4
      vertex 18.75 45.8971 2.4
    endloop
  endfacet
  facet normal 0.321421 0.946936 -0
    outer loop
      vertex 22.7221 46.1575 2.4
      vertex 22.1647 46.3467 9.5
      vertex 22.7221 46.1575 9.5
    endloop
  endfacet
  facet normal 0.321421 0.946936 0
    outer loop
      vertex 22.1647 46.3467 9.5
      vertex 22.7221 46.1575 2.4
      vertex 22.1647 46.3467 2.4
    endloop
  endfacet
  facet normal 0.997859 -0.0654027 0
    outer loop
      vertex 25.4615 41.4126 9.5
      vertex 25.5 42 2.4
      vertex 25.5 42 9.5
    endloop
  endfacet
  facet normal 0.997859 -0.0654027 0
    outer loop
      vertex 25.5 42 2.4
      vertex 25.4615 41.4126 9.5
      vertex 25.4615 41.4126 2.4
    endloop
  endfacet
  facet normal 0.555562 -0.831475 0
    outer loop
      vertex 23.25 38.1029 2.4
      vertex 23.7394 38.4299 9.5
      vertex 23.25 38.1029 9.5
    endloop
  endfacet
  facet normal 0.555562 -0.831475 0
    outer loop
      vertex 23.7394 38.4299 9.5
      vertex 23.25 38.1029 2.4
      vertex 23.7394 38.4299 2.4
    endloop
  endfacet
  facet normal 0.896827 0.442382 0
    outer loop
      vertex 25.1575 43.7221 9.5
      vertex 24.8971 44.25 2.4
      vertex 24.8971 44.25 9.5
    endloop
  endfacet
  facet normal 0.896827 0.442382 0
    outer loop
      vertex 24.8971 44.25 2.4
      vertex 25.1575 43.7221 9.5
      vertex 25.1575 43.7221 2.4
    endloop
  endfacet
  facet normal -0.659298 -0.751882 0
    outer loop
      vertex 17.818 38.818 2.4
      vertex 18.2606 38.4299 9.5
      vertex 17.818 38.818 9.5
    endloop
  endfacet
  facet normal -0.659298 -0.751882 -0
    outer loop
      vertex 18.2606 38.4299 9.5
      vertex 17.818 38.818 2.4
      vertex 18.2606 38.4299 2.4
    endloop
  endfacet
  facet normal -0.321421 -0.946936 0
    outer loop
      vertex 19.2779 37.8425 2.4
      vertex 19.8353 37.6533 9.5
      vertex 19.2779 37.8425 9.5
    endloop
  endfacet
  facet normal -0.321421 -0.946936 -0
    outer loop
      vertex 19.8353 37.6533 9.5
      vertex 19.2779 37.8425 2.4
      vertex 19.8353 37.6533 2.4
    endloop
  endfacet
  facet normal -0.980796 0.195038 0
    outer loop
      vertex 16.5385 42.5874 2.4
      vertex 16.6533 43.1647 9.5
      vertex 16.6533 43.1647 2.4
    endloop
  endfacet
  facet normal -0.980796 0.195038 0
    outer loop
      vertex 16.6533 43.1647 9.5
      vertex 16.5385 42.5874 2.4
      vertex 16.5385 42.5874 9.5
    endloop
  endfacet
  facet normal 0.751882 -0.659298 0
    outer loop
      vertex 24.182 38.818 9.5
      vertex 24.5701 39.2606 2.4
      vertex 24.5701 39.2606 9.5
    endloop
  endfacet
  facet normal 0.751882 -0.659298 0
    outer loop
      vertex 24.5701 39.2606 2.4
      vertex 24.182 38.818 9.5
      vertex 24.182 38.818 2.4
    endloop
  endfacet
  facet normal -0.0654027 -0.997859 0
    outer loop
      vertex 20.4126 37.5385 2.4
      vertex 21 37.5 9.5
      vertex 20.4126 37.5385 9.5
    endloop
  endfacet
  facet normal -0.0654027 -0.997859 -0
    outer loop
      vertex 21 37.5 9.5
      vertex 20.4126 37.5385 2.4
      vertex 21 37.5 2.4
    endloop
  endfacet
  facet normal 0.751882 0.659298 0
    outer loop
      vertex 24.5701 44.7394 9.5
      vertex 24.182 45.182 2.4
      vertex 24.182 45.182 9.5
    endloop
  endfacet
  facet normal 0.751882 0.659298 0
    outer loop
      vertex 24.182 45.182 2.4
      vertex 24.5701 44.7394 9.5
      vertex 24.5701 44.7394 2.4
    endloop
  endfacet
  facet normal 0.442382 -0.896827 0
    outer loop
      vertex 22.7221 37.8425 2.4
      vertex 23.25 38.1029 9.5
      vertex 22.7221 37.8425 9.5
    endloop
  endfacet
  facet normal 0.442382 -0.896827 0
    outer loop
      vertex 23.25 38.1029 9.5
      vertex 22.7221 37.8425 2.4
      vertex 23.25 38.1029 2.4
    endloop
  endfacet
  facet normal -0.555562 0.831475 0
    outer loop
      vertex 18.75 45.8971 2.4
      vertex 18.2606 45.5701 9.5
      vertex 18.75 45.8971 9.5
    endloop
  endfacet
  facet normal -0.555562 0.831475 0
    outer loop
      vertex 18.2606 45.5701 9.5
      vertex 18.75 45.8971 2.4
      vertex 18.2606 45.5701 2.4
    endloop
  endfacet
  facet normal 0.321421 -0.946936 0
    outer loop
      vertex 22.1647 37.6533 2.4
      vertex 22.7221 37.8425 9.5
      vertex 22.1647 37.6533 9.5
    endloop
  endfacet
  facet normal 0.321421 -0.946936 0
    outer loop
      vertex 22.7221 37.8425 9.5
      vertex 22.1647 37.6533 2.4
      vertex 22.7221 37.8425 2.4
    endloop
  endfacet
  facet normal -0.195038 0.980796 0
    outer loop
      vertex 20.4126 46.4615 2.4
      vertex 19.8353 46.3467 9.5
      vertex 20.4126 46.4615 9.5
    endloop
  endfacet
  facet normal -0.195038 0.980796 0
    outer loop
      vertex 19.8353 46.3467 9.5
      vertex 20.4126 46.4615 2.4
      vertex 19.8353 46.3467 2.4
    endloop
  endfacet
  facet normal 0 0 1
    outer loop
      vertex 24.05 42 9.5
      vertex 25.5 42 9.5
      vertex 25.4615 42.5874 9.5
    endloop
  endfacet
  facet normal 0 0 1
    outer loop
      vertex 24.0239 42.3981 9.5
      vertex 25.4615 42.5874 9.5
      vertex 25.3467 43.1647 9.5
    endloop
  endfacet
  facet normal 0 0 1
    outer loop
      vertex 25.5 42 9.5
      vertex 24.05 42 9.5
      vertex 25.4615 41.4126 9.5
    endloop
  endfacet
  facet normal 0 0 1
    outer loop
      vertex 23.9461 42.7894 9.5
      vertex 25.3467 43.1647 9.5
      vertex 25.1575 43.7221 9.5
    endloop
  endfacet
  facet normal -0 0 1
    outer loop
      vertex 24.0239 41.6019 9.5
      vertex 25.4615 41.4126 9.5
      vertex 24.05 42 9.5
    endloop
  endfacet
  facet normal 0 0 1
    outer loop
      vertex 23.8178 43.1672 9.5
      vertex 25.1575 43.7221 9.5
      vertex 24.8971 44.25 9.5
    endloop
  endfacet
  facet normal 0 0 1
    outer loop
      vertex 25.4615 41.4126 9.5
      vertex 24.0239 41.6019 9.5
      vertex 25.3467 40.8353 9.5
    endloop
  endfacet
  facet normal 0 0 1
    outer loop
      vertex 23.6414 43.525 9.5
      vertex 24.8971 44.25 9.5
      vertex 24.5701 44.7394 9.5
    endloop
  endfacet
  facet normal -0 0 1
    outer loop
      vertex 23.9461 41.2106 9.5
      vertex 25.3467 40.8353 9.5
      vertex 24.0239 41.6019 9.5
    endloop
  endfacet
  facet normal 0 0 1
    outer loop
      vertex 23.4197 43.8567 9.5
      vertex 24.5701 44.7394 9.5
      vertex 24.182 45.182 9.5
    endloop
  endfacet
  facet normal 0 0 1
    outer loop
      vertex 25.3467 40.8353 9.5
      vertex 23.9461 41.2106 9.5
      vertex 25.1575 40.2779 9.5
    endloop
  endfacet
  facet normal -0 0 1
    outer loop
      vertex 23.8178 40.8328 9.5
      vertex 25.1575 40.2779 9.5
      vertex 23.9461 41.2106 9.5
    endloop
  endfacet
  facet normal 0 0 1
    outer loop
      vertex 25.4615 42.5874 9.5
      vertex 24.0239 42.3981 9.5
      vertex 24.05 42 9.5
    endloop
  endfacet
  facet normal 0 0 1
    outer loop
      vertex 25.3467 43.1647 9.5
      vertex 23.9461 42.7894 9.5
      vertex 24.0239 42.3981 9.5
    endloop
  endfacet
  facet normal 0 0 1
    outer loop
      vertex 25.1575 43.7221 9.5
      vertex 23.8178 43.1672 9.5
      vertex 23.9461 42.7894 9.5
    endloop
  endfacet
  facet normal 0 0 1
    outer loop
      vertex 23.1567 44.1567 9.5
      vertex 24.182 45.182 9.5
      vertex 23.7394 45.5701 9.5
    endloop
  endfacet
  facet normal 0 0 1
    outer loop
      vertex 24.8971 44.25 9.5
      vertex 23.6414 43.525 9.5
      vertex 23.8178 43.1672 9.5
    endloop
  endfacet
  facet normal 0 0 1
    outer loop
      vertex 24.5701 44.7394 9.5
      vertex 23.4197 43.8567 9.5
      vertex 23.6414 43.525 9.5
    endloop
  endfacet
  facet normal 0 0 1
    outer loop
      vertex 22.8567 44.4197 9.5
      vertex 23.7394 45.5701 9.5
      vertex 23.25 45.8971 9.5
    endloop
  endfacet
  facet normal 0 0 1
    outer loop
      vertex 24.182 45.182 9.5
      vertex 23.1567 44.1567 9.5
      vertex 23.4197 43.8567 9.5
    endloop
  endfacet
  facet normal 0 0 1
    outer loop
      vertex 23.7394 45.5701 9.5
      vertex 22.8567 44.4197 9.5
      vertex 23.1567 44.1567 9.5
    endloop
  endfacet
  facet normal 0 0 1
    outer loop
      vertex 22.525 44.6414 9.5
      vertex 23.25 45.8971 9.5
      vertex 22.7221 46.1575 9.5
    endloop
  endfacet
  facet normal 0 0 1
    outer loop
      vertex 23.25 45.8971 9.5
      vertex 22.525 44.6414 9.5
      vertex 22.8567 44.4197 9.5
    endloop
  endfacet
  facet normal 0 0 1
    outer loop
      vertex 22.7221 46.1575 9.5
      vertex 22.1672 44.8178 9.5
      vertex 22.525 44.6414 9.5
    endloop
  endfacet
  facet normal 0 0 1
    outer loop
      vertex 22.1647 46.3467 9.5
      vertex 22.1672 44.8178 9.5
      vertex 22.7221 46.1575 9.5
    endloop
  endfacet
  facet normal 0 0 1
    outer loop
      vertex 22.1647 46.3467 9.5
      vertex 21.7894 44.9461 9.5
      vertex 22.1672 44.8178 9.5
    endloop
  endfacet
  facet normal 0 0 1
    outer loop
      vertex 21.5874 46.4615 9.5
      vertex 21.7894 44.9461 9.5
      vertex 22.1647 46.3467 9.5
    endloop
  endfacet
  facet normal 0 0 1
    outer loop
      vertex 21.5874 46.4615 9.5
      vertex 21.3981 45.0239 9.5
      vertex 21.7894 44.9461 9.5
    endloop
  endfacet
  facet normal 0 0 1
    outer loop
      vertex 21 46.5 9.5
      vertex 21.3981 45.0239 9.5
      vertex 21.5874 46.4615 9.5
    endloop
  endfacet
  facet normal 0 0 1
    outer loop
      vertex 21 46.5 9.5
      vertex 21 45.05 9.5
      vertex 21.3981 45.0239 9.5
    endloop
  endfacet
  facet normal 0 0 1
    outer loop
      vertex 21 46.5 9.5
      vertex 20.6019 45.0239 9.5
      vertex 21 45.05 9.5
    endloop
  endfacet
  facet normal -0 0 1
    outer loop
      vertex 20.4126 46.4615 9.5
      vertex 20.6019 45.0239 9.5
      vertex 21 46.5 9.5
    endloop
  endfacet
  facet normal 0 0 1
    outer loop
      vertex 20.4126 46.4615 9.5
      vertex 20.2106 44.9461 9.5
      vertex 20.6019 45.0239 9.5
    endloop
  endfacet
  facet normal -0 0 1
    outer loop
      vertex 19.8353 46.3467 9.5
      vertex 20.2106 44.9461 9.5
      vertex 20.4126 46.4615 9.5
    endloop
  endfacet
  facet normal 0 0 1
    outer loop
      vertex 19.8353 46.3467 9.5
      vertex 19.8328 44.8178 9.5
      vertex 20.2106 44.9461 9.5
    endloop
  endfacet
  facet normal -0 0 1
    outer loop
      vertex 19.2779 46.1575 9.5
      vertex 19.8328 44.8178 9.5
      vertex 19.8353 46.3467 9.5
    endloop
  endfacet
  facet normal 0 0 1
    outer loop
      vertex 19.8328 44.8178 9.5
      vertex 19.2779 46.1575 9.5
      vertex 19.475 44.6414 9.5
    endloop
  endfacet
  facet normal -0 0 1
    outer loop
      vertex 18.75 45.8971 9.5
      vertex 19.475 44.6414 9.5
      vertex 19.2779 46.1575 9.5
    endloop
  endfacet
  facet normal 0 0 1
    outer loop
      vertex 19.475 44.6414 9.5
      vertex 18.75 45.8971 9.5
      vertex 19.1433 44.4197 9.5
    endloop
  endfacet
  facet normal -0 0 1
    outer loop
      vertex 18.2606 45.5701 9.5
      vertex 19.1433 44.4197 9.5
      vertex 18.75 45.8971 9.5
    endloop
  endfacet
  facet normal 0 0 1
    outer loop
      vertex 19.1433 44.4197 9.5
      vertex 18.2606 45.5701 9.5
      vertex 18.8433 44.1567 9.5
    endloop
  endfacet
  facet normal -0 0 1
    outer loop
      vertex 17.818 45.182 9.5
      vertex 18.8433 44.1567 9.5
      vertex 18.2606 45.5701 9.5
    endloop
  endfacet
  facet normal 0 0 1
    outer loop
      vertex 18.8433 44.1567 9.5
      vertex 17.818 45.182 9.5
      vertex 18.5803 43.8567 9.5
    endloop
  endfacet
  facet normal -0 0 1
    outer loop
      vertex 17.4299 44.7394 9.5
      vertex 18.5803 43.8567 9.5
      vertex 17.818 45.182 9.5
    endloop
  endfacet
  facet normal 0 0 1
    outer loop
      vertex 18.5803 43.8567 9.5
      vertex 17.4299 44.7394 9.5
      vertex 18.3586 43.525 9.5
    endloop
  endfacet
  facet normal -0 0 1
    outer loop
      vertex 17.1029 44.25 9.5
      vertex 18.3586 43.525 9.5
      vertex 17.4299 44.7394 9.5
    endloop
  endfacet
  facet normal -0 0 1
    outer loop
      vertex 16.8425 43.7221 9.5
      vertex 18.1822 43.1672 9.5
      vertex 17.1029 44.25 9.5
    endloop
  endfacet
  facet normal 0 0 1
    outer loop
      vertex 18.3586 43.525 9.5
      vertex 17.1029 44.25 9.5
      vertex 18.1822 43.1672 9.5
    endloop
  endfacet
  facet normal 0 0 1
    outer loop
      vertex 25.1575 40.2779 9.5
      vertex 23.8178 40.8328 9.5
      vertex 24.8971 39.75 9.5
    endloop
  endfacet
  facet normal -0 0 1
    outer loop
      vertex 23.6414 40.475 9.5
      vertex 24.8971 39.75 9.5
      vertex 23.8178 40.8328 9.5
    endloop
  endfacet
  facet normal 0 0 1
    outer loop
      vertex 24.8971 39.75 9.5
      vertex 23.6414 40.475 9.5
      vertex 24.5701 39.2606 9.5
    endloop
  endfacet
  facet normal -0 0 1
    outer loop
      vertex 23.4197 40.1433 9.5
      vertex 24.5701 39.2606 9.5
      vertex 23.6414 40.475 9.5
    endloop
  endfacet
  facet normal 0 0 1
    outer loop
      vertex 24.5701 39.2606 9.5
      vertex 23.4197 40.1433 9.5
      vertex 24.182 38.818 9.5
    endloop
  endfacet
  facet normal -0 0 1
    outer loop
      vertex 23.1567 39.8433 9.5
      vertex 24.182 38.818 9.5
      vertex 23.4197 40.1433 9.5
    endloop
  endfacet
  facet normal 0 0 1
    outer loop
      vertex 24.182 38.818 9.5
      vertex 23.1567 39.8433 9.5
      vertex 23.7394 38.4299 9.5
    endloop
  endfacet
  facet normal -0 0 1
    outer loop
      vertex 22.8567 39.5803 9.5
      vertex 23.7394 38.4299 9.5
      vertex 23.1567 39.8433 9.5
    endloop
  endfacet
  facet normal 0 0 1
    outer loop
      vertex 23.7394 38.4299 9.5
      vertex 22.8567 39.5803 9.5
      vertex 23.25 38.1029 9.5
    endloop
  endfacet
  facet normal -0 0 1
    outer loop
      vertex 22.525 39.3586 9.5
      vertex 23.25 38.1029 9.5
      vertex 22.8567 39.5803 9.5
    endloop
  endfacet
  facet normal 0 0 1
    outer loop
      vertex 23.25 38.1029 9.5
      vertex 22.525 39.3586 9.5
      vertex 22.7221 37.8425 9.5
    endloop
  endfacet
  facet normal -0 0 1
    outer loop
      vertex 22.1672 39.1822 9.5
      vertex 22.7221 37.8425 9.5
      vertex 22.525 39.3586 9.5
    endloop
  endfacet
  facet normal 0 0 1
    outer loop
      vertex 22.1672 39.1822 9.5
      vertex 22.1647 37.6533 9.5
      vertex 22.7221 37.8425 9.5
    endloop
  endfacet
  facet normal -0 0 1
    outer loop
      vertex 21.7894 39.0539 9.5
      vertex 22.1647 37.6533 9.5
      vertex 22.1672 39.1822 9.5
    endloop
  endfacet
  facet normal 0 0 1
    outer loop
      vertex 21.7894 39.0539 9.5
      vertex 21.5874 37.5385 9.5
      vertex 22.1647 37.6533 9.5
    endloop
  endfacet
  facet normal -0 0 1
    outer loop
      vertex 21.3981 38.9761 9.5
      vertex 21.5874 37.5385 9.5
      vertex 21.7894 39.0539 9.5
    endloop
  endfacet
  facet normal -0 0 1
    outer loop
      vertex 21 38.95 9.5
      vertex 21.5874 37.5385 9.5
      vertex 21.3981 38.9761 9.5
    endloop
  endfacet
  facet normal 0 0 1
    outer loop
      vertex 21 38.95 9.5
      vertex 21 37.5 9.5
      vertex 21.5874 37.5385 9.5
    endloop
  endfacet
  facet normal 0 0 1
    outer loop
      vertex 20.6019 38.9761 9.5
      vertex 21 37.5 9.5
      vertex 21 38.95 9.5
    endloop
  endfacet
  facet normal 0 0 1
    outer loop
      vertex 20.6019 38.9761 9.5
      vertex 20.4126 37.5385 9.5
      vertex 21 37.5 9.5
    endloop
  endfacet
  facet normal 0 0 1
    outer loop
      vertex 20.2106 39.0539 9.5
      vertex 20.4126 37.5385 9.5
      vertex 20.6019 38.9761 9.5
    endloop
  endfacet
  facet normal 0 0 1
    outer loop
      vertex 20.2106 39.0539 9.5
      vertex 19.8353 37.6533 9.5
      vertex 20.4126 37.5385 9.5
    endloop
  endfacet
  facet normal 0 0 1
    outer loop
      vertex 19.8328 39.1822 9.5
      vertex 19.8353 37.6533 9.5
      vertex 20.2106 39.0539 9.5
    endloop
  endfacet
  facet normal 0 0 1
    outer loop
      vertex 19.2779 37.8425 9.5
      vertex 19.8328 39.1822 9.5
      vertex 19.475 39.3586 9.5
    endloop
  endfacet
  facet normal 0 0 1
    outer loop
      vertex 19.8328 39.1822 9.5
      vertex 19.2779 37.8425 9.5
      vertex 19.8353 37.6533 9.5
    endloop
  endfacet
  facet normal 0 0 1
    outer loop
      vertex 18.75 38.1029 9.5
      vertex 19.475 39.3586 9.5
      vertex 19.1433 39.5803 9.5
    endloop
  endfacet
  facet normal 0 0 1
    outer loop
      vertex 18.2606 38.4299 9.5
      vertex 19.1433 39.5803 9.5
      vertex 18.8433 39.8433 9.5
    endloop
  endfacet
  facet normal 0 0 1
    outer loop
      vertex 19.475 39.3586 9.5
      vertex 18.75 38.1029 9.5
      vertex 19.2779 37.8425 9.5
    endloop
  endfacet
  facet normal 0 0 1
    outer loop
      vertex 17.818 38.818 9.5
      vertex 18.8433 39.8433 9.5
      vertex 18.5803 40.1433 9.5
    endloop
  endfacet
  facet normal 0 0 1
    outer loop
      vertex 17.4299 39.2606 9.5
      vertex 18.5803 40.1433 9.5
      vertex 18.3586 40.475 9.5
    endloop
  endfacet
  facet normal 0 0 1
    outer loop
      vertex 19.1433 39.5803 9.5
      vertex 18.2606 38.4299 9.5
      vertex 18.75 38.1029 9.5
    endloop
  endfacet
  facet normal 0 0 1
    outer loop
      vertex 17.1029 39.75 9.5
      vertex 18.3586 40.475 9.5
      vertex 18.1822 40.8328 9.5
    endloop
  endfacet
  facet normal 0 0 1
    outer loop
      vertex 16.8425 40.2779 9.5
      vertex 18.1822 40.8328 9.5
      vertex 18.0539 41.2106 9.5
    endloop
  endfacet
  facet normal 0 0 1
    outer loop
      vertex 16.6533 40.8353 9.5
      vertex 18.0539 41.2106 9.5
      vertex 17.9761 41.6019 9.5
    endloop
  endfacet
  facet normal 0 0 1
    outer loop
      vertex 18.8433 39.8433 9.5
      vertex 17.818 38.818 9.5
      vertex 18.2606 38.4299 9.5
    endloop
  endfacet
  facet normal 0 0 1
    outer loop
      vertex 16.5385 41.4126 9.5
      vertex 17.9761 41.6019 9.5
      vertex 17.95 42 9.5
    endloop
  endfacet
  facet normal 0 0 1
    outer loop
      vertex 18.1822 43.1672 9.5
      vertex 16.8425 43.7221 9.5
      vertex 18.0539 42.7894 9.5
    endloop
  endfacet
  facet normal -0 0 1
    outer loop
      vertex 16.6533 43.1647 9.5
      vertex 18.0539 42.7894 9.5
      vertex 16.8425 43.7221 9.5
    endloop
  endfacet
  facet normal 0 0 1
    outer loop
      vertex 18.5803 40.1433 9.5
      vertex 17.4299 39.2606 9.5
      vertex 17.818 38.818 9.5
    endloop
  endfacet
  facet normal 0 0 1
    outer loop
      vertex 18.0539 42.7894 9.5
      vertex 16.6533 43.1647 9.5
      vertex 17.9761 42.3981 9.5
    endloop
  endfacet
  facet normal 0 0 1
    outer loop
      vertex 18.3586 40.475 9.5
      vertex 17.1029 39.75 9.5
      vertex 17.4299 39.2606 9.5
    endloop
  endfacet
  facet normal -0 0 1
    outer loop
      vertex 16.5385 42.5874 9.5
      vertex 17.9761 42.3981 9.5
      vertex 16.6533 43.1647 9.5
    endloop
  endfacet
  facet normal 0 0 1
    outer loop
      vertex 18.1822 40.8328 9.5
      vertex 16.8425 40.2779 9.5
      vertex 17.1029 39.75 9.5
    endloop
  endfacet
  facet normal 0 0 1
    outer loop
      vertex 17.9761 42.3981 9.5
      vertex 16.5385 42.5874 9.5
      vertex 17.95 42 9.5
    endloop
  endfacet
  facet normal 0 0 1
    outer loop
      vertex 18.0539 41.2106 9.5
      vertex 16.6533 40.8353 9.5
      vertex 16.8425 40.2779 9.5
    endloop
  endfacet
  facet normal 0 0 1
    outer loop
      vertex 16.5 42 9.5
      vertex 17.95 42 9.5
      vertex 16.5385 42.5874 9.5
    endloop
  endfacet
  facet normal 0 0 1
    outer loop
      vertex 17.9761 41.6019 9.5
      vertex 16.5385 41.4126 9.5
      vertex 16.6533 40.8353 9.5
    endloop
  endfacet
  facet normal 0 0 1
    outer loop
      vertex 17.95 42 9.5
      vertex 16.5 42 9.5
      vertex 16.5385 41.4126 9.5
    endloop
  endfacet
  facet normal 0.0654027 0.997859 -0
    outer loop
      vertex 21.5874 46.4615 2.4
      vertex 21 46.5 9.5
      vertex 21.5874 46.4615 9.5
    endloop
  endfacet
  facet normal 0.0654027 0.997859 0
    outer loop
      vertex 21 46.5 9.5
      vertex 21.5874 46.4615 2.4
      vertex 21 46.5 2.4
    endloop
  endfacet
  facet normal -0.442382 -0.896827 0
    outer loop
      vertex 18.75 38.1029 2.4
      vertex 19.2779 37.8425 9.5
      vertex 18.75 38.1029 9.5
    endloop
  endfacet
  facet normal -0.442382 -0.896827 -0
    outer loop
      vertex 19.2779 37.8425 9.5
      vertex 18.75 38.1029 2.4
      vertex 19.2779 37.8425 2.4
    endloop
  endfacet
  facet normal -0.831475 -0.555562 0
    outer loop
      vertex 17.4299 39.2606 2.4
      vertex 17.1029 39.75 9.5
      vertex 17.1029 39.75 2.4
    endloop
  endfacet
  facet normal -0.831475 -0.555562 0
    outer loop
      vertex 17.1029 39.75 9.5
      vertex 17.4299 39.2606 2.4
      vertex 17.4299 39.2606 9.5
    endloop
  endfacet
  facet normal -0.946936 0.321421 0
    outer loop
      vertex 16.6533 43.1647 2.4
      vertex 16.8425 43.7221 9.5
      vertex 16.8425 43.7221 2.4
    endloop
  endfacet
  facet normal -0.946936 0.321421 0
    outer loop
      vertex 16.8425 43.7221 9.5
      vertex 16.6533 43.1647 2.4
      vertex 16.6533 43.1647 9.5
    endloop
  endfacet
  facet normal 0.659298 0.751882 -0
    outer loop
      vertex 62.182 -22.818 2.4
      vertex 61.7394 -22.4299 9.5
      vertex 62.182 -22.818 9.5
    endloop
  endfacet
  facet normal 0.659298 0.751882 0
    outer loop
      vertex 61.7394 -22.4299 9.5
      vertex 62.182 -22.818 2.4
      vertex 61.7394 -22.4299 2.4
    endloop
  endfacet
  facet normal 0.980796 0.195038 0
    outer loop
      vertex 63.4615 -25.4126 9.5
      vertex 63.3467 -24.8353 2.4
      vertex 63.3467 -24.8353 9.5
    endloop
  endfacet
  facet normal 0.980796 0.195038 0
    outer loop
      vertex 63.3467 -24.8353 2.4
      vertex 63.4615 -25.4126 9.5
      vertex 63.4615 -25.4126 2.4
    endloop
  endfacet
  facet normal 0.997859 0.0654027 0
    outer loop
      vertex 63.5 -26 9.5
      vertex 63.4615 -25.4126 2.4
      vertex 63.4615 -25.4126 9.5
    endloop
  endfacet
  facet normal 0.997859 0.0654027 0
    outer loop
      vertex 63.4615 -25.4126 2.4
      vertex 63.5 -26 9.5
      vertex 63.5 -26 2.4
    endloop
  endfacet
  facet normal 0.946936 0.321421 0
    outer loop
      vertex 63.3467 -24.8353 9.5
      vertex 63.1575 -24.2779 2.4
      vertex 63.1575 -24.2779 9.5
    endloop
  endfacet
  facet normal 0.946936 0.321421 0
    outer loop
      vertex 63.1575 -24.2779 2.4
      vertex 63.3467 -24.8353 9.5
      vertex 63.3467 -24.8353 2.4
    endloop
  endfacet
  facet normal -0.831475 -0.555562 0
    outer loop
      vertex 55.4299 -28.7394 2.4
      vertex 55.1029 -28.25 9.5
      vertex 55.1029 -28.25 2.4
    endloop
  endfacet
  facet normal -0.831475 -0.555562 0
    outer loop
      vertex 55.1029 -28.25 9.5
      vertex 55.4299 -28.7394 2.4
      vertex 55.4299 -28.7394 9.5
    endloop
  endfacet
  facet normal -0.946936 0.321421 0
    outer loop
      vertex 54.6533 -24.8353 2.4
      vertex 54.8425 -24.2779 9.5
      vertex 54.8425 -24.2779 2.4
    endloop
  endfacet
  facet normal -0.946936 0.321421 0
    outer loop
      vertex 54.8425 -24.2779 9.5
      vertex 54.6533 -24.8353 2.4
      vertex 54.6533 -24.8353 9.5
    endloop
  endfacet
  facet normal -0.555562 -0.831475 0
    outer loop
      vertex 56.2606 -29.5701 2.4
      vertex 56.75 -29.8971 9.5
      vertex 56.2606 -29.5701 9.5
    endloop
  endfacet
  facet normal -0.555562 -0.831475 -0
    outer loop
      vertex 56.75 -29.8971 9.5
      vertex 56.2606 -29.5701 2.4
      vertex 56.75 -29.8971 2.4
    endloop
  endfacet
  facet normal 0.997859 -0.0654027 0
    outer loop
      vertex 63.4615 -26.5874 9.5
      vertex 63.5 -26 2.4
      vertex 63.5 -26 9.5
    endloop
  endfacet
  facet normal 0.997859 -0.0654027 0
    outer loop
      vertex 63.5 -26 2.4
      vertex 63.4615 -26.5874 9.5
      vertex 63.4615 -26.5874 2.4
    endloop
  endfacet
  facet normal -0.896827 -0.442382 0
    outer loop
      vertex 55.1029 -28.25 2.4
      vertex 54.8425 -27.7221 9.5
      vertex 54.8425 -27.7221 2.4
    endloop
  endfacet
  facet normal -0.896827 -0.442382 0
    outer loop
      vertex 54.8425 -27.7221 9.5
      vertex 55.1029 -28.25 2.4
      vertex 55.1029 -28.25 9.5
    endloop
  endfacet
  facet normal 0.896827 0.442382 0
    outer loop
      vertex 63.1575 -24.2779 9.5
      vertex 62.8971 -23.75 2.4
      vertex 62.8971 -23.75 9.5
    endloop
  endfacet
  facet normal 0.896827 0.442382 0
    outer loop
      vertex 62.8971 -23.75 2.4
      vertex 63.1575 -24.2779 9.5
      vertex 63.1575 -24.2779 2.4
    endloop
  endfacet
  facet normal 0.442382 -0.896827 0
    outer loop
      vertex 60.7221 -30.1575 2.4
      vertex 61.25 -29.8971 9.5
      vertex 60.7221 -30.1575 9.5
    endloop
  endfacet
  facet normal 0.442382 -0.896827 0
    outer loop
      vertex 61.25 -29.8971 9.5
      vertex 60.7221 -30.1575 2.4
      vertex 61.25 -29.8971 2.4
    endloop
  endfacet
  facet normal 0.321421 0.946936 -0
    outer loop
      vertex 60.7221 -21.8425 2.4
      vertex 60.1647 -21.6533 9.5
      vertex 60.7221 -21.8425 9.5
    endloop
  endfacet
  facet normal 0.321421 0.946936 0
    outer loop
      vertex 60.1647 -21.6533 9.5
      vertex 60.7221 -21.8425 2.4
      vertex 60.1647 -21.6533 2.4
    endloop
  endfacet
  facet normal -0.997859 -0.0654027 0
    outer loop
      vertex 54.5385 -26.5874 2.4
      vertex 54.5 -26 9.5
      vertex 54.5 -26 2.4
    endloop
  endfacet
  facet normal -0.997859 -0.0654027 0
    outer loop
      vertex 54.5 -26 9.5
      vertex 54.5385 -26.5874 2.4
      vertex 54.5385 -26.5874 9.5
    endloop
  endfacet
  facet normal 0.555562 -0.831475 0
    outer loop
      vertex 61.25 -29.8971 2.4
      vertex 61.7394 -29.5701 9.5
      vertex 61.25 -29.8971 9.5
    endloop
  endfacet
  facet normal 0.555562 -0.831475 0
    outer loop
      vertex 61.7394 -29.5701 9.5
      vertex 61.25 -29.8971 2.4
      vertex 61.7394 -29.5701 2.4
    endloop
  endfacet
  facet normal -0.321421 0.946936 0
    outer loop
      vertex 57.8353 -21.6533 2.4
      vertex 57.2779 -21.8425 9.5
      vertex 57.8353 -21.6533 9.5
    endloop
  endfacet
  facet normal -0.321421 0.946936 0
    outer loop
      vertex 57.2779 -21.8425 9.5
      vertex 57.8353 -21.6533 2.4
      vertex 57.2779 -21.8425 2.4
    endloop
  endfacet
  facet normal 0.831475 0.555562 0
    outer loop
      vertex 62.8971 -23.75 9.5
      vertex 62.5701 -23.2606 2.4
      vertex 62.5701 -23.2606 9.5
    endloop
  endfacet
  facet normal 0.831475 0.555562 0
    outer loop
      vertex 62.5701 -23.2606 2.4
      vertex 62.8971 -23.75 9.5
      vertex 62.8971 -23.75 2.4
    endloop
  endfacet
  facet normal 0.659298 -0.751882 0
    outer loop
      vertex 61.7394 -29.5701 2.4
      vertex 62.182 -29.182 9.5
      vertex 61.7394 -29.5701 9.5
    endloop
  endfacet
  facet normal 0.659298 -0.751882 0
    outer loop
      vertex 62.182 -29.182 9.5
      vertex 61.7394 -29.5701 2.4
      vertex 62.182 -29.182 2.4
    endloop
  endfacet
  facet normal 0.946936 -0.321421 0
    outer loop
      vertex 63.1575 -27.7221 9.5
      vertex 63.3467 -27.1647 2.4
      vertex 63.3467 -27.1647 9.5
    endloop
  endfacet
  facet normal 0.946936 -0.321421 0
    outer loop
      vertex 63.3467 -27.1647 2.4
      vertex 63.1575 -27.7221 9.5
      vertex 63.1575 -27.7221 2.4
    endloop
  endfacet
  facet normal -0.751882 0.659298 0
    outer loop
      vertex 55.4299 -23.2606 2.4
      vertex 55.818 -22.818 9.5
      vertex 55.818 -22.818 2.4
    endloop
  endfacet
  facet normal -0.751882 0.659298 0
    outer loop
      vertex 55.818 -22.818 9.5
      vertex 55.4299 -23.2606 2.4
      vertex 55.4299 -23.2606 9.5
    endloop
  endfacet
  facet normal 0.0654027 -0.997859 0
    outer loop
      vertex 59 -30.5 2.4
      vertex 59.5874 -30.4615 9.5
      vertex 59 -30.5 9.5
    endloop
  endfacet
  facet normal 0.0654027 -0.997859 0
    outer loop
      vertex 59.5874 -30.4615 9.5
      vertex 59 -30.5 2.4
      vertex 59.5874 -30.4615 2.4
    endloop
  endfacet
  facet normal 0.555562 0.831475 -0
    outer loop
      vertex 61.7394 -22.4299 2.4
      vertex 61.25 -22.1029 9.5
      vertex 61.7394 -22.4299 9.5
    endloop
  endfacet
  facet normal 0.555562 0.831475 0
    outer loop
      vertex 61.25 -22.1029 9.5
      vertex 61.7394 -22.4299 2.4
      vertex 61.25 -22.1029 2.4
    endloop
  endfacet
  facet normal -0.442382 0.896827 0
    outer loop
      vertex 57.2779 -21.8425 2.4
      vertex 56.75 -22.1029 9.5
      vertex 57.2779 -21.8425 9.5
    endloop
  endfacet
  facet normal -0.442382 0.896827 0
    outer loop
      vertex 56.75 -22.1029 9.5
      vertex 57.2779 -21.8425 2.4
      vertex 56.75 -22.1029 2.4
    endloop
  endfacet
  facet normal -0.659298 0.751882 0
    outer loop
      vertex 56.2606 -22.4299 2.4
      vertex 55.818 -22.818 9.5
      vertex 56.2606 -22.4299 9.5
    endloop
  endfacet
  facet normal -0.659298 0.751882 0
    outer loop
      vertex 55.818 -22.818 9.5
      vertex 56.2606 -22.4299 2.4
      vertex 55.818 -22.818 2.4
    endloop
  endfacet
  facet normal 0.321421 -0.946936 0
    outer loop
      vertex 60.1647 -30.3467 2.4
      vertex 60.7221 -30.1575 9.5
      vertex 60.1647 -30.3467 9.5
    endloop
  endfacet
  facet normal 0.321421 -0.946936 0
    outer loop
      vertex 60.7221 -30.1575 9.5
      vertex 60.1647 -30.3467 2.4
      vertex 60.7221 -30.1575 2.4
    endloop
  endfacet
  facet normal -0.980796 0.195038 0
    outer loop
      vertex 54.5385 -25.4126 2.4
      vertex 54.6533 -24.8353 9.5
      vertex 54.6533 -24.8353 2.4
    endloop
  endfacet
  facet normal -0.980796 0.195038 0
    outer loop
      vertex 54.6533 -24.8353 9.5
      vertex 54.5385 -25.4126 2.4
      vertex 54.5385 -25.4126 9.5
    endloop
  endfacet
  facet normal 0.751882 -0.659298 0
    outer loop
      vertex 62.182 -29.182 9.5
      vertex 62.5701 -28.7394 2.4
      vertex 62.5701 -28.7394 9.5
    endloop
  endfacet
  facet normal 0.751882 -0.659298 0
    outer loop
      vertex 62.5701 -28.7394 2.4
      vertex 62.182 -29.182 9.5
      vertex 62.182 -29.182 2.4
    endloop
  endfacet
  facet normal -0.751882 -0.659298 0
    outer loop
      vertex 55.818 -29.182 2.4
      vertex 55.4299 -28.7394 9.5
      vertex 55.4299 -28.7394 2.4
    endloop
  endfacet
  facet normal -0.751882 -0.659298 0
    outer loop
      vertex 55.4299 -28.7394 9.5
      vertex 55.818 -29.182 2.4
      vertex 55.818 -29.182 9.5
    endloop
  endfacet
  facet normal -0.946936 -0.321421 0
    outer loop
      vertex 54.8425 -27.7221 2.4
      vertex 54.6533 -27.1647 9.5
      vertex 54.6533 -27.1647 2.4
    endloop
  endfacet
  facet normal -0.946936 -0.321421 0
    outer loop
      vertex 54.6533 -27.1647 9.5
      vertex 54.8425 -27.7221 2.4
      vertex 54.8425 -27.7221 9.5
    endloop
  endfacet
  facet normal -0.0654027 -0.997859 0
    outer loop
      vertex 58.4126 -30.4615 2.4
      vertex 59 -30.5 9.5
      vertex 58.4126 -30.4615 9.5
    endloop
  endfacet
  facet normal -0.0654027 -0.997859 -0
    outer loop
      vertex 59 -30.5 9.5
      vertex 58.4126 -30.4615 2.4
      vertex 59 -30.5 2.4
    endloop
  endfacet
  facet normal 0.980796 -0.195038 0
    outer loop
      vertex 63.3467 -27.1647 9.5
      vertex 63.4615 -26.5874 2.4
      vertex 63.4615 -26.5874 9.5
    endloop
  endfacet
  facet normal 0.980796 -0.195038 0
    outer loop
      vertex 63.4615 -26.5874 2.4
      vertex 63.3467 -27.1647 9.5
      vertex 63.3467 -27.1647 2.4
    endloop
  endfacet
  facet normal -0.980796 -0.195038 0
    outer loop
      vertex 54.6533 -27.1647 2.4
      vertex 54.5385 -26.5874 9.5
      vertex 54.5385 -26.5874 2.4
    endloop
  endfacet
  facet normal -0.980796 -0.195038 0
    outer loop
      vertex 54.5385 -26.5874 9.5
      vertex 54.6533 -27.1647 2.4
      vertex 54.6533 -27.1647 9.5
    endloop
  endfacet
  facet normal -0.997859 0.0654027 0
    outer loop
      vertex 54.5 -26 2.4
      vertex 54.5385 -25.4126 9.5
      vertex 54.5385 -25.4126 2.4
    endloop
  endfacet
  facet normal -0.997859 0.0654027 0
    outer loop
      vertex 54.5385 -25.4126 9.5
      vertex 54.5 -26 2.4
      vertex 54.5 -26 9.5
    endloop
  endfacet
  facet normal -0.0654027 0.997859 0
    outer loop
      vertex 59 -21.5 2.4
      vertex 58.4126 -21.5385 9.5
      vertex 59 -21.5 9.5
    endloop
  endfacet
  facet normal -0.0654027 0.997859 0
    outer loop
      vertex 58.4126 -21.5385 9.5
      vertex 59 -21.5 2.4
      vertex 58.4126 -21.5385 2.4
    endloop
  endfacet
  facet normal 0.195038 -0.980796 0
    outer loop
      vertex 59.5874 -30.4615 2.4
      vertex 60.1647 -30.3467 9.5
      vertex 59.5874 -30.4615 9.5
    endloop
  endfacet
  facet normal 0.195038 -0.980796 0
    outer loop
      vertex 60.1647 -30.3467 9.5
      vertex 59.5874 -30.4615 2.4
      vertex 60.1647 -30.3467 2.4
    endloop
  endfacet
  facet normal 0.0654027 0.997859 -0
    outer loop
      vertex 59.5874 -21.5385 2.4
      vertex 59 -21.5 9.5
      vertex 59.5874 -21.5385 9.5
    endloop
  endfacet
  facet normal 0.0654027 0.997859 0
    outer loop
      vertex 59 -21.5 9.5
      vertex 59.5874 -21.5385 2.4
      vertex 59 -21.5 2.4
    endloop
  endfacet
  facet normal 0.896827 -0.442382 0
    outer loop
      vertex 62.8971 -28.25 9.5
      vertex 63.1575 -27.7221 2.4
      vertex 63.1575 -27.7221 9.5
    endloop
  endfacet
  facet normal 0.896827 -0.442382 0
    outer loop
      vertex 63.1575 -27.7221 2.4
      vertex 62.8971 -28.25 9.5
      vertex 62.8971 -28.25 2.4
    endloop
  endfacet
  facet normal 0.831475 -0.555562 0
    outer loop
      vertex 62.5701 -28.7394 9.5
      vertex 62.8971 -28.25 2.4
      vertex 62.8971 -28.25 9.5
    endloop
  endfacet
  facet normal 0.831475 -0.555562 0
    outer loop
      vertex 62.8971 -28.25 2.4
      vertex 62.5701 -28.7394 9.5
      vertex 62.5701 -28.7394 2.4
    endloop
  endfacet
  facet normal 0.442382 0.896827 -0
    outer loop
      vertex 61.25 -22.1029 2.4
      vertex 60.7221 -21.8425 9.5
      vertex 61.25 -22.1029 9.5
    endloop
  endfacet
  facet normal 0.442382 0.896827 0
    outer loop
      vertex 60.7221 -21.8425 9.5
      vertex 61.25 -22.1029 2.4
      vertex 60.7221 -21.8425 2.4
    endloop
  endfacet
  facet normal 0.751882 0.659298 0
    outer loop
      vertex 62.5701 -23.2606 9.5
      vertex 62.182 -22.818 2.4
      vertex 62.182 -22.818 9.5
    endloop
  endfacet
  facet normal 0.751882 0.659298 0
    outer loop
      vertex 62.182 -22.818 2.4
      vertex 62.5701 -23.2606 9.5
      vertex 62.5701 -23.2606 2.4
    endloop
  endfacet
  facet normal 0.195038 0.980796 -0
    outer loop
      vertex 60.1647 -21.6533 2.4
      vertex 59.5874 -21.5385 9.5
      vertex 60.1647 -21.6533 9.5
    endloop
  endfacet
  facet normal 0.195038 0.980796 0
    outer loop
      vertex 59.5874 -21.5385 9.5
      vertex 60.1647 -21.6533 2.4
      vertex 59.5874 -21.5385 2.4
    endloop
  endfacet
  facet normal -0.896827 0.442382 0
    outer loop
      vertex 54.8425 -24.2779 2.4
      vertex 55.1029 -23.75 9.5
      vertex 55.1029 -23.75 2.4
    endloop
  endfacet
  facet normal -0.896827 0.442382 0
    outer loop
      vertex 55.1029 -23.75 9.5
      vertex 54.8425 -24.2779 2.4
      vertex 54.8425 -24.2779 9.5
    endloop
  endfacet
  facet normal -0.555562 0.831475 0
    outer loop
      vertex 56.75 -22.1029 2.4
      vertex 56.2606 -22.4299 9.5
      vertex 56.75 -22.1029 9.5
    endloop
  endfacet
  facet normal -0.555562 0.831475 0
    outer loop
      vertex 56.2606 -22.4299 9.5
      vertex 56.75 -22.1029 2.4
      vertex 56.2606 -22.4299 2.4
    endloop
  endfacet
  facet normal -0.442382 -0.896827 0
    outer loop
      vertex 56.75 -29.8971 2.4
      vertex 57.2779 -30.1575 9.5
      vertex 56.75 -29.8971 9.5
    endloop
  endfacet
  facet normal -0.442382 -0.896827 -0
    outer loop
      vertex 57.2779 -30.1575 9.5
      vertex 56.75 -29.8971 2.4
      vertex 57.2779 -30.1575 2.4
    endloop
  endfacet
  facet normal -0.321421 -0.946936 0
    outer loop
      vertex 57.2779 -30.1575 2.4
      vertex 57.8353 -30.3467 9.5
      vertex 57.2779 -30.1575 9.5
    endloop
  endfacet
  facet normal -0.321421 -0.946936 -0
    outer loop
      vertex 57.8353 -30.3467 9.5
      vertex 57.2779 -30.1575 2.4
      vertex 57.8353 -30.3467 2.4
    endloop
  endfacet
  facet normal -0.195038 0.980796 0
    outer loop
      vertex 58.4126 -21.5385 2.4
      vertex 57.8353 -21.6533 9.5
      vertex 58.4126 -21.5385 9.5
    endloop
  endfacet
  facet normal -0.195038 0.980796 0
    outer loop
      vertex 57.8353 -21.6533 9.5
      vertex 58.4126 -21.5385 2.4
      vertex 57.8353 -21.6533 2.4
    endloop
  endfacet
  facet normal -0.831475 0.555562 0
    outer loop
      vertex 55.1029 -23.75 2.4
      vertex 55.4299 -23.2606 9.5
      vertex 55.4299 -23.2606 2.4
    endloop
  endfacet
  facet normal -0.831475 0.555562 0
    outer loop
      vertex 55.4299 -23.2606 9.5
      vertex 55.1029 -23.75 2.4
      vertex 55.1029 -23.75 9.5
    endloop
  endfacet
  facet normal 0 0 1
    outer loop
      vertex 62.05 -26 9.5
      vertex 63.5 -26 9.5
      vertex 63.4615 -25.4126 9.5
    endloop
  endfacet
  facet normal 0 0 1
    outer loop
      vertex 62.0239 -25.6019 9.5
      vertex 63.4615 -25.4126 9.5
      vertex 63.3467 -24.8353 9.5
    endloop
  endfacet
  facet normal 0 0 1
    outer loop
      vertex 63.5 -26 9.5
      vertex 62.05 -26 9.5
      vertex 63.4615 -26.5874 9.5
    endloop
  endfacet
  facet normal 0 0 1
    outer loop
      vertex 61.9461 -25.2106 9.5
      vertex 63.3467 -24.8353 9.5
      vertex 63.1575 -24.2779 9.5
    endloop
  endfacet
  facet normal -0 0 1
    outer loop
      vertex 62.0239 -26.3981 9.5
      vertex 63.4615 -26.5874 9.5
      vertex 62.05 -26 9.5
    endloop
  endfacet
  facet normal 0 0 1
    outer loop
      vertex 61.8178 -24.8328 9.5
      vertex 63.1575 -24.2779 9.5
      vertex 62.8971 -23.75 9.5
    endloop
  endfacet
  facet normal 0 0 1
    outer loop
      vertex 63.4615 -26.5874 9.5
      vertex 62.0239 -26.3981 9.5
      vertex 63.3467 -27.1647 9.5
    endloop
  endfacet
  facet normal 0 0 1
    outer loop
      vertex 61.6414 -24.475 9.5
      vertex 62.8971 -23.75 9.5
      vertex 62.5701 -23.2606 9.5
    endloop
  endfacet
  facet normal -0 0 1
    outer loop
      vertex 61.9461 -26.7894 9.5
      vertex 63.3467 -27.1647 9.5
      vertex 62.0239 -26.3981 9.5
    endloop
  endfacet
  facet normal 0 0 1
    outer loop
      vertex 61.4197 -24.1433 9.5
      vertex 62.5701 -23.2606 9.5
      vertex 62.182 -22.818 9.5
    endloop
  endfacet
  facet normal 0 0 1
    outer loop
      vertex 63.3467 -27.1647 9.5
      vertex 61.9461 -26.7894 9.5
      vertex 63.1575 -27.7221 9.5
    endloop
  endfacet
  facet normal -0 0 1
    outer loop
      vertex 61.8178 -27.1672 9.5
      vertex 63.1575 -27.7221 9.5
      vertex 61.9461 -26.7894 9.5
    endloop
  endfacet
  facet normal 0 0 1
    outer loop
      vertex 63.4615 -25.4126 9.5
      vertex 62.0239 -25.6019 9.5
      vertex 62.05 -26 9.5
    endloop
  endfacet
  facet normal 0 0 1
    outer loop
      vertex 63.3467 -24.8353 9.5
      vertex 61.9461 -25.2106 9.5
      vertex 62.0239 -25.6019 9.5
    endloop
  endfacet
  facet normal 0 0 1
    outer loop
      vertex 63.1575 -24.2779 9.5
      vertex 61.8178 -24.8328 9.5
      vertex 61.9461 -25.2106 9.5
    endloop
  endfacet
  facet normal 0 0 1
    outer loop
      vertex 61.1567 -23.8433 9.5
      vertex 62.182 -22.818 9.5
      vertex 61.7394 -22.4299 9.5
    endloop
  endfacet
  facet normal 0 0 1
    outer loop
      vertex 62.8971 -23.75 9.5
      vertex 61.6414 -24.475 9.5
      vertex 61.8178 -24.8328 9.5
    endloop
  endfacet
  facet normal 0 0 1
    outer loop
      vertex 62.5701 -23.2606 9.5
      vertex 61.4197 -24.1433 9.5
      vertex 61.6414 -24.475 9.5
    endloop
  endfacet
  facet normal 0 0 1
    outer loop
      vertex 60.8567 -23.5803 9.5
      vertex 61.7394 -22.4299 9.5
      vertex 61.25 -22.1029 9.5
    endloop
  endfacet
  facet normal 0 0 1
    outer loop
      vertex 62.182 -22.818 9.5
      vertex 61.1567 -23.8433 9.5
      vertex 61.4197 -24.1433 9.5
    endloop
  endfacet
  facet normal 0 0 1
    outer loop
      vertex 61.7394 -22.4299 9.5
      vertex 60.8567 -23.5803 9.5
      vertex 61.1567 -23.8433 9.5
    endloop
  endfacet
  facet normal 0 0 1
    outer loop
      vertex 60.525 -23.3586 9.5
      vertex 61.25 -22.1029 9.5
      vertex 60.7221 -21.8425 9.5
    endloop
  endfacet
  facet normal 0 0 1
    outer loop
      vertex 61.25 -22.1029 9.5
      vertex 60.525 -23.3586 9.5
      vertex 60.8567 -23.5803 9.5
    endloop
  endfacet
  facet normal 0 0 1
    outer loop
      vertex 60.7221 -21.8425 9.5
      vertex 60.1672 -23.1822 9.5
      vertex 60.525 -23.3586 9.5
    endloop
  endfacet
  facet normal 0 0 1
    outer loop
      vertex 60.1647 -21.6533 9.5
      vertex 60.1672 -23.1822 9.5
      vertex 60.7221 -21.8425 9.5
    endloop
  endfacet
  facet normal 0 0 1
    outer loop
      vertex 60.1647 -21.6533 9.5
      vertex 59.7894 -23.0539 9.5
      vertex 60.1672 -23.1822 9.5
    endloop
  endfacet
  facet normal 0 0 1
    outer loop
      vertex 59.5874 -21.5385 9.5
      vertex 59.7894 -23.0539 9.5
      vertex 60.1647 -21.6533 9.5
    endloop
  endfacet
  facet normal 0 0 1
    outer loop
      vertex 59.5874 -21.5385 9.5
      vertex 59.3981 -22.9761 9.5
      vertex 59.7894 -23.0539 9.5
    endloop
  endfacet
  facet normal 0 0 1
    outer loop
      vertex 59 -21.5 9.5
      vertex 59.3981 -22.9761 9.5
      vertex 59.5874 -21.5385 9.5
    endloop
  endfacet
  facet normal 0 0 1
    outer loop
      vertex 59 -21.5 9.5
      vertex 59 -22.95 9.5
      vertex 59.3981 -22.9761 9.5
    endloop
  endfacet
  facet normal 0 0 1
    outer loop
      vertex 59 -21.5 9.5
      vertex 58.6019 -22.9761 9.5
      vertex 59 -22.95 9.5
    endloop
  endfacet
  facet normal -0 0 1
    outer loop
      vertex 58.4126 -21.5385 9.5
      vertex 58.6019 -22.9761 9.5
      vertex 59 -21.5 9.5
    endloop
  endfacet
  facet normal 0 0 1
    outer loop
      vertex 58.4126 -21.5385 9.5
      vertex 58.2106 -23.0539 9.5
      vertex 58.6019 -22.9761 9.5
    endloop
  endfacet
  facet normal -0 0 1
    outer loop
      vertex 57.8353 -21.6533 9.5
      vertex 58.2106 -23.0539 9.5
      vertex 58.4126 -21.5385 9.5
    endloop
  endfacet
  facet normal 0 0 1
    outer loop
      vertex 57.8353 -21.6533 9.5
      vertex 57.8328 -23.1822 9.5
      vertex 58.2106 -23.0539 9.5
    endloop
  endfacet
  facet normal -0 0 1
    outer loop
      vertex 57.2779 -21.8425 9.5
      vertex 57.8328 -23.1822 9.5
      vertex 57.8353 -21.6533 9.5
    endloop
  endfacet
  facet normal 0 0 1
    outer loop
      vertex 57.8328 -23.1822 9.5
      vertex 57.2779 -21.8425 9.5
      vertex 57.475 -23.3586 9.5
    endloop
  endfacet
  facet normal -0 0 1
    outer loop
      vertex 56.75 -22.1029 9.5
      vertex 57.475 -23.3586 9.5
      vertex 57.2779 -21.8425 9.5
    endloop
  endfacet
  facet normal 0 0 1
    outer loop
      vertex 57.475 -23.3586 9.5
      vertex 56.75 -22.1029 9.5
      vertex 57.1433 -23.5803 9.5
    endloop
  endfacet
  facet normal -0 0 1
    outer loop
      vertex 56.2606 -22.4299 9.5
      vertex 57.1433 -23.5803 9.5
      vertex 56.75 -22.1029 9.5
    endloop
  endfacet
  facet normal 0 0 1
    outer loop
      vertex 57.1433 -23.5803 9.5
      vertex 56.2606 -22.4299 9.5
      vertex 56.8433 -23.8433 9.5
    endloop
  endfacet
  facet normal -0 0 1
    outer loop
      vertex 55.818 -22.818 9.5
      vertex 56.8433 -23.8433 9.5
      vertex 56.2606 -22.4299 9.5
    endloop
  endfacet
  facet normal 0 0 1
    outer loop
      vertex 56.8433 -23.8433 9.5
      vertex 55.818 -22.818 9.5
      vertex 56.5803 -24.1433 9.5
    endloop
  endfacet
  facet normal -0 0 1
    outer loop
      vertex 55.4299 -23.2606 9.5
      vertex 56.5803 -24.1433 9.5
      vertex 55.818 -22.818 9.5
    endloop
  endfacet
  facet normal 0 0 1
    outer loop
      vertex 56.5803 -24.1433 9.5
      vertex 55.4299 -23.2606 9.5
      vertex 56.3586 -24.475 9.5
    endloop
  endfacet
  facet normal -0 0 1
    outer loop
      vertex 55.1029 -23.75 9.5
      vertex 56.3586 -24.475 9.5
      vertex 55.4299 -23.2606 9.5
    endloop
  endfacet
  facet normal -0 0 1
    outer loop
      vertex 54.8425 -24.2779 9.5
      vertex 56.1822 -24.8328 9.5
      vertex 55.1029 -23.75 9.5
    endloop
  endfacet
  facet normal 0 0 1
    outer loop
      vertex 56.3586 -24.475 9.5
      vertex 55.1029 -23.75 9.5
      vertex 56.1822 -24.8328 9.5
    endloop
  endfacet
  facet normal 0 0 1
    outer loop
      vertex 63.1575 -27.7221 9.5
      vertex 61.8178 -27.1672 9.5
      vertex 62.8971 -28.25 9.5
    endloop
  endfacet
  facet normal -0 0 1
    outer loop
      vertex 61.6414 -27.525 9.5
      vertex 62.8971 -28.25 9.5
      vertex 61.8178 -27.1672 9.5
    endloop
  endfacet
  facet normal 0 0 1
    outer loop
      vertex 62.8971 -28.25 9.5
      vertex 61.6414 -27.525 9.5
      vertex 62.5701 -28.7394 9.5
    endloop
  endfacet
  facet normal -0 0 1
    outer loop
      vertex 61.4197 -27.8567 9.5
      vertex 62.5701 -28.7394 9.5
      vertex 61.6414 -27.525 9.5
    endloop
  endfacet
  facet normal 0 0 1
    outer loop
      vertex 62.5701 -28.7394 9.5
      vertex 61.4197 -27.8567 9.5
      vertex 62.182 -29.182 9.5
    endloop
  endfacet
  facet normal -0 0 1
    outer loop
      vertex 61.1567 -28.1567 9.5
      vertex 62.182 -29.182 9.5
      vertex 61.4197 -27.8567 9.5
    endloop
  endfacet
  facet normal 0 0 1
    outer loop
      vertex 62.182 -29.182 9.5
      vertex 61.1567 -28.1567 9.5
      vertex 61.7394 -29.5701 9.5
    endloop
  endfacet
  facet normal -0 0 1
    outer loop
      vertex 60.8567 -28.4197 9.5
      vertex 61.7394 -29.5701 9.5
      vertex 61.1567 -28.1567 9.5
    endloop
  endfacet
  facet normal 0 0 1
    outer loop
      vertex 61.7394 -29.5701 9.5
      vertex 60.8567 -28.4197 9.5
      vertex 61.25 -29.8971 9.5
    endloop
  endfacet
  facet normal -0 0 1
    outer loop
      vertex 60.525 -28.6414 9.5
      vertex 61.25 -29.8971 9.5
      vertex 60.8567 -28.4197 9.5
    endloop
  endfacet
  facet normal 0 0 1
    outer loop
      vertex 61.25 -29.8971 9.5
      vertex 60.525 -28.6414 9.5
      vertex 60.7221 -30.1575 9.5
    endloop
  endfacet
  facet normal -0 0 1
    outer loop
      vertex 60.1672 -28.8178 9.5
      vertex 60.7221 -30.1575 9.5
      vertex 60.525 -28.6414 9.5
    endloop
  endfacet
  facet normal 0 0 1
    outer loop
      vertex 60.1672 -28.8178 9.5
      vertex 60.1647 -30.3467 9.5
      vertex 60.7221 -30.1575 9.5
    endloop
  endfacet
  facet normal -0 0 1
    outer loop
      vertex 59.7894 -28.9461 9.5
      vertex 60.1647 -30.3467 9.5
      vertex 60.1672 -28.8178 9.5
    endloop
  endfacet
  facet normal 0 0 1
    outer loop
      vertex 59.7894 -28.9461 9.5
      vertex 59.5874 -30.4615 9.5
      vertex 60.1647 -30.3467 9.5
    endloop
  endfacet
  facet normal -0 0 1
    outer loop
      vertex 59.3981 -29.0239 9.5
      vertex 59.5874 -30.4615 9.5
      vertex 59.7894 -28.9461 9.5
    endloop
  endfacet
  facet normal -0 0 1
    outer loop
      vertex 59 -29.05 9.5
      vertex 59.5874 -30.4615 9.5
      vertex 59.3981 -29.0239 9.5
    endloop
  endfacet
  facet normal 0 0 1
    outer loop
      vertex 59 -29.05 9.5
      vertex 59 -30.5 9.5
      vertex 59.5874 -30.4615 9.5
    endloop
  endfacet
  facet normal 0 0 1
    outer loop
      vertex 58.6019 -29.0239 9.5
      vertex 59 -30.5 9.5
      vertex 59 -29.05 9.5
    endloop
  endfacet
  facet normal 0 0 1
    outer loop
      vertex 58.6019 -29.0239 9.5
      vertex 58.4126 -30.4615 9.5
      vertex 59 -30.5 9.5
    endloop
  endfacet
  facet normal 0 0 1
    outer loop
      vertex 58.2106 -28.9461 9.5
      vertex 58.4126 -30.4615 9.5
      vertex 58.6019 -29.0239 9.5
    endloop
  endfacet
  facet normal 0 0 1
    outer loop
      vertex 58.2106 -28.9461 9.5
      vertex 57.8353 -30.3467 9.5
      vertex 58.4126 -30.4615 9.5
    endloop
  endfacet
  facet normal 0 0 1
    outer loop
      vertex 57.8328 -28.8178 9.5
      vertex 57.8353 -30.3467 9.5
      vertex 58.2106 -28.9461 9.5
    endloop
  endfacet
  facet normal 0 0 1
    outer loop
      vertex 57.2779 -30.1575 9.5
      vertex 57.8328 -28.8178 9.5
      vertex 57.475 -28.6414 9.5
    endloop
  endfacet
  facet normal 0 0 1
    outer loop
      vertex 57.8328 -28.8178 9.5
      vertex 57.2779 -30.1575 9.5
      vertex 57.8353 -30.3467 9.5
    endloop
  endfacet
  facet normal 0 0 1
    outer loop
      vertex 56.75 -29.8971 9.5
      vertex 57.475 -28.6414 9.5
      vertex 57.1433 -28.4197 9.5
    endloop
  endfacet
  facet normal 0 0 1
    outer loop
      vertex 56.2606 -29.5701 9.5
      vertex 57.1433 -28.4197 9.5
      vertex 56.8433 -28.1567 9.5
    endloop
  endfacet
  facet normal 0 0 1
    outer loop
      vertex 57.475 -28.6414 9.5
      vertex 56.75 -29.8971 9.5
      vertex 57.2779 -30.1575 9.5
    endloop
  endfacet
  facet normal 0 0 1
    outer loop
      vertex 55.818 -29.182 9.5
      vertex 56.8433 -28.1567 9.5
      vertex 56.5803 -27.8567 9.5
    endloop
  endfacet
  facet normal 0 0 1
    outer loop
      vertex 55.4299 -28.7394 9.5
      vertex 56.5803 -27.8567 9.5
      vertex 56.3586 -27.525 9.5
    endloop
  endfacet
  facet normal 0 0 1
    outer loop
      vertex 57.1433 -28.4197 9.5
      vertex 56.2606 -29.5701 9.5
      vertex 56.75 -29.8971 9.5
    endloop
  endfacet
  facet normal 0 0 1
    outer loop
      vertex 55.1029 -28.25 9.5
      vertex 56.3586 -27.525 9.5
      vertex 56.1822 -27.1672 9.5
    endloop
  endfacet
  facet normal 0 0 1
    outer loop
      vertex 54.8425 -27.7221 9.5
      vertex 56.1822 -27.1672 9.5
      vertex 56.0539 -26.7894 9.5
    endloop
  endfacet
  facet normal 0 0 1
    outer loop
      vertex 54.6533 -27.1647 9.5
      vertex 56.0539 -26.7894 9.5
      vertex 55.9761 -26.3981 9.5
    endloop
  endfacet
  facet normal 0 0 1
    outer loop
      vertex 56.8433 -28.1567 9.5
      vertex 55.818 -29.182 9.5
      vertex 56.2606 -29.5701 9.5
    endloop
  endfacet
  facet normal 0 0 1
    outer loop
      vertex 54.5385 -26.5874 9.5
      vertex 55.9761 -26.3981 9.5
      vertex 55.95 -26 9.5
    endloop
  endfacet
  facet normal 0 0 1
    outer loop
      vertex 56.1822 -24.8328 9.5
      vertex 54.8425 -24.2779 9.5
      vertex 56.0539 -25.2106 9.5
    endloop
  endfacet
  facet normal -0 0 1
    outer loop
      vertex 54.6533 -24.8353 9.5
      vertex 56.0539 -25.2106 9.5
      vertex 54.8425 -24.2779 9.5
    endloop
  endfacet
  facet normal 0 0 1
    outer loop
      vertex 56.5803 -27.8567 9.5
      vertex 55.4299 -28.7394 9.5
      vertex 55.818 -29.182 9.5
    endloop
  endfacet
  facet normal 0 0 1
    outer loop
      vertex 56.0539 -25.2106 9.5
      vertex 54.6533 -24.8353 9.5
      vertex 55.9761 -25.6019 9.5
    endloop
  endfacet
  facet normal 0 0 1
    outer loop
      vertex 56.3586 -27.525 9.5
      vertex 55.1029 -28.25 9.5
      vertex 55.4299 -28.7394 9.5
    endloop
  endfacet
  facet normal -0 0 1
    outer loop
      vertex 54.5385 -25.4126 9.5
      vertex 55.9761 -25.6019 9.5
      vertex 54.6533 -24.8353 9.5
    endloop
  endfacet
  facet normal 0 0 1
    outer loop
      vertex 56.1822 -27.1672 9.5
      vertex 54.8425 -27.7221 9.5
      vertex 55.1029 -28.25 9.5
    endloop
  endfacet
  facet normal 0 0 1
    outer loop
      vertex 55.9761 -25.6019 9.5
      vertex 54.5385 -25.4126 9.5
      vertex 55.95 -26 9.5
    endloop
  endfacet
  facet normal 0 0 1
    outer loop
      vertex 56.0539 -26.7894 9.5
      vertex 54.6533 -27.1647 9.5
      vertex 54.8425 -27.7221 9.5
    endloop
  endfacet
  facet normal 0 0 1
    outer loop
      vertex 54.5 -26 9.5
      vertex 55.95 -26 9.5
      vertex 54.5385 -25.4126 9.5
    endloop
  endfacet
  facet normal 0 0 1
    outer loop
      vertex 55.9761 -26.3981 9.5
      vertex 54.5385 -26.5874 9.5
      vertex 54.6533 -27.1647 9.5
    endloop
  endfacet
  facet normal 0 0 1
    outer loop
      vertex 55.95 -26 9.5
      vertex 54.5 -26 9.5
      vertex 54.5385 -26.5874 9.5
    endloop
  endfacet
  facet normal -0.195038 -0.980796 0
    outer loop
      vertex 57.8353 -30.3467 2.4
      vertex 58.4126 -30.4615 9.5
      vertex 57.8353 -30.3467 9.5
    endloop
  endfacet
  facet normal -0.195038 -0.980796 -0
    outer loop
      vertex 58.4126 -30.4615 9.5
      vertex 57.8353 -30.3467 2.4
      vertex 58.4126 -30.4615 2.4
    endloop
  endfacet
  facet normal -0.659298 -0.751882 0
    outer loop
      vertex 55.818 -29.182 2.4
      vertex 56.2606 -29.5701 9.5
      vertex 55.818 -29.182 9.5
    endloop
  endfacet
  facet normal -0.659298 -0.751882 -0
    outer loop
      vertex 56.2606 -29.5701 9.5
      vertex 55.818 -29.182 2.4
      vertex 56.2606 -29.5701 2.4
    endloop
  endfacet
  facet normal 0.980796 0.195038 0
    outer loop
      vertex -65.5385 -50.4126 27
      vertex -65.6533 -49.8353 2.4
      vertex -65.6533 -49.8353 27
    endloop
  endfacet
  facet normal 0.980796 0.195038 0
    outer loop
      vertex -65.6533 -49.8353 2.4
      vertex -65.5385 -50.4126 27
      vertex -65.5385 -50.4126 2.4
    endloop
  endfacet
  facet normal 0.997859 0.0654027 0
    outer loop
      vertex -65.5 -51 27
      vertex -65.5385 -50.4126 2.4
      vertex -65.5385 -50.4126 27
    endloop
  endfacet
  facet normal 0.997859 0.0654027 0
    outer loop
      vertex -65.5385 -50.4126 2.4
      vertex -65.5 -51 27
      vertex -65.5 -51 2.4
    endloop
  endfacet
  facet normal 0.946936 0.321421 0
    outer loop
      vertex -65.6533 -49.8353 27
      vertex -65.8425 -49.2779 2.4
      vertex -65.8425 -49.2779 27
    endloop
  endfacet
  facet normal 0.946936 0.321421 0
    outer loop
      vertex -65.8425 -49.2779 2.4
      vertex -65.6533 -49.8353 27
      vertex -65.6533 -49.8353 2.4
    endloop
  endfacet
  facet normal 0.659298 -0.751882 0
    outer loop
      vertex -67.2606 -54.5701 2.4
      vertex -66.818 -54.182 27
      vertex -67.2606 -54.5701 27
    endloop
  endfacet
  facet normal 0.659298 -0.751882 0
    outer loop
      vertex -66.818 -54.182 27
      vertex -67.2606 -54.5701 2.4
      vertex -66.818 -54.182 2.4
    endloop
  endfacet
  facet normal 0.442382 -0.896827 0
    outer loop
      vertex -68.2779 -55.1575 2.4
      vertex -67.75 -54.8971 27
      vertex -68.2779 -55.1575 27
    endloop
  endfacet
  facet normal 0.442382 -0.896827 0
    outer loop
      vertex -67.75 -54.8971 27
      vertex -68.2779 -55.1575 2.4
      vertex -67.75 -54.8971 2.4
    endloop
  endfacet
  facet normal 0.0654027 -0.997859 0
    outer loop
      vertex -70 -55.5 2.4
      vertex -69.4126 -55.4615 27
      vertex -70 -55.5 27
    endloop
  endfacet
  facet normal 0.0654027 -0.997859 0
    outer loop
      vertex -69.4126 -55.4615 27
      vertex -70 -55.5 2.4
      vertex -69.4126 -55.4615 2.4
    endloop
  endfacet
  facet normal -0.321421 0.946936 0
    outer loop
      vertex -71.1647 -46.6533 2.4
      vertex -71.7221 -46.8425 27
      vertex -71.1647 -46.6533 27
    endloop
  endfacet
  facet normal -0.321421 0.946936 0
    outer loop
      vertex -71.7221 -46.8425 27
      vertex -71.1647 -46.6533 2.4
      vertex -71.7221 -46.8425 2.4
    endloop
  endfacet
  facet normal -0.442382 -0.896827 0
    outer loop
      vertex -72.25 -54.8971 2.4
      vertex -71.7221 -55.1575 27
      vertex -72.25 -54.8971 27
    endloop
  endfacet
  facet normal -0.442382 -0.896827 -0
    outer loop
      vertex -71.7221 -55.1575 27
      vertex -72.25 -54.8971 2.4
      vertex -71.7221 -55.1575 2.4
    endloop
  endfacet
  facet normal 0.659298 0.751882 -0
    outer loop
      vertex -66.818 -47.818 2.4
      vertex -67.2606 -47.4299 27
      vertex -66.818 -47.818 27
    endloop
  endfacet
  facet normal 0.659298 0.751882 0
    outer loop
      vertex -67.2606 -47.4299 27
      vertex -66.818 -47.818 2.4
      vertex -67.2606 -47.4299 2.4
    endloop
  endfacet
  facet normal 0.896827 -0.442382 0
    outer loop
      vertex -66.1029 -53.25 27
      vertex -65.8425 -52.7221 2.4
      vertex -65.8425 -52.7221 27
    endloop
  endfacet
  facet normal 0.896827 -0.442382 0
    outer loop
      vertex -65.8425 -52.7221 2.4
      vertex -66.1029 -53.25 27
      vertex -66.1029 -53.25 2.4
    endloop
  endfacet
  facet normal 0.321421 -0.946936 0
    outer loop
      vertex -68.8353 -55.3467 2.4
      vertex -68.2779 -55.1575 27
      vertex -68.8353 -55.3467 27
    endloop
  endfacet
  facet normal 0.321421 -0.946936 0
    outer loop
      vertex -68.2779 -55.1575 27
      vertex -68.8353 -55.3467 2.4
      vertex -68.2779 -55.1575 2.4
    endloop
  endfacet
  facet normal 0.896827 0.442382 0
    outer loop
      vertex -65.8425 -49.2779 27
      vertex -66.1029 -48.75 2.4
      vertex -66.1029 -48.75 27
    endloop
  endfacet
  facet normal 0.896827 0.442382 0
    outer loop
      vertex -66.1029 -48.75 2.4
      vertex -65.8425 -49.2779 27
      vertex -65.8425 -49.2779 2.4
    endloop
  endfacet
  facet normal -0.980796 0.195038 0
    outer loop
      vertex -74.4615 -50.4126 2.4
      vertex -74.3467 -49.8353 27
      vertex -74.3467 -49.8353 2.4
    endloop
  endfacet
  facet normal -0.980796 0.195038 0
    outer loop
      vertex -74.3467 -49.8353 27
      vertex -74.4615 -50.4126 2.4
      vertex -74.4615 -50.4126 27
    endloop
  endfacet
  facet normal 0.195038 -0.980796 0
    outer loop
      vertex -69.4126 -55.4615 2.4
      vertex -68.8353 -55.3467 27
      vertex -69.4126 -55.4615 27
    endloop
  endfacet
  facet normal 0.195038 -0.980796 0
    outer loop
      vertex -68.8353 -55.3467 27
      vertex -69.4126 -55.4615 2.4
      vertex -68.8353 -55.3467 2.4
    endloop
  endfacet
  facet normal 0.321421 0.946936 -0
    outer loop
      vertex -68.2779 -46.8425 2.4
      vertex -68.8353 -46.6533 27
      vertex -68.2779 -46.8425 27
    endloop
  endfacet
  facet normal 0.321421 0.946936 0
    outer loop
      vertex -68.8353 -46.6533 27
      vertex -68.2779 -46.8425 2.4
      vertex -68.8353 -46.6533 2.4
    endloop
  endfacet
  facet normal -0.997859 -0.0654027 0
    outer loop
      vertex -74.4615 -51.5874 2.4
      vertex -74.5 -51 27
      vertex -74.5 -51 2.4
    endloop
  endfacet
  facet normal -0.997859 -0.0654027 0
    outer loop
      vertex -74.5 -51 27
      vertex -74.4615 -51.5874 2.4
      vertex -74.4615 -51.5874 27
    endloop
  endfacet
  facet normal 0.0654027 0.997859 -0
    outer loop
      vertex -69.4126 -46.5385 2.4
      vertex -70 -46.5 27
      vertex -69.4126 -46.5385 27
    endloop
  endfacet
  facet normal 0.0654027 0.997859 0
    outer loop
      vertex -70 -46.5 27
      vertex -69.4126 -46.5385 2.4
      vertex -70 -46.5 2.4
    endloop
  endfacet
  facet normal -0.751882 -0.659298 0
    outer loop
      vertex -73.182 -54.182 2.4
      vertex -73.5701 -53.7394 27
      vertex -73.5701 -53.7394 2.4
    endloop
  endfacet
  facet normal -0.751882 -0.659298 0
    outer loop
      vertex -73.5701 -53.7394 27
      vertex -73.182 -54.182 2.4
      vertex -73.182 -54.182 27
    endloop
  endfacet
  facet normal -0.659298 0.751882 0
    outer loop
      vertex -72.7394 -47.4299 2.4
      vertex -73.182 -47.818 27
      vertex -72.7394 -47.4299 27
    endloop
  endfacet
  facet normal -0.659298 0.751882 0
    outer loop
      vertex -73.182 -47.818 27
      vertex -72.7394 -47.4299 2.4
      vertex -73.182 -47.818 2.4
    endloop
  endfacet
  facet normal -0.946936 0.321421 0
    outer loop
      vertex -74.3467 -49.8353 2.4
      vertex -74.1575 -49.2779 27
      vertex -74.1575 -49.2779 2.4
    endloop
  endfacet
  facet normal -0.946936 0.321421 0
    outer loop
      vertex -74.1575 -49.2779 27
      vertex -74.3467 -49.8353 2.4
      vertex -74.3467 -49.8353 27
    endloop
  endfacet
  facet normal -0.896827 0.442382 0
    outer loop
      vertex -74.1575 -49.2779 2.4
      vertex -73.8971 -48.75 27
      vertex -73.8971 -48.75 2.4
    endloop
  endfacet
  facet normal -0.896827 0.442382 0
    outer loop
      vertex -73.8971 -48.75 27
      vertex -74.1575 -49.2779 2.4
      vertex -74.1575 -49.2779 27
    endloop
  endfacet
  facet normal -0.555562 0.831475 0
    outer loop
      vertex -72.25 -47.1029 2.4
      vertex -72.7394 -47.4299 27
      vertex -72.25 -47.1029 27
    endloop
  endfacet
  facet normal -0.555562 0.831475 0
    outer loop
      vertex -72.7394 -47.4299 27
      vertex -72.25 -47.1029 2.4
      vertex -72.7394 -47.4299 2.4
    endloop
  endfacet
  facet normal -0.946936 -0.321421 0
    outer loop
      vertex -74.1575 -52.7221 2.4
      vertex -74.3467 -52.1647 27
      vertex -74.3467 -52.1647 2.4
    endloop
  endfacet
  facet normal -0.946936 -0.321421 0
    outer loop
      vertex -74.3467 -52.1647 27
      vertex -74.1575 -52.7221 2.4
      vertex -74.1575 -52.7221 27
    endloop
  endfacet
  facet normal -0.195038 0.980796 0
    outer loop
      vertex -70.5874 -46.5385 2.4
      vertex -71.1647 -46.6533 27
      vertex -70.5874 -46.5385 27
    endloop
  endfacet
  facet normal -0.195038 0.980796 0
    outer loop
      vertex -71.1647 -46.6533 27
      vertex -70.5874 -46.5385 2.4
      vertex -71.1647 -46.6533 2.4
    endloop
  endfacet
  facet normal -0.831475 -0.555562 0
    outer loop
      vertex -73.5701 -53.7394 2.4
      vertex -73.8971 -53.25 27
      vertex -73.8971 -53.25 2.4
    endloop
  endfacet
  facet normal -0.831475 -0.555562 0
    outer loop
      vertex -73.8971 -53.25 27
      vertex -73.5701 -53.7394 2.4
      vertex -73.5701 -53.7394 27
    endloop
  endfacet
  facet normal 0.751882 -0.659298 0
    outer loop
      vertex -66.818 -54.182 27
      vertex -66.4299 -53.7394 2.4
      vertex -66.4299 -53.7394 27
    endloop
  endfacet
  facet normal 0.751882 -0.659298 0
    outer loop
      vertex -66.4299 -53.7394 2.4
      vertex -66.818 -54.182 27
      vertex -66.818 -54.182 2.4
    endloop
  endfacet
  facet normal 0.555562 -0.831475 0
    outer loop
      vertex -67.75 -54.8971 2.4
      vertex -67.2606 -54.5701 27
      vertex -67.75 -54.8971 27
    endloop
  endfacet
  facet normal 0.555562 -0.831475 0
    outer loop
      vertex -67.2606 -54.5701 27
      vertex -67.75 -54.8971 2.4
      vertex -67.2606 -54.5701 2.4
    endloop
  endfacet
  facet normal 0.997859 -0.0654027 0
    outer loop
      vertex -65.5385 -51.5874 27
      vertex -65.5 -51 2.4
      vertex -65.5 -51 27
    endloop
  endfacet
  facet normal 0.997859 -0.0654027 0
    outer loop
      vertex -65.5 -51 2.4
      vertex -65.5385 -51.5874 27
      vertex -65.5385 -51.5874 2.4
    endloop
  endfacet
  facet normal 0.442382 0.896827 -0
    outer loop
      vertex -67.75 -47.1029 2.4
      vertex -68.2779 -46.8425 27
      vertex -67.75 -47.1029 27
    endloop
  endfacet
  facet normal 0.442382 0.896827 0
    outer loop
      vertex -68.2779 -46.8425 27
      vertex -67.75 -47.1029 2.4
      vertex -68.2779 -46.8425 2.4
    endloop
  endfacet
  facet normal 0.555562 0.831475 -0
    outer loop
      vertex -67.2606 -47.4299 2.4
      vertex -67.75 -47.1029 27
      vertex -67.2606 -47.4299 27
    endloop
  endfacet
  facet normal 0.555562 0.831475 0
    outer loop
      vertex -67.75 -47.1029 27
      vertex -67.2606 -47.4299 2.4
      vertex -67.75 -47.1029 2.4
    endloop
  endfacet
  facet normal 0.195038 0.980796 -0
    outer loop
      vertex -68.8353 -46.6533 2.4
      vertex -69.4126 -46.5385 27
      vertex -68.8353 -46.6533 27
    endloop
  endfacet
  facet normal 0.195038 0.980796 0
    outer loop
      vertex -69.4126 -46.5385 27
      vertex -68.8353 -46.6533 2.4
      vertex -69.4126 -46.5385 2.4
    endloop
  endfacet
  facet normal -0.659298 -0.751882 0
    outer loop
      vertex -73.182 -54.182 2.4
      vertex -72.7394 -54.5701 27
      vertex -73.182 -54.182 27
    endloop
  endfacet
  facet normal -0.659298 -0.751882 -0
    outer loop
      vertex -72.7394 -54.5701 27
      vertex -73.182 -54.182 2.4
      vertex -72.7394 -54.5701 2.4
    endloop
  endfacet
  facet normal 0.751882 0.659298 0
    outer loop
      vertex -66.4299 -48.2606 27
      vertex -66.818 -47.818 2.4
      vertex -66.818 -47.818 27
    endloop
  endfacet
  facet normal 0.751882 0.659298 0
    outer loop
      vertex -66.818 -47.818 2.4
      vertex -66.4299 -48.2606 27
      vertex -66.4299 -48.2606 2.4
    endloop
  endfacet
  facet normal 0.831475 0.555562 0
    outer loop
      vertex -66.1029 -48.75 27
      vertex -66.4299 -48.2606 2.4
      vertex -66.4299 -48.2606 27
    endloop
  endfacet
  facet normal 0.831475 0.555562 0
    outer loop
      vertex -66.4299 -48.2606 2.4
      vertex -66.1029 -48.75 27
      vertex -66.1029 -48.75 2.4
    endloop
  endfacet
  facet normal -0.751882 0.659298 0
    outer loop
      vertex -73.5701 -48.2606 2.4
      vertex -73.182 -47.818 27
      vertex -73.182 -47.818 2.4
    endloop
  endfacet
  facet normal -0.751882 0.659298 0
    outer loop
      vertex -73.182 -47.818 27
      vertex -73.5701 -48.2606 2.4
      vertex -73.5701 -48.2606 27
    endloop
  endfacet
  facet normal -0.896827 -0.442382 0
    outer loop
      vertex -73.8971 -53.25 2.4
      vertex -74.1575 -52.7221 27
      vertex -74.1575 -52.7221 2.4
    endloop
  endfacet
  facet normal -0.896827 -0.442382 0
    outer loop
      vertex -74.1575 -52.7221 27
      vertex -73.8971 -53.25 2.4
      vertex -73.8971 -53.25 27
    endloop
  endfacet
  facet normal 0.980796 -0.195038 0
    outer loop
      vertex -65.6533 -52.1647 27
      vertex -65.5385 -51.5874 2.4
      vertex -65.5385 -51.5874 27
    endloop
  endfacet
  facet normal 0.980796 -0.195038 0
    outer loop
      vertex -65.5385 -51.5874 2.4
      vertex -65.6533 -52.1647 27
      vertex -65.6533 -52.1647 2.4
    endloop
  endfacet
  facet normal 0.946936 -0.321421 0
    outer loop
      vertex -65.8425 -52.7221 27
      vertex -65.6533 -52.1647 2.4
      vertex -65.6533 -52.1647 27
    endloop
  endfacet
  facet normal 0.946936 -0.321421 0
    outer loop
      vertex -65.6533 -52.1647 2.4
      vertex -65.8425 -52.7221 27
      vertex -65.8425 -52.7221 2.4
    endloop
  endfacet
  facet normal -0.442382 0.896827 0
    outer loop
      vertex -71.7221 -46.8425 2.4
      vertex -72.25 -47.1029 27
      vertex -71.7221 -46.8425 27
    endloop
  endfacet
  facet normal -0.442382 0.896827 0
    outer loop
      vertex -72.25 -47.1029 27
      vertex -71.7221 -46.8425 2.4
      vertex -72.25 -47.1029 2.4
    endloop
  endfacet
  facet normal 0.831475 -0.555562 0
    outer loop
      vertex -66.4299 -53.7394 27
      vertex -66.1029 -53.25 2.4
      vertex -66.1029 -53.25 27
    endloop
  endfacet
  facet normal 0.831475 -0.555562 0
    outer loop
      vertex -66.1029 -53.25 2.4
      vertex -66.4299 -53.7394 27
      vertex -66.4299 -53.7394 2.4
    endloop
  endfacet
  facet normal -0.555562 -0.831475 0
    outer loop
      vertex -72.7394 -54.5701 2.4
      vertex -72.25 -54.8971 27
      vertex -72.7394 -54.5701 27
    endloop
  endfacet
  facet normal -0.555562 -0.831475 -0
    outer loop
      vertex -72.25 -54.8971 27
      vertex -72.7394 -54.5701 2.4
      vertex -72.25 -54.8971 2.4
    endloop
  endfacet
  facet normal -0.0654027 -0.997859 0
    outer loop
      vertex -70.5874 -55.4615 2.4
      vertex -70 -55.5 27
      vertex -70.5874 -55.4615 27
    endloop
  endfacet
  facet normal -0.0654027 -0.997859 -0
    outer loop
      vertex -70 -55.5 27
      vertex -70.5874 -55.4615 2.4
      vertex -70 -55.5 2.4
    endloop
  endfacet
  facet normal -0.980796 -0.195038 0
    outer loop
      vertex -74.3467 -52.1647 2.4
      vertex -74.4615 -51.5874 27
      vertex -74.4615 -51.5874 2.4
    endloop
  endfacet
  facet normal -0.980796 -0.195038 0
    outer loop
      vertex -74.4615 -51.5874 27
      vertex -74.3467 -52.1647 2.4
      vertex -74.3467 -52.1647 27
    endloop
  endfacet
  facet normal -0.997859 0.0654027 0
    outer loop
      vertex -74.5 -51 2.4
      vertex -74.4615 -50.4126 27
      vertex -74.4615 -50.4126 2.4
    endloop
  endfacet
  facet normal -0.997859 0.0654027 0
    outer loop
      vertex -74.4615 -50.4126 27
      vertex -74.5 -51 2.4
      vertex -74.5 -51 27
    endloop
  endfacet
  facet normal -0.321421 -0.946936 0
    outer loop
      vertex -71.7221 -55.1575 2.4
      vertex -71.1647 -55.3467 27
      vertex -71.7221 -55.1575 27
    endloop
  endfacet
  facet normal -0.321421 -0.946936 -0
    outer loop
      vertex -71.1647 -55.3467 27
      vertex -71.7221 -55.1575 2.4
      vertex -71.1647 -55.3467 2.4
    endloop
  endfacet
  facet normal 0 0 1
    outer loop
      vertex -66.95 -51 27
      vertex -65.5 -51 27
      vertex -65.5385 -50.4126 27
    endloop
  endfacet
  facet normal 0 0 1
    outer loop
      vertex -66.9761 -50.6019 27
      vertex -65.5385 -50.4126 27
      vertex -65.6533 -49.8353 27
    endloop
  endfacet
  facet normal 0 0 1
    outer loop
      vertex -65.5 -51 27
      vertex -66.95 -51 27
      vertex -65.5385 -51.5874 27
    endloop
  endfacet
  facet normal 0 0 1
    outer loop
      vertex -67.0539 -50.2106 27
      vertex -65.6533 -49.8353 27
      vertex -65.8425 -49.2779 27
    endloop
  endfacet
  facet normal -0 0 1
    outer loop
      vertex -66.9761 -51.3981 27
      vertex -65.5385 -51.5874 27
      vertex -66.95 -51 27
    endloop
  endfacet
  facet normal 0 0 1
    outer loop
      vertex -67.1822 -49.8328 27
      vertex -65.8425 -49.2779 27
      vertex -66.1029 -48.75 27
    endloop
  endfacet
  facet normal 0 0 1
    outer loop
      vertex -65.5385 -51.5874 27
      vertex -66.9761 -51.3981 27
      vertex -65.6533 -52.1647 27
    endloop
  endfacet
  facet normal 0 0 1
    outer loop
      vertex -67.3586 -49.475 27
      vertex -66.1029 -48.75 27
      vertex -66.4299 -48.2606 27
    endloop
  endfacet
  facet normal -0 0 1
    outer loop
      vertex -67.0539 -51.7894 27
      vertex -65.6533 -52.1647 27
      vertex -66.9761 -51.3981 27
    endloop
  endfacet
  facet normal 0 0 1
    outer loop
      vertex -67.5803 -49.1433 27
      vertex -66.4299 -48.2606 27
      vertex -66.818 -47.818 27
    endloop
  endfacet
  facet normal 0 0 1
    outer loop
      vertex -65.6533 -52.1647 27
      vertex -67.0539 -51.7894 27
      vertex -65.8425 -52.7221 27
    endloop
  endfacet
  facet normal -0 0 1
    outer loop
      vertex -67.1822 -52.1672 27
      vertex -65.8425 -52.7221 27
      vertex -67.0539 -51.7894 27
    endloop
  endfacet
  facet normal 0 0 1
    outer loop
      vertex -65.5385 -50.4126 27
      vertex -66.9761 -50.6019 27
      vertex -66.95 -51 27
    endloop
  endfacet
  facet normal 0 0 1
    outer loop
      vertex -65.6533 -49.8353 27
      vertex -67.0539 -50.2106 27
      vertex -66.9761 -50.6019 27
    endloop
  endfacet
  facet normal 0 0 1
    outer loop
      vertex -65.8425 -49.2779 27
      vertex -67.1822 -49.8328 27
      vertex -67.0539 -50.2106 27
    endloop
  endfacet
  facet normal 0 0 1
    outer loop
      vertex -67.8433 -48.8433 27
      vertex -66.818 -47.818 27
      vertex -67.2606 -47.4299 27
    endloop
  endfacet
  facet normal 0 0 1
    outer loop
      vertex -66.1029 -48.75 27
      vertex -67.3586 -49.475 27
      vertex -67.1822 -49.8328 27
    endloop
  endfacet
  facet normal 0 0 1
    outer loop
      vertex -66.4299 -48.2606 27
      vertex -67.5803 -49.1433 27
      vertex -67.3586 -49.475 27
    endloop
  endfacet
  facet normal 0 0 1
    outer loop
      vertex -68.1433 -48.5803 27
      vertex -67.2606 -47.4299 27
      vertex -67.75 -47.1029 27
    endloop
  endfacet
  facet normal 0 0 1
    outer loop
      vertex -66.818 -47.818 27
      vertex -67.8433 -48.8433 27
      vertex -67.5803 -49.1433 27
    endloop
  endfacet
  facet normal 0 0 1
    outer loop
      vertex -67.2606 -47.4299 27
      vertex -68.1433 -48.5803 27
      vertex -67.8433 -48.8433 27
    endloop
  endfacet
  facet normal 0 0 1
    outer loop
      vertex -68.475 -48.3586 27
      vertex -67.75 -47.1029 27
      vertex -68.2779 -46.8425 27
    endloop
  endfacet
  facet normal 0 0 1
    outer loop
      vertex -67.75 -47.1029 27
      vertex -68.475 -48.3586 27
      vertex -68.1433 -48.5803 27
    endloop
  endfacet
  facet normal 0 0 1
    outer loop
      vertex -68.2779 -46.8425 27
      vertex -68.8328 -48.1822 27
      vertex -68.475 -48.3586 27
    endloop
  endfacet
  facet normal 0 0 1
    outer loop
      vertex -68.8353 -46.6533 27
      vertex -68.8328 -48.1822 27
      vertex -68.2779 -46.8425 27
    endloop
  endfacet
  facet normal 0 0 1
    outer loop
      vertex -68.8353 -46.6533 27
      vertex -69.2106 -48.0539 27
      vertex -68.8328 -48.1822 27
    endloop
  endfacet
  facet normal 0 0 1
    outer loop
      vertex -69.4126 -46.5385 27
      vertex -69.2106 -48.0539 27
      vertex -68.8353 -46.6533 27
    endloop
  endfacet
  facet normal 0 0 1
    outer loop
      vertex -69.4126 -46.5385 27
      vertex -69.6019 -47.9761 27
      vertex -69.2106 -48.0539 27
    endloop
  endfacet
  facet normal 0 0 1
    outer loop
      vertex -70 -46.5 27
      vertex -69.6019 -47.9761 27
      vertex -69.4126 -46.5385 27
    endloop
  endfacet
  facet normal 0 0 1
    outer loop
      vertex -70 -46.5 27
      vertex -70 -47.95 27
      vertex -69.6019 -47.9761 27
    endloop
  endfacet
  facet normal 0 0 1
    outer loop
      vertex -70 -46.5 27
      vertex -70.3981 -47.9761 27
      vertex -70 -47.95 27
    endloop
  endfacet
  facet normal -0 0 1
    outer loop
      vertex -70.5874 -46.5385 27
      vertex -70.3981 -47.9761 27
      vertex -70 -46.5 27
    endloop
  endfacet
  facet normal 0 0 1
    outer loop
      vertex -70.5874 -46.5385 27
      vertex -70.7894 -48.0539 27
      vertex -70.3981 -47.9761 27
    endloop
  endfacet
  facet normal -0 0 1
    outer loop
      vertex -71.1647 -46.6533 27
      vertex -70.7894 -48.0539 27
      vertex -70.5874 -46.5385 27
    endloop
  endfacet
  facet normal 0 0 1
    outer loop
      vertex -71.1647 -46.6533 27
      vertex -71.1672 -48.1822 27
      vertex -70.7894 -48.0539 27
    endloop
  endfacet
  facet normal -0 0 1
    outer loop
      vertex -71.7221 -46.8425 27
      vertex -71.1672 -48.1822 27
      vertex -71.1647 -46.6533 27
    endloop
  endfacet
  facet normal 0 0 1
    outer loop
      vertex -71.1672 -48.1822 27
      vertex -71.7221 -46.8425 27
      vertex -71.525 -48.3586 27
    endloop
  endfacet
  facet normal -0 0 1
    outer loop
      vertex -72.25 -47.1029 27
      vertex -71.525 -48.3586 27
      vertex -71.7221 -46.8425 27
    endloop
  endfacet
  facet normal 0 0 1
    outer loop
      vertex -71.525 -48.3586 27
      vertex -72.25 -47.1029 27
      vertex -71.8567 -48.5803 27
    endloop
  endfacet
  facet normal -0 0 1
    outer loop
      vertex -72.7394 -47.4299 27
      vertex -71.8567 -48.5803 27
      vertex -72.25 -47.1029 27
    endloop
  endfacet
  facet normal 0 0 1
    outer loop
      vertex -71.8567 -48.5803 27
      vertex -72.7394 -47.4299 27
      vertex -72.1567 -48.8433 27
    endloop
  endfacet
  facet normal -0 0 1
    outer loop
      vertex -73.182 -47.818 27
      vertex -72.1567 -48.8433 27
      vertex -72.7394 -47.4299 27
    endloop
  endfacet
  facet normal 0 0 1
    outer loop
      vertex -72.1567 -48.8433 27
      vertex -73.182 -47.818 27
      vertex -72.4197 -49.1433 27
    endloop
  endfacet
  facet normal -0 0 1
    outer loop
      vertex -73.5701 -48.2606 27
      vertex -72.4197 -49.1433 27
      vertex -73.182 -47.818 27
    endloop
  endfacet
  facet normal 0 0 1
    outer loop
      vertex -72.4197 -49.1433 27
      vertex -73.5701 -48.2606 27
      vertex -72.6414 -49.475 27
    endloop
  endfacet
  facet normal -0 0 1
    outer loop
      vertex -73.8971 -48.75 27
      vertex -72.6414 -49.475 27
      vertex -73.5701 -48.2606 27
    endloop
  endfacet
  facet normal -0 0 1
    outer loop
      vertex -74.1575 -49.2779 27
      vertex -72.8178 -49.8328 27
      vertex -73.8971 -48.75 27
    endloop
  endfacet
  facet normal 0 0 1
    outer loop
      vertex -72.6414 -49.475 27
      vertex -73.8971 -48.75 27
      vertex -72.8178 -49.8328 27
    endloop
  endfacet
  facet normal 0 0 1
    outer loop
      vertex -65.8425 -52.7221 27
      vertex -67.1822 -52.1672 27
      vertex -66.1029 -53.25 27
    endloop
  endfacet
  facet normal -0 0 1
    outer loop
      vertex -67.3586 -52.525 27
      vertex -66.1029 -53.25 27
      vertex -67.1822 -52.1672 27
    endloop
  endfacet
  facet normal 0 0 1
    outer loop
      vertex -66.1029 -53.25 27
      vertex -67.3586 -52.525 27
      vertex -66.4299 -53.7394 27
    endloop
  endfacet
  facet normal -0 0 1
    outer loop
      vertex -67.5803 -52.8567 27
      vertex -66.4299 -53.7394 27
      vertex -67.3586 -52.525 27
    endloop
  endfacet
  facet normal 0 0 1
    outer loop
      vertex -66.4299 -53.7394 27
      vertex -67.5803 -52.8567 27
      vertex -66.818 -54.182 27
    endloop
  endfacet
  facet normal -0 0 1
    outer loop
      vertex -67.8433 -53.1567 27
      vertex -66.818 -54.182 27
      vertex -67.5803 -52.8567 27
    endloop
  endfacet
  facet normal 0 0 1
    outer loop
      vertex -66.818 -54.182 27
      vertex -67.8433 -53.1567 27
      vertex -67.2606 -54.5701 27
    endloop
  endfacet
  facet normal -0 0 1
    outer loop
      vertex -68.1433 -53.4197 27
      vertex -67.2606 -54.5701 27
      vertex -67.8433 -53.1567 27
    endloop
  endfacet
  facet normal 0 0 1
    outer loop
      vertex -67.2606 -54.5701 27
      vertex -68.1433 -53.4197 27
      vertex -67.75 -54.8971 27
    endloop
  endfacet
  facet normal -0 0 1
    outer loop
      vertex -68.475 -53.6414 27
      vertex -67.75 -54.8971 27
      vertex -68.1433 -53.4197 27
    endloop
  endfacet
  facet normal 0 0 1
    outer loop
      vertex -67.75 -54.8971 27
      vertex -68.475 -53.6414 27
      vertex -68.2779 -55.1575 27
    endloop
  endfacet
  facet normal -0 0 1
    outer loop
      vertex -68.8328 -53.8178 27
      vertex -68.2779 -55.1575 27
      vertex -68.475 -53.6414 27
    endloop
  endfacet
  facet normal 0 0 1
    outer loop
      vertex -68.8328 -53.8178 27
      vertex -68.8353 -55.3467 27
      vertex -68.2779 -55.1575 27
    endloop
  endfacet
  facet normal -0 0 1
    outer loop
      vertex -69.2106 -53.9461 27
      vertex -68.8353 -55.3467 27
      vertex -68.8328 -53.8178 27
    endloop
  endfacet
  facet normal 0 0 1
    outer loop
      vertex -69.2106 -53.9461 27
      vertex -69.4126 -55.4615 27
      vertex -68.8353 -55.3467 27
    endloop
  endfacet
  facet normal -0 0 1
    outer loop
      vertex -69.6019 -54.0239 27
      vertex -69.4126 -55.4615 27
      vertex -69.2106 -53.9461 27
    endloop
  endfacet
  facet normal -0 0 1
    outer loop
      vertex -70 -54.05 27
      vertex -69.4126 -55.4615 27
      vertex -69.6019 -54.0239 27
    endloop
  endfacet
  facet normal 0 0 1
    outer loop
      vertex -70 -54.05 27
      vertex -70 -55.5 27
      vertex -69.4126 -55.4615 27
    endloop
  endfacet
  facet normal 0 0 1
    outer loop
      vertex -70.3981 -54.0239 27
      vertex -70 -55.5 27
      vertex -70 -54.05 27
    endloop
  endfacet
  facet normal 0 0 1
    outer loop
      vertex -70.3981 -54.0239 27
      vertex -70.5874 -55.4615 27
      vertex -70 -55.5 27
    endloop
  endfacet
  facet normal 0 0 1
    outer loop
      vertex -70.7894 -53.9461 27
      vertex -70.5874 -55.4615 27
      vertex -70.3981 -54.0239 27
    endloop
  endfacet
  facet normal 0 0 1
    outer loop
      vertex -70.7894 -53.9461 27
      vertex -71.1647 -55.3467 27
      vertex -70.5874 -55.4615 27
    endloop
  endfacet
  facet normal 0 0 1
    outer loop
      vertex -71.1672 -53.8178 27
      vertex -71.1647 -55.3467 27
      vertex -70.7894 -53.9461 27
    endloop
  endfacet
  facet normal 0 0 1
    outer loop
      vertex -71.7221 -55.1575 27
      vertex -71.1672 -53.8178 27
      vertex -71.525 -53.6414 27
    endloop
  endfacet
  facet normal 0 0 1
    outer loop
      vertex -71.1672 -53.8178 27
      vertex -71.7221 -55.1575 27
      vertex -71.1647 -55.3467 27
    endloop
  endfacet
  facet normal 0 0 1
    outer loop
      vertex -72.25 -54.8971 27
      vertex -71.525 -53.6414 27
      vertex -71.8567 -53.4197 27
    endloop
  endfacet
  facet normal 0 0 1
    outer loop
      vertex -72.7394 -54.5701 27
      vertex -71.8567 -53.4197 27
      vertex -72.1567 -53.1567 27
    endloop
  endfacet
  facet normal 0 0 1
    outer loop
      vertex -71.525 -53.6414 27
      vertex -72.25 -54.8971 27
      vertex -71.7221 -55.1575 27
    endloop
  endfacet
  facet normal 0 0 1
    outer loop
      vertex -73.182 -54.182 27
      vertex -72.1567 -53.1567 27
      vertex -72.4197 -52.8567 27
    endloop
  endfacet
  facet normal 0 0 1
    outer loop
      vertex -73.5701 -53.7394 27
      vertex -72.4197 -52.8567 27
      vertex -72.6414 -52.525 27
    endloop
  endfacet
  facet normal 0 0 1
    outer loop
      vertex -71.8567 -53.4197 27
      vertex -72.7394 -54.5701 27
      vertex -72.25 -54.8971 27
    endloop
  endfacet
  facet normal 0 0 1
    outer loop
      vertex -73.8971 -53.25 27
      vertex -72.6414 -52.525 27
      vertex -72.8178 -52.1672 27
    endloop
  endfacet
  facet normal 0 0 1
    outer loop
      vertex -74.1575 -52.7221 27
      vertex -72.8178 -52.1672 27
      vertex -72.9461 -51.7894 27
    endloop
  endfacet
  facet normal 0 0 1
    outer loop
      vertex -74.3467 -52.1647 27
      vertex -72.9461 -51.7894 27
      vertex -73.0239 -51.3981 27
    endloop
  endfacet
  facet normal 0 0 1
    outer loop
      vertex -72.1567 -53.1567 27
      vertex -73.182 -54.182 27
      vertex -72.7394 -54.5701 27
    endloop
  endfacet
  facet normal 0 0 1
    outer loop
      vertex -74.4615 -51.5874 27
      vertex -73.0239 -51.3981 27
      vertex -73.05 -51 27
    endloop
  endfacet
  facet normal 0 0 1
    outer loop
      vertex -72.8178 -49.8328 27
      vertex -74.1575 -49.2779 27
      vertex -72.9461 -50.2106 27
    endloop
  endfacet
  facet normal -0 0 1
    outer loop
      vertex -74.3467 -49.8353 27
      vertex -72.9461 -50.2106 27
      vertex -74.1575 -49.2779 27
    endloop
  endfacet
  facet normal 0 0 1
    outer loop
      vertex -72.4197 -52.8567 27
      vertex -73.5701 -53.7394 27
      vertex -73.182 -54.182 27
    endloop
  endfacet
  facet normal 0 0 1
    outer loop
      vertex -72.9461 -50.2106 27
      vertex -74.3467 -49.8353 27
      vertex -73.0239 -50.6019 27
    endloop
  endfacet
  facet normal 0 0 1
    outer loop
      vertex -72.6414 -52.525 27
      vertex -73.8971 -53.25 27
      vertex -73.5701 -53.7394 27
    endloop
  endfacet
  facet normal -0 0 1
    outer loop
      vertex -74.4615 -50.4126 27
      vertex -73.0239 -50.6019 27
      vertex -74.3467 -49.8353 27
    endloop
  endfacet
  facet normal 0 0 1
    outer loop
      vertex -72.8178 -52.1672 27
      vertex -74.1575 -52.7221 27
      vertex -73.8971 -53.25 27
    endloop
  endfacet
  facet normal 0 0 1
    outer loop
      vertex -73.0239 -50.6019 27
      vertex -74.4615 -50.4126 27
      vertex -73.05 -51 27
    endloop
  endfacet
  facet normal 0 0 1
    outer loop
      vertex -72.9461 -51.7894 27
      vertex -74.3467 -52.1647 27
      vertex -74.1575 -52.7221 27
    endloop
  endfacet
  facet normal 0 0 1
    outer loop
      vertex -74.5 -51 27
      vertex -73.05 -51 27
      vertex -74.4615 -50.4126 27
    endloop
  endfacet
  facet normal 0 0 1
    outer loop
      vertex -73.0239 -51.3981 27
      vertex -74.4615 -51.5874 27
      vertex -74.3467 -52.1647 27
    endloop
  endfacet
  facet normal 0 0 1
    outer loop
      vertex -73.05 -51 27
      vertex -74.5 -51 27
      vertex -74.4615 -51.5874 27
    endloop
  endfacet
  facet normal -0.0654027 0.997859 0
    outer loop
      vertex -70 -46.5 2.4
      vertex -70.5874 -46.5385 27
      vertex -70 -46.5 27
    endloop
  endfacet
  facet normal -0.0654027 0.997859 0
    outer loop
      vertex -70.5874 -46.5385 27
      vertex -70 -46.5 2.4
      vertex -70.5874 -46.5385 2.4
    endloop
  endfacet
  facet normal -0.195038 -0.980796 0
    outer loop
      vertex -71.1647 -55.3467 2.4
      vertex -70.5874 -55.4615 27
      vertex -71.1647 -55.3467 27
    endloop
  endfacet
  facet normal -0.195038 -0.980796 -0
    outer loop
      vertex -70.5874 -55.4615 27
      vertex -71.1647 -55.3467 2.4
      vertex -70.5874 -55.4615 2.4
    endloop
  endfacet
  facet normal -0.831475 0.555562 0
    outer loop
      vertex -73.8971 -48.75 2.4
      vertex -73.5701 -48.2606 27
      vertex -73.5701 -48.2606 2.4
    endloop
  endfacet
  facet normal -0.831475 0.555562 0
    outer loop
      vertex -73.5701 -48.2606 27
      vertex -73.8971 -48.75 2.4
      vertex -73.8971 -48.75 27
    endloop
  endfacet
  facet normal 0.980796 0.195038 0
    outer loop
      vertex -65.5385 51.5874 27
      vertex -65.6533 52.1647 2.4
      vertex -65.6533 52.1647 27
    endloop
  endfacet
  facet normal 0.980796 0.195038 0
    outer loop
      vertex -65.6533 52.1647 2.4
      vertex -65.5385 51.5874 27
      vertex -65.5385 51.5874 2.4
    endloop
  endfacet
  facet normal 0.997859 0.0654027 0
    outer loop
      vertex -65.5 51 27
      vertex -65.5385 51.5874 2.4
      vertex -65.5385 51.5874 27
    endloop
  endfacet
  facet normal 0.997859 0.0654027 0
    outer loop
      vertex -65.5385 51.5874 2.4
      vertex -65.5 51 27
      vertex -65.5 51 2.4
    endloop
  endfacet
  facet normal -0.997859 0.0654027 0
    outer loop
      vertex -74.5 51 2.4
      vertex -74.4615 51.5874 27
      vertex -74.4615 51.5874 2.4
    endloop
  endfacet
  facet normal -0.997859 0.0654027 0
    outer loop
      vertex -74.4615 51.5874 27
      vertex -74.5 51 2.4
      vertex -74.5 51 27
    endloop
  endfacet
  facet normal 0.751882 0.659298 0
    outer loop
      vertex -66.4299 53.7394 27
      vertex -66.818 54.182 2.4
      vertex -66.818 54.182 27
    endloop
  endfacet
  facet normal 0.751882 0.659298 0
    outer loop
      vertex -66.818 54.182 2.4
      vertex -66.4299 53.7394 27
      vertex -66.4299 53.7394 2.4
    endloop
  endfacet
  facet normal -0.896827 0.442382 0
    outer loop
      vertex -74.1575 52.7221 2.4
      vertex -73.8971 53.25 27
      vertex -73.8971 53.25 2.4
    endloop
  endfacet
  facet normal -0.896827 0.442382 0
    outer loop
      vertex -73.8971 53.25 27
      vertex -74.1575 52.7221 2.4
      vertex -74.1575 52.7221 27
    endloop
  endfacet
  facet normal 0.751882 -0.659298 0
    outer loop
      vertex -66.818 47.818 27
      vertex -66.4299 48.2606 2.4
      vertex -66.4299 48.2606 27
    endloop
  endfacet
  facet normal 0.751882 -0.659298 0
    outer loop
      vertex -66.4299 48.2606 2.4
      vertex -66.818 47.818 27
      vertex -66.818 47.818 2.4
    endloop
  endfacet
  facet normal 0.195038 -0.980796 0
    outer loop
      vertex -69.4126 46.5385 2.4
      vertex -68.8353 46.6533 27
      vertex -69.4126 46.5385 27
    endloop
  endfacet
  facet normal 0.195038 -0.980796 0
    outer loop
      vertex -68.8353 46.6533 27
      vertex -69.4126 46.5385 2.4
      vertex -68.8353 46.6533 2.4
    endloop
  endfacet
  facet normal -0.0654027 0.997859 0
    outer loop
      vertex -70 55.5 2.4
      vertex -70.5874 55.4615 27
      vertex -70 55.5 27
    endloop
  endfacet
  facet normal -0.0654027 0.997859 0
    outer loop
      vertex -70.5874 55.4615 27
      vertex -70 55.5 2.4
      vertex -70.5874 55.4615 2.4
    endloop
  endfacet
  facet normal -0.980796 0.195038 0
    outer loop
      vertex -74.4615 51.5874 2.4
      vertex -74.3467 52.1647 27
      vertex -74.3467 52.1647 2.4
    endloop
  endfacet
  facet normal -0.980796 0.195038 0
    outer loop
      vertex -74.3467 52.1647 27
      vertex -74.4615 51.5874 2.4
      vertex -74.4615 51.5874 27
    endloop
  endfacet
  facet normal -0.195038 -0.980796 0
    outer loop
      vertex -71.1647 46.6533 2.4
      vertex -70.5874 46.5385 27
      vertex -71.1647 46.6533 27
    endloop
  endfacet
  facet normal -0.195038 -0.980796 -0
    outer loop
      vertex -70.5874 46.5385 27
      vertex -71.1647 46.6533 2.4
      vertex -70.5874 46.5385 2.4
    endloop
  endfacet
  facet normal -0.831475 -0.555562 0
    outer loop
      vertex -73.5701 48.2606 2.4
      vertex -73.8971 48.75 27
      vertex -73.8971 48.75 2.4
    endloop
  endfacet
  facet normal -0.831475 -0.555562 0
    outer loop
      vertex -73.8971 48.75 27
      vertex -73.5701 48.2606 2.4
      vertex -73.5701 48.2606 27
    endloop
  endfacet
  facet normal 0.659298 -0.751882 0
    outer loop
      vertex -67.2606 47.4299 2.4
      vertex -66.818 47.818 27
      vertex -67.2606 47.4299 27
    endloop
  endfacet
  facet normal 0.659298 -0.751882 0
    outer loop
      vertex -66.818 47.818 27
      vertex -67.2606 47.4299 2.4
      vertex -66.818 47.818 2.4
    endloop
  endfacet
  facet normal 0.321421 0.946936 -0
    outer loop
      vertex -68.2779 55.1575 2.4
      vertex -68.8353 55.3467 27
      vertex -68.2779 55.1575 27
    endloop
  endfacet
  facet normal 0.321421 0.946936 0
    outer loop
      vertex -68.8353 55.3467 27
      vertex -68.2779 55.1575 2.4
      vertex -68.8353 55.3467 2.4
    endloop
  endfacet
  facet normal 0.997859 -0.0654027 0
    outer loop
      vertex -65.5385 50.4126 27
      vertex -65.5 51 2.4
      vertex -65.5 51 27
    endloop
  endfacet
  facet normal 0.997859 -0.0654027 0
    outer loop
      vertex -65.5 51 2.4
      vertex -65.5385 50.4126 27
      vertex -65.5385 50.4126 2.4
    endloop
  endfacet
  facet normal 0.442382 0.896827 -0
    outer loop
      vertex -67.75 54.8971 2.4
      vertex -68.2779 55.1575 27
      vertex -67.75 54.8971 27
    endloop
  endfacet
  facet normal 0.442382 0.896827 0
    outer loop
      vertex -68.2779 55.1575 27
      vertex -67.75 54.8971 2.4
      vertex -68.2779 55.1575 2.4
    endloop
  endfacet
  facet normal 0.946936 0.321421 0
    outer loop
      vertex -65.6533 52.1647 27
      vertex -65.8425 52.7221 2.4
      vertex -65.8425 52.7221 27
    endloop
  endfacet
  facet normal 0.946936 0.321421 0
    outer loop
      vertex -65.8425 52.7221 2.4
      vertex -65.6533 52.1647 27
      vertex -65.6533 52.1647 2.4
    endloop
  endfacet
  facet normal 0.442382 -0.896827 0
    outer loop
      vertex -68.2779 46.8425 2.4
      vertex -67.75 47.1029 27
      vertex -68.2779 46.8425 27
    endloop
  endfacet
  facet normal 0.442382 -0.896827 0
    outer loop
      vertex -67.75 47.1029 27
      vertex -68.2779 46.8425 2.4
      vertex -67.75 47.1029 2.4
    endloop
  endfacet
  facet normal 0.659298 0.751882 -0
    outer loop
      vertex -66.818 54.182 2.4
      vertex -67.2606 54.5701 27
      vertex -66.818 54.182 27
    endloop
  endfacet
  facet normal 0.659298 0.751882 0
    outer loop
      vertex -67.2606 54.5701 27
      vertex -66.818 54.182 2.4
      vertex -67.2606 54.5701 2.4
    endloop
  endfacet
  facet normal 0.946936 -0.321421 0
    outer loop
      vertex -65.8425 49.2779 27
      vertex -65.6533 49.8353 2.4
      vertex -65.6533 49.8353 27
    endloop
  endfacet
  facet normal 0.946936 -0.321421 0
    outer loop
      vertex -65.6533 49.8353 2.4
      vertex -65.8425 49.2779 27
      vertex -65.8425 49.2779 2.4
    endloop
  endfacet
  facet normal -0.831475 0.555562 0
    outer loop
      vertex -73.8971 53.25 2.4
      vertex -73.5701 53.7394 27
      vertex -73.5701 53.7394 2.4
    endloop
  endfacet
  facet normal -0.831475 0.555562 0
    outer loop
      vertex -73.5701 53.7394 27
      vertex -73.8971 53.25 2.4
      vertex -73.8971 53.25 27
    endloop
  endfacet
  facet normal 0.831475 -0.555562 0
    outer loop
      vertex -66.4299 48.2606 27
      vertex -66.1029 48.75 2.4
      vertex -66.1029 48.75 27
    endloop
  endfacet
  facet normal 0.831475 -0.555562 0
    outer loop
      vertex -66.1029 48.75 2.4
      vertex -66.4299 48.2606 27
      vertex -66.4299 48.2606 2.4
    endloop
  endfacet
  facet normal -0.442382 0.896827 0
    outer loop
      vertex -71.7221 55.1575 2.4
      vertex -72.25 54.8971 27
      vertex -71.7221 55.1575 27
    endloop
  endfacet
  facet normal -0.442382 0.896827 0
    outer loop
      vertex -72.25 54.8971 27
      vertex -71.7221 55.1575 2.4
      vertex -72.25 54.8971 2.4
    endloop
  endfacet
  facet normal 0.555562 0.831475 -0
    outer loop
      vertex -67.2606 54.5701 2.4
      vertex -67.75 54.8971 27
      vertex -67.2606 54.5701 27
    endloop
  endfacet
  facet normal 0.555562 0.831475 0
    outer loop
      vertex -67.75 54.8971 27
      vertex -67.2606 54.5701 2.4
      vertex -67.75 54.8971 2.4
    endloop
  endfacet
  facet normal 0.831475 0.555562 0
    outer loop
      vertex -66.1029 53.25 27
      vertex -66.4299 53.7394 2.4
      vertex -66.4299 53.7394 27
    endloop
  endfacet
  facet normal 0.831475 0.555562 0
    outer loop
      vertex -66.4299 53.7394 2.4
      vertex -66.1029 53.25 27
      vertex -66.1029 53.25 2.4
    endloop
  endfacet
  facet normal -0.195038 0.980796 0
    outer loop
      vertex -70.5874 55.4615 2.4
      vertex -71.1647 55.3467 27
      vertex -70.5874 55.4615 27
    endloop
  endfacet
  facet normal -0.195038 0.980796 0
    outer loop
      vertex -71.1647 55.3467 27
      vertex -70.5874 55.4615 2.4
      vertex -71.1647 55.3467 2.4
    endloop
  endfacet
  facet normal 0.321421 -0.946936 0
    outer loop
      vertex -68.8353 46.6533 2.4
      vertex -68.2779 46.8425 27
      vertex -68.8353 46.6533 27
    endloop
  endfacet
  facet normal 0.321421 -0.946936 0
    outer loop
      vertex -68.2779 46.8425 27
      vertex -68.8353 46.6533 2.4
      vertex -68.2779 46.8425 2.4
    endloop
  endfacet
  facet normal 0.896827 0.442382 0
    outer loop
      vertex -65.8425 52.7221 27
      vertex -66.1029 53.25 2.4
      vertex -66.1029 53.25 27
    endloop
  endfacet
  facet normal 0.896827 0.442382 0
    outer loop
      vertex -66.1029 53.25 2.4
      vertex -65.8425 52.7221 27
      vertex -65.8425 52.7221 2.4
    endloop
  endfacet
  facet normal -0.555562 0.831475 0
    outer loop
      vertex -72.25 54.8971 2.4
      vertex -72.7394 54.5701 27
      vertex -72.25 54.8971 27
    endloop
  endfacet
  facet normal -0.555562 0.831475 0
    outer loop
      vertex -72.7394 54.5701 27
      vertex -72.25 54.8971 2.4
      vertex -72.7394 54.5701 2.4
    endloop
  endfacet
  facet normal 0.555562 -0.831475 0
    outer loop
      vertex -67.75 47.1029 2.4
      vertex -67.2606 47.4299 27
      vertex -67.75 47.1029 27
    endloop
  endfacet
  facet normal 0.555562 -0.831475 0
    outer loop
      vertex -67.2606 47.4299 27
      vertex -67.75 47.1029 2.4
      vertex -67.2606 47.4299 2.4
    endloop
  endfacet
  facet normal -0.946936 0.321421 0
    outer loop
      vertex -74.3467 52.1647 2.4
      vertex -74.1575 52.7221 27
      vertex -74.1575 52.7221 2.4
    endloop
  endfacet
  facet normal -0.946936 0.321421 0
    outer loop
      vertex -74.1575 52.7221 27
      vertex -74.3467 52.1647 2.4
      vertex -74.3467 52.1647 27
    endloop
  endfacet
  facet normal -0.321421 0.946936 0
    outer loop
      vertex -71.1647 55.3467 2.4
      vertex -71.7221 55.1575 27
      vertex -71.1647 55.3467 27
    endloop
  endfacet
  facet normal -0.321421 0.946936 0
    outer loop
      vertex -71.7221 55.1575 27
      vertex -71.1647 55.3467 2.4
      vertex -71.7221 55.1575 2.4
    endloop
  endfacet
  facet normal -0.896827 -0.442382 0
    outer loop
      vertex -73.8971 48.75 2.4
      vertex -74.1575 49.2779 27
      vertex -74.1575 49.2779 2.4
    endloop
  endfacet
  facet normal -0.896827 -0.442382 0
    outer loop
      vertex -74.1575 49.2779 27
      vertex -73.8971 48.75 2.4
      vertex -73.8971 48.75 27
    endloop
  endfacet
  facet normal 0 0 1
    outer loop
      vertex -66.95 51 27
      vertex -65.5 51 27
      vertex -65.5385 51.5874 27
    endloop
  endfacet
  facet normal 0 0 1
    outer loop
      vertex -66.9761 51.3981 27
      vertex -65.5385 51.5874 27
      vertex -65.6533 52.1647 27
    endloop
  endfacet
  facet normal 0 0 1
    outer loop
      vertex -65.5 51 27
      vertex -66.95 51 27
      vertex -65.5385 50.4126 27
    endloop
  endfacet
  facet normal 0 0 1
    outer loop
      vertex -67.0539 51.7894 27
      vertex -65.6533 52.1647 27
      vertex -65.8425 52.7221 27
    endloop
  endfacet
  facet normal -0 0 1
    outer loop
      vertex -66.9761 50.6019 27
      vertex -65.5385 50.4126 27
      vertex -66.95 51 27
    endloop
  endfacet
  facet normal 0 0 1
    outer loop
      vertex -67.1822 52.1672 27
      vertex -65.8425 52.7221 27
      vertex -66.1029 53.25 27
    endloop
  endfacet
  facet normal 0 0 1
    outer loop
      vertex -65.5385 50.4126 27
      vertex -66.9761 50.6019 27
      vertex -65.6533 49.8353 27
    endloop
  endfacet
  facet normal 0 0 1
    outer loop
      vertex -67.3586 52.525 27
      vertex -66.1029 53.25 27
      vertex -66.4299 53.7394 27
    endloop
  endfacet
  facet normal -0 0 1
    outer loop
      vertex -67.0539 50.2106 27
      vertex -65.6533 49.8353 27
      vertex -66.9761 50.6019 27
    endloop
  endfacet
  facet normal 0 0 1
    outer loop
      vertex -67.5803 52.8567 27
      vertex -66.4299 53.7394 27
      vertex -66.818 54.182 27
    endloop
  endfacet
  facet normal 0 0 1
    outer loop
      vertex -65.6533 49.8353 27
      vertex -67.0539 50.2106 27
      vertex -65.8425 49.2779 27
    endloop
  endfacet
  facet normal -0 0 1
    outer loop
      vertex -67.1822 49.8328 27
      vertex -65.8425 49.2779 27
      vertex -67.0539 50.2106 27
    endloop
  endfacet
  facet normal 0 0 1
    outer loop
      vertex -65.5385 51.5874 27
      vertex -66.9761 51.3981 27
      vertex -66.95 51 27
    endloop
  endfacet
  facet normal 0 0 1
    outer loop
      vertex -65.6533 52.1647 27
      vertex -67.0539 51.7894 27
      vertex -66.9761 51.3981 27
    endloop
  endfacet
  facet normal 0 0 1
    outer loop
      vertex -65.8425 52.7221 27
      vertex -67.1822 52.1672 27
      vertex -67.0539 51.7894 27
    endloop
  endfacet
  facet normal 0 0 1
    outer loop
      vertex -67.8433 53.1567 27
      vertex -66.818 54.182 27
      vertex -67.2606 54.5701 27
    endloop
  endfacet
  facet normal 0 0 1
    outer loop
      vertex -66.1029 53.25 27
      vertex -67.3586 52.525 27
      vertex -67.1822 52.1672 27
    endloop
  endfacet
  facet normal 0 0 1
    outer loop
      vertex -66.4299 53.7394 27
      vertex -67.5803 52.8567 27
      vertex -67.3586 52.525 27
    endloop
  endfacet
  facet normal 0 0 1
    outer loop
      vertex -68.1433 53.4197 27
      vertex -67.2606 54.5701 27
      vertex -67.75 54.8971 27
    endloop
  endfacet
  facet normal 0 0 1
    outer loop
      vertex -66.818 54.182 27
      vertex -67.8433 53.1567 27
      vertex -67.5803 52.8567 27
    endloop
  endfacet
  facet normal 0 0 1
    outer loop
      vertex -67.2606 54.5701 27
      vertex -68.1433 53.4197 27
      vertex -67.8433 53.1567 27
    endloop
  endfacet
  facet normal 0 0 1
    outer loop
      vertex -68.475 53.6414 27
      vertex -67.75 54.8971 27
      vertex -68.2779 55.1575 27
    endloop
  endfacet
  facet normal 0 0 1
    outer loop
      vertex -67.75 54.8971 27
      vertex -68.475 53.6414 27
      vertex -68.1433 53.4197 27
    endloop
  endfacet
  facet normal 0 0 1
    outer loop
      vertex -68.2779 55.1575 27
      vertex -68.8328 53.8178 27
      vertex -68.475 53.6414 27
    endloop
  endfacet
  facet normal 0 0 1
    outer loop
      vertex -68.8353 55.3467 27
      vertex -68.8328 53.8178 27
      vertex -68.2779 55.1575 27
    endloop
  endfacet
  facet normal 0 0 1
    outer loop
      vertex -68.8353 55.3467 27
      vertex -69.2106 53.9461 27
      vertex -68.8328 53.8178 27
    endloop
  endfacet
  facet normal 0 0 1
    outer loop
      vertex -69.4126 55.4615 27
      vertex -69.2106 53.9461 27
      vertex -68.8353 55.3467 27
    endloop
  endfacet
  facet normal 0 0 1
    outer loop
      vertex -69.4126 55.4615 27
      vertex -69.6019 54.0239 27
      vertex -69.2106 53.9461 27
    endloop
  endfacet
  facet normal 0 0 1
    outer loop
      vertex -70 55.5 27
      vertex -69.6019 54.0239 27
      vertex -69.4126 55.4615 27
    endloop
  endfacet
  facet normal 0 0 1
    outer loop
      vertex -70 55.5 27
      vertex -70 54.05 27
      vertex -69.6019 54.0239 27
    endloop
  endfacet
  facet normal 0 0 1
    outer loop
      vertex -70 55.5 27
      vertex -70.3981 54.0239 27
      vertex -70 54.05 27
    endloop
  endfacet
  facet normal -0 0 1
    outer loop
      vertex -70.5874 55.4615 27
      vertex -70.3981 54.0239 27
      vertex -70 55.5 27
    endloop
  endfacet
  facet normal 0 0 1
    outer loop
      vertex -70.5874 55.4615 27
      vertex -70.7894 53.9461 27
      vertex -70.3981 54.0239 27
    endloop
  endfacet
  facet normal -0 0 1
    outer loop
      vertex -71.1647 55.3467 27
      vertex -70.7894 53.9461 27
      vertex -70.5874 55.4615 27
    endloop
  endfacet
  facet normal 0 0 1
    outer loop
      vertex -71.1647 55.3467 27
      vertex -71.1672 53.8178 27
      vertex -70.7894 53.9461 27
    endloop
  endfacet
  facet normal -0 0 1
    outer loop
      vertex -71.7221 55.1575 27
      vertex -71.1672 53.8178 27
      vertex -71.1647 55.3467 27
    endloop
  endfacet
  facet normal 0 0 1
    outer loop
      vertex -71.1672 53.8178 27
      vertex -71.7221 55.1575 27
      vertex -71.525 53.6414 27
    endloop
  endfacet
  facet normal -0 0 1
    outer loop
      vertex -72.25 54.8971 27
      vertex -71.525 53.6414 27
      vertex -71.7221 55.1575 27
    endloop
  endfacet
  facet normal 0 0 1
    outer loop
      vertex -71.525 53.6414 27
      vertex -72.25 54.8971 27
      vertex -71.8567 53.4197 27
    endloop
  endfacet
  facet normal -0 0 1
    outer loop
      vertex -72.7394 54.5701 27
      vertex -71.8567 53.4197 27
      vertex -72.25 54.8971 27
    endloop
  endfacet
  facet normal 0 0 1
    outer loop
      vertex -71.8567 53.4197 27
      vertex -72.7394 54.5701 27
      vertex -72.1567 53.1567 27
    endloop
  endfacet
  facet normal -0 0 1
    outer loop
      vertex -73.182 54.182 27
      vertex -72.1567 53.1567 27
      vertex -72.7394 54.5701 27
    endloop
  endfacet
  facet normal 0 0 1
    outer loop
      vertex -72.1567 53.1567 27
      vertex -73.182 54.182 27
      vertex -72.4197 52.8567 27
    endloop
  endfacet
  facet normal -0 0 1
    outer loop
      vertex -73.5701 53.7394 27
      vertex -72.4197 52.8567 27
      vertex -73.182 54.182 27
    endloop
  endfacet
  facet normal 0 0 1
    outer loop
      vertex -72.4197 52.8567 27
      vertex -73.5701 53.7394 27
      vertex -72.6414 52.525 27
    endloop
  endfacet
  facet normal -0 0 1
    outer loop
      vertex -73.8971 53.25 27
      vertex -72.6414 52.525 27
      vertex -73.5701 53.7394 27
    endloop
  endfacet
  facet normal -0 0 1
    outer loop
      vertex -74.1575 52.7221 27
      vertex -72.8178 52.1672 27
      vertex -73.8971 53.25 27
    endloop
  endfacet
  facet normal 0 0 1
    outer loop
      vertex -72.6414 52.525 27
      vertex -73.8971 53.25 27
      vertex -72.8178 52.1672 27
    endloop
  endfacet
  facet normal 0 0 1
    outer loop
      vertex -65.8425 49.2779 27
      vertex -67.1822 49.8328 27
      vertex -66.1029 48.75 27
    endloop
  endfacet
  facet normal -0 0 1
    outer loop
      vertex -67.3586 49.475 27
      vertex -66.1029 48.75 27
      vertex -67.1822 49.8328 27
    endloop
  endfacet
  facet normal 0 0 1
    outer loop
      vertex -66.1029 48.75 27
      vertex -67.3586 49.475 27
      vertex -66.4299 48.2606 27
    endloop
  endfacet
  facet normal -0 0 1
    outer loop
      vertex -67.5803 49.1433 27
      vertex -66.4299 48.2606 27
      vertex -67.3586 49.475 27
    endloop
  endfacet
  facet normal 0 0 1
    outer loop
      vertex -66.4299 48.2606 27
      vertex -67.5803 49.1433 27
      vertex -66.818 47.818 27
    endloop
  endfacet
  facet normal -0 0 1
    outer loop
      vertex -67.8433 48.8433 27
      vertex -66.818 47.818 27
      vertex -67.5803 49.1433 27
    endloop
  endfacet
  facet normal 0 0 1
    outer loop
      vertex -66.818 47.818 27
      vertex -67.8433 48.8433 27
      vertex -67.2606 47.4299 27
    endloop
  endfacet
  facet normal -0 0 1
    outer loop
      vertex -68.1433 48.5803 27
      vertex -67.2606 47.4299 27
      vertex -67.8433 48.8433 27
    endloop
  endfacet
  facet normal 0 0 1
    outer loop
      vertex -67.2606 47.4299 27
      vertex -68.1433 48.5803 27
      vertex -67.75 47.1029 27
    endloop
  endfacet
  facet normal -0 0 1
    outer loop
      vertex -68.475 48.3586 27
      vertex -67.75 47.1029 27
      vertex -68.1433 48.5803 27
    endloop
  endfacet
  facet normal 0 0 1
    outer loop
      vertex -67.75 47.1029 27
      vertex -68.475 48.3586 27
      vertex -68.2779 46.8425 27
    endloop
  endfacet
  facet normal -0 0 1
    outer loop
      vertex -68.8328 48.1822 27
      vertex -68.2779 46.8425 27
      vertex -68.475 48.3586 27
    endloop
  endfacet
  facet normal 0 0 1
    outer loop
      vertex -68.8328 48.1822 27
      vertex -68.8353 46.6533 27
      vertex -68.2779 46.8425 27
    endloop
  endfacet
  facet normal -0 0 1
    outer loop
      vertex -69.2106 48.0539 27
      vertex -68.8353 46.6533 27
      vertex -68.8328 48.1822 27
    endloop
  endfacet
  facet normal 0 0 1
    outer loop
      vertex -69.2106 48.0539 27
      vertex -69.4126 46.5385 27
      vertex -68.8353 46.6533 27
    endloop
  endfacet
  facet normal -0 0 1
    outer loop
      vertex -69.6019 47.9761 27
      vertex -69.4126 46.5385 27
      vertex -69.2106 48.0539 27
    endloop
  endfacet
  facet normal -0 0 1
    outer loop
      vertex -70 47.95 27
      vertex -69.4126 46.5385 27
      vertex -69.6019 47.9761 27
    endloop
  endfacet
  facet normal 0 0 1
    outer loop
      vertex -70 47.95 27
      vertex -70 46.5 27
      vertex -69.4126 46.5385 27
    endloop
  endfacet
  facet normal 0 0 1
    outer loop
      vertex -70.3981 47.9761 27
      vertex -70 46.5 27
      vertex -70 47.95 27
    endloop
  endfacet
  facet normal 0 0 1
    outer loop
      vertex -70.3981 47.9761 27
      vertex -70.5874 46.5385 27
      vertex -70 46.5 27
    endloop
  endfacet
  facet normal 0 0 1
    outer loop
      vertex -70.7894 48.0539 27
      vertex -70.5874 46.5385 27
      vertex -70.3981 47.9761 27
    endloop
  endfacet
  facet normal 0 0 1
    outer loop
      vertex -70.7894 48.0539 27
      vertex -71.1647 46.6533 27
      vertex -70.5874 46.5385 27
    endloop
  endfacet
  facet normal 0 0 1
    outer loop
      vertex -71.1672 48.1822 27
      vertex -71.1647 46.6533 27
      vertex -70.7894 48.0539 27
    endloop
  endfacet
  facet normal 0 0 1
    outer loop
      vertex -71.7221 46.8425 27
      vertex -71.1672 48.1822 27
      vertex -71.525 48.3586 27
    endloop
  endfacet
  facet normal 0 0 1
    outer loop
      vertex -71.1672 48.1822 27
      vertex -71.7221 46.8425 27
      vertex -71.1647 46.6533 27
    endloop
  endfacet
  facet normal 0 0 1
    outer loop
      vertex -72.25 47.1029 27
      vertex -71.525 48.3586 27
      vertex -71.8567 48.5803 27
    endloop
  endfacet
  facet normal 0 0 1
    outer loop
      vertex -72.7394 47.4299 27
      vertex -71.8567 48.5803 27
      vertex -72.1567 48.8433 27
    endloop
  endfacet
  facet normal 0 0 1
    outer loop
      vertex -71.525 48.3586 27
      vertex -72.25 47.1029 27
      vertex -71.7221 46.8425 27
    endloop
  endfacet
  facet normal 0 0 1
    outer loop
      vertex -73.182 47.818 27
      vertex -72.1567 48.8433 27
      vertex -72.4197 49.1433 27
    endloop
  endfacet
  facet normal 0 0 1
    outer loop
      vertex -73.5701 48.2606 27
      vertex -72.4197 49.1433 27
      vertex -72.6414 49.475 27
    endloop
  endfacet
  facet normal 0 0 1
    outer loop
      vertex -71.8567 48.5803 27
      vertex -72.7394 47.4299 27
      vertex -72.25 47.1029 27
    endloop
  endfacet
  facet normal 0 0 1
    outer loop
      vertex -73.8971 48.75 27
      vertex -72.6414 49.475 27
      vertex -72.8178 49.8328 27
    endloop
  endfacet
  facet normal 0 0 1
    outer loop
      vertex -74.1575 49.2779 27
      vertex -72.8178 49.8328 27
      vertex -72.9461 50.2106 27
    endloop
  endfacet
  facet normal 0 0 1
    outer loop
      vertex -74.3467 49.8353 27
      vertex -72.9461 50.2106 27
      vertex -73.0239 50.6019 27
    endloop
  endfacet
  facet normal 0 0 1
    outer loop
      vertex -72.1567 48.8433 27
      vertex -73.182 47.818 27
      vertex -72.7394 47.4299 27
    endloop
  endfacet
  facet normal 0 0 1
    outer loop
      vertex -74.4615 50.4126 27
      vertex -73.0239 50.6019 27
      vertex -73.05 51 27
    endloop
  endfacet
  facet normal 0 0 1
    outer loop
      vertex -72.8178 52.1672 27
      vertex -74.1575 52.7221 27
      vertex -72.9461 51.7894 27
    endloop
  endfacet
  facet normal -0 0 1
    outer loop
      vertex -74.3467 52.1647 27
      vertex -72.9461 51.7894 27
      vertex -74.1575 52.7221 27
    endloop
  endfacet
  facet normal 0 0 1
    outer loop
      vertex -72.4197 49.1433 27
      vertex -73.5701 48.2606 27
      vertex -73.182 47.818 27
    endloop
  endfacet
  facet normal 0 0 1
    outer loop
      vertex -72.9461 51.7894 27
      vertex -74.3467 52.1647 27
      vertex -73.0239 51.3981 27
    endloop
  endfacet
  facet normal 0 0 1
    outer loop
      vertex -72.6414 49.475 27
      vertex -73.8971 48.75 27
      vertex -73.5701 48.2606 27
    endloop
  endfacet
  facet normal -0 0 1
    outer loop
      vertex -74.4615 51.5874 27
      vertex -73.0239 51.3981 27
      vertex -74.3467 52.1647 27
    endloop
  endfacet
  facet normal 0 0 1
    outer loop
      vertex -72.8178 49.8328 27
      vertex -74.1575 49.2779 27
      vertex -73.8971 48.75 27
    endloop
  endfacet
  facet normal 0 0 1
    outer loop
      vertex -73.0239 51.3981 27
      vertex -74.4615 51.5874 27
      vertex -73.05 51 27
    endloop
  endfacet
  facet normal 0 0 1
    outer loop
      vertex -72.9461 50.2106 27
      vertex -74.3467 49.8353 27
      vertex -74.1575 49.2779 27
    endloop
  endfacet
  facet normal 0 0 1
    outer loop
      vertex -74.5 51 27
      vertex -73.05 51 27
      vertex -74.4615 51.5874 27
    endloop
  endfacet
  facet normal 0 0 1
    outer loop
      vertex -73.0239 50.6019 27
      vertex -74.4615 50.4126 27
      vertex -74.3467 49.8353 27
    endloop
  endfacet
  facet normal 0 0 1
    outer loop
      vertex -73.05 51 27
      vertex -74.5 51 27
      vertex -74.4615 50.4126 27
    endloop
  endfacet
  facet normal -0.946936 -0.321421 0
    outer loop
      vertex -74.1575 49.2779 2.4
      vertex -74.3467 49.8353 27
      vertex -74.3467 49.8353 2.4
    endloop
  endfacet
  facet normal -0.946936 -0.321421 0
    outer loop
      vertex -74.3467 49.8353 27
      vertex -74.1575 49.2779 2.4
      vertex -74.1575 49.2779 27
    endloop
  endfacet
  facet normal 0.896827 -0.442382 0
    outer loop
      vertex -66.1029 48.75 27
      vertex -65.8425 49.2779 2.4
      vertex -65.8425 49.2779 27
    endloop
  endfacet
  facet normal 0.896827 -0.442382 0
    outer loop
      vertex -65.8425 49.2779 2.4
      vertex -66.1029 48.75 27
      vertex -66.1029 48.75 2.4
    endloop
  endfacet
  facet normal -0.659298 -0.751882 0
    outer loop
      vertex -73.182 47.818 2.4
      vertex -72.7394 47.4299 27
      vertex -73.182 47.818 27
    endloop
  endfacet
  facet normal -0.659298 -0.751882 -0
    outer loop
      vertex -72.7394 47.4299 27
      vertex -73.182 47.818 2.4
      vertex -72.7394 47.4299 2.4
    endloop
  endfacet
  facet normal -0.321421 -0.946936 0
    outer loop
      vertex -71.7221 46.8425 2.4
      vertex -71.1647 46.6533 27
      vertex -71.7221 46.8425 27
    endloop
  endfacet
  facet normal -0.321421 -0.946936 -0
    outer loop
      vertex -71.1647 46.6533 27
      vertex -71.7221 46.8425 2.4
      vertex -71.1647 46.6533 2.4
    endloop
  endfacet
  facet normal 0.980796 -0.195038 0
    outer loop
      vertex -65.6533 49.8353 27
      vertex -65.5385 50.4126 2.4
      vertex -65.5385 50.4126 27
    endloop
  endfacet
  facet normal 0.980796 -0.195038 0
    outer loop
      vertex -65.5385 50.4126 2.4
      vertex -65.6533 49.8353 27
      vertex -65.6533 49.8353 2.4
    endloop
  endfacet
  facet normal -0.659298 0.751882 0
    outer loop
      vertex -72.7394 54.5701 2.4
      vertex -73.182 54.182 27
      vertex -72.7394 54.5701 27
    endloop
  endfacet
  facet normal -0.659298 0.751882 0
    outer loop
      vertex -73.182 54.182 27
      vertex -72.7394 54.5701 2.4
      vertex -73.182 54.182 2.4
    endloop
  endfacet
  facet normal -0.751882 0.659298 0
    outer loop
      vertex -73.5701 53.7394 2.4
      vertex -73.182 54.182 27
      vertex -73.182 54.182 2.4
    endloop
  endfacet
  facet normal -0.751882 0.659298 0
    outer loop
      vertex -73.182 54.182 27
      vertex -73.5701 53.7394 2.4
      vertex -73.5701 53.7394 27
    endloop
  endfacet
  facet normal -0.980796 -0.195038 0
    outer loop
      vertex -74.3467 49.8353 2.4
      vertex -74.4615 50.4126 27
      vertex -74.4615 50.4126 2.4
    endloop
  endfacet
  facet normal -0.980796 -0.195038 0
    outer loop
      vertex -74.4615 50.4126 27
      vertex -74.3467 49.8353 2.4
      vertex -74.3467 49.8353 27
    endloop
  endfacet
  facet normal -0.0654027 -0.997859 0
    outer loop
      vertex -70.5874 46.5385 2.4
      vertex -70 46.5 27
      vertex -70.5874 46.5385 27
    endloop
  endfacet
  facet normal -0.0654027 -0.997859 -0
    outer loop
      vertex -70 46.5 27
      vertex -70.5874 46.5385 2.4
      vertex -70 46.5 2.4
    endloop
  endfacet
  facet normal -0.751882 -0.659298 0
    outer loop
      vertex -73.182 47.818 2.4
      vertex -73.5701 48.2606 27
      vertex -73.5701 48.2606 2.4
    endloop
  endfacet
  facet normal -0.751882 -0.659298 0
    outer loop
      vertex -73.5701 48.2606 27
      vertex -73.182 47.818 2.4
      vertex -73.182 47.818 27
    endloop
  endfacet
  facet normal 0.0654027 -0.997859 0
    outer loop
      vertex -70 46.5 2.4
      vertex -69.4126 46.5385 27
      vertex -70 46.5 27
    endloop
  endfacet
  facet normal 0.0654027 -0.997859 0
    outer loop
      vertex -69.4126 46.5385 27
      vertex -70 46.5 2.4
      vertex -69.4126 46.5385 2.4
    endloop
  endfacet
  facet normal -0.997859 -0.0654027 0
    outer loop
      vertex -74.4615 50.4126 2.4
      vertex -74.5 51 27
      vertex -74.5 51 2.4
    endloop
  endfacet
  facet normal -0.997859 -0.0654027 0
    outer loop
      vertex -74.5 51 27
      vertex -74.4615 50.4126 2.4
      vertex -74.4615 50.4126 27
    endloop
  endfacet
  facet normal 0.0654027 0.997859 -0
    outer loop
      vertex -69.4126 55.4615 2.4
      vertex -70 55.5 27
      vertex -69.4126 55.4615 27
    endloop
  endfacet
  facet normal 0.0654027 0.997859 0
    outer loop
      vertex -70 55.5 27
      vertex -69.4126 55.4615 2.4
      vertex -70 55.5 2.4
    endloop
  endfacet
  facet normal 0.195038 0.980796 -0
    outer loop
      vertex -68.8353 55.3467 2.4
      vertex -69.4126 55.4615 27
      vertex -68.8353 55.3467 27
    endloop
  endfacet
  facet normal 0.195038 0.980796 0
    outer loop
      vertex -69.4126 55.4615 27
      vertex -68.8353 55.3467 2.4
      vertex -69.4126 55.4615 2.4
    endloop
  endfacet
  facet normal -0.555562 -0.831475 0
    outer loop
      vertex -72.7394 47.4299 2.4
      vertex -72.25 47.1029 27
      vertex -72.7394 47.4299 27
    endloop
  endfacet
  facet normal -0.555562 -0.831475 -0
    outer loop
      vertex -72.25 47.1029 27
      vertex -72.7394 47.4299 2.4
      vertex -72.25 47.1029 2.4
    endloop
  endfacet
  facet normal -0.442382 -0.896827 0
    outer loop
      vertex -72.25 47.1029 2.4
      vertex -71.7221 46.8425 27
      vertex -72.25 47.1029 27
    endloop
  endfacet
  facet normal -0.442382 -0.896827 -0
    outer loop
      vertex -71.7221 46.8425 27
      vertex -72.25 47.1029 2.4
      vertex -71.7221 46.8425 2.4
    endloop
  endfacet
  facet normal 0.659298 0.751882 -0
    outer loop
      vertex 73.182 -47.818 2.4
      vertex 72.7394 -47.4299 27
      vertex 73.182 -47.818 27
    endloop
  endfacet
  facet normal 0.659298 0.751882 0
    outer loop
      vertex 72.7394 -47.4299 27
      vertex 73.182 -47.818 2.4
      vertex 72.7394 -47.4299 2.4
    endloop
  endfacet
  facet normal 0.980796 0.195038 0
    outer loop
      vertex 74.4615 -50.4126 27
      vertex 74.3467 -49.8353 2.4
      vertex 74.3467 -49.8353 27
    endloop
  endfacet
  facet normal 0.980796 0.195038 0
    outer loop
      vertex 74.3467 -49.8353 2.4
      vertex 74.4615 -50.4126 27
      vertex 74.4615 -50.4126 2.4
    endloop
  endfacet
  facet normal 0.997859 0.0654027 0
    outer loop
      vertex 74.5 -51 27
      vertex 74.4615 -50.4126 2.4
      vertex 74.4615 -50.4126 27
    endloop
  endfacet
  facet normal 0.997859 0.0654027 0
    outer loop
      vertex 74.4615 -50.4126 2.4
      vertex 74.5 -51 27
      vertex 74.5 -51 2.4
    endloop
  endfacet
  facet normal 0.946936 0.321421 0
    outer loop
      vertex 74.3467 -49.8353 27
      vertex 74.1575 -49.2779 2.4
      vertex 74.1575 -49.2779 27
    endloop
  endfacet
  facet normal 0.946936 0.321421 0
    outer loop
      vertex 74.1575 -49.2779 2.4
      vertex 74.3467 -49.8353 27
      vertex 74.3467 -49.8353 2.4
    endloop
  endfacet
  facet normal -0.831475 -0.555562 0
    outer loop
      vertex 66.4299 -53.7394 2.4
      vertex 66.1029 -53.25 27
      vertex 66.1029 -53.25 2.4
    endloop
  endfacet
  facet normal -0.831475 -0.555562 0
    outer loop
      vertex 66.1029 -53.25 27
      vertex 66.4299 -53.7394 2.4
      vertex 66.4299 -53.7394 27
    endloop
  endfacet
  facet normal -0.946936 0.321421 0
    outer loop
      vertex 65.6533 -49.8353 2.4
      vertex 65.8425 -49.2779 27
      vertex 65.8425 -49.2779 2.4
    endloop
  endfacet
  facet normal -0.946936 0.321421 0
    outer loop
      vertex 65.8425 -49.2779 27
      vertex 65.6533 -49.8353 2.4
      vertex 65.6533 -49.8353 27
    endloop
  endfacet
  facet normal -0.555562 -0.831475 0
    outer loop
      vertex 67.2606 -54.5701 2.4
      vertex 67.75 -54.8971 27
      vertex 67.2606 -54.5701 27
    endloop
  endfacet
  facet normal -0.555562 -0.831475 -0
    outer loop
      vertex 67.75 -54.8971 27
      vertex 67.2606 -54.5701 2.4
      vertex 67.75 -54.8971 2.4
    endloop
  endfacet
  facet normal 0.997859 -0.0654027 0
    outer loop
      vertex 74.4615 -51.5874 27
      vertex 74.5 -51 2.4
      vertex 74.5 -51 27
    endloop
  endfacet
  facet normal 0.997859 -0.0654027 0
    outer loop
      vertex 74.5 -51 2.4
      vertex 74.4615 -51.5874 27
      vertex 74.4615 -51.5874 2.4
    endloop
  endfacet
  facet normal -0.896827 -0.442382 0
    outer loop
      vertex 66.1029 -53.25 2.4
      vertex 65.8425 -52.7221 27
      vertex 65.8425 -52.7221 2.4
    endloop
  endfacet
  facet normal -0.896827 -0.442382 0
    outer loop
      vertex 65.8425 -52.7221 27
      vertex 66.1029 -53.25 2.4
      vertex 66.1029 -53.25 27
    endloop
  endfacet
  facet normal 0.896827 0.442382 0
    outer loop
      vertex 74.1575 -49.2779 27
      vertex 73.8971 -48.75 2.4
      vertex 73.8971 -48.75 27
    endloop
  endfacet
  facet normal 0.896827 0.442382 0
    outer loop
      vertex 73.8971 -48.75 2.4
      vertex 74.1575 -49.2779 27
      vertex 74.1575 -49.2779 2.4
    endloop
  endfacet
  facet normal 0.442382 -0.896827 0
    outer loop
      vertex 71.7221 -55.1575 2.4
      vertex 72.25 -54.8971 27
      vertex 71.7221 -55.1575 27
    endloop
  endfacet
  facet normal 0.442382 -0.896827 0
    outer loop
      vertex 72.25 -54.8971 27
      vertex 71.7221 -55.1575 2.4
      vertex 72.25 -54.8971 2.4
    endloop
  endfacet
  facet normal 0.321421 0.946936 -0
    outer loop
      vertex 71.7221 -46.8425 2.4
      vertex 71.1647 -46.6533 27
      vertex 71.7221 -46.8425 27
    endloop
  endfacet
  facet normal 0.321421 0.946936 0
    outer loop
      vertex 71.1647 -46.6533 27
      vertex 71.7221 -46.8425 2.4
      vertex 71.1647 -46.6533 2.4
    endloop
  endfacet
  facet normal -0.997859 -0.0654027 0
    outer loop
      vertex 65.5385 -51.5874 2.4
      vertex 65.5 -51 27
      vertex 65.5 -51 2.4
    endloop
  endfacet
  facet normal -0.997859 -0.0654027 0
    outer loop
      vertex 65.5 -51 27
      vertex 65.5385 -51.5874 2.4
      vertex 65.5385 -51.5874 27
    endloop
  endfacet
  facet normal 0.555562 -0.831475 0
    outer loop
      vertex 72.25 -54.8971 2.4
      vertex 72.7394 -54.5701 27
      vertex 72.25 -54.8971 27
    endloop
  endfacet
  facet normal 0.555562 -0.831475 0
    outer loop
      vertex 72.7394 -54.5701 27
      vertex 72.25 -54.8971 2.4
      vertex 72.7394 -54.5701 2.4
    endloop
  endfacet
  facet normal -0.321421 0.946936 0
    outer loop
      vertex 68.8353 -46.6533 2.4
      vertex 68.2779 -46.8425 27
      vertex 68.8353 -46.6533 27
    endloop
  endfacet
  facet normal -0.321421 0.946936 0
    outer loop
      vertex 68.2779 -46.8425 27
      vertex 68.8353 -46.6533 2.4
      vertex 68.2779 -46.8425 2.4
    endloop
  endfacet
  facet normal 0.831475 0.555562 0
    outer loop
      vertex 73.8971 -48.75 27
      vertex 73.5701 -48.2606 2.4
      vertex 73.5701 -48.2606 27
    endloop
  endfacet
  facet normal 0.831475 0.555562 0
    outer loop
      vertex 73.5701 -48.2606 2.4
      vertex 73.8971 -48.75 27
      vertex 73.8971 -48.75 2.4
    endloop
  endfacet
  facet normal 0.659298 -0.751882 0
    outer loop
      vertex 72.7394 -54.5701 2.4
      vertex 73.182 -54.182 27
      vertex 72.7394 -54.5701 27
    endloop
  endfacet
  facet normal 0.659298 -0.751882 0
    outer loop
      vertex 73.182 -54.182 27
      vertex 72.7394 -54.5701 2.4
      vertex 73.182 -54.182 2.4
    endloop
  endfacet
  facet normal 0.946936 -0.321421 0
    outer loop
      vertex 74.1575 -52.7221 27
      vertex 74.3467 -52.1647 2.4
      vertex 74.3467 -52.1647 27
    endloop
  endfacet
  facet normal 0.946936 -0.321421 0
    outer loop
      vertex 74.3467 -52.1647 2.4
      vertex 74.1575 -52.7221 27
      vertex 74.1575 -52.7221 2.4
    endloop
  endfacet
  facet normal -0.751882 0.659298 0
    outer loop
      vertex 66.4299 -48.2606 2.4
      vertex 66.818 -47.818 27
      vertex 66.818 -47.818 2.4
    endloop
  endfacet
  facet normal -0.751882 0.659298 0
    outer loop
      vertex 66.818 -47.818 27
      vertex 66.4299 -48.2606 2.4
      vertex 66.4299 -48.2606 27
    endloop
  endfacet
  facet normal 0.0654027 -0.997859 0
    outer loop
      vertex 70 -55.5 2.4
      vertex 70.5874 -55.4615 27
      vertex 70 -55.5 27
    endloop
  endfacet
  facet normal 0.0654027 -0.997859 0
    outer loop
      vertex 70.5874 -55.4615 27
      vertex 70 -55.5 2.4
      vertex 70.5874 -55.4615 2.4
    endloop
  endfacet
  facet normal 0.555562 0.831475 -0
    outer loop
      vertex 72.7394 -47.4299 2.4
      vertex 72.25 -47.1029 27
      vertex 72.7394 -47.4299 27
    endloop
  endfacet
  facet normal 0.555562 0.831475 0
    outer loop
      vertex 72.25 -47.1029 27
      vertex 72.7394 -47.4299 2.4
      vertex 72.25 -47.1029 2.4
    endloop
  endfacet
  facet normal -0.442382 0.896827 0
    outer loop
      vertex 68.2779 -46.8425 2.4
      vertex 67.75 -47.1029 27
      vertex 68.2779 -46.8425 27
    endloop
  endfacet
  facet normal -0.442382 0.896827 0
    outer loop
      vertex 67.75 -47.1029 27
      vertex 68.2779 -46.8425 2.4
      vertex 67.75 -47.1029 2.4
    endloop
  endfacet
  facet normal -0.659298 0.751882 0
    outer loop
      vertex 67.2606 -47.4299 2.4
      vertex 66.818 -47.818 27
      vertex 67.2606 -47.4299 27
    endloop
  endfacet
  facet normal -0.659298 0.751882 0
    outer loop
      vertex 66.818 -47.818 27
      vertex 67.2606 -47.4299 2.4
      vertex 66.818 -47.818 2.4
    endloop
  endfacet
  facet normal 0.321421 -0.946936 0
    outer loop
      vertex 71.1647 -55.3467 2.4
      vertex 71.7221 -55.1575 27
      vertex 71.1647 -55.3467 27
    endloop
  endfacet
  facet normal 0.321421 -0.946936 0
    outer loop
      vertex 71.7221 -55.1575 27
      vertex 71.1647 -55.3467 2.4
      vertex 71.7221 -55.1575 2.4
    endloop
  endfacet
  facet normal -0.980796 0.195038 0
    outer loop
      vertex 65.5385 -50.4126 2.4
      vertex 65.6533 -49.8353 27
      vertex 65.6533 -49.8353 2.4
    endloop
  endfacet
  facet normal -0.980796 0.195038 0
    outer loop
      vertex 65.6533 -49.8353 27
      vertex 65.5385 -50.4126 2.4
      vertex 65.5385 -50.4126 27
    endloop
  endfacet
  facet normal 0.751882 -0.659298 0
    outer loop
      vertex 73.182 -54.182 27
      vertex 73.5701 -53.7394 2.4
      vertex 73.5701 -53.7394 27
    endloop
  endfacet
  facet normal 0.751882 -0.659298 0
    outer loop
      vertex 73.5701 -53.7394 2.4
      vertex 73.182 -54.182 27
      vertex 73.182 -54.182 2.4
    endloop
  endfacet
  facet normal -0.751882 -0.659298 0
    outer loop
      vertex 66.818 -54.182 2.4
      vertex 66.4299 -53.7394 27
      vertex 66.4299 -53.7394 2.4
    endloop
  endfacet
  facet normal -0.751882 -0.659298 0
    outer loop
      vertex 66.4299 -53.7394 27
      vertex 66.818 -54.182 2.4
      vertex 66.818 -54.182 27
    endloop
  endfacet
  facet normal -0.946936 -0.321421 0
    outer loop
      vertex 65.8425 -52.7221 2.4
      vertex 65.6533 -52.1647 27
      vertex 65.6533 -52.1647 2.4
    endloop
  endfacet
  facet normal -0.946936 -0.321421 0
    outer loop
      vertex 65.6533 -52.1647 27
      vertex 65.8425 -52.7221 2.4
      vertex 65.8425 -52.7221 27
    endloop
  endfacet
  facet normal -0.0654027 -0.997859 0
    outer loop
      vertex 69.4126 -55.4615 2.4
      vertex 70 -55.5 27
      vertex 69.4126 -55.4615 27
    endloop
  endfacet
  facet normal -0.0654027 -0.997859 -0
    outer loop
      vertex 70 -55.5 27
      vertex 69.4126 -55.4615 2.4
      vertex 70 -55.5 2.4
    endloop
  endfacet
  facet normal 0.980796 -0.195038 0
    outer loop
      vertex 74.3467 -52.1647 27
      vertex 74.4615 -51.5874 2.4
      vertex 74.4615 -51.5874 27
    endloop
  endfacet
  facet normal 0.980796 -0.195038 0
    outer loop
      vertex 74.4615 -51.5874 2.4
      vertex 74.3467 -52.1647 27
      vertex 74.3467 -52.1647 2.4
    endloop
  endfacet
  facet normal -0.980796 -0.195038 0
    outer loop
      vertex 65.6533 -52.1647 2.4
      vertex 65.5385 -51.5874 27
      vertex 65.5385 -51.5874 2.4
    endloop
  endfacet
  facet normal -0.980796 -0.195038 0
    outer loop
      vertex 65.5385 -51.5874 27
      vertex 65.6533 -52.1647 2.4
      vertex 65.6533 -52.1647 27
    endloop
  endfacet
  facet normal -0.997859 0.0654027 0
    outer loop
      vertex 65.5 -51 2.4
      vertex 65.5385 -50.4126 27
      vertex 65.5385 -50.4126 2.4
    endloop
  endfacet
  facet normal -0.997859 0.0654027 0
    outer loop
      vertex 65.5385 -50.4126 27
      vertex 65.5 -51 2.4
      vertex 65.5 -51 27
    endloop
  endfacet
  facet normal -0.0654027 0.997859 0
    outer loop
      vertex 70 -46.5 2.4
      vertex 69.4126 -46.5385 27
      vertex 70 -46.5 27
    endloop
  endfacet
  facet normal -0.0654027 0.997859 0
    outer loop
      vertex 69.4126 -46.5385 27
      vertex 70 -46.5 2.4
      vertex 69.4126 -46.5385 2.4
    endloop
  endfacet
  facet normal 0.195038 -0.980796 0
    outer loop
      vertex 70.5874 -55.4615 2.4
      vertex 71.1647 -55.3467 27
      vertex 70.5874 -55.4615 27
    endloop
  endfacet
  facet normal 0.195038 -0.980796 0
    outer loop
      vertex 71.1647 -55.3467 27
      vertex 70.5874 -55.4615 2.4
      vertex 71.1647 -55.3467 2.4
    endloop
  endfacet
  facet normal 0.0654027 0.997859 -0
    outer loop
      vertex 70.5874 -46.5385 2.4
      vertex 70 -46.5 27
      vertex 70.5874 -46.5385 27
    endloop
  endfacet
  facet normal 0.0654027 0.997859 0
    outer loop
      vertex 70 -46.5 27
      vertex 70.5874 -46.5385 2.4
      vertex 70 -46.5 2.4
    endloop
  endfacet
  facet normal 0.896827 -0.442382 0
    outer loop
      vertex 73.8971 -53.25 27
      vertex 74.1575 -52.7221 2.4
      vertex 74.1575 -52.7221 27
    endloop
  endfacet
  facet normal 0.896827 -0.442382 0
    outer loop
      vertex 74.1575 -52.7221 2.4
      vertex 73.8971 -53.25 27
      vertex 73.8971 -53.25 2.4
    endloop
  endfacet
  facet normal 0.831475 -0.555562 0
    outer loop
      vertex 73.5701 -53.7394 27
      vertex 73.8971 -53.25 2.4
      vertex 73.8971 -53.25 27
    endloop
  endfacet
  facet normal 0.831475 -0.555562 0
    outer loop
      vertex 73.8971 -53.25 2.4
      vertex 73.5701 -53.7394 27
      vertex 73.5701 -53.7394 2.4
    endloop
  endfacet
  facet normal 0.442382 0.896827 -0
    outer loop
      vertex 72.25 -47.1029 2.4
      vertex 71.7221 -46.8425 27
      vertex 72.25 -47.1029 27
    endloop
  endfacet
  facet normal 0.442382 0.896827 0
    outer loop
      vertex 71.7221 -46.8425 27
      vertex 72.25 -47.1029 2.4
      vertex 71.7221 -46.8425 2.4
    endloop
  endfacet
  facet normal 0.751882 0.659298 0
    outer loop
      vertex 73.5701 -48.2606 27
      vertex 73.182 -47.818 2.4
      vertex 73.182 -47.818 27
    endloop
  endfacet
  facet normal 0.751882 0.659298 0
    outer loop
      vertex 73.182 -47.818 2.4
      vertex 73.5701 -48.2606 27
      vertex 73.5701 -48.2606 2.4
    endloop
  endfacet
  facet normal 0.195038 0.980796 -0
    outer loop
      vertex 71.1647 -46.6533 2.4
      vertex 70.5874 -46.5385 27
      vertex 71.1647 -46.6533 27
    endloop
  endfacet
  facet normal 0.195038 0.980796 0
    outer loop
      vertex 70.5874 -46.5385 27
      vertex 71.1647 -46.6533 2.4
      vertex 70.5874 -46.5385 2.4
    endloop
  endfacet
  facet normal -0.896827 0.442382 0
    outer loop
      vertex 65.8425 -49.2779 2.4
      vertex 66.1029 -48.75 27
      vertex 66.1029 -48.75 2.4
    endloop
  endfacet
  facet normal -0.896827 0.442382 0
    outer loop
      vertex 66.1029 -48.75 27
      vertex 65.8425 -49.2779 2.4
      vertex 65.8425 -49.2779 27
    endloop
  endfacet
  facet normal -0.555562 0.831475 0
    outer loop
      vertex 67.75 -47.1029 2.4
      vertex 67.2606 -47.4299 27
      vertex 67.75 -47.1029 27
    endloop
  endfacet
  facet normal -0.555562 0.831475 0
    outer loop
      vertex 67.2606 -47.4299 27
      vertex 67.75 -47.1029 2.4
      vertex 67.2606 -47.4299 2.4
    endloop
  endfacet
  facet normal -0.442382 -0.896827 0
    outer loop
      vertex 67.75 -54.8971 2.4
      vertex 68.2779 -55.1575 27
      vertex 67.75 -54.8971 27
    endloop
  endfacet
  facet normal -0.442382 -0.896827 -0
    outer loop
      vertex 68.2779 -55.1575 27
      vertex 67.75 -54.8971 2.4
      vertex 68.2779 -55.1575 2.4
    endloop
  endfacet
  facet normal -0.321421 -0.946936 0
    outer loop
      vertex 68.2779 -55.1575 2.4
      vertex 68.8353 -55.3467 27
      vertex 68.2779 -55.1575 27
    endloop
  endfacet
  facet normal -0.321421 -0.946936 -0
    outer loop
      vertex 68.8353 -55.3467 27
      vertex 68.2779 -55.1575 2.4
      vertex 68.8353 -55.3467 2.4
    endloop
  endfacet
  facet normal -0.195038 0.980796 0
    outer loop
      vertex 69.4126 -46.5385 2.4
      vertex 68.8353 -46.6533 27
      vertex 69.4126 -46.5385 27
    endloop
  endfacet
  facet normal -0.195038 0.980796 0
    outer loop
      vertex 68.8353 -46.6533 27
      vertex 69.4126 -46.5385 2.4
      vertex 68.8353 -46.6533 2.4
    endloop
  endfacet
  facet normal -0.831475 0.555562 0
    outer loop
      vertex 66.1029 -48.75 2.4
      vertex 66.4299 -48.2606 27
      vertex 66.4299 -48.2606 2.4
    endloop
  endfacet
  facet normal -0.831475 0.555562 0
    outer loop
      vertex 66.4299 -48.2606 27
      vertex 66.1029 -48.75 2.4
      vertex 66.1029 -48.75 27
    endloop
  endfacet
  facet normal 0 0 1
    outer loop
      vertex 73.05 -51 27
      vertex 74.5 -51 27
      vertex 74.4615 -50.4126 27
    endloop
  endfacet
  facet normal 0 0 1
    outer loop
      vertex 73.0239 -50.6019 27
      vertex 74.4615 -50.4126 27
      vertex 74.3467 -49.8353 27
    endloop
  endfacet
  facet normal 0 0 1
    outer loop
      vertex 74.5 -51 27
      vertex 73.05 -51 27
      vertex 74.4615 -51.5874 27
    endloop
  endfacet
  facet normal 0 0 1
    outer loop
      vertex 72.9461 -50.2106 27
      vertex 74.3467 -49.8353 27
      vertex 74.1575 -49.2779 27
    endloop
  endfacet
  facet normal -0 0 1
    outer loop
      vertex 73.0239 -51.3981 27
      vertex 74.4615 -51.5874 27
      vertex 73.05 -51 27
    endloop
  endfacet
  facet normal 0 0 1
    outer loop
      vertex 72.8178 -49.8328 27
      vertex 74.1575 -49.2779 27
      vertex 73.8971 -48.75 27
    endloop
  endfacet
  facet normal 0 0 1
    outer loop
      vertex 74.4615 -51.5874 27
      vertex 73.0239 -51.3981 27
      vertex 74.3467 -52.1647 27
    endloop
  endfacet
  facet normal 0 0 1
    outer loop
      vertex 72.6414 -49.475 27
      vertex 73.8971 -48.75 27
      vertex 73.5701 -48.2606 27
    endloop
  endfacet
  facet normal -0 0 1
    outer loop
      vertex 72.9461 -51.7894 27
      vertex 74.3467 -52.1647 27
      vertex 73.0239 -51.3981 27
    endloop
  endfacet
  facet normal 0 0 1
    outer loop
      vertex 72.4197 -49.1433 27
      vertex 73.5701 -48.2606 27
      vertex 73.182 -47.818 27
    endloop
  endfacet
  facet normal 0 0 1
    outer loop
      vertex 74.3467 -52.1647 27
      vertex 72.9461 -51.7894 27
      vertex 74.1575 -52.7221 27
    endloop
  endfacet
  facet normal -0 0 1
    outer loop
      vertex 72.8178 -52.1672 27
      vertex 74.1575 -52.7221 27
      vertex 72.9461 -51.7894 27
    endloop
  endfacet
  facet normal 0 0 1
    outer loop
      vertex 74.4615 -50.4126 27
      vertex 73.0239 -50.6019 27
      vertex 73.05 -51 27
    endloop
  endfacet
  facet normal 0 0 1
    outer loop
      vertex 74.3467 -49.8353 27
      vertex 72.9461 -50.2106 27
      vertex 73.0239 -50.6019 27
    endloop
  endfacet
  facet normal 0 0 1
    outer loop
      vertex 74.1575 -49.2779 27
      vertex 72.8178 -49.8328 27
      vertex 72.9461 -50.2106 27
    endloop
  endfacet
  facet normal 0 0 1
    outer loop
      vertex 72.1567 -48.8433 27
      vertex 73.182 -47.818 27
      vertex 72.7394 -47.4299 27
    endloop
  endfacet
  facet normal 0 0 1
    outer loop
      vertex 73.8971 -48.75 27
      vertex 72.6414 -49.475 27
      vertex 72.8178 -49.8328 27
    endloop
  endfacet
  facet normal 0 0 1
    outer loop
      vertex 73.5701 -48.2606 27
      vertex 72.4197 -49.1433 27
      vertex 72.6414 -49.475 27
    endloop
  endfacet
  facet normal 0 0 1
    outer loop
      vertex 71.8567 -48.5803 27
      vertex 72.7394 -47.4299 27
      vertex 72.25 -47.1029 27
    endloop
  endfacet
  facet normal 0 0 1
    outer loop
      vertex 73.182 -47.818 27
      vertex 72.1567 -48.8433 27
      vertex 72.4197 -49.1433 27
    endloop
  endfacet
  facet normal 0 0 1
    outer loop
      vertex 72.7394 -47.4299 27
      vertex 71.8567 -48.5803 27
      vertex 72.1567 -48.8433 27
    endloop
  endfacet
  facet normal 0 0 1
    outer loop
      vertex 71.525 -48.3586 27
      vertex 72.25 -47.1029 27
      vertex 71.7221 -46.8425 27
    endloop
  endfacet
  facet normal 0 0 1
    outer loop
      vertex 72.25 -47.1029 27
      vertex 71.525 -48.3586 27
      vertex 71.8567 -48.5803 27
    endloop
  endfacet
  facet normal 0 0 1
    outer loop
      vertex 71.7221 -46.8425 27
      vertex 71.1672 -48.1822 27
      vertex 71.525 -48.3586 27
    endloop
  endfacet
  facet normal 0 0 1
    outer loop
      vertex 71.1647 -46.6533 27
      vertex 71.1672 -48.1822 27
      vertex 71.7221 -46.8425 27
    endloop
  endfacet
  facet normal 0 0 1
    outer loop
      vertex 71.1647 -46.6533 27
      vertex 70.7894 -48.0539 27
      vertex 71.1672 -48.1822 27
    endloop
  endfacet
  facet normal 0 0 1
    outer loop
      vertex 70.5874 -46.5385 27
      vertex 70.7894 -48.0539 27
      vertex 71.1647 -46.6533 27
    endloop
  endfacet
  facet normal 0 0 1
    outer loop
      vertex 70.5874 -46.5385 27
      vertex 70.3981 -47.9761 27
      vertex 70.7894 -48.0539 27
    endloop
  endfacet
  facet normal 0 0 1
    outer loop
      vertex 70 -46.5 27
      vertex 70.3981 -47.9761 27
      vertex 70.5874 -46.5385 27
    endloop
  endfacet
  facet normal 0 0 1
    outer loop
      vertex 70 -46.5 27
      vertex 70 -47.95 27
      vertex 70.3981 -47.9761 27
    endloop
  endfacet
  facet normal 0 0 1
    outer loop
      vertex 70 -46.5 27
      vertex 69.6019 -47.9761 27
      vertex 70 -47.95 27
    endloop
  endfacet
  facet normal -0 0 1
    outer loop
      vertex 69.4126 -46.5385 27
      vertex 69.6019 -47.9761 27
      vertex 70 -46.5 27
    endloop
  endfacet
  facet normal 0 0 1
    outer loop
      vertex 69.4126 -46.5385 27
      vertex 69.2106 -48.0539 27
      vertex 69.6019 -47.9761 27
    endloop
  endfacet
  facet normal -0 0 1
    outer loop
      vertex 68.8353 -46.6533 27
      vertex 69.2106 -48.0539 27
      vertex 69.4126 -46.5385 27
    endloop
  endfacet
  facet normal 0 0 1
    outer loop
      vertex 68.8353 -46.6533 27
      vertex 68.8328 -48.1822 27
      vertex 69.2106 -48.0539 27
    endloop
  endfacet
  facet normal -0 0 1
    outer loop
      vertex 68.2779 -46.8425 27
      vertex 68.8328 -48.1822 27
      vertex 68.8353 -46.6533 27
    endloop
  endfacet
  facet normal 0 0 1
    outer loop
      vertex 68.8328 -48.1822 27
      vertex 68.2779 -46.8425 27
      vertex 68.475 -48.3586 27
    endloop
  endfacet
  facet normal -0 0 1
    outer loop
      vertex 67.75 -47.1029 27
      vertex 68.475 -48.3586 27
      vertex 68.2779 -46.8425 27
    endloop
  endfacet
  facet normal 0 0 1
    outer loop
      vertex 68.475 -48.3586 27
      vertex 67.75 -47.1029 27
      vertex 68.1433 -48.5803 27
    endloop
  endfacet
  facet normal -0 0 1
    outer loop
      vertex 67.2606 -47.4299 27
      vertex 68.1433 -48.5803 27
      vertex 67.75 -47.1029 27
    endloop
  endfacet
  facet normal 0 0 1
    outer loop
      vertex 68.1433 -48.5803 27
      vertex 67.2606 -47.4299 27
      vertex 67.8433 -48.8433 27
    endloop
  endfacet
  facet normal -0 0 1
    outer loop
      vertex 66.818 -47.818 27
      vertex 67.8433 -48.8433 27
      vertex 67.2606 -47.4299 27
    endloop
  endfacet
  facet normal 0 0 1
    outer loop
      vertex 67.8433 -48.8433 27
      vertex 66.818 -47.818 27
      vertex 67.5803 -49.1433 27
    endloop
  endfacet
  facet normal -0 0 1
    outer loop
      vertex 66.4299 -48.2606 27
      vertex 67.5803 -49.1433 27
      vertex 66.818 -47.818 27
    endloop
  endfacet
  facet normal 0 0 1
    outer loop
      vertex 67.5803 -49.1433 27
      vertex 66.4299 -48.2606 27
      vertex 67.3586 -49.475 27
    endloop
  endfacet
  facet normal -0 0 1
    outer loop
      vertex 66.1029 -48.75 27
      vertex 67.3586 -49.475 27
      vertex 66.4299 -48.2606 27
    endloop
  endfacet
  facet normal -0 0 1
    outer loop
      vertex 65.8425 -49.2779 27
      vertex 67.1822 -49.8328 27
      vertex 66.1029 -48.75 27
    endloop
  endfacet
  facet normal 0 0 1
    outer loop
      vertex 67.3586 -49.475 27
      vertex 66.1029 -48.75 27
      vertex 67.1822 -49.8328 27
    endloop
  endfacet
  facet normal 0 0 1
    outer loop
      vertex 74.1575 -52.7221 27
      vertex 72.8178 -52.1672 27
      vertex 73.8971 -53.25 27
    endloop
  endfacet
  facet normal -0 0 1
    outer loop
      vertex 72.6414 -52.525 27
      vertex 73.8971 -53.25 27
      vertex 72.8178 -52.1672 27
    endloop
  endfacet
  facet normal 0 0 1
    outer loop
      vertex 73.8971 -53.25 27
      vertex 72.6414 -52.525 27
      vertex 73.5701 -53.7394 27
    endloop
  endfacet
  facet normal -0 0 1
    outer loop
      vertex 72.4197 -52.8567 27
      vertex 73.5701 -53.7394 27
      vertex 72.6414 -52.525 27
    endloop
  endfacet
  facet normal 0 0 1
    outer loop
      vertex 73.5701 -53.7394 27
      vertex 72.4197 -52.8567 27
      vertex 73.182 -54.182 27
    endloop
  endfacet
  facet normal -0 0 1
    outer loop
      vertex 72.1567 -53.1567 27
      vertex 73.182 -54.182 27
      vertex 72.4197 -52.8567 27
    endloop
  endfacet
  facet normal 0 0 1
    outer loop
      vertex 73.182 -54.182 27
      vertex 72.1567 -53.1567 27
      vertex 72.7394 -54.5701 27
    endloop
  endfacet
  facet normal -0 0 1
    outer loop
      vertex 71.8567 -53.4197 27
      vertex 72.7394 -54.5701 27
      vertex 72.1567 -53.1567 27
    endloop
  endfacet
  facet normal 0 0 1
    outer loop
      vertex 72.7394 -54.5701 27
      vertex 71.8567 -53.4197 27
      vertex 72.25 -54.8971 27
    endloop
  endfacet
  facet normal -0 0 1
    outer loop
      vertex 71.525 -53.6414 27
      vertex 72.25 -54.8971 27
      vertex 71.8567 -53.4197 27
    endloop
  endfacet
  facet normal 0 0 1
    outer loop
      vertex 72.25 -54.8971 27
      vertex 71.525 -53.6414 27
      vertex 71.7221 -55.1575 27
    endloop
  endfacet
  facet normal -0 0 1
    outer loop
      vertex 71.1672 -53.8178 27
      vertex 71.7221 -55.1575 27
      vertex 71.525 -53.6414 27
    endloop
  endfacet
  facet normal 0 0 1
    outer loop
      vertex 71.1672 -53.8178 27
      vertex 71.1647 -55.3467 27
      vertex 71.7221 -55.1575 27
    endloop
  endfacet
  facet normal -0 0 1
    outer loop
      vertex 70.7894 -53.9461 27
      vertex 71.1647 -55.3467 27
      vertex 71.1672 -53.8178 27
    endloop
  endfacet
  facet normal 0 0 1
    outer loop
      vertex 70.7894 -53.9461 27
      vertex 70.5874 -55.4615 27
      vertex 71.1647 -55.3467 27
    endloop
  endfacet
  facet normal -0 0 1
    outer loop
      vertex 70.3981 -54.0239 27
      vertex 70.5874 -55.4615 27
      vertex 70.7894 -53.9461 27
    endloop
  endfacet
  facet normal -0 0 1
    outer loop
      vertex 70 -54.05 27
      vertex 70.5874 -55.4615 27
      vertex 70.3981 -54.0239 27
    endloop
  endfacet
  facet normal 0 0 1
    outer loop
      vertex 70 -54.05 27
      vertex 70 -55.5 27
      vertex 70.5874 -55.4615 27
    endloop
  endfacet
  facet normal 0 0 1
    outer loop
      vertex 69.6019 -54.0239 27
      vertex 70 -55.5 27
      vertex 70 -54.05 27
    endloop
  endfacet
  facet normal 0 0 1
    outer loop
      vertex 69.6019 -54.0239 27
      vertex 69.4126 -55.4615 27
      vertex 70 -55.5 27
    endloop
  endfacet
  facet normal 0 0 1
    outer loop
      vertex 69.2106 -53.9461 27
      vertex 69.4126 -55.4615 27
      vertex 69.6019 -54.0239 27
    endloop
  endfacet
  facet normal 0 0 1
    outer loop
      vertex 69.2106 -53.9461 27
      vertex 68.8353 -55.3467 27
      vertex 69.4126 -55.4615 27
    endloop
  endfacet
  facet normal 0 0 1
    outer loop
      vertex 68.8328 -53.8178 27
      vertex 68.8353 -55.3467 27
      vertex 69.2106 -53.9461 27
    endloop
  endfacet
  facet normal 0 0 1
    outer loop
      vertex 68.2779 -55.1575 27
      vertex 68.8328 -53.8178 27
      vertex 68.475 -53.6414 27
    endloop
  endfacet
  facet normal 0 0 1
    outer loop
      vertex 68.8328 -53.8178 27
      vertex 68.2779 -55.1575 27
      vertex 68.8353 -55.3467 27
    endloop
  endfacet
  facet normal 0 0 1
    outer loop
      vertex 67.75 -54.8971 27
      vertex 68.475 -53.6414 27
      vertex 68.1433 -53.4197 27
    endloop
  endfacet
  facet normal 0 0 1
    outer loop
      vertex 67.2606 -54.5701 27
      vertex 68.1433 -53.4197 27
      vertex 67.8433 -53.1567 27
    endloop
  endfacet
  facet normal 0 0 1
    outer loop
      vertex 68.475 -53.6414 27
      vertex 67.75 -54.8971 27
      vertex 68.2779 -55.1575 27
    endloop
  endfacet
  facet normal 0 0 1
    outer loop
      vertex 66.818 -54.182 27
      vertex 67.8433 -53.1567 27
      vertex 67.5803 -52.8567 27
    endloop
  endfacet
  facet normal 0 0 1
    outer loop
      vertex 66.4299 -53.7394 27
      vertex 67.5803 -52.8567 27
      vertex 67.3586 -52.525 27
    endloop
  endfacet
  facet normal 0 0 1
    outer loop
      vertex 68.1433 -53.4197 27
      vertex 67.2606 -54.5701 27
      vertex 67.75 -54.8971 27
    endloop
  endfacet
  facet normal 0 0 1
    outer loop
      vertex 66.1029 -53.25 27
      vertex 67.3586 -52.525 27
      vertex 67.1822 -52.1672 27
    endloop
  endfacet
  facet normal 0 0 1
    outer loop
      vertex 65.8425 -52.7221 27
      vertex 67.1822 -52.1672 27
      vertex 67.0539 -51.7894 27
    endloop
  endfacet
  facet normal 0 0 1
    outer loop
      vertex 65.6533 -52.1647 27
      vertex 67.0539 -51.7894 27
      vertex 66.9761 -51.3981 27
    endloop
  endfacet
  facet normal 0 0 1
    outer loop
      vertex 67.8433 -53.1567 27
      vertex 66.818 -54.182 27
      vertex 67.2606 -54.5701 27
    endloop
  endfacet
  facet normal 0 0 1
    outer loop
      vertex 65.5385 -51.5874 27
      vertex 66.9761 -51.3981 27
      vertex 66.95 -51 27
    endloop
  endfacet
  facet normal 0 0 1
    outer loop
      vertex 67.1822 -49.8328 27
      vertex 65.8425 -49.2779 27
      vertex 67.0539 -50.2106 27
    endloop
  endfacet
  facet normal -0 0 1
    outer loop
      vertex 65.6533 -49.8353 27
      vertex 67.0539 -50.2106 27
      vertex 65.8425 -49.2779 27
    endloop
  endfacet
  facet normal 0 0 1
    outer loop
      vertex 67.5803 -52.8567 27
      vertex 66.4299 -53.7394 27
      vertex 66.818 -54.182 27
    endloop
  endfacet
  facet normal 0 0 1
    outer loop
      vertex 67.0539 -50.2106 27
      vertex 65.6533 -49.8353 27
      vertex 66.9761 -50.6019 27
    endloop
  endfacet
  facet normal 0 0 1
    outer loop
      vertex 67.3586 -52.525 27
      vertex 66.1029 -53.25 27
      vertex 66.4299 -53.7394 27
    endloop
  endfacet
  facet normal -0 0 1
    outer loop
      vertex 65.5385 -50.4126 27
      vertex 66.9761 -50.6019 27
      vertex 65.6533 -49.8353 27
    endloop
  endfacet
  facet normal 0 0 1
    outer loop
      vertex 67.1822 -52.1672 27
      vertex 65.8425 -52.7221 27
      vertex 66.1029 -53.25 27
    endloop
  endfacet
  facet normal 0 0 1
    outer loop
      vertex 66.9761 -50.6019 27
      vertex 65.5385 -50.4126 27
      vertex 66.95 -51 27
    endloop
  endfacet
  facet normal 0 0 1
    outer loop
      vertex 67.0539 -51.7894 27
      vertex 65.6533 -52.1647 27
      vertex 65.8425 -52.7221 27
    endloop
  endfacet
  facet normal 0 0 1
    outer loop
      vertex 65.5 -51 27
      vertex 66.95 -51 27
      vertex 65.5385 -50.4126 27
    endloop
  endfacet
  facet normal 0 0 1
    outer loop
      vertex 66.9761 -51.3981 27
      vertex 65.5385 -51.5874 27
      vertex 65.6533 -52.1647 27
    endloop
  endfacet
  facet normal 0 0 1
    outer loop
      vertex 66.95 -51 27
      vertex 65.5 -51 27
      vertex 65.5385 -51.5874 27
    endloop
  endfacet
  facet normal -0.195038 -0.980796 0
    outer loop
      vertex 68.8353 -55.3467 2.4
      vertex 69.4126 -55.4615 27
      vertex 68.8353 -55.3467 27
    endloop
  endfacet
  facet normal -0.195038 -0.980796 -0
    outer loop
      vertex 69.4126 -55.4615 27
      vertex 68.8353 -55.3467 2.4
      vertex 69.4126 -55.4615 2.4
    endloop
  endfacet
  facet normal -0.659298 -0.751882 0
    outer loop
      vertex 66.818 -54.182 2.4
      vertex 67.2606 -54.5701 27
      vertex 66.818 -54.182 27
    endloop
  endfacet
  facet normal -0.659298 -0.751882 -0
    outer loop
      vertex 67.2606 -54.5701 27
      vertex 66.818 -54.182 2.4
      vertex 67.2606 -54.5701 2.4
    endloop
  endfacet
  facet normal 0.195038 -0.980796 0
    outer loop
      vertex 70.5874 46.5385 2.4
      vertex 71.1647 46.6533 27
      vertex 70.5874 46.5385 27
    endloop
  endfacet
  facet normal 0.195038 -0.980796 0
    outer loop
      vertex 71.1647 46.6533 27
      vertex 70.5874 46.5385 2.4
      vertex 71.1647 46.6533 2.4
    endloop
  endfacet
  facet normal 0.980796 0.195038 0
    outer loop
      vertex 74.4615 51.5874 27
      vertex 74.3467 52.1647 2.4
      vertex 74.3467 52.1647 27
    endloop
  endfacet
  facet normal 0.980796 0.195038 0
    outer loop
      vertex 74.3467 52.1647 2.4
      vertex 74.4615 51.5874 27
      vertex 74.4615 51.5874 2.4
    endloop
  endfacet
  facet normal 0.997859 0.0654027 0
    outer loop
      vertex 74.5 51 27
      vertex 74.4615 51.5874 2.4
      vertex 74.4615 51.5874 27
    endloop
  endfacet
  facet normal 0.997859 0.0654027 0
    outer loop
      vertex 74.4615 51.5874 2.4
      vertex 74.5 51 27
      vertex 74.5 51 2.4
    endloop
  endfacet
  facet normal 0.980796 -0.195038 0
    outer loop
      vertex 74.3467 49.8353 27
      vertex 74.4615 50.4126 2.4
      vertex 74.4615 50.4126 27
    endloop
  endfacet
  facet normal 0.980796 -0.195038 0
    outer loop
      vertex 74.4615 50.4126 2.4
      vertex 74.3467 49.8353 27
      vertex 74.3467 49.8353 2.4
    endloop
  endfacet
  facet normal -0.831475 0.555562 0
    outer loop
      vertex 66.1029 53.25 2.4
      vertex 66.4299 53.7394 27
      vertex 66.4299 53.7394 2.4
    endloop
  endfacet
  facet normal -0.831475 0.555562 0
    outer loop
      vertex 66.4299 53.7394 27
      vertex 66.1029 53.25 2.4
      vertex 66.1029 53.25 27
    endloop
  endfacet
  facet normal 0.659298 0.751882 -0
    outer loop
      vertex 73.182 54.182 2.4
      vertex 72.7394 54.5701 27
      vertex 73.182 54.182 27
    endloop
  endfacet
  facet normal 0.659298 0.751882 0
    outer loop
      vertex 72.7394 54.5701 27
      vertex 73.182 54.182 2.4
      vertex 72.7394 54.5701 2.4
    endloop
  endfacet
  facet normal 0.195038 0.980796 -0
    outer loop
      vertex 71.1647 55.3467 2.4
      vertex 70.5874 55.4615 27
      vertex 71.1647 55.3467 27
    endloop
  endfacet
  facet normal 0.195038 0.980796 0
    outer loop
      vertex 70.5874 55.4615 27
      vertex 71.1647 55.3467 2.4
      vertex 70.5874 55.4615 2.4
    endloop
  endfacet
  facet normal 0.659298 -0.751882 0
    outer loop
      vertex 72.7394 47.4299 2.4
      vertex 73.182 47.818 27
      vertex 72.7394 47.4299 27
    endloop
  endfacet
  facet normal 0.659298 -0.751882 0
    outer loop
      vertex 73.182 47.818 27
      vertex 72.7394 47.4299 2.4
      vertex 73.182 47.818 2.4
    endloop
  endfacet
  facet normal 0.896827 -0.442382 0
    outer loop
      vertex 73.8971 48.75 27
      vertex 74.1575 49.2779 2.4
      vertex 74.1575 49.2779 27
    endloop
  endfacet
  facet normal 0.896827 -0.442382 0
    outer loop
      vertex 74.1575 49.2779 2.4
      vertex 73.8971 48.75 27
      vertex 73.8971 48.75 2.4
    endloop
  endfacet
  facet normal -0.555562 -0.831475 0
    outer loop
      vertex 67.2606 47.4299 2.4
      vertex 67.75 47.1029 27
      vertex 67.2606 47.4299 27
    endloop
  endfacet
  facet normal -0.555562 -0.831475 -0
    outer loop
      vertex 67.75 47.1029 27
      vertex 67.2606 47.4299 2.4
      vertex 67.75 47.1029 2.4
    endloop
  endfacet
  facet normal 0.831475 -0.555562 0
    outer loop
      vertex 73.5701 48.2606 27
      vertex 73.8971 48.75 2.4
      vertex 73.8971 48.75 27
    endloop
  endfacet
  facet normal 0.831475 -0.555562 0
    outer loop
      vertex 73.8971 48.75 2.4
      vertex 73.5701 48.2606 27
      vertex 73.5701 48.2606 2.4
    endloop
  endfacet
  facet normal -0.896827 0.442382 0
    outer loop
      vertex 65.8425 52.7221 2.4
      vertex 66.1029 53.25 27
      vertex 66.1029 53.25 2.4
    endloop
  endfacet
  facet normal -0.896827 0.442382 0
    outer loop
      vertex 66.1029 53.25 27
      vertex 65.8425 52.7221 2.4
      vertex 65.8425 52.7221 27
    endloop
  endfacet
  facet normal -0.997859 0.0654027 0
    outer loop
      vertex 65.5 51 2.4
      vertex 65.5385 51.5874 27
      vertex 65.5385 51.5874 2.4
    endloop
  endfacet
  facet normal -0.997859 0.0654027 0
    outer loop
      vertex 65.5385 51.5874 27
      vertex 65.5 51 2.4
      vertex 65.5 51 27
    endloop
  endfacet
  facet normal -0.0654027 0.997859 0
    outer loop
      vertex 70 55.5 2.4
      vertex 69.4126 55.4615 27
      vertex 70 55.5 27
    endloop
  endfacet
  facet normal -0.0654027 0.997859 0
    outer loop
      vertex 69.4126 55.4615 27
      vertex 70 55.5 2.4
      vertex 69.4126 55.4615 2.4
    endloop
  endfacet
  facet normal -0.896827 -0.442382 0
    outer loop
      vertex 66.1029 48.75 2.4
      vertex 65.8425 49.2779 27
      vertex 65.8425 49.2779 2.4
    endloop
  endfacet
  facet normal -0.896827 -0.442382 0
    outer loop
      vertex 65.8425 49.2779 27
      vertex 66.1029 48.75 2.4
      vertex 66.1029 48.75 27
    endloop
  endfacet
  facet normal 0.442382 0.896827 -0
    outer loop
      vertex 72.25 54.8971 2.4
      vertex 71.7221 55.1575 27
      vertex 72.25 54.8971 27
    endloop
  endfacet
  facet normal 0.442382 0.896827 0
    outer loop
      vertex 71.7221 55.1575 27
      vertex 72.25 54.8971 2.4
      vertex 71.7221 55.1575 2.4
    endloop
  endfacet
  facet normal 0.0654027 -0.997859 0
    outer loop
      vertex 70 46.5 2.4
      vertex 70.5874 46.5385 27
      vertex 70 46.5 27
    endloop
  endfacet
  facet normal 0.0654027 -0.997859 0
    outer loop
      vertex 70.5874 46.5385 27
      vertex 70 46.5 2.4
      vertex 70.5874 46.5385 2.4
    endloop
  endfacet
  facet normal -0.751882 -0.659298 0
    outer loop
      vertex 66.818 47.818 2.4
      vertex 66.4299 48.2606 27
      vertex 66.4299 48.2606 2.4
    endloop
  endfacet
  facet normal -0.751882 -0.659298 0
    outer loop
      vertex 66.4299 48.2606 27
      vertex 66.818 47.818 2.4
      vertex 66.818 47.818 27
    endloop
  endfacet
  facet normal -0.321421 0.946936 0
    outer loop
      vertex 68.8353 55.3467 2.4
      vertex 68.2779 55.1575 27
      vertex 68.8353 55.3467 27
    endloop
  endfacet
  facet normal -0.321421 0.946936 0
    outer loop
      vertex 68.2779 55.1575 27
      vertex 68.8353 55.3467 2.4
      vertex 68.2779 55.1575 2.4
    endloop
  endfacet
  facet normal -0.997859 -0.0654027 0
    outer loop
      vertex 65.5385 50.4126 2.4
      vertex 65.5 51 27
      vertex 65.5 51 2.4
    endloop
  endfacet
  facet normal -0.997859 -0.0654027 0
    outer loop
      vertex 65.5 51 27
      vertex 65.5385 50.4126 2.4
      vertex 65.5385 50.4126 27
    endloop
  endfacet
  facet normal 0.946936 0.321421 0
    outer loop
      vertex 74.3467 52.1647 27
      vertex 74.1575 52.7221 2.4
      vertex 74.1575 52.7221 27
    endloop
  endfacet
  facet normal 0.946936 0.321421 0
    outer loop
      vertex 74.1575 52.7221 2.4
      vertex 74.3467 52.1647 27
      vertex 74.3467 52.1647 2.4
    endloop
  endfacet
  facet normal -0.659298 0.751882 0
    outer loop
      vertex 67.2606 54.5701 2.4
      vertex 66.818 54.182 27
      vertex 67.2606 54.5701 27
    endloop
  endfacet
  facet normal -0.659298 0.751882 0
    outer loop
      vertex 66.818 54.182 27
      vertex 67.2606 54.5701 2.4
      vertex 66.818 54.182 2.4
    endloop
  endfacet
  facet normal -0.751882 0.659298 0
    outer loop
      vertex 66.4299 53.7394 2.4
      vertex 66.818 54.182 27
      vertex 66.818 54.182 2.4
    endloop
  endfacet
  facet normal -0.751882 0.659298 0
    outer loop
      vertex 66.818 54.182 27
      vertex 66.4299 53.7394 2.4
      vertex 66.4299 53.7394 27
    endloop
  endfacet
  facet normal 0.831475 0.555562 0
    outer loop
      vertex 73.8971 53.25 27
      vertex 73.5701 53.7394 2.4
      vertex 73.5701 53.7394 27
    endloop
  endfacet
  facet normal 0.831475 0.555562 0
    outer loop
      vertex 73.5701 53.7394 2.4
      vertex 73.8971 53.25 27
      vertex 73.8971 53.25 2.4
    endloop
  endfacet
  facet normal 0.555562 0.831475 -0
    outer loop
      vertex 72.7394 54.5701 2.4
      vertex 72.25 54.8971 27
      vertex 72.7394 54.5701 27
    endloop
  endfacet
  facet normal 0.555562 0.831475 0
    outer loop
      vertex 72.25 54.8971 27
      vertex 72.7394 54.5701 2.4
      vertex 72.25 54.8971 2.4
    endloop
  endfacet
  facet normal -0.980796 -0.195038 0
    outer loop
      vertex 65.6533 49.8353 2.4
      vertex 65.5385 50.4126 27
      vertex 65.5385 50.4126 2.4
    endloop
  endfacet
  facet normal -0.980796 -0.195038 0
    outer loop
      vertex 65.5385 50.4126 27
      vertex 65.6533 49.8353 2.4
      vertex 65.6533 49.8353 27
    endloop
  endfacet
  facet normal -0.442382 0.896827 0
    outer loop
      vertex 68.2779 55.1575 2.4
      vertex 67.75 54.8971 27
      vertex 68.2779 55.1575 27
    endloop
  endfacet
  facet normal -0.442382 0.896827 0
    outer loop
      vertex 67.75 54.8971 27
      vertex 68.2779 55.1575 2.4
      vertex 67.75 54.8971 2.4
    endloop
  endfacet
  facet normal 0.321421 0.946936 -0
    outer loop
      vertex 71.7221 55.1575 2.4
      vertex 71.1647 55.3467 27
      vertex 71.7221 55.1575 27
    endloop
  endfacet
  facet normal 0.321421 0.946936 0
    outer loop
      vertex 71.1647 55.3467 27
      vertex 71.7221 55.1575 2.4
      vertex 71.1647 55.3467 2.4
    endloop
  endfacet
  facet normal 0.997859 -0.0654027 0
    outer loop
      vertex 74.4615 50.4126 27
      vertex 74.5 51 2.4
      vertex 74.5 51 27
    endloop
  endfacet
  facet normal 0.997859 -0.0654027 0
    outer loop
      vertex 74.5 51 2.4
      vertex 74.4615 50.4126 27
      vertex 74.4615 50.4126 2.4
    endloop
  endfacet
  facet normal 0.555562 -0.831475 0
    outer loop
      vertex 72.25 47.1029 2.4
      vertex 72.7394 47.4299 27
      vertex 72.25 47.1029 27
    endloop
  endfacet
  facet normal 0.555562 -0.831475 0
    outer loop
      vertex 72.7394 47.4299 27
      vertex 72.25 47.1029 2.4
      vertex 72.7394 47.4299 2.4
    endloop
  endfacet
  facet normal 0.896827 0.442382 0
    outer loop
      vertex 74.1575 52.7221 27
      vertex 73.8971 53.25 2.4
      vertex 73.8971 53.25 27
    endloop
  endfacet
  facet normal 0.896827 0.442382 0
    outer loop
      vertex 73.8971 53.25 2.4
      vertex 74.1575 52.7221 27
      vertex 74.1575 52.7221 2.4
    endloop
  endfacet
  facet normal -0.659298 -0.751882 0
    outer loop
      vertex 66.818 47.818 2.4
      vertex 67.2606 47.4299 27
      vertex 66.818 47.818 27
    endloop
  endfacet
  facet normal -0.659298 -0.751882 -0
    outer loop
      vertex 67.2606 47.4299 27
      vertex 66.818 47.818 2.4
      vertex 67.2606 47.4299 2.4
    endloop
  endfacet
  facet normal -0.321421 -0.946936 0
    outer loop
      vertex 68.2779 46.8425 2.4
      vertex 68.8353 46.6533 27
      vertex 68.2779 46.8425 27
    endloop
  endfacet
  facet normal -0.321421 -0.946936 -0
    outer loop
      vertex 68.8353 46.6533 27
      vertex 68.2779 46.8425 2.4
      vertex 68.8353 46.6533 2.4
    endloop
  endfacet
  facet normal -0.980796 0.195038 0
    outer loop
      vertex 65.5385 51.5874 2.4
      vertex 65.6533 52.1647 27
      vertex 65.6533 52.1647 2.4
    endloop
  endfacet
  facet normal -0.980796 0.195038 0
    outer loop
      vertex 65.6533 52.1647 27
      vertex 65.5385 51.5874 2.4
      vertex 65.5385 51.5874 27
    endloop
  endfacet
  facet normal 0.751882 -0.659298 0
    outer loop
      vertex 73.182 47.818 27
      vertex 73.5701 48.2606 2.4
      vertex 73.5701 48.2606 27
    endloop
  endfacet
  facet normal 0.751882 -0.659298 0
    outer loop
      vertex 73.5701 48.2606 2.4
      vertex 73.182 47.818 27
      vertex 73.182 47.818 2.4
    endloop
  endfacet
  facet normal -0.946936 -0.321421 0
    outer loop
      vertex 65.8425 49.2779 2.4
      vertex 65.6533 49.8353 27
      vertex 65.6533 49.8353 2.4
    endloop
  endfacet
  facet normal -0.946936 -0.321421 0
    outer loop
      vertex 65.6533 49.8353 27
      vertex 65.8425 49.2779 2.4
      vertex 65.8425 49.2779 27
    endloop
  endfacet
  facet normal -0.0654027 -0.997859 0
    outer loop
      vertex 69.4126 46.5385 2.4
      vertex 70 46.5 27
      vertex 69.4126 46.5385 27
    endloop
  endfacet
  facet normal -0.0654027 -0.997859 -0
    outer loop
      vertex 70 46.5 27
      vertex 69.4126 46.5385 2.4
      vertex 70 46.5 2.4
    endloop
  endfacet
  facet normal 0.751882 0.659298 0
    outer loop
      vertex 73.5701 53.7394 27
      vertex 73.182 54.182 2.4
      vertex 73.182 54.182 27
    endloop
  endfacet
  facet normal 0.751882 0.659298 0
    outer loop
      vertex 73.182 54.182 2.4
      vertex 73.5701 53.7394 27
      vertex 73.5701 53.7394 2.4
    endloop
  endfacet
  facet normal 0.442382 -0.896827 0
    outer loop
      vertex 71.7221 46.8425 2.4
      vertex 72.25 47.1029 27
      vertex 71.7221 46.8425 27
    endloop
  endfacet
  facet normal 0.442382 -0.896827 0
    outer loop
      vertex 72.25 47.1029 27
      vertex 71.7221 46.8425 2.4
      vertex 72.25 47.1029 2.4
    endloop
  endfacet
  facet normal -0.555562 0.831475 0
    outer loop
      vertex 67.75 54.8971 2.4
      vertex 67.2606 54.5701 27
      vertex 67.75 54.8971 27
    endloop
  endfacet
  facet normal -0.555562 0.831475 0
    outer loop
      vertex 67.2606 54.5701 27
      vertex 67.75 54.8971 2.4
      vertex 67.2606 54.5701 2.4
    endloop
  endfacet
  facet normal 0.321421 -0.946936 0
    outer loop
      vertex 71.1647 46.6533 2.4
      vertex 71.7221 46.8425 27
      vertex 71.1647 46.6533 27
    endloop
  endfacet
  facet normal 0.321421 -0.946936 0
    outer loop
      vertex 71.7221 46.8425 27
      vertex 71.1647 46.6533 2.4
      vertex 71.7221 46.8425 2.4
    endloop
  endfacet
  facet normal -0.195038 0.980796 0
    outer loop
      vertex 69.4126 55.4615 2.4
      vertex 68.8353 55.3467 27
      vertex 69.4126 55.4615 27
    endloop
  endfacet
  facet normal -0.195038 0.980796 0
    outer loop
      vertex 68.8353 55.3467 27
      vertex 69.4126 55.4615 2.4
      vertex 68.8353 55.3467 2.4
    endloop
  endfacet
  facet normal 0.946936 -0.321421 0
    outer loop
      vertex 74.1575 49.2779 27
      vertex 74.3467 49.8353 2.4
      vertex 74.3467 49.8353 27
    endloop
  endfacet
  facet normal 0.946936 -0.321421 0
    outer loop
      vertex 74.3467 49.8353 2.4
      vertex 74.1575 49.2779 27
      vertex 74.1575 49.2779 2.4
    endloop
  endfacet
  facet normal 0 0 1
    outer loop
      vertex 73.05 51 27
      vertex 74.5 51 27
      vertex 74.4615 51.5874 27
    endloop
  endfacet
  facet normal 0 0 1
    outer loop
      vertex 73.0239 51.3981 27
      vertex 74.4615 51.5874 27
      vertex 74.3467 52.1647 27
    endloop
  endfacet
  facet normal 0 0 1
    outer loop
      vertex 74.5 51 27
      vertex 73.05 51 27
      vertex 74.4615 50.4126 27
    endloop
  endfacet
  facet normal 0 0 1
    outer loop
      vertex 72.9461 51.7894 27
      vertex 74.3467 52.1647 27
      vertex 74.1575 52.7221 27
    endloop
  endfacet
  facet normal -0 0 1
    outer loop
      vertex 73.0239 50.6019 27
      vertex 74.4615 50.4126 27
      vertex 73.05 51 27
    endloop
  endfacet
  facet normal 0 0 1
    outer loop
      vertex 72.8178 52.1672 27
      vertex 74.1575 52.7221 27
      vertex 73.8971 53.25 27
    endloop
  endfacet
  facet normal 0 0 1
    outer loop
      vertex 74.4615 50.4126 27
      vertex 73.0239 50.6019 27
      vertex 74.3467 49.8353 27
    endloop
  endfacet
  facet normal 0 0 1
    outer loop
      vertex 72.6414 52.525 27
      vertex 73.8971 53.25 27
      vertex 73.5701 53.7394 27
    endloop
  endfacet
  facet normal -0 0 1
    outer loop
      vertex 72.9461 50.2106 27
      vertex 74.3467 49.8353 27
      vertex 73.0239 50.6019 27
    endloop
  endfacet
  facet normal 0 0 1
    outer loop
      vertex 72.4197 52.8567 27
      vertex 73.5701 53.7394 27
      vertex 73.182 54.182 27
    endloop
  endfacet
  facet normal 0 0 1
    outer loop
      vertex 74.3467 49.8353 27
      vertex 72.9461 50.2106 27
      vertex 74.1575 49.2779 27
    endloop
  endfacet
  facet normal -0 0 1
    outer loop
      vertex 72.8178 49.8328 27
      vertex 74.1575 49.2779 27
      vertex 72.9461 50.2106 27
    endloop
  endfacet
  facet normal 0 0 1
    outer loop
      vertex 74.4615 51.5874 27
      vertex 73.0239 51.3981 27
      vertex 73.05 51 27
    endloop
  endfacet
  facet normal 0 0 1
    outer loop
      vertex 74.3467 52.1647 27
      vertex 72.9461 51.7894 27
      vertex 73.0239 51.3981 27
    endloop
  endfacet
  facet normal 0 0 1
    outer loop
      vertex 74.1575 52.7221 27
      vertex 72.8178 52.1672 27
      vertex 72.9461 51.7894 27
    endloop
  endfacet
  facet normal 0 0 1
    outer loop
      vertex 72.1567 53.1567 27
      vertex 73.182 54.182 27
      vertex 72.7394 54.5701 27
    endloop
  endfacet
  facet normal 0 0 1
    outer loop
      vertex 73.8971 53.25 27
      vertex 72.6414 52.525 27
      vertex 72.8178 52.1672 27
    endloop
  endfacet
  facet normal 0 0 1
    outer loop
      vertex 73.5701 53.7394 27
      vertex 72.4197 52.8567 27
      vertex 72.6414 52.525 27
    endloop
  endfacet
  facet normal 0 0 1
    outer loop
      vertex 71.8567 53.4197 27
      vertex 72.7394 54.5701 27
      vertex 72.25 54.8971 27
    endloop
  endfacet
  facet normal 0 0 1
    outer loop
      vertex 73.182 54.182 27
      vertex 72.1567 53.1567 27
      vertex 72.4197 52.8567 27
    endloop
  endfacet
  facet normal 0 0 1
    outer loop
      vertex 72.7394 54.5701 27
      vertex 71.8567 53.4197 27
      vertex 72.1567 53.1567 27
    endloop
  endfacet
  facet normal 0 0 1
    outer loop
      vertex 71.525 53.6414 27
      vertex 72.25 54.8971 27
      vertex 71.7221 55.1575 27
    endloop
  endfacet
  facet normal 0 0 1
    outer loop
      vertex 72.25 54.8971 27
      vertex 71.525 53.6414 27
      vertex 71.8567 53.4197 27
    endloop
  endfacet
  facet normal 0 0 1
    outer loop
      vertex 71.7221 55.1575 27
      vertex 71.1672 53.8178 27
      vertex 71.525 53.6414 27
    endloop
  endfacet
  facet normal 0 0 1
    outer loop
      vertex 71.1647 55.3467 27
      vertex 71.1672 53.8178 27
      vertex 71.7221 55.1575 27
    endloop
  endfacet
  facet normal 0 0 1
    outer loop
      vertex 71.1647 55.3467 27
      vertex 70.7894 53.9461 27
      vertex 71.1672 53.8178 27
    endloop
  endfacet
  facet normal 0 0 1
    outer loop
      vertex 70.5874 55.4615 27
      vertex 70.7894 53.9461 27
      vertex 71.1647 55.3467 27
    endloop
  endfacet
  facet normal 0 0 1
    outer loop
      vertex 70.5874 55.4615 27
      vertex 70.3981 54.0239 27
      vertex 70.7894 53.9461 27
    endloop
  endfacet
  facet normal 0 0 1
    outer loop
      vertex 70 55.5 27
      vertex 70.3981 54.0239 27
      vertex 70.5874 55.4615 27
    endloop
  endfacet
  facet normal 0 0 1
    outer loop
      vertex 70 55.5 27
      vertex 70 54.05 27
      vertex 70.3981 54.0239 27
    endloop
  endfacet
  facet normal 0 0 1
    outer loop
      vertex 70 55.5 27
      vertex 69.6019 54.0239 27
      vertex 70 54.05 27
    endloop
  endfacet
  facet normal -0 0 1
    outer loop
      vertex 69.4126 55.4615 27
      vertex 69.6019 54.0239 27
      vertex 70 55.5 27
    endloop
  endfacet
  facet normal 0 0 1
    outer loop
      vertex 69.4126 55.4615 27
      vertex 69.2106 53.9461 27
      vertex 69.6019 54.0239 27
    endloop
  endfacet
  facet normal -0 0 1
    outer loop
      vertex 68.8353 55.3467 27
      vertex 69.2106 53.9461 27
      vertex 69.4126 55.4615 27
    endloop
  endfacet
  facet normal 0 0 1
    outer loop
      vertex 68.8353 55.3467 27
      vertex 68.8328 53.8178 27
      vertex 69.2106 53.9461 27
    endloop
  endfacet
  facet normal -0 0 1
    outer loop
      vertex 68.2779 55.1575 27
      vertex 68.8328 53.8178 27
      vertex 68.8353 55.3467 27
    endloop
  endfacet
  facet normal 0 0 1
    outer loop
      vertex 68.8328 53.8178 27
      vertex 68.2779 55.1575 27
      vertex 68.475 53.6414 27
    endloop
  endfacet
  facet normal -0 0 1
    outer loop
      vertex 67.75 54.8971 27
      vertex 68.475 53.6414 27
      vertex 68.2779 55.1575 27
    endloop
  endfacet
  facet normal 0 0 1
    outer loop
      vertex 68.475 53.6414 27
      vertex 67.75 54.8971 27
      vertex 68.1433 53.4197 27
    endloop
  endfacet
  facet normal -0 0 1
    outer loop
      vertex 67.2606 54.5701 27
      vertex 68.1433 53.4197 27
      vertex 67.75 54.8971 27
    endloop
  endfacet
  facet normal 0 0 1
    outer loop
      vertex 68.1433 53.4197 27
      vertex 67.2606 54.5701 27
      vertex 67.8433 53.1567 27
    endloop
  endfacet
  facet normal -0 0 1
    outer loop
      vertex 66.818 54.182 27
      vertex 67.8433 53.1567 27
      vertex 67.2606 54.5701 27
    endloop
  endfacet
  facet normal 0 0 1
    outer loop
      vertex 67.8433 53.1567 27
      vertex 66.818 54.182 27
      vertex 67.5803 52.8567 27
    endloop
  endfacet
  facet normal -0 0 1
    outer loop
      vertex 66.4299 53.7394 27
      vertex 67.5803 52.8567 27
      vertex 66.818 54.182 27
    endloop
  endfacet
  facet normal 0 0 1
    outer loop
      vertex 67.5803 52.8567 27
      vertex 66.4299 53.7394 27
      vertex 67.3586 52.525 27
    endloop
  endfacet
  facet normal -0 0 1
    outer loop
      vertex 66.1029 53.25 27
      vertex 67.3586 52.525 27
      vertex 66.4299 53.7394 27
    endloop
  endfacet
  facet normal -0 0 1
    outer loop
      vertex 65.8425 52.7221 27
      vertex 67.1822 52.1672 27
      vertex 66.1029 53.25 27
    endloop
  endfacet
  facet normal 0 0 1
    outer loop
      vertex 67.3586 52.525 27
      vertex 66.1029 53.25 27
      vertex 67.1822 52.1672 27
    endloop
  endfacet
  facet normal 0 0 1
    outer loop
      vertex 74.1575 49.2779 27
      vertex 72.8178 49.8328 27
      vertex 73.8971 48.75 27
    endloop
  endfacet
  facet normal -0 0 1
    outer loop
      vertex 72.6414 49.475 27
      vertex 73.8971 48.75 27
      vertex 72.8178 49.8328 27
    endloop
  endfacet
  facet normal 0 0 1
    outer loop
      vertex 73.8971 48.75 27
      vertex 72.6414 49.475 27
      vertex 73.5701 48.2606 27
    endloop
  endfacet
  facet normal -0 0 1
    outer loop
      vertex 72.4197 49.1433 27
      vertex 73.5701 48.2606 27
      vertex 72.6414 49.475 27
    endloop
  endfacet
  facet normal 0 0 1
    outer loop
      vertex 73.5701 48.2606 27
      vertex 72.4197 49.1433 27
      vertex 73.182 47.818 27
    endloop
  endfacet
  facet normal -0 0 1
    outer loop
      vertex 72.1567 48.8433 27
      vertex 73.182 47.818 27
      vertex 72.4197 49.1433 27
    endloop
  endfacet
  facet normal 0 0 1
    outer loop
      vertex 73.182 47.818 27
      vertex 72.1567 48.8433 27
      vertex 72.7394 47.4299 27
    endloop
  endfacet
  facet normal -0 0 1
    outer loop
      vertex 71.8567 48.5803 27
      vertex 72.7394 47.4299 27
      vertex 72.1567 48.8433 27
    endloop
  endfacet
  facet normal 0 0 1
    outer loop
      vertex 72.7394 47.4299 27
      vertex 71.8567 48.5803 27
      vertex 72.25 47.1029 27
    endloop
  endfacet
  facet normal -0 0 1
    outer loop
      vertex 71.525 48.3586 27
      vertex 72.25 47.1029 27
      vertex 71.8567 48.5803 27
    endloop
  endfacet
  facet normal 0 0 1
    outer loop
      vertex 72.25 47.1029 27
      vertex 71.525 48.3586 27
      vertex 71.7221 46.8425 27
    endloop
  endfacet
  facet normal -0 0 1
    outer loop
      vertex 71.1672 48.1822 27
      vertex 71.7221 46.8425 27
      vertex 71.525 48.3586 27
    endloop
  endfacet
  facet normal 0 0 1
    outer loop
      vertex 71.1672 48.1822 27
      vertex 71.1647 46.6533 27
      vertex 71.7221 46.8425 27
    endloop
  endfacet
  facet normal -0 0 1
    outer loop
      vertex 70.7894 48.0539 27
      vertex 71.1647 46.6533 27
      vertex 71.1672 48.1822 27
    endloop
  endfacet
  facet normal 0 0 1
    outer loop
      vertex 70.7894 48.0539 27
      vertex 70.5874 46.5385 27
      vertex 71.1647 46.6533 27
    endloop
  endfacet
  facet normal -0 0 1
    outer loop
      vertex 70.3981 47.9761 27
      vertex 70.5874 46.5385 27
      vertex 70.7894 48.0539 27
    endloop
  endfacet
  facet normal -0 0 1
    outer loop
      vertex 70 47.95 27
      vertex 70.5874 46.5385 27
      vertex 70.3981 47.9761 27
    endloop
  endfacet
  facet normal 0 0 1
    outer loop
      vertex 70 47.95 27
      vertex 70 46.5 27
      vertex 70.5874 46.5385 27
    endloop
  endfacet
  facet normal 0 0 1
    outer loop
      vertex 69.6019 47.9761 27
      vertex 70 46.5 27
      vertex 70 47.95 27
    endloop
  endfacet
  facet normal 0 0 1
    outer loop
      vertex 69.6019 47.9761 27
      vertex 69.4126 46.5385 27
      vertex 70 46.5 27
    endloop
  endfacet
  facet normal 0 0 1
    outer loop
      vertex 69.2106 48.0539 27
      vertex 69.4126 46.5385 27
      vertex 69.6019 47.9761 27
    endloop
  endfacet
  facet normal 0 0 1
    outer loop
      vertex 69.2106 48.0539 27
      vertex 68.8353 46.6533 27
      vertex 69.4126 46.5385 27
    endloop
  endfacet
  facet normal 0 0 1
    outer loop
      vertex 68.8328 48.1822 27
      vertex 68.8353 46.6533 27
      vertex 69.2106 48.0539 27
    endloop
  endfacet
  facet normal 0 0 1
    outer loop
      vertex 68.2779 46.8425 27
      vertex 68.8328 48.1822 27
      vertex 68.475 48.3586 27
    endloop
  endfacet
  facet normal 0 0 1
    outer loop
      vertex 68.8328 48.1822 27
      vertex 68.2779 46.8425 27
      vertex 68.8353 46.6533 27
    endloop
  endfacet
  facet normal 0 0 1
    outer loop
      vertex 67.75 47.1029 27
      vertex 68.475 48.3586 27
      vertex 68.1433 48.5803 27
    endloop
  endfacet
  facet normal 0 0 1
    outer loop
      vertex 67.2606 47.4299 27
      vertex 68.1433 48.5803 27
      vertex 67.8433 48.8433 27
    endloop
  endfacet
  facet normal 0 0 1
    outer loop
      vertex 68.475 48.3586 27
      vertex 67.75 47.1029 27
      vertex 68.2779 46.8425 27
    endloop
  endfacet
  facet normal 0 0 1
    outer loop
      vertex 66.818 47.818 27
      vertex 67.8433 48.8433 27
      vertex 67.5803 49.1433 27
    endloop
  endfacet
  facet normal 0 0 1
    outer loop
      vertex 66.4299 48.2606 27
      vertex 67.5803 49.1433 27
      vertex 67.3586 49.475 27
    endloop
  endfacet
  facet normal 0 0 1
    outer loop
      vertex 68.1433 48.5803 27
      vertex 67.2606 47.4299 27
      vertex 67.75 47.1029 27
    endloop
  endfacet
  facet normal 0 0 1
    outer loop
      vertex 66.1029 48.75 27
      vertex 67.3586 49.475 27
      vertex 67.1822 49.8328 27
    endloop
  endfacet
  facet normal 0 0 1
    outer loop
      vertex 65.8425 49.2779 27
      vertex 67.1822 49.8328 27
      vertex 67.0539 50.2106 27
    endloop
  endfacet
  facet normal 0 0 1
    outer loop
      vertex 65.6533 49.8353 27
      vertex 67.0539 50.2106 27
      vertex 66.9761 50.6019 27
    endloop
  endfacet
  facet normal 0 0 1
    outer loop
      vertex 67.8433 48.8433 27
      vertex 66.818 47.818 27
      vertex 67.2606 47.4299 27
    endloop
  endfacet
  facet normal 0 0 1
    outer loop
      vertex 65.5385 50.4126 27
      vertex 66.9761 50.6019 27
      vertex 66.95 51 27
    endloop
  endfacet
  facet normal 0 0 1
    outer loop
      vertex 67.1822 52.1672 27
      vertex 65.8425 52.7221 27
      vertex 67.0539 51.7894 27
    endloop
  endfacet
  facet normal -0 0 1
    outer loop
      vertex 65.6533 52.1647 27
      vertex 67.0539 51.7894 27
      vertex 65.8425 52.7221 27
    endloop
  endfacet
  facet normal 0 0 1
    outer loop
      vertex 67.5803 49.1433 27
      vertex 66.4299 48.2606 27
      vertex 66.818 47.818 27
    endloop
  endfacet
  facet normal 0 0 1
    outer loop
      vertex 67.0539 51.7894 27
      vertex 65.6533 52.1647 27
      vertex 66.9761 51.3981 27
    endloop
  endfacet
  facet normal 0 0 1
    outer loop
      vertex 67.3586 49.475 27
      vertex 66.1029 48.75 27
      vertex 66.4299 48.2606 27
    endloop
  endfacet
  facet normal -0 0 1
    outer loop
      vertex 65.5385 51.5874 27
      vertex 66.9761 51.3981 27
      vertex 65.6533 52.1647 27
    endloop
  endfacet
  facet normal 0 0 1
    outer loop
      vertex 67.1822 49.8328 27
      vertex 65.8425 49.2779 27
      vertex 66.1029 48.75 27
    endloop
  endfacet
  facet normal 0 0 1
    outer loop
      vertex 66.9761 51.3981 27
      vertex 65.5385 51.5874 27
      vertex 66.95 51 27
    endloop
  endfacet
  facet normal 0 0 1
    outer loop
      vertex 67.0539 50.2106 27
      vertex 65.6533 49.8353 27
      vertex 65.8425 49.2779 27
    endloop
  endfacet
  facet normal 0 0 1
    outer loop
      vertex 65.5 51 27
      vertex 66.95 51 27
      vertex 65.5385 51.5874 27
    endloop
  endfacet
  facet normal 0 0 1
    outer loop
      vertex 66.9761 50.6019 27
      vertex 65.5385 50.4126 27
      vertex 65.6533 49.8353 27
    endloop
  endfacet
  facet normal 0 0 1
    outer loop
      vertex 66.95 51 27
      vertex 65.5 51 27
      vertex 65.5385 50.4126 27
    endloop
  endfacet
  facet normal -0.195038 -0.980796 0
    outer loop
      vertex 68.8353 46.6533 2.4
      vertex 69.4126 46.5385 27
      vertex 68.8353 46.6533 27
    endloop
  endfacet
  facet normal -0.195038 -0.980796 -0
    outer loop
      vertex 69.4126 46.5385 27
      vertex 68.8353 46.6533 2.4
      vertex 69.4126 46.5385 2.4
    endloop
  endfacet
  facet normal 0.0654027 0.997859 -0
    outer loop
      vertex 70.5874 55.4615 2.4
      vertex 70 55.5 27
      vertex 70.5874 55.4615 27
    endloop
  endfacet
  facet normal 0.0654027 0.997859 0
    outer loop
      vertex 70 55.5 27
      vertex 70.5874 55.4615 2.4
      vertex 70 55.5 2.4
    endloop
  endfacet
  facet normal -0.442382 -0.896827 0
    outer loop
      vertex 67.75 47.1029 2.4
      vertex 68.2779 46.8425 27
      vertex 67.75 47.1029 27
    endloop
  endfacet
  facet normal -0.442382 -0.896827 -0
    outer loop
      vertex 68.2779 46.8425 27
      vertex 67.75 47.1029 2.4
      vertex 68.2779 46.8425 2.4
    endloop
  endfacet
  facet normal -0.831475 -0.555562 0
    outer loop
      vertex 66.4299 48.2606 2.4
      vertex 66.1029 48.75 27
      vertex 66.1029 48.75 2.4
    endloop
  endfacet
  facet normal -0.831475 -0.555562 0
    outer loop
      vertex 66.1029 48.75 27
      vertex 66.4299 48.2606 2.4
      vertex 66.4299 48.2606 27
    endloop
  endfacet
  facet normal -0.946936 0.321421 0
    outer loop
      vertex 65.6533 52.1647 2.4
      vertex 65.8425 52.7221 27
      vertex 65.8425 52.7221 2.4
    endloop
  endfacet
  facet normal -0.946936 0.321421 0
    outer loop
      vertex 65.8425 52.7221 27
      vertex 65.6533 52.1647 2.4
      vertex 65.6533 52.1647 27
    endloop
  endfacet
  facet normal 0.321435 -0.946931 0
    outer loop
      vertex 72.1388 -56.2501 0
      vertex 72.6838 -56.0651 2.4
      vertex 72.1388 -56.2501 2.4
    endloop
  endfacet
  facet normal 0.321435 -0.946931 0
    outer loop
      vertex 72.6838 -56.0651 2.4
      vertex 72.1388 -56.2501 0
      vertex 72.6838 -56.0651 0
    endloop
  endfacet
  facet normal 0 -1 0
    outer loop
      vertex -71 -56.4 0
      vertex 71 -56.4 2.4
      vertex -71 -56.4 2.4
    endloop
  endfacet
  facet normal 0 -1 -0
    outer loop
      vertex 71 -56.4 2.4
      vertex -71 -56.4 0
      vertex 71 -56.4 0
    endloop
  endfacet
  facet normal 0.195114 -0.980781 0
    outer loop
      vertex 71.5743 -56.3624 0
      vertex 72.1388 -56.2501 2.4
      vertex 71.5743 -56.3624 2.4
    endloop
  endfacet
  facet normal 0.195114 -0.980781 0
    outer loop
      vertex 72.1388 -56.2501 2.4
      vertex 71.5743 -56.3624 0
      vertex 72.1388 -56.2501 0
    endloop
  endfacet
  facet normal -0.896846 -0.442342 0
    outer loop
      vertex -74.8105 -54.2 0
      vertex -75.0651 -53.6838 2.4
      vertex -75.0651 -53.6838 0
    endloop
  endfacet
  facet normal -0.896846 -0.442342 0
    outer loop
      vertex -75.0651 -53.6838 2.4
      vertex -74.8105 -54.2 0
      vertex -74.8105 -54.2 2.4
    endloop
  endfacet
  facet normal 0.0653311 -0.997864 0
    outer loop
      vertex 71 -56.4 0
      vertex 71.5743 -56.3624 2.4
      vertex 71 -56.4 2.4
    endloop
  endfacet
  facet normal 0.0653311 -0.997864 0
    outer loop
      vertex 71.5743 -56.3624 2.4
      vertex 71 -56.4 0
      vertex 71.5743 -56.3624 0
    endloop
  endfacet
  facet normal 0.195114 0.980781 -0
    outer loop
      vertex 72.1388 56.2501 0
      vertex 71.5743 56.3624 2.4
      vertex 72.1388 56.2501 2.4
    endloop
  endfacet
  facet normal 0.195114 0.980781 0
    outer loop
      vertex 71.5743 56.3624 2.4
      vertex 72.1388 56.2501 0
      vertex 71.5743 56.3624 0
    endloop
  endfacet
  facet normal -0.0653311 -0.997864 0
    outer loop
      vertex -71.5743 -56.3624 0
      vertex -71 -56.4 2.4
      vertex -71.5743 -56.3624 2.4
    endloop
  endfacet
  facet normal -0.0653311 -0.997864 -0
    outer loop
      vertex -71 -56.4 2.4
      vertex -71.5743 -56.3624 0
      vertex -71 -56.4 0
    endloop
  endfacet
  facet normal -0.555542 0.831488 0
    outer loop
      vertex -73.2 55.8105 0
      vertex -73.6785 55.4908 2.4
      vertex -73.2 55.8105 2.4
    endloop
  endfacet
  facet normal -0.555542 0.831488 0
    outer loop
      vertex -73.6785 55.4908 2.4
      vertex -73.2 55.8105 0
      vertex -73.6785 55.4908 0
    endloop
  endfacet
  facet normal -0.997864 -0.0653311 0
    outer loop
      vertex -75.3624 -52.5743 0
      vertex -75.4 -52 2.4
      vertex -75.4 -52 0
    endloop
  endfacet
  facet normal -0.997864 -0.0653311 0
    outer loop
      vertex -75.4 -52 2.4
      vertex -75.3624 -52.5743 0
      vertex -75.3624 -52.5743 2.4
    endloop
  endfacet
  facet normal -0.321435 -0.946931 0
    outer loop
      vertex -72.6838 -56.0651 0
      vertex -72.1388 -56.2501 2.4
      vertex -72.6838 -56.0651 2.4
    endloop
  endfacet
  facet normal -0.321435 -0.946931 -0
    outer loop
      vertex -72.1388 -56.2501 2.4
      vertex -72.6838 -56.0651 0
      vertex -72.1388 -56.2501 0
    endloop
  endfacet
  facet normal -0.896846 0.442342 0
    outer loop
      vertex -75.0651 53.6838 0
      vertex -74.8105 54.2 2.4
      vertex -74.8105 54.2 0
    endloop
  endfacet
  facet normal -0.896846 0.442342 0
    outer loop
      vertex -74.8105 54.2 2.4
      vertex -75.0651 53.6838 0
      vertex -75.0651 53.6838 2.4
    endloop
  endfacet
  facet normal -0.659291 0.751888 0
    outer loop
      vertex -73.6785 55.4908 0
      vertex -74.1113 55.1113 2.4
      vertex -73.6785 55.4908 2.4
    endloop
  endfacet
  facet normal -0.659291 0.751888 0
    outer loop
      vertex -74.1113 55.1113 2.4
      vertex -73.6785 55.4908 0
      vertex -74.1113 55.1113 0
    endloop
  endfacet
  facet normal -0.442342 0.896846 0
    outer loop
      vertex -72.6838 56.0651 0
      vertex -73.2 55.8105 2.4
      vertex -72.6838 56.0651 2.4
    endloop
  endfacet
  facet normal -0.442342 0.896846 0
    outer loop
      vertex -73.2 55.8105 2.4
      vertex -72.6838 56.0651 0
      vertex -73.2 55.8105 0
    endloop
  endfacet
  facet normal -0.0653311 0.997864 0
    outer loop
      vertex -71 56.4 0
      vertex -71.5743 56.3624 2.4
      vertex -71 56.4 2.4
    endloop
  endfacet
  facet normal -0.0653311 0.997864 0
    outer loop
      vertex -71.5743 56.3624 2.4
      vertex -71 56.4 0
      vertex -71.5743 56.3624 0
    endloop
  endfacet
  facet normal 0.555542 0.831488 -0
    outer loop
      vertex 73.6785 55.4908 0
      vertex 73.2 55.8105 2.4
      vertex 73.6785 55.4908 2.4
    endloop
  endfacet
  facet normal 0.555542 0.831488 0
    outer loop
      vertex 73.2 55.8105 2.4
      vertex 73.6785 55.4908 0
      vertex 73.2 55.8105 0
    endloop
  endfacet
  facet normal -0.946931 -0.321435 0
    outer loop
      vertex -75.0651 -53.6838 0
      vertex -75.2501 -53.1388 2.4
      vertex -75.2501 -53.1388 0
    endloop
  endfacet
  facet normal -0.946931 -0.321435 0
    outer loop
      vertex -75.2501 -53.1388 2.4
      vertex -75.0651 -53.6838 0
      vertex -75.0651 -53.6838 2.4
    endloop
  endfacet
  facet normal 0.980781 -0.195114 0
    outer loop
      vertex 75.2501 -53.1388 2.4
      vertex 75.3624 -52.5743 0
      vertex 75.3624 -52.5743 2.4
    endloop
  endfacet
  facet normal 0.980781 -0.195114 0
    outer loop
      vertex 75.3624 -52.5743 0
      vertex 75.2501 -53.1388 2.4
      vertex 75.2501 -53.1388 0
    endloop
  endfacet
  facet normal 1 -0 0
    outer loop
      vertex 75.4 -52 2.4
      vertex 75.4 52 0
      vertex 75.4 52 2.4
    endloop
  endfacet
  facet normal 1 0 0
    outer loop
      vertex 75.4 52 0
      vertex 75.4 -52 2.4
      vertex 75.4 -52 0
    endloop
  endfacet
  facet normal -1 0 0
    outer loop
      vertex -75.4 -52 0
      vertex -75.4 52 2.4
      vertex -75.4 52 0
    endloop
  endfacet
  facet normal -1 -0 0
    outer loop
      vertex -75.4 52 2.4
      vertex -75.4 -52 0
      vertex -75.4 -52 2.4
    endloop
  endfacet
  facet normal -0.946931 0.321435 0
    outer loop
      vertex -75.2501 53.1388 0
      vertex -75.0651 53.6838 2.4
      vertex -75.0651 53.6838 0
    endloop
  endfacet
  facet normal -0.946931 0.321435 0
    outer loop
      vertex -75.0651 53.6838 2.4
      vertex -75.2501 53.1388 0
      vertex -75.2501 53.1388 2.4
    endloop
  endfacet
  facet normal 0.946931 0.321435 0
    outer loop
      vertex 75.2501 53.1388 2.4
      vertex 75.0651 53.6838 0
      vertex 75.0651 53.6838 2.4
    endloop
  endfacet
  facet normal 0.946931 0.321435 0
    outer loop
      vertex 75.0651 53.6838 0
      vertex 75.2501 53.1388 2.4
      vertex 75.2501 53.1388 0
    endloop
  endfacet
  facet normal -0.195114 -0.980781 0
    outer loop
      vertex -72.1388 -56.2501 0
      vertex -71.5743 -56.3624 2.4
      vertex -72.1388 -56.2501 2.4
    endloop
  endfacet
  facet normal -0.195114 -0.980781 -0
    outer loop
      vertex -71.5743 -56.3624 2.4
      vertex -72.1388 -56.2501 0
      vertex -71.5743 -56.3624 0
    endloop
  endfacet
  facet normal 0.831488 -0.555542 0
    outer loop
      vertex 74.4908 -54.6785 2.4
      vertex 74.8105 -54.2 0
      vertex 74.8105 -54.2 2.4
    endloop
  endfacet
  facet normal 0.831488 -0.555542 0
    outer loop
      vertex 74.8105 -54.2 0
      vertex 74.4908 -54.6785 2.4
      vertex 74.4908 -54.6785 0
    endloop
  endfacet
  facet normal -0.751888 0.659291 0
    outer loop
      vertex -74.4908 54.6785 0
      vertex -74.1113 55.1113 2.4
      vertex -74.1113 55.1113 0
    endloop
  endfacet
  facet normal -0.751888 0.659291 0
    outer loop
      vertex -74.1113 55.1113 2.4
      vertex -74.4908 54.6785 0
      vertex -74.4908 54.6785 2.4
    endloop
  endfacet
  facet normal 0.896846 -0.442342 0
    outer loop
      vertex 74.8105 -54.2 2.4
      vertex 75.0651 -53.6838 0
      vertex 75.0651 -53.6838 2.4
    endloop
  endfacet
  facet normal 0.896846 -0.442342 0
    outer loop
      vertex 75.0651 -53.6838 0
      vertex 74.8105 -54.2 2.4
      vertex 74.8105 -54.2 0
    endloop
  endfacet
  facet normal -0.555542 -0.831488 0
    outer loop
      vertex -73.6785 -55.4908 0
      vertex -73.2 -55.8105 2.4
      vertex -73.6785 -55.4908 2.4
    endloop
  endfacet
  facet normal -0.555542 -0.831488 -0
    outer loop
      vertex -73.2 -55.8105 2.4
      vertex -73.6785 -55.4908 0
      vertex -73.2 -55.8105 0
    endloop
  endfacet
  facet normal 0 1 -0
    outer loop
      vertex 71 56.4 0
      vertex -71 56.4 2.4
      vertex 71 56.4 2.4
    endloop
  endfacet
  facet normal 0 1 0
    outer loop
      vertex -71 56.4 2.4
      vertex 71 56.4 0
      vertex -71 56.4 0
    endloop
  endfacet
  facet normal -0.321435 0.946931 0
    outer loop
      vertex -72.1388 56.2501 0
      vertex -72.6838 56.0651 2.4
      vertex -72.1388 56.2501 2.4
    endloop
  endfacet
  facet normal -0.321435 0.946931 0
    outer loop
      vertex -72.6838 56.0651 2.4
      vertex -72.1388 56.2501 0
      vertex -72.6838 56.0651 0
    endloop
  endfacet
  facet normal -0.831488 0.555542 0
    outer loop
      vertex -74.8105 54.2 0
      vertex -74.4908 54.6785 2.4
      vertex -74.4908 54.6785 0
    endloop
  endfacet
  facet normal -0.831488 0.555542 0
    outer loop
      vertex -74.4908 54.6785 2.4
      vertex -74.8105 54.2 0
      vertex -74.8105 54.2 2.4
    endloop
  endfacet
  facet normal 0.751888 0.659291 0
    outer loop
      vertex 74.4908 54.6785 2.4
      vertex 74.1113 55.1113 0
      vertex 74.1113 55.1113 2.4
    endloop
  endfacet
  facet normal 0.751888 0.659291 0
    outer loop
      vertex 74.1113 55.1113 0
      vertex 74.4908 54.6785 2.4
      vertex 74.4908 54.6785 0
    endloop
  endfacet
  facet normal 0.0653311 0.997864 -0
    outer loop
      vertex 71.5743 56.3624 0
      vertex 71 56.4 2.4
      vertex 71.5743 56.3624 2.4
    endloop
  endfacet
  facet normal 0.0653311 0.997864 0
    outer loop
      vertex 71 56.4 2.4
      vertex 71.5743 56.3624 0
      vertex 71 56.4 0
    endloop
  endfacet
  facet normal -0.195114 0.980781 0
    outer loop
      vertex -71.5743 56.3624 0
      vertex -72.1388 56.2501 2.4
      vertex -71.5743 56.3624 2.4
    endloop
  endfacet
  facet normal -0.195114 0.980781 0
    outer loop
      vertex -72.1388 56.2501 2.4
      vertex -71.5743 56.3624 0
      vertex -72.1388 56.2501 0
    endloop
  endfacet
  facet normal 0.442342 0.896846 -0
    outer loop
      vertex 73.2 55.8105 0
      vertex 72.6838 56.0651 2.4
      vertex 73.2 55.8105 2.4
    endloop
  endfacet
  facet normal 0.442342 0.896846 0
    outer loop
      vertex 72.6838 56.0651 2.4
      vertex 73.2 55.8105 0
      vertex 72.6838 56.0651 0
    endloop
  endfacet
  facet normal -0.659291 -0.751888 0
    outer loop
      vertex -74.1113 -55.1113 0
      vertex -73.6785 -55.4908 2.4
      vertex -74.1113 -55.1113 2.4
    endloop
  endfacet
  facet normal -0.659291 -0.751888 -0
    outer loop
      vertex -73.6785 -55.4908 2.4
      vertex -74.1113 -55.1113 0
      vertex -73.6785 -55.4908 0
    endloop
  endfacet
  facet normal 0.659291 -0.751888 0
    outer loop
      vertex 73.6785 -55.4908 0
      vertex 74.1113 -55.1113 2.4
      vertex 73.6785 -55.4908 2.4
    endloop
  endfacet
  facet normal 0.659291 -0.751888 0
    outer loop
      vertex 74.1113 -55.1113 2.4
      vertex 73.6785 -55.4908 0
      vertex 74.1113 -55.1113 0
    endloop
  endfacet
  facet normal -0.442342 -0.896846 0
    outer loop
      vertex -73.2 -55.8105 0
      vertex -72.6838 -56.0651 2.4
      vertex -73.2 -55.8105 2.4
    endloop
  endfacet
  facet normal -0.442342 -0.896846 -0
    outer loop
      vertex -72.6838 -56.0651 2.4
      vertex -73.2 -55.8105 0
      vertex -72.6838 -56.0651 0
    endloop
  endfacet
  facet normal 0.659291 0.751888 -0
    outer loop
      vertex 74.1113 55.1113 0
      vertex 73.6785 55.4908 2.4
      vertex 74.1113 55.1113 2.4
    endloop
  endfacet
  facet normal 0.659291 0.751888 0
    outer loop
      vertex 73.6785 55.4908 2.4
      vertex 74.1113 55.1113 0
      vertex 73.6785 55.4908 0
    endloop
  endfacet
  facet normal -0.980781 0.195114 0
    outer loop
      vertex -75.3624 52.5743 0
      vertex -75.2501 53.1388 2.4
      vertex -75.2501 53.1388 0
    endloop
  endfacet
  facet normal -0.980781 0.195114 0
    outer loop
      vertex -75.2501 53.1388 2.4
      vertex -75.3624 52.5743 0
      vertex -75.3624 52.5743 2.4
    endloop
  endfacet
  facet normal 0.946931 -0.321435 0
    outer loop
      vertex 75.0651 -53.6838 2.4
      vertex 75.2501 -53.1388 0
      vertex 75.2501 -53.1388 2.4
    endloop
  endfacet
  facet normal 0.946931 -0.321435 0
    outer loop
      vertex 75.2501 -53.1388 0
      vertex 75.0651 -53.6838 2.4
      vertex 75.0651 -53.6838 0
    endloop
  endfacet
  facet normal 0.751888 -0.659291 0
    outer loop
      vertex 74.1113 -55.1113 2.4
      vertex 74.4908 -54.6785 0
      vertex 74.4908 -54.6785 2.4
    endloop
  endfacet
  facet normal 0.751888 -0.659291 0
    outer loop
      vertex 74.4908 -54.6785 0
      vertex 74.1113 -55.1113 2.4
      vertex 74.1113 -55.1113 0
    endloop
  endfacet
  facet normal -0.997864 0.0653311 0
    outer loop
      vertex -75.4 52 0
      vertex -75.3624 52.5743 2.4
      vertex -75.3624 52.5743 0
    endloop
  endfacet
  facet normal -0.997864 0.0653311 0
    outer loop
      vertex -75.3624 52.5743 2.4
      vertex -75.4 52 0
      vertex -75.4 52 2.4
    endloop
  endfacet
  facet normal 0.997864 0.0653311 0
    outer loop
      vertex 75.4 52 2.4
      vertex 75.3624 52.5743 0
      vertex 75.3624 52.5743 2.4
    endloop
  endfacet
  facet normal 0.997864 0.0653311 0
    outer loop
      vertex 75.3624 52.5743 0
      vertex 75.4 52 2.4
      vertex 75.4 52 0
    endloop
  endfacet
  facet normal 0.831488 0.555542 0
    outer loop
      vertex 74.8105 54.2 2.4
      vertex 74.4908 54.6785 0
      vertex 74.4908 54.6785 2.4
    endloop
  endfacet
  facet normal 0.831488 0.555542 0
    outer loop
      vertex 74.4908 54.6785 0
      vertex 74.8105 54.2 2.4
      vertex 74.8105 54.2 0
    endloop
  endfacet
  facet normal -0.751888 -0.659291 0
    outer loop
      vertex -74.1113 -55.1113 0
      vertex -74.4908 -54.6785 2.4
      vertex -74.4908 -54.6785 0
    endloop
  endfacet
  facet normal -0.751888 -0.659291 0
    outer loop
      vertex -74.4908 -54.6785 2.4
      vertex -74.1113 -55.1113 0
      vertex -74.1113 -55.1113 2.4
    endloop
  endfacet
  facet normal 0.321435 0.946931 -0
    outer loop
      vertex 72.6838 56.0651 0
      vertex 72.1388 56.2501 2.4
      vertex 72.6838 56.0651 2.4
    endloop
  endfacet
  facet normal 0.321435 0.946931 0
    outer loop
      vertex 72.1388 56.2501 2.4
      vertex 72.6838 56.0651 0
      vertex 72.1388 56.2501 0
    endloop
  endfacet
  facet normal -0.831488 -0.555542 0
    outer loop
      vertex -74.4908 -54.6785 0
      vertex -74.8105 -54.2 2.4
      vertex -74.8105 -54.2 0
    endloop
  endfacet
  facet normal -0.831488 -0.555542 0
    outer loop
      vertex -74.8105 -54.2 2.4
      vertex -74.4908 -54.6785 0
      vertex -74.4908 -54.6785 2.4
    endloop
  endfacet
  facet normal 0.896846 0.442342 0
    outer loop
      vertex 75.0651 53.6838 2.4
      vertex 74.8105 54.2 0
      vertex 74.8105 54.2 2.4
    endloop
  endfacet
  facet normal 0.896846 0.442342 0
    outer loop
      vertex 74.8105 54.2 0
      vertex 75.0651 53.6838 2.4
      vertex 75.0651 53.6838 0
    endloop
  endfacet
  facet normal 0.980781 0.195114 0
    outer loop
      vertex 75.3624 52.5743 2.4
      vertex 75.2501 53.1388 0
      vertex 75.2501 53.1388 2.4
    endloop
  endfacet
  facet normal 0.980781 0.195114 0
    outer loop
      vertex 75.2501 53.1388 0
      vertex 75.3624 52.5743 2.4
      vertex 75.3624 52.5743 0
    endloop
  endfacet
  facet normal -0.980781 -0.195114 0
    outer loop
      vertex -75.2501 -53.1388 0
      vertex -75.3624 -52.5743 2.4
      vertex -75.3624 -52.5743 0
    endloop
  endfacet
  facet normal -0.980781 -0.195114 0
    outer loop
      vertex -75.3624 -52.5743 2.4
      vertex -75.2501 -53.1388 0
      vertex -75.2501 -53.1388 2.4
    endloop
  endfacet
  facet normal 0 0 -1
    outer loop
      vertex 71 -56.4 0
      vertex 75.4 -52 0
      vertex 75.3624 -52.5743 0
    endloop
  endfacet
  facet normal -0 0 -1
    outer loop
      vertex 75.4 -52 0
      vertex 71 -56.4 0
      vertex 75.4 52 0
    endloop
  endfacet
  facet normal 0 0 -1
    outer loop
      vertex 71 -56.4 0
      vertex 75.3624 -52.5743 0
      vertex 75.2501 -53.1388 0
    endloop
  endfacet
  facet normal 0 0 -1
    outer loop
      vertex 71 56.4 0
      vertex 75.4 52 0
      vertex 71 -56.4 0
    endloop
  endfacet
  facet normal 0 0 -1
    outer loop
      vertex 71 -56.4 0
      vertex 75.2501 -53.1388 0
      vertex 75.0651 -53.6838 0
    endloop
  endfacet
  facet normal 0 0 -1
    outer loop
      vertex 75.4 52 0
      vertex 71 56.4 0
      vertex 75.3624 52.5743 0
    endloop
  endfacet
  facet normal 0 0 -1
    outer loop
      vertex 71 -56.4 0
      vertex 75.0651 -53.6838 0
      vertex 74.8105 -54.2 0
    endloop
  endfacet
  facet normal 0 0 -1
    outer loop
      vertex 75.3624 52.5743 0
      vertex 71 56.4 0
      vertex 75.2501 53.1388 0
    endloop
  endfacet
  facet normal 0 0 -1
    outer loop
      vertex 71 -56.4 0
      vertex 74.8105 -54.2 0
      vertex 74.4908 -54.6785 0
    endloop
  endfacet
  facet normal 0 0 -1
    outer loop
      vertex 75.2501 53.1388 0
      vertex 71 56.4 0
      vertex 75.0651 53.6838 0
    endloop
  endfacet
  facet normal 0 0 -1
    outer loop
      vertex 71 -56.4 0
      vertex 74.4908 -54.6785 0
      vertex 74.1113 -55.1113 0
    endloop
  endfacet
  facet normal 0 0 -1
    outer loop
      vertex 75.0651 53.6838 0
      vertex 71 56.4 0
      vertex 74.8105 54.2 0
    endloop
  endfacet
  facet normal 0 0 -1
    outer loop
      vertex 71 -56.4 0
      vertex 74.1113 -55.1113 0
      vertex 73.6785 -55.4908 0
    endloop
  endfacet
  facet normal 0 0 -1
    outer loop
      vertex 74.8105 54.2 0
      vertex 71 56.4 0
      vertex 74.4908 54.6785 0
    endloop
  endfacet
  facet normal 0 0 -1
    outer loop
      vertex 71 -56.4 0
      vertex 73.6785 -55.4908 0
      vertex 73.2 -55.8105 0
    endloop
  endfacet
  facet normal 0 0 -1
    outer loop
      vertex 74.4908 54.6785 0
      vertex 71 56.4 0
      vertex 74.1113 55.1113 0
    endloop
  endfacet
  facet normal 0 0 -1
    outer loop
      vertex 71 -56.4 0
      vertex 73.2 -55.8105 0
      vertex 72.6838 -56.0651 0
    endloop
  endfacet
  facet normal 0 0 -1
    outer loop
      vertex 74.1113 55.1113 0
      vertex 71 56.4 0
      vertex 73.6785 55.4908 0
    endloop
  endfacet
  facet normal 0 0 -1
    outer loop
      vertex 71 -56.4 0
      vertex 72.6838 -56.0651 0
      vertex 72.1388 -56.2501 0
    endloop
  endfacet
  facet normal 0 0 -1
    outer loop
      vertex 73.6785 55.4908 0
      vertex 71 56.4 0
      vertex 73.2 55.8105 0
    endloop
  endfacet
  facet normal 0 0 -1
    outer loop
      vertex 71 -56.4 0
      vertex 72.1388 -56.2501 0
      vertex 71.5743 -56.3624 0
    endloop
  endfacet
  facet normal 0 0 -1
    outer loop
      vertex 73.2 55.8105 0
      vertex 71 56.4 0
      vertex 72.6838 56.0651 0
    endloop
  endfacet
  facet normal 0 0 -1
    outer loop
      vertex 72.6838 56.0651 0
      vertex 71 56.4 0
      vertex 72.1388 56.2501 0
    endloop
  endfacet
  facet normal 0 0 -1
    outer loop
      vertex 72.1388 56.2501 0
      vertex 71 56.4 0
      vertex 71.5743 56.3624 0
    endloop
  endfacet
  facet normal 0 0 -1
    outer loop
      vertex -71 -56.4 0
      vertex 71 56.4 0
      vertex 71 -56.4 0
    endloop
  endfacet
  facet normal 0 0 -1
    outer loop
      vertex -71 -56.4 0
      vertex -71 56.4 0
      vertex 71 56.4 0
    endloop
  endfacet
  facet normal 0 0 -1
    outer loop
      vertex -75.4 -52 0
      vertex -71 -56.4 0
      vertex -71.5743 -56.3624 0
    endloop
  endfacet
  facet normal 0 0 -1
    outer loop
      vertex -71 -56.4 0
      vertex -75.4 -52 0
      vertex -71 56.4 0
    endloop
  endfacet
  facet normal 0 0 -1
    outer loop
      vertex -75.4 -52 0
      vertex -71.5743 -56.3624 0
      vertex -72.1388 -56.2501 0
    endloop
  endfacet
  facet normal 0 0 -1
    outer loop
      vertex -75.4 52 0
      vertex -71 56.4 0
      vertex -75.4 -52 0
    endloop
  endfacet
  facet normal 0 0 -1
    outer loop
      vertex -75.4 -52 0
      vertex -72.1388 -56.2501 0
      vertex -72.6838 -56.0651 0
    endloop
  endfacet
  facet normal 0 0 -1
    outer loop
      vertex -71 56.4 0
      vertex -75.4 52 0
      vertex -71.5743 56.3624 0
    endloop
  endfacet
  facet normal 0 0 -1
    outer loop
      vertex -75.4 -52 0
      vertex -72.6838 -56.0651 0
      vertex -73.2 -55.8105 0
    endloop
  endfacet
  facet normal 0 0 -1
    outer loop
      vertex -71.5743 56.3624 0
      vertex -75.4 52 0
      vertex -72.1388 56.2501 0
    endloop
  endfacet
  facet normal 0 0 -1
    outer loop
      vertex -75.4 -52 0
      vertex -73.2 -55.8105 0
      vertex -73.6785 -55.4908 0
    endloop
  endfacet
  facet normal 0 0 -1
    outer loop
      vertex -72.1388 56.2501 0
      vertex -75.4 52 0
      vertex -72.6838 56.0651 0
    endloop
  endfacet
  facet normal 0 0 -1
    outer loop
      vertex -75.4 -52 0
      vertex -73.6785 -55.4908 0
      vertex -74.1113 -55.1113 0
    endloop
  endfacet
  facet normal 0 0 -1
    outer loop
      vertex -72.6838 56.0651 0
      vertex -75.4 52 0
      vertex -73.2 55.8105 0
    endloop
  endfacet
  facet normal 0 0 -1
    outer loop
      vertex -75.4 -52 0
      vertex -74.1113 -55.1113 0
      vertex -74.4908 -54.6785 0
    endloop
  endfacet
  facet normal 0 0 -1
    outer loop
      vertex -73.2 55.8105 0
      vertex -75.4 52 0
      vertex -73.6785 55.4908 0
    endloop
  endfacet
  facet normal 0 0 -1
    outer loop
      vertex -75.4 -52 0
      vertex -74.4908 -54.6785 0
      vertex -74.8105 -54.2 0
    endloop
  endfacet
  facet normal 0 0 -1
    outer loop
      vertex -73.6785 55.4908 0
      vertex -75.4 52 0
      vertex -74.1113 55.1113 0
    endloop
  endfacet
  facet normal 0 0 -1
    outer loop
      vertex -75.4 -52 0
      vertex -74.8105 -54.2 0
      vertex -75.0651 -53.6838 0
    endloop
  endfacet
  facet normal 0 0 -1
    outer loop
      vertex -74.1113 55.1113 0
      vertex -75.4 52 0
      vertex -74.4908 54.6785 0
    endloop
  endfacet
  facet normal 0 0 -1
    outer loop
      vertex -75.4 -52 0
      vertex -75.0651 -53.6838 0
      vertex -75.2501 -53.1388 0
    endloop
  endfacet
  facet normal 0 0 -1
    outer loop
      vertex -74.4908 54.6785 0
      vertex -75.4 52 0
      vertex -74.8105 54.2 0
    endloop
  endfacet
  facet normal 0 0 -1
    outer loop
      vertex -75.4 -52 0
      vertex -75.2501 -53.1388 0
      vertex -75.3624 -52.5743 0
    endloop
  endfacet
  facet normal 0 0 -1
    outer loop
      vertex -74.8105 54.2 0
      vertex -75.4 52 0
      vertex -75.0651 53.6838 0
    endloop
  endfacet
  facet normal 0 0 -1
    outer loop
      vertex -75.0651 53.6838 0
      vertex -75.4 52 0
      vertex -75.2501 53.1388 0
    endloop
  endfacet
  facet normal 0 0 -1
    outer loop
      vertex -75.2501 53.1388 0
      vertex -75.4 52 0
      vertex -75.3624 52.5743 0
    endloop
  endfacet
  facet normal 0.997864 -0.0653311 0
    outer loop
      vertex 75.3624 -52.5743 2.4
      vertex 75.4 -52 0
      vertex 75.4 -52 2.4
    endloop
  endfacet
  facet normal 0.997864 -0.0653311 0
    outer loop
      vertex 75.4 -52 0
      vertex 75.3624 -52.5743 2.4
      vertex 75.3624 -52.5743 0
    endloop
  endfacet
  facet normal -0 0 1
    outer loop
      vertex -67.75 47.1029 2.4
      vertex -62.8971 42.25 2.4
      vertex -67.2606 47.4299 2.4
    endloop
  endfacet
  facet normal 0 0 1
    outer loop
      vertex -63.4615 -39.4126 2.4
      vertex -65.5385 -50.4126 2.4
      vertex -65.5 -51 2.4
    endloop
  endfacet
  facet normal 0 0 1
    outer loop
      vertex -62.8971 42.25 2.4
      vertex -67.75 47.1029 2.4
      vertex -63.1575 41.7221 2.4
    endloop
  endfacet
  facet normal 0 0 1
    outer loop
      vertex -63.4615 -39.4126 2.4
      vertex -65.6533 -49.8353 2.4
      vertex -65.5385 -50.4126 2.4
    endloop
  endfacet
  facet normal -0 0 1
    outer loop
      vertex -68.2779 46.8425 2.4
      vertex -63.1575 41.7221 2.4
      vertex -67.75 47.1029 2.4
    endloop
  endfacet
  facet normal 0 0 1
    outer loop
      vertex -63.4615 -39.4126 2.4
      vertex -65.8425 -49.2779 2.4
      vertex -65.6533 -49.8353 2.4
    endloop
  endfacet
  facet normal 0 0 1
    outer loop
      vertex -63.1575 41.7221 2.4
      vertex -68.2779 46.8425 2.4
      vertex -63.3467 41.1647 2.4
    endloop
  endfacet
  facet normal 0 0 1
    outer loop
      vertex -63.4615 -39.4126 2.4
      vertex -66.1029 -48.75 2.4
      vertex -65.8425 -49.2779 2.4
    endloop
  endfacet
  facet normal -0 0 1
    outer loop
      vertex -68.8353 46.6533 2.4
      vertex -63.3467 41.1647 2.4
      vertex -68.2779 46.8425 2.4
    endloop
  endfacet
  facet normal 0 0 1
    outer loop
      vertex -63.4615 -39.4126 2.4
      vertex -66.4299 -48.2606 2.4
      vertex -66.1029 -48.75 2.4
    endloop
  endfacet
  facet normal 0 0 1
    outer loop
      vertex -63.3467 41.1647 2.4
      vertex -68.8353 46.6533 2.4
      vertex -63.4615 40.5874 2.4
    endloop
  endfacet
  facet normal 0 0 1
    outer loop
      vertex -63.4615 -39.4126 2.4
      vertex -66.818 -47.818 2.4
      vertex -66.4299 -48.2606 2.4
    endloop
  endfacet
  facet normal -0 0 1
    outer loop
      vertex -69.4126 46.5385 2.4
      vertex -63.4615 40.5874 2.4
      vertex -68.8353 46.6533 2.4
    endloop
  endfacet
  facet normal 0 0 1
    outer loop
      vertex -63.4615 -39.4126 2.4
      vertex -67.2606 -47.4299 2.4
      vertex -66.818 -47.818 2.4
    endloop
  endfacet
  facet normal 0 0 1
    outer loop
      vertex -63.4615 40.5874 2.4
      vertex -69.4126 46.5385 2.4
      vertex -63.5 40 2.4
    endloop
  endfacet
  facet normal 0 0 1
    outer loop
      vertex -63.4615 -39.4126 2.4
      vertex -67.75 -47.1029 2.4
      vertex -67.2606 -47.4299 2.4
    endloop
  endfacet
  facet normal -0 0 1
    outer loop
      vertex -70 46.5 2.4
      vertex -63.5 40 2.4
      vertex -69.4126 46.5385 2.4
    endloop
  endfacet
  facet normal 0 0 1
    outer loop
      vertex -63.4615 -39.4126 2.4
      vertex -68.2779 -46.8425 2.4
      vertex -67.75 -47.1029 2.4
    endloop
  endfacet
  facet normal 0 0 1
    outer loop
      vertex -63.5 40 2.4
      vertex -70 46.5 2.4
      vertex -63.4615 39.4126 2.4
    endloop
  endfacet
  facet normal 0 0 1
    outer loop
      vertex -63.4615 -39.4126 2.4
      vertex -68.8353 -46.6533 2.4
      vertex -68.2779 -46.8425 2.4
    endloop
  endfacet
  facet normal 0 0 1
    outer loop
      vertex -70.5874 46.5385 2.4
      vertex -63.4615 39.4126 2.4
      vertex -70 46.5 2.4
    endloop
  endfacet
  facet normal 0 0 1
    outer loop
      vertex -63.4615 -39.4126 2.4
      vertex -69.4126 -46.5385 2.4
      vertex -68.8353 -46.6533 2.4
    endloop
  endfacet
  facet normal 0 0 1
    outer loop
      vertex -71.1647 46.6533 2.4
      vertex -63.4615 39.4126 2.4
      vertex -70.5874 46.5385 2.4
    endloop
  endfacet
  facet normal 0 0 1
    outer loop
      vertex -63.4615 -39.4126 2.4
      vertex -70 -46.5 2.4
      vertex -69.4126 -46.5385 2.4
    endloop
  endfacet
  facet normal 0 0 1
    outer loop
      vertex -71.7221 46.8425 2.4
      vertex -63.4615 39.4126 2.4
      vertex -71.1647 46.6533 2.4
    endloop
  endfacet
  facet normal 0 0 1
    outer loop
      vertex -63.4615 -39.4126 2.4
      vertex -70.5874 -46.5385 2.4
      vertex -70 -46.5 2.4
    endloop
  endfacet
  facet normal 0 0 1
    outer loop
      vertex -72.25 47.1029 2.4
      vertex -63.4615 39.4126 2.4
      vertex -71.7221 46.8425 2.4
    endloop
  endfacet
  facet normal 0 0 1
    outer loop
      vertex -63.4615 -39.4126 2.4
      vertex -71.1647 -46.6533 2.4
      vertex -70.5874 -46.5385 2.4
    endloop
  endfacet
  facet normal 0 0 1
    outer loop
      vertex -72.7394 47.4299 2.4
      vertex -63.4615 39.4126 2.4
      vertex -72.25 47.1029 2.4
    endloop
  endfacet
  facet normal 0 0 1
    outer loop
      vertex -63.4615 -39.4126 2.4
      vertex -71.7221 -46.8425 2.4
      vertex -71.1647 -46.6533 2.4
    endloop
  endfacet
  facet normal 0 0 1
    outer loop
      vertex -63.4615 39.4126 2.4
      vertex -72.7394 47.4299 2.4
      vertex -63.4615 -39.4126 2.4
    endloop
  endfacet
  facet normal 0 0 1
    outer loop
      vertex -63.4615 -39.4126 2.4
      vertex -72.25 -47.1029 2.4
      vertex -71.7221 -46.8425 2.4
    endloop
  endfacet
  facet normal 0 0 1
    outer loop
      vertex -72.7394 -47.4299 2.4
      vertex -63.4615 -39.4126 2.4
      vertex -72.7394 47.4299 2.4
    endloop
  endfacet
  facet normal 0 0 1
    outer loop
      vertex -63.4615 -39.4126 2.4
      vertex -72.7394 -47.4299 2.4
      vertex -72.25 -47.1029 2.4
    endloop
  endfacet
  facet normal 0 0 1
    outer loop
      vertex -73.182 47.818 2.4
      vertex -72.7394 -47.4299 2.4
      vertex -72.7394 47.4299 2.4
    endloop
  endfacet
  facet normal 0 0 1
    outer loop
      vertex -73.182 47.818 2.4
      vertex -73.182 -47.818 2.4
      vertex -72.7394 -47.4299 2.4
    endloop
  endfacet
  facet normal 0 0 1
    outer loop
      vertex -73.5701 48.2606 2.4
      vertex -73.182 -47.818 2.4
      vertex -73.182 47.818 2.4
    endloop
  endfacet
  facet normal 0 0 1
    outer loop
      vertex -73.5701 48.2606 2.4
      vertex -73.5701 -48.2606 2.4
      vertex -73.182 -47.818 2.4
    endloop
  endfacet
  facet normal 0 0 1
    outer loop
      vertex -73.8971 48.75 2.4
      vertex -73.5701 -48.2606 2.4
      vertex -73.5701 48.2606 2.4
    endloop
  endfacet
  facet normal 0 0 1
    outer loop
      vertex -73.8971 48.75 2.4
      vertex -73.8971 -48.75 2.4
      vertex -73.5701 -48.2606 2.4
    endloop
  endfacet
  facet normal 0 0 1
    outer loop
      vertex -74.1575 49.2779 2.4
      vertex -73.8971 -48.75 2.4
      vertex -73.8971 48.75 2.4
    endloop
  endfacet
  facet normal 0 0 1
    outer loop
      vertex -74.1575 49.2779 2.4
      vertex -74.1575 -49.2779 2.4
      vertex -73.8971 -48.75 2.4
    endloop
  endfacet
  facet normal 0 0 1
    outer loop
      vertex -75.4 52 2.4
      vertex -74.1575 49.2779 2.4
      vertex -74.3467 49.8353 2.4
    endloop
  endfacet
  facet normal 0 0 1
    outer loop
      vertex -74.1575 49.2779 2.4
      vertex -75.4 52 2.4
      vertex -74.1575 -49.2779 2.4
    endloop
  endfacet
  facet normal 0 0 1
    outer loop
      vertex -75.4 52 2.4
      vertex -74.3467 49.8353 2.4
      vertex -74.4615 50.4126 2.4
    endloop
  endfacet
  facet normal 0 0 1
    outer loop
      vertex -75.4 -52 2.4
      vertex -74.1575 -49.2779 2.4
      vertex -75.4 52 2.4
    endloop
  endfacet
  facet normal 0 0 1
    outer loop
      vertex -75.4 52 2.4
      vertex -74.4615 50.4126 2.4
      vertex -74.5 51 2.4
    endloop
  endfacet
  facet normal 0 0 1
    outer loop
      vertex -74.1575 -49.2779 2.4
      vertex -75.4 -52 2.4
      vertex -74.3467 -49.8353 2.4
    endloop
  endfacet
  facet normal 0 0 1
    outer loop
      vertex -55.1029 37.75 2.4
      vertex 17.1029 39.75 2.4
      vertex -54.8425 38.2779 2.4
    endloop
  endfacet
  facet normal 0 0 1
    outer loop
      vertex 17.818 38.818 2.4
      vertex -54.5385 -39.4126 2.4
      vertex -54.5 -40 2.4
    endloop
  endfacet
  facet normal 0 0 1
    outer loop
      vertex 17.1029 39.75 2.4
      vertex -55.1029 37.75 2.4
      vertex 17.4299 39.2606 2.4
    endloop
  endfacet
  facet normal 0 0 1
    outer loop
      vertex 17.818 38.818 2.4
      vertex -54.6533 -38.8353 2.4
      vertex -54.5385 -39.4126 2.4
    endloop
  endfacet
  facet normal 0 0 1
    outer loop
      vertex -55.4299 37.2606 2.4
      vertex 17.4299 39.2606 2.4
      vertex -55.1029 37.75 2.4
    endloop
  endfacet
  facet normal 0 0 1
    outer loop
      vertex 17.818 38.818 2.4
      vertex -54.8425 -38.2779 2.4
      vertex -54.6533 -38.8353 2.4
    endloop
  endfacet
  facet normal 0 0 1
    outer loop
      vertex 17.4299 39.2606 2.4
      vertex -55.4299 37.2606 2.4
      vertex 17.818 38.818 2.4
    endloop
  endfacet
  facet normal 0 0 1
    outer loop
      vertex 17.818 38.818 2.4
      vertex -55.1029 -37.75 2.4
      vertex -54.8425 -38.2779 2.4
    endloop
  endfacet
  facet normal 0 0 1
    outer loop
      vertex -55.818 36.818 2.4
      vertex 17.818 38.818 2.4
      vertex -55.4299 37.2606 2.4
    endloop
  endfacet
  facet normal 0 0 1
    outer loop
      vertex 17.818 38.818 2.4
      vertex -55.4299 -37.2606 2.4
      vertex -55.1029 -37.75 2.4
    endloop
  endfacet
  facet normal 0 0 1
    outer loop
      vertex -55.818 -36.818 2.4
      vertex 17.818 38.818 2.4
      vertex -55.818 36.818 2.4
    endloop
  endfacet
  facet normal 0 0 1
    outer loop
      vertex 17.818 38.818 2.4
      vertex -55.818 -36.818 2.4
      vertex -55.4299 -37.2606 2.4
    endloop
  endfacet
  facet normal -0 0 1
    outer loop
      vertex -56.2606 36.4299 2.4
      vertex -55.818 -36.818 2.4
      vertex -55.818 36.818 2.4
    endloop
  endfacet
  facet normal 0 0 1
    outer loop
      vertex -56.2606 36.4299 2.4
      vertex -56.2606 -36.4299 2.4
      vertex -55.818 -36.818 2.4
    endloop
  endfacet
  facet normal -0 0 1
    outer loop
      vertex -56.75 36.1029 2.4
      vertex -56.2606 -36.4299 2.4
      vertex -56.2606 36.4299 2.4
    endloop
  endfacet
  facet normal 0 0 1
    outer loop
      vertex -56.75 36.1029 2.4
      vertex -56.75 -36.1029 2.4
      vertex -56.2606 -36.4299 2.4
    endloop
  endfacet
  facet normal -0 0 1
    outer loop
      vertex -57.2779 35.8425 2.4
      vertex -56.75 -36.1029 2.4
      vertex -56.75 36.1029 2.4
    endloop
  endfacet
  facet normal 0 0 1
    outer loop
      vertex -57.2779 35.8425 2.4
      vertex -57.2779 -35.8425 2.4
      vertex -56.75 -36.1029 2.4
    endloop
  endfacet
  facet normal -0 0 1
    outer loop
      vertex -57.8353 35.6533 2.4
      vertex -57.2779 -35.8425 2.4
      vertex -57.2779 35.8425 2.4
    endloop
  endfacet
  facet normal 0 0 1
    outer loop
      vertex -57.8353 35.6533 2.4
      vertex -57.8353 -35.6533 2.4
      vertex -57.2779 -35.8425 2.4
    endloop
  endfacet
  facet normal -0 0 1
    outer loop
      vertex -58.4126 35.5385 2.4
      vertex -57.8353 -35.6533 2.4
      vertex -57.8353 35.6533 2.4
    endloop
  endfacet
  facet normal 0 0 1
    outer loop
      vertex -58.4126 35.5385 2.4
      vertex -58.4126 -35.5385 2.4
      vertex -57.8353 -35.6533 2.4
    endloop
  endfacet
  facet normal -0 0 1
    outer loop
      vertex -59 35.5 2.4
      vertex -58.4126 -35.5385 2.4
      vertex -58.4126 35.5385 2.4
    endloop
  endfacet
  facet normal 0 0 1
    outer loop
      vertex -59 35.5 2.4
      vertex -59 -35.5 2.4
      vertex -58.4126 -35.5385 2.4
    endloop
  endfacet
  facet normal 0 0 1
    outer loop
      vertex -59.5874 35.5385 2.4
      vertex -59 -35.5 2.4
      vertex -59 35.5 2.4
    endloop
  endfacet
  facet normal 0 0 1
    outer loop
      vertex -59.5874 35.5385 2.4
      vertex -59.5874 -35.5385 2.4
      vertex -59 -35.5 2.4
    endloop
  endfacet
  facet normal 0 0 1
    outer loop
      vertex -60.1647 35.6533 2.4
      vertex -59.5874 -35.5385 2.4
      vertex -59.5874 35.5385 2.4
    endloop
  endfacet
  facet normal 0 0 1
    outer loop
      vertex -60.1647 35.6533 2.4
      vertex -60.1647 -35.6533 2.4
      vertex -59.5874 -35.5385 2.4
    endloop
  endfacet
  facet normal 0 0 1
    outer loop
      vertex -60.7221 35.8425 2.4
      vertex -60.1647 -35.6533 2.4
      vertex -60.1647 35.6533 2.4
    endloop
  endfacet
  facet normal 0 0 1
    outer loop
      vertex -60.7221 35.8425 2.4
      vertex -60.7221 -35.8425 2.4
      vertex -60.1647 -35.6533 2.4
    endloop
  endfacet
  facet normal 0 0 1
    outer loop
      vertex -61.25 36.1029 2.4
      vertex -60.7221 -35.8425 2.4
      vertex -60.7221 35.8425 2.4
    endloop
  endfacet
  facet normal 0 0 1
    outer loop
      vertex -61.25 36.1029 2.4
      vertex -61.25 -36.1029 2.4
      vertex -60.7221 -35.8425 2.4
    endloop
  endfacet
  facet normal 0 0 1
    outer loop
      vertex -61.7394 36.4299 2.4
      vertex -61.25 -36.1029 2.4
      vertex -61.25 36.1029 2.4
    endloop
  endfacet
  facet normal 0 0 1
    outer loop
      vertex -61.7394 36.4299 2.4
      vertex -61.7394 -36.4299 2.4
      vertex -61.25 -36.1029 2.4
    endloop
  endfacet
  facet normal 0 0 1
    outer loop
      vertex -62.182 36.818 2.4
      vertex -61.7394 -36.4299 2.4
      vertex -61.7394 36.4299 2.4
    endloop
  endfacet
  facet normal 0 0 1
    outer loop
      vertex -62.182 36.818 2.4
      vertex -62.182 -36.818 2.4
      vertex -61.7394 -36.4299 2.4
    endloop
  endfacet
  facet normal 0 0 1
    outer loop
      vertex -62.5701 37.2606 2.4
      vertex -62.182 -36.818 2.4
      vertex -62.182 36.818 2.4
    endloop
  endfacet
  facet normal 0 0 1
    outer loop
      vertex -62.5701 37.2606 2.4
      vertex -62.5701 -37.2606 2.4
      vertex -62.182 -36.818 2.4
    endloop
  endfacet
  facet normal 0 0 1
    outer loop
      vertex -62.8971 37.75 2.4
      vertex -62.5701 -37.2606 2.4
      vertex -62.5701 37.2606 2.4
    endloop
  endfacet
  facet normal 0 0 1
    outer loop
      vertex -62.8971 37.75 2.4
      vertex -62.8971 -37.75 2.4
      vertex -62.5701 -37.2606 2.4
    endloop
  endfacet
  facet normal 0 0 1
    outer loop
      vertex -63.1575 38.2779 2.4
      vertex -62.8971 -37.75 2.4
      vertex -62.8971 37.75 2.4
    endloop
  endfacet
  facet normal 0 0 1
    outer loop
      vertex -63.1575 38.2779 2.4
      vertex -63.1575 -38.2779 2.4
      vertex -62.8971 -37.75 2.4
    endloop
  endfacet
  facet normal 0 0 1
    outer loop
      vertex -63.3467 38.8353 2.4
      vertex -63.1575 -38.2779 2.4
      vertex -63.1575 38.2779 2.4
    endloop
  endfacet
  facet normal 0 0 1
    outer loop
      vertex -63.3467 38.8353 2.4
      vertex -63.3467 -38.8353 2.4
      vertex -63.1575 -38.2779 2.4
    endloop
  endfacet
  facet normal 0 0 1
    outer loop
      vertex -63.4615 39.4126 2.4
      vertex -63.3467 -38.8353 2.4
      vertex -63.3467 38.8353 2.4
    endloop
  endfacet
  facet normal 0 0 1
    outer loop
      vertex -63.4615 39.4126 2.4
      vertex -63.4615 -39.4126 2.4
      vertex -63.3467 -38.8353 2.4
    endloop
  endfacet
  facet normal 0 0 1
    outer loop
      vertex -62.182 43.182 2.4
      vertex -66.818 47.818 2.4
      vertex -62.5701 42.7394 2.4
    endloop
  endfacet
  facet normal -0 0 1
    outer loop
      vertex -67.2606 47.4299 2.4
      vertex -62.5701 42.7394 2.4
      vertex -66.818 47.818 2.4
    endloop
  endfacet
  facet normal 0 0 1
    outer loop
      vertex 74.1575 49.2779 2.4
      vertex 75.4 52 2.4
      vertex 74.3467 49.8353 2.4
    endloop
  endfacet
  facet normal 0 0 1
    outer loop
      vertex 75.4 -52 2.4
      vertex 74.4615 -50.4126 2.4
      vertex 74.5 -51 2.4
    endloop
  endfacet
  facet normal 0 0 1
    outer loop
      vertex 75.4 52 2.4
      vertex 74.1575 49.2779 2.4
      vertex 75.4 -52 2.4
    endloop
  endfacet
  facet normal 0 0 1
    outer loop
      vertex 75.4 -52 2.4
      vertex 74.3467 -49.8353 2.4
      vertex 74.4615 -50.4126 2.4
    endloop
  endfacet
  facet normal -0 0 1
    outer loop
      vertex 74.1575 -49.2779 2.4
      vertex 75.4 -52 2.4
      vertex 74.1575 49.2779 2.4
    endloop
  endfacet
  facet normal 0 0 1
    outer loop
      vertex 75.4 -52 2.4
      vertex 74.1575 -49.2779 2.4
      vertex 74.3467 -49.8353 2.4
    endloop
  endfacet
  facet normal -0 0 1
    outer loop
      vertex 73.8971 48.75 2.4
      vertex 74.1575 -49.2779 2.4
      vertex 74.1575 49.2779 2.4
    endloop
  endfacet
  facet normal 0 0 1
    outer loop
      vertex 73.8971 48.75 2.4
      vertex 73.8971 -48.75 2.4
      vertex 74.1575 -49.2779 2.4
    endloop
  endfacet
  facet normal 0 0 1
    outer loop
      vertex 63.3467 -24.8353 2.4
      vertex 73.8971 48.75 2.4
      vertex 73.5701 48.2606 2.4
    endloop
  endfacet
  facet normal 0 0 1
    outer loop
      vertex 73.8971 48.75 2.4
      vertex 63.3467 -24.8353 2.4
      vertex 73.8971 -48.75 2.4
    endloop
  endfacet
  facet normal 0 0 1
    outer loop
      vertex 63.1575 -24.2779 2.4
      vertex 73.5701 48.2606 2.4
      vertex 73.182 47.818 2.4
    endloop
  endfacet
  facet normal 0 0 1
    outer loop
      vertex 73.8971 -48.75 2.4
      vertex 63.3467 -24.8353 2.4
      vertex 73.5701 -48.2606 2.4
    endloop
  endfacet
  facet normal 0 0 1
    outer loop
      vertex 62.8971 -23.75 2.4
      vertex 73.182 47.818 2.4
      vertex 72.7394 47.4299 2.4
    endloop
  endfacet
  facet normal -0 -0 1
    outer loop
      vertex 63.4615 -25.4126 2.4
      vertex 73.5701 -48.2606 2.4
      vertex 63.3467 -24.8353 2.4
    endloop
  endfacet
  facet normal 0 0 1
    outer loop
      vertex 62.5701 -23.2606 2.4
      vertex 72.7394 47.4299 2.4
      vertex 72.25 47.1029 2.4
    endloop
  endfacet
  facet normal 0 0 1
    outer loop
      vertex 73.5701 -48.2606 2.4
      vertex 63.4615 -25.4126 2.4
      vertex 73.182 -47.818 2.4
    endloop
  endfacet
  facet normal 0 0 1
    outer loop
      vertex 62.182 -22.818 2.4
      vertex 72.25 47.1029 2.4
      vertex 71.7221 46.8425 2.4
    endloop
  endfacet
  facet normal -0 -0 1
    outer loop
      vertex 63.5 -26 2.4
      vertex 73.182 -47.818 2.4
      vertex 63.4615 -25.4126 2.4
    endloop
  endfacet
  facet normal 0 0 1
    outer loop
      vertex 61.7394 -22.4299 2.4
      vertex 71.7221 46.8425 2.4
      vertex 71.1647 46.6533 2.4
    endloop
  endfacet
  facet normal 0 0 1
    outer loop
      vertex 73.182 -47.818 2.4
      vertex 63.5 -26 2.4
      vertex 72.7394 -47.4299 2.4
    endloop
  endfacet
  facet normal 0 0 1
    outer loop
      vertex 61.25 -22.1029 2.4
      vertex 71.1647 46.6533 2.4
      vertex 70.5874 46.5385 2.4
    endloop
  endfacet
  facet normal -0 0 1
    outer loop
      vertex 63.4615 -26.5874 2.4
      vertex 72.7394 -47.4299 2.4
      vertex 63.5 -26 2.4
    endloop
  endfacet
  facet normal 0 0 1
    outer loop
      vertex 60.7221 -21.8425 2.4
      vertex 70.5874 46.5385 2.4
      vertex 70 46.5 2.4
    endloop
  endfacet
  facet normal 0 0 1
    outer loop
      vertex 72.7394 -47.4299 2.4
      vertex 63.4615 -26.5874 2.4
      vertex 72.25 -47.1029 2.4
    endloop
  endfacet
  facet normal 0 0 1
    outer loop
      vertex 60.1647 -21.6533 2.4
      vertex 70 46.5 2.4
      vertex 69.4126 46.5385 2.4
    endloop
  endfacet
  facet normal -0 0 1
    outer loop
      vertex 63.3467 -27.1647 2.4
      vertex 72.25 -47.1029 2.4
      vertex 63.4615 -26.5874 2.4
    endloop
  endfacet
  facet normal 0 0 1
    outer loop
      vertex 59.5874 -21.5385 2.4
      vertex 69.4126 46.5385 2.4
      vertex 68.8353 46.6533 2.4
    endloop
  endfacet
  facet normal -0 0 1
    outer loop
      vertex 63.1575 -27.7221 2.4
      vertex 71.7221 -46.8425 2.4
      vertex 63.3467 -27.1647 2.4
    endloop
  endfacet
  facet normal 0 0 1
    outer loop
      vertex 59 -21.5 2.4
      vertex 68.8353 46.6533 2.4
      vertex 68.2779 46.8425 2.4
    endloop
  endfacet
  facet normal 0 0 1
    outer loop
      vertex 71.7221 -46.8425 2.4
      vertex 63.1575 -27.7221 2.4
      vertex 71.1647 -46.6533 2.4
    endloop
  endfacet
  facet normal 0 0 1
    outer loop
      vertex 58.4126 -21.5385 2.4
      vertex 68.2779 46.8425 2.4
      vertex 67.75 47.1029 2.4
    endloop
  endfacet
  facet normal -0 0 1
    outer loop
      vertex 62.8971 -28.25 2.4
      vertex 71.1647 -46.6533 2.4
      vertex 63.1575 -27.7221 2.4
    endloop
  endfacet
  facet normal 0 0 1
    outer loop
      vertex 24.5701 39.2606 2.4
      vertex 67.75 47.1029 2.4
      vertex 67.2606 47.4299 2.4
    endloop
  endfacet
  facet normal 0 0 1
    outer loop
      vertex 71.1647 -46.6533 2.4
      vertex 62.8971 -28.25 2.4
      vertex 70.5874 -46.5385 2.4
    endloop
  endfacet
  facet normal 0 0 1
    outer loop
      vertex 24.8971 39.75 2.4
      vertex 67.2606 47.4299 2.4
      vertex 66.818 47.818 2.4
    endloop
  endfacet
  facet normal -0 0 1
    outer loop
      vertex 62.5701 -28.7394 2.4
      vertex 70.5874 -46.5385 2.4
      vertex 62.8971 -28.25 2.4
    endloop
  endfacet
  facet normal 0 0 1
    outer loop
      vertex 25.1575 40.2779 2.4
      vertex 66.818 47.818 2.4
      vertex 66.4299 48.2606 2.4
    endloop
  endfacet
  facet normal 0 0 1
    outer loop
      vertex 70.5874 -46.5385 2.4
      vertex 62.5701 -28.7394 2.4
      vertex 70 -46.5 2.4
    endloop
  endfacet
  facet normal 0 0 1
    outer loop
      vertex 25.3467 40.8353 2.4
      vertex 66.4299 48.2606 2.4
      vertex 66.1029 48.75 2.4
    endloop
  endfacet
  facet normal -0 0 1
    outer loop
      vertex 62.182 -29.182 2.4
      vertex 70 -46.5 2.4
      vertex 62.5701 -28.7394 2.4
    endloop
  endfacet
  facet normal 0 0 1
    outer loop
      vertex 25.4615 41.4126 2.4
      vertex 66.1029 48.75 2.4
      vertex 65.8425 49.2779 2.4
    endloop
  endfacet
  facet normal 0 0 1
    outer loop
      vertex 70 -46.5 2.4
      vertex 62.182 -29.182 2.4
      vertex 69.4126 -46.5385 2.4
    endloop
  endfacet
  facet normal 0 0 1
    outer loop
      vertex 25.5 42 2.4
      vertex 65.8425 49.2779 2.4
      vertex 65.6533 49.8353 2.4
    endloop
  endfacet
  facet normal 0 0 1
    outer loop
      vertex 69.4126 -46.5385 2.4
      vertex 61.7394 -29.5701 2.4
      vertex 68.8353 -46.6533 2.4
    endloop
  endfacet
  facet normal 0 0 1
    outer loop
      vertex 25.4615 42.5874 2.4
      vertex 65.6533 49.8353 2.4
      vertex 65.5385 50.4126 2.4
    endloop
  endfacet
  facet normal -0 0 1
    outer loop
      vertex 61.25 -29.8971 2.4
      vertex 68.8353 -46.6533 2.4
      vertex 61.7394 -29.5701 2.4
    endloop
  endfacet
  facet normal 0 0 1
    outer loop
      vertex 25.3467 43.1647 2.4
      vertex 65.5385 50.4126 2.4
      vertex 65.5 51 2.4
    endloop
  endfacet
  facet normal 0 0 1
    outer loop
      vertex 68.8353 -46.6533 2.4
      vertex 61.25 -29.8971 2.4
      vertex 68.2779 -46.8425 2.4
    endloop
  endfacet
  facet normal -0 0 1
    outer loop
      vertex 74.3467 52.1647 2.4
      vertex 75.4 52 2.4
      vertex 75.3624 52.5743 2.4
    endloop
  endfacet
  facet normal 0 0 1
    outer loop
      vertex 74.4615 50.4126 2.4
      vertex 75.4 52 2.4
      vertex 74.5 51 2.4
    endloop
  endfacet
  facet normal -0 0 1
    outer loop
      vertex 74.1575 52.7221 2.4
      vertex 75.3624 52.5743 2.4
      vertex 75.2501 53.1388 2.4
    endloop
  endfacet
  facet normal 0 0 1
    outer loop
      vertex 74.3467 49.8353 2.4
      vertex 75.4 52 2.4
      vertex 74.4615 50.4126 2.4
    endloop
  endfacet
  facet normal 0 0 1
    outer loop
      vertex 74.1575 52.7221 2.4
      vertex 75.2501 53.1388 2.4
      vertex 75.0651 53.6838 2.4
    endloop
  endfacet
  facet normal -0 0 1
    outer loop
      vertex 74.4615 -51.5874 2.4
      vertex 75.4 -52 2.4
      vertex 74.5 -51 2.4
    endloop
  endfacet
  facet normal 0 0 1
    outer loop
      vertex 73.8971 53.25 2.4
      vertex 75.0651 53.6838 2.4
      vertex 74.8105 54.2 2.4
    endloop
  endfacet
  facet normal 0 0 1
    outer loop
      vertex 74.3467 -52.1647 2.4
      vertex 75.4 -52 2.4
      vertex 74.4615 -51.5874 2.4
    endloop
  endfacet
  facet normal 0 0 1
    outer loop
      vertex 75.4 -52 2.4
      vertex 74.3467 -52.1647 2.4
      vertex 75.3624 -52.5743 2.4
    endloop
  endfacet
  facet normal 0 0 1
    outer loop
      vertex 73.5701 53.7394 2.4
      vertex 74.8105 54.2 2.4
      vertex 74.4908 54.6785 2.4
    endloop
  endfacet
  facet normal 0 0 1
    outer loop
      vertex 75.4 52 2.4
      vertex 74.4615 51.5874 2.4
      vertex 74.5 51 2.4
    endloop
  endfacet
  facet normal 0 0 1
    outer loop
      vertex 75.4 52 2.4
      vertex 74.3467 52.1647 2.4
      vertex 74.4615 51.5874 2.4
    endloop
  endfacet
  facet normal 0 0 1
    outer loop
      vertex 75.3624 52.5743 2.4
      vertex 74.1575 52.7221 2.4
      vertex 74.3467 52.1647 2.4
    endloop
  endfacet
  facet normal 0 0 1
    outer loop
      vertex 73.182 54.182 2.4
      vertex 74.4908 54.6785 2.4
      vertex 74.1113 55.1113 2.4
    endloop
  endfacet
  facet normal 0 0 1
    outer loop
      vertex 75.0651 53.6838 2.4
      vertex 73.8971 53.25 2.4
      vertex 74.1575 52.7221 2.4
    endloop
  endfacet
  facet normal 0 0 1
    outer loop
      vertex 73.182 54.182 2.4
      vertex 74.1113 55.1113 2.4
      vertex 73.6785 55.4908 2.4
    endloop
  endfacet
  facet normal 0 0 1
    outer loop
      vertex 74.8105 54.2 2.4
      vertex 73.5701 53.7394 2.4
      vertex 73.8971 53.25 2.4
    endloop
  endfacet
  facet normal 0 0 1
    outer loop
      vertex 72.7394 54.5701 2.4
      vertex 73.6785 55.4908 2.4
      vertex 73.2 55.8105 2.4
    endloop
  endfacet
  facet normal 0 0 1
    outer loop
      vertex 74.4908 54.6785 2.4
      vertex 73.182 54.182 2.4
      vertex 73.5701 53.7394 2.4
    endloop
  endfacet
  facet normal 0 0 1
    outer loop
      vertex 73.6785 55.4908 2.4
      vertex 72.7394 54.5701 2.4
      vertex 73.182 54.182 2.4
    endloop
  endfacet
  facet normal 0 0 1
    outer loop
      vertex 72.25 54.8971 2.4
      vertex 73.2 55.8105 2.4
      vertex 72.6838 56.0651 2.4
    endloop
  endfacet
  facet normal 0 0 1
    outer loop
      vertex 73.2 55.8105 2.4
      vertex 72.25 54.8971 2.4
      vertex 72.7394 54.5701 2.4
    endloop
  endfacet
  facet normal 0 0 1
    outer loop
      vertex 71.7221 55.1575 2.4
      vertex 72.6838 56.0651 2.4
      vertex 72.1388 56.2501 2.4
    endloop
  endfacet
  facet normal 0 0 1
    outer loop
      vertex 72.6838 56.0651 2.4
      vertex 71.7221 55.1575 2.4
      vertex 72.25 54.8971 2.4
    endloop
  endfacet
  facet normal 0 0 1
    outer loop
      vertex 71.5743 56.3624 2.4
      vertex 71.7221 55.1575 2.4
      vertex 72.1388 56.2501 2.4
    endloop
  endfacet
  facet normal 0 0 1
    outer loop
      vertex 71.5743 56.3624 2.4
      vertex 71.1647 55.3467 2.4
      vertex 71.7221 55.1575 2.4
    endloop
  endfacet
  facet normal 0 0 1
    outer loop
      vertex 71 56.4 2.4
      vertex 71.1647 55.3467 2.4
      vertex 71.5743 56.3624 2.4
    endloop
  endfacet
  facet normal 0 0 1
    outer loop
      vertex 71 56.4 2.4
      vertex 70.5874 55.4615 2.4
      vertex 71.1647 55.3467 2.4
    endloop
  endfacet
  facet normal 0 0 1
    outer loop
      vertex 71 56.4 2.4
      vertex 70 55.5 2.4
      vertex 70.5874 55.4615 2.4
    endloop
  endfacet
  facet normal 0 0 1
    outer loop
      vertex 71 56.4 2.4
      vertex 69.4126 55.4615 2.4
      vertex 70 55.5 2.4
    endloop
  endfacet
  facet normal 0 0 1
    outer loop
      vertex 71 56.4 2.4
      vertex 68.8353 55.3467 2.4
      vertex 69.4126 55.4615 2.4
    endloop
  endfacet
  facet normal 0 0 1
    outer loop
      vertex 71 56.4 2.4
      vertex 68.2779 55.1575 2.4
      vertex 68.8353 55.3467 2.4
    endloop
  endfacet
  facet normal -0 0 1
    outer loop
      vertex 60.7221 -30.1575 2.4
      vertex 68.2779 -46.8425 2.4
      vertex 61.25 -29.8971 2.4
    endloop
  endfacet
  facet normal -0 0 1
    outer loop
      vertex 61.7394 -29.5701 2.4
      vertex 69.4126 -46.5385 2.4
      vertex 62.182 -29.182 2.4
    endloop
  endfacet
  facet normal 0 0 1
    outer loop
      vertex 72.25 -47.1029 2.4
      vertex 63.3467 -27.1647 2.4
      vertex 71.7221 -46.8425 2.4
    endloop
  endfacet
  facet normal 0 0 1
    outer loop
      vertex 73.5701 48.2606 2.4
      vertex 63.1575 -24.2779 2.4
      vertex 63.3467 -24.8353 2.4
    endloop
  endfacet
  facet normal 0 0 1
    outer loop
      vertex 73.182 47.818 2.4
      vertex 62.8971 -23.75 2.4
      vertex 63.1575 -24.2779 2.4
    endloop
  endfacet
  facet normal 0 0 1
    outer loop
      vertex 72.7394 47.4299 2.4
      vertex 62.5701 -23.2606 2.4
      vertex 62.8971 -23.75 2.4
    endloop
  endfacet
  facet normal 0 0 1
    outer loop
      vertex 72.25 47.1029 2.4
      vertex 62.182 -22.818 2.4
      vertex 62.5701 -23.2606 2.4
    endloop
  endfacet
  facet normal 0 0 1
    outer loop
      vertex 71.7221 46.8425 2.4
      vertex 61.7394 -22.4299 2.4
      vertex 62.182 -22.818 2.4
    endloop
  endfacet
  facet normal 0 0 1
    outer loop
      vertex 71.1647 46.6533 2.4
      vertex 61.25 -22.1029 2.4
      vertex 61.7394 -22.4299 2.4
    endloop
  endfacet
  facet normal 0 0 1
    outer loop
      vertex 70.5874 46.5385 2.4
      vertex 60.7221 -21.8425 2.4
      vertex 61.25 -22.1029 2.4
    endloop
  endfacet
  facet normal 0 0 1
    outer loop
      vertex 25.1575 43.7221 2.4
      vertex 65.5 51 2.4
      vertex 65.5385 51.5874 2.4
    endloop
  endfacet
  facet normal 0 0 1
    outer loop
      vertex 70 46.5 2.4
      vertex 60.1647 -21.6533 2.4
      vertex 60.7221 -21.8425 2.4
    endloop
  endfacet
  facet normal 0 0 1
    outer loop
      vertex 69.4126 46.5385 2.4
      vertex 59.5874 -21.5385 2.4
      vertex 60.1647 -21.6533 2.4
    endloop
  endfacet
  facet normal 0 0 1
    outer loop
      vertex 68.8353 46.6533 2.4
      vertex 59 -21.5 2.4
      vertex 59.5874 -21.5385 2.4
    endloop
  endfacet
  facet normal 0 0 1
    outer loop
      vertex 68.2779 46.8425 2.4
      vertex 58.4126 -21.5385 2.4
      vertex 59 -21.5 2.4
    endloop
  endfacet
  facet normal 0 0 1
    outer loop
      vertex 67.75 47.1029 2.4
      vertex 24.5701 39.2606 2.4
      vertex 24.182 38.818 2.4
    endloop
  endfacet
  facet normal 0 0 1
    outer loop
      vertex 67.75 47.1029 2.4
      vertex 24.182 38.818 2.4
      vertex 58.4126 -21.5385 2.4
    endloop
  endfacet
  facet normal 0 0 1
    outer loop
      vertex 58.4126 -21.5385 2.4
      vertex 24.182 38.818 2.4
      vertex 57.8353 -21.6533 2.4
    endloop
  endfacet
  facet normal -0 0 1
    outer loop
      vertex 23.7394 38.4299 2.4
      vertex 57.8353 -21.6533 2.4
      vertex 24.182 38.818 2.4
    endloop
  endfacet
  facet normal 0 0 1
    outer loop
      vertex 57.8353 -21.6533 2.4
      vertex 23.7394 38.4299 2.4
      vertex 57.2779 -21.8425 2.4
    endloop
  endfacet
  facet normal -0 0 1
    outer loop
      vertex 23.25 38.1029 2.4
      vertex 57.2779 -21.8425 2.4
      vertex 23.7394 38.4299 2.4
    endloop
  endfacet
  facet normal 0 0 1
    outer loop
      vertex 57.2779 -21.8425 2.4
      vertex 23.25 38.1029 2.4
      vertex 56.75 -22.1029 2.4
    endloop
  endfacet
  facet normal -0 0 1
    outer loop
      vertex 22.7221 37.8425 2.4
      vertex 56.75 -22.1029 2.4
      vertex 23.25 38.1029 2.4
    endloop
  endfacet
  facet normal 0 0 1
    outer loop
      vertex 56.75 -22.1029 2.4
      vertex 22.7221 37.8425 2.4
      vertex 56.2606 -22.4299 2.4
    endloop
  endfacet
  facet normal -0 0 1
    outer loop
      vertex 22.1647 37.6533 2.4
      vertex 56.2606 -22.4299 2.4
      vertex 22.7221 37.8425 2.4
    endloop
  endfacet
  facet normal 0 0 1
    outer loop
      vertex 66.1029 48.75 2.4
      vertex 25.4615 41.4126 2.4
      vertex 25.3467 40.8353 2.4
    endloop
  endfacet
  facet normal 0 0 1
    outer loop
      vertex 65.8425 49.2779 2.4
      vertex 25.5 42 2.4
      vertex 25.4615 41.4126 2.4
    endloop
  endfacet
  facet normal 0 0 1
    outer loop
      vertex 24.8971 44.25 2.4
      vertex 65.5385 51.5874 2.4
      vertex 65.6533 52.1647 2.4
    endloop
  endfacet
  facet normal 0 0 1
    outer loop
      vertex 24.5701 44.7394 2.4
      vertex 65.6533 52.1647 2.4
      vertex 65.8425 52.7221 2.4
    endloop
  endfacet
  facet normal 0 0 1
    outer loop
      vertex 24.182 45.182 2.4
      vertex 65.8425 52.7221 2.4
      vertex 66.1029 53.25 2.4
    endloop
  endfacet
  facet normal 0 0 1
    outer loop
      vertex 23.7394 45.5701 2.4
      vertex 66.1029 53.25 2.4
      vertex 66.4299 53.7394 2.4
    endloop
  endfacet
  facet normal 0 0 1
    outer loop
      vertex 23.25 45.8971 2.4
      vertex 66.4299 53.7394 2.4
      vertex 66.818 54.182 2.4
    endloop
  endfacet
  facet normal 0 0 1
    outer loop
      vertex 22.7221 46.1575 2.4
      vertex 66.818 54.182 2.4
      vertex 67.2606 54.5701 2.4
    endloop
  endfacet
  facet normal 0 0 1
    outer loop
      vertex 22.1647 46.3467 2.4
      vertex 67.2606 54.5701 2.4
      vertex 67.75 54.8971 2.4
    endloop
  endfacet
  facet normal 0 0 1
    outer loop
      vertex 21.5874 46.4615 2.4
      vertex 67.75 54.8971 2.4
      vertex 68.2779 55.1575 2.4
    endloop
  endfacet
  facet normal 0 0 1
    outer loop
      vertex 21 46.5 2.4
      vertex 68.2779 55.1575 2.4
      vertex 71 56.4 2.4
    endloop
  endfacet
  facet normal 0 0 1
    outer loop
      vertex 65.6533 49.8353 2.4
      vertex 25.4615 42.5874 2.4
      vertex 25.5 42 2.4
    endloop
  endfacet
  facet normal 0 0 1
    outer loop
      vertex 65.5385 50.4126 2.4
      vertex 25.3467 43.1647 2.4
      vertex 25.4615 42.5874 2.4
    endloop
  endfacet
  facet normal 0 0 1
    outer loop
      vertex 65.5 51 2.4
      vertex 25.1575 43.7221 2.4
      vertex 25.3467 43.1647 2.4
    endloop
  endfacet
  facet normal 0 0 1
    outer loop
      vertex 65.5385 51.5874 2.4
      vertex 24.8971 44.25 2.4
      vertex 25.1575 43.7221 2.4
    endloop
  endfacet
  facet normal 0 0 1
    outer loop
      vertex 65.6533 52.1647 2.4
      vertex 24.5701 44.7394 2.4
      vertex 24.8971 44.25 2.4
    endloop
  endfacet
  facet normal 0 0 1
    outer loop
      vertex 65.8425 52.7221 2.4
      vertex 24.182 45.182 2.4
      vertex 24.5701 44.7394 2.4
    endloop
  endfacet
  facet normal 0 0 1
    outer loop
      vertex 66.1029 53.25 2.4
      vertex 23.7394 45.5701 2.4
      vertex 24.182 45.182 2.4
    endloop
  endfacet
  facet normal 0 0 1
    outer loop
      vertex 66.4299 53.7394 2.4
      vertex 23.25 45.8971 2.4
      vertex 23.7394 45.5701 2.4
    endloop
  endfacet
  facet normal 0 0 1
    outer loop
      vertex 66.818 54.182 2.4
      vertex 22.7221 46.1575 2.4
      vertex 23.25 45.8971 2.4
    endloop
  endfacet
  facet normal 0 0 1
    outer loop
      vertex 67.2606 54.5701 2.4
      vertex 22.1647 46.3467 2.4
      vertex 22.7221 46.1575 2.4
    endloop
  endfacet
  facet normal 0 0 1
    outer loop
      vertex 67.75 54.8971 2.4
      vertex 21.5874 46.4615 2.4
      vertex 22.1647 46.3467 2.4
    endloop
  endfacet
  facet normal 0 0 1
    outer loop
      vertex 68.2779 55.1575 2.4
      vertex 21 46.5 2.4
      vertex 21.5874 46.4615 2.4
    endloop
  endfacet
  facet normal 0 0 1
    outer loop
      vertex 71 56.4 2.4
      vertex 20.4126 46.4615 2.4
      vertex 21 46.5 2.4
    endloop
  endfacet
  facet normal 0 0 1
    outer loop
      vertex -54.5385 40.5874 2.4
      vertex 16.5 42 2.4
      vertex 16.5385 42.5874 2.4
    endloop
  endfacet
  facet normal 0 0 1
    outer loop
      vertex -54.6533 41.1647 2.4
      vertex 16.5385 42.5874 2.4
      vertex 16.6533 43.1647 2.4
    endloop
  endfacet
  facet normal 0 0 1
    outer loop
      vertex -54.8425 41.7221 2.4
      vertex 16.6533 43.1647 2.4
      vertex 16.8425 43.7221 2.4
    endloop
  endfacet
  facet normal 0 0 1
    outer loop
      vertex -55.1029 42.25 2.4
      vertex 16.8425 43.7221 2.4
      vertex 17.1029 44.25 2.4
    endloop
  endfacet
  facet normal 0 0 1
    outer loop
      vertex -55.4299 42.7394 2.4
      vertex 17.1029 44.25 2.4
      vertex 17.4299 44.7394 2.4
    endloop
  endfacet
  facet normal 0 0 1
    outer loop
      vertex -55.818 43.182 2.4
      vertex 17.4299 44.7394 2.4
      vertex 17.818 45.182 2.4
    endloop
  endfacet
  facet normal 0 0 1
    outer loop
      vertex -56.2606 43.5701 2.4
      vertex 17.818 45.182 2.4
      vertex 18.2606 45.5701 2.4
    endloop
  endfacet
  facet normal 0 0 1
    outer loop
      vertex -66.818 54.182 2.4
      vertex 18.2606 45.5701 2.4
      vertex 18.75 45.8971 2.4
    endloop
  endfacet
  facet normal 0 0 1
    outer loop
      vertex -67.2606 54.5701 2.4
      vertex 18.75 45.8971 2.4
      vertex 19.2779 46.1575 2.4
    endloop
  endfacet
  facet normal 0 0 1
    outer loop
      vertex -67.75 54.8971 2.4
      vertex 19.2779 46.1575 2.4
      vertex 19.8353 46.3467 2.4
    endloop
  endfacet
  facet normal 0 0 1
    outer loop
      vertex -71 56.4 2.4
      vertex 19.8353 46.3467 2.4
      vertex 20.4126 46.4615 2.4
    endloop
  endfacet
  facet normal -0 0 1
    outer loop
      vertex -71 56.4 2.4
      vertex 20.4126 46.4615 2.4
      vertex 71 56.4 2.4
    endloop
  endfacet
  facet normal 0 0 1
    outer loop
      vertex 16.5 42 2.4
      vertex -54.5385 40.5874 2.4
      vertex -54.5 40 2.4
    endloop
  endfacet
  facet normal 0 0 1
    outer loop
      vertex 16.5385 42.5874 2.4
      vertex -54.6533 41.1647 2.4
      vertex -54.5385 40.5874 2.4
    endloop
  endfacet
  facet normal 0 0 1
    outer loop
      vertex 16.6533 43.1647 2.4
      vertex -54.8425 41.7221 2.4
      vertex -54.6533 41.1647 2.4
    endloop
  endfacet
  facet normal 0 0 1
    outer loop
      vertex 16.8425 43.7221 2.4
      vertex -55.1029 42.25 2.4
      vertex -54.8425 41.7221 2.4
    endloop
  endfacet
  facet normal 0 0 1
    outer loop
      vertex 17.1029 44.25 2.4
      vertex -55.4299 42.7394 2.4
      vertex -55.1029 42.25 2.4
    endloop
  endfacet
  facet normal 0 0 1
    outer loop
      vertex 17.4299 44.7394 2.4
      vertex -55.818 43.182 2.4
      vertex -55.4299 42.7394 2.4
    endloop
  endfacet
  facet normal 0 0 1
    outer loop
      vertex 17.818 45.182 2.4
      vertex -56.2606 43.5701 2.4
      vertex -55.818 43.182 2.4
    endloop
  endfacet
  facet normal 0 0 1
    outer loop
      vertex 18.2606 45.5701 2.4
      vertex -66.4299 53.7394 2.4
      vertex -56.2606 43.5701 2.4
    endloop
  endfacet
  facet normal 0 0 1
    outer loop
      vertex -56.2606 43.5701 2.4
      vertex -66.4299 53.7394 2.4
      vertex -56.75 43.8971 2.4
    endloop
  endfacet
  facet normal -0 -0 1
    outer loop
      vertex -66.1029 53.25 2.4
      vertex -56.75 43.8971 2.4
      vertex -66.4299 53.7394 2.4
    endloop
  endfacet
  facet normal 0 0 1
    outer loop
      vertex -56.75 43.8971 2.4
      vertex -66.1029 53.25 2.4
      vertex -57.2779 44.1575 2.4
    endloop
  endfacet
  facet normal -0 -0 1
    outer loop
      vertex -65.8425 52.7221 2.4
      vertex -57.2779 44.1575 2.4
      vertex -66.1029 53.25 2.4
    endloop
  endfacet
  facet normal 0 0 1
    outer loop
      vertex -57.2779 44.1575 2.4
      vertex -65.8425 52.7221 2.4
      vertex -57.8353 44.3467 2.4
    endloop
  endfacet
  facet normal 0 0 1
    outer loop
      vertex -62.5701 42.7394 2.4
      vertex -67.2606 47.4299 2.4
      vertex -62.8971 42.25 2.4
    endloop
  endfacet
  facet normal -0 0 1
    outer loop
      vertex -66.818 47.818 2.4
      vertex -62.182 43.182 2.4
      vertex -66.4299 48.2606 2.4
    endloop
  endfacet
  facet normal 0 0 1
    outer loop
      vertex -61.7394 43.5701 2.4
      vertex -66.4299 48.2606 2.4
      vertex -62.182 43.182 2.4
    endloop
  endfacet
  facet normal -0 0 1
    outer loop
      vertex -66.4299 48.2606 2.4
      vertex -61.7394 43.5701 2.4
      vertex -66.1029 48.75 2.4
    endloop
  endfacet
  facet normal 0 0 1
    outer loop
      vertex -61.25 43.8971 2.4
      vertex -66.1029 48.75 2.4
      vertex -61.7394 43.5701 2.4
    endloop
  endfacet
  facet normal -0 0 1
    outer loop
      vertex -66.1029 48.75 2.4
      vertex -61.25 43.8971 2.4
      vertex -65.8425 49.2779 2.4
    endloop
  endfacet
  facet normal 0 0 1
    outer loop
      vertex -60.7221 44.1575 2.4
      vertex -65.8425 49.2779 2.4
      vertex -61.25 43.8971 2.4
    endloop
  endfacet
  facet normal -0 0 1
    outer loop
      vertex -65.8425 49.2779 2.4
      vertex -60.7221 44.1575 2.4
      vertex -65.6533 49.8353 2.4
    endloop
  endfacet
  facet normal 0 0 1
    outer loop
      vertex -60.1647 44.3467 2.4
      vertex -65.6533 49.8353 2.4
      vertex -60.7221 44.1575 2.4
    endloop
  endfacet
  facet normal -0 0 1
    outer loop
      vertex -65.6533 49.8353 2.4
      vertex -60.1647 44.3467 2.4
      vertex -65.5385 50.4126 2.4
    endloop
  endfacet
  facet normal 0 0 1
    outer loop
      vertex -59.5874 44.4615 2.4
      vertex -65.5385 50.4126 2.4
      vertex -60.1647 44.3467 2.4
    endloop
  endfacet
  facet normal -0 0 1
    outer loop
      vertex -65.5385 50.4126 2.4
      vertex -59.5874 44.4615 2.4
      vertex -65.5 51 2.4
    endloop
  endfacet
  facet normal 0 0 1
    outer loop
      vertex -57.8353 44.3467 2.4
      vertex -65.6533 52.1647 2.4
      vertex -58.4126 44.4615 2.4
    endloop
  endfacet
  facet normal 0 0 1
    outer loop
      vertex -59 44.5 2.4
      vertex -65.5 51 2.4
      vertex -59.5874 44.4615 2.4
    endloop
  endfacet
  facet normal -0 -0 1
    outer loop
      vertex -65.5 51 2.4
      vertex -59 44.5 2.4
      vertex -65.5385 51.5874 2.4
    endloop
  endfacet
  facet normal 0 0 1
    outer loop
      vertex -58.4126 44.4615 2.4
      vertex -65.5385 51.5874 2.4
      vertex -59 44.5 2.4
    endloop
  endfacet
  facet normal -0 -0 1
    outer loop
      vertex -65.5385 51.5874 2.4
      vertex -58.4126 44.4615 2.4
      vertex -65.6533 52.1647 2.4
    endloop
  endfacet
  facet normal -0 -0 1
    outer loop
      vertex -65.6533 52.1647 2.4
      vertex -57.8353 44.3467 2.4
      vertex -65.8425 52.7221 2.4
    endloop
  endfacet
  facet normal 0 0 1
    outer loop
      vertex 18.2606 45.5701 2.4
      vertex -66.818 54.182 2.4
      vertex -66.4299 53.7394 2.4
    endloop
  endfacet
  facet normal 0 0 1
    outer loop
      vertex 18.75 45.8971 2.4
      vertex -67.2606 54.5701 2.4
      vertex -66.818 54.182 2.4
    endloop
  endfacet
  facet normal 0 0 1
    outer loop
      vertex 19.2779 46.1575 2.4
      vertex -67.75 54.8971 2.4
      vertex -67.2606 54.5701 2.4
    endloop
  endfacet
  facet normal 0 0 1
    outer loop
      vertex 19.8353 46.3467 2.4
      vertex -68.2779 55.1575 2.4
      vertex -67.75 54.8971 2.4
    endloop
  endfacet
  facet normal 0 0 1
    outer loop
      vertex 19.8353 46.3467 2.4
      vertex -71 56.4 2.4
      vertex -68.2779 55.1575 2.4
    endloop
  endfacet
  facet normal 0 0 1
    outer loop
      vertex -68.2779 55.1575 2.4
      vertex -71 56.4 2.4
      vertex -68.8353 55.3467 2.4
    endloop
  endfacet
  facet normal 0 0 1
    outer loop
      vertex -68.8353 55.3467 2.4
      vertex -71 56.4 2.4
      vertex -69.4126 55.4615 2.4
    endloop
  endfacet
  facet normal 0 0 1
    outer loop
      vertex -69.4126 55.4615 2.4
      vertex -71 56.4 2.4
      vertex -70 55.5 2.4
    endloop
  endfacet
  facet normal 0 0 1
    outer loop
      vertex -71 56.4 2.4
      vertex -70.5874 55.4615 2.4
      vertex -70 55.5 2.4
    endloop
  endfacet
  facet normal 0 0 1
    outer loop
      vertex -71 56.4 2.4
      vertex -71.1647 55.3467 2.4
      vertex -70.5874 55.4615 2.4
    endloop
  endfacet
  facet normal -0 0 1
    outer loop
      vertex -71.5743 56.3624 2.4
      vertex -71.1647 55.3467 2.4
      vertex -71 56.4 2.4
    endloop
  endfacet
  facet normal 0 0 1
    outer loop
      vertex -71.5743 56.3624 2.4
      vertex -71.7221 55.1575 2.4
      vertex -71.1647 55.3467 2.4
    endloop
  endfacet
  facet normal -0 0 1
    outer loop
      vertex -72.1388 56.2501 2.4
      vertex -71.7221 55.1575 2.4
      vertex -71.5743 56.3624 2.4
    endloop
  endfacet
  facet normal -0 0 1
    outer loop
      vertex -72.6838 56.0651 2.4
      vertex -71.7221 55.1575 2.4
      vertex -72.1388 56.2501 2.4
    endloop
  endfacet
  facet normal 0 0 1
    outer loop
      vertex -71.7221 55.1575 2.4
      vertex -72.6838 56.0651 2.4
      vertex -72.25 54.8971 2.4
    endloop
  endfacet
  facet normal -0 0 1
    outer loop
      vertex -73.2 55.8105 2.4
      vertex -72.25 54.8971 2.4
      vertex -72.6838 56.0651 2.4
    endloop
  endfacet
  facet normal 0 0 1
    outer loop
      vertex -72.25 54.8971 2.4
      vertex -73.2 55.8105 2.4
      vertex -72.7394 54.5701 2.4
    endloop
  endfacet
  facet normal -0 0 1
    outer loop
      vertex -73.6785 55.4908 2.4
      vertex -72.7394 54.5701 2.4
      vertex -73.2 55.8105 2.4
    endloop
  endfacet
  facet normal 0 0 1
    outer loop
      vertex -72.7394 54.5701 2.4
      vertex -73.6785 55.4908 2.4
      vertex -73.182 54.182 2.4
    endloop
  endfacet
  facet normal -0 0 1
    outer loop
      vertex -74.1113 55.1113 2.4
      vertex -73.182 54.182 2.4
      vertex -73.6785 55.4908 2.4
    endloop
  endfacet
  facet normal -0 0 1
    outer loop
      vertex -74.4908 54.6785 2.4
      vertex -73.182 54.182 2.4
      vertex -74.1113 55.1113 2.4
    endloop
  endfacet
  facet normal 0 0 1
    outer loop
      vertex -73.182 54.182 2.4
      vertex -74.4908 54.6785 2.4
      vertex -73.5701 53.7394 2.4
    endloop
  endfacet
  facet normal -0 0 1
    outer loop
      vertex -74.8105 54.2 2.4
      vertex -73.5701 53.7394 2.4
      vertex -74.4908 54.6785 2.4
    endloop
  endfacet
  facet normal 0 0 1
    outer loop
      vertex -73.5701 53.7394 2.4
      vertex -74.8105 54.2 2.4
      vertex -73.8971 53.25 2.4
    endloop
  endfacet
  facet normal -0 0 1
    outer loop
      vertex -75.0651 53.6838 2.4
      vertex -73.8971 53.25 2.4
      vertex -74.8105 54.2 2.4
    endloop
  endfacet
  facet normal 0 0 1
    outer loop
      vertex -73.8971 53.25 2.4
      vertex -75.0651 53.6838 2.4
      vertex -74.1575 52.7221 2.4
    endloop
  endfacet
  facet normal -0 0 1
    outer loop
      vertex -75.2501 53.1388 2.4
      vertex -74.1575 52.7221 2.4
      vertex -75.0651 53.6838 2.4
    endloop
  endfacet
  facet normal 0 0 1
    outer loop
      vertex -74.1575 52.7221 2.4
      vertex -75.3624 52.5743 2.4
      vertex -74.3467 52.1647 2.4
    endloop
  endfacet
  facet normal 0 0 1
    outer loop
      vertex -75.3624 52.5743 2.4
      vertex -74.1575 52.7221 2.4
      vertex -75.2501 53.1388 2.4
    endloop
  endfacet
  facet normal 0 0 1
    outer loop
      vertex 74.1575 -52.7221 2.4
      vertex 75.3624 -52.5743 2.4
      vertex 74.3467 -52.1647 2.4
    endloop
  endfacet
  facet normal 0 0 1
    outer loop
      vertex 75.3624 -52.5743 2.4
      vertex 74.1575 -52.7221 2.4
      vertex 75.2501 -53.1388 2.4
    endloop
  endfacet
  facet normal 0 0 1
    outer loop
      vertex 75.2501 -53.1388 2.4
      vertex 74.1575 -52.7221 2.4
      vertex 75.0651 -53.6838 2.4
    endloop
  endfacet
  facet normal -0 0 1
    outer loop
      vertex 73.8971 -53.25 2.4
      vertex 75.0651 -53.6838 2.4
      vertex 74.1575 -52.7221 2.4
    endloop
  endfacet
  facet normal 0 0 1
    outer loop
      vertex 75.0651 -53.6838 2.4
      vertex 73.8971 -53.25 2.4
      vertex 74.8105 -54.2 2.4
    endloop
  endfacet
  facet normal -0 0 1
    outer loop
      vertex 73.5701 -53.7394 2.4
      vertex 74.8105 -54.2 2.4
      vertex 73.8971 -53.25 2.4
    endloop
  endfacet
  facet normal 0 0 1
    outer loop
      vertex 74.8105 -54.2 2.4
      vertex 73.5701 -53.7394 2.4
      vertex 74.4908 -54.6785 2.4
    endloop
  endfacet
  facet normal -0 0 1
    outer loop
      vertex 73.182 -54.182 2.4
      vertex 74.4908 -54.6785 2.4
      vertex 73.5701 -53.7394 2.4
    endloop
  endfacet
  facet normal 0 0 1
    outer loop
      vertex 74.4908 -54.6785 2.4
      vertex 73.182 -54.182 2.4
      vertex 74.1113 -55.1113 2.4
    endloop
  endfacet
  facet normal 0 0 1
    outer loop
      vertex 74.1113 -55.1113 2.4
      vertex 73.182 -54.182 2.4
      vertex 73.6785 -55.4908 2.4
    endloop
  endfacet
  facet normal -0 0 1
    outer loop
      vertex 72.7394 -54.5701 2.4
      vertex 73.6785 -55.4908 2.4
      vertex 73.182 -54.182 2.4
    endloop
  endfacet
  facet normal 0 0 1
    outer loop
      vertex 73.6785 -55.4908 2.4
      vertex 72.7394 -54.5701 2.4
      vertex 73.2 -55.8105 2.4
    endloop
  endfacet
  facet normal -0 0 1
    outer loop
      vertex 72.25 -54.8971 2.4
      vertex 73.2 -55.8105 2.4
      vertex 72.7394 -54.5701 2.4
    endloop
  endfacet
  facet normal 0 0 1
    outer loop
      vertex 73.2 -55.8105 2.4
      vertex 72.25 -54.8971 2.4
      vertex 72.6838 -56.0651 2.4
    endloop
  endfacet
  facet normal -0 0 1
    outer loop
      vertex 71.7221 -55.1575 2.4
      vertex 72.6838 -56.0651 2.4
      vertex 72.25 -54.8971 2.4
    endloop
  endfacet
  facet normal 0 0 1
    outer loop
      vertex 72.6838 -56.0651 2.4
      vertex 71.7221 -55.1575 2.4
      vertex 72.1388 -56.2501 2.4
    endloop
  endfacet
  facet normal 0 0 1
    outer loop
      vertex 71.7221 -55.1575 2.4
      vertex 71.5743 -56.3624 2.4
      vertex 72.1388 -56.2501 2.4
    endloop
  endfacet
  facet normal -0 0 1
    outer loop
      vertex 71.1647 -55.3467 2.4
      vertex 71.5743 -56.3624 2.4
      vertex 71.7221 -55.1575 2.4
    endloop
  endfacet
  facet normal 0 0 1
    outer loop
      vertex 71.1647 -55.3467 2.4
      vertex 71 -56.4 2.4
      vertex 71.5743 -56.3624 2.4
    endloop
  endfacet
  facet normal -0 0 1
    outer loop
      vertex 70.5874 -55.4615 2.4
      vertex 71 -56.4 2.4
      vertex 71.1647 -55.3467 2.4
    endloop
  endfacet
  facet normal -0 0 1
    outer loop
      vertex 70 -55.5 2.4
      vertex 71 -56.4 2.4
      vertex 70.5874 -55.4615 2.4
    endloop
  endfacet
  facet normal 0 0 1
    outer loop
      vertex 69.4126 -55.4615 2.4
      vertex 71 -56.4 2.4
      vertex 70 -55.5 2.4
    endloop
  endfacet
  facet normal 0 0 1
    outer loop
      vertex 68.8353 -55.3467 2.4
      vertex 71 -56.4 2.4
      vertex 69.4126 -55.4615 2.4
    endloop
  endfacet
  facet normal 0 0 1
    outer loop
      vertex 68.2779 -55.1575 2.4
      vertex 71 -56.4 2.4
      vertex 68.8353 -55.3467 2.4
    endloop
  endfacet
  facet normal 0 0 1
    outer loop
      vertex 68.2779 -46.8425 2.4
      vertex 60.7221 -30.1575 2.4
      vertex 67.75 -47.1029 2.4
    endloop
  endfacet
  facet normal -0 0 1
    outer loop
      vertex 60.1647 -30.3467 2.4
      vertex 67.75 -47.1029 2.4
      vertex 60.7221 -30.1575 2.4
    endloop
  endfacet
  facet normal 0 0 1
    outer loop
      vertex 67.75 -47.1029 2.4
      vertex 60.1647 -30.3467 2.4
      vertex 67.2606 -47.4299 2.4
    endloop
  endfacet
  facet normal -0 0 1
    outer loop
      vertex 59.5874 -30.4615 2.4
      vertex 67.2606 -47.4299 2.4
      vertex 60.1647 -30.3467 2.4
    endloop
  endfacet
  facet normal 0 0 1
    outer loop
      vertex 67.2606 -47.4299 2.4
      vertex 59.5874 -30.4615 2.4
      vertex 66.818 -47.818 2.4
    endloop
  endfacet
  facet normal -0 0 1
    outer loop
      vertex 59 -30.5 2.4
      vertex 66.818 -47.818 2.4
      vertex 59.5874 -30.4615 2.4
    endloop
  endfacet
  facet normal 0 0 1
    outer loop
      vertex 66.818 -47.818 2.4
      vertex 59 -30.5 2.4
      vertex 66.4299 -48.2606 2.4
    endloop
  endfacet
  facet normal 0 0 1
    outer loop
      vertex 58.4126 -30.4615 2.4
      vertex 66.4299 -48.2606 2.4
      vertex 59 -30.5 2.4
    endloop
  endfacet
  facet normal 0 0 1
    outer loop
      vertex 66.4299 -48.2606 2.4
      vertex 58.4126 -30.4615 2.4
      vertex 66.1029 -48.75 2.4
    endloop
  endfacet
  facet normal 0 0 1
    outer loop
      vertex 57.8353 -30.3467 2.4
      vertex 66.1029 -48.75 2.4
      vertex 58.4126 -30.4615 2.4
    endloop
  endfacet
  facet normal 0 0 1
    outer loop
      vertex 66.1029 -48.75 2.4
      vertex 57.8353 -30.3467 2.4
      vertex 65.8425 -49.2779 2.4
    endloop
  endfacet
  facet normal 0 0 1
    outer loop
      vertex 57.2779 -30.1575 2.4
      vertex 65.8425 -49.2779 2.4
      vertex 57.8353 -30.3467 2.4
    endloop
  endfacet
  facet normal 0 0 1
    outer loop
      vertex 65.8425 -49.2779 2.4
      vertex 57.2779 -30.1575 2.4
      vertex 65.6533 -49.8353 2.4
    endloop
  endfacet
  facet normal 0 0 1
    outer loop
      vertex 56.75 -29.8971 2.4
      vertex 65.6533 -49.8353 2.4
      vertex 57.2779 -30.1575 2.4
    endloop
  endfacet
  facet normal 0 0 1
    outer loop
      vertex 65.6533 -49.8353 2.4
      vertex 56.75 -29.8971 2.4
      vertex 65.5385 -50.4126 2.4
    endloop
  endfacet
  facet normal 0 0 1
    outer loop
      vertex 56.2606 -29.5701 2.4
      vertex 65.5385 -50.4126 2.4
      vertex 56.75 -29.8971 2.4
    endloop
  endfacet
  facet normal 0 0 1
    outer loop
      vertex 65.5385 -50.4126 2.4
      vertex 56.2606 -29.5701 2.4
      vertex 65.5 -51 2.4
    endloop
  endfacet
  facet normal 0 0 1
    outer loop
      vertex 55.818 -29.182 2.4
      vertex 65.5 -51 2.4
      vertex 56.2606 -29.5701 2.4
    endloop
  endfacet
  facet normal 0 0 1
    outer loop
      vertex 65.5 -51 2.4
      vertex 55.818 -29.182 2.4
      vertex 65.5385 -51.5874 2.4
    endloop
  endfacet
  facet normal 0 0 1
    outer loop
      vertex 55.4299 -28.7394 2.4
      vertex 65.5385 -51.5874 2.4
      vertex 55.818 -29.182 2.4
    endloop
  endfacet
  facet normal 0 0 1
    outer loop
      vertex 65.5385 -51.5874 2.4
      vertex 55.4299 -28.7394 2.4
      vertex 65.6533 -52.1647 2.4
    endloop
  endfacet
  facet normal -0 0 1
    outer loop
      vertex -54.8425 -41.7221 2.4
      vertex 65.6533 -52.1647 2.4
      vertex 55.4299 -28.7394 2.4
    endloop
  endfacet
  facet normal 0 0 1
    outer loop
      vertex -54.8425 -41.7221 2.4
      vertex 55.4299 -28.7394 2.4
      vertex 55.1029 -28.25 2.4
    endloop
  endfacet
  facet normal 0 0 1
    outer loop
      vertex -54.6533 -41.1647 2.4
      vertex 55.1029 -28.25 2.4
      vertex 54.8425 -27.7221 2.4
    endloop
  endfacet
  facet normal 0 0 1
    outer loop
      vertex 66.4299 48.2606 2.4
      vertex 25.3467 40.8353 2.4
      vertex 25.1575 40.2779 2.4
    endloop
  endfacet
  facet normal 0 0 1
    outer loop
      vertex 66.818 47.818 2.4
      vertex 25.1575 40.2779 2.4
      vertex 24.8971 39.75 2.4
    endloop
  endfacet
  facet normal 0 0 1
    outer loop
      vertex 67.2606 47.4299 2.4
      vertex 24.8971 39.75 2.4
      vertex 24.5701 39.2606 2.4
    endloop
  endfacet
  facet normal 0 0 1
    outer loop
      vertex 56.2606 -22.4299 2.4
      vertex 22.1647 37.6533 2.4
      vertex 55.818 -22.818 2.4
    endloop
  endfacet
  facet normal -0 0 1
    outer loop
      vertex 21.5874 37.5385 2.4
      vertex 55.818 -22.818 2.4
      vertex 22.1647 37.6533 2.4
    endloop
  endfacet
  facet normal 0 0 1
    outer loop
      vertex 55.818 -22.818 2.4
      vertex 21.5874 37.5385 2.4
      vertex 55.4299 -23.2606 2.4
    endloop
  endfacet
  facet normal -0 0 1
    outer loop
      vertex 21 37.5 2.4
      vertex 55.4299 -23.2606 2.4
      vertex 21.5874 37.5385 2.4
    endloop
  endfacet
  facet normal 0 0 1
    outer loop
      vertex 55.4299 -23.2606 2.4
      vertex 21 37.5 2.4
      vertex 55.1029 -23.75 2.4
    endloop
  endfacet
  facet normal 0 0 1
    outer loop
      vertex 20.4126 37.5385 2.4
      vertex 55.1029 -23.75 2.4
      vertex 21 37.5 2.4
    endloop
  endfacet
  facet normal 0 0 1
    outer loop
      vertex 55.1029 -23.75 2.4
      vertex 20.4126 37.5385 2.4
      vertex 54.8425 -24.2779 2.4
    endloop
  endfacet
  facet normal 0 0 1
    outer loop
      vertex 19.8353 37.6533 2.4
      vertex 54.8425 -24.2779 2.4
      vertex 20.4126 37.5385 2.4
    endloop
  endfacet
  facet normal 0 0 1
    outer loop
      vertex 54.8425 -24.2779 2.4
      vertex 19.8353 37.6533 2.4
      vertex 54.6533 -24.8353 2.4
    endloop
  endfacet
  facet normal 0 0 1
    outer loop
      vertex 19.2779 37.8425 2.4
      vertex 54.6533 -24.8353 2.4
      vertex 19.8353 37.6533 2.4
    endloop
  endfacet
  facet normal 0 0 1
    outer loop
      vertex 54.6533 -24.8353 2.4
      vertex 19.2779 37.8425 2.4
      vertex 54.5385 -25.4126 2.4
    endloop
  endfacet
  facet normal 0 0 1
    outer loop
      vertex -54.5 -40 2.4
      vertex 54.5385 -25.4126 2.4
      vertex 19.2779 37.8425 2.4
    endloop
  endfacet
  facet normal 0 0 1
    outer loop
      vertex 54.5385 -25.4126 2.4
      vertex -54.5 -40 2.4
      vertex 54.5 -26 2.4
    endloop
  endfacet
  facet normal 0 0 1
    outer loop
      vertex 54.5 -26 2.4
      vertex -54.5 -40 2.4
      vertex 54.5385 -26.5874 2.4
    endloop
  endfacet
  facet normal 0 0 1
    outer loop
      vertex 54.5385 -26.5874 2.4
      vertex -54.5 -40 2.4
      vertex 54.6533 -27.1647 2.4
    endloop
  endfacet
  facet normal 0 0 1
    outer loop
      vertex 54.6533 -27.1647 2.4
      vertex -54.5385 -40.5874 2.4
      vertex 54.8425 -27.7221 2.4
    endloop
  endfacet
  facet normal 0 0 1
    outer loop
      vertex -54.5385 -40.5874 2.4
      vertex 54.6533 -27.1647 2.4
      vertex -54.5 -40 2.4
    endloop
  endfacet
  facet normal 0 0 1
    outer loop
      vertex -54.5 -40 2.4
      vertex 19.2779 37.8425 2.4
      vertex 18.75 38.1029 2.4
    endloop
  endfacet
  facet normal 0 0 1
    outer loop
      vertex -54.5 -40 2.4
      vertex 18.75 38.1029 2.4
      vertex 18.2606 38.4299 2.4
    endloop
  endfacet
  facet normal 0 0 1
    outer loop
      vertex -54.5 -40 2.4
      vertex 18.2606 38.4299 2.4
      vertex 17.818 38.818 2.4
    endloop
  endfacet
  facet normal 0 0 1
    outer loop
      vertex -54.8425 38.2779 2.4
      vertex 16.8425 40.2779 2.4
      vertex -54.6533 38.8353 2.4
    endloop
  endfacet
  facet normal 0 0 1
    outer loop
      vertex 16.6533 40.8353 2.4
      vertex -54.6533 38.8353 2.4
      vertex 16.8425 40.2779 2.4
    endloop
  endfacet
  facet normal 0 0 1
    outer loop
      vertex -54.5 40 2.4
      vertex 16.5385 41.4126 2.4
      vertex 16.5 42 2.4
    endloop
  endfacet
  facet normal 0 0 1
    outer loop
      vertex -54.5385 39.4126 2.4
      vertex 16.5385 41.4126 2.4
      vertex -54.5 40 2.4
    endloop
  endfacet
  facet normal 0 0 1
    outer loop
      vertex 16.5385 41.4126 2.4
      vertex -54.5385 39.4126 2.4
      vertex 16.6533 40.8353 2.4
    endloop
  endfacet
  facet normal 0 0 1
    outer loop
      vertex -54.6533 38.8353 2.4
      vertex 16.6533 40.8353 2.4
      vertex -54.5385 39.4126 2.4
    endloop
  endfacet
  facet normal 0 0 1
    outer loop
      vertex 16.8425 40.2779 2.4
      vertex -54.8425 38.2779 2.4
      vertex 17.1029 39.75 2.4
    endloop
  endfacet
  facet normal 0 0 1
    outer loop
      vertex -54.6533 -41.1647 2.4
      vertex 54.8425 -27.7221 2.4
      vertex -54.5385 -40.5874 2.4
    endloop
  endfacet
  facet normal 0 0 1
    outer loop
      vertex 55.1029 -28.25 2.4
      vertex -54.6533 -41.1647 2.4
      vertex -54.8425 -41.7221 2.4
    endloop
  endfacet
  facet normal -0 0 1
    outer loop
      vertex -55.1029 -42.25 2.4
      vertex 65.6533 -52.1647 2.4
      vertex -54.8425 -41.7221 2.4
    endloop
  endfacet
  facet normal 0 0 1
    outer loop
      vertex 65.6533 -52.1647 2.4
      vertex -55.1029 -42.25 2.4
      vertex 65.8425 -52.7221 2.4
    endloop
  endfacet
  facet normal -0 0 1
    outer loop
      vertex -55.4299 -42.7394 2.4
      vertex 65.8425 -52.7221 2.4
      vertex -55.1029 -42.25 2.4
    endloop
  endfacet
  facet normal 0 0 1
    outer loop
      vertex 65.8425 -52.7221 2.4
      vertex -55.4299 -42.7394 2.4
      vertex 66.1029 -53.25 2.4
    endloop
  endfacet
  facet normal -0 0 1
    outer loop
      vertex -55.818 -43.182 2.4
      vertex 66.1029 -53.25 2.4
      vertex -55.4299 -42.7394 2.4
    endloop
  endfacet
  facet normal 0 0 1
    outer loop
      vertex 66.1029 -53.25 2.4
      vertex -55.818 -43.182 2.4
      vertex 66.4299 -53.7394 2.4
    endloop
  endfacet
  facet normal -0 0 1
    outer loop
      vertex -56.2606 -43.5701 2.4
      vertex 66.4299 -53.7394 2.4
      vertex -55.818 -43.182 2.4
    endloop
  endfacet
  facet normal 0 0 1
    outer loop
      vertex -66.4299 -53.7394 2.4
      vertex 66.4299 -53.7394 2.4
      vertex -56.2606 -43.5701 2.4
    endloop
  endfacet
  facet normal 0 0 1
    outer loop
      vertex 66.4299 -53.7394 2.4
      vertex -66.4299 -53.7394 2.4
      vertex 66.818 -54.182 2.4
    endloop
  endfacet
  facet normal 0 0 1
    outer loop
      vertex -66.818 -54.182 2.4
      vertex 66.818 -54.182 2.4
      vertex -66.4299 -53.7394 2.4
    endloop
  endfacet
  facet normal 0 0 1
    outer loop
      vertex 66.818 -54.182 2.4
      vertex -66.818 -54.182 2.4
      vertex 67.2606 -54.5701 2.4
    endloop
  endfacet
  facet normal 0 0 1
    outer loop
      vertex -67.2606 -54.5701 2.4
      vertex 67.2606 -54.5701 2.4
      vertex -66.818 -54.182 2.4
    endloop
  endfacet
  facet normal 0 0 1
    outer loop
      vertex -66.4299 -53.7394 2.4
      vertex -56.2606 -43.5701 2.4
      vertex -56.75 -43.8971 2.4
    endloop
  endfacet
  facet normal 0 0 1
    outer loop
      vertex -66.1029 -53.25 2.4
      vertex -56.75 -43.8971 2.4
      vertex -57.2779 -44.1575 2.4
    endloop
  endfacet
  facet normal 0 0 1
    outer loop
      vertex -65.8425 -52.7221 2.4
      vertex -57.2779 -44.1575 2.4
      vertex -57.8353 -44.3467 2.4
    endloop
  endfacet
  facet normal 0 0 1
    outer loop
      vertex -65.6533 -52.1647 2.4
      vertex -57.8353 -44.3467 2.4
      vertex -58.4126 -44.4615 2.4
    endloop
  endfacet
  facet normal 0 0 1
    outer loop
      vertex -65.5385 -51.5874 2.4
      vertex -58.4126 -44.4615 2.4
      vertex -59 -44.5 2.4
    endloop
  endfacet
  facet normal 0 0 1
    outer loop
      vertex -65.5 -51 2.4
      vertex -59 -44.5 2.4
      vertex -59.5874 -44.4615 2.4
    endloop
  endfacet
  facet normal 0 0 1
    outer loop
      vertex -63.4615 -39.4126 2.4
      vertex -65.5 -51 2.4
      vertex -63.5 -40 2.4
    endloop
  endfacet
  facet normal 0 0 1
    outer loop
      vertex -65.5 -51 2.4
      vertex -63.4615 -40.5874 2.4
      vertex -63.5 -40 2.4
    endloop
  endfacet
  facet normal 0 0 1
    outer loop
      vertex -65.5 -51 2.4
      vertex -63.3467 -41.1647 2.4
      vertex -63.4615 -40.5874 2.4
    endloop
  endfacet
  facet normal 0 0 1
    outer loop
      vertex -65.5 -51 2.4
      vertex -63.1575 -41.7221 2.4
      vertex -63.3467 -41.1647 2.4
    endloop
  endfacet
  facet normal 0 0 1
    outer loop
      vertex -65.5 -51 2.4
      vertex -62.8971 -42.25 2.4
      vertex -63.1575 -41.7221 2.4
    endloop
  endfacet
  facet normal 0 0 1
    outer loop
      vertex -65.5 -51 2.4
      vertex -62.5701 -42.7394 2.4
      vertex -62.8971 -42.25 2.4
    endloop
  endfacet
  facet normal 0 0 1
    outer loop
      vertex -65.5 -51 2.4
      vertex -62.182 -43.182 2.4
      vertex -62.5701 -42.7394 2.4
    endloop
  endfacet
  facet normal 0 0 1
    outer loop
      vertex -65.5 -51 2.4
      vertex -61.7394 -43.5701 2.4
      vertex -62.182 -43.182 2.4
    endloop
  endfacet
  facet normal 0 0 1
    outer loop
      vertex -65.5 -51 2.4
      vertex -61.25 -43.8971 2.4
      vertex -61.7394 -43.5701 2.4
    endloop
  endfacet
  facet normal 0 0 1
    outer loop
      vertex -65.5 -51 2.4
      vertex -60.7221 -44.1575 2.4
      vertex -61.25 -43.8971 2.4
    endloop
  endfacet
  facet normal 0 0 1
    outer loop
      vertex -65.5 -51 2.4
      vertex -60.1647 -44.3467 2.4
      vertex -60.7221 -44.1575 2.4
    endloop
  endfacet
  facet normal 0 0 1
    outer loop
      vertex -65.5 -51 2.4
      vertex -59.5874 -44.4615 2.4
      vertex -60.1647 -44.3467 2.4
    endloop
  endfacet
  facet normal 0 0 1
    outer loop
      vertex -59 -44.5 2.4
      vertex -65.5 -51 2.4
      vertex -65.5385 -51.5874 2.4
    endloop
  endfacet
  facet normal 0 0 1
    outer loop
      vertex -58.4126 -44.4615 2.4
      vertex -65.5385 -51.5874 2.4
      vertex -65.6533 -52.1647 2.4
    endloop
  endfacet
  facet normal 0 0 1
    outer loop
      vertex -57.8353 -44.3467 2.4
      vertex -65.6533 -52.1647 2.4
      vertex -65.8425 -52.7221 2.4
    endloop
  endfacet
  facet normal 0 0 1
    outer loop
      vertex -57.2779 -44.1575 2.4
      vertex -65.8425 -52.7221 2.4
      vertex -66.1029 -53.25 2.4
    endloop
  endfacet
  facet normal 0 0 1
    outer loop
      vertex -56.75 -43.8971 2.4
      vertex -66.1029 -53.25 2.4
      vertex -66.4299 -53.7394 2.4
    endloop
  endfacet
  facet normal 0 0 1
    outer loop
      vertex 67.2606 -54.5701 2.4
      vertex -67.2606 -54.5701 2.4
      vertex 67.75 -54.8971 2.4
    endloop
  endfacet
  facet normal 0 0 1
    outer loop
      vertex -67.75 -54.8971 2.4
      vertex 67.75 -54.8971 2.4
      vertex -67.2606 -54.5701 2.4
    endloop
  endfacet
  facet normal 0 0 1
    outer loop
      vertex 67.75 -54.8971 2.4
      vertex -67.75 -54.8971 2.4
      vertex 68.2779 -55.1575 2.4
    endloop
  endfacet
  facet normal 0 0 1
    outer loop
      vertex -68.2779 -55.1575 2.4
      vertex 68.2779 -55.1575 2.4
      vertex -67.75 -54.8971 2.4
    endloop
  endfacet
  facet normal 0 0 1
    outer loop
      vertex 68.2779 -55.1575 2.4
      vertex -68.2779 -55.1575 2.4
      vertex 71 -56.4 2.4
    endloop
  endfacet
  facet normal 0 0 1
    outer loop
      vertex -71 -56.4 2.4
      vertex -68.2779 -55.1575 2.4
      vertex -68.8353 -55.3467 2.4
    endloop
  endfacet
  facet normal 0 0 1
    outer loop
      vertex -71 -56.4 2.4
      vertex -68.8353 -55.3467 2.4
      vertex -69.4126 -55.4615 2.4
    endloop
  endfacet
  facet normal 0 0 1
    outer loop
      vertex -71 -56.4 2.4
      vertex -69.4126 -55.4615 2.4
      vertex -70 -55.5 2.4
    endloop
  endfacet
  facet normal 0 0 1
    outer loop
      vertex -68.2779 -55.1575 2.4
      vertex -71 -56.4 2.4
      vertex 71 -56.4 2.4
    endloop
  endfacet
  facet normal 0 0 1
    outer loop
      vertex -70.5874 -55.4615 2.4
      vertex -71 -56.4 2.4
      vertex -70 -55.5 2.4
    endloop
  endfacet
  facet normal 0 0 1
    outer loop
      vertex -71.1647 -55.3467 2.4
      vertex -71 -56.4 2.4
      vertex -70.5874 -55.4615 2.4
    endloop
  endfacet
  facet normal 0 0 1
    outer loop
      vertex -71.1647 -55.3467 2.4
      vertex -71.5743 -56.3624 2.4
      vertex -71 -56.4 2.4
    endloop
  endfacet
  facet normal 0 0 1
    outer loop
      vertex -71.7221 -55.1575 2.4
      vertex -71.5743 -56.3624 2.4
      vertex -71.1647 -55.3467 2.4
    endloop
  endfacet
  facet normal 0 0 1
    outer loop
      vertex -71.7221 -55.1575 2.4
      vertex -72.1388 -56.2501 2.4
      vertex -71.5743 -56.3624 2.4
    endloop
  endfacet
  facet normal 0 0 1
    outer loop
      vertex -72.6838 -56.0651 2.4
      vertex -71.7221 -55.1575 2.4
      vertex -72.25 -54.8971 2.4
    endloop
  endfacet
  facet normal 0 0 1
    outer loop
      vertex -71.7221 -55.1575 2.4
      vertex -72.6838 -56.0651 2.4
      vertex -72.1388 -56.2501 2.4
    endloop
  endfacet
  facet normal 0 0 1
    outer loop
      vertex -73.2 -55.8105 2.4
      vertex -72.25 -54.8971 2.4
      vertex -72.7394 -54.5701 2.4
    endloop
  endfacet
  facet normal 0 0 1
    outer loop
      vertex -73.6785 -55.4908 2.4
      vertex -72.7394 -54.5701 2.4
      vertex -73.182 -54.182 2.4
    endloop
  endfacet
  facet normal 0 0 1
    outer loop
      vertex -72.25 -54.8971 2.4
      vertex -73.2 -55.8105 2.4
      vertex -72.6838 -56.0651 2.4
    endloop
  endfacet
  facet normal 0 0 1
    outer loop
      vertex -74.4908 -54.6785 2.4
      vertex -73.182 -54.182 2.4
      vertex -73.5701 -53.7394 2.4
    endloop
  endfacet
  facet normal 0 0 1
    outer loop
      vertex -72.7394 -54.5701 2.4
      vertex -73.6785 -55.4908 2.4
      vertex -73.2 -55.8105 2.4
    endloop
  endfacet
  facet normal 0 0 1
    outer loop
      vertex -74.8105 -54.2 2.4
      vertex -73.5701 -53.7394 2.4
      vertex -73.8971 -53.25 2.4
    endloop
  endfacet
  facet normal 0 0 1
    outer loop
      vertex -73.182 -54.182 2.4
      vertex -74.1113 -55.1113 2.4
      vertex -73.6785 -55.4908 2.4
    endloop
  endfacet
  facet normal 0 0 1
    outer loop
      vertex -75.0651 -53.6838 2.4
      vertex -73.8971 -53.25 2.4
      vertex -74.1575 -52.7221 2.4
    endloop
  endfacet
  facet normal -0 0 1
    outer loop
      vertex -75.3624 -52.5743 2.4
      vertex -74.1575 -52.7221 2.4
      vertex -74.3467 -52.1647 2.4
    endloop
  endfacet
  facet normal -0 0 1
    outer loop
      vertex -75.4 -52 2.4
      vertex -74.3467 -52.1647 2.4
      vertex -74.4615 -51.5874 2.4
    endloop
  endfacet
  facet normal 0 0 1
    outer loop
      vertex -73.182 -54.182 2.4
      vertex -74.4908 -54.6785 2.4
      vertex -74.1113 -55.1113 2.4
    endloop
  endfacet
  facet normal 0 0 1
    outer loop
      vertex -75.4 -52 2.4
      vertex -74.4615 -51.5874 2.4
      vertex -74.5 -51 2.4
    endloop
  endfacet
  facet normal 0 0 1
    outer loop
      vertex -74.3467 -49.8353 2.4
      vertex -75.4 -52 2.4
      vertex -74.4615 -50.4126 2.4
    endloop
  endfacet
  facet normal 0 0 1
    outer loop
      vertex -74.4615 -50.4126 2.4
      vertex -75.4 -52 2.4
      vertex -74.5 -51 2.4
    endloop
  endfacet
  facet normal 0 0 1
    outer loop
      vertex -75.4 52 2.4
      vertex -74.3467 52.1647 2.4
      vertex -75.3624 52.5743 2.4
    endloop
  endfacet
  facet normal 0 0 1
    outer loop
      vertex -74.3467 -52.1647 2.4
      vertex -75.4 -52 2.4
      vertex -75.3624 -52.5743 2.4
    endloop
  endfacet
  facet normal 0 0 1
    outer loop
      vertex -74.3467 52.1647 2.4
      vertex -75.4 52 2.4
      vertex -74.4615 51.5874 2.4
    endloop
  endfacet
  facet normal 0 0 1
    outer loop
      vertex -73.5701 -53.7394 2.4
      vertex -74.8105 -54.2 2.4
      vertex -74.4908 -54.6785 2.4
    endloop
  endfacet
  facet normal 0 0 1
    outer loop
      vertex -74.4615 51.5874 2.4
      vertex -75.4 52 2.4
      vertex -74.5 51 2.4
    endloop
  endfacet
  facet normal 0 0 1
    outer loop
      vertex -73.8971 -53.25 2.4
      vertex -75.0651 -53.6838 2.4
      vertex -74.8105 -54.2 2.4
    endloop
  endfacet
  facet normal 0 0 1
    outer loop
      vertex -74.1575 -52.7221 2.4
      vertex -75.2501 -53.1388 2.4
      vertex -75.0651 -53.6838 2.4
    endloop
  endfacet
  facet normal 0 0 1
    outer loop
      vertex -74.1575 -52.7221 2.4
      vertex -75.3624 -52.5743 2.4
      vertex -75.2501 -53.1388 2.4
    endloop
  endfacet
  facet normal 0.442342 -0.896846 0
    outer loop
      vertex 72.6838 -56.0651 0
      vertex 73.2 -55.8105 2.4
      vertex 72.6838 -56.0651 2.4
    endloop
  endfacet
  facet normal 0.442342 -0.896846 0
    outer loop
      vertex 73.2 -55.8105 2.4
      vertex 72.6838 -56.0651 0
      vertex 73.2 -55.8105 0
    endloop
  endfacet
  facet normal 0.555542 -0.831488 0
    outer loop
      vertex 73.2 -55.8105 0
      vertex 73.6785 -55.4908 2.4
      vertex 73.2 -55.8105 2.4
    endloop
  endfacet
  facet normal 0.555542 -0.831488 0
    outer loop
      vertex 73.6785 -55.4908 2.4
      vertex 73.2 -55.8105 0
      vertex 73.6785 -55.4908 0
    endloop
  endfacet
  facet normal 0.997858 -0.0654143 0
    outer loop
      vertex -60.975 40 8.9
      vertex -60.9581 40.2578 4.025
      vertex -60.9581 40.2578 8.9
    endloop
  endfacet
  facet normal 0.997858 -0.0654143 0
    outer loop
      vertex -60.9581 40.2578 4.025
      vertex -60.975 40 8.9
      vertex -60.975 40 4.025
    endloop
  endfacet
  facet normal -0.195074 0.980789 0
    outer loop
      vertex -58.4888 38.0923 4.025
      vertex -58.7422 38.0419 8.9
      vertex -58.4888 38.0923 8.9
    endloop
  endfacet
  facet normal -0.195074 0.980789 0
    outer loop
      vertex -58.7422 38.0419 8.9
      vertex -58.4888 38.0923 4.025
      vertex -58.7422 38.0419 4.025
    endloop
  endfacet
  facet normal -0.980789 -0.195074 0
    outer loop
      vertex -57.0419 40.2578 4.025
      vertex -57.0923 40.5112 8.9
      vertex -57.0923 40.5112 4.025
    endloop
  endfacet
  facet normal -0.980789 -0.195074 0
    outer loop
      vertex -57.0923 40.5112 8.9
      vertex -57.0419 40.2578 4.025
      vertex -57.0419 40.2578 8.9
    endloop
  endfacet
  facet normal -0.997858 -0.0654143 0
    outer loop
      vertex -57.025 40 4.025
      vertex -57.0419 40.2578 8.9
      vertex -57.0419 40.2578 4.025
    endloop
  endfacet
  facet normal -0.997858 -0.0654143 0
    outer loop
      vertex -57.0419 40.2578 8.9
      vertex -57.025 40 4.025
      vertex -57.025 40 8.9
    endloop
  endfacet
  facet normal -0.980789 0.195074 0
    outer loop
      vertex -57.0923 39.4888 4.025
      vertex -57.0419 39.7422 8.9
      vertex -57.0419 39.7422 4.025
    endloop
  endfacet
  facet normal -0.980789 0.195074 0
    outer loop
      vertex -57.0419 39.7422 8.9
      vertex -57.0923 39.4888 4.025
      vertex -57.0923 39.4888 8.9
    endloop
  endfacet
  facet normal 0.751665 -0.659545 0
    outer loop
      vertex -60.5669 41.2023 8.9
      vertex -60.3965 41.3965 4.025
      vertex -60.3965 41.3965 8.9
    endloop
  endfacet
  facet normal 0.751665 -0.659545 0
    outer loop
      vertex -60.3965 41.3965 4.025
      vertex -60.5669 41.2023 8.9
      vertex -60.5669 41.2023 4.025
    endloop
  endfacet
  facet normal -0.321334 -0.946966 0
    outer loop
      vertex -58.4888 41.9077 4.025
      vertex -58.2442 41.8247 8.9
      vertex -58.4888 41.9077 8.9
    endloop
  endfacet
  facet normal -0.321334 -0.946966 -0
    outer loop
      vertex -58.2442 41.8247 8.9
      vertex -58.4888 41.9077 4.025
      vertex -58.2442 41.8247 4.025
    endloop
  endfacet
  facet normal 0.321334 -0.946966 0
    outer loop
      vertex -59.7558 41.8247 4.025
      vertex -59.5112 41.9077 8.9
      vertex -59.7558 41.8247 8.9
    endloop
  endfacet
  facet normal 0.321334 -0.946966 0
    outer loop
      vertex -59.5112 41.9077 8.9
      vertex -59.7558 41.8247 4.025
      vertex -59.5112 41.9077 4.025
    endloop
  endfacet
  facet normal -0.0654143 0.997858 0
    outer loop
      vertex -58.7422 38.0419 4.025
      vertex -59 38.025 8.9
      vertex -58.7422 38.0419 8.9
    endloop
  endfacet
  facet normal -0.0654143 0.997858 0
    outer loop
      vertex -59 38.025 8.9
      vertex -58.7422 38.0419 4.025
      vertex -59 38.025 4.025
    endloop
  endfacet
  facet normal -0.659545 -0.751665 0
    outer loop
      vertex -57.7977 41.5669 4.025
      vertex -57.6035 41.3965 8.9
      vertex -57.7977 41.5669 8.9
    endloop
  endfacet
  facet normal -0.659545 -0.751665 -0
    outer loop
      vertex -57.6035 41.3965 8.9
      vertex -57.7977 41.5669 4.025
      vertex -57.6035 41.3965 4.025
    endloop
  endfacet
  facet normal 0.896814 -0.442408 0
    outer loop
      vertex -60.8247 40.7558 8.9
      vertex -60.7104 40.9875 4.025
      vertex -60.7104 40.9875 8.9
    endloop
  endfacet
  facet normal 0.896814 -0.442408 0
    outer loop
      vertex -60.7104 40.9875 4.025
      vertex -60.8247 40.7558 8.9
      vertex -60.8247 40.7558 4.025
    endloop
  endfacet
  facet normal -0.946966 0.321334 0
    outer loop
      vertex -57.1753 39.2442 4.025
      vertex -57.0923 39.4888 8.9
      vertex -57.0923 39.4888 4.025
    endloop
  endfacet
  facet normal -0.946966 0.321334 0
    outer loop
      vertex -57.0923 39.4888 8.9
      vertex -57.1753 39.2442 4.025
      vertex -57.1753 39.2442 8.9
    endloop
  endfacet
  facet normal 0.980789 0.195074 0
    outer loop
      vertex -60.9077 39.4888 8.9
      vertex -60.9581 39.7422 4.025
      vertex -60.9581 39.7422 8.9
    endloop
  endfacet
  facet normal 0.980789 0.195074 0
    outer loop
      vertex -60.9581 39.7422 4.025
      vertex -60.9077 39.4888 8.9
      vertex -60.9077 39.4888 4.025
    endloop
  endfacet
  facet normal -0.831514 0.555504 0
    outer loop
      vertex -57.4331 38.7977 4.025
      vertex -57.2896 39.0125 8.9
      vertex -57.2896 39.0125 4.025
    endloop
  endfacet
  facet normal -0.831514 0.555504 0
    outer loop
      vertex -57.2896 39.0125 8.9
      vertex -57.4331 38.7977 4.025
      vertex -57.4331 38.7977 8.9
    endloop
  endfacet
  facet normal 0.555504 -0.831514 0
    outer loop
      vertex -60.2023 41.5669 4.025
      vertex -59.9875 41.7104 8.9
      vertex -60.2023 41.5669 8.9
    endloop
  endfacet
  facet normal 0.555504 -0.831514 0
    outer loop
      vertex -59.9875 41.7104 8.9
      vertex -60.2023 41.5669 4.025
      vertex -59.9875 41.7104 4.025
    endloop
  endfacet
  facet normal 0.946966 0.321334 0
    outer loop
      vertex -60.8247 39.2442 8.9
      vertex -60.9077 39.4888 4.025
      vertex -60.9077 39.4888 8.9
    endloop
  endfacet
  facet normal 0.946966 0.321334 0
    outer loop
      vertex -60.9077 39.4888 4.025
      vertex -60.8247 39.2442 8.9
      vertex -60.8247 39.2442 4.025
    endloop
  endfacet
  facet normal 0.0654143 0.997858 -0
    outer loop
      vertex -59 38.025 4.025
      vertex -59.2578 38.0419 8.9
      vertex -59 38.025 8.9
    endloop
  endfacet
  facet normal 0.0654143 0.997858 0
    outer loop
      vertex -59.2578 38.0419 8.9
      vertex -59 38.025 4.025
      vertex -59.2578 38.0419 4.025
    endloop
  endfacet
  facet normal 0.659545 -0.751665 0
    outer loop
      vertex -60.3965 41.3965 4.025
      vertex -60.2023 41.5669 8.9
      vertex -60.3965 41.3965 8.9
    endloop
  endfacet
  facet normal 0.659545 -0.751665 0
    outer loop
      vertex -60.2023 41.5669 8.9
      vertex -60.3965 41.3965 4.025
      vertex -60.2023 41.5669 4.025
    endloop
  endfacet
  facet normal -0.442408 -0.896814 0
    outer loop
      vertex -58.2442 41.8247 4.025
      vertex -58.0125 41.7104 8.9
      vertex -58.2442 41.8247 8.9
    endloop
  endfacet
  facet normal -0.442408 -0.896814 -0
    outer loop
      vertex -58.0125 41.7104 8.9
      vertex -58.2442 41.8247 4.025
      vertex -58.0125 41.7104 4.025
    endloop
  endfacet
  facet normal -0.195074 -0.980789 0
    outer loop
      vertex -58.7422 41.9581 4.025
      vertex -58.4888 41.9077 8.9
      vertex -58.7422 41.9581 8.9
    endloop
  endfacet
  facet normal -0.195074 -0.980789 -0
    outer loop
      vertex -58.4888 41.9077 8.9
      vertex -58.7422 41.9581 4.025
      vertex -58.4888 41.9077 4.025
    endloop
  endfacet
  facet normal -0.997858 0.0654143 0
    outer loop
      vertex -57.0419 39.7422 4.025
      vertex -57.025 40 8.9
      vertex -57.025 40 4.025
    endloop
  endfacet
  facet normal -0.997858 0.0654143 0
    outer loop
      vertex -57.025 40 8.9
      vertex -57.0419 39.7422 4.025
      vertex -57.0419 39.7422 8.9
    endloop
  endfacet
  facet normal 0.896814 0.442408 0
    outer loop
      vertex -60.7104 39.0125 8.9
      vertex -60.8247 39.2442 4.025
      vertex -60.8247 39.2442 8.9
    endloop
  endfacet
  facet normal 0.896814 0.442408 0
    outer loop
      vertex -60.8247 39.2442 4.025
      vertex -60.7104 39.0125 8.9
      vertex -60.7104 39.0125 4.025
    endloop
  endfacet
  facet normal -0.555504 -0.831514 0
    outer loop
      vertex -58.0125 41.7104 4.025
      vertex -57.7977 41.5669 8.9
      vertex -58.0125 41.7104 8.9
    endloop
  endfacet
  facet normal -0.555504 -0.831514 -0
    outer loop
      vertex -57.7977 41.5669 8.9
      vertex -58.0125 41.7104 4.025
      vertex -57.7977 41.5669 4.025
    endloop
  endfacet
  facet normal 0.321334 0.946966 -0
    outer loop
      vertex -59.5112 38.0923 4.025
      vertex -59.7558 38.1753 8.9
      vertex -59.5112 38.0923 8.9
    endloop
  endfacet
  facet normal 0.321334 0.946966 0
    outer loop
      vertex -59.7558 38.1753 8.9
      vertex -59.5112 38.0923 4.025
      vertex -59.7558 38.1753 4.025
    endloop
  endfacet
  facet normal -0.659545 0.751665 0
    outer loop
      vertex -57.6035 38.6035 4.025
      vertex -57.7977 38.4331 8.9
      vertex -57.6035 38.6035 8.9
    endloop
  endfacet
  facet normal -0.659545 0.751665 0
    outer loop
      vertex -57.7977 38.4331 8.9
      vertex -57.6035 38.6035 4.025
      vertex -57.7977 38.4331 4.025
    endloop
  endfacet
  facet normal -0.831514 -0.555504 0
    outer loop
      vertex -57.2896 40.9875 4.025
      vertex -57.4331 41.2023 8.9
      vertex -57.4331 41.2023 4.025
    endloop
  endfacet
  facet normal -0.831514 -0.555504 0
    outer loop
      vertex -57.4331 41.2023 8.9
      vertex -57.2896 40.9875 4.025
      vertex -57.2896 40.9875 8.9
    endloop
  endfacet
  facet normal -0.555504 0.831514 0
    outer loop
      vertex -57.7977 38.4331 4.025
      vertex -58.0125 38.2896 8.9
      vertex -57.7977 38.4331 8.9
    endloop
  endfacet
  facet normal -0.555504 0.831514 0
    outer loop
      vertex -58.0125 38.2896 8.9
      vertex -57.7977 38.4331 4.025
      vertex -58.0125 38.2896 4.025
    endloop
  endfacet
  facet normal 0.195074 -0.980789 0
    outer loop
      vertex -59.5112 41.9077 4.025
      vertex -59.2578 41.9581 8.9
      vertex -59.5112 41.9077 8.9
    endloop
  endfacet
  facet normal 0.195074 -0.980789 0
    outer loop
      vertex -59.2578 41.9581 8.9
      vertex -59.5112 41.9077 4.025
      vertex -59.2578 41.9581 4.025
    endloop
  endfacet
  facet normal -0.896814 -0.442408 0
    outer loop
      vertex -57.1753 40.7558 4.025
      vertex -57.2896 40.9875 8.9
      vertex -57.2896 40.9875 4.025
    endloop
  endfacet
  facet normal -0.896814 -0.442408 0
    outer loop
      vertex -57.2896 40.9875 8.9
      vertex -57.1753 40.7558 4.025
      vertex -57.1753 40.7558 8.9
    endloop
  endfacet
  facet normal 0.555504 0.831514 -0
    outer loop
      vertex -59.9875 38.2896 4.025
      vertex -60.2023 38.4331 8.9
      vertex -59.9875 38.2896 8.9
    endloop
  endfacet
  facet normal 0.555504 0.831514 0
    outer loop
      vertex -60.2023 38.4331 8.9
      vertex -59.9875 38.2896 4.025
      vertex -60.2023 38.4331 4.025
    endloop
  endfacet
  facet normal 0.659545 0.751665 -0
    outer loop
      vertex -60.2023 38.4331 4.025
      vertex -60.3965 38.6035 8.9
      vertex -60.2023 38.4331 8.9
    endloop
  endfacet
  facet normal 0.659545 0.751665 0
    outer loop
      vertex -60.3965 38.6035 8.9
      vertex -60.2023 38.4331 4.025
      vertex -60.3965 38.6035 4.025
    endloop
  endfacet
  facet normal -0.751665 0.659545 0
    outer loop
      vertex -57.6035 38.6035 4.025
      vertex -57.4331 38.7977 8.9
      vertex -57.4331 38.7977 4.025
    endloop
  endfacet
  facet normal -0.751665 0.659545 0
    outer loop
      vertex -57.4331 38.7977 8.9
      vertex -57.6035 38.6035 4.025
      vertex -57.6035 38.6035 8.9
    endloop
  endfacet
  facet normal 0.997858 0.0654143 0
    outer loop
      vertex -60.9581 39.7422 8.9
      vertex -60.975 40 4.025
      vertex -60.975 40 8.9
    endloop
  endfacet
  facet normal 0.997858 0.0654143 0
    outer loop
      vertex -60.975 40 4.025
      vertex -60.9581 39.7422 8.9
      vertex -60.9581 39.7422 4.025
    endloop
  endfacet
  facet normal -0.896814 0.442408 0
    outer loop
      vertex -57.2896 39.0125 4.025
      vertex -57.1753 39.2442 8.9
      vertex -57.1753 39.2442 4.025
    endloop
  endfacet
  facet normal -0.896814 0.442408 0
    outer loop
      vertex -57.1753 39.2442 8.9
      vertex -57.2896 39.0125 4.025
      vertex -57.2896 39.0125 8.9
    endloop
  endfacet
  facet normal -0.442408 0.896814 0
    outer loop
      vertex -58.0125 38.2896 4.025
      vertex -58.2442 38.1753 8.9
      vertex -58.0125 38.2896 8.9
    endloop
  endfacet
  facet normal -0.442408 0.896814 0
    outer loop
      vertex -58.2442 38.1753 8.9
      vertex -58.0125 38.2896 4.025
      vertex -58.2442 38.1753 4.025
    endloop
  endfacet
  facet normal 0.751665 0.659545 0
    outer loop
      vertex -60.3965 38.6035 8.9
      vertex -60.5669 38.7977 4.025
      vertex -60.5669 38.7977 8.9
    endloop
  endfacet
  facet normal 0.751665 0.659545 0
    outer loop
      vertex -60.5669 38.7977 4.025
      vertex -60.3965 38.6035 8.9
      vertex -60.3965 38.6035 4.025
    endloop
  endfacet
  facet normal 0.980789 -0.195074 0
    outer loop
      vertex -60.9581 40.2578 8.9
      vertex -60.9077 40.5112 4.025
      vertex -60.9077 40.5112 8.9
    endloop
  endfacet
  facet normal 0.980789 -0.195074 0
    outer loop
      vertex -60.9077 40.5112 4.025
      vertex -60.9581 40.2578 8.9
      vertex -60.9581 40.2578 4.025
    endloop
  endfacet
  facet normal -0.751665 -0.659545 0
    outer loop
      vertex -57.4331 41.2023 4.025
      vertex -57.6035 41.3965 8.9
      vertex -57.6035 41.3965 4.025
    endloop
  endfacet
  facet normal -0.751665 -0.659545 0
    outer loop
      vertex -57.6035 41.3965 8.9
      vertex -57.4331 41.2023 4.025
      vertex -57.4331 41.2023 8.9
    endloop
  endfacet
  facet normal 0.831514 -0.555504 0
    outer loop
      vertex -60.7104 40.9875 8.9
      vertex -60.5669 41.2023 4.025
      vertex -60.5669 41.2023 8.9
    endloop
  endfacet
  facet normal 0.831514 -0.555504 0
    outer loop
      vertex -60.5669 41.2023 4.025
      vertex -60.7104 40.9875 8.9
      vertex -60.7104 40.9875 4.025
    endloop
  endfacet
  facet normal 0.442408 0.896814 -0
    outer loop
      vertex -59.7558 38.1753 4.025
      vertex -59.9875 38.2896 8.9
      vertex -59.7558 38.1753 8.9
    endloop
  endfacet
  facet normal 0.442408 0.896814 0
    outer loop
      vertex -59.9875 38.2896 8.9
      vertex -59.7558 38.1753 4.025
      vertex -59.9875 38.2896 4.025
    endloop
  endfacet
  facet normal -0.946966 -0.321334 0
    outer loop
      vertex -57.0923 40.5112 4.025
      vertex -57.1753 40.7558 8.9
      vertex -57.1753 40.7558 4.025
    endloop
  endfacet
  facet normal -0.946966 -0.321334 0
    outer loop
      vertex -57.1753 40.7558 8.9
      vertex -57.0923 40.5112 4.025
      vertex -57.0923 40.5112 8.9
    endloop
  endfacet
  facet normal 0.442408 -0.896814 0
    outer loop
      vertex -59.9875 41.7104 4.025
      vertex -59.7558 41.8247 8.9
      vertex -59.9875 41.7104 8.9
    endloop
  endfacet
  facet normal 0.442408 -0.896814 0
    outer loop
      vertex -59.7558 41.8247 8.9
      vertex -59.9875 41.7104 4.025
      vertex -59.7558 41.8247 4.025
    endloop
  endfacet
  facet normal -0.0654143 -0.997858 0
    outer loop
      vertex -59 41.975 4.025
      vertex -58.7422 41.9581 8.9
      vertex -59 41.975 8.9
    endloop
  endfacet
  facet normal -0.0654143 -0.997858 -0
    outer loop
      vertex -58.7422 41.9581 8.9
      vertex -59 41.975 4.025
      vertex -58.7422 41.9581 4.025
    endloop
  endfacet
  facet normal -0.321334 0.946966 0
    outer loop
      vertex -58.2442 38.1753 4.025
      vertex -58.4888 38.0923 8.9
      vertex -58.2442 38.1753 8.9
    endloop
  endfacet
  facet normal -0.321334 0.946966 0
    outer loop
      vertex -58.4888 38.0923 8.9
      vertex -58.2442 38.1753 4.025
      vertex -58.4888 38.0923 4.025
    endloop
  endfacet
  facet normal 0.195074 0.980789 -0
    outer loop
      vertex -59.2578 38.0419 4.025
      vertex -59.5112 38.0923 8.9
      vertex -59.2578 38.0419 8.9
    endloop
  endfacet
  facet normal 0.195074 0.980789 0
    outer loop
      vertex -59.5112 38.0923 8.9
      vertex -59.2578 38.0419 4.025
      vertex -59.5112 38.0923 4.025
    endloop
  endfacet
  facet normal 0.0654143 -0.997858 0
    outer loop
      vertex -59.2578 41.9581 4.025
      vertex -59 41.975 8.9
      vertex -59.2578 41.9581 8.9
    endloop
  endfacet
  facet normal 0.0654143 -0.997858 0
    outer loop
      vertex -59 41.975 8.9
      vertex -59.2578 41.9581 4.025
      vertex -59 41.975 4.025
    endloop
  endfacet
  facet normal 0.831514 0.555504 0
    outer loop
      vertex -60.5669 38.7977 8.9
      vertex -60.7104 39.0125 4.025
      vertex -60.7104 39.0125 8.9
    endloop
  endfacet
  facet normal 0.831514 0.555504 0
    outer loop
      vertex -60.7104 39.0125 4.025
      vertex -60.5669 38.7977 8.9
      vertex -60.5669 38.7977 4.025
    endloop
  endfacet
  facet normal 0 0 1
    outer loop
      vertex -57.0419 40.2578 4.025
      vertex -57.0419 39.7422 4.025
      vertex -57.025 40 4.025
    endloop
  endfacet
  facet normal 0 0 1
    outer loop
      vertex -57.0923 40.5112 4.025
      vertex -57.0419 39.7422 4.025
      vertex -57.0419 40.2578 4.025
    endloop
  endfacet
  facet normal 0 0 1
    outer loop
      vertex -57.0923 40.5112 4.025
      vertex -57.0923 39.4888 4.025
      vertex -57.0419 39.7422 4.025
    endloop
  endfacet
  facet normal 0 0 1
    outer loop
      vertex -57.1753 40.7558 4.025
      vertex -57.0923 39.4888 4.025
      vertex -57.0923 40.5112 4.025
    endloop
  endfacet
  facet normal 0 0 1
    outer loop
      vertex -57.1753 40.7558 4.025
      vertex -57.1753 39.2442 4.025
      vertex -57.0923 39.4888 4.025
    endloop
  endfacet
  facet normal 0 0 1
    outer loop
      vertex -57.2896 40.9875 4.025
      vertex -57.1753 39.2442 4.025
      vertex -57.1753 40.7558 4.025
    endloop
  endfacet
  facet normal 0 0 1
    outer loop
      vertex -57.2896 40.9875 4.025
      vertex -57.2896 39.0125 4.025
      vertex -57.1753 39.2442 4.025
    endloop
  endfacet
  facet normal 0 0 1
    outer loop
      vertex -57.4331 41.2023 4.025
      vertex -57.2896 39.0125 4.025
      vertex -57.2896 40.9875 4.025
    endloop
  endfacet
  facet normal 0 0 1
    outer loop
      vertex -57.4331 41.2023 4.025
      vertex -57.4331 38.7977 4.025
      vertex -57.2896 39.0125 4.025
    endloop
  endfacet
  facet normal 0 0 1
    outer loop
      vertex -57.6035 41.3965 4.025
      vertex -57.4331 38.7977 4.025
      vertex -57.4331 41.2023 4.025
    endloop
  endfacet
  facet normal 0 0 1
    outer loop
      vertex -57.6035 41.3965 4.025
      vertex -57.6035 38.6035 4.025
      vertex -57.4331 38.7977 4.025
    endloop
  endfacet
  facet normal 0 0 1
    outer loop
      vertex -57.7977 41.5669 4.025
      vertex -57.6035 38.6035 4.025
      vertex -57.6035 41.3965 4.025
    endloop
  endfacet
  facet normal 0 0 1
    outer loop
      vertex -57.7977 41.5669 4.025
      vertex -57.7977 38.4331 4.025
      vertex -57.6035 38.6035 4.025
    endloop
  endfacet
  facet normal 0 0 1
    outer loop
      vertex -58.0125 41.7104 4.025
      vertex -57.7977 38.4331 4.025
      vertex -57.7977 41.5669 4.025
    endloop
  endfacet
  facet normal 0 0 1
    outer loop
      vertex -58.0125 41.7104 4.025
      vertex -58.0125 38.2896 4.025
      vertex -57.7977 38.4331 4.025
    endloop
  endfacet
  facet normal 0 0 1
    outer loop
      vertex -58.2442 41.8247 4.025
      vertex -58.0125 38.2896 4.025
      vertex -58.0125 41.7104 4.025
    endloop
  endfacet
  facet normal 0 0 1
    outer loop
      vertex -58.2442 41.8247 4.025
      vertex -58.2442 38.1753 4.025
      vertex -58.0125 38.2896 4.025
    endloop
  endfacet
  facet normal 0 0 1
    outer loop
      vertex -58.4888 41.9077 4.025
      vertex -58.2442 38.1753 4.025
      vertex -58.2442 41.8247 4.025
    endloop
  endfacet
  facet normal 0 0 1
    outer loop
      vertex -58.4888 41.9077 4.025
      vertex -58.4888 38.0923 4.025
      vertex -58.2442 38.1753 4.025
    endloop
  endfacet
  facet normal 0 0 1
    outer loop
      vertex -58.7422 41.9581 4.025
      vertex -58.4888 38.0923 4.025
      vertex -58.4888 41.9077 4.025
    endloop
  endfacet
  facet normal 0 0 1
    outer loop
      vertex -58.7422 41.9581 4.025
      vertex -58.7422 38.0419 4.025
      vertex -58.4888 38.0923 4.025
    endloop
  endfacet
  facet normal 0 0 1
    outer loop
      vertex -59 41.975 4.025
      vertex -58.7422 38.0419 4.025
      vertex -58.7422 41.9581 4.025
    endloop
  endfacet
  facet normal 0 0 1
    outer loop
      vertex -59 41.975 4.025
      vertex -59 38.025 4.025
      vertex -58.7422 38.0419 4.025
    endloop
  endfacet
  facet normal -0 0 1
    outer loop
      vertex -59.2578 41.9581 4.025
      vertex -59 38.025 4.025
      vertex -59 41.975 4.025
    endloop
  endfacet
  facet normal 0 0 1
    outer loop
      vertex -59.2578 41.9581 4.025
      vertex -59.2578 38.0419 4.025
      vertex -59 38.025 4.025
    endloop
  endfacet
  facet normal -0 0 1
    outer loop
      vertex -59.5112 41.9077 4.025
      vertex -59.2578 38.0419 4.025
      vertex -59.2578 41.9581 4.025
    endloop
  endfacet
  facet normal 0 0 1
    outer loop
      vertex -59.5112 41.9077 4.025
      vertex -59.5112 38.0923 4.025
      vertex -59.2578 38.0419 4.025
    endloop
  endfacet
  facet normal -0 0 1
    outer loop
      vertex -59.7558 41.8247 4.025
      vertex -59.5112 38.0923 4.025
      vertex -59.5112 41.9077 4.025
    endloop
  endfacet
  facet normal 0 0 1
    outer loop
      vertex -59.7558 41.8247 4.025
      vertex -59.7558 38.1753 4.025
      vertex -59.5112 38.0923 4.025
    endloop
  endfacet
  facet normal -0 0 1
    outer loop
      vertex -59.9875 41.7104 4.025
      vertex -59.7558 38.1753 4.025
      vertex -59.7558 41.8247 4.025
    endloop
  endfacet
  facet normal 0 0 1
    outer loop
      vertex -59.9875 41.7104 4.025
      vertex -59.9875 38.2896 4.025
      vertex -59.7558 38.1753 4.025
    endloop
  endfacet
  facet normal -0 0 1
    outer loop
      vertex -60.2023 41.5669 4.025
      vertex -59.9875 38.2896 4.025
      vertex -59.9875 41.7104 4.025
    endloop
  endfacet
  facet normal 0 0 1
    outer loop
      vertex -60.2023 41.5669 4.025
      vertex -60.2023 38.4331 4.025
      vertex -59.9875 38.2896 4.025
    endloop
  endfacet
  facet normal -0 0 1
    outer loop
      vertex -60.3965 41.3965 4.025
      vertex -60.2023 38.4331 4.025
      vertex -60.2023 41.5669 4.025
    endloop
  endfacet
  facet normal 0 0 1
    outer loop
      vertex -60.3965 41.3965 4.025
      vertex -60.3965 38.6035 4.025
      vertex -60.2023 38.4331 4.025
    endloop
  endfacet
  facet normal -0 0 1
    outer loop
      vertex -60.5669 41.2023 4.025
      vertex -60.3965 38.6035 4.025
      vertex -60.3965 41.3965 4.025
    endloop
  endfacet
  facet normal 0 0 1
    outer loop
      vertex -60.5669 41.2023 4.025
      vertex -60.5669 38.7977 4.025
      vertex -60.3965 38.6035 4.025
    endloop
  endfacet
  facet normal -0 0 1
    outer loop
      vertex -60.7104 40.9875 4.025
      vertex -60.5669 38.7977 4.025
      vertex -60.5669 41.2023 4.025
    endloop
  endfacet
  facet normal 0 0 1
    outer loop
      vertex -60.7104 40.9875 4.025
      vertex -60.7104 39.0125 4.025
      vertex -60.5669 38.7977 4.025
    endloop
  endfacet
  facet normal -0 0 1
    outer loop
      vertex -60.8247 40.7558 4.025
      vertex -60.7104 39.0125 4.025
      vertex -60.7104 40.9875 4.025
    endloop
  endfacet
  facet normal 0 0 1
    outer loop
      vertex -60.8247 40.7558 4.025
      vertex -60.8247 39.2442 4.025
      vertex -60.7104 39.0125 4.025
    endloop
  endfacet
  facet normal -0 0 1
    outer loop
      vertex -60.9077 40.5112 4.025
      vertex -60.8247 39.2442 4.025
      vertex -60.8247 40.7558 4.025
    endloop
  endfacet
  facet normal 0 0 1
    outer loop
      vertex -60.9077 40.5112 4.025
      vertex -60.9077 39.4888 4.025
      vertex -60.8247 39.2442 4.025
    endloop
  endfacet
  facet normal -0 0 1
    outer loop
      vertex -60.9581 40.2578 4.025
      vertex -60.9077 39.4888 4.025
      vertex -60.9077 40.5112 4.025
    endloop
  endfacet
  facet normal 0 0 1
    outer loop
      vertex -60.9581 40.2578 4.025
      vertex -60.9581 39.7422 4.025
      vertex -60.9077 39.4888 4.025
    endloop
  endfacet
  facet normal 0 -0 1
    outer loop
      vertex -60.9581 39.7422 4.025
      vertex -60.9581 40.2578 4.025
      vertex -60.975 40 4.025
    endloop
  endfacet
  facet normal 0.946966 -0.321334 0
    outer loop
      vertex -60.9077 40.5112 8.9
      vertex -60.8247 40.7558 4.025
      vertex -60.8247 40.7558 8.9
    endloop
  endfacet
  facet normal 0.946966 -0.321334 0
    outer loop
      vertex -60.8247 40.7558 4.025
      vertex -60.9077 40.5112 8.9
      vertex -60.9077 40.5112 4.025
    endloop
  endfacet
  facet normal 0.997858 -0.065421 0
    outer loop
      vertex -62.05 40 9.5
      vertex -62.0239 40.3981 8.9
      vertex -62.0239 40.3981 9.5
    endloop
  endfacet
  facet normal 0.997858 -0.065421 0
    outer loop
      vertex -62.0239 40.3981 8.9
      vertex -62.05 40 9.5
      vertex -62.05 40 8.9
    endloop
  endfacet
  facet normal -0.195007 0.980802 0
    outer loop
      vertex -58.2106 37.0539 8.9
      vertex -58.6019 36.9761 9.5
      vertex -58.2106 37.0539 9.5
    endloop
  endfacet
  facet normal -0.195007 0.980802 0
    outer loop
      vertex -58.6019 36.9761 9.5
      vertex -58.2106 37.0539 8.9
      vertex -58.6019 36.9761 8.9
    endloop
  endfacet
  facet normal -0.980802 -0.195007 0
    outer loop
      vertex -55.9761 40.3981 8.9
      vertex -56.0539 40.7894 9.5
      vertex -56.0539 40.7894 8.9
    endloop
  endfacet
  facet normal -0.980802 -0.195007 0
    outer loop
      vertex -56.0539 40.7894 9.5
      vertex -55.9761 40.3981 8.9
      vertex -55.9761 40.3981 9.5
    endloop
  endfacet
  facet normal -0.997858 -0.065421 0
    outer loop
      vertex -55.95 40 8.9
      vertex -55.9761 40.3981 9.5
      vertex -55.9761 40.3981 8.9
    endloop
  endfacet
  facet normal -0.997858 -0.065421 0
    outer loop
      vertex -55.9761 40.3981 9.5
      vertex -55.95 40 8.9
      vertex -55.95 40 9.5
    endloop
  endfacet
  facet normal 0.195007 0.980802 -0
    outer loop
      vertex -59.3981 36.9761 8.9
      vertex -59.7894 37.0539 9.5
      vertex -59.3981 36.9761 9.5
    endloop
  endfacet
  facet normal 0.195007 0.980802 0
    outer loop
      vertex -59.7894 37.0539 9.5
      vertex -59.3981 36.9761 8.9
      vertex -59.7894 37.0539 8.9
    endloop
  endfacet
  facet normal -0.980802 0.195007 0
    outer loop
      vertex -56.0539 39.2106 8.9
      vertex -55.9761 39.6019 9.5
      vertex -55.9761 39.6019 8.9
    endloop
  endfacet
  facet normal -0.980802 0.195007 0
    outer loop
      vertex -55.9761 39.6019 9.5
      vertex -56.0539 39.2106 8.9
      vertex -56.0539 39.2106 9.5
    endloop
  endfacet
  facet normal 0.751955 -0.659214 0
    outer loop
      vertex -61.4197 41.8567 9.5
      vertex -61.1567 42.1567 8.9
      vertex -61.1567 42.1567 9.5
    endloop
  endfacet
  facet normal 0.751955 -0.659214 0
    outer loop
      vertex -61.1567 42.1567 8.9
      vertex -61.4197 41.8567 9.5
      vertex -61.4197 41.8567 8.9
    endloop
  endfacet
  facet normal -0.321561 -0.946889 0
    outer loop
      vertex -58.2106 42.9461 8.9
      vertex -57.8328 42.8178 9.5
      vertex -58.2106 42.9461 9.5
    endloop
  endfacet
  facet normal -0.321561 -0.946889 -0
    outer loop
      vertex -57.8328 42.8178 9.5
      vertex -58.2106 42.9461 8.9
      vertex -57.8328 42.8178 8.9
    endloop
  endfacet
  facet normal 0.321561 -0.946889 0
    outer loop
      vertex -60.1672 42.8178 8.9
      vertex -59.7894 42.9461 9.5
      vertex -60.1672 42.8178 9.5
    endloop
  endfacet
  facet normal 0.321561 -0.946889 0
    outer loop
      vertex -59.7894 42.9461 9.5
      vertex -60.1672 42.8178 8.9
      vertex -59.7894 42.9461 8.9
    endloop
  endfacet
  facet normal -0.065421 0.997858 0
    outer loop
      vertex -58.6019 36.9761 8.9
      vertex -59 36.95 9.5
      vertex -58.6019 36.9761 9.5
    endloop
  endfacet
  facet normal -0.065421 0.997858 0
    outer loop
      vertex -59 36.95 9.5
      vertex -58.6019 36.9761 8.9
      vertex -59 36.95 8.9
    endloop
  endfacet
  facet normal -0.659214 -0.751955 0
    outer loop
      vertex -57.1433 42.4197 8.9
      vertex -56.8433 42.1567 9.5
      vertex -57.1433 42.4197 9.5
    endloop
  endfacet
  facet normal -0.659214 -0.751955 -0
    outer loop
      vertex -56.8433 42.1567 9.5
      vertex -57.1433 42.4197 8.9
      vertex -56.8433 42.1567 8.9
    endloop
  endfacet
  facet normal 0.89692 -0.442193 0
    outer loop
      vertex -61.8178 41.1672 9.5
      vertex -61.6414 41.525 8.9
      vertex -61.6414 41.525 9.5
    endloop
  endfacet
  facet normal 0.89692 -0.442193 0
    outer loop
      vertex -61.6414 41.525 8.9
      vertex -61.8178 41.1672 9.5
      vertex -61.8178 41.1672 8.9
    endloop
  endfacet
  facet normal -0.946889 0.321561 0
    outer loop
      vertex -56.1822 38.8328 8.9
      vertex -56.0539 39.2106 9.5
      vertex -56.0539 39.2106 8.9
    endloop
  endfacet
  facet normal -0.946889 0.321561 0
    outer loop
      vertex -56.0539 39.2106 9.5
      vertex -56.1822 38.8328 8.9
      vertex -56.1822 38.8328 9.5
    endloop
  endfacet
  facet normal 0.442193 0.89692 -0
    outer loop
      vertex -60.1672 37.1822 8.9
      vertex -60.525 37.3586 9.5
      vertex -60.1672 37.1822 9.5
    endloop
  endfacet
  facet normal 0.442193 0.89692 0
    outer loop
      vertex -60.525 37.3586 9.5
      vertex -60.1672 37.1822 8.9
      vertex -60.525 37.3586 8.9
    endloop
  endfacet
  facet normal 0.980802 0.195007 0
    outer loop
      vertex -61.9461 39.2106 9.5
      vertex -62.0239 39.6019 8.9
      vertex -62.0239 39.6019 9.5
    endloop
  endfacet
  facet normal 0.980802 0.195007 0
    outer loop
      vertex -62.0239 39.6019 8.9
      vertex -61.9461 39.2106 9.5
      vertex -61.9461 39.2106 8.9
    endloop
  endfacet
  facet normal -0.831394 0.555683 0
    outer loop
      vertex -56.5803 38.1433 8.9
      vertex -56.3586 38.475 9.5
      vertex -56.3586 38.475 8.9
    endloop
  endfacet
  facet normal -0.831394 0.555683 0
    outer loop
      vertex -56.3586 38.475 9.5
      vertex -56.5803 38.1433 8.9
      vertex -56.5803 38.1433 9.5
    endloop
  endfacet
  facet normal 0.555683 -0.831394 0
    outer loop
      vertex -60.8567 42.4197 8.9
      vertex -60.525 42.6414 9.5
      vertex -60.8567 42.4197 9.5
    endloop
  endfacet
  facet normal 0.555683 -0.831394 0
    outer loop
      vertex -60.525 42.6414 9.5
      vertex -60.8567 42.4197 8.9
      vertex -60.525 42.6414 8.9
    endloop
  endfacet
  facet normal 0.946889 0.321561 0
    outer loop
      vertex -61.8178 38.8328 9.5
      vertex -61.9461 39.2106 8.9
      vertex -61.9461 39.2106 9.5
    endloop
  endfacet
  facet normal 0.946889 0.321561 0
    outer loop
      vertex -61.9461 39.2106 8.9
      vertex -61.8178 38.8328 9.5
      vertex -61.8178 38.8328 8.9
    endloop
  endfacet
  facet normal 0.065421 0.997858 -0
    outer loop
      vertex -59 36.95 8.9
      vertex -59.3981 36.9761 9.5
      vertex -59 36.95 9.5
    endloop
  endfacet
  facet normal 0.065421 0.997858 0
    outer loop
      vertex -59.3981 36.9761 9.5
      vertex -59 36.95 8.9
      vertex -59.3981 36.9761 8.9
    endloop
  endfacet
  facet normal 0.659214 -0.751955 0
    outer loop
      vertex -61.1567 42.1567 8.9
      vertex -60.8567 42.4197 9.5
      vertex -61.1567 42.1567 9.5
    endloop
  endfacet
  facet normal 0.659214 -0.751955 0
    outer loop
      vertex -60.8567 42.4197 9.5
      vertex -61.1567 42.1567 8.9
      vertex -60.8567 42.4197 8.9
    endloop
  endfacet
  facet normal -0.442193 -0.89692 0
    outer loop
      vertex -57.8328 42.8178 8.9
      vertex -57.475 42.6414 9.5
      vertex -57.8328 42.8178 9.5
    endloop
  endfacet
  facet normal -0.442193 -0.89692 -0
    outer loop
      vertex -57.475 42.6414 9.5
      vertex -57.8328 42.8178 8.9
      vertex -57.475 42.6414 8.9
    endloop
  endfacet
  facet normal -0.195007 -0.980802 0
    outer loop
      vertex -58.6019 43.0239 8.9
      vertex -58.2106 42.9461 9.5
      vertex -58.6019 43.0239 9.5
    endloop
  endfacet
  facet normal -0.195007 -0.980802 -0
    outer loop
      vertex -58.2106 42.9461 9.5
      vertex -58.6019 43.0239 8.9
      vertex -58.2106 42.9461 8.9
    endloop
  endfacet
  facet normal -0.997858 0.065421 0
    outer loop
      vertex -55.9761 39.6019 8.9
      vertex -55.95 40 9.5
      vertex -55.95 40 8.9
    endloop
  endfacet
  facet normal -0.997858 0.065421 0
    outer loop
      vertex -55.95 40 9.5
      vertex -55.9761 39.6019 8.9
      vertex -55.9761 39.6019 9.5
    endloop
  endfacet
  facet normal 0.89692 0.442193 0
    outer loop
      vertex -61.6414 38.475 9.5
      vertex -61.8178 38.8328 8.9
      vertex -61.8178 38.8328 9.5
    endloop
  endfacet
  facet normal 0.89692 0.442193 0
    outer loop
      vertex -61.8178 38.8328 8.9
      vertex -61.6414 38.475 9.5
      vertex -61.6414 38.475 8.9
    endloop
  endfacet
  facet normal -0.555683 -0.831394 0
    outer loop
      vertex -57.475 42.6414 8.9
      vertex -57.1433 42.4197 9.5
      vertex -57.475 42.6414 9.5
    endloop
  endfacet
  facet normal -0.555683 -0.831394 -0
    outer loop
      vertex -57.1433 42.4197 9.5
      vertex -57.475 42.6414 8.9
      vertex -57.1433 42.4197 8.9
    endloop
  endfacet
  facet normal 0.321561 0.946889 -0
    outer loop
      vertex -59.7894 37.0539 8.9
      vertex -60.1672 37.1822 9.5
      vertex -59.7894 37.0539 9.5
    endloop
  endfacet
  facet normal 0.321561 0.946889 0
    outer loop
      vertex -60.1672 37.1822 9.5
      vertex -59.7894 37.0539 8.9
      vertex -60.1672 37.1822 8.9
    endloop
  endfacet
  facet normal -0.659214 0.751955 0
    outer loop
      vertex -56.8433 37.8433 8.9
      vertex -57.1433 37.5803 9.5
      vertex -56.8433 37.8433 9.5
    endloop
  endfacet
  facet normal -0.659214 0.751955 0
    outer loop
      vertex -57.1433 37.5803 9.5
      vertex -56.8433 37.8433 8.9
      vertex -57.1433 37.5803 8.9
    endloop
  endfacet
  facet normal -0.831394 -0.555683 0
    outer loop
      vertex -56.3586 41.525 8.9
      vertex -56.5803 41.8567 9.5
      vertex -56.5803 41.8567 8.9
    endloop
  endfacet
  facet normal -0.831394 -0.555683 0
    outer loop
      vertex -56.5803 41.8567 9.5
      vertex -56.3586 41.525 8.9
      vertex -56.3586 41.525 9.5
    endloop
  endfacet
  facet normal -0.555683 0.831394 0
    outer loop
      vertex -57.1433 37.5803 8.9
      vertex -57.475 37.3586 9.5
      vertex -57.1433 37.5803 9.5
    endloop
  endfacet
  facet normal -0.555683 0.831394 0
    outer loop
      vertex -57.475 37.3586 9.5
      vertex -57.1433 37.5803 8.9
      vertex -57.475 37.3586 8.9
    endloop
  endfacet
  facet normal 0.195007 -0.980802 0
    outer loop
      vertex -59.7894 42.9461 8.9
      vertex -59.3981 43.0239 9.5
      vertex -59.7894 42.9461 9.5
    endloop
  endfacet
  facet normal 0.195007 -0.980802 0
    outer loop
      vertex -59.3981 43.0239 9.5
      vertex -59.7894 42.9461 8.9
      vertex -59.3981 43.0239 8.9
    endloop
  endfacet
  facet normal -0.89692 -0.442193 0
    outer loop
      vertex -56.1822 41.1672 8.9
      vertex -56.3586 41.525 9.5
      vertex -56.3586 41.525 8.9
    endloop
  endfacet
  facet normal -0.89692 -0.442193 0
    outer loop
      vertex -56.3586 41.525 9.5
      vertex -56.1822 41.1672 8.9
      vertex -56.1822 41.1672 9.5
    endloop
  endfacet
  facet normal 0.555683 0.831394 -0
    outer loop
      vertex -60.525 37.3586 8.9
      vertex -60.8567 37.5803 9.5
      vertex -60.525 37.3586 9.5
    endloop
  endfacet
  facet normal 0.555683 0.831394 0
    outer loop
      vertex -60.8567 37.5803 9.5
      vertex -60.525 37.3586 8.9
      vertex -60.8567 37.5803 8.9
    endloop
  endfacet
  facet normal 0.659214 0.751955 -0
    outer loop
      vertex -60.8567 37.5803 8.9
      vertex -61.1567 37.8433 9.5
      vertex -60.8567 37.5803 9.5
    endloop
  endfacet
  facet normal 0.659214 0.751955 0
    outer loop
      vertex -61.1567 37.8433 9.5
      vertex -60.8567 37.5803 8.9
      vertex -61.1567 37.8433 8.9
    endloop
  endfacet
  facet normal -0.751955 0.659214 0
    outer loop
      vertex -56.8433 37.8433 8.9
      vertex -56.5803 38.1433 9.5
      vertex -56.5803 38.1433 8.9
    endloop
  endfacet
  facet normal -0.751955 0.659214 0
    outer loop
      vertex -56.5803 38.1433 9.5
      vertex -56.8433 37.8433 8.9
      vertex -56.8433 37.8433 9.5
    endloop
  endfacet
  facet normal 0.997858 0.065421 0
    outer loop
      vertex -62.0239 39.6019 9.5
      vertex -62.05 40 8.9
      vertex -62.05 40 9.5
    endloop
  endfacet
  facet normal 0.997858 0.065421 0
    outer loop
      vertex -62.05 40 8.9
      vertex -62.0239 39.6019 9.5
      vertex -62.0239 39.6019 8.9
    endloop
  endfacet
  facet normal -0.89692 0.442193 0
    outer loop
      vertex -56.3586 38.475 8.9
      vertex -56.1822 38.8328 9.5
      vertex -56.1822 38.8328 8.9
    endloop
  endfacet
  facet normal -0.89692 0.442193 0
    outer loop
      vertex -56.1822 38.8328 9.5
      vertex -56.3586 38.475 8.9
      vertex -56.3586 38.475 9.5
    endloop
  endfacet
  facet normal -0.442193 0.89692 0
    outer loop
      vertex -57.475 37.3586 8.9
      vertex -57.8328 37.1822 9.5
      vertex -57.475 37.3586 9.5
    endloop
  endfacet
  facet normal -0.442193 0.89692 0
    outer loop
      vertex -57.8328 37.1822 9.5
      vertex -57.475 37.3586 8.9
      vertex -57.8328 37.1822 8.9
    endloop
  endfacet
  facet normal 0.751955 0.659214 0
    outer loop
      vertex -61.1567 37.8433 9.5
      vertex -61.4197 38.1433 8.9
      vertex -61.4197 38.1433 9.5
    endloop
  endfacet
  facet normal 0.751955 0.659214 0
    outer loop
      vertex -61.4197 38.1433 8.9
      vertex -61.1567 37.8433 9.5
      vertex -61.1567 37.8433 8.9
    endloop
  endfacet
  facet normal 0.980802 -0.195007 0
    outer loop
      vertex -62.0239 40.3981 9.5
      vertex -61.9461 40.7894 8.9
      vertex -61.9461 40.7894 9.5
    endloop
  endfacet
  facet normal 0.980802 -0.195007 0
    outer loop
      vertex -61.9461 40.7894 8.9
      vertex -62.0239 40.3981 9.5
      vertex -62.0239 40.3981 8.9
    endloop
  endfacet
  facet normal -0.751955 -0.659214 0
    outer loop
      vertex -56.5803 41.8567 8.9
      vertex -56.8433 42.1567 9.5
      vertex -56.8433 42.1567 8.9
    endloop
  endfacet
  facet normal -0.751955 -0.659214 0
    outer loop
      vertex -56.8433 42.1567 9.5
      vertex -56.5803 41.8567 8.9
      vertex -56.5803 41.8567 9.5
    endloop
  endfacet
  facet normal 0.831394 -0.555683 0
    outer loop
      vertex -61.6414 41.525 9.5
      vertex -61.4197 41.8567 8.9
      vertex -61.4197 41.8567 9.5
    endloop
  endfacet
  facet normal 0.831394 -0.555683 0
    outer loop
      vertex -61.4197 41.8567 8.9
      vertex -61.6414 41.525 9.5
      vertex -61.6414 41.525 8.9
    endloop
  endfacet
  facet normal -0.946889 -0.321561 0
    outer loop
      vertex -56.0539 40.7894 8.9
      vertex -56.1822 41.1672 9.5
      vertex -56.1822 41.1672 8.9
    endloop
  endfacet
  facet normal -0.946889 -0.321561 0
    outer loop
      vertex -56.1822 41.1672 9.5
      vertex -56.0539 40.7894 8.9
      vertex -56.0539 40.7894 9.5
    endloop
  endfacet
  facet normal 0.442193 -0.89692 0
    outer loop
      vertex -60.525 42.6414 8.9
      vertex -60.1672 42.8178 9.5
      vertex -60.525 42.6414 9.5
    endloop
  endfacet
  facet normal 0.442193 -0.89692 0
    outer loop
      vertex -60.1672 42.8178 9.5
      vertex -60.525 42.6414 8.9
      vertex -60.1672 42.8178 8.9
    endloop
  endfacet
  facet normal -0.065421 -0.997858 0
    outer loop
      vertex -59 43.05 8.9
      vertex -58.6019 43.0239 9.5
      vertex -59 43.05 9.5
    endloop
  endfacet
  facet normal -0.065421 -0.997858 -0
    outer loop
      vertex -58.6019 43.0239 9.5
      vertex -59 43.05 8.9
      vertex -58.6019 43.0239 8.9
    endloop
  endfacet
  facet normal -0.321561 0.946889 0
    outer loop
      vertex -57.8328 37.1822 8.9
      vertex -58.2106 37.0539 9.5
      vertex -57.8328 37.1822 9.5
    endloop
  endfacet
  facet normal -0.321561 0.946889 0
    outer loop
      vertex -58.2106 37.0539 9.5
      vertex -57.8328 37.1822 8.9
      vertex -58.2106 37.0539 8.9
    endloop
  endfacet
  facet normal 0.065421 -0.997858 0
    outer loop
      vertex -59.3981 43.0239 8.9
      vertex -59 43.05 9.5
      vertex -59.3981 43.0239 9.5
    endloop
  endfacet
  facet normal 0.065421 -0.997858 0
    outer loop
      vertex -59 43.05 9.5
      vertex -59.3981 43.0239 8.9
      vertex -59 43.05 8.9
    endloop
  endfacet
  facet normal 0.831394 0.555683 0
    outer loop
      vertex -61.4197 38.1433 9.5
      vertex -61.6414 38.475 8.9
      vertex -61.6414 38.475 9.5
    endloop
  endfacet
  facet normal 0.831394 0.555683 0
    outer loop
      vertex -61.6414 38.475 8.9
      vertex -61.4197 38.1433 9.5
      vertex -61.4197 38.1433 8.9
    endloop
  endfacet
  facet normal 0 0 1
    outer loop
      vertex -57.025 40 8.9
      vertex -55.95 40 8.9
      vertex -55.9761 40.3981 8.9
    endloop
  endfacet
  facet normal 0 0 1
    outer loop
      vertex -57.0419 40.2578 8.9
      vertex -55.9761 40.3981 8.9
      vertex -56.0539 40.7894 8.9
    endloop
  endfacet
  facet normal 0 0 1
    outer loop
      vertex -55.95 40 8.9
      vertex -57.025 40 8.9
      vertex -55.9761 39.6019 8.9
    endloop
  endfacet
  facet normal 0 0 1
    outer loop
      vertex -57.0923 40.5112 8.9
      vertex -56.0539 40.7894 8.9
      vertex -56.1822 41.1672 8.9
    endloop
  endfacet
  facet normal -0 0 1
    outer loop
      vertex -57.0419 39.7422 8.9
      vertex -55.9761 39.6019 8.9
      vertex -57.025 40 8.9
    endloop
  endfacet
  facet normal 0 0 1
    outer loop
      vertex -57.1753 40.7558 8.9
      vertex -56.1822 41.1672 8.9
      vertex -56.3586 41.525 8.9
    endloop
  endfacet
  facet normal 0 0 1
    outer loop
      vertex -55.9761 39.6019 8.9
      vertex -57.0419 39.7422 8.9
      vertex -56.0539 39.2106 8.9
    endloop
  endfacet
  facet normal 0 0 1
    outer loop
      vertex -57.2896 40.9875 8.9
      vertex -56.3586 41.525 8.9
      vertex -56.5803 41.8567 8.9
    endloop
  endfacet
  facet normal -0 0 1
    outer loop
      vertex -57.0923 39.4888 8.9
      vertex -56.0539 39.2106 8.9
      vertex -57.0419 39.7422 8.9
    endloop
  endfacet
  facet normal 0 0 1
    outer loop
      vertex -57.4331 41.2023 8.9
      vertex -56.5803 41.8567 8.9
      vertex -56.8433 42.1567 8.9
    endloop
  endfacet
  facet normal 0 0 1
    outer loop
      vertex -56.0539 39.2106 8.9
      vertex -57.0923 39.4888 8.9
      vertex -56.1822 38.8328 8.9
    endloop
  endfacet
  facet normal -0 0 1
    outer loop
      vertex -57.1753 39.2442 8.9
      vertex -56.1822 38.8328 8.9
      vertex -57.0923 39.4888 8.9
    endloop
  endfacet
  facet normal 0 0 1
    outer loop
      vertex -55.9761 40.3981 8.9
      vertex -57.0419 40.2578 8.9
      vertex -57.025 40 8.9
    endloop
  endfacet
  facet normal 0 0 1
    outer loop
      vertex -56.0539 40.7894 8.9
      vertex -57.0923 40.5112 8.9
      vertex -57.0419 40.2578 8.9
    endloop
  endfacet
  facet normal 0 0 1
    outer loop
      vertex -57.6035 41.3965 8.9
      vertex -56.8433 42.1567 8.9
      vertex -57.1433 42.4197 8.9
    endloop
  endfacet
  facet normal 0 0 1
    outer loop
      vertex -56.1822 41.1672 8.9
      vertex -57.1753 40.7558 8.9
      vertex -57.0923 40.5112 8.9
    endloop
  endfacet
  facet normal 0 0 1
    outer loop
      vertex -56.3586 41.525 8.9
      vertex -57.2896 40.9875 8.9
      vertex -57.1753 40.7558 8.9
    endloop
  endfacet
  facet normal 0 0 1
    outer loop
      vertex -56.5803 41.8567 8.9
      vertex -57.4331 41.2023 8.9
      vertex -57.2896 40.9875 8.9
    endloop
  endfacet
  facet normal 0 0 1
    outer loop
      vertex -57.7977 41.5669 8.9
      vertex -57.1433 42.4197 8.9
      vertex -57.475 42.6414 8.9
    endloop
  endfacet
  facet normal 0 0 1
    outer loop
      vertex -56.8433 42.1567 8.9
      vertex -57.6035 41.3965 8.9
      vertex -57.4331 41.2023 8.9
    endloop
  endfacet
  facet normal 0 0 1
    outer loop
      vertex -57.1433 42.4197 8.9
      vertex -57.7977 41.5669 8.9
      vertex -57.6035 41.3965 8.9
    endloop
  endfacet
  facet normal 0 0 1
    outer loop
      vertex -58.0125 41.7104 8.9
      vertex -57.475 42.6414 8.9
      vertex -57.8328 42.8178 8.9
    endloop
  endfacet
  facet normal 0 0 1
    outer loop
      vertex -57.475 42.6414 8.9
      vertex -58.0125 41.7104 8.9
      vertex -57.7977 41.5669 8.9
    endloop
  endfacet
  facet normal 0 0 1
    outer loop
      vertex -58.2442 41.8247 8.9
      vertex -57.8328 42.8178 8.9
      vertex -58.2106 42.9461 8.9
    endloop
  endfacet
  facet normal 0 0 1
    outer loop
      vertex -57.8328 42.8178 8.9
      vertex -58.2442 41.8247 8.9
      vertex -58.0125 41.7104 8.9
    endloop
  endfacet
  facet normal 0 0 1
    outer loop
      vertex -58.2106 42.9461 8.9
      vertex -58.4888 41.9077 8.9
      vertex -58.2442 41.8247 8.9
    endloop
  endfacet
  facet normal 0 0 1
    outer loop
      vertex -58.6019 43.0239 8.9
      vertex -58.4888 41.9077 8.9
      vertex -58.2106 42.9461 8.9
    endloop
  endfacet
  facet normal 0 0 1
    outer loop
      vertex -58.6019 43.0239 8.9
      vertex -58.7422 41.9581 8.9
      vertex -58.4888 41.9077 8.9
    endloop
  endfacet
  facet normal 0 0 1
    outer loop
      vertex -59 43.05 8.9
      vertex -58.7422 41.9581 8.9
      vertex -58.6019 43.0239 8.9
    endloop
  endfacet
  facet normal 0 0 1
    outer loop
      vertex -59 43.05 8.9
      vertex -59 41.975 8.9
      vertex -58.7422 41.9581 8.9
    endloop
  endfacet
  facet normal 0 0 1
    outer loop
      vertex -59 43.05 8.9
      vertex -59.2578 41.9581 8.9
      vertex -59 41.975 8.9
    endloop
  endfacet
  facet normal -0 0 1
    outer loop
      vertex -59.3981 43.0239 8.9
      vertex -59.2578 41.9581 8.9
      vertex -59 43.05 8.9
    endloop
  endfacet
  facet normal 0 0 1
    outer loop
      vertex -59.3981 43.0239 8.9
      vertex -59.5112 41.9077 8.9
      vertex -59.2578 41.9581 8.9
    endloop
  endfacet
  facet normal -0 0 1
    outer loop
      vertex -59.7894 42.9461 8.9
      vertex -59.5112 41.9077 8.9
      vertex -59.3981 43.0239 8.9
    endloop
  endfacet
  facet normal 0 0 1
    outer loop
      vertex -59.5112 41.9077 8.9
      vertex -59.7894 42.9461 8.9
      vertex -59.7558 41.8247 8.9
    endloop
  endfacet
  facet normal -0 0 1
    outer loop
      vertex -60.1672 42.8178 8.9
      vertex -59.7558 41.8247 8.9
      vertex -59.7894 42.9461 8.9
    endloop
  endfacet
  facet normal 0 0 1
    outer loop
      vertex -59.7558 41.8247 8.9
      vertex -60.1672 42.8178 8.9
      vertex -59.9875 41.7104 8.9
    endloop
  endfacet
  facet normal -0 0 1
    outer loop
      vertex -60.525 42.6414 8.9
      vertex -59.9875 41.7104 8.9
      vertex -60.1672 42.8178 8.9
    endloop
  endfacet
  facet normal 0 0 1
    outer loop
      vertex -59.9875 41.7104 8.9
      vertex -60.525 42.6414 8.9
      vertex -60.2023 41.5669 8.9
    endloop
  endfacet
  facet normal -0 0 1
    outer loop
      vertex -60.8567 42.4197 8.9
      vertex -60.2023 41.5669 8.9
      vertex -60.525 42.6414 8.9
    endloop
  endfacet
  facet normal 0 0 1
    outer loop
      vertex -60.2023 41.5669 8.9
      vertex -60.8567 42.4197 8.9
      vertex -60.3965 41.3965 8.9
    endloop
  endfacet
  facet normal -0 0 1
    outer loop
      vertex -61.1567 42.1567 8.9
      vertex -60.3965 41.3965 8.9
      vertex -60.8567 42.4197 8.9
    endloop
  endfacet
  facet normal 0 0 1
    outer loop
      vertex -60.3965 41.3965 8.9
      vertex -61.1567 42.1567 8.9
      vertex -60.5669 41.2023 8.9
    endloop
  endfacet
  facet normal -0 0 1
    outer loop
      vertex -61.4197 41.8567 8.9
      vertex -60.5669 41.2023 8.9
      vertex -61.1567 42.1567 8.9
    endloop
  endfacet
  facet normal 0 0 1
    outer loop
      vertex -60.5669 41.2023 8.9
      vertex -61.4197 41.8567 8.9
      vertex -60.7104 40.9875 8.9
    endloop
  endfacet
  facet normal -0 0 1
    outer loop
      vertex -61.6414 41.525 8.9
      vertex -60.7104 40.9875 8.9
      vertex -61.4197 41.8567 8.9
    endloop
  endfacet
  facet normal 0 0 1
    outer loop
      vertex -60.7104 40.9875 8.9
      vertex -61.6414 41.525 8.9
      vertex -60.8247 40.7558 8.9
    endloop
  endfacet
  facet normal -0 0 1
    outer loop
      vertex -61.8178 41.1672 8.9
      vertex -60.8247 40.7558 8.9
      vertex -61.6414 41.525 8.9
    endloop
  endfacet
  facet normal 0 0 1
    outer loop
      vertex -56.1822 38.8328 8.9
      vertex -57.1753 39.2442 8.9
      vertex -56.3586 38.475 8.9
    endloop
  endfacet
  facet normal -0 0 1
    outer loop
      vertex -57.2896 39.0125 8.9
      vertex -56.3586 38.475 8.9
      vertex -57.1753 39.2442 8.9
    endloop
  endfacet
  facet normal 0 0 1
    outer loop
      vertex -56.3586 38.475 8.9
      vertex -57.2896 39.0125 8.9
      vertex -56.5803 38.1433 8.9
    endloop
  endfacet
  facet normal -0 0 1
    outer loop
      vertex -57.4331 38.7977 8.9
      vertex -56.5803 38.1433 8.9
      vertex -57.2896 39.0125 8.9
    endloop
  endfacet
  facet normal 0 0 1
    outer loop
      vertex -56.5803 38.1433 8.9
      vertex -57.4331 38.7977 8.9
      vertex -56.8433 37.8433 8.9
    endloop
  endfacet
  facet normal -0 0 1
    outer loop
      vertex -57.6035 38.6035 8.9
      vertex -56.8433 37.8433 8.9
      vertex -57.4331 38.7977 8.9
    endloop
  endfacet
  facet normal 0 0 1
    outer loop
      vertex -56.8433 37.8433 8.9
      vertex -57.6035 38.6035 8.9
      vertex -57.1433 37.5803 8.9
    endloop
  endfacet
  facet normal -0 0 1
    outer loop
      vertex -57.7977 38.4331 8.9
      vertex -57.1433 37.5803 8.9
      vertex -57.6035 38.6035 8.9
    endloop
  endfacet
  facet normal 0 0 1
    outer loop
      vertex -57.1433 37.5803 8.9
      vertex -57.7977 38.4331 8.9
      vertex -57.475 37.3586 8.9
    endloop
  endfacet
  facet normal -0 0 1
    outer loop
      vertex -58.0125 38.2896 8.9
      vertex -57.475 37.3586 8.9
      vertex -57.7977 38.4331 8.9
    endloop
  endfacet
  facet normal 0 0 1
    outer loop
      vertex -57.475 37.3586 8.9
      vertex -58.0125 38.2896 8.9
      vertex -57.8328 37.1822 8.9
    endloop
  endfacet
  facet normal -0 0 1
    outer loop
      vertex -58.2442 38.1753 8.9
      vertex -57.8328 37.1822 8.9
      vertex -58.0125 38.2896 8.9
    endloop
  endfacet
  facet normal 0 0 1
    outer loop
      vertex -57.8328 37.1822 8.9
      vertex -58.2442 38.1753 8.9
      vertex -58.2106 37.0539 8.9
    endloop
  endfacet
  facet normal -0 0 1
    outer loop
      vertex -58.4888 38.0923 8.9
      vertex -58.2106 37.0539 8.9
      vertex -58.2442 38.1753 8.9
    endloop
  endfacet
  facet normal 0 0 1
    outer loop
      vertex -58.4888 38.0923 8.9
      vertex -58.6019 36.9761 8.9
      vertex -58.2106 37.0539 8.9
    endloop
  endfacet
  facet normal -0 0 1
    outer loop
      vertex -58.7422 38.0419 8.9
      vertex -58.6019 36.9761 8.9
      vertex -58.4888 38.0923 8.9
    endloop
  endfacet
  facet normal -0 0 1
    outer loop
      vertex -59 38.025 8.9
      vertex -58.6019 36.9761 8.9
      vertex -58.7422 38.0419 8.9
    endloop
  endfacet
  facet normal 0 0 1
    outer loop
      vertex -59 38.025 8.9
      vertex -59 36.95 8.9
      vertex -58.6019 36.9761 8.9
    endloop
  endfacet
  facet normal 0 0 1
    outer loop
      vertex -59.2578 38.0419 8.9
      vertex -59 36.95 8.9
      vertex -59 38.025 8.9
    endloop
  endfacet
  facet normal 0 0 1
    outer loop
      vertex -59.2578 38.0419 8.9
      vertex -59.3981 36.9761 8.9
      vertex -59 36.95 8.9
    endloop
  endfacet
  facet normal 0 0 1
    outer loop
      vertex -59.5112 38.0923 8.9
      vertex -59.3981 36.9761 8.9
      vertex -59.2578 38.0419 8.9
    endloop
  endfacet
  facet normal 0 0 1
    outer loop
      vertex -59.7894 37.0539 8.9
      vertex -59.5112 38.0923 8.9
      vertex -59.7558 38.1753 8.9
    endloop
  endfacet
  facet normal 0 0 1
    outer loop
      vertex -59.5112 38.0923 8.9
      vertex -59.7894 37.0539 8.9
      vertex -59.3981 36.9761 8.9
    endloop
  endfacet
  facet normal 0 0 1
    outer loop
      vertex -60.1672 37.1822 8.9
      vertex -59.7558 38.1753 8.9
      vertex -59.9875 38.2896 8.9
    endloop
  endfacet
  facet normal 0 0 1
    outer loop
      vertex -59.7558 38.1753 8.9
      vertex -60.1672 37.1822 8.9
      vertex -59.7894 37.0539 8.9
    endloop
  endfacet
  facet normal 0 0 1
    outer loop
      vertex -60.525 37.3586 8.9
      vertex -59.9875 38.2896 8.9
      vertex -60.2023 38.4331 8.9
    endloop
  endfacet
  facet normal 0 0 1
    outer loop
      vertex -60.8567 37.5803 8.9
      vertex -60.2023 38.4331 8.9
      vertex -60.3965 38.6035 8.9
    endloop
  endfacet
  facet normal 0 0 1
    outer loop
      vertex -59.9875 38.2896 8.9
      vertex -60.525 37.3586 8.9
      vertex -60.1672 37.1822 8.9
    endloop
  endfacet
  facet normal 0 0 1
    outer loop
      vertex -61.1567 37.8433 8.9
      vertex -60.3965 38.6035 8.9
      vertex -60.5669 38.7977 8.9
    endloop
  endfacet
  facet normal 0 0 1
    outer loop
      vertex -61.4197 38.1433 8.9
      vertex -60.5669 38.7977 8.9
      vertex -60.7104 39.0125 8.9
    endloop
  endfacet
  facet normal 0 0 1
    outer loop
      vertex -61.6414 38.475 8.9
      vertex -60.7104 39.0125 8.9
      vertex -60.8247 39.2442 8.9
    endloop
  endfacet
  facet normal 0 0 1
    outer loop
      vertex -60.2023 38.4331 8.9
      vertex -60.8567 37.5803 8.9
      vertex -60.525 37.3586 8.9
    endloop
  endfacet
  facet normal 0 0 1
    outer loop
      vertex -61.8178 38.8328 8.9
      vertex -60.8247 39.2442 8.9
      vertex -60.9077 39.4888 8.9
    endloop
  endfacet
  facet normal 0 0 1
    outer loop
      vertex -61.9461 39.2106 8.9
      vertex -60.9077 39.4888 8.9
      vertex -60.9581 39.7422 8.9
    endloop
  endfacet
  facet normal 0 0 1
    outer loop
      vertex -62.0239 39.6019 8.9
      vertex -60.9581 39.7422 8.9
      vertex -60.975 40 8.9
    endloop
  endfacet
  facet normal 0 0 1
    outer loop
      vertex -60.8247 40.7558 8.9
      vertex -61.8178 41.1672 8.9
      vertex -60.9077 40.5112 8.9
    endloop
  endfacet
  facet normal 0 0 1
    outer loop
      vertex -60.3965 38.6035 8.9
      vertex -61.1567 37.8433 8.9
      vertex -60.8567 37.5803 8.9
    endloop
  endfacet
  facet normal -0 0 1
    outer loop
      vertex -61.9461 40.7894 8.9
      vertex -60.9077 40.5112 8.9
      vertex -61.8178 41.1672 8.9
    endloop
  endfacet
  facet normal 0 0 1
    outer loop
      vertex -60.5669 38.7977 8.9
      vertex -61.4197 38.1433 8.9
      vertex -61.1567 37.8433 8.9
    endloop
  endfacet
  facet normal 0 0 1
    outer loop
      vertex -60.9077 40.5112 8.9
      vertex -61.9461 40.7894 8.9
      vertex -60.9581 40.2578 8.9
    endloop
  endfacet
  facet normal 0 0 1
    outer loop
      vertex -60.7104 39.0125 8.9
      vertex -61.6414 38.475 8.9
      vertex -61.4197 38.1433 8.9
    endloop
  endfacet
  facet normal -0 0 1
    outer loop
      vertex -62.0239 40.3981 8.9
      vertex -60.9581 40.2578 8.9
      vertex -61.9461 40.7894 8.9
    endloop
  endfacet
  facet normal 0 0 1
    outer loop
      vertex -60.8247 39.2442 8.9
      vertex -61.8178 38.8328 8.9
      vertex -61.6414 38.475 8.9
    endloop
  endfacet
  facet normal 0 0 1
    outer loop
      vertex -60.9581 40.2578 8.9
      vertex -62.0239 40.3981 8.9
      vertex -60.975 40 8.9
    endloop
  endfacet
  facet normal 0 0 1
    outer loop
      vertex -60.9077 39.4888 8.9
      vertex -61.9461 39.2106 8.9
      vertex -61.8178 38.8328 8.9
    endloop
  endfacet
  facet normal 0 0 1
    outer loop
      vertex -62.05 40 8.9
      vertex -60.975 40 8.9
      vertex -62.0239 40.3981 8.9
    endloop
  endfacet
  facet normal 0 0 1
    outer loop
      vertex -60.9581 39.7422 8.9
      vertex -62.0239 39.6019 8.9
      vertex -61.9461 39.2106 8.9
    endloop
  endfacet
  facet normal 0 0 1
    outer loop
      vertex -60.975 40 8.9
      vertex -62.05 40 8.9
      vertex -62.0239 39.6019 8.9
    endloop
  endfacet
  facet normal 0.946889 -0.321561 0
    outer loop
      vertex -61.9461 40.7894 9.5
      vertex -61.8178 41.1672 8.9
      vertex -61.8178 41.1672 9.5
    endloop
  endfacet
  facet normal 0.946889 -0.321561 0
    outer loop
      vertex -61.8178 41.1672 8.9
      vertex -61.9461 40.7894 9.5
      vertex -61.9461 40.7894 8.9
    endloop
  endfacet
  facet normal -0.980789 -0.195074 0
    outer loop
      vertex -57.0419 -39.7422 4.025
      vertex -57.0923 -39.4888 8.9
      vertex -57.0923 -39.4888 4.025
    endloop
  endfacet
  facet normal -0.980789 -0.195074 0
    outer loop
      vertex -57.0923 -39.4888 8.9
      vertex -57.0419 -39.7422 4.025
      vertex -57.0419 -39.7422 8.9
    endloop
  endfacet
  facet normal -0.997858 -0.0654143 0
    outer loop
      vertex -57.025 -40 4.025
      vertex -57.0419 -39.7422 8.9
      vertex -57.0419 -39.7422 4.025
    endloop
  endfacet
  facet normal -0.997858 -0.0654143 0
    outer loop
      vertex -57.0419 -39.7422 8.9
      vertex -57.025 -40 4.025
      vertex -57.025 -40 8.9
    endloop
  endfacet
  facet normal 0.195074 0.980789 -0
    outer loop
      vertex -59.2578 -41.9581 4.025
      vertex -59.5112 -41.9077 8.9
      vertex -59.2578 -41.9581 8.9
    endloop
  endfacet
  facet normal 0.195074 0.980789 0
    outer loop
      vertex -59.5112 -41.9077 8.9
      vertex -59.2578 -41.9581 4.025
      vertex -59.5112 -41.9077 4.025
    endloop
  endfacet
  facet normal 0.831514 -0.555504 0
    outer loop
      vertex -60.7104 -39.0125 8.9
      vertex -60.5669 -38.7977 4.025
      vertex -60.5669 -38.7977 8.9
    endloop
  endfacet
  facet normal 0.831514 -0.555504 0
    outer loop
      vertex -60.5669 -38.7977 4.025
      vertex -60.7104 -39.0125 8.9
      vertex -60.7104 -39.0125 4.025
    endloop
  endfacet
  facet normal 0.555504 0.831514 -0
    outer loop
      vertex -59.9875 -41.7104 4.025
      vertex -60.2023 -41.5669 8.9
      vertex -59.9875 -41.7104 8.9
    endloop
  endfacet
  facet normal 0.555504 0.831514 0
    outer loop
      vertex -60.2023 -41.5669 8.9
      vertex -59.9875 -41.7104 4.025
      vertex -60.2023 -41.5669 4.025
    endloop
  endfacet
  facet normal -0.659545 -0.751665 0
    outer loop
      vertex -57.7977 -38.4331 4.025
      vertex -57.6035 -38.6035 8.9
      vertex -57.7977 -38.4331 8.9
    endloop
  endfacet
  facet normal -0.659545 -0.751665 -0
    outer loop
      vertex -57.6035 -38.6035 8.9
      vertex -57.7977 -38.4331 4.025
      vertex -57.6035 -38.6035 4.025
    endloop
  endfacet
  facet normal 0.980789 -0.195074 0
    outer loop
      vertex -60.9581 -39.7422 8.9
      vertex -60.9077 -39.4888 4.025
      vertex -60.9077 -39.4888 8.9
    endloop
  endfacet
  facet normal 0.980789 -0.195074 0
    outer loop
      vertex -60.9077 -39.4888 4.025
      vertex -60.9581 -39.7422 8.9
      vertex -60.9581 -39.7422 4.025
    endloop
  endfacet
  facet normal -0.946966 0.321334 0
    outer loop
      vertex -57.1753 -40.7558 4.025
      vertex -57.0923 -40.5112 8.9
      vertex -57.0923 -40.5112 4.025
    endloop
  endfacet
  facet normal -0.946966 0.321334 0
    outer loop
      vertex -57.0923 -40.5112 8.9
      vertex -57.1753 -40.7558 4.025
      vertex -57.1753 -40.7558 8.9
    endloop
  endfacet
  facet normal -0.997858 0.0654143 0
    outer loop
      vertex -57.0419 -40.2578 4.025
      vertex -57.025 -40 8.9
      vertex -57.025 -40 4.025
    endloop
  endfacet
  facet normal -0.997858 0.0654143 0
    outer loop
      vertex -57.025 -40 8.9
      vertex -57.0419 -40.2578 4.025
      vertex -57.0419 -40.2578 8.9
    endloop
  endfacet
  facet normal 0.442408 -0.896814 0
    outer loop
      vertex -59.9875 -38.2896 4.025
      vertex -59.7558 -38.1753 8.9
      vertex -59.9875 -38.2896 8.9
    endloop
  endfacet
  facet normal 0.442408 -0.896814 0
    outer loop
      vertex -59.7558 -38.1753 8.9
      vertex -59.9875 -38.2896 4.025
      vertex -59.7558 -38.1753 4.025
    endloop
  endfacet
  facet normal -0.831514 -0.555504 0
    outer loop
      vertex -57.2896 -39.0125 4.025
      vertex -57.4331 -38.7977 8.9
      vertex -57.4331 -38.7977 4.025
    endloop
  endfacet
  facet normal -0.831514 -0.555504 0
    outer loop
      vertex -57.4331 -38.7977 8.9
      vertex -57.2896 -39.0125 4.025
      vertex -57.2896 -39.0125 8.9
    endloop
  endfacet
  facet normal -0.0654143 -0.997858 0
    outer loop
      vertex -59 -38.025 4.025
      vertex -58.7422 -38.0419 8.9
      vertex -59 -38.025 8.9
    endloop
  endfacet
  facet normal -0.0654143 -0.997858 -0
    outer loop
      vertex -58.7422 -38.0419 8.9
      vertex -59 -38.025 4.025
      vertex -58.7422 -38.0419 4.025
    endloop
  endfacet
  facet normal 0.0654143 0.997858 -0
    outer loop
      vertex -59 -41.975 4.025
      vertex -59.2578 -41.9581 8.9
      vertex -59 -41.975 8.9
    endloop
  endfacet
  facet normal 0.0654143 0.997858 0
    outer loop
      vertex -59.2578 -41.9581 8.9
      vertex -59 -41.975 4.025
      vertex -59.2578 -41.9581 4.025
    endloop
  endfacet
  facet normal 0 0 1
    outer loop
      vertex -57.0419 -39.7422 4.025
      vertex -57.0419 -40.2578 4.025
      vertex -57.025 -40 4.025
    endloop
  endfacet
  facet normal 0 0 1
    outer loop
      vertex -57.0923 -39.4888 4.025
      vertex -57.0419 -40.2578 4.025
      vertex -57.0419 -39.7422 4.025
    endloop
  endfacet
  facet normal 0 0 1
    outer loop
      vertex -57.0923 -39.4888 4.025
      vertex -57.0923 -40.5112 4.025
      vertex -57.0419 -40.2578 4.025
    endloop
  endfacet
  facet normal 0 0 1
    outer loop
      vertex -57.1753 -39.2442 4.025
      vertex -57.0923 -40.5112 4.025
      vertex -57.0923 -39.4888 4.025
    endloop
  endfacet
  facet normal 0 0 1
    outer loop
      vertex -57.1753 -39.2442 4.025
      vertex -57.1753 -40.7558 4.025
      vertex -57.0923 -40.5112 4.025
    endloop
  endfacet
  facet normal 0 0 1
    outer loop
      vertex -57.2896 -39.0125 4.025
      vertex -57.1753 -40.7558 4.025
      vertex -57.1753 -39.2442 4.025
    endloop
  endfacet
  facet normal 0 0 1
    outer loop
      vertex -57.2896 -39.0125 4.025
      vertex -57.2896 -40.9875 4.025
      vertex -57.1753 -40.7558 4.025
    endloop
  endfacet
  facet normal 0 0 1
    outer loop
      vertex -57.4331 -38.7977 4.025
      vertex -57.2896 -40.9875 4.025
      vertex -57.2896 -39.0125 4.025
    endloop
  endfacet
  facet normal 0 0 1
    outer loop
      vertex -57.4331 -38.7977 4.025
      vertex -57.4331 -41.2023 4.025
      vertex -57.2896 -40.9875 4.025
    endloop
  endfacet
  facet normal 0 0 1
    outer loop
      vertex -57.6035 -38.6035 4.025
      vertex -57.4331 -41.2023 4.025
      vertex -57.4331 -38.7977 4.025
    endloop
  endfacet
  facet normal 0 0 1
    outer loop
      vertex -57.6035 -38.6035 4.025
      vertex -57.6035 -41.3965 4.025
      vertex -57.4331 -41.2023 4.025
    endloop
  endfacet
  facet normal 0 0 1
    outer loop
      vertex -57.7977 -38.4331 4.025
      vertex -57.6035 -41.3965 4.025
      vertex -57.6035 -38.6035 4.025
    endloop
  endfacet
  facet normal 0 0 1
    outer loop
      vertex -57.7977 -38.4331 4.025
      vertex -57.7977 -41.5669 4.025
      vertex -57.6035 -41.3965 4.025
    endloop
  endfacet
  facet normal 0 0 1
    outer loop
      vertex -58.0125 -38.2896 4.025
      vertex -57.7977 -41.5669 4.025
      vertex -57.7977 -38.4331 4.025
    endloop
  endfacet
  facet normal 0 0 1
    outer loop
      vertex -58.0125 -38.2896 4.025
      vertex -58.0125 -41.7104 4.025
      vertex -57.7977 -41.5669 4.025
    endloop
  endfacet
  facet normal 0 0 1
    outer loop
      vertex -58.2442 -38.1753 4.025
      vertex -58.0125 -41.7104 4.025
      vertex -58.0125 -38.2896 4.025
    endloop
  endfacet
  facet normal 0 0 1
    outer loop
      vertex -58.2442 -38.1753 4.025
      vertex -58.2442 -41.8247 4.025
      vertex -58.0125 -41.7104 4.025
    endloop
  endfacet
  facet normal 0 0 1
    outer loop
      vertex -58.4888 -38.0923 4.025
      vertex -58.2442 -41.8247 4.025
      vertex -58.2442 -38.1753 4.025
    endloop
  endfacet
  facet normal 0 0 1
    outer loop
      vertex -58.4888 -38.0923 4.025
      vertex -58.4888 -41.9077 4.025
      vertex -58.2442 -41.8247 4.025
    endloop
  endfacet
  facet normal 0 0 1
    outer loop
      vertex -58.7422 -38.0419 4.025
      vertex -58.4888 -41.9077 4.025
      vertex -58.4888 -38.0923 4.025
    endloop
  endfacet
  facet normal 0 0 1
    outer loop
      vertex -58.7422 -38.0419 4.025
      vertex -58.7422 -41.9581 4.025
      vertex -58.4888 -41.9077 4.025
    endloop
  endfacet
  facet normal 0 0 1
    outer loop
      vertex -59 -38.025 4.025
      vertex -58.7422 -41.9581 4.025
      vertex -58.7422 -38.0419 4.025
    endloop
  endfacet
  facet normal 0 0 1
    outer loop
      vertex -59 -38.025 4.025
      vertex -59 -41.975 4.025
      vertex -58.7422 -41.9581 4.025
    endloop
  endfacet
  facet normal -0 0 1
    outer loop
      vertex -59.2578 -38.0419 4.025
      vertex -59 -41.975 4.025
      vertex -59 -38.025 4.025
    endloop
  endfacet
  facet normal 0 0 1
    outer loop
      vertex -59.2578 -38.0419 4.025
      vertex -59.2578 -41.9581 4.025
      vertex -59 -41.975 4.025
    endloop
  endfacet
  facet normal -0 0 1
    outer loop
      vertex -59.5112 -38.0923 4.025
      vertex -59.2578 -41.9581 4.025
      vertex -59.2578 -38.0419 4.025
    endloop
  endfacet
  facet normal 0 0 1
    outer loop
      vertex -59.5112 -38.0923 4.025
      vertex -59.5112 -41.9077 4.025
      vertex -59.2578 -41.9581 4.025
    endloop
  endfacet
  facet normal -0 0 1
    outer loop
      vertex -59.7558 -38.1753 4.025
      vertex -59.5112 -41.9077 4.025
      vertex -59.5112 -38.0923 4.025
    endloop
  endfacet
  facet normal 0 0 1
    outer loop
      vertex -59.7558 -38.1753 4.025
      vertex -59.7558 -41.8247 4.025
      vertex -59.5112 -41.9077 4.025
    endloop
  endfacet
  facet normal -0 0 1
    outer loop
      vertex -59.9875 -38.2896 4.025
      vertex -59.7558 -41.8247 4.025
      vertex -59.7558 -38.1753 4.025
    endloop
  endfacet
  facet normal 0 0 1
    outer loop
      vertex -59.9875 -38.2896 4.025
      vertex -59.9875 -41.7104 4.025
      vertex -59.7558 -41.8247 4.025
    endloop
  endfacet
  facet normal -0 0 1
    outer loop
      vertex -60.2023 -38.4331 4.025
      vertex -59.9875 -41.7104 4.025
      vertex -59.9875 -38.2896 4.025
    endloop
  endfacet
  facet normal 0 0 1
    outer loop
      vertex -60.2023 -38.4331 4.025
      vertex -60.2023 -41.5669 4.025
      vertex -59.9875 -41.7104 4.025
    endloop
  endfacet
  facet normal -0 0 1
    outer loop
      vertex -60.3965 -38.6035 4.025
      vertex -60.2023 -41.5669 4.025
      vertex -60.2023 -38.4331 4.025
    endloop
  endfacet
  facet normal 0 0 1
    outer loop
      vertex -60.3965 -38.6035 4.025
      vertex -60.3965 -41.3965 4.025
      vertex -60.2023 -41.5669 4.025
    endloop
  endfacet
  facet normal -0 0 1
    outer loop
      vertex -60.5669 -38.7977 4.025
      vertex -60.3965 -41.3965 4.025
      vertex -60.3965 -38.6035 4.025
    endloop
  endfacet
  facet normal 0 0 1
    outer loop
      vertex -60.5669 -38.7977 4.025
      vertex -60.5669 -41.2023 4.025
      vertex -60.3965 -41.3965 4.025
    endloop
  endfacet
  facet normal -0 0 1
    outer loop
      vertex -60.7104 -39.0125 4.025
      vertex -60.5669 -41.2023 4.025
      vertex -60.5669 -38.7977 4.025
    endloop
  endfacet
  facet normal 0 0 1
    outer loop
      vertex -60.7104 -39.0125 4.025
      vertex -60.7104 -40.9875 4.025
      vertex -60.5669 -41.2023 4.025
    endloop
  endfacet
  facet normal -0 0 1
    outer loop
      vertex -60.8247 -39.2442 4.025
      vertex -60.7104 -40.9875 4.025
      vertex -60.7104 -39.0125 4.025
    endloop
  endfacet
  facet normal 0 0 1
    outer loop
      vertex -60.8247 -39.2442 4.025
      vertex -60.8247 -40.7558 4.025
      vertex -60.7104 -40.9875 4.025
    endloop
  endfacet
  facet normal -0 0 1
    outer loop
      vertex -60.9077 -39.4888 4.025
      vertex -60.8247 -40.7558 4.025
      vertex -60.8247 -39.2442 4.025
    endloop
  endfacet
  facet normal 0 0 1
    outer loop
      vertex -60.9077 -39.4888 4.025
      vertex -60.9077 -40.5112 4.025
      vertex -60.8247 -40.7558 4.025
    endloop
  endfacet
  facet normal -0 0 1
    outer loop
      vertex -60.9581 -39.7422 4.025
      vertex -60.9077 -40.5112 4.025
      vertex -60.9077 -39.4888 4.025
    endloop
  endfacet
  facet normal 0 0 1
    outer loop
      vertex -60.9581 -39.7422 4.025
      vertex -60.9581 -40.2578 4.025
      vertex -60.9077 -40.5112 4.025
    endloop
  endfacet
  facet normal 0 -0 1
    outer loop
      vertex -60.9581 -40.2578 4.025
      vertex -60.9581 -39.7422 4.025
      vertex -60.975 -40 4.025
    endloop
  endfacet
  facet normal -0.659545 0.751665 0
    outer loop
      vertex -57.6035 -41.3965 4.025
      vertex -57.7977 -41.5669 8.9
      vertex -57.6035 -41.3965 8.9
    endloop
  endfacet
  facet normal -0.659545 0.751665 0
    outer loop
      vertex -57.7977 -41.5669 8.9
      vertex -57.6035 -41.3965 4.025
      vertex -57.7977 -41.5669 4.025
    endloop
  endfacet
  facet normal -0.980789 0.195074 0
    outer loop
      vertex -57.0923 -40.5112 4.025
      vertex -57.0419 -40.2578 8.9
      vertex -57.0419 -40.2578 4.025
    endloop
  endfacet
  facet normal -0.980789 0.195074 0
    outer loop
      vertex -57.0419 -40.2578 8.9
      vertex -57.0923 -40.5112 4.025
      vertex -57.0923 -40.5112 8.9
    endloop
  endfacet
  facet normal -0.831514 0.555504 0
    outer loop
      vertex -57.4331 -41.2023 4.025
      vertex -57.2896 -40.9875 8.9
      vertex -57.2896 -40.9875 4.025
    endloop
  endfacet
  facet normal -0.831514 0.555504 0
    outer loop
      vertex -57.2896 -40.9875 8.9
      vertex -57.4331 -41.2023 4.025
      vertex -57.4331 -41.2023 8.9
    endloop
  endfacet
  facet normal 0.659545 -0.751665 0
    outer loop
      vertex -60.3965 -38.6035 4.025
      vertex -60.2023 -38.4331 8.9
      vertex -60.3965 -38.6035 8.9
    endloop
  endfacet
  facet normal 0.659545 -0.751665 0
    outer loop
      vertex -60.2023 -38.4331 8.9
      vertex -60.3965 -38.6035 4.025
      vertex -60.2023 -38.4331 4.025
    endloop
  endfacet
  facet normal 0.555504 -0.831514 0
    outer loop
      vertex -60.2023 -38.4331 4.025
      vertex -59.9875 -38.2896 8.9
      vertex -60.2023 -38.4331 8.9
    endloop
  endfacet
  facet normal 0.555504 -0.831514 0
    outer loop
      vertex -59.9875 -38.2896 8.9
      vertex -60.2023 -38.4331 4.025
      vertex -59.9875 -38.2896 4.025
    endloop
  endfacet
  facet normal 0.896814 0.442408 0
    outer loop
      vertex -60.7104 -40.9875 8.9
      vertex -60.8247 -40.7558 4.025
      vertex -60.8247 -40.7558 8.9
    endloop
  endfacet
  facet normal 0.896814 0.442408 0
    outer loop
      vertex -60.8247 -40.7558 4.025
      vertex -60.7104 -40.9875 8.9
      vertex -60.7104 -40.9875 4.025
    endloop
  endfacet
  facet normal 0.659545 0.751665 -0
    outer loop
      vertex -60.2023 -41.5669 4.025
      vertex -60.3965 -41.3965 8.9
      vertex -60.2023 -41.5669 8.9
    endloop
  endfacet
  facet normal 0.659545 0.751665 0
    outer loop
      vertex -60.3965 -41.3965 8.9
      vertex -60.2023 -41.5669 4.025
      vertex -60.3965 -41.3965 4.025
    endloop
  endfacet
  facet normal 0.896814 -0.442408 0
    outer loop
      vertex -60.8247 -39.2442 8.9
      vertex -60.7104 -39.0125 4.025
      vertex -60.7104 -39.0125 8.9
    endloop
  endfacet
  facet normal 0.896814 -0.442408 0
    outer loop
      vertex -60.7104 -39.0125 4.025
      vertex -60.8247 -39.2442 8.9
      vertex -60.8247 -39.2442 4.025
    endloop
  endfacet
  facet normal -0.442408 0.896814 0
    outer loop
      vertex -58.0125 -41.7104 4.025
      vertex -58.2442 -41.8247 8.9
      vertex -58.0125 -41.7104 8.9
    endloop
  endfacet
  facet normal -0.442408 0.896814 0
    outer loop
      vertex -58.2442 -41.8247 8.9
      vertex -58.0125 -41.7104 4.025
      vertex -58.2442 -41.8247 4.025
    endloop
  endfacet
  facet normal 0.751665 0.659545 0
    outer loop
      vertex -60.3965 -41.3965 8.9
      vertex -60.5669 -41.2023 4.025
      vertex -60.5669 -41.2023 8.9
    endloop
  endfacet
  facet normal 0.751665 0.659545 0
    outer loop
      vertex -60.5669 -41.2023 4.025
      vertex -60.3965 -41.3965 8.9
      vertex -60.3965 -41.3965 4.025
    endloop
  endfacet
  facet normal -0.946966 -0.321334 0
    outer loop
      vertex -57.0923 -39.4888 4.025
      vertex -57.1753 -39.2442 8.9
      vertex -57.1753 -39.2442 4.025
    endloop
  endfacet
  facet normal -0.946966 -0.321334 0
    outer loop
      vertex -57.1753 -39.2442 8.9
      vertex -57.0923 -39.4888 4.025
      vertex -57.0923 -39.4888 8.9
    endloop
  endfacet
  facet normal 0.321334 -0.946966 0
    outer loop
      vertex -59.7558 -38.1753 4.025
      vertex -59.5112 -38.0923 8.9
      vertex -59.7558 -38.1753 8.9
    endloop
  endfacet
  facet normal 0.321334 -0.946966 0
    outer loop
      vertex -59.5112 -38.0923 8.9
      vertex -59.7558 -38.1753 4.025
      vertex -59.5112 -38.0923 4.025
    endloop
  endfacet
  facet normal -0.896814 -0.442408 0
    outer loop
      vertex -57.1753 -39.2442 4.025
      vertex -57.2896 -39.0125 8.9
      vertex -57.2896 -39.0125 4.025
    endloop
  endfacet
  facet normal -0.896814 -0.442408 0
    outer loop
      vertex -57.2896 -39.0125 8.9
      vertex -57.1753 -39.2442 4.025
      vertex -57.1753 -39.2442 8.9
    endloop
  endfacet
  facet normal 0.946966 -0.321334 0
    outer loop
      vertex -60.9077 -39.4888 8.9
      vertex -60.8247 -39.2442 4.025
      vertex -60.8247 -39.2442 8.9
    endloop
  endfacet
  facet normal 0.946966 -0.321334 0
    outer loop
      vertex -60.8247 -39.2442 4.025
      vertex -60.9077 -39.4888 8.9
      vertex -60.9077 -39.4888 4.025
    endloop
  endfacet
  facet normal -0.555504 -0.831514 0
    outer loop
      vertex -58.0125 -38.2896 4.025
      vertex -57.7977 -38.4331 8.9
      vertex -58.0125 -38.2896 8.9
    endloop
  endfacet
  facet normal -0.555504 -0.831514 -0
    outer loop
      vertex -57.7977 -38.4331 8.9
      vertex -58.0125 -38.2896 4.025
      vertex -57.7977 -38.4331 4.025
    endloop
  endfacet
  facet normal 0.980789 0.195074 0
    outer loop
      vertex -60.9077 -40.5112 8.9
      vertex -60.9581 -40.2578 4.025
      vertex -60.9581 -40.2578 8.9
    endloop
  endfacet
  facet normal 0.980789 0.195074 0
    outer loop
      vertex -60.9581 -40.2578 4.025
      vertex -60.9077 -40.5112 8.9
      vertex -60.9077 -40.5112 4.025
    endloop
  endfacet
  facet normal -0.896814 0.442408 0
    outer loop
      vertex -57.2896 -40.9875 4.025
      vertex -57.1753 -40.7558 8.9
      vertex -57.1753 -40.7558 4.025
    endloop
  endfacet
  facet normal -0.896814 0.442408 0
    outer loop
      vertex -57.1753 -40.7558 8.9
      vertex -57.2896 -40.9875 4.025
      vertex -57.2896 -40.9875 8.9
    endloop
  endfacet
  facet normal -0.442408 -0.896814 0
    outer loop
      vertex -58.2442 -38.1753 4.025
      vertex -58.0125 -38.2896 8.9
      vertex -58.2442 -38.1753 8.9
    endloop
  endfacet
  facet normal -0.442408 -0.896814 -0
    outer loop
      vertex -58.0125 -38.2896 8.9
      vertex -58.2442 -38.1753 4.025
      vertex -58.0125 -38.2896 4.025
    endloop
  endfacet
  facet normal 0.195074 -0.980789 0
    outer loop
      vertex -59.5112 -38.0923 4.025
      vertex -59.2578 -38.0419 8.9
      vertex -59.5112 -38.0923 8.9
    endloop
  endfacet
  facet normal 0.195074 -0.980789 0
    outer loop
      vertex -59.2578 -38.0419 8.9
      vertex -59.5112 -38.0923 4.025
      vertex -59.2578 -38.0419 4.025
    endloop
  endfacet
  facet normal -0.0654143 0.997858 0
    outer loop
      vertex -58.7422 -41.9581 4.025
      vertex -59 -41.975 8.9
      vertex -58.7422 -41.9581 8.9
    endloop
  endfacet
  facet normal -0.0654143 0.997858 0
    outer loop
      vertex -59 -41.975 8.9
      vertex -58.7422 -41.9581 4.025
      vertex -59 -41.975 4.025
    endloop
  endfacet
  facet normal -0.321334 -0.946966 0
    outer loop
      vertex -58.4888 -38.0923 4.025
      vertex -58.2442 -38.1753 8.9
      vertex -58.4888 -38.0923 8.9
    endloop
  endfacet
  facet normal -0.321334 -0.946966 -0
    outer loop
      vertex -58.2442 -38.1753 8.9
      vertex -58.4888 -38.0923 4.025
      vertex -58.2442 -38.1753 4.025
    endloop
  endfacet
  facet normal 0.0654143 -0.997858 0
    outer loop
      vertex -59.2578 -38.0419 4.025
      vertex -59 -38.025 8.9
      vertex -59.2578 -38.0419 8.9
    endloop
  endfacet
  facet normal 0.0654143 -0.997858 0
    outer loop
      vertex -59 -38.025 8.9
      vertex -59.2578 -38.0419 4.025
      vertex -59 -38.025 4.025
    endloop
  endfacet
  facet normal -0.195074 0.980789 0
    outer loop
      vertex -58.4888 -41.9077 4.025
      vertex -58.7422 -41.9581 8.9
      vertex -58.4888 -41.9077 8.9
    endloop
  endfacet
  facet normal -0.195074 0.980789 0
    outer loop
      vertex -58.7422 -41.9581 8.9
      vertex -58.4888 -41.9077 4.025
      vertex -58.7422 -41.9581 4.025
    endloop
  endfacet
  facet normal 0.946966 0.321334 0
    outer loop
      vertex -60.8247 -40.7558 8.9
      vertex -60.9077 -40.5112 4.025
      vertex -60.9077 -40.5112 8.9
    endloop
  endfacet
  facet normal 0.946966 0.321334 0
    outer loop
      vertex -60.9077 -40.5112 4.025
      vertex -60.8247 -40.7558 8.9
      vertex -60.8247 -40.7558 4.025
    endloop
  endfacet
  facet normal -0.321334 0.946966 0
    outer loop
      vertex -58.2442 -41.8247 4.025
      vertex -58.4888 -41.9077 8.9
      vertex -58.2442 -41.8247 8.9
    endloop
  endfacet
  facet normal -0.321334 0.946966 0
    outer loop
      vertex -58.4888 -41.9077 8.9
      vertex -58.2442 -41.8247 4.025
      vertex -58.4888 -41.9077 4.025
    endloop
  endfacet
  facet normal -0.195074 -0.980789 0
    outer loop
      vertex -58.7422 -38.0419 4.025
      vertex -58.4888 -38.0923 8.9
      vertex -58.7422 -38.0419 8.9
    endloop
  endfacet
  facet normal -0.195074 -0.980789 -0
    outer loop
      vertex -58.4888 -38.0923 8.9
      vertex -58.7422 -38.0419 4.025
      vertex -58.4888 -38.0923 4.025
    endloop
  endfacet
  facet normal -0.751665 -0.659545 0
    outer loop
      vertex -57.4331 -38.7977 4.025
      vertex -57.6035 -38.6035 8.9
      vertex -57.6035 -38.6035 4.025
    endloop
  endfacet
  facet normal -0.751665 -0.659545 0
    outer loop
      vertex -57.6035 -38.6035 8.9
      vertex -57.4331 -38.7977 4.025
      vertex -57.4331 -38.7977 8.9
    endloop
  endfacet
  facet normal 0.997858 -0.0654143 0
    outer loop
      vertex -60.975 -40 8.9
      vertex -60.9581 -39.7422 4.025
      vertex -60.9581 -39.7422 8.9
    endloop
  endfacet
  facet normal 0.997858 -0.0654143 0
    outer loop
      vertex -60.9581 -39.7422 4.025
      vertex -60.975 -40 8.9
      vertex -60.975 -40 4.025
    endloop
  endfacet
  facet normal -0.555504 0.831514 0
    outer loop
      vertex -57.7977 -41.5669 4.025
      vertex -58.0125 -41.7104 8.9
      vertex -57.7977 -41.5669 8.9
    endloop
  endfacet
  facet normal -0.555504 0.831514 0
    outer loop
      vertex -58.0125 -41.7104 8.9
      vertex -57.7977 -41.5669 4.025
      vertex -58.0125 -41.7104 4.025
    endloop
  endfacet
  facet normal 0.321334 0.946966 -0
    outer loop
      vertex -59.5112 -41.9077 4.025
      vertex -59.7558 -41.8247 8.9
      vertex -59.5112 -41.9077 8.9
    endloop
  endfacet
  facet normal 0.321334 0.946966 0
    outer loop
      vertex -59.7558 -41.8247 8.9
      vertex -59.5112 -41.9077 4.025
      vertex -59.7558 -41.8247 4.025
    endloop
  endfacet
  facet normal -0.751665 0.659545 0
    outer loop
      vertex -57.6035 -41.3965 4.025
      vertex -57.4331 -41.2023 8.9
      vertex -57.4331 -41.2023 4.025
    endloop
  endfacet
  facet normal -0.751665 0.659545 0
    outer loop
      vertex -57.4331 -41.2023 8.9
      vertex -57.6035 -41.3965 4.025
      vertex -57.6035 -41.3965 8.9
    endloop
  endfacet
  facet normal 0.997858 0.0654143 0
    outer loop
      vertex -60.9581 -40.2578 8.9
      vertex -60.975 -40 4.025
      vertex -60.975 -40 8.9
    endloop
  endfacet
  facet normal 0.997858 0.0654143 0
    outer loop
      vertex -60.975 -40 4.025
      vertex -60.9581 -40.2578 8.9
      vertex -60.9581 -40.2578 4.025
    endloop
  endfacet
  facet normal 0.831514 0.555504 0
    outer loop
      vertex -60.5669 -41.2023 8.9
      vertex -60.7104 -40.9875 4.025
      vertex -60.7104 -40.9875 8.9
    endloop
  endfacet
  facet normal 0.831514 0.555504 0
    outer loop
      vertex -60.7104 -40.9875 4.025
      vertex -60.5669 -41.2023 8.9
      vertex -60.5669 -41.2023 4.025
    endloop
  endfacet
  facet normal 0.442408 0.896814 -0
    outer loop
      vertex -59.7558 -41.8247 4.025
      vertex -59.9875 -41.7104 8.9
      vertex -59.7558 -41.8247 8.9
    endloop
  endfacet
  facet normal 0.442408 0.896814 0
    outer loop
      vertex -59.9875 -41.7104 8.9
      vertex -59.7558 -41.8247 4.025
      vertex -59.9875 -41.7104 4.025
    endloop
  endfacet
  facet normal 0.751665 -0.659545 0
    outer loop
      vertex -60.5669 -38.7977 8.9
      vertex -60.3965 -38.6035 4.025
      vertex -60.3965 -38.6035 8.9
    endloop
  endfacet
  facet normal 0.751665 -0.659545 0
    outer loop
      vertex -60.3965 -38.6035 4.025
      vertex -60.5669 -38.7977 8.9
      vertex -60.5669 -38.7977 4.025
    endloop
  endfacet
  facet normal -0.980802 -0.195007 0
    outer loop
      vertex -55.9761 -39.6019 8.9
      vertex -56.0539 -39.2106 9.5
      vertex -56.0539 -39.2106 8.9
    endloop
  endfacet
  facet normal -0.980802 -0.195007 0
    outer loop
      vertex -56.0539 -39.2106 9.5
      vertex -55.9761 -39.6019 8.9
      vertex -55.9761 -39.6019 9.5
    endloop
  endfacet
  facet normal -0.997858 -0.065421 0
    outer loop
      vertex -55.95 -40 8.9
      vertex -55.9761 -39.6019 9.5
      vertex -55.9761 -39.6019 8.9
    endloop
  endfacet
  facet normal -0.997858 -0.065421 0
    outer loop
      vertex -55.9761 -39.6019 9.5
      vertex -55.95 -40 8.9
      vertex -55.95 -40 9.5
    endloop
  endfacet
  facet normal 0.442193 -0.89692 0
    outer loop
      vertex -60.525 -37.3586 8.9
      vertex -60.1672 -37.1822 9.5
      vertex -60.525 -37.3586 9.5
    endloop
  endfacet
  facet normal 0.442193 -0.89692 0
    outer loop
      vertex -60.1672 -37.1822 9.5
      vertex -60.525 -37.3586 8.9
      vertex -60.1672 -37.1822 8.9
    endloop
  endfacet
  facet normal -0.659214 -0.751955 0
    outer loop
      vertex -57.1433 -37.5803 8.9
      vertex -56.8433 -37.8433 9.5
      vertex -57.1433 -37.5803 9.5
    endloop
  endfacet
  facet normal -0.659214 -0.751955 -0
    outer loop
      vertex -56.8433 -37.8433 9.5
      vertex -57.1433 -37.5803 8.9
      vertex -56.8433 -37.8433 8.9
    endloop
  endfacet
  facet normal 0.065421 -0.997858 0
    outer loop
      vertex -59.3981 -36.9761 8.9
      vertex -59 -36.95 9.5
      vertex -59.3981 -36.9761 9.5
    endloop
  endfacet
  facet normal 0.065421 -0.997858 0
    outer loop
      vertex -59 -36.95 9.5
      vertex -59.3981 -36.9761 8.9
      vertex -59 -36.95 8.9
    endloop
  endfacet
  facet normal -0.442193 0.89692 0
    outer loop
      vertex -57.475 -42.6414 8.9
      vertex -57.8328 -42.8178 9.5
      vertex -57.475 -42.6414 9.5
    endloop
  endfacet
  facet normal -0.442193 0.89692 0
    outer loop
      vertex -57.8328 -42.8178 9.5
      vertex -57.475 -42.6414 8.9
      vertex -57.8328 -42.8178 8.9
    endloop
  endfacet
  facet normal 0.980802 -0.195007 0
    outer loop
      vertex -62.0239 -39.6019 9.5
      vertex -61.9461 -39.2106 8.9
      vertex -61.9461 -39.2106 9.5
    endloop
  endfacet
  facet normal 0.980802 -0.195007 0
    outer loop
      vertex -61.9461 -39.2106 8.9
      vertex -62.0239 -39.6019 9.5
      vertex -62.0239 -39.6019 8.9
    endloop
  endfacet
  facet normal -0.195007 0.980802 0
    outer loop
      vertex -58.2106 -42.9461 8.9
      vertex -58.6019 -43.0239 9.5
      vertex -58.2106 -42.9461 9.5
    endloop
  endfacet
  facet normal -0.195007 0.980802 0
    outer loop
      vertex -58.6019 -43.0239 9.5
      vertex -58.2106 -42.9461 8.9
      vertex -58.6019 -43.0239 8.9
    endloop
  endfacet
  facet normal 0.065421 0.997858 -0
    outer loop
      vertex -59 -43.05 8.9
      vertex -59.3981 -43.0239 9.5
      vertex -59 -43.05 9.5
    endloop
  endfacet
  facet normal 0.065421 0.997858 0
    outer loop
      vertex -59.3981 -43.0239 9.5
      vertex -59 -43.05 8.9
      vertex -59.3981 -43.0239 8.9
    endloop
  endfacet
  facet normal 0.555683 0.831394 -0
    outer loop
      vertex -60.525 -42.6414 8.9
      vertex -60.8567 -42.4197 9.5
      vertex -60.525 -42.6414 9.5
    endloop
  endfacet
  facet normal 0.555683 0.831394 0
    outer loop
      vertex -60.8567 -42.4197 9.5
      vertex -60.525 -42.6414 8.9
      vertex -60.8567 -42.4197 8.9
    endloop
  endfacet
  facet normal -0.997858 0.065421 0
    outer loop
      vertex -55.9761 -40.3981 8.9
      vertex -55.95 -40 9.5
      vertex -55.95 -40 8.9
    endloop
  endfacet
  facet normal -0.997858 0.065421 0
    outer loop
      vertex -55.95 -40 9.5
      vertex -55.9761 -40.3981 8.9
      vertex -55.9761 -40.3981 9.5
    endloop
  endfacet
  facet normal 0.997858 -0.065421 0
    outer loop
      vertex -62.05 -40 9.5
      vertex -62.0239 -39.6019 8.9
      vertex -62.0239 -39.6019 9.5
    endloop
  endfacet
  facet normal 0.997858 -0.065421 0
    outer loop
      vertex -62.0239 -39.6019 8.9
      vertex -62.05 -40 9.5
      vertex -62.05 -40 8.9
    endloop
  endfacet
  facet normal -0.831394 -0.555683 0
    outer loop
      vertex -56.3586 -38.475 8.9
      vertex -56.5803 -38.1433 9.5
      vertex -56.5803 -38.1433 8.9
    endloop
  endfacet
  facet normal -0.831394 -0.555683 0
    outer loop
      vertex -56.5803 -38.1433 9.5
      vertex -56.3586 -38.475 8.9
      vertex -56.3586 -38.475 9.5
    endloop
  endfacet
  facet normal -0.89692 -0.442193 0
    outer loop
      vertex -56.1822 -38.8328 8.9
      vertex -56.3586 -38.475 9.5
      vertex -56.3586 -38.475 8.9
    endloop
  endfacet
  facet normal -0.89692 -0.442193 0
    outer loop
      vertex -56.3586 -38.475 9.5
      vertex -56.1822 -38.8328 8.9
      vertex -56.1822 -38.8328 9.5
    endloop
  endfacet
  facet normal 0.946889 0.321561 0
    outer loop
      vertex -61.8178 -41.1672 9.5
      vertex -61.9461 -40.7894 8.9
      vertex -61.9461 -40.7894 9.5
    endloop
  endfacet
  facet normal 0.946889 0.321561 0
    outer loop
      vertex -61.9461 -40.7894 8.9
      vertex -61.8178 -41.1672 9.5
      vertex -61.8178 -41.1672 8.9
    endloop
  endfacet
  facet normal -0.751955 0.659214 0
    outer loop
      vertex -56.8433 -42.1567 8.9
      vertex -56.5803 -41.8567 9.5
      vertex -56.5803 -41.8567 8.9
    endloop
  endfacet
  facet normal -0.751955 0.659214 0
    outer loop
      vertex -56.5803 -41.8567 9.5
      vertex -56.8433 -42.1567 8.9
      vertex -56.8433 -42.1567 9.5
    endloop
  endfacet
  facet normal -0.980802 0.195007 0
    outer loop
      vertex -56.0539 -40.7894 8.9
      vertex -55.9761 -40.3981 9.5
      vertex -55.9761 -40.3981 8.9
    endloop
  endfacet
  facet normal -0.980802 0.195007 0
    outer loop
      vertex -55.9761 -40.3981 9.5
      vertex -56.0539 -40.7894 8.9
      vertex -56.0539 -40.7894 9.5
    endloop
  endfacet
  facet normal 0.89692 0.442193 0
    outer loop
      vertex -61.6414 -41.525 9.5
      vertex -61.8178 -41.1672 8.9
      vertex -61.8178 -41.1672 9.5
    endloop
  endfacet
  facet normal 0.89692 0.442193 0
    outer loop
      vertex -61.8178 -41.1672 8.9
      vertex -61.6414 -41.525 9.5
      vertex -61.6414 -41.525 8.9
    endloop
  endfacet
  facet normal 0.321561 -0.946889 0
    outer loop
      vertex -60.1672 -37.1822 8.9
      vertex -59.7894 -37.0539 9.5
      vertex -60.1672 -37.1822 9.5
    endloop
  endfacet
  facet normal 0.321561 -0.946889 0
    outer loop
      vertex -59.7894 -37.0539 9.5
      vertex -60.1672 -37.1822 8.9
      vertex -59.7894 -37.0539 8.9
    endloop
  endfacet
  facet normal 0.659214 -0.751955 0
    outer loop
      vertex -61.1567 -37.8433 8.9
      vertex -60.8567 -37.5803 9.5
      vertex -61.1567 -37.8433 9.5
    endloop
  endfacet
  facet normal 0.659214 -0.751955 0
    outer loop
      vertex -60.8567 -37.5803 9.5
      vertex -61.1567 -37.8433 8.9
      vertex -60.8567 -37.5803 8.9
    endloop
  endfacet
  facet normal 0.555683 -0.831394 0
    outer loop
      vertex -60.8567 -37.5803 8.9
      vertex -60.525 -37.3586 9.5
      vertex -60.8567 -37.5803 9.5
    endloop
  endfacet
  facet normal 0.555683 -0.831394 0
    outer loop
      vertex -60.525 -37.3586 9.5
      vertex -60.8567 -37.5803 8.9
      vertex -60.525 -37.3586 8.9
    endloop
  endfacet
  facet normal -0.065421 -0.997858 0
    outer loop
      vertex -59 -36.95 8.9
      vertex -58.6019 -36.9761 9.5
      vertex -59 -36.95 9.5
    endloop
  endfacet
  facet normal -0.065421 -0.997858 -0
    outer loop
      vertex -58.6019 -36.9761 9.5
      vertex -59 -36.95 8.9
      vertex -58.6019 -36.9761 8.9
    endloop
  endfacet
  facet normal 0.751955 0.659214 0
    outer loop
      vertex -61.1567 -42.1567 9.5
      vertex -61.4197 -41.8567 8.9
      vertex -61.4197 -41.8567 9.5
    endloop
  endfacet
  facet normal 0.751955 0.659214 0
    outer loop
      vertex -61.4197 -41.8567 8.9
      vertex -61.1567 -42.1567 9.5
      vertex -61.1567 -42.1567 8.9
    endloop
  endfacet
  facet normal -0.659214 0.751955 0
    outer loop
      vertex -56.8433 -42.1567 8.9
      vertex -57.1433 -42.4197 9.5
      vertex -56.8433 -42.1567 9.5
    endloop
  endfacet
  facet normal -0.659214 0.751955 0
    outer loop
      vertex -57.1433 -42.4197 9.5
      vertex -56.8433 -42.1567 8.9
      vertex -57.1433 -42.4197 8.9
    endloop
  endfacet
  facet normal -0.065421 0.997858 0
    outer loop
      vertex -58.6019 -43.0239 8.9
      vertex -59 -43.05 9.5
      vertex -58.6019 -43.0239 9.5
    endloop
  endfacet
  facet normal -0.065421 0.997858 0
    outer loop
      vertex -59 -43.05 9.5
      vertex -58.6019 -43.0239 8.9
      vertex -59 -43.05 8.9
    endloop
  endfacet
  facet normal -0.555683 -0.831394 0
    outer loop
      vertex -57.475 -37.3586 8.9
      vertex -57.1433 -37.5803 9.5
      vertex -57.475 -37.3586 9.5
    endloop
  endfacet
  facet normal -0.555683 -0.831394 -0
    outer loop
      vertex -57.1433 -37.5803 9.5
      vertex -57.475 -37.3586 8.9
      vertex -57.1433 -37.5803 8.9
    endloop
  endfacet
  facet normal 0.442193 0.89692 -0
    outer loop
      vertex -60.1672 -42.8178 8.9
      vertex -60.525 -42.6414 9.5
      vertex -60.1672 -42.8178 9.5
    endloop
  endfacet
  facet normal 0.442193 0.89692 0
    outer loop
      vertex -60.525 -42.6414 9.5
      vertex -60.1672 -42.8178 8.9
      vertex -60.525 -42.6414 8.9
    endloop
  endfacet
  facet normal -0.555683 0.831394 0
    outer loop
      vertex -57.1433 -42.4197 8.9
      vertex -57.475 -42.6414 9.5
      vertex -57.1433 -42.4197 9.5
    endloop
  endfacet
  facet normal -0.555683 0.831394 0
    outer loop
      vertex -57.475 -42.6414 9.5
      vertex -57.1433 -42.4197 8.9
      vertex -57.475 -42.6414 8.9
    endloop
  endfacet
  facet normal -0.321561 0.946889 0
    outer loop
      vertex -57.8328 -42.8178 8.9
      vertex -58.2106 -42.9461 9.5
      vertex -57.8328 -42.8178 9.5
    endloop
  endfacet
  facet normal -0.321561 0.946889 0
    outer loop
      vertex -58.2106 -42.9461 9.5
      vertex -57.8328 -42.8178 8.9
      vertex -58.2106 -42.9461 8.9
    endloop
  endfacet
  facet normal 0.195007 -0.980802 0
    outer loop
      vertex -59.7894 -37.0539 8.9
      vertex -59.3981 -36.9761 9.5
      vertex -59.7894 -37.0539 9.5
    endloop
  endfacet
  facet normal 0.195007 -0.980802 0
    outer loop
      vertex -59.3981 -36.9761 9.5
      vertex -59.7894 -37.0539 8.9
      vertex -59.3981 -36.9761 8.9
    endloop
  endfacet
  facet normal -0.442193 -0.89692 0
    outer loop
      vertex -57.8328 -37.1822 8.9
      vertex -57.475 -37.3586 9.5
      vertex -57.8328 -37.1822 9.5
    endloop
  endfacet
  facet normal -0.442193 -0.89692 -0
    outer loop
      vertex -57.475 -37.3586 9.5
      vertex -57.8328 -37.1822 8.9
      vertex -57.475 -37.3586 8.9
    endloop
  endfacet
  facet normal 0.980802 0.195007 0
    outer loop
      vertex -61.9461 -40.7894 9.5
      vertex -62.0239 -40.3981 8.9
      vertex -62.0239 -40.3981 9.5
    endloop
  endfacet
  facet normal 0.980802 0.195007 0
    outer loop
      vertex -62.0239 -40.3981 8.9
      vertex -61.9461 -40.7894 9.5
      vertex -61.9461 -40.7894 8.9
    endloop
  endfacet
  facet normal -0.321561 -0.946889 0
    outer loop
      vertex -58.2106 -37.0539 8.9
      vertex -57.8328 -37.1822 9.5
      vertex -58.2106 -37.0539 9.5
    endloop
  endfacet
  facet normal -0.321561 -0.946889 -0
    outer loop
      vertex -57.8328 -37.1822 9.5
      vertex -58.2106 -37.0539 8.9
      vertex -57.8328 -37.1822 8.9
    endloop
  endfacet
  facet normal 0.89692 -0.442193 0
    outer loop
      vertex -61.8178 -38.8328 9.5
      vertex -61.6414 -38.475 8.9
      vertex -61.6414 -38.475 9.5
    endloop
  endfacet
  facet normal 0.89692 -0.442193 0
    outer loop
      vertex -61.6414 -38.475 8.9
      vertex -61.8178 -38.8328 9.5
      vertex -61.8178 -38.8328 8.9
    endloop
  endfacet
  facet normal 0.831394 -0.555683 0
    outer loop
      vertex -61.6414 -38.475 9.5
      vertex -61.4197 -38.1433 8.9
      vertex -61.4197 -38.1433 9.5
    endloop
  endfacet
  facet normal 0.831394 -0.555683 0
    outer loop
      vertex -61.4197 -38.1433 8.9
      vertex -61.6414 -38.475 9.5
      vertex -61.6414 -38.475 8.9
    endloop
  endfacet
  facet normal -0.831394 0.555683 0
    outer loop
      vertex -56.5803 -41.8567 8.9
      vertex -56.3586 -41.525 9.5
      vertex -56.3586 -41.525 8.9
    endloop
  endfacet
  facet normal -0.831394 0.555683 0
    outer loop
      vertex -56.3586 -41.525 9.5
      vertex -56.5803 -41.8567 8.9
      vertex -56.5803 -41.8567 9.5
    endloop
  endfacet
  facet normal -0.946889 0.321561 0
    outer loop
      vertex -56.1822 -41.1672 8.9
      vertex -56.0539 -40.7894 9.5
      vertex -56.0539 -40.7894 8.9
    endloop
  endfacet
  facet normal -0.946889 0.321561 0
    outer loop
      vertex -56.0539 -40.7894 9.5
      vertex -56.1822 -41.1672 8.9
      vertex -56.1822 -41.1672 9.5
    endloop
  endfacet
  facet normal -0.195007 -0.980802 0
    outer loop
      vertex -58.6019 -36.9761 8.9
      vertex -58.2106 -37.0539 9.5
      vertex -58.6019 -36.9761 9.5
    endloop
  endfacet
  facet normal -0.195007 -0.980802 -0
    outer loop
      vertex -58.2106 -37.0539 9.5
      vertex -58.6019 -36.9761 8.9
      vertex -58.2106 -37.0539 8.9
    endloop
  endfacet
  facet normal 0.997858 0.065421 0
    outer loop
      vertex -62.0239 -40.3981 9.5
      vertex -62.05 -40 8.9
      vertex -62.05 -40 9.5
    endloop
  endfacet
  facet normal 0.997858 0.065421 0
    outer loop
      vertex -62.05 -40 8.9
      vertex -62.0239 -40.3981 9.5
      vertex -62.0239 -40.3981 8.9
    endloop
  endfacet
  facet normal 0.195007 0.980802 -0
    outer loop
      vertex -59.3981 -43.0239 8.9
      vertex -59.7894 -42.9461 9.5
      vertex -59.3981 -43.0239 9.5
    endloop
  endfacet
  facet normal 0.195007 0.980802 0
    outer loop
      vertex -59.7894 -42.9461 9.5
      vertex -59.3981 -43.0239 8.9
      vertex -59.7894 -42.9461 8.9
    endloop
  endfacet
  facet normal -0.751955 -0.659214 0
    outer loop
      vertex -56.5803 -38.1433 8.9
      vertex -56.8433 -37.8433 9.5
      vertex -56.8433 -37.8433 8.9
    endloop
  endfacet
  facet normal -0.751955 -0.659214 0
    outer loop
      vertex -56.8433 -37.8433 9.5
      vertex -56.5803 -38.1433 8.9
      vertex -56.5803 -38.1433 9.5
    endloop
  endfacet
  facet normal -0.946889 -0.321561 0
    outer loop
      vertex -56.0539 -39.2106 8.9
      vertex -56.1822 -38.8328 9.5
      vertex -56.1822 -38.8328 8.9
    endloop
  endfacet
  facet normal -0.946889 -0.321561 0
    outer loop
      vertex -56.1822 -38.8328 9.5
      vertex -56.0539 -39.2106 8.9
      vertex -56.0539 -39.2106 9.5
    endloop
  endfacet
  facet normal 0 0 1
    outer loop
      vertex -57.025 -40 8.9
      vertex -55.95 -40 8.9
      vertex -55.9761 -39.6019 8.9
    endloop
  endfacet
  facet normal 0 0 1
    outer loop
      vertex -57.0419 -39.7422 8.9
      vertex -55.9761 -39.6019 8.9
      vertex -56.0539 -39.2106 8.9
    endloop
  endfacet
  facet normal 0 0 1
    outer loop
      vertex -55.95 -40 8.9
      vertex -57.025 -40 8.9
      vertex -55.9761 -40.3981 8.9
    endloop
  endfacet
  facet normal 0 0 1
    outer loop
      vertex -57.0923 -39.4888 8.9
      vertex -56.0539 -39.2106 8.9
      vertex -56.1822 -38.8328 8.9
    endloop
  endfacet
  facet normal -0 0 1
    outer loop
      vertex -57.0419 -40.2578 8.9
      vertex -55.9761 -40.3981 8.9
      vertex -57.025 -40 8.9
    endloop
  endfacet
  facet normal 0 0 1
    outer loop
      vertex -57.1753 -39.2442 8.9
      vertex -56.1822 -38.8328 8.9
      vertex -56.3586 -38.475 8.9
    endloop
  endfacet
  facet normal 0 0 1
    outer loop
      vertex -55.9761 -40.3981 8.9
      vertex -57.0419 -40.2578 8.9
      vertex -56.0539 -40.7894 8.9
    endloop
  endfacet
  facet normal 0 0 1
    outer loop
      vertex -57.2896 -39.0125 8.9
      vertex -56.3586 -38.475 8.9
      vertex -56.5803 -38.1433 8.9
    endloop
  endfacet
  facet normal -0 0 1
    outer loop
      vertex -57.0923 -40.5112 8.9
      vertex -56.0539 -40.7894 8.9
      vertex -57.0419 -40.2578 8.9
    endloop
  endfacet
  facet normal 0 0 1
    outer loop
      vertex -57.4331 -38.7977 8.9
      vertex -56.5803 -38.1433 8.9
      vertex -56.8433 -37.8433 8.9
    endloop
  endfacet
  facet normal 0 0 1
    outer loop
      vertex -56.0539 -40.7894 8.9
      vertex -57.0923 -40.5112 8.9
      vertex -56.1822 -41.1672 8.9
    endloop
  endfacet
  facet normal -0 0 1
    outer loop
      vertex -57.1753 -40.7558 8.9
      vertex -56.1822 -41.1672 8.9
      vertex -57.0923 -40.5112 8.9
    endloop
  endfacet
  facet normal 0 0 1
    outer loop
      vertex -55.9761 -39.6019 8.9
      vertex -57.0419 -39.7422 8.9
      vertex -57.025 -40 8.9
    endloop
  endfacet
  facet normal 0 0 1
    outer loop
      vertex -56.0539 -39.2106 8.9
      vertex -57.0923 -39.4888 8.9
      vertex -57.0419 -39.7422 8.9
    endloop
  endfacet
  facet normal 0 0 1
    outer loop
      vertex -57.6035 -38.6035 8.9
      vertex -56.8433 -37.8433 8.9
      vertex -57.1433 -37.5803 8.9
    endloop
  endfacet
  facet normal 0 0 1
    outer loop
      vertex -56.1822 -38.8328 8.9
      vertex -57.1753 -39.2442 8.9
      vertex -57.0923 -39.4888 8.9
    endloop
  endfacet
  facet normal 0 0 1
    outer loop
      vertex -56.3586 -38.475 8.9
      vertex -57.2896 -39.0125 8.9
      vertex -57.1753 -39.2442 8.9
    endloop
  endfacet
  facet normal 0 0 1
    outer loop
      vertex -56.5803 -38.1433 8.9
      vertex -57.4331 -38.7977 8.9
      vertex -57.2896 -39.0125 8.9
    endloop
  endfacet
  facet normal 0 0 1
    outer loop
      vertex -57.7977 -38.4331 8.9
      vertex -57.1433 -37.5803 8.9
      vertex -57.475 -37.3586 8.9
    endloop
  endfacet
  facet normal 0 0 1
    outer loop
      vertex -56.8433 -37.8433 8.9
      vertex -57.6035 -38.6035 8.9
      vertex -57.4331 -38.7977 8.9
    endloop
  endfacet
  facet normal 0 0 1
    outer loop
      vertex -57.1433 -37.5803 8.9
      vertex -57.7977 -38.4331 8.9
      vertex -57.6035 -38.6035 8.9
    endloop
  endfacet
  facet normal 0 0 1
    outer loop
      vertex -58.0125 -38.2896 8.9
      vertex -57.475 -37.3586 8.9
      vertex -57.8328 -37.1822 8.9
    endloop
  endfacet
  facet normal 0 0 1
    outer loop
      vertex -57.475 -37.3586 8.9
      vertex -58.0125 -38.2896 8.9
      vertex -57.7977 -38.4331 8.9
    endloop
  endfacet
  facet normal 0 0 1
    outer loop
      vertex -58.2442 -38.1753 8.9
      vertex -57.8328 -37.1822 8.9
      vertex -58.2106 -37.0539 8.9
    endloop
  endfacet
  facet normal 0 0 1
    outer loop
      vertex -57.8328 -37.1822 8.9
      vertex -58.2442 -38.1753 8.9
      vertex -58.0125 -38.2896 8.9
    endloop
  endfacet
  facet normal 0 0 1
    outer loop
      vertex -58.2106 -37.0539 8.9
      vertex -58.4888 -38.0923 8.9
      vertex -58.2442 -38.1753 8.9
    endloop
  endfacet
  facet normal 0 0 1
    outer loop
      vertex -58.6019 -36.9761 8.9
      vertex -58.4888 -38.0923 8.9
      vertex -58.2106 -37.0539 8.9
    endloop
  endfacet
  facet normal 0 0 1
    outer loop
      vertex -58.6019 -36.9761 8.9
      vertex -58.7422 -38.0419 8.9
      vertex -58.4888 -38.0923 8.9
    endloop
  endfacet
  facet normal 0 0 1
    outer loop
      vertex -59 -36.95 8.9
      vertex -58.7422 -38.0419 8.9
      vertex -58.6019 -36.9761 8.9
    endloop
  endfacet
  facet normal 0 0 1
    outer loop
      vertex -59 -36.95 8.9
      vertex -59 -38.025 8.9
      vertex -58.7422 -38.0419 8.9
    endloop
  endfacet
  facet normal 0 0 1
    outer loop
      vertex -59 -36.95 8.9
      vertex -59.2578 -38.0419 8.9
      vertex -59 -38.025 8.9
    endloop
  endfacet
  facet normal -0 0 1
    outer loop
      vertex -59.3981 -36.9761 8.9
      vertex -59.2578 -38.0419 8.9
      vertex -59 -36.95 8.9
    endloop
  endfacet
  facet normal 0 0 1
    outer loop
      vertex -59.3981 -36.9761 8.9
      vertex -59.5112 -38.0923 8.9
      vertex -59.2578 -38.0419 8.9
    endloop
  endfacet
  facet normal -0 0 1
    outer loop
      vertex -59.7894 -37.0539 8.9
      vertex -59.5112 -38.0923 8.9
      vertex -59.3981 -36.9761 8.9
    endloop
  endfacet
  facet normal 0 0 1
    outer loop
      vertex -59.5112 -38.0923 8.9
      vertex -59.7894 -37.0539 8.9
      vertex -59.7558 -38.1753 8.9
    endloop
  endfacet
  facet normal -0 0 1
    outer loop
      vertex -60.1672 -37.1822 8.9
      vertex -59.7558 -38.1753 8.9
      vertex -59.7894 -37.0539 8.9
    endloop
  endfacet
  facet normal 0 0 1
    outer loop
      vertex -59.7558 -38.1753 8.9
      vertex -60.1672 -37.1822 8.9
      vertex -59.9875 -38.2896 8.9
    endloop
  endfacet
  facet normal -0 0 1
    outer loop
      vertex -60.525 -37.3586 8.9
      vertex -59.9875 -38.2896 8.9
      vertex -60.1672 -37.1822 8.9
    endloop
  endfacet
  facet normal 0 0 1
    outer loop
      vertex -59.9875 -38.2896 8.9
      vertex -60.525 -37.3586 8.9
      vertex -60.2023 -38.4331 8.9
    endloop
  endfacet
  facet normal -0 0 1
    outer loop
      vertex -60.8567 -37.5803 8.9
      vertex -60.2023 -38.4331 8.9
      vertex -60.525 -37.3586 8.9
    endloop
  endfacet
  facet normal 0 0 1
    outer loop
      vertex -60.2023 -38.4331 8.9
      vertex -60.8567 -37.5803 8.9
      vertex -60.3965 -38.6035 8.9
    endloop
  endfacet
  facet normal -0 0 1
    outer loop
      vertex -61.1567 -37.8433 8.9
      vertex -60.3965 -38.6035 8.9
      vertex -60.8567 -37.5803 8.9
    endloop
  endfacet
  facet normal 0 0 1
    outer loop
      vertex -60.3965 -38.6035 8.9
      vertex -61.1567 -37.8433 8.9
      vertex -60.5669 -38.7977 8.9
    endloop
  endfacet
  facet normal -0 0 1
    outer loop
      vertex -61.4197 -38.1433 8.9
      vertex -60.5669 -38.7977 8.9
      vertex -61.1567 -37.8433 8.9
    endloop
  endfacet
  facet normal 0 0 1
    outer loop
      vertex -60.5669 -38.7977 8.9
      vertex -61.4197 -38.1433 8.9
      vertex -60.7104 -39.0125 8.9
    endloop
  endfacet
  facet normal -0 0 1
    outer loop
      vertex -61.6414 -38.475 8.9
      vertex -60.7104 -39.0125 8.9
      vertex -61.4197 -38.1433 8.9
    endloop
  endfacet
  facet normal 0 0 1
    outer loop
      vertex -60.7104 -39.0125 8.9
      vertex -61.6414 -38.475 8.9
      vertex -60.8247 -39.2442 8.9
    endloop
  endfacet
  facet normal -0 0 1
    outer loop
      vertex -61.8178 -38.8328 8.9
      vertex -60.8247 -39.2442 8.9
      vertex -61.6414 -38.475 8.9
    endloop
  endfacet
  facet normal 0 0 1
    outer loop
      vertex -56.1822 -41.1672 8.9
      vertex -57.1753 -40.7558 8.9
      vertex -56.3586 -41.525 8.9
    endloop
  endfacet
  facet normal -0 0 1
    outer loop
      vertex -57.2896 -40.9875 8.9
      vertex -56.3586 -41.525 8.9
      vertex -57.1753 -40.7558 8.9
    endloop
  endfacet
  facet normal 0 0 1
    outer loop
      vertex -56.3586 -41.525 8.9
      vertex -57.2896 -40.9875 8.9
      vertex -56.5803 -41.8567 8.9
    endloop
  endfacet
  facet normal -0 0 1
    outer loop
      vertex -57.4331 -41.2023 8.9
      vertex -56.5803 -41.8567 8.9
      vertex -57.2896 -40.9875 8.9
    endloop
  endfacet
  facet normal 0 0 1
    outer loop
      vertex -56.5803 -41.8567 8.9
      vertex -57.4331 -41.2023 8.9
      vertex -56.8433 -42.1567 8.9
    endloop
  endfacet
  facet normal -0 0 1
    outer loop
      vertex -57.6035 -41.3965 8.9
      vertex -56.8433 -42.1567 8.9
      vertex -57.4331 -41.2023 8.9
    endloop
  endfacet
  facet normal 0 0 1
    outer loop
      vertex -56.8433 -42.1567 8.9
      vertex -57.6035 -41.3965 8.9
      vertex -57.1433 -42.4197 8.9
    endloop
  endfacet
  facet normal -0 0 1
    outer loop
      vertex -57.7977 -41.5669 8.9
      vertex -57.1433 -42.4197 8.9
      vertex -57.6035 -41.3965 8.9
    endloop
  endfacet
  facet normal 0 0 1
    outer loop
      vertex -57.1433 -42.4197 8.9
      vertex -57.7977 -41.5669 8.9
      vertex -57.475 -42.6414 8.9
    endloop
  endfacet
  facet normal -0 0 1
    outer loop
      vertex -58.0125 -41.7104 8.9
      vertex -57.475 -42.6414 8.9
      vertex -57.7977 -41.5669 8.9
    endloop
  endfacet
  facet normal 0 0 1
    outer loop
      vertex -57.475 -42.6414 8.9
      vertex -58.0125 -41.7104 8.9
      vertex -57.8328 -42.8178 8.9
    endloop
  endfacet
  facet normal -0 0 1
    outer loop
      vertex -58.2442 -41.8247 8.9
      vertex -57.8328 -42.8178 8.9
      vertex -58.0125 -41.7104 8.9
    endloop
  endfacet
  facet normal 0 0 1
    outer loop
      vertex -57.8328 -42.8178 8.9
      vertex -58.2442 -41.8247 8.9
      vertex -58.2106 -42.9461 8.9
    endloop
  endfacet
  facet normal -0 0 1
    outer loop
      vertex -58.4888 -41.9077 8.9
      vertex -58.2106 -42.9461 8.9
      vertex -58.2442 -41.8247 8.9
    endloop
  endfacet
  facet normal 0 0 1
    outer loop
      vertex -58.4888 -41.9077 8.9
      vertex -58.6019 -43.0239 8.9
      vertex -58.2106 -42.9461 8.9
    endloop
  endfacet
  facet normal -0 0 1
    outer loop
      vertex -58.7422 -41.9581 8.9
      vertex -58.6019 -43.0239 8.9
      vertex -58.4888 -41.9077 8.9
    endloop
  endfacet
  facet normal -0 0 1
    outer loop
      vertex -59 -41.975 8.9
      vertex -58.6019 -43.0239 8.9
      vertex -58.7422 -41.9581 8.9
    endloop
  endfacet
  facet normal 0 0 1
    outer loop
      vertex -59 -41.975 8.9
      vertex -59 -43.05 8.9
      vertex -58.6019 -43.0239 8.9
    endloop
  endfacet
  facet normal 0 0 1
    outer loop
      vertex -59.2578 -41.9581 8.9
      vertex -59 -43.05 8.9
      vertex -59 -41.975 8.9
    endloop
  endfacet
  facet normal 0 0 1
    outer loop
      vertex -59.2578 -41.9581 8.9
      vertex -59.3981 -43.0239 8.9
      vertex -59 -43.05 8.9
    endloop
  endfacet
  facet normal 0 0 1
    outer loop
      vertex -59.5112 -41.9077 8.9
      vertex -59.3981 -43.0239 8.9
      vertex -59.2578 -41.9581 8.9
    endloop
  endfacet
  facet normal 0 0 1
    outer loop
      vertex -59.7894 -42.9461 8.9
      vertex -59.5112 -41.9077 8.9
      vertex -59.7558 -41.8247 8.9
    endloop
  endfacet
  facet normal 0 0 1
    outer loop
      vertex -59.5112 -41.9077 8.9
      vertex -59.7894 -42.9461 8.9
      vertex -59.3981 -43.0239 8.9
    endloop
  endfacet
  facet normal 0 0 1
    outer loop
      vertex -60.1672 -42.8178 8.9
      vertex -59.7558 -41.8247 8.9
      vertex -59.9875 -41.7104 8.9
    endloop
  endfacet
  facet normal 0 0 1
    outer loop
      vertex -59.7558 -41.8247 8.9
      vertex -60.1672 -42.8178 8.9
      vertex -59.7894 -42.9461 8.9
    endloop
  endfacet
  facet normal 0 0 1
    outer loop
      vertex -60.525 -42.6414 8.9
      vertex -59.9875 -41.7104 8.9
      vertex -60.2023 -41.5669 8.9
    endloop
  endfacet
  facet normal 0 0 1
    outer loop
      vertex -60.8567 -42.4197 8.9
      vertex -60.2023 -41.5669 8.9
      vertex -60.3965 -41.3965 8.9
    endloop
  endfacet
  facet normal 0 0 1
    outer loop
      vertex -59.9875 -41.7104 8.9
      vertex -60.525 -42.6414 8.9
      vertex -60.1672 -42.8178 8.9
    endloop
  endfacet
  facet normal 0 0 1
    outer loop
      vertex -61.1567 -42.1567 8.9
      vertex -60.3965 -41.3965 8.9
      vertex -60.5669 -41.2023 8.9
    endloop
  endfacet
  facet normal 0 0 1
    outer loop
      vertex -61.4197 -41.8567 8.9
      vertex -60.5669 -41.2023 8.9
      vertex -60.7104 -40.9875 8.9
    endloop
  endfacet
  facet normal 0 0 1
    outer loop
      vertex -61.6414 -41.525 8.9
      vertex -60.7104 -40.9875 8.9
      vertex -60.8247 -40.7558 8.9
    endloop
  endfacet
  facet normal 0 0 1
    outer loop
      vertex -60.2023 -41.5669 8.9
      vertex -60.8567 -42.4197 8.9
      vertex -60.525 -42.6414 8.9
    endloop
  endfacet
  facet normal 0 0 1
    outer loop
      vertex -61.8178 -41.1672 8.9
      vertex -60.8247 -40.7558 8.9
      vertex -60.9077 -40.5112 8.9
    endloop
  endfacet
  facet normal 0 0 1
    outer loop
      vertex -61.9461 -40.7894 8.9
      vertex -60.9077 -40.5112 8.9
      vertex -60.9581 -40.2578 8.9
    endloop
  endfacet
  facet normal 0 0 1
    outer loop
      vertex -62.0239 -40.3981 8.9
      vertex -60.9581 -40.2578 8.9
      vertex -60.975 -40 8.9
    endloop
  endfacet
  facet normal 0 0 1
    outer loop
      vertex -60.8247 -39.2442 8.9
      vertex -61.8178 -38.8328 8.9
      vertex -60.9077 -39.4888 8.9
    endloop
  endfacet
  facet normal 0 0 1
    outer loop
      vertex -60.3965 -41.3965 8.9
      vertex -61.1567 -42.1567 8.9
      vertex -60.8567 -42.4197 8.9
    endloop
  endfacet
  facet normal -0 0 1
    outer loop
      vertex -61.9461 -39.2106 8.9
      vertex -60.9077 -39.4888 8.9
      vertex -61.8178 -38.8328 8.9
    endloop
  endfacet
  facet normal 0 0 1
    outer loop
      vertex -60.5669 -41.2023 8.9
      vertex -61.4197 -41.8567 8.9
      vertex -61.1567 -42.1567 8.9
    endloop
  endfacet
  facet normal 0 0 1
    outer loop
      vertex -60.9077 -39.4888 8.9
      vertex -61.9461 -39.2106 8.9
      vertex -60.9581 -39.7422 8.9
    endloop
  endfacet
  facet normal 0 0 1
    outer loop
      vertex -60.7104 -40.9875 8.9
      vertex -61.6414 -41.525 8.9
      vertex -61.4197 -41.8567 8.9
    endloop
  endfacet
  facet normal -0 0 1
    outer loop
      vertex -62.0239 -39.6019 8.9
      vertex -60.9581 -39.7422 8.9
      vertex -61.9461 -39.2106 8.9
    endloop
  endfacet
  facet normal 0 0 1
    outer loop
      vertex -60.8247 -40.7558 8.9
      vertex -61.8178 -41.1672 8.9
      vertex -61.6414 -41.525 8.9
    endloop
  endfacet
  facet normal 0 0 1
    outer loop
      vertex -60.9581 -39.7422 8.9
      vertex -62.0239 -39.6019 8.9
      vertex -60.975 -40 8.9
    endloop
  endfacet
  facet normal 0 0 1
    outer loop
      vertex -60.9077 -40.5112 8.9
      vertex -61.9461 -40.7894 8.9
      vertex -61.8178 -41.1672 8.9
    endloop
  endfacet
  facet normal 0 0 1
    outer loop
      vertex -62.05 -40 8.9
      vertex -60.975 -40 8.9
      vertex -62.0239 -39.6019 8.9
    endloop
  endfacet
  facet normal 0 0 1
    outer loop
      vertex -60.9581 -40.2578 8.9
      vertex -62.0239 -40.3981 8.9
      vertex -61.9461 -40.7894 8.9
    endloop
  endfacet
  facet normal 0 0 1
    outer loop
      vertex -60.975 -40 8.9
      vertex -62.05 -40 8.9
      vertex -62.0239 -40.3981 8.9
    endloop
  endfacet
  facet normal 0.946889 -0.321561 0
    outer loop
      vertex -61.9461 -39.2106 9.5
      vertex -61.8178 -38.8328 8.9
      vertex -61.8178 -38.8328 9.5
    endloop
  endfacet
  facet normal 0.946889 -0.321561 0
    outer loop
      vertex -61.8178 -38.8328 8.9
      vertex -61.9461 -39.2106 9.5
      vertex -61.9461 -39.2106 8.9
    endloop
  endfacet
  facet normal 0.831394 0.555683 0
    outer loop
      vertex -61.4197 -41.8567 9.5
      vertex -61.6414 -41.525 8.9
      vertex -61.6414 -41.525 9.5
    endloop
  endfacet
  facet normal 0.831394 0.555683 0
    outer loop
      vertex -61.6414 -41.525 8.9
      vertex -61.4197 -41.8567 9.5
      vertex -61.4197 -41.8567 8.9
    endloop
  endfacet
  facet normal 0.321561 0.946889 -0
    outer loop
      vertex -59.7894 -42.9461 8.9
      vertex -60.1672 -42.8178 9.5
      vertex -59.7894 -42.9461 9.5
    endloop
  endfacet
  facet normal 0.321561 0.946889 0
    outer loop
      vertex -60.1672 -42.8178 9.5
      vertex -59.7894 -42.9461 8.9
      vertex -60.1672 -42.8178 8.9
    endloop
  endfacet
  facet normal -0.89692 0.442193 0
    outer loop
      vertex -56.3586 -41.525 8.9
      vertex -56.1822 -41.1672 9.5
      vertex -56.1822 -41.1672 8.9
    endloop
  endfacet
  facet normal -0.89692 0.442193 0
    outer loop
      vertex -56.1822 -41.1672 9.5
      vertex -56.3586 -41.525 8.9
      vertex -56.3586 -41.525 9.5
    endloop
  endfacet
  facet normal 0.659214 0.751955 -0
    outer loop
      vertex -60.8567 -42.4197 8.9
      vertex -61.1567 -42.1567 9.5
      vertex -60.8567 -42.4197 9.5
    endloop
  endfacet
  facet normal 0.659214 0.751955 0
    outer loop
      vertex -61.1567 -42.1567 9.5
      vertex -60.8567 -42.4197 8.9
      vertex -61.1567 -42.1567 8.9
    endloop
  endfacet
  facet normal 0.751955 -0.659214 0
    outer loop
      vertex -61.4197 -38.1433 9.5
      vertex -61.1567 -37.8433 8.9
      vertex -61.1567 -37.8433 9.5
    endloop
  endfacet
  facet normal 0.751955 -0.659214 0
    outer loop
      vertex -61.1567 -37.8433 8.9
      vertex -61.4197 -38.1433 9.5
      vertex -61.4197 -38.1433 8.9
    endloop
  endfacet
  facet normal 0.997858 -0.0654143 0
    outer loop
      vertex 19.025 42 8.9
      vertex 19.0419 42.2578 4.025
      vertex 19.0419 42.2578 8.9
    endloop
  endfacet
  facet normal 0.997858 -0.0654143 0
    outer loop
      vertex 19.0419 42.2578 4.025
      vertex 19.025 42 8.9
      vertex 19.025 42 4.025
    endloop
  endfacet
  facet normal -0.195074 0.980789 0
    outer loop
      vertex 21.5112 40.0923 4.025
      vertex 21.2578 40.0419 8.9
      vertex 21.5112 40.0923 8.9
    endloop
  endfacet
  facet normal -0.195074 0.980789 0
    outer loop
      vertex 21.2578 40.0419 8.9
      vertex 21.5112 40.0923 4.025
      vertex 21.2578 40.0419 4.025
    endloop
  endfacet
  facet normal -0.980789 -0.195074 0
    outer loop
      vertex 22.9581 42.2578 4.025
      vertex 22.9077 42.5112 8.9
      vertex 22.9077 42.5112 4.025
    endloop
  endfacet
  facet normal -0.980789 -0.195074 0
    outer loop
      vertex 22.9077 42.5112 8.9
      vertex 22.9581 42.2578 4.025
      vertex 22.9581 42.2578 8.9
    endloop
  endfacet
  facet normal -0.997858 -0.0654143 0
    outer loop
      vertex 22.975 42 4.025
      vertex 22.9581 42.2578 8.9
      vertex 22.9581 42.2578 4.025
    endloop
  endfacet
  facet normal -0.997858 -0.0654143 0
    outer loop
      vertex 22.9581 42.2578 8.9
      vertex 22.975 42 4.025
      vertex 22.975 42 8.9
    endloop
  endfacet
  facet normal -0.980789 0.195074 0
    outer loop
      vertex 22.9077 41.4888 4.025
      vertex 22.9581 41.7422 8.9
      vertex 22.9581 41.7422 4.025
    endloop
  endfacet
  facet normal -0.980789 0.195074 0
    outer loop
      vertex 22.9581 41.7422 8.9
      vertex 22.9077 41.4888 4.025
      vertex 22.9077 41.4888 8.9
    endloop
  endfacet
  facet normal 0.751665 -0.659545 0
    outer loop
      vertex 19.4331 43.2023 8.9
      vertex 19.6035 43.3965 4.025
      vertex 19.6035 43.3965 8.9
    endloop
  endfacet
  facet normal 0.751665 -0.659545 0
    outer loop
      vertex 19.6035 43.3965 4.025
      vertex 19.4331 43.2023 8.9
      vertex 19.4331 43.2023 4.025
    endloop
  endfacet
  facet normal -0.321334 -0.946966 0
    outer loop
      vertex 21.5112 43.9077 4.025
      vertex 21.7558 43.8247 8.9
      vertex 21.5112 43.9077 8.9
    endloop
  endfacet
  facet normal -0.321334 -0.946966 -0
    outer loop
      vertex 21.7558 43.8247 8.9
      vertex 21.5112 43.9077 4.025
      vertex 21.7558 43.8247 4.025
    endloop
  endfacet
  facet normal 0.321334 -0.946966 0
    outer loop
      vertex 20.2442 43.8247 4.025
      vertex 20.4888 43.9077 8.9
      vertex 20.2442 43.8247 8.9
    endloop
  endfacet
  facet normal 0.321334 -0.946966 0
    outer loop
      vertex 20.4888 43.9077 8.9
      vertex 20.2442 43.8247 4.025
      vertex 20.4888 43.9077 4.025
    endloop
  endfacet
  facet normal -0.0654143 0.997858 0
    outer loop
      vertex 21.2578 40.0419 4.025
      vertex 21 40.025 8.9
      vertex 21.2578 40.0419 8.9
    endloop
  endfacet
  facet normal -0.0654143 0.997858 0
    outer loop
      vertex 21 40.025 8.9
      vertex 21.2578 40.0419 4.025
      vertex 21 40.025 4.025
    endloop
  endfacet
  facet normal -0.659545 -0.751665 0
    outer loop
      vertex 22.2023 43.5669 4.025
      vertex 22.3965 43.3965 8.9
      vertex 22.2023 43.5669 8.9
    endloop
  endfacet
  facet normal -0.659545 -0.751665 -0
    outer loop
      vertex 22.3965 43.3965 8.9
      vertex 22.2023 43.5669 4.025
      vertex 22.3965 43.3965 4.025
    endloop
  endfacet
  facet normal 0.896814 -0.442408 0
    outer loop
      vertex 19.1753 42.7558 8.9
      vertex 19.2896 42.9875 4.025
      vertex 19.2896 42.9875 8.9
    endloop
  endfacet
  facet normal 0.896814 -0.442408 0
    outer loop
      vertex 19.2896 42.9875 4.025
      vertex 19.1753 42.7558 8.9
      vertex 19.1753 42.7558 4.025
    endloop
  endfacet
  facet normal -0.946966 0.321334 0
    outer loop
      vertex 22.8247 41.2442 4.025
      vertex 22.9077 41.4888 8.9
      vertex 22.9077 41.4888 4.025
    endloop
  endfacet
  facet normal -0.946966 0.321334 0
    outer loop
      vertex 22.9077 41.4888 8.9
      vertex 22.8247 41.2442 4.025
      vertex 22.8247 41.2442 8.9
    endloop
  endfacet
  facet normal 0.980789 0.195074 0
    outer loop
      vertex 19.0923 41.4888 8.9
      vertex 19.0419 41.7422 4.025
      vertex 19.0419 41.7422 8.9
    endloop
  endfacet
  facet normal 0.980789 0.195074 0
    outer loop
      vertex 19.0419 41.7422 4.025
      vertex 19.0923 41.4888 8.9
      vertex 19.0923 41.4888 4.025
    endloop
  endfacet
  facet normal -0.831514 0.555504 0
    outer loop
      vertex 22.5669 40.7977 4.025
      vertex 22.7104 41.0125 8.9
      vertex 22.7104 41.0125 4.025
    endloop
  endfacet
  facet normal -0.831514 0.555504 0
    outer loop
      vertex 22.7104 41.0125 8.9
      vertex 22.5669 40.7977 4.025
      vertex 22.5669 40.7977 8.9
    endloop
  endfacet
  facet normal 0.555504 -0.831514 0
    outer loop
      vertex 19.7977 43.5669 4.025
      vertex 20.0125 43.7104 8.9
      vertex 19.7977 43.5669 8.9
    endloop
  endfacet
  facet normal 0.555504 -0.831514 0
    outer loop
      vertex 20.0125 43.7104 8.9
      vertex 19.7977 43.5669 4.025
      vertex 20.0125 43.7104 4.025
    endloop
  endfacet
  facet normal 0.946966 0.321334 0
    outer loop
      vertex 19.1753 41.2442 8.9
      vertex 19.0923 41.4888 4.025
      vertex 19.0923 41.4888 8.9
    endloop
  endfacet
  facet normal 0.946966 0.321334 0
    outer loop
      vertex 19.0923 41.4888 4.025
      vertex 19.1753 41.2442 8.9
      vertex 19.1753 41.2442 4.025
    endloop
  endfacet
  facet normal 0.0654143 0.997858 -0
    outer loop
      vertex 21 40.025 4.025
      vertex 20.7422 40.0419 8.9
      vertex 21 40.025 8.9
    endloop
  endfacet
  facet normal 0.0654143 0.997858 0
    outer loop
      vertex 20.7422 40.0419 8.9
      vertex 21 40.025 4.025
      vertex 20.7422 40.0419 4.025
    endloop
  endfacet
  facet normal 0.659545 -0.751665 0
    outer loop
      vertex 19.6035 43.3965 4.025
      vertex 19.7977 43.5669 8.9
      vertex 19.6035 43.3965 8.9
    endloop
  endfacet
  facet normal 0.659545 -0.751665 0
    outer loop
      vertex 19.7977 43.5669 8.9
      vertex 19.6035 43.3965 4.025
      vertex 19.7977 43.5669 4.025
    endloop
  endfacet
  facet normal -0.442408 -0.896814 0
    outer loop
      vertex 21.7558 43.8247 4.025
      vertex 21.9875 43.7104 8.9
      vertex 21.7558 43.8247 8.9
    endloop
  endfacet
  facet normal -0.442408 -0.896814 -0
    outer loop
      vertex 21.9875 43.7104 8.9
      vertex 21.7558 43.8247 4.025
      vertex 21.9875 43.7104 4.025
    endloop
  endfacet
  facet normal -0.195074 -0.980789 0
    outer loop
      vertex 21.2578 43.9581 4.025
      vertex 21.5112 43.9077 8.9
      vertex 21.2578 43.9581 8.9
    endloop
  endfacet
  facet normal -0.195074 -0.980789 -0
    outer loop
      vertex 21.5112 43.9077 8.9
      vertex 21.2578 43.9581 4.025
      vertex 21.5112 43.9077 4.025
    endloop
  endfacet
  facet normal -0.997858 0.0654143 0
    outer loop
      vertex 22.9581 41.7422 4.025
      vertex 22.975 42 8.9
      vertex 22.975 42 4.025
    endloop
  endfacet
  facet normal -0.997858 0.0654143 0
    outer loop
      vertex 22.975 42 8.9
      vertex 22.9581 41.7422 4.025
      vertex 22.9581 41.7422 8.9
    endloop
  endfacet
  facet normal 0.896814 0.442408 0
    outer loop
      vertex 19.2896 41.0125 8.9
      vertex 19.1753 41.2442 4.025
      vertex 19.1753 41.2442 8.9
    endloop
  endfacet
  facet normal 0.896814 0.442408 0
    outer loop
      vertex 19.1753 41.2442 4.025
      vertex 19.2896 41.0125 8.9
      vertex 19.2896 41.0125 4.025
    endloop
  endfacet
  facet normal -0.555504 -0.831514 0
    outer loop
      vertex 21.9875 43.7104 4.025
      vertex 22.2023 43.5669 8.9
      vertex 21.9875 43.7104 8.9
    endloop
  endfacet
  facet normal -0.555504 -0.831514 -0
    outer loop
      vertex 22.2023 43.5669 8.9
      vertex 21.9875 43.7104 4.025
      vertex 22.2023 43.5669 4.025
    endloop
  endfacet
  facet normal 0.321334 0.946966 -0
    outer loop
      vertex 20.4888 40.0923 4.025
      vertex 20.2442 40.1753 8.9
      vertex 20.4888 40.0923 8.9
    endloop
  endfacet
  facet normal 0.321334 0.946966 0
    outer loop
      vertex 20.2442 40.1753 8.9
      vertex 20.4888 40.0923 4.025
      vertex 20.2442 40.1753 4.025
    endloop
  endfacet
  facet normal -0.659545 0.751665 0
    outer loop
      vertex 22.3965 40.6035 4.025
      vertex 22.2023 40.4331 8.9
      vertex 22.3965 40.6035 8.9
    endloop
  endfacet
  facet normal -0.659545 0.751665 0
    outer loop
      vertex 22.2023 40.4331 8.9
      vertex 22.3965 40.6035 4.025
      vertex 22.2023 40.4331 4.025
    endloop
  endfacet
  facet normal -0.831514 -0.555504 0
    outer loop
      vertex 22.7104 42.9875 4.025
      vertex 22.5669 43.2023 8.9
      vertex 22.5669 43.2023 4.025
    endloop
  endfacet
  facet normal -0.831514 -0.555504 0
    outer loop
      vertex 22.5669 43.2023 8.9
      vertex 22.7104 42.9875 4.025
      vertex 22.7104 42.9875 8.9
    endloop
  endfacet
  facet normal -0.555504 0.831514 0
    outer loop
      vertex 22.2023 40.4331 4.025
      vertex 21.9875 40.2896 8.9
      vertex 22.2023 40.4331 8.9
    endloop
  endfacet
  facet normal -0.555504 0.831514 0
    outer loop
      vertex 21.9875 40.2896 8.9
      vertex 22.2023 40.4331 4.025
      vertex 21.9875 40.2896 4.025
    endloop
  endfacet
  facet normal 0.195074 -0.980789 0
    outer loop
      vertex 20.4888 43.9077 4.025
      vertex 20.7422 43.9581 8.9
      vertex 20.4888 43.9077 8.9
    endloop
  endfacet
  facet normal 0.195074 -0.980789 0
    outer loop
      vertex 20.7422 43.9581 8.9
      vertex 20.4888 43.9077 4.025
      vertex 20.7422 43.9581 4.025
    endloop
  endfacet
  facet normal -0.896814 -0.442408 0
    outer loop
      vertex 22.8247 42.7558 4.025
      vertex 22.7104 42.9875 8.9
      vertex 22.7104 42.9875 4.025
    endloop
  endfacet
  facet normal -0.896814 -0.442408 0
    outer loop
      vertex 22.7104 42.9875 8.9
      vertex 22.8247 42.7558 4.025
      vertex 22.8247 42.7558 8.9
    endloop
  endfacet
  facet normal 0.555504 0.831514 -0
    outer loop
      vertex 20.0125 40.2896 4.025
      vertex 19.7977 40.4331 8.9
      vertex 20.0125 40.2896 8.9
    endloop
  endfacet
  facet normal 0.555504 0.831514 0
    outer loop
      vertex 19.7977 40.4331 8.9
      vertex 20.0125 40.2896 4.025
      vertex 19.7977 40.4331 4.025
    endloop
  endfacet
  facet normal 0.659545 0.751665 -0
    outer loop
      vertex 19.7977 40.4331 4.025
      vertex 19.6035 40.6035 8.9
      vertex 19.7977 40.4331 8.9
    endloop
  endfacet
  facet normal 0.659545 0.751665 0
    outer loop
      vertex 19.6035 40.6035 8.9
      vertex 19.7977 40.4331 4.025
      vertex 19.6035 40.6035 4.025
    endloop
  endfacet
  facet normal -0.751665 0.659545 0
    outer loop
      vertex 22.3965 40.6035 4.025
      vertex 22.5669 40.7977 8.9
      vertex 22.5669 40.7977 4.025
    endloop
  endfacet
  facet normal -0.751665 0.659545 0
    outer loop
      vertex 22.5669 40.7977 8.9
      vertex 22.3965 40.6035 4.025
      vertex 22.3965 40.6035 8.9
    endloop
  endfacet
  facet normal 0.997858 0.0654143 0
    outer loop
      vertex 19.0419 41.7422 8.9
      vertex 19.025 42 4.025
      vertex 19.025 42 8.9
    endloop
  endfacet
  facet normal 0.997858 0.0654143 0
    outer loop
      vertex 19.025 42 4.025
      vertex 19.0419 41.7422 8.9
      vertex 19.0419 41.7422 4.025
    endloop
  endfacet
  facet normal -0.896814 0.442408 0
    outer loop
      vertex 22.7104 41.0125 4.025
      vertex 22.8247 41.2442 8.9
      vertex 22.8247 41.2442 4.025
    endloop
  endfacet
  facet normal -0.896814 0.442408 0
    outer loop
      vertex 22.8247 41.2442 8.9
      vertex 22.7104 41.0125 4.025
      vertex 22.7104 41.0125 8.9
    endloop
  endfacet
  facet normal -0.442408 0.896814 0
    outer loop
      vertex 21.9875 40.2896 4.025
      vertex 21.7558 40.1753 8.9
      vertex 21.9875 40.2896 8.9
    endloop
  endfacet
  facet normal -0.442408 0.896814 0
    outer loop
      vertex 21.7558 40.1753 8.9
      vertex 21.9875 40.2896 4.025
      vertex 21.7558 40.1753 4.025
    endloop
  endfacet
  facet normal 0.751665 0.659545 0
    outer loop
      vertex 19.6035 40.6035 8.9
      vertex 19.4331 40.7977 4.025
      vertex 19.4331 40.7977 8.9
    endloop
  endfacet
  facet normal 0.751665 0.659545 0
    outer loop
      vertex 19.4331 40.7977 4.025
      vertex 19.6035 40.6035 8.9
      vertex 19.6035 40.6035 4.025
    endloop
  endfacet
  facet normal 0.980789 -0.195074 0
    outer loop
      vertex 19.0419 42.2578 8.9
      vertex 19.0923 42.5112 4.025
      vertex 19.0923 42.5112 8.9
    endloop
  endfacet
  facet normal 0.980789 -0.195074 0
    outer loop
      vertex 19.0923 42.5112 4.025
      vertex 19.0419 42.2578 8.9
      vertex 19.0419 42.2578 4.025
    endloop
  endfacet
  facet normal -0.751665 -0.659545 0
    outer loop
      vertex 22.5669 43.2023 4.025
      vertex 22.3965 43.3965 8.9
      vertex 22.3965 43.3965 4.025
    endloop
  endfacet
  facet normal -0.751665 -0.659545 0
    outer loop
      vertex 22.3965 43.3965 8.9
      vertex 22.5669 43.2023 4.025
      vertex 22.5669 43.2023 8.9
    endloop
  endfacet
  facet normal 0.831514 -0.555504 0
    outer loop
      vertex 19.2896 42.9875 8.9
      vertex 19.4331 43.2023 4.025
      vertex 19.4331 43.2023 8.9
    endloop
  endfacet
  facet normal 0.831514 -0.555504 0
    outer loop
      vertex 19.4331 43.2023 4.025
      vertex 19.2896 42.9875 8.9
      vertex 19.2896 42.9875 4.025
    endloop
  endfacet
  facet normal 0.442408 0.896814 -0
    outer loop
      vertex 20.2442 40.1753 4.025
      vertex 20.0125 40.2896 8.9
      vertex 20.2442 40.1753 8.9
    endloop
  endfacet
  facet normal 0.442408 0.896814 0
    outer loop
      vertex 20.0125 40.2896 8.9
      vertex 20.2442 40.1753 4.025
      vertex 20.0125 40.2896 4.025
    endloop
  endfacet
  facet normal -0.946966 -0.321334 0
    outer loop
      vertex 22.9077 42.5112 4.025
      vertex 22.8247 42.7558 8.9
      vertex 22.8247 42.7558 4.025
    endloop
  endfacet
  facet normal -0.946966 -0.321334 0
    outer loop
      vertex 22.8247 42.7558 8.9
      vertex 22.9077 42.5112 4.025
      vertex 22.9077 42.5112 8.9
    endloop
  endfacet
  facet normal 0.442408 -0.896814 0
    outer loop
      vertex 20.0125 43.7104 4.025
      vertex 20.2442 43.8247 8.9
      vertex 20.0125 43.7104 8.9
    endloop
  endfacet
  facet normal 0.442408 -0.896814 0
    outer loop
      vertex 20.2442 43.8247 8.9
      vertex 20.0125 43.7104 4.025
      vertex 20.2442 43.8247 4.025
    endloop
  endfacet
  facet normal -0.0654143 -0.997858 0
    outer loop
      vertex 21 43.975 4.025
      vertex 21.2578 43.9581 8.9
      vertex 21 43.975 8.9
    endloop
  endfacet
  facet normal -0.0654143 -0.997858 -0
    outer loop
      vertex 21.2578 43.9581 8.9
      vertex 21 43.975 4.025
      vertex 21.2578 43.9581 4.025
    endloop
  endfacet
  facet normal -0.321334 0.946966 0
    outer loop
      vertex 21.7558 40.1753 4.025
      vertex 21.5112 40.0923 8.9
      vertex 21.7558 40.1753 8.9
    endloop
  endfacet
  facet normal -0.321334 0.946966 0
    outer loop
      vertex 21.5112 40.0923 8.9
      vertex 21.7558 40.1753 4.025
      vertex 21.5112 40.0923 4.025
    endloop
  endfacet
  facet normal 0.195074 0.980789 -0
    outer loop
      vertex 20.7422 40.0419 4.025
      vertex 20.4888 40.0923 8.9
      vertex 20.7422 40.0419 8.9
    endloop
  endfacet
  facet normal 0.195074 0.980789 0
    outer loop
      vertex 20.4888 40.0923 8.9
      vertex 20.7422 40.0419 4.025
      vertex 20.4888 40.0923 4.025
    endloop
  endfacet
  facet normal 0.0654143 -0.997858 0
    outer loop
      vertex 20.7422 43.9581 4.025
      vertex 21 43.975 8.9
      vertex 20.7422 43.9581 8.9
    endloop
  endfacet
  facet normal 0.0654143 -0.997858 0
    outer loop
      vertex 21 43.975 8.9
      vertex 20.7422 43.9581 4.025
      vertex 21 43.975 4.025
    endloop
  endfacet
  facet normal 0.831514 0.555504 0
    outer loop
      vertex 19.4331 40.7977 8.9
      vertex 19.2896 41.0125 4.025
      vertex 19.2896 41.0125 8.9
    endloop
  endfacet
  facet normal 0.831514 0.555504 0
    outer loop
      vertex 19.2896 41.0125 4.025
      vertex 19.4331 40.7977 8.9
      vertex 19.4331 40.7977 4.025
    endloop
  endfacet
  facet normal 0 0 1
    outer loop
      vertex 22.9581 42.2578 4.025
      vertex 22.9581 41.7422 4.025
      vertex 22.975 42 4.025
    endloop
  endfacet
  facet normal 0 0 1
    outer loop
      vertex 22.9077 42.5112 4.025
      vertex 22.9581 41.7422 4.025
      vertex 22.9581 42.2578 4.025
    endloop
  endfacet
  facet normal 0 0 1
    outer loop
      vertex 22.9077 42.5112 4.025
      vertex 22.9077 41.4888 4.025
      vertex 22.9581 41.7422 4.025
    endloop
  endfacet
  facet normal 0 0 1
    outer loop
      vertex 22.8247 42.7558 4.025
      vertex 22.9077 41.4888 4.025
      vertex 22.9077 42.5112 4.025
    endloop
  endfacet
  facet normal 0 0 1
    outer loop
      vertex 22.8247 42.7558 4.025
      vertex 22.8247 41.2442 4.025
      vertex 22.9077 41.4888 4.025
    endloop
  endfacet
  facet normal 0 0 1
    outer loop
      vertex 22.7104 42.9875 4.025
      vertex 22.8247 41.2442 4.025
      vertex 22.8247 42.7558 4.025
    endloop
  endfacet
  facet normal 0 0 1
    outer loop
      vertex 22.7104 42.9875 4.025
      vertex 22.7104 41.0125 4.025
      vertex 22.8247 41.2442 4.025
    endloop
  endfacet
  facet normal 0 0 1
    outer loop
      vertex 22.5669 43.2023 4.025
      vertex 22.7104 41.0125 4.025
      vertex 22.7104 42.9875 4.025
    endloop
  endfacet
  facet normal 0 0 1
    outer loop
      vertex 22.5669 43.2023 4.025
      vertex 22.5669 40.7977 4.025
      vertex 22.7104 41.0125 4.025
    endloop
  endfacet
  facet normal 0 0 1
    outer loop
      vertex 22.3965 43.3965 4.025
      vertex 22.5669 40.7977 4.025
      vertex 22.5669 43.2023 4.025
    endloop
  endfacet
  facet normal 0 0 1
    outer loop
      vertex 22.3965 43.3965 4.025
      vertex 22.3965 40.6035 4.025
      vertex 22.5669 40.7977 4.025
    endloop
  endfacet
  facet normal 0 0 1
    outer loop
      vertex 22.2023 43.5669 4.025
      vertex 22.3965 40.6035 4.025
      vertex 22.3965 43.3965 4.025
    endloop
  endfacet
  facet normal 0 0 1
    outer loop
      vertex 22.2023 43.5669 4.025
      vertex 22.2023 40.4331 4.025
      vertex 22.3965 40.6035 4.025
    endloop
  endfacet
  facet normal 0 0 1
    outer loop
      vertex 21.9875 43.7104 4.025
      vertex 22.2023 40.4331 4.025
      vertex 22.2023 43.5669 4.025
    endloop
  endfacet
  facet normal 0 0 1
    outer loop
      vertex 21.9875 43.7104 4.025
      vertex 21.9875 40.2896 4.025
      vertex 22.2023 40.4331 4.025
    endloop
  endfacet
  facet normal 0 0 1
    outer loop
      vertex 21.7558 43.8247 4.025
      vertex 21.9875 40.2896 4.025
      vertex 21.9875 43.7104 4.025
    endloop
  endfacet
  facet normal 0 0 1
    outer loop
      vertex 21.7558 43.8247 4.025
      vertex 21.7558 40.1753 4.025
      vertex 21.9875 40.2896 4.025
    endloop
  endfacet
  facet normal 0 0 1
    outer loop
      vertex 21.5112 43.9077 4.025
      vertex 21.7558 40.1753 4.025
      vertex 21.7558 43.8247 4.025
    endloop
  endfacet
  facet normal 0 0 1
    outer loop
      vertex 21.5112 43.9077 4.025
      vertex 21.5112 40.0923 4.025
      vertex 21.7558 40.1753 4.025
    endloop
  endfacet
  facet normal 0 0 1
    outer loop
      vertex 21.2578 43.9581 4.025
      vertex 21.5112 40.0923 4.025
      vertex 21.5112 43.9077 4.025
    endloop
  endfacet
  facet normal 0 0 1
    outer loop
      vertex 21.2578 43.9581 4.025
      vertex 21.2578 40.0419 4.025
      vertex 21.5112 40.0923 4.025
    endloop
  endfacet
  facet normal 0 0 1
    outer loop
      vertex 21 43.975 4.025
      vertex 21.2578 40.0419 4.025
      vertex 21.2578 43.9581 4.025
    endloop
  endfacet
  facet normal 0 0 1
    outer loop
      vertex 21 43.975 4.025
      vertex 21 40.025 4.025
      vertex 21.2578 40.0419 4.025
    endloop
  endfacet
  facet normal -0 0 1
    outer loop
      vertex 20.7422 43.9581 4.025
      vertex 21 40.025 4.025
      vertex 21 43.975 4.025
    endloop
  endfacet
  facet normal 0 0 1
    outer loop
      vertex 20.7422 43.9581 4.025
      vertex 20.7422 40.0419 4.025
      vertex 21 40.025 4.025
    endloop
  endfacet
  facet normal -0 0 1
    outer loop
      vertex 20.4888 43.9077 4.025
      vertex 20.7422 40.0419 4.025
      vertex 20.7422 43.9581 4.025
    endloop
  endfacet
  facet normal 0 0 1
    outer loop
      vertex 20.4888 43.9077 4.025
      vertex 20.4888 40.0923 4.025
      vertex 20.7422 40.0419 4.025
    endloop
  endfacet
  facet normal -0 0 1
    outer loop
      vertex 20.2442 43.8247 4.025
      vertex 20.4888 40.0923 4.025
      vertex 20.4888 43.9077 4.025
    endloop
  endfacet
  facet normal 0 0 1
    outer loop
      vertex 20.2442 43.8247 4.025
      vertex 20.2442 40.1753 4.025
      vertex 20.4888 40.0923 4.025
    endloop
  endfacet
  facet normal -0 0 1
    outer loop
      vertex 20.0125 43.7104 4.025
      vertex 20.2442 40.1753 4.025
      vertex 20.2442 43.8247 4.025
    endloop
  endfacet
  facet normal 0 0 1
    outer loop
      vertex 20.0125 43.7104 4.025
      vertex 20.0125 40.2896 4.025
      vertex 20.2442 40.1753 4.025
    endloop
  endfacet
  facet normal -0 0 1
    outer loop
      vertex 19.7977 43.5669 4.025
      vertex 20.0125 40.2896 4.025
      vertex 20.0125 43.7104 4.025
    endloop
  endfacet
  facet normal 0 0 1
    outer loop
      vertex 19.7977 43.5669 4.025
      vertex 19.7977 40.4331 4.025
      vertex 20.0125 40.2896 4.025
    endloop
  endfacet
  facet normal -0 0 1
    outer loop
      vertex 19.6035 43.3965 4.025
      vertex 19.7977 40.4331 4.025
      vertex 19.7977 43.5669 4.025
    endloop
  endfacet
  facet normal 0 0 1
    outer loop
      vertex 19.6035 43.3965 4.025
      vertex 19.6035 40.6035 4.025
      vertex 19.7977 40.4331 4.025
    endloop
  endfacet
  facet normal -0 0 1
    outer loop
      vertex 19.4331 43.2023 4.025
      vertex 19.6035 40.6035 4.025
      vertex 19.6035 43.3965 4.025
    endloop
  endfacet
  facet normal 0 0 1
    outer loop
      vertex 19.4331 43.2023 4.025
      vertex 19.4331 40.7977 4.025
      vertex 19.6035 40.6035 4.025
    endloop
  endfacet
  facet normal -0 0 1
    outer loop
      vertex 19.2896 42.9875 4.025
      vertex 19.4331 40.7977 4.025
      vertex 19.4331 43.2023 4.025
    endloop
  endfacet
  facet normal 0 0 1
    outer loop
      vertex 19.2896 42.9875 4.025
      vertex 19.2896 41.0125 4.025
      vertex 19.4331 40.7977 4.025
    endloop
  endfacet
  facet normal -0 0 1
    outer loop
      vertex 19.1753 42.7558 4.025
      vertex 19.2896 41.0125 4.025
      vertex 19.2896 42.9875 4.025
    endloop
  endfacet
  facet normal 0 0 1
    outer loop
      vertex 19.1753 42.7558 4.025
      vertex 19.1753 41.2442 4.025
      vertex 19.2896 41.0125 4.025
    endloop
  endfacet
  facet normal -0 0 1
    outer loop
      vertex 19.0923 42.5112 4.025
      vertex 19.1753 41.2442 4.025
      vertex 19.1753 42.7558 4.025
    endloop
  endfacet
  facet normal 0 0 1
    outer loop
      vertex 19.0923 42.5112 4.025
      vertex 19.0923 41.4888 4.025
      vertex 19.1753 41.2442 4.025
    endloop
  endfacet
  facet normal -0 0 1
    outer loop
      vertex 19.0419 42.2578 4.025
      vertex 19.0923 41.4888 4.025
      vertex 19.0923 42.5112 4.025
    endloop
  endfacet
  facet normal 0 0 1
    outer loop
      vertex 19.0419 42.2578 4.025
      vertex 19.0419 41.7422 4.025
      vertex 19.0923 41.4888 4.025
    endloop
  endfacet
  facet normal 0 -0 1
    outer loop
      vertex 19.0419 41.7422 4.025
      vertex 19.0419 42.2578 4.025
      vertex 19.025 42 4.025
    endloop
  endfacet
  facet normal 0.946966 -0.321334 0
    outer loop
      vertex 19.0923 42.5112 8.9
      vertex 19.1753 42.7558 4.025
      vertex 19.1753 42.7558 8.9
    endloop
  endfacet
  facet normal 0.946966 -0.321334 0
    outer loop
      vertex 19.1753 42.7558 4.025
      vertex 19.0923 42.5112 8.9
      vertex 19.0923 42.5112 4.025
    endloop
  endfacet
  facet normal 0.997858 -0.065421 0
    outer loop
      vertex 17.95 42 9.5
      vertex 17.9761 42.3981 8.9
      vertex 17.9761 42.3981 9.5
    endloop
  endfacet
  facet normal 0.997858 -0.065421 0
    outer loop
      vertex 17.9761 42.3981 8.9
      vertex 17.95 42 9.5
      vertex 17.95 42 8.9
    endloop
  endfacet
  facet normal -0.195007 0.980802 0
    outer loop
      vertex 21.7894 39.0539 8.9
      vertex 21.3981 38.9761 9.5
      vertex 21.7894 39.0539 9.5
    endloop
  endfacet
  facet normal -0.195007 0.980802 0
    outer loop
      vertex 21.3981 38.9761 9.5
      vertex 21.7894 39.0539 8.9
      vertex 21.3981 38.9761 8.9
    endloop
  endfacet
  facet normal -0.980802 -0.195007 0
    outer loop
      vertex 24.0239 42.3981 8.9
      vertex 23.9461 42.7894 9.5
      vertex 23.9461 42.7894 8.9
    endloop
  endfacet
  facet normal -0.980802 -0.195007 0
    outer loop
      vertex 23.9461 42.7894 9.5
      vertex 24.0239 42.3981 8.9
      vertex 24.0239 42.3981 9.5
    endloop
  endfacet
  facet normal -0.997858 -0.065421 0
    outer loop
      vertex 24.05 42 8.9
      vertex 24.0239 42.3981 9.5
      vertex 24.0239 42.3981 8.9
    endloop
  endfacet
  facet normal -0.997858 -0.065421 0
    outer loop
      vertex 24.0239 42.3981 9.5
      vertex 24.05 42 8.9
      vertex 24.05 42 9.5
    endloop
  endfacet
  facet normal 0.195007 0.980802 -0
    outer loop
      vertex 20.6019 38.9761 8.9
      vertex 20.2106 39.0539 9.5
      vertex 20.6019 38.9761 9.5
    endloop
  endfacet
  facet normal 0.195007 0.980802 0
    outer loop
      vertex 20.2106 39.0539 9.5
      vertex 20.6019 38.9761 8.9
      vertex 20.2106 39.0539 8.9
    endloop
  endfacet
  facet normal -0.980802 0.195007 0
    outer loop
      vertex 23.9461 41.2106 8.9
      vertex 24.0239 41.6019 9.5
      vertex 24.0239 41.6019 8.9
    endloop
  endfacet
  facet normal -0.980802 0.195007 0
    outer loop
      vertex 24.0239 41.6019 9.5
      vertex 23.9461 41.2106 8.9
      vertex 23.9461 41.2106 9.5
    endloop
  endfacet
  facet normal 0.751955 -0.659214 0
    outer loop
      vertex 18.5803 43.8567 9.5
      vertex 18.8433 44.1567 8.9
      vertex 18.8433 44.1567 9.5
    endloop
  endfacet
  facet normal 0.751955 -0.659214 0
    outer loop
      vertex 18.8433 44.1567 8.9
      vertex 18.5803 43.8567 9.5
      vertex 18.5803 43.8567 8.9
    endloop
  endfacet
  facet normal -0.321561 -0.946889 0
    outer loop
      vertex 21.7894 44.9461 8.9
      vertex 22.1672 44.8178 9.5
      vertex 21.7894 44.9461 9.5
    endloop
  endfacet
  facet normal -0.321561 -0.946889 -0
    outer loop
      vertex 22.1672 44.8178 9.5
      vertex 21.7894 44.9461 8.9
      vertex 22.1672 44.8178 8.9
    endloop
  endfacet
  facet normal 0.321561 -0.946889 0
    outer loop
      vertex 19.8328 44.8178 8.9
      vertex 20.2106 44.9461 9.5
      vertex 19.8328 44.8178 9.5
    endloop
  endfacet
  facet normal 0.321561 -0.946889 0
    outer loop
      vertex 20.2106 44.9461 9.5
      vertex 19.8328 44.8178 8.9
      vertex 20.2106 44.9461 8.9
    endloop
  endfacet
  facet normal -0.065421 0.997858 0
    outer loop
      vertex 21.3981 38.9761 8.9
      vertex 21 38.95 9.5
      vertex 21.3981 38.9761 9.5
    endloop
  endfacet
  facet normal -0.065421 0.997858 0
    outer loop
      vertex 21 38.95 9.5
      vertex 21.3981 38.9761 8.9
      vertex 21 38.95 8.9
    endloop
  endfacet
  facet normal -0.659214 -0.751955 0
    outer loop
      vertex 22.8567 44.4197 8.9
      vertex 23.1567 44.1567 9.5
      vertex 22.8567 44.4197 9.5
    endloop
  endfacet
  facet normal -0.659214 -0.751955 -0
    outer loop
      vertex 23.1567 44.1567 9.5
      vertex 22.8567 44.4197 8.9
      vertex 23.1567 44.1567 8.9
    endloop
  endfacet
  facet normal 0.89692 -0.442193 0
    outer loop
      vertex 18.1822 43.1672 9.5
      vertex 18.3586 43.525 8.9
      vertex 18.3586 43.525 9.5
    endloop
  endfacet
  facet normal 0.89692 -0.442193 0
    outer loop
      vertex 18.3586 43.525 8.9
      vertex 18.1822 43.1672 9.5
      vertex 18.1822 43.1672 8.9
    endloop
  endfacet
  facet normal -0.946889 0.321561 0
    outer loop
      vertex 23.8178 40.8328 8.9
      vertex 23.9461 41.2106 9.5
      vertex 23.9461 41.2106 8.9
    endloop
  endfacet
  facet normal -0.946889 0.321561 0
    outer loop
      vertex 23.9461 41.2106 9.5
      vertex 23.8178 40.8328 8.9
      vertex 23.8178 40.8328 9.5
    endloop
  endfacet
  facet normal 0.980802 0.195007 0
    outer loop
      vertex 18.0539 41.2106 9.5
      vertex 17.9761 41.6019 8.9
      vertex 17.9761 41.6019 9.5
    endloop
  endfacet
  facet normal 0.980802 0.195007 0
    outer loop
      vertex 17.9761 41.6019 8.9
      vertex 18.0539 41.2106 9.5
      vertex 18.0539 41.2106 8.9
    endloop
  endfacet
  facet normal -0.831394 0.555683 0
    outer loop
      vertex 23.4197 40.1433 8.9
      vertex 23.6414 40.475 9.5
      vertex 23.6414 40.475 8.9
    endloop
  endfacet
  facet normal -0.831394 0.555683 0
    outer loop
      vertex 23.6414 40.475 9.5
      vertex 23.4197 40.1433 8.9
      vertex 23.4197 40.1433 9.5
    endloop
  endfacet
  facet normal 0.555683 -0.831394 0
    outer loop
      vertex 19.1433 44.4197 8.9
      vertex 19.475 44.6414 9.5
      vertex 19.1433 44.4197 9.5
    endloop
  endfacet
  facet normal 0.555683 -0.831394 0
    outer loop
      vertex 19.475 44.6414 9.5
      vertex 19.1433 44.4197 8.9
      vertex 19.475 44.6414 8.9
    endloop
  endfacet
  facet normal 0.946889 0.321561 0
    outer loop
      vertex 18.1822 40.8328 9.5
      vertex 18.0539 41.2106 8.9
      vertex 18.0539 41.2106 9.5
    endloop
  endfacet
  facet normal 0.946889 0.321561 0
    outer loop
      vertex 18.0539 41.2106 8.9
      vertex 18.1822 40.8328 9.5
      vertex 18.1822 40.8328 8.9
    endloop
  endfacet
  facet normal 0.065421 0.997858 -0
    outer loop
      vertex 21 38.95 8.9
      vertex 20.6019 38.9761 9.5
      vertex 21 38.95 9.5
    endloop
  endfacet
  facet normal 0.065421 0.997858 0
    outer loop
      vertex 20.6019 38.9761 9.5
      vertex 21 38.95 8.9
      vertex 20.6019 38.9761 8.9
    endloop
  endfacet
  facet normal 0.659214 -0.751955 0
    outer loop
      vertex 18.8433 44.1567 8.9
      vertex 19.1433 44.4197 9.5
      vertex 18.8433 44.1567 9.5
    endloop
  endfacet
  facet normal 0.659214 -0.751955 0
    outer loop
      vertex 19.1433 44.4197 9.5
      vertex 18.8433 44.1567 8.9
      vertex 19.1433 44.4197 8.9
    endloop
  endfacet
  facet normal -0.442193 -0.89692 0
    outer loop
      vertex 22.1672 44.8178 8.9
      vertex 22.525 44.6414 9.5
      vertex 22.1672 44.8178 9.5
    endloop
  endfacet
  facet normal -0.442193 -0.89692 -0
    outer loop
      vertex 22.525 44.6414 9.5
      vertex 22.1672 44.8178 8.9
      vertex 22.525 44.6414 8.9
    endloop
  endfacet
  facet normal -0.195007 -0.980802 0
    outer loop
      vertex 21.3981 45.0239 8.9
      vertex 21.7894 44.9461 9.5
      vertex 21.3981 45.0239 9.5
    endloop
  endfacet
  facet normal -0.195007 -0.980802 -0
    outer loop
      vertex 21.7894 44.9461 9.5
      vertex 21.3981 45.0239 8.9
      vertex 21.7894 44.9461 8.9
    endloop
  endfacet
  facet normal -0.997858 0.065421 0
    outer loop
      vertex 24.0239 41.6019 8.9
      vertex 24.05 42 9.5
      vertex 24.05 42 8.9
    endloop
  endfacet
  facet normal -0.997858 0.065421 0
    outer loop
      vertex 24.05 42 9.5
      vertex 24.0239 41.6019 8.9
      vertex 24.0239 41.6019 9.5
    endloop
  endfacet
  facet normal 0.89692 0.442193 0
    outer loop
      vertex 18.3586 40.475 9.5
      vertex 18.1822 40.8328 8.9
      vertex 18.1822 40.8328 9.5
    endloop
  endfacet
  facet normal 0.89692 0.442193 0
    outer loop
      vertex 18.1822 40.8328 8.9
      vertex 18.3586 40.475 9.5
      vertex 18.3586 40.475 8.9
    endloop
  endfacet
  facet normal -0.555683 -0.831394 0
    outer loop
      vertex 22.525 44.6414 8.9
      vertex 22.8567 44.4197 9.5
      vertex 22.525 44.6414 9.5
    endloop
  endfacet
  facet normal -0.555683 -0.831394 -0
    outer loop
      vertex 22.8567 44.4197 9.5
      vertex 22.525 44.6414 8.9
      vertex 22.8567 44.4197 8.9
    endloop
  endfacet
  facet normal 0.321561 0.946889 -0
    outer loop
      vertex 20.2106 39.0539 8.9
      vertex 19.8328 39.1822 9.5
      vertex 20.2106 39.0539 9.5
    endloop
  endfacet
  facet normal 0.321561 0.946889 0
    outer loop
      vertex 19.8328 39.1822 9.5
      vertex 20.2106 39.0539 8.9
      vertex 19.8328 39.1822 8.9
    endloop
  endfacet
  facet normal -0.659214 0.751955 0
    outer loop
      vertex 23.1567 39.8433 8.9
      vertex 22.8567 39.5803 9.5
      vertex 23.1567 39.8433 9.5
    endloop
  endfacet
  facet normal -0.659214 0.751955 0
    outer loop
      vertex 22.8567 39.5803 9.5
      vertex 23.1567 39.8433 8.9
      vertex 22.8567 39.5803 8.9
    endloop
  endfacet
  facet normal -0.831394 -0.555683 0
    outer loop
      vertex 23.6414 43.525 8.9
      vertex 23.4197 43.8567 9.5
      vertex 23.4197 43.8567 8.9
    endloop
  endfacet
  facet normal -0.831394 -0.555683 0
    outer loop
      vertex 23.4197 43.8567 9.5
      vertex 23.6414 43.525 8.9
      vertex 23.6414 43.525 9.5
    endloop
  endfacet
  facet normal -0.555683 0.831394 0
    outer loop
      vertex 22.8567 39.5803 8.9
      vertex 22.525 39.3586 9.5
      vertex 22.8567 39.5803 9.5
    endloop
  endfacet
  facet normal -0.555683 0.831394 0
    outer loop
      vertex 22.525 39.3586 9.5
      vertex 22.8567 39.5803 8.9
      vertex 22.525 39.3586 8.9
    endloop
  endfacet
  facet normal 0.195007 -0.980802 0
    outer loop
      vertex 20.2106 44.9461 8.9
      vertex 20.6019 45.0239 9.5
      vertex 20.2106 44.9461 9.5
    endloop
  endfacet
  facet normal 0.195007 -0.980802 0
    outer loop
      vertex 20.6019 45.0239 9.5
      vertex 20.2106 44.9461 8.9
      vertex 20.6019 45.0239 8.9
    endloop
  endfacet
  facet normal -0.89692 -0.442193 0
    outer loop
      vertex 23.8178 43.1672 8.9
      vertex 23.6414 43.525 9.5
      vertex 23.6414 43.525 8.9
    endloop
  endfacet
  facet normal -0.89692 -0.442193 0
    outer loop
      vertex 23.6414 43.525 9.5
      vertex 23.8178 43.1672 8.9
      vertex 23.8178 43.1672 9.5
    endloop
  endfacet
  facet normal 0.555683 0.831394 -0
    outer loop
      vertex 19.475 39.3586 8.9
      vertex 19.1433 39.5803 9.5
      vertex 19.475 39.3586 9.5
    endloop
  endfacet
  facet normal 0.555683 0.831394 0
    outer loop
      vertex 19.1433 39.5803 9.5
      vertex 19.475 39.3586 8.9
      vertex 19.1433 39.5803 8.9
    endloop
  endfacet
  facet normal 0.659214 0.751955 -0
    outer loop
      vertex 19.1433 39.5803 8.9
      vertex 18.8433 39.8433 9.5
      vertex 19.1433 39.5803 9.5
    endloop
  endfacet
  facet normal 0.659214 0.751955 0
    outer loop
      vertex 18.8433 39.8433 9.5
      vertex 19.1433 39.5803 8.9
      vertex 18.8433 39.8433 8.9
    endloop
  endfacet
  facet normal -0.751955 0.659214 0
    outer loop
      vertex 23.1567 39.8433 8.9
      vertex 23.4197 40.1433 9.5
      vertex 23.4197 40.1433 8.9
    endloop
  endfacet
  facet normal -0.751955 0.659214 0
    outer loop
      vertex 23.4197 40.1433 9.5
      vertex 23.1567 39.8433 8.9
      vertex 23.1567 39.8433 9.5
    endloop
  endfacet
  facet normal 0.997858 0.065421 0
    outer loop
      vertex 17.9761 41.6019 9.5
      vertex 17.95 42 8.9
      vertex 17.95 42 9.5
    endloop
  endfacet
  facet normal 0.997858 0.065421 0
    outer loop
      vertex 17.95 42 8.9
      vertex 17.9761 41.6019 9.5
      vertex 17.9761 41.6019 8.9
    endloop
  endfacet
  facet normal -0.89692 0.442193 0
    outer loop
      vertex 23.6414 40.475 8.9
      vertex 23.8178 40.8328 9.5
      vertex 23.8178 40.8328 8.9
    endloop
  endfacet
  facet normal -0.89692 0.442193 0
    outer loop
      vertex 23.8178 40.8328 9.5
      vertex 23.6414 40.475 8.9
      vertex 23.6414 40.475 9.5
    endloop
  endfacet
  facet normal -0.442193 0.89692 0
    outer loop
      vertex 22.525 39.3586 8.9
      vertex 22.1672 39.1822 9.5
      vertex 22.525 39.3586 9.5
    endloop
  endfacet
  facet normal -0.442193 0.89692 0
    outer loop
      vertex 22.1672 39.1822 9.5
      vertex 22.525 39.3586 8.9
      vertex 22.1672 39.1822 8.9
    endloop
  endfacet
  facet normal 0.751955 0.659214 0
    outer loop
      vertex 18.8433 39.8433 9.5
      vertex 18.5803 40.1433 8.9
      vertex 18.5803 40.1433 9.5
    endloop
  endfacet
  facet normal 0.751955 0.659214 0
    outer loop
      vertex 18.5803 40.1433 8.9
      vertex 18.8433 39.8433 9.5
      vertex 18.8433 39.8433 8.9
    endloop
  endfacet
  facet normal 0.980802 -0.195007 0
    outer loop
      vertex 17.9761 42.3981 9.5
      vertex 18.0539 42.7894 8.9
      vertex 18.0539 42.7894 9.5
    endloop
  endfacet
  facet normal 0.980802 -0.195007 0
    outer loop
      vertex 18.0539 42.7894 8.9
      vertex 17.9761 42.3981 9.5
      vertex 17.9761 42.3981 8.9
    endloop
  endfacet
  facet normal -0.751955 -0.659214 0
    outer loop
      vertex 23.4197 43.8567 8.9
      vertex 23.1567 44.1567 9.5
      vertex 23.1567 44.1567 8.9
    endloop
  endfacet
  facet normal -0.751955 -0.659214 0
    outer loop
      vertex 23.1567 44.1567 9.5
      vertex 23.4197 43.8567 8.9
      vertex 23.4197 43.8567 9.5
    endloop
  endfacet
  facet normal 0.831394 -0.555683 0
    outer loop
      vertex 18.3586 43.525 9.5
      vertex 18.5803 43.8567 8.9
      vertex 18.5803 43.8567 9.5
    endloop
  endfacet
  facet normal 0.831394 -0.555683 0
    outer loop
      vertex 18.5803 43.8567 8.9
      vertex 18.3586 43.525 9.5
      vertex 18.3586 43.525 8.9
    endloop
  endfacet
  facet normal 0.442193 0.89692 -0
    outer loop
      vertex 19.8328 39.1822 8.9
      vertex 19.475 39.3586 9.5
      vertex 19.8328 39.1822 9.5
    endloop
  endfacet
  facet normal 0.442193 0.89692 0
    outer loop
      vertex 19.475 39.3586 9.5
      vertex 19.8328 39.1822 8.9
      vertex 19.475 39.3586 8.9
    endloop
  endfacet
  facet normal -0.946889 -0.321561 0
    outer loop
      vertex 23.9461 42.7894 8.9
      vertex 23.8178 43.1672 9.5
      vertex 23.8178 43.1672 8.9
    endloop
  endfacet
  facet normal -0.946889 -0.321561 0
    outer loop
      vertex 23.8178 43.1672 9.5
      vertex 23.9461 42.7894 8.9
      vertex 23.9461 42.7894 9.5
    endloop
  endfacet
  facet normal 0.442193 -0.89692 0
    outer loop
      vertex 19.475 44.6414 8.9
      vertex 19.8328 44.8178 9.5
      vertex 19.475 44.6414 9.5
    endloop
  endfacet
  facet normal 0.442193 -0.89692 0
    outer loop
      vertex 19.8328 44.8178 9.5
      vertex 19.475 44.6414 8.9
      vertex 19.8328 44.8178 8.9
    endloop
  endfacet
  facet normal -0.065421 -0.997858 0
    outer loop
      vertex 21 45.05 8.9
      vertex 21.3981 45.0239 9.5
      vertex 21 45.05 9.5
    endloop
  endfacet
  facet normal -0.065421 -0.997858 -0
    outer loop
      vertex 21.3981 45.0239 9.5
      vertex 21 45.05 8.9
      vertex 21.3981 45.0239 8.9
    endloop
  endfacet
  facet normal -0.321561 0.946889 0
    outer loop
      vertex 22.1672 39.1822 8.9
      vertex 21.7894 39.0539 9.5
      vertex 22.1672 39.1822 9.5
    endloop
  endfacet
  facet normal -0.321561 0.946889 0
    outer loop
      vertex 21.7894 39.0539 9.5
      vertex 22.1672 39.1822 8.9
      vertex 21.7894 39.0539 8.9
    endloop
  endfacet
  facet normal 0.065421 -0.997858 0
    outer loop
      vertex 20.6019 45.0239 8.9
      vertex 21 45.05 9.5
      vertex 20.6019 45.0239 9.5
    endloop
  endfacet
  facet normal 0.065421 -0.997858 0
    outer loop
      vertex 21 45.05 9.5
      vertex 20.6019 45.0239 8.9
      vertex 21 45.05 8.9
    endloop
  endfacet
  facet normal 0.831394 0.555683 0
    outer loop
      vertex 18.5803 40.1433 9.5
      vertex 18.3586 40.475 8.9
      vertex 18.3586 40.475 9.5
    endloop
  endfacet
  facet normal 0.831394 0.555683 0
    outer loop
      vertex 18.3586 40.475 8.9
      vertex 18.5803 40.1433 9.5
      vertex 18.5803 40.1433 8.9
    endloop
  endfacet
  facet normal 0 0 1
    outer loop
      vertex 22.975 42 8.9
      vertex 24.05 42 8.9
      vertex 24.0239 42.3981 8.9
    endloop
  endfacet
  facet normal 0 0 1
    outer loop
      vertex 22.9581 42.2578 8.9
      vertex 24.0239 42.3981 8.9
      vertex 23.9461 42.7894 8.9
    endloop
  endfacet
  facet normal 0 0 1
    outer loop
      vertex 24.05 42 8.9
      vertex 22.975 42 8.9
      vertex 24.0239 41.6019 8.9
    endloop
  endfacet
  facet normal 0 0 1
    outer loop
      vertex 22.9077 42.5112 8.9
      vertex 23.9461 42.7894 8.9
      vertex 23.8178 43.1672 8.9
    endloop
  endfacet
  facet normal -0 0 1
    outer loop
      vertex 22.9581 41.7422 8.9
      vertex 24.0239 41.6019 8.9
      vertex 22.975 42 8.9
    endloop
  endfacet
  facet normal 0 0 1
    outer loop
      vertex 22.8247 42.7558 8.9
      vertex 23.8178 43.1672 8.9
      vertex 23.6414 43.525 8.9
    endloop
  endfacet
  facet normal 0 0 1
    outer loop
      vertex 24.0239 41.6019 8.9
      vertex 22.9581 41.7422 8.9
      vertex 23.9461 41.2106 8.9
    endloop
  endfacet
  facet normal 0 0 1
    outer loop
      vertex 22.7104 42.9875 8.9
      vertex 23.6414 43.525 8.9
      vertex 23.4197 43.8567 8.9
    endloop
  endfacet
  facet normal -0 0 1
    outer loop
      vertex 22.9077 41.4888 8.9
      vertex 23.9461 41.2106 8.9
      vertex 22.9581 41.7422 8.9
    endloop
  endfacet
  facet normal 0 0 1
    outer loop
      vertex 22.5669 43.2023 8.9
      vertex 23.4197 43.8567 8.9
      vertex 23.1567 44.1567 8.9
    endloop
  endfacet
  facet normal 0 0 1
    outer loop
      vertex 23.9461 41.2106 8.9
      vertex 22.9077 41.4888 8.9
      vertex 23.8178 40.8328 8.9
    endloop
  endfacet
  facet normal -0 0 1
    outer loop
      vertex 22.8247 41.2442 8.9
      vertex 23.8178 40.8328 8.9
      vertex 22.9077 41.4888 8.9
    endloop
  endfacet
  facet normal 0 0 1
    outer loop
      vertex 24.0239 42.3981 8.9
      vertex 22.9581 42.2578 8.9
      vertex 22.975 42 8.9
    endloop
  endfacet
  facet normal 0 0 1
    outer loop
      vertex 23.9461 42.7894 8.9
      vertex 22.9077 42.5112 8.9
      vertex 22.9581 42.2578 8.9
    endloop
  endfacet
  facet normal 0 0 1
    outer loop
      vertex 22.3965 43.3965 8.9
      vertex 23.1567 44.1567 8.9
      vertex 22.8567 44.4197 8.9
    endloop
  endfacet
  facet normal 0 0 1
    outer loop
      vertex 23.8178 43.1672 8.9
      vertex 22.8247 42.7558 8.9
      vertex 22.9077 42.5112 8.9
    endloop
  endfacet
  facet normal 0 0 1
    outer loop
      vertex 23.6414 43.525 8.9
      vertex 22.7104 42.9875 8.9
      vertex 22.8247 42.7558 8.9
    endloop
  endfacet
  facet normal 0 0 1
    outer loop
      vertex 23.4197 43.8567 8.9
      vertex 22.5669 43.2023 8.9
      vertex 22.7104 42.9875 8.9
    endloop
  endfacet
  facet normal 0 0 1
    outer loop
      vertex 22.2023 43.5669 8.9
      vertex 22.8567 44.4197 8.9
      vertex 22.525 44.6414 8.9
    endloop
  endfacet
  facet normal 0 0 1
    outer loop
      vertex 23.1567 44.1567 8.9
      vertex 22.3965 43.3965 8.9
      vertex 22.5669 43.2023 8.9
    endloop
  endfacet
  facet normal 0 0 1
    outer loop
      vertex 22.8567 44.4197 8.9
      vertex 22.2023 43.5669 8.9
      vertex 22.3965 43.3965 8.9
    endloop
  endfacet
  facet normal 0 0 1
    outer loop
      vertex 21.9875 43.7104 8.9
      vertex 22.525 44.6414 8.9
      vertex 22.1672 44.8178 8.9
    endloop
  endfacet
  facet normal 0 0 1
    outer loop
      vertex 22.525 44.6414 8.9
      vertex 21.9875 43.7104 8.9
      vertex 22.2023 43.5669 8.9
    endloop
  endfacet
  facet normal 0 0 1
    outer loop
      vertex 21.7558 43.8247 8.9
      vertex 22.1672 44.8178 8.9
      vertex 21.7894 44.9461 8.9
    endloop
  endfacet
  facet normal 0 0 1
    outer loop
      vertex 22.1672 44.8178 8.9
      vertex 21.7558 43.8247 8.9
      vertex 21.9875 43.7104 8.9
    endloop
  endfacet
  facet normal 0 0 1
    outer loop
      vertex 21.7894 44.9461 8.9
      vertex 21.5112 43.9077 8.9
      vertex 21.7558 43.8247 8.9
    endloop
  endfacet
  facet normal 0 0 1
    outer loop
      vertex 21.3981 45.0239 8.9
      vertex 21.5112 43.9077 8.9
      vertex 21.7894 44.9461 8.9
    endloop
  endfacet
  facet normal 0 0 1
    outer loop
      vertex 21.3981 45.0239 8.9
      vertex 21.2578 43.9581 8.9
      vertex 21.5112 43.9077 8.9
    endloop
  endfacet
  facet normal 0 0 1
    outer loop
      vertex 21 45.05 8.9
      vertex 21.2578 43.9581 8.9
      vertex 21.3981 45.0239 8.9
    endloop
  endfacet
  facet normal 0 0 1
    outer loop
      vertex 21 45.05 8.9
      vertex 21 43.975 8.9
      vertex 21.2578 43.9581 8.9
    endloop
  endfacet
  facet normal 0 0 1
    outer loop
      vertex 21 45.05 8.9
      vertex 20.7422 43.9581 8.9
      vertex 21 43.975 8.9
    endloop
  endfacet
  facet normal -0 0 1
    outer loop
      vertex 20.6019 45.0239 8.9
      vertex 20.7422 43.9581 8.9
      vertex 21 45.05 8.9
    endloop
  endfacet
  facet normal 0 0 1
    outer loop
      vertex 20.6019 45.0239 8.9
      vertex 20.4888 43.9077 8.9
      vertex 20.7422 43.9581 8.9
    endloop
  endfacet
  facet normal -0 0 1
    outer loop
      vertex 20.2106 44.9461 8.9
      vertex 20.4888 43.9077 8.9
      vertex 20.6019 45.0239 8.9
    endloop
  endfacet
  facet normal 0 0 1
    outer loop
      vertex 20.4888 43.9077 8.9
      vertex 20.2106 44.9461 8.9
      vertex 20.2442 43.8247 8.9
    endloop
  endfacet
  facet normal -0 0 1
    outer loop
      vertex 19.8328 44.8178 8.9
      vertex 20.2442 43.8247 8.9
      vertex 20.2106 44.9461 8.9
    endloop
  endfacet
  facet normal 0 0 1
    outer loop
      vertex 20.2442 43.8247 8.9
      vertex 19.8328 44.8178 8.9
      vertex 20.0125 43.7104 8.9
    endloop
  endfacet
  facet normal -0 0 1
    outer loop
      vertex 19.475 44.6414 8.9
      vertex 20.0125 43.7104 8.9
      vertex 19.8328 44.8178 8.9
    endloop
  endfacet
  facet normal 0 0 1
    outer loop
      vertex 20.0125 43.7104 8.9
      vertex 19.475 44.6414 8.9
      vertex 19.7977 43.5669 8.9
    endloop
  endfacet
  facet normal -0 0 1
    outer loop
      vertex 19.1433 44.4197 8.9
      vertex 19.7977 43.5669 8.9
      vertex 19.475 44.6414 8.9
    endloop
  endfacet
  facet normal 0 0 1
    outer loop
      vertex 19.7977 43.5669 8.9
      vertex 19.1433 44.4197 8.9
      vertex 19.6035 43.3965 8.9
    endloop
  endfacet
  facet normal -0 0 1
    outer loop
      vertex 18.8433 44.1567 8.9
      vertex 19.6035 43.3965 8.9
      vertex 19.1433 44.4197 8.9
    endloop
  endfacet
  facet normal 0 0 1
    outer loop
      vertex 19.6035 43.3965 8.9
      vertex 18.8433 44.1567 8.9
      vertex 19.4331 43.2023 8.9
    endloop
  endfacet
  facet normal -0 0 1
    outer loop
      vertex 18.5803 43.8567 8.9
      vertex 19.4331 43.2023 8.9
      vertex 18.8433 44.1567 8.9
    endloop
  endfacet
  facet normal 0 0 1
    outer loop
      vertex 19.4331 43.2023 8.9
      vertex 18.5803 43.8567 8.9
      vertex 19.2896 42.9875 8.9
    endloop
  endfacet
  facet normal -0 0 1
    outer loop
      vertex 18.3586 43.525 8.9
      vertex 19.2896 42.9875 8.9
      vertex 18.5803 43.8567 8.9
    endloop
  endfacet
  facet normal 0 0 1
    outer loop
      vertex 19.2896 42.9875 8.9
      vertex 18.3586 43.525 8.9
      vertex 19.1753 42.7558 8.9
    endloop
  endfacet
  facet normal -0 0 1
    outer loop
      vertex 18.1822 43.1672 8.9
      vertex 19.1753 42.7558 8.9
      vertex 18.3586 43.525 8.9
    endloop
  endfacet
  facet normal 0 0 1
    outer loop
      vertex 23.8178 40.8328 8.9
      vertex 22.8247 41.2442 8.9
      vertex 23.6414 40.475 8.9
    endloop
  endfacet
  facet normal -0 0 1
    outer loop
      vertex 22.7104 41.0125 8.9
      vertex 23.6414 40.475 8.9
      vertex 22.8247 41.2442 8.9
    endloop
  endfacet
  facet normal 0 0 1
    outer loop
      vertex 23.6414 40.475 8.9
      vertex 22.7104 41.0125 8.9
      vertex 23.4197 40.1433 8.9
    endloop
  endfacet
  facet normal -0 0 1
    outer loop
      vertex 22.5669 40.7977 8.9
      vertex 23.4197 40.1433 8.9
      vertex 22.7104 41.0125 8.9
    endloop
  endfacet
  facet normal 0 0 1
    outer loop
      vertex 23.4197 40.1433 8.9
      vertex 22.5669 40.7977 8.9
      vertex 23.1567 39.8433 8.9
    endloop
  endfacet
  facet normal -0 0 1
    outer loop
      vertex 22.3965 40.6035 8.9
      vertex 23.1567 39.8433 8.9
      vertex 22.5669 40.7977 8.9
    endloop
  endfacet
  facet normal 0 0 1
    outer loop
      vertex 23.1567 39.8433 8.9
      vertex 22.3965 40.6035 8.9
      vertex 22.8567 39.5803 8.9
    endloop
  endfacet
  facet normal -0 0 1
    outer loop
      vertex 22.2023 40.4331 8.9
      vertex 22.8567 39.5803 8.9
      vertex 22.3965 40.6035 8.9
    endloop
  endfacet
  facet normal 0 0 1
    outer loop
      vertex 22.8567 39.5803 8.9
      vertex 22.2023 40.4331 8.9
      vertex 22.525 39.3586 8.9
    endloop
  endfacet
  facet normal -0 0 1
    outer loop
      vertex 21.9875 40.2896 8.9
      vertex 22.525 39.3586 8.9
      vertex 22.2023 40.4331 8.9
    endloop
  endfacet
  facet normal 0 0 1
    outer loop
      vertex 22.525 39.3586 8.9
      vertex 21.9875 40.2896 8.9
      vertex 22.1672 39.1822 8.9
    endloop
  endfacet
  facet normal -0 0 1
    outer loop
      vertex 21.7558 40.1753 8.9
      vertex 22.1672 39.1822 8.9
      vertex 21.9875 40.2896 8.9
    endloop
  endfacet
  facet normal 0 0 1
    outer loop
      vertex 22.1672 39.1822 8.9
      vertex 21.7558 40.1753 8.9
      vertex 21.7894 39.0539 8.9
    endloop
  endfacet
  facet normal -0 0 1
    outer loop
      vertex 21.5112 40.0923 8.9
      vertex 21.7894 39.0539 8.9
      vertex 21.7558 40.1753 8.9
    endloop
  endfacet
  facet normal 0 0 1
    outer loop
      vertex 21.5112 40.0923 8.9
      vertex 21.3981 38.9761 8.9
      vertex 21.7894 39.0539 8.9
    endloop
  endfacet
  facet normal -0 0 1
    outer loop
      vertex 21.2578 40.0419 8.9
      vertex 21.3981 38.9761 8.9
      vertex 21.5112 40.0923 8.9
    endloop
  endfacet
  facet normal -0 0 1
    outer loop
      vertex 21 40.025 8.9
      vertex 21.3981 38.9761 8.9
      vertex 21.2578 40.0419 8.9
    endloop
  endfacet
  facet normal 0 0 1
    outer loop
      vertex 21 40.025 8.9
      vertex 21 38.95 8.9
      vertex 21.3981 38.9761 8.9
    endloop
  endfacet
  facet normal 0 0 1
    outer loop
      vertex 20.7422 40.0419 8.9
      vertex 21 38.95 8.9
      vertex 21 40.025 8.9
    endloop
  endfacet
  facet normal 0 0 1
    outer loop
      vertex 20.7422 40.0419 8.9
      vertex 20.6019 38.9761 8.9
      vertex 21 38.95 8.9
    endloop
  endfacet
  facet normal 0 0 1
    outer loop
      vertex 20.4888 40.0923 8.9
      vertex 20.6019 38.9761 8.9
      vertex 20.7422 40.0419 8.9
    endloop
  endfacet
  facet normal 0 0 1
    outer loop
      vertex 20.2106 39.0539 8.9
      vertex 20.4888 40.0923 8.9
      vertex 20.2442 40.1753 8.9
    endloop
  endfacet
  facet normal 0 0 1
    outer loop
      vertex 20.4888 40.0923 8.9
      vertex 20.2106 39.0539 8.9
      vertex 20.6019 38.9761 8.9
    endloop
  endfacet
  facet normal 0 0 1
    outer loop
      vertex 19.8328 39.1822 8.9
      vertex 20.2442 40.1753 8.9
      vertex 20.0125 40.2896 8.9
    endloop
  endfacet
  facet normal 0 0 1
    outer loop
      vertex 20.2442 40.1753 8.9
      vertex 19.8328 39.1822 8.9
      vertex 20.2106 39.0539 8.9
    endloop
  endfacet
  facet normal 0 0 1
    outer loop
      vertex 19.475 39.3586 8.9
      vertex 20.0125 40.2896 8.9
      vertex 19.7977 40.4331 8.9
    endloop
  endfacet
  facet normal 0 0 1
    outer loop
      vertex 19.1433 39.5803 8.9
      vertex 19.7977 40.4331 8.9
      vertex 19.6035 40.6035 8.9
    endloop
  endfacet
  facet normal 0 0 1
    outer loop
      vertex 20.0125 40.2896 8.9
      vertex 19.475 39.3586 8.9
      vertex 19.8328 39.1822 8.9
    endloop
  endfacet
  facet normal 0 0 1
    outer loop
      vertex 18.8433 39.8433 8.9
      vertex 19.6035 40.6035 8.9
      vertex 19.4331 40.7977 8.9
    endloop
  endfacet
  facet normal 0 0 1
    outer loop
      vertex 18.5803 40.1433 8.9
      vertex 19.4331 40.7977 8.9
      vertex 19.2896 41.0125 8.9
    endloop
  endfacet
  facet normal 0 0 1
    outer loop
      vertex 18.3586 40.475 8.9
      vertex 19.2896 41.0125 8.9
      vertex 19.1753 41.2442 8.9
    endloop
  endfacet
  facet normal 0 0 1
    outer loop
      vertex 19.7977 40.4331 8.9
      vertex 19.1433 39.5803 8.9
      vertex 19.475 39.3586 8.9
    endloop
  endfacet
  facet normal 0 0 1
    outer loop
      vertex 18.1822 40.8328 8.9
      vertex 19.1753 41.2442 8.9
      vertex 19.0923 41.4888 8.9
    endloop
  endfacet
  facet normal 0 0 1
    outer loop
      vertex 18.0539 41.2106 8.9
      vertex 19.0923 41.4888 8.9
      vertex 19.0419 41.7422 8.9
    endloop
  endfacet
  facet normal 0 0 1
    outer loop
      vertex 17.9761 41.6019 8.9
      vertex 19.0419 41.7422 8.9
      vertex 19.025 42 8.9
    endloop
  endfacet
  facet normal 0 0 1
    outer loop
      vertex 19.1753 42.7558 8.9
      vertex 18.1822 43.1672 8.9
      vertex 19.0923 42.5112 8.9
    endloop
  endfacet
  facet normal 0 0 1
    outer loop
      vertex 19.6035 40.6035 8.9
      vertex 18.8433 39.8433 8.9
      vertex 19.1433 39.5803 8.9
    endloop
  endfacet
  facet normal -0 0 1
    outer loop
      vertex 18.0539 42.7894 8.9
      vertex 19.0923 42.5112 8.9
      vertex 18.1822 43.1672 8.9
    endloop
  endfacet
  facet normal 0 0 1
    outer loop
      vertex 19.4331 40.7977 8.9
      vertex 18.5803 40.1433 8.9
      vertex 18.8433 39.8433 8.9
    endloop
  endfacet
  facet normal 0 0 1
    outer loop
      vertex 19.0923 42.5112 8.9
      vertex 18.0539 42.7894 8.9
      vertex 19.0419 42.2578 8.9
    endloop
  endfacet
  facet normal 0 0 1
    outer loop
      vertex 19.2896 41.0125 8.9
      vertex 18.3586 40.475 8.9
      vertex 18.5803 40.1433 8.9
    endloop
  endfacet
  facet normal -0 0 1
    outer loop
      vertex 17.9761 42.3981 8.9
      vertex 19.0419 42.2578 8.9
      vertex 18.0539 42.7894 8.9
    endloop
  endfacet
  facet normal 0 0 1
    outer loop
      vertex 19.1753 41.2442 8.9
      vertex 18.1822 40.8328 8.9
      vertex 18.3586 40.475 8.9
    endloop
  endfacet
  facet normal 0 0 1
    outer loop
      vertex 19.0419 42.2578 8.9
      vertex 17.9761 42.3981 8.9
      vertex 19.025 42 8.9
    endloop
  endfacet
  facet normal 0 0 1
    outer loop
      vertex 19.0923 41.4888 8.9
      vertex 18.0539 41.2106 8.9
      vertex 18.1822 40.8328 8.9
    endloop
  endfacet
  facet normal 0 0 1
    outer loop
      vertex 17.95 42 8.9
      vertex 19.025 42 8.9
      vertex 17.9761 42.3981 8.9
    endloop
  endfacet
  facet normal 0 0 1
    outer loop
      vertex 19.0419 41.7422 8.9
      vertex 17.9761 41.6019 8.9
      vertex 18.0539 41.2106 8.9
    endloop
  endfacet
  facet normal 0 0 1
    outer loop
      vertex 19.025 42 8.9
      vertex 17.95 42 8.9
      vertex 17.9761 41.6019 8.9
    endloop
  endfacet
  facet normal 0.946889 -0.321561 0
    outer loop
      vertex 18.0539 42.7894 9.5
      vertex 18.1822 43.1672 8.9
      vertex 18.1822 43.1672 9.5
    endloop
  endfacet
  facet normal 0.946889 -0.321561 0
    outer loop
      vertex 18.1822 43.1672 8.9
      vertex 18.0539 42.7894 9.5
      vertex 18.0539 42.7894 8.9
    endloop
  endfacet
  facet normal -0.980789 -0.195074 0
    outer loop
      vertex 60.9581 -25.7422 4.025
      vertex 60.9077 -25.4888 8.9
      vertex 60.9077 -25.4888 4.025
    endloop
  endfacet
  facet normal -0.980789 -0.195074 0
    outer loop
      vertex 60.9077 -25.4888 8.9
      vertex 60.9581 -25.7422 4.025
      vertex 60.9581 -25.7422 8.9
    endloop
  endfacet
  facet normal -0.997858 -0.0654143 0
    outer loop
      vertex 60.975 -26 4.025
      vertex 60.9581 -25.7422 8.9
      vertex 60.9581 -25.7422 4.025
    endloop
  endfacet
  facet normal -0.997858 -0.0654143 0
    outer loop
      vertex 60.9581 -25.7422 8.9
      vertex 60.975 -26 4.025
      vertex 60.975 -26 8.9
    endloop
  endfacet
  facet normal 0.195074 0.980789 -0
    outer loop
      vertex 58.7422 -27.9581 4.025
      vertex 58.4888 -27.9077 8.9
      vertex 58.7422 -27.9581 8.9
    endloop
  endfacet
  facet normal 0.195074 0.980789 0
    outer loop
      vertex 58.4888 -27.9077 8.9
      vertex 58.7422 -27.9581 4.025
      vertex 58.4888 -27.9077 4.025
    endloop
  endfacet
  facet normal 0.831514 -0.555504 0
    outer loop
      vertex 57.2896 -25.0125 8.9
      vertex 57.4331 -24.7977 4.025
      vertex 57.4331 -24.7977 8.9
    endloop
  endfacet
  facet normal 0.831514 -0.555504 0
    outer loop
      vertex 57.4331 -24.7977 4.025
      vertex 57.2896 -25.0125 8.9
      vertex 57.2896 -25.0125 4.025
    endloop
  endfacet
  facet normal 0.555504 0.831514 -0
    outer loop
      vertex 58.0125 -27.7104 4.025
      vertex 57.7977 -27.5669 8.9
      vertex 58.0125 -27.7104 8.9
    endloop
  endfacet
  facet normal 0.555504 0.831514 0
    outer loop
      vertex 57.7977 -27.5669 8.9
      vertex 58.0125 -27.7104 4.025
      vertex 57.7977 -27.5669 4.025
    endloop
  endfacet
  facet normal -0.659545 -0.751665 0
    outer loop
      vertex 60.2023 -24.4331 4.025
      vertex 60.3965 -24.6035 8.9
      vertex 60.2023 -24.4331 8.9
    endloop
  endfacet
  facet normal -0.659545 -0.751665 -0
    outer loop
      vertex 60.3965 -24.6035 8.9
      vertex 60.2023 -24.4331 4.025
      vertex 60.3965 -24.6035 4.025
    endloop
  endfacet
  facet normal 0.980789 -0.195074 0
    outer loop
      vertex 57.0419 -25.7422 8.9
      vertex 57.0923 -25.4888 4.025
      vertex 57.0923 -25.4888 8.9
    endloop
  endfacet
  facet normal 0.980789 -0.195074 0
    outer loop
      vertex 57.0923 -25.4888 4.025
      vertex 57.0419 -25.7422 8.9
      vertex 57.0419 -25.7422 4.025
    endloop
  endfacet
  facet normal -0.946966 0.321334 0
    outer loop
      vertex 60.8247 -26.7558 4.025
      vertex 60.9077 -26.5112 8.9
      vertex 60.9077 -26.5112 4.025
    endloop
  endfacet
  facet normal -0.946966 0.321334 0
    outer loop
      vertex 60.9077 -26.5112 8.9
      vertex 60.8247 -26.7558 4.025
      vertex 60.8247 -26.7558 8.9
    endloop
  endfacet
  facet normal -0.997858 0.0654143 0
    outer loop
      vertex 60.9581 -26.2578 4.025
      vertex 60.975 -26 8.9
      vertex 60.975 -26 4.025
    endloop
  endfacet
  facet normal -0.997858 0.0654143 0
    outer loop
      vertex 60.975 -26 8.9
      vertex 60.9581 -26.2578 4.025
      vertex 60.9581 -26.2578 8.9
    endloop
  endfacet
  facet normal 0.442408 -0.896814 0
    outer loop
      vertex 58.0125 -24.2896 4.025
      vertex 58.2442 -24.1753 8.9
      vertex 58.0125 -24.2896 8.9
    endloop
  endfacet
  facet normal 0.442408 -0.896814 0
    outer loop
      vertex 58.2442 -24.1753 8.9
      vertex 58.0125 -24.2896 4.025
      vertex 58.2442 -24.1753 4.025
    endloop
  endfacet
  facet normal -0.831514 -0.555504 0
    outer loop
      vertex 60.7104 -25.0125 4.025
      vertex 60.5669 -24.7977 8.9
      vertex 60.5669 -24.7977 4.025
    endloop
  endfacet
  facet normal -0.831514 -0.555504 0
    outer loop
      vertex 60.5669 -24.7977 8.9
      vertex 60.7104 -25.0125 4.025
      vertex 60.7104 -25.0125 8.9
    endloop
  endfacet
  facet normal -0.0654143 -0.997858 0
    outer loop
      vertex 59 -24.025 4.025
      vertex 59.2578 -24.0419 8.9
      vertex 59 -24.025 8.9
    endloop
  endfacet
  facet normal -0.0654143 -0.997858 -0
    outer loop
      vertex 59.2578 -24.0419 8.9
      vertex 59 -24.025 4.025
      vertex 59.2578 -24.0419 4.025
    endloop
  endfacet
  facet normal 0.0654143 0.997858 -0
    outer loop
      vertex 59 -27.975 4.025
      vertex 58.7422 -27.9581 8.9
      vertex 59 -27.975 8.9
    endloop
  endfacet
  facet normal 0.0654143 0.997858 0
    outer loop
      vertex 58.7422 -27.9581 8.9
      vertex 59 -27.975 4.025
      vertex 58.7422 -27.9581 4.025
    endloop
  endfacet
  facet normal 0 0 1
    outer loop
      vertex 60.9581 -25.7422 4.025
      vertex 60.9581 -26.2578 4.025
      vertex 60.975 -26 4.025
    endloop
  endfacet
  facet normal 0 0 1
    outer loop
      vertex 60.9077 -25.4888 4.025
      vertex 60.9581 -26.2578 4.025
      vertex 60.9581 -25.7422 4.025
    endloop
  endfacet
  facet normal 0 0 1
    outer loop
      vertex 60.9077 -25.4888 4.025
      vertex 60.9077 -26.5112 4.025
      vertex 60.9581 -26.2578 4.025
    endloop
  endfacet
  facet normal 0 0 1
    outer loop
      vertex 60.8247 -25.2442 4.025
      vertex 60.9077 -26.5112 4.025
      vertex 60.9077 -25.4888 4.025
    endloop
  endfacet
  facet normal 0 0 1
    outer loop
      vertex 60.8247 -25.2442 4.025
      vertex 60.8247 -26.7558 4.025
      vertex 60.9077 -26.5112 4.025
    endloop
  endfacet
  facet normal 0 0 1
    outer loop
      vertex 60.7104 -25.0125 4.025
      vertex 60.8247 -26.7558 4.025
      vertex 60.8247 -25.2442 4.025
    endloop
  endfacet
  facet normal 0 0 1
    outer loop
      vertex 60.7104 -25.0125 4.025
      vertex 60.7104 -26.9875 4.025
      vertex 60.8247 -26.7558 4.025
    endloop
  endfacet
  facet normal 0 0 1
    outer loop
      vertex 60.5669 -24.7977 4.025
      vertex 60.7104 -26.9875 4.025
      vertex 60.7104 -25.0125 4.025
    endloop
  endfacet
  facet normal 0 0 1
    outer loop
      vertex 60.5669 -24.7977 4.025
      vertex 60.5669 -27.2023 4.025
      vertex 60.7104 -26.9875 4.025
    endloop
  endfacet
  facet normal 0 0 1
    outer loop
      vertex 60.3965 -24.6035 4.025
      vertex 60.5669 -27.2023 4.025
      vertex 60.5669 -24.7977 4.025
    endloop
  endfacet
  facet normal 0 0 1
    outer loop
      vertex 60.3965 -24.6035 4.025
      vertex 60.3965 -27.3965 4.025
      vertex 60.5669 -27.2023 4.025
    endloop
  endfacet
  facet normal 0 0 1
    outer loop
      vertex 60.2023 -24.4331 4.025
      vertex 60.3965 -27.3965 4.025
      vertex 60.3965 -24.6035 4.025
    endloop
  endfacet
  facet normal 0 0 1
    outer loop
      vertex 60.2023 -24.4331 4.025
      vertex 60.2023 -27.5669 4.025
      vertex 60.3965 -27.3965 4.025
    endloop
  endfacet
  facet normal 0 0 1
    outer loop
      vertex 59.9875 -24.2896 4.025
      vertex 60.2023 -27.5669 4.025
      vertex 60.2023 -24.4331 4.025
    endloop
  endfacet
  facet normal 0 0 1
    outer loop
      vertex 59.9875 -24.2896 4.025
      vertex 59.9875 -27.7104 4.025
      vertex 60.2023 -27.5669 4.025
    endloop
  endfacet
  facet normal 0 0 1
    outer loop
      vertex 59.7558 -24.1753 4.025
      vertex 59.9875 -27.7104 4.025
      vertex 59.9875 -24.2896 4.025
    endloop
  endfacet
  facet normal 0 0 1
    outer loop
      vertex 59.7558 -24.1753 4.025
      vertex 59.7558 -27.8247 4.025
      vertex 59.9875 -27.7104 4.025
    endloop
  endfacet
  facet normal 0 0 1
    outer loop
      vertex 59.5112 -24.0923 4.025
      vertex 59.7558 -27.8247 4.025
      vertex 59.7558 -24.1753 4.025
    endloop
  endfacet
  facet normal 0 0 1
    outer loop
      vertex 59.5112 -24.0923 4.025
      vertex 59.5112 -27.9077 4.025
      vertex 59.7558 -27.8247 4.025
    endloop
  endfacet
  facet normal 0 0 1
    outer loop
      vertex 59.2578 -24.0419 4.025
      vertex 59.5112 -27.9077 4.025
      vertex 59.5112 -24.0923 4.025
    endloop
  endfacet
  facet normal 0 0 1
    outer loop
      vertex 59.2578 -24.0419 4.025
      vertex 59.2578 -27.9581 4.025
      vertex 59.5112 -27.9077 4.025
    endloop
  endfacet
  facet normal 0 0 1
    outer loop
      vertex 59 -24.025 4.025
      vertex 59.2578 -27.9581 4.025
      vertex 59.2578 -24.0419 4.025
    endloop
  endfacet
  facet normal 0 0 1
    outer loop
      vertex 59 -24.025 4.025
      vertex 59 -27.975 4.025
      vertex 59.2578 -27.9581 4.025
    endloop
  endfacet
  facet normal -0 0 1
    outer loop
      vertex 58.7422 -24.0419 4.025
      vertex 59 -27.975 4.025
      vertex 59 -24.025 4.025
    endloop
  endfacet
  facet normal 0 0 1
    outer loop
      vertex 58.7422 -24.0419 4.025
      vertex 58.7422 -27.9581 4.025
      vertex 59 -27.975 4.025
    endloop
  endfacet
  facet normal -0 0 1
    outer loop
      vertex 58.4888 -24.0923 4.025
      vertex 58.7422 -27.9581 4.025
      vertex 58.7422 -24.0419 4.025
    endloop
  endfacet
  facet normal 0 0 1
    outer loop
      vertex 58.4888 -24.0923 4.025
      vertex 58.4888 -27.9077 4.025
      vertex 58.7422 -27.9581 4.025
    endloop
  endfacet
  facet normal -0 0 1
    outer loop
      vertex 58.2442 -24.1753 4.025
      vertex 58.4888 -27.9077 4.025
      vertex 58.4888 -24.0923 4.025
    endloop
  endfacet
  facet normal 0 0 1
    outer loop
      vertex 58.2442 -24.1753 4.025
      vertex 58.2442 -27.8247 4.025
      vertex 58.4888 -27.9077 4.025
    endloop
  endfacet
  facet normal -0 0 1
    outer loop
      vertex 58.0125 -24.2896 4.025
      vertex 58.2442 -27.8247 4.025
      vertex 58.2442 -24.1753 4.025
    endloop
  endfacet
  facet normal 0 0 1
    outer loop
      vertex 58.0125 -24.2896 4.025
      vertex 58.0125 -27.7104 4.025
      vertex 58.2442 -27.8247 4.025
    endloop
  endfacet
  facet normal -0 0 1
    outer loop
      vertex 57.7977 -24.4331 4.025
      vertex 58.0125 -27.7104 4.025
      vertex 58.0125 -24.2896 4.025
    endloop
  endfacet
  facet normal 0 0 1
    outer loop
      vertex 57.7977 -24.4331 4.025
      vertex 57.7977 -27.5669 4.025
      vertex 58.0125 -27.7104 4.025
    endloop
  endfacet
  facet normal -0 0 1
    outer loop
      vertex 57.6035 -24.6035 4.025
      vertex 57.7977 -27.5669 4.025
      vertex 57.7977 -24.4331 4.025
    endloop
  endfacet
  facet normal 0 0 1
    outer loop
      vertex 57.6035 -24.6035 4.025
      vertex 57.6035 -27.3965 4.025
      vertex 57.7977 -27.5669 4.025
    endloop
  endfacet
  facet normal -0 0 1
    outer loop
      vertex 57.4331 -24.7977 4.025
      vertex 57.6035 -27.3965 4.025
      vertex 57.6035 -24.6035 4.025
    endloop
  endfacet
  facet normal 0 0 1
    outer loop
      vertex 57.4331 -24.7977 4.025
      vertex 57.4331 -27.2023 4.025
      vertex 57.6035 -27.3965 4.025
    endloop
  endfacet
  facet normal -0 0 1
    outer loop
      vertex 57.2896 -25.0125 4.025
      vertex 57.4331 -27.2023 4.025
      vertex 57.4331 -24.7977 4.025
    endloop
  endfacet
  facet normal 0 0 1
    outer loop
      vertex 57.2896 -25.0125 4.025
      vertex 57.2896 -26.9875 4.025
      vertex 57.4331 -27.2023 4.025
    endloop
  endfacet
  facet normal -0 0 1
    outer loop
      vertex 57.1753 -25.2442 4.025
      vertex 57.2896 -26.9875 4.025
      vertex 57.2896 -25.0125 4.025
    endloop
  endfacet
  facet normal 0 0 1
    outer loop
      vertex 57.1753 -25.2442 4.025
      vertex 57.1753 -26.7558 4.025
      vertex 57.2896 -26.9875 4.025
    endloop
  endfacet
  facet normal -0 0 1
    outer loop
      vertex 57.0923 -25.4888 4.025
      vertex 57.1753 -26.7558 4.025
      vertex 57.1753 -25.2442 4.025
    endloop
  endfacet
  facet normal 0 0 1
    outer loop
      vertex 57.0923 -25.4888 4.025
      vertex 57.0923 -26.5112 4.025
      vertex 57.1753 -26.7558 4.025
    endloop
  endfacet
  facet normal -0 0 1
    outer loop
      vertex 57.0419 -25.7422 4.025
      vertex 57.0923 -26.5112 4.025
      vertex 57.0923 -25.4888 4.025
    endloop
  endfacet
  facet normal 0 0 1
    outer loop
      vertex 57.0419 -25.7422 4.025
      vertex 57.0419 -26.2578 4.025
      vertex 57.0923 -26.5112 4.025
    endloop
  endfacet
  facet normal 0 -0 1
    outer loop
      vertex 57.0419 -26.2578 4.025
      vertex 57.0419 -25.7422 4.025
      vertex 57.025 -26 4.025
    endloop
  endfacet
  facet normal -0.659545 0.751665 0
    outer loop
      vertex 60.3965 -27.3965 4.025
      vertex 60.2023 -27.5669 8.9
      vertex 60.3965 -27.3965 8.9
    endloop
  endfacet
  facet normal -0.659545 0.751665 0
    outer loop
      vertex 60.2023 -27.5669 8.9
      vertex 60.3965 -27.3965 4.025
      vertex 60.2023 -27.5669 4.025
    endloop
  endfacet
  facet normal -0.980789 0.195074 0
    outer loop
      vertex 60.9077 -26.5112 4.025
      vertex 60.9581 -26.2578 8.9
      vertex 60.9581 -26.2578 4.025
    endloop
  endfacet
  facet normal -0.980789 0.195074 0
    outer loop
      vertex 60.9581 -26.2578 8.9
      vertex 60.9077 -26.5112 4.025
      vertex 60.9077 -26.5112 8.9
    endloop
  endfacet
  facet normal -0.831514 0.555504 0
    outer loop
      vertex 60.5669 -27.2023 4.025
      vertex 60.7104 -26.9875 8.9
      vertex 60.7104 -26.9875 4.025
    endloop
  endfacet
  facet normal -0.831514 0.555504 0
    outer loop
      vertex 60.7104 -26.9875 8.9
      vertex 60.5669 -27.2023 4.025
      vertex 60.5669 -27.2023 8.9
    endloop
  endfacet
  facet normal 0.659545 -0.751665 0
    outer loop
      vertex 57.6035 -24.6035 4.025
      vertex 57.7977 -24.4331 8.9
      vertex 57.6035 -24.6035 8.9
    endloop
  endfacet
  facet normal 0.659545 -0.751665 0
    outer loop
      vertex 57.7977 -24.4331 8.9
      vertex 57.6035 -24.6035 4.025
      vertex 57.7977 -24.4331 4.025
    endloop
  endfacet
  facet normal 0.555504 -0.831514 0
    outer loop
      vertex 57.7977 -24.4331 4.025
      vertex 58.0125 -24.2896 8.9
      vertex 57.7977 -24.4331 8.9
    endloop
  endfacet
  facet normal 0.555504 -0.831514 0
    outer loop
      vertex 58.0125 -24.2896 8.9
      vertex 57.7977 -24.4331 4.025
      vertex 58.0125 -24.2896 4.025
    endloop
  endfacet
  facet normal 0.896814 0.442408 0
    outer loop
      vertex 57.2896 -26.9875 8.9
      vertex 57.1753 -26.7558 4.025
      vertex 57.1753 -26.7558 8.9
    endloop
  endfacet
  facet normal 0.896814 0.442408 0
    outer loop
      vertex 57.1753 -26.7558 4.025
      vertex 57.2896 -26.9875 8.9
      vertex 57.2896 -26.9875 4.025
    endloop
  endfacet
  facet normal 0.659545 0.751665 -0
    outer loop
      vertex 57.7977 -27.5669 4.025
      vertex 57.6035 -27.3965 8.9
      vertex 57.7977 -27.5669 8.9
    endloop
  endfacet
  facet normal 0.659545 0.751665 0
    outer loop
      vertex 57.6035 -27.3965 8.9
      vertex 57.7977 -27.5669 4.025
      vertex 57.6035 -27.3965 4.025
    endloop
  endfacet
  facet normal 0.896814 -0.442408 0
    outer loop
      vertex 57.1753 -25.2442 8.9
      vertex 57.2896 -25.0125 4.025
      vertex 57.2896 -25.0125 8.9
    endloop
  endfacet
  facet normal 0.896814 -0.442408 0
    outer loop
      vertex 57.2896 -25.0125 4.025
      vertex 57.1753 -25.2442 8.9
      vertex 57.1753 -25.2442 4.025
    endloop
  endfacet
  facet normal -0.442408 0.896814 0
    outer loop
      vertex 59.9875 -27.7104 4.025
      vertex 59.7558 -27.8247 8.9
      vertex 59.9875 -27.7104 8.9
    endloop
  endfacet
  facet normal -0.442408 0.896814 0
    outer loop
      vertex 59.7558 -27.8247 8.9
      vertex 59.9875 -27.7104 4.025
      vertex 59.7558 -27.8247 4.025
    endloop
  endfacet
  facet normal 0.751665 0.659545 0
    outer loop
      vertex 57.6035 -27.3965 8.9
      vertex 57.4331 -27.2023 4.025
      vertex 57.4331 -27.2023 8.9
    endloop
  endfacet
  facet normal 0.751665 0.659545 0
    outer loop
      vertex 57.4331 -27.2023 4.025
      vertex 57.6035 -27.3965 8.9
      vertex 57.6035 -27.3965 4.025
    endloop
  endfacet
  facet normal -0.946966 -0.321334 0
    outer loop
      vertex 60.9077 -25.4888 4.025
      vertex 60.8247 -25.2442 8.9
      vertex 60.8247 -25.2442 4.025
    endloop
  endfacet
  facet normal -0.946966 -0.321334 0
    outer loop
      vertex 60.8247 -25.2442 8.9
      vertex 60.9077 -25.4888 4.025
      vertex 60.9077 -25.4888 8.9
    endloop
  endfacet
  facet normal 0.321334 -0.946966 0
    outer loop
      vertex 58.2442 -24.1753 4.025
      vertex 58.4888 -24.0923 8.9
      vertex 58.2442 -24.1753 8.9
    endloop
  endfacet
  facet normal 0.321334 -0.946966 0
    outer loop
      vertex 58.4888 -24.0923 8.9
      vertex 58.2442 -24.1753 4.025
      vertex 58.4888 -24.0923 4.025
    endloop
  endfacet
  facet normal -0.896814 -0.442408 0
    outer loop
      vertex 60.8247 -25.2442 4.025
      vertex 60.7104 -25.0125 8.9
      vertex 60.7104 -25.0125 4.025
    endloop
  endfacet
  facet normal -0.896814 -0.442408 0
    outer loop
      vertex 60.7104 -25.0125 8.9
      vertex 60.8247 -25.2442 4.025
      vertex 60.8247 -25.2442 8.9
    endloop
  endfacet
  facet normal 0.946966 -0.321334 0
    outer loop
      vertex 57.0923 -25.4888 8.9
      vertex 57.1753 -25.2442 4.025
      vertex 57.1753 -25.2442 8.9
    endloop
  endfacet
  facet normal 0.946966 -0.321334 0
    outer loop
      vertex 57.1753 -25.2442 4.025
      vertex 57.0923 -25.4888 8.9
      vertex 57.0923 -25.4888 4.025
    endloop
  endfacet
  facet normal -0.555504 -0.831514 0
    outer loop
      vertex 59.9875 -24.2896 4.025
      vertex 60.2023 -24.4331 8.9
      vertex 59.9875 -24.2896 8.9
    endloop
  endfacet
  facet normal -0.555504 -0.831514 -0
    outer loop
      vertex 60.2023 -24.4331 8.9
      vertex 59.9875 -24.2896 4.025
      vertex 60.2023 -24.4331 4.025
    endloop
  endfacet
  facet normal 0.980789 0.195074 0
    outer loop
      vertex 57.0923 -26.5112 8.9
      vertex 57.0419 -26.2578 4.025
      vertex 57.0419 -26.2578 8.9
    endloop
  endfacet
  facet normal 0.980789 0.195074 0
    outer loop
      vertex 57.0419 -26.2578 4.025
      vertex 57.0923 -26.5112 8.9
      vertex 57.0923 -26.5112 4.025
    endloop
  endfacet
  facet normal -0.896814 0.442408 0
    outer loop
      vertex 60.7104 -26.9875 4.025
      vertex 60.8247 -26.7558 8.9
      vertex 60.8247 -26.7558 4.025
    endloop
  endfacet
  facet normal -0.896814 0.442408 0
    outer loop
      vertex 60.8247 -26.7558 8.9
      vertex 60.7104 -26.9875 4.025
      vertex 60.7104 -26.9875 8.9
    endloop
  endfacet
  facet normal -0.442408 -0.896814 0
    outer loop
      vertex 59.7558 -24.1753 4.025
      vertex 59.9875 -24.2896 8.9
      vertex 59.7558 -24.1753 8.9
    endloop
  endfacet
  facet normal -0.442408 -0.896814 -0
    outer loop
      vertex 59.9875 -24.2896 8.9
      vertex 59.7558 -24.1753 4.025
      vertex 59.9875 -24.2896 4.025
    endloop
  endfacet
  facet normal 0.195074 -0.980789 0
    outer loop
      vertex 58.4888 -24.0923 4.025
      vertex 58.7422 -24.0419 8.9
      vertex 58.4888 -24.0923 8.9
    endloop
  endfacet
  facet normal 0.195074 -0.980789 0
    outer loop
      vertex 58.7422 -24.0419 8.9
      vertex 58.4888 -24.0923 4.025
      vertex 58.7422 -24.0419 4.025
    endloop
  endfacet
  facet normal -0.0654143 0.997858 0
    outer loop
      vertex 59.2578 -27.9581 4.025
      vertex 59 -27.975 8.9
      vertex 59.2578 -27.9581 8.9
    endloop
  endfacet
  facet normal -0.0654143 0.997858 0
    outer loop
      vertex 59 -27.975 8.9
      vertex 59.2578 -27.9581 4.025
      vertex 59 -27.975 4.025
    endloop
  endfacet
  facet normal -0.321334 -0.946966 0
    outer loop
      vertex 59.5112 -24.0923 4.025
      vertex 59.7558 -24.1753 8.9
      vertex 59.5112 -24.0923 8.9
    endloop
  endfacet
  facet normal -0.321334 -0.946966 -0
    outer loop
      vertex 59.7558 -24.1753 8.9
      vertex 59.5112 -24.0923 4.025
      vertex 59.7558 -24.1753 4.025
    endloop
  endfacet
  facet normal 0.0654143 -0.997858 0
    outer loop
      vertex 58.7422 -24.0419 4.025
      vertex 59 -24.025 8.9
      vertex 58.7422 -24.0419 8.9
    endloop
  endfacet
  facet normal 0.0654143 -0.997858 0
    outer loop
      vertex 59 -24.025 8.9
      vertex 58.7422 -24.0419 4.025
      vertex 59 -24.025 4.025
    endloop
  endfacet
  facet normal -0.195074 0.980789 0
    outer loop
      vertex 59.5112 -27.9077 4.025
      vertex 59.2578 -27.9581 8.9
      vertex 59.5112 -27.9077 8.9
    endloop
  endfacet
  facet normal -0.195074 0.980789 0
    outer loop
      vertex 59.2578 -27.9581 8.9
      vertex 59.5112 -27.9077 4.025
      vertex 59.2578 -27.9581 4.025
    endloop
  endfacet
  facet normal 0.946966 0.321334 0
    outer loop
      vertex 57.1753 -26.7558 8.9
      vertex 57.0923 -26.5112 4.025
      vertex 57.0923 -26.5112 8.9
    endloop
  endfacet
  facet normal 0.946966 0.321334 0
    outer loop
      vertex 57.0923 -26.5112 4.025
      vertex 57.1753 -26.7558 8.9
      vertex 57.1753 -26.7558 4.025
    endloop
  endfacet
  facet normal -0.321334 0.946966 0
    outer loop
      vertex 59.7558 -27.8247 4.025
      vertex 59.5112 -27.9077 8.9
      vertex 59.7558 -27.8247 8.9
    endloop
  endfacet
  facet normal -0.321334 0.946966 0
    outer loop
      vertex 59.5112 -27.9077 8.9
      vertex 59.7558 -27.8247 4.025
      vertex 59.5112 -27.9077 4.025
    endloop
  endfacet
  facet normal -0.195074 -0.980789 0
    outer loop
      vertex 59.2578 -24.0419 4.025
      vertex 59.5112 -24.0923 8.9
      vertex 59.2578 -24.0419 8.9
    endloop
  endfacet
  facet normal -0.195074 -0.980789 -0
    outer loop
      vertex 59.5112 -24.0923 8.9
      vertex 59.2578 -24.0419 4.025
      vertex 59.5112 -24.0923 4.025
    endloop
  endfacet
  facet normal -0.751665 -0.659545 0
    outer loop
      vertex 60.5669 -24.7977 4.025
      vertex 60.3965 -24.6035 8.9
      vertex 60.3965 -24.6035 4.025
    endloop
  endfacet
  facet normal -0.751665 -0.659545 0
    outer loop
      vertex 60.3965 -24.6035 8.9
      vertex 60.5669 -24.7977 4.025
      vertex 60.5669 -24.7977 8.9
    endloop
  endfacet
  facet normal 0.997858 -0.0654143 0
    outer loop
      vertex 57.025 -26 8.9
      vertex 57.0419 -25.7422 4.025
      vertex 57.0419 -25.7422 8.9
    endloop
  endfacet
  facet normal 0.997858 -0.0654143 0
    outer loop
      vertex 57.0419 -25.7422 4.025
      vertex 57.025 -26 8.9
      vertex 57.025 -26 4.025
    endloop
  endfacet
  facet normal -0.555504 0.831514 0
    outer loop
      vertex 60.2023 -27.5669 4.025
      vertex 59.9875 -27.7104 8.9
      vertex 60.2023 -27.5669 8.9
    endloop
  endfacet
  facet normal -0.555504 0.831514 0
    outer loop
      vertex 59.9875 -27.7104 8.9
      vertex 60.2023 -27.5669 4.025
      vertex 59.9875 -27.7104 4.025
    endloop
  endfacet
  facet normal 0.321334 0.946966 -0
    outer loop
      vertex 58.4888 -27.9077 4.025
      vertex 58.2442 -27.8247 8.9
      vertex 58.4888 -27.9077 8.9
    endloop
  endfacet
  facet normal 0.321334 0.946966 0
    outer loop
      vertex 58.2442 -27.8247 8.9
      vertex 58.4888 -27.9077 4.025
      vertex 58.2442 -27.8247 4.025
    endloop
  endfacet
  facet normal -0.751665 0.659545 0
    outer loop
      vertex 60.3965 -27.3965 4.025
      vertex 60.5669 -27.2023 8.9
      vertex 60.5669 -27.2023 4.025
    endloop
  endfacet
  facet normal -0.751665 0.659545 0
    outer loop
      vertex 60.5669 -27.2023 8.9
      vertex 60.3965 -27.3965 4.025
      vertex 60.3965 -27.3965 8.9
    endloop
  endfacet
  facet normal 0.997858 0.0654143 0
    outer loop
      vertex 57.0419 -26.2578 8.9
      vertex 57.025 -26 4.025
      vertex 57.025 -26 8.9
    endloop
  endfacet
  facet normal 0.997858 0.0654143 0
    outer loop
      vertex 57.025 -26 4.025
      vertex 57.0419 -26.2578 8.9
      vertex 57.0419 -26.2578 4.025
    endloop
  endfacet
  facet normal 0.831514 0.555504 0
    outer loop
      vertex 57.4331 -27.2023 8.9
      vertex 57.2896 -26.9875 4.025
      vertex 57.2896 -26.9875 8.9
    endloop
  endfacet
  facet normal 0.831514 0.555504 0
    outer loop
      vertex 57.2896 -26.9875 4.025
      vertex 57.4331 -27.2023 8.9
      vertex 57.4331 -27.2023 4.025
    endloop
  endfacet
  facet normal 0.442408 0.896814 -0
    outer loop
      vertex 58.2442 -27.8247 4.025
      vertex 58.0125 -27.7104 8.9
      vertex 58.2442 -27.8247 8.9
    endloop
  endfacet
  facet normal 0.442408 0.896814 0
    outer loop
      vertex 58.0125 -27.7104 8.9
      vertex 58.2442 -27.8247 4.025
      vertex 58.0125 -27.7104 4.025
    endloop
  endfacet
  facet normal 0.751665 -0.659545 0
    outer loop
      vertex 57.4331 -24.7977 8.9
      vertex 57.6035 -24.6035 4.025
      vertex 57.6035 -24.6035 8.9
    endloop
  endfacet
  facet normal 0.751665 -0.659545 0
    outer loop
      vertex 57.6035 -24.6035 4.025
      vertex 57.4331 -24.7977 8.9
      vertex 57.4331 -24.7977 4.025
    endloop
  endfacet
  facet normal -0.980802 -0.195007 0
    outer loop
      vertex 62.0239 -25.6019 8.9
      vertex 61.9461 -25.2106 9.5
      vertex 61.9461 -25.2106 8.9
    endloop
  endfacet
  facet normal -0.980802 -0.195007 0
    outer loop
      vertex 61.9461 -25.2106 9.5
      vertex 62.0239 -25.6019 8.9
      vertex 62.0239 -25.6019 9.5
    endloop
  endfacet
  facet normal -0.997858 -0.065421 0
    outer loop
      vertex 62.05 -26 8.9
      vertex 62.0239 -25.6019 9.5
      vertex 62.0239 -25.6019 8.9
    endloop
  endfacet
  facet normal -0.997858 -0.065421 0
    outer loop
      vertex 62.0239 -25.6019 9.5
      vertex 62.05 -26 8.9
      vertex 62.05 -26 9.5
    endloop
  endfacet
  facet normal 0.442193 -0.89692 0
    outer loop
      vertex 57.475 -23.3586 8.9
      vertex 57.8328 -23.1822 9.5
      vertex 57.475 -23.3586 9.5
    endloop
  endfacet
  facet normal 0.442193 -0.89692 0
    outer loop
      vertex 57.8328 -23.1822 9.5
      vertex 57.475 -23.3586 8.9
      vertex 57.8328 -23.1822 8.9
    endloop
  endfacet
  facet normal -0.659214 -0.751955 0
    outer loop
      vertex 60.8567 -23.5803 8.9
      vertex 61.1567 -23.8433 9.5
      vertex 60.8567 -23.5803 9.5
    endloop
  endfacet
  facet normal -0.659214 -0.751955 -0
    outer loop
      vertex 61.1567 -23.8433 9.5
      vertex 60.8567 -23.5803 8.9
      vertex 61.1567 -23.8433 8.9
    endloop
  endfacet
  facet normal 0.065421 -0.997858 0
    outer loop
      vertex 58.6019 -22.9761 8.9
      vertex 59 -22.95 9.5
      vertex 58.6019 -22.9761 9.5
    endloop
  endfacet
  facet normal 0.065421 -0.997858 0
    outer loop
      vertex 59 -22.95 9.5
      vertex 58.6019 -22.9761 8.9
      vertex 59 -22.95 8.9
    endloop
  endfacet
  facet normal -0.442193 0.89692 0
    outer loop
      vertex 60.525 -28.6414 8.9
      vertex 60.1672 -28.8178 9.5
      vertex 60.525 -28.6414 9.5
    endloop
  endfacet
  facet normal -0.442193 0.89692 0
    outer loop
      vertex 60.1672 -28.8178 9.5
      vertex 60.525 -28.6414 8.9
      vertex 60.1672 -28.8178 8.9
    endloop
  endfacet
  facet normal 0.980802 -0.195007 0
    outer loop
      vertex 55.9761 -25.6019 9.5
      vertex 56.0539 -25.2106 8.9
      vertex 56.0539 -25.2106 9.5
    endloop
  endfacet
  facet normal 0.980802 -0.195007 0
    outer loop
      vertex 56.0539 -25.2106 8.9
      vertex 55.9761 -25.6019 9.5
      vertex 55.9761 -25.6019 8.9
    endloop
  endfacet
  facet normal -0.195007 0.980802 0
    outer loop
      vertex 59.7894 -28.9461 8.9
      vertex 59.3981 -29.0239 9.5
      vertex 59.7894 -28.9461 9.5
    endloop
  endfacet
  facet normal -0.195007 0.980802 0
    outer loop
      vertex 59.3981 -29.0239 9.5
      vertex 59.7894 -28.9461 8.9
      vertex 59.3981 -29.0239 8.9
    endloop
  endfacet
  facet normal 0.065421 0.997858 -0
    outer loop
      vertex 59 -29.05 8.9
      vertex 58.6019 -29.0239 9.5
      vertex 59 -29.05 9.5
    endloop
  endfacet
  facet normal 0.065421 0.997858 0
    outer loop
      vertex 58.6019 -29.0239 9.5
      vertex 59 -29.05 8.9
      vertex 58.6019 -29.0239 8.9
    endloop
  endfacet
  facet normal 0.555683 0.831394 -0
    outer loop
      vertex 57.475 -28.6414 8.9
      vertex 57.1433 -28.4197 9.5
      vertex 57.475 -28.6414 9.5
    endloop
  endfacet
  facet normal 0.555683 0.831394 0
    outer loop
      vertex 57.1433 -28.4197 9.5
      vertex 57.475 -28.6414 8.9
      vertex 57.1433 -28.4197 8.9
    endloop
  endfacet
  facet normal -0.997858 0.065421 0
    outer loop
      vertex 62.0239 -26.3981 8.9
      vertex 62.05 -26 9.5
      vertex 62.05 -26 8.9
    endloop
  endfacet
  facet normal -0.997858 0.065421 0
    outer loop
      vertex 62.05 -26 9.5
      vertex 62.0239 -26.3981 8.9
      vertex 62.0239 -26.3981 9.5
    endloop
  endfacet
  facet normal 0.997858 -0.065421 0
    outer loop
      vertex 55.95 -26 9.5
      vertex 55.9761 -25.6019 8.9
      vertex 55.9761 -25.6019 9.5
    endloop
  endfacet
  facet normal 0.997858 -0.065421 0
    outer loop
      vertex 55.9761 -25.6019 8.9
      vertex 55.95 -26 9.5
      vertex 55.95 -26 8.9
    endloop
  endfacet
  facet normal -0.831394 -0.555683 0
    outer loop
      vertex 61.6414 -24.475 8.9
      vertex 61.4197 -24.1433 9.5
      vertex 61.4197 -24.1433 8.9
    endloop
  endfacet
  facet normal -0.831394 -0.555683 0
    outer loop
      vertex 61.4197 -24.1433 9.5
      vertex 61.6414 -24.475 8.9
      vertex 61.6414 -24.475 9.5
    endloop
  endfacet
  facet normal -0.89692 -0.442193 0
    outer loop
      vertex 61.8178 -24.8328 8.9
      vertex 61.6414 -24.475 9.5
      vertex 61.6414 -24.475 8.9
    endloop
  endfacet
  facet normal -0.89692 -0.442193 0
    outer loop
      vertex 61.6414 -24.475 9.5
      vertex 61.8178 -24.8328 8.9
      vertex 61.8178 -24.8328 9.5
    endloop
  endfacet
  facet normal 0.946889 0.321561 0
    outer loop
      vertex 56.1822 -27.1672 9.5
      vertex 56.0539 -26.7894 8.9
      vertex 56.0539 -26.7894 9.5
    endloop
  endfacet
  facet normal 0.946889 0.321561 0
    outer loop
      vertex 56.0539 -26.7894 8.9
      vertex 56.1822 -27.1672 9.5
      vertex 56.1822 -27.1672 8.9
    endloop
  endfacet
  facet normal -0.751955 0.659214 0
    outer loop
      vertex 61.1567 -28.1567 8.9
      vertex 61.4197 -27.8567 9.5
      vertex 61.4197 -27.8567 8.9
    endloop
  endfacet
  facet normal -0.751955 0.659214 0
    outer loop
      vertex 61.4197 -27.8567 9.5
      vertex 61.1567 -28.1567 8.9
      vertex 61.1567 -28.1567 9.5
    endloop
  endfacet
  facet normal -0.980802 0.195007 0
    outer loop
      vertex 61.9461 -26.7894 8.9
      vertex 62.0239 -26.3981 9.5
      vertex 62.0239 -26.3981 8.9
    endloop
  endfacet
  facet normal -0.980802 0.195007 0
    outer loop
      vertex 62.0239 -26.3981 9.5
      vertex 61.9461 -26.7894 8.9
      vertex 61.9461 -26.7894 9.5
    endloop
  endfacet
  facet normal 0.89692 0.442193 0
    outer loop
      vertex 56.3586 -27.525 9.5
      vertex 56.1822 -27.1672 8.9
      vertex 56.1822 -27.1672 9.5
    endloop
  endfacet
  facet normal 0.89692 0.442193 0
    outer loop
      vertex 56.1822 -27.1672 8.9
      vertex 56.3586 -27.525 9.5
      vertex 56.3586 -27.525 8.9
    endloop
  endfacet
  facet normal 0.321561 -0.946889 0
    outer loop
      vertex 57.8328 -23.1822 8.9
      vertex 58.2106 -23.0539 9.5
      vertex 57.8328 -23.1822 9.5
    endloop
  endfacet
  facet normal 0.321561 -0.946889 0
    outer loop
      vertex 58.2106 -23.0539 9.5
      vertex 57.8328 -23.1822 8.9
      vertex 58.2106 -23.0539 8.9
    endloop
  endfacet
  facet normal 0.659214 -0.751955 0
    outer loop
      vertex 56.8433 -23.8433 8.9
      vertex 57.1433 -23.5803 9.5
      vertex 56.8433 -23.8433 9.5
    endloop
  endfacet
  facet normal 0.659214 -0.751955 0
    outer loop
      vertex 57.1433 -23.5803 9.5
      vertex 56.8433 -23.8433 8.9
      vertex 57.1433 -23.5803 8.9
    endloop
  endfacet
  facet normal 0.555683 -0.831394 0
    outer loop
      vertex 57.1433 -23.5803 8.9
      vertex 57.475 -23.3586 9.5
      vertex 57.1433 -23.5803 9.5
    endloop
  endfacet
  facet normal 0.555683 -0.831394 0
    outer loop
      vertex 57.475 -23.3586 9.5
      vertex 57.1433 -23.5803 8.9
      vertex 57.475 -23.3586 8.9
    endloop
  endfacet
  facet normal -0.065421 -0.997858 0
    outer loop
      vertex 59 -22.95 8.9
      vertex 59.3981 -22.9761 9.5
      vertex 59 -22.95 9.5
    endloop
  endfacet
  facet normal -0.065421 -0.997858 -0
    outer loop
      vertex 59.3981 -22.9761 9.5
      vertex 59 -22.95 8.9
      vertex 59.3981 -22.9761 8.9
    endloop
  endfacet
  facet normal -0.321561 0.946889 0
    outer loop
      vertex 60.1672 -28.8178 8.9
      vertex 59.7894 -28.9461 9.5
      vertex 60.1672 -28.8178 9.5
    endloop
  endfacet
  facet normal -0.321561 0.946889 0
    outer loop
      vertex 59.7894 -28.9461 9.5
      vertex 60.1672 -28.8178 8.9
      vertex 59.7894 -28.9461 8.9
    endloop
  endfacet
  facet normal 0.751955 0.659214 0
    outer loop
      vertex 56.8433 -28.1567 9.5
      vertex 56.5803 -27.8567 8.9
      vertex 56.5803 -27.8567 9.5
    endloop
  endfacet
  facet normal 0.751955 0.659214 0
    outer loop
      vertex 56.5803 -27.8567 8.9
      vertex 56.8433 -28.1567 9.5
      vertex 56.8433 -28.1567 8.9
    endloop
  endfacet
  facet normal -0.659214 0.751955 0
    outer loop
      vertex 61.1567 -28.1567 8.9
      vertex 60.8567 -28.4197 9.5
      vertex 61.1567 -28.1567 9.5
    endloop
  endfacet
  facet normal -0.659214 0.751955 0
    outer loop
      vertex 60.8567 -28.4197 9.5
      vertex 61.1567 -28.1567 8.9
      vertex 60.8567 -28.4197 8.9
    endloop
  endfacet
  facet normal -0.065421 0.997858 0
    outer loop
      vertex 59.3981 -29.0239 8.9
      vertex 59 -29.05 9.5
      vertex 59.3981 -29.0239 9.5
    endloop
  endfacet
  facet normal -0.065421 0.997858 0
    outer loop
      vertex 59 -29.05 9.5
      vertex 59.3981 -29.0239 8.9
      vertex 59 -29.05 8.9
    endloop
  endfacet
  facet normal -0.555683 -0.831394 0
    outer loop
      vertex 60.525 -23.3586 8.9
      vertex 60.8567 -23.5803 9.5
      vertex 60.525 -23.3586 9.5
    endloop
  endfacet
  facet normal -0.555683 -0.831394 -0
    outer loop
      vertex 60.8567 -23.5803 9.5
      vertex 60.525 -23.3586 8.9
      vertex 60.8567 -23.5803 8.9
    endloop
  endfacet
  facet normal 0.442193 0.89692 -0
    outer loop
      vertex 57.8328 -28.8178 8.9
      vertex 57.475 -28.6414 9.5
      vertex 57.8328 -28.8178 9.5
    endloop
  endfacet
  facet normal 0.442193 0.89692 0
    outer loop
      vertex 57.475 -28.6414 9.5
      vertex 57.8328 -28.8178 8.9
      vertex 57.475 -28.6414 8.9
    endloop
  endfacet
  facet normal -0.555683 0.831394 0
    outer loop
      vertex 60.8567 -28.4197 8.9
      vertex 60.525 -28.6414 9.5
      vertex 60.8567 -28.4197 9.5
    endloop
  endfacet
  facet normal -0.555683 0.831394 0
    outer loop
      vertex 60.525 -28.6414 9.5
      vertex 60.8567 -28.4197 8.9
      vertex 60.525 -28.6414 8.9
    endloop
  endfacet
  facet normal 0 0 1
    outer loop
      vertex 60.975 -26 8.9
      vertex 62.05 -26 8.9
      vertex 62.0239 -25.6019 8.9
    endloop
  endfacet
  facet normal 0 0 1
    outer loop
      vertex 60.9581 -25.7422 8.9
      vertex 62.0239 -25.6019 8.9
      vertex 61.9461 -25.2106 8.9
    endloop
  endfacet
  facet normal 0 0 1
    outer loop
      vertex 62.05 -26 8.9
      vertex 60.975 -26 8.9
      vertex 62.0239 -26.3981 8.9
    endloop
  endfacet
  facet normal 0 0 1
    outer loop
      vertex 60.9077 -25.4888 8.9
      vertex 61.9461 -25.2106 8.9
      vertex 61.8178 -24.8328 8.9
    endloop
  endfacet
  facet normal -0 0 1
    outer loop
      vertex 60.9581 -26.2578 8.9
      vertex 62.0239 -26.3981 8.9
      vertex 60.975 -26 8.9
    endloop
  endfacet
  facet normal 0 0 1
    outer loop
      vertex 60.8247 -25.2442 8.9
      vertex 61.8178 -24.8328 8.9
      vertex 61.6414 -24.475 8.9
    endloop
  endfacet
  facet normal 0 0 1
    outer loop
      vertex 62.0239 -26.3981 8.9
      vertex 60.9581 -26.2578 8.9
      vertex 61.9461 -26.7894 8.9
    endloop
  endfacet
  facet normal 0 0 1
    outer loop
      vertex 60.7104 -25.0125 8.9
      vertex 61.6414 -24.475 8.9
      vertex 61.4197 -24.1433 8.9
    endloop
  endfacet
  facet normal -0 0 1
    outer loop
      vertex 60.9077 -26.5112 8.9
      vertex 61.9461 -26.7894 8.9
      vertex 60.9581 -26.2578 8.9
    endloop
  endfacet
  facet normal 0 0 1
    outer loop
      vertex 60.5669 -24.7977 8.9
      vertex 61.4197 -24.1433 8.9
      vertex 61.1567 -23.8433 8.9
    endloop
  endfacet
  facet normal 0 0 1
    outer loop
      vertex 61.9461 -26.7894 8.9
      vertex 60.9077 -26.5112 8.9
      vertex 61.8178 -27.1672 8.9
    endloop
  endfacet
  facet normal -0 0 1
    outer loop
      vertex 60.8247 -26.7558 8.9
      vertex 61.8178 -27.1672 8.9
      vertex 60.9077 -26.5112 8.9
    endloop
  endfacet
  facet normal 0 0 1
    outer loop
      vertex 62.0239 -25.6019 8.9
      vertex 60.9581 -25.7422 8.9
      vertex 60.975 -26 8.9
    endloop
  endfacet
  facet normal 0 0 1
    outer loop
      vertex 61.9461 -25.2106 8.9
      vertex 60.9077 -25.4888 8.9
      vertex 60.9581 -25.7422 8.9
    endloop
  endfacet
  facet normal 0 0 1
    outer loop
      vertex 60.3965 -24.6035 8.9
      vertex 61.1567 -23.8433 8.9
      vertex 60.8567 -23.5803 8.9
    endloop
  endfacet
  facet normal 0 0 1
    outer loop
      vertex 61.8178 -24.8328 8.9
      vertex 60.8247 -25.2442 8.9
      vertex 60.9077 -25.4888 8.9
    endloop
  endfacet
  facet normal 0 0 1
    outer loop
      vertex 61.6414 -24.475 8.9
      vertex 60.7104 -25.0125 8.9
      vertex 60.8247 -25.2442 8.9
    endloop
  endfacet
  facet normal 0 0 1
    outer loop
      vertex 61.4197 -24.1433 8.9
      vertex 60.5669 -24.7977 8.9
      vertex 60.7104 -25.0125 8.9
    endloop
  endfacet
  facet normal 0 0 1
    outer loop
      vertex 60.2023 -24.4331 8.9
      vertex 60.8567 -23.5803 8.9
      vertex 60.525 -23.3586 8.9
    endloop
  endfacet
  facet normal 0 0 1
    outer loop
      vertex 61.1567 -23.8433 8.9
      vertex 60.3965 -24.6035 8.9
      vertex 60.5669 -24.7977 8.9
    endloop
  endfacet
  facet normal 0 0 1
    outer loop
      vertex 60.8567 -23.5803 8.9
      vertex 60.2023 -24.4331 8.9
      vertex 60.3965 -24.6035 8.9
    endloop
  endfacet
  facet normal 0 0 1
    outer loop
      vertex 59.9875 -24.2896 8.9
      vertex 60.525 -23.3586 8.9
      vertex 60.1672 -23.1822 8.9
    endloop
  endfacet
  facet normal 0 0 1
    outer loop
      vertex 60.525 -23.3586 8.9
      vertex 59.9875 -24.2896 8.9
      vertex 60.2023 -24.4331 8.9
    endloop
  endfacet
  facet normal 0 0 1
    outer loop
      vertex 59.7558 -24.1753 8.9
      vertex 60.1672 -23.1822 8.9
      vertex 59.7894 -23.0539 8.9
    endloop
  endfacet
  facet normal 0 0 1
    outer loop
      vertex 60.1672 -23.1822 8.9
      vertex 59.7558 -24.1753 8.9
      vertex 59.9875 -24.2896 8.9
    endloop
  endfacet
  facet normal 0 0 1
    outer loop
      vertex 59.7894 -23.0539 8.9
      vertex 59.5112 -24.0923 8.9
      vertex 59.7558 -24.1753 8.9
    endloop
  endfacet
  facet normal 0 0 1
    outer loop
      vertex 59.3981 -22.9761 8.9
      vertex 59.5112 -24.0923 8.9
      vertex 59.7894 -23.0539 8.9
    endloop
  endfacet
  facet normal 0 0 1
    outer loop
      vertex 59.3981 -22.9761 8.9
      vertex 59.2578 -24.0419 8.9
      vertex 59.5112 -24.0923 8.9
    endloop
  endfacet
  facet normal 0 0 1
    outer loop
      vertex 59 -22.95 8.9
      vertex 59.2578 -24.0419 8.9
      vertex 59.3981 -22.9761 8.9
    endloop
  endfacet
  facet normal 0 0 1
    outer loop
      vertex 59 -22.95 8.9
      vertex 59 -24.025 8.9
      vertex 59.2578 -24.0419 8.9
    endloop
  endfacet
  facet normal 0 0 1
    outer loop
      vertex 59 -22.95 8.9
      vertex 58.7422 -24.0419 8.9
      vertex 59 -24.025 8.9
    endloop
  endfacet
  facet normal -0 0 1
    outer loop
      vertex 58.6019 -22.9761 8.9
      vertex 58.7422 -24.0419 8.9
      vertex 59 -22.95 8.9
    endloop
  endfacet
  facet normal 0 0 1
    outer loop
      vertex 58.6019 -22.9761 8.9
      vertex 58.4888 -24.0923 8.9
      vertex 58.7422 -24.0419 8.9
    endloop
  endfacet
  facet normal -0 0 1
    outer loop
      vertex 58.2106 -23.0539 8.9
      vertex 58.4888 -24.0923 8.9
      vertex 58.6019 -22.9761 8.9
    endloop
  endfacet
  facet normal 0 0 1
    outer loop
      vertex 58.4888 -24.0923 8.9
      vertex 58.2106 -23.0539 8.9
      vertex 58.2442 -24.1753 8.9
    endloop
  endfacet
  facet normal -0 0 1
    outer loop
      vertex 57.8328 -23.1822 8.9
      vertex 58.2442 -24.1753 8.9
      vertex 58.2106 -23.0539 8.9
    endloop
  endfacet
  facet normal 0 0 1
    outer loop
      vertex 58.2442 -24.1753 8.9
      vertex 57.8328 -23.1822 8.9
      vertex 58.0125 -24.2896 8.9
    endloop
  endfacet
  facet normal -0 0 1
    outer loop
      vertex 57.475 -23.3586 8.9
      vertex 58.0125 -24.2896 8.9
      vertex 57.8328 -23.1822 8.9
    endloop
  endfacet
  facet normal 0 0 1
    outer loop
      vertex 58.0125 -24.2896 8.9
      vertex 57.475 -23.3586 8.9
      vertex 57.7977 -24.4331 8.9
    endloop
  endfacet
  facet normal -0 0 1
    outer loop
      vertex 57.1433 -23.5803 8.9
      vertex 57.7977 -24.4331 8.9
      vertex 57.475 -23.3586 8.9
    endloop
  endfacet
  facet normal 0 0 1
    outer loop
      vertex 57.7977 -24.4331 8.9
      vertex 57.1433 -23.5803 8.9
      vertex 57.6035 -24.6035 8.9
    endloop
  endfacet
  facet normal -0 0 1
    outer loop
      vertex 56.8433 -23.8433 8.9
      vertex 57.6035 -24.6035 8.9
      vertex 57.1433 -23.5803 8.9
    endloop
  endfacet
  facet normal 0 0 1
    outer loop
      vertex 57.6035 -24.6035 8.9
      vertex 56.8433 -23.8433 8.9
      vertex 57.4331 -24.7977 8.9
    endloop
  endfacet
  facet normal -0 0 1
    outer loop
      vertex 56.5803 -24.1433 8.9
      vertex 57.4331 -24.7977 8.9
      vertex 56.8433 -23.8433 8.9
    endloop
  endfacet
  facet normal 0 0 1
    outer loop
      vertex 57.4331 -24.7977 8.9
      vertex 56.5803 -24.1433 8.9
      vertex 57.2896 -25.0125 8.9
    endloop
  endfacet
  facet normal -0 0 1
    outer loop
      vertex 56.3586 -24.475 8.9
      vertex 57.2896 -25.0125 8.9
      vertex 56.5803 -24.1433 8.9
    endloop
  endfacet
  facet normal 0 0 1
    outer loop
      vertex 57.2896 -25.0125 8.9
      vertex 56.3586 -24.475 8.9
      vertex 57.1753 -25.2442 8.9
    endloop
  endfacet
  facet normal -0 0 1
    outer loop
      vertex 56.1822 -24.8328 8.9
      vertex 57.1753 -25.2442 8.9
      vertex 56.3586 -24.475 8.9
    endloop
  endfacet
  facet normal 0 0 1
    outer loop
      vertex 61.8178 -27.1672 8.9
      vertex 60.8247 -26.7558 8.9
      vertex 61.6414 -27.525 8.9
    endloop
  endfacet
  facet normal -0 0 1
    outer loop
      vertex 60.7104 -26.9875 8.9
      vertex 61.6414 -27.525 8.9
      vertex 60.8247 -26.7558 8.9
    endloop
  endfacet
  facet normal 0 0 1
    outer loop
      vertex 61.6414 -27.525 8.9
      vertex 60.7104 -26.9875 8.9
      vertex 61.4197 -27.8567 8.9
    endloop
  endfacet
  facet normal -0 0 1
    outer loop
      vertex 60.5669 -27.2023 8.9
      vertex 61.4197 -27.8567 8.9
      vertex 60.7104 -26.9875 8.9
    endloop
  endfacet
  facet normal 0 0 1
    outer loop
      vertex 61.4197 -27.8567 8.9
      vertex 60.5669 -27.2023 8.9
      vertex 61.1567 -28.1567 8.9
    endloop
  endfacet
  facet normal -0 0 1
    outer loop
      vertex 60.3965 -27.3965 8.9
      vertex 61.1567 -28.1567 8.9
      vertex 60.5669 -27.2023 8.9
    endloop
  endfacet
  facet normal 0 0 1
    outer loop
      vertex 61.1567 -28.1567 8.9
      vertex 60.3965 -27.3965 8.9
      vertex 60.8567 -28.4197 8.9
    endloop
  endfacet
  facet normal -0 0 1
    outer loop
      vertex 60.2023 -27.5669 8.9
      vertex 60.8567 -28.4197 8.9
      vertex 60.3965 -27.3965 8.9
    endloop
  endfacet
  facet normal 0 0 1
    outer loop
      vertex 60.8567 -28.4197 8.9
      vertex 60.2023 -27.5669 8.9
      vertex 60.525 -28.6414 8.9
    endloop
  endfacet
  facet normal -0 0 1
    outer loop
      vertex 59.9875 -27.7104 8.9
      vertex 60.525 -28.6414 8.9
      vertex 60.2023 -27.5669 8.9
    endloop
  endfacet
  facet normal 0 0 1
    outer loop
      vertex 60.525 -28.6414 8.9
      vertex 59.9875 -27.7104 8.9
      vertex 60.1672 -28.8178 8.9
    endloop
  endfacet
  facet normal -0 0 1
    outer loop
      vertex 59.7558 -27.8247 8.9
      vertex 60.1672 -28.8178 8.9
      vertex 59.9875 -27.7104 8.9
    endloop
  endfacet
  facet normal 0 0 1
    outer loop
      vertex 60.1672 -28.8178 8.9
      vertex 59.7558 -27.8247 8.9
      vertex 59.7894 -28.9461 8.9
    endloop
  endfacet
  facet normal -0 0 1
    outer loop
      vertex 59.5112 -27.9077 8.9
      vertex 59.7894 -28.9461 8.9
      vertex 59.7558 -27.8247 8.9
    endloop
  endfacet
  facet normal 0 0 1
    outer loop
      vertex 59.5112 -27.9077 8.9
      vertex 59.3981 -29.0239 8.9
      vertex 59.7894 -28.9461 8.9
    endloop
  endfacet
  facet normal -0 0 1
    outer loop
      vertex 59.2578 -27.9581 8.9
      vertex 59.3981 -29.0239 8.9
      vertex 59.5112 -27.9077 8.9
    endloop
  endfacet
  facet normal -0 0 1
    outer loop
      vertex 59 -27.975 8.9
      vertex 59.3981 -29.0239 8.9
      vertex 59.2578 -27.9581 8.9
    endloop
  endfacet
  facet normal 0 0 1
    outer loop
      vertex 59 -27.975 8.9
      vertex 59 -29.05 8.9
      vertex 59.3981 -29.0239 8.9
    endloop
  endfacet
  facet normal 0 0 1
    outer loop
      vertex 58.7422 -27.9581 8.9
      vertex 59 -29.05 8.9
      vertex 59 -27.975 8.9
    endloop
  endfacet
  facet normal 0 0 1
    outer loop
      vertex 58.7422 -27.9581 8.9
      vertex 58.6019 -29.0239 8.9
      vertex 59 -29.05 8.9
    endloop
  endfacet
  facet normal 0 0 1
    outer loop
      vertex 58.4888 -27.9077 8.9
      vertex 58.6019 -29.0239 8.9
      vertex 58.7422 -27.9581 8.9
    endloop
  endfacet
  facet normal 0 0 1
    outer loop
      vertex 58.2106 -28.9461 8.9
      vertex 58.4888 -27.9077 8.9
      vertex 58.2442 -27.8247 8.9
    endloop
  endfacet
  facet normal 0 0 1
    outer loop
      vertex 58.4888 -27.9077 8.9
      vertex 58.2106 -28.9461 8.9
      vertex 58.6019 -29.0239 8.9
    endloop
  endfacet
  facet normal 0 0 1
    outer loop
      vertex 57.8328 -28.8178 8.9
      vertex 58.2442 -27.8247 8.9
      vertex 58.0125 -27.7104 8.9
    endloop
  endfacet
  facet normal 0 0 1
    outer loop
      vertex 58.2442 -27.8247 8.9
      vertex 57.8328 -28.8178 8.9
      vertex 58.2106 -28.9461 8.9
    endloop
  endfacet
  facet normal 0 0 1
    outer loop
      vertex 57.475 -28.6414 8.9
      vertex 58.0125 -27.7104 8.9
      vertex 57.7977 -27.5669 8.9
    endloop
  endfacet
  facet normal 0 0 1
    outer loop
      vertex 57.1433 -28.4197 8.9
      vertex 57.7977 -27.5669 8.9
      vertex 57.6035 -27.3965 8.9
    endloop
  endfacet
  facet normal 0 0 1
    outer loop
      vertex 58.0125 -27.7104 8.9
      vertex 57.475 -28.6414 8.9
      vertex 57.8328 -28.8178 8.9
    endloop
  endfacet
  facet normal 0 0 1
    outer loop
      vertex 56.8433 -28.1567 8.9
      vertex 57.6035 -27.3965 8.9
      vertex 57.4331 -27.2023 8.9
    endloop
  endfacet
  facet normal 0 0 1
    outer loop
      vertex 56.5803 -27.8567 8.9
      vertex 57.4331 -27.2023 8.9
      vertex 57.2896 -26.9875 8.9
    endloop
  endfacet
  facet normal 0 0 1
    outer loop
      vertex 56.3586 -27.525 8.9
      vertex 57.2896 -26.9875 8.9
      vertex 57.1753 -26.7558 8.9
    endloop
  endfacet
  facet normal 0 0 1
    outer loop
      vertex 57.7977 -27.5669 8.9
      vertex 57.1433 -28.4197 8.9
      vertex 57.475 -28.6414 8.9
    endloop
  endfacet
  facet normal 0 0 1
    outer loop
      vertex 56.1822 -27.1672 8.9
      vertex 57.1753 -26.7558 8.9
      vertex 57.0923 -26.5112 8.9
    endloop
  endfacet
  facet normal 0 0 1
    outer loop
      vertex 56.0539 -26.7894 8.9
      vertex 57.0923 -26.5112 8.9
      vertex 57.0419 -26.2578 8.9
    endloop
  endfacet
  facet normal 0 0 1
    outer loop
      vertex 55.9761 -26.3981 8.9
      vertex 57.0419 -26.2578 8.9
      vertex 57.025 -26 8.9
    endloop
  endfacet
  facet normal 0 0 1
    outer loop
      vertex 57.1753 -25.2442 8.9
      vertex 56.1822 -24.8328 8.9
      vertex 57.0923 -25.4888 8.9
    endloop
  endfacet
  facet normal 0 0 1
    outer loop
      vertex 57.6035 -27.3965 8.9
      vertex 56.8433 -28.1567 8.9
      vertex 57.1433 -28.4197 8.9
    endloop
  endfacet
  facet normal -0 0 1
    outer loop
      vertex 56.0539 -25.2106 8.9
      vertex 57.0923 -25.4888 8.9
      vertex 56.1822 -24.8328 8.9
    endloop
  endfacet
  facet normal 0 0 1
    outer loop
      vertex 57.4331 -27.2023 8.9
      vertex 56.5803 -27.8567 8.9
      vertex 56.8433 -28.1567 8.9
    endloop
  endfacet
  facet normal 0 0 1
    outer loop
      vertex 57.0923 -25.4888 8.9
      vertex 56.0539 -25.2106 8.9
      vertex 57.0419 -25.7422 8.9
    endloop
  endfacet
  facet normal 0 0 1
    outer loop
      vertex 57.2896 -26.9875 8.9
      vertex 56.3586 -27.525 8.9
      vertex 56.5803 -27.8567 8.9
    endloop
  endfacet
  facet normal -0 0 1
    outer loop
      vertex 55.9761 -25.6019 8.9
      vertex 57.0419 -25.7422 8.9
      vertex 56.0539 -25.2106 8.9
    endloop
  endfacet
  facet normal 0 0 1
    outer loop
      vertex 57.1753 -26.7558 8.9
      vertex 56.1822 -27.1672 8.9
      vertex 56.3586 -27.525 8.9
    endloop
  endfacet
  facet normal 0 0 1
    outer loop
      vertex 57.0419 -25.7422 8.9
      vertex 55.9761 -25.6019 8.9
      vertex 57.025 -26 8.9
    endloop
  endfacet
  facet normal 0 0 1
    outer loop
      vertex 57.0923 -26.5112 8.9
      vertex 56.0539 -26.7894 8.9
      vertex 56.1822 -27.1672 8.9
    endloop
  endfacet
  facet normal 0 0 1
    outer loop
      vertex 55.95 -26 8.9
      vertex 57.025 -26 8.9
      vertex 55.9761 -25.6019 8.9
    endloop
  endfacet
  facet normal 0 0 1
    outer loop
      vertex 57.0419 -26.2578 8.9
      vertex 55.9761 -26.3981 8.9
      vertex 56.0539 -26.7894 8.9
    endloop
  endfacet
  facet normal 0 0 1
    outer loop
      vertex 57.025 -26 8.9
      vertex 55.95 -26 8.9
      vertex 55.9761 -26.3981 8.9
    endloop
  endfacet
  facet normal 0.195007 -0.980802 0
    outer loop
      vertex 58.2106 -23.0539 8.9
      vertex 58.6019 -22.9761 9.5
      vertex 58.2106 -23.0539 9.5
    endloop
  endfacet
  facet normal 0.195007 -0.980802 0
    outer loop
      vertex 58.6019 -22.9761 9.5
      vertex 58.2106 -23.0539 8.9
      vertex 58.6019 -22.9761 8.9
    endloop
  endfacet
  facet normal -0.442193 -0.89692 0
    outer loop
      vertex 60.1672 -23.1822 8.9
      vertex 60.525 -23.3586 9.5
      vertex 60.1672 -23.1822 9.5
    endloop
  endfacet
  facet normal -0.442193 -0.89692 -0
    outer loop
      vertex 60.525 -23.3586 9.5
      vertex 60.1672 -23.1822 8.9
      vertex 60.525 -23.3586 8.9
    endloop
  endfacet
  facet normal 0.980802 0.195007 0
    outer loop
      vertex 56.0539 -26.7894 9.5
      vertex 55.9761 -26.3981 8.9
      vertex 55.9761 -26.3981 9.5
    endloop
  endfacet
  facet normal 0.980802 0.195007 0
    outer loop
      vertex 55.9761 -26.3981 8.9
      vertex 56.0539 -26.7894 9.5
      vertex 56.0539 -26.7894 8.9
    endloop
  endfacet
  facet normal -0.321561 -0.946889 0
    outer loop
      vertex 59.7894 -23.0539 8.9
      vertex 60.1672 -23.1822 9.5
      vertex 59.7894 -23.0539 9.5
    endloop
  endfacet
  facet normal -0.321561 -0.946889 -0
    outer loop
      vertex 60.1672 -23.1822 9.5
      vertex 59.7894 -23.0539 8.9
      vertex 60.1672 -23.1822 8.9
    endloop
  endfacet
  facet normal 0.89692 -0.442193 0
    outer loop
      vertex 56.1822 -24.8328 9.5
      vertex 56.3586 -24.475 8.9
      vertex 56.3586 -24.475 9.5
    endloop
  endfacet
  facet normal 0.89692 -0.442193 0
    outer loop
      vertex 56.3586 -24.475 8.9
      vertex 56.1822 -24.8328 9.5
      vertex 56.1822 -24.8328 8.9
    endloop
  endfacet
  facet normal 0.831394 -0.555683 0
    outer loop
      vertex 56.3586 -24.475 9.5
      vertex 56.5803 -24.1433 8.9
      vertex 56.5803 -24.1433 9.5
    endloop
  endfacet
  facet normal 0.831394 -0.555683 0
    outer loop
      vertex 56.5803 -24.1433 8.9
      vertex 56.3586 -24.475 9.5
      vertex 56.3586 -24.475 8.9
    endloop
  endfacet
  facet normal -0.831394 0.555683 0
    outer loop
      vertex 61.4197 -27.8567 8.9
      vertex 61.6414 -27.525 9.5
      vertex 61.6414 -27.525 8.9
    endloop
  endfacet
  facet normal -0.831394 0.555683 0
    outer loop
      vertex 61.6414 -27.525 9.5
      vertex 61.4197 -27.8567 8.9
      vertex 61.4197 -27.8567 9.5
    endloop
  endfacet
  facet normal -0.946889 0.321561 0
    outer loop
      vertex 61.8178 -27.1672 8.9
      vertex 61.9461 -26.7894 9.5
      vertex 61.9461 -26.7894 8.9
    endloop
  endfacet
  facet normal -0.946889 0.321561 0
    outer loop
      vertex 61.9461 -26.7894 9.5
      vertex 61.8178 -27.1672 8.9
      vertex 61.8178 -27.1672 9.5
    endloop
  endfacet
  facet normal -0.195007 -0.980802 0
    outer loop
      vertex 59.3981 -22.9761 8.9
      vertex 59.7894 -23.0539 9.5
      vertex 59.3981 -22.9761 9.5
    endloop
  endfacet
  facet normal -0.195007 -0.980802 -0
    outer loop
      vertex 59.7894 -23.0539 9.5
      vertex 59.3981 -22.9761 8.9
      vertex 59.7894 -23.0539 8.9
    endloop
  endfacet
  facet normal 0.997858 0.065421 0
    outer loop
      vertex 55.9761 -26.3981 9.5
      vertex 55.95 -26 8.9
      vertex 55.95 -26 9.5
    endloop
  endfacet
  facet normal 0.997858 0.065421 0
    outer loop
      vertex 55.95 -26 8.9
      vertex 55.9761 -26.3981 9.5
      vertex 55.9761 -26.3981 8.9
    endloop
  endfacet
  facet normal 0.195007 0.980802 -0
    outer loop
      vertex 58.6019 -29.0239 8.9
      vertex 58.2106 -28.9461 9.5
      vertex 58.6019 -29.0239 9.5
    endloop
  endfacet
  facet normal 0.195007 0.980802 0
    outer loop
      vertex 58.2106 -28.9461 9.5
      vertex 58.6019 -29.0239 8.9
      vertex 58.2106 -28.9461 8.9
    endloop
  endfacet
  facet normal -0.751955 -0.659214 0
    outer loop
      vertex 61.4197 -24.1433 8.9
      vertex 61.1567 -23.8433 9.5
      vertex 61.1567 -23.8433 8.9
    endloop
  endfacet
  facet normal -0.751955 -0.659214 0
    outer loop
      vertex 61.1567 -23.8433 9.5
      vertex 61.4197 -24.1433 8.9
      vertex 61.4197 -24.1433 9.5
    endloop
  endfacet
  facet normal -0.946889 -0.321561 0
    outer loop
      vertex 61.9461 -25.2106 8.9
      vertex 61.8178 -24.8328 9.5
      vertex 61.8178 -24.8328 8.9
    endloop
  endfacet
  facet normal -0.946889 -0.321561 0
    outer loop
      vertex 61.8178 -24.8328 9.5
      vertex 61.9461 -25.2106 8.9
      vertex 61.9461 -25.2106 9.5
    endloop
  endfacet
  facet normal 0.946889 -0.321561 0
    outer loop
      vertex 56.0539 -25.2106 9.5
      vertex 56.1822 -24.8328 8.9
      vertex 56.1822 -24.8328 9.5
    endloop
  endfacet
  facet normal 0.946889 -0.321561 0
    outer loop
      vertex 56.1822 -24.8328 8.9
      vertex 56.0539 -25.2106 9.5
      vertex 56.0539 -25.2106 8.9
    endloop
  endfacet
  facet normal 0.831394 0.555683 0
    outer loop
      vertex 56.5803 -27.8567 9.5
      vertex 56.3586 -27.525 8.9
      vertex 56.3586 -27.525 9.5
    endloop
  endfacet
  facet normal 0.831394 0.555683 0
    outer loop
      vertex 56.3586 -27.525 8.9
      vertex 56.5803 -27.8567 9.5
      vertex 56.5803 -27.8567 8.9
    endloop
  endfacet
  facet normal 0.321561 0.946889 -0
    outer loop
      vertex 58.2106 -28.9461 8.9
      vertex 57.8328 -28.8178 9.5
      vertex 58.2106 -28.9461 9.5
    endloop
  endfacet
  facet normal 0.321561 0.946889 0
    outer loop
      vertex 57.8328 -28.8178 9.5
      vertex 58.2106 -28.9461 8.9
      vertex 57.8328 -28.8178 8.9
    endloop
  endfacet
  facet normal -0.89692 0.442193 0
    outer loop
      vertex 61.6414 -27.525 8.9
      vertex 61.8178 -27.1672 9.5
      vertex 61.8178 -27.1672 8.9
    endloop
  endfacet
  facet normal -0.89692 0.442193 0
    outer loop
      vertex 61.8178 -27.1672 9.5
      vertex 61.6414 -27.525 8.9
      vertex 61.6414 -27.525 9.5
    endloop
  endfacet
  facet normal 0.659214 0.751955 -0
    outer loop
      vertex 57.1433 -28.4197 8.9
      vertex 56.8433 -28.1567 9.5
      vertex 57.1433 -28.4197 9.5
    endloop
  endfacet
  facet normal 0.659214 0.751955 0
    outer loop
      vertex 56.8433 -28.1567 9.5
      vertex 57.1433 -28.4197 8.9
      vertex 56.8433 -28.1567 8.9
    endloop
  endfacet
  facet normal 0.751955 -0.659214 0
    outer loop
      vertex 56.5803 -24.1433 9.5
      vertex 56.8433 -23.8433 8.9
      vertex 56.8433 -23.8433 9.5
    endloop
  endfacet
  facet normal 0.751955 -0.659214 0
    outer loop
      vertex 56.8433 -23.8433 8.9
      vertex 56.5803 -24.1433 9.5
      vertex 56.5803 -24.1433 8.9
    endloop
  endfacet
  facet normal -0.980789 -0.195074 0
    outer loop
      vertex -68.0419 -50.7422 21.525
      vertex -68.0923 -50.4888 26.4
      vertex -68.0923 -50.4888 21.525
    endloop
  endfacet
  facet normal -0.980789 -0.195074 0
    outer loop
      vertex -68.0923 -50.4888 26.4
      vertex -68.0419 -50.7422 21.525
      vertex -68.0419 -50.7422 26.4
    endloop
  endfacet
  facet normal -0.997858 -0.0654143 0
    outer loop
      vertex -68.025 -51 21.525
      vertex -68.0419 -50.7422 26.4
      vertex -68.0419 -50.7422 21.525
    endloop
  endfacet
  facet normal -0.997858 -0.0654143 0
    outer loop
      vertex -68.0419 -50.7422 26.4
      vertex -68.025 -51 21.525
      vertex -68.025 -51 26.4
    endloop
  endfacet
  facet normal 0.195074 0.980789 -0
    outer loop
      vertex -70.2578 -52.9581 21.525
      vertex -70.5112 -52.9077 26.4
      vertex -70.2578 -52.9581 26.4
    endloop
  endfacet
  facet normal 0.195074 0.980789 0
    outer loop
      vertex -70.5112 -52.9077 26.4
      vertex -70.2578 -52.9581 21.525
      vertex -70.5112 -52.9077 21.525
    endloop
  endfacet
  facet normal 0.831514 -0.555504 0
    outer loop
      vertex -71.7104 -50.0125 26.4
      vertex -71.5669 -49.7977 21.525
      vertex -71.5669 -49.7977 26.4
    endloop
  endfacet
  facet normal 0.831514 -0.555504 0
    outer loop
      vertex -71.5669 -49.7977 21.525
      vertex -71.7104 -50.0125 26.4
      vertex -71.7104 -50.0125 21.525
    endloop
  endfacet
  facet normal 0.555504 0.831514 -0
    outer loop
      vertex -70.9875 -52.7104 21.525
      vertex -71.2023 -52.5669 26.4
      vertex -70.9875 -52.7104 26.4
    endloop
  endfacet
  facet normal 0.555504 0.831514 0
    outer loop
      vertex -71.2023 -52.5669 26.4
      vertex -70.9875 -52.7104 21.525
      vertex -71.2023 -52.5669 21.525
    endloop
  endfacet
  facet normal -0.659545 -0.751665 0
    outer loop
      vertex -68.7977 -49.4331 21.525
      vertex -68.6035 -49.6035 26.4
      vertex -68.7977 -49.4331 26.4
    endloop
  endfacet
  facet normal -0.659545 -0.751665 -0
    outer loop
      vertex -68.6035 -49.6035 26.4
      vertex -68.7977 -49.4331 21.525
      vertex -68.6035 -49.6035 21.525
    endloop
  endfacet
  facet normal 0.980789 -0.195074 0
    outer loop
      vertex -71.9581 -50.7422 26.4
      vertex -71.9077 -50.4888 21.525
      vertex -71.9077 -50.4888 26.4
    endloop
  endfacet
  facet normal 0.980789 -0.195074 0
    outer loop
      vertex -71.9077 -50.4888 21.525
      vertex -71.9581 -50.7422 26.4
      vertex -71.9581 -50.7422 21.525
    endloop
  endfacet
  facet normal -0.946966 0.321334 0
    outer loop
      vertex -68.1753 -51.7558 21.525
      vertex -68.0923 -51.5112 26.4
      vertex -68.0923 -51.5112 21.525
    endloop
  endfacet
  facet normal -0.946966 0.321334 0
    outer loop
      vertex -68.0923 -51.5112 26.4
      vertex -68.1753 -51.7558 21.525
      vertex -68.1753 -51.7558 26.4
    endloop
  endfacet
  facet normal -0.997858 0.0654143 0
    outer loop
      vertex -68.0419 -51.2578 21.525
      vertex -68.025 -51 26.4
      vertex -68.025 -51 21.525
    endloop
  endfacet
  facet normal -0.997858 0.0654143 0
    outer loop
      vertex -68.025 -51 26.4
      vertex -68.0419 -51.2578 21.525
      vertex -68.0419 -51.2578 26.4
    endloop
  endfacet
  facet normal 0.442408 -0.896814 0
    outer loop
      vertex -70.9875 -49.2896 21.525
      vertex -70.7558 -49.1753 26.4
      vertex -70.9875 -49.2896 26.4
    endloop
  endfacet
  facet normal 0.442408 -0.896814 0
    outer loop
      vertex -70.7558 -49.1753 26.4
      vertex -70.9875 -49.2896 21.525
      vertex -70.7558 -49.1753 21.525
    endloop
  endfacet
  facet normal -0.831514 -0.555504 0
    outer loop
      vertex -68.2896 -50.0125 21.525
      vertex -68.4331 -49.7977 26.4
      vertex -68.4331 -49.7977 21.525
    endloop
  endfacet
  facet normal -0.831514 -0.555504 0
    outer loop
      vertex -68.4331 -49.7977 26.4
      vertex -68.2896 -50.0125 21.525
      vertex -68.2896 -50.0125 26.4
    endloop
  endfacet
  facet normal -0.0654143 -0.997858 0
    outer loop
      vertex -70 -49.025 21.525
      vertex -69.7422 -49.0419 26.4
      vertex -70 -49.025 26.4
    endloop
  endfacet
  facet normal -0.0654143 -0.997858 -0
    outer loop
      vertex -69.7422 -49.0419 26.4
      vertex -70 -49.025 21.525
      vertex -69.7422 -49.0419 21.525
    endloop
  endfacet
  facet normal 0.0654143 0.997858 -0
    outer loop
      vertex -70 -52.975 21.525
      vertex -70.2578 -52.9581 26.4
      vertex -70 -52.975 26.4
    endloop
  endfacet
  facet normal 0.0654143 0.997858 0
    outer loop
      vertex -70.2578 -52.9581 26.4
      vertex -70 -52.975 21.525
      vertex -70.2578 -52.9581 21.525
    endloop
  endfacet
  facet normal 0 0 1
    outer loop
      vertex -68.0419 -50.7422 21.525
      vertex -68.0419 -51.2578 21.525
      vertex -68.025 -51 21.525
    endloop
  endfacet
  facet normal 0 0 1
    outer loop
      vertex -68.0923 -50.4888 21.525
      vertex -68.0419 -51.2578 21.525
      vertex -68.0419 -50.7422 21.525
    endloop
  endfacet
  facet normal 0 0 1
    outer loop
      vertex -68.0923 -50.4888 21.525
      vertex -68.0923 -51.5112 21.525
      vertex -68.0419 -51.2578 21.525
    endloop
  endfacet
  facet normal 0 0 1
    outer loop
      vertex -68.1753 -50.2442 21.525
      vertex -68.0923 -51.5112 21.525
      vertex -68.0923 -50.4888 21.525
    endloop
  endfacet
  facet normal 0 0 1
    outer loop
      vertex -68.1753 -50.2442 21.525
      vertex -68.1753 -51.7558 21.525
      vertex -68.0923 -51.5112 21.525
    endloop
  endfacet
  facet normal 0 0 1
    outer loop
      vertex -68.2896 -50.0125 21.525
      vertex -68.1753 -51.7558 21.525
      vertex -68.1753 -50.2442 21.525
    endloop
  endfacet
  facet normal 0 0 1
    outer loop
      vertex -68.2896 -50.0125 21.525
      vertex -68.2896 -51.9875 21.525
      vertex -68.1753 -51.7558 21.525
    endloop
  endfacet
  facet normal 0 0 1
    outer loop
      vertex -68.4331 -49.7977 21.525
      vertex -68.2896 -51.9875 21.525
      vertex -68.2896 -50.0125 21.525
    endloop
  endfacet
  facet normal 0 0 1
    outer loop
      vertex -68.4331 -49.7977 21.525
      vertex -68.4331 -52.2023 21.525
      vertex -68.2896 -51.9875 21.525
    endloop
  endfacet
  facet normal 0 0 1
    outer loop
      vertex -68.6035 -49.6035 21.525
      vertex -68.4331 -52.2023 21.525
      vertex -68.4331 -49.7977 21.525
    endloop
  endfacet
  facet normal 0 0 1
    outer loop
      vertex -68.6035 -49.6035 21.525
      vertex -68.6035 -52.3965 21.525
      vertex -68.4331 -52.2023 21.525
    endloop
  endfacet
  facet normal 0 0 1
    outer loop
      vertex -68.7977 -49.4331 21.525
      vertex -68.6035 -52.3965 21.525
      vertex -68.6035 -49.6035 21.525
    endloop
  endfacet
  facet normal 0 0 1
    outer loop
      vertex -68.7977 -49.4331 21.525
      vertex -68.7977 -52.5669 21.525
      vertex -68.6035 -52.3965 21.525
    endloop
  endfacet
  facet normal 0 0 1
    outer loop
      vertex -69.0125 -49.2896 21.525
      vertex -68.7977 -52.5669 21.525
      vertex -68.7977 -49.4331 21.525
    endloop
  endfacet
  facet normal 0 0 1
    outer loop
      vertex -69.0125 -49.2896 21.525
      vertex -69.0125 -52.7104 21.525
      vertex -68.7977 -52.5669 21.525
    endloop
  endfacet
  facet normal 0 0 1
    outer loop
      vertex -69.2442 -49.1753 21.525
      vertex -69.0125 -52.7104 21.525
      vertex -69.0125 -49.2896 21.525
    endloop
  endfacet
  facet normal 0 0 1
    outer loop
      vertex -69.2442 -49.1753 21.525
      vertex -69.2442 -52.8247 21.525
      vertex -69.0125 -52.7104 21.525
    endloop
  endfacet
  facet normal 0 0 1
    outer loop
      vertex -69.4888 -49.0923 21.525
      vertex -69.2442 -52.8247 21.525
      vertex -69.2442 -49.1753 21.525
    endloop
  endfacet
  facet normal 0 0 1
    outer loop
      vertex -69.4888 -49.0923 21.525
      vertex -69.4888 -52.9077 21.525
      vertex -69.2442 -52.8247 21.525
    endloop
  endfacet
  facet normal 0 0 1
    outer loop
      vertex -69.7422 -49.0419 21.525
      vertex -69.4888 -52.9077 21.525
      vertex -69.4888 -49.0923 21.525
    endloop
  endfacet
  facet normal 0 0 1
    outer loop
      vertex -69.7422 -49.0419 21.525
      vertex -69.7422 -52.9581 21.525
      vertex -69.4888 -52.9077 21.525
    endloop
  endfacet
  facet normal 0 0 1
    outer loop
      vertex -70 -49.025 21.525
      vertex -69.7422 -52.9581 21.525
      vertex -69.7422 -49.0419 21.525
    endloop
  endfacet
  facet normal 0 0 1
    outer loop
      vertex -70 -49.025 21.525
      vertex -70 -52.975 21.525
      vertex -69.7422 -52.9581 21.525
    endloop
  endfacet
  facet normal -0 0 1
    outer loop
      vertex -70.2578 -49.0419 21.525
      vertex -70 -52.975 21.525
      vertex -70 -49.025 21.525
    endloop
  endfacet
  facet normal 0 0 1
    outer loop
      vertex -70.2578 -49.0419 21.525
      vertex -70.2578 -52.9581 21.525
      vertex -70 -52.975 21.525
    endloop
  endfacet
  facet normal -0 0 1
    outer loop
      vertex -70.5112 -49.0923 21.525
      vertex -70.2578 -52.9581 21.525
      vertex -70.2578 -49.0419 21.525
    endloop
  endfacet
  facet normal 0 0 1
    outer loop
      vertex -70.5112 -49.0923 21.525
      vertex -70.5112 -52.9077 21.525
      vertex -70.2578 -52.9581 21.525
    endloop
  endfacet
  facet normal -0 0 1
    outer loop
      vertex -70.7558 -49.1753 21.525
      vertex -70.5112 -52.9077 21.525
      vertex -70.5112 -49.0923 21.525
    endloop
  endfacet
  facet normal 0 0 1
    outer loop
      vertex -70.7558 -49.1753 21.525
      vertex -70.7558 -52.8247 21.525
      vertex -70.5112 -52.9077 21.525
    endloop
  endfacet
  facet normal -0 0 1
    outer loop
      vertex -70.9875 -49.2896 21.525
      vertex -70.7558 -52.8247 21.525
      vertex -70.7558 -49.1753 21.525
    endloop
  endfacet
  facet normal 0 0 1
    outer loop
      vertex -70.9875 -49.2896 21.525
      vertex -70.9875 -52.7104 21.525
      vertex -70.7558 -52.8247 21.525
    endloop
  endfacet
  facet normal -0 0 1
    outer loop
      vertex -71.2023 -49.4331 21.525
      vertex -70.9875 -52.7104 21.525
      vertex -70.9875 -49.2896 21.525
    endloop
  endfacet
  facet normal 0 0 1
    outer loop
      vertex -71.2023 -49.4331 21.525
      vertex -71.2023 -52.5669 21.525
      vertex -70.9875 -52.7104 21.525
    endloop
  endfacet
  facet normal -0 0 1
    outer loop
      vertex -71.3965 -49.6035 21.525
      vertex -71.2023 -52.5669 21.525
      vertex -71.2023 -49.4331 21.525
    endloop
  endfacet
  facet normal 0 0 1
    outer loop
      vertex -71.3965 -49.6035 21.525
      vertex -71.3965 -52.3965 21.525
      vertex -71.2023 -52.5669 21.525
    endloop
  endfacet
  facet normal -0 0 1
    outer loop
      vertex -71.5669 -49.7977 21.525
      vertex -71.3965 -52.3965 21.525
      vertex -71.3965 -49.6035 21.525
    endloop
  endfacet
  facet normal 0 0 1
    outer loop
      vertex -71.5669 -49.7977 21.525
      vertex -71.5669 -52.2023 21.525
      vertex -71.3965 -52.3965 21.525
    endloop
  endfacet
  facet normal -0 0 1
    outer loop
      vertex -71.7104 -50.0125 21.525
      vertex -71.5669 -52.2023 21.525
      vertex -71.5669 -49.7977 21.525
    endloop
  endfacet
  facet normal 0 0 1
    outer loop
      vertex -71.7104 -50.0125 21.525
      vertex -71.7104 -51.9875 21.525
      vertex -71.5669 -52.2023 21.525
    endloop
  endfacet
  facet normal -0 0 1
    outer loop
      vertex -71.8247 -50.2442 21.525
      vertex -71.7104 -51.9875 21.525
      vertex -71.7104 -50.0125 21.525
    endloop
  endfacet
  facet normal 0 0 1
    outer loop
      vertex -71.8247 -50.2442 21.525
      vertex -71.8247 -51.7558 21.525
      vertex -71.7104 -51.9875 21.525
    endloop
  endfacet
  facet normal -0 0 1
    outer loop
      vertex -71.9077 -50.4888 21.525
      vertex -71.8247 -51.7558 21.525
      vertex -71.8247 -50.2442 21.525
    endloop
  endfacet
  facet normal 0 0 1
    outer loop
      vertex -71.9077 -50.4888 21.525
      vertex -71.9077 -51.5112 21.525
      vertex -71.8247 -51.7558 21.525
    endloop
  endfacet
  facet normal -0 0 1
    outer loop
      vertex -71.9581 -50.7422 21.525
      vertex -71.9077 -51.5112 21.525
      vertex -71.9077 -50.4888 21.525
    endloop
  endfacet
  facet normal 0 0 1
    outer loop
      vertex -71.9581 -50.7422 21.525
      vertex -71.9581 -51.2578 21.525
      vertex -71.9077 -51.5112 21.525
    endloop
  endfacet
  facet normal 0 -0 1
    outer loop
      vertex -71.9581 -51.2578 21.525
      vertex -71.9581 -50.7422 21.525
      vertex -71.975 -51 21.525
    endloop
  endfacet
  facet normal -0.659545 0.751665 0
    outer loop
      vertex -68.6035 -52.3965 21.525
      vertex -68.7977 -52.5669 26.4
      vertex -68.6035 -52.3965 26.4
    endloop
  endfacet
  facet normal -0.659545 0.751665 0
    outer loop
      vertex -68.7977 -52.5669 26.4
      vertex -68.6035 -52.3965 21.525
      vertex -68.7977 -52.5669 21.525
    endloop
  endfacet
  facet normal -0.980789 0.195074 0
    outer loop
      vertex -68.0923 -51.5112 21.525
      vertex -68.0419 -51.2578 26.4
      vertex -68.0419 -51.2578 21.525
    endloop
  endfacet
  facet normal -0.980789 0.195074 0
    outer loop
      vertex -68.0419 -51.2578 26.4
      vertex -68.0923 -51.5112 21.525
      vertex -68.0923 -51.5112 26.4
    endloop
  endfacet
  facet normal -0.831514 0.555504 0
    outer loop
      vertex -68.4331 -52.2023 21.525
      vertex -68.2896 -51.9875 26.4
      vertex -68.2896 -51.9875 21.525
    endloop
  endfacet
  facet normal -0.831514 0.555504 0
    outer loop
      vertex -68.2896 -51.9875 26.4
      vertex -68.4331 -52.2023 21.525
      vertex -68.4331 -52.2023 26.4
    endloop
  endfacet
  facet normal 0.659545 -0.751665 0
    outer loop
      vertex -71.3965 -49.6035 21.525
      vertex -71.2023 -49.4331 26.4
      vertex -71.3965 -49.6035 26.4
    endloop
  endfacet
  facet normal 0.659545 -0.751665 0
    outer loop
      vertex -71.2023 -49.4331 26.4
      vertex -71.3965 -49.6035 21.525
      vertex -71.2023 -49.4331 21.525
    endloop
  endfacet
  facet normal 0.555504 -0.831514 0
    outer loop
      vertex -71.2023 -49.4331 21.525
      vertex -70.9875 -49.2896 26.4
      vertex -71.2023 -49.4331 26.4
    endloop
  endfacet
  facet normal 0.555504 -0.831514 0
    outer loop
      vertex -70.9875 -49.2896 26.4
      vertex -71.2023 -49.4331 21.525
      vertex -70.9875 -49.2896 21.525
    endloop
  endfacet
  facet normal 0.896814 0.442408 0
    outer loop
      vertex -71.7104 -51.9875 26.4
      vertex -71.8247 -51.7558 21.525
      vertex -71.8247 -51.7558 26.4
    endloop
  endfacet
  facet normal 0.896814 0.442408 0
    outer loop
      vertex -71.8247 -51.7558 21.525
      vertex -71.7104 -51.9875 26.4
      vertex -71.7104 -51.9875 21.525
    endloop
  endfacet
  facet normal 0.659545 0.751665 -0
    outer loop
      vertex -71.2023 -52.5669 21.525
      vertex -71.3965 -52.3965 26.4
      vertex -71.2023 -52.5669 26.4
    endloop
  endfacet
  facet normal 0.659545 0.751665 0
    outer loop
      vertex -71.3965 -52.3965 26.4
      vertex -71.2023 -52.5669 21.525
      vertex -71.3965 -52.3965 21.525
    endloop
  endfacet
  facet normal 0.896814 -0.442408 0
    outer loop
      vertex -71.8247 -50.2442 26.4
      vertex -71.7104 -50.0125 21.525
      vertex -71.7104 -50.0125 26.4
    endloop
  endfacet
  facet normal 0.896814 -0.442408 0
    outer loop
      vertex -71.7104 -50.0125 21.525
      vertex -71.8247 -50.2442 26.4
      vertex -71.8247 -50.2442 21.525
    endloop
  endfacet
  facet normal 0.997858 -0.0654143 0
    outer loop
      vertex -71.975 -51 26.4
      vertex -71.9581 -50.7422 21.525
      vertex -71.9581 -50.7422 26.4
    endloop
  endfacet
  facet normal 0.997858 -0.0654143 0
    outer loop
      vertex -71.9581 -50.7422 21.525
      vertex -71.975 -51 26.4
      vertex -71.975 -51 21.525
    endloop
  endfacet
  facet normal -0.442408 0.896814 0
    outer loop
      vertex -69.0125 -52.7104 21.525
      vertex -69.2442 -52.8247 26.4
      vertex -69.0125 -52.7104 26.4
    endloop
  endfacet
  facet normal -0.442408 0.896814 0
    outer loop
      vertex -69.2442 -52.8247 26.4
      vertex -69.0125 -52.7104 21.525
      vertex -69.2442 -52.8247 21.525
    endloop
  endfacet
  facet normal 0.321334 -0.946966 0
    outer loop
      vertex -70.7558 -49.1753 21.525
      vertex -70.5112 -49.0923 26.4
      vertex -70.7558 -49.1753 26.4
    endloop
  endfacet
  facet normal 0.321334 -0.946966 0
    outer loop
      vertex -70.5112 -49.0923 26.4
      vertex -70.7558 -49.1753 21.525
      vertex -70.5112 -49.0923 21.525
    endloop
  endfacet
  facet normal -0.896814 -0.442408 0
    outer loop
      vertex -68.1753 -50.2442 21.525
      vertex -68.2896 -50.0125 26.4
      vertex -68.2896 -50.0125 21.525
    endloop
  endfacet
  facet normal -0.896814 -0.442408 0
    outer loop
      vertex -68.2896 -50.0125 26.4
      vertex -68.1753 -50.2442 21.525
      vertex -68.1753 -50.2442 26.4
    endloop
  endfacet
  facet normal 0.946966 -0.321334 0
    outer loop
      vertex -71.9077 -50.4888 26.4
      vertex -71.8247 -50.2442 21.525
      vertex -71.8247 -50.2442 26.4
    endloop
  endfacet
  facet normal 0.946966 -0.321334 0
    outer loop
      vertex -71.8247 -50.2442 21.525
      vertex -71.9077 -50.4888 26.4
      vertex -71.9077 -50.4888 21.525
    endloop
  endfacet
  facet normal -0.555504 -0.831514 0
    outer loop
      vertex -69.0125 -49.2896 21.525
      vertex -68.7977 -49.4331 26.4
      vertex -69.0125 -49.2896 26.4
    endloop
  endfacet
  facet normal -0.555504 -0.831514 -0
    outer loop
      vertex -68.7977 -49.4331 26.4
      vertex -69.0125 -49.2896 21.525
      vertex -68.7977 -49.4331 21.525
    endloop
  endfacet
  facet normal 0.980789 0.195074 0
    outer loop
      vertex -71.9077 -51.5112 26.4
      vertex -71.9581 -51.2578 21.525
      vertex -71.9581 -51.2578 26.4
    endloop
  endfacet
  facet normal 0.980789 0.195074 0
    outer loop
      vertex -71.9581 -51.2578 21.525
      vertex -71.9077 -51.5112 26.4
      vertex -71.9077 -51.5112 21.525
    endloop
  endfacet
  facet normal -0.896814 0.442408 0
    outer loop
      vertex -68.2896 -51.9875 21.525
      vertex -68.1753 -51.7558 26.4
      vertex -68.1753 -51.7558 21.525
    endloop
  endfacet
  facet normal -0.896814 0.442408 0
    outer loop
      vertex -68.1753 -51.7558 26.4
      vertex -68.2896 -51.9875 21.525
      vertex -68.2896 -51.9875 26.4
    endloop
  endfacet
  facet normal -0.442408 -0.896814 0
    outer loop
      vertex -69.2442 -49.1753 21.525
      vertex -69.0125 -49.2896 26.4
      vertex -69.2442 -49.1753 26.4
    endloop
  endfacet
  facet normal -0.442408 -0.896814 -0
    outer loop
      vertex -69.0125 -49.2896 26.4
      vertex -69.2442 -49.1753 21.525
      vertex -69.0125 -49.2896 21.525
    endloop
  endfacet
  facet normal 0.195074 -0.980789 0
    outer loop
      vertex -70.5112 -49.0923 21.525
      vertex -70.2578 -49.0419 26.4
      vertex -70.5112 -49.0923 26.4
    endloop
  endfacet
  facet normal 0.195074 -0.980789 0
    outer loop
      vertex -70.2578 -49.0419 26.4
      vertex -70.5112 -49.0923 21.525
      vertex -70.2578 -49.0419 21.525
    endloop
  endfacet
  facet normal -0.0654143 0.997858 0
    outer loop
      vertex -69.7422 -52.9581 21.525
      vertex -70 -52.975 26.4
      vertex -69.7422 -52.9581 26.4
    endloop
  endfacet
  facet normal -0.0654143 0.997858 0
    outer loop
      vertex -70 -52.975 26.4
      vertex -69.7422 -52.9581 21.525
      vertex -70 -52.975 21.525
    endloop
  endfacet
  facet normal 0.751665 0.659545 0
    outer loop
      vertex -71.3965 -52.3965 26.4
      vertex -71.5669 -52.2023 21.525
      vertex -71.5669 -52.2023 26.4
    endloop
  endfacet
  facet normal 0.751665 0.659545 0
    outer loop
      vertex -71.5669 -52.2023 21.525
      vertex -71.3965 -52.3965 26.4
      vertex -71.3965 -52.3965 21.525
    endloop
  endfacet
  facet normal -0.321334 -0.946966 0
    outer loop
      vertex -69.4888 -49.0923 21.525
      vertex -69.2442 -49.1753 26.4
      vertex -69.4888 -49.0923 26.4
    endloop
  endfacet
  facet normal -0.321334 -0.946966 -0
    outer loop
      vertex -69.2442 -49.1753 26.4
      vertex -69.4888 -49.0923 21.525
      vertex -69.2442 -49.1753 21.525
    endloop
  endfacet
  facet normal 0.0654143 -0.997858 0
    outer loop
      vertex -70.2578 -49.0419 21.525
      vertex -70 -49.025 26.4
      vertex -70.2578 -49.0419 26.4
    endloop
  endfacet
  facet normal 0.0654143 -0.997858 0
    outer loop
      vertex -70 -49.025 26.4
      vertex -70.2578 -49.0419 21.525
      vertex -70 -49.025 21.525
    endloop
  endfacet
  facet normal -0.195074 0.980789 0
    outer loop
      vertex -69.4888 -52.9077 21.525
      vertex -69.7422 -52.9581 26.4
      vertex -69.4888 -52.9077 26.4
    endloop
  endfacet
  facet normal -0.195074 0.980789 0
    outer loop
      vertex -69.7422 -52.9581 26.4
      vertex -69.4888 -52.9077 21.525
      vertex -69.7422 -52.9581 21.525
    endloop
  endfacet
  facet normal 0.946966 0.321334 0
    outer loop
      vertex -71.8247 -51.7558 26.4
      vertex -71.9077 -51.5112 21.525
      vertex -71.9077 -51.5112 26.4
    endloop
  endfacet
  facet normal 0.946966 0.321334 0
    outer loop
      vertex -71.9077 -51.5112 21.525
      vertex -71.8247 -51.7558 26.4
      vertex -71.8247 -51.7558 21.525
    endloop
  endfacet
  facet normal -0.321334 0.946966 0
    outer loop
      vertex -69.2442 -52.8247 21.525
      vertex -69.4888 -52.9077 26.4
      vertex -69.2442 -52.8247 26.4
    endloop
  endfacet
  facet normal -0.321334 0.946966 0
    outer loop
      vertex -69.4888 -52.9077 26.4
      vertex -69.2442 -52.8247 21.525
      vertex -69.4888 -52.9077 21.525
    endloop
  endfacet
  facet normal -0.195074 -0.980789 0
    outer loop
      vertex -69.7422 -49.0419 21.525
      vertex -69.4888 -49.0923 26.4
      vertex -69.7422 -49.0419 26.4
    endloop
  endfacet
  facet normal -0.195074 -0.980789 -0
    outer loop
      vertex -69.4888 -49.0923 26.4
      vertex -69.7422 -49.0419 21.525
      vertex -69.4888 -49.0923 21.525
    endloop
  endfacet
  facet normal -0.751665 -0.659545 0
    outer loop
      vertex -68.4331 -49.7977 21.525
      vertex -68.6035 -49.6035 26.4
      vertex -68.6035 -49.6035 21.525
    endloop
  endfacet
  facet normal -0.751665 -0.659545 0
    outer loop
      vertex -68.6035 -49.6035 26.4
      vertex -68.4331 -49.7977 21.525
      vertex -68.4331 -49.7977 26.4
    endloop
  endfacet
  facet normal -0.946966 -0.321334 0
    outer loop
      vertex -68.0923 -50.4888 21.525
      vertex -68.1753 -50.2442 26.4
      vertex -68.1753 -50.2442 21.525
    endloop
  endfacet
  facet normal -0.946966 -0.321334 0
    outer loop
      vertex -68.1753 -50.2442 26.4
      vertex -68.0923 -50.4888 21.525
      vertex -68.0923 -50.4888 26.4
    endloop
  endfacet
  facet normal -0.555504 0.831514 0
    outer loop
      vertex -68.7977 -52.5669 21.525
      vertex -69.0125 -52.7104 26.4
      vertex -68.7977 -52.5669 26.4
    endloop
  endfacet
  facet normal -0.555504 0.831514 0
    outer loop
      vertex -69.0125 -52.7104 26.4
      vertex -68.7977 -52.5669 21.525
      vertex -69.0125 -52.7104 21.525
    endloop
  endfacet
  facet normal 0.321334 0.946966 -0
    outer loop
      vertex -70.5112 -52.9077 21.525
      vertex -70.7558 -52.8247 26.4
      vertex -70.5112 -52.9077 26.4
    endloop
  endfacet
  facet normal 0.321334 0.946966 0
    outer loop
      vertex -70.7558 -52.8247 26.4
      vertex -70.5112 -52.9077 21.525
      vertex -70.7558 -52.8247 21.525
    endloop
  endfacet
  facet normal -0.751665 0.659545 0
    outer loop
      vertex -68.6035 -52.3965 21.525
      vertex -68.4331 -52.2023 26.4
      vertex -68.4331 -52.2023 21.525
    endloop
  endfacet
  facet normal -0.751665 0.659545 0
    outer loop
      vertex -68.4331 -52.2023 26.4
      vertex -68.6035 -52.3965 21.525
      vertex -68.6035 -52.3965 26.4
    endloop
  endfacet
  facet normal 0.997858 0.0654143 0
    outer loop
      vertex -71.9581 -51.2578 26.4
      vertex -71.975 -51 21.525
      vertex -71.975 -51 26.4
    endloop
  endfacet
  facet normal 0.997858 0.0654143 0
    outer loop
      vertex -71.975 -51 21.525
      vertex -71.9581 -51.2578 26.4
      vertex -71.9581 -51.2578 21.525
    endloop
  endfacet
  facet normal 0.831514 0.555504 0
    outer loop
      vertex -71.5669 -52.2023 26.4
      vertex -71.7104 -51.9875 21.525
      vertex -71.7104 -51.9875 26.4
    endloop
  endfacet
  facet normal 0.831514 0.555504 0
    outer loop
      vertex -71.7104 -51.9875 21.525
      vertex -71.5669 -52.2023 26.4
      vertex -71.5669 -52.2023 21.525
    endloop
  endfacet
  facet normal 0.442408 0.896814 -0
    outer loop
      vertex -70.7558 -52.8247 21.525
      vertex -70.9875 -52.7104 26.4
      vertex -70.7558 -52.8247 26.4
    endloop
  endfacet
  facet normal 0.442408 0.896814 0
    outer loop
      vertex -70.9875 -52.7104 26.4
      vertex -70.7558 -52.8247 21.525
      vertex -70.9875 -52.7104 21.525
    endloop
  endfacet
  facet normal 0.751665 -0.659545 0
    outer loop
      vertex -71.5669 -49.7977 26.4
      vertex -71.3965 -49.6035 21.525
      vertex -71.3965 -49.6035 26.4
    endloop
  endfacet
  facet normal 0.751665 -0.659545 0
    outer loop
      vertex -71.3965 -49.6035 21.525
      vertex -71.5669 -49.7977 26.4
      vertex -71.5669 -49.7977 21.525
    endloop
  endfacet
  facet normal -0.980802 -0.195007 0
    outer loop
      vertex -66.9761 -50.6019 26.4
      vertex -67.0539 -50.2106 27
      vertex -67.0539 -50.2106 26.4
    endloop
  endfacet
  facet normal -0.980802 -0.195007 0
    outer loop
      vertex -67.0539 -50.2106 27
      vertex -66.9761 -50.6019 26.4
      vertex -66.9761 -50.6019 27
    endloop
  endfacet
  facet normal -0.997858 -0.065421 0
    outer loop
      vertex -66.95 -51 26.4
      vertex -66.9761 -50.6019 27
      vertex -66.9761 -50.6019 26.4
    endloop
  endfacet
  facet normal -0.997858 -0.065421 0
    outer loop
      vertex -66.9761 -50.6019 27
      vertex -66.95 -51 26.4
      vertex -66.95 -51 27
    endloop
  endfacet
  facet normal 0.442193 -0.89692 0
    outer loop
      vertex -71.525 -48.3586 26.4
      vertex -71.1672 -48.1822 27
      vertex -71.525 -48.3586 27
    endloop
  endfacet
  facet normal 0.442193 -0.89692 0
    outer loop
      vertex -71.1672 -48.1822 27
      vertex -71.525 -48.3586 26.4
      vertex -71.1672 -48.1822 26.4
    endloop
  endfacet
  facet normal -0.659214 -0.751955 0
    outer loop
      vertex -68.1433 -48.5803 26.4
      vertex -67.8433 -48.8433 27
      vertex -68.1433 -48.5803 27
    endloop
  endfacet
  facet normal -0.659214 -0.751955 -0
    outer loop
      vertex -67.8433 -48.8433 27
      vertex -68.1433 -48.5803 26.4
      vertex -67.8433 -48.8433 26.4
    endloop
  endfacet
  facet normal -0.442193 0.89692 0
    outer loop
      vertex -68.475 -53.6414 26.4
      vertex -68.8328 -53.8178 27
      vertex -68.475 -53.6414 27
    endloop
  endfacet
  facet normal -0.442193 0.89692 0
    outer loop
      vertex -68.8328 -53.8178 27
      vertex -68.475 -53.6414 26.4
      vertex -68.8328 -53.8178 26.4
    endloop
  endfacet
  facet normal 0.980802 -0.195007 0
    outer loop
      vertex -73.0239 -50.6019 27
      vertex -72.9461 -50.2106 26.4
      vertex -72.9461 -50.2106 27
    endloop
  endfacet
  facet normal 0.980802 -0.195007 0
    outer loop
      vertex -72.9461 -50.2106 26.4
      vertex -73.0239 -50.6019 27
      vertex -73.0239 -50.6019 26.4
    endloop
  endfacet
  facet normal -0.195007 0.980802 0
    outer loop
      vertex -69.2106 -53.9461 26.4
      vertex -69.6019 -54.0239 27
      vertex -69.2106 -53.9461 27
    endloop
  endfacet
  facet normal -0.195007 0.980802 0
    outer loop
      vertex -69.6019 -54.0239 27
      vertex -69.2106 -53.9461 26.4
      vertex -69.6019 -54.0239 26.4
    endloop
  endfacet
  facet normal 0.659214 0.751955 -0
    outer loop
      vertex -71.8567 -53.4197 26.4
      vertex -72.1567 -53.1567 27
      vertex -71.8567 -53.4197 27
    endloop
  endfacet
  facet normal 0.659214 0.751955 0
    outer loop
      vertex -72.1567 -53.1567 27
      vertex -71.8567 -53.4197 26.4
      vertex -72.1567 -53.1567 26.4
    endloop
  endfacet
  facet normal -0.997858 0.065421 0
    outer loop
      vertex -66.9761 -51.3981 26.4
      vertex -66.95 -51 27
      vertex -66.95 -51 26.4
    endloop
  endfacet
  facet normal -0.997858 0.065421 0
    outer loop
      vertex -66.95 -51 27
      vertex -66.9761 -51.3981 26.4
      vertex -66.9761 -51.3981 27
    endloop
  endfacet
  facet normal 0.997858 -0.065421 0
    outer loop
      vertex -73.05 -51 27
      vertex -73.0239 -50.6019 26.4
      vertex -73.0239 -50.6019 27
    endloop
  endfacet
  facet normal 0.997858 -0.065421 0
    outer loop
      vertex -73.0239 -50.6019 26.4
      vertex -73.05 -51 27
      vertex -73.05 -51 26.4
    endloop
  endfacet
  facet normal -0.831394 -0.555683 0
    outer loop
      vertex -67.3586 -49.475 26.4
      vertex -67.5803 -49.1433 27
      vertex -67.5803 -49.1433 26.4
    endloop
  endfacet
  facet normal -0.831394 -0.555683 0
    outer loop
      vertex -67.5803 -49.1433 27
      vertex -67.3586 -49.475 26.4
      vertex -67.3586 -49.475 27
    endloop
  endfacet
  facet normal 0.195007 0.980802 -0
    outer loop
      vertex -70.3981 -54.0239 26.4
      vertex -70.7894 -53.9461 27
      vertex -70.3981 -54.0239 27
    endloop
  endfacet
  facet normal 0.195007 0.980802 0
    outer loop
      vertex -70.7894 -53.9461 27
      vertex -70.3981 -54.0239 26.4
      vertex -70.7894 -53.9461 26.4
    endloop
  endfacet
  facet normal -0.89692 -0.442193 0
    outer loop
      vertex -67.1822 -49.8328 26.4
      vertex -67.3586 -49.475 27
      vertex -67.3586 -49.475 26.4
    endloop
  endfacet
  facet normal -0.89692 -0.442193 0
    outer loop
      vertex -67.3586 -49.475 27
      vertex -67.1822 -49.8328 26.4
      vertex -67.1822 -49.8328 27
    endloop
  endfacet
  facet normal -0.946889 -0.321561 0
    outer loop
      vertex -67.0539 -50.2106 26.4
      vertex -67.1822 -49.8328 27
      vertex -67.1822 -49.8328 26.4
    endloop
  endfacet
  facet normal -0.946889 -0.321561 0
    outer loop
      vertex -67.1822 -49.8328 27
      vertex -67.0539 -50.2106 26.4
      vertex -67.0539 -50.2106 27
    endloop
  endfacet
  facet normal 0.065421 0.997858 -0
    outer loop
      vertex -70 -54.05 26.4
      vertex -70.3981 -54.0239 27
      vertex -70 -54.05 27
    endloop
  endfacet
  facet normal 0.065421 0.997858 0
    outer loop
      vertex -70.3981 -54.0239 27
      vertex -70 -54.05 26.4
      vertex -70.3981 -54.0239 26.4
    endloop
  endfacet
  facet normal 0.946889 0.321561 0
    outer loop
      vertex -72.8178 -52.1672 27
      vertex -72.9461 -51.7894 26.4
      vertex -72.9461 -51.7894 27
    endloop
  endfacet
  facet normal 0.946889 0.321561 0
    outer loop
      vertex -72.9461 -51.7894 26.4
      vertex -72.8178 -52.1672 27
      vertex -72.8178 -52.1672 26.4
    endloop
  endfacet
  facet normal 0.831394 -0.555683 0
    outer loop
      vertex -72.6414 -49.475 27
      vertex -72.4197 -49.1433 26.4
      vertex -72.4197 -49.1433 27
    endloop
  endfacet
  facet normal 0.831394 -0.555683 0
    outer loop
      vertex -72.4197 -49.1433 26.4
      vertex -72.6414 -49.475 27
      vertex -72.6414 -49.475 26.4
    endloop
  endfacet
  facet normal -0.751955 0.659214 0
    outer loop
      vertex -67.8433 -53.1567 26.4
      vertex -67.5803 -52.8567 27
      vertex -67.5803 -52.8567 26.4
    endloop
  endfacet
  facet normal -0.751955 0.659214 0
    outer loop
      vertex -67.5803 -52.8567 27
      vertex -67.8433 -53.1567 26.4
      vertex -67.8433 -53.1567 27
    endloop
  endfacet
  facet normal -0.980802 0.195007 0
    outer loop
      vertex -67.0539 -51.7894 26.4
      vertex -66.9761 -51.3981 27
      vertex -66.9761 -51.3981 26.4
    endloop
  endfacet
  facet normal -0.980802 0.195007 0
    outer loop
      vertex -66.9761 -51.3981 27
      vertex -67.0539 -51.7894 26.4
      vertex -67.0539 -51.7894 27
    endloop
  endfacet
  facet normal 0.89692 0.442193 0
    outer loop
      vertex -72.6414 -52.525 27
      vertex -72.8178 -52.1672 26.4
      vertex -72.8178 -52.1672 27
    endloop
  endfacet
  facet normal 0.89692 0.442193 0
    outer loop
      vertex -72.8178 -52.1672 26.4
      vertex -72.6414 -52.525 27
      vertex -72.6414 -52.525 26.4
    endloop
  endfacet
  facet normal 0.751955 -0.659214 0
    outer loop
      vertex -72.4197 -49.1433 27
      vertex -72.1567 -48.8433 26.4
      vertex -72.1567 -48.8433 27
    endloop
  endfacet
  facet normal 0.751955 -0.659214 0
    outer loop
      vertex -72.1567 -48.8433 26.4
      vertex -72.4197 -49.1433 27
      vertex -72.4197 -49.1433 26.4
    endloop
  endfacet
  facet normal 0.659214 -0.751955 0
    outer loop
      vertex -72.1567 -48.8433 26.4
      vertex -71.8567 -48.5803 27
      vertex -72.1567 -48.8433 27
    endloop
  endfacet
  facet normal 0.659214 -0.751955 0
    outer loop
      vertex -71.8567 -48.5803 27
      vertex -72.1567 -48.8433 26.4
      vertex -71.8567 -48.5803 26.4
    endloop
  endfacet
  facet normal 0.555683 -0.831394 0
    outer loop
      vertex -71.8567 -48.5803 26.4
      vertex -71.525 -48.3586 27
      vertex -71.8567 -48.5803 27
    endloop
  endfacet
  facet normal 0.555683 -0.831394 0
    outer loop
      vertex -71.525 -48.3586 27
      vertex -71.8567 -48.5803 26.4
      vertex -71.525 -48.3586 26.4
    endloop
  endfacet
  facet normal -0.065421 -0.997858 0
    outer loop
      vertex -70 -47.95 26.4
      vertex -69.6019 -47.9761 27
      vertex -70 -47.95 27
    endloop
  endfacet
  facet normal -0.065421 -0.997858 -0
    outer loop
      vertex -69.6019 -47.9761 27
      vertex -70 -47.95 26.4
      vertex -69.6019 -47.9761 26.4
    endloop
  endfacet
  facet normal -0.321561 0.946889 0
    outer loop
      vertex -68.8328 -53.8178 26.4
      vertex -69.2106 -53.9461 27
      vertex -68.8328 -53.8178 27
    endloop
  endfacet
  facet normal -0.321561 0.946889 0
    outer loop
      vertex -69.2106 -53.9461 27
      vertex -68.8328 -53.8178 26.4
      vertex -69.2106 -53.9461 26.4
    endloop
  endfacet
  facet normal 0.751955 0.659214 0
    outer loop
      vertex -72.1567 -53.1567 27
      vertex -72.4197 -52.8567 26.4
      vertex -72.4197 -52.8567 27
    endloop
  endfacet
  facet normal 0.751955 0.659214 0
    outer loop
      vertex -72.4197 -52.8567 26.4
      vertex -72.1567 -53.1567 27
      vertex -72.1567 -53.1567 26.4
    endloop
  endfacet
  facet normal 0.321561 -0.946889 0
    outer loop
      vertex -71.1672 -48.1822 26.4
      vertex -70.7894 -48.0539 27
      vertex -71.1672 -48.1822 27
    endloop
  endfacet
  facet normal 0.321561 -0.946889 0
    outer loop
      vertex -70.7894 -48.0539 27
      vertex -71.1672 -48.1822 26.4
      vertex -70.7894 -48.0539 26.4
    endloop
  endfacet
  facet normal -0.659214 0.751955 0
    outer loop
      vertex -67.8433 -53.1567 26.4
      vertex -68.1433 -53.4197 27
      vertex -67.8433 -53.1567 27
    endloop
  endfacet
  facet normal -0.659214 0.751955 0
    outer loop
      vertex -68.1433 -53.4197 27
      vertex -67.8433 -53.1567 26.4
      vertex -68.1433 -53.4197 26.4
    endloop
  endfacet
  facet normal -0.065421 0.997858 0
    outer loop
      vertex -69.6019 -54.0239 26.4
      vertex -70 -54.05 27
      vertex -69.6019 -54.0239 27
    endloop
  endfacet
  facet normal -0.065421 0.997858 0
    outer loop
      vertex -70 -54.05 27
      vertex -69.6019 -54.0239 26.4
      vertex -70 -54.05 26.4
    endloop
  endfacet
  facet normal -0.555683 -0.831394 0
    outer loop
      vertex -68.475 -48.3586 26.4
      vertex -68.1433 -48.5803 27
      vertex -68.475 -48.3586 27
    endloop
  endfacet
  facet normal -0.555683 -0.831394 -0
    outer loop
      vertex -68.1433 -48.5803 27
      vertex -68.475 -48.3586 26.4
      vertex -68.1433 -48.5803 26.4
    endloop
  endfacet
  facet normal -0.555683 0.831394 0
    outer loop
      vertex -68.1433 -53.4197 26.4
      vertex -68.475 -53.6414 27
      vertex -68.1433 -53.4197 27
    endloop
  endfacet
  facet normal -0.555683 0.831394 0
    outer loop
      vertex -68.475 -53.6414 27
      vertex -68.1433 -53.4197 26.4
      vertex -68.475 -53.6414 26.4
    endloop
  endfacet
  facet normal 0.195007 -0.980802 0
    outer loop
      vertex -70.7894 -48.0539 26.4
      vertex -70.3981 -47.9761 27
      vertex -70.7894 -48.0539 27
    endloop
  endfacet
  facet normal 0.195007 -0.980802 0
    outer loop
      vertex -70.3981 -47.9761 27
      vertex -70.7894 -48.0539 26.4
      vertex -70.3981 -47.9761 26.4
    endloop
  endfacet
  facet normal -0.442193 -0.89692 0
    outer loop
      vertex -68.8328 -48.1822 26.4
      vertex -68.475 -48.3586 27
      vertex -68.8328 -48.1822 27
    endloop
  endfacet
  facet normal -0.442193 -0.89692 -0
    outer loop
      vertex -68.475 -48.3586 27
      vertex -68.8328 -48.1822 26.4
      vertex -68.475 -48.3586 26.4
    endloop
  endfacet
  facet normal 0.980802 0.195007 0
    outer loop
      vertex -72.9461 -51.7894 27
      vertex -73.0239 -51.3981 26.4
      vertex -73.0239 -51.3981 27
    endloop
  endfacet
  facet normal 0.980802 0.195007 0
    outer loop
      vertex -73.0239 -51.3981 26.4
      vertex -72.9461 -51.7894 27
      vertex -72.9461 -51.7894 26.4
    endloop
  endfacet
  facet normal -0.321561 -0.946889 0
    outer loop
      vertex -69.2106 -48.0539 26.4
      vertex -68.8328 -48.1822 27
      vertex -69.2106 -48.0539 27
    endloop
  endfacet
  facet normal -0.321561 -0.946889 -0
    outer loop
      vertex -68.8328 -48.1822 27
      vertex -69.2106 -48.0539 26.4
      vertex -68.8328 -48.1822 26.4
    endloop
  endfacet
  facet normal 0.89692 -0.442193 0
    outer loop
      vertex -72.8178 -49.8328 27
      vertex -72.6414 -49.475 26.4
      vertex -72.6414 -49.475 27
    endloop
  endfacet
  facet normal 0.89692 -0.442193 0
    outer loop
      vertex -72.6414 -49.475 26.4
      vertex -72.8178 -49.8328 27
      vertex -72.8178 -49.8328 26.4
    endloop
  endfacet
  facet normal -0.831394 0.555683 0
    outer loop
      vertex -67.5803 -52.8567 26.4
      vertex -67.3586 -52.525 27
      vertex -67.3586 -52.525 26.4
    endloop
  endfacet
  facet normal -0.831394 0.555683 0
    outer loop
      vertex -67.3586 -52.525 27
      vertex -67.5803 -52.8567 26.4
      vertex -67.5803 -52.8567 27
    endloop
  endfacet
  facet normal 0.555683 0.831394 -0
    outer loop
      vertex -71.525 -53.6414 26.4
      vertex -71.8567 -53.4197 27
      vertex -71.525 -53.6414 27
    endloop
  endfacet
  facet normal 0.555683 0.831394 0
    outer loop
      vertex -71.8567 -53.4197 27
      vertex -71.525 -53.6414 26.4
      vertex -71.8567 -53.4197 26.4
    endloop
  endfacet
  facet normal -0.946889 0.321561 0
    outer loop
      vertex -67.1822 -52.1672 26.4
      vertex -67.0539 -51.7894 27
      vertex -67.0539 -51.7894 26.4
    endloop
  endfacet
  facet normal -0.946889 0.321561 0
    outer loop
      vertex -67.0539 -51.7894 27
      vertex -67.1822 -52.1672 26.4
      vertex -67.1822 -52.1672 27
    endloop
  endfacet
  facet normal -0.195007 -0.980802 0
    outer loop
      vertex -69.6019 -47.9761 26.4
      vertex -69.2106 -48.0539 27
      vertex -69.6019 -47.9761 27
    endloop
  endfacet
  facet normal -0.195007 -0.980802 -0
    outer loop
      vertex -69.2106 -48.0539 27
      vertex -69.6019 -47.9761 26.4
      vertex -69.2106 -48.0539 26.4
    endloop
  endfacet
  facet normal 0.997858 0.065421 0
    outer loop
      vertex -73.0239 -51.3981 27
      vertex -73.05 -51 26.4
      vertex -73.05 -51 27
    endloop
  endfacet
  facet normal 0.997858 0.065421 0
    outer loop
      vertex -73.05 -51 26.4
      vertex -73.0239 -51.3981 27
      vertex -73.0239 -51.3981 26.4
    endloop
  endfacet
  facet normal -0.751955 -0.659214 0
    outer loop
      vertex -67.5803 -49.1433 26.4
      vertex -67.8433 -48.8433 27
      vertex -67.8433 -48.8433 26.4
    endloop
  endfacet
  facet normal -0.751955 -0.659214 0
    outer loop
      vertex -67.8433 -48.8433 27
      vertex -67.5803 -49.1433 26.4
      vertex -67.5803 -49.1433 27
    endloop
  endfacet
  facet normal 0.946889 -0.321561 0
    outer loop
      vertex -72.9461 -50.2106 27
      vertex -72.8178 -49.8328 26.4
      vertex -72.8178 -49.8328 27
    endloop
  endfacet
  facet normal 0.946889 -0.321561 0
    outer loop
      vertex -72.8178 -49.8328 26.4
      vertex -72.9461 -50.2106 27
      vertex -72.9461 -50.2106 26.4
    endloop
  endfacet
  facet normal 0.831394 0.555683 0
    outer loop
      vertex -72.4197 -52.8567 27
      vertex -72.6414 -52.525 26.4
      vertex -72.6414 -52.525 27
    endloop
  endfacet
  facet normal 0.831394 0.555683 0
    outer loop
      vertex -72.6414 -52.525 26.4
      vertex -72.4197 -52.8567 27
      vertex -72.4197 -52.8567 26.4
    endloop
  endfacet
  facet normal 0.065421 -0.997858 0
    outer loop
      vertex -70.3981 -47.9761 26.4
      vertex -70 -47.95 27
      vertex -70.3981 -47.9761 27
    endloop
  endfacet
  facet normal 0.065421 -0.997858 0
    outer loop
      vertex -70 -47.95 27
      vertex -70.3981 -47.9761 26.4
      vertex -70 -47.95 26.4
    endloop
  endfacet
  facet normal 0.321561 0.946889 -0
    outer loop
      vertex -70.7894 -53.9461 26.4
      vertex -71.1672 -53.8178 27
      vertex -70.7894 -53.9461 27
    endloop
  endfacet
  facet normal 0.321561 0.946889 0
    outer loop
      vertex -71.1672 -53.8178 27
      vertex -70.7894 -53.9461 26.4
      vertex -71.1672 -53.8178 26.4
    endloop
  endfacet
  facet normal -0.89692 0.442193 0
    outer loop
      vertex -67.3586 -52.525 26.4
      vertex -67.1822 -52.1672 27
      vertex -67.1822 -52.1672 26.4
    endloop
  endfacet
  facet normal -0.89692 0.442193 0
    outer loop
      vertex -67.1822 -52.1672 27
      vertex -67.3586 -52.525 26.4
      vertex -67.3586 -52.525 27
    endloop
  endfacet
  facet normal 0 0 1
    outer loop
      vertex -68.025 -51 26.4
      vertex -66.95 -51 26.4
      vertex -66.9761 -50.6019 26.4
    endloop
  endfacet
  facet normal 0 0 1
    outer loop
      vertex -68.0419 -50.7422 26.4
      vertex -66.9761 -50.6019 26.4
      vertex -67.0539 -50.2106 26.4
    endloop
  endfacet
  facet normal 0 0 1
    outer loop
      vertex -66.95 -51 26.4
      vertex -68.025 -51 26.4
      vertex -66.9761 -51.3981 26.4
    endloop
  endfacet
  facet normal 0 0 1
    outer loop
      vertex -68.0923 -50.4888 26.4
      vertex -67.0539 -50.2106 26.4
      vertex -67.1822 -49.8328 26.4
    endloop
  endfacet
  facet normal -0 0 1
    outer loop
      vertex -68.0419 -51.2578 26.4
      vertex -66.9761 -51.3981 26.4
      vertex -68.025 -51 26.4
    endloop
  endfacet
  facet normal 0 0 1
    outer loop
      vertex -68.1753 -50.2442 26.4
      vertex -67.1822 -49.8328 26.4
      vertex -67.3586 -49.475 26.4
    endloop
  endfacet
  facet normal 0 0 1
    outer loop
      vertex -66.9761 -51.3981 26.4
      vertex -68.0419 -51.2578 26.4
      vertex -67.0539 -51.7894 26.4
    endloop
  endfacet
  facet normal 0 0 1
    outer loop
      vertex -68.2896 -50.0125 26.4
      vertex -67.3586 -49.475 26.4
      vertex -67.5803 -49.1433 26.4
    endloop
  endfacet
  facet normal -0 0 1
    outer loop
      vertex -68.0923 -51.5112 26.4
      vertex -67.0539 -51.7894 26.4
      vertex -68.0419 -51.2578 26.4
    endloop
  endfacet
  facet normal 0 0 1
    outer loop
      vertex -68.4331 -49.7977 26.4
      vertex -67.5803 -49.1433 26.4
      vertex -67.8433 -48.8433 26.4
    endloop
  endfacet
  facet normal 0 0 1
    outer loop
      vertex -67.0539 -51.7894 26.4
      vertex -68.0923 -51.5112 26.4
      vertex -67.1822 -52.1672 26.4
    endloop
  endfacet
  facet normal -0 0 1
    outer loop
      vertex -68.1753 -51.7558 26.4
      vertex -67.1822 -52.1672 26.4
      vertex -68.0923 -51.5112 26.4
    endloop
  endfacet
  facet normal 0 0 1
    outer loop
      vertex -66.9761 -50.6019 26.4
      vertex -68.0419 -50.7422 26.4
      vertex -68.025 -51 26.4
    endloop
  endfacet
  facet normal 0 0 1
    outer loop
      vertex -67.0539 -50.2106 26.4
      vertex -68.0923 -50.4888 26.4
      vertex -68.0419 -50.7422 26.4
    endloop
  endfacet
  facet normal 0 0 1
    outer loop
      vertex -68.6035 -49.6035 26.4
      vertex -67.8433 -48.8433 26.4
      vertex -68.1433 -48.5803 26.4
    endloop
  endfacet
  facet normal 0 0 1
    outer loop
      vertex -67.1822 -49.8328 26.4
      vertex -68.1753 -50.2442 26.4
      vertex -68.0923 -50.4888 26.4
    endloop
  endfacet
  facet normal 0 0 1
    outer loop
      vertex -67.3586 -49.475 26.4
      vertex -68.2896 -50.0125 26.4
      vertex -68.1753 -50.2442 26.4
    endloop
  endfacet
  facet normal 0 0 1
    outer loop
      vertex -67.5803 -49.1433 26.4
      vertex -68.4331 -49.7977 26.4
      vertex -68.2896 -50.0125 26.4
    endloop
  endfacet
  facet normal 0 0 1
    outer loop
      vertex -68.7977 -49.4331 26.4
      vertex -68.1433 -48.5803 26.4
      vertex -68.475 -48.3586 26.4
    endloop
  endfacet
  facet normal 0 0 1
    outer loop
      vertex -67.8433 -48.8433 26.4
      vertex -68.6035 -49.6035 26.4
      vertex -68.4331 -49.7977 26.4
    endloop
  endfacet
  facet normal 0 0 1
    outer loop
      vertex -68.1433 -48.5803 26.4
      vertex -68.7977 -49.4331 26.4
      vertex -68.6035 -49.6035 26.4
    endloop
  endfacet
  facet normal 0 0 1
    outer loop
      vertex -69.0125 -49.2896 26.4
      vertex -68.475 -48.3586 26.4
      vertex -68.8328 -48.1822 26.4
    endloop
  endfacet
  facet normal 0 0 1
    outer loop
      vertex -68.475 -48.3586 26.4
      vertex -69.0125 -49.2896 26.4
      vertex -68.7977 -49.4331 26.4
    endloop
  endfacet
  facet normal 0 0 1
    outer loop
      vertex -69.2442 -49.1753 26.4
      vertex -68.8328 -48.1822 26.4
      vertex -69.2106 -48.0539 26.4
    endloop
  endfacet
  facet normal 0 0 1
    outer loop
      vertex -68.8328 -48.1822 26.4
      vertex -69.2442 -49.1753 26.4
      vertex -69.0125 -49.2896 26.4
    endloop
  endfacet
  facet normal 0 0 1
    outer loop
      vertex -69.2106 -48.0539 26.4
      vertex -69.4888 -49.0923 26.4
      vertex -69.2442 -49.1753 26.4
    endloop
  endfacet
  facet normal 0 0 1
    outer loop
      vertex -69.6019 -47.9761 26.4
      vertex -69.4888 -49.0923 26.4
      vertex -69.2106 -48.0539 26.4
    endloop
  endfacet
  facet normal 0 0 1
    outer loop
      vertex -69.6019 -47.9761 26.4
      vertex -69.7422 -49.0419 26.4
      vertex -69.4888 -49.0923 26.4
    endloop
  endfacet
  facet normal 0 0 1
    outer loop
      vertex -70 -47.95 26.4
      vertex -69.7422 -49.0419 26.4
      vertex -69.6019 -47.9761 26.4
    endloop
  endfacet
  facet normal 0 0 1
    outer loop
      vertex -70 -47.95 26.4
      vertex -70 -49.025 26.4
      vertex -69.7422 -49.0419 26.4
    endloop
  endfacet
  facet normal 0 0 1
    outer loop
      vertex -70 -47.95 26.4
      vertex -70.2578 -49.0419 26.4
      vertex -70 -49.025 26.4
    endloop
  endfacet
  facet normal -0 0 1
    outer loop
      vertex -70.3981 -47.9761 26.4
      vertex -70.2578 -49.0419 26.4
      vertex -70 -47.95 26.4
    endloop
  endfacet
  facet normal 0 0 1
    outer loop
      vertex -70.3981 -47.9761 26.4
      vertex -70.5112 -49.0923 26.4
      vertex -70.2578 -49.0419 26.4
    endloop
  endfacet
  facet normal -0 0 1
    outer loop
      vertex -70.7894 -48.0539 26.4
      vertex -70.5112 -49.0923 26.4
      vertex -70.3981 -47.9761 26.4
    endloop
  endfacet
  facet normal 0 0 1
    outer loop
      vertex -70.5112 -49.0923 26.4
      vertex -70.7894 -48.0539 26.4
      vertex -70.7558 -49.1753 26.4
    endloop
  endfacet
  facet normal -0 0 1
    outer loop
      vertex -71.1672 -48.1822 26.4
      vertex -70.7558 -49.1753 26.4
      vertex -70.7894 -48.0539 26.4
    endloop
  endfacet
  facet normal 0 0 1
    outer loop
      vertex -70.7558 -49.1753 26.4
      vertex -71.1672 -48.1822 26.4
      vertex -70.9875 -49.2896 26.4
    endloop
  endfacet
  facet normal -0 0 1
    outer loop
      vertex -71.525 -48.3586 26.4
      vertex -70.9875 -49.2896 26.4
      vertex -71.1672 -48.1822 26.4
    endloop
  endfacet
  facet normal 0 0 1
    outer loop
      vertex -70.9875 -49.2896 26.4
      vertex -71.525 -48.3586 26.4
      vertex -71.2023 -49.4331 26.4
    endloop
  endfacet
  facet normal -0 0 1
    outer loop
      vertex -71.8567 -48.5803 26.4
      vertex -71.2023 -49.4331 26.4
      vertex -71.525 -48.3586 26.4
    endloop
  endfacet
  facet normal 0 0 1
    outer loop
      vertex -71.2023 -49.4331 26.4
      vertex -71.8567 -48.5803 26.4
      vertex -71.3965 -49.6035 26.4
    endloop
  endfacet
  facet normal -0 0 1
    outer loop
      vertex -72.1567 -48.8433 26.4
      vertex -71.3965 -49.6035 26.4
      vertex -71.8567 -48.5803 26.4
    endloop
  endfacet
  facet normal 0 0 1
    outer loop
      vertex -71.3965 -49.6035 26.4
      vertex -72.1567 -48.8433 26.4
      vertex -71.5669 -49.7977 26.4
    endloop
  endfacet
  facet normal -0 0 1
    outer loop
      vertex -72.4197 -49.1433 26.4
      vertex -71.5669 -49.7977 26.4
      vertex -72.1567 -48.8433 26.4
    endloop
  endfacet
  facet normal 0 0 1
    outer loop
      vertex -71.5669 -49.7977 26.4
      vertex -72.4197 -49.1433 26.4
      vertex -71.7104 -50.0125 26.4
    endloop
  endfacet
  facet normal -0 0 1
    outer loop
      vertex -72.6414 -49.475 26.4
      vertex -71.7104 -50.0125 26.4
      vertex -72.4197 -49.1433 26.4
    endloop
  endfacet
  facet normal 0 0 1
    outer loop
      vertex -71.7104 -50.0125 26.4
      vertex -72.6414 -49.475 26.4
      vertex -71.8247 -50.2442 26.4
    endloop
  endfacet
  facet normal -0 0 1
    outer loop
      vertex -72.8178 -49.8328 26.4
      vertex -71.8247 -50.2442 26.4
      vertex -72.6414 -49.475 26.4
    endloop
  endfacet
  facet normal 0 0 1
    outer loop
      vertex -67.1822 -52.1672 26.4
      vertex -68.1753 -51.7558 26.4
      vertex -67.3586 -52.525 26.4
    endloop
  endfacet
  facet normal -0 0 1
    outer loop
      vertex -68.2896 -51.9875 26.4
      vertex -67.3586 -52.525 26.4
      vertex -68.1753 -51.7558 26.4
    endloop
  endfacet
  facet normal 0 0 1
    outer loop
      vertex -67.3586 -52.525 26.4
      vertex -68.2896 -51.9875 26.4
      vertex -67.5803 -52.8567 26.4
    endloop
  endfacet
  facet normal -0 0 1
    outer loop
      vertex -68.4331 -52.2023 26.4
      vertex -67.5803 -52.8567 26.4
      vertex -68.2896 -51.9875 26.4
    endloop
  endfacet
  facet normal 0 0 1
    outer loop
      vertex -67.5803 -52.8567 26.4
      vertex -68.4331 -52.2023 26.4
      vertex -67.8433 -53.1567 26.4
    endloop
  endfacet
  facet normal -0 0 1
    outer loop
      vertex -68.6035 -52.3965 26.4
      vertex -67.8433 -53.1567 26.4
      vertex -68.4331 -52.2023 26.4
    endloop
  endfacet
  facet normal 0 0 1
    outer loop
      vertex -67.8433 -53.1567 26.4
      vertex -68.6035 -52.3965 26.4
      vertex -68.1433 -53.4197 26.4
    endloop
  endfacet
  facet normal -0 0 1
    outer loop
      vertex -68.7977 -52.5669 26.4
      vertex -68.1433 -53.4197 26.4
      vertex -68.6035 -52.3965 26.4
    endloop
  endfacet
  facet normal 0 0 1
    outer loop
      vertex -68.1433 -53.4197 26.4
      vertex -68.7977 -52.5669 26.4
      vertex -68.475 -53.6414 26.4
    endloop
  endfacet
  facet normal -0 0 1
    outer loop
      vertex -69.0125 -52.7104 26.4
      vertex -68.475 -53.6414 26.4
      vertex -68.7977 -52.5669 26.4
    endloop
  endfacet
  facet normal 0 0 1
    outer loop
      vertex -68.475 -53.6414 26.4
      vertex -69.0125 -52.7104 26.4
      vertex -68.8328 -53.8178 26.4
    endloop
  endfacet
  facet normal -0 0 1
    outer loop
      vertex -69.2442 -52.8247 26.4
      vertex -68.8328 -53.8178 26.4
      vertex -69.0125 -52.7104 26.4
    endloop
  endfacet
  facet normal 0 0 1
    outer loop
      vertex -68.8328 -53.8178 26.4
      vertex -69.2442 -52.8247 26.4
      vertex -69.2106 -53.9461 26.4
    endloop
  endfacet
  facet normal -0 0 1
    outer loop
      vertex -69.4888 -52.9077 26.4
      vertex -69.2106 -53.9461 26.4
      vertex -69.2442 -52.8247 26.4
    endloop
  endfacet
  facet normal 0 0 1
    outer loop
      vertex -69.4888 -52.9077 26.4
      vertex -69.6019 -54.0239 26.4
      vertex -69.2106 -53.9461 26.4
    endloop
  endfacet
  facet normal -0 0 1
    outer loop
      vertex -69.7422 -52.9581 26.4
      vertex -69.6019 -54.0239 26.4
      vertex -69.4888 -52.9077 26.4
    endloop
  endfacet
  facet normal -0 0 1
    outer loop
      vertex -70 -52.975 26.4
      vertex -69.6019 -54.0239 26.4
      vertex -69.7422 -52.9581 26.4
    endloop
  endfacet
  facet normal 0 0 1
    outer loop
      vertex -70 -52.975 26.4
      vertex -70 -54.05 26.4
      vertex -69.6019 -54.0239 26.4
    endloop
  endfacet
  facet normal 0 0 1
    outer loop
      vertex -70.2578 -52.9581 26.4
      vertex -70 -54.05 26.4
      vertex -70 -52.975 26.4
    endloop
  endfacet
  facet normal 0 0 1
    outer loop
      vertex -70.2578 -52.9581 26.4
      vertex -70.3981 -54.0239 26.4
      vertex -70 -54.05 26.4
    endloop
  endfacet
  facet normal 0 0 1
    outer loop
      vertex -70.5112 -52.9077 26.4
      vertex -70.3981 -54.0239 26.4
      vertex -70.2578 -52.9581 26.4
    endloop
  endfacet
  facet normal 0 0 1
    outer loop
      vertex -70.7894 -53.9461 26.4
      vertex -70.5112 -52.9077 26.4
      vertex -70.7558 -52.8247 26.4
    endloop
  endfacet
  facet normal 0 0 1
    outer loop
      vertex -70.5112 -52.9077 26.4
      vertex -70.7894 -53.9461 26.4
      vertex -70.3981 -54.0239 26.4
    endloop
  endfacet
  facet normal 0 0 1
    outer loop
      vertex -71.1672 -53.8178 26.4
      vertex -70.7558 -52.8247 26.4
      vertex -70.9875 -52.7104 26.4
    endloop
  endfacet
  facet normal 0 0 1
    outer loop
      vertex -70.7558 -52.8247 26.4
      vertex -71.1672 -53.8178 26.4
      vertex -70.7894 -53.9461 26.4
    endloop
  endfacet
  facet normal 0 0 1
    outer loop
      vertex -71.525 -53.6414 26.4
      vertex -70.9875 -52.7104 26.4
      vertex -71.2023 -52.5669 26.4
    endloop
  endfacet
  facet normal 0 0 1
    outer loop
      vertex -71.8567 -53.4197 26.4
      vertex -71.2023 -52.5669 26.4
      vertex -71.3965 -52.3965 26.4
    endloop
  endfacet
  facet normal 0 0 1
    outer loop
      vertex -70.9875 -52.7104 26.4
      vertex -71.525 -53.6414 26.4
      vertex -71.1672 -53.8178 26.4
    endloop
  endfacet
  facet normal 0 0 1
    outer loop
      vertex -72.1567 -53.1567 26.4
      vertex -71.3965 -52.3965 26.4
      vertex -71.5669 -52.2023 26.4
    endloop
  endfacet
  facet normal 0 0 1
    outer loop
      vertex -72.4197 -52.8567 26.4
      vertex -71.5669 -52.2023 26.4
      vertex -71.7104 -51.9875 26.4
    endloop
  endfacet
  facet normal 0 0 1
    outer loop
      vertex -72.6414 -52.525 26.4
      vertex -71.7104 -51.9875 26.4
      vertex -71.8247 -51.7558 26.4
    endloop
  endfacet
  facet normal 0 0 1
    outer loop
      vertex -71.2023 -52.5669 26.4
      vertex -71.8567 -53.4197 26.4
      vertex -71.525 -53.6414 26.4
    endloop
  endfacet
  facet normal 0 0 1
    outer loop
      vertex -72.8178 -52.1672 26.4
      vertex -71.8247 -51.7558 26.4
      vertex -71.9077 -51.5112 26.4
    endloop
  endfacet
  facet normal 0 0 1
    outer loop
      vertex -72.9461 -51.7894 26.4
      vertex -71.9077 -51.5112 26.4
      vertex -71.9581 -51.2578 26.4
    endloop
  endfacet
  facet normal 0 0 1
    outer loop
      vertex -73.0239 -51.3981 26.4
      vertex -71.9581 -51.2578 26.4
      vertex -71.975 -51 26.4
    endloop
  endfacet
  facet normal 0 0 1
    outer loop
      vertex -71.8247 -50.2442 26.4
      vertex -72.8178 -49.8328 26.4
      vertex -71.9077 -50.4888 26.4
    endloop
  endfacet
  facet normal 0 0 1
    outer loop
      vertex -71.3965 -52.3965 26.4
      vertex -72.1567 -53.1567 26.4
      vertex -71.8567 -53.4197 26.4
    endloop
  endfacet
  facet normal -0 0 1
    outer loop
      vertex -72.9461 -50.2106 26.4
      vertex -71.9077 -50.4888 26.4
      vertex -72.8178 -49.8328 26.4
    endloop
  endfacet
  facet normal 0 0 1
    outer loop
      vertex -71.5669 -52.2023 26.4
      vertex -72.4197 -52.8567 26.4
      vertex -72.1567 -53.1567 26.4
    endloop
  endfacet
  facet normal 0 0 1
    outer loop
      vertex -71.9077 -50.4888 26.4
      vertex -72.9461 -50.2106 26.4
      vertex -71.9581 -50.7422 26.4
    endloop
  endfacet
  facet normal 0 0 1
    outer loop
      vertex -71.7104 -51.9875 26.4
      vertex -72.6414 -52.525 26.4
      vertex -72.4197 -52.8567 26.4
    endloop
  endfacet
  facet normal -0 0 1
    outer loop
      vertex -73.0239 -50.6019 26.4
      vertex -71.9581 -50.7422 26.4
      vertex -72.9461 -50.2106 26.4
    endloop
  endfacet
  facet normal 0 0 1
    outer loop
      vertex -71.8247 -51.7558 26.4
      vertex -72.8178 -52.1672 26.4
      vertex -72.6414 -52.525 26.4
    endloop
  endfacet
  facet normal 0 0 1
    outer loop
      vertex -71.9581 -50.7422 26.4
      vertex -73.0239 -50.6019 26.4
      vertex -71.975 -51 26.4
    endloop
  endfacet
  facet normal 0 0 1
    outer loop
      vertex -71.9077 -51.5112 26.4
      vertex -72.9461 -51.7894 26.4
      vertex -72.8178 -52.1672 26.4
    endloop
  endfacet
  facet normal 0 0 1
    outer loop
      vertex -73.05 -51 26.4
      vertex -71.975 -51 26.4
      vertex -73.0239 -50.6019 26.4
    endloop
  endfacet
  facet normal 0 0 1
    outer loop
      vertex -71.9581 -51.2578 26.4
      vertex -73.0239 -51.3981 26.4
      vertex -72.9461 -51.7894 26.4
    endloop
  endfacet
  facet normal 0 0 1
    outer loop
      vertex -71.975 -51 26.4
      vertex -73.05 -51 26.4
      vertex -73.0239 -51.3981 26.4
    endloop
  endfacet
  facet normal 0.442193 0.89692 -0
    outer loop
      vertex -71.1672 -53.8178 26.4
      vertex -71.525 -53.6414 27
      vertex -71.1672 -53.8178 27
    endloop
  endfacet
  facet normal 0.442193 0.89692 0
    outer loop
      vertex -71.525 -53.6414 27
      vertex -71.1672 -53.8178 26.4
      vertex -71.525 -53.6414 26.4
    endloop
  endfacet
  facet normal 0.997858 -0.0654143 0
    outer loop
      vertex -71.975 51 26.4
      vertex -71.9581 51.2578 21.525
      vertex -71.9581 51.2578 26.4
    endloop
  endfacet
  facet normal 0.997858 -0.0654143 0
    outer loop
      vertex -71.9581 51.2578 21.525
      vertex -71.975 51 26.4
      vertex -71.975 51 21.525
    endloop
  endfacet
  facet normal -0.195074 0.980789 0
    outer loop
      vertex -69.4888 49.0923 21.525
      vertex -69.7422 49.0419 26.4
      vertex -69.4888 49.0923 26.4
    endloop
  endfacet
  facet normal -0.195074 0.980789 0
    outer loop
      vertex -69.7422 49.0419 26.4
      vertex -69.4888 49.0923 21.525
      vertex -69.7422 49.0419 21.525
    endloop
  endfacet
  facet normal -0.980789 -0.195074 0
    outer loop
      vertex -68.0419 51.2578 21.525
      vertex -68.0923 51.5112 26.4
      vertex -68.0923 51.5112 21.525
    endloop
  endfacet
  facet normal -0.980789 -0.195074 0
    outer loop
      vertex -68.0923 51.5112 26.4
      vertex -68.0419 51.2578 21.525
      vertex -68.0419 51.2578 26.4
    endloop
  endfacet
  facet normal -0.997858 -0.0654143 0
    outer loop
      vertex -68.025 51 21.525
      vertex -68.0419 51.2578 26.4
      vertex -68.0419 51.2578 21.525
    endloop
  endfacet
  facet normal -0.997858 -0.0654143 0
    outer loop
      vertex -68.0419 51.2578 26.4
      vertex -68.025 51 21.525
      vertex -68.025 51 26.4
    endloop
  endfacet
  facet normal 0.195074 0.980789 -0
    outer loop
      vertex -70.2578 49.0419 21.525
      vertex -70.5112 49.0923 26.4
      vertex -70.2578 49.0419 26.4
    endloop
  endfacet
  facet normal 0.195074 0.980789 0
    outer loop
      vertex -70.5112 49.0923 26.4
      vertex -70.2578 49.0419 21.525
      vertex -70.5112 49.0923 21.525
    endloop
  endfacet
  facet normal -0.980789 0.195074 0
    outer loop
      vertex -68.0923 50.4888 21.525
      vertex -68.0419 50.7422 26.4
      vertex -68.0419 50.7422 21.525
    endloop
  endfacet
  facet normal -0.980789 0.195074 0
    outer loop
      vertex -68.0419 50.7422 26.4
      vertex -68.0923 50.4888 21.525
      vertex -68.0923 50.4888 26.4
    endloop
  endfacet
  facet normal 0.751665 -0.659545 0
    outer loop
      vertex -71.5669 52.2023 26.4
      vertex -71.3965 52.3965 21.525
      vertex -71.3965 52.3965 26.4
    endloop
  endfacet
  facet normal 0.751665 -0.659545 0
    outer loop
      vertex -71.3965 52.3965 21.525
      vertex -71.5669 52.2023 26.4
      vertex -71.5669 52.2023 21.525
    endloop
  endfacet
  facet normal -0.321334 -0.946966 0
    outer loop
      vertex -69.4888 52.9077 21.525
      vertex -69.2442 52.8247 26.4
      vertex -69.4888 52.9077 26.4
    endloop
  endfacet
  facet normal -0.321334 -0.946966 -0
    outer loop
      vertex -69.2442 52.8247 26.4
      vertex -69.4888 52.9077 21.525
      vertex -69.2442 52.8247 21.525
    endloop
  endfacet
  facet normal 0.321334 -0.946966 0
    outer loop
      vertex -70.7558 52.8247 21.525
      vertex -70.5112 52.9077 26.4
      vertex -70.7558 52.8247 26.4
    endloop
  endfacet
  facet normal 0.321334 -0.946966 0
    outer loop
      vertex -70.5112 52.9077 26.4
      vertex -70.7558 52.8247 21.525
      vertex -70.5112 52.9077 21.525
    endloop
  endfacet
  facet normal -0.946966 -0.321334 0
    outer loop
      vertex -68.0923 51.5112 21.525
      vertex -68.1753 51.7558 26.4
      vertex -68.1753 51.7558 21.525
    endloop
  endfacet
  facet normal -0.946966 -0.321334 0
    outer loop
      vertex -68.1753 51.7558 26.4
      vertex -68.0923 51.5112 21.525
      vertex -68.0923 51.5112 26.4
    endloop
  endfacet
  facet normal -0.0654143 0.997858 0
    outer loop
      vertex -69.7422 49.0419 21.525
      vertex -70 49.025 26.4
      vertex -69.7422 49.0419 26.4
    endloop
  endfacet
  facet normal -0.0654143 0.997858 0
    outer loop
      vertex -70 49.025 26.4
      vertex -69.7422 49.0419 21.525
      vertex -70 49.025 21.525
    endloop
  endfacet
  facet normal -0.659545 -0.751665 0
    outer loop
      vertex -68.7977 52.5669 21.525
      vertex -68.6035 52.3965 26.4
      vertex -68.7977 52.5669 26.4
    endloop
  endfacet
  facet normal -0.659545 -0.751665 -0
    outer loop
      vertex -68.6035 52.3965 26.4
      vertex -68.7977 52.5669 21.525
      vertex -68.6035 52.3965 21.525
    endloop
  endfacet
  facet normal 0.896814 -0.442408 0
    outer loop
      vertex -71.8247 51.7558 26.4
      vertex -71.7104 51.9875 21.525
      vertex -71.7104 51.9875 26.4
    endloop
  endfacet
  facet normal 0.896814 -0.442408 0
    outer loop
      vertex -71.7104 51.9875 21.525
      vertex -71.8247 51.7558 26.4
      vertex -71.8247 51.7558 21.525
    endloop
  endfacet
  facet normal -0.946966 0.321334 0
    outer loop
      vertex -68.1753 50.2442 21.525
      vertex -68.0923 50.4888 26.4
      vertex -68.0923 50.4888 21.525
    endloop
  endfacet
  facet normal -0.946966 0.321334 0
    outer loop
      vertex -68.0923 50.4888 26.4
      vertex -68.1753 50.2442 21.525
      vertex -68.1753 50.2442 26.4
    endloop
  endfacet
  facet normal 0.980789 0.195074 0
    outer loop
      vertex -71.9077 50.4888 26.4
      vertex -71.9581 50.7422 21.525
      vertex -71.9581 50.7422 26.4
    endloop
  endfacet
  facet normal 0.980789 0.195074 0
    outer loop
      vertex -71.9581 50.7422 21.525
      vertex -71.9077 50.4888 26.4
      vertex -71.9077 50.4888 21.525
    endloop
  endfacet
  facet normal -0.831514 0.555504 0
    outer loop
      vertex -68.4331 49.7977 21.525
      vertex -68.2896 50.0125 26.4
      vertex -68.2896 50.0125 21.525
    endloop
  endfacet
  facet normal -0.831514 0.555504 0
    outer loop
      vertex -68.2896 50.0125 26.4
      vertex -68.4331 49.7977 21.525
      vertex -68.4331 49.7977 26.4
    endloop
  endfacet
  facet normal 0.831514 -0.555504 0
    outer loop
      vertex -71.7104 51.9875 26.4
      vertex -71.5669 52.2023 21.525
      vertex -71.5669 52.2023 26.4
    endloop
  endfacet
  facet normal 0.831514 -0.555504 0
    outer loop
      vertex -71.5669 52.2023 21.525
      vertex -71.7104 51.9875 26.4
      vertex -71.7104 51.9875 21.525
    endloop
  endfacet
  facet normal 0.555504 -0.831514 0
    outer loop
      vertex -71.2023 52.5669 21.525
      vertex -70.9875 52.7104 26.4
      vertex -71.2023 52.5669 26.4
    endloop
  endfacet
  facet normal 0.555504 -0.831514 0
    outer loop
      vertex -70.9875 52.7104 26.4
      vertex -71.2023 52.5669 21.525
      vertex -70.9875 52.7104 21.525
    endloop
  endfacet
  facet normal 0.946966 0.321334 0
    outer loop
      vertex -71.8247 50.2442 26.4
      vertex -71.9077 50.4888 21.525
      vertex -71.9077 50.4888 26.4
    endloop
  endfacet
  facet normal 0.946966 0.321334 0
    outer loop
      vertex -71.9077 50.4888 21.525
      vertex -71.8247 50.2442 26.4
      vertex -71.8247 50.2442 21.525
    endloop
  endfacet
  facet normal 0.0654143 0.997858 -0
    outer loop
      vertex -70 49.025 21.525
      vertex -70.2578 49.0419 26.4
      vertex -70 49.025 26.4
    endloop
  endfacet
  facet normal 0.0654143 0.997858 0
    outer loop
      vertex -70.2578 49.0419 26.4
      vertex -70 49.025 21.525
      vertex -70.2578 49.0419 21.525
    endloop
  endfacet
  facet normal 0.659545 -0.751665 0
    outer loop
      vertex -71.3965 52.3965 21.525
      vertex -71.2023 52.5669 26.4
      vertex -71.3965 52.3965 26.4
    endloop
  endfacet
  facet normal 0.659545 -0.751665 0
    outer loop
      vertex -71.2023 52.5669 26.4
      vertex -71.3965 52.3965 21.525
      vertex -71.2023 52.5669 21.525
    endloop
  endfacet
  facet normal -0.442408 -0.896814 0
    outer loop
      vertex -69.2442 52.8247 21.525
      vertex -69.0125 52.7104 26.4
      vertex -69.2442 52.8247 26.4
    endloop
  endfacet
  facet normal -0.442408 -0.896814 -0
    outer loop
      vertex -69.0125 52.7104 26.4
      vertex -69.2442 52.8247 21.525
      vertex -69.0125 52.7104 21.525
    endloop
  endfacet
  facet normal -0.195074 -0.980789 0
    outer loop
      vertex -69.7422 52.9581 21.525
      vertex -69.4888 52.9077 26.4
      vertex -69.7422 52.9581 26.4
    endloop
  endfacet
  facet normal -0.195074 -0.980789 -0
    outer loop
      vertex -69.4888 52.9077 26.4
      vertex -69.7422 52.9581 21.525
      vertex -69.4888 52.9077 21.525
    endloop
  endfacet
  facet normal -0.997858 0.0654143 0
    outer loop
      vertex -68.0419 50.7422 21.525
      vertex -68.025 51 26.4
      vertex -68.025 51 21.525
    endloop
  endfacet
  facet normal -0.997858 0.0654143 0
    outer loop
      vertex -68.025 51 26.4
      vertex -68.0419 50.7422 21.525
      vertex -68.0419 50.7422 26.4
    endloop
  endfacet
  facet normal 0.896814 0.442408 0
    outer loop
      vertex -71.7104 50.0125 26.4
      vertex -71.8247 50.2442 21.525
      vertex -71.8247 50.2442 26.4
    endloop
  endfacet
  facet normal 0.896814 0.442408 0
    outer loop
      vertex -71.8247 50.2442 21.525
      vertex -71.7104 50.0125 26.4
      vertex -71.7104 50.0125 21.525
    endloop
  endfacet
  facet normal -0.555504 -0.831514 0
    outer loop
      vertex -69.0125 52.7104 21.525
      vertex -68.7977 52.5669 26.4
      vertex -69.0125 52.7104 26.4
    endloop
  endfacet
  facet normal -0.555504 -0.831514 -0
    outer loop
      vertex -68.7977 52.5669 26.4
      vertex -69.0125 52.7104 21.525
      vertex -68.7977 52.5669 21.525
    endloop
  endfacet
  facet normal -0.659545 0.751665 0
    outer loop
      vertex -68.6035 49.6035 21.525
      vertex -68.7977 49.4331 26.4
      vertex -68.6035 49.6035 26.4
    endloop
  endfacet
  facet normal -0.659545 0.751665 0
    outer loop
      vertex -68.7977 49.4331 26.4
      vertex -68.6035 49.6035 21.525
      vertex -68.7977 49.4331 21.525
    endloop
  endfacet
  facet normal -0.831514 -0.555504 0
    outer loop
      vertex -68.2896 51.9875 21.525
      vertex -68.4331 52.2023 26.4
      vertex -68.4331 52.2023 21.525
    endloop
  endfacet
  facet normal -0.831514 -0.555504 0
    outer loop
      vertex -68.4331 52.2023 26.4
      vertex -68.2896 51.9875 21.525
      vertex -68.2896 51.9875 26.4
    endloop
  endfacet
  facet normal 0.321334 0.946966 -0
    outer loop
      vertex -70.5112 49.0923 21.525
      vertex -70.7558 49.1753 26.4
      vertex -70.5112 49.0923 26.4
    endloop
  endfacet
  facet normal 0.321334 0.946966 0
    outer loop
      vertex -70.7558 49.1753 26.4
      vertex -70.5112 49.0923 21.525
      vertex -70.7558 49.1753 21.525
    endloop
  endfacet
  facet normal -0.555504 0.831514 0
    outer loop
      vertex -68.7977 49.4331 21.525
      vertex -69.0125 49.2896 26.4
      vertex -68.7977 49.4331 26.4
    endloop
  endfacet
  facet normal -0.555504 0.831514 0
    outer loop
      vertex -69.0125 49.2896 26.4
      vertex -68.7977 49.4331 21.525
      vertex -69.0125 49.2896 21.525
    endloop
  endfacet
  facet normal 0.195074 -0.980789 0
    outer loop
      vertex -70.5112 52.9077 21.525
      vertex -70.2578 52.9581 26.4
      vertex -70.5112 52.9077 26.4
    endloop
  endfacet
  facet normal 0.195074 -0.980789 0
    outer loop
      vertex -70.2578 52.9581 26.4
      vertex -70.5112 52.9077 21.525
      vertex -70.2578 52.9581 21.525
    endloop
  endfacet
  facet normal -0.896814 -0.442408 0
    outer loop
      vertex -68.1753 51.7558 21.525
      vertex -68.2896 51.9875 26.4
      vertex -68.2896 51.9875 21.525
    endloop
  endfacet
  facet normal -0.896814 -0.442408 0
    outer loop
      vertex -68.2896 51.9875 26.4
      vertex -68.1753 51.7558 21.525
      vertex -68.1753 51.7558 26.4
    endloop
  endfacet
  facet normal 0.831514 0.555504 0
    outer loop
      vertex -71.5669 49.7977 26.4
      vertex -71.7104 50.0125 21.525
      vertex -71.7104 50.0125 26.4
    endloop
  endfacet
  facet normal 0.831514 0.555504 0
    outer loop
      vertex -71.7104 50.0125 21.525
      vertex -71.5669 49.7977 26.4
      vertex -71.5669 49.7977 21.525
    endloop
  endfacet
  facet normal 0.555504 0.831514 -0
    outer loop
      vertex -70.9875 49.2896 21.525
      vertex -71.2023 49.4331 26.4
      vertex -70.9875 49.2896 26.4
    endloop
  endfacet
  facet normal 0.555504 0.831514 0
    outer loop
      vertex -71.2023 49.4331 26.4
      vertex -70.9875 49.2896 21.525
      vertex -71.2023 49.4331 21.525
    endloop
  endfacet
  facet normal 0.659545 0.751665 -0
    outer loop
      vertex -71.2023 49.4331 21.525
      vertex -71.3965 49.6035 26.4
      vertex -71.2023 49.4331 26.4
    endloop
  endfacet
  facet normal 0.659545 0.751665 0
    outer loop
      vertex -71.3965 49.6035 26.4
      vertex -71.2023 49.4331 21.525
      vertex -71.3965 49.6035 21.525
    endloop
  endfacet
  facet normal -0.751665 0.659545 0
    outer loop
      vertex -68.6035 49.6035 21.525
      vertex -68.4331 49.7977 26.4
      vertex -68.4331 49.7977 21.525
    endloop
  endfacet
  facet normal -0.751665 0.659545 0
    outer loop
      vertex -68.4331 49.7977 26.4
      vertex -68.6035 49.6035 21.525
      vertex -68.6035 49.6035 26.4
    endloop
  endfacet
  facet normal 0.997858 0.0654143 0
    outer loop
      vertex -71.9581 50.7422 26.4
      vertex -71.975 51 21.525
      vertex -71.975 51 26.4
    endloop
  endfacet
  facet normal 0.997858 0.0654143 0
    outer loop
      vertex -71.975 51 21.525
      vertex -71.9581 50.7422 26.4
      vertex -71.9581 50.7422 21.525
    endloop
  endfacet
  facet normal -0.896814 0.442408 0
    outer loop
      vertex -68.2896 50.0125 21.525
      vertex -68.1753 50.2442 26.4
      vertex -68.1753 50.2442 21.525
    endloop
  endfacet
  facet normal -0.896814 0.442408 0
    outer loop
      vertex -68.1753 50.2442 26.4
      vertex -68.2896 50.0125 21.525
      vertex -68.2896 50.0125 26.4
    endloop
  endfacet
  facet normal -0.442408 0.896814 0
    outer loop
      vertex -69.0125 49.2896 21.525
      vertex -69.2442 49.1753 26.4
      vertex -69.0125 49.2896 26.4
    endloop
  endfacet
  facet normal -0.442408 0.896814 0
    outer loop
      vertex -69.2442 49.1753 26.4
      vertex -69.0125 49.2896 21.525
      vertex -69.2442 49.1753 21.525
    endloop
  endfacet
  facet normal 0.980789 -0.195074 0
    outer loop
      vertex -71.9581 51.2578 26.4
      vertex -71.9077 51.5112 21.525
      vertex -71.9077 51.5112 26.4
    endloop
  endfacet
  facet normal 0.980789 -0.195074 0
    outer loop
      vertex -71.9077 51.5112 21.525
      vertex -71.9581 51.2578 26.4
      vertex -71.9581 51.2578 21.525
    endloop
  endfacet
  facet normal -0.751665 -0.659545 0
    outer loop
      vertex -68.4331 52.2023 21.525
      vertex -68.6035 52.3965 26.4
      vertex -68.6035 52.3965 21.525
    endloop
  endfacet
  facet normal -0.751665 -0.659545 0
    outer loop
      vertex -68.6035 52.3965 26.4
      vertex -68.4331 52.2023 21.525
      vertex -68.4331 52.2023 26.4
    endloop
  endfacet
  facet normal 0.442408 -0.896814 0
    outer loop
      vertex -70.9875 52.7104 21.525
      vertex -70.7558 52.8247 26.4
      vertex -70.9875 52.7104 26.4
    endloop
  endfacet
  facet normal 0.442408 -0.896814 0
    outer loop
      vertex -70.7558 52.8247 26.4
      vertex -70.9875 52.7104 21.525
      vertex -70.7558 52.8247 21.525
    endloop
  endfacet
  facet normal -0.0654143 -0.997858 0
    outer loop
      vertex -70 52.975 21.525
      vertex -69.7422 52.9581 26.4
      vertex -70 52.975 26.4
    endloop
  endfacet
  facet normal -0.0654143 -0.997858 -0
    outer loop
      vertex -69.7422 52.9581 26.4
      vertex -70 52.975 21.525
      vertex -69.7422 52.9581 21.525
    endloop
  endfacet
  facet normal -0.321334 0.946966 0
    outer loop
      vertex -69.2442 49.1753 21.525
      vertex -69.4888 49.0923 26.4
      vertex -69.2442 49.1753 26.4
    endloop
  endfacet
  facet normal -0.321334 0.946966 0
    outer loop
      vertex -69.4888 49.0923 26.4
      vertex -69.2442 49.1753 21.525
      vertex -69.4888 49.0923 21.525
    endloop
  endfacet
  facet normal 0.0654143 -0.997858 0
    outer loop
      vertex -70.2578 52.9581 21.525
      vertex -70 52.975 26.4
      vertex -70.2578 52.9581 26.4
    endloop
  endfacet
  facet normal 0.0654143 -0.997858 0
    outer loop
      vertex -70 52.975 26.4
      vertex -70.2578 52.9581 21.525
      vertex -70 52.975 21.525
    endloop
  endfacet
  facet normal 0.751665 0.659545 0
    outer loop
      vertex -71.3965 49.6035 26.4
      vertex -71.5669 49.7977 21.525
      vertex -71.5669 49.7977 26.4
    endloop
  endfacet
  facet normal 0.751665 0.659545 0
    outer loop
      vertex -71.5669 49.7977 21.525
      vertex -71.3965 49.6035 26.4
      vertex -71.3965 49.6035 21.525
    endloop
  endfacet
  facet normal 0.442408 0.896814 -0
    outer loop
      vertex -70.7558 49.1753 21.525
      vertex -70.9875 49.2896 26.4
      vertex -70.7558 49.1753 26.4
    endloop
  endfacet
  facet normal 0.442408 0.896814 0
    outer loop
      vertex -70.9875 49.2896 26.4
      vertex -70.7558 49.1753 21.525
      vertex -70.9875 49.2896 21.525
    endloop
  endfacet
  facet normal 0.946966 -0.321334 0
    outer loop
      vertex -71.9077 51.5112 26.4
      vertex -71.8247 51.7558 21.525
      vertex -71.8247 51.7558 26.4
    endloop
  endfacet
  facet normal 0.946966 -0.321334 0
    outer loop
      vertex -71.8247 51.7558 21.525
      vertex -71.9077 51.5112 26.4
      vertex -71.9077 51.5112 21.525
    endloop
  endfacet
  facet normal 0 0 1
    outer loop
      vertex -68.0419 51.2578 21.525
      vertex -68.0419 50.7422 21.525
      vertex -68.025 51 21.525
    endloop
  endfacet
  facet normal 0 0 1
    outer loop
      vertex -68.0923 51.5112 21.525
      vertex -68.0419 50.7422 21.525
      vertex -68.0419 51.2578 21.525
    endloop
  endfacet
  facet normal 0 0 1
    outer loop
      vertex -68.0923 51.5112 21.525
      vertex -68.0923 50.4888 21.525
      vertex -68.0419 50.7422 21.525
    endloop
  endfacet
  facet normal 0 0 1
    outer loop
      vertex -68.1753 51.7558 21.525
      vertex -68.0923 50.4888 21.525
      vertex -68.0923 51.5112 21.525
    endloop
  endfacet
  facet normal 0 0 1
    outer loop
      vertex -68.1753 51.7558 21.525
      vertex -68.1753 50.2442 21.525
      vertex -68.0923 50.4888 21.525
    endloop
  endfacet
  facet normal 0 0 1
    outer loop
      vertex -68.2896 51.9875 21.525
      vertex -68.1753 50.2442 21.525
      vertex -68.1753 51.7558 21.525
    endloop
  endfacet
  facet normal 0 0 1
    outer loop
      vertex -68.2896 51.9875 21.525
      vertex -68.2896 50.0125 21.525
      vertex -68.1753 50.2442 21.525
    endloop
  endfacet
  facet normal 0 0 1
    outer loop
      vertex -68.4331 52.2023 21.525
      vertex -68.2896 50.0125 21.525
      vertex -68.2896 51.9875 21.525
    endloop
  endfacet
  facet normal 0 0 1
    outer loop
      vertex -68.4331 52.2023 21.525
      vertex -68.4331 49.7977 21.525
      vertex -68.2896 50.0125 21.525
    endloop
  endfacet
  facet normal 0 0 1
    outer loop
      vertex -68.6035 52.3965 21.525
      vertex -68.4331 49.7977 21.525
      vertex -68.4331 52.2023 21.525
    endloop
  endfacet
  facet normal 0 0 1
    outer loop
      vertex -68.6035 52.3965 21.525
      vertex -68.6035 49.6035 21.525
      vertex -68.4331 49.7977 21.525
    endloop
  endfacet
  facet normal 0 0 1
    outer loop
      vertex -68.7977 52.5669 21.525
      vertex -68.6035 49.6035 21.525
      vertex -68.6035 52.3965 21.525
    endloop
  endfacet
  facet normal 0 0 1
    outer loop
      vertex -68.7977 52.5669 21.525
      vertex -68.7977 49.4331 21.525
      vertex -68.6035 49.6035 21.525
    endloop
  endfacet
  facet normal 0 0 1
    outer loop
      vertex -69.0125 52.7104 21.525
      vertex -68.7977 49.4331 21.525
      vertex -68.7977 52.5669 21.525
    endloop
  endfacet
  facet normal 0 0 1
    outer loop
      vertex -69.0125 52.7104 21.525
      vertex -69.0125 49.2896 21.525
      vertex -68.7977 49.4331 21.525
    endloop
  endfacet
  facet normal 0 0 1
    outer loop
      vertex -69.2442 52.8247 21.525
      vertex -69.0125 49.2896 21.525
      vertex -69.0125 52.7104 21.525
    endloop
  endfacet
  facet normal 0 0 1
    outer loop
      vertex -69.2442 52.8247 21.525
      vertex -69.2442 49.1753 21.525
      vertex -69.0125 49.2896 21.525
    endloop
  endfacet
  facet normal 0 0 1
    outer loop
      vertex -69.4888 52.9077 21.525
      vertex -69.2442 49.1753 21.525
      vertex -69.2442 52.8247 21.525
    endloop
  endfacet
  facet normal 0 0 1
    outer loop
      vertex -69.4888 52.9077 21.525
      vertex -69.4888 49.0923 21.525
      vertex -69.2442 49.1753 21.525
    endloop
  endfacet
  facet normal 0 0 1
    outer loop
      vertex -69.7422 52.9581 21.525
      vertex -69.4888 49.0923 21.525
      vertex -69.4888 52.9077 21.525
    endloop
  endfacet
  facet normal 0 0 1
    outer loop
      vertex -69.7422 52.9581 21.525
      vertex -69.7422 49.0419 21.525
      vertex -69.4888 49.0923 21.525
    endloop
  endfacet
  facet normal 0 0 1
    outer loop
      vertex -70 52.975 21.525
      vertex -69.7422 49.0419 21.525
      vertex -69.7422 52.9581 21.525
    endloop
  endfacet
  facet normal 0 0 1
    outer loop
      vertex -70 52.975 21.525
      vertex -70 49.025 21.525
      vertex -69.7422 49.0419 21.525
    endloop
  endfacet
  facet normal -0 0 1
    outer loop
      vertex -70.2578 52.9581 21.525
      vertex -70 49.025 21.525
      vertex -70 52.975 21.525
    endloop
  endfacet
  facet normal 0 0 1
    outer loop
      vertex -70.2578 52.9581 21.525
      vertex -70.2578 49.0419 21.525
      vertex -70 49.025 21.525
    endloop
  endfacet
  facet normal -0 0 1
    outer loop
      vertex -70.5112 52.9077 21.525
      vertex -70.2578 49.0419 21.525
      vertex -70.2578 52.9581 21.525
    endloop
  endfacet
  facet normal 0 0 1
    outer loop
      vertex -70.5112 52.9077 21.525
      vertex -70.5112 49.0923 21.525
      vertex -70.2578 49.0419 21.525
    endloop
  endfacet
  facet normal -0 0 1
    outer loop
      vertex -70.7558 52.8247 21.525
      vertex -70.5112 49.0923 21.525
      vertex -70.5112 52.9077 21.525
    endloop
  endfacet
  facet normal 0 0 1
    outer loop
      vertex -70.7558 52.8247 21.525
      vertex -70.7558 49.1753 21.525
      vertex -70.5112 49.0923 21.525
    endloop
  endfacet
  facet normal -0 0 1
    outer loop
      vertex -70.9875 52.7104 21.525
      vertex -70.7558 49.1753 21.525
      vertex -70.7558 52.8247 21.525
    endloop
  endfacet
  facet normal 0 0 1
    outer loop
      vertex -70.9875 52.7104 21.525
      vertex -70.9875 49.2896 21.525
      vertex -70.7558 49.1753 21.525
    endloop
  endfacet
  facet normal -0 0 1
    outer loop
      vertex -71.2023 52.5669 21.525
      vertex -70.9875 49.2896 21.525
      vertex -70.9875 52.7104 21.525
    endloop
  endfacet
  facet normal 0 0 1
    outer loop
      vertex -71.2023 52.5669 21.525
      vertex -71.2023 49.4331 21.525
      vertex -70.9875 49.2896 21.525
    endloop
  endfacet
  facet normal -0 0 1
    outer loop
      vertex -71.3965 52.3965 21.525
      vertex -71.2023 49.4331 21.525
      vertex -71.2023 52.5669 21.525
    endloop
  endfacet
  facet normal 0 0 1
    outer loop
      vertex -71.3965 52.3965 21.525
      vertex -71.3965 49.6035 21.525
      vertex -71.2023 49.4331 21.525
    endloop
  endfacet
  facet normal -0 0 1
    outer loop
      vertex -71.5669 52.2023 21.525
      vertex -71.3965 49.6035 21.525
      vertex -71.3965 52.3965 21.525
    endloop
  endfacet
  facet normal 0 0 1
    outer loop
      vertex -71.5669 52.2023 21.525
      vertex -71.5669 49.7977 21.525
      vertex -71.3965 49.6035 21.525
    endloop
  endfacet
  facet normal -0 0 1
    outer loop
      vertex -71.7104 51.9875 21.525
      vertex -71.5669 49.7977 21.525
      vertex -71.5669 52.2023 21.525
    endloop
  endfacet
  facet normal 0 0 1
    outer loop
      vertex -71.7104 51.9875 21.525
      vertex -71.7104 50.0125 21.525
      vertex -71.5669 49.7977 21.525
    endloop
  endfacet
  facet normal -0 0 1
    outer loop
      vertex -71.8247 51.7558 21.525
      vertex -71.7104 50.0125 21.525
      vertex -71.7104 51.9875 21.525
    endloop
  endfacet
  facet normal 0 0 1
    outer loop
      vertex -71.8247 51.7558 21.525
      vertex -71.8247 50.2442 21.525
      vertex -71.7104 50.0125 21.525
    endloop
  endfacet
  facet normal -0 0 1
    outer loop
      vertex -71.9077 51.5112 21.525
      vertex -71.8247 50.2442 21.525
      vertex -71.8247 51.7558 21.525
    endloop
  endfacet
  facet normal 0 0 1
    outer loop
      vertex -71.9077 51.5112 21.525
      vertex -71.9077 50.4888 21.525
      vertex -71.8247 50.2442 21.525
    endloop
  endfacet
  facet normal -0 0 1
    outer loop
      vertex -71.9581 51.2578 21.525
      vertex -71.9077 50.4888 21.525
      vertex -71.9077 51.5112 21.525
    endloop
  endfacet
  facet normal 0 0 1
    outer loop
      vertex -71.9581 51.2578 21.525
      vertex -71.9581 50.7422 21.525
      vertex -71.9077 50.4888 21.525
    endloop
  endfacet
  facet normal 0 -0 1
    outer loop
      vertex -71.9581 50.7422 21.525
      vertex -71.9581 51.2578 21.525
      vertex -71.975 51 21.525
    endloop
  endfacet
  facet normal 0.997858 -0.065421 0
    outer loop
      vertex -73.05 51 27
      vertex -73.0239 51.3981 26.4
      vertex -73.0239 51.3981 27
    endloop
  endfacet
  facet normal 0.997858 -0.065421 0
    outer loop
      vertex -73.0239 51.3981 26.4
      vertex -73.05 51 27
      vertex -73.05 51 26.4
    endloop
  endfacet
  facet normal -0.195007 0.980802 0
    outer loop
      vertex -69.2106 48.0539 26.4
      vertex -69.6019 47.9761 27
      vertex -69.2106 48.0539 27
    endloop
  endfacet
  facet normal -0.195007 0.980802 0
    outer loop
      vertex -69.6019 47.9761 27
      vertex -69.2106 48.0539 26.4
      vertex -69.6019 47.9761 26.4
    endloop
  endfacet
  facet normal -0.980802 -0.195007 0
    outer loop
      vertex -66.9761 51.3981 26.4
      vertex -67.0539 51.7894 27
      vertex -67.0539 51.7894 26.4
    endloop
  endfacet
  facet normal -0.980802 -0.195007 0
    outer loop
      vertex -67.0539 51.7894 27
      vertex -66.9761 51.3981 26.4
      vertex -66.9761 51.3981 27
    endloop
  endfacet
  facet normal -0.997858 -0.065421 0
    outer loop
      vertex -66.95 51 26.4
      vertex -66.9761 51.3981 27
      vertex -66.9761 51.3981 26.4
    endloop
  endfacet
  facet normal -0.997858 -0.065421 0
    outer loop
      vertex -66.9761 51.3981 27
      vertex -66.95 51 26.4
      vertex -66.95 51 27
    endloop
  endfacet
  facet normal -0.980802 0.195007 0
    outer loop
      vertex -67.0539 50.2106 26.4
      vertex -66.9761 50.6019 27
      vertex -66.9761 50.6019 26.4
    endloop
  endfacet
  facet normal -0.980802 0.195007 0
    outer loop
      vertex -66.9761 50.6019 27
      vertex -67.0539 50.2106 26.4
      vertex -67.0539 50.2106 27
    endloop
  endfacet
  facet normal 0.751955 -0.659214 0
    outer loop
      vertex -72.4197 52.8567 27
      vertex -72.1567 53.1567 26.4
      vertex -72.1567 53.1567 27
    endloop
  endfacet
  facet normal 0.751955 -0.659214 0
    outer loop
      vertex -72.1567 53.1567 26.4
      vertex -72.4197 52.8567 27
      vertex -72.4197 52.8567 26.4
    endloop
  endfacet
  facet normal -0.321561 -0.946889 0
    outer loop
      vertex -69.2106 53.9461 26.4
      vertex -68.8328 53.8178 27
      vertex -69.2106 53.9461 27
    endloop
  endfacet
  facet normal -0.321561 -0.946889 -0
    outer loop
      vertex -68.8328 53.8178 27
      vertex -69.2106 53.9461 26.4
      vertex -68.8328 53.8178 26.4
    endloop
  endfacet
  facet normal 0.321561 -0.946889 0
    outer loop
      vertex -71.1672 53.8178 26.4
      vertex -70.7894 53.9461 27
      vertex -71.1672 53.8178 27
    endloop
  endfacet
  facet normal 0.321561 -0.946889 0
    outer loop
      vertex -70.7894 53.9461 27
      vertex -71.1672 53.8178 26.4
      vertex -70.7894 53.9461 26.4
    endloop
  endfacet
  facet normal -0.065421 0.997858 0
    outer loop
      vertex -69.6019 47.9761 26.4
      vertex -70 47.95 27
      vertex -69.6019 47.9761 27
    endloop
  endfacet
  facet normal -0.065421 0.997858 0
    outer loop
      vertex -70 47.95 27
      vertex -69.6019 47.9761 26.4
      vertex -70 47.95 26.4
    endloop
  endfacet
  facet normal -0.659214 -0.751955 0
    outer loop
      vertex -68.1433 53.4197 26.4
      vertex -67.8433 53.1567 27
      vertex -68.1433 53.4197 27
    endloop
  endfacet
  facet normal -0.659214 -0.751955 -0
    outer loop
      vertex -67.8433 53.1567 27
      vertex -68.1433 53.4197 26.4
      vertex -67.8433 53.1567 26.4
    endloop
  endfacet
  facet normal 0.89692 -0.442193 0
    outer loop
      vertex -72.8178 52.1672 27
      vertex -72.6414 52.525 26.4
      vertex -72.6414 52.525 27
    endloop
  endfacet
  facet normal 0.89692 -0.442193 0
    outer loop
      vertex -72.6414 52.525 26.4
      vertex -72.8178 52.1672 27
      vertex -72.8178 52.1672 26.4
    endloop
  endfacet
  facet normal -0.946889 0.321561 0
    outer loop
      vertex -67.1822 49.8328 26.4
      vertex -67.0539 50.2106 27
      vertex -67.0539 50.2106 26.4
    endloop
  endfacet
  facet normal -0.946889 0.321561 0
    outer loop
      vertex -67.0539 50.2106 27
      vertex -67.1822 49.8328 26.4
      vertex -67.1822 49.8328 27
    endloop
  endfacet
  facet normal 0.980802 0.195007 0
    outer loop
      vertex -72.9461 50.2106 27
      vertex -73.0239 50.6019 26.4
      vertex -73.0239 50.6019 27
    endloop
  endfacet
  facet normal 0.980802 0.195007 0
    outer loop
      vertex -73.0239 50.6019 26.4
      vertex -72.9461 50.2106 27
      vertex -72.9461 50.2106 26.4
    endloop
  endfacet
  facet normal -0.831394 0.555683 0
    outer loop
      vertex -67.5803 49.1433 26.4
      vertex -67.3586 49.475 27
      vertex -67.3586 49.475 26.4
    endloop
  endfacet
  facet normal -0.831394 0.555683 0
    outer loop
      vertex -67.3586 49.475 27
      vertex -67.5803 49.1433 26.4
      vertex -67.5803 49.1433 27
    endloop
  endfacet
  facet normal 0.555683 -0.831394 0
    outer loop
      vertex -71.8567 53.4197 26.4
      vertex -71.525 53.6414 27
      vertex -71.8567 53.4197 27
    endloop
  endfacet
  facet normal 0.555683 -0.831394 0
    outer loop
      vertex -71.525 53.6414 27
      vertex -71.8567 53.4197 26.4
      vertex -71.525 53.6414 26.4
    endloop
  endfacet
  facet normal 0.946889 0.321561 0
    outer loop
      vertex -72.8178 49.8328 27
      vertex -72.9461 50.2106 26.4
      vertex -72.9461 50.2106 27
    endloop
  endfacet
  facet normal 0.946889 0.321561 0
    outer loop
      vertex -72.9461 50.2106 26.4
      vertex -72.8178 49.8328 27
      vertex -72.8178 49.8328 26.4
    endloop
  endfacet
  facet normal 0.065421 0.997858 -0
    outer loop
      vertex -70 47.95 26.4
      vertex -70.3981 47.9761 27
      vertex -70 47.95 27
    endloop
  endfacet
  facet normal 0.065421 0.997858 0
    outer loop
      vertex -70.3981 47.9761 27
      vertex -70 47.95 26.4
      vertex -70.3981 47.9761 26.4
    endloop
  endfacet
  facet normal 0.659214 -0.751955 0
    outer loop
      vertex -72.1567 53.1567 26.4
      vertex -71.8567 53.4197 27
      vertex -72.1567 53.1567 27
    endloop
  endfacet
  facet normal 0.659214 -0.751955 0
    outer loop
      vertex -71.8567 53.4197 27
      vertex -72.1567 53.1567 26.4
      vertex -71.8567 53.4197 26.4
    endloop
  endfacet
  facet normal -0.442193 -0.89692 0
    outer loop
      vertex -68.8328 53.8178 26.4
      vertex -68.475 53.6414 27
      vertex -68.8328 53.8178 27
    endloop
  endfacet
  facet normal -0.442193 -0.89692 -0
    outer loop
      vertex -68.475 53.6414 27
      vertex -68.8328 53.8178 26.4
      vertex -68.475 53.6414 26.4
    endloop
  endfacet
  facet normal -0.195007 -0.980802 0
    outer loop
      vertex -69.6019 54.0239 26.4
      vertex -69.2106 53.9461 27
      vertex -69.6019 54.0239 27
    endloop
  endfacet
  facet normal -0.195007 -0.980802 -0
    outer loop
      vertex -69.2106 53.9461 27
      vertex -69.6019 54.0239 26.4
      vertex -69.2106 53.9461 26.4
    endloop
  endfacet
  facet normal -0.997858 0.065421 0
    outer loop
      vertex -66.9761 50.6019 26.4
      vertex -66.95 51 27
      vertex -66.95 51 26.4
    endloop
  endfacet
  facet normal -0.997858 0.065421 0
    outer loop
      vertex -66.95 51 27
      vertex -66.9761 50.6019 26.4
      vertex -66.9761 50.6019 27
    endloop
  endfacet
  facet normal 0.89692 0.442193 0
    outer loop
      vertex -72.6414 49.475 27
      vertex -72.8178 49.8328 26.4
      vertex -72.8178 49.8328 27
    endloop
  endfacet
  facet normal 0.89692 0.442193 0
    outer loop
      vertex -72.8178 49.8328 26.4
      vertex -72.6414 49.475 27
      vertex -72.6414 49.475 26.4
    endloop
  endfacet
  facet normal -0.555683 -0.831394 0
    outer loop
      vertex -68.475 53.6414 26.4
      vertex -68.1433 53.4197 27
      vertex -68.475 53.6414 27
    endloop
  endfacet
  facet normal -0.555683 -0.831394 -0
    outer loop
      vertex -68.1433 53.4197 27
      vertex -68.475 53.6414 26.4
      vertex -68.1433 53.4197 26.4
    endloop
  endfacet
  facet normal 0.321561 0.946889 -0
    outer loop
      vertex -70.7894 48.0539 26.4
      vertex -71.1672 48.1822 27
      vertex -70.7894 48.0539 27
    endloop
  endfacet
  facet normal 0.321561 0.946889 0
    outer loop
      vertex -71.1672 48.1822 27
      vertex -70.7894 48.0539 26.4
      vertex -71.1672 48.1822 26.4
    endloop
  endfacet
  facet normal -0.659214 0.751955 0
    outer loop
      vertex -67.8433 48.8433 26.4
      vertex -68.1433 48.5803 27
      vertex -67.8433 48.8433 27
    endloop
  endfacet
  facet normal -0.659214 0.751955 0
    outer loop
      vertex -68.1433 48.5803 27
      vertex -67.8433 48.8433 26.4
      vertex -68.1433 48.5803 26.4
    endloop
  endfacet
  facet normal -0.831394 -0.555683 0
    outer loop
      vertex -67.3586 52.525 26.4
      vertex -67.5803 52.8567 27
      vertex -67.5803 52.8567 26.4
    endloop
  endfacet
  facet normal -0.831394 -0.555683 0
    outer loop
      vertex -67.5803 52.8567 27
      vertex -67.3586 52.525 26.4
      vertex -67.3586 52.525 27
    endloop
  endfacet
  facet normal -0.555683 0.831394 0
    outer loop
      vertex -68.1433 48.5803 26.4
      vertex -68.475 48.3586 27
      vertex -68.1433 48.5803 27
    endloop
  endfacet
  facet normal -0.555683 0.831394 0
    outer loop
      vertex -68.475 48.3586 27
      vertex -68.1433 48.5803 26.4
      vertex -68.475 48.3586 26.4
    endloop
  endfacet
  facet normal 0.195007 -0.980802 0
    outer loop
      vertex -70.7894 53.9461 26.4
      vertex -70.3981 54.0239 27
      vertex -70.7894 53.9461 27
    endloop
  endfacet
  facet normal 0.195007 -0.980802 0
    outer loop
      vertex -70.3981 54.0239 27
      vertex -70.7894 53.9461 26.4
      vertex -70.3981 54.0239 26.4
    endloop
  endfacet
  facet normal -0.89692 -0.442193 0
    outer loop
      vertex -67.1822 52.1672 26.4
      vertex -67.3586 52.525 27
      vertex -67.3586 52.525 26.4
    endloop
  endfacet
  facet normal -0.89692 -0.442193 0
    outer loop
      vertex -67.3586 52.525 27
      vertex -67.1822 52.1672 26.4
      vertex -67.1822 52.1672 27
    endloop
  endfacet
  facet normal 0.555683 0.831394 -0
    outer loop
      vertex -71.525 48.3586 26.4
      vertex -71.8567 48.5803 27
      vertex -71.525 48.3586 27
    endloop
  endfacet
  facet normal 0.555683 0.831394 0
    outer loop
      vertex -71.8567 48.5803 27
      vertex -71.525 48.3586 26.4
      vertex -71.8567 48.5803 26.4
    endloop
  endfacet
  facet normal 0.659214 0.751955 -0
    outer loop
      vertex -71.8567 48.5803 26.4
      vertex -72.1567 48.8433 27
      vertex -71.8567 48.5803 27
    endloop
  endfacet
  facet normal 0.659214 0.751955 0
    outer loop
      vertex -72.1567 48.8433 27
      vertex -71.8567 48.5803 26.4
      vertex -72.1567 48.8433 26.4
    endloop
  endfacet
  facet normal -0.751955 0.659214 0
    outer loop
      vertex -67.8433 48.8433 26.4
      vertex -67.5803 49.1433 27
      vertex -67.5803 49.1433 26.4
    endloop
  endfacet
  facet normal -0.751955 0.659214 0
    outer loop
      vertex -67.5803 49.1433 27
      vertex -67.8433 48.8433 26.4
      vertex -67.8433 48.8433 27
    endloop
  endfacet
  facet normal 0.997858 0.065421 0
    outer loop
      vertex -73.0239 50.6019 27
      vertex -73.05 51 26.4
      vertex -73.05 51 27
    endloop
  endfacet
  facet normal 0.997858 0.065421 0
    outer loop
      vertex -73.05 51 26.4
      vertex -73.0239 50.6019 27
      vertex -73.0239 50.6019 26.4
    endloop
  endfacet
  facet normal -0.89692 0.442193 0
    outer loop
      vertex -67.3586 49.475 26.4
      vertex -67.1822 49.8328 27
      vertex -67.1822 49.8328 26.4
    endloop
  endfacet
  facet normal -0.89692 0.442193 0
    outer loop
      vertex -67.1822 49.8328 27
      vertex -67.3586 49.475 26.4
      vertex -67.3586 49.475 27
    endloop
  endfacet
  facet normal -0.442193 0.89692 0
    outer loop
      vertex -68.475 48.3586 26.4
      vertex -68.8328 48.1822 27
      vertex -68.475 48.3586 27
    endloop
  endfacet
  facet normal -0.442193 0.89692 0
    outer loop
      vertex -68.8328 48.1822 27
      vertex -68.475 48.3586 26.4
      vertex -68.8328 48.1822 26.4
    endloop
  endfacet
  facet normal 0.751955 0.659214 0
    outer loop
      vertex -72.1567 48.8433 27
      vertex -72.4197 49.1433 26.4
      vertex -72.4197 49.1433 27
    endloop
  endfacet
  facet normal 0.751955 0.659214 0
    outer loop
      vertex -72.4197 49.1433 26.4
      vertex -72.1567 48.8433 27
      vertex -72.1567 48.8433 26.4
    endloop
  endfacet
  facet normal 0.980802 -0.195007 0
    outer loop
      vertex -73.0239 51.3981 27
      vertex -72.9461 51.7894 26.4
      vertex -72.9461 51.7894 27
    endloop
  endfacet
  facet normal 0.980802 -0.195007 0
    outer loop
      vertex -72.9461 51.7894 26.4
      vertex -73.0239 51.3981 27
      vertex -73.0239 51.3981 26.4
    endloop
  endfacet
  facet normal -0.751955 -0.659214 0
    outer loop
      vertex -67.5803 52.8567 26.4
      vertex -67.8433 53.1567 27
      vertex -67.8433 53.1567 26.4
    endloop
  endfacet
  facet normal -0.751955 -0.659214 0
    outer loop
      vertex -67.8433 53.1567 27
      vertex -67.5803 52.8567 26.4
      vertex -67.5803 52.8567 27
    endloop
  endfacet
  facet normal 0.831394 -0.555683 0
    outer loop
      vertex -72.6414 52.525 27
      vertex -72.4197 52.8567 26.4
      vertex -72.4197 52.8567 27
    endloop
  endfacet
  facet normal 0.831394 -0.555683 0
    outer loop
      vertex -72.4197 52.8567 26.4
      vertex -72.6414 52.525 27
      vertex -72.6414 52.525 26.4
    endloop
  endfacet
  facet normal 0.442193 0.89692 -0
    outer loop
      vertex -71.1672 48.1822 26.4
      vertex -71.525 48.3586 27
      vertex -71.1672 48.1822 27
    endloop
  endfacet
  facet normal 0.442193 0.89692 0
    outer loop
      vertex -71.525 48.3586 27
      vertex -71.1672 48.1822 26.4
      vertex -71.525 48.3586 26.4
    endloop
  endfacet
  facet normal -0.946889 -0.321561 0
    outer loop
      vertex -67.0539 51.7894 26.4
      vertex -67.1822 52.1672 27
      vertex -67.1822 52.1672 26.4
    endloop
  endfacet
  facet normal -0.946889 -0.321561 0
    outer loop
      vertex -67.1822 52.1672 27
      vertex -67.0539 51.7894 26.4
      vertex -67.0539 51.7894 27
    endloop
  endfacet
  facet normal 0.442193 -0.89692 0
    outer loop
      vertex -71.525 53.6414 26.4
      vertex -71.1672 53.8178 27
      vertex -71.525 53.6414 27
    endloop
  endfacet
  facet normal 0.442193 -0.89692 0
    outer loop
      vertex -71.1672 53.8178 27
      vertex -71.525 53.6414 26.4
      vertex -71.1672 53.8178 26.4
    endloop
  endfacet
  facet normal -0.065421 -0.997858 0
    outer loop
      vertex -70 54.05 26.4
      vertex -69.6019 54.0239 27
      vertex -70 54.05 27
    endloop
  endfacet
  facet normal -0.065421 -0.997858 -0
    outer loop
      vertex -69.6019 54.0239 27
      vertex -70 54.05 26.4
      vertex -69.6019 54.0239 26.4
    endloop
  endfacet
  facet normal -0.321561 0.946889 0
    outer loop
      vertex -68.8328 48.1822 26.4
      vertex -69.2106 48.0539 27
      vertex -68.8328 48.1822 27
    endloop
  endfacet
  facet normal -0.321561 0.946889 0
    outer loop
      vertex -69.2106 48.0539 27
      vertex -68.8328 48.1822 26.4
      vertex -69.2106 48.0539 26.4
    endloop
  endfacet
  facet normal 0.195007 0.980802 -0
    outer loop
      vertex -70.3981 47.9761 26.4
      vertex -70.7894 48.0539 27
      vertex -70.3981 47.9761 27
    endloop
  endfacet
  facet normal 0.195007 0.980802 0
    outer loop
      vertex -70.7894 48.0539 27
      vertex -70.3981 47.9761 26.4
      vertex -70.7894 48.0539 26.4
    endloop
  endfacet
  facet normal 0.065421 -0.997858 0
    outer loop
      vertex -70.3981 54.0239 26.4
      vertex -70 54.05 27
      vertex -70.3981 54.0239 27
    endloop
  endfacet
  facet normal 0.065421 -0.997858 0
    outer loop
      vertex -70 54.05 27
      vertex -70.3981 54.0239 26.4
      vertex -70 54.05 26.4
    endloop
  endfacet
  facet normal 0.831394 0.555683 0
    outer loop
      vertex -72.4197 49.1433 27
      vertex -72.6414 49.475 26.4
      vertex -72.6414 49.475 27
    endloop
  endfacet
  facet normal 0.831394 0.555683 0
    outer loop
      vertex -72.6414 49.475 26.4
      vertex -72.4197 49.1433 27
      vertex -72.4197 49.1433 26.4
    endloop
  endfacet
  facet normal 0 0 1
    outer loop
      vertex -68.025 51 26.4
      vertex -66.95 51 26.4
      vertex -66.9761 51.3981 26.4
    endloop
  endfacet
  facet normal 0 0 1
    outer loop
      vertex -68.0419 51.2578 26.4
      vertex -66.9761 51.3981 26.4
      vertex -67.0539 51.7894 26.4
    endloop
  endfacet
  facet normal 0 0 1
    outer loop
      vertex -66.95 51 26.4
      vertex -68.025 51 26.4
      vertex -66.9761 50.6019 26.4
    endloop
  endfacet
  facet normal 0 0 1
    outer loop
      vertex -68.0923 51.5112 26.4
      vertex -67.0539 51.7894 26.4
      vertex -67.1822 52.1672 26.4
    endloop
  endfacet
  facet normal -0 0 1
    outer loop
      vertex -68.0419 50.7422 26.4
      vertex -66.9761 50.6019 26.4
      vertex -68.025 51 26.4
    endloop
  endfacet
  facet normal 0 0 1
    outer loop
      vertex -68.1753 51.7558 26.4
      vertex -67.1822 52.1672 26.4
      vertex -67.3586 52.525 26.4
    endloop
  endfacet
  facet normal 0 0 1
    outer loop
      vertex -66.9761 50.6019 26.4
      vertex -68.0419 50.7422 26.4
      vertex -67.0539 50.2106 26.4
    endloop
  endfacet
  facet normal 0 0 1
    outer loop
      vertex -68.2896 51.9875 26.4
      vertex -67.3586 52.525 26.4
      vertex -67.5803 52.8567 26.4
    endloop
  endfacet
  facet normal -0 0 1
    outer loop
      vertex -68.0923 50.4888 26.4
      vertex -67.0539 50.2106 26.4
      vertex -68.0419 50.7422 26.4
    endloop
  endfacet
  facet normal 0 0 1
    outer loop
      vertex -68.4331 52.2023 26.4
      vertex -67.5803 52.8567 26.4
      vertex -67.8433 53.1567 26.4
    endloop
  endfacet
  facet normal 0 0 1
    outer loop
      vertex -67.0539 50.2106 26.4
      vertex -68.0923 50.4888 26.4
      vertex -67.1822 49.8328 26.4
    endloop
  endfacet
  facet normal -0 0 1
    outer loop
      vertex -68.1753 50.2442 26.4
      vertex -67.1822 49.8328 26.4
      vertex -68.0923 50.4888 26.4
    endloop
  endfacet
  facet normal 0 0 1
    outer loop
      vertex -66.9761 51.3981 26.4
      vertex -68.0419 51.2578 26.4
      vertex -68.025 51 26.4
    endloop
  endfacet
  facet normal 0 0 1
    outer loop
      vertex -67.0539 51.7894 26.4
      vertex -68.0923 51.5112 26.4
      vertex -68.0419 51.2578 26.4
    endloop
  endfacet
  facet normal 0 0 1
    outer loop
      vertex -68.6035 52.3965 26.4
      vertex -67.8433 53.1567 26.4
      vertex -68.1433 53.4197 26.4
    endloop
  endfacet
  facet normal 0 0 1
    outer loop
      vertex -67.1822 52.1672 26.4
      vertex -68.1753 51.7558 26.4
      vertex -68.0923 51.5112 26.4
    endloop
  endfacet
  facet normal 0 0 1
    outer loop
      vertex -67.3586 52.525 26.4
      vertex -68.2896 51.9875 26.4
      vertex -68.1753 51.7558 26.4
    endloop
  endfacet
  facet normal 0 0 1
    outer loop
      vertex -67.5803 52.8567 26.4
      vertex -68.4331 52.2023 26.4
      vertex -68.2896 51.9875 26.4
    endloop
  endfacet
  facet normal 0 0 1
    outer loop
      vertex -68.7977 52.5669 26.4
      vertex -68.1433 53.4197 26.4
      vertex -68.475 53.6414 26.4
    endloop
  endfacet
  facet normal 0 0 1
    outer loop
      vertex -67.8433 53.1567 26.4
      vertex -68.6035 52.3965 26.4
      vertex -68.4331 52.2023 26.4
    endloop
  endfacet
  facet normal 0 0 1
    outer loop
      vertex -68.1433 53.4197 26.4
      vertex -68.7977 52.5669 26.4
      vertex -68.6035 52.3965 26.4
    endloop
  endfacet
  facet normal 0 0 1
    outer loop
      vertex -69.0125 52.7104 26.4
      vertex -68.475 53.6414 26.4
      vertex -68.8328 53.8178 26.4
    endloop
  endfacet
  facet normal 0 0 1
    outer loop
      vertex -68.475 53.6414 26.4
      vertex -69.0125 52.7104 26.4
      vertex -68.7977 52.5669 26.4
    endloop
  endfacet
  facet normal 0 0 1
    outer loop
      vertex -69.2442 52.8247 26.4
      vertex -68.8328 53.8178 26.4
      vertex -69.2106 53.9461 26.4
    endloop
  endfacet
  facet normal 0 0 1
    outer loop
      vertex -68.8328 53.8178 26.4
      vertex -69.2442 52.8247 26.4
      vertex -69.0125 52.7104 26.4
    endloop
  endfacet
  facet normal 0 0 1
    outer loop
      vertex -69.2106 53.9461 26.4
      vertex -69.4888 52.9077 26.4
      vertex -69.2442 52.8247 26.4
    endloop
  endfacet
  facet normal 0 0 1
    outer loop
      vertex -69.6019 54.0239 26.4
      vertex -69.4888 52.9077 26.4
      vertex -69.2106 53.9461 26.4
    endloop
  endfacet
  facet normal 0 0 1
    outer loop
      vertex -69.6019 54.0239 26.4
      vertex -69.7422 52.9581 26.4
      vertex -69.4888 52.9077 26.4
    endloop
  endfacet
  facet normal 0 0 1
    outer loop
      vertex -70 54.05 26.4
      vertex -69.7422 52.9581 26.4
      vertex -69.6019 54.0239 26.4
    endloop
  endfacet
  facet normal 0 0 1
    outer loop
      vertex -70 54.05 26.4
      vertex -70 52.975 26.4
      vertex -69.7422 52.9581 26.4
    endloop
  endfacet
  facet normal 0 0 1
    outer loop
      vertex -70 54.05 26.4
      vertex -70.2578 52.9581 26.4
      vertex -70 52.975 26.4
    endloop
  endfacet
  facet normal -0 0 1
    outer loop
      vertex -70.3981 54.0239 26.4
      vertex -70.2578 52.9581 26.4
      vertex -70 54.05 26.4
    endloop
  endfacet
  facet normal 0 0 1
    outer loop
      vertex -70.3981 54.0239 26.4
      vertex -70.5112 52.9077 26.4
      vertex -70.2578 52.9581 26.4
    endloop
  endfacet
  facet normal -0 0 1
    outer loop
      vertex -70.7894 53.9461 26.4
      vertex -70.5112 52.9077 26.4
      vertex -70.3981 54.0239 26.4
    endloop
  endfacet
  facet normal 0 0 1
    outer loop
      vertex -70.5112 52.9077 26.4
      vertex -70.7894 53.9461 26.4
      vertex -70.7558 52.8247 26.4
    endloop
  endfacet
  facet normal -0 0 1
    outer loop
      vertex -71.1672 53.8178 26.4
      vertex -70.7558 52.8247 26.4
      vertex -70.7894 53.9461 26.4
    endloop
  endfacet
  facet normal 0 0 1
    outer loop
      vertex -70.7558 52.8247 26.4
      vertex -71.1672 53.8178 26.4
      vertex -70.9875 52.7104 26.4
    endloop
  endfacet
  facet normal -0 0 1
    outer loop
      vertex -71.525 53.6414 26.4
      vertex -70.9875 52.7104 26.4
      vertex -71.1672 53.8178 26.4
    endloop
  endfacet
  facet normal 0 0 1
    outer loop
      vertex -70.9875 52.7104 26.4
      vertex -71.525 53.6414 26.4
      vertex -71.2023 52.5669 26.4
    endloop
  endfacet
  facet normal -0 0 1
    outer loop
      vertex -71.8567 53.4197 26.4
      vertex -71.2023 52.5669 26.4
      vertex -71.525 53.6414 26.4
    endloop
  endfacet
  facet normal 0 0 1
    outer loop
      vertex -71.2023 52.5669 26.4
      vertex -71.8567 53.4197 26.4
      vertex -71.3965 52.3965 26.4
    endloop
  endfacet
  facet normal -0 0 1
    outer loop
      vertex -72.1567 53.1567 26.4
      vertex -71.3965 52.3965 26.4
      vertex -71.8567 53.4197 26.4
    endloop
  endfacet
  facet normal 0 0 1
    outer loop
      vertex -71.3965 52.3965 26.4
      vertex -72.1567 53.1567 26.4
      vertex -71.5669 52.2023 26.4
    endloop
  endfacet
  facet normal -0 0 1
    outer loop
      vertex -72.4197 52.8567 26.4
      vertex -71.5669 52.2023 26.4
      vertex -72.1567 53.1567 26.4
    endloop
  endfacet
  facet normal 0 0 1
    outer loop
      vertex -71.5669 52.2023 26.4
      vertex -72.4197 52.8567 26.4
      vertex -71.7104 51.9875 26.4
    endloop
  endfacet
  facet normal -0 0 1
    outer loop
      vertex -72.6414 52.525 26.4
      vertex -71.7104 51.9875 26.4
      vertex -72.4197 52.8567 26.4
    endloop
  endfacet
  facet normal 0 0 1
    outer loop
      vertex -71.7104 51.9875 26.4
      vertex -72.6414 52.525 26.4
      vertex -71.8247 51.7558 26.4
    endloop
  endfacet
  facet normal -0 0 1
    outer loop
      vertex -72.8178 52.1672 26.4
      vertex -71.8247 51.7558 26.4
      vertex -72.6414 52.525 26.4
    endloop
  endfacet
  facet normal 0 0 1
    outer loop
      vertex -67.1822 49.8328 26.4
      vertex -68.1753 50.2442 26.4
      vertex -67.3586 49.475 26.4
    endloop
  endfacet
  facet normal -0 0 1
    outer loop
      vertex -68.2896 50.0125 26.4
      vertex -67.3586 49.475 26.4
      vertex -68.1753 50.2442 26.4
    endloop
  endfacet
  facet normal 0 0 1
    outer loop
      vertex -67.3586 49.475 26.4
      vertex -68.2896 50.0125 26.4
      vertex -67.5803 49.1433 26.4
    endloop
  endfacet
  facet normal -0 0 1
    outer loop
      vertex -68.4331 49.7977 26.4
      vertex -67.5803 49.1433 26.4
      vertex -68.2896 50.0125 26.4
    endloop
  endfacet
  facet normal 0 0 1
    outer loop
      vertex -67.5803 49.1433 26.4
      vertex -68.4331 49.7977 26.4
      vertex -67.8433 48.8433 26.4
    endloop
  endfacet
  facet normal -0 0 1
    outer loop
      vertex -68.6035 49.6035 26.4
      vertex -67.8433 48.8433 26.4
      vertex -68.4331 49.7977 26.4
    endloop
  endfacet
  facet normal 0 0 1
    outer loop
      vertex -67.8433 48.8433 26.4
      vertex -68.6035 49.6035 26.4
      vertex -68.1433 48.5803 26.4
    endloop
  endfacet
  facet normal -0 0 1
    outer loop
      vertex -68.7977 49.4331 26.4
      vertex -68.1433 48.5803 26.4
      vertex -68.6035 49.6035 26.4
    endloop
  endfacet
  facet normal 0 0 1
    outer loop
      vertex -68.1433 48.5803 26.4
      vertex -68.7977 49.4331 26.4
      vertex -68.475 48.3586 26.4
    endloop
  endfacet
  facet normal -0 0 1
    outer loop
      vertex -69.0125 49.2896 26.4
      vertex -68.475 48.3586 26.4
      vertex -68.7977 49.4331 26.4
    endloop
  endfacet
  facet normal 0 0 1
    outer loop
      vertex -68.475 48.3586 26.4
      vertex -69.0125 49.2896 26.4
      vertex -68.8328 48.1822 26.4
    endloop
  endfacet
  facet normal -0 0 1
    outer loop
      vertex -69.2442 49.1753 26.4
      vertex -68.8328 48.1822 26.4
      vertex -69.0125 49.2896 26.4
    endloop
  endfacet
  facet normal 0 0 1
    outer loop
      vertex -68.8328 48.1822 26.4
      vertex -69.2442 49.1753 26.4
      vertex -69.2106 48.0539 26.4
    endloop
  endfacet
  facet normal -0 0 1
    outer loop
      vertex -69.4888 49.0923 26.4
      vertex -69.2106 48.0539 26.4
      vertex -69.2442 49.1753 26.4
    endloop
  endfacet
  facet normal 0 0 1
    outer loop
      vertex -69.4888 49.0923 26.4
      vertex -69.6019 47.9761 26.4
      vertex -69.2106 48.0539 26.4
    endloop
  endfacet
  facet normal -0 0 1
    outer loop
      vertex -69.7422 49.0419 26.4
      vertex -69.6019 47.9761 26.4
      vertex -69.4888 49.0923 26.4
    endloop
  endfacet
  facet normal -0 0 1
    outer loop
      vertex -70 49.025 26.4
      vertex -69.6019 47.9761 26.4
      vertex -69.7422 49.0419 26.4
    endloop
  endfacet
  facet normal 0 0 1
    outer loop
      vertex -70 49.025 26.4
      vertex -70 47.95 26.4
      vertex -69.6019 47.9761 26.4
    endloop
  endfacet
  facet normal 0 0 1
    outer loop
      vertex -70.2578 49.0419 26.4
      vertex -70 47.95 26.4
      vertex -70 49.025 26.4
    endloop
  endfacet
  facet normal 0 0 1
    outer loop
      vertex -70.2578 49.0419 26.4
      vertex -70.3981 47.9761 26.4
      vertex -70 47.95 26.4
    endloop
  endfacet
  facet normal 0 0 1
    outer loop
      vertex -70.5112 49.0923 26.4
      vertex -70.3981 47.9761 26.4
      vertex -70.2578 49.0419 26.4
    endloop
  endfacet
  facet normal 0 0 1
    outer loop
      vertex -70.7894 48.0539 26.4
      vertex -70.5112 49.0923 26.4
      vertex -70.7558 49.1753 26.4
    endloop
  endfacet
  facet normal 0 0 1
    outer loop
      vertex -70.5112 49.0923 26.4
      vertex -70.7894 48.0539 26.4
      vertex -70.3981 47.9761 26.4
    endloop
  endfacet
  facet normal 0 0 1
    outer loop
      vertex -71.1672 48.1822 26.4
      vertex -70.7558 49.1753 26.4
      vertex -70.9875 49.2896 26.4
    endloop
  endfacet
  facet normal 0 0 1
    outer loop
      vertex -70.7558 49.1753 26.4
      vertex -71.1672 48.1822 26.4
      vertex -70.7894 48.0539 26.4
    endloop
  endfacet
  facet normal 0 0 1
    outer loop
      vertex -71.525 48.3586 26.4
      vertex -70.9875 49.2896 26.4
      vertex -71.2023 49.4331 26.4
    endloop
  endfacet
  facet normal 0 0 1
    outer loop
      vertex -71.8567 48.5803 26.4
      vertex -71.2023 49.4331 26.4
      vertex -71.3965 49.6035 26.4
    endloop
  endfacet
  facet normal 0 0 1
    outer loop
      vertex -70.9875 49.2896 26.4
      vertex -71.525 48.3586 26.4
      vertex -71.1672 48.1822 26.4
    endloop
  endfacet
  facet normal 0 0 1
    outer loop
      vertex -72.1567 48.8433 26.4
      vertex -71.3965 49.6035 26.4
      vertex -71.5669 49.7977 26.4
    endloop
  endfacet
  facet normal 0 0 1
    outer loop
      vertex -72.4197 49.1433 26.4
      vertex -71.5669 49.7977 26.4
      vertex -71.7104 50.0125 26.4
    endloop
  endfacet
  facet normal 0 0 1
    outer loop
      vertex -72.6414 49.475 26.4
      vertex -71.7104 50.0125 26.4
      vertex -71.8247 50.2442 26.4
    endloop
  endfacet
  facet normal 0 0 1
    outer loop
      vertex -71.2023 49.4331 26.4
      vertex -71.8567 48.5803 26.4
      vertex -71.525 48.3586 26.4
    endloop
  endfacet
  facet normal 0 0 1
    outer loop
      vertex -72.8178 49.8328 26.4
      vertex -71.8247 50.2442 26.4
      vertex -71.9077 50.4888 26.4
    endloop
  endfacet
  facet normal 0 0 1
    outer loop
      vertex -72.9461 50.2106 26.4
      vertex -71.9077 50.4888 26.4
      vertex -71.9581 50.7422 26.4
    endloop
  endfacet
  facet normal 0 0 1
    outer loop
      vertex -73.0239 50.6019 26.4
      vertex -71.9581 50.7422 26.4
      vertex -71.975 51 26.4
    endloop
  endfacet
  facet normal 0 0 1
    outer loop
      vertex -71.8247 51.7558 26.4
      vertex -72.8178 52.1672 26.4
      vertex -71.9077 51.5112 26.4
    endloop
  endfacet
  facet normal 0 0 1
    outer loop
      vertex -71.3965 49.6035 26.4
      vertex -72.1567 48.8433 26.4
      vertex -71.8567 48.5803 26.4
    endloop
  endfacet
  facet normal -0 0 1
    outer loop
      vertex -72.9461 51.7894 26.4
      vertex -71.9077 51.5112 26.4
      vertex -72.8178 52.1672 26.4
    endloop
  endfacet
  facet normal 0 0 1
    outer loop
      vertex -71.5669 49.7977 26.4
      vertex -72.4197 49.1433 26.4
      vertex -72.1567 48.8433 26.4
    endloop
  endfacet
  facet normal 0 0 1
    outer loop
      vertex -71.9077 51.5112 26.4
      vertex -72.9461 51.7894 26.4
      vertex -71.9581 51.2578 26.4
    endloop
  endfacet
  facet normal 0 0 1
    outer loop
      vertex -71.7104 50.0125 26.4
      vertex -72.6414 49.475 26.4
      vertex -72.4197 49.1433 26.4
    endloop
  endfacet
  facet normal -0 0 1
    outer loop
      vertex -73.0239 51.3981 26.4
      vertex -71.9581 51.2578 26.4
      vertex -72.9461 51.7894 26.4
    endloop
  endfacet
  facet normal 0 0 1
    outer loop
      vertex -71.8247 50.2442 26.4
      vertex -72.8178 49.8328 26.4
      vertex -72.6414 49.475 26.4
    endloop
  endfacet
  facet normal 0 0 1
    outer loop
      vertex -71.9581 51.2578 26.4
      vertex -73.0239 51.3981 26.4
      vertex -71.975 51 26.4
    endloop
  endfacet
  facet normal 0 0 1
    outer loop
      vertex -71.9077 50.4888 26.4
      vertex -72.9461 50.2106 26.4
      vertex -72.8178 49.8328 26.4
    endloop
  endfacet
  facet normal 0 0 1
    outer loop
      vertex -73.05 51 26.4
      vertex -71.975 51 26.4
      vertex -73.0239 51.3981 26.4
    endloop
  endfacet
  facet normal 0 0 1
    outer loop
      vertex -71.9581 50.7422 26.4
      vertex -73.0239 50.6019 26.4
      vertex -72.9461 50.2106 26.4
    endloop
  endfacet
  facet normal 0 0 1
    outer loop
      vertex -71.975 51 26.4
      vertex -73.05 51 26.4
      vertex -73.0239 50.6019 26.4
    endloop
  endfacet
  facet normal 0.946889 -0.321561 0
    outer loop
      vertex -72.9461 51.7894 27
      vertex -72.8178 52.1672 26.4
      vertex -72.8178 52.1672 27
    endloop
  endfacet
  facet normal 0.946889 -0.321561 0
    outer loop
      vertex -72.8178 52.1672 26.4
      vertex -72.9461 51.7894 27
      vertex -72.9461 51.7894 26.4
    endloop
  endfacet
  facet normal -0.980789 -0.195074 0
    outer loop
      vertex 71.9581 -50.7422 21.525
      vertex 71.9077 -50.4888 26.4
      vertex 71.9077 -50.4888 21.525
    endloop
  endfacet
  facet normal -0.980789 -0.195074 0
    outer loop
      vertex 71.9077 -50.4888 26.4
      vertex 71.9581 -50.7422 21.525
      vertex 71.9581 -50.7422 26.4
    endloop
  endfacet
  facet normal -0.997858 -0.0654143 0
    outer loop
      vertex 71.975 -51 21.525
      vertex 71.9581 -50.7422 26.4
      vertex 71.9581 -50.7422 21.525
    endloop
  endfacet
  facet normal -0.997858 -0.0654143 0
    outer loop
      vertex 71.9581 -50.7422 26.4
      vertex 71.975 -51 21.525
      vertex 71.975 -51 26.4
    endloop
  endfacet
  facet normal 0.195074 0.980789 -0
    outer loop
      vertex 69.7422 -52.9581 21.525
      vertex 69.4888 -52.9077 26.4
      vertex 69.7422 -52.9581 26.4
    endloop
  endfacet
  facet normal 0.195074 0.980789 0
    outer loop
      vertex 69.4888 -52.9077 26.4
      vertex 69.7422 -52.9581 21.525
      vertex 69.4888 -52.9077 21.525
    endloop
  endfacet
  facet normal 0.831514 -0.555504 0
    outer loop
      vertex 68.2896 -50.0125 26.4
      vertex 68.4331 -49.7977 21.525
      vertex 68.4331 -49.7977 26.4
    endloop
  endfacet
  facet normal 0.831514 -0.555504 0
    outer loop
      vertex 68.4331 -49.7977 21.525
      vertex 68.2896 -50.0125 26.4
      vertex 68.2896 -50.0125 21.525
    endloop
  endfacet
  facet normal 0.555504 0.831514 -0
    outer loop
      vertex 69.0125 -52.7104 21.525
      vertex 68.7977 -52.5669 26.4
      vertex 69.0125 -52.7104 26.4
    endloop
  endfacet
  facet normal 0.555504 0.831514 0
    outer loop
      vertex 68.7977 -52.5669 26.4
      vertex 69.0125 -52.7104 21.525
      vertex 68.7977 -52.5669 21.525
    endloop
  endfacet
  facet normal -0.659545 -0.751665 0
    outer loop
      vertex 71.2023 -49.4331 21.525
      vertex 71.3965 -49.6035 26.4
      vertex 71.2023 -49.4331 26.4
    endloop
  endfacet
  facet normal -0.659545 -0.751665 -0
    outer loop
      vertex 71.3965 -49.6035 26.4
      vertex 71.2023 -49.4331 21.525
      vertex 71.3965 -49.6035 21.525
    endloop
  endfacet
  facet normal 0.980789 -0.195074 0
    outer loop
      vertex 68.0419 -50.7422 26.4
      vertex 68.0923 -50.4888 21.525
      vertex 68.0923 -50.4888 26.4
    endloop
  endfacet
  facet normal 0.980789 -0.195074 0
    outer loop
      vertex 68.0923 -50.4888 21.525
      vertex 68.0419 -50.7422 26.4
      vertex 68.0419 -50.7422 21.525
    endloop
  endfacet
  facet normal -0.946966 0.321334 0
    outer loop
      vertex 71.8247 -51.7558 21.525
      vertex 71.9077 -51.5112 26.4
      vertex 71.9077 -51.5112 21.525
    endloop
  endfacet
  facet normal -0.946966 0.321334 0
    outer loop
      vertex 71.9077 -51.5112 26.4
      vertex 71.8247 -51.7558 21.525
      vertex 71.8247 -51.7558 26.4
    endloop
  endfacet
  facet normal -0.997858 0.0654143 0
    outer loop
      vertex 71.9581 -51.2578 21.525
      vertex 71.975 -51 26.4
      vertex 71.975 -51 21.525
    endloop
  endfacet
  facet normal -0.997858 0.0654143 0
    outer loop
      vertex 71.975 -51 26.4
      vertex 71.9581 -51.2578 21.525
      vertex 71.9581 -51.2578 26.4
    endloop
  endfacet
  facet normal 0.442408 -0.896814 0
    outer loop
      vertex 69.0125 -49.2896 21.525
      vertex 69.2442 -49.1753 26.4
      vertex 69.0125 -49.2896 26.4
    endloop
  endfacet
  facet normal 0.442408 -0.896814 0
    outer loop
      vertex 69.2442 -49.1753 26.4
      vertex 69.0125 -49.2896 21.525
      vertex 69.2442 -49.1753 21.525
    endloop
  endfacet
  facet normal -0.831514 -0.555504 0
    outer loop
      vertex 71.7104 -50.0125 21.525
      vertex 71.5669 -49.7977 26.4
      vertex 71.5669 -49.7977 21.525
    endloop
  endfacet
  facet normal -0.831514 -0.555504 0
    outer loop
      vertex 71.5669 -49.7977 26.4
      vertex 71.7104 -50.0125 21.525
      vertex 71.7104 -50.0125 26.4
    endloop
  endfacet
  facet normal -0.0654143 -0.997858 0
    outer loop
      vertex 70 -49.025 21.525
      vertex 70.2578 -49.0419 26.4
      vertex 70 -49.025 26.4
    endloop
  endfacet
  facet normal -0.0654143 -0.997858 -0
    outer loop
      vertex 70.2578 -49.0419 26.4
      vertex 70 -49.025 21.525
      vertex 70.2578 -49.0419 21.525
    endloop
  endfacet
  facet normal 0.0654143 0.997858 -0
    outer loop
      vertex 70 -52.975 21.525
      vertex 69.7422 -52.9581 26.4
      vertex 70 -52.975 26.4
    endloop
  endfacet
  facet normal 0.0654143 0.997858 0
    outer loop
      vertex 69.7422 -52.9581 26.4
      vertex 70 -52.975 21.525
      vertex 69.7422 -52.9581 21.525
    endloop
  endfacet
  facet normal 0 0 1
    outer loop
      vertex 71.9581 -50.7422 21.525
      vertex 71.9581 -51.2578 21.525
      vertex 71.975 -51 21.525
    endloop
  endfacet
  facet normal 0 0 1
    outer loop
      vertex 71.9077 -50.4888 21.525
      vertex 71.9581 -51.2578 21.525
      vertex 71.9581 -50.7422 21.525
    endloop
  endfacet
  facet normal 0 0 1
    outer loop
      vertex 71.9077 -50.4888 21.525
      vertex 71.9077 -51.5112 21.525
      vertex 71.9581 -51.2578 21.525
    endloop
  endfacet
  facet normal 0 0 1
    outer loop
      vertex 71.8247 -50.2442 21.525
      vertex 71.9077 -51.5112 21.525
      vertex 71.9077 -50.4888 21.525
    endloop
  endfacet
  facet normal 0 0 1
    outer loop
      vertex 71.8247 -50.2442 21.525
      vertex 71.8247 -51.7558 21.525
      vertex 71.9077 -51.5112 21.525
    endloop
  endfacet
  facet normal 0 0 1
    outer loop
      vertex 71.7104 -50.0125 21.525
      vertex 71.8247 -51.7558 21.525
      vertex 71.8247 -50.2442 21.525
    endloop
  endfacet
  facet normal 0 0 1
    outer loop
      vertex 71.7104 -50.0125 21.525
      vertex 71.7104 -51.9875 21.525
      vertex 71.8247 -51.7558 21.525
    endloop
  endfacet
  facet normal 0 0 1
    outer loop
      vertex 71.5669 -49.7977 21.525
      vertex 71.7104 -51.9875 21.525
      vertex 71.7104 -50.0125 21.525
    endloop
  endfacet
  facet normal 0 0 1
    outer loop
      vertex 71.5669 -49.7977 21.525
      vertex 71.5669 -52.2023 21.525
      vertex 71.7104 -51.9875 21.525
    endloop
  endfacet
  facet normal 0 0 1
    outer loop
      vertex 71.3965 -49.6035 21.525
      vertex 71.5669 -52.2023 21.525
      vertex 71.5669 -49.7977 21.525
    endloop
  endfacet
  facet normal 0 0 1
    outer loop
      vertex 71.3965 -49.6035 21.525
      vertex 71.3965 -52.3965 21.525
      vertex 71.5669 -52.2023 21.525
    endloop
  endfacet
  facet normal 0 0 1
    outer loop
      vertex 71.2023 -49.4331 21.525
      vertex 71.3965 -52.3965 21.525
      vertex 71.3965 -49.6035 21.525
    endloop
  endfacet
  facet normal 0 0 1
    outer loop
      vertex 71.2023 -49.4331 21.525
      vertex 71.2023 -52.5669 21.525
      vertex 71.3965 -52.3965 21.525
    endloop
  endfacet
  facet normal 0 0 1
    outer loop
      vertex 70.9875 -49.2896 21.525
      vertex 71.2023 -52.5669 21.525
      vertex 71.2023 -49.4331 21.525
    endloop
  endfacet
  facet normal 0 0 1
    outer loop
      vertex 70.9875 -49.2896 21.525
      vertex 70.9875 -52.7104 21.525
      vertex 71.2023 -52.5669 21.525
    endloop
  endfacet
  facet normal 0 0 1
    outer loop
      vertex 70.7558 -49.1753 21.525
      vertex 70.9875 -52.7104 21.525
      vertex 70.9875 -49.2896 21.525
    endloop
  endfacet
  facet normal 0 0 1
    outer loop
      vertex 70.7558 -49.1753 21.525
      vertex 70.7558 -52.8247 21.525
      vertex 70.9875 -52.7104 21.525
    endloop
  endfacet
  facet normal 0 0 1
    outer loop
      vertex 70.5112 -49.0923 21.525
      vertex 70.7558 -52.8247 21.525
      vertex 70.7558 -49.1753 21.525
    endloop
  endfacet
  facet normal 0 0 1
    outer loop
      vertex 70.5112 -49.0923 21.525
      vertex 70.5112 -52.9077 21.525
      vertex 70.7558 -52.8247 21.525
    endloop
  endfacet
  facet normal 0 0 1
    outer loop
      vertex 70.2578 -49.0419 21.525
      vertex 70.5112 -52.9077 21.525
      vertex 70.5112 -49.0923 21.525
    endloop
  endfacet
  facet normal 0 0 1
    outer loop
      vertex 70.2578 -49.0419 21.525
      vertex 70.2578 -52.9581 21.525
      vertex 70.5112 -52.9077 21.525
    endloop
  endfacet
  facet normal 0 0 1
    outer loop
      vertex 70 -49.025 21.525
      vertex 70.2578 -52.9581 21.525
      vertex 70.2578 -49.0419 21.525
    endloop
  endfacet
  facet normal 0 0 1
    outer loop
      vertex 70 -49.025 21.525
      vertex 70 -52.975 21.525
      vertex 70.2578 -52.9581 21.525
    endloop
  endfacet
  facet normal -0 0 1
    outer loop
      vertex 69.7422 -49.0419 21.525
      vertex 70 -52.975 21.525
      vertex 70 -49.025 21.525
    endloop
  endfacet
  facet normal 0 0 1
    outer loop
      vertex 69.7422 -49.0419 21.525
      vertex 69.7422 -52.9581 21.525
      vertex 70 -52.975 21.525
    endloop
  endfacet
  facet normal -0 0 1
    outer loop
      vertex 69.4888 -49.0923 21.525
      vertex 69.7422 -52.9581 21.525
      vertex 69.7422 -49.0419 21.525
    endloop
  endfacet
  facet normal 0 0 1
    outer loop
      vertex 69.4888 -49.0923 21.525
      vertex 69.4888 -52.9077 21.525
      vertex 69.7422 -52.9581 21.525
    endloop
  endfacet
  facet normal -0 0 1
    outer loop
      vertex 69.2442 -49.1753 21.525
      vertex 69.4888 -52.9077 21.525
      vertex 69.4888 -49.0923 21.525
    endloop
  endfacet
  facet normal 0 0 1
    outer loop
      vertex 69.2442 -49.1753 21.525
      vertex 69.2442 -52.8247 21.525
      vertex 69.4888 -52.9077 21.525
    endloop
  endfacet
  facet normal -0 0 1
    outer loop
      vertex 69.0125 -49.2896 21.525
      vertex 69.2442 -52.8247 21.525
      vertex 69.2442 -49.1753 21.525
    endloop
  endfacet
  facet normal 0 0 1
    outer loop
      vertex 69.0125 -49.2896 21.525
      vertex 69.0125 -52.7104 21.525
      vertex 69.2442 -52.8247 21.525
    endloop
  endfacet
  facet normal -0 0 1
    outer loop
      vertex 68.7977 -49.4331 21.525
      vertex 69.0125 -52.7104 21.525
      vertex 69.0125 -49.2896 21.525
    endloop
  endfacet
  facet normal 0 0 1
    outer loop
      vertex 68.7977 -49.4331 21.525
      vertex 68.7977 -52.5669 21.525
      vertex 69.0125 -52.7104 21.525
    endloop
  endfacet
  facet normal -0 0 1
    outer loop
      vertex 68.6035 -49.6035 21.525
      vertex 68.7977 -52.5669 21.525
      vertex 68.7977 -49.4331 21.525
    endloop
  endfacet
  facet normal 0 0 1
    outer loop
      vertex 68.6035 -49.6035 21.525
      vertex 68.6035 -52.3965 21.525
      vertex 68.7977 -52.5669 21.525
    endloop
  endfacet
  facet normal -0 0 1
    outer loop
      vertex 68.4331 -49.7977 21.525
      vertex 68.6035 -52.3965 21.525
      vertex 68.6035 -49.6035 21.525
    endloop
  endfacet
  facet normal 0 0 1
    outer loop
      vertex 68.4331 -49.7977 21.525
      vertex 68.4331 -52.2023 21.525
      vertex 68.6035 -52.3965 21.525
    endloop
  endfacet
  facet normal -0 0 1
    outer loop
      vertex 68.2896 -50.0125 21.525
      vertex 68.4331 -52.2023 21.525
      vertex 68.4331 -49.7977 21.525
    endloop
  endfacet
  facet normal 0 0 1
    outer loop
      vertex 68.2896 -50.0125 21.525
      vertex 68.2896 -51.9875 21.525
      vertex 68.4331 -52.2023 21.525
    endloop
  endfacet
  facet normal -0 0 1
    outer loop
      vertex 68.1753 -50.2442 21.525
      vertex 68.2896 -51.9875 21.525
      vertex 68.2896 -50.0125 21.525
    endloop
  endfacet
  facet normal 0 0 1
    outer loop
      vertex 68.1753 -50.2442 21.525
      vertex 68.1753 -51.7558 21.525
      vertex 68.2896 -51.9875 21.525
    endloop
  endfacet
  facet normal -0 0 1
    outer loop
      vertex 68.0923 -50.4888 21.525
      vertex 68.1753 -51.7558 21.525
      vertex 68.1753 -50.2442 21.525
    endloop
  endfacet
  facet normal 0 0 1
    outer loop
      vertex 68.0923 -50.4888 21.525
      vertex 68.0923 -51.5112 21.525
      vertex 68.1753 -51.7558 21.525
    endloop
  endfacet
  facet normal -0 0 1
    outer loop
      vertex 68.0419 -50.7422 21.525
      vertex 68.0923 -51.5112 21.525
      vertex 68.0923 -50.4888 21.525
    endloop
  endfacet
  facet normal 0 0 1
    outer loop
      vertex 68.0419 -50.7422 21.525
      vertex 68.0419 -51.2578 21.525
      vertex 68.0923 -51.5112 21.525
    endloop
  endfacet
  facet normal 0 -0 1
    outer loop
      vertex 68.0419 -51.2578 21.525
      vertex 68.0419 -50.7422 21.525
      vertex 68.025 -51 21.525
    endloop
  endfacet
  facet normal -0.659545 0.751665 0
    outer loop
      vertex 71.3965 -52.3965 21.525
      vertex 71.2023 -52.5669 26.4
      vertex 71.3965 -52.3965 26.4
    endloop
  endfacet
  facet normal -0.659545 0.751665 0
    outer loop
      vertex 71.2023 -52.5669 26.4
      vertex 71.3965 -52.3965 21.525
      vertex 71.2023 -52.5669 21.525
    endloop
  endfacet
  facet normal -0.980789 0.195074 0
    outer loop
      vertex 71.9077 -51.5112 21.525
      vertex 71.9581 -51.2578 26.4
      vertex 71.9581 -51.2578 21.525
    endloop
  endfacet
  facet normal -0.980789 0.195074 0
    outer loop
      vertex 71.9581 -51.2578 26.4
      vertex 71.9077 -51.5112 21.525
      vertex 71.9077 -51.5112 26.4
    endloop
  endfacet
  facet normal -0.831514 0.555504 0
    outer loop
      vertex 71.5669 -52.2023 21.525
      vertex 71.7104 -51.9875 26.4
      vertex 71.7104 -51.9875 21.525
    endloop
  endfacet
  facet normal -0.831514 0.555504 0
    outer loop
      vertex 71.7104 -51.9875 26.4
      vertex 71.5669 -52.2023 21.525
      vertex 71.5669 -52.2023 26.4
    endloop
  endfacet
  facet normal 0.659545 -0.751665 0
    outer loop
      vertex 68.6035 -49.6035 21.525
      vertex 68.7977 -49.4331 26.4
      vertex 68.6035 -49.6035 26.4
    endloop
  endfacet
  facet normal 0.659545 -0.751665 0
    outer loop
      vertex 68.7977 -49.4331 26.4
      vertex 68.6035 -49.6035 21.525
      vertex 68.7977 -49.4331 21.525
    endloop
  endfacet
  facet normal 0.555504 -0.831514 0
    outer loop
      vertex 68.7977 -49.4331 21.525
      vertex 69.0125 -49.2896 26.4
      vertex 68.7977 -49.4331 26.4
    endloop
  endfacet
  facet normal 0.555504 -0.831514 0
    outer loop
      vertex 69.0125 -49.2896 26.4
      vertex 68.7977 -49.4331 21.525
      vertex 69.0125 -49.2896 21.525
    endloop
  endfacet
  facet normal 0.896814 0.442408 0
    outer loop
      vertex 68.2896 -51.9875 26.4
      vertex 68.1753 -51.7558 21.525
      vertex 68.1753 -51.7558 26.4
    endloop
  endfacet
  facet normal 0.896814 0.442408 0
    outer loop
      vertex 68.1753 -51.7558 21.525
      vertex 68.2896 -51.9875 26.4
      vertex 68.2896 -51.9875 21.525
    endloop
  endfacet
  facet normal -0.321334 0.946966 0
    outer loop
      vertex 70.7558 -52.8247 21.525
      vertex 70.5112 -52.9077 26.4
      vertex 70.7558 -52.8247 26.4
    endloop
  endfacet
  facet normal -0.321334 0.946966 0
    outer loop
      vertex 70.5112 -52.9077 26.4
      vertex 70.7558 -52.8247 21.525
      vertex 70.5112 -52.9077 21.525
    endloop
  endfacet
  facet normal 0.659545 0.751665 -0
    outer loop
      vertex 68.7977 -52.5669 21.525
      vertex 68.6035 -52.3965 26.4
      vertex 68.7977 -52.5669 26.4
    endloop
  endfacet
  facet normal 0.659545 0.751665 0
    outer loop
      vertex 68.6035 -52.3965 26.4
      vertex 68.7977 -52.5669 21.525
      vertex 68.6035 -52.3965 21.525
    endloop
  endfacet
  facet normal 0.896814 -0.442408 0
    outer loop
      vertex 68.1753 -50.2442 26.4
      vertex 68.2896 -50.0125 21.525
      vertex 68.2896 -50.0125 26.4
    endloop
  endfacet
  facet normal 0.896814 -0.442408 0
    outer loop
      vertex 68.2896 -50.0125 21.525
      vertex 68.1753 -50.2442 26.4
      vertex 68.1753 -50.2442 21.525
    endloop
  endfacet
  facet normal 0.997858 -0.0654143 0
    outer loop
      vertex 68.025 -51 26.4
      vertex 68.0419 -50.7422 21.525
      vertex 68.0419 -50.7422 26.4
    endloop
  endfacet
  facet normal 0.997858 -0.0654143 0
    outer loop
      vertex 68.0419 -50.7422 21.525
      vertex 68.025 -51 26.4
      vertex 68.025 -51 21.525
    endloop
  endfacet
  facet normal -0.442408 0.896814 0
    outer loop
      vertex 70.9875 -52.7104 21.525
      vertex 70.7558 -52.8247 26.4
      vertex 70.9875 -52.7104 26.4
    endloop
  endfacet
  facet normal -0.442408 0.896814 0
    outer loop
      vertex 70.7558 -52.8247 26.4
      vertex 70.9875 -52.7104 21.525
      vertex 70.7558 -52.8247 21.525
    endloop
  endfacet
  facet normal -0.946966 -0.321334 0
    outer loop
      vertex 71.9077 -50.4888 21.525
      vertex 71.8247 -50.2442 26.4
      vertex 71.8247 -50.2442 21.525
    endloop
  endfacet
  facet normal -0.946966 -0.321334 0
    outer loop
      vertex 71.8247 -50.2442 26.4
      vertex 71.9077 -50.4888 21.525
      vertex 71.9077 -50.4888 26.4
    endloop
  endfacet
  facet normal 0.321334 -0.946966 0
    outer loop
      vertex 69.2442 -49.1753 21.525
      vertex 69.4888 -49.0923 26.4
      vertex 69.2442 -49.1753 26.4
    endloop
  endfacet
  facet normal 0.321334 -0.946966 0
    outer loop
      vertex 69.4888 -49.0923 26.4
      vertex 69.2442 -49.1753 21.525
      vertex 69.4888 -49.0923 21.525
    endloop
  endfacet
  facet normal -0.896814 -0.442408 0
    outer loop
      vertex 71.8247 -50.2442 21.525
      vertex 71.7104 -50.0125 26.4
      vertex 71.7104 -50.0125 21.525
    endloop
  endfacet
  facet normal -0.896814 -0.442408 0
    outer loop
      vertex 71.7104 -50.0125 26.4
      vertex 71.8247 -50.2442 21.525
      vertex 71.8247 -50.2442 26.4
    endloop
  endfacet
  facet normal 0.946966 -0.321334 0
    outer loop
      vertex 68.0923 -50.4888 26.4
      vertex 68.1753 -50.2442 21.525
      vertex 68.1753 -50.2442 26.4
    endloop
  endfacet
  facet normal 0.946966 -0.321334 0
    outer loop
      vertex 68.1753 -50.2442 21.525
      vertex 68.0923 -50.4888 26.4
      vertex 68.0923 -50.4888 21.525
    endloop
  endfacet
  facet normal -0.555504 -0.831514 0
    outer loop
      vertex 70.9875 -49.2896 21.525
      vertex 71.2023 -49.4331 26.4
      vertex 70.9875 -49.2896 26.4
    endloop
  endfacet
  facet normal -0.555504 -0.831514 -0
    outer loop
      vertex 71.2023 -49.4331 26.4
      vertex 70.9875 -49.2896 21.525
      vertex 71.2023 -49.4331 21.525
    endloop
  endfacet
  facet normal 0.980789 0.195074 0
    outer loop
      vertex 68.0923 -51.5112 26.4
      vertex 68.0419 -51.2578 21.525
      vertex 68.0419 -51.2578 26.4
    endloop
  endfacet
  facet normal 0.980789 0.195074 0
    outer loop
      vertex 68.0419 -51.2578 21.525
      vertex 68.0923 -51.5112 26.4
      vertex 68.0923 -51.5112 21.525
    endloop
  endfacet
  facet normal -0.896814 0.442408 0
    outer loop
      vertex 71.7104 -51.9875 21.525
      vertex 71.8247 -51.7558 26.4
      vertex 71.8247 -51.7558 21.525
    endloop
  endfacet
  facet normal -0.896814 0.442408 0
    outer loop
      vertex 71.8247 -51.7558 26.4
      vertex 71.7104 -51.9875 21.525
      vertex 71.7104 -51.9875 26.4
    endloop
  endfacet
  facet normal -0.442408 -0.896814 0
    outer loop
      vertex 70.7558 -49.1753 21.525
      vertex 70.9875 -49.2896 26.4
      vertex 70.7558 -49.1753 26.4
    endloop
  endfacet
  facet normal -0.442408 -0.896814 -0
    outer loop
      vertex 70.9875 -49.2896 26.4
      vertex 70.7558 -49.1753 21.525
      vertex 70.9875 -49.2896 21.525
    endloop
  endfacet
  facet normal 0.195074 -0.980789 0
    outer loop
      vertex 69.4888 -49.0923 21.525
      vertex 69.7422 -49.0419 26.4
      vertex 69.4888 -49.0923 26.4
    endloop
  endfacet
  facet normal 0.195074 -0.980789 0
    outer loop
      vertex 69.7422 -49.0419 26.4
      vertex 69.4888 -49.0923 21.525
      vertex 69.7422 -49.0419 21.525
    endloop
  endfacet
  facet normal -0.0654143 0.997858 0
    outer loop
      vertex 70.2578 -52.9581 21.525
      vertex 70 -52.975 26.4
      vertex 70.2578 -52.9581 26.4
    endloop
  endfacet
  facet normal -0.0654143 0.997858 0
    outer loop
      vertex 70 -52.975 26.4
      vertex 70.2578 -52.9581 21.525
      vertex 70 -52.975 21.525
    endloop
  endfacet
  facet normal 0.751665 0.659545 0
    outer loop
      vertex 68.6035 -52.3965 26.4
      vertex 68.4331 -52.2023 21.525
      vertex 68.4331 -52.2023 26.4
    endloop
  endfacet
  facet normal 0.751665 0.659545 0
    outer loop
      vertex 68.4331 -52.2023 21.525
      vertex 68.6035 -52.3965 26.4
      vertex 68.6035 -52.3965 21.525
    endloop
  endfacet
  facet normal -0.321334 -0.946966 0
    outer loop
      vertex 70.5112 -49.0923 21.525
      vertex 70.7558 -49.1753 26.4
      vertex 70.5112 -49.0923 26.4
    endloop
  endfacet
  facet normal -0.321334 -0.946966 -0
    outer loop
      vertex 70.7558 -49.1753 26.4
      vertex 70.5112 -49.0923 21.525
      vertex 70.7558 -49.1753 21.525
    endloop
  endfacet
  facet normal 0.0654143 -0.997858 0
    outer loop
      vertex 69.7422 -49.0419 21.525
      vertex 70 -49.025 26.4
      vertex 69.7422 -49.0419 26.4
    endloop
  endfacet
  facet normal 0.0654143 -0.997858 0
    outer loop
      vertex 70 -49.025 26.4
      vertex 69.7422 -49.0419 21.525
      vertex 70 -49.025 21.525
    endloop
  endfacet
  facet normal -0.195074 0.980789 0
    outer loop
      vertex 70.5112 -52.9077 21.525
      vertex 70.2578 -52.9581 26.4
      vertex 70.5112 -52.9077 26.4
    endloop
  endfacet
  facet normal -0.195074 0.980789 0
    outer loop
      vertex 70.2578 -52.9581 26.4
      vertex 70.5112 -52.9077 21.525
      vertex 70.2578 -52.9581 21.525
    endloop
  endfacet
  facet normal 0.946966 0.321334 0
    outer loop
      vertex 68.1753 -51.7558 26.4
      vertex 68.0923 -51.5112 21.525
      vertex 68.0923 -51.5112 26.4
    endloop
  endfacet
  facet normal 0.946966 0.321334 0
    outer loop
      vertex 68.0923 -51.5112 21.525
      vertex 68.1753 -51.7558 26.4
      vertex 68.1753 -51.7558 21.525
    endloop
  endfacet
  facet normal -0.195074 -0.980789 0
    outer loop
      vertex 70.2578 -49.0419 21.525
      vertex 70.5112 -49.0923 26.4
      vertex 70.2578 -49.0419 26.4
    endloop
  endfacet
  facet normal -0.195074 -0.980789 -0
    outer loop
      vertex 70.5112 -49.0923 26.4
      vertex 70.2578 -49.0419 21.525
      vertex 70.5112 -49.0923 21.525
    endloop
  endfacet
  facet normal -0.751665 -0.659545 0
    outer loop
      vertex 71.5669 -49.7977 21.525
      vertex 71.3965 -49.6035 26.4
      vertex 71.3965 -49.6035 21.525
    endloop
  endfacet
  facet normal -0.751665 -0.659545 0
    outer loop
      vertex 71.3965 -49.6035 26.4
      vertex 71.5669 -49.7977 21.525
      vertex 71.5669 -49.7977 26.4
    endloop
  endfacet
  facet normal -0.555504 0.831514 0
    outer loop
      vertex 71.2023 -52.5669 21.525
      vertex 70.9875 -52.7104 26.4
      vertex 71.2023 -52.5669 26.4
    endloop
  endfacet
  facet normal -0.555504 0.831514 0
    outer loop
      vertex 70.9875 -52.7104 26.4
      vertex 71.2023 -52.5669 21.525
      vertex 70.9875 -52.7104 21.525
    endloop
  endfacet
  facet normal 0.321334 0.946966 -0
    outer loop
      vertex 69.4888 -52.9077 21.525
      vertex 69.2442 -52.8247 26.4
      vertex 69.4888 -52.9077 26.4
    endloop
  endfacet
  facet normal 0.321334 0.946966 0
    outer loop
      vertex 69.2442 -52.8247 26.4
      vertex 69.4888 -52.9077 21.525
      vertex 69.2442 -52.8247 21.525
    endloop
  endfacet
  facet normal -0.751665 0.659545 0
    outer loop
      vertex 71.3965 -52.3965 21.525
      vertex 71.5669 -52.2023 26.4
      vertex 71.5669 -52.2023 21.525
    endloop
  endfacet
  facet normal -0.751665 0.659545 0
    outer loop
      vertex 71.5669 -52.2023 26.4
      vertex 71.3965 -52.3965 21.525
      vertex 71.3965 -52.3965 26.4
    endloop
  endfacet
  facet normal 0.997858 0.0654143 0
    outer loop
      vertex 68.0419 -51.2578 26.4
      vertex 68.025 -51 21.525
      vertex 68.025 -51 26.4
    endloop
  endfacet
  facet normal 0.997858 0.0654143 0
    outer loop
      vertex 68.025 -51 21.525
      vertex 68.0419 -51.2578 26.4
      vertex 68.0419 -51.2578 21.525
    endloop
  endfacet
  facet normal 0.831514 0.555504 0
    outer loop
      vertex 68.4331 -52.2023 26.4
      vertex 68.2896 -51.9875 21.525
      vertex 68.2896 -51.9875 26.4
    endloop
  endfacet
  facet normal 0.831514 0.555504 0
    outer loop
      vertex 68.2896 -51.9875 21.525
      vertex 68.4331 -52.2023 26.4
      vertex 68.4331 -52.2023 21.525
    endloop
  endfacet
  facet normal 0.442408 0.896814 -0
    outer loop
      vertex 69.2442 -52.8247 21.525
      vertex 69.0125 -52.7104 26.4
      vertex 69.2442 -52.8247 26.4
    endloop
  endfacet
  facet normal 0.442408 0.896814 0
    outer loop
      vertex 69.0125 -52.7104 26.4
      vertex 69.2442 -52.8247 21.525
      vertex 69.0125 -52.7104 21.525
    endloop
  endfacet
  facet normal 0.751665 -0.659545 0
    outer loop
      vertex 68.4331 -49.7977 26.4
      vertex 68.6035 -49.6035 21.525
      vertex 68.6035 -49.6035 26.4
    endloop
  endfacet
  facet normal 0.751665 -0.659545 0
    outer loop
      vertex 68.6035 -49.6035 21.525
      vertex 68.4331 -49.7977 26.4
      vertex 68.4331 -49.7977 21.525
    endloop
  endfacet
  facet normal -0.980802 -0.195007 0
    outer loop
      vertex 73.0239 -50.6019 26.4
      vertex 72.9461 -50.2106 27
      vertex 72.9461 -50.2106 26.4
    endloop
  endfacet
  facet normal -0.980802 -0.195007 0
    outer loop
      vertex 72.9461 -50.2106 27
      vertex 73.0239 -50.6019 26.4
      vertex 73.0239 -50.6019 27
    endloop
  endfacet
  facet normal -0.997858 -0.065421 0
    outer loop
      vertex 73.05 -51 26.4
      vertex 73.0239 -50.6019 27
      vertex 73.0239 -50.6019 26.4
    endloop
  endfacet
  facet normal -0.997858 -0.065421 0
    outer loop
      vertex 73.0239 -50.6019 27
      vertex 73.05 -51 26.4
      vertex 73.05 -51 27
    endloop
  endfacet
  facet normal 0.442193 -0.89692 0
    outer loop
      vertex 68.475 -48.3586 26.4
      vertex 68.8328 -48.1822 27
      vertex 68.475 -48.3586 27
    endloop
  endfacet
  facet normal 0.442193 -0.89692 0
    outer loop
      vertex 68.8328 -48.1822 27
      vertex 68.475 -48.3586 26.4
      vertex 68.8328 -48.1822 26.4
    endloop
  endfacet
  facet normal -0.659214 -0.751955 0
    outer loop
      vertex 71.8567 -48.5803 26.4
      vertex 72.1567 -48.8433 27
      vertex 71.8567 -48.5803 27
    endloop
  endfacet
  facet normal -0.659214 -0.751955 -0
    outer loop
      vertex 72.1567 -48.8433 27
      vertex 71.8567 -48.5803 26.4
      vertex 72.1567 -48.8433 26.4
    endloop
  endfacet
  facet normal 0.065421 -0.997858 0
    outer loop
      vertex 69.6019 -47.9761 26.4
      vertex 70 -47.95 27
      vertex 69.6019 -47.9761 27
    endloop
  endfacet
  facet normal 0.065421 -0.997858 0
    outer loop
      vertex 70 -47.95 27
      vertex 69.6019 -47.9761 26.4
      vertex 70 -47.95 26.4
    endloop
  endfacet
  facet normal -0.442193 0.89692 0
    outer loop
      vertex 71.525 -53.6414 26.4
      vertex 71.1672 -53.8178 27
      vertex 71.525 -53.6414 27
    endloop
  endfacet
  facet normal -0.442193 0.89692 0
    outer loop
      vertex 71.1672 -53.8178 27
      vertex 71.525 -53.6414 26.4
      vertex 71.1672 -53.8178 26.4
    endloop
  endfacet
  facet normal 0.980802 -0.195007 0
    outer loop
      vertex 66.9761 -50.6019 27
      vertex 67.0539 -50.2106 26.4
      vertex 67.0539 -50.2106 27
    endloop
  endfacet
  facet normal 0.980802 -0.195007 0
    outer loop
      vertex 67.0539 -50.2106 26.4
      vertex 66.9761 -50.6019 27
      vertex 66.9761 -50.6019 26.4
    endloop
  endfacet
  facet normal -0.195007 0.980802 0
    outer loop
      vertex 70.7894 -53.9461 26.4
      vertex 70.3981 -54.0239 27
      vertex 70.7894 -53.9461 27
    endloop
  endfacet
  facet normal -0.195007 0.980802 0
    outer loop
      vertex 70.3981 -54.0239 27
      vertex 70.7894 -53.9461 26.4
      vertex 70.3981 -54.0239 26.4
    endloop
  endfacet
  facet normal 0.065421 0.997858 -0
    outer loop
      vertex 70 -54.05 26.4
      vertex 69.6019 -54.0239 27
      vertex 70 -54.05 27
    endloop
  endfacet
  facet normal 0.065421 0.997858 0
    outer loop
      vertex 69.6019 -54.0239 27
      vertex 70 -54.05 26.4
      vertex 69.6019 -54.0239 26.4
    endloop
  endfacet
  facet normal 0.555683 0.831394 -0
    outer loop
      vertex 68.475 -53.6414 26.4
      vertex 68.1433 -53.4197 27
      vertex 68.475 -53.6414 27
    endloop
  endfacet
  facet normal 0.555683 0.831394 0
    outer loop
      vertex 68.1433 -53.4197 27
      vertex 68.475 -53.6414 26.4
      vertex 68.1433 -53.4197 26.4
    endloop
  endfacet
  facet normal -0.997858 0.065421 0
    outer loop
      vertex 73.0239 -51.3981 26.4
      vertex 73.05 -51 27
      vertex 73.05 -51 26.4
    endloop
  endfacet
  facet normal -0.997858 0.065421 0
    outer loop
      vertex 73.05 -51 27
      vertex 73.0239 -51.3981 26.4
      vertex 73.0239 -51.3981 27
    endloop
  endfacet
  facet normal 0.997858 -0.065421 0
    outer loop
      vertex 66.95 -51 27
      vertex 66.9761 -50.6019 26.4
      vertex 66.9761 -50.6019 27
    endloop
  endfacet
  facet normal 0.997858 -0.065421 0
    outer loop
      vertex 66.9761 -50.6019 26.4
      vertex 66.95 -51 27
      vertex 66.95 -51 26.4
    endloop
  endfacet
  facet normal -0.831394 -0.555683 0
    outer loop
      vertex 72.6414 -49.475 26.4
      vertex 72.4197 -49.1433 27
      vertex 72.4197 -49.1433 26.4
    endloop
  endfacet
  facet normal -0.831394 -0.555683 0
    outer loop
      vertex 72.4197 -49.1433 27
      vertex 72.6414 -49.475 26.4
      vertex 72.6414 -49.475 27
    endloop
  endfacet
  facet normal -0.89692 -0.442193 0
    outer loop
      vertex 72.8178 -49.8328 26.4
      vertex 72.6414 -49.475 27
      vertex 72.6414 -49.475 26.4
    endloop
  endfacet
  facet normal -0.89692 -0.442193 0
    outer loop
      vertex 72.6414 -49.475 27
      vertex 72.8178 -49.8328 26.4
      vertex 72.8178 -49.8328 27
    endloop
  endfacet
  facet normal 0.946889 0.321561 0
    outer loop
      vertex 67.1822 -52.1672 27
      vertex 67.0539 -51.7894 26.4
      vertex 67.0539 -51.7894 27
    endloop
  endfacet
  facet normal 0.946889 0.321561 0
    outer loop
      vertex 67.0539 -51.7894 26.4
      vertex 67.1822 -52.1672 27
      vertex 67.1822 -52.1672 26.4
    endloop
  endfacet
  facet normal -0.751955 0.659214 0
    outer loop
      vertex 72.1567 -53.1567 26.4
      vertex 72.4197 -52.8567 27
      vertex 72.4197 -52.8567 26.4
    endloop
  endfacet
  facet normal -0.751955 0.659214 0
    outer loop
      vertex 72.4197 -52.8567 27
      vertex 72.1567 -53.1567 26.4
      vertex 72.1567 -53.1567 27
    endloop
  endfacet
  facet normal -0.980802 0.195007 0
    outer loop
      vertex 72.9461 -51.7894 26.4
      vertex 73.0239 -51.3981 27
      vertex 73.0239 -51.3981 26.4
    endloop
  endfacet
  facet normal -0.980802 0.195007 0
    outer loop
      vertex 73.0239 -51.3981 27
      vertex 72.9461 -51.7894 26.4
      vertex 72.9461 -51.7894 27
    endloop
  endfacet
  facet normal 0.89692 0.442193 0
    outer loop
      vertex 67.3586 -52.525 27
      vertex 67.1822 -52.1672 26.4
      vertex 67.1822 -52.1672 27
    endloop
  endfacet
  facet normal 0.89692 0.442193 0
    outer loop
      vertex 67.1822 -52.1672 26.4
      vertex 67.3586 -52.525 27
      vertex 67.3586 -52.525 26.4
    endloop
  endfacet
  facet normal 0.321561 -0.946889 0
    outer loop
      vertex 68.8328 -48.1822 26.4
      vertex 69.2106 -48.0539 27
      vertex 68.8328 -48.1822 27
    endloop
  endfacet
  facet normal 0.321561 -0.946889 0
    outer loop
      vertex 69.2106 -48.0539 27
      vertex 68.8328 -48.1822 26.4
      vertex 69.2106 -48.0539 26.4
    endloop
  endfacet
  facet normal 0.659214 -0.751955 0
    outer loop
      vertex 67.8433 -48.8433 26.4
      vertex 68.1433 -48.5803 27
      vertex 67.8433 -48.8433 27
    endloop
  endfacet
  facet normal 0.659214 -0.751955 0
    outer loop
      vertex 68.1433 -48.5803 27
      vertex 67.8433 -48.8433 26.4
      vertex 68.1433 -48.5803 26.4
    endloop
  endfacet
  facet normal 0.555683 -0.831394 0
    outer loop
      vertex 68.1433 -48.5803 26.4
      vertex 68.475 -48.3586 27
      vertex 68.1433 -48.5803 27
    endloop
  endfacet
  facet normal 0.555683 -0.831394 0
    outer loop
      vertex 68.475 -48.3586 27
      vertex 68.1433 -48.5803 26.4
      vertex 68.475 -48.3586 26.4
    endloop
  endfacet
  facet normal -0.065421 -0.997858 0
    outer loop
      vertex 70 -47.95 26.4
      vertex 70.3981 -47.9761 27
      vertex 70 -47.95 27
    endloop
  endfacet
  facet normal -0.065421 -0.997858 -0
    outer loop
      vertex 70.3981 -47.9761 27
      vertex 70 -47.95 26.4
      vertex 70.3981 -47.9761 26.4
    endloop
  endfacet
  facet normal 0.751955 0.659214 0
    outer loop
      vertex 67.8433 -53.1567 27
      vertex 67.5803 -52.8567 26.4
      vertex 67.5803 -52.8567 27
    endloop
  endfacet
  facet normal 0.751955 0.659214 0
    outer loop
      vertex 67.5803 -52.8567 26.4
      vertex 67.8433 -53.1567 27
      vertex 67.8433 -53.1567 26.4
    endloop
  endfacet
  facet normal -0.659214 0.751955 0
    outer loop
      vertex 72.1567 -53.1567 26.4
      vertex 71.8567 -53.4197 27
      vertex 72.1567 -53.1567 27
    endloop
  endfacet
  facet normal -0.659214 0.751955 0
    outer loop
      vertex 71.8567 -53.4197 27
      vertex 72.1567 -53.1567 26.4
      vertex 71.8567 -53.4197 26.4
    endloop
  endfacet
  facet normal -0.065421 0.997858 0
    outer loop
      vertex 70.3981 -54.0239 26.4
      vertex 70 -54.05 27
      vertex 70.3981 -54.0239 27
    endloop
  endfacet
  facet normal -0.065421 0.997858 0
    outer loop
      vertex 70 -54.05 27
      vertex 70.3981 -54.0239 26.4
      vertex 70 -54.05 26.4
    endloop
  endfacet
  facet normal -0.555683 -0.831394 0
    outer loop
      vertex 71.525 -48.3586 26.4
      vertex 71.8567 -48.5803 27
      vertex 71.525 -48.3586 27
    endloop
  endfacet
  facet normal -0.555683 -0.831394 -0
    outer loop
      vertex 71.8567 -48.5803 27
      vertex 71.525 -48.3586 26.4
      vertex 71.8567 -48.5803 26.4
    endloop
  endfacet
  facet normal 0.442193 0.89692 -0
    outer loop
      vertex 68.8328 -53.8178 26.4
      vertex 68.475 -53.6414 27
      vertex 68.8328 -53.8178 27
    endloop
  endfacet
  facet normal 0.442193 0.89692 0
    outer loop
      vertex 68.475 -53.6414 27
      vertex 68.8328 -53.8178 26.4
      vertex 68.475 -53.6414 26.4
    endloop
  endfacet
  facet normal -0.555683 0.831394 0
    outer loop
      vertex 71.8567 -53.4197 26.4
      vertex 71.525 -53.6414 27
      vertex 71.8567 -53.4197 27
    endloop
  endfacet
  facet normal -0.555683 0.831394 0
    outer loop
      vertex 71.525 -53.6414 27
      vertex 71.8567 -53.4197 26.4
      vertex 71.525 -53.6414 26.4
    endloop
  endfacet
  facet normal -0.321561 0.946889 0
    outer loop
      vertex 71.1672 -53.8178 26.4
      vertex 70.7894 -53.9461 27
      vertex 71.1672 -53.8178 27
    endloop
  endfacet
  facet normal -0.321561 0.946889 0
    outer loop
      vertex 70.7894 -53.9461 27
      vertex 71.1672 -53.8178 26.4
      vertex 70.7894 -53.9461 26.4
    endloop
  endfacet
  facet normal 0.195007 -0.980802 0
    outer loop
      vertex 69.2106 -48.0539 26.4
      vertex 69.6019 -47.9761 27
      vertex 69.2106 -48.0539 27
    endloop
  endfacet
  facet normal 0.195007 -0.980802 0
    outer loop
      vertex 69.6019 -47.9761 27
      vertex 69.2106 -48.0539 26.4
      vertex 69.6019 -47.9761 26.4
    endloop
  endfacet
  facet normal -0.442193 -0.89692 0
    outer loop
      vertex 71.1672 -48.1822 26.4
      vertex 71.525 -48.3586 27
      vertex 71.1672 -48.1822 27
    endloop
  endfacet
  facet normal -0.442193 -0.89692 -0
    outer loop
      vertex 71.525 -48.3586 27
      vertex 71.1672 -48.1822 26.4
      vertex 71.525 -48.3586 26.4
    endloop
  endfacet
  facet normal 0.980802 0.195007 0
    outer loop
      vertex 67.0539 -51.7894 27
      vertex 66.9761 -51.3981 26.4
      vertex 66.9761 -51.3981 27
    endloop
  endfacet
  facet normal 0.980802 0.195007 0
    outer loop
      vertex 66.9761 -51.3981 26.4
      vertex 67.0539 -51.7894 27
      vertex 67.0539 -51.7894 26.4
    endloop
  endfacet
  facet normal -0.321561 -0.946889 0
    outer loop
      vertex 70.7894 -48.0539 26.4
      vertex 71.1672 -48.1822 27
      vertex 70.7894 -48.0539 27
    endloop
  endfacet
  facet normal -0.321561 -0.946889 -0
    outer loop
      vertex 71.1672 -48.1822 27
      vertex 70.7894 -48.0539 26.4
      vertex 71.1672 -48.1822 26.4
    endloop
  endfacet
  facet normal 0.89692 -0.442193 0
    outer loop
      vertex 67.1822 -49.8328 27
      vertex 67.3586 -49.475 26.4
      vertex 67.3586 -49.475 27
    endloop
  endfacet
  facet normal 0.89692 -0.442193 0
    outer loop
      vertex 67.3586 -49.475 26.4
      vertex 67.1822 -49.8328 27
      vertex 67.1822 -49.8328 26.4
    endloop
  endfacet
  facet normal 0.831394 -0.555683 0
    outer loop
      vertex 67.3586 -49.475 27
      vertex 67.5803 -49.1433 26.4
      vertex 67.5803 -49.1433 27
    endloop
  endfacet
  facet normal 0.831394 -0.555683 0
    outer loop
      vertex 67.5803 -49.1433 26.4
      vertex 67.3586 -49.475 27
      vertex 67.3586 -49.475 26.4
    endloop
  endfacet
  facet normal -0.831394 0.555683 0
    outer loop
      vertex 72.4197 -52.8567 26.4
      vertex 72.6414 -52.525 27
      vertex 72.6414 -52.525 26.4
    endloop
  endfacet
  facet normal -0.831394 0.555683 0
    outer loop
      vertex 72.6414 -52.525 27
      vertex 72.4197 -52.8567 26.4
      vertex 72.4197 -52.8567 27
    endloop
  endfacet
  facet normal -0.946889 0.321561 0
    outer loop
      vertex 72.8178 -52.1672 26.4
      vertex 72.9461 -51.7894 27
      vertex 72.9461 -51.7894 26.4
    endloop
  endfacet
  facet normal -0.946889 0.321561 0
    outer loop
      vertex 72.9461 -51.7894 27
      vertex 72.8178 -52.1672 26.4
      vertex 72.8178 -52.1672 27
    endloop
  endfacet
  facet normal -0.195007 -0.980802 0
    outer loop
      vertex 70.3981 -47.9761 26.4
      vertex 70.7894 -48.0539 27
      vertex 70.3981 -47.9761 27
    endloop
  endfacet
  facet normal -0.195007 -0.980802 -0
    outer loop
      vertex 70.7894 -48.0539 27
      vertex 70.3981 -47.9761 26.4
      vertex 70.7894 -48.0539 26.4
    endloop
  endfacet
  facet normal 0.997858 0.065421 0
    outer loop
      vertex 66.9761 -51.3981 27
      vertex 66.95 -51 26.4
      vertex 66.95 -51 27
    endloop
  endfacet
  facet normal 0.997858 0.065421 0
    outer loop
      vertex 66.95 -51 26.4
      vertex 66.9761 -51.3981 27
      vertex 66.9761 -51.3981 26.4
    endloop
  endfacet
  facet normal 0.195007 0.980802 -0
    outer loop
      vertex 69.6019 -54.0239 26.4
      vertex 69.2106 -53.9461 27
      vertex 69.6019 -54.0239 27
    endloop
  endfacet
  facet normal 0.195007 0.980802 0
    outer loop
      vertex 69.2106 -53.9461 27
      vertex 69.6019 -54.0239 26.4
      vertex 69.2106 -53.9461 26.4
    endloop
  endfacet
  facet normal -0.751955 -0.659214 0
    outer loop
      vertex 72.4197 -49.1433 26.4
      vertex 72.1567 -48.8433 27
      vertex 72.1567 -48.8433 26.4
    endloop
  endfacet
  facet normal -0.751955 -0.659214 0
    outer loop
      vertex 72.1567 -48.8433 27
      vertex 72.4197 -49.1433 26.4
      vertex 72.4197 -49.1433 27
    endloop
  endfacet
  facet normal -0.946889 -0.321561 0
    outer loop
      vertex 72.9461 -50.2106 26.4
      vertex 72.8178 -49.8328 27
      vertex 72.8178 -49.8328 26.4
    endloop
  endfacet
  facet normal -0.946889 -0.321561 0
    outer loop
      vertex 72.8178 -49.8328 27
      vertex 72.9461 -50.2106 26.4
      vertex 72.9461 -50.2106 27
    endloop
  endfacet
  facet normal 0 0 1
    outer loop
      vertex 71.975 -51 26.4
      vertex 73.05 -51 26.4
      vertex 73.0239 -50.6019 26.4
    endloop
  endfacet
  facet normal 0 0 1
    outer loop
      vertex 71.9581 -50.7422 26.4
      vertex 73.0239 -50.6019 26.4
      vertex 72.9461 -50.2106 26.4
    endloop
  endfacet
  facet normal 0 0 1
    outer loop
      vertex 73.05 -51 26.4
      vertex 71.975 -51 26.4
      vertex 73.0239 -51.3981 26.4
    endloop
  endfacet
  facet normal 0 0 1
    outer loop
      vertex 71.9077 -50.4888 26.4
      vertex 72.9461 -50.2106 26.4
      vertex 72.8178 -49.8328 26.4
    endloop
  endfacet
  facet normal -0 0 1
    outer loop
      vertex 71.9581 -51.2578 26.4
      vertex 73.0239 -51.3981 26.4
      vertex 71.975 -51 26.4
    endloop
  endfacet
  facet normal 0 0 1
    outer loop
      vertex 71.8247 -50.2442 26.4
      vertex 72.8178 -49.8328 26.4
      vertex 72.6414 -49.475 26.4
    endloop
  endfacet
  facet normal 0 0 1
    outer loop
      vertex 73.0239 -51.3981 26.4
      vertex 71.9581 -51.2578 26.4
      vertex 72.9461 -51.7894 26.4
    endloop
  endfacet
  facet normal 0 0 1
    outer loop
      vertex 71.7104 -50.0125 26.4
      vertex 72.6414 -49.475 26.4
      vertex 72.4197 -49.1433 26.4
    endloop
  endfacet
  facet normal -0 0 1
    outer loop
      vertex 71.9077 -51.5112 26.4
      vertex 72.9461 -51.7894 26.4
      vertex 71.9581 -51.2578 26.4
    endloop
  endfacet
  facet normal 0 0 1
    outer loop
      vertex 71.5669 -49.7977 26.4
      vertex 72.4197 -49.1433 26.4
      vertex 72.1567 -48.8433 26.4
    endloop
  endfacet
  facet normal 0 0 1
    outer loop
      vertex 72.9461 -51.7894 26.4
      vertex 71.9077 -51.5112 26.4
      vertex 72.8178 -52.1672 26.4
    endloop
  endfacet
  facet normal -0 0 1
    outer loop
      vertex 71.8247 -51.7558 26.4
      vertex 72.8178 -52.1672 26.4
      vertex 71.9077 -51.5112 26.4
    endloop
  endfacet
  facet normal 0 0 1
    outer loop
      vertex 73.0239 -50.6019 26.4
      vertex 71.9581 -50.7422 26.4
      vertex 71.975 -51 26.4
    endloop
  endfacet
  facet normal 0 0 1
    outer loop
      vertex 72.9461 -50.2106 26.4
      vertex 71.9077 -50.4888 26.4
      vertex 71.9581 -50.7422 26.4
    endloop
  endfacet
  facet normal 0 0 1
    outer loop
      vertex 71.3965 -49.6035 26.4
      vertex 72.1567 -48.8433 26.4
      vertex 71.8567 -48.5803 26.4
    endloop
  endfacet
  facet normal 0 0 1
    outer loop
      vertex 72.8178 -49.8328 26.4
      vertex 71.8247 -50.2442 26.4
      vertex 71.9077 -50.4888 26.4
    endloop
  endfacet
  facet normal 0 0 1
    outer loop
      vertex 72.6414 -49.475 26.4
      vertex 71.7104 -50.0125 26.4
      vertex 71.8247 -50.2442 26.4
    endloop
  endfacet
  facet normal 0 0 1
    outer loop
      vertex 72.4197 -49.1433 26.4
      vertex 71.5669 -49.7977 26.4
      vertex 71.7104 -50.0125 26.4
    endloop
  endfacet
  facet normal 0 0 1
    outer loop
      vertex 71.2023 -49.4331 26.4
      vertex 71.8567 -48.5803 26.4
      vertex 71.525 -48.3586 26.4
    endloop
  endfacet
  facet normal 0 0 1
    outer loop
      vertex 72.1567 -48.8433 26.4
      vertex 71.3965 -49.6035 26.4
      vertex 71.5669 -49.7977 26.4
    endloop
  endfacet
  facet normal 0 0 1
    outer loop
      vertex 71.8567 -48.5803 26.4
      vertex 71.2023 -49.4331 26.4
      vertex 71.3965 -49.6035 26.4
    endloop
  endfacet
  facet normal 0 0 1
    outer loop
      vertex 70.9875 -49.2896 26.4
      vertex 71.525 -48.3586 26.4
      vertex 71.1672 -48.1822 26.4
    endloop
  endfacet
  facet normal 0 0 1
    outer loop
      vertex 71.525 -48.3586 26.4
      vertex 70.9875 -49.2896 26.4
      vertex 71.2023 -49.4331 26.4
    endloop
  endfacet
  facet normal 0 0 1
    outer loop
      vertex 70.7558 -49.1753 26.4
      vertex 71.1672 -48.1822 26.4
      vertex 70.7894 -48.0539 26.4
    endloop
  endfacet
  facet normal 0 0 1
    outer loop
      vertex 71.1672 -48.1822 26.4
      vertex 70.7558 -49.1753 26.4
      vertex 70.9875 -49.2896 26.4
    endloop
  endfacet
  facet normal 0 0 1
    outer loop
      vertex 70.7894 -48.0539 26.4
      vertex 70.5112 -49.0923 26.4
      vertex 70.7558 -49.1753 26.4
    endloop
  endfacet
  facet normal 0 0 1
    outer loop
      vertex 70.3981 -47.9761 26.4
      vertex 70.5112 -49.0923 26.4
      vertex 70.7894 -48.0539 26.4
    endloop
  endfacet
  facet normal 0 0 1
    outer loop
      vertex 70.3981 -47.9761 26.4
      vertex 70.2578 -49.0419 26.4
      vertex 70.5112 -49.0923 26.4
    endloop
  endfacet
  facet normal 0 0 1
    outer loop
      vertex 70 -47.95 26.4
      vertex 70.2578 -49.0419 26.4
      vertex 70.3981 -47.9761 26.4
    endloop
  endfacet
  facet normal 0 0 1
    outer loop
      vertex 70 -47.95 26.4
      vertex 70 -49.025 26.4
      vertex 70.2578 -49.0419 26.4
    endloop
  endfacet
  facet normal 0 0 1
    outer loop
      vertex 70 -47.95 26.4
      vertex 69.7422 -49.0419 26.4
      vertex 70 -49.025 26.4
    endloop
  endfacet
  facet normal -0 0 1
    outer loop
      vertex 69.6019 -47.9761 26.4
      vertex 69.7422 -49.0419 26.4
      vertex 70 -47.95 26.4
    endloop
  endfacet
  facet normal 0 0 1
    outer loop
      vertex 69.6019 -47.9761 26.4
      vertex 69.4888 -49.0923 26.4
      vertex 69.7422 -49.0419 26.4
    endloop
  endfacet
  facet normal -0 0 1
    outer loop
      vertex 69.2106 -48.0539 26.4
      vertex 69.4888 -49.0923 26.4
      vertex 69.6019 -47.9761 26.4
    endloop
  endfacet
  facet normal 0 0 1
    outer loop
      vertex 69.4888 -49.0923 26.4
      vertex 69.2106 -48.0539 26.4
      vertex 69.2442 -49.1753 26.4
    endloop
  endfacet
  facet normal -0 0 1
    outer loop
      vertex 68.8328 -48.1822 26.4
      vertex 69.2442 -49.1753 26.4
      vertex 69.2106 -48.0539 26.4
    endloop
  endfacet
  facet normal 0 0 1
    outer loop
      vertex 69.2442 -49.1753 26.4
      vertex 68.8328 -48.1822 26.4
      vertex 69.0125 -49.2896 26.4
    endloop
  endfacet
  facet normal -0 0 1
    outer loop
      vertex 68.475 -48.3586 26.4
      vertex 69.0125 -49.2896 26.4
      vertex 68.8328 -48.1822 26.4
    endloop
  endfacet
  facet normal 0 0 1
    outer loop
      vertex 69.0125 -49.2896 26.4
      vertex 68.475 -48.3586 26.4
      vertex 68.7977 -49.4331 26.4
    endloop
  endfacet
  facet normal -0 0 1
    outer loop
      vertex 68.1433 -48.5803 26.4
      vertex 68.7977 -49.4331 26.4
      vertex 68.475 -48.3586 26.4
    endloop
  endfacet
  facet normal 0 0 1
    outer loop
      vertex 68.7977 -49.4331 26.4
      vertex 68.1433 -48.5803 26.4
      vertex 68.6035 -49.6035 26.4
    endloop
  endfacet
  facet normal -0 0 1
    outer loop
      vertex 67.8433 -48.8433 26.4
      vertex 68.6035 -49.6035 26.4
      vertex 68.1433 -48.5803 26.4
    endloop
  endfacet
  facet normal 0 0 1
    outer loop
      vertex 68.6035 -49.6035 26.4
      vertex 67.8433 -48.8433 26.4
      vertex 68.4331 -49.7977 26.4
    endloop
  endfacet
  facet normal -0 0 1
    outer loop
      vertex 67.5803 -49.1433 26.4
      vertex 68.4331 -49.7977 26.4
      vertex 67.8433 -48.8433 26.4
    endloop
  endfacet
  facet normal 0 0 1
    outer loop
      vertex 68.4331 -49.7977 26.4
      vertex 67.5803 -49.1433 26.4
      vertex 68.2896 -50.0125 26.4
    endloop
  endfacet
  facet normal -0 0 1
    outer loop
      vertex 67.3586 -49.475 26.4
      vertex 68.2896 -50.0125 26.4
      vertex 67.5803 -49.1433 26.4
    endloop
  endfacet
  facet normal 0 0 1
    outer loop
      vertex 68.2896 -50.0125 26.4
      vertex 67.3586 -49.475 26.4
      vertex 68.1753 -50.2442 26.4
    endloop
  endfacet
  facet normal -0 0 1
    outer loop
      vertex 67.1822 -49.8328 26.4
      vertex 68.1753 -50.2442 26.4
      vertex 67.3586 -49.475 26.4
    endloop
  endfacet
  facet normal 0 0 1
    outer loop
      vertex 72.8178 -52.1672 26.4
      vertex 71.8247 -51.7558 26.4
      vertex 72.6414 -52.525 26.4
    endloop
  endfacet
  facet normal -0 0 1
    outer loop
      vertex 71.7104 -51.9875 26.4
      vertex 72.6414 -52.525 26.4
      vertex 71.8247 -51.7558 26.4
    endloop
  endfacet
  facet normal 0 0 1
    outer loop
      vertex 72.6414 -52.525 26.4
      vertex 71.7104 -51.9875 26.4
      vertex 72.4197 -52.8567 26.4
    endloop
  endfacet
  facet normal -0 0 1
    outer loop
      vertex 71.5669 -52.2023 26.4
      vertex 72.4197 -52.8567 26.4
      vertex 71.7104 -51.9875 26.4
    endloop
  endfacet
  facet normal 0 0 1
    outer loop
      vertex 72.4197 -52.8567 26.4
      vertex 71.5669 -52.2023 26.4
      vertex 72.1567 -53.1567 26.4
    endloop
  endfacet
  facet normal -0 0 1
    outer loop
      vertex 71.3965 -52.3965 26.4
      vertex 72.1567 -53.1567 26.4
      vertex 71.5669 -52.2023 26.4
    endloop
  endfacet
  facet normal 0 0 1
    outer loop
      vertex 72.1567 -53.1567 26.4
      vertex 71.3965 -52.3965 26.4
      vertex 71.8567 -53.4197 26.4
    endloop
  endfacet
  facet normal -0 0 1
    outer loop
      vertex 71.2023 -52.5669 26.4
      vertex 71.8567 -53.4197 26.4
      vertex 71.3965 -52.3965 26.4
    endloop
  endfacet
  facet normal 0 0 1
    outer loop
      vertex 71.8567 -53.4197 26.4
      vertex 71.2023 -52.5669 26.4
      vertex 71.525 -53.6414 26.4
    endloop
  endfacet
  facet normal -0 0 1
    outer loop
      vertex 70.9875 -52.7104 26.4
      vertex 71.525 -53.6414 26.4
      vertex 71.2023 -52.5669 26.4
    endloop
  endfacet
  facet normal 0 0 1
    outer loop
      vertex 71.525 -53.6414 26.4
      vertex 70.9875 -52.7104 26.4
      vertex 71.1672 -53.8178 26.4
    endloop
  endfacet
  facet normal -0 0 1
    outer loop
      vertex 70.7558 -52.8247 26.4
      vertex 71.1672 -53.8178 26.4
      vertex 70.9875 -52.7104 26.4
    endloop
  endfacet
  facet normal 0 0 1
    outer loop
      vertex 71.1672 -53.8178 26.4
      vertex 70.7558 -52.8247 26.4
      vertex 70.7894 -53.9461 26.4
    endloop
  endfacet
  facet normal -0 0 1
    outer loop
      vertex 70.5112 -52.9077 26.4
      vertex 70.7894 -53.9461 26.4
      vertex 70.7558 -52.8247 26.4
    endloop
  endfacet
  facet normal 0 0 1
    outer loop
      vertex 70.5112 -52.9077 26.4
      vertex 70.3981 -54.0239 26.4
      vertex 70.7894 -53.9461 26.4
    endloop
  endfacet
  facet normal -0 0 1
    outer loop
      vertex 70.2578 -52.9581 26.4
      vertex 70.3981 -54.0239 26.4
      vertex 70.5112 -52.9077 26.4
    endloop
  endfacet
  facet normal -0 0 1
    outer loop
      vertex 70 -52.975 26.4
      vertex 70.3981 -54.0239 26.4
      vertex 70.2578 -52.9581 26.4
    endloop
  endfacet
  facet normal 0 0 1
    outer loop
      vertex 70 -52.975 26.4
      vertex 70 -54.05 26.4
      vertex 70.3981 -54.0239 26.4
    endloop
  endfacet
  facet normal 0 0 1
    outer loop
      vertex 69.7422 -52.9581 26.4
      vertex 70 -54.05 26.4
      vertex 70 -52.975 26.4
    endloop
  endfacet
  facet normal 0 0 1
    outer loop
      vertex 69.7422 -52.9581 26.4
      vertex 69.6019 -54.0239 26.4
      vertex 70 -54.05 26.4
    endloop
  endfacet
  facet normal 0 0 1
    outer loop
      vertex 69.4888 -52.9077 26.4
      vertex 69.6019 -54.0239 26.4
      vertex 69.7422 -52.9581 26.4
    endloop
  endfacet
  facet normal 0 0 1
    outer loop
      vertex 69.2106 -53.9461 26.4
      vertex 69.4888 -52.9077 26.4
      vertex 69.2442 -52.8247 26.4
    endloop
  endfacet
  facet normal 0 0 1
    outer loop
      vertex 69.4888 -52.9077 26.4
      vertex 69.2106 -53.9461 26.4
      vertex 69.6019 -54.0239 26.4
    endloop
  endfacet
  facet normal 0 0 1
    outer loop
      vertex 68.8328 -53.8178 26.4
      vertex 69.2442 -52.8247 26.4
      vertex 69.0125 -52.7104 26.4
    endloop
  endfacet
  facet normal 0 0 1
    outer loop
      vertex 69.2442 -52.8247 26.4
      vertex 68.8328 -53.8178 26.4
      vertex 69.2106 -53.9461 26.4
    endloop
  endfacet
  facet normal 0 0 1
    outer loop
      vertex 68.475 -53.6414 26.4
      vertex 69.0125 -52.7104 26.4
      vertex 68.7977 -52.5669 26.4
    endloop
  endfacet
  facet normal 0 0 1
    outer loop
      vertex 68.1433 -53.4197 26.4
      vertex 68.7977 -52.5669 26.4
      vertex 68.6035 -52.3965 26.4
    endloop
  endfacet
  facet normal 0 0 1
    outer loop
      vertex 69.0125 -52.7104 26.4
      vertex 68.475 -53.6414 26.4
      vertex 68.8328 -53.8178 26.4
    endloop
  endfacet
  facet normal 0 0 1
    outer loop
      vertex 67.8433 -53.1567 26.4
      vertex 68.6035 -52.3965 26.4
      vertex 68.4331 -52.2023 26.4
    endloop
  endfacet
  facet normal 0 0 1
    outer loop
      vertex 67.5803 -52.8567 26.4
      vertex 68.4331 -52.2023 26.4
      vertex 68.2896 -51.9875 26.4
    endloop
  endfacet
  facet normal 0 0 1
    outer loop
      vertex 67.3586 -52.525 26.4
      vertex 68.2896 -51.9875 26.4
      vertex 68.1753 -51.7558 26.4
    endloop
  endfacet
  facet normal 0 0 1
    outer loop
      vertex 68.7977 -52.5669 26.4
      vertex 68.1433 -53.4197 26.4
      vertex 68.475 -53.6414 26.4
    endloop
  endfacet
  facet normal 0 0 1
    outer loop
      vertex 67.1822 -52.1672 26.4
      vertex 68.1753 -51.7558 26.4
      vertex 68.0923 -51.5112 26.4
    endloop
  endfacet
  facet normal 0 0 1
    outer loop
      vertex 67.0539 -51.7894 26.4
      vertex 68.0923 -51.5112 26.4
      vertex 68.0419 -51.2578 26.4
    endloop
  endfacet
  facet normal 0 0 1
    outer loop
      vertex 66.9761 -51.3981 26.4
      vertex 68.0419 -51.2578 26.4
      vertex 68.025 -51 26.4
    endloop
  endfacet
  facet normal 0 0 1
    outer loop
      vertex 68.1753 -50.2442 26.4
      vertex 67.1822 -49.8328 26.4
      vertex 68.0923 -50.4888 26.4
    endloop
  endfacet
  facet normal 0 0 1
    outer loop
      vertex 68.6035 -52.3965 26.4
      vertex 67.8433 -53.1567 26.4
      vertex 68.1433 -53.4197 26.4
    endloop
  endfacet
  facet normal -0 0 1
    outer loop
      vertex 67.0539 -50.2106 26.4
      vertex 68.0923 -50.4888 26.4
      vertex 67.1822 -49.8328 26.4
    endloop
  endfacet
  facet normal 0 0 1
    outer loop
      vertex 68.4331 -52.2023 26.4
      vertex 67.5803 -52.8567 26.4
      vertex 67.8433 -53.1567 26.4
    endloop
  endfacet
  facet normal 0 0 1
    outer loop
      vertex 68.0923 -50.4888 26.4
      vertex 67.0539 -50.2106 26.4
      vertex 68.0419 -50.7422 26.4
    endloop
  endfacet
  facet normal 0 0 1
    outer loop
      vertex 68.2896 -51.9875 26.4
      vertex 67.3586 -52.525 26.4
      vertex 67.5803 -52.8567 26.4
    endloop
  endfacet
  facet normal -0 0 1
    outer loop
      vertex 66.9761 -50.6019 26.4
      vertex 68.0419 -50.7422 26.4
      vertex 67.0539 -50.2106 26.4
    endloop
  endfacet
  facet normal 0 0 1
    outer loop
      vertex 68.1753 -51.7558 26.4
      vertex 67.1822 -52.1672 26.4
      vertex 67.3586 -52.525 26.4
    endloop
  endfacet
  facet normal 0 0 1
    outer loop
      vertex 68.0419 -50.7422 26.4
      vertex 66.9761 -50.6019 26.4
      vertex 68.025 -51 26.4
    endloop
  endfacet
  facet normal 0 0 1
    outer loop
      vertex 68.0923 -51.5112 26.4
      vertex 67.0539 -51.7894 26.4
      vertex 67.1822 -52.1672 26.4
    endloop
  endfacet
  facet normal 0 0 1
    outer loop
      vertex 66.95 -51 26.4
      vertex 68.025 -51 26.4
      vertex 66.9761 -50.6019 26.4
    endloop
  endfacet
  facet normal 0 0 1
    outer loop
      vertex 68.0419 -51.2578 26.4
      vertex 66.9761 -51.3981 26.4
      vertex 67.0539 -51.7894 26.4
    endloop
  endfacet
  facet normal 0 0 1
    outer loop
      vertex 68.025 -51 26.4
      vertex 66.95 -51 26.4
      vertex 66.9761 -51.3981 26.4
    endloop
  endfacet
  facet normal 0.946889 -0.321561 0
    outer loop
      vertex 67.0539 -50.2106 27
      vertex 67.1822 -49.8328 26.4
      vertex 67.1822 -49.8328 27
    endloop
  endfacet
  facet normal 0.946889 -0.321561 0
    outer loop
      vertex 67.1822 -49.8328 26.4
      vertex 67.0539 -50.2106 27
      vertex 67.0539 -50.2106 26.4
    endloop
  endfacet
  facet normal 0.831394 0.555683 0
    outer loop
      vertex 67.5803 -52.8567 27
      vertex 67.3586 -52.525 26.4
      vertex 67.3586 -52.525 27
    endloop
  endfacet
  facet normal 0.831394 0.555683 0
    outer loop
      vertex 67.3586 -52.525 26.4
      vertex 67.5803 -52.8567 27
      vertex 67.5803 -52.8567 26.4
    endloop
  endfacet
  facet normal 0.321561 0.946889 -0
    outer loop
      vertex 69.2106 -53.9461 26.4
      vertex 68.8328 -53.8178 27
      vertex 69.2106 -53.9461 27
    endloop
  endfacet
  facet normal 0.321561 0.946889 0
    outer loop
      vertex 68.8328 -53.8178 27
      vertex 69.2106 -53.9461 26.4
      vertex 68.8328 -53.8178 26.4
    endloop
  endfacet
  facet normal -0.89692 0.442193 0
    outer loop
      vertex 72.6414 -52.525 26.4
      vertex 72.8178 -52.1672 27
      vertex 72.8178 -52.1672 26.4
    endloop
  endfacet
  facet normal -0.89692 0.442193 0
    outer loop
      vertex 72.8178 -52.1672 27
      vertex 72.6414 -52.525 26.4
      vertex 72.6414 -52.525 27
    endloop
  endfacet
  facet normal 0.659214 0.751955 -0
    outer loop
      vertex 68.1433 -53.4197 26.4
      vertex 67.8433 -53.1567 27
      vertex 68.1433 -53.4197 27
    endloop
  endfacet
  facet normal 0.659214 0.751955 0
    outer loop
      vertex 67.8433 -53.1567 27
      vertex 68.1433 -53.4197 26.4
      vertex 67.8433 -53.1567 26.4
    endloop
  endfacet
  facet normal 0.751955 -0.659214 0
    outer loop
      vertex 67.5803 -49.1433 27
      vertex 67.8433 -48.8433 26.4
      vertex 67.8433 -48.8433 27
    endloop
  endfacet
  facet normal 0.751955 -0.659214 0
    outer loop
      vertex 67.8433 -48.8433 26.4
      vertex 67.5803 -49.1433 27
      vertex 67.5803 -49.1433 26.4
    endloop
  endfacet
  facet normal 0.997858 -0.0654143 0
    outer loop
      vertex 68.025 51 26.4
      vertex 68.0419 51.2578 21.525
      vertex 68.0419 51.2578 26.4
    endloop
  endfacet
  facet normal 0.997858 -0.0654143 0
    outer loop
      vertex 68.0419 51.2578 21.525
      vertex 68.025 51 26.4
      vertex 68.025 51 21.525
    endloop
  endfacet
  facet normal -0.195074 0.980789 0
    outer loop
      vertex 70.5112 49.0923 21.525
      vertex 70.2578 49.0419 26.4
      vertex 70.5112 49.0923 26.4
    endloop
  endfacet
  facet normal -0.195074 0.980789 0
    outer loop
      vertex 70.2578 49.0419 26.4
      vertex 70.5112 49.0923 21.525
      vertex 70.2578 49.0419 21.525
    endloop
  endfacet
  facet normal -0.980789 -0.195074 0
    outer loop
      vertex 71.9581 51.2578 21.525
      vertex 71.9077 51.5112 26.4
      vertex 71.9077 51.5112 21.525
    endloop
  endfacet
  facet normal -0.980789 -0.195074 0
    outer loop
      vertex 71.9077 51.5112 26.4
      vertex 71.9581 51.2578 21.525
      vertex 71.9581 51.2578 26.4
    endloop
  endfacet
  facet normal -0.997858 -0.0654143 0
    outer loop
      vertex 71.975 51 21.525
      vertex 71.9581 51.2578 26.4
      vertex 71.9581 51.2578 21.525
    endloop
  endfacet
  facet normal -0.997858 -0.0654143 0
    outer loop
      vertex 71.9581 51.2578 26.4
      vertex 71.975 51 21.525
      vertex 71.975 51 26.4
    endloop
  endfacet
  facet normal -0.980789 0.195074 0
    outer loop
      vertex 71.9077 50.4888 21.525
      vertex 71.9581 50.7422 26.4
      vertex 71.9581 50.7422 21.525
    endloop
  endfacet
  facet normal -0.980789 0.195074 0
    outer loop
      vertex 71.9581 50.7422 26.4
      vertex 71.9077 50.4888 21.525
      vertex 71.9077 50.4888 26.4
    endloop
  endfacet
  facet normal 0.751665 -0.659545 0
    outer loop
      vertex 68.4331 52.2023 26.4
      vertex 68.6035 52.3965 21.525
      vertex 68.6035 52.3965 26.4
    endloop
  endfacet
  facet normal 0.751665 -0.659545 0
    outer loop
      vertex 68.6035 52.3965 21.525
      vertex 68.4331 52.2023 26.4
      vertex 68.4331 52.2023 21.525
    endloop
  endfacet
  facet normal -0.321334 -0.946966 0
    outer loop
      vertex 70.5112 52.9077 21.525
      vertex 70.7558 52.8247 26.4
      vertex 70.5112 52.9077 26.4
    endloop
  endfacet
  facet normal -0.321334 -0.946966 -0
    outer loop
      vertex 70.7558 52.8247 26.4
      vertex 70.5112 52.9077 21.525
      vertex 70.7558 52.8247 21.525
    endloop
  endfacet
  facet normal 0.321334 -0.946966 0
    outer loop
      vertex 69.2442 52.8247 21.525
      vertex 69.4888 52.9077 26.4
      vertex 69.2442 52.8247 26.4
    endloop
  endfacet
  facet normal 0.321334 -0.946966 0
    outer loop
      vertex 69.4888 52.9077 26.4
      vertex 69.2442 52.8247 21.525
      vertex 69.4888 52.9077 21.525
    endloop
  endfacet
  facet normal -0.0654143 0.997858 0
    outer loop
      vertex 70.2578 49.0419 21.525
      vertex 70 49.025 26.4
      vertex 70.2578 49.0419 26.4
    endloop
  endfacet
  facet normal -0.0654143 0.997858 0
    outer loop
      vertex 70 49.025 26.4
      vertex 70.2578 49.0419 21.525
      vertex 70 49.025 21.525
    endloop
  endfacet
  facet normal -0.659545 -0.751665 0
    outer loop
      vertex 71.2023 52.5669 21.525
      vertex 71.3965 52.3965 26.4
      vertex 71.2023 52.5669 26.4
    endloop
  endfacet
  facet normal -0.659545 -0.751665 -0
    outer loop
      vertex 71.3965 52.3965 26.4
      vertex 71.2023 52.5669 21.525
      vertex 71.3965 52.3965 21.525
    endloop
  endfacet
  facet normal 0.896814 -0.442408 0
    outer loop
      vertex 68.1753 51.7558 26.4
      vertex 68.2896 51.9875 21.525
      vertex 68.2896 51.9875 26.4
    endloop
  endfacet
  facet normal 0.896814 -0.442408 0
    outer loop
      vertex 68.2896 51.9875 21.525
      vertex 68.1753 51.7558 26.4
      vertex 68.1753 51.7558 21.525
    endloop
  endfacet
  facet normal -0.946966 0.321334 0
    outer loop
      vertex 71.8247 50.2442 21.525
      vertex 71.9077 50.4888 26.4
      vertex 71.9077 50.4888 21.525
    endloop
  endfacet
  facet normal -0.946966 0.321334 0
    outer loop
      vertex 71.9077 50.4888 26.4
      vertex 71.8247 50.2442 21.525
      vertex 71.8247 50.2442 26.4
    endloop
  endfacet
  facet normal 0.442408 0.896814 -0
    outer loop
      vertex 69.2442 49.1753 21.525
      vertex 69.0125 49.2896 26.4
      vertex 69.2442 49.1753 26.4
    endloop
  endfacet
  facet normal 0.442408 0.896814 0
    outer loop
      vertex 69.0125 49.2896 26.4
      vertex 69.2442 49.1753 21.525
      vertex 69.0125 49.2896 21.525
    endloop
  endfacet
  facet normal 0.980789 0.195074 0
    outer loop
      vertex 68.0923 50.4888 26.4
      vertex 68.0419 50.7422 21.525
      vertex 68.0419 50.7422 26.4
    endloop
  endfacet
  facet normal 0.980789 0.195074 0
    outer loop
      vertex 68.0419 50.7422 21.525
      vertex 68.0923 50.4888 26.4
      vertex 68.0923 50.4888 21.525
    endloop
  endfacet
  facet normal -0.831514 0.555504 0
    outer loop
      vertex 71.5669 49.7977 21.525
      vertex 71.7104 50.0125 26.4
      vertex 71.7104 50.0125 21.525
    endloop
  endfacet
  facet normal -0.831514 0.555504 0
    outer loop
      vertex 71.7104 50.0125 26.4
      vertex 71.5669 49.7977 21.525
      vertex 71.5669 49.7977 26.4
    endloop
  endfacet
  facet normal 0.555504 -0.831514 0
    outer loop
      vertex 68.7977 52.5669 21.525
      vertex 69.0125 52.7104 26.4
      vertex 68.7977 52.5669 26.4
    endloop
  endfacet
  facet normal 0.555504 -0.831514 0
    outer loop
      vertex 69.0125 52.7104 26.4
      vertex 68.7977 52.5669 21.525
      vertex 69.0125 52.7104 21.525
    endloop
  endfacet
  facet normal 0.946966 0.321334 0
    outer loop
      vertex 68.1753 50.2442 26.4
      vertex 68.0923 50.4888 21.525
      vertex 68.0923 50.4888 26.4
    endloop
  endfacet
  facet normal 0.946966 0.321334 0
    outer loop
      vertex 68.0923 50.4888 21.525
      vertex 68.1753 50.2442 26.4
      vertex 68.1753 50.2442 21.525
    endloop
  endfacet
  facet normal 0.0654143 0.997858 -0
    outer loop
      vertex 70 49.025 21.525
      vertex 69.7422 49.0419 26.4
      vertex 70 49.025 26.4
    endloop
  endfacet
  facet normal 0.0654143 0.997858 0
    outer loop
      vertex 69.7422 49.0419 26.4
      vertex 70 49.025 21.525
      vertex 69.7422 49.0419 21.525
    endloop
  endfacet
  facet normal 0.659545 -0.751665 0
    outer loop
      vertex 68.6035 52.3965 21.525
      vertex 68.7977 52.5669 26.4
      vertex 68.6035 52.3965 26.4
    endloop
  endfacet
  facet normal 0.659545 -0.751665 0
    outer loop
      vertex 68.7977 52.5669 26.4
      vertex 68.6035 52.3965 21.525
      vertex 68.7977 52.5669 21.525
    endloop
  endfacet
  facet normal -0.442408 -0.896814 0
    outer loop
      vertex 70.7558 52.8247 21.525
      vertex 70.9875 52.7104 26.4
      vertex 70.7558 52.8247 26.4
    endloop
  endfacet
  facet normal -0.442408 -0.896814 -0
    outer loop
      vertex 70.9875 52.7104 26.4
      vertex 70.7558 52.8247 21.525
      vertex 70.9875 52.7104 21.525
    endloop
  endfacet
  facet normal -0.195074 -0.980789 0
    outer loop
      vertex 70.2578 52.9581 21.525
      vertex 70.5112 52.9077 26.4
      vertex 70.2578 52.9581 26.4
    endloop
  endfacet
  facet normal -0.195074 -0.980789 -0
    outer loop
      vertex 70.5112 52.9077 26.4
      vertex 70.2578 52.9581 21.525
      vertex 70.5112 52.9077 21.525
    endloop
  endfacet
  facet normal -0.997858 0.0654143 0
    outer loop
      vertex 71.9581 50.7422 21.525
      vertex 71.975 51 26.4
      vertex 71.975 51 21.525
    endloop
  endfacet
  facet normal -0.997858 0.0654143 0
    outer loop
      vertex 71.975 51 26.4
      vertex 71.9581 50.7422 21.525
      vertex 71.9581 50.7422 26.4
    endloop
  endfacet
  facet normal 0.896814 0.442408 0
    outer loop
      vertex 68.2896 50.0125 26.4
      vertex 68.1753 50.2442 21.525
      vertex 68.1753 50.2442 26.4
    endloop
  endfacet
  facet normal 0.896814 0.442408 0
    outer loop
      vertex 68.1753 50.2442 21.525
      vertex 68.2896 50.0125 26.4
      vertex 68.2896 50.0125 21.525
    endloop
  endfacet
  facet normal -0.555504 -0.831514 0
    outer loop
      vertex 70.9875 52.7104 21.525
      vertex 71.2023 52.5669 26.4
      vertex 70.9875 52.7104 26.4
    endloop
  endfacet
  facet normal -0.555504 -0.831514 -0
    outer loop
      vertex 71.2023 52.5669 26.4
      vertex 70.9875 52.7104 21.525
      vertex 71.2023 52.5669 21.525
    endloop
  endfacet
  facet normal 0.321334 0.946966 -0
    outer loop
      vertex 69.4888 49.0923 21.525
      vertex 69.2442 49.1753 26.4
      vertex 69.4888 49.0923 26.4
    endloop
  endfacet
  facet normal 0.321334 0.946966 0
    outer loop
      vertex 69.2442 49.1753 26.4
      vertex 69.4888 49.0923 21.525
      vertex 69.2442 49.1753 21.525
    endloop
  endfacet
  facet normal -0.659545 0.751665 0
    outer loop
      vertex 71.3965 49.6035 21.525
      vertex 71.2023 49.4331 26.4
      vertex 71.3965 49.6035 26.4
    endloop
  endfacet
  facet normal -0.659545 0.751665 0
    outer loop
      vertex 71.2023 49.4331 26.4
      vertex 71.3965 49.6035 21.525
      vertex 71.2023 49.4331 21.525
    endloop
  endfacet
  facet normal -0.831514 -0.555504 0
    outer loop
      vertex 71.7104 51.9875 21.525
      vertex 71.5669 52.2023 26.4
      vertex 71.5669 52.2023 21.525
    endloop
  endfacet
  facet normal -0.831514 -0.555504 0
    outer loop
      vertex 71.5669 52.2023 26.4
      vertex 71.7104 51.9875 21.525
      vertex 71.7104 51.9875 26.4
    endloop
  endfacet
  facet normal -0.555504 0.831514 0
    outer loop
      vertex 71.2023 49.4331 21.525
      vertex 70.9875 49.2896 26.4
      vertex 71.2023 49.4331 26.4
    endloop
  endfacet
  facet normal -0.555504 0.831514 0
    outer loop
      vertex 70.9875 49.2896 26.4
      vertex 71.2023 49.4331 21.525
      vertex 70.9875 49.2896 21.525
    endloop
  endfacet
  facet normal 0.195074 -0.980789 0
    outer loop
      vertex 69.4888 52.9077 21.525
      vertex 69.7422 52.9581 26.4
      vertex 69.4888 52.9077 26.4
    endloop
  endfacet
  facet normal 0.195074 -0.980789 0
    outer loop
      vertex 69.7422 52.9581 26.4
      vertex 69.4888 52.9077 21.525
      vertex 69.7422 52.9581 21.525
    endloop
  endfacet
  facet normal -0.896814 -0.442408 0
    outer loop
      vertex 71.8247 51.7558 21.525
      vertex 71.7104 51.9875 26.4
      vertex 71.7104 51.9875 21.525
    endloop
  endfacet
  facet normal -0.896814 -0.442408 0
    outer loop
      vertex 71.7104 51.9875 26.4
      vertex 71.8247 51.7558 21.525
      vertex 71.8247 51.7558 26.4
    endloop
  endfacet
  facet normal 0.555504 0.831514 -0
    outer loop
      vertex 69.0125 49.2896 21.525
      vertex 68.7977 49.4331 26.4
      vertex 69.0125 49.2896 26.4
    endloop
  endfacet
  facet normal 0.555504 0.831514 0
    outer loop
      vertex 68.7977 49.4331 26.4
      vertex 69.0125 49.2896 21.525
      vertex 68.7977 49.4331 21.525
    endloop
  endfacet
  facet normal 0.659545 0.751665 -0
    outer loop
      vertex 68.7977 49.4331 21.525
      vertex 68.6035 49.6035 26.4
      vertex 68.7977 49.4331 26.4
    endloop
  endfacet
  facet normal 0.659545 0.751665 0
    outer loop
      vertex 68.6035 49.6035 26.4
      vertex 68.7977 49.4331 21.525
      vertex 68.6035 49.6035 21.525
    endloop
  endfacet
  facet normal -0.751665 0.659545 0
    outer loop
      vertex 71.3965 49.6035 21.525
      vertex 71.5669 49.7977 26.4
      vertex 71.5669 49.7977 21.525
    endloop
  endfacet
  facet normal -0.751665 0.659545 0
    outer loop
      vertex 71.5669 49.7977 26.4
      vertex 71.3965 49.6035 21.525
      vertex 71.3965 49.6035 26.4
    endloop
  endfacet
  facet normal 0.997858 0.0654143 0
    outer loop
      vertex 68.0419 50.7422 26.4
      vertex 68.025 51 21.525
      vertex 68.025 51 26.4
    endloop
  endfacet
  facet normal 0.997858 0.0654143 0
    outer loop
      vertex 68.025 51 21.525
      vertex 68.0419 50.7422 26.4
      vertex 68.0419 50.7422 21.525
    endloop
  endfacet
  facet normal -0.896814 0.442408 0
    outer loop
      vertex 71.7104 50.0125 21.525
      vertex 71.8247 50.2442 26.4
      vertex 71.8247 50.2442 21.525
    endloop
  endfacet
  facet normal -0.896814 0.442408 0
    outer loop
      vertex 71.8247 50.2442 26.4
      vertex 71.7104 50.0125 21.525
      vertex 71.7104 50.0125 26.4
    endloop
  endfacet
  facet normal -0.442408 0.896814 0
    outer loop
      vertex 70.9875 49.2896 21.525
      vertex 70.7558 49.1753 26.4
      vertex 70.9875 49.2896 26.4
    endloop
  endfacet
  facet normal -0.442408 0.896814 0
    outer loop
      vertex 70.7558 49.1753 26.4
      vertex 70.9875 49.2896 21.525
      vertex 70.7558 49.1753 21.525
    endloop
  endfacet
  facet normal 0.751665 0.659545 0
    outer loop
      vertex 68.6035 49.6035 26.4
      vertex 68.4331 49.7977 21.525
      vertex 68.4331 49.7977 26.4
    endloop
  endfacet
  facet normal 0.751665 0.659545 0
    outer loop
      vertex 68.4331 49.7977 21.525
      vertex 68.6035 49.6035 26.4
      vertex 68.6035 49.6035 21.525
    endloop
  endfacet
  facet normal 0.980789 -0.195074 0
    outer loop
      vertex 68.0419 51.2578 26.4
      vertex 68.0923 51.5112 21.525
      vertex 68.0923 51.5112 26.4
    endloop
  endfacet
  facet normal 0.980789 -0.195074 0
    outer loop
      vertex 68.0923 51.5112 21.525
      vertex 68.0419 51.2578 26.4
      vertex 68.0419 51.2578 21.525
    endloop
  endfacet
  facet normal -0.751665 -0.659545 0
    outer loop
      vertex 71.5669 52.2023 21.525
      vertex 71.3965 52.3965 26.4
      vertex 71.3965 52.3965 21.525
    endloop
  endfacet
  facet normal -0.751665 -0.659545 0
    outer loop
      vertex 71.3965 52.3965 26.4
      vertex 71.5669 52.2023 21.525
      vertex 71.5669 52.2023 26.4
    endloop
  endfacet
  facet normal 0.831514 -0.555504 0
    outer loop
      vertex 68.2896 51.9875 26.4
      vertex 68.4331 52.2023 21.525
      vertex 68.4331 52.2023 26.4
    endloop
  endfacet
  facet normal 0.831514 -0.555504 0
    outer loop
      vertex 68.4331 52.2023 21.525
      vertex 68.2896 51.9875 26.4
      vertex 68.2896 51.9875 21.525
    endloop
  endfacet
  facet normal -0.946966 -0.321334 0
    outer loop
      vertex 71.9077 51.5112 21.525
      vertex 71.8247 51.7558 26.4
      vertex 71.8247 51.7558 21.525
    endloop
  endfacet
  facet normal -0.946966 -0.321334 0
    outer loop
      vertex 71.8247 51.7558 26.4
      vertex 71.9077 51.5112 21.525
      vertex 71.9077 51.5112 26.4
    endloop
  endfacet
  facet normal 0.442408 -0.896814 0
    outer loop
      vertex 69.0125 52.7104 21.525
      vertex 69.2442 52.8247 26.4
      vertex 69.0125 52.7104 26.4
    endloop
  endfacet
  facet normal 0.442408 -0.896814 0
    outer loop
      vertex 69.2442 52.8247 26.4
      vertex 69.0125 52.7104 21.525
      vertex 69.2442 52.8247 21.525
    endloop
  endfacet
  facet normal -0.0654143 -0.997858 0
    outer loop
      vertex 70 52.975 21.525
      vertex 70.2578 52.9581 26.4
      vertex 70 52.975 26.4
    endloop
  endfacet
  facet normal -0.0654143 -0.997858 -0
    outer loop
      vertex 70.2578 52.9581 26.4
      vertex 70 52.975 21.525
      vertex 70.2578 52.9581 21.525
    endloop
  endfacet
  facet normal -0.321334 0.946966 0
    outer loop
      vertex 70.7558 49.1753 21.525
      vertex 70.5112 49.0923 26.4
      vertex 70.7558 49.1753 26.4
    endloop
  endfacet
  facet normal -0.321334 0.946966 0
    outer loop
      vertex 70.5112 49.0923 26.4
      vertex 70.7558 49.1753 21.525
      vertex 70.5112 49.0923 21.525
    endloop
  endfacet
  facet normal 0.195074 0.980789 -0
    outer loop
      vertex 69.7422 49.0419 21.525
      vertex 69.4888 49.0923 26.4
      vertex 69.7422 49.0419 26.4
    endloop
  endfacet
  facet normal 0.195074 0.980789 0
    outer loop
      vertex 69.4888 49.0923 26.4
      vertex 69.7422 49.0419 21.525
      vertex 69.4888 49.0923 21.525
    endloop
  endfacet
  facet normal 0.0654143 -0.997858 0
    outer loop
      vertex 69.7422 52.9581 21.525
      vertex 70 52.975 26.4
      vertex 69.7422 52.9581 26.4
    endloop
  endfacet
  facet normal 0.0654143 -0.997858 0
    outer loop
      vertex 70 52.975 26.4
      vertex 69.7422 52.9581 21.525
      vertex 70 52.975 21.525
    endloop
  endfacet
  facet normal 0.831514 0.555504 0
    outer loop
      vertex 68.4331 49.7977 26.4
      vertex 68.2896 50.0125 21.525
      vertex 68.2896 50.0125 26.4
    endloop
  endfacet
  facet normal 0.831514 0.555504 0
    outer loop
      vertex 68.2896 50.0125 21.525
      vertex 68.4331 49.7977 26.4
      vertex 68.4331 49.7977 21.525
    endloop
  endfacet
  facet normal 0 0 1
    outer loop
      vertex 71.9581 51.2578 21.525
      vertex 71.9581 50.7422 21.525
      vertex 71.975 51 21.525
    endloop
  endfacet
  facet normal 0 0 1
    outer loop
      vertex 71.9077 51.5112 21.525
      vertex 71.9581 50.7422 21.525
      vertex 71.9581 51.2578 21.525
    endloop
  endfacet
  facet normal 0 0 1
    outer loop
      vertex 71.9077 51.5112 21.525
      vertex 71.9077 50.4888 21.525
      vertex 71.9581 50.7422 21.525
    endloop
  endfacet
  facet normal 0 0 1
    outer loop
      vertex 71.8247 51.7558 21.525
      vertex 71.9077 50.4888 21.525
      vertex 71.9077 51.5112 21.525
    endloop
  endfacet
  facet normal 0 0 1
    outer loop
      vertex 71.8247 51.7558 21.525
      vertex 71.8247 50.2442 21.525
      vertex 71.9077 50.4888 21.525
    endloop
  endfacet
  facet normal 0 0 1
    outer loop
      vertex 71.7104 51.9875 21.525
      vertex 71.8247 50.2442 21.525
      vertex 71.8247 51.7558 21.525
    endloop
  endfacet
  facet normal 0 0 1
    outer loop
      vertex 71.7104 51.9875 21.525
      vertex 71.7104 50.0125 21.525
      vertex 71.8247 50.2442 21.525
    endloop
  endfacet
  facet normal 0 0 1
    outer loop
      vertex 71.5669 52.2023 21.525
      vertex 71.7104 50.0125 21.525
      vertex 71.7104 51.9875 21.525
    endloop
  endfacet
  facet normal 0 0 1
    outer loop
      vertex 71.5669 52.2023 21.525
      vertex 71.5669 49.7977 21.525
      vertex 71.7104 50.0125 21.525
    endloop
  endfacet
  facet normal 0 0 1
    outer loop
      vertex 71.3965 52.3965 21.525
      vertex 71.5669 49.7977 21.525
      vertex 71.5669 52.2023 21.525
    endloop
  endfacet
  facet normal 0 0 1
    outer loop
      vertex 71.3965 52.3965 21.525
      vertex 71.3965 49.6035 21.525
      vertex 71.5669 49.7977 21.525
    endloop
  endfacet
  facet normal 0 0 1
    outer loop
      vertex 71.2023 52.5669 21.525
      vertex 71.3965 49.6035 21.525
      vertex 71.3965 52.3965 21.525
    endloop
  endfacet
  facet normal 0 0 1
    outer loop
      vertex 71.2023 52.5669 21.525
      vertex 71.2023 49.4331 21.525
      vertex 71.3965 49.6035 21.525
    endloop
  endfacet
  facet normal 0 0 1
    outer loop
      vertex 70.9875 52.7104 21.525
      vertex 71.2023 49.4331 21.525
      vertex 71.2023 52.5669 21.525
    endloop
  endfacet
  facet normal 0 0 1
    outer loop
      vertex 70.9875 52.7104 21.525
      vertex 70.9875 49.2896 21.525
      vertex 71.2023 49.4331 21.525
    endloop
  endfacet
  facet normal 0 0 1
    outer loop
      vertex 70.7558 52.8247 21.525
      vertex 70.9875 49.2896 21.525
      vertex 70.9875 52.7104 21.525
    endloop
  endfacet
  facet normal 0 0 1
    outer loop
      vertex 70.7558 52.8247 21.525
      vertex 70.7558 49.1753 21.525
      vertex 70.9875 49.2896 21.525
    endloop
  endfacet
  facet normal 0 0 1
    outer loop
      vertex 70.5112 52.9077 21.525
      vertex 70.7558 49.1753 21.525
      vertex 70.7558 52.8247 21.525
    endloop
  endfacet
  facet normal 0 0 1
    outer loop
      vertex 70.5112 52.9077 21.525
      vertex 70.5112 49.0923 21.525
      vertex 70.7558 49.1753 21.525
    endloop
  endfacet
  facet normal 0 0 1
    outer loop
      vertex 70.2578 52.9581 21.525
      vertex 70.5112 49.0923 21.525
      vertex 70.5112 52.9077 21.525
    endloop
  endfacet
  facet normal 0 0 1
    outer loop
      vertex 70.2578 52.9581 21.525
      vertex 70.2578 49.0419 21.525
      vertex 70.5112 49.0923 21.525
    endloop
  endfacet
  facet normal 0 0 1
    outer loop
      vertex 70 52.975 21.525
      vertex 70.2578 49.0419 21.525
      vertex 70.2578 52.9581 21.525
    endloop
  endfacet
  facet normal 0 0 1
    outer loop
      vertex 70 52.975 21.525
      vertex 70 49.025 21.525
      vertex 70.2578 49.0419 21.525
    endloop
  endfacet
  facet normal -0 0 1
    outer loop
      vertex 69.7422 52.9581 21.525
      vertex 70 49.025 21.525
      vertex 70 52.975 21.525
    endloop
  endfacet
  facet normal 0 0 1
    outer loop
      vertex 69.7422 52.9581 21.525
      vertex 69.7422 49.0419 21.525
      vertex 70 49.025 21.525
    endloop
  endfacet
  facet normal -0 0 1
    outer loop
      vertex 69.4888 52.9077 21.525
      vertex 69.7422 49.0419 21.525
      vertex 69.7422 52.9581 21.525
    endloop
  endfacet
  facet normal 0 0 1
    outer loop
      vertex 69.4888 52.9077 21.525
      vertex 69.4888 49.0923 21.525
      vertex 69.7422 49.0419 21.525
    endloop
  endfacet
  facet normal -0 0 1
    outer loop
      vertex 69.2442 52.8247 21.525
      vertex 69.4888 49.0923 21.525
      vertex 69.4888 52.9077 21.525
    endloop
  endfacet
  facet normal 0 0 1
    outer loop
      vertex 69.2442 52.8247 21.525
      vertex 69.2442 49.1753 21.525
      vertex 69.4888 49.0923 21.525
    endloop
  endfacet
  facet normal -0 0 1
    outer loop
      vertex 69.0125 52.7104 21.525
      vertex 69.2442 49.1753 21.525
      vertex 69.2442 52.8247 21.525
    endloop
  endfacet
  facet normal 0 0 1
    outer loop
      vertex 69.0125 52.7104 21.525
      vertex 69.0125 49.2896 21.525
      vertex 69.2442 49.1753 21.525
    endloop
  endfacet
  facet normal -0 0 1
    outer loop
      vertex 68.7977 52.5669 21.525
      vertex 69.0125 49.2896 21.525
      vertex 69.0125 52.7104 21.525
    endloop
  endfacet
  facet normal 0 0 1
    outer loop
      vertex 68.7977 52.5669 21.525
      vertex 68.7977 49.4331 21.525
      vertex 69.0125 49.2896 21.525
    endloop
  endfacet
  facet normal -0 0 1
    outer loop
      vertex 68.6035 52.3965 21.525
      vertex 68.7977 49.4331 21.525
      vertex 68.7977 52.5669 21.525
    endloop
  endfacet
  facet normal 0 0 1
    outer loop
      vertex 68.6035 52.3965 21.525
      vertex 68.6035 49.6035 21.525
      vertex 68.7977 49.4331 21.525
    endloop
  endfacet
  facet normal -0 0 1
    outer loop
      vertex 68.4331 52.2023 21.525
      vertex 68.6035 49.6035 21.525
      vertex 68.6035 52.3965 21.525
    endloop
  endfacet
  facet normal 0 0 1
    outer loop
      vertex 68.4331 52.2023 21.525
      vertex 68.4331 49.7977 21.525
      vertex 68.6035 49.6035 21.525
    endloop
  endfacet
  facet normal -0 0 1
    outer loop
      vertex 68.2896 51.9875 21.525
      vertex 68.4331 49.7977 21.525
      vertex 68.4331 52.2023 21.525
    endloop
  endfacet
  facet normal 0 0 1
    outer loop
      vertex 68.2896 51.9875 21.525
      vertex 68.2896 50.0125 21.525
      vertex 68.4331 49.7977 21.525
    endloop
  endfacet
  facet normal -0 0 1
    outer loop
      vertex 68.1753 51.7558 21.525
      vertex 68.2896 50.0125 21.525
      vertex 68.2896 51.9875 21.525
    endloop
  endfacet
  facet normal 0 0 1
    outer loop
      vertex 68.1753 51.7558 21.525
      vertex 68.1753 50.2442 21.525
      vertex 68.2896 50.0125 21.525
    endloop
  endfacet
  facet normal -0 0 1
    outer loop
      vertex 68.0923 51.5112 21.525
      vertex 68.1753 50.2442 21.525
      vertex 68.1753 51.7558 21.525
    endloop
  endfacet
  facet normal 0 0 1
    outer loop
      vertex 68.0923 51.5112 21.525
      vertex 68.0923 50.4888 21.525
      vertex 68.1753 50.2442 21.525
    endloop
  endfacet
  facet normal -0 0 1
    outer loop
      vertex 68.0419 51.2578 21.525
      vertex 68.0923 50.4888 21.525
      vertex 68.0923 51.5112 21.525
    endloop
  endfacet
  facet normal 0 0 1
    outer loop
      vertex 68.0419 51.2578 21.525
      vertex 68.0419 50.7422 21.525
      vertex 68.0923 50.4888 21.525
    endloop
  endfacet
  facet normal 0 -0 1
    outer loop
      vertex 68.0419 50.7422 21.525
      vertex 68.0419 51.2578 21.525
      vertex 68.025 51 21.525
    endloop
  endfacet
  facet normal 0.946966 -0.321334 0
    outer loop
      vertex 68.0923 51.5112 26.4
      vertex 68.1753 51.7558 21.525
      vertex 68.1753 51.7558 26.4
    endloop
  endfacet
  facet normal 0.946966 -0.321334 0
    outer loop
      vertex 68.1753 51.7558 21.525
      vertex 68.0923 51.5112 26.4
      vertex 68.0923 51.5112 21.525
    endloop
  endfacet
  facet normal 0.997858 -0.065421 0
    outer loop
      vertex 66.95 51 27
      vertex 66.9761 51.3981 26.4
      vertex 66.9761 51.3981 27
    endloop
  endfacet
  facet normal 0.997858 -0.065421 0
    outer loop
      vertex 66.9761 51.3981 26.4
      vertex 66.95 51 27
      vertex 66.95 51 26.4
    endloop
  endfacet
  facet normal -0.195007 0.980802 0
    outer loop
      vertex 70.7894 48.0539 26.4
      vertex 70.3981 47.9761 27
      vertex 70.7894 48.0539 27
    endloop
  endfacet
  facet normal -0.195007 0.980802 0
    outer loop
      vertex 70.3981 47.9761 27
      vertex 70.7894 48.0539 26.4
      vertex 70.3981 47.9761 26.4
    endloop
  endfacet
  facet normal -0.980802 -0.195007 0
    outer loop
      vertex 73.0239 51.3981 26.4
      vertex 72.9461 51.7894 27
      vertex 72.9461 51.7894 26.4
    endloop
  endfacet
  facet normal -0.980802 -0.195007 0
    outer loop
      vertex 72.9461 51.7894 27
      vertex 73.0239 51.3981 26.4
      vertex 73.0239 51.3981 27
    endloop
  endfacet
  facet normal -0.997858 -0.065421 0
    outer loop
      vertex 73.05 51 26.4
      vertex 73.0239 51.3981 27
      vertex 73.0239 51.3981 26.4
    endloop
  endfacet
  facet normal -0.997858 -0.065421 0
    outer loop
      vertex 73.0239 51.3981 27
      vertex 73.05 51 26.4
      vertex 73.05 51 27
    endloop
  endfacet
  facet normal 0.195007 0.980802 -0
    outer loop
      vertex 69.6019 47.9761 26.4
      vertex 69.2106 48.0539 27
      vertex 69.6019 47.9761 27
    endloop
  endfacet
  facet normal 0.195007 0.980802 0
    outer loop
      vertex 69.2106 48.0539 27
      vertex 69.6019 47.9761 26.4
      vertex 69.2106 48.0539 26.4
    endloop
  endfacet
  facet normal -0.980802 0.195007 0
    outer loop
      vertex 72.9461 50.2106 26.4
      vertex 73.0239 50.6019 27
      vertex 73.0239 50.6019 26.4
    endloop
  endfacet
  facet normal -0.980802 0.195007 0
    outer loop
      vertex 73.0239 50.6019 27
      vertex 72.9461 50.2106 26.4
      vertex 72.9461 50.2106 27
    endloop
  endfacet
  facet normal 0.751955 -0.659214 0
    outer loop
      vertex 67.5803 52.8567 27
      vertex 67.8433 53.1567 26.4
      vertex 67.8433 53.1567 27
    endloop
  endfacet
  facet normal 0.751955 -0.659214 0
    outer loop
      vertex 67.8433 53.1567 26.4
      vertex 67.5803 52.8567 27
      vertex 67.5803 52.8567 26.4
    endloop
  endfacet
  facet normal -0.321561 -0.946889 0
    outer loop
      vertex 70.7894 53.9461 26.4
      vertex 71.1672 53.8178 27
      vertex 70.7894 53.9461 27
    endloop
  endfacet
  facet normal -0.321561 -0.946889 -0
    outer loop
      vertex 71.1672 53.8178 27
      vertex 70.7894 53.9461 26.4
      vertex 71.1672 53.8178 26.4
    endloop
  endfacet
  facet normal 0.321561 -0.946889 0
    outer loop
      vertex 68.8328 53.8178 26.4
      vertex 69.2106 53.9461 27
      vertex 68.8328 53.8178 27
    endloop
  endfacet
  facet normal 0.321561 -0.946889 0
    outer loop
      vertex 69.2106 53.9461 27
      vertex 68.8328 53.8178 26.4
      vertex 69.2106 53.9461 26.4
    endloop
  endfacet
  facet normal -0.065421 0.997858 0
    outer loop
      vertex 70.3981 47.9761 26.4
      vertex 70 47.95 27
      vertex 70.3981 47.9761 27
    endloop
  endfacet
  facet normal -0.065421 0.997858 0
    outer loop
      vertex 70 47.95 27
      vertex 70.3981 47.9761 26.4
      vertex 70 47.95 26.4
    endloop
  endfacet
  facet normal -0.659214 -0.751955 0
    outer loop
      vertex 71.8567 53.4197 26.4
      vertex 72.1567 53.1567 27
      vertex 71.8567 53.4197 27
    endloop
  endfacet
  facet normal -0.659214 -0.751955 -0
    outer loop
      vertex 72.1567 53.1567 27
      vertex 71.8567 53.4197 26.4
      vertex 72.1567 53.1567 26.4
    endloop
  endfacet
  facet normal 0.89692 -0.442193 0
    outer loop
      vertex 67.1822 52.1672 27
      vertex 67.3586 52.525 26.4
      vertex 67.3586 52.525 27
    endloop
  endfacet
  facet normal 0.89692 -0.442193 0
    outer loop
      vertex 67.3586 52.525 26.4
      vertex 67.1822 52.1672 27
      vertex 67.1822 52.1672 26.4
    endloop
  endfacet
  facet normal -0.946889 0.321561 0
    outer loop
      vertex 72.8178 49.8328 26.4
      vertex 72.9461 50.2106 27
      vertex 72.9461 50.2106 26.4
    endloop
  endfacet
  facet normal -0.946889 0.321561 0
    outer loop
      vertex 72.9461 50.2106 27
      vertex 72.8178 49.8328 26.4
      vertex 72.8178 49.8328 27
    endloop
  endfacet
  facet normal 0.980802 0.195007 0
    outer loop
      vertex 67.0539 50.2106 27
      vertex 66.9761 50.6019 26.4
      vertex 66.9761 50.6019 27
    endloop
  endfacet
  facet normal 0.980802 0.195007 0
    outer loop
      vertex 66.9761 50.6019 26.4
      vertex 67.0539 50.2106 27
      vertex 67.0539 50.2106 26.4
    endloop
  endfacet
  facet normal -0.831394 0.555683 0
    outer loop
      vertex 72.4197 49.1433 26.4
      vertex 72.6414 49.475 27
      vertex 72.6414 49.475 26.4
    endloop
  endfacet
  facet normal -0.831394 0.555683 0
    outer loop
      vertex 72.6414 49.475 27
      vertex 72.4197 49.1433 26.4
      vertex 72.4197 49.1433 27
    endloop
  endfacet
  facet normal 0.555683 -0.831394 0
    outer loop
      vertex 68.1433 53.4197 26.4
      vertex 68.475 53.6414 27
      vertex 68.1433 53.4197 27
    endloop
  endfacet
  facet normal 0.555683 -0.831394 0
    outer loop
      vertex 68.475 53.6414 27
      vertex 68.1433 53.4197 26.4
      vertex 68.475 53.6414 26.4
    endloop
  endfacet
  facet normal 0.946889 0.321561 0
    outer loop
      vertex 67.1822 49.8328 27
      vertex 67.0539 50.2106 26.4
      vertex 67.0539 50.2106 27
    endloop
  endfacet
  facet normal 0.946889 0.321561 0
    outer loop
      vertex 67.0539 50.2106 26.4
      vertex 67.1822 49.8328 27
      vertex 67.1822 49.8328 26.4
    endloop
  endfacet
  facet normal 0.065421 0.997858 -0
    outer loop
      vertex 70 47.95 26.4
      vertex 69.6019 47.9761 27
      vertex 70 47.95 27
    endloop
  endfacet
  facet normal 0.065421 0.997858 0
    outer loop
      vertex 69.6019 47.9761 27
      vertex 70 47.95 26.4
      vertex 69.6019 47.9761 26.4
    endloop
  endfacet
  facet normal 0.659214 -0.751955 0
    outer loop
      vertex 67.8433 53.1567 26.4
      vertex 68.1433 53.4197 27
      vertex 67.8433 53.1567 27
    endloop
  endfacet
  facet normal 0.659214 -0.751955 0
    outer loop
      vertex 68.1433 53.4197 27
      vertex 67.8433 53.1567 26.4
      vertex 68.1433 53.4197 26.4
    endloop
  endfacet
  facet normal -0.442193 -0.89692 0
    outer loop
      vertex 71.1672 53.8178 26.4
      vertex 71.525 53.6414 27
      vertex 71.1672 53.8178 27
    endloop
  endfacet
  facet normal -0.442193 -0.89692 -0
    outer loop
      vertex 71.525 53.6414 27
      vertex 71.1672 53.8178 26.4
      vertex 71.525 53.6414 26.4
    endloop
  endfacet
  facet normal -0.195007 -0.980802 0
    outer loop
      vertex 70.3981 54.0239 26.4
      vertex 70.7894 53.9461 27
      vertex 70.3981 54.0239 27
    endloop
  endfacet
  facet normal -0.195007 -0.980802 -0
    outer loop
      vertex 70.7894 53.9461 27
      vertex 70.3981 54.0239 26.4
      vertex 70.7894 53.9461 26.4
    endloop
  endfacet
  facet normal -0.997858 0.065421 0
    outer loop
      vertex 73.0239 50.6019 26.4
      vertex 73.05 51 27
      vertex 73.05 51 26.4
    endloop
  endfacet
  facet normal -0.997858 0.065421 0
    outer loop
      vertex 73.05 51 27
      vertex 73.0239 50.6019 26.4
      vertex 73.0239 50.6019 27
    endloop
  endfacet
  facet normal 0.89692 0.442193 0
    outer loop
      vertex 67.3586 49.475 27
      vertex 67.1822 49.8328 26.4
      vertex 67.1822 49.8328 27
    endloop
  endfacet
  facet normal 0.89692 0.442193 0
    outer loop
      vertex 67.1822 49.8328 26.4
      vertex 67.3586 49.475 27
      vertex 67.3586 49.475 26.4
    endloop
  endfacet
  facet normal -0.555683 -0.831394 0
    outer loop
      vertex 71.525 53.6414 26.4
      vertex 71.8567 53.4197 27
      vertex 71.525 53.6414 27
    endloop
  endfacet
  facet normal -0.555683 -0.831394 -0
    outer loop
      vertex 71.8567 53.4197 27
      vertex 71.525 53.6414 26.4
      vertex 71.8567 53.4197 26.4
    endloop
  endfacet
  facet normal 0.321561 0.946889 -0
    outer loop
      vertex 69.2106 48.0539 26.4
      vertex 68.8328 48.1822 27
      vertex 69.2106 48.0539 27
    endloop
  endfacet
  facet normal 0.321561 0.946889 0
    outer loop
      vertex 68.8328 48.1822 27
      vertex 69.2106 48.0539 26.4
      vertex 68.8328 48.1822 26.4
    endloop
  endfacet
  facet normal -0.659214 0.751955 0
    outer loop
      vertex 72.1567 48.8433 26.4
      vertex 71.8567 48.5803 27
      vertex 72.1567 48.8433 27
    endloop
  endfacet
  facet normal -0.659214 0.751955 0
    outer loop
      vertex 71.8567 48.5803 27
      vertex 72.1567 48.8433 26.4
      vertex 71.8567 48.5803 26.4
    endloop
  endfacet
  facet normal -0.831394 -0.555683 0
    outer loop
      vertex 72.6414 52.525 26.4
      vertex 72.4197 52.8567 27
      vertex 72.4197 52.8567 26.4
    endloop
  endfacet
  facet normal -0.831394 -0.555683 0
    outer loop
      vertex 72.4197 52.8567 27
      vertex 72.6414 52.525 26.4
      vertex 72.6414 52.525 27
    endloop
  endfacet
  facet normal -0.555683 0.831394 0
    outer loop
      vertex 71.8567 48.5803 26.4
      vertex 71.525 48.3586 27
      vertex 71.8567 48.5803 27
    endloop
  endfacet
  facet normal -0.555683 0.831394 0
    outer loop
      vertex 71.525 48.3586 27
      vertex 71.8567 48.5803 26.4
      vertex 71.525 48.3586 26.4
    endloop
  endfacet
  facet normal 0.195007 -0.980802 0
    outer loop
      vertex 69.2106 53.9461 26.4
      vertex 69.6019 54.0239 27
      vertex 69.2106 53.9461 27
    endloop
  endfacet
  facet normal 0.195007 -0.980802 0
    outer loop
      vertex 69.6019 54.0239 27
      vertex 69.2106 53.9461 26.4
      vertex 69.6019 54.0239 26.4
    endloop
  endfacet
  facet normal -0.89692 -0.442193 0
    outer loop
      vertex 72.8178 52.1672 26.4
      vertex 72.6414 52.525 27
      vertex 72.6414 52.525 26.4
    endloop
  endfacet
  facet normal -0.89692 -0.442193 0
    outer loop
      vertex 72.6414 52.525 27
      vertex 72.8178 52.1672 26.4
      vertex 72.8178 52.1672 27
    endloop
  endfacet
  facet normal 0.555683 0.831394 -0
    outer loop
      vertex 68.475 48.3586 26.4
      vertex 68.1433 48.5803 27
      vertex 68.475 48.3586 27
    endloop
  endfacet
  facet normal 0.555683 0.831394 0
    outer loop
      vertex 68.1433 48.5803 27
      vertex 68.475 48.3586 26.4
      vertex 68.1433 48.5803 26.4
    endloop
  endfacet
  facet normal 0.659214 0.751955 -0
    outer loop
      vertex 68.1433 48.5803 26.4
      vertex 67.8433 48.8433 27
      vertex 68.1433 48.5803 27
    endloop
  endfacet
  facet normal 0.659214 0.751955 0
    outer loop
      vertex 67.8433 48.8433 27
      vertex 68.1433 48.5803 26.4
      vertex 67.8433 48.8433 26.4
    endloop
  endfacet
  facet normal -0.751955 0.659214 0
    outer loop
      vertex 72.1567 48.8433 26.4
      vertex 72.4197 49.1433 27
      vertex 72.4197 49.1433 26.4
    endloop
  endfacet
  facet normal -0.751955 0.659214 0
    outer loop
      vertex 72.4197 49.1433 27
      vertex 72.1567 48.8433 26.4
      vertex 72.1567 48.8433 27
    endloop
  endfacet
  facet normal 0.997858 0.065421 0
    outer loop
      vertex 66.9761 50.6019 27
      vertex 66.95 51 26.4
      vertex 66.95 51 27
    endloop
  endfacet
  facet normal 0.997858 0.065421 0
    outer loop
      vertex 66.95 51 26.4
      vertex 66.9761 50.6019 27
      vertex 66.9761 50.6019 26.4
    endloop
  endfacet
  facet normal -0.89692 0.442193 0
    outer loop
      vertex 72.6414 49.475 26.4
      vertex 72.8178 49.8328 27
      vertex 72.8178 49.8328 26.4
    endloop
  endfacet
  facet normal -0.89692 0.442193 0
    outer loop
      vertex 72.8178 49.8328 27
      vertex 72.6414 49.475 26.4
      vertex 72.6414 49.475 27
    endloop
  endfacet
  facet normal -0.442193 0.89692 0
    outer loop
      vertex 71.525 48.3586 26.4
      vertex 71.1672 48.1822 27
      vertex 71.525 48.3586 27
    endloop
  endfacet
  facet normal -0.442193 0.89692 0
    outer loop
      vertex 71.1672 48.1822 27
      vertex 71.525 48.3586 26.4
      vertex 71.1672 48.1822 26.4
    endloop
  endfacet
  facet normal 0.751955 0.659214 0
    outer loop
      vertex 67.8433 48.8433 27
      vertex 67.5803 49.1433 26.4
      vertex 67.5803 49.1433 27
    endloop
  endfacet
  facet normal 0.751955 0.659214 0
    outer loop
      vertex 67.5803 49.1433 26.4
      vertex 67.8433 48.8433 27
      vertex 67.8433 48.8433 26.4
    endloop
  endfacet
  facet normal 0.980802 -0.195007 0
    outer loop
      vertex 66.9761 51.3981 27
      vertex 67.0539 51.7894 26.4
      vertex 67.0539 51.7894 27
    endloop
  endfacet
  facet normal 0.980802 -0.195007 0
    outer loop
      vertex 67.0539 51.7894 26.4
      vertex 66.9761 51.3981 27
      vertex 66.9761 51.3981 26.4
    endloop
  endfacet
  facet normal -0.751955 -0.659214 0
    outer loop
      vertex 72.4197 52.8567 26.4
      vertex 72.1567 53.1567 27
      vertex 72.1567 53.1567 26.4
    endloop
  endfacet
  facet normal -0.751955 -0.659214 0
    outer loop
      vertex 72.1567 53.1567 27
      vertex 72.4197 52.8567 26.4
      vertex 72.4197 52.8567 27
    endloop
  endfacet
  facet normal 0.831394 -0.555683 0
    outer loop
      vertex 67.3586 52.525 27
      vertex 67.5803 52.8567 26.4
      vertex 67.5803 52.8567 27
    endloop
  endfacet
  facet normal 0.831394 -0.555683 0
    outer loop
      vertex 67.5803 52.8567 26.4
      vertex 67.3586 52.525 27
      vertex 67.3586 52.525 26.4
    endloop
  endfacet
  facet normal 0.442193 0.89692 -0
    outer loop
      vertex 68.8328 48.1822 26.4
      vertex 68.475 48.3586 27
      vertex 68.8328 48.1822 27
    endloop
  endfacet
  facet normal 0.442193 0.89692 0
    outer loop
      vertex 68.475 48.3586 27
      vertex 68.8328 48.1822 26.4
      vertex 68.475 48.3586 26.4
    endloop
  endfacet
  facet normal -0.946889 -0.321561 0
    outer loop
      vertex 72.9461 51.7894 26.4
      vertex 72.8178 52.1672 27
      vertex 72.8178 52.1672 26.4
    endloop
  endfacet
  facet normal -0.946889 -0.321561 0
    outer loop
      vertex 72.8178 52.1672 27
      vertex 72.9461 51.7894 26.4
      vertex 72.9461 51.7894 27
    endloop
  endfacet
  facet normal 0.442193 -0.89692 0
    outer loop
      vertex 68.475 53.6414 26.4
      vertex 68.8328 53.8178 27
      vertex 68.475 53.6414 27
    endloop
  endfacet
  facet normal 0.442193 -0.89692 0
    outer loop
      vertex 68.8328 53.8178 27
      vertex 68.475 53.6414 26.4
      vertex 68.8328 53.8178 26.4
    endloop
  endfacet
  facet normal -0.065421 -0.997858 0
    outer loop
      vertex 70 54.05 26.4
      vertex 70.3981 54.0239 27
      vertex 70 54.05 27
    endloop
  endfacet
  facet normal -0.065421 -0.997858 -0
    outer loop
      vertex 70.3981 54.0239 27
      vertex 70 54.05 26.4
      vertex 70.3981 54.0239 26.4
    endloop
  endfacet
  facet normal -0.321561 0.946889 0
    outer loop
      vertex 71.1672 48.1822 26.4
      vertex 70.7894 48.0539 27
      vertex 71.1672 48.1822 27
    endloop
  endfacet
  facet normal -0.321561 0.946889 0
    outer loop
      vertex 70.7894 48.0539 27
      vertex 71.1672 48.1822 26.4
      vertex 70.7894 48.0539 26.4
    endloop
  endfacet
  facet normal 0.065421 -0.997858 0
    outer loop
      vertex 69.6019 54.0239 26.4
      vertex 70 54.05 27
      vertex 69.6019 54.0239 27
    endloop
  endfacet
  facet normal 0.065421 -0.997858 0
    outer loop
      vertex 70 54.05 27
      vertex 69.6019 54.0239 26.4
      vertex 70 54.05 26.4
    endloop
  endfacet
  facet normal 0.831394 0.555683 0
    outer loop
      vertex 67.5803 49.1433 27
      vertex 67.3586 49.475 26.4
      vertex 67.3586 49.475 27
    endloop
  endfacet
  facet normal 0.831394 0.555683 0
    outer loop
      vertex 67.3586 49.475 26.4
      vertex 67.5803 49.1433 27
      vertex 67.5803 49.1433 26.4
    endloop
  endfacet
  facet normal 0 0 1
    outer loop
      vertex 71.975 51 26.4
      vertex 73.05 51 26.4
      vertex 73.0239 51.3981 26.4
    endloop
  endfacet
  facet normal 0 0 1
    outer loop
      vertex 71.9581 51.2578 26.4
      vertex 73.0239 51.3981 26.4
      vertex 72.9461 51.7894 26.4
    endloop
  endfacet
  facet normal 0 0 1
    outer loop
      vertex 73.05 51 26.4
      vertex 71.975 51 26.4
      vertex 73.0239 50.6019 26.4
    endloop
  endfacet
  facet normal 0 0 1
    outer loop
      vertex 71.9077 51.5112 26.4
      vertex 72.9461 51.7894 26.4
      vertex 72.8178 52.1672 26.4
    endloop
  endfacet
  facet normal -0 0 1
    outer loop
      vertex 71.9581 50.7422 26.4
      vertex 73.0239 50.6019 26.4
      vertex 71.975 51 26.4
    endloop
  endfacet
  facet normal 0 0 1
    outer loop
      vertex 71.8247 51.7558 26.4
      vertex 72.8178 52.1672 26.4
      vertex 72.6414 52.525 26.4
    endloop
  endfacet
  facet normal 0 0 1
    outer loop
      vertex 73.0239 50.6019 26.4
      vertex 71.9581 50.7422 26.4
      vertex 72.9461 50.2106 26.4
    endloop
  endfacet
  facet normal 0 0 1
    outer loop
      vertex 71.7104 51.9875 26.4
      vertex 72.6414 52.525 26.4
      vertex 72.4197 52.8567 26.4
    endloop
  endfacet
  facet normal -0 0 1
    outer loop
      vertex 71.9077 50.4888 26.4
      vertex 72.9461 50.2106 26.4
      vertex 71.9581 50.7422 26.4
    endloop
  endfacet
  facet normal 0 0 1
    outer loop
      vertex 71.5669 52.2023 26.4
      vertex 72.4197 52.8567 26.4
      vertex 72.1567 53.1567 26.4
    endloop
  endfacet
  facet normal 0 0 1
    outer loop
      vertex 72.9461 50.2106 26.4
      vertex 71.9077 50.4888 26.4
      vertex 72.8178 49.8328 26.4
    endloop
  endfacet
  facet normal -0 0 1
    outer loop
      vertex 71.8247 50.2442 26.4
      vertex 72.8178 49.8328 26.4
      vertex 71.9077 50.4888 26.4
    endloop
  endfacet
  facet normal 0 0 1
    outer loop
      vertex 73.0239 51.3981 26.4
      vertex 71.9581 51.2578 26.4
      vertex 71.975 51 26.4
    endloop
  endfacet
  facet normal 0 0 1
    outer loop
      vertex 72.9461 51.7894 26.4
      vertex 71.9077 51.5112 26.4
      vertex 71.9581 51.2578 26.4
    endloop
  endfacet
  facet normal 0 0 1
    outer loop
      vertex 71.3965 52.3965 26.4
      vertex 72.1567 53.1567 26.4
      vertex 71.8567 53.4197 26.4
    endloop
  endfacet
  facet normal 0 0 1
    outer loop
      vertex 72.8178 52.1672 26.4
      vertex 71.8247 51.7558 26.4
      vertex 71.9077 51.5112 26.4
    endloop
  endfacet
  facet normal 0 0 1
    outer loop
      vertex 72.6414 52.525 26.4
      vertex 71.7104 51.9875 26.4
      vertex 71.8247 51.7558 26.4
    endloop
  endfacet
  facet normal 0 0 1
    outer loop
      vertex 72.4197 52.8567 26.4
      vertex 71.5669 52.2023 26.4
      vertex 71.7104 51.9875 26.4
    endloop
  endfacet
  facet normal 0 0 1
    outer loop
      vertex 71.2023 52.5669 26.4
      vertex 71.8567 53.4197 26.4
      vertex 71.525 53.6414 26.4
    endloop
  endfacet
  facet normal 0 0 1
    outer loop
      vertex 72.1567 53.1567 26.4
      vertex 71.3965 52.3965 26.4
      vertex 71.5669 52.2023 26.4
    endloop
  endfacet
  facet normal 0 0 1
    outer loop
      vertex 71.8567 53.4197 26.4
      vertex 71.2023 52.5669 26.4
      vertex 71.3965 52.3965 26.4
    endloop
  endfacet
  facet normal 0 0 1
    outer loop
      vertex 70.9875 52.7104 26.4
      vertex 71.525 53.6414 26.4
      vertex 71.1672 53.8178 26.4
    endloop
  endfacet
  facet normal 0 0 1
    outer loop
      vertex 71.525 53.6414 26.4
      vertex 70.9875 52.7104 26.4
      vertex 71.2023 52.5669 26.4
    endloop
  endfacet
  facet normal 0 0 1
    outer loop
      vertex 70.7558 52.8247 26.4
      vertex 71.1672 53.8178 26.4
      vertex 70.7894 53.9461 26.4
    endloop
  endfacet
  facet normal 0 0 1
    outer loop
      vertex 71.1672 53.8178 26.4
      vertex 70.7558 52.8247 26.4
      vertex 70.9875 52.7104 26.4
    endloop
  endfacet
  facet normal 0 0 1
    outer loop
      vertex 70.7894 53.9461 26.4
      vertex 70.5112 52.9077 26.4
      vertex 70.7558 52.8247 26.4
    endloop
  endfacet
  facet normal 0 0 1
    outer loop
      vertex 70.3981 54.0239 26.4
      vertex 70.5112 52.9077 26.4
      vertex 70.7894 53.9461 26.4
    endloop
  endfacet
  facet normal 0 0 1
    outer loop
      vertex 70.3981 54.0239 26.4
      vertex 70.2578 52.9581 26.4
      vertex 70.5112 52.9077 26.4
    endloop
  endfacet
  facet normal 0 0 1
    outer loop
      vertex 70 54.05 26.4
      vertex 70.2578 52.9581 26.4
      vertex 70.3981 54.0239 26.4
    endloop
  endfacet
  facet normal 0 0 1
    outer loop
      vertex 70 54.05 26.4
      vertex 70 52.975 26.4
      vertex 70.2578 52.9581 26.4
    endloop
  endfacet
  facet normal 0 0 1
    outer loop
      vertex 70 54.05 26.4
      vertex 69.7422 52.9581 26.4
      vertex 70 52.975 26.4
    endloop
  endfacet
  facet normal -0 0 1
    outer loop
      vertex 69.6019 54.0239 26.4
      vertex 69.7422 52.9581 26.4
      vertex 70 54.05 26.4
    endloop
  endfacet
  facet normal 0 0 1
    outer loop
      vertex 69.6019 54.0239 26.4
      vertex 69.4888 52.9077 26.4
      vertex 69.7422 52.9581 26.4
    endloop
  endfacet
  facet normal -0 0 1
    outer loop
      vertex 69.2106 53.9461 26.4
      vertex 69.4888 52.9077 26.4
      vertex 69.6019 54.0239 26.4
    endloop
  endfacet
  facet normal 0 0 1
    outer loop
      vertex 69.4888 52.9077 26.4
      vertex 69.2106 53.9461 26.4
      vertex 69.2442 52.8247 26.4
    endloop
  endfacet
  facet normal -0 0 1
    outer loop
      vertex 68.8328 53.8178 26.4
      vertex 69.2442 52.8247 26.4
      vertex 69.2106 53.9461 26.4
    endloop
  endfacet
  facet normal 0 0 1
    outer loop
      vertex 69.2442 52.8247 26.4
      vertex 68.8328 53.8178 26.4
      vertex 69.0125 52.7104 26.4
    endloop
  endfacet
  facet normal -0 0 1
    outer loop
      vertex 68.475 53.6414 26.4
      vertex 69.0125 52.7104 26.4
      vertex 68.8328 53.8178 26.4
    endloop
  endfacet
  facet normal 0 0 1
    outer loop
      vertex 69.0125 52.7104 26.4
      vertex 68.475 53.6414 26.4
      vertex 68.7977 52.5669 26.4
    endloop
  endfacet
  facet normal -0 0 1
    outer loop
      vertex 68.1433 53.4197 26.4
      vertex 68.7977 52.5669 26.4
      vertex 68.475 53.6414 26.4
    endloop
  endfacet
  facet normal 0 0 1
    outer loop
      vertex 68.7977 52.5669 26.4
      vertex 68.1433 53.4197 26.4
      vertex 68.6035 52.3965 26.4
    endloop
  endfacet
  facet normal -0 0 1
    outer loop
      vertex 67.8433 53.1567 26.4
      vertex 68.6035 52.3965 26.4
      vertex 68.1433 53.4197 26.4
    endloop
  endfacet
  facet normal 0 0 1
    outer loop
      vertex 68.6035 52.3965 26.4
      vertex 67.8433 53.1567 26.4
      vertex 68.4331 52.2023 26.4
    endloop
  endfacet
  facet normal -0 0 1
    outer loop
      vertex 67.5803 52.8567 26.4
      vertex 68.4331 52.2023 26.4
      vertex 67.8433 53.1567 26.4
    endloop
  endfacet
  facet normal 0 0 1
    outer loop
      vertex 68.4331 52.2023 26.4
      vertex 67.5803 52.8567 26.4
      vertex 68.2896 51.9875 26.4
    endloop
  endfacet
  facet normal -0 0 1
    outer loop
      vertex 67.3586 52.525 26.4
      vertex 68.2896 51.9875 26.4
      vertex 67.5803 52.8567 26.4
    endloop
  endfacet
  facet normal 0 0 1
    outer loop
      vertex 68.2896 51.9875 26.4
      vertex 67.3586 52.525 26.4
      vertex 68.1753 51.7558 26.4
    endloop
  endfacet
  facet normal -0 0 1
    outer loop
      vertex 67.1822 52.1672 26.4
      vertex 68.1753 51.7558 26.4
      vertex 67.3586 52.525 26.4
    endloop
  endfacet
  facet normal 0 0 1
    outer loop
      vertex 72.8178 49.8328 26.4
      vertex 71.8247 50.2442 26.4
      vertex 72.6414 49.475 26.4
    endloop
  endfacet
  facet normal -0 0 1
    outer loop
      vertex 71.7104 50.0125 26.4
      vertex 72.6414 49.475 26.4
      vertex 71.8247 50.2442 26.4
    endloop
  endfacet
  facet normal 0 0 1
    outer loop
      vertex 72.6414 49.475 26.4
      vertex 71.7104 50.0125 26.4
      vertex 72.4197 49.1433 26.4
    endloop
  endfacet
  facet normal -0 0 1
    outer loop
      vertex 71.5669 49.7977 26.4
      vertex 72.4197 49.1433 26.4
      vertex 71.7104 50.0125 26.4
    endloop
  endfacet
  facet normal 0 0 1
    outer loop
      vertex 72.4197 49.1433 26.4
      vertex 71.5669 49.7977 26.4
      vertex 72.1567 48.8433 26.4
    endloop
  endfacet
  facet normal -0 0 1
    outer loop
      vertex 71.3965 49.6035 26.4
      vertex 72.1567 48.8433 26.4
      vertex 71.5669 49.7977 26.4
    endloop
  endfacet
  facet normal 0 0 1
    outer loop
      vertex 72.1567 48.8433 26.4
      vertex 71.3965 49.6035 26.4
      vertex 71.8567 48.5803 26.4
    endloop
  endfacet
  facet normal -0 0 1
    outer loop
      vertex 71.2023 49.4331 26.4
      vertex 71.8567 48.5803 26.4
      vertex 71.3965 49.6035 26.4
    endloop
  endfacet
  facet normal 0 0 1
    outer loop
      vertex 71.8567 48.5803 26.4
      vertex 71.2023 49.4331 26.4
      vertex 71.525 48.3586 26.4
    endloop
  endfacet
  facet normal -0 0 1
    outer loop
      vertex 70.9875 49.2896 26.4
      vertex 71.525 48.3586 26.4
      vertex 71.2023 49.4331 26.4
    endloop
  endfacet
  facet normal 0 0 1
    outer loop
      vertex 71.525 48.3586 26.4
      vertex 70.9875 49.2896 26.4
      vertex 71.1672 48.1822 26.4
    endloop
  endfacet
  facet normal -0 0 1
    outer loop
      vertex 70.7558 49.1753 26.4
      vertex 71.1672 48.1822 26.4
      vertex 70.9875 49.2896 26.4
    endloop
  endfacet
  facet normal 0 0 1
    outer loop
      vertex 71.1672 48.1822 26.4
      vertex 70.7558 49.1753 26.4
      vertex 70.7894 48.0539 26.4
    endloop
  endfacet
  facet normal -0 0 1
    outer loop
      vertex 70.5112 49.0923 26.4
      vertex 70.7894 48.0539 26.4
      vertex 70.7558 49.1753 26.4
    endloop
  endfacet
  facet normal 0 0 1
    outer loop
      vertex 70.5112 49.0923 26.4
      vertex 70.3981 47.9761 26.4
      vertex 70.7894 48.0539 26.4
    endloop
  endfacet
  facet normal -0 0 1
    outer loop
      vertex 70.2578 49.0419 26.4
      vertex 70.3981 47.9761 26.4
      vertex 70.5112 49.0923 26.4
    endloop
  endfacet
  facet normal -0 0 1
    outer loop
      vertex 70 49.025 26.4
      vertex 70.3981 47.9761 26.4
      vertex 70.2578 49.0419 26.4
    endloop
  endfacet
  facet normal 0 0 1
    outer loop
      vertex 70 49.025 26.4
      vertex 70 47.95 26.4
      vertex 70.3981 47.9761 26.4
    endloop
  endfacet
  facet normal 0 0 1
    outer loop
      vertex 69.7422 49.0419 26.4
      vertex 70 47.95 26.4
      vertex 70 49.025 26.4
    endloop
  endfacet
  facet normal 0 0 1
    outer loop
      vertex 69.7422 49.0419 26.4
      vertex 69.6019 47.9761 26.4
      vertex 70 47.95 26.4
    endloop
  endfacet
  facet normal 0 0 1
    outer loop
      vertex 69.4888 49.0923 26.4
      vertex 69.6019 47.9761 26.4
      vertex 69.7422 49.0419 26.4
    endloop
  endfacet
  facet normal 0 0 1
    outer loop
      vertex 69.2106 48.0539 26.4
      vertex 69.4888 49.0923 26.4
      vertex 69.2442 49.1753 26.4
    endloop
  endfacet
  facet normal 0 0 1
    outer loop
      vertex 69.4888 49.0923 26.4
      vertex 69.2106 48.0539 26.4
      vertex 69.6019 47.9761 26.4
    endloop
  endfacet
  facet normal 0 0 1
    outer loop
      vertex 68.8328 48.1822 26.4
      vertex 69.2442 49.1753 26.4
      vertex 69.0125 49.2896 26.4
    endloop
  endfacet
  facet normal 0 0 1
    outer loop
      vertex 69.2442 49.1753 26.4
      vertex 68.8328 48.1822 26.4
      vertex 69.2106 48.0539 26.4
    endloop
  endfacet
  facet normal 0 0 1
    outer loop
      vertex 68.475 48.3586 26.4
      vertex 69.0125 49.2896 26.4
      vertex 68.7977 49.4331 26.4
    endloop
  endfacet
  facet normal 0 0 1
    outer loop
      vertex 68.1433 48.5803 26.4
      vertex 68.7977 49.4331 26.4
      vertex 68.6035 49.6035 26.4
    endloop
  endfacet
  facet normal 0 0 1
    outer loop
      vertex 69.0125 49.2896 26.4
      vertex 68.475 48.3586 26.4
      vertex 68.8328 48.1822 26.4
    endloop
  endfacet
  facet normal 0 0 1
    outer loop
      vertex 67.8433 48.8433 26.4
      vertex 68.6035 49.6035 26.4
      vertex 68.4331 49.7977 26.4
    endloop
  endfacet
  facet normal 0 0 1
    outer loop
      vertex 67.5803 49.1433 26.4
      vertex 68.4331 49.7977 26.4
      vertex 68.2896 50.0125 26.4
    endloop
  endfacet
  facet normal 0 0 1
    outer loop
      vertex 67.3586 49.475 26.4
      vertex 68.2896 50.0125 26.4
      vertex 68.1753 50.2442 26.4
    endloop
  endfacet
  facet normal 0 0 1
    outer loop
      vertex 68.7977 49.4331 26.4
      vertex 68.1433 48.5803 26.4
      vertex 68.475 48.3586 26.4
    endloop
  endfacet
  facet normal 0 0 1
    outer loop
      vertex 67.1822 49.8328 26.4
      vertex 68.1753 50.2442 26.4
      vertex 68.0923 50.4888 26.4
    endloop
  endfacet
  facet normal 0 0 1
    outer loop
      vertex 67.0539 50.2106 26.4
      vertex 68.0923 50.4888 26.4
      vertex 68.0419 50.7422 26.4
    endloop
  endfacet
  facet normal 0 0 1
    outer loop
      vertex 66.9761 50.6019 26.4
      vertex 68.0419 50.7422 26.4
      vertex 68.025 51 26.4
    endloop
  endfacet
  facet normal 0 0 1
    outer loop
      vertex 68.1753 51.7558 26.4
      vertex 67.1822 52.1672 26.4
      vertex 68.0923 51.5112 26.4
    endloop
  endfacet
  facet normal 0 0 1
    outer loop
      vertex 68.6035 49.6035 26.4
      vertex 67.8433 48.8433 26.4
      vertex 68.1433 48.5803 26.4
    endloop
  endfacet
  facet normal -0 0 1
    outer loop
      vertex 67.0539 51.7894 26.4
      vertex 68.0923 51.5112 26.4
      vertex 67.1822 52.1672 26.4
    endloop
  endfacet
  facet normal 0 0 1
    outer loop
      vertex 68.4331 49.7977 26.4
      vertex 67.5803 49.1433 26.4
      vertex 67.8433 48.8433 26.4
    endloop
  endfacet
  facet normal 0 0 1
    outer loop
      vertex 68.0923 51.5112 26.4
      vertex 67.0539 51.7894 26.4
      vertex 68.0419 51.2578 26.4
    endloop
  endfacet
  facet normal 0 0 1
    outer loop
      vertex 68.2896 50.0125 26.4
      vertex 67.3586 49.475 26.4
      vertex 67.5803 49.1433 26.4
    endloop
  endfacet
  facet normal -0 0 1
    outer loop
      vertex 66.9761 51.3981 26.4
      vertex 68.0419 51.2578 26.4
      vertex 67.0539 51.7894 26.4
    endloop
  endfacet
  facet normal 0 0 1
    outer loop
      vertex 68.1753 50.2442 26.4
      vertex 67.1822 49.8328 26.4
      vertex 67.3586 49.475 26.4
    endloop
  endfacet
  facet normal 0 0 1
    outer loop
      vertex 68.0419 51.2578 26.4
      vertex 66.9761 51.3981 26.4
      vertex 68.025 51 26.4
    endloop
  endfacet
  facet normal 0 0 1
    outer loop
      vertex 68.0923 50.4888 26.4
      vertex 67.0539 50.2106 26.4
      vertex 67.1822 49.8328 26.4
    endloop
  endfacet
  facet normal 0 0 1
    outer loop
      vertex 66.95 51 26.4
      vertex 68.025 51 26.4
      vertex 66.9761 51.3981 26.4
    endloop
  endfacet
  facet normal 0 0 1
    outer loop
      vertex 68.0419 50.7422 26.4
      vertex 66.9761 50.6019 26.4
      vertex 67.0539 50.2106 26.4
    endloop
  endfacet
  facet normal 0 0 1
    outer loop
      vertex 68.025 51 26.4
      vertex 66.95 51 26.4
      vertex 66.9761 50.6019 26.4
    endloop
  endfacet
  facet normal 0.946889 -0.321561 0
    outer loop
      vertex 67.0539 51.7894 27
      vertex 67.1822 52.1672 26.4
      vertex 67.1822 52.1672 27
    endloop
  endfacet
  facet normal 0.946889 -0.321561 0
    outer loop
      vertex 67.1822 52.1672 26.4
      vertex 67.0539 51.7894 27
      vertex 67.0539 51.7894 26.4
    endloop
  endfacet
endsolid OpenSCAD_Model
