v 1.025 1.5 -0.48
v 1.025 1.5 -0.68
v 1.025 1.15 -0.48
newmtl 1
Ka 0.7529411764705882 0.7529411764705882 0.7529411764705882
Kd 0.7529411764705882 0.7529411764705882 0.7529411764705882
Ks 0.3764705882352941 0.3764705882352941 0.3764705882352941
d 0.0
endmtl
v 1.025 1.15 -0.68
v 1.225 1.5 -0.48
v 1.225 1.5 -0.68
newmtl 2
Ka 0.9882352941176471 0.7372549019607844 0.5176470588235295
Kd 0.9882352941176471 0.7372549019607844 0.5176470588235295
Ks 0.49411764705882355 0.3686274509803922 0.25882352941176473
d 0.0
endmtl
v 1.225 1.15 -0.48
v 1.225 1.15 -0.68
v 1.224039 1.140245 -0.48
v 1.224039 1.140245 -0.68
v 1.221194 1.130866 -0.48
v 1.221194 1.130866 -0.68
v 1.216573 1.122221 -0.48
v 1.216573 1.122221 -0.68
v 1.210355 1.114645 -0.48
v 1.210355 1.114645 -0.68
v 1.202779 1.108426 -0.48
v 1.202779 1.108426 -0.68
v 1.194134 1.103806 -0.48
v 1.194134 1.103806 -0.68
v 1.184754 1.100961 -0.48
v 1.184754 1.100961 -0.68
v 1.175 1.1 -0.48
v 1.175 1.1 -0.68
v 1.075 1.1 -0.48
v 1.075 1.1 -0.68
v 1.065246 1.100961 -0.48
v 1.065246 1.100961 -0.68
v 1.055866 1.103806 -0.48
v 1.055866 1.103806 -0.68
v 1.047221 1.108426 -0.48
v 1.047221 1.108426 -0.68
v 1.039645 1.114645 -0.48
v 1.039645 1.114645 -0.68
v 1.033427 1.122221 -0.48
v 1.033427 1.122221 -0.68
v 1.028806 1.130866 -0.48
v 1.028806 1.130866 -0.68
v 1.025961 1.140245 -0.48
v 1.025961 1.140245 -0.68
v 0.775 1.5 -0.48
v 0.775 1.5 -0.68
v 0.575 1.5 -0.48
v 0.575 1.5 -0.68
v 0.775 1.15 -0.48
v 0.775 1.15 -0.68
v 0.774039 1.140245 -0.48
v 0.774039 1.140245 -0.68
v 0.771194 1.130866 -0.48
v 0.771194 1.130866 -0.68
v 0.766573 1.122221 -0.48
v 0.766573 1.122221 -0.68
v 0.760355 1.114645 -0.48
v 0.760355 1.114645 -0.68
v 0.752778 1.108426 -0.48
v 0.752778 1.108426 -0.68
v 0.744134 1.103806 -0.48
v 0.744134 1.103806 -0.68
v 0.734755 1.100961 -0.48
v 0.734755 1.100961 -0.68
v 0.725 1.1 -0.48
v 0.725 1.1 -0.68
v 0.625 1.1 -0.48
v 0.625 1.1 -0.68
v 0.615245 1.100961 -0.48
v 0.615245 1.100961 -0.68
v 0.605866 1.103806 -0.48
v 0.605866 1.103806 -0.68
v 0.597221 1.108426 -0.48
v 0.597221 1.108426 -0.68
v 0.589645 1.114645 -0.48
v 0.589645 1.114645 -0.68
v 0.583426 1.122221 -0.48
v 0.583426 1.122221 -0.68
v 0.578806 1.130866 -0.48
v 0.578806 1.130866 -0.68
v 0.575961 1.140245 -0.48
v 0.575961 1.140245 -0.68
v 0.575 1.15 -0.48
v 0.575 1.15 -0.68
v 0.325 1.5 -0.48
v 0.325 1.5 -0.68
v 0.125 1.5 -0.48
v 0.125 1.5 -0.68
v 0.325 1.15 -0.48
v 0.325 1.15 -0.68
v 0.324039 1.140245 -0.48
v 0.324039 1.140245 -0.68
v 0.321194 1.130866 -0.48
v 0.321194 1.130866 -0.68
v 0.316573 1.122221 -0.48
v 0.316573 1.122221 -0.68
v 0.310355 1.114645 -0.48
v 0.310355 1.114645 -0.68
v 0.302779 1.108426 -0.48
v 0.302779 1.108426 -0.68
v 0.294134 1.103806 -0.48
v 0.294134 1.103806 -0.68
v 0.284755 1.100961 -0.48
v 0.284755 1.100961 -0.68
v 0.275 1.1 -0.48
v 0.275 1.1 -0.68
v 0.175 1.1 -0.48
v 0.175 1.1 -0.68
v 0.165245 1.100961 -0.48
v 0.165245 1.100961 -0.68
v 0.155866 1.103806 -0.48
v 0.155866 1.103806 -0.68
v 0.147221 1.108426 -0.48
v 0.147221 1.108426 -0.68
v 0.139645 1.114645 -0.48
v 0.139645 1.114645 -0.68
v 0.133427 1.122221 -0.48
v 0.133427 1.122221 -0.68
v 0.128806 1.130866 -0.48
v 0.128806 1.130866 -0.68
v 0.125961 1.140245 -0.48
v 0.125961 1.140245 -0.68
v 0.125 1.15 -0.48
v 0.125 1.15 -0.68
v -0.125 1.5 -0.48
v -0.125 1.5 -0.68
v -0.325 1.5 -0.48
v -0.325 1.5 -0.68
v -0.125 1.15 -0.48
v -0.125 1.15 -0.68
v -0.125961 1.140245 -0.48
v -0.125961 1.140245 -0.68
v -0.128806 1.130866 -0.48
v -0.128806 1.130866 -0.68
v -0.133427 1.122221 -0.48
v -0.133427 1.122221 -0.68
v -0.139645 1.114645 -0.48
v -0.139645 1.114645 -0.68
v -0.147221 1.108426 -0.48
v -0.147221 1.108426 -0.68
v -0.155866 1.103806 -0.48
v -0.155866 1.103806 -0.68
v -0.165245 1.100961 -0.48
v -0.165245 1.100961 -0.68
v -0.175 1.1 -0.48
v -0.175 1.1 -0.68
v -0.275 1.1 -0.48
v -0.275 1.1 -0.68
v -0.284755 1.100961 -0.48
v -0.284755 1.100961 -0.68
v -0.294134 1.103806 -0.48
v -0.294134 1.103806 -0.68
v -0.302779 1.108426 -0.48
v -0.302779 1.108426 -0.68
v -0.310355 1.114645 -0.48
v -0.310355 1.114645 -0.68
v -0.316573 1.122221 -0.48
v -0.316573 1.122221 -0.68
v -0.321194 1.130866 -0.48
v -0.321194 1.130866 -0.68
v -0.324039 1.140245 -0.48
v -0.324039 1.140245 -0.68
v -0.325 1.15 -0.48
v -0.325 1.15 -0.68
v -0.575 1.5 -0.48
v -0.575 1.5 -0.68
v -0.775 1.5 -0.48
v -0.775 1.5 -0.68
v -0.575 1.15 -0.48
v -0.575 1.15 -0.68
v -0.575961 1.140245 -0.48
v -0.575961 1.140245 -0.68
v -0.578806 1.130866 -0.48
v -0.578806 1.130866 -0.68
v -0.583426 1.122221 -0.48
v -0.583426 1.122221 -0.68
v -0.589645 1.114645 -0.48
v -0.589645 1.114645 -0.68
v -0.597221 1.108426 -0.48
v -0.597221 1.108426 -0.68
v -0.605866 1.103806 -0.48
v -0.605866 1.103806 -0.68
v -0.615245 1.100961 -0.48
v -0.615245 1.100961 -0.68
v -0.625 1.1 -0.48
v -0.625 1.1 -0.68
v -0.725 1.1 -0.48
v -0.725 1.1 -0.68
v -0.734755 1.100961 -0.48
v -0.734755 1.100961 -0.68
v -0.744134 1.103806 -0.48
v -0.744134 1.103806 -0.68
v -0.752778 1.108426 -0.48
v -0.752778 1.108426 -0.68
v -0.760355 1.114645 -0.48
v -0.760355 1.114645 -0.68
v -0.766573 1.122221 -0.48
v -0.766573 1.122221 -0.68
v -0.771194 1.130866 -0.48
v -0.771194 1.130866 -0.68
v -0.774039 1.140245 -0.48
v -0.774039 1.140245 -0.68
v -0.775 1.15 -0.48
v -0.775 1.15 -0.68
v -1.025 1.5 -0.48
v -1.025 1.5 -0.68
v -1.225 1.5 -0.48
v -1.225 1.5 -0.68
v -1.025 1.15 -0.48
v -1.025 1.15 -0.68
v -1.025961 1.140245 -0.48
v -1.025961 1.140245 -0.68
v -1.028806 1.130866 -0.48
v -1.028806 1.130866 -0.68
v -1.033427 1.122221 -0.48
v -1.033427 1.122221 -0.68
v -1.039645 1.114645 -0.48
v -1.039645 1.114645 -0.68
v -1.047221 1.108426 -0.48
v -1.047221 1.108426 -0.68
v -1.055866 1.103806 -0.48
v -1.055866 1.103806 -0.68
v -1.065246 1.100961 -0.48
v -1.065246 1.100961 -0.68
v -1.075 1.1 -0.48
v -1.075 1.1 -0.68
v -1.125 1.1 -0.48
v -1.125 1.1 -0.68
v -1.225 1.2 -0.48
v -1.225 1.2 -0.68
v -1.5 0.775 -0.48
v -1.5 0.775 -0.68
v -1.5 0.575 -0.48
v -1.5 0.575 -0.68
v -0.008173 0.775 -0.48
v -0.008173 0.775 -0.68
v 0.043713 0.769154 -0.48
v 0.043713 0.769154 -0.68
v 0.092997 0.751909 -0.48
v 0.092997 0.751909 -0.68
v 0.137208 0.724129 -0.48
v 0.137208 0.724129 -0.68
v 0.174129 0.687208 -0.48
v 0.174129 0.687208 -0.68
v 0.201909 0.642997 -0.48
v 0.201909 0.642997 -0.68
v 0.219154 0.593713 -0.48
v 0.219154 0.593713 -0.68
v 0.225 0.541827 -0.48
v 0.225 0.541827 -0.68
v 0.225 -1.5 -0.48
v 0.225 -1.5 -0.68
v -0.325 -1.5 -0.48
v -0.325 -1.5 -0.68
v -0.325 -1.325 -0.48
v -0.325 -1.325 -0.68
v -1.5 -1.325 -0.48
v -1.5 -1.325 -0.68
v -1.5 -1.125 -0.48
v -1.5 -1.125 -0.68
v -0.325 -1.125 -0.48
v -0.325 -1.125 -0.68
v -0.325 0.575 -0.48
v -0.325 0.575 -0.68
v -1.016827 -0.775 -0.68
v -1.016827 -0.775 -0.48
v -1.053304 -0.772129 -0.48
v -1.053304 -0.772129 -0.68
v -1.088882 -0.763588 -0.48
v -1.088882 -0.763588 -0.68
v -1.122686 -0.749586 -0.48
v -1.122686 -0.749586 -0.68
v -1.153883 -0.730468 -0.48
v -1.153883 -0.730468 -0.68
v -1.181705 -0.706705 -0.48
v -1.181705 -0.706705 -0.68
v -1.205468 -0.678883 -0.48
v -1.205468 -0.678883 -0.68
v -1.224586 -0.647686 -0.48
v -1.224586 -0.647686 -0.68
v -1.238588 -0.613882 -0.48
v -1.238588 -0.613882 -0.68
v -1.247129 -0.578304 -0.48
v -1.247129 -0.578304 -0.68
v -1.25 -0.541827 -0.48
v -1.25 -0.541827 -0.68
v -1.25 0.091827 -0.48
v -1.25 0.091827 -0.68
v -1.247129 0.128304 -0.48
v -1.247129 0.128304 -0.68
v -1.238588 0.163882 -0.48
v -1.238588 0.163882 -0.68
v -1.224586 0.197686 -0.48
v -1.224586 0.197686 -0.68
v -1.205468 0.228883 -0.48
v -1.205468 0.228883 -0.68
v -1.181705 0.256705 -0.48
v -1.181705 0.256705 -0.68
v -1.153883 0.280468 -0.48
v -1.153883 0.280468 -0.68
v -1.122686 0.299586 -0.48
v -1.122686 0.299586 -0.68
v -1.088882 0.313588 -0.48
v -1.088882 0.313588 -0.68
v -1.053304 0.322129 -0.48
v -1.053304 0.322129 -0.68
v -1.016827 0.325 -0.48
v -1.016827 0.325 -0.68
v -0.858173 0.325 -0.48
v -0.858173 0.325 -0.68
v -0.821696 0.322129 -0.48
v -0.821696 0.322129 -0.68
v -0.786118 0.313588 -0.48
v -0.786118 0.313588 -0.68
v -0.752314 0.299586 -0.48
v -0.752314 0.299586 -0.68
v -0.721117 0.280468 -0.48
v -0.721117 0.280468 -0.68
v -0.693295 0.256705 -0.48
v -0.693295 0.256705 -0.68
v -0.669532 0.228883 -0.48
v -0.669532 0.228883 -0.68
v -0.650414 0.197686 -0.48
v -0.650414 0.197686 -0.68
v -0.636412 0.163882 -0.48
v -0.636412 0.163882 -0.68
v -0.627871 0.128304 -0.48
v -0.627871 0.128304 -0.68
v -0.625 0.091827 -0.48
v -0.625 0.091827 -0.68
v -0.625 -0.541827 -0.48
v -0.625 -0.541827 -0.68
v -0.627871 -0.578304 -0.48
v -0.627871 -0.578304 -0.68
v -0.636412 -0.613882 -0.48
v -0.636412 -0.613882 -0.68
v -0.650414 -0.647686 -0.48
v -0.650414 -0.647686 -0.68
v -0.669532 -0.678883 -0.48
v -0.669532 -0.678883 -0.68
v -0.693295 -0.706705 -0.48
v -0.693295 -0.706705 -0.68
v -0.721117 -0.730468 -0.48
v -0.721117 -0.730468 -0.68
v -0.752314 -0.749586 -0.48
v -0.752314 -0.749586 -0.68
v -0.786118 -0.763588 -0.48
v -0.786118 -0.763588 -0.68
v -0.821696 -0.772129 -0.48
v -0.821696 -0.772129 -0.68
v -0.858173 -0.775 -0.48
v -0.858173 -0.775 -0.68
v 1.5 0.575 -0.48
v 1.5 0.575 -0.68
v 1.5 0.775 -0.48
v 1.5 0.775 -0.68
v 0.58 0.575 -0.48
v 0.58 0.575 -0.68
v 0.568874 0.576254 -0.48
v 0.568874 0.576254 -0.68
v 0.558306 0.579952 -0.48
v 0.558306 0.579952 -0.68
v 0.548826 0.585908 -0.48
v 0.548826 0.585908 -0.68
v 0.540908 0.593826 -0.48
v 0.540908 0.593826 -0.68
v 0.534952 0.603306 -0.48
v 0.534952 0.603306 -0.68
v 0.531254 0.613874 -0.48
v 0.531254 0.613874 -0.68
v 0.53 0.625 -0.48
v 0.53 0.625 -0.68
v 0.53 0.725 -0.48
v 0.53 0.725 -0.68
v 0.531254 0.736126 -0.48
v 0.531254 0.736126 -0.68
v 0.534952 0.746694 -0.48
v 0.534952 0.746694 -0.68
v 0.540908 0.756175 -0.48
v 0.540908 0.756175 -0.68
v 0.548826 0.764092 -0.48
v 0.548826 0.764092 -0.68
v 0.558306 0.770048 -0.48
v 0.558306 0.770048 -0.68
v 0.568874 0.773746 -0.48
v 0.568874 0.773746 -0.68
v 0.58 0.775 -0.48
v 0.58 0.775 -0.68
v 0.53 0.15 -0.48
v 0.53 0.15 -0.68
v 0.53 -1.5 -0.48
v 0.53 -1.5 -0.68
v 0.533843 0.189018 -0.48
v 0.533843 0.189018 -0.68
v 0.545224 0.226537 -0.48
v 0.545224 0.226537 -0.68
v 0.563706 0.261114 -0.48
v 0.563706 0.261114 -0.68
v 0.588579 0.291421 -0.48
v 0.588579 0.291421 -0.68
v 0.618886 0.316294 -0.48
v 0.618886 0.316294 -0.68
v 0.653463 0.334776 -0.48
v 0.653463 0.334776 -0.68
v 0.690982 0.346157 -0.48
v 0.690982 0.346157 -0.68
v 0.73 0.35 -0.48
v 0.73 0.35 -0.68
v 1.05 0.35 -0.48
v 1.05 0.35 -0.68
v 1.089018 0.346157 -0.48
v 1.089018 0.346157 -0.68
v 1.126537 0.334776 -0.48
v 1.126537 0.334776 -0.68
v 1.161114 0.316294 -0.48
v 1.161114 0.316294 -0.68
v 1.191421 0.291421 -0.48
v 1.191421 0.291421 -0.68
v 1.216294 0.261114 -0.48
v 1.216294 0.261114 -0.68
v 1.234776 0.226537 -0.48
v 1.234776 0.226537 -0.68
v 1.246157 0.189018 -0.48
v 1.246157 0.189018 -0.68
v 1.25 0.15 -0.48
v 1.25 0.15 -0.68
v 1.25 -1.5 -0.48
v 1.25 -1.5 -0.68
v 1.336109 -1.5 0.0
v 1.5 -1.5 0.0
v 1.5 -1.175492 0.0
newmtl 3
Ka 0.25098039215686274 0.25098039215686274 0.25098039215686274
Kd 0.25098039215686274 0.25098039215686274 0.25098039215686274
Ks 0.12549019607843137 0.12549019607843137 0.12549019607843137
d 0.0
endmtl
v 1.109338 -1.5 0.0
v 1.336109 -1.175492 0.0
v 1.045861 -1.5 0.0
v 1.109338 -1.175492 0.0
v 0.929953 -1.148562 0.0
v 0.929185 -1.148637 0.0
v 0.945161 -1.148637 0.0
v 0.728725 -1.025595 0.0
v 0.741798 -1.036654 0.0
v 0.787491 -0.972156 0.0
v 0.787491 -1.041092 0.0
v 0.666603 -0.966246 0.0
v 0.67518 -0.972156 0.0
v 0.685986 -0.979602 0.0
v 0.702329 -0.998646 0.0
v 0.712013 -1.01768 0.0
v 0.714382 -1.018476 0.0
v 0.642626 -0.957147 0.0
v 0.787491 0.052892 0.0
v 0.620434 -0.954538 0.0
v 0.598065 -0.957117 0.0
v 0.575743 -0.965328 0.0
v -0.304053 0.052892 0.0
v 0.564533 -0.972156 0.0
v -0.304053 -0.972156 0.0
v 0.562595 -0.973336 0.0
v 0.511315 -0.995925 0.0
v 0.530301 -0.99358 0.0
v 0.551268 -0.983036 0.0
v 0.535844 -0.993881 0.0
v 0.541387 -0.994544 0.0
v 0.474872 -1.016716 0.0
v 0.478128 -1.013633 0.0
v 0.49346 -1.002857 0.0
v -0.304053 -1.041092 0.0
v -0.304053 -1.060969 0.0
v 0.453438 -1.060969 0.0
v 0.455592 -1.048919 0.0
v 0.459062 -1.041092 0.0
v 0.463285 -1.031567 0.0
v 0.504934 -1.145516 0.0
v 0.487513 -1.137033 0.0
v -0.304053 -1.148637 0.0
v 0.472462 -1.124201 0.0
v 0.461453 -1.108482 0.0
v 0.454549 -1.090538 0.0
v 0.452218 -1.071663 0.0
v 0.452354 -1.067033 0.0
v -0.304053 -1.175492 0.0
v 0.53688 -1.175492 0.0
v 0.532457 -1.173634 0.0
v 0.523028 -1.166529 0.0
v 0.511021 -1.147337 0.0
v 0.511629 -1.148637 0.0
v 0.515858 -1.157684 0.0
v 0.576766 -1.175492 0.0
v 0.568481 -1.178674 0.0
v 0.787491 -1.5 0.0
v 0.556811 -1.180112 0.0
v 0.554959 -1.180078 0.0
v 0.543579 -1.178305 0.0
v -0.304053 -1.5 0.0
v -1.5 -1.5 0.0
v 0.601973 -1.148637 0.0
v 0.601926 -1.148835 0.0
v 0.787491 -1.175492 0.0
v 0.596222 -1.159576 0.0
v 0.588831 -1.167863 0.0
v 0.579231 -1.174545 0.0
v 0.757526 -1.065087 0.0
v 0.759731 -1.080821 0.0
v 0.787491 -1.060969 0.0
v 0.663519 -1.120203 0.0
v 0.666827 -1.118896 0.0
v 0.67249 -1.091425 0.0
v 0.59296 -1.099619 0.0
v 0.657548 -1.065879 0.0
v 0.584534 -1.091947 0.0
v 0.574306 -1.086466 0.0
v 0.660555 -1.122303 0.0
v 0.72961 -1.077069 0.0
v 0.727343 -1.067812 0.0
v 0.723652 -1.060969 0.0
v 0.483782 -1.060969 0.0
v 0.757519 -1.098025 0.0
v 0.787491 -1.148637 0.0
v 0.751464 -1.113284 0.0
v 0.741897 -1.126611 0.0
v 0.670562 -1.118417 0.0
v 0.671031 -1.118451 0.0
v 0.672477 -1.118771 0.0
v 0.486619 -1.089932 0.0
v 0.492356 -1.099693 0.0
v 0.516829 -1.104683 0.0
v 0.500997 -1.108572 0.0
v 0.511503 -1.115043 0.0
v 0.534652 -1.088724 0.0
v 0.524798 -1.095571 0.0
v 0.482583 -1.070699 0.0
v 0.483161 -1.078136 0.0
v 0.545299 -1.08465 0.0
v 0.556811 -1.083231 0.0
v 0.562671 -1.083579 0.0
v 0.728782 -1.137713 0.0
v 0.714075 -1.144909 0.0
v 0.698036 -1.148301 0.0
v 0.65562 -1.133359 0.0
v 0.655742 -1.131457 0.0
v 0.60501 -1.127093 0.0
v 0.65671 -1.127788 0.0
v 0.658564 -1.1245 0.0
v 0.720062 -1.106799 0.0
v 0.725366 -1.099281 0.0
v 0.728689 -1.090692 0.0
v 0.729847 -1.081303 0.0
v 0.669598 -1.148301 0.0
v 0.666883 -1.147863 0.0
v 0.663694 -1.146608 0.0
v 0.660568 -1.144386 0.0
v 0.659448 -1.143245 0.0
v 0.657347 -1.140217 0.0
v 0.656077 -1.136949 0.0
v 0.604748 -1.136937 0.0
v 0.60501 -1.131913 0.0
v 0.673454 -1.118899 0.0
v 0.695144 -1.118899 0.0
v 0.703802 -1.117239 0.0
v 0.712306 -1.113297 0.0
v 0.719432 -1.107476 0.0
v 0.688396 -1.043708 0.0
v 0.488151 -1.048279 0.0
v 0.484021 -1.059029 0.0
v 0.692252 -1.043708 0.0
v 0.722859 -1.059498 0.0
v 0.717309 -1.053302 0.0
v 0.709834 -1.04808 0.0
v 0.701422 -1.04484 0.0
v 0.678002 -1.014746 0.0
v 0.667129 -1.00176 0.0
v 0.556329 -1.02973 0.0
v 0.665919 -1.000658 0.0
v 0.652377 -0.991259 0.0
v 0.563692 -1.014483 0.0
v 0.493154 -1.041092 0.0
v 0.552901 -1.027855 0.0
v 0.68782 -1.041092 0.0
v 0.685442 -1.030275 0.0
v 0.542094 -1.023902 0.0
v 0.530783 -1.0225 0.0
v 0.525759 -1.022762 0.0
v 0.574502 -1.001568 0.0
v 0.637262 -0.985468 0.0
v 0.587426 -0.992126 0.0
v 0.620916 -0.983458 0.0
v 0.603172 -0.985744 0.0
v 0.513861 -1.025584 0.0
v 0.503119 -1.031288 0.0
v 0.494833 -1.038679 0.0
v 0.744982 -1.041092 0.0
v 0.751635 -1.050366 0.0
v 0.755878 -1.060969 0.0
v 1.039458 -1.140337 0.0
v 1.039458 -1.148066 0.0
v 1.045861 -1.148637 0.0
v 1.024442 -1.148637 0.0
v 1.011748 -1.117531 0.0
v 1.011748 -1.140337 0.0
v 1.024442 -1.117531 0.0
v 1.024442 -1.140337 0.0
v 1.035992 -1.117531 0.0
v 1.035992 -1.109768 0.0
v 1.011748 -1.088071 0.0
v 1.011748 -1.109768 0.0
v 1.024442 -1.088071 0.0
v 1.024442 -1.109768 0.0
v 1.037916 -1.088071 0.0
v 1.024442 -1.148066 0.0
v 1.002997 -1.148066 0.0
v 0.998422 -1.148637 0.0
v 1.002997 -1.080273 0.0
v 0.913528 -1.139629 0.0
v 0.914176 -1.139875 0.0
v 0.914176 -1.121876 0.0
v 0.912711 -1.120373 0.0
v 0.911604 -1.118604 0.0
v 0.910251 -1.137599 0.0
v 0.910668 -1.116011 0.0
v 0.910303 -1.112714 0.0
v 0.907391 -1.060969 0.0
v 0.910638 -1.109677 0.0
v 0.914101 -1.121826 0.0
v 0.910251 -1.146367 0.0
v 0.907391 -1.148637 0.0
v 0.914176 -1.147802 0.0
v 0.914176 -1.148637 0.0
v 0.915572 -1.148312 0.0
v 0.918405 -1.148637 0.0
v 0.923386 -1.149209 0.0
v 0.914176 -1.175492 0.0
v 0.945161 -1.175492 0.0
v 0.940629 -1.100687 0.0
v 0.940629 -1.108936 0.0
v 0.915744 -1.102386 0.0
v 0.918379 -1.100823 0.0
v 0.914176 -1.060969 0.0
v 0.942547 -1.138307 0.0
v 0.941504 -1.140998 0.0
v 0.939922 -1.143238 0.0
v 0.911649 -1.106944 0.0
v 0.913227 -1.104649 0.0
v 0.914176 -1.103795 0.0
v 0.923069 -1.099182 0.0
v 0.929157 -1.098538 0.0
v 0.945161 -1.060969 0.0
v 0.934977 -1.099042 0.0
v 0.940109 -1.126889 0.0
v 0.941694 -1.129228 0.0
v 0.9426 -1.131732 0.0
v 0.942951 -1.134895 0.0
v 0.937492 -1.145362 0.0
v 0.934688 -1.146991 0.0
v 0.928325 -1.105435 0.0
v 0.925812 -1.105624 0.0
v 0.919054 -1.111951 0.0
v 0.92354 -1.106225 0.0
v 0.921636 -1.107238 0.0
v 0.919131 -1.113081 0.0
v 0.919468 -1.1144 0.0
v 0.92008 -1.115546 0.0
v 0.920908 -1.116457 0.0
v 0.923902 -1.118329 0.0
v 0.933905 -1.10607 0.0
v 0.929157 -1.120616 0.0
v 0.938694 -1.107827 0.0
v 0.932445 -1.121946 0.0
v 0.938084 -1.125083 0.0
v 0.920355 -1.10837 0.0
v 0.919627 -1.109451 0.0
v 0.919208 -1.110597 0.0
v 0.918849 -1.141644 0.0
v 0.923161 -1.126785 0.0
v 0.9181 -1.124465 0.0
v 0.924218 -1.142278 0.0
v 0.924593 -1.142275 0.0
v 0.928737 -1.12912 0.0
v 0.928946 -1.141787 0.0
v 0.934234 -1.135727 0.0
v 0.934151 -1.134671 0.0
v 0.931137 -1.140985 0.0
v 0.931911 -1.140516 0.0
v 0.932886 -1.139651 0.0
v 0.933627 -1.138555 0.0
v 0.934059 -1.137347 0.0
v 0.933765 -1.133345 0.0
v 0.933109 -1.132219 0.0
v 0.932051 -1.131117 0.0
v 1.109338 -1.041092 0.0
v 1.087321 -1.04052 0.0
v 1.077652 -1.04052 0.0
v 1.070737 -1.021978 0.0
v 1.045861 -1.021978 0.0
v 1.045861 -1.041092 0.0
v 1.061501 -0.972728 0.0
v 1.109338 -0.972156 0.0
v 1.045861 -0.972156 0.0
v 1.042508 -1.021978 0.0
v 1.035992 -1.04052 0.0
v 1.024442 -1.041092 0.0
v 1.026322 -1.04052 0.0
v 1.024442 -0.972156 0.0
v 1.045861 -0.989221 0.0
v 1.052143 -0.972728 0.0
v 0.967368 -1.04052 0.0
v 0.967368 -0.972728 0.0
v 0.953019 -0.980526 0.0
v 0.953019 -0.972728 0.0
v 0.986708 -0.972728 0.0
v 0.998422 -0.972156 0.0
v 0.945161 -0.972156 0.0
v 0.945161 -0.972728 0.0
v 0.945161 -1.041092 0.0
v 0.998422 -1.041092 0.0
v 0.954562 -1.04052 0.0
v 0.997489 -1.039129 0.0
v 0.986014 -1.04052 0.0
v 0.954562 -1.032791 0.0
v 1.020714 -1.018019 0.0
v 1.017374 -1.02503 0.0
v 1.014746 -0.984062 0.0
v 1.018938 -0.989977 0.0
v 1.012338 -1.031024 0.0
v 1.005224 -1.036118 0.0
v 0.998422 -1.038765 0.0
v 1.012338 -0.981704 0.0
v 0.997059 -0.973871 0.0
v 0.998422 -0.974369 0.0
v 1.005241 -0.97686 0.0
v 1.021441 -0.996448 0.0
v 1.022562 -1.005757 0.0
v 1.022357 -1.010083 0.0
v 0.926852 -1.009986 0.0
v 0.926852 -1.032791 0.0
v 0.945161 -1.009986 0.0
v 0.945161 -1.032791 0.0
v 0.951096 -1.009986 0.0
v 0.951096 -1.002222 0.0
v 0.945161 -1.002222 0.0
v 0.945161 -0.980526 0.0
v 0.926852 -1.002222 0.0
v 0.926852 -0.980526 0.0
v 0.918101 -0.972728 0.0
v 0.914176 -0.972156 0.0
v 0.918101 -1.04052 0.0
v 0.888554 -0.979486 0.0
v 0.885504 -0.979629 0.0
v 0.901638 -1.030624 0.0
v 0.896901 -0.980483 0.0
v 0.907391 -1.041092 0.0
v 0.904532 -0.983507 0.0
v 0.904532 -1.029325 0.0
v 0.903777 -0.983099 0.0
v 0.901638 -0.982285 0.0
v 0.879665 -0.980846 0.0
v 0.874376 -0.983403 0.0
v 0.870081 -0.987007 0.0
v 0.869604 -0.98753 0.0
v 0.866332 -0.992246 0.0
v 0.864066 -0.998109 0.0
v 0.862959 -1.007386 0.0
v 0.863057 -1.010267 0.0
v 0.897846 -1.032325 0.0
v 0.890175 -1.033749 0.0
v 0.887029 -1.033865 0.0
v 0.8642 -1.016964 0.0
v 0.866444 -1.022379 0.0
v 0.869613 -1.026726 0.0
v 0.871432 -1.028474 0.0
v 0.880955 -1.033224 0.0
v 0.875994 -1.031491 0.0
v 0.904532 -0.974357 0.0
v 0.907391 -0.972156 0.0
v 0.901638 -0.973521 0.0
v 0.901638 -0.972156 0.0
v 0.897345 -0.972282 0.0
v 0.895746 -0.972156 0.0
v 0.857856 -1.025986 0.0
v 0.855101 -1.018904 0.0
v 0.852743 -1.041092 0.0
v 0.879489 -1.041092 0.0
v 0.873376 -1.039628 0.0
v 0.867107 -1.036398 0.0
v 0.853774 -1.007906 0.0
v 0.853894 -1.004366 0.0
v 0.852743 -0.972156 0.0
v 0.855431 -0.995516 0.0
v 0.858651 -0.987985 0.0
v 0.863566 -0.981566 0.0
v 0.862474 -1.03241 0.0
v 0.861896 -1.031778 0.0
v 0.865256 -0.979953 0.0
v 0.871605 -0.975513 0.0
v 0.878693 -0.972768 0.0
v 0.880535 -1.041343 0.0
v 0.852743 -1.060969 0.0
v 0.885764 -1.041664 0.0
v 0.901638 -1.060969 0.0
v 0.891746 -1.041092 0.0
v 0.904532 -1.037713 0.0
v 0.903375 -1.038289 0.0
v 0.901638 -1.041092 0.0
v 0.901638 -1.038859 0.0
v 0.896097 -1.040676 0.0
v 0.851712 -1.140337 0.0
v 0.851712 -1.148066 0.0
v 0.852743 -1.148637 0.0
v 0.815251 -1.148066 0.0
v 0.851357 -1.148637 0.0
v 0.851357 -1.148066 0.0
v 0.815251 -1.080273 0.0
v 0.85017 -1.080273 0.0
v 0.85017 -1.088071 0.0
v 0.851357 -1.060969 0.0
v 0.851357 -1.140337 0.0
v 0.824003 -1.117531 0.0
v 0.824003 -1.140337 0.0
v 0.848246 -1.117531 0.0
v 0.848246 -1.109768 0.0
v 0.824003 -1.109768 0.0
v 0.824003 -1.088071 0.0
v 0.870269 -1.148637 0.0
v 0.870114 -1.148619 0.0
v 0.864571 -1.103044 0.0
v 0.864571 -1.111293 0.0
v 0.898744 -1.116907 0.0
v 0.898744 -1.148066 0.0
v 0.901638 -1.148637 0.0
v 0.890253 -1.148066 0.0
v 0.866858 -1.147392 0.0
v 0.863999 -1.145397 0.0
v 0.863057 -1.144443 0.0
v 0.88996 -1.100097 0.0
v 0.892777 -1.101714 0.0
v 0.886388 -1.099006 0.0
v 0.86129 -1.141836 0.0
v 0.860261 -1.138966 0.0
v 0.85984 -1.135103 0.0
v 0.890253 -1.140579 0.0
v 0.890027 -1.140579 0.0
v 0.888658 -1.142655 0.0
v 0.88597 -1.145525 0.0
v 0.859869 -1.13396 0.0
v 0.860429 -1.13032 0.0
v 0.861612 -1.127339 0.0
v 0.863326 -1.12492 0.0
v 0.865957 -1.122673 0.0
v 0.869625 -1.120827 0.0
v 0.869704 -1.107957 0.0
v 0.875904 -1.119299 0.0
v 0.883321 -1.105737 0.0
v 0.880444 -1.105435 0.0
v 0.875002 -1.106047 0.0
v 0.866349 -1.102015 0.0
v 0.872668 -1.099574 0.0
v 0.881241 -1.098538 0.0
v 0.895038 -1.103885 0.0
v 0.896771 -1.106636 0.0
v 0.898097 -1.110515 0.0
v 0.890253 -1.117289 0.0
v 0.889957 -1.113534 0.0
v 0.889079 -1.110511 0.0
v 0.888082 -1.108762 0.0
v 0.886798 -1.107396 0.0
v 0.885291 -1.106425 0.0
v 0.875194 -1.149209 0.0
v 0.852743 -1.175492 0.0
v 0.879596 -1.148719 0.0
v 0.901638 -1.175492 0.0
v 0.879821 -1.148637 0.0
v 0.985044 -1.099648 0.0
v 0.993847 -1.099648 0.0
v 0.998422 -1.060969 0.0
v 1.024442 -1.060969 0.0
v 1.024442 -1.080273 0.0
v 1.045861 -1.060969 0.0
v 1.037916 -1.080273 0.0
v 0.966077 -1.148637 0.0
v 0.966363 -1.147962 0.0
v 0.94737 -1.099648 0.0
v 0.956867 -1.099648 0.0
v 0.969517 -1.136039 0.0
v 0.971822 -1.136108 0.0
v 0.970557 -1.140025 0.0
v 0.970782 -1.140025 0.0
v 0.971172 -1.138366 0.0
v 0.998422 -1.175492 0.0
v 0.958027 -1.170476 0.0
v 0.954596 -1.170871 0.0
v 0.952722 -1.170804 0.0
v 0.959378 -1.1616 0.0
v 0.960959 -1.159836 0.0
v 0.962637 -1.156765 0.0
v 0.94912 -1.170178 0.0
v 0.94912 -1.162622 0.0
v 0.950857 -1.163191 0.0
v 0.953938 -1.163593 0.0
v 0.974532 -1.148637 0.0
v 0.971874 -1.155379 0.0
v 0.96803 -1.162865 0.0
v 0.964922 -1.166597 0.0
v 0.964343 -1.167127 0.0
v 0.961378 -1.1692 0.0
v 0.956041 -1.163349 0.0
v 0.957894 -1.162636 0.0
v 1.045861 -1.175492 0.0
v 1.024442 -1.5 0.0
v 1.024442 -1.175492 0.0
v 0.998422 -1.5 0.0
v 0.945161 -1.5 0.0
v 0.914176 -1.5 0.0
v 0.907391 -1.5 0.0
v 0.907391 -1.175492 0.0
v 0.901638 -1.5 0.0
v 0.852743 -1.5 0.0
v 0.851357 -1.5 0.0
v 0.851357 -1.175492 0.0
v 0.883035 -1.14747 0.0
v 1.336109 -1.148637 0.0
v 1.109338 -1.148637 0.0
v 1.052264 -1.148066 0.0
v 1.10561 -1.125565 0.0
v 1.10227 -1.132576 0.0
v 1.097234 -1.138569 0.0
v 1.103834 -1.097523 0.0
v 1.106337 -1.103994 0.0
v 1.109338 -1.060969 0.0
v 1.107458 -1.113303 0.0
v 1.107254 -1.117629 0.0
v 1.090121 -1.143663 0.0
v 1.082385 -1.146674 0.0
v 1.070911 -1.148066 0.0
v 1.052264 -1.080273 0.0
v 1.071604 -1.080273 0.0
v 1.081956 -1.081416 0.0
v 1.090137 -1.084405 0.0
v 1.097234 -1.08925 0.0
v 1.099642 -1.091607 0.0
v 1.120888 -1.148066 0.0
v 1.111219 -1.148066 0.0
v 1.162548 -1.148066 0.0
v 1.155634 -1.129523 0.0
v 1.127404 -1.129523 0.0
v 1.137039 -1.080273 0.0
v 1.146397 -1.080273 0.0
v 0.851357 -1.041092 0.0
v 0.914176 -1.041092 0.0
v 0.851002 -1.032791 0.0
v 0.851002 -1.04052 0.0
v 0.815251 -1.04052 0.0
v 0.824003 -0.972728 0.0
v 0.851357 -0.972156 0.0
v 0.815251 -0.972728 0.0
v 0.824003 -1.032791 0.0
v 0.945161 -1.04052 0.0
v 1.172218 -1.148066 0.0
v 1.336109 -1.060969 0.0
v 1.336109 -1.041092 0.0
v 1.336109 -0.972156 0.0
v 1.5 -1.148637 0.0
v 1.5 -1.060969 0.0
v 1.5 -1.041092 0.0
v 1.5 -0.972156 0.0
v -1.5 -1.175492 0.0
v -1.5 -1.148637 0.0
v -1.5 -1.060969 0.0
v -1.5 -1.041092 0.0
v -1.5 -0.972156 0.0
v -1.5 0.052892 0.0
v 0.883747 -0.972156 0.0
v 0.852743 0.052892 0.0
v 0.851357 0.052892 0.0
v 1.5 0.052892 0.0
v 1.336109 0.052892 0.0
v 1.109338 0.052892 0.0
v 1.045861 0.052892 0.0
v 1.024442 0.052892 0.0
v 0.998422 0.052892 0.0
v 0.945161 0.052892 0.0
v 0.914176 0.052892 0.0
v 0.907391 0.052892 0.0
v 0.901638 0.052892 0.0
v 0.888468 -0.971584 0.0
v -1.065301 1.168605 0.0
v -1.079896 1.13337 0.0
v -1.103113 1.103113 0.0
v -1.5 1.5 0.0
v -1.347531 1.168605 0.0
v -1.244228 1.065301 0.0
v -1.279463 1.079896 0.0
v -1.352509 1.206416 0.0
v -1.347531 1.244228 0.0
v -1.332937 1.279463 0.0
v -1.30972 1.30972 0.0
v -1.279463 1.332937 0.0
v -1.244228 1.347531 0.0
v -1.206416 1.352509 0.0
v -1.168605 1.347531 0.0
v -0.304053 1.5 0.0
v -1.13337 1.332937 0.0
v -1.103113 1.30972 0.0
v -1.079896 1.279463 0.0
v -1.065301 1.244228 0.0
v -1.060323 1.206416 0.0
v -1.13337 1.079896 0.0
v -1.168605 1.065301 0.0
v -1.206416 1.060323 0.0
v -1.30972 1.103113 0.0
v -1.332937 1.13337 0.0
v 1.5 1.5 0.0
v 1.336109 1.5 0.0
v 1.109338 1.5 0.0
v 1.045861 1.5 0.0
v 1.024442 1.5 0.0
v 0.998422 1.5 0.0
v 0.945161 1.5 0.0
v 0.914176 1.5 0.0
v 0.907391 1.5 0.0
v 0.901638 1.5 0.0
v 0.852743 1.5 0.0
v 0.851357 1.5 0.0
v 0.787491 1.5 0.0
v -1.077177 0.317055 -0.65
v -1.133414 0.293761 -0.65
v -1.5 0.575 -0.65
v -1.181705 0.256705 -0.65
v -1.218761 0.208414 -0.65
v -0.632945 0.152177 -0.65
v -0.656239 0.208414 -0.65
v -0.325 0.575 -0.65
v -0.693295 0.256705 -0.65
v -0.741586 0.293761 -0.65
v -1.244154 -0.593713 -0.65
v -1.226909 -0.642997 -0.65
v -1.5 -1.125 -0.65
v -1.199129 -0.687208 -0.65
v -1.162208 -0.724129 -0.65
v -1.117997 -0.751909 -0.65
v -0.325 -1.125 -0.65
v -0.806287 -0.769154 -0.65
v -0.757003 -0.751909 -0.65
v -0.797823 0.317055 -0.65
v -0.858173 0.325 -0.65
v -1.016827 0.325 -0.65
v -1.242055 0.152177 -0.65
v -1.25 0.091827 -0.65
v -1.25 -0.541827 -0.65
v -1.068713 -0.769154 -0.65
v -1.016827 -0.775 -0.65
v -0.858173 -0.775 -0.65
v -0.712792 -0.724129 -0.65
v -0.675871 -0.687208 -0.65
v -0.648091 -0.642997 -0.65
v -0.630846 -0.593713 -0.65
v -0.625 -0.541827 -0.65
v -0.625 0.091827 -0.65
v -0.325 -1.5 -0.65
v -1.5 -1.5 -0.65
v -0.325 -1.325 -0.65
v -1.5 -1.325 -0.65
v 1.5 0.775 -0.65
v 1.5 1.5 -0.65
v 1.5 0.575 -0.65
v 1.5 -1.5 -0.65
v 1.25 -1.5 -0.65
v 0.53 -1.5 -0.65
v 0.225 -1.5 -0.65
v -1.5 1.5 -0.65
v -1.5 0.775 -0.65
v 0.575 1.5 -0.65
v 0.325 1.5 -0.65
v -0.325 1.5 -0.65
v -0.575 1.5 -0.65
v 1.225 1.5 -0.65
v -0.775 1.5 -0.65
v -1.025 1.5 -0.65
v -1.225 1.5 -0.65
v 1.025 1.5 -0.65
v 0.775 1.5 -0.65
v 0.125 1.5 -0.65
v -0.125 1.5 -0.65
v -1.225 1.2 -0.65
v 0.156705 0.706705 -0.65
v 0.108414 0.743761 -0.65
v 0.320048 1.128306 -0.65
v 0.531254 0.613874 -0.65
v 0.225 0.541827 -0.65
v 0.53 0.625 -0.65
v 0.217055 0.602177 -0.65
v 1.043826 1.110909 -0.65
v 1.053306 1.104952 -0.65
v 0.58 0.775 -0.65
v 0.193761 0.658414 -0.65
v 0.548826 0.764092 -0.65
v 0.540908 0.756175 -0.65
v 0.534952 0.746694 -0.65
v 0.531254 0.736126 -0.65
v 0.53 0.725 -0.65
v 0.593826 1.110909 -0.65
v 0.585908 1.118826 -0.65
v 0.579952 1.128306 -0.65
v 0.576254 1.138874 -0.65
v 0.746694 1.104952 -0.65
v 1.026254 1.138874 -0.65
v 0.756175 1.110909 -0.65
v 0.764092 1.118826 -0.65
v 0.325 1.15 -0.65
v 0.135908 1.118826 -0.65
v 0.143826 1.110909 -0.65
v 0.052177 0.767055 -0.65
v 0.153306 1.104952 -0.65
v 0.163874 1.101254 -0.65
v 0.175 1.1 -0.65
v 0.296694 1.104952 -0.65
v 0.306174 1.110909 -0.65
v 0.314092 1.118826 -0.65
v -1.125 1.1 -0.65
v -1.075 1.1 -0.65
v -0.008173 0.775 -0.65
v -0.585908 1.118826 -0.65
v -0.593826 1.110909 -0.65
v -0.603306 1.104952 -0.65
v -0.770048 1.128306 -0.65
v -0.764092 1.118826 -0.65
v -1.026254 1.138874 -0.65
v -0.756175 1.110909 -0.65
v -0.320048 1.128306 -0.65
v -0.314092 1.118826 -0.65
v -0.576254 1.138874 -0.65
v -0.306174 1.110909 -0.65
v -0.579952 1.128306 -0.65
v -0.153306 1.104952 -0.65
v 0.129952 1.128306 -0.65
v -0.126254 1.138874 -0.65
v 1.25 0.15 -0.65
v 0.53 0.15 -0.65
v 0.558306 0.770048 -0.65
v 0.568874 0.773746 -0.65
v 1.029952 1.128306 -0.65
v 1.035908 1.118826 -0.65
v 0.775 1.15 -0.65
v 1.025 1.15 -0.65
v 0.773746 1.138874 -0.65
v 0.770048 1.128306 -0.65
v 0.323746 1.138874 -0.65
v 0.575 1.15 -0.65
v 0.275 1.1 -0.65
v 0.286126 1.101254 -0.65
v -1.063874 1.101254 -0.65
v -1.053306 1.104952 -0.65
v -1.043826 1.110909 -0.65
v -0.296694 1.104952 -0.65
v -0.286126 1.101254 -0.65
v -0.275 1.1 -0.65
v 1.244986 0.194504 -0.65
v 1.230194 0.236777 -0.65
v 1.206366 0.274698 -0.65
v 1.174698 0.306366 -0.65
v 1.136777 0.330194 -0.65
v 0.58 0.575 -0.65
v 0.568874 0.576254 -0.65
v 0.603306 1.104952 -0.65
v 0.613874 1.101254 -0.65
v 0.625 1.1 -0.65
v -0.736126 1.101254 -0.65
v -0.725 1.1 -0.65
v -0.175 1.1 -0.65
v -0.163874 1.101254 -0.65
v 1.186126 1.101254 -0.65
v 1.196694 1.104952 -0.65
v 1.206174 1.110909 -0.65
v 1.225 1.15 -0.65
v 1.223746 1.138874 -0.65
v 0.725 1.1 -0.65
v 0.736126 1.101254 -0.65
v -0.625 1.1 -0.65
v -0.613874 1.101254 -0.65
v -1.025 1.15 -0.65
v -0.775 1.15 -0.65
v -0.773746 1.138874 -0.65
v -0.575 1.15 -0.65
v -0.325 1.15 -0.65
v -0.323746 1.138874 -0.65
v -0.143826 1.110909 -0.65
v -0.135908 1.118826 -0.65
v -0.129952 1.128306 -0.65
v 1.214092 1.118826 -0.65
v 1.220048 1.128306 -0.65
v -1.035908 1.118826 -0.65
v -1.029952 1.128306 -0.65
v -0.746694 1.104952 -0.65
v 0.558306 0.579952 -0.65
v 1.094504 0.344986 -0.65
v 1.05 0.35 -0.65
v 0.534952 0.603306 -0.65
v 0.540908 0.593826 -0.65
v 0.548826 0.585908 -0.65
v 0.535014 0.194504 -0.65
v 1.063874 1.101254 -0.65
v 1.075 1.1 -0.65
v 1.175 1.1 -0.65
v -0.125 1.15 -0.65
v 0.125 1.15 -0.65
v 0.126254 1.138874 -0.65
v 0.73 0.35 -0.65
v 0.685496 0.344986 -0.65
v 0.643223 0.330194 -0.65
v 0.605302 0.306366 -0.65
v 0.573634 0.274698 -0.65
v 0.549806 0.236777 -0.65
v 1.063874 1.101254 -0.48
v 1.053306 1.104952 -0.48
v 1.043826 1.110909 -0.48
v 1.035908 1.118826 -0.48
v 1.029952 1.128306 -0.48
v 1.026254 1.138874 -0.48
v 1.223746 1.138874 -0.48
v 1.220048 1.128306 -0.48
v 1.214092 1.118826 -0.48
v 1.206174 1.110909 -0.48
v 1.196694 1.104952 -0.48
v 1.186126 1.101254 -0.48
newmtl 4
Ka 0.792156862745098 0.8196078431372549 0.9333333333333333
Kd 0.792156862745098 0.8196078431372549 0.9333333333333333
Ks 0.396078431372549 0.4117647058823529 0.4666666666666667
d 0.0
endmtl
v 1.094504 0.344986 -0.48
v 1.136777 0.330194 -0.48
v 1.174698 0.306366 -0.48
v 1.206366 0.274698 -0.48
v 1.230194 0.236777 -0.48
v 1.244986 0.194504 -0.48
v 0.535014 0.194504 -0.48
v 0.549806 0.236777 -0.48
v 0.573634 0.274698 -0.48
v 0.605302 0.306366 -0.48
v 0.643223 0.330194 -0.48
v 0.685496 0.344986 -0.48
v 0.613874 1.101254 -0.48
v 0.603306 1.104952 -0.48
v 0.593826 1.110909 -0.48
v 0.585908 1.118826 -0.48
v 0.579952 1.128306 -0.48
v 0.576254 1.138874 -0.48
v 0.773746 1.138874 -0.48
v 0.770048 1.128306 -0.48
v 0.764092 1.118826 -0.48
v 0.756175 1.110909 -0.48
v 0.746694 1.104952 -0.48
v 0.736126 1.101254 -0.48
v 0.163874 1.101254 -0.48
v 0.153306 1.104952 -0.48
v 0.143826 1.110909 -0.48
v 0.135908 1.118826 -0.48
v 0.129952 1.128306 -0.48
v 0.126254 1.138874 -0.48
v 0.323746 1.138874 -0.48
v 0.320048 1.128306 -0.48
v 0.314092 1.118826 -0.48
v 0.306174 1.110909 -0.48
v 0.296694 1.104952 -0.48
v 0.286126 1.101254 -0.48
v -0.286126 1.101254 -0.48
v -0.296694 1.104952 -0.48
v -0.306174 1.110909 -0.48
v -0.314092 1.118826 -0.48
v -0.320048 1.128306 -0.48
v -0.323746 1.138874 -0.48
v -0.126254 1.138874 -0.48
v -0.129952 1.128306 -0.48
v -0.135908 1.118826 -0.48
v -0.143826 1.110909 -0.48
v -0.153306 1.104952 -0.48
v -0.163874 1.101254 -0.48
v -0.736126 1.101254 -0.48
v -0.746694 1.104952 -0.48
v -0.756175 1.110909 -0.48
v -0.764092 1.118826 -0.48
v -0.770048 1.128306 -0.48
v -0.773746 1.138874 -0.48
v -0.576254 1.138874 -0.48
v -0.579952 1.128306 -0.48
v -0.585908 1.118826 -0.48
v -0.593826 1.110909 -0.48
v -0.603306 1.104952 -0.48
v -0.613874 1.101254 -0.48
v -1.068713 -0.769154 -0.48
v -1.117997 -0.751909 -0.48
v -1.162208 -0.724129 -0.48
v -1.199129 -0.687208 -0.48
v -1.226909 -0.642997 -0.48
v -1.244154 -0.593713 -0.48
v -0.630846 -0.593713 -0.48
v -0.648091 -0.642997 -0.48
v -0.675871 -0.687208 -0.48
v -0.712792 -0.724129 -0.48
v -0.757003 -0.751909 -0.48
v -0.806287 -0.769154 -0.48
v -0.797823 0.317055 -0.48
v -0.741586 0.293761 -0.48
v -0.656239 0.208414 -0.48
v -0.632945 0.152177 -0.48
v -1.242055 0.152177 -0.48
v -1.218761 0.208414 -0.48
v -1.133414 0.293761 -0.48
v -1.077177 0.317055 -0.48
v 0.052177 0.767055 -0.48
v 0.108414 0.743761 -0.48
v 0.156705 0.706705 -0.48
v 0.193761 0.658414 -0.48
v 0.217055 0.602177 -0.48
v -1.026254 1.138874 -0.48
v -1.029952 1.128306 -0.48
v -1.035908 1.118826 -0.48
v -1.043826 1.110909 -0.48
v -1.053306 1.104952 -0.48
v -1.063874 1.101254 -0.48
v -1.060323 1.206416 -0.001
v -1.065301 1.244228 -0.001
v -1.079896 1.279463 -0.001
v -1.103113 1.30972 -0.001
v -1.13337 1.332937 -0.001
v -1.168605 1.347531 -0.001
v -1.206416 1.352509 -0.001
v -1.244228 1.347531 -0.001
v -1.279463 1.332937 -0.001
v -1.30972 1.30972 -0.001
v -1.332937 1.279463 -0.001
v -1.347531 1.244228 -0.001
v -1.352509 1.206416 -0.001
v -1.347531 1.168605 -0.001
v -1.332937 1.13337 -0.001
v -1.30972 1.103113 -0.001
v -1.279463 1.079896 -0.001
v -1.244228 1.065301 -0.001
v -1.206416 1.060323 -0.001
v -1.168605 1.065301 -0.001
v -1.13337 1.079896 -0.001
v -1.103113 1.103113 -0.001
v -1.079896 1.13337 -0.001
v -1.065301 1.168605 -0.001
v -1.206416 1.206416 -0.001
v 0.851002 -1.032791 0.001
v 0.851002 -1.04052 0.001
newmtl 5
Ka 1.0 1.0 1.0
Kd 1.0 1.0 1.0
Ks 0.5019607843137255 0.5019607843137255 0.5019607843137255
d 0.0
endmtl
v 0.824003 -1.032791 0.001
v 0.824003 -0.972728 0.001
v 0.815251 -0.972728 0.001
v 0.815251 -1.04052 0.001
v 0.903375 -1.038289 0.001
v 0.896097 -1.040676 0.001
v 0.885764 -1.041664 0.001
v 0.904532 -1.037713 0.001
v 0.904532 -1.029325 0.001
v 0.897846 -1.032325 0.001
v 0.890175 -1.033749 0.001
v 0.887029 -1.033865 0.001
v 0.880955 -1.033224 0.001
v 0.875994 -1.031491 0.001
v 0.871432 -1.028474 0.001
v 0.869613 -1.026726 0.001
v 0.866444 -1.022379 0.001
v 0.8642 -1.016964 0.001
v 0.863057 -1.010267 0.001
v 0.862959 -1.007386 0.001
v 0.864066 -0.998109 0.001
v 0.866332 -0.992246 0.001
v 0.869604 -0.98753 0.001
v 0.870081 -0.987007 0.001
v 0.874376 -0.983403 0.001
v 0.879665 -0.980846 0.001
v 0.885504 -0.979629 0.001
v 0.888554 -0.979486 0.001
v 0.903777 -0.983099 0.001
v 0.896901 -0.980483 0.001
v 0.904532 -0.983507 0.001
v 0.904532 -0.974357 0.001
v 0.897345 -0.972282 0.001
v 0.888468 -0.971584 0.001
v 0.878693 -0.972768 0.001
v 0.871605 -0.975513 0.001
v 0.865256 -0.979953 0.001
v 0.863566 -0.981566 0.001
v 0.858651 -0.987985 0.001
v 0.855431 -0.995516 0.001
v 0.853894 -1.004366 0.001
v 0.853774 -1.007906 0.001
v 0.855101 -1.018904 0.001
v 0.857856 -1.025986 0.001
v 0.861896 -1.031778 0.001
v 0.862474 -1.03241 0.001
v 0.867107 -1.036398 0.001
v 0.880535 -1.041343 0.001
v 0.873376 -1.039628 0.001
v 0.954562 -1.032791 0.001
v 0.954562 -1.04052 0.001
v 0.926852 -1.032791 0.001
v 0.926852 -1.009986 0.001
v 0.951096 -1.009986 0.001
v 0.951096 -1.002222 0.001
v 0.926852 -1.002222 0.001
v 0.926852 -0.980526 0.001
v 0.953019 -0.980526 0.001
v 0.953019 -0.972728 0.001
v 0.918101 -0.972728 0.001
v 0.918101 -1.04052 0.001
v 1.009419 -1.021649 0.001
v 1.006116 -1.025721 0.001
v 1.012338 -1.031024 0.001
v 1.005301 -1.02648 0.001
v 1.005224 -1.036118 0.001
v 1.000923 -1.029513 0.001
v 0.997489 -1.039129 0.001
v 0.995314 -1.03168 0.001
v 0.986014 -1.04052 0.001
v 0.985962 -1.032791 0.001
v 0.967368 -1.04052 0.001
v 0.976119 -1.032791 0.001
v 0.967368 -0.972728 0.001
v 0.976119 -0.980526 0.001
v 0.986708 -0.972728 0.001
v 0.986361 -0.980526 0.001
v 0.997059 -0.973871 0.001
v 0.995562 -0.981607 0.001
v 1.005241 -0.97686 0.001
v 1.00136 -0.98381 0.001
v 1.012338 -0.981704 0.001
v 1.005926 -0.986903 0.001
v 1.014746 -0.984062 0.001
v 1.007838 -0.988791 0.001
v 1.018938 -0.989977 0.001
v 1.01046 -0.992597 0.001
v 1.021441 -0.996448 0.001
v 1.012366 -0.997558 0.001
v 1.022562 -1.005757 0.001
v 1.01336 -1.006 0.001
v 1.022357 -1.010083 0.001
v 1.013117 -1.010466 0.001
v 1.020714 -1.018019 0.001
v 1.011776 -1.016638 0.001
v 1.017374 -1.02503 0.001
v 0.986361 -0.980526 0.0
v 0.976119 -0.980526 0.0
v 0.976119 -1.032791 0.0
v 0.985962 -1.032791 0.0
v 1.006116 -1.025721 0.0
v 1.005301 -1.02648 0.0
v 1.000923 -1.029513 0.0
v 0.995314 -1.03168 0.0
v 1.01336 -1.006 0.0
v 1.013117 -1.010466 0.0
v 1.011776 -1.016638 0.0
v 1.009419 -1.021649 0.0
v 1.005926 -0.986903 0.0
v 1.007838 -0.988791 0.0
v 1.01046 -0.992597 0.0
v 1.012366 -0.997558 0.0
v 0.995562 -0.981607 0.0
v 1.00136 -0.98381 0.0
v 1.045281 -1.014318 0.001
v 1.042508 -1.021978 0.001
v 1.068034 -1.014318 0.001
v 1.070737 -1.021978 0.001
v 1.055418 -0.986141 0.001
v 1.052143 -0.972728 0.001
v 1.026322 -1.04052 0.001
v 1.035992 -1.04052 0.001
v 1.056005 -0.984117 0.001
v 1.056527 -0.981392 0.001
v 1.061501 -0.972728 0.001
v 1.056735 -0.981392 0.001
v 1.057283 -0.98426 0.001
v 1.057792 -0.986141 0.001
v 1.087321 -1.04052 0.001
v 1.077652 -1.04052 0.001
v 1.045281 -1.014318 0.0
v 1.068034 -1.014318 0.0
v 1.057792 -0.986141 0.0
v 1.056735 -0.981392 0.0
v 1.057283 -0.98426 0.0
v 1.056527 -0.981392 0.0
v 1.055418 -0.986141 0.0
v 1.056005 -0.984117 0.0
v 0.851712 -1.140337 0.001
v 0.851712 -1.148066 0.001
v 0.824003 -1.140337 0.001
v 0.824003 -1.117531 0.001
v 0.848246 -1.117531 0.001
v 0.848246 -1.109768 0.001
v 0.824003 -1.109768 0.001
v 0.824003 -1.088071 0.001
v 0.85017 -1.088071 0.001
v 0.85017 -1.080273 0.001
v 0.815251 -1.080273 0.001
v 0.815251 -1.148066 0.001
v 0.890253 -1.148066 0.001
v 0.898744 -1.148066 0.001
v 0.890253 -1.140579 0.001
v 0.898744 -1.116907 0.001
v 0.890253 -1.117289 0.001
v 0.87175 -1.127465 0.001
v 0.873719 -1.12651 0.001
v 0.890027 -1.140579 0.001
v 0.885549 -1.139332 0.001
v 0.888658 -1.142655 0.001
v 0.883149 -1.140952 0.001
v 0.878919 -1.125295 0.001
v 0.890253 -1.12377 0.001
v 0.890253 -1.128414 0.001
v 0.890244 -1.128978 0.001
v 0.889698 -1.132766 0.001
v 0.888452 -1.135796 0.001
v 0.886613 -1.138292 0.001
v 0.889957 -1.113534 0.001
v 0.898097 -1.110515 0.001
v 0.889079 -1.110511 0.001
v 0.896771 -1.106636 0.001
v 0.888082 -1.108762 0.001
v 0.895038 -1.103885 0.001
v 0.886798 -1.107396 0.001
v 0.892777 -1.101714 0.001
v 0.885291 -1.106425 0.001
v 0.88996 -1.100097 0.001
v 0.883321 -1.105737 0.001
v 0.886388 -1.099006 0.001
v 0.880444 -1.105435 0.001
v 0.881241 -1.098538 0.001
v 0.875002 -1.106047 0.001
v 0.872668 -1.099574 0.001
v 0.869704 -1.107957 0.001
v 0.866349 -1.102015 0.001
v 0.864571 -1.111293 0.001
v 0.864571 -1.103044 0.001
v 0.870191 -1.139334 0.001
v 0.863999 -1.145397 0.001
v 0.870913 -1.140059 0.001
v 0.866858 -1.147392 0.001
v 0.872605 -1.141215 0.001
v 0.870114 -1.148619 0.001
v 0.874526 -1.14192 0.001
v 0.875194 -1.149209 0.001
v 0.877394 -1.142243 0.001
v 0.879596 -1.148719 0.001
v 0.880573 -1.141888 0.001
v 0.883035 -1.14747 0.001
v 0.88597 -1.145525 0.001
v 0.868524 -1.133062 0.001
v 0.859869 -1.13396 0.001
v 0.868452 -1.13441 0.001
v 0.85984 -1.135103 0.001
v 0.868668 -1.13636 0.001
v 0.860261 -1.138966 0.001
v 0.869226 -1.137902 0.001
v 0.86129 -1.141836 0.001
v 0.863057 -1.144443 0.001
v 0.875904 -1.119299 0.001
v 0.869625 -1.120827 0.001
v 0.870705 -1.128276 0.001
v 0.865957 -1.122673 0.001
v 0.869689 -1.129534 0.001
v 0.863326 -1.12492 0.001
v 0.868944 -1.131118 0.001
v 0.861612 -1.127339 0.001
v 0.860429 -1.13032 0.001
v 0.870705 -1.128276 0.0
v 0.87175 -1.127465 0.0
v 0.873719 -1.12651 0.0
v 0.878919 -1.125295 0.0
v 0.868452 -1.13441 0.0
v 0.868524 -1.133062 0.0
v 0.868944 -1.131118 0.0
v 0.869689 -1.129534 0.0
v 0.870913 -1.140059 0.0
v 0.870191 -1.139334 0.0
v 0.869226 -1.137902 0.0
v 0.868668 -1.13636 0.0
v 0.877394 -1.142243 0.0
v 0.874526 -1.14192 0.0
v 0.872605 -1.141215 0.0
v 0.886613 -1.138292 0.0
v 0.885549 -1.139332 0.0
v 0.883149 -1.140952 0.0
v 0.880573 -1.141888 0.0
v 0.890253 -1.128414 0.0
v 0.890244 -1.128978 0.0
v 0.889698 -1.132766 0.0
v 0.888452 -1.135796 0.0
v 0.890253 -1.12377 0.0
v 0.924218 -1.142278 0.001
v 0.913528 -1.139629 0.001
v 0.918849 -1.141644 0.001
v 0.910251 -1.137599 0.001
v 0.910251 -1.146367 0.001
v 0.915572 -1.148312 0.001
v 0.923386 -1.149209 0.001
v 0.929953 -1.148562 0.001
v 0.934688 -1.146991 0.001
v 0.937492 -1.145362 0.001
v 0.939922 -1.143238 0.001
v 0.941504 -1.140998 0.001
v 0.942547 -1.138307 0.001
v 0.942951 -1.134895 0.001
v 0.9426 -1.131732 0.001
v 0.941694 -1.129228 0.001
v 0.940109 -1.126889 0.001
v 0.938084 -1.125083 0.001
v 0.932445 -1.121946 0.001
v 0.929157 -1.120616 0.001
v 0.923902 -1.118329 0.001
v 0.920908 -1.116457 0.001
v 0.92008 -1.115546 0.001
v 0.919468 -1.1144 0.001
v 0.919131 -1.113081 0.001
v 0.919054 -1.111951 0.001
v 0.919208 -1.110597 0.001
v 0.919627 -1.109451 0.001
v 0.920355 -1.10837 0.001
v 0.921636 -1.107238 0.001
v 0.92354 -1.106225 0.001
v 0.925812 -1.105624 0.001
v 0.928325 -1.105435 0.001
v 0.933905 -1.10607 0.001
v 0.938694 -1.107827 0.001
v 0.940629 -1.108936 0.001
v 0.940629 -1.100687 0.001
v 0.934977 -1.099042 0.001
v 0.929157 -1.098538 0.001
v 0.923069 -1.099182 0.001
v 0.918379 -1.100823 0.001
v 0.915744 -1.102386 0.001
v 0.913227 -1.104649 0.001
v 0.911649 -1.106944 0.001
v 0.910638 -1.109677 0.001
v 0.910303 -1.112714 0.001
v 0.910668 -1.116011 0.001
v 0.911604 -1.118604 0.001
v 0.912711 -1.120373 0.001
v 0.923161 -1.126785 0.001
v 0.9181 -1.124465 0.001
v 0.914101 -1.121826 0.001
v 0.928737 -1.12912 0.001
v 0.932051 -1.131117 0.001
v 0.933109 -1.132219 0.001
v 0.933765 -1.133345 0.001
v 0.934151 -1.134671 0.001
v 0.934234 -1.135727 0.001
v 0.934059 -1.137347 0.001
v 0.933627 -1.138555 0.001
v 0.932886 -1.139651 0.001
v 0.931911 -1.140516 0.001
v 0.931137 -1.140985 0.001
v 0.928946 -1.141787 0.001
v 0.924593 -1.142275 0.001
v 0.985044 -1.099648 0.001
v 0.993847 -1.099648 0.001
v 0.971822 -1.136108 0.001
v 0.971172 -1.138366 0.001
v 0.970782 -1.140025 0.001
v 0.970557 -1.140025 0.001
v 0.969517 -1.136039 0.001
v 0.956867 -1.099648 0.001
v 0.94737 -1.099648 0.001
v 0.966363 -1.147962 0.001
v 0.962637 -1.156765 0.001
v 0.960959 -1.159836 0.001
v 0.959378 -1.1616 0.001
v 0.957894 -1.162636 0.001
v 0.956041 -1.163349 0.001
v 0.953938 -1.163593 0.001
v 0.950857 -1.163191 0.001
v 0.94912 -1.162622 0.001
v 0.94912 -1.170178 0.001
v 0.952722 -1.170804 0.001
v 0.954596 -1.170871 0.001
v 0.958027 -1.170476 0.001
v 0.961378 -1.1692 0.001
v 0.964343 -1.167127 0.001
v 0.964922 -1.166597 0.001
v 0.96803 -1.162865 0.001
v 0.971874 -1.155379 0.001
v 1.039458 -1.140337 0.001
v 1.039458 -1.148066 0.001
v 1.011748 -1.140337 0.001
v 1.011748 -1.117531 0.001
v 1.035992 -1.117531 0.001
v 1.035992 -1.109768 0.001
v 1.011748 -1.109768 0.001
v 1.011748 -1.088071 0.001
v 1.037916 -1.088071 0.001
v 1.037916 -1.080273 0.001
v 1.002997 -1.080273 0.001
v 1.002997 -1.148066 0.001
v 1.094315 -1.129194 0.001
v 1.091013 -1.133266 0.001
v 1.097234 -1.138569 0.001
v 1.090197 -1.134026 0.001
v 1.090121 -1.143663 0.001
v 1.085819 -1.137059 0.001
v 1.082385 -1.146674 0.001
v 1.08021 -1.139225 0.001
v 1.070911 -1.148066 0.001
v 1.070859 -1.140337 0.001
v 1.052264 -1.148066 0.001
v 1.061016 -1.140337 0.001
v 1.052264 -1.080273 0.001
v 1.061016 -1.088071 0.001
v 1.071604 -1.080273 0.001
v 1.071257 -1.088071 0.001
v 1.081956 -1.081416 0.001
v 1.080458 -1.089152 0.001
v 1.090137 -1.084405 0.001
v 1.086256 -1.091355 0.001
v 1.097234 -1.08925 0.001
v 1.090822 -1.094449 0.001
v 1.099642 -1.091607 0.001
v 1.092734 -1.096336 0.001
v 1.103834 -1.097523 0.001
v 1.095356 -1.100142 0.001
v 1.106337 -1.103994 0.001
v 1.097262 -1.105104 0.001
v 1.107458 -1.113303 0.001
v 1.098256 -1.113546 0.001
v 1.107254 -1.117629 0.001
v 1.098013 -1.118012 0.001
v 1.10561 -1.125565 0.001
v 1.096672 -1.124184 0.001
v 1.10227 -1.132576 0.001
v 1.071257 -1.088071 0.0
v 1.061016 -1.088071 0.0
v 1.061016 -1.140337 0.0
v 1.070859 -1.140337 0.0
v 1.091013 -1.133266 0.0
v 1.090197 -1.134026 0.0
v 1.085819 -1.137059 0.0
v 1.08021 -1.139225 0.0
v 1.098256 -1.113546 0.0
v 1.098013 -1.118012 0.0
v 1.096672 -1.124184 0.0
v 1.094315 -1.129194 0.0
v 1.090822 -1.094449 0.0
v 1.092734 -1.096336 0.0
v 1.095356 -1.100142 0.0
v 1.097262 -1.105104 0.0
v 1.080458 -1.089152 0.0
v 1.086256 -1.091355 0.0
v 1.130177 -1.121864 0.001
v 1.127404 -1.129523 0.001
v 1.15293 -1.121864 0.001
v 1.155634 -1.129523 0.001
v 1.140314 -1.093686 0.001
v 1.137039 -1.080273 0.001
v 1.111219 -1.148066 0.001
v 1.120888 -1.148066 0.001
v 1.140901 -1.091663 0.001
v 1.141424 -1.088938 0.001
v 1.146397 -1.080273 0.001
v 1.141631 -1.088938 0.001
v 1.142179 -1.091806 0.001
v 1.142689 -1.093686 0.001
v 1.172218 -1.148066 0.001
v 1.162548 -1.148066 0.001
v 1.130177 -1.121864 0.0
v 1.15293 -1.121864 0.0
v 1.142689 -1.093686 0.0
v 1.141631 -1.088938 0.0
v 1.142179 -1.091806 0.0
v 1.141424 -1.088938 0.0
v 1.140314 -1.093686 0.0
v 1.140901 -1.091663 0.0
v 0.515858 -1.157684 0.001
v 0.523028 -1.166529 0.001
v 0.511503 -1.115043 0.001
v 0.503119 -1.031288 0.001
v 0.513861 -1.025584 0.001
v 0.511315 -0.995925 0.001
v 0.541387 -0.994544 0.001
v 0.556329 -1.02973 0.001
v 0.563692 -1.014483 0.001
v 0.60501 -1.131913 0.001
v 0.60501 -1.127093 0.001
v 0.564309 -1.115386 0.001
v 0.559782 -1.113919 0.001
v 0.500997 -1.108572 0.001
v 0.504934 -1.145516 0.001
v 0.511021 -1.147337 0.001
v 0.530301 -0.99358 0.001
v 0.571476 -1.121265 0.001
v 0.573687 -1.12516 0.001
v 0.604748 -1.136937 0.001
v 0.67249 -1.091425 0.001
v 0.657548 -1.065879 0.001
v 0.59296 -1.099619 0.001
v 0.556329 -1.113597 0.001
v 0.551635 -1.114196 0.001
v 0.545299 -1.08465 0.001
v 0.547424 -1.115853 0.001
v 0.534652 -1.088724 0.001
v 0.543653 -1.118528 0.001
v 0.524798 -1.095571 0.001
v 0.541691 -1.120608 0.001
v 0.516829 -1.104683 0.001
v 0.539213 -1.124604 0.001
v 0.537809 -1.129146 0.001
v 0.537585 -1.133845 0.001
v 0.574306 -1.086466 0.001
v 0.562671 -1.083579 0.001
v 0.556811 -1.083231 0.001
v 0.568273 -1.117895 0.001
v 0.688396 -1.043708 0.001
v 0.692252 -1.043708 0.001
v 0.712013 -1.01768 0.001
v 0.701422 -1.04484 0.001
v 0.714382 -1.018476 0.001
v 0.709834 -1.04808 0.001
v 0.728725 -1.025595 0.001
v 0.741798 -1.036654 0.001
v 0.551268 -0.983036 0.001
v 0.574502 -1.001568 0.001
v 0.562595 -0.973336 0.001
v 0.587426 -0.992126 0.001
v 0.575743 -0.965328 0.001
v 0.525759 -1.022762 0.001
v 0.530783 -1.0225 0.001
v 0.535844 -0.993881 0.001
v 0.542094 -1.023902 0.001
v 0.552901 -1.027855 0.001
v 0.584534 -1.091947 0.001
v 0.741897 -1.126611 0.001
v 0.719432 -1.107476 0.001
v 0.728782 -1.137713 0.001
v 0.712306 -1.113297 0.001
v 0.714075 -1.144909 0.001
v 0.703802 -1.117239 0.001
v 0.698036 -1.148301 0.001
v 0.695144 -1.118899 0.001
v 0.669598 -1.148301 0.001
v 0.673454 -1.118899 0.001
v 0.666883 -1.147863 0.001
v 0.538493 -1.138359 0.001
v 0.540415 -1.142403 0.001
v 0.717309 -1.053302 0.001
v 0.722859 -1.059498 0.001
v 0.751635 -1.050366 0.001
v 0.727343 -1.067812 0.001
v 0.757526 -1.065087 0.001
v 0.72961 -1.077069 0.001
v 0.759731 -1.080821 0.001
v 0.729847 -1.081303 0.001
v 0.757519 -1.098025 0.001
v 0.728689 -1.090692 0.001
v 0.751464 -1.113284 0.001
v 0.725366 -1.099281 0.001
v 0.720062 -1.106799 0.001
v 0.685986 -0.979602 0.001
v 0.667129 -1.00176 0.001
v 0.702329 -0.998646 0.001
v 0.678002 -1.014746 0.001
v 0.685442 -1.030275 0.001
v 0.484021 -1.059029 0.001
v 0.452354 -1.067033 0.001
v 0.482583 -1.070699 0.001
v 0.452218 -1.071663 0.001
v 0.483161 -1.078136 0.001
v 0.454549 -1.090538 0.001
v 0.486619 -1.089932 0.001
v 0.461453 -1.108482 0.001
v 0.492356 -1.099693 0.001
v 0.472462 -1.124201 0.001
v 0.487513 -1.137033 0.001
v 0.574917 -1.129569 0.001
v 0.575035 -1.134244 0.001
v 0.601926 -1.148835 0.001
v 0.573961 -1.13889 0.001
v 0.596222 -1.159576 0.001
v 0.571783 -1.143074 0.001
v 0.588831 -1.167863 0.001
v 0.568918 -1.146345 0.001
v 0.579231 -1.174545 0.001
v 0.565245 -1.14895 0.001
v 0.568481 -1.178674 0.001
v 0.561061 -1.150595 0.001
v 0.556811 -1.180112 0.001
v 0.556329 -1.151193 0.001
v 0.554959 -1.180078 0.001
v 0.555507 -1.151175 0.001
v 0.543579 -1.178305 0.001
v 0.55118 -1.150469 0.001
v 0.532457 -1.173634 0.001
v 0.546823 -1.148598 0.001
v 0.543134 -1.14577 0.001
v 0.598065 -0.957117 0.001
v 0.603172 -0.985744 0.001
v 0.620434 -0.954538 0.001
v 0.620916 -0.983458 0.001
v 0.642626 -0.957147 0.001
v 0.637262 -0.985468 0.001
v 0.666603 -0.966246 0.001
v 0.652377 -0.991259 0.001
v 0.665919 -1.000658 0.001
v 0.49346 -1.002857 0.001
v 0.478128 -1.013633 0.001
v 0.494833 -1.038679 0.001
v 0.474872 -1.016716 0.001
v 0.488151 -1.048279 0.001
v 0.463285 -1.031567 0.001
v 0.455592 -1.048919 0.001
v 0.671031 -1.118451 0.001
v 0.659448 -1.143245 0.001
v 0.660568 -1.144386 0.001
v 0.672477 -1.118771 0.001
v 0.663694 -1.146608 0.001
v 0.65562 -1.133359 0.001
v 0.656077 -1.136949 0.001
v 0.657347 -1.140217 0.001
v 0.666827 -1.118896 0.001
v 0.663519 -1.120203 0.001
v 0.655742 -1.131457 0.001
v 0.660555 -1.122303 0.001
v 0.658564 -1.1245 0.001
v 0.65671 -1.127788 0.001
v 0.670562 -1.118417 0.001
v 0.556329 -1.113597 0.0
v 0.559782 -1.113919 0.0
v 0.564309 -1.115386 0.0
v 0.568273 -1.117895 0.0
v 0.571476 -1.121265 0.0
v 0.573687 -1.12516 0.0
v 0.574917 -1.129569 0.0
v 0.575035 -1.134244 0.0
v 0.573961 -1.13889 0.0
v 0.571783 -1.143074 0.0
v 0.568918 -1.146345 0.0
v 0.565245 -1.14895 0.0
v 0.561061 -1.150595 0.0
v 0.556329 -1.151193 0.0
v 0.555507 -1.151175 0.0
v 0.55118 -1.150469 0.0
v 0.546823 -1.148598 0.0
v 0.543134 -1.14577 0.0
v 0.540415 -1.142403 0.0
v 0.538493 -1.138359 0.0
v 0.537585 -1.133845 0.0
v 0.537809 -1.129146 0.0
v 0.539213 -1.124604 0.0
v 0.541691 -1.120608 0.0
v 0.543653 -1.118528 0.0
v 0.547424 -1.115853 0.0
v 0.551635 -1.114196 0.0
usemtl 1
f 1// 2// 3//
f 3// 2// 4//
usemtl 2
f 5// 6// 1//
f 1// 6// 2//
usemtl 1
f 7// 8// 5//
f 5// 8// 6//
f 8// 7// 9//
f 8// 9// 10//
f 10// 9// 11//
f 10// 11// 12//
f 12// 11// 13//
f 12// 13// 14//
f 14// 13// 15//
f 14// 15// 16//
f 16// 15// 17//
f 16// 17// 18//
f 18// 17// 19//
f 18// 19// 20//
f 20// 19// 21//
f 20// 21// 22//
f 22// 21// 23//
f 22// 23// 24//
f 25// 26// 23//
f 23// 26// 24//
f 26// 25// 27//
f 26// 27// 28//
f 28// 27// 29//
f 28// 29// 30//
f 30// 29// 31//
f 30// 31// 32//
f 32// 31// 33//
f 32// 33// 34//
f 34// 33// 35//
f 34// 35// 36//
f 36// 35// 37//
f 36// 37// 38//
f 38// 37// 39//
f 38// 39// 40//
f 40// 39// 3//
f 40// 3// 4//
f 4// 2// 6//
f 22// 24// 8//
f 8// 24// 6//
f 10// 12// 14//
f 6// 24// 4//
f 4// 24// 26//
f 4// 26// 28//
f 14// 16// 10//
f 10// 16// 18//
f 10// 18// 8//
f 8// 18// 20//
f 8// 20// 22//
f 38// 32// 36//
f 36// 32// 34//
f 28// 30// 4//
f 4// 30// 32//
f 4// 32// 40//
f 40// 32// 38//
f 27// 25// 37//
f 5// 23// 7//
f 7// 23// 21//
f 13// 11// 9//
f 5// 1// 23//
f 23// 1// 3//
f 23// 3// 25//
f 25// 3// 39//
f 25// 39// 37//
f 35// 33// 31//
f 21// 19// 7//
f 7// 19// 17//
f 7// 17// 9//
f 9// 17// 15//
f 9// 15// 13//
f 35// 31// 37//
f 37// 31// 29//
f 37// 29// 27//
usemtl 2
f 41// 42// 43//
f 43// 42// 44//
usemtl 1
f 45// 46// 41//
f 41// 46// 42//
f 46// 45// 47//
f 46// 47// 48//
f 48// 47// 49//
f 48// 49// 50//
f 50// 49// 51//
f 50// 51// 52//
f 52// 51// 53//
f 52// 53// 54//
f 54// 53// 55//
f 54// 55// 56//
f 56// 55// 57//
f 56// 57// 58//
f 58// 57// 59//
f 58// 59// 60//
f 60// 59// 61//
f 60// 61// 62//
f 63// 64// 61//
f 61// 64// 62//
f 64// 63// 65//
f 64// 65// 66//
f 66// 65// 67//
f 66// 67// 68//
f 68// 67// 69//
f 68// 69// 70//
f 70// 69// 71//
f 70// 71// 72//
f 72// 71// 73//
f 72// 73// 74//
f 74// 73// 75//
f 74// 75// 76//
f 76// 75// 77//
f 76// 77// 78//
f 78// 77// 79//
f 78// 79// 80//
f 43// 44// 79//
f 79// 44// 80//
f 60// 62// 46//
f 46// 62// 80//
f 46// 80// 42//
f 42// 80// 44//
f 62// 64// 80//
f 80// 64// 66//
f 80// 66// 68//
f 72// 74// 76//
f 68// 70// 80//
f 80// 70// 72//
f 80// 72// 78//
f 78// 72// 76//
f 48// 50// 46//
f 46// 50// 52//
f 46// 52// 54//
f 54// 56// 46//
f 46// 56// 58//
f 46// 58// 60//
f 41// 43// 45//
f 45// 43// 79//
f 79// 63// 45//
f 45// 63// 61//
f 45// 61// 59//
f 79// 77// 75//
f 69// 67// 79//
f 79// 67// 65//
f 79// 65// 63//
f 75// 73// 79//
f 79// 73// 71//
f 79// 71// 69//
f 59// 57// 45//
f 45// 57// 55//
f 45// 55// 53//
f 53// 51// 45//
f 45// 51// 49//
f 45// 49// 47//
usemtl 2
f 81// 82// 83//
f 83// 82// 84//
usemtl 1
f 85// 86// 81//
f 81// 86// 82//
f 86// 85// 87//
f 86// 87// 88//
f 88// 87// 89//
f 88// 89// 90//
f 90// 89// 91//
f 90// 91// 92//
f 92// 91// 93//
f 92// 93// 94//
f 94// 93// 95//
f 94// 95// 96//
f 96// 95// 97//
f 96// 97// 98//
f 98// 97// 99//
f 98// 99// 100//
f 100// 99// 101//
f 100// 101// 102//
f 103// 104// 101//
f 101// 104// 102//
f 104// 103// 105//
f 104// 105// 106//
f 106// 105// 107//
f 106// 107// 108//
f 108// 107// 109//
f 108// 109// 110//
f 110// 109// 111//
f 110// 111// 112//
f 112// 111// 113//
f 112// 113// 114//
f 114// 113// 115//
f 114// 115// 116//
f 116// 115// 117//
f 116// 117// 118//
f 118// 117// 119//
f 118// 119// 120//
f 83// 84// 119//
f 119// 84// 120//
f 102// 104// 86//
f 86// 104// 82//
f 106// 120// 104//
f 104// 120// 84//
f 104// 84// 82//
f 106// 108// 120//
f 120// 108// 110//
f 120// 110// 118//
f 118// 110// 112//
f 118// 112// 116//
f 116// 112// 114//
f 102// 86// 100//
f 100// 86// 88//
f 100// 88// 90//
f 96// 98// 94//
f 94// 98// 100//
f 94// 100// 92//
f 92// 100// 90//
f 115// 113// 111//
f 109// 107// 119//
f 119// 107// 105//
f 119// 105// 103//
f 89// 87// 99//
f 99// 87// 85//
f 99// 85// 101//
f 101// 85// 81//
f 101// 81// 103//
f 103// 81// 83//
f 103// 83// 119//
f 109// 119// 111//
f 111// 119// 117//
f 111// 117// 115//
f 97// 95// 93//
f 97// 93// 99//
f 99// 93// 91//
f 99// 91// 89//
usemtl 2
f 121// 122// 123//
f 123// 122// 124//
usemtl 1
f 125// 126// 121//
f 121// 126// 122//
f 126// 125// 127//
f 126// 127// 128//
f 128// 127// 129//
f 128// 129// 130//
f 130// 129// 131//
f 130// 131// 132//
f 132// 131// 133//
f 132// 133// 134//
f 134// 133// 135//
f 134// 135// 136//
f 136// 135// 137//
f 136// 137// 138//
f 138// 137// 139//
f 138// 139// 140//
f 140// 139// 141//
f 140// 141// 142//
f 143// 144// 141//
f 141// 144// 142//
f 144// 143// 145//
f 144// 145// 146//
f 146// 145// 147//
f 146// 147// 148//
f 148// 147// 149//
f 148// 149// 150//
f 150// 149// 151//
f 150// 151// 152//
f 152// 151// 153//
f 152// 153// 154//
f 154// 153// 155//
f 154// 155// 156//
f 156// 155// 157//
f 156// 157// 158//
f 158// 157// 159//
f 158// 159// 160//
f 123// 124// 159//
f 159// 124// 160//
f 124// 122// 160//
f 160// 122// 126//
f 126// 142// 160//
f 160// 142// 144//
f 160// 144// 146//
f 136// 126// 128//
f 136// 138// 126//
f 126// 138// 140//
f 126// 140// 142//
f 146// 148// 160//
f 160// 148// 150//
f 160// 150// 158//
f 158// 150// 152//
f 158// 152// 156//
f 156// 152// 154//
f 128// 130// 136//
f 136// 130// 132//
f 136// 132// 134//
f 121// 123// 125//
f 125// 123// 159//
f 147// 145// 159//
f 159// 145// 143//
f 159// 143// 125//
f 125// 143// 141//
f 125// 141// 139//
f 147// 159// 149//
f 149// 159// 157//
f 149// 157// 151//
f 151// 157// 155//
f 151// 155// 153//
f 139// 137// 125//
f 125// 137// 135//
f 125// 135// 127//
f 133// 131// 135//
f 135// 131// 129//
f 135// 129// 127//
usemtl 2
f 161// 162// 163//
f 163// 162// 164//
usemtl 1
f 165// 166// 161//
f 161// 166// 162//
f 166// 165// 167//
f 166// 167// 168//
f 168// 167// 169//
f 168// 169// 170//
f 170// 169// 171//
f 170// 171// 172//
f 172// 171// 173//
f 172// 173// 174//
f 174// 173// 175//
f 174// 175// 176//
f 176// 175// 177//
f 176// 177// 178//
f 178// 177// 179//
f 178// 179// 180//
f 180// 179// 181//
f 180// 181// 182//
f 183// 184// 181//
f 181// 184// 182//
f 184// 183// 185//
f 184// 185// 186//
f 186// 185// 187//
f 186// 187// 188//
f 188// 187// 189//
f 188// 189// 190//
f 190// 189// 191//
f 190// 191// 192//
f 192// 191// 193//
f 192// 193// 194//
f 194// 193// 195//
f 194// 195// 196//
f 196// 195// 197//
f 196// 197// 198//
f 198// 197// 199//
f 198// 199// 200//
f 163// 164// 199//
f 199// 164// 200//
f 164// 162// 184//
f 184// 162// 166//
f 184// 166// 182//
f 182// 166// 180//
f 164// 184// 200//
f 200// 184// 186//
f 200// 186// 188//
f 192// 194// 196//
f 168// 170// 176//
f 176// 170// 172//
f 176// 172// 174//
f 168// 176// 166//
f 166// 176// 178//
f 166// 178// 180//
f 188// 190// 200//
f 200// 190// 192//
f 200// 192// 198//
f 198// 192// 196//
f 165// 161// 163//
f 183// 163// 199//
f 195// 193// 191//
f 189// 187// 199//
f 199// 187// 185//
f 199// 185// 183//
f 163// 183// 165//
f 165// 183// 181//
f 165// 181// 179//
f 189// 199// 191//
f 191// 199// 197//
f 191// 197// 195//
f 169// 175// 171//
f 171// 175// 173//
f 179// 177// 165//
f 165// 177// 175//
f 165// 175// 167//
f 167// 175// 169//
usemtl 2
f 201// 202// 203//
f 203// 202// 204//
usemtl 1
f 205// 206// 201//
f 201// 206// 202//
f 206// 205// 207//
f 206// 207// 208//
f 208// 207// 209//
f 208// 209// 210//
f 210// 209// 211//
f 210// 211// 212//
f 212// 211// 213//
f 212// 213// 214//
f 214// 213// 215//
f 214// 215// 216//
f 216// 215// 217//
f 216// 217// 218//
f 218// 217// 219//
f 218// 219// 220//
f 220// 219// 221//
f 220// 221// 222//
f 223// 224// 221//
f 221// 224// 222//
f 225// 226// 223//
f 223// 226// 224//
f 203// 204// 225//
f 225// 204// 226//
f 222// 224// 226//
f 220// 222// 206//
f 206// 222// 226//
f 206// 226// 202//
f 202// 226// 204//
f 208// 210// 212//
f 212// 214// 208//
f 208// 214// 216//
f 208// 216// 206//
f 206// 216// 218//
f 206// 218// 220//
f 201// 203// 205//
f 205// 203// 225//
f 225// 223// 205//
f 205// 223// 221//
f 205// 221// 219//
f 211// 209// 207//
f 219// 217// 205//
f 205// 217// 215//
f 205// 215// 207//
f 207// 215// 213//
f 207// 213// 211//
usemtl 2
f 227// 228// 229//
f 229// 228// 230//
usemtl 1
f 231// 232// 227//
f 227// 232// 228//
f 232// 231// 233//
f 232// 233// 234//
f 234// 233// 235//
f 234// 235// 236//
f 236// 235// 237//
f 236// 237// 238//
f 238// 237// 239//
f 238// 239// 240//
f 240// 239// 241//
f 240// 241// 242//
f 242// 241// 243//
f 242// 243// 244//
f 244// 243// 245//
f 244// 245// 246//
f 247// 248// 245//
f 245// 248// 246//
usemtl 2
f 249// 250// 247//
f 247// 250// 248//
usemtl 1
f 251// 252// 249//
f 249// 252// 250//
f 253// 254// 251//
f 251// 254// 252//
usemtl 2
f 255// 256// 253//
f 253// 256// 254//
usemtl 1
f 257// 258// 255//
f 255// 258// 256//
f 259// 260// 257//
f 257// 260// 258//
f 229// 230// 259//
f 259// 230// 260//
f 254// 256// 252//
f 252// 256// 258//
f 230// 228// 260//
f 260// 228// 232//
f 260// 232// 258//
f 258// 232// 234//
f 258// 234// 236//
f 236// 238// 258//
f 258// 238// 240//
f 258// 240// 242//
f 242// 244// 258//
f 258// 244// 246//
f 258// 246// 252//
f 252// 246// 248//
f 252// 248// 250//
f 257// 255// 253//
f 249// 247// 251//
f 251// 247// 245//
f 227// 229// 231//
f 231// 229// 259//
f 253// 251// 257//
f 257// 251// 245//
f 257// 245// 259//
f 259// 245// 243//
f 243// 241// 259//
f 259// 241// 239//
f 259// 239// 237//
f 237// 235// 259//
f 259// 235// 233//
f 259// 233// 231//
f 261// 262// 263//
f 261// 263// 264//
f 264// 263// 265//
f 264// 265// 266//
f 266// 265// 267//
f 266// 267// 268//
f 268// 267// 269//
f 268// 269// 270//
f 270// 269// 271//
f 270// 271// 272//
f 272// 271// 273//
f 272// 273// 274//
f 274// 273// 275//
f 274// 275// 276//
f 276// 275// 277//
f 276// 277// 278//
f 278// 277// 279//
f 278// 279// 280//
f 280// 279// 281//
f 280// 281// 282//
f 283// 284// 281//
f 281// 284// 282//
f 284// 283// 285//
f 284// 285// 286//
f 286// 285// 287//
f 286// 287// 288//
f 288// 287// 289//
f 288// 289// 290//
f 290// 289// 291//
f 290// 291// 292//
f 292// 291// 293//
f 292// 293// 294//
f 294// 293// 295//
f 294// 295// 296//
f 296// 295// 297//
f 296// 297// 298//
f 298// 297// 299//
f 298// 299// 300//
f 300// 299// 301//
f 300// 301// 302//
f 302// 301// 303//
f 302// 303// 304//
f 305// 306// 303//
f 303// 306// 304//
f 306// 305// 307//
f 306// 307// 308//
f 308// 307// 309//
f 308// 309// 310//
f 310// 309// 311//
f 310// 311// 312//
f 312// 311// 313//
f 312// 313// 314//
f 314// 313// 315//
f 314// 315// 316//
f 316// 315// 317//
f 316// 317// 318//
f 318// 317// 319//
f 318// 319// 320//
f 320// 319// 321//
f 320// 321// 322//
f 322// 321// 323//
f 322// 323// 324//
f 324// 323// 325//
f 324// 325// 326//
f 327// 328// 325//
f 325// 328// 326//
f 328// 327// 329//
f 328// 329// 330//
f 330// 329// 331//
f 330// 331// 332//
f 332// 331// 333//
f 332// 333// 334//
f 334// 333// 335//
f 334// 335// 336//
f 336// 335// 337//
f 336// 337// 338//
f 338// 337// 339//
f 338// 339// 340//
f 340// 339// 341//
f 340// 341// 342//
f 342// 341// 343//
f 342// 343// 344//
f 344// 343// 345//
f 344// 345// 346//
f 346// 345// 347//
f 346// 347// 348//
f 262// 261// 347//
f 347// 261// 348//
f 306// 261// 304//
f 304// 261// 282//
f 336// 338// 340//
f 276// 278// 261//
f 261// 278// 280//
f 261// 280// 282//
f 282// 284// 304//
f 304// 284// 286//
f 304// 286// 288//
f 336// 340// 334//
f 334// 340// 332//
f 332// 340// 342//
f 332// 342// 344//
f 344// 346// 332//
f 332// 346// 348//
f 332// 348// 330//
f 288// 290// 304//
f 304// 290// 292//
f 304// 292// 302//
f 302// 292// 294//
f 294// 296// 302//
f 302// 296// 298//
f 302// 298// 300//
f 320// 314// 318//
f 318// 314// 316//
f 310// 312// 324//
f 324// 312// 314//
f 324// 314// 322//
f 322// 314// 320//
f 264// 266// 272//
f 272// 266// 268//
f 272// 268// 270//
f 264// 272// 261//
f 261// 272// 274//
f 261// 274// 276//
f 330// 348// 328//
f 328// 348// 261//
f 328// 261// 326//
f 326// 261// 306//
f 326// 306// 324//
f 324// 306// 308//
f 324// 308// 310//
f 307// 305// 323//
f 303// 262// 305//
f 305// 262// 347//
f 281// 262// 283//
f 283// 262// 303//
f 283// 303// 285//
f 285// 303// 301//
f 285// 301// 287//
f 299// 297// 291//
f 291// 297// 295//
f 291// 295// 293//
f 299// 291// 301//
f 301// 291// 289//
f 301// 289// 287//
f 281// 279// 262//
f 262// 279// 277//
f 262// 277// 275//
f 321// 319// 313//
f 313// 319// 317//
f 313// 317// 315//
f 307// 323// 309//
f 265// 271// 267//
f 267// 271// 269//
f 275// 273// 262//
f 262// 273// 271//
f 262// 271// 263//
f 263// 271// 265//
f 345// 329// 347//
f 347// 329// 327//
f 347// 327// 305//
f 305// 327// 325//
f 305// 325// 323//
f 345// 343// 329//
f 329// 343// 341//
f 329// 341// 339//
f 339// 337// 335//
f 321// 313// 323//
f 323// 313// 311//
f 323// 311// 309//
f 335// 333// 339//
f 339// 333// 331//
f 339// 331// 329//
usemtl 2
f 349// 350// 351//
f 351// 350// 352//
usemtl 1
f 353// 354// 349//
f 349// 354// 350//
f 354// 353// 355//
f 354// 355// 356//
f 356// 355// 357//
f 356// 357// 358//
f 358// 357// 359//
f 358// 359// 360//
f 360// 359// 361//
f 360// 361// 362//
f 362// 361// 363//
f 362// 363// 364//
f 364// 363// 365//
f 364// 365// 366//
f 366// 365// 367//
f 366// 367// 368//
f 369// 370// 367//
f 367// 370// 368//
f 370// 369// 371//
f 370// 371// 372//
f 372// 371// 373//
f 372// 373// 374//
f 374// 373// 375//
f 374// 375// 376//
f 376// 375// 377//
f 376// 377// 378//
f 378// 377// 379//
f 378// 379// 380//
f 380// 379// 381//
f 380// 381// 382//
f 382// 381// 383//
f 382// 383// 384//
f 351// 352// 383//
f 383// 352// 384//
f 384// 352// 350//
f 350// 354// 384//
f 384// 354// 368//
f 384// 368// 370//
f 356// 358// 354//
f 354// 358// 360//
f 354// 360// 362//
f 362// 364// 354//
f 354// 364// 366//
f 354// 366// 368//
f 372// 374// 370//
f 370// 374// 376//
f 370// 376// 378//
f 378// 380// 370//
f 370// 380// 382//
f 370// 382// 384//
f 379// 377// 369//
f 369// 367// 353//
f 349// 351// 353//
f 353// 351// 383//
f 353// 383// 369//
f 369// 383// 381//
f 369// 381// 379//
f 377// 375// 369//
f 369// 375// 373//
f 369// 373// 371//
f 367// 365// 353//
f 353// 365// 363//
f 353// 363// 361//
f 361// 359// 353//
f 353// 359// 357//
f 353// 357// 355//
f 385// 386// 387//
f 387// 386// 388//
f 386// 385// 389//
f 386// 389// 390//
f 390// 389// 391//
f 390// 391// 392//
f 392// 391// 393//
f 392// 393// 394//
f 394// 393// 395//
f 394// 395// 396//
f 396// 395// 397//
f 396// 397// 398//
f 398// 397// 399//
f 398// 399// 400//
f 400// 399// 401//
f 400// 401// 402//
f 402// 401// 403//
f 402// 403// 404//
f 405// 406// 403//
f 403// 406// 404//
f 406// 405// 407//
f 406// 407// 408//
f 408// 407// 409//
f 408// 409// 410//
f 410// 409// 411//
f 410// 411// 412//
f 412// 411// 413//
f 412// 413// 414//
f 414// 413// 415//
f 414// 415// 416//
f 416// 415// 417//
f 416// 417// 418//
f 418// 417// 419//
f 418// 419// 420//
f 420// 419// 421//
f 420// 421// 422//
f 423// 424// 421//
f 421// 424// 422//
usemtl 2
f 387// 388// 423//
f 423// 388// 424//
usemtl 1
f 424// 388// 422//
f 422// 388// 386//
f 392// 394// 396//
f 386// 390// 400//
f 400// 390// 392//
f 400// 392// 398//
f 398// 392// 396//
f 410// 412// 420//
f 400// 402// 386//
f 386// 402// 404//
f 386// 404// 422//
f 422// 404// 406//
f 422// 406// 420//
f 420// 406// 408//
f 420// 408// 410//
f 412// 414// 420//
f 420// 414// 416//
f 420// 416// 418//
f 389// 385// 399//
f 387// 423// 385//
f 385// 423// 421//
f 399// 385// 401//
f 405// 421// 419//
f 421// 405// 385//
f 385// 405// 403//
f 385// 403// 401//
f 395// 393// 391//
f 389// 399// 391//
f 391// 399// 397//
f 391// 397// 395//
f 417// 415// 419//
f 419// 415// 413//
f 419// 413// 411//
f 411// 409// 419//
f 419// 409// 407//
f 419// 407// 405//
usemtl 3
f 425// 426// 427//
f 428// 425// 429//
f 430// 428// 431//
f 432// 433// 434//
f 435// 436// 437//
f 437// 436// 438//
f 439// 440// 437//
f 437// 440// 441//
f 437// 441// 442//
f 442// 443// 437//
f 437// 443// 444//
f 437// 444// 435//
f 445// 446// 447//
f 447// 446// 448//
f 448// 446// 449//
f 449// 446// 450//
f 449// 450// 451//
f 451// 450// 452//
f 451// 452// 453//
f 452// 454// 453//
f 453// 454// 455//
f 453// 455// 456//
f 456// 455// 457//
f 456// 457// 458//
f 459// 460// 452//
f 452// 460// 461//
f 452// 461// 454//
f 462// 463// 464//
f 464// 465// 462//
f 462// 465// 466//
f 462// 466// 452//
f 452// 466// 467//
f 452// 467// 459//
f 468// 469// 470//
f 470// 469// 471//
f 470// 471// 472//
f 472// 473// 470//
f 470// 473// 474//
f 470// 474// 463//
f 463// 474// 475//
f 463// 475// 464//
f 476// 477// 470//
f 470// 477// 478//
f 470// 478// 479//
f 480// 468// 481//
f 481// 468// 470//
f 481// 470// 482//
f 482// 470// 479//
f 483// 484// 485//
f 485// 484// 486//
f 485// 486// 487//
f 487// 488// 485//
f 485// 488// 477//
f 485// 477// 489//
f 489// 477// 476//
f 489// 476// 490//
f 491// 492// 493//
f 492// 494// 493//
f 493// 494// 495//
f 493// 495// 496//
f 497// 498// 499//
f 500// 501// 502//
f 503// 504// 505//
f 505// 504// 506//
f 500// 502// 507//
f 508// 509// 504//
f 504// 509// 510//
f 504// 510// 511//
f 498// 512// 513//
f 513// 512// 514//
f 513// 514// 515//
f 501// 516// 502//
f 502// 516// 517//
f 502// 517// 518//
f 519// 520// 521//
f 521// 520// 522//
f 521// 522// 523//
f 524// 511// 525//
f 525// 511// 526//
f 525// 526// 521//
f 521// 526// 527//
f 521// 527// 519//
f 524// 528// 511//
f 511// 528// 529//
f 511// 529// 504//
f 504// 529// 530//
f 504// 530// 506//
f 515// 531// 513//
f 513// 531// 532//
f 513// 532// 533//
f 534// 535// 536//
f 536// 535// 537//
f 536// 537// 502//
f 502// 537// 538//
f 502// 538// 507//
f 539// 540// 502//
f 502// 540// 541//
f 502// 541// 504//
f 504// 541// 542//
f 504// 542// 508//
f 543// 544// 491//
f 544// 545// 491//
f 491// 545// 546//
f 491// 546// 547//
f 547// 548// 491//
f 491// 548// 549//
f 491// 549// 550//
f 550// 549// 534//
f 550// 534// 551//
f 551// 534// 536//
f 518// 552// 502//
f 502// 552// 553//
f 502// 553// 554//
f 554// 555// 502//
f 502// 555// 556//
f 502// 556// 539//
f 557// 558// 559//
f 559// 511// 557//
f 557// 511// 510//
f 557// 510// 560//
f 560// 510// 561//
f 561// 562// 560//
f 560// 562// 563//
f 560// 563// 564//
f 565// 566// 567//
f 566// 568// 567//
f 567// 568// 569//
f 567// 569// 570//
f 571// 567// 572//
f 558// 557// 571//
f 571// 557// 573//
f 571// 573// 567//
f 567// 573// 574//
f 567// 574// 565//
f 572// 575// 571//
f 571// 575// 576//
f 571// 576// 577//
f 570// 569// 578//
f 578// 569// 579//
f 578// 579// 580//
f 580// 579// 581//
f 580// 581// 582//
f 583// 584// 577//
f 577// 584// 585//
f 577// 585// 571//
f 436// 586// 438//
f 438// 586// 587//
f 438// 587// 499//
f 499// 587// 588//
f 499// 588// 497//
f 589// 590// 591//
f 591// 590// 592//
f 593// 594// 595//
f 595// 594// 596//
f 595// 596// 597//
f 597// 596// 589//
f 597// 589// 598//
f 599// 600// 601//
f 601// 600// 602//
f 601// 602// 603//
f 590// 604// 592//
f 592// 604// 605//
f 592// 605// 606//
f 606// 605// 607//
f 608// 609// 610//
f 611// 612// 613//
f 612// 614// 613//
f 613// 614// 615//
f 613// 615// 616//
f 616// 615// 617//
f 608// 610// 613//
f 613// 610// 618//
f 613// 618// 611//
f 619// 620// 621//
f 621// 620// 622//
f 621// 622// 623//
f 623// 622// 624//
f 625// 626// 433//
f 433// 626// 627//
f 433// 627// 434//
f 628// 629// 434//
f 630// 631// 632//
f 633// 634// 434//
f 434// 634// 635//
f 617// 636// 616//
f 616// 636// 637//
f 616// 637// 632//
f 632// 637// 638//
f 632// 638// 630//
f 631// 639// 632//
f 632// 639// 640//
f 632// 640// 641//
f 641// 640// 642//
f 641// 642// 628//
f 643// 644// 629//
f 629// 644// 645//
f 629// 645// 434//
f 434// 645// 646//
f 434// 646// 633//
f 635// 647// 434//
f 434// 647// 648//
f 434// 648// 432//
f 649// 650// 651//
f 651// 650// 652//
f 651// 652// 653//
f 651// 654// 649//
f 649// 654// 655//
f 649// 655// 656//
f 656// 657// 649//
f 649// 657// 658//
f 649// 658// 659//
f 659// 658// 660//
f 659// 660// 661//
f 661// 660// 662//
f 661// 662// 629//
f 629// 662// 663//
f 629// 663// 643//
f 664// 665// 653//
f 653// 665// 666//
f 653// 666// 651//
f 667// 668// 609//
f 609// 668// 669//
f 609// 669// 610//
f 667// 670// 668//
f 668// 670// 671//
f 668// 671// 672//
f 672// 671// 673//
f 672// 674// 675//
f 673// 676// 672//
f 672// 676// 677//
f 672// 677// 678//
f 678// 679// 672//
f 672// 679// 680//
f 672// 680// 674//
f 675// 681// 672//
f 672// 681// 682//
f 672// 682// 683//
f 684// 685// 686//
f 687// 688// 686//
f 686// 688// 689//
f 686// 689// 684//
f 685// 684// 690//
f 690// 684// 691//
f 690// 691// 692//
f 688// 693// 689//
f 689// 693// 694//
f 689// 694// 695//
f 695// 694// 696//
f 695// 696// 697//
f 697// 696// 698//
f 697// 698// 692//
f 692// 698// 699//
f 692// 699// 690//
f 700// 701// 702//
f 702// 701// 703//
f 704// 705// 701//
f 701// 705// 706//
f 701// 706// 703//
f 703// 706// 707//
f 708// 709// 710//
f 711// 712// 709//
f 709// 712// 700//
f 709// 700// 710//
f 710// 700// 713//
f 714// 715// 695//
f 716// 717// 697//
f 715// 718// 695//
f 695// 718// 719//
f 695// 719// 709//
f 709// 719// 720//
f 709// 720// 711//
f 716// 697// 721//
f 704// 722// 705//
f 705// 722// 723//
f 705// 723// 697//
f 697// 723// 724//
f 697// 724// 721//
f 717// 725// 697//
f 697// 725// 726//
f 697// 726// 695//
f 695// 726// 727//
f 695// 727// 714//
f 728// 729// 730//
f 730// 729// 731//
f 730// 731// 732//
f 731// 713// 732//
f 732// 713// 700//
f 732// 700// 733//
f 733// 700// 702//
f 733// 702// 734//
f 734// 702// 735//
f 734// 735// 736//
f 736// 735// 737//
f 707// 706// 738//
f 738// 706// 739//
f 738// 739// 740//
f 741// 742// 743//
f 741// 743// 744//
f 745// 746// 747//
f 747// 746// 748//
f 747// 748// 743//
f 743// 748// 749//
f 743// 749// 744//
f 742// 750// 743//
f 743// 750// 751//
f 743// 751// 752//
f 752// 753// 743//
f 743// 753// 754//
f 743// 754// 755//
f 755// 756// 743//
f 743// 756// 757//
f 743// 757// 758//
f 758// 757// 759//
f 759// 757// 760//
f 760// 757// 761//
f 760// 761// 762//
f 762// 763// 760//
f 760// 763// 764//
f 760// 764// 765//
f 765// 764// 766//
f 767// 768// 769//
f 769// 768// 770//
f 769// 770// 771//
f 771// 770// 772//
f 773// 774// 775//
f 776// 777// 775//
f 775// 777// 778//
f 779// 780// 781//
f 780// 782// 781//
f 781// 782// 783//
f 781// 783// 784//
f 778// 785// 775//
f 775// 785// 786//
f 775// 786// 773//
f 784// 787// 781//
f 781// 787// 788//
f 781// 788// 789//
f 790// 791// 792//
f 792// 791// 793//
f 792// 793// 794//
f 747// 795// 745//
f 745// 795// 796//
f 745// 796// 797//
f 797// 796// 798//
f 797// 798// 799//
f 800// 801// 802//
f 803// 513// 804//
f 802// 801// 804//
f 804// 801// 805//
f 804// 805// 803//
f 498// 513// 499//
f 499// 513// 803//
f 499// 803// 806//
f 807// 808// 809//
f 809// 808// 810//
f 809// 810// 791//
f 811// 812// 813//
f 813// 812// 810//
f 813// 810// 814//
f 814// 810// 808//
f 814// 808// 815//
f 815// 808// 816//
f 802// 817// 818//
f 810// 800// 791//
f 791// 800// 802//
f 791// 802// 819//
f 819// 802// 820//
f 821// 822// 823//
f 823// 822// 824//
f 818// 825// 802//
f 802// 825// 826//
f 802// 826// 827//
f 828// 829// 793//
f 828// 793// 830//
f 827// 831// 802//
f 802// 831// 832//
f 802// 832// 833//
f 834// 835// 824//
f 824// 835// 836//
f 824// 836// 837//
f 833// 838// 802//
f 802// 838// 839//
f 802// 839// 820//
f 820// 839// 840//
f 820// 840// 841//
f 841// 842// 820//
f 820// 842// 843//
f 820// 843// 844//
f 844// 843// 845//
f 846// 847// 845//
f 845// 847// 848//
f 845// 848// 844//
f 819// 849// 791//
f 791// 849// 850//
f 791// 850// 793//
f 793// 850// 851//
f 793// 851// 830//
f 829// 852// 793//
f 793// 852// 853//
f 793// 853// 854//
f 855// 856// 845//
f 845// 856// 857//
f 845// 857// 858//
f 858// 859// 845//
f 845// 859// 860//
f 845// 860// 846//
f 861// 862// 863//
f 863// 862// 864//
f 863// 864// 865//
f 866// 867// 868//
f 867// 606// 868//
f 868// 606// 607//
f 868// 607// 869//
f 869// 607// 870//
f 869// 870// 871//
f 871// 870// 872//
f 871// 872// 603//
f 873// 874// 434//
f 434// 874// 875//
f 628// 434// 641//
f 641// 434// 875//
f 641// 875// 868//
f 868// 875// 876//
f 868// 876// 866//
f 866// 876// 877//
f 866// 877// 878//
f 879// 880// 877//
f 877// 880// 881//
f 877// 881// 878//
f 882// 883// 627//
f 627// 883// 884//
f 627// 884// 885//
f 886// 887// 434//
f 434// 887// 888//
f 434// 888// 873//
f 885// 889// 627//
f 627// 889// 890//
f 627// 890// 434//
f 434// 890// 891//
f 434// 891// 892//
f 893// 894// 882//
f 882// 894// 895//
f 882// 895// 896//
f 896// 897// 882//
f 882// 897// 898//
f 882// 898// 883//
f 892// 899// 434//
f 434// 899// 900//
f 434// 900// 886//
f 430// 901// 902//
f 902// 901// 903//
f 902// 903// 904//
f 904// 903// 882//
f 904// 882// 905//
f 905// 882// 627//
f 905// 627// 906//
f 906// 627// 626//
f 906// 626// 907//
f 907// 626// 908//
f 907// 908// 909//
f 909// 908// 864//
f 909// 864// 910//
f 910// 864// 862//
f 910// 862// 911//
f 911// 862// 912//
f 911// 912// 485//
f 485// 912// 493//
f 485// 493// 483//
f 483// 493// 496//
f 861// 817// 862//
f 862// 817// 802//
f 862// 802// 912//
f 912// 802// 804//
f 912// 804// 493//
f 493// 804// 513//
f 493// 513// 491//
f 491// 513// 533//
f 491// 533// 543//
f 625// 624// 626//
f 626// 624// 622//
f 626// 622// 908//
f 908// 622// 620//
f 908// 620// 864//
f 864// 620// 823//
f 864// 823// 865//
f 865// 823// 824//
f 865// 824// 913//
f 913// 824// 837//
f 901// 591// 903//
f 903// 591// 592//
f 903// 592// 882//
f 882// 592// 606//
f 882// 606// 893//
f 893// 606// 867//
f 428// 429// 431//
f 431// 429// 914//
f 431// 914// 915//
f 619// 613// 620//
f 620// 613// 616//
f 620// 616// 823//
f 823// 616// 793//
f 823// 793// 821//
f 821// 793// 854//
f 602// 598// 603//
f 603// 598// 589//
f 603// 589// 871//
f 871// 589// 591//
f 871// 591// 916//
f 917// 918// 915//
f 915// 918// 919//
f 920// 921// 922//
f 922// 921// 923//
f 922// 923// 915//
f 915// 923// 924//
f 915// 924// 917//
f 919// 925// 915//
f 915// 925// 926//
f 915// 926// 927//
f 430// 431// 901//
f 901// 431// 915//
f 901// 915// 591//
f 591// 915// 927//
f 591// 927// 916//
f 916// 928// 871//
f 871// 928// 929//
f 871// 929// 922//
f 922// 929// 930//
f 922// 930// 931//
f 931// 932// 922//
f 922// 932// 933//
f 922// 933// 920//
f 934// 935// 915//
f 936// 937// 938//
f 915// 935// 922//
f 922// 935// 939//
f 922// 939// 940//
f 790// 776// 791//
f 791// 776// 775//
f 791// 775// 809//
f 809// 775// 941//
f 922// 684// 871//
f 871// 684// 689//
f 871// 689// 869//
f 869// 689// 695//
f 869// 695// 868//
f 868// 695// 709//
f 868// 709// 641//
f 641// 709// 708//
f 641// 708// 632//
f 632// 708// 942//
f 632// 942// 616//
f 616// 942// 745//
f 616// 745// 793//
f 793// 745// 797//
f 793// 797// 794//
f 794// 797// 799//
f 943// 944// 941//
f 941// 944// 945//
f 946// 947// 948//
f 948// 947// 437//
f 948// 437// 945//
f 945// 437// 438//
f 945// 438// 941//
f 941// 438// 499//
f 941// 499// 809//
f 809// 499// 806//
f 809// 806// 807//
f 774// 779// 775//
f 775// 779// 781//
f 775// 781// 941//
f 941// 781// 947//
f 941// 947// 943//
f 943// 947// 946//
f 943// 946// 949//
f 710// 950// 708//
f 708// 950// 740//
f 708// 740// 942//
f 942// 740// 739//
f 942// 739// 745//
f 745// 739// 768//
f 745// 768// 746//
f 746// 768// 767//
f 938// 934// 936//
f 936// 934// 915//
f 936// 915// 951//
f 951// 915// 914//
f 951// 914// 940//
f 940// 914// 952//
f 940// 952// 922//
f 922// 952// 953//
f 922// 953// 684//
f 684// 953// 954//
f 684// 954// 691//
f 425// 427// 429//
f 429// 427// 955//
f 429// 955// 914//
f 914// 955// 956//
f 914// 956// 952//
f 952// 956// 957//
f 952// 957// 953//
f 953// 957// 958//
f 953// 958// 954//
f 490// 476// 959//
f 959// 476// 470//
f 959// 470// 960//
f 960// 470// 463//
f 960// 463// 961//
f 961// 463// 462//
f 961// 462// 962//
f 962// 462// 452//
f 962// 452// 963//
f 963// 452// 450//
f 963// 450// 964//
f 789// 965// 781//
f 781// 965// 966//
f 781// 966// 947//
f 947// 966// 967//
f 947// 967// 437//
f 437// 967// 446//
f 437// 446// 439//
f 439// 446// 445//
f 958// 968// 954//
f 954// 968// 969//
f 954// 969// 691//
f 691// 969// 970//
f 691// 970// 692//
f 692// 970// 971//
f 692// 971// 697//
f 697// 971// 972//
f 697// 972// 705//
f 705// 972// 973//
f 705// 973// 706//
f 706// 973// 974//
f 706// 974// 739//
f 739// 974// 975//
f 739// 975// 768//
f 768// 975// 976//
f 768// 976// 770//
f 770// 976// 977//
f 770// 977// 772//
f 772// 977// 966//
f 772// 966// 978//
f 978// 966// 965//
f 979// 980// 450//
f 450// 980// 981//
f 982// 964// 983//
f 984// 985// 964//
f 983// 986// 982//
f 982// 986// 987//
f 982// 987// 988//
f 988// 989// 982//
f 982// 989// 990//
f 982// 990// 991//
f 991// 992// 982//
f 982// 992// 993//
f 982// 993// 994//
f 994// 993// 995//
f 994// 995// 996//
f 996// 997// 994//
f 994// 997// 998//
f 994// 998// 999//
f 981// 1000// 450//
f 450// 1000// 1001//
f 450// 1001// 964//
f 964// 1001// 1002//
f 964// 1002// 984//
f 985// 1003// 964//
f 964// 1003// 1004//
f 964// 1004// 983//
f 968// 1005// 969//
f 969// 1005// 1006//
f 969// 1006// 970//
f 970// 1006// 1007//
f 970// 1007// 971//
f 971// 1007// 1008//
f 971// 1008// 972//
f 972// 1008// 1009//
f 972// 1009// 973//
f 973// 1009// 1010//
f 973// 1010// 974//
f 974// 1010// 1011//
f 974// 1011// 975//
f 975// 1011// 1012//
f 975// 1012// 976//
f 976// 1012// 1013//
f 976// 1013// 977//
f 977// 1013// 1014//
f 977// 1014// 966//
f 966// 1014// 1015//
f 966// 1015// 967//
f 967// 1015// 1016//
f 967// 1016// 446//
f 446// 1016// 1017//
f 446// 1017// 450//
f 450// 1017// 994//
f 450// 994// 979//
f 979// 994// 999//
f 1018// 1019// 1020//
f 1020// 1019// 1021//
f 1020// 1021// 1022//
f 1023// 1024// 1025//
f 1025// 1024// 1026//
f 1025// 1026// 1027//
f 1028// 1029// 1030//
f 1029// 1031// 1030//
f 1030// 1031// 1032//
f 1030// 1032// 1033//
f 1034// 1035// 1036//
f 1027// 1037// 1025//
f 1025// 1037// 1038//
f 1025// 1038// 1020//
f 1020// 1038// 1039//
f 1020// 1039// 1018//
f 1022// 1040// 1020//
f 1020// 1040// 1041//
f 1020// 1041// 1030//
f 1030// 1041// 1042//
f 1030// 1042// 1028//
f 1033// 1043// 1030//
f 1030// 1043// 1044//
f 1030// 1044// 1034//
f 1034// 1044// 1045//
f 1034// 1045// 1035//
f 1036// 1046// 1034//
f 1034// 1046// 1047//
f 1034// 1047// 1048//
f 1048// 1049// 1034//
f 1034// 1049// 1050//
f 1034// 1050// 1025//
f 1025// 1050// 1051//
f 1025// 1051// 1023//
f 1052// 1053// 1054//
f 1054// 1053// 1055//
f 1056// 1057// 351//
f 351// 1057// 1005//
f 351// 1005// 349//
f 349// 1005// 426//
f 349// 426// 1058//
f 1058// 426// 1059//
f 1053// 1052// 490//
f 490// 1052// 249//
f 490// 249// 426//
f 426// 249// 247//
f 1060// 1059// 423//
f 423// 1059// 426//
f 423// 426// 387//
f 387// 426// 247//
f 387// 247// 1061//
f 1061// 247// 1062//
f 1055// 1053// 253//
f 253// 1053// 490//
f 253// 490// 255//
f 1063// 1064// 982//
f 982// 1064// 227//
f 982// 227// 229//
f 1020// 1030// 229//
f 229// 1030// 255//
f 229// 255// 982//
f 982// 255// 490//
f 43// 1065// 1066//
f 123// 1067// 1068//
f 1057// 1069// 1005//
f 1005// 1069// 5//
f 1005// 5// 1//
f 1005// 81// 83//
f 1070// 1071// 163//
f 163// 1071// 201//
f 1072// 1063// 203//
f 203// 1063// 982//
f 203// 982// 201//
f 201// 982// 1005//
f 201// 1005// 163//
f 163// 1005// 161//
f 1073// 1074// 1//
f 1// 1074// 41//
f 1// 41// 1005//
f 1005// 41// 43//
f 1005// 43// 81//
f 81// 43// 1066//
f 1075// 1076// 83//
f 83// 1076// 121//
f 83// 121// 1005//
f 1005// 121// 123//
f 1005// 123// 161//
f 161// 123// 1068//
f 1063// 1072// 1064//
f 1064// 1072// 1077//
f 1078// 1079// 1080//
f 1081// 1082// 1083//
f 1083// 1082// 1084//
f 1085// 1086// 1087//
f 1088// 1089// 1090//
f 1090// 1091// 1088//
f 1088// 1091// 1092//
f 1088// 1092// 1084//
f 1084// 1092// 1093//
f 1084// 1093// 1083//
f 1094// 1088// 1095//
f 1095// 1088// 1078//
f 1095// 1078// 1096//
f 1096// 1078// 1080//
f 1096// 1080// 1097//
f 1088// 1098// 1099//
f 1099// 1098// 1100//
f 1099// 1100// 1101//
f 1102// 1066// 1065//
f 1103// 1104// 1105//
f 1105// 1104// 1106//
f 1105// 1106// 1079//
f 1079// 1106// 1107//
f 1079// 1107// 1108//
f 1109// 1110// 1079//
f 1079// 1110// 1111//
f 1079// 1111// 1080//
f 1077// 1112// 1064//
f 1064// 1112// 1113//
f 1064// 1113// 1114//
f 1115// 1114// 1116//
f 1116// 1114// 1117//
f 1118// 1119// 1120//
f 1120// 1119// 1121//
f 1122// 1123// 1124//
f 1124// 1123// 1125//
f 1124// 1125// 1126//
f 1105// 1114// 1127//
f 1128// 1103// 1129//
f 1059// 1060// 1058//
f 1058// 1060// 1130//
f 1131// 1061// 1062//
f 1089// 1088// 1132//
f 1132// 1088// 1099//
f 1132// 1099// 1133//
f 1133// 1099// 1134//
f 1133// 1134// 1087//
f 1087// 1134// 1135//
f 1087// 1135// 1085//
f 1074// 1073// 1136//
f 1136// 1073// 1137//
f 1136// 1137// 1138//
f 1138// 1137// 1099//
f 1138// 1099// 1139//
f 1139// 1099// 1101//
f 1080// 1140// 1097//
f 1097// 1140// 1102//
f 1097// 1102// 1141//
f 1141// 1102// 1065//
f 1108// 1142// 1079//
f 1079// 1142// 1143//
f 1079// 1143// 1109//
f 1113// 1144// 1114//
f 1114// 1144// 1145//
f 1114// 1145// 1146//
f 1126// 1125// 1115//
f 1115// 1125// 1147//
f 1115// 1147// 1114//
f 1114// 1147// 1148//
f 1114// 1148// 1149//
f 1130// 1150// 1058//
f 1058// 1150// 1151//
f 1058// 1151// 1152//
f 1152// 1153// 1058//
f 1058// 1153// 1154//
f 1058// 1154// 1155//
f 1155// 1154// 1156//
f 1094// 1157// 1088//
f 1088// 1157// 1158//
f 1088// 1158// 1159//
f 1160// 1161// 1114//
f 1149// 1162// 1114//
f 1114// 1162// 1163//
f 1114// 1163// 1127//
f 1164// 1165// 1056//
f 1056// 1165// 1166//
f 1069// 1057// 1167//
f 1167// 1057// 1056//
f 1167// 1056// 1168//
f 1159// 1169// 1088//
f 1088// 1169// 1170//
f 1088// 1170// 1098//
f 1161// 1171// 1114//
f 1114// 1171// 1172//
f 1114// 1172// 1117//
f 1071// 1070// 1173//
f 1173// 1070// 1174//
f 1173// 1174// 1120//
f 1120// 1174// 1175//
f 1120// 1175// 1118//
f 1068// 1067// 1176//
f 1176// 1067// 1177//
f 1176// 1177// 1124//
f 1124// 1177// 1178//
f 1124// 1178// 1122//
f 1127// 1179// 1105//
f 1105// 1179// 1180//
f 1105// 1180// 1103//
f 1103// 1180// 1181//
f 1103// 1181// 1129//
f 1166// 1182// 1056//
f 1056// 1182// 1183//
f 1056// 1183// 1168//
f 1146// 1184// 1114//
f 1114// 1184// 1185//
f 1114// 1185// 1160//
f 1160// 1185// 1120//
f 1160// 1120// 1186//
f 1186// 1120// 1121//
f 1156// 1154// 1187//
f 1187// 1154// 1188//
f 1187// 1188// 1189//
f 1081// 1190// 1082//
f 1082// 1190// 1191//
f 1082// 1191// 1062//
f 1062// 1191// 1192//
f 1062// 1192// 1131//
f 1131// 1192// 1193//
f 1086// 1194// 1087//
f 1087// 1194// 1195//
f 1087// 1195// 1056//
f 1056// 1195// 1196//
f 1056// 1196// 1164//
f 1076// 1075// 1197//
f 1197// 1075// 1198//
f 1197// 1198// 1129//
f 1129// 1198// 1199//
f 1129// 1199// 1128//
f 1189// 1200// 1187//
f 1187// 1200// 1201//
f 1187// 1201// 1192//
f 1192// 1201// 1202//
f 1192// 1202// 1203//
f 1203// 1204// 1192//
f 1192// 1204// 1205//
f 1192// 1205// 1193//
usemtl 1
f 1// 3// 1073//
f 1073// 3// 1137//
f 25// 1195// 1206//
f 1206// 1195// 1194//
f 1206// 1194// 1207//
f 1207// 1194// 1086//
f 1207// 1086// 1208//
f 1208// 1086// 1085//
f 1208// 1085// 1209//
f 1209// 1085// 1135//
f 1209// 1135// 1210//
f 1210// 1135// 1134//
f 1210// 1134// 1211//
f 1211// 1134// 1099//
f 1211// 1099// 3//
f 3// 1099// 1137//
f 25// 23// 1195//
f 1195// 23// 1196//
f 7// 1167// 1212//
f 1212// 1167// 1168//
f 1212// 1168// 1213//
f 1213// 1168// 1183//
f 1213// 1183// 1214//
f 1214// 1183// 1182//
f 1214// 1182// 1215//
f 1215// 1182// 1166//
f 1215// 1166// 1216//
f 1216// 1166// 1165//
f 1216// 1165// 1217//
f 1217// 1165// 1164//
f 1217// 1164// 23//
f 23// 1164// 1196//
usemtl 2
f 7// 5// 1167//
f 1167// 5// 1069//
usemtl 4
f 23// 25// 3//
f 1// 5// 3//
f 3// 5// 7//
f 3// 7// 23//
f 23// 7// 1212//
f 23// 1212// 1213//
f 1213// 1214// 23//
f 23// 1214// 1215//
f 23// 1215// 1217//
f 1217// 1215// 1216//
f 25// 1206// 3//
f 3// 1206// 1207//
f 3// 1207// 1208//
f 1208// 1209// 3//
f 3// 1209// 1210//
f 3// 1210// 1211//
f 385// 387// 1131//
f 1131// 387// 1061//
f 423// 421// 1060//
f 1060// 421// 1130//
f 405// 1189// 1218//
f 1218// 1189// 1188//
f 1218// 1188// 1219//
f 1219// 1188// 1154//
f 1219// 1154// 1220//
f 1220// 1154// 1153//
f 1220// 1153// 1221//
f 1221// 1153// 1152//
f 1221// 1152// 1222//
f 1222// 1152// 1151//
f 1222// 1151// 1223//
f 1223// 1151// 1150//
f 1223// 1150// 421//
f 421// 1150// 1130//
f 405// 403// 1189//
f 1189// 403// 1200//
f 385// 1131// 1224//
f 1224// 1131// 1193//
f 1224// 1193// 1225//
f 1225// 1193// 1205//
f 1225// 1205// 1226//
f 1226// 1205// 1204//
f 1226// 1204// 1227//
f 1227// 1204// 1203//
f 1227// 1203// 1228//
f 1228// 1203// 1202//
f 1228// 1202// 1229//
f 1229// 1202// 1201//
f 1229// 1201// 403//
f 403// 1201// 1200//
f 1225// 1226// 403//
f 403// 405// 421//
f 423// 387// 421//
f 421// 387// 385//
f 421// 385// 403//
f 403// 385// 1224//
f 403// 1224// 1225//
f 1226// 1227// 403//
f 403// 1227// 1228//
f 403// 1228// 1229//
f 405// 1218// 421//
f 421// 1218// 1219//
f 421// 1219// 1220//
f 1220// 1221// 421//
f 421// 1221// 1222//
f 421// 1222// 1223//
f 43// 79// 1065//
f 1065// 79// 1141//
f 63// 1159// 1230//
f 1230// 1159// 1158//
f 1230// 1158// 1231//
f 1231// 1158// 1157//
f 1231// 1157// 1232//
f 1232// 1157// 1094//
f 1232// 1094// 1233//
f 1233// 1094// 1095//
f 1233// 1095// 1234//
f 1234// 1095// 1096//
f 1234// 1096// 1235//
f 1235// 1096// 1097//
f 1235// 1097// 79//
f 79// 1097// 1141//
f 63// 61// 1159//
f 1159// 61// 1169//
f 45// 1136// 1236//
f 1236// 1136// 1138//
f 1236// 1138// 1237//
f 1237// 1138// 1139//
f 1237// 1139// 1238//
f 1238// 1139// 1101//
f 1238// 1101// 1239//
f 1239// 1101// 1100//
f 1239// 1100// 1240//
f 1240// 1100// 1098//
f 1240// 1098// 1241//
f 1241// 1098// 1170//
f 1241// 1170// 61//
f 61// 1170// 1169//
f 45// 41// 1136//
f 1136// 41// 1074//
f 43// 41// 79//
f 79// 41// 45//
f 1236// 1237// 61//
f 1237// 1238// 61//
f 61// 1238// 1239//
f 61// 1239// 1241//
f 1241// 1239// 1240//
f 1234// 1235// 63//
f 63// 1235// 79//
f 63// 79// 61//
f 61// 79// 45//
f 61// 45// 1236//
f 63// 1230// 1234//
f 1234// 1230// 1231//
f 1234// 1231// 1233//
f 1233// 1231// 1232//
f 83// 119// 1075//
f 1075// 119// 1198//
f 103// 1108// 1242//
f 1242// 1108// 1107//
f 1242// 1107// 1243//
f 1243// 1107// 1106//
f 1243// 1106// 1244//
f 1244// 1106// 1104//
f 1244// 1104// 1245//
f 1245// 1104// 1103//
f 1245// 1103// 1246//
f 1246// 1103// 1128//
f 1246// 1128// 1247//
f 1247// 1128// 1199//
f 1247// 1199// 119//
f 119// 1199// 1198//
f 103// 101// 1108//
f 1108// 101// 1142//
f 85// 1102// 1248//
f 1248// 1102// 1140//
f 1248// 1140// 1249//
f 1249// 1140// 1080//
f 1249// 1080// 1250//
f 1250// 1080// 1111//
f 1250// 1111// 1251//
f 1251// 1111// 1110//
f 1251// 1110// 1252//
f 1252// 1110// 1109//
f 1252// 1109// 1253//
f 1253// 1109// 1143//
f 1253// 1143// 101//
f 101// 1143// 1142//
f 85// 81// 1102//
f 1102// 81// 1066//
f 1253// 101// 85//
f 85// 101// 81//
f 1243// 1244// 119//
f 1250// 1251// 1249//
f 1249// 1251// 1248//
f 1248// 1251// 85//
f 85// 1251// 1252//
f 85// 1252// 1253//
f 81// 101// 83//
f 83// 101// 103//
f 83// 103// 119//
f 119// 103// 1242//
f 119// 1242// 1243//
f 1245// 1246// 1244//
f 1244// 1246// 1247//
f 1244// 1247// 119//
f 123// 159// 1067//
f 1067// 159// 1177//
f 143// 1149// 1254//
f 1254// 1149// 1148//
f 1254// 1148// 1255//
f 1255// 1148// 1147//
f 1255// 1147// 1256//
f 1256// 1147// 1125//
f 1256// 1125// 1257//
f 1257// 1125// 1123//
f 1257// 1123// 1258//
f 1258// 1123// 1122//
f 1258// 1122// 1259//
f 1259// 1122// 1178//
f 1259// 1178// 159//
f 159// 1178// 1177//
f 143// 141// 1149//
f 1149// 141// 1162//
f 125// 1197// 1260//
f 1260// 1197// 1129//
f 1260// 1129// 1261//
f 1261// 1129// 1181//
f 1261// 1181// 1262//
f 1262// 1181// 1180//
f 1262// 1180// 1263//
f 1263// 1180// 1179//
f 1263// 1179// 1264//
f 1264// 1179// 1127//
f 1264// 1127// 1265//
f 1265// 1127// 1163//
f 1265// 1163// 141//
f 141// 1163// 1162//
f 125// 121// 1197//
f 1197// 121// 1076//
f 159// 123// 143//
f 159// 143// 1259//
f 123// 121// 143//
f 143// 121// 125//
f 143// 125// 141//
f 141// 125// 1265//
f 1261// 1262// 1263//
f 1261// 1263// 1260//
f 1255// 1256// 1257//
f 1260// 1263// 125//
f 125// 1263// 1264//
f 125// 1264// 1265//
f 143// 1254// 1259//
f 1259// 1254// 1255//
f 1259// 1255// 1258//
f 1258// 1255// 1257//
f 163// 199// 1070//
f 1070// 199// 1174//
f 183// 1161// 1266//
f 1266// 1161// 1160//
f 1266// 1160// 1267//
f 1267// 1160// 1186//
f 1267// 1186// 1268//
f 1268// 1186// 1121//
f 1268// 1121// 1269//
f 1269// 1121// 1119//
f 1269// 1119// 1270//
f 1270// 1119// 1118//
f 1270// 1118// 1271//
f 1271// 1118// 1175//
f 1271// 1175// 199//
f 199// 1175// 1174//
f 183// 181// 1161//
f 1161// 181// 1171//
f 165// 1176// 1272//
f 1272// 1176// 1124//
f 1272// 1124// 1273//
f 1273// 1124// 1126//
f 1273// 1126// 1274//
f 1274// 1126// 1115//
f 1274// 1115// 1275//
f 1275// 1115// 1116//
f 1275// 1116// 1276//
f 1276// 1116// 1117//
f 1276// 1117// 1277//
f 1277// 1117// 1172//
f 1277// 1172// 181//
f 181// 1172// 1171//
f 165// 161// 1176//
f 1176// 161// 1068//
f 163// 161// 199//
f 199// 161// 165//
f 1273// 1274// 1275//
f 1273// 1275// 1272//
f 183// 199// 181//
f 181// 199// 165//
f 181// 165// 1277//
f 1272// 1275// 165//
f 165// 1275// 1276//
f 165// 1276// 1277//
f 1266// 1270// 183//
f 183// 1270// 1271//
f 183// 1271// 199//
f 1266// 1267// 1270//
f 1270// 1267// 1268//
f 1270// 1268// 1269//
f 351// 383// 1056//
f 1056// 383// 1087//
f 369// 1093// 371//
f 371// 1093// 1092//
f 371// 1092// 373//
f 373// 1092// 1091//
f 373// 1091// 375//
f 375// 1091// 1090//
f 375// 1090// 377//
f 377// 1090// 1089//
f 377// 1089// 379//
f 379// 1089// 1132//
f 379// 1132// 381//
f 381// 1132// 1133//
f 381// 1133// 383//
f 383// 1133// 1087//
f 369// 367// 1093//
f 1093// 367// 1083//
f 353// 1155// 355//
f 355// 1155// 1156//
f 355// 1156// 357//
f 357// 1156// 1187//
f 357// 1187// 359//
f 359// 1187// 1192//
f 359// 1192// 361//
f 361// 1192// 1191//
f 361// 1191// 363//
f 363// 1191// 1190//
f 363// 1190// 365//
f 365// 1190// 1081//
f 365// 1081// 367//
f 367// 1081// 1083//
f 353// 349// 1155//
f 1155// 349// 1058//
f 351// 349// 383//
f 383// 349// 353//
f 353// 361// 363//
f 353// 355// 361//
f 361// 355// 357//
f 361// 357// 359//
f 369// 383// 367//
f 367// 383// 353//
f 367// 353// 365//
f 365// 353// 363//
f 369// 371// 383//
f 383// 371// 373//
f 383// 373// 375//
f 375// 377// 383//
f 383// 377// 379//
f 383// 379// 381//
f 262// 1044// 1278//
f 1278// 1044// 1043//
f 1278// 1043// 1279//
f 1279// 1043// 1033//
f 1279// 1033// 1280//
f 1280// 1033// 1032//
f 1280// 1032// 1281//
f 1281// 1032// 1031//
f 1281// 1031// 1282//
f 1282// 1031// 1029//
f 1282// 1029// 1283//
f 1283// 1029// 1028//
f 1283// 1028// 281//
f 281// 1028// 1042//
f 262// 347// 1044//
f 1044// 347// 1045//
f 327// 1050// 1284//
f 1284// 1050// 1049//
f 1284// 1049// 1285//
f 1285// 1049// 1048//
f 1285// 1048// 1286//
f 1286// 1048// 1047//
f 1286// 1047// 1287//
f 1287// 1047// 1046//
f 1287// 1046// 1288//
f 1288// 1046// 1036//
f 1288// 1036// 1289//
f 1289// 1036// 1035//
f 1289// 1035// 347//
f 347// 1035// 1045//
f 327// 325// 1050//
f 1050// 325// 1051//
f 305// 1038// 1290//
f 1290// 1038// 1037//
f 1290// 1037// 1291//
f 1291// 1037// 1027//
f 1291// 1027// 315//
f 315// 1027// 1026//
f 315// 1026// 1292//
f 1292// 1026// 1024//
f 1292// 1024// 1293//
f 1293// 1024// 1023//
f 1293// 1023// 325//
f 325// 1023// 1051//
f 305// 303// 1038//
f 1038// 303// 1039//
f 283// 1041// 1294//
f 1294// 1041// 1040//
f 1294// 1040// 1295//
f 1295// 1040// 1022//
f 1295// 1022// 293//
f 293// 1022// 1021//
f 293// 1021// 1296//
f 1296// 1021// 1019//
f 1296// 1019// 1297//
f 1297// 1019// 1018//
f 1297// 1018// 303//
f 303// 1018// 1039//
f 283// 281// 1041//
f 1041// 281// 1042//
f 262// 303// 305//
f 1294// 1295// 303//
f 305// 325// 262//
f 262// 325// 327//
f 262// 327// 347//
f 262// 1278// 1279//
f 1282// 1283// 262//
f 262// 1283// 281//
f 262// 281// 303//
f 303// 281// 283//
f 303// 283// 1294//
f 327// 1284// 347//
f 347// 1284// 1285//
f 347// 1285// 1286//
f 1286// 1287// 347//
f 347// 1287// 1288//
f 347// 1288// 1289//
f 1279// 1280// 262//
f 262// 1280// 1281//
f 262// 1281// 1282//
f 293// 1296// 1295//
f 1295// 1296// 1297//
f 1295// 1297// 303//
f 305// 1290// 325//
f 325// 1290// 1291//
f 325// 1291// 1293//
f 1293// 1291// 315//
f 1293// 315// 1292//
f 229// 259// 1020//
f 1020// 259// 1025//
f 259// 257// 1025//
f 1025// 257// 1034//
f 257// 255// 1034//
f 1034// 255// 1030//
f 253// 251// 1055//
f 1055// 251// 1054//
f 251// 249// 1054//
f 1054// 249// 1052//
f 247// 245// 1062//
f 1062// 245// 1082//
f 231// 1114// 1298//
f 1298// 1114// 1105//
f 1298// 1105// 1299//
f 1299// 1105// 1079//
f 1299// 1079// 1300//
f 1300// 1079// 1078//
f 1300// 1078// 1301//
f 1301// 1078// 1088//
f 1301// 1088// 1302//
f 1302// 1088// 1084//
f 1302// 1084// 245//
f 245// 1084// 1082//
f 231// 227// 1114//
f 1114// 227// 1064//
f 253// 255// 251//
f 251// 255// 257//
f 229// 227// 259//
f 259// 227// 231//
f 231// 1298// 259//
f 259// 1298// 1299//
f 259// 1299// 1300//
f 1300// 1301// 259//
f 259// 1301// 1302//
f 259// 1302// 257//
f 257// 1302// 245//
f 257// 245// 251//
f 251// 245// 247//
f 251// 247// 249//
f 203// 225// 1072//
f 1072// 225// 1077//
f 225// 223// 1077//
f 1077// 223// 1112//
f 223// 221// 1112//
f 1112// 221// 1113//
f 205// 1173// 1303//
f 1303// 1173// 1120//
f 1303// 1120// 1304//
f 1304// 1120// 1185//
f 1304// 1185// 1305//
f 1305// 1185// 1184//
f 1305// 1184// 1306//
f 1306// 1184// 1146//
f 1306// 1146// 1307//
f 1307// 1146// 1145//
f 1307// 1145// 1308//
f 1308// 1145// 1144//
f 1308// 1144// 221//
f 221// 1144// 1113//
f 205// 201// 1173//
f 1173// 201// 1071//
f 221// 223// 225//
f 203// 201// 225//
f 225// 201// 205//
f 225// 205// 221//
f 221// 205// 1303//
f 221// 1303// 1304//
f 1304// 1305// 221//
f 221// 1305// 1306//
f 221// 1306// 1308//
f 1308// 1306// 1307//
usemtl 1
f 1309// 999// 1310//
f 1310// 999// 998//
f 1310// 998// 1311//
f 1311// 998// 997//
f 1311// 997// 1312//
f 1312// 997// 996//
f 1312// 996// 1313//
f 1313// 996// 995//
f 1313// 995// 1314//
f 1314// 995// 993//
f 1314// 993// 1315//
f 1315// 993// 992//
f 1315// 992// 1316//
f 1316// 992// 991//
f 1316// 991// 1317//
f 1317// 991// 990//
f 1317// 990// 1318//
f 1318// 990// 989//
f 1318// 989// 1319//
f 1319// 989// 988//
f 1319// 988// 1320//
f 1320// 988// 987//
f 1320// 987// 1321//
f 1321// 987// 986//
f 1321// 986// 1322//
f 1322// 986// 983//
f 1322// 983// 1323//
f 1323// 983// 1004//
f 1323// 1004// 1324//
f 1324// 1004// 1003//
f 1324// 1003// 1325//
f 1325// 1003// 985//
f 1325// 985// 1326//
f 1326// 985// 984//
f 1326// 984// 1327//
f 1327// 984// 1002//
f 1327// 1002// 1328//
f 1328// 1002// 1001//
f 1328// 1001// 1329//
f 1329// 1001// 1000//
f 1329// 1000// 1330//
f 1330// 1000// 981//
f 1330// 981// 1331//
f 1331// 981// 980//
f 1331// 980// 1332//
f 1332// 980// 979//
f 1332// 979// 1309//
f 1309// 979// 999//
f 1331// 1332// 1333//
f 1333// 1332// 1309//
f 1333// 1309// 1310//
f 1328// 1329// 1333//
f 1333// 1329// 1330//
f 1333// 1330// 1331//
f 1325// 1326// 1333//
f 1333// 1326// 1327//
f 1333// 1327// 1328//
f 1322// 1323// 1333//
f 1333// 1323// 1324//
f 1333// 1324// 1325//
f 1319// 1320// 1333//
f 1333// 1320// 1321//
f 1333// 1321// 1322//
f 1316// 1317// 1333//
f 1333// 1317// 1318//
f 1333// 1318// 1319//
f 1313// 1314// 1333//
f 1333// 1314// 1315//
f 1333// 1315// 1316//
f 1310// 1311// 1333//
f 1333// 1311// 1312//
f 1333// 1312// 1313//
usemtl 5
f 1334// 1335// 943//
f 943// 1335// 944//
f 1336// 1334// 949//
f 949// 1334// 943//
f 1337// 1336// 946//
f 946// 1336// 949//
f 1338// 1337// 948//
f 948// 1337// 946//
f 1339// 1338// 945//
f 945// 1338// 948//
f 1335// 1339// 944//
f 944// 1339// 945//
f 1337// 1338// 1336//
f 1336// 1338// 1339//
f 1336// 1339// 1334//
f 1334// 1339// 1335//
f 798// 1340// 799//
f 799// 1340// 1341//
f 799// 1341// 794//
f 794// 1341// 1342//
f 794// 1342// 792//
f 798// 796// 1340//
f 1340// 796// 795//
f 1340// 795// 1343//
f 1344// 1343// 747//
f 747// 1343// 795//
f 1344// 747// 743//
f 1344// 743// 1345//
f 743// 758// 1345//
f 1345// 758// 759//
f 1345// 759// 1346//
f 1346// 759// 760//
f 1346// 760// 1347//
f 1347// 760// 765//
f 1347// 765// 1348//
f 1348// 765// 766//
f 1348// 766// 1349//
f 1349// 766// 764//
f 1349// 764// 1350//
f 1350// 764// 763//
f 1350// 763// 1351//
f 1351// 763// 762//
f 1351// 762// 1352//
f 1352// 762// 761//
f 1352// 761// 1353//
f 1353// 761// 757//
f 1353// 757// 1354//
f 1354// 757// 756//
f 1354// 756// 1355//
f 1355// 756// 755//
f 1355// 755// 1356//
f 1356// 755// 754//
f 1356// 754// 1357//
f 1357// 754// 753//
f 1357// 753// 1358//
f 1358// 753// 752//
f 1358// 752// 1359//
f 1359// 752// 751//
f 1359// 751// 1360//
f 1360// 751// 750//
f 1360// 750// 1361//
f 1361// 750// 742//
f 1361// 742// 1362//
f 1362// 742// 741//
f 1362// 741// 1363//
f 1363// 741// 744//
f 749// 1364// 744//
f 744// 1364// 1365//
f 744// 1365// 1363//
f 749// 748// 1364//
f 1364// 748// 746//
f 1364// 746// 1366//
f 1367// 1366// 767//
f 767// 1366// 746//
f 1367// 767// 769//
f 1367// 769// 1368//
f 978// 1369// 772//
f 772// 1369// 1368//
f 772// 1368// 771//
f 771// 1368// 769//
f 1369// 978// 965//
f 1369// 965// 1370//
f 965// 789// 1370//
f 1370// 789// 788//
f 1370// 788// 1371//
f 1371// 788// 787//
f 1371// 787// 1372//
f 1372// 787// 784//
f 1372// 784// 1373//
f 1373// 784// 783//
f 1373// 783// 1374//
f 1374// 783// 782//
f 1374// 782// 1375//
f 1375// 782// 780//
f 1375// 780// 1376//
f 1376// 780// 779//
f 1376// 779// 1377//
f 1377// 779// 774//
f 1377// 774// 1378//
f 1378// 774// 773//
f 1378// 773// 1379//
f 1379// 773// 786//
f 1379// 786// 1380//
f 1380// 786// 785//
f 1380// 785// 1381//
f 777// 1382// 778//
f 778// 1382// 1381//
f 778// 1381// 785//
f 776// 1383// 777//
f 777// 1383// 1384//
f 777// 1384// 1382//
f 776// 790// 1383//
f 1383// 790// 792//
f 1383// 792// 1342//
f 1373// 1359// 1372//
f 1372// 1359// 1360//
f 1372// 1360// 1371//
f 1377// 1355// 1376//
f 1376// 1355// 1356//
f 1376// 1356// 1375//
f 1375// 1356// 1374//
f 1374// 1356// 1357//
f 1374// 1357// 1373//
f 1373// 1357// 1358//
f 1373// 1358// 1359//
f 1371// 1360// 1370//
f 1370// 1360// 1361//
f 1370// 1361// 1369//
f 1343// 1344// 1340//
f 1340// 1344// 1345//
f 1340// 1345// 1341//
f 1341// 1345// 1346//
f 1341// 1346// 1342//
f 1342// 1346// 1347//
f 1342// 1347// 1383//
f 1383// 1347// 1348//
f 1383// 1348// 1384//
f 1384// 1348// 1349//
f 1384// 1349// 1382//
f 1382// 1349// 1350//
f 1382// 1350// 1381//
f 1381// 1350// 1351//
f 1381// 1351// 1380//
f 1380// 1351// 1352//
f 1380// 1352// 1379//
f 1379// 1352// 1378//
f 1378// 1352// 1353//
f 1378// 1353// 1377//
f 1377// 1353// 1354//
f 1377// 1354// 1355//
f 1361// 1362// 1369//
f 1369// 1362// 1363//
f 1369// 1363// 1368//
f 1368// 1363// 1365//
f 1368// 1365// 1367//
f 1367// 1365// 1364//
f 1367// 1364// 1366//
f 1385// 1386// 713//
f 713// 1386// 710//
f 729// 1387// 731//
f 731// 1387// 1385//
f 731// 1385// 713//
f 1388// 1387// 728//
f 728// 1387// 729//
f 732// 1389// 730//
f 730// 1389// 1388//
f 730// 1388// 728//
f 1390// 1389// 733//
f 733// 1389// 732//
f 736// 1391// 734//
f 734// 1391// 1390//
f 734// 1390// 733//
f 1392// 1391// 737//
f 737// 1391// 736//
f 702// 1393// 735//
f 735// 1393// 1392//
f 735// 1392// 737//
f 1394// 1393// 703//
f 703// 1393// 702//
f 738// 1395// 707//
f 707// 1395// 1394//
f 707// 1394// 703//
f 1396// 1395// 740//
f 740// 1395// 738//
f 710// 1386// 950//
f 950// 1386// 1396//
f 950// 1396// 740//
f 1396// 1386// 1385//
f 1385// 1387// 1396//
f 1396// 1387// 1388//
f 1396// 1388// 1395//
f 1393// 1394// 1392//
f 1392// 1394// 1395//
f 1392// 1395// 1391//
f 1391// 1395// 1388//
f 1391// 1388// 1390//
f 1390// 1388// 1389//
f 1397// 1398// 1399//
f 1399// 1398// 1400//
f 1399// 1400// 1401//
f 1401// 1400// 1402//
f 1401// 1402// 1403//
f 1403// 1402// 1404//
f 1403// 1404// 1405//
f 1405// 1404// 1406//
f 1405// 1406// 1407//
f 1407// 1406// 1408//
f 1407// 1408// 1409//
f 1409// 1408// 1410//
f 1409// 1410// 1411//
f 1411// 1410// 1412//
f 1411// 1412// 1413//
f 1413// 1412// 1414//
f 1413// 1414// 1415//
f 1415// 1414// 1416//
f 1415// 1416// 1417//
f 1417// 1416// 1418//
f 1417// 1418// 1419//
f 1419// 1418// 1420//
f 1419// 1420// 1421//
f 1421// 1420// 1422//
f 1421// 1422// 1423//
f 1423// 1422// 1424//
f 1423// 1424// 1425//
f 1425// 1424// 1426//
f 1425// 1426// 1427//
f 1427// 1426// 1428//
f 1427// 1428// 1429//
f 1429// 1428// 1430//
f 1429// 1430// 1431//
f 1431// 1430// 1397//
f 1431// 1397// 1399//
f 1405// 1407// 712//
f 712// 1407// 700//
f 718// 1399// 1401//
f 1405// 712// 711//
f 1405// 711// 1403//
f 1403// 711// 720//
f 1403// 720// 1401//
f 1401// 720// 719//
f 1401// 719// 718//
f 1399// 718// 715//
f 1399// 715// 1431//
f 1431// 715// 714//
f 1431// 714// 1429//
f 1429// 714// 727//
f 1429// 727// 1427//
f 1427// 727// 726//
f 1427// 726// 1425//
f 1425// 726// 725//
f 1425// 725// 1423//
f 1423// 725// 717//
f 1423// 717// 1421//
f 1421// 717// 716//
f 1421// 716// 1419//
f 1419// 716// 721//
f 1419// 721// 1417//
f 1417// 721// 724//
f 723// 1413// 724//
f 724// 1413// 1415//
f 724// 1415// 1417//
f 723// 722// 1413//
f 1413// 722// 704//
f 1413// 704// 1411//
f 1409// 1411// 701//
f 701// 1411// 704//
f 1407// 1409// 700//
f 700// 1409// 701//
f 1412// 1410// 1432//
f 1432// 1410// 1433//
f 1410// 1408// 1433//
f 1433// 1408// 1434//
f 1408// 1406// 1434//
f 1434// 1406// 1435//
f 1398// 1436// 1437//
f 1398// 1437// 1400//
f 1400// 1437// 1438//
f 1400// 1438// 1402//
f 1402// 1438// 1439//
f 1402// 1439// 1404//
f 1404// 1439// 1435//
f 1404// 1435// 1406//
f 1426// 1440// 1441//
f 1426// 1441// 1428//
f 1428// 1441// 1442//
f 1428// 1442// 1430//
f 1430// 1442// 1443//
f 1430// 1443// 1397//
f 1397// 1443// 1436//
f 1397// 1436// 1398//
f 1418// 1444// 1445//
f 1418// 1445// 1420//
f 1420// 1445// 1446//
f 1420// 1446// 1422//
f 1422// 1446// 1447//
f 1422// 1447// 1424//
f 1424// 1447// 1440//
f 1424// 1440// 1426//
f 1412// 1432// 1448//
f 1412// 1448// 1414//
f 1414// 1448// 1449//
f 1414// 1449// 1416//
f 1416// 1449// 1444//
f 1416// 1444// 1418//
usemtl 3
f 1433// 1434// 1432//
f 1432// 1434// 1435//
f 1435// 1439// 1432//
f 1432// 1439// 1438//
f 1432// 1438// 1437//
f 1437// 1436// 1432//
f 1432// 1436// 1443//
f 1432// 1443// 1442//
f 1440// 1444// 1449//
f 1447// 1446// 1440//
f 1440// 1446// 1445//
f 1440// 1445// 1444//
f 1442// 1441// 1432//
f 1432// 1441// 1440//
f 1432// 1440// 1448//
f 1448// 1440// 1449//
usemtl 5
f 1450// 1451// 1452//
f 1452// 1451// 1453//
f 1454// 1455// 1450//
f 1450// 1455// 1456//
f 1450// 1456// 1451//
f 1451// 1456// 1457//
f 1454// 1458// 1455//
f 1455// 1458// 1459//
f 1455// 1459// 1460//
f 1460// 1459// 1461//
f 1460// 1461// 1462//
f 1462// 1463// 1460//
f 1460// 1463// 1452//
f 1460// 1452// 1464//
f 1464// 1452// 1453//
f 1464// 1453// 1465//
f 1460// 1464// 690//
f 690// 1464// 685//
f 1455// 1460// 699//
f 699// 1460// 690//
f 696// 1456// 698//
f 698// 1456// 1455//
f 698// 1455// 699//
f 1457// 1456// 694//
f 694// 1456// 696//
f 1451// 1457// 693//
f 693// 1457// 694//
f 687// 1453// 688//
f 688// 1453// 1451//
f 688// 1451// 693//
f 1465// 1453// 686//
f 686// 1453// 687//
f 1464// 1465// 685//
f 685// 1465// 686//
f 1450// 1452// 1466//
f 1466// 1452// 1467//
f 1452// 1463// 1467//
f 1467// 1463// 1468//
f 1461// 1469// 1470//
f 1461// 1470// 1462//
f 1462// 1470// 1468//
f 1462// 1468// 1463//
f 1461// 1459// 1469//
f 1469// 1459// 1471//
f 1454// 1472// 1473//
f 1454// 1473// 1458//
f 1458// 1473// 1471//
f 1458// 1471// 1459//
f 1454// 1450// 1472//
f 1472// 1450// 1466//
usemtl 3
f 1469// 1471// 1470//
f 1470// 1471// 1473//
f 1470// 1473// 1468//
f 1468// 1473// 1472//
f 1468// 1472// 1467//
f 1467// 1472// 1466//
usemtl 5
f 1474// 1475// 800//
f 800// 1475// 801//
f 812// 1476// 810//
f 810// 1476// 1474//
f 810// 1474// 800//
f 1477// 1476// 811//
f 811// 1476// 812//
f 1478// 1477// 813//
f 813// 1477// 811//
f 1479// 1478// 814//
f 814// 1478// 813//
f 1480// 1479// 815//
f 815// 1479// 814//
f 1481// 1480// 816//
f 816// 1480// 815//
f 1482// 1481// 808//
f 808// 1481// 816//
f 1483// 1482// 807//
f 807// 1482// 808//
f 1484// 1483// 806//
f 806// 1483// 807//
f 1485// 1484// 803//
f 803// 1484// 806//
f 801// 1475// 805//
f 805// 1475// 1485//
f 805// 1485// 803//
f 1485// 1475// 1474//
f 1474// 1476// 1485//
f 1485// 1476// 1477//
f 1485// 1477// 1484//
f 1482// 1483// 1481//
f 1481// 1483// 1484//
f 1481// 1484// 1480//
f 1480// 1484// 1477//
f 1480// 1477// 1479//
f 1479// 1477// 1478//
f 1486// 1487// 1488//
f 1488// 1487// 1489//
f 1490// 1491// 1492//
f 1493// 1494// 1495//
f 1495// 1494// 1496//
f 1497// 1498// 1489//
f 1489// 1498// 1499//
f 1499// 1500// 1489//
f 1489// 1500// 1501//
f 1489// 1501// 1488//
f 1488// 1501// 1502//
f 1488// 1502// 1493//
f 1493// 1502// 1503//
f 1493// 1503// 1494//
f 1492// 1497// 1490//
f 1490// 1497// 1489//
f 1490// 1489// 1504//
f 1504// 1489// 1505//
f 1504// 1505// 1506//
f 1506// 1505// 1507//
f 1506// 1507// 1508//
f 1508// 1507// 1509//
f 1508// 1509// 1510//
f 1510// 1509// 1511//
f 1510// 1511// 1512//
f 1512// 1511// 1513//
f 1512// 1513// 1514//
f 1514// 1513// 1515//
f 1514// 1515// 1516//
f 1516// 1515// 1517//
f 1516// 1517// 1518//
f 1518// 1517// 1519//
f 1518// 1519// 1520//
f 1520// 1519// 1521//
f 1520// 1521// 1522//
f 1522// 1521// 1523//
f 1524// 1525// 1526//
f 1526// 1525// 1527//
f 1526// 1527// 1528//
f 1528// 1527// 1529//
f 1528// 1529// 1530//
f 1530// 1529// 1531//
f 1530// 1531// 1532//
f 1532// 1531// 1533//
f 1532// 1533// 1534//
f 1534// 1533// 1535//
f 1534// 1535// 1496//
f 1496// 1535// 1536//
f 1496// 1536// 1495//
f 1537// 1538// 1539//
f 1539// 1538// 1540//
f 1539// 1540// 1541//
f 1541// 1540// 1542//
f 1541// 1542// 1543//
f 1543// 1542// 1544//
f 1543// 1544// 1524//
f 1524// 1544// 1545//
f 1524// 1545// 1525//
f 1490// 1546// 1491//
f 1491// 1546// 1547//
f 1491// 1547// 1548//
f 1548// 1547// 1549//
f 1548// 1549// 1550//
f 1550// 1549// 1551//
f 1550// 1551// 1552//
f 1552// 1551// 1553//
f 1552// 1553// 1537//
f 1537// 1553// 1554//
f 1537// 1554// 1538//
f 1517// 851// 850//
f 1517// 850// 1519//
f 1519// 850// 849//
f 1519// 849// 1521//
f 1521// 849// 819//
f 1521// 819// 1523//
f 1522// 1523// 820//
f 820// 1523// 819//
f 1522// 820// 844//
f 1522// 844// 1520//
f 1520// 844// 848//
f 1520// 848// 1518//
f 1518// 848// 847//
f 1518// 847// 1516//
f 1516// 847// 846//
f 1516// 846// 1514//
f 1514// 846// 860//
f 1514// 860// 1512//
f 1512// 860// 859//
f 1512// 859// 1510//
f 1510// 859// 858//
f 1510// 858// 1508//
f 1508// 858// 857//
f 1508// 857// 1506//
f 1506// 857// 856//
f 1506// 856// 1504//
f 1504// 856// 855//
f 1504// 855// 1490//
f 1546// 1490// 845//
f 845// 1490// 855//
f 1546// 845// 843//
f 1546// 843// 1547//
f 1547// 843// 842//
f 1547// 842// 1549//
f 1549// 842// 841//
f 1549// 841// 1551//
f 1551// 841// 840//
f 1551// 840// 1553//
f 1553// 840// 839//
f 1553// 839// 1554//
f 1554// 839// 838//
f 1554// 838// 1538//
f 1538// 838// 833//
f 1538// 833// 1540//
f 1540// 833// 832//
f 1540// 832// 1542//
f 1542// 832// 831//
f 1542// 831// 1544//
f 1544// 831// 827//
f 1544// 827// 1545//
f 1545// 827// 826//
f 1545// 826// 1525//
f 861// 1531// 817//
f 817// 1531// 1529//
f 817// 1529// 818//
f 818// 1529// 1527//
f 818// 1527// 825//
f 825// 1527// 1525//
f 825// 1525// 826//
f 1531// 861// 863//
f 1531// 863// 1533//
f 1533// 863// 865//
f 1533// 865// 1535//
f 865// 913// 1535//
f 1535// 913// 837//
f 1535// 837// 1536//
f 1536// 837// 836//
f 1536// 836// 1495//
f 1495// 836// 835//
f 1495// 835// 1493//
f 1488// 1493// 834//
f 834// 1493// 835//
f 1486// 1488// 824//
f 824// 1488// 834//
f 1487// 1486// 822//
f 822// 1486// 824//
f 1489// 1487// 821//
f 821// 1487// 822//
f 1489// 821// 854//
f 1489// 854// 1505//
f 1505// 854// 853//
f 1505// 853// 1507//
f 1507// 853// 852//
f 1507// 852// 1509//
f 1509// 852// 829//
f 1509// 829// 1511//
f 1511// 829// 828//
f 1511// 828// 1513//
f 1513// 828// 830//
f 1513// 830// 1515//
f 1515// 830// 851//
f 1515// 851// 1517//
f 1548// 1555// 1556//
f 1548// 1556// 1491//
f 1491// 1556// 1557//
f 1491// 1557// 1492//
f 1492// 1557// 1558//
f 1492// 1558// 1497//
f 1539// 1559// 1560//
f 1539// 1560// 1537//
f 1537// 1560// 1561//
f 1537// 1561// 1552//
f 1552// 1561// 1562//
f 1552// 1562// 1550//
f 1550// 1562// 1555//
f 1550// 1555// 1548//
f 1526// 1563// 1564//
f 1526// 1564// 1524//
f 1524// 1564// 1565//
f 1524// 1565// 1543//
f 1543// 1565// 1566//
f 1543// 1566// 1541//
f 1541// 1566// 1559//
f 1541// 1559// 1539//
f 1532// 1567// 1568//
f 1532// 1568// 1530//
f 1530// 1568// 1569//
f 1530// 1569// 1528//
f 1528// 1569// 1563//
f 1528// 1563// 1526//
f 1503// 1570// 1571//
f 1503// 1571// 1494//
f 1494// 1571// 1572//
f 1494// 1572// 1496//
f 1496// 1572// 1573//
f 1496// 1573// 1534//
f 1534// 1573// 1567//
f 1534// 1567// 1532//
f 1499// 1574// 1575//
f 1499// 1575// 1500//
f 1500// 1575// 1576//
f 1500// 1576// 1501//
f 1501// 1576// 1577//
f 1501// 1577// 1502//
f 1502// 1577// 1570//
f 1502// 1570// 1503//
f 1499// 1498// 1574//
f 1574// 1498// 1578//
f 1498// 1497// 1578//
f 1578// 1497// 1558//
usemtl 3
f 1575// 1574// 1555//
f 1574// 1578// 1558//
f 1558// 1557// 1574//
f 1574// 1557// 1556//
f 1574// 1556// 1555//
f 1575// 1555// 1576//
f 1576// 1555// 1562//
f 1576// 1562// 1577//
f 1564// 1563// 1571//
f 1564// 1571// 1565//
f 1572// 1571// 1573//
f 1573// 1571// 1567//
f 1562// 1561// 1577//
f 1577// 1561// 1560//
f 1577// 1560// 1570//
f 1570// 1560// 1559//
f 1570// 1559// 1571//
f 1571// 1559// 1566//
f 1571// 1566// 1565//
f 1563// 1569// 1571//
f 1571// 1569// 1568//
f 1571// 1568// 1567//
usemtl 5
f 1579// 670// 667//
f 609// 1580// 667//
f 667// 1580// 1581//
f 667// 1581// 1579//
f 609// 608// 1580//
f 1580// 608// 613//
f 1580// 613// 1582//
f 1583// 1582// 619//
f 619// 1582// 613//
f 1583// 619// 1584//
f 1584// 619// 621//
f 625// 1585// 624//
f 624// 1585// 1584//
f 624// 1584// 623//
f 623// 1584// 621//
f 1585// 625// 1586//
f 1586// 625// 433//
f 433// 432// 1586//
f 1586// 432// 648//
f 1586// 648// 1587//
f 1587// 648// 647//
f 1587// 647// 1588//
f 1588// 647// 635//
f 1588// 635// 1589//
f 1589// 635// 634//
f 1589// 634// 1590//
f 1590// 634// 633//
f 1590// 633// 1591//
f 1591// 633// 646//
f 1591// 646// 1592//
f 1592// 646// 645//
f 1592// 645// 1593//
f 1593// 645// 644//
f 1593// 644// 1594//
f 1594// 644// 643//
f 1594// 643// 1595//
f 1595// 643// 663//
f 1595// 663// 1596//
f 1596// 663// 662//
f 1596// 662// 1597//
f 1597// 662// 660//
f 1597// 660// 1598//
f 1598// 660// 658//
f 1598// 658// 1599//
f 1599// 658// 657//
f 1599// 657// 1600//
f 1600// 657// 656//
f 1600// 656// 1601//
f 1601// 656// 655//
f 1601// 655// 1602//
f 1602// 655// 654//
f 1602// 654// 1603//
f 1603// 654// 651//
f 1603// 651// 1604//
f 1604// 651// 666//
f 1604// 666// 1605//
f 1605// 666// 665//
f 1605// 665// 1606//
f 1606// 665// 664//
f 1606// 664// 1607//
f 1607// 664// 653//
f 1607// 653// 1608//
f 1608// 653// 652//
f 1608// 652// 1609//
f 1609// 652// 650//
f 1609// 650// 1610//
f 1610// 650// 649//
f 1610// 649// 1611//
f 1611// 649// 659//
f 1611// 659// 1612//
f 1612// 659// 661//
f 1612// 661// 1613//
f 1613// 661// 629//
f 1613// 629// 1614//
f 1615// 1614// 628//
f 628// 1614// 629//
f 1615// 628// 642//
f 1615// 642// 1616//
f 1616// 642// 640//
f 1616// 640// 1617//
f 1617// 640// 639//
f 1617// 639// 1618//
f 1618// 639// 631//
f 1618// 631// 1619//
f 1619// 631// 630//
f 1619// 630// 1620//
f 1620// 630// 1621//
f 1621// 630// 638//
f 638// 637// 1621//
f 1621// 637// 636//
f 1621// 636// 1622//
f 1622// 636// 617//
f 1622// 617// 1623//
f 1623// 617// 615//
f 1623// 615// 1624//
f 1624// 615// 614//
f 1624// 614// 1625//
f 1625// 614// 612//
f 1625// 612// 1626//
f 1626// 612// 611//
f 1626// 611// 1627//
f 668// 1628// 1629//
f 1627// 611// 618//
f 1627// 618// 1630//
f 1630// 618// 610//
f 1630// 610// 1629//
f 1629// 610// 669//
f 1629// 669// 668//
f 1628// 668// 672//
f 1628// 672// 1631//
f 1631// 672// 683//
f 1631// 683// 1632//
f 1632// 683// 682//
f 1632// 682// 1633//
f 1633// 682// 681//
f 1633// 681// 1634//
f 1634// 681// 675//
f 1634// 675// 1635//
f 1635// 675// 674//
f 1635// 674// 1636//
f 1636// 674// 680//
f 1636// 680// 1637//
f 1637// 680// 679//
f 1637// 679// 1638//
f 1638// 679// 678//
f 1638// 678// 1639//
f 1639// 678// 677//
f 1639// 677// 1640//
f 1640// 677// 676//
f 1640// 676// 1641//
f 1641// 676// 673//
f 1641// 673// 1642//
f 1642// 673// 671//
f 1642// 671// 1643//
f 1643// 671// 670//
f 1643// 670// 1579//
f 1607// 1608// 1619//
f 1619// 1608// 1618//
f 1599// 1628// 1598//
f 1598// 1628// 1631//
f 1598// 1631// 1597//
f 1585// 1579// 1584//
f 1584// 1579// 1581//
f 1584// 1581// 1583//
f 1583// 1581// 1580//
f 1583// 1580// 1582//
f 1608// 1609// 1618//
f 1618// 1609// 1610//
f 1618// 1610// 1617//
f 1617// 1610// 1611//
f 1617// 1611// 1616//
f 1616// 1611// 1612//
f 1616// 1612// 1615//
f 1615// 1612// 1613//
f 1615// 1613// 1614//
f 1597// 1631// 1596//
f 1596// 1631// 1632//
f 1596// 1632// 1595//
f 1595// 1632// 1633//
f 1595// 1633// 1594//
f 1594// 1633// 1634//
f 1594// 1634// 1593//
f 1593// 1634// 1635//
f 1593// 1635// 1592//
f 1592// 1635// 1636//
f 1592// 1636// 1591//
f 1591// 1636// 1637//
f 1591// 1637// 1590//
f 1590// 1637// 1638//
f 1590// 1638// 1589//
f 1589// 1638// 1639//
f 1589// 1639// 1588//
f 1588// 1639// 1640//
f 1588// 1640// 1587//
f 1587// 1640// 1641//
f 1587// 1641// 1586//
f 1586// 1641// 1642//
f 1586// 1642// 1585//
f 1585// 1642// 1643//
f 1585// 1643// 1579//
f 1619// 1620// 1607//
f 1607// 1620// 1621//
f 1607// 1621// 1606//
f 1606// 1621// 1622//
f 1606// 1622// 1605//
f 1605// 1622// 1623//
f 1605// 1623// 1604//
f 1604// 1623// 1624//
f 1604// 1624// 1603//
f 1603// 1624// 1625//
f 1603// 1625// 1602//
f 1602// 1625// 1626//
f 1602// 1626// 1601//
f 1601// 1626// 1627//
f 1601// 1627// 1600//
f 1600// 1627// 1630//
f 1600// 1630// 1599//
f 1599// 1630// 1629//
f 1599// 1629// 1628//
f 1644// 1645// 866//
f 866// 1645// 867//
f 1646// 1644// 878//
f 878// 1644// 866//
f 1646// 878// 881//
f 1646// 881// 1647//
f 1647// 881// 880//
f 1647// 880// 1648//
f 1649// 1648// 879//
f 879// 1648// 880//
f 1650// 1649// 877//
f 877// 1649// 879//
f 1651// 1650// 876//
f 876// 1650// 877//
f 1652// 1651// 875//
f 875// 1651// 876//
f 1653// 1652// 874//
f 874// 1652// 875//
f 888// 1654// 873//
f 873// 1654// 1653//
f 873// 1653// 874//
f 1654// 888// 887//
f 1654// 887// 1655//
f 1655// 887// 886//
f 1655// 886// 1656//
f 1656// 886// 900//
f 1656// 900// 1657//
f 1657// 900// 899//
f 1657// 899// 1658//
f 1658// 899// 892//
f 1658// 892// 1659//
f 1659// 892// 891//
f 1659// 891// 1660//
f 1660// 891// 890//
f 1660// 890// 1661//
f 1662// 1661// 889//
f 889// 1661// 890//
f 1662// 889// 885//
f 1662// 885// 1663//
f 1663// 885// 884//
f 1663// 884// 1664//
f 1664// 884// 883//
f 1664// 883// 1665//
f 1665// 883// 898//
f 1665// 898// 1666//
f 1666// 898// 897//
f 1666// 897// 1667//
f 1667// 897// 896//
f 1667// 896// 1668//
f 1668// 896// 895//
f 1668// 895// 1669//
f 1669// 895// 894//
f 1669// 894// 1670//
f 867// 1645// 893//
f 893// 1645// 1670//
f 893// 1670// 894//
f 1647// 1648// 1670//
f 1645// 1644// 1670//
f 1670// 1644// 1646//
f 1670// 1646// 1647//
f 1651// 1652// 1650//
f 1650// 1652// 1653//
f 1650// 1653// 1649//
f 1661// 1662// 1660//
f 1660// 1662// 1663//
f 1660// 1663// 1659//
f 1659// 1663// 1664//
f 1659// 1664// 1658//
f 1658// 1664// 1665//
f 1658// 1665// 1657//
f 1657// 1665// 1666//
f 1657// 1666// 1656//
f 1648// 1649// 1670//
f 1670// 1649// 1653//
f 1670// 1653// 1669//
f 1653// 1654// 1669//
f 1669// 1654// 1655//
f 1669// 1655// 1668//
f 1668// 1655// 1656//
f 1668// 1656// 1667//
f 1667// 1656// 1666//
f 1671// 1672// 589//
f 589// 1672// 590//
f 594// 1673// 596//
f 596// 1673// 1671//
f 596// 1671// 589//
f 1674// 1673// 593//
f 593// 1673// 594//
f 597// 1675// 595//
f 595// 1675// 1674//
f 595// 1674// 593//
f 1676// 1675// 598//
f 598// 1675// 597//
f 600// 1677// 602//
f 602// 1677// 1676//
f 602// 1676// 598//
f 1678// 1677// 599//
f 599// 1677// 600//
f 603// 1679// 601//
f 601// 1679// 1678//
f 601// 1678// 599//
f 1680// 1679// 872//
f 872// 1679// 603//
f 607// 1681// 870//
f 870// 1681// 1680//
f 870// 1680// 872//
f 1682// 1681// 605//
f 605// 1681// 607//
f 590// 1672// 604//
f 604// 1672// 1682//
f 604// 1682// 605//
f 1682// 1672// 1671//
f 1671// 1673// 1682//
f 1682// 1673// 1674//
f 1682// 1674// 1681//
f 1679// 1680// 1678//
f 1678// 1680// 1681//
f 1678// 1681// 1677//
f 1677// 1681// 1674//
f 1677// 1674// 1676//
f 1676// 1674// 1675//
f 1683// 1684// 1685//
f 1685// 1684// 1686//
f 1685// 1686// 1687//
f 1687// 1686// 1688//
f 1687// 1688// 1689//
f 1689// 1688// 1690//
f 1689// 1690// 1691//
f 1691// 1690// 1692//
f 1691// 1692// 1693//
f 1693// 1692// 1694//
f 1693// 1694// 1695//
f 1695// 1694// 1696//
f 1695// 1696// 1697//
f 1697// 1696// 1698//
f 1697// 1698// 1699//
f 1699// 1698// 1700//
f 1699// 1700// 1701//
f 1701// 1700// 1702//
f 1701// 1702// 1703//
f 1703// 1702// 1704//
f 1703// 1704// 1705//
f 1705// 1704// 1706//
f 1705// 1706// 1707//
f 1707// 1706// 1708//
f 1707// 1708// 1709//
f 1709// 1708// 1710//
f 1709// 1710// 1711//
f 1711// 1710// 1712//
f 1711// 1712// 1713//
f 1713// 1712// 1714//
f 1713// 1714// 1715//
f 1715// 1714// 1716//
f 1715// 1716// 1717//
f 1717// 1716// 1683//
f 1717// 1683// 1685//
f 1691// 1693// 927//
f 927// 1693// 916//
f 1691// 927// 926//
f 1691// 926// 1689//
f 1689// 926// 925//
f 1689// 925// 1687//
f 1687// 925// 919//
f 1687// 919// 1685//
f 1685// 919// 918//
f 1685// 918// 1717//
f 1717// 918// 917//
f 1717// 917// 1715//
f 1715// 917// 924//
f 1715// 924// 1713//
f 1713// 924// 923//
f 1713// 923// 1711//
f 1711// 923// 921//
f 1711// 921// 1709//
f 1709// 921// 920//
f 1709// 920// 1707//
f 1707// 920// 933//
f 1707// 933// 1705//
f 1705// 933// 932//
f 1705// 932// 1703//
f 1703// 932// 931//
f 1703// 931// 1701//
f 1701// 931// 930//
f 1701// 930// 1699//
f 1699// 930// 929//
f 1699// 929// 1697//
f 1695// 1697// 928//
f 928// 1697// 929//
f 1693// 1695// 916//
f 916// 1695// 928//
f 1698// 1696// 1718//
f 1718// 1696// 1719//
f 1696// 1694// 1719//
f 1719// 1694// 1720//
f 1694// 1692// 1720//
f 1720// 1692// 1721//
f 1684// 1722// 1723//
f 1684// 1723// 1686//
f 1686// 1723// 1724//
f 1686// 1724// 1688//
f 1688// 1724// 1725//
f 1688// 1725// 1690//
f 1690// 1725// 1721//
f 1690// 1721// 1692//
f 1712// 1726// 1727//
f 1712// 1727// 1714//
f 1714// 1727// 1728//
f 1714// 1728// 1716//
f 1716// 1728// 1729//
f 1716// 1729// 1683//
f 1683// 1729// 1722//
f 1683// 1722// 1684//
f 1704// 1730// 1731//
f 1704// 1731// 1706//
f 1706// 1731// 1732//
f 1706// 1732// 1708//
f 1708// 1732// 1733//
f 1708// 1733// 1710//
f 1710// 1733// 1726//
f 1710// 1726// 1712//
f 1698// 1718// 1734//
f 1698// 1734// 1700//
f 1700// 1734// 1735//
f 1700// 1735// 1702//
f 1702// 1735// 1730//
f 1702// 1730// 1704//
usemtl 3
f 1719// 1720// 1718//
f 1718// 1720// 1721//
f 1721// 1725// 1718//
f 1718// 1725// 1724//
f 1718// 1724// 1723//
f 1723// 1722// 1718//
f 1718// 1722// 1729//
f 1718// 1729// 1728//
f 1726// 1730// 1735//
f 1733// 1732// 1726//
f 1726// 1732// 1731//
f 1726// 1731// 1730//
f 1728// 1727// 1718//
f 1718// 1727// 1726//
f 1718// 1726// 1734//
f 1734// 1726// 1735//
usemtl 5
f 1736// 1737// 1738//
f 1738// 1737// 1739//
f 1740// 1741// 1736//
f 1736// 1741// 1742//
f 1736// 1742// 1737//
f 1737// 1742// 1743//
f 1740// 1744// 1741//
f 1741// 1744// 1745//
f 1741// 1745// 1746//
f 1746// 1745// 1747//
f 1746// 1747// 1748//
f 1748// 1749// 1746//
f 1746// 1749// 1738//
f 1746// 1738// 1750//
f 1750// 1738// 1739//
f 1750// 1739// 1751//
f 1746// 1750// 940//
f 940// 1750// 951//
f 1741// 1746// 939//
f 939// 1746// 940//
f 1742// 1741// 935//
f 935// 1741// 939//
f 1743// 1742// 934//
f 934// 1742// 935//
f 1737// 1743// 938//
f 938// 1743// 934//
f 1739// 1737// 937//
f 937// 1737// 938//
f 1751// 1739// 936//
f 936// 1739// 937//
f 1750// 1751// 951//
f 951// 1751// 936//
f 1736// 1738// 1752//
f 1752// 1738// 1753//
f 1738// 1749// 1753//
f 1753// 1749// 1754//
f 1747// 1755// 1756//
f 1747// 1756// 1748//
f 1748// 1756// 1754//
f 1748// 1754// 1749//
f 1747// 1745// 1755//
f 1755// 1745// 1757//
f 1740// 1758// 1759//
f 1740// 1759// 1744//
f 1744// 1759// 1757//
f 1744// 1757// 1745//
f 1740// 1736// 1758//
f 1758// 1736// 1752//
usemtl 3
f 1755// 1757// 1756//
f 1756// 1757// 1759//
f 1756// 1759// 1754//
f 1754// 1759// 1758//
f 1754// 1758// 1753//
f 1753// 1758// 1752//
usemtl 5
f 1760// 1761// 1762//
f 1763// 1764// 1765//
f 1766// 1767// 1768//
f 1769// 1770// 1771//
f 1771// 1770// 1772//
f 1773// 1774// 1762//
f 1762// 1774// 1775//
f 1762// 1775// 1760//
f 1765// 1764// 1776//
f 1777// 1778// 1779//
f 1780// 1781// 1770//
f 1770// 1781// 1782//
f 1770// 1782// 1772//
f 1772// 1782// 1783//
f 1784// 1785// 1786//
f 1786// 1785// 1787//
f 1786// 1787// 1788//
f 1788// 1787// 1789//
f 1788// 1789// 1790//
f 1790// 1789// 1791//
f 1790// 1791// 1792//
f 1792// 1791// 1762//
f 1792// 1762// 1793//
f 1793// 1762// 1794//
f 1795// 1796// 1784//
f 1784// 1796// 1797//
f 1784// 1797// 1785//
f 1769// 1771// 1779//
f 1779// 1771// 1798//
f 1779// 1798// 1777//
f 1799// 1800// 1801//
f 1801// 1800// 1802//
f 1801// 1802// 1803//
f 1803// 1802// 1804//
f 1803// 1804// 1805//
f 1805// 1804// 1806//
f 1766// 1768// 1807//
f 1807// 1768// 1808//
f 1807// 1808// 1809//
f 1809// 1808// 1810//
f 1809// 1810// 1811//
f 1764// 1812// 1776//
f 1776// 1812// 1813//
f 1776// 1813// 1814//
f 1814// 1813// 1815//
f 1814// 1815// 1766//
f 1766// 1815// 1816//
f 1766// 1816// 1767//
f 1783// 1782// 1784//
f 1784// 1782// 1817//
f 1784// 1817// 1795//
f 1818// 1819// 1820//
f 1820// 1819// 1821//
f 1820// 1821// 1822//
f 1822// 1821// 1823//
f 1822// 1823// 1824//
f 1824// 1823// 1825//
f 1824// 1825// 1826//
f 1826// 1825// 1827//
f 1826// 1827// 1828//
f 1794// 1762// 1829//
f 1829// 1762// 1761//
f 1829// 1761// 1830//
f 1804// 1831// 1806//
f 1806// 1831// 1832//
f 1806// 1832// 1833//
f 1833// 1832// 1834//
f 1833// 1834// 1835//
f 1835// 1834// 1836//
f 1835// 1836// 1837//
f 1837// 1836// 1838//
f 1837// 1838// 1839//
f 1839// 1838// 1840//
f 1839// 1840// 1841//
f 1841// 1840// 1842//
f 1841// 1842// 1818//
f 1818// 1842// 1843//
f 1818// 1843// 1819//
f 1844// 1845// 1846//
f 1846// 1845// 1847//
f 1846// 1847// 1801//
f 1801// 1847// 1848//
f 1801// 1848// 1799//
f 1849// 1850// 1851//
f 1851// 1850// 1852//
f 1851// 1852// 1853//
f 1853// 1852// 1854//
f 1853// 1854// 1855//
f 1855// 1854// 1856//
f 1855// 1856// 1857//
f 1857// 1856// 1858//
f 1857// 1858// 1773//
f 1773// 1858// 1859//
f 1773// 1859// 1774//
f 1778// 1860// 1779//
f 1779// 1860// 1861//
f 1779// 1861// 1862//
f 1862// 1861// 1863//
f 1862// 1863// 1864//
f 1864// 1863// 1865//
f 1864// 1865// 1866//
f 1866// 1865// 1867//
f 1866// 1867// 1868//
f 1868// 1867// 1869//
f 1868// 1869// 1870//
f 1870// 1869// 1871//
f 1870// 1871// 1872//
f 1872// 1871// 1873//
f 1872// 1873// 1874//
f 1874// 1873// 1875//
f 1874// 1875// 1876//
f 1876// 1875// 1877//
f 1876// 1877// 1878//
f 1878// 1877// 1879//
f 1878// 1879// 1761//
f 1761// 1879// 1880//
f 1761// 1880// 1830//
f 1811// 1810// 1881//
f 1881// 1810// 1882//
f 1881// 1882// 1883//
f 1883// 1882// 1884//
f 1883// 1884// 1885//
f 1885// 1884// 1886//
f 1885// 1886// 1887//
f 1887// 1886// 1888//
f 1887// 1888// 1844//
f 1844// 1888// 1889//
f 1844// 1889// 1845//
f 1765// 1890// 1763//
f 1763// 1890// 1891//
f 1763// 1891// 1892//
f 1892// 1891// 1893//
f 1892// 1893// 1894//
f 1894// 1893// 1895//
f 1894// 1895// 1849//
f 1849// 1895// 1896//
f 1849// 1896// 1850//
f 1897// 1898// 1899//
f 1827// 1900// 1828//
f 1828// 1900// 1897//
f 1828// 1897// 1901//
f 1901// 1897// 1899//
f 1902// 1903// 1897//
f 1897// 1903// 1904//
f 1897// 1904// 1898//
f 1905// 1906// 1907//
f 1906// 1908// 1907//
f 1907// 1908// 1909//
f 1907// 1909// 1910//
f 1902// 1897// 1907//
f 1907// 1897// 1911//
f 1907// 1911// 1905//
f 1837// 498// 497//
f 586// 1806// 1833//
f 1837// 497// 1835//
f 1835// 497// 588//
f 1835// 588// 1833//
f 1833// 588// 587//
f 1833// 587// 586//
f 586// 436// 1806//
f 1806// 436// 435//
f 1806// 435// 1805//
f 1805// 435// 444//
f 1805// 444// 1803//
f 1803// 444// 443//
f 1803// 443// 1801//
f 1801// 443// 442//
f 1801// 442// 1846//
f 1846// 442// 441//
f 1846// 441// 1844//
f 1887// 1844// 440//
f 440// 1844// 441//
f 440// 439// 1887//
f 1887// 439// 445//
f 1887// 445// 1885//
f 1885// 445// 447//
f 1885// 447// 1883//
f 1883// 447// 448//
f 1883// 448// 1881//
f 1881// 448// 449//
f 1881// 449// 1811//
f 1811// 449// 1809//
f 1809// 449// 451//
f 1809// 451// 453//
f 1809// 453// 456//
f 1809// 456// 1807//
f 1807// 456// 458//
f 1807// 458// 1766//
f 1766// 458// 457//
f 1766// 457// 1814//
f 1814// 457// 455//
f 1814// 455// 1776//
f 1776// 455// 454//
f 1776// 454// 1765//
f 1765// 454// 461//
f 1765// 461// 1890//
f 1890// 461// 460//
f 1890// 460// 1891//
f 1891// 460// 459//
f 1891// 459// 1893//
f 474// 1852// 1850//
f 1893// 459// 467//
f 1893// 467// 1895//
f 1895// 467// 466//
f 1895// 466// 1896//
f 466// 465// 1896//
f 1896// 465// 464//
f 1896// 464// 1850//
f 1850// 464// 475//
f 1850// 475// 474//
f 1852// 474// 473//
f 1852// 473// 1854//
f 1854// 473// 472//
f 1854// 472// 1856//
f 1856// 472// 471//
f 1856// 471// 1858//
f 1858// 471// 469//
f 1858// 469// 1859//
f 1859// 469// 468//
f 1859// 468// 1774//
f 1774// 468// 480//
f 1774// 480// 1775//
f 1775// 480// 481//
f 1775// 481// 1760//
f 481// 482// 1760//
f 1760// 482// 479//
f 1760// 479// 1761//
f 1761// 479// 478//
f 1761// 478// 1878//
f 1878// 478// 477//
f 1878// 477// 1876//
f 477// 488// 1876//
f 1876// 488// 487//
f 1876// 487// 1874//
f 1874// 487// 486//
f 1874// 486// 1872//
f 551// 1769// 1779//
f 1872// 486// 484//
f 483// 1868// 484//
f 484// 1868// 1870//
f 484// 1870// 1872//
f 483// 496// 1868//
f 1868// 496// 495//
f 1868// 495// 1866//
f 1866// 495// 494//
f 1866// 494// 1864//
f 1864// 494// 492//
f 1864// 492// 1862//
f 1862// 492// 491//
f 1862// 491// 1779//
f 1779// 491// 550//
f 1779// 550// 551//
f 1770// 1769// 536//
f 536// 1769// 551//
f 1780// 1770// 502//
f 502// 1770// 536//
f 1781// 1780// 504//
f 504// 1780// 502//
f 1782// 1781// 503//
f 503// 1781// 504//
f 1782// 503// 505//
f 1782// 505// 1817//
f 1817// 505// 506//
f 1817// 506// 1795//
f 1795// 506// 530//
f 1795// 530// 1796//
f 1796// 530// 529//
f 1796// 529// 1797//
f 1797// 529// 528//
f 1797// 528// 1785//
f 1785// 528// 524//
f 1785// 524// 1787//
f 1787// 524// 525//
f 1787// 525// 1789//
f 1789// 525// 521//
f 1789// 521// 1791//
f 1791// 521// 523//
f 1791// 523// 1762//
f 1762// 523// 522//
f 1762// 522// 1773//
f 1773// 522// 520//
f 1773// 520// 1857//
f 1857// 520// 519//
f 1857// 519// 1855//
f 1855// 519// 527//
f 1855// 527// 1853//
f 1853// 527// 526//
f 1853// 526// 1851//
f 1849// 1851// 526//
f 526// 511// 1849//
f 1849// 511// 559//
f 1849// 559// 558//
f 571// 1892// 558//
f 558// 1892// 1894//
f 558// 1894// 1849//
f 571// 585// 1892//
f 1892// 585// 584//
f 1892// 584// 1763//
f 1763// 584// 583//
f 1763// 583// 1764//
f 1764// 583// 577//
f 1764// 577// 1812//
f 1812// 577// 576//
f 1812// 576// 1813//
f 1813// 576// 575//
f 1813// 575// 1815//
f 1815// 575// 572//
f 1815// 572// 1816//
f 1816// 572// 567//
f 1816// 567// 1767//
f 1767// 567// 570//
f 1767// 570// 1768//
f 1768// 570// 578//
f 1768// 578// 1808//
f 1808// 578// 580//
f 1808// 580// 1810//
f 1810// 580// 582//
f 1810// 582// 1882//
f 1882// 582// 581//
f 1882// 581// 1884//
f 1884// 581// 579//
f 1884// 579// 1886//
f 1886// 579// 569//
f 1886// 569// 1888//
f 1888// 569// 568//
f 1888// 568// 1889//
f 1889// 568// 566//
f 1889// 566// 1845//
f 1845// 566// 565//
f 1845// 565// 1847//
f 1847// 565// 574//
f 1847// 574// 1848//
f 1848// 574// 1799//
f 1799// 574// 573//
f 1799// 573// 557//
f 1800// 1799// 560//
f 560// 1799// 557//
f 1800// 560// 564//
f 1800// 564// 1802//
f 1802// 564// 563//
f 1802// 563// 1804//
f 1804// 563// 562//
f 1804// 562// 1831//
f 1831// 562// 561//
f 1831// 561// 1832//
f 1832// 561// 510//
f 1832// 510// 1834//
f 510// 509// 1834//
f 1834// 509// 508//
f 1834// 508// 1836//
f 1836// 508// 542//
f 1836// 542// 1838//
f 1838// 542// 541//
f 1838// 541// 1840//
f 1840// 541// 540//
f 1840// 540// 1842//
f 1842// 540// 539//
f 1842// 539// 1843//
f 1843// 539// 556//
f 1843// 556// 1819//
f 1819// 556// 555//
f 1819// 555// 1821//
f 1821// 555// 554//
f 1821// 554// 1823//
f 1823// 554// 553//
f 1823// 553// 1825//
f 1827// 1825// 552//
f 552// 1825// 553//
f 1827// 552// 518//
f 1827// 518// 1900//
f 1900// 518// 517//
f 1900// 517// 1897//
f 1897// 517// 516//
f 1897// 516// 1911//
f 1911// 516// 501//
f 1911// 501// 1905//
f 1905// 501// 500//
f 1905// 500// 1906//
f 1906// 500// 507//
f 1906// 507// 1908//
f 1908// 507// 538//
f 1908// 538// 1909//
f 1909// 538// 537//
f 1909// 537// 1910//
f 1910// 537// 535//
f 1910// 535// 1907//
f 1907// 535// 534//
f 1907// 534// 1902//
f 1902// 534// 549//
f 1902// 549// 1903//
f 1903// 549// 548//
f 1903// 548// 1904//
f 1904// 548// 547//
f 1904// 547// 1898//
f 1898// 547// 546//
f 1898// 546// 1899//
f 1899// 546// 545//
f 1899// 545// 1901//
f 1901// 545// 544//
f 1901// 544// 1828//
f 1828// 544// 543//
f 1828// 543// 1826//
f 1824// 1826// 533//
f 533// 1826// 543//
f 1824// 533// 532//
f 1824// 532// 1822//
f 1822// 532// 531//
f 1822// 531// 1820//
f 1820// 531// 515//
f 1820// 515// 1818//
f 1818// 515// 514//
f 1818// 514// 1841//
f 1841// 514// 512//
f 1841// 512// 1839//
f 1839// 512// 498//
f 1839// 498// 1837//
f 1783// 1912// 1913//
f 1783// 1913// 1772//
f 1772// 1913// 1914//
f 1772// 1914// 1771//
f 1771// 1914// 1915//
f 1771// 1915// 1798//
f 1798// 1915// 1916//
f 1798// 1916// 1777//
f 1777// 1916// 1917//
f 1777// 1917// 1778//
f 1778// 1917// 1918//
f 1778// 1918// 1860//
f 1860// 1918// 1919//
f 1860// 1919// 1861//
f 1861// 1919// 1920//
f 1861// 1920// 1863//
f 1863// 1920// 1921//
f 1863// 1921// 1865//
f 1865// 1921// 1922//
f 1865// 1922// 1867//
f 1867// 1922// 1923//
f 1867// 1923// 1869//
f 1869// 1923// 1924//
f 1869// 1924// 1871//
f 1871// 1924// 1925//
f 1871// 1925// 1873//
f 1873// 1925// 1926//
f 1873// 1926// 1875//
f 1875// 1926// 1927//
f 1875// 1927// 1877//
f 1877// 1927// 1928//
f 1877// 1928// 1879//
f 1879// 1928// 1929//
f 1879// 1929// 1880//
f 1880// 1929// 1930//
f 1880// 1930// 1830//
f 1830// 1930// 1931//
f 1830// 1931// 1829//
f 1829// 1931// 1932//
f 1829// 1932// 1794//
f 1794// 1932// 1933//
f 1794// 1933// 1793//
f 1793// 1933// 1934//
f 1793// 1934// 1792//
f 1792// 1934// 1935//
f 1792// 1935// 1790//
f 1790// 1935// 1936//
f 1790// 1936// 1788//
f 1788// 1936// 1937//
f 1788// 1937// 1786//
f 1786// 1937// 1938//
f 1786// 1938// 1784//
f 1784// 1938// 1912//
f 1784// 1912// 1783//
usemtl 3
f 1926// 1936// 1935//
f 1924// 1923// 1913//
f 1912// 1938// 1926//
f 1926// 1938// 1937//
f 1926// 1937// 1936//
f 1931// 1930// 1935//
f 1935// 1930// 1929//
f 1912// 1926// 1913//
f 1913// 1926// 1925//
f 1913// 1925// 1924//
f 1917// 1916// 1921//
f 1921// 1916// 1915//
f 1934// 1933// 1935//
f 1935// 1933// 1932//
f 1935// 1932// 1931//
f 1929// 1928// 1935//
f 1935// 1928// 1927//
f 1935// 1927// 1926//
f 1923// 1922// 1913//
f 1913// 1922// 1921//
f 1913// 1921// 1914//
f 1914// 1921// 1915//
f 1920// 1919// 1921//
f 1921// 1919// 1918//
f 1921// 1918// 1917//
