ERC report (2026-08-15T15:28:24, Encoding UTF8)
Report includes: Errors, Warnings, Exclusions

***** Sheet /
[endpoint_off_grid]: Symbol pin or wire end off connection grid
    ; warning
    @(25.40 mm, 107.315 mm): Symbol J1 Pin 1 [EXT_5V_RAW, Passive, Line]
[endpoint_off_grid]: Symbol pin or wire end off connection grid
    ; warning
    @(25.40 mm, 346.075 mm): Symbol J2 Pin 1 [P1, Passive, Line]
[endpoint_off_grid]: Symbol pin or wire end off connection grid
    ; warning
    @(25.40 mm, 691.515 mm): Horizontal Wire, length 33.02 mm
[endpoint_off_grid]: Symbol pin or wire end off connection grid
    ; warning
    @(25.40 mm, 657.86 mm): Vertical Wire, length 33.655 mm
[endpoint_off_grid]: Symbol pin or wire end off connection grid
    ; warning
    @(25.40 mm, 765.175 mm): Symbol R1 Pin 1 [Passive, Line]
[endpoint_off_grid]: Symbol pin or wire end off connection grid
    ; warning
    @(25.40 mm, 815.975 mm): Symbol R2 Pin 1 [Passive, Line]
[endpoint_off_grid]: Symbol pin or wire end off connection grid
    ; warning
    @(25.40 mm, 866.775 mm): Symbol R7 Pin 1 [Passive, Line]
[endpoint_off_grid]: Symbol pin or wire end off connection grid
    ; warning
    @(25.40 mm, 917.575 mm): Symbol R8 Pin 1 [Passive, Line]
[endpoint_off_grid]: Symbol pin or wire end off connection grid
    ; warning
    @(25.40 mm, 1087.755 mm): Vertical Wire, length 33.655 mm
[endpoint_off_grid]: Symbol pin or wire end off connection grid
    ; warning
    @(25.40 mm, 1543.685 mm): Vertical Wire, length 33.655 mm
[endpoint_off_grid]: Symbol pin or wire end off connection grid
    ; warning
    @(25.40 mm, 1840.865 mm): Vertical Wire, length 50.80 mm
[endpoint_off_grid]: Symbol pin or wire end off connection grid
    ; warning
    @(25.40 mm, 1891.665 mm): Horizontal Wire, length 2.54 mm
[endpoint_off_grid]: Symbol pin or wire end off connection grid
    ; warning
    @(25.40 mm, 1973.58 mm): Vertical Wire, length 33.655 mm
[endpoint_off_grid]: Symbol pin or wire end off connection grid
    ; warning
    @(25.40 mm, 2007.235 mm): Horizontal Wire, length 33.02 mm
[endpoint_off_grid]: Symbol pin or wire end off connection grid
    ; warning
    @(25.40 mm, 2080.895 mm): Symbol R11 Pin 1 [Passive, Line]
[endpoint_off_grid]: Symbol pin or wire end off connection grid
    ; warning
    @(25.40 mm, 2131.695 mm): Symbol R12 Pin 1 [Passive, Line]
[endpoint_off_grid]: Symbol pin or wire end off connection grid
    ; warning
    @(25.40 mm, 2182.495 mm): Symbol R13 Pin 1 [Passive, Line]
[endpoint_off_grid]: Symbol pin or wire end off connection grid
    ; warning
    @(25.40 mm, 2233.295 mm): Symbol R14 Pin 1 [Passive, Line]
[endpoint_off_grid]: Symbol pin or wire end off connection grid
    ; warning
    @(25.40 mm, 2429.51 mm): Vertical Wire, length 33.655 mm
[endpoint_off_grid]: Symbol pin or wire end off connection grid
    ; warning
    @(25.40 mm, 2463.165 mm): Horizontal Wire, length 33.02 mm
[endpoint_off_grid]: Symbol pin or wire end off connection grid
    ; warning
    @(25.40 mm, 2536.825 mm): Symbol R17 Pin 1 [Passive, Line]
[endpoint_off_grid]: Symbol pin or wire end off connection grid
    ; warning
    @(25.40 mm, 2587.625 mm): Symbol R18 Pin 1 [Passive, Line]
[endpoint_off_grid]: Symbol pin or wire end off connection grid
    ; warning
    @(25.40 mm, 2638.425 mm): Symbol R23 Pin 1 [Passive, Line]
[endpoint_off_grid]: Symbol pin or wire end off connection grid
    ; warning
    @(25.40 mm, 2689.225 mm): Symbol R24 Pin 1 [Passive, Line]
[endpoint_off_grid]: Symbol pin or wire end off connection grid
    ; warning
    @(25.40 mm, 2726.055 mm): Vertical Wire, length 50.80 mm
[endpoint_off_grid]: Symbol pin or wire end off connection grid
    ; warning
    @(25.40 mm, 2776.855 mm): Horizontal Wire, length 2.54 mm
[endpoint_off_grid]: Symbol pin or wire end off connection grid
    ; warning
    @(25.40 mm, 3315.335 mm): Vertical Wire, length 33.655 mm
[endpoint_off_grid]: Symbol pin or wire end off connection grid
    ; warning
    @(25.40 mm, 3422.015 mm): Symbol R25 Pin 1 [Passive, Line]
[endpoint_off_grid]: Symbol pin or wire end off connection grid
    ; warning
    @(25.40 mm, 3472.815 mm): Symbol R26 Pin 1 [Passive, Line]
[endpoint_off_grid]: Symbol pin or wire end off connection grid
    ; warning
    @(25.40 mm, 3523.615 mm): Symbol R31 Pin 1 [Passive, Line]
[endpoint_off_grid]: Symbol pin or wire end off connection grid
    ; warning
    @(25.40 mm, 3574.415 mm): Symbol R32 Pin 1 [Passive, Line]
[endpoint_off_grid]: Symbol pin or wire end off connection grid
    ; warning
    @(25.40 mm, 3744.595 mm): Vertical Wire, length 34.29 mm
[endpoint_off_grid]: Symbol pin or wire end off connection grid
    ; warning
    @(25.40 mm, 3778.885 mm): Horizontal Wire, length 33.02 mm
[endpoint_off_grid]: Symbol pin or wire end off connection grid
    ; warning
    @(25.40 mm, 3852.545 mm): Symbol R27 Pin 1 [Passive, Line]
[endpoint_off_grid]: Symbol pin or wire end off connection grid
    ; warning
    @(25.40 mm, 3903.345 mm): Symbol R28 Pin 1 [Passive, Line]
[endpoint_off_grid]: Symbol pin or wire end off connection grid
    ; warning
    @(25.40 mm, 3954.145 mm): Symbol R29 Pin 1 [Passive, Line]
[endpoint_off_grid]: Symbol pin or wire end off connection grid
    ; warning
    @(25.40 mm, 4004.945 mm): Symbol R30 Pin 1 [Passive, Line]
[endpoint_off_grid]: Symbol pin or wire end off connection grid
    ; warning
    @(27.94 mm, 1840.865 mm): Horizontal Wire, length 2.54 mm
[endpoint_off_grid]: Symbol pin or wire end off connection grid
    ; warning
    @(27.94 mm, 1840.865 mm): Symbol C30 Pin 1 [Passive, Line]
[endpoint_off_grid]: Symbol pin or wire end off connection grid
    ; warning
    @(27.94 mm, 1891.665 mm): Symbol C31 Pin 1 [Passive, Line]
[endpoint_off_grid]: Symbol pin or wire end off connection grid
    ; warning
    @(27.94 mm, 1942.465 mm): Symbol C32 Pin 1 [Passive, Line]
[endpoint_off_grid]: Symbol pin or wire end off connection grid
    ; warning
    @(27.94 mm, 2726.055 mm): Horizontal Wire, length 2.54 mm
[endpoint_off_grid]: Symbol pin or wire end off connection grid
    ; warning
    @(27.94 mm, 2726.055 mm): Symbol C46 Pin 1 [Passive, Line]
[endpoint_off_grid]: Symbol pin or wire end off connection grid
    ; warning
    @(27.94 mm, 2776.855 mm): Symbol C47 Pin 1 [Passive, Line]
[endpoint_off_grid]: Symbol pin or wire end off connection grid
    ; warning
    @(27.94 mm, 2827.655 mm): Symbol C48 Pin 1 [Passive, Line]
[lib_symbol_issues]: The current configuration does not include the symbol library 'elt'
    ; warning
    @(29.21 mm, 765.175 mm): Symbol R1 [SYM_R1]
[lib_symbol_issues]: The current configuration does not include the symbol library 'elt'
    ; warning
    @(29.21 mm, 815.975 mm): Symbol R2 [SYM_R2]
[lib_symbol_issues]: The current configuration does not include the symbol library 'elt'
    ; warning
    @(29.21 mm, 866.775 mm): Symbol R7 [SYM_R7]
[lib_symbol_issues]: The current configuration does not include the symbol library 'elt'
    ; warning
    @(29.21 mm, 917.575 mm): Symbol R8 [SYM_R8]
[lib_symbol_issues]: The current configuration does not include the symbol library 'elt'
    ; warning
    @(29.21 mm, 1195.07 mm): Symbol R3 [SYM_R3]
[lib_symbol_issues]: The current configuration does not include the symbol library 'elt'
    ; warning
    @(29.21 mm, 1245.87 mm): Symbol R4 [SYM_R4]
[lib_symbol_issues]: The current configuration does not include the symbol library 'elt'
    ; warning
    @(29.21 mm, 1296.67 mm): Symbol R5 [SYM_R5]
[lib_symbol_issues]: The current configuration does not include the symbol library 'elt'
    ; warning
    @(29.21 mm, 1347.47 mm): Symbol R6 [SYM_R6]
[lib_symbol_issues]: The current configuration does not include the symbol library 'elt'
    ; warning
    @(29.21 mm, 1651.00 mm): Symbol R9 [SYM_R9]
[lib_symbol_issues]: The current configuration does not include the symbol library 'elt'
    ; warning
    @(29.21 mm, 1701.80 mm): Symbol R10 [SYM_R10]
[lib_symbol_issues]: The current configuration does not include the symbol library 'elt'
    ; warning
    @(29.21 mm, 1752.60 mm): Symbol R15 [SYM_R15]
[lib_symbol_issues]: The current configuration does not include the symbol library 'elt'
    ; warning
    @(29.21 mm, 1803.40 mm): Symbol R16 [SYM_R16]
[lib_symbol_issues]: The current configuration does not include the symbol library 'elt'
    ; warning
    @(29.21 mm, 2080.895 mm): Symbol R11 [SYM_R11]
[lib_symbol_issues]: The current configuration does not include the symbol library 'elt'
    ; warning
    @(29.21 mm, 2131.695 mm): Symbol R12 [SYM_R12]
[lib_symbol_issues]: The current configuration does not include the symbol library 'elt'
    ; warning
    @(29.21 mm, 2182.495 mm): Symbol R13 [SYM_R13]
[lib_symbol_issues]: The current configuration does not include the symbol library 'elt'
    ; warning
    @(29.21 mm, 2233.295 mm): Symbol R14 [SYM_R14]
[lib_symbol_issues]: The current configuration does not include the symbol library 'elt'
    ; warning
    @(29.21 mm, 2536.825 mm): Symbol R17 [SYM_R17]
[lib_symbol_issues]: The current configuration does not include the symbol library 'elt'
    ; warning
    @(29.21 mm, 2587.625 mm): Symbol R18 [SYM_R18]
[lib_symbol_issues]: The current configuration does not include the symbol library 'elt'
    ; warning
    @(29.21 mm, 2638.425 mm): Symbol R23 [SYM_R23]
[lib_symbol_issues]: The current configuration does not include the symbol library 'elt'
    ; warning
    @(29.21 mm, 2689.225 mm): Symbol R24 [SYM_R24]
[lib_symbol_issues]: The current configuration does not include the symbol library 'elt'
    ; warning
    @(29.21 mm, 2966.72 mm): Symbol R19 [SYM_R19]
[lib_symbol_issues]: The current configuration does not include the symbol library 'elt'
    ; warning
    @(29.21 mm, 3017.52 mm): Symbol R20 [SYM_R20]
[lib_symbol_issues]: The current configuration does not include the symbol library 'elt'
    ; warning
    @(29.21 mm, 3068.32 mm): Symbol R21 [SYM_R21]
[lib_symbol_issues]: The current configuration does not include the symbol library 'elt'
    ; warning
    @(29.21 mm, 3119.12 mm): Symbol R22 [SYM_R22]
[lib_symbol_issues]: The current configuration does not include the symbol library 'elt'
    ; warning
    @(29.21 mm, 3422.015 mm): Symbol R25 [SYM_R25]
[lib_symbol_issues]: The current configuration does not include the symbol library 'elt'
    ; warning
    @(29.21 mm, 3472.815 mm): Symbol R26 [SYM_R26]
[lib_symbol_issues]: The current configuration does not include the symbol library 'elt'
    ; warning
    @(29.21 mm, 3523.615 mm): Symbol R31 [SYM_R31]
[lib_symbol_issues]: The current configuration does not include the symbol library 'elt'
    ; warning
    @(29.21 mm, 3574.415 mm): Symbol R32 [SYM_R32]
[lib_symbol_issues]: The current configuration does not include the symbol library 'elt'
    ; warning
    @(29.21 mm, 3852.545 mm): Symbol R27 [SYM_R27]
[lib_symbol_issues]: The current configuration does not include the symbol library 'elt'
    ; warning
    @(29.21 mm, 3903.345 mm): Symbol R28 [SYM_R28]
[lib_symbol_issues]: The current configuration does not include the symbol library 'elt'
    ; warning
    @(29.21 mm, 3954.145 mm): Symbol R29 [SYM_R29]
[lib_symbol_issues]: The current configuration does not include the symbol library 'elt'
    ; warning
    @(29.21 mm, 4004.945 mm): Symbol R30 [SYM_R30]
[endpoint_off_grid]: Symbol pin or wire end off connection grid
    ; warning
    @(31.115 mm, 622.935 mm): Symbol #PWR25 Hidden pin 1 [GND, Power input, Line]
[lib_symbol_issues]: The current configuration does not include the symbol library 'elt'
    ; warning
    @(31.115 mm, 622.935 mm): Symbol #PWR25 [GND]
[lib_symbol_issues]: The current configuration does not include the symbol library 'elt'
    ; warning
    @(31.115 mm, 626.745 mm): Symbol R75 [SYM_R75]
[endpoint_off_grid]: Symbol pin or wire end off connection grid
    ; warning
    @(31.115 mm, 630.555 mm): Vertical Wire, length 1.27 mm
[endpoint_off_grid]: Symbol pin or wire end off connection grid
    ; warning
    @(31.115 mm, 630.555 mm): Symbol R75 Pin 1 [Passive, Line]
[endpoint_off_grid]: Symbol pin or wire end off connection grid
    ; warning
    @(31.115 mm, 631.825 mm): Horizontal Wire, length 5.715 mm
[lib_symbol_issues]: The current configuration does not include the symbol library 'elt'
    ; warning
    @(31.75 mm, 955.04 mm): Symbol C14 [SYM_C14]
[lib_symbol_issues]: The current configuration does not include the symbol library 'elt'
    ; warning
    @(31.75 mm, 1005.84 mm): Symbol C15 [SYM_C15]
[lib_symbol_issues]: The current configuration does not include the symbol library 'elt'
    ; warning
    @(31.75 mm, 1056.64 mm): Symbol C16 [SYM_C16]
[lib_symbol_issues]: The current configuration does not include the symbol library 'elt'
    ; warning
    @(31.75 mm, 1840.865 mm): Symbol C30 [SYM_C30]
[lib_symbol_issues]: The current configuration does not include the symbol library 'elt'
    ; warning
    @(31.75 mm, 1891.665 mm): Symbol C31 [SYM_C31]
[lib_symbol_issues]: The current configuration does not include the symbol library 'elt'
    ; warning
    @(31.75 mm, 1942.465 mm): Symbol C32 [SYM_C32]
[lib_symbol_issues]: The current configuration does not include the symbol library 'elt'
    ; warning
    @(31.75 mm, 2726.055 mm): Symbol C46 [SYM_C46]
[lib_symbol_issues]: The current configuration does not include the symbol library 'elt'
    ; warning
    @(31.75 mm, 2776.855 mm): Symbol C47 [SYM_C47]
[lib_symbol_issues]: The current configuration does not include the symbol library 'elt'
    ; warning
    @(31.75 mm, 2827.655 mm): Symbol C48 [SYM_C48]
[lib_symbol_issues]: The current configuration does not include the symbol library 'elt'
    ; warning
    @(31.75 mm, 3611.88 mm): Symbol C62 [SYM_C62]
[lib_symbol_issues]: The current configuration does not include the symbol library 'elt'
    ; warning
    @(31.75 mm, 3662.68 mm): Symbol C63 [SYM_C63]
[lib_symbol_issues]: The current configuration does not include the symbol library 'elt'
    ; warning
    @(31.75 mm, 3713.48 mm): Symbol C64 [SYM_C64]
[endpoint_off_grid]: Symbol pin or wire end off connection grid
    ; warning
    @(32.385 mm, 1497.965 mm): Horizontal Wire, length 4.445 mm
[endpoint_off_grid]: Symbol pin or wire end off connection grid
    ; warning
    @(32.385 mm, 1499.235 mm): Vertical Wire, length 1.27 mm
[endpoint_off_grid]: Symbol pin or wire end off connection grid
    ; warning
    @(32.385 mm, 1500.505 mm): Vertical Wire, length 1.27 mm
[endpoint_off_grid]: Symbol pin or wire end off connection grid
    ; warning
    @(32.385 mm, 1500.505 mm): Symbol C18 Pin 1 [Passive, Line]
[lib_symbol_issues]: The current configuration does not include the symbol library 'elt'
    ; warning
    @(32.385 mm, 1504.315 mm): Symbol C18 [SYM_C18]
[endpoint_off_grid]: Symbol pin or wire end off connection grid
    ; warning
    @(32.385 mm, 1508.125 mm): Symbol #PWR57 Hidden pin 1 [GND, Power input, Line]
[lib_symbol_issues]: The current configuration does not include the symbol library 'elt'
    ; warning
    @(32.385 mm, 1508.125 mm): Symbol #PWR57 [GND]
[endpoint_off_grid]: Symbol pin or wire end off connection grid
    ; warning
    @(32.385 mm, 2383.79 mm): Horizontal Wire, length 4.445 mm
[endpoint_off_grid]: Symbol pin or wire end off connection grid
    ; warning
    @(32.385 mm, 2385.06 mm): Vertical Wire, length 1.27 mm
[endpoint_off_grid]: Symbol pin or wire end off connection grid
    ; warning
    @(32.385 mm, 2386.33 mm): Vertical Wire, length 1.27 mm
[endpoint_off_grid]: Symbol pin or wire end off connection grid
    ; warning
    @(32.385 mm, 2386.33 mm): Symbol C34 Pin 1 [Passive, Line]
[lib_symbol_issues]: The current configuration does not include the symbol library 'elt'
    ; warning
    @(32.385 mm, 2390.14 mm): Symbol C34 [SYM_C34]
[endpoint_off_grid]: Symbol pin or wire end off connection grid
    ; warning
    @(32.385 mm, 2393.95 mm): Symbol #PWR87 Hidden pin 1 [GND, Power input, Line]
[lib_symbol_issues]: The current configuration does not include the symbol library 'elt'
    ; warning
    @(32.385 mm, 2393.95 mm): Symbol #PWR87 [GND]
[endpoint_off_grid]: Symbol pin or wire end off connection grid
    ; warning
    @(32.385 mm, 4155.44 mm): Horizontal Wire, length 4.445 mm
[endpoint_off_grid]: Symbol pin or wire end off connection grid
    ; warning
    @(32.385 mm, 4156.71 mm): Vertical Wire, length 1.27 mm
[endpoint_off_grid]: Symbol pin or wire end off connection grid
    ; warning
    @(32.385 mm, 4157.98 mm): Vertical Wire, length 1.27 mm
[endpoint_off_grid]: Symbol pin or wire end off connection grid
    ; warning
    @(32.385 mm, 4157.98 mm): Symbol C66 Pin 1 [Passive, Line]
[lib_symbol_issues]: The current configuration does not include the symbol library 'elt'
    ; warning
    @(32.385 mm, 4161.79 mm): Symbol C66 [SYM_C66]
[endpoint_off_grid]: Symbol pin or wire end off connection grid
    ; warning
    @(32.385 mm, 4165.60 mm): Symbol #PWR147 Hidden pin 1 [GND, Power input, Line]
[lib_symbol_issues]: The current configuration does not include the symbol library 'elt'
    ; warning
    @(32.385 mm, 4165.60 mm): Symbol #PWR147 [GND]
[endpoint_off_grid]: Symbol pin or wire end off connection grid
    ; warning
    @(33.02 mm, 412.115 mm): Symbol #PWR09 Hidden pin 1 [GND, Power input, Line]
[lib_symbol_issues]: The current configuration does not include the symbol library 'elt'
    ; warning
    @(33.02 mm, 412.115 mm): Symbol #PWR09 [GND]
[endpoint_off_grid]: Symbol pin or wire end off connection grid
    ; warning
    @(33.02 mm, 765.175 mm): Horizontal Wire, length 68.58 mm
[endpoint_off_grid]: Symbol pin or wire end off connection grid
    ; warning
    @(33.02 mm, 815.975 mm): Horizontal Wire, length 68.58 mm
[endpoint_off_grid]: Symbol pin or wire end off connection grid
    ; warning
    @(33.02 mm, 866.775 mm): Horizontal Wire, length 2.54 mm
[endpoint_off_grid]: Symbol pin or wire end off connection grid
    ; warning
    @(33.02 mm, 917.575 mm): Horizontal Wire, length 2.54 mm
[endpoint_off_grid]: Symbol pin or wire end off connection grid
    ; warning
    @(33.02 mm, 2080.895 mm): Horizontal Wire, length 2.54 mm
[endpoint_off_grid]: Symbol pin or wire end off connection grid
    ; warning
    @(33.02 mm, 2131.695 mm): Horizontal Wire, length 2.54 mm
[endpoint_off_grid]: Symbol pin or wire end off connection grid
    ; warning
    @(33.02 mm, 2182.495 mm): Horizontal Wire, length 68.58 mm
[endpoint_off_grid]: Symbol pin or wire end off connection grid
    ; warning
    @(33.02 mm, 2233.295 mm): Horizontal Wire, length 68.58 mm
[endpoint_off_grid]: Symbol pin or wire end off connection grid
    ; warning
    @(33.02 mm, 2536.825 mm): Horizontal Wire, length 68.58 mm
[endpoint_off_grid]: Symbol pin or wire end off connection grid
    ; warning
    @(33.02 mm, 2587.625 mm): Horizontal Wire, length 68.58 mm
[endpoint_off_grid]: Symbol pin or wire end off connection grid
    ; warning
    @(33.02 mm, 2638.425 mm): Horizontal Wire, length 2.54 mm
[endpoint_off_grid]: Symbol pin or wire end off connection grid
    ; warning
    @(33.02 mm, 2689.225 mm): Horizontal Wire, length 2.54 mm
[endpoint_off_grid]: Symbol pin or wire end off connection grid
    ; warning
    @(33.02 mm, 3422.015 mm): Horizontal Wire, length 68.58 mm
[endpoint_off_grid]: Symbol pin or wire end off connection grid
    ; warning
    @(33.02 mm, 3472.815 mm): Horizontal Wire, length 68.58 mm
[endpoint_off_grid]: Symbol pin or wire end off connection grid
    ; warning
    @(33.02 mm, 3523.615 mm): Horizontal Wire, length 2.54 mm
[endpoint_off_grid]: Symbol pin or wire end off connection grid
    ; warning
    @(33.02 mm, 3574.415 mm): Horizontal Wire, length 2.54 mm
[endpoint_off_grid]: Symbol pin or wire end off connection grid
    ; warning
    @(33.02 mm, 3852.545 mm): Horizontal Wire, length 2.54 mm
[endpoint_off_grid]: Symbol pin or wire end off connection grid
    ; warning
    @(33.02 mm, 3903.345 mm): Horizontal Wire, length 2.54 mm
[endpoint_off_grid]: Symbol pin or wire end off connection grid
    ; warning
    @(33.02 mm, 3954.145 mm): Horizontal Wire, length 68.58 mm
[endpoint_off_grid]: Symbol pin or wire end off connection grid
    ; warning
    @(33.02 mm, 4004.945 mm): Horizontal Wire, length 68.58 mm
[endpoint_off_grid]: Symbol pin or wire end off connection grid
    ; warning
    @(35.56 mm, 412.115 mm): Symbol #PWR10 Hidden pin 1 [GND, Power input, Line]
[lib_symbol_issues]: The current configuration does not include the symbol library 'elt'
    ; warning
    @(35.56 mm, 412.115 mm): Symbol #PWR10 [GND]
[endpoint_off_grid]: Symbol pin or wire end off connection grid
    ; warning
    @(35.56 mm, 866.775 mm): Vertical Wire, length 7.62 mm
[endpoint_off_grid]: Symbol pin or wire end off connection grid
    ; warning
    @(35.56 mm, 874.395 mm): Horizontal Wire, length 76.20 mm
[endpoint_off_grid]: Symbol pin or wire end off connection grid
    ; warning
    @(35.56 mm, 917.575 mm): Vertical Wire, length 7.62 mm
[endpoint_off_grid]: Symbol pin or wire end off connection grid
    ; warning
    @(35.56 mm, 925.195 mm): Horizontal Wire, length 76.20 mm
[lib_symbol_issues]: The current configuration does not include the symbol library 'elt'
    ; warning
    @(35.56 mm, 955.04 mm): Symbol #PWR46 [GND]
[lib_symbol_issues]: The current configuration does not include the symbol library 'elt'
    ; warning
    @(35.56 mm, 1005.84 mm): Symbol #PWR47 [GND]
[lib_symbol_issues]: The current configuration does not include the symbol library 'elt'
    ; warning
    @(35.56 mm, 1056.64 mm): Symbol #PWR48 [GND]
[endpoint_off_grid]: Symbol pin or wire end off connection grid
    ; warning
    @(35.56 mm, 1203.325 mm): Horizontal Wire, length 76.20 mm
[endpoint_off_grid]: Symbol pin or wire end off connection grid
    ; warning
    @(35.56 mm, 1195.07 mm): Vertical Wire, length 8.255 mm
[endpoint_off_grid]: Symbol pin or wire end off connection grid
    ; warning
    @(35.56 mm, 1245.87 mm): Vertical Wire, length 8.255 mm
[endpoint_off_grid]: Symbol pin or wire end off connection grid
    ; warning
    @(35.56 mm, 1254.125 mm): Horizontal Wire, length 76.20 mm
[endpoint_off_grid]: Symbol pin or wire end off connection grid
    ; warning
    @(35.56 mm, 1840.865 mm): Symbol #PWR76 Hidden pin 1 [GND, Power input, Line]
[lib_symbol_issues]: The current configuration does not include the symbol library 'elt'
    ; warning
    @(35.56 mm, 1840.865 mm): Symbol #PWR76 [GND]
[endpoint_off_grid]: Symbol pin or wire end off connection grid
    ; warning
    @(35.56 mm, 1891.665 mm): Symbol #PWR77 Hidden pin 1 [GND, Power input, Line]
[lib_symbol_issues]: The current configuration does not include the symbol library 'elt'
    ; warning
    @(35.56 mm, 1891.665 mm): Symbol #PWR77 [GND]
[endpoint_off_grid]: Symbol pin or wire end off connection grid
    ; warning
    @(35.56 mm, 1942.465 mm): Symbol #PWR78 Hidden pin 1 [GND, Power input, Line]
[lib_symbol_issues]: The current configuration does not include the symbol library 'elt'
    ; warning
    @(35.56 mm, 1942.465 mm): Symbol #PWR78 [GND]
[endpoint_off_grid]: Symbol pin or wire end off connection grid
    ; warning
    @(35.56 mm, 2080.895 mm): Vertical Wire, length 8.255 mm
[endpoint_off_grid]: Symbol pin or wire end off connection grid
    ; warning
    @(35.56 mm, 2131.695 mm): Vertical Wire, length 8.255 mm
[endpoint_off_grid]: Symbol pin or wire end off connection grid
    ; warning
    @(35.56 mm, 2638.425 mm): Vertical Wire, length 7.62 mm
[endpoint_off_grid]: Symbol pin or wire end off connection grid
    ; warning
    @(35.56 mm, 2646.045 mm): Horizontal Wire, length 76.20 mm
[endpoint_off_grid]: Symbol pin or wire end off connection grid
    ; warning
    @(35.56 mm, 2689.225 mm): Vertical Wire, length 7.62 mm
[endpoint_off_grid]: Symbol pin or wire end off connection grid
    ; warning
    @(35.56 mm, 2696.845 mm): Horizontal Wire, length 76.20 mm
[endpoint_off_grid]: Symbol pin or wire end off connection grid
    ; warning
    @(35.56 mm, 2726.055 mm): Symbol #PWR106 Hidden pin 1 [GND, Power input, Line]
[lib_symbol_issues]: The current configuration does not include the symbol library 'elt'
    ; warning
    @(35.56 mm, 2726.055 mm): Symbol #PWR106 [GND]
[endpoint_off_grid]: Symbol pin or wire end off connection grid
    ; warning
    @(35.56 mm, 2776.855 mm): Symbol #PWR107 Hidden pin 1 [GND, Power input, Line]
[lib_symbol_issues]: The current configuration does not include the symbol library 'elt'
    ; warning
    @(35.56 mm, 2776.855 mm): Symbol #PWR107 [GND]
[endpoint_off_grid]: Symbol pin or wire end off connection grid
    ; warning
    @(35.56 mm, 2827.655 mm): Symbol #PWR108 Hidden pin 1 [GND, Power input, Line]
[lib_symbol_issues]: The current configuration does not include the symbol library 'elt'
    ; warning
    @(35.56 mm, 2827.655 mm): Symbol #PWR108 [GND]
[endpoint_off_grid]: Symbol pin or wire end off connection grid
    ; warning
    @(35.56 mm, 2966.72 mm): Vertical Wire, length 8.255 mm
[endpoint_off_grid]: Symbol pin or wire end off connection grid
    ; warning
    @(35.56 mm, 2974.975 mm): Horizontal Wire, length 76.20 mm
[endpoint_off_grid]: Symbol pin or wire end off connection grid
    ; warning
    @(35.56 mm, 3017.52 mm): Vertical Wire, length 8.255 mm
[endpoint_off_grid]: Symbol pin or wire end off connection grid
    ; warning
    @(35.56 mm, 3025.775 mm): Horizontal Wire, length 76.20 mm
[endpoint_off_grid]: Symbol pin or wire end off connection grid
    ; warning
    @(35.56 mm, 3523.615 mm): Vertical Wire, length 8.255 mm
[endpoint_off_grid]: Symbol pin or wire end off connection grid
    ; warning
    @(35.56 mm, 3574.415 mm): Vertical Wire, length 8.255 mm
[lib_symbol_issues]: The current configuration does not include the symbol library 'elt'
    ; warning
    @(35.56 mm, 3611.88 mm): Symbol #PWR136 [GND]
[lib_symbol_issues]: The current configuration does not include the symbol library 'elt'
    ; warning
    @(35.56 mm, 3662.68 mm): Symbol #PWR137 [GND]
[lib_symbol_issues]: The current configuration does not include the symbol library 'elt'
    ; warning
    @(35.56 mm, 3713.48 mm): Symbol #PWR138 [GND]
[endpoint_off_grid]: Symbol pin or wire end off connection grid
    ; warning
    @(35.56 mm, 3852.545 mm): Vertical Wire, length 7.62 mm
[endpoint_off_grid]: Symbol pin or wire end off connection grid
    ; warning
    @(35.56 mm, 3860.165 mm): Horizontal Wire, length 76.20 mm
[endpoint_off_grid]: Symbol pin or wire end off connection grid
    ; warning
    @(35.56 mm, 3903.345 mm): Vertical Wire, length 7.62 mm
[endpoint_off_grid]: Symbol pin or wire end off connection grid
    ; warning
    @(35.56 mm, 3910.965 mm): Horizontal Wire, length 76.20 mm
[endpoint_off_grid]: Symbol pin or wire end off connection grid
    ; warning
    @(37.465 mm, 3269.615 mm): Horizontal Wire, length 4.445 mm
[endpoint_off_grid]: Symbol pin or wire end off connection grid
    ; warning
    @(37.465 mm, 3270.885 mm): Vertical Wire, length 1.27 mm
[endpoint_off_grid]: Symbol pin or wire end off connection grid
    ; warning
    @(37.465 mm, 3272.155 mm): Symbol C50 Pin 1 [Passive, Line]
[endpoint_off_grid]: Symbol pin or wire end off connection grid
    ; warning
    @(37.465 mm, 3272.155 mm): Vertical Wire, length 1.27 mm
[lib_symbol_issues]: The current configuration does not include the symbol library 'elt'
    ; warning
    @(37.465 mm, 3275.965 mm): Symbol C50 [SYM_C50]
[endpoint_off_grid]: Symbol pin or wire end off connection grid
    ; warning
    @(37.465 mm, 3279.775 mm): Symbol #PWR117 Hidden pin 1 [GND, Power input, Line]
[lib_symbol_issues]: The current configuration does not include the symbol library 'elt'
    ; warning
    @(37.465 mm, 3279.775 mm): Symbol #PWR117 [GND]
[endpoint_off_grid]: Symbol pin or wire end off connection grid
    ; warning
    @(38.10 mm, 412.115 mm): Symbol #PWR11 Hidden pin 1 [GND, Power input, Line]
[lib_symbol_issues]: The current configuration does not include the symbol library 'elt'
    ; warning
    @(38.10 mm, 412.115 mm): Symbol #PWR11 [GND]
[endpoint_off_grid]: Symbol pin or wire end off connection grid
    ; warning
    @(40.64 mm, 412.115 mm): Symbol #PWR12 Hidden pin 1 [GND, Power input, Line]
[lib_symbol_issues]: The current configuration does not include the symbol library 'elt'
    ; warning
    @(40.64 mm, 412.115 mm): Symbol #PWR12 [GND]
[endpoint_off_grid]: Symbol pin or wire end off connection grid
    ; warning
    @(45.72 mm, 2288.54 mm): Horizontal Wire, length 4.445 mm
[lib_symbol_issues]: The current configuration does not include the symbol library 'elt'
    ; warning
    @(41.91 mm, 375.285 mm): Symbol J2 [SYM_J2]
[endpoint_off_grid]: Symbol pin or wire end off connection grid
    ; warning
    @(43.18 mm, 412.115 mm): Symbol #PWR13 Hidden pin 1 [GND, Power input, Line]
[lib_symbol_issues]: The current configuration does not include the symbol library 'elt'
    ; warning
    @(43.18 mm, 412.115 mm): Symbol #PWR13 [GND]
[lib_symbol_issues]: The current configuration does not include the symbol library 'elt'
    ; warning
    @(43.815 mm, 107.315 mm): Symbol J1 [SYM_J1]
[endpoint_off_grid]: Symbol pin or wire end off connection grid
    ; warning
    @(45.72 mm, 412.115 mm): Symbol #PWR14 Hidden pin 1 [GND, Power input, Line]
[lib_symbol_issues]: The current configuration does not include the symbol library 'elt'
    ; warning
    @(45.72 mm, 412.115 mm): Symbol #PWR14 [GND]
[endpoint_off_grid]: Symbol pin or wire end off connection grid
    ; warning
    @(45.72 mm, 1402.715 mm): Horizontal Wire, length 4.445 mm
[endpoint_off_grid]: Symbol pin or wire end off connection grid
    ; warning
    @(45.72 mm, 1403.985 mm): Vertical Wire, length 1.27 mm
[endpoint_off_grid]: Symbol pin or wire end off connection grid
    ; warning
    @(45.72 mm, 1403.985 mm): Symbol R61 Pin 1 [Passive, Line]
[lib_symbol_issues]: The current configuration does not include the symbol library 'elt'
    ; warning
    @(45.72 mm, 1407.795 mm): Symbol R61 [SYM_R61]
[endpoint_off_grid]: Symbol pin or wire end off connection grid
    ; warning
    @(45.72 mm, 1411.605 mm): Symbol #PWR52 Hidden pin 1 [GND, Power input, Line]
[lib_symbol_issues]: The current configuration does not include the symbol library 'elt'
    ; warning
    @(45.72 mm, 1411.605 mm): Symbol #PWR52 [GND]
[endpoint_off_grid]: Symbol pin or wire end off connection grid
    ; warning
    @(45.72 mm, 1485.265 mm): Vertical Wire, length 11.43 mm
[endpoint_off_grid]: Symbol pin or wire end off connection grid
    ; warning
    @(45.72 mm, 1496.695 mm): Horizontal Wire, length 12.065 mm
[lib_symbol_issues]: The current configuration does not include the symbol library 'elt'
    ; warning
    @(45.72 mm, 2293.62 mm): Symbol R62 [SYM_R62]
[lib_symbol_issues]: The current configuration does not include the symbol library 'elt'
    ; warning
    @(45.72 mm, 2297.43 mm): Symbol #PWR82 [GND]
[endpoint_off_grid]: Symbol pin or wire end off connection grid
    ; warning
    @(45.72 mm, 4059.555 mm): Horizontal Wire, length 4.445 mm
[endpoint_off_grid]: Symbol pin or wire end off connection grid
    ; warning
    @(45.72 mm, 4060.825 mm): Vertical Wire, length 1.27 mm
[endpoint_off_grid]: Symbol pin or wire end off connection grid
    ; warning
    @(45.72 mm, 4060.825 mm): Symbol R64 Pin 1 [Passive, Line]
[lib_symbol_issues]: The current configuration does not include the symbol library 'elt'
    ; warning
    @(45.72 mm, 4064.635 mm): Symbol R64 [SYM_R64]
[endpoint_off_grid]: Symbol pin or wire end off connection grid
    ; warning
    @(45.72 mm, 4068.445 mm): Symbol #PWR142 Hidden pin 1 [GND, Power input, Line]
[lib_symbol_issues]: The current configuration does not include the symbol library 'elt'
    ; warning
    @(45.72 mm, 4068.445 mm): Symbol #PWR142 [GND]
[endpoint_off_grid]: Symbol pin or wire end off connection grid
    ; warning
    @(45.72 mm, 4142.105 mm): Vertical Wire, length 11.43 mm
[endpoint_off_grid]: Symbol pin or wire end off connection grid
    ; warning
    @(45.72 mm, 4153.535 mm): Horizontal Wire, length 12.065 mm
[endpoint_off_grid]: Symbol pin or wire end off connection grid
    ; warning
    @(46.99 mm, 1477.645 mm): Horizontal Wire, length 1.27 mm
[endpoint_off_grid]: Symbol pin or wire end off connection grid
    ; warning
    @(46.99 mm, 1480.185 mm): Vertical Wire, length 2.54 mm
[endpoint_off_grid]: Symbol pin or wire end off connection grid
    ; warning
    @(46.99 mm, 4134.485 mm): Horizontal Wire, length 1.27 mm
[endpoint_off_grid]: Symbol pin or wire end off connection grid
    ; warning
    @(46.99 mm, 4137.025 mm): Vertical Wire, length 2.54 mm
[endpoint_off_grid]: Symbol pin or wire end off connection grid
    ; warning
    @(48.26 mm, 412.115 mm): Symbol #PWR15 Hidden pin 1 [GND, Power input, Line]
[lib_symbol_issues]: The current configuration does not include the symbol library 'elt'
    ; warning
    @(48.26 mm, 412.115 mm): Symbol #PWR15 [GND]
[endpoint_off_grid]: Symbol pin or wire end off connection grid
    ; warning
    @(48.26 mm, 1434.465 mm): Symbol U3 Pin 1 [Passive, Line]
[endpoint_off_grid]: Symbol pin or wire end off connection grid
    ; warning
    @(48.26 mm, 1444.625 mm): Symbol #PWR49 Hidden pin 1 [GND, Power input, Line]
[lib_symbol_issues]: The current configuration does not include the symbol library 'elt'
    ; warning
    @(48.26 mm, 1444.625 mm): Symbol #PWR49 [GND]
[endpoint_off_grid]: Symbol pin or wire end off connection grid
    ; warning
    @(48.26 mm, 1475.105 mm): Symbol #PWR55 Hidden pin 1 [GND, Power input, Line]
[endpoint_off_grid]: Symbol pin or wire end off connection grid
    ; warning
    @(48.26 mm, 1475.105 mm): Symbol U4 Pin 1 [GND, Passive, Line]
[lib_symbol_issues]: The current configuration does not include the symbol library 'elt'
    ; warning
    @(48.26 mm, 1475.105 mm): Symbol #PWR55 [GND]
[endpoint_off_grid]: Symbol pin or wire end off connection grid
    ; warning
    @(48.26 mm, 1480.185 mm): Horizontal Wire, length 1.27 mm
[endpoint_off_grid]: Symbol pin or wire end off connection grid
    ; warning
    @(48.26 mm, 1485.265 mm): Horizontal Wire, length 2.54 mm
[lib_symbol_issues]: The current configuration does not include the symbol library 'elt'
    ; warning
    @(48.26 mm, 2330.45 mm): Symbol #PWR79 [GND]
[lib_symbol_issues]: The current configuration does not include the symbol library 'elt'
    ; warning
    @(48.26 mm, 2360.93 mm): Symbol #PWR85 [GND]
[endpoint_off_grid]: Symbol pin or wire end off connection grid
    ; warning
    @(48.26 mm, 4091.305 mm): Symbol U21 Pin 1 [Passive, Line]
[endpoint_off_grid]: Symbol pin or wire end off connection grid
    ; warning
    @(48.26 mm, 4101.465 mm): Symbol #PWR139 Hidden pin 1 [GND, Power input, Line]
[lib_symbol_issues]: The current configuration does not include the symbol library 'elt'
    ; warning
    @(48.26 mm, 4101.465 mm): Symbol #PWR139 [GND]
[endpoint_off_grid]: Symbol pin or wire end off connection grid
    ; warning
    @(48.26 mm, 4131.945 mm): Symbol U22 Pin 1 [GND, Passive, Line]
[endpoint_off_grid]: Symbol pin or wire end off connection grid
    ; warning
    @(48.26 mm, 4131.945 mm): Symbol #PWR145 Hidden pin 1 [GND, Power input, Line]
[lib_symbol_issues]: The current configuration does not include the symbol library 'elt'
    ; warning
    @(48.26 mm, 4131.945 mm): Symbol #PWR145 [GND]
[endpoint_off_grid]: Symbol pin or wire end off connection grid
    ; warning
    @(48.26 mm, 4137.025 mm): Horizontal Wire, length 1.27 mm
[endpoint_off_grid]: Symbol pin or wire end off connection grid
    ; warning
    @(48.26 mm, 4142.105 mm): Horizontal Wire, length 2.54 mm
[endpoint_off_grid]: Symbol pin or wire end off connection grid
    ; warning
    @(50.165 mm, 3249.295 mm): Horizontal Wire, length 2.54 mm
[endpoint_off_grid]: Symbol pin or wire end off connection grid
    ; warning
    @(50.165 mm, 3251.835 mm): Vertical Wire, length 2.54 mm
[endpoint_off_grid]: Symbol pin or wire end off connection grid
    ; warning
    @(50.165 mm, 3256.915 mm): Vertical Wire, length 11.43 mm
[endpoint_off_grid]: Symbol pin or wire end off connection grid
    ; warning
    @(50.165 mm, 3268.345 mm): Horizontal Wire, length 12.065 mm
[endpoint_off_grid]: Symbol pin or wire end off connection grid
    ; warning
    @(50.80 mm, 412.115 mm): Symbol #PWR16 Hidden pin 1 [GND, Power input, Line]
[lib_symbol_issues]: The current configuration does not include the symbol library 'elt'
    ; warning
    @(50.80 mm, 412.115 mm): Symbol #PWR16 [GND]
[lib_symbol_issues]: The current configuration does not include the symbol library 'elt'
    ; warning
    @(50.80 mm, 3178.81 mm): Symbol R63 [SYM_R63]
[lib_symbol_issues]: The current configuration does not include the symbol library 'elt'
    ; warning
    @(50.80 mm, 3182.62 mm): Symbol #PWR112 [GND]
[endpoint_off_grid]: Symbol pin or wire end off connection grid
    ; warning
    @(52.705 mm, 3206.115 mm): Symbol U15 Pin 1 [Passive, Line]
[endpoint_off_grid]: Symbol pin or wire end off connection grid
    ; warning
    @(52.705 mm, 3216.275 mm): Symbol #PWR109 Hidden pin 1 [GND, Power input, Line]
[lib_symbol_issues]: The current configuration does not include the symbol library 'elt'
    ; warning
    @(52.705 mm, 3216.275 mm): Symbol #PWR109 [GND]
[endpoint_off_grid]: Symbol pin or wire end off connection grid
    ; warning
    @(52.705 mm, 3246.755 mm): Symbol #PWR115 Hidden pin 1 [GND, Power input, Line]
[endpoint_off_grid]: Symbol pin or wire end off connection grid
    ; warning
    @(52.705 mm, 3246.755 mm): Symbol U16 Pin 1 [GND, Passive, Line]
[lib_symbol_issues]: The current configuration does not include the symbol library 'elt'
    ; warning
    @(52.705 mm, 3246.755 mm): Symbol #PWR115 [GND]
[endpoint_off_grid]: Symbol pin or wire end off connection grid
    ; warning
    @(52.705 mm, 3251.835 mm): Horizontal Wire, length 2.54 mm
[endpoint_off_grid]: Symbol pin or wire end off connection grid
    ; warning
    @(52.705 mm, 3256.915 mm): Horizontal Wire, length 2.54 mm
[endpoint_off_grid]: Symbol pin or wire end off connection grid
    ; warning
    @(54.61 mm, 2037.715 mm): Horizontal Wire, length 3.81 mm
[endpoint_off_grid]: Symbol pin or wire end off connection grid
    ; warning
    @(54.61 mm, 2051.685 mm): Vertical Wire, length 13.97 mm
[endpoint_off_grid]: Symbol pin or wire end off connection grid
    ; warning
    @(54.61 mm, 3809.365 mm): Horizontal Wire, length 3.81 mm
[endpoint_off_grid]: Symbol pin or wire end off connection grid
    ; warning
    @(54.61 mm, 3823.335 mm): Vertical Wire, length 13.97 mm
[endpoint_off_grid]: Symbol pin or wire end off connection grid
    ; warning
    @(56.515 mm, 622.935 mm): Symbol #PWR26 Hidden pin 1 [GND, Power input, Line]
[lib_symbol_issues]: The current configuration does not include the symbol library 'elt'
    ; warning
    @(56.515 mm, 622.935 mm): Symbol #PWR26 [GND]
[lib_symbol_issues]: The current configuration does not include the symbol library 'elt'
    ; warning
    @(56.515 mm, 626.745 mm): Symbol R76 [SYM_R76]
[endpoint_off_grid]: Symbol pin or wire end off connection grid
    ; warning
    @(56.515 mm, 630.555 mm): Symbol R76 Pin 1 [Passive, Line]
[endpoint_off_grid]: Symbol pin or wire end off connection grid
    ; warning
    @(56.515 mm, 630.555 mm): Vertical Wire, length 1.905 mm
[endpoint_off_grid]: Symbol pin or wire end off connection grid
    ; warning
    @(56.515 mm, 632.46 mm): Horizontal Wire, length 0.635 mm
[endpoint_off_grid]: Symbol pin or wire end off connection grid
    ; warning
    @(57.15 mm, 2040.255 mm): Horizontal Wire, length 1.27 mm
[endpoint_off_grid]: Symbol pin or wire end off connection grid
    ; warning
    @(57.15 mm, 2049.145 mm): Vertical Wire, length 8.89 mm
[endpoint_off_grid]: Symbol pin or wire end off connection grid
    ; warning
    @(57.15 mm, 3811.905 mm): Horizontal Wire, length 1.27 mm
[endpoint_off_grid]: Symbol pin or wire end off connection grid
    ; warning
    @(57.15 mm, 3820.795 mm): Vertical Wire, length 8.89 mm
[endpoint_off_grid]: Symbol pin or wire end off connection grid
    ; warning
    @(57.785 mm, 1496.695 mm): Vertical Wire, length 11.43 mm
[endpoint_off_grid]: Symbol pin or wire end off connection grid
    ; warning
    @(57.785 mm, 1508.125 mm): Symbol R66 Pin 1 [Passive, Line]
[lib_symbol_issues]: The current configuration does not include the symbol library 'elt'
    ; warning
    @(57.785 mm, 1511.935 mm): Symbol R66 [SYM_R66]
[endpoint_off_grid]: Symbol pin or wire end off connection grid
    ; warning
    @(57.785 mm, 1515.745 mm): Symbol #PWR58 Hidden pin 1 [GND, Power input, Line]
[lib_symbol_issues]: The current configuration does not include the symbol library 'elt'
    ; warning
    @(57.785 mm, 1515.745 mm): Symbol #PWR58 [GND]
[endpoint_off_grid]: Symbol pin or wire end off connection grid
    ; warning
    @(45.72 mm, 2382.52 mm): Horizontal Wire, length 12.065 mm
[endpoint_off_grid]: Symbol pin or wire end off connection grid
    ; warning
    @(57.785 mm, 2382.52 mm): Vertical Wire, length 11.43 mm
[endpoint_off_grid]: Symbol pin or wire end off connection grid
    ; warning
    @(57.785 mm, 2393.95 mm): Symbol R67 Pin 1 [Passive, Line]
[lib_symbol_issues]: The current configuration does not include the symbol library 'elt'
    ; warning
    @(57.785 mm, 2397.76 mm): Symbol R67 [SYM_R67]
[endpoint_off_grid]: Symbol pin or wire end off connection grid
    ; warning
    @(57.785 mm, 2401.57 mm): Symbol #PWR88 Hidden pin 1 [GND, Power input, Line]
[lib_symbol_issues]: The current configuration does not include the symbol library 'elt'
    ; warning
    @(57.785 mm, 2401.57 mm): Symbol #PWR88 [GND]
[endpoint_off_grid]: Symbol pin or wire end off connection grid
    ; warning
    @(57.785 mm, 4153.535 mm): Vertical Wire, length 12.065 mm
[endpoint_off_grid]: Symbol pin or wire end off connection grid
    ; warning
    @(57.785 mm, 4165.60 mm): Symbol R69 Pin 1 [Passive, Line]
[lib_symbol_issues]: The current configuration does not include the symbol library 'elt'
    ; warning
    @(57.785 mm, 4169.41 mm): Symbol R69 [SYM_R69]
[endpoint_off_grid]: Symbol pin or wire end off connection grid
    ; warning
    @(57.785 mm, 4173.22 mm): Symbol #PWR148 Hidden pin 1 [GND, Power input, Line]
[lib_symbol_issues]: The current configuration does not include the symbol library 'elt'
    ; warning
    @(57.785 mm, 4173.22 mm): Symbol #PWR148 [GND]
[endpoint_off_grid]: Symbol pin or wire end off connection grid
    ; warning
    @(58.42 mm, 366.395 mm): Horizontal Wire, length 40.64 mm
[endpoint_off_grid]: Symbol pin or wire end off connection grid
    ; warning
    @(58.42 mm, 381.635 mm): Horizontal Wire, length 12.70 mm
[endpoint_off_grid]: Symbol pin or wire end off connection grid
    ; warning
    @(58.42 mm, 686.435 mm): Vertical Wire, length 1.27 mm
[endpoint_off_grid]: Symbol pin or wire end off connection grid
    ; warning
    @(58.42 mm, 686.435 mm): Symbol U5 Pin 1 [NC1, Passive, Line]
[endpoint_off_grid]: Symbol pin or wire end off connection grid
    ; warning
    @(58.42 mm, 688.975 mm): Horizontal Wire, length 1.27 mm
[endpoint_off_grid]: Symbol pin or wire end off connection grid
    ; warning
    @(58.42 mm, 721.995 mm): Horizontal Wire, length 1.27 mm
[endpoint_off_grid]: Symbol pin or wire end off connection grid
    ; warning
    @(58.42 mm, 724.535 mm): Vertical Wire, length 1.27 mm
[endpoint_off_grid]: Symbol pin or wire end off connection grid
    ; warning
    @(58.42 mm, 2002.155 mm): Vertical Wire, length 1.27 mm
[endpoint_off_grid]: Symbol pin or wire end off connection grid
    ; warning
    @(58.42 mm, 2002.155 mm): Symbol U12 Pin 1 [NC1, Passive, Line]
[endpoint_off_grid]: Symbol pin or wire end off connection grid
    ; warning
    @(58.42 mm, 2004.695 mm): Horizontal Wire, length 1.27 mm
[endpoint_off_grid]: Symbol pin or wire end off connection grid
    ; warning
    @(58.42 mm, 2040.255 mm): Vertical Wire, length 12.70 mm
[endpoint_off_grid]: Symbol pin or wire end off connection grid
    ; warning
    @(58.42 mm, 2458.085 mm): Vertical Wire, length 1.27 mm
[endpoint_off_grid]: Symbol pin or wire end off connection grid
    ; warning
    @(58.42 mm, 2458.085 mm): Symbol U17 Pin 1 [NC1, Passive, Line]
[endpoint_off_grid]: Symbol pin or wire end off connection grid
    ; warning
    @(58.42 mm, 2460.625 mm): Horizontal Wire, length 1.27 mm
[endpoint_off_grid]: Symbol pin or wire end off connection grid
    ; warning
    @(58.42 mm, 2493.645 mm): Horizontal Wire, length 1.27 mm
[endpoint_off_grid]: Symbol pin or wire end off connection grid
    ; warning
    @(58.42 mm, 2496.185 mm): Vertical Wire, length 1.27 mm
[endpoint_off_grid]: Symbol pin or wire end off connection grid
    ; warning
    @(58.42 mm, 3773.805 mm): Vertical Wire, length 1.27 mm
[endpoint_off_grid]: Symbol pin or wire end off connection grid
    ; warning
    @(58.42 mm, 3773.805 mm): Symbol U24 Pin 1 [NC1, Passive, Line]
[endpoint_off_grid]: Symbol pin or wire end off connection grid
    ; warning
    @(58.42 mm, 3776.345 mm): Horizontal Wire, length 1.27 mm
[endpoint_off_grid]: Symbol pin or wire end off connection grid
    ; warning
    @(58.42 mm, 3811.905 mm): Vertical Wire, length 12.70 mm
[endpoint_off_grid]: Symbol pin or wire end off connection grid
    ; warning
    @(62.23 mm, 107.315 mm): Symbol #PWR01 Hidden pin 1 [GND, Power input, Line]
[lib_symbol_issues]: The current configuration does not include the symbol library 'elt'
    ; warning
    @(62.23 mm, 107.315 mm): Symbol #PWR01 [GND]
[lib_symbol_issues]: The current configuration does not include the symbol library 'elt'
    ; warning
    @(62.23 mm, 1439.545 mm): Symbol U3 [SYM_U3]
[lib_symbol_issues]: The current configuration does not include the symbol library 'elt'
    ; warning
    @(62.23 mm, 2325.37 mm): Symbol U9 [SYM_U9]
[endpoint_off_grid]: Symbol pin or wire end off connection grid
    ; warning
    @(62.23 mm, 3268.345 mm): Vertical Wire, length 11.43 mm
[endpoint_off_grid]: Symbol pin or wire end off connection grid
    ; warning
    @(62.23 mm, 3279.775 mm): Symbol R68 Pin 1 [Passive, Line]
[lib_symbol_issues]: The current configuration does not include the symbol library 'elt'
    ; warning
    @(62.23 mm, 3283.585 mm): Symbol R68 [SYM_R68]
[endpoint_off_grid]: Symbol pin or wire end off connection grid
    ; warning
    @(62.23 mm, 3287.395 mm): Symbol #PWR118 Hidden pin 1 [GND, Power input, Line]
[lib_symbol_issues]: The current configuration does not include the symbol library 'elt'
    ; warning
    @(62.23 mm, 3287.395 mm): Symbol #PWR118 [GND]
[lib_symbol_issues]: The current configuration does not include the symbol library 'elt'
    ; warning
    @(62.23 mm, 4096.385 mm): Symbol U21 [SYM_U21]
[lib_symbol_issues]: The current configuration does not include the symbol library 'elt'
    ; warning
    @(63.50 mm, 1480.185 mm): Symbol U4 [SYM_U4]
[lib_symbol_issues]: The current configuration does not include the symbol library 'elt'
    ; warning
    @(63.50 mm, 2366.01 mm): Symbol U10 [SYM_U10]
[lib_symbol_issues]: The current configuration does not include the symbol library 'elt'
    ; warning
    @(63.50 mm, 4137.025 mm): Symbol U22 [SYM_U22]
[unconnected_wire_endpoint]: Unconnected wire endpoint
    ; warning
    @(67.945 mm, 766.445 mm): Horizontal Wire, length 1.27 mm
[unconnected_wire_endpoint]: Unconnected wire endpoint
    ; warning
    @(67.945 mm, 817.245 mm): Horizontal Wire, length 1.27 mm
[unconnected_wire_endpoint]: Unconnected wire endpoint
    ; warning
    @(67.945 mm, 1297.94 mm): Horizontal Wire, length 1.27 mm
[unconnected_wire_endpoint]: Unconnected wire endpoint
    ; warning
    @(67.945 mm, 1348.74 mm): Horizontal Wire, length 1.27 mm
[unconnected_wire_endpoint]: Unconnected wire endpoint
    ; warning
    @(67.945 mm, 1652.27 mm): Horizontal Wire, length 1.27 mm
[unconnected_wire_endpoint]: Unconnected wire endpoint
    ; warning
    @(67.945 mm, 1703.07 mm): Horizontal Wire, length 1.27 mm
[unconnected_wire_endpoint]: Unconnected wire endpoint
    ; warning
    @(67.945 mm, 2183.765 mm): Horizontal Wire, length 1.27 mm
[unconnected_wire_endpoint]: Unconnected wire endpoint
    ; warning
    @(67.945 mm, 2234.565 mm): Horizontal Wire, length 1.27 mm
[unconnected_wire_endpoint]: Unconnected wire endpoint
    ; warning
    @(67.945 mm, 2538.095 mm): Horizontal Wire, length 1.27 mm
[unconnected_wire_endpoint]: Unconnected wire endpoint
    ; warning
    @(67.945 mm, 2588.895 mm): Horizontal Wire, length 1.27 mm
[unconnected_wire_endpoint]: Unconnected wire endpoint
    ; warning
    @(67.945 mm, 3069.59 mm): Horizontal Wire, length 1.27 mm
[unconnected_wire_endpoint]: Unconnected wire endpoint
    ; warning
    @(67.945 mm, 3120.39 mm): Horizontal Wire, length 1.27 mm
[lib_symbol_issues]: The current configuration does not include the symbol library 'elt'
    ; warning
    @(66.675 mm, 3211.195 mm): Symbol U15 [SYM_U15]
[unconnected_wire_endpoint]: Unconnected wire endpoint
    ; warning
    @(67.945 mm, 3423.285 mm): Horizontal Wire, length 1.27 mm
[unconnected_wire_endpoint]: Unconnected wire endpoint
    ; warning
    @(67.945 mm, 3474.085 mm): Horizontal Wire, length 1.27 mm
[unconnected_wire_endpoint]: Unconnected wire endpoint
    ; warning
    @(67.945 mm, 3955.415 mm): Horizontal Wire, length 1.27 mm
[unconnected_wire_endpoint]: Unconnected wire endpoint
    ; warning
    @(67.945 mm, 4006.215 mm): Horizontal Wire, length 1.27 mm
[endpoint_off_grid]: Symbol pin or wire end off connection grid
    ; warning
    @(67.945 mm, 765.175 mm): Vertical Wire, length 1.27 mm
[endpoint_off_grid]: Symbol pin or wire end off connection grid
    ; warning
    @(67.945 mm, 766.445 mm): Horizontal Wire, length 1.27 mm
[endpoint_off_grid]: Symbol pin or wire end off connection grid
    ; warning
    @(67.945 mm, 815.975 mm): Vertical Wire, length 1.27 mm
[endpoint_off_grid]: Symbol pin or wire end off connection grid
    ; warning
    @(67.945 mm, 817.245 mm): Horizontal Wire, length 1.27 mm
[endpoint_off_grid]: Symbol pin or wire end off connection grid
    ; warning
    @(67.945 mm, 1296.67 mm): Vertical Wire, length 1.27 mm
[endpoint_off_grid]: Symbol pin or wire end off connection grid
    ; warning
    @(67.945 mm, 1297.94 mm): Horizontal Wire, length 1.27 mm
[endpoint_off_grid]: Symbol pin or wire end off connection grid
    ; warning
    @(67.945 mm, 1347.47 mm): Vertical Wire, length 1.27 mm
[endpoint_off_grid]: Symbol pin or wire end off connection grid
    ; warning
    @(67.945 mm, 1348.74 mm): Horizontal Wire, length 1.27 mm
[endpoint_off_grid]: Symbol pin or wire end off connection grid
    ; warning
    @(67.945 mm, 1651.00 mm): Vertical Wire, length 1.27 mm
[endpoint_off_grid]: Symbol pin or wire end off connection grid
    ; warning
    @(67.945 mm, 1652.27 mm): Horizontal Wire, length 1.27 mm
[endpoint_off_grid]: Symbol pin or wire end off connection grid
    ; warning
    @(67.945 mm, 1701.80 mm): Vertical Wire, length 1.27 mm
[endpoint_off_grid]: Symbol pin or wire end off connection grid
    ; warning
    @(67.945 mm, 1703.07 mm): Horizontal Wire, length 1.27 mm
[endpoint_off_grid]: Symbol pin or wire end off connection grid
    ; warning
    @(67.945 mm, 2182.495 mm): Vertical Wire, length 1.27 mm
[endpoint_off_grid]: Symbol pin or wire end off connection grid
    ; warning
    @(67.945 mm, 2183.765 mm): Horizontal Wire, length 1.27 mm
[endpoint_off_grid]: Symbol pin or wire end off connection grid
    ; warning
    @(67.945 mm, 2233.295 mm): Vertical Wire, length 1.27 mm
[endpoint_off_grid]: Symbol pin or wire end off connection grid
    ; warning
    @(67.945 mm, 2234.565 mm): Horizontal Wire, length 1.27 mm
[endpoint_off_grid]: Symbol pin or wire end off connection grid
    ; warning
    @(67.945 mm, 2536.825 mm): Vertical Wire, length 1.27 mm
[endpoint_off_grid]: Symbol pin or wire end off connection grid
    ; warning
    @(67.945 mm, 2538.095 mm): Horizontal Wire, length 1.27 mm
[endpoint_off_grid]: Symbol pin or wire end off connection grid
    ; warning
    @(67.945 mm, 2587.625 mm): Vertical Wire, length 1.27 mm
[endpoint_off_grid]: Symbol pin or wire end off connection grid
    ; warning
    @(67.945 mm, 2588.895 mm): Horizontal Wire, length 1.27 mm
[endpoint_off_grid]: Symbol pin or wire end off connection grid
    ; warning
    @(67.945 mm, 3068.32 mm): Vertical Wire, length 1.27 mm
[endpoint_off_grid]: Symbol pin or wire end off connection grid
    ; warning
    @(67.945 mm, 3069.59 mm): Horizontal Wire, length 1.27 mm
[endpoint_off_grid]: Symbol pin or wire end off connection grid
    ; warning
    @(67.945 mm, 3119.12 mm): Vertical Wire, length 1.27 mm
[endpoint_off_grid]: Symbol pin or wire end off connection grid
    ; warning
    @(67.945 mm, 3120.39 mm): Horizontal Wire, length 1.27 mm
[lib_symbol_issues]: The current configuration does not include the symbol library 'elt'
    ; warning
    @(67.945 mm, 3251.835 mm): Symbol U16 [SYM_U16]
[endpoint_off_grid]: Symbol pin or wire end off connection grid
    ; warning
    @(67.945 mm, 3422.015 mm): Vertical Wire, length 1.27 mm
[endpoint_off_grid]: Symbol pin or wire end off connection grid
    ; warning
    @(67.945 mm, 3423.285 mm): Horizontal Wire, length 1.27 mm
[endpoint_off_grid]: Symbol pin or wire end off connection grid
    ; warning
    @(67.945 mm, 3472.815 mm): Vertical Wire, length 1.27 mm
[endpoint_off_grid]: Symbol pin or wire end off connection grid
    ; warning
    @(67.945 mm, 3474.085 mm): Horizontal Wire, length 1.27 mm
[endpoint_off_grid]: Symbol pin or wire end off connection grid
    ; warning
    @(67.945 mm, 3954.145 mm): Vertical Wire, length 1.27 mm
[endpoint_off_grid]: Symbol pin or wire end off connection grid
    ; warning
    @(67.945 mm, 3955.415 mm): Horizontal Wire, length 1.27 mm
[endpoint_off_grid]: Symbol pin or wire end off connection grid
    ; warning
    @(67.945 mm, 4004.945 mm): Vertical Wire, length 1.27 mm
[endpoint_off_grid]: Symbol pin or wire end off connection grid
    ; warning
    @(67.945 mm, 4006.215 mm): Horizontal Wire, length 1.27 mm
[endpoint_off_grid]: Symbol pin or wire end off connection grid
    ; warning
    @(68.58 mm, 100.33 mm): Vertical Wire, length 17.145 mm
[endpoint_off_grid]: Symbol pin or wire end off connection grid
    ; warning
    @(68.58 mm, 83.185 mm): Horizontal Wire, length 54.61 mm
[endpoint_off_grid]: Symbol pin or wire end off connection grid
    ; warning
    @(69.215 mm, 732.155 mm): Vertical Wire, length 1.27 mm
[endpoint_off_grid]: Symbol pin or wire end off connection grid
    ; warning
    @(69.215 mm, 733.425 mm): Horizontal Wire, length 10.795 mm
[endpoint_off_grid]: Symbol pin or wire end off connection grid
    ; warning
    @(69.215 mm, 1162.05 mm): Vertical Wire, length 1.27 mm
[endpoint_off_grid]: Symbol pin or wire end off connection grid
    ; warning
    @(69.215 mm, 1163.32 mm): Horizontal Wire, length 12.065 mm
[endpoint_off_grid]: Symbol pin or wire end off connection grid
    ; warning
    @(69.215 mm, 1617.98 mm): Vertical Wire, length 1.27 mm
[endpoint_off_grid]: Symbol pin or wire end off connection grid
    ; warning
    @(69.215 mm, 1619.25 mm): Horizontal Wire, length 10.795 mm
[endpoint_off_grid]: Symbol pin or wire end off connection grid
    ; warning
    @(69.215 mm, 2047.875 mm): Vertical Wire, length 1.27 mm
[endpoint_off_grid]: Symbol pin or wire end off connection grid
    ; warning
    @(69.215 mm, 2049.145 mm): Horizontal Wire, length 12.065 mm
[endpoint_off_grid]: Symbol pin or wire end off connection grid
    ; warning
    @(69.215 mm, 2503.805 mm): Vertical Wire, length 1.27 mm
[endpoint_off_grid]: Symbol pin or wire end off connection grid
    ; warning
    @(69.215 mm, 2505.075 mm): Horizontal Wire, length 10.795 mm
[endpoint_off_grid]: Symbol pin or wire end off connection grid
    ; warning
    @(69.215 mm, 2933.70 mm): Vertical Wire, length 1.27 mm
[endpoint_off_grid]: Symbol pin or wire end off connection grid
    ; warning
    @(69.215 mm, 2934.97 mm): Horizontal Wire, length 12.065 mm
[endpoint_off_grid]: Symbol pin or wire end off connection grid
    ; warning
    @(69.215 mm, 3389.63 mm): Vertical Wire, length 1.27 mm
[endpoint_off_grid]: Symbol pin or wire end off connection grid
    ; warning
    @(69.215 mm, 3390.90 mm): Horizontal Wire, length 10.795 mm
[endpoint_off_grid]: Symbol pin or wire end off connection grid
    ; warning
    @(69.215 mm, 3819.525 mm): Vertical Wire, length 1.27 mm
[endpoint_off_grid]: Symbol pin or wire end off connection grid
    ; warning
    @(69.215 mm, 3820.795 mm): Horizontal Wire, length 12.065 mm
[endpoint_off_grid]: Symbol pin or wire end off connection grid
    ; warning
    @(70.485 mm, 100.33 mm): Horizontal Wire, length 1.905 mm
[endpoint_off_grid]: Symbol pin or wire end off connection grid
    ; warning
    @(70.485 mm, 2263.14 mm): Horizontal Wire, length 10.795 mm
[endpoint_off_grid]: Symbol pin or wire end off connection grid
    ; warning
    @(70.485 mm, 2275.84 mm): Horizontal Wire, length 1.27 mm
[endpoint_off_grid]: Symbol pin or wire end off connection grid
    ; warning
    @(70.485 mm, 2288.54 mm): Vertical Wire, length 25.40 mm
[endpoint_off_grid]: Symbol pin or wire end off connection grid
    ; warning
    @(70.485 mm, 2289.81 mm): Vertical Wire, length 1.27 mm
[endpoint_off_grid]: Symbol pin or wire end off connection grid
    ; warning
    @(70.485 mm, 2289.81 mm): Symbol C33 Pin 1 [Passive, Line]
[lib_symbol_issues]: The current configuration does not include the symbol library 'elt'
    ; warning
    @(70.485 mm, 2293.62 mm): Symbol C33 [SYM_C33]
[endpoint_off_grid]: Symbol pin or wire end off connection grid
    ; warning
    @(70.485 mm, 2297.43 mm): Symbol #PWR80 Hidden pin 1 [GND, Power input, Line]
[lib_symbol_issues]: The current configuration does not include the symbol library 'elt'
    ; warning
    @(70.485 mm, 2297.43 mm): Symbol #PWR80 [GND]
[endpoint_off_grid]: Symbol pin or wire end off connection grid
    ; warning
    @(71.12 mm, 1377.315 mm): Horizontal Wire, length 10.16 mm
[endpoint_off_grid]: Symbol pin or wire end off connection grid
    ; warning
    @(71.12 mm, 1390.015 mm): Horizontal Wire, length 1.27 mm
[endpoint_off_grid]: Symbol pin or wire end off connection grid
    ; warning
    @(71.12 mm, 1402.715 mm): Vertical Wire, length 25.40 mm
[endpoint_off_grid]: Symbol pin or wire end off connection grid
    ; warning
    @(71.12 mm, 1403.985 mm): Vertical Wire, length 1.27 mm
[endpoint_off_grid]: Symbol pin or wire end off connection grid
    ; warning
    @(71.12 mm, 1403.985 mm): Symbol C17 Pin 1 [Passive, Line]
[lib_symbol_issues]: The current configuration does not include the symbol library 'elt'
    ; warning
    @(71.12 mm, 1407.795 mm): Symbol C17 [SYM_C17]
[endpoint_off_grid]: Symbol pin or wire end off connection grid
    ; warning
    @(71.12 mm, 1411.605 mm): Symbol #PWR50 Hidden pin 1 [GND, Power input, Line]
[lib_symbol_issues]: The current configuration does not include the symbol library 'elt'
    ; warning
    @(71.12 mm, 1411.605 mm): Symbol #PWR50 [GND]
[endpoint_off_grid]: Symbol pin or wire end off connection grid
    ; warning
    @(71.12 mm, 4060.825 mm): Vertical Wire, length 0.635 mm
[endpoint_off_grid]: Symbol pin or wire end off connection grid
    ; warning
    @(71.12 mm, 4060.825 mm): Symbol C65 Pin 1 [Passive, Line]
[lib_symbol_issues]: The current configuration does not include the symbol library 'elt'
    ; warning
    @(71.12 mm, 4064.635 mm): Symbol C65 [SYM_C65]
[endpoint_off_grid]: Symbol pin or wire end off connection grid
    ; warning
    @(71.12 mm, 4068.445 mm): Symbol #PWR140 Hidden pin 1 [GND, Power input, Line]
[lib_symbol_issues]: The current configuration does not include the symbol library 'elt'
    ; warning
    @(71.12 mm, 4068.445 mm): Symbol #PWR140 [GND]
[endpoint_off_grid]: Symbol pin or wire end off connection grid
    ; warning
    @(77.47 mm, 100.33 mm): Horizontal Wire, length 5.715 mm
[endpoint_off_grid]: Symbol pin or wire end off connection grid
    ; warning
    @(71.755 mm, 100.33 mm): Horizontal Wire, length 1.27 mm
[endpoint_off_grid]: Symbol pin or wire end off connection grid
    ; warning
    @(71.755 mm, 677.545 mm): Horizontal Wire, length 13.335 mm
[endpoint_off_grid]: Symbol pin or wire end off connection grid
    ; warning
    @(71.755 mm, 678.815 mm): Vertical Wire, length 1.27 mm
[endpoint_off_grid]: Symbol pin or wire end off connection grid
    ; warning
    @(71.755 mm, 732.155 mm): Vertical Wire, length 3.175 mm
[endpoint_off_grid]: Symbol pin or wire end off connection grid
    ; warning
    @(71.755 mm, 735.33 mm): Horizontal Wire, length 45.72 mm
[endpoint_off_grid]: Symbol pin or wire end off connection grid
    ; warning
    @(71.755 mm, 1107.44 mm): Horizontal Wire, length 13.335 mm
[endpoint_off_grid]: Symbol pin or wire end off connection grid
    ; warning
    @(71.755 mm, 1108.71 mm): Vertical Wire, length 1.27 mm
[endpoint_off_grid]: Symbol pin or wire end off connection grid
    ; warning
    @(71.755 mm, 1162.05 mm): Vertical Wire, length 3.81 mm
[endpoint_off_grid]: Symbol pin or wire end off connection grid
    ; warning
    @(71.755 mm, 1165.86 mm): Horizontal Wire, length 17.145 mm
[endpoint_off_grid]: Symbol pin or wire end off connection grid
    ; warning
    @(71.755 mm, 1563.37 mm): Horizontal Wire, length 13.335 mm
[endpoint_off_grid]: Symbol pin or wire end off connection grid
    ; warning
    @(71.755 mm, 1564.64 mm): Vertical Wire, length 1.27 mm
[endpoint_off_grid]: Symbol pin or wire end off connection grid
    ; warning
    @(71.755 mm, 1617.98 mm): Vertical Wire, length 3.175 mm
[endpoint_off_grid]: Symbol pin or wire end off connection grid
    ; warning
    @(71.755 mm, 1621.155 mm): Horizontal Wire, length 45.72 mm
[endpoint_off_grid]: Symbol pin or wire end off connection grid
    ; warning
    @(71.755 mm, 1993.265 mm): Horizontal Wire, length 13.335 mm
[endpoint_off_grid]: Symbol pin or wire end off connection grid
    ; warning
    @(71.755 mm, 1994.535 mm): Vertical Wire, length 1.27 mm
[endpoint_off_grid]: Symbol pin or wire end off connection grid
    ; warning
    @(71.755 mm, 2047.875 mm): Vertical Wire, length 3.81 mm
[endpoint_off_grid]: Symbol pin or wire end off connection grid
    ; warning
    @(71.755 mm, 2051.685 mm): Horizontal Wire, length 17.145 mm
[endpoint_off_grid]: Symbol pin or wire end off connection grid
    ; warning
    @(71.755 mm, 2449.195 mm): Horizontal Wire, length 13.335 mm
[endpoint_off_grid]: Symbol pin or wire end off connection grid
    ; warning
    @(71.755 mm, 2450.465 mm): Vertical Wire, length 1.27 mm
[endpoint_off_grid]: Symbol pin or wire end off connection grid
    ; warning
    @(71.755 mm, 2503.805 mm): Vertical Wire, length 3.175 mm
[endpoint_off_grid]: Symbol pin or wire end off connection grid
    ; warning
    @(71.755 mm, 2506.98 mm): Horizontal Wire, length 45.72 mm
[endpoint_off_grid]: Symbol pin or wire end off connection grid
    ; warning
    @(71.755 mm, 2879.09 mm): Horizontal Wire, length 13.335 mm
[endpoint_off_grid]: Symbol pin or wire end off connection grid
    ; warning
    @(71.755 mm, 2880.36 mm): Vertical Wire, length 1.27 mm
[endpoint_off_grid]: Symbol pin or wire end off connection grid
    ; warning
    @(71.755 mm, 2933.70 mm): Vertical Wire, length 3.81 mm
[endpoint_off_grid]: Symbol pin or wire end off connection grid
    ; warning
    @(71.755 mm, 2937.51 mm): Horizontal Wire, length 17.145 mm
[endpoint_off_grid]: Symbol pin or wire end off connection grid
    ; warning
    @(71.755 mm, 3335.02 mm): Horizontal Wire, length 13.335 mm
[endpoint_off_grid]: Symbol pin or wire end off connection grid
    ; warning
    @(71.755 mm, 3336.29 mm): Vertical Wire, length 1.27 mm
[endpoint_off_grid]: Symbol pin or wire end off connection grid
    ; warning
    @(71.755 mm, 3389.63 mm): Vertical Wire, length 3.175 mm
[endpoint_off_grid]: Symbol pin or wire end off connection grid
    ; warning
    @(71.755 mm, 3392.805 mm): Horizontal Wire, length 45.72 mm
[endpoint_off_grid]: Symbol pin or wire end off connection grid
    ; warning
    @(71.755 mm, 3764.915 mm): Horizontal Wire, length 13.335 mm
[endpoint_off_grid]: Symbol pin or wire end off connection grid
    ; warning
    @(71.755 mm, 3766.185 mm): Vertical Wire, length 1.27 mm
[endpoint_off_grid]: Symbol pin or wire end off connection grid
    ; warning
    @(71.755 mm, 3819.525 mm): Vertical Wire, length 3.81 mm
[endpoint_off_grid]: Symbol pin or wire end off connection grid
    ; warning
    @(71.755 mm, 3823.335 mm): Horizontal Wire, length 17.145 mm
[lib_symbol_issues]: The current configuration does not include the symbol library 'elt'
    ; warning
    @(73.025 mm, 705.485 mm): Symbol U5 [SYM_U5]
[lib_symbol_issues]: The current configuration does not include the symbol library 'elt'
    ; warning
    @(73.025 mm, 1135.38 mm): Symbol U6 [SYM_U6]
[lib_symbol_issues]: The current configuration does not include the symbol library 'elt'
    ; warning
    @(73.025 mm, 1591.31 mm): Symbol U11 [SYM_U11]
[lib_symbol_issues]: The current configuration does not include the symbol library 'elt'
    ; warning
    @(73.025 mm, 2021.205 mm): Symbol U12 [SYM_U12]
[lib_symbol_issues]: The current configuration does not include the symbol library 'elt'
    ; warning
    @(73.025 mm, 2477.135 mm): Symbol U17 [SYM_U17]
[lib_symbol_issues]: The current configuration does not include the symbol library 'elt'
    ; warning
    @(73.025 mm, 2907.03 mm): Symbol U18 [SYM_U18]
[lib_symbol_issues]: The current configuration does not include the symbol library 'elt'
    ; warning
    @(73.025 mm, 3362.96 mm): Symbol U23 [SYM_U23]
[lib_symbol_issues]: The current configuration does not include the symbol library 'elt'
    ; warning
    @(73.025 mm, 3792.855 mm): Symbol U24 [SYM_U24]
[endpoint_off_grid]: Symbol pin or wire end off connection grid
    ; warning
    @(74.295 mm, 657.86 mm): Horizontal Wire, length 48.895 mm
[endpoint_off_grid]: Symbol pin or wire end off connection grid
    ; warning
    @(74.295 mm, 668.655 mm): Horizontal Wire, length 1.27 mm
[endpoint_off_grid]: Symbol pin or wire end off connection grid
    ; warning
    @(74.295 mm, 678.815 mm): Vertical Wire, length 20.955 mm
[endpoint_off_grid]: Symbol pin or wire end off connection grid
    ; warning
    @(74.295 mm, 732.155 mm): Symbol #PWR37 Hidden pin 1 [GND, Power input, Line]
[lib_symbol_issues]: The current configuration does not include the symbol library 'elt'
    ; warning
    @(74.295 mm, 732.155 mm): Symbol #PWR37 [GND]
[endpoint_off_grid]: Symbol pin or wire end off connection grid
    ; warning
    @(74.295 mm, 1087.755 mm): Horizontal Wire, length 48.895 mm
[endpoint_off_grid]: Symbol pin or wire end off connection grid
    ; warning
    @(74.295 mm, 1097.915 mm): Horizontal Wire, length 1.27 mm
[endpoint_off_grid]: Symbol pin or wire end off connection grid
    ; warning
    @(74.295 mm, 1108.71 mm): Vertical Wire, length 20.955 mm
[endpoint_off_grid]: Symbol pin or wire end off connection grid
    ; warning
    @(74.295 mm, 1162.05 mm): Symbol U6 Pin 5 [GND1, Passive, Line]
[endpoint_off_grid]: Symbol pin or wire end off connection grid
    ; warning
    @(74.295 mm, 1162.05 mm): Symbol #PWR39 Hidden pin 1 [GND, Power input, Line]
[lib_symbol_issues]: The current configuration does not include the symbol library 'elt'
    ; warning
    @(74.295 mm, 1162.05 mm): Symbol #PWR39 [GND]
[endpoint_off_grid]: Symbol pin or wire end off connection grid
    ; warning
    @(74.295 mm, 1543.685 mm): Horizontal Wire, length 48.895 mm
[endpoint_off_grid]: Symbol pin or wire end off connection grid
    ; warning
    @(74.295 mm, 1554.48 mm): Horizontal Wire, length 1.27 mm
[endpoint_off_grid]: Symbol pin or wire end off connection grid
    ; warning
    @(74.295 mm, 1564.64 mm): Vertical Wire, length 20.955 mm
[endpoint_off_grid]: Symbol pin or wire end off connection grid
    ; warning
    @(74.295 mm, 1617.98 mm): Symbol #PWR67 Hidden pin 1 [GND, Power input, Line]
[endpoint_off_grid]: Symbol pin or wire end off connection grid
    ; warning
    @(74.295 mm, 1617.98 mm): Symbol U11 Pin 5 [GND1, Passive, Line]
[lib_symbol_issues]: The current configuration does not include the symbol library 'elt'
    ; warning
    @(74.295 mm, 1617.98 mm): Symbol #PWR67 [GND]
[endpoint_off_grid]: Symbol pin or wire end off connection grid
    ; warning
    @(74.295 mm, 1973.58 mm): Horizontal Wire, length 48.895 mm
[endpoint_off_grid]: Symbol pin or wire end off connection grid
    ; warning
    @(74.295 mm, 1983.74 mm): Horizontal Wire, length 1.27 mm
[endpoint_off_grid]: Symbol pin or wire end off connection grid
    ; warning
    @(74.295 mm, 1994.535 mm): Vertical Wire, length 20.955 mm
[endpoint_off_grid]: Symbol pin or wire end off connection grid
    ; warning
    @(74.295 mm, 2047.875 mm): Symbol #PWR69 Hidden pin 1 [GND, Power input, Line]
[lib_symbol_issues]: The current configuration does not include the symbol library 'elt'
    ; warning
    @(74.295 mm, 2047.875 mm): Symbol #PWR69 [GND]
[endpoint_off_grid]: Symbol pin or wire end off connection grid
    ; warning
    @(74.295 mm, 2429.51 mm): Horizontal Wire, length 48.895 mm
[endpoint_off_grid]: Symbol pin or wire end off connection grid
    ; warning
    @(74.295 mm, 2439.67 mm): Horizontal Wire, length 1.27 mm
[endpoint_off_grid]: Symbol pin or wire end off connection grid
    ; warning
    @(74.295 mm, 2450.465 mm): Vertical Wire, length 20.955 mm
[endpoint_off_grid]: Symbol pin or wire end off connection grid
    ; warning
    @(74.295 mm, 2503.805 mm): Symbol #PWR97 Hidden pin 1 [GND, Power input, Line]
[lib_symbol_issues]: The current configuration does not include the symbol library 'elt'
    ; warning
    @(74.295 mm, 2503.805 mm): Symbol #PWR97 [GND]
[endpoint_off_grid]: Symbol pin or wire end off connection grid
    ; warning
    @(74.295 mm, 2858.77 mm): Horizontal Wire, length 48.895 mm
[endpoint_off_grid]: Symbol pin or wire end off connection grid
    ; warning
    @(74.295 mm, 2869.565 mm): Horizontal Wire, length 1.27 mm
[endpoint_off_grid]: Symbol pin or wire end off connection grid
    ; warning
    @(74.295 mm, 2880.36 mm): Vertical Wire, length 21.59 mm
[endpoint_off_grid]: Symbol pin or wire end off connection grid
    ; warning
    @(74.295 mm, 2933.70 mm): Symbol U18 Pin 5 [GND1, Passive, Line]
[endpoint_off_grid]: Symbol pin or wire end off connection grid
    ; warning
    @(74.295 mm, 2933.70 mm): Symbol #PWR99 Hidden pin 1 [GND, Power input, Line]
[lib_symbol_issues]: The current configuration does not include the symbol library 'elt'
    ; warning
    @(74.295 mm, 2933.70 mm): Symbol #PWR99 [GND]
[endpoint_off_grid]: Symbol pin or wire end off connection grid
    ; warning
    @(74.295 mm, 3315.335 mm): Horizontal Wire, length 48.895 mm
[endpoint_off_grid]: Symbol pin or wire end off connection grid
    ; warning
    @(74.295 mm, 3325.495 mm): Horizontal Wire, length 1.27 mm
[endpoint_off_grid]: Symbol pin or wire end off connection grid
    ; warning
    @(74.295 mm, 3336.29 mm): Vertical Wire, length 20.955 mm
[endpoint_off_grid]: Symbol pin or wire end off connection grid
    ; warning
    @(74.295 mm, 3389.63 mm): Symbol U23 Pin 5 [GND1, Passive, Line]
[endpoint_off_grid]: Symbol pin or wire end off connection grid
    ; warning
    @(74.295 mm, 3389.63 mm): Symbol #PWR127 Hidden pin 1 [GND, Power input, Line]
[lib_symbol_issues]: The current configuration does not include the symbol library 'elt'
    ; warning
    @(74.295 mm, 3389.63 mm): Symbol #PWR127 [GND]
[endpoint_off_grid]: Symbol pin or wire end off connection grid
    ; warning
    @(74.295 mm, 3744.595 mm): Horizontal Wire, length 48.895 mm
[endpoint_off_grid]: Symbol pin or wire end off connection grid
    ; warning
    @(74.295 mm, 3755.39 mm): Horizontal Wire, length 1.27 mm
[endpoint_off_grid]: Symbol pin or wire end off connection grid
    ; warning
    @(74.295 mm, 3766.185 mm): Vertical Wire, length 21.59 mm
[endpoint_off_grid]: Symbol pin or wire end off connection grid
    ; warning
    @(74.295 mm, 3819.525 mm): Symbol #PWR129 Hidden pin 1 [GND, Power input, Line]
[lib_symbol_issues]: The current configuration does not include the symbol library 'elt'
    ; warning
    @(74.295 mm, 3819.525 mm): Symbol #PWR129 [GND]
[endpoint_off_grid]: Symbol pin or wire end off connection grid
    ; warning
    @(75.565 mm, 3148.965 mm): Horizontal Wire, length 10.16 mm
[endpoint_off_grid]: Symbol pin or wire end off connection grid
    ; warning
    @(75.565 mm, 3161.665 mm): Horizontal Wire, length 1.27 mm
[endpoint_off_grid]: Symbol pin or wire end off connection grid
    ; warning
    @(75.565 mm, 3174.365 mm): Vertical Wire, length 25.40 mm
[endpoint_off_grid]: Symbol pin or wire end off connection grid
    ; warning
    @(75.565 mm, 3175.00 mm): Vertical Wire, length 0.635 mm
[endpoint_off_grid]: Symbol pin or wire end off connection grid
    ; warning
    @(75.565 mm, 3175.00 mm): Symbol C49 Pin 1 [Passive, Line]
[lib_symbol_issues]: The current configuration does not include the symbol library 'elt'
    ; warning
    @(75.565 mm, 3178.81 mm): Symbol C49 [SYM_C49]
[endpoint_off_grid]: Symbol pin or wire end off connection grid
    ; warning
    @(75.565 mm, 3182.62 mm): Symbol #PWR110 Hidden pin 1 [GND, Power input, Line]
[lib_symbol_issues]: The current configuration does not include the symbol library 'elt'
    ; warning
    @(75.565 mm, 3182.62 mm): Symbol #PWR110 [GND]
[endpoint_off_grid]: Symbol pin or wire end off connection grid
    ; warning
    @(76.20 mm, 1444.625 mm): Horizontal Wire, length 43.18 mm
[endpoint_off_grid]: Symbol pin or wire end off connection grid
    ; warning
    @(76.20 mm, 4101.465 mm): Horizontal Wire, length 43.18 mm
[endpoint_off_grid]: Symbol pin or wire end off connection grid
    ; warning
    @(76.835 mm, 732.155 mm): Symbol #PWR38 Hidden pin 1 [GND, Power input, Line]
[lib_symbol_issues]: The current configuration does not include the symbol library 'elt'
    ; warning
    @(76.835 mm, 732.155 mm): Symbol #PWR38 [GND]
[endpoint_off_grid]: Symbol pin or wire end off connection grid
    ; warning
    @(76.835 mm, 1162.05 mm): Symbol #PWR40 Hidden pin 1 [GND, Power input, Line]
[lib_symbol_issues]: The current configuration does not include the symbol library 'elt'
    ; warning
    @(76.835 mm, 1162.05 mm): Symbol #PWR40 [GND]
[endpoint_off_grid]: Symbol pin or wire end off connection grid
    ; warning
    @(76.835 mm, 1617.98 mm): Symbol #PWR68 Hidden pin 1 [GND, Power input, Line]
[lib_symbol_issues]: The current configuration does not include the symbol library 'elt'
    ; warning
    @(76.835 mm, 1617.98 mm): Symbol #PWR68 [GND]
[endpoint_off_grid]: Symbol pin or wire end off connection grid
    ; warning
    @(76.835 mm, 2047.875 mm): Symbol #PWR70 Hidden pin 1 [GND, Power input, Line]
[lib_symbol_issues]: The current configuration does not include the symbol library 'elt'
    ; warning
    @(76.835 mm, 2047.875 mm): Symbol #PWR70 [GND]
[endpoint_off_grid]: Symbol pin or wire end off connection grid
    ; warning
    @(76.835 mm, 2503.805 mm): Symbol #PWR98 Hidden pin 1 [GND, Power input, Line]
[lib_symbol_issues]: The current configuration does not include the symbol library 'elt'
    ; warning
    @(76.835 mm, 2503.805 mm): Symbol #PWR98 [GND]
[endpoint_off_grid]: Symbol pin or wire end off connection grid
    ; warning
    @(76.835 mm, 2933.70 mm): Symbol #PWR100 Hidden pin 1 [GND, Power input, Line]
[lib_symbol_issues]: The current configuration does not include the symbol library 'elt'
    ; warning
    @(76.835 mm, 2933.70 mm): Symbol #PWR100 [GND]
[endpoint_off_grid]: Symbol pin or wire end off connection grid
    ; warning
    @(76.835 mm, 3389.63 mm): Symbol #PWR128 Hidden pin 1 [GND, Power input, Line]
[lib_symbol_issues]: The current configuration does not include the symbol library 'elt'
    ; warning
    @(76.835 mm, 3389.63 mm): Symbol #PWR128 [GND]
[endpoint_off_grid]: Symbol pin or wire end off connection grid
    ; warning
    @(76.835 mm, 3819.525 mm): Symbol #PWR130 Hidden pin 1 [GND, Power input, Line]
[lib_symbol_issues]: The current configuration does not include the symbol library 'elt'
    ; warning
    @(76.835 mm, 3819.525 mm): Symbol #PWR130 [GND]
[endpoint_off_grid]: Symbol pin or wire end off connection grid
    ; warning
    @(77.47 mm, 103.505 mm): Symbol C1 Pin 1 [Passive, Line]
[endpoint_off_grid]: Symbol pin or wire end off connection grid
    ; warning
    @(77.47 mm, 103.505 mm): Horizontal Wire, length 1.27 mm
[lib_symbol_issues]: The current configuration does not include the symbol library 'elt'
    ; warning
    @(77.47 mm, 107.315 mm): Symbol C1 [SYM_C1]
[endpoint_off_grid]: Symbol pin or wire end off connection grid
    ; warning
    @(77.47 mm, 111.125 mm): Symbol #FLG01 Hidden pin 1 [pwr, Power output, Line]
[endpoint_off_grid]: Symbol pin or wire end off connection grid
    ; warning
    @(77.47 mm, 111.125 mm): Symbol #PWR03 Hidden pin 1 [GND, Power input, Line]
[lib_symbol_issues]: The current configuration does not include the symbol library 'elt'
    ; warning
    @(77.47 mm, 111.125 mm): Symbol #PWR03 [GND]
[lib_symbol_issues]: The current configuration does not include the symbol library 'elt'
    ; warning
    @(77.47 mm, 111.125 mm): Symbol #FLG01 [PWR_FLAG]
[endpoint_off_grid]: Symbol pin or wire end off connection grid
    ; warning
    @(86.36 mm, 100.33 mm): Horizontal Wire, length 8.255 mm
[endpoint_off_grid]: Symbol pin or wire end off connection grid
    ; warning
    @(78.105 mm, 100.33 mm): Horizontal Wire, length 0.635 mm
[endpoint_off_grid]: Symbol pin or wire end off connection grid
    ; warning
    @(78.74 mm, 103.505 mm): Vertical Wire, length 3.81 mm
[endpoint_off_grid]: Symbol pin or wire end off connection grid
    ; warning
    @(78.74 mm, 1476.375 mm): Symbol #PWR56 Hidden pin 1 [GND, Power input, Line]
[lib_symbol_issues]: The current configuration does not include the symbol library 'elt'
    ; warning
    @(78.74 mm, 1476.375 mm): Symbol #PWR56 [GND]
[endpoint_off_grid]: Symbol pin or wire end off connection grid
    ; warning
    @(78.74 mm, 1478.915 mm): Horizontal Wire, length 55.88 mm
[endpoint_off_grid]: Symbol pin or wire end off connection grid
    ; warning
    @(78.74 mm, 1481.455 mm): Horizontal Wire, length 2.54 mm
[lib_symbol_issues]: The current configuration does not include the symbol library 'elt'
    ; warning
    @(78.74 mm, 2362.20 mm): Symbol #PWR86 [GND]
[endpoint_off_grid]: Symbol pin or wire end off connection grid
    ; warning
    @(78.74 mm, 4133.215 mm): Symbol #PWR146 Hidden pin 1 [GND, Power input, Line]
[lib_symbol_issues]: The current configuration does not include the symbol library 'elt'
    ; warning
    @(78.74 mm, 4133.215 mm): Symbol #PWR146 [GND]
[endpoint_off_grid]: Symbol pin or wire end off connection grid
    ; warning
    @(78.74 mm, 4135.755 mm): Horizontal Wire, length 55.88 mm
[endpoint_off_grid]: Symbol pin or wire end off connection grid
    ; warning
    @(78.74 mm, 4138.295 mm): Horizontal Wire, length 2.54 mm
[endpoint_off_grid]: Symbol pin or wire end off connection grid
    ; warning
    @(95.25 mm, 48.26 mm): Horizontal Wire, length 15.875 mm
[endpoint_off_grid]: Symbol pin or wire end off connection grid
    ; warning
    @(79.375 mm, 48.26 mm): Vertical Wire, length 2.54 mm
[endpoint_off_grid]: Symbol pin or wire end off connection grid
    ; warning
    @(79.375 mm, 50.80 mm): Vertical Wire, length 1.27 mm
[endpoint_off_grid]: Symbol pin or wire end off connection grid
    ; warning
    @(79.375 mm, 52.07 mm): Symbol C4 Pin 1 [Passive, Line]
[lib_symbol_issues]: The current configuration does not include the symbol library 'elt'
    ; warning
    @(79.375 mm, 55.88 mm): Symbol C4 [SYM_C4]
[endpoint_off_grid]: Symbol pin or wire end off connection grid
    ; warning
    @(79.375 mm, 59.69 mm): Symbol #PWR07 Hidden pin 1 [GND, Power input, Line]
[lib_symbol_issues]: The current configuration does not include the symbol library 'elt'
    ; warning
    @(79.375 mm, 59.69 mm): Symbol #PWR07 [GND]
[endpoint_off_grid]: Symbol pin or wire end off connection grid
    ; warning
    @(80.645 mm, 127.00 mm): Horizontal Wire, length 9.525 mm
[endpoint_off_grid]: Symbol pin or wire end off connection grid
    ; warning
    @(80.645 mm, 127.00 mm): Symbol F1 Pin 1 [FUSE_A, Passive, Line]
[endpoint_off_grid]: Symbol pin or wire end off connection grid
    ; warning
    @(80.645 mm, 3216.275 mm): Horizontal Wire, length 43.18 mm
[endpoint_off_grid]: Symbol pin or wire end off connection grid
    ; warning
    @(81.28 mm, 1377.315 mm): Vertical Wire, length 2.54 mm
[endpoint_off_grid]: Symbol pin or wire end off connection grid
    ; warning
    @(81.28 mm, 1379.855 mm): Vertical Wire, length 1.27 mm
[endpoint_off_grid]: Symbol pin or wire end off connection grid
    ; warning
    @(81.28 mm, 1381.125 mm): Symbol C19 Pin 1 [Passive, Line]
[lib_symbol_issues]: The current configuration does not include the symbol library 'elt'
    ; warning
    @(81.28 mm, 1384.935 mm): Symbol C19 [SYM_C19]
[endpoint_off_grid]: Symbol pin or wire end off connection grid
    ; warning
    @(81.28 mm, 1388.745 mm): Symbol #PWR54 Hidden pin 1 [GND, Power input, Line]
[lib_symbol_issues]: The current configuration does not include the symbol library 'elt'
    ; warning
    @(81.28 mm, 1388.745 mm): Symbol #PWR54 [GND]
[endpoint_off_grid]: Symbol pin or wire end off connection grid
    ; warning
    @(81.28 mm, 1481.455 mm): Vertical Wire, length 2.54 mm
[endpoint_off_grid]: Symbol pin or wire end off connection grid
    ; warning
    @(81.28 mm, 1483.995 mm): Horizontal Wire, length 2.54 mm
[endpoint_off_grid]: Symbol pin or wire end off connection grid
    ; warning
    @(81.28 mm, 2266.315 mm): Symbol C35 Pin 1 [Passive, Line]
[endpoint_off_grid]: Symbol pin or wire end off connection grid
    ; warning
    @(81.28 mm, 2265.68 mm): Vertical Wire, length 0.635 mm
[lib_symbol_issues]: The current configuration does not include the symbol library 'elt'
    ; warning
    @(81.28 mm, 2270.125 mm): Symbol C35 [SYM_C35]
[endpoint_off_grid]: Symbol pin or wire end off connection grid
    ; warning
    @(81.28 mm, 2273.935 mm): Symbol #PWR84 Hidden pin 1 [GND, Power input, Line]
[lib_symbol_issues]: The current configuration does not include the symbol library 'elt'
    ; warning
    @(81.28 mm, 2273.935 mm): Symbol #PWR84 [GND]
[endpoint_off_grid]: Symbol pin or wire end off connection grid
    ; warning
    @(81.28 mm, 4037.965 mm): Symbol C67 Pin 1 [Passive, Line]
[endpoint_off_grid]: Symbol pin or wire end off connection grid
    ; warning
    @(81.28 mm, 4037.33 mm): Vertical Wire, length 0.635 mm
[lib_symbol_issues]: The current configuration does not include the symbol library 'elt'
    ; warning
    @(81.28 mm, 4041.775 mm): Symbol C67 [SYM_C67]
[endpoint_off_grid]: Symbol pin or wire end off connection grid
    ; warning
    @(81.28 mm, 4045.585 mm): Symbol #PWR144 Hidden pin 1 [GND, Power input, Line]
[lib_symbol_issues]: The current configuration does not include the symbol library 'elt'
    ; warning
    @(81.28 mm, 4045.585 mm): Symbol #PWR144 [GND]
[endpoint_off_grid]: Symbol pin or wire end off connection grid
    ; warning
    @(81.28 mm, 4138.295 mm): Vertical Wire, length 2.54 mm
[endpoint_off_grid]: Symbol pin or wire end off connection grid
    ; warning
    @(81.28 mm, 4140.835 mm): Horizontal Wire, length 2.54 mm
[endpoint_off_grid]: Symbol pin or wire end off connection grid
    ; warning
    @(81.915 mm, 622.935 mm): Symbol #PWR27 Hidden pin 1 [GND, Power input, Line]
[lib_symbol_issues]: The current configuration does not include the symbol library 'elt'
    ; warning
    @(81.915 mm, 622.935 mm): Symbol #PWR27 [GND]
[lib_symbol_issues]: The current configuration does not include the symbol library 'elt'
    ; warning
    @(81.915 mm, 626.745 mm): Symbol R77 [SYM_R77]
[endpoint_off_grid]: Symbol pin or wire end off connection grid
    ; warning
    @(81.915 mm, 630.555 mm): Symbol R77 Pin 1 [Passive, Line]
[endpoint_off_grid]: Symbol pin or wire end off connection grid
    ; warning
    @(81.915 mm, 630.555 mm): Vertical Wire, length 1.905 mm
[endpoint_off_grid]: Symbol pin or wire end off connection grid
    ; warning
    @(81.915 mm, 632.46 mm): Horizontal Wire, length 0.635 mm
[endpoint_off_grid]: Symbol pin or wire end off connection grid
    ; warning
    @(83.185 mm, 3248.025 mm): Symbol #PWR116 Hidden pin 1 [GND, Power input, Line]
[lib_symbol_issues]: The current configuration does not include the symbol library 'elt'
    ; warning
    @(83.185 mm, 3248.025 mm): Symbol #PWR116 [GND]
[endpoint_off_grid]: Symbol pin or wire end off connection grid
    ; warning
    @(83.185 mm, 3250.565 mm): Horizontal Wire, length 55.88 mm
[endpoint_off_grid]: Symbol pin or wire end off connection grid
    ; warning
    @(83.185 mm, 3253.105 mm): Horizontal Wire, length 2.54 mm
[endpoint_off_grid]: Symbol pin or wire end off connection grid
    ; warning
    @(85.725 mm, 3148.965 mm): Vertical Wire, length 2.54 mm
[endpoint_off_grid]: Symbol pin or wire end off connection grid
    ; warning
    @(85.725 mm, 3151.505 mm): Vertical Wire, length 0.635 mm
[endpoint_off_grid]: Symbol pin or wire end off connection grid
    ; warning
    @(85.725 mm, 3152.14 mm): Symbol C51 Pin 1 [Passive, Line]
[lib_symbol_issues]: The current configuration does not include the symbol library 'elt'
    ; warning
    @(85.725 mm, 3155.95 mm): Symbol C51 [SYM_C51]
[endpoint_off_grid]: Symbol pin or wire end off connection grid
    ; warning
    @(85.725 mm, 3159.76 mm): Symbol #PWR114 Hidden pin 1 [GND, Power input, Line]
[lib_symbol_issues]: The current configuration does not include the symbol library 'elt'
    ; warning
    @(85.725 mm, 3159.76 mm): Symbol #PWR114 [GND]
[endpoint_off_grid]: Symbol pin or wire end off connection grid
    ; warning
    @(85.725 mm, 3253.105 mm): Vertical Wire, length 2.54 mm
[endpoint_off_grid]: Symbol pin or wire end off connection grid
    ; warning
    @(85.725 mm, 3255.645 mm): Horizontal Wire, length 2.54 mm
[lib_symbol_issues]: The current configuration does not include the symbol library 'elt'
    ; warning
    @(87.63 mm, 93.98 mm): Symbol #PWR05 [GND]
[endpoint_off_grid]: Symbol pin or wire end off connection grid
    ; warning
    @(91.44 mm, 1417.955 mm): Symbol Q2 Pin 1 [G, Passive, Line]
[endpoint_off_grid]: Symbol pin or wire end off connection grid
    ; warning
    @(91.44 mm, 1420.495 mm): Symbol #PWR51 Hidden pin 1 [GND, Power input, Line]
[lib_symbol_issues]: The current configuration does not include the symbol library 'elt'
    ; warning
    @(91.44 mm, 1420.495 mm): Symbol #PWR51 [GND]
[endpoint_off_grid]: Symbol pin or wire end off connection grid
    ; warning
    @(91.44 mm, 1450.975 mm): Symbol U7 Pin 1 [A, Passive, Line]
[endpoint_off_grid]: Symbol pin or wire end off connection grid
    ; warning
    @(91.44 mm, 1456.055 mm): Symbol #PWR53 Hidden pin 1 [GND, Power input, Line]
[lib_symbol_issues]: The current configuration does not include the symbol library 'elt'
    ; warning
    @(91.44 mm, 1456.055 mm): Symbol #PWR53 [GND]
[lib_symbol_issues]: The current configuration does not include the symbol library 'elt'
    ; warning
    @(91.44 mm, 2306.32 mm): Symbol #PWR81 [GND]
[lib_symbol_issues]: The current configuration does not include the symbol library 'elt'
    ; warning
    @(91.44 mm, 2341.88 mm): Symbol #PWR83 [GND]
[endpoint_off_grid]: Symbol pin or wire end off connection grid
    ; warning
    @(91.44 mm, 4074.795 mm): Symbol Q5 Pin 1 [G, Passive, Line]
[endpoint_off_grid]: Symbol pin or wire end off connection grid
    ; warning
    @(91.44 mm, 4077.335 mm): Symbol #PWR141 Hidden pin 1 [GND, Power input, Line]
[lib_symbol_issues]: The current configuration does not include the symbol library 'elt'
    ; warning
    @(91.44 mm, 4077.335 mm): Symbol #PWR141 [GND]
[endpoint_off_grid]: Symbol pin or wire end off connection grid
    ; warning
    @(91.44 mm, 4107.815 mm): Symbol U25 Pin 1 [A, Passive, Line]
[endpoint_off_grid]: Symbol pin or wire end off connection grid
    ; warning
    @(91.44 mm, 4112.895 mm): Symbol #PWR143 Hidden pin 1 [GND, Power input, Line]
[lib_symbol_issues]: The current configuration does not include the symbol library 'elt'
    ; warning
    @(91.44 mm, 4112.895 mm): Symbol #PWR143 [GND]
[endpoint_off_grid]: Symbol pin or wire end off connection grid
    ; warning
    @(93.98 mm, 1483.995 mm): Horizontal Wire, length 15.24 mm
[endpoint_off_grid]: Symbol pin or wire end off connection grid
    ; warning
    @(93.98 mm, 1483.995 mm): Vertical Wire, length 1.27 mm
[endpoint_off_grid]: Symbol pin or wire end off connection grid
    ; warning
    @(93.98 mm, 1485.265 mm): Vertical Wire, length 1.27 mm
[endpoint_off_grid]: Symbol pin or wire end off connection grid
    ; warning
    @(93.98 mm, 1485.265 mm): Vertical Wire, length 1.27 mm
[endpoint_off_grid]: Symbol pin or wire end off connection grid
    ; warning
    @(93.98 mm, 1486.535 mm): Horizontal Wire, length 2.54 mm
[endpoint_off_grid]: Symbol pin or wire end off connection grid
    ; warning
    @(93.98 mm, 1486.535 mm): Vertical Wire, length 1.27 mm
[endpoint_off_grid]: Symbol pin or wire end off connection grid
    ; warning
    @(93.98 mm, 1486.535 mm): Symbol C20 Pin 1 [Passive, Line]
[lib_symbol_issues]: The current configuration does not include the symbol library 'elt'
    ; warning
    @(93.98 mm, 1490.345 mm): Symbol C20 [SYM_C20]
[endpoint_off_grid]: Symbol pin or wire end off connection grid
    ; warning
    @(93.98 mm, 1494.155 mm): Symbol #PWR59 Hidden pin 1 [GND, Power input, Line]
[lib_symbol_issues]: The current configuration does not include the symbol library 'elt'
    ; warning
    @(93.98 mm, 1494.155 mm): Symbol #PWR59 [GND]
[lib_symbol_issues]: The current configuration does not include the symbol library 'elt'
    ; warning
    @(93.98 mm, 2376.17 mm): Symbol C36 [SYM_C36]
[lib_symbol_issues]: The current configuration does not include the symbol library 'elt'
    ; warning
    @(93.98 mm, 2379.98 mm): Symbol #PWR89 [GND]
[endpoint_off_grid]: Symbol pin or wire end off connection grid
    ; warning
    @(93.98 mm, 4142.74 mm): Vertical Wire, length 1.905 mm
[endpoint_off_grid]: Symbol pin or wire end off connection grid
    ; warning
    @(93.98 mm, 4140.835 mm): Horizontal Wire, length 15.24 mm
[endpoint_off_grid]: Symbol pin or wire end off connection grid
    ; warning
    @(93.98 mm, 4140.835 mm): Vertical Wire, length 1.905 mm
[endpoint_off_grid]: Symbol pin or wire end off connection grid
    ; warning
    @(93.98 mm, 4143.375 mm): Symbol C68 Pin 1 [Passive, Line]
[endpoint_off_grid]: Symbol pin or wire end off connection grid
    ; warning
    @(93.98 mm, 4142.74 mm): Vertical Wire, length 0.635 mm
[endpoint_off_grid]: Symbol pin or wire end off connection grid
    ; warning
    @(93.98 mm, 4143.375 mm): Vertical Wire, length 0.635 mm
[endpoint_off_grid]: Symbol pin or wire end off connection grid
    ; warning
    @(93.98 mm, 4143.375 mm): Horizontal Wire, length 2.54 mm
[lib_symbol_issues]: The current configuration does not include the symbol library 'elt'
    ; warning
    @(93.98 mm, 4147.185 mm): Symbol C68 [SYM_C68]
[endpoint_off_grid]: Symbol pin or wire end off connection grid
    ; warning
    @(93.98 mm, 4150.995 mm): Symbol #PWR149 Hidden pin 1 [GND, Power input, Line]
[lib_symbol_issues]: The current configuration does not include the symbol library 'elt'
    ; warning
    @(93.98 mm, 4150.995 mm): Symbol #PWR149 [GND]
[lib_symbol_issues]: The current configuration does not include the symbol library 'elt'
    ; warning
    @(95.25 mm, 55.88 mm): Symbol C5 [SYM_C5]
[lib_symbol_issues]: The current configuration does not include the symbol library 'elt'
    ; warning
    @(95.25 mm, 59.69 mm): Symbol #PWR08 [GND]
[endpoint_off_grid]: Symbol pin or wire end off connection grid
    ; warning
    @(95.885 mm, 3188.97 mm): Symbol Q4 Pin 1 [G, Passive, Line]
[endpoint_off_grid]: Symbol pin or wire end off connection grid
    ; warning
    @(95.885 mm, 3191.51 mm): Symbol #PWR111 Hidden pin 1 [GND, Power input, Line]
[lib_symbol_issues]: The current configuration does not include the symbol library 'elt'
    ; warning
    @(95.885 mm, 3191.51 mm): Symbol #PWR111 [GND]
[endpoint_off_grid]: Symbol pin or wire end off connection grid
    ; warning
    @(95.885 mm, 3221.99 mm): Symbol U19 Pin 1 [A, Passive, Line]
[endpoint_off_grid]: Symbol pin or wire end off connection grid
    ; warning
    @(95.885 mm, 3227.07 mm): Symbol #PWR113 Hidden pin 1 [GND, Power input, Line]
[lib_symbol_issues]: The current configuration does not include the symbol library 'elt'
    ; warning
    @(95.885 mm, 3227.07 mm): Symbol #PWR113 [GND]
[lib_symbol_issues]: The current configuration does not include the symbol library 'elt'
    ; warning
    @(96.52 mm, 127.00 mm): Symbol F1 [SYM_F1]
[endpoint_off_grid]: Symbol pin or wire end off connection grid
    ; warning
    @(96.52 mm, 1486.535 mm): Vertical Wire, length 8.89 mm
[endpoint_off_grid]: Symbol pin or wire end off connection grid
    ; warning
    @(96.52 mm, 4143.375 mm): Vertical Wire, length 8.89 mm
[endpoint_off_grid]: Symbol pin or wire end off connection grid
    ; warning
    @(98.425 mm, 3255.645 mm): Horizontal Wire, length 15.24 mm
[endpoint_off_grid]: Symbol pin or wire end off connection grid
    ; warning
    @(98.425 mm, 3255.645 mm): Vertical Wire, length 1.27 mm
[endpoint_off_grid]: Symbol pin or wire end off connection grid
    ; warning
    @(98.425 mm, 3256.915 mm): Vertical Wire, length 1.27 mm
[endpoint_off_grid]: Symbol pin or wire end off connection grid
    ; warning
    @(98.425 mm, 3256.915 mm): Vertical Wire, length 1.27 mm
[endpoint_off_grid]: Symbol pin or wire end off connection grid
    ; warning
    @(98.425 mm, 3258.185 mm): Horizontal Wire, length 2.54 mm
[endpoint_off_grid]: Symbol pin or wire end off connection grid
    ; warning
    @(98.425 mm, 3258.185 mm): Vertical Wire, length 1.27 mm
[endpoint_off_grid]: Symbol pin or wire end off connection grid
    ; warning
    @(98.425 mm, 3258.185 mm): Symbol C52 Pin 1 [Passive, Line]
[lib_symbol_issues]: The current configuration does not include the symbol library 'elt'
    ; warning
    @(98.425 mm, 3261.995 mm): Symbol C52 [SYM_C52]
[endpoint_off_grid]: Symbol pin or wire end off connection grid
    ; warning
    @(98.425 mm, 3265.805 mm): Symbol #PWR119 Hidden pin 1 [GND, Power input, Line]
[lib_symbol_issues]: The current configuration does not include the symbol library 'elt'
    ; warning
    @(98.425 mm, 3265.805 mm): Symbol #PWR119 [GND]
[endpoint_off_grid]: Symbol pin or wire end off connection grid
    ; warning
    @(99.06 mm, 159.385 mm): Horizontal Wire, length 40.64 mm
[endpoint_off_grid]: Symbol pin or wire end off connection grid
    ; warning
    @(99.06 mm, 366.395 mm): Vertical Wire, length 207.01 mm
[endpoint_off_grid]: Symbol pin or wire end off connection grid
    ; warning
    @(99.06 mm, 413.385 mm): Horizontal Wire, length 40.64 mm
[endpoint_off_grid]: Symbol pin or wire end off connection grid
    ; warning
    @(99.06 mm, 375.92 mm): Vertical Wire, length 37.465 mm
[endpoint_off_grid]: Symbol pin or wire end off connection grid
    ; warning
    @(100.965 mm, 3258.185 mm): Vertical Wire, length 8.89 mm
[lib_symbol_issues]: The current configuration does not include the symbol library 'elt'
    ; warning
    @(101.60 mm, 95.25 mm): Symbol U1 [SYM_U1]
[endpoint_off_grid]: Symbol pin or wire end off connection grid
    ; warning
    @(101.60 mm, 765.175 mm): Symbol C6 Pin 1 [Passive, Line]
[endpoint_off_grid]: Symbol pin or wire end off connection grid
    ; warning
    @(101.60 mm, 765.175 mm): Vertical Wire, length 2.54 mm
[endpoint_off_grid]: Symbol pin or wire end off connection grid
    ; warning
    @(101.60 mm, 815.975 mm): Vertical Wire, length 2.54 mm
[endpoint_off_grid]: Symbol pin or wire end off connection grid
    ; warning
    @(101.60 mm, 815.975 mm): Symbol C7 Pin 1 [Passive, Line]
[endpoint_off_grid]: Symbol pin or wire end off connection grid
    ; warning
    @(101.60 mm, 866.775 mm): Symbol C10 Pin 1 [Passive, Line]
[endpoint_off_grid]: Symbol pin or wire end off connection grid
    ; warning
    @(101.60 mm, 917.575 mm): Symbol C11 Pin 1 [Passive, Line]
[endpoint_off_grid]: Symbol pin or wire end off connection grid
    ; warning
    @(101.60 mm, 2080.895 mm): Symbol C24 Pin 1 [Passive, Line]
[endpoint_off_grid]: Symbol pin or wire end off connection grid
    ; warning
    @(101.60 mm, 2131.695 mm): Symbol C25 Pin 1 [Passive, Line]
[endpoint_off_grid]: Symbol pin or wire end off connection grid
    ; warning
    @(101.60 mm, 2182.495 mm): Vertical Wire, length 2.54 mm
[endpoint_off_grid]: Symbol pin or wire end off connection grid
    ; warning
    @(101.60 mm, 2182.495 mm): Symbol C28 Pin 1 [Passive, Line]
[endpoint_off_grid]: Symbol pin or wire end off connection grid
    ; warning
    @(101.60 mm, 2233.295 mm): Symbol C29 Pin 1 [Passive, Line]
[endpoint_off_grid]: Symbol pin or wire end off connection grid
    ; warning
    @(101.60 mm, 2233.295 mm): Vertical Wire, length 2.54 mm
[endpoint_off_grid]: Symbol pin or wire end off connection grid
    ; warning
    @(101.60 mm, 2536.825 mm): Vertical Wire, length 2.54 mm
[endpoint_off_grid]: Symbol pin or wire end off connection grid
    ; warning
    @(101.60 mm, 2536.825 mm): Symbol C38 Pin 1 [Passive, Line]
[endpoint_off_grid]: Symbol pin or wire end off connection grid
    ; warning
    @(101.60 mm, 2587.625 mm): Symbol C39 Pin 1 [Passive, Line]
[endpoint_off_grid]: Symbol pin or wire end off connection grid
    ; warning
    @(101.60 mm, 2587.625 mm): Vertical Wire, length 2.54 mm
[endpoint_off_grid]: Symbol pin or wire end off connection grid
    ; warning
    @(101.60 mm, 2638.425 mm): Symbol C42 Pin 1 [Passive, Line]
[endpoint_off_grid]: Symbol pin or wire end off connection grid
    ; warning
    @(101.60 mm, 2689.225 mm): Symbol C43 Pin 1 [Passive, Line]
[endpoint_off_grid]: Symbol pin or wire end off connection grid
    ; warning
    @(101.60 mm, 3422.015 mm): Symbol C54 Pin 1 [Passive, Line]
[endpoint_off_grid]: Symbol pin or wire end off connection grid
    ; warning
    @(101.60 mm, 3422.015 mm): Vertical Wire, length 2.54 mm
[endpoint_off_grid]: Symbol pin or wire end off connection grid
    ; warning
    @(101.60 mm, 3472.815 mm): Symbol C55 Pin 1 [Passive, Line]
[endpoint_off_grid]: Symbol pin or wire end off connection grid
    ; warning
    @(101.60 mm, 3472.815 mm): Vertical Wire, length 2.54 mm
[endpoint_off_grid]: Symbol pin or wire end off connection grid
    ; warning
    @(101.60 mm, 3523.615 mm): Symbol C58 Pin 1 [Passive, Line]
[endpoint_off_grid]: Symbol pin or wire end off connection grid
    ; warning
    @(101.60 mm, 3574.415 mm): Symbol C59 Pin 1 [Passive, Line]
[endpoint_off_grid]: Symbol pin or wire end off connection grid
    ; warning
    @(101.60 mm, 3852.545 mm): Symbol C56 Pin 1 [Passive, Line]
[endpoint_off_grid]: Symbol pin or wire end off connection grid
    ; warning
    @(101.60 mm, 3903.345 mm): Symbol C57 Pin 1 [Passive, Line]
[endpoint_off_grid]: Symbol pin or wire end off connection grid
    ; warning
    @(101.60 mm, 3954.145 mm): Vertical Wire, length 2.54 mm
[endpoint_off_grid]: Symbol pin or wire end off connection grid
    ; warning
    @(101.60 mm, 3954.145 mm): Symbol C60 Pin 1 [Passive, Line]
[endpoint_off_grid]: Symbol pin or wire end off connection grid
    ; warning
    @(101.60 mm, 4004.945 mm): Vertical Wire, length 2.54 mm
[endpoint_off_grid]: Symbol pin or wire end off connection grid
    ; warning
    @(101.60 mm, 4004.945 mm): Symbol C61 Pin 1 [Passive, Line]
[endpoint_off_grid]: Symbol pin or wire end off connection grid
    ; warning
    @(102.235 mm, 25.40 mm): Vertical Wire, length 2.54 mm
[endpoint_off_grid]: Symbol pin or wire end off connection grid
    ; warning
    @(118.11 mm, 25.40 mm): Horizontal Wire, length 15.875 mm
[endpoint_off_grid]: Symbol pin or wire end off connection grid
    ; warning
    @(102.235 mm, 27.94 mm): Vertical Wire, length 1.27 mm
[endpoint_off_grid]: Symbol pin or wire end off connection grid
    ; warning
    @(102.235 mm, 29.21 mm): Symbol C2 Pin 1 [Passive, Line]
[lib_symbol_issues]: The current configuration does not include the symbol library 'elt'
    ; warning
    @(102.235 mm, 33.02 mm): Symbol C2 [SYM_C2]
[endpoint_off_grid]: Symbol pin or wire end off connection grid
    ; warning
    @(102.235 mm, 36.83 mm): Symbol #PWR04 Hidden pin 1 [GND, Power input, Line]
[lib_symbol_issues]: The current configuration does not include the symbol library 'elt'
    ; warning
    @(102.235 mm, 36.83 mm): Symbol #PWR04 [GND]
[lib_symbol_issues]: The current configuration does not include the symbol library 'elt'
    ; warning
    @(104.14 mm, 1419.225 mm): Symbol Q2 [SYM_Q2]
[lib_symbol_issues]: The current configuration does not include the symbol library 'elt'
    ; warning
    @(104.14 mm, 2305.05 mm): Symbol Q3 [SYM_Q3]
[lib_symbol_issues]: The current configuration does not include the symbol library 'elt'
    ; warning
    @(104.14 mm, 4076.065 mm): Symbol Q5 [SYM_Q5]
[lib_symbol_issues]: The current configuration does not include the symbol library 'elt'
    ; warning
    @(105.41 mm, 765.175 mm): Symbol C6 [SYM_C6]
[lib_symbol_issues]: The current configuration does not include the symbol library 'elt'
    ; warning
    @(105.41 mm, 815.975 mm): Symbol C7 [SYM_C7]
[lib_symbol_issues]: The current configuration does not include the symbol library 'elt'
    ; warning
    @(105.41 mm, 866.775 mm): Symbol C10 [SYM_C10]
[lib_symbol_issues]: The current configuration does not include the symbol library 'elt'
    ; warning
    @(105.41 mm, 917.575 mm): Symbol C11 [SYM_C11]
[lib_symbol_issues]: The current configuration does not include the symbol library 'elt'
    ; warning
    @(105.41 mm, 1195.07 mm): Symbol C8 [SYM_C8]
[lib_symbol_issues]: The current configuration does not include the symbol library 'elt'
    ; warning
    @(105.41 mm, 1245.87 mm): Symbol C9 [SYM_C9]
[lib_symbol_issues]: The current configuration does not include the symbol library 'elt'
    ; warning
    @(105.41 mm, 1296.67 mm): Symbol C12 [SYM_C12]
[lib_symbol_issues]: The current configuration does not include the symbol library 'elt'
    ; warning
    @(105.41 mm, 1347.47 mm): Symbol C13 [SYM_C13]
[lib_symbol_issues]: The current configuration does not include the symbol library 'elt'
    ; warning
    @(105.41 mm, 1453.515 mm): Symbol U7 [SYM_U7]
[lib_symbol_issues]: The current configuration does not include the symbol library 'elt'
    ; warning
    @(105.41 mm, 1651.00 mm): Symbol C22 [SYM_C22]
[lib_symbol_issues]: The current configuration does not include the symbol library 'elt'
    ; warning
    @(105.41 mm, 1701.80 mm): Symbol C23 [SYM_C23]
[lib_symbol_issues]: The current configuration does not include the symbol library 'elt'
    ; warning
    @(105.41 mm, 1752.60 mm): Symbol C26 [SYM_C26]
[lib_symbol_issues]: The current configuration does not include the symbol library 'elt'
    ; warning
    @(105.41 mm, 1803.40 mm): Symbol C27 [SYM_C27]
[lib_symbol_issues]: The current configuration does not include the symbol library 'elt'
    ; warning
    @(105.41 mm, 2080.895 mm): Symbol C24 [SYM_C24]
[lib_symbol_issues]: The current configuration does not include the symbol library 'elt'
    ; warning
    @(105.41 mm, 2131.695 mm): Symbol C25 [SYM_C25]
[lib_symbol_issues]: The current configuration does not include the symbol library 'elt'
    ; warning
    @(105.41 mm, 2182.495 mm): Symbol C28 [SYM_C28]
[lib_symbol_issues]: The current configuration does not include the symbol library 'elt'
    ; warning
    @(105.41 mm, 2233.295 mm): Symbol C29 [SYM_C29]
[lib_symbol_issues]: The current configuration does not include the symbol library 'elt'
    ; warning
    @(105.41 mm, 2339.34 mm): Symbol U13 [SYM_U13]
[lib_symbol_issues]: The current configuration does not include the symbol library 'elt'
    ; warning
    @(105.41 mm, 2536.825 mm): Symbol C38 [SYM_C38]
[lib_symbol_issues]: The current configuration does not include the symbol library 'elt'
    ; warning
    @(105.41 mm, 2587.625 mm): Symbol C39 [SYM_C39]
[lib_symbol_issues]: The current configuration does not include the symbol library 'elt'
    ; warning
    @(105.41 mm, 2638.425 mm): Symbol C42 [SYM_C42]
[lib_symbol_issues]: The current configuration does not include the symbol library 'elt'
    ; warning
    @(105.41 mm, 2689.225 mm): Symbol C43 [SYM_C43]
[lib_symbol_issues]: The current configuration does not include the symbol library 'elt'
    ; warning
    @(105.41 mm, 2966.72 mm): Symbol C40 [SYM_C40]
[lib_symbol_issues]: The current configuration does not include the symbol library 'elt'
    ; warning
    @(105.41 mm, 3017.52 mm): Symbol C41 [SYM_C41]
[lib_symbol_issues]: The current configuration does not include the symbol library 'elt'
    ; warning
    @(105.41 mm, 3068.32 mm): Symbol C44 [SYM_C44]
[lib_symbol_issues]: The current configuration does not include the symbol library 'elt'
    ; warning
    @(105.41 mm, 3119.12 mm): Symbol C45 [SYM_C45]
[lib_symbol_issues]: The current configuration does not include the symbol library 'elt'
    ; warning
    @(105.41 mm, 3422.015 mm): Symbol C54 [SYM_C54]
[lib_symbol_issues]: The current configuration does not include the symbol library 'elt'
    ; warning
    @(105.41 mm, 3472.815 mm): Symbol C55 [SYM_C55]
[lib_symbol_issues]: The current configuration does not include the symbol library 'elt'
    ; warning
    @(105.41 mm, 3523.615 mm): Symbol C58 [SYM_C58]
[lib_symbol_issues]: The current configuration does not include the symbol library 'elt'
    ; warning
    @(105.41 mm, 3574.415 mm): Symbol C59 [SYM_C59]
[lib_symbol_issues]: The current configuration does not include the symbol library 'elt'
    ; warning
    @(105.41 mm, 3852.545 mm): Symbol C56 [SYM_C56]
[lib_symbol_issues]: The current configuration does not include the symbol library 'elt'
    ; warning
    @(105.41 mm, 3903.345 mm): Symbol C57 [SYM_C57]
[lib_symbol_issues]: The current configuration does not include the symbol library 'elt'
    ; warning
    @(105.41 mm, 3954.145 mm): Symbol C60 [SYM_C60]
[lib_symbol_issues]: The current configuration does not include the symbol library 'elt'
    ; warning
    @(105.41 mm, 4004.945 mm): Symbol C61 [SYM_C61]
[lib_symbol_issues]: The current configuration does not include the symbol library 'elt'
    ; warning
    @(105.41 mm, 4110.355 mm): Symbol U25 [SYM_U25]
[endpoint_off_grid]: Symbol pin or wire end off connection grid
    ; warning
    @(107.315 mm, 622.935 mm): Symbol #PWR28 Hidden pin 1 [GND, Power input, Line]
[lib_symbol_issues]: The current configuration does not include the symbol library 'elt'
    ; warning
    @(107.315 mm, 622.935 mm): Symbol #PWR28 [GND]
[lib_symbol_issues]: The current configuration does not include the symbol library 'elt'
    ; warning
    @(107.315 mm, 626.745 mm): Symbol R78 [SYM_R78]
[endpoint_off_grid]: Symbol pin or wire end off connection grid
    ; warning
    @(107.315 mm, 630.555 mm): Vertical Wire, length 1.905 mm
[endpoint_off_grid]: Symbol pin or wire end off connection grid
    ; warning
    @(107.315 mm, 630.555 mm): Symbol R78 Pin 1 [Passive, Line]
[endpoint_off_grid]: Symbol pin or wire end off connection grid
    ; warning
    @(107.315 mm, 632.46 mm): Horizontal Wire, length 0.635 mm
[lib_symbol_issues]: The current configuration does not include the symbol library 'elt'
    ; warning
    @(108.585 mm, 3190.24 mm): Symbol Q4 [SYM_Q4]
[endpoint_off_grid]: Symbol pin or wire end off connection grid
    ; warning
    @(109.855 mm, 1483.995 mm): Horizontal Wire, length 15.875 mm
[endpoint_off_grid]: Symbol pin or wire end off connection grid
    ; warning
    @(109.855 mm, 1485.265 mm): Vertical Wire, length 1.27 mm
[endpoint_off_grid]: Symbol pin or wire end off connection grid
    ; warning
    @(109.855 mm, 1486.535 mm): Symbol C21 Pin 1 [Passive, Line]
[endpoint_off_grid]: Symbol pin or wire end off connection grid
    ; warning
    @(109.855 mm, 1486.535 mm): Vertical Wire, length 1.27 mm
[lib_symbol_issues]: The current configuration does not include the symbol library 'elt'
    ; warning
    @(109.855 mm, 1490.345 mm): Symbol C21 [SYM_C21]
[endpoint_off_grid]: Symbol pin or wire end off connection grid
    ; warning
    @(109.855 mm, 1494.155 mm): Symbol #PWR60 Hidden pin 1 [GND, Power input, Line]
[lib_symbol_issues]: The current configuration does not include the symbol library 'elt'
    ; warning
    @(109.855 mm, 1494.155 mm): Symbol #PWR60 [GND]
[endpoint_off_grid]: Symbol pin or wire end off connection grid
    ; warning
    @(109.855 mm, 2369.82 mm): Horizontal Wire, length 15.875 mm
[endpoint_off_grid]: Symbol pin or wire end off connection grid
    ; warning
    @(109.855 mm, 2371.09 mm): Vertical Wire, length 1.27 mm
[endpoint_off_grid]: Symbol pin or wire end off connection grid
    ; warning
    @(109.855 mm, 2372.36 mm): Symbol C37 Pin 1 [Passive, Line]
[endpoint_off_grid]: Symbol pin or wire end off connection grid
    ; warning
    @(109.855 mm, 2372.36 mm): Vertical Wire, length 1.27 mm
[lib_symbol_issues]: The current configuration does not include the symbol library 'elt'
    ; warning
    @(109.855 mm, 2376.17 mm): Symbol C37 [SYM_C37]
[endpoint_off_grid]: Symbol pin or wire end off connection grid
    ; warning
    @(109.855 mm, 2379.98 mm): Symbol #PWR90 Hidden pin 1 [GND, Power input, Line]
[lib_symbol_issues]: The current configuration does not include the symbol library 'elt'
    ; warning
    @(109.855 mm, 2379.98 mm): Symbol #PWR90 [GND]
[lib_symbol_issues]: The current configuration does not include the symbol library 'elt'
    ; warning
    @(109.855 mm, 3224.53 mm): Symbol U19 [SYM_U19]
[endpoint_off_grid]: Symbol pin or wire end off connection grid
    ; warning
    @(109.855 mm, 4140.835 mm): Horizontal Wire, length 15.875 mm
[endpoint_off_grid]: Symbol pin or wire end off connection grid
    ; warning
    @(109.855 mm, 4142.74 mm): Vertical Wire, length 1.905 mm
[endpoint_off_grid]: Symbol pin or wire end off connection grid
    ; warning
    @(109.855 mm, 4143.375 mm): Vertical Wire, length 0.635 mm
[endpoint_off_grid]: Symbol pin or wire end off connection grid
    ; warning
    @(109.855 mm, 4143.375 mm): Symbol C69 Pin 1 [Passive, Line]
[lib_symbol_issues]: The current configuration does not include the symbol library 'elt'
    ; warning
    @(109.855 mm, 4147.185 mm): Symbol C69 [SYM_C69]
[endpoint_off_grid]: Symbol pin or wire end off connection grid
    ; warning
    @(109.855 mm, 4150.995 mm): Symbol #PWR150 Hidden pin 1 [GND, Power input, Line]
[lib_symbol_issues]: The current configuration does not include the symbol library 'elt'
    ; warning
    @(109.855 mm, 4150.995 mm): Symbol #PWR150 [GND]
[endpoint_off_grid]: Symbol pin or wire end off connection grid
    ; warning
    @(111.76 mm, 866.775 mm): Horizontal Wire, length 2.54 mm
[endpoint_off_grid]: Symbol pin or wire end off connection grid
    ; warning
    @(111.76 mm, 874.395 mm): Vertical Wire, length 7.62 mm
[endpoint_off_grid]: Symbol pin or wire end off connection grid
    ; warning
    @(111.76 mm, 917.575 mm): Horizontal Wire, length 2.54 mm
[endpoint_off_grid]: Symbol pin or wire end off connection grid
    ; warning
    @(111.76 mm, 925.195 mm): Vertical Wire, length 7.62 mm
[endpoint_off_grid]: Symbol pin or wire end off connection grid
    ; warning
    @(111.76 mm, 1203.325 mm): Vertical Wire, length 8.255 mm
[endpoint_off_grid]: Symbol pin or wire end off connection grid
    ; warning
    @(111.76 mm, 1254.125 mm): Vertical Wire, length 8.255 mm
[endpoint_off_grid]: Symbol pin or wire end off connection grid
    ; warning
    @(111.76 mm, 2089.15 mm): Vertical Wire, length 8.255 mm
[endpoint_off_grid]: Symbol pin or wire end off connection grid
    ; warning
    @(111.76 mm, 2080.895 mm): Horizontal Wire, length 2.54 mm
[endpoint_off_grid]: Symbol pin or wire end off connection grid
    ; warning
    @(111.76 mm, 2131.695 mm): Horizontal Wire, length 2.54 mm
[endpoint_off_grid]: Symbol pin or wire end off connection grid
    ; warning
    @(111.76 mm, 2139.95 mm): Vertical Wire, length 8.255 mm
[endpoint_off_grid]: Symbol pin or wire end off connection grid
    ; warning
    @(111.76 mm, 2638.425 mm): Horizontal Wire, length 2.54 mm
[endpoint_off_grid]: Symbol pin or wire end off connection grid
    ; warning
    @(111.76 mm, 2646.045 mm): Vertical Wire, length 7.62 mm
[endpoint_off_grid]: Symbol pin or wire end off connection grid
    ; warning
    @(111.76 mm, 2689.225 mm): Horizontal Wire, length 2.54 mm
[endpoint_off_grid]: Symbol pin or wire end off connection grid
    ; warning
    @(111.76 mm, 2696.845 mm): Vertical Wire, length 7.62 mm
[endpoint_off_grid]: Symbol pin or wire end off connection grid
    ; warning
    @(111.76 mm, 2974.975 mm): Vertical Wire, length 8.255 mm
[endpoint_off_grid]: Symbol pin or wire end off connection grid
    ; warning
    @(111.76 mm, 3025.775 mm): Vertical Wire, length 8.255 mm
[endpoint_off_grid]: Symbol pin or wire end off connection grid
    ; warning
    @(111.76 mm, 3531.87 mm): Vertical Wire, length 8.255 mm
[endpoint_off_grid]: Symbol pin or wire end off connection grid
    ; warning
    @(111.76 mm, 3523.615 mm): Horizontal Wire, length 2.54 mm
[endpoint_off_grid]: Symbol pin or wire end off connection grid
    ; warning
    @(111.76 mm, 3582.67 mm): Vertical Wire, length 8.255 mm
[endpoint_off_grid]: Symbol pin or wire end off connection grid
    ; warning
    @(111.76 mm, 3574.415 mm): Horizontal Wire, length 2.54 mm
[endpoint_off_grid]: Symbol pin or wire end off connection grid
    ; warning
    @(111.76 mm, 3852.545 mm): Horizontal Wire, length 2.54 mm
[endpoint_off_grid]: Symbol pin or wire end off connection grid
    ; warning
    @(111.76 mm, 3860.165 mm): Vertical Wire, length 7.62 mm
[endpoint_off_grid]: Symbol pin or wire end off connection grid
    ; warning
    @(111.76 mm, 3903.345 mm): Horizontal Wire, length 2.54 mm
[endpoint_off_grid]: Symbol pin or wire end off connection grid
    ; warning
    @(111.76 mm, 3910.965 mm): Vertical Wire, length 7.62 mm
[endpoint_off_grid]: Symbol pin or wire end off connection grid
    ; warning
    @(114.30 mm, 3255.645 mm): Horizontal Wire, length 15.875 mm
[endpoint_off_grid]: Symbol pin or wire end off connection grid
    ; warning
    @(114.30 mm, 3256.915 mm): Vertical Wire, length 1.27 mm
[endpoint_off_grid]: Symbol pin or wire end off connection grid
    ; warning
    @(114.30 mm, 3258.185 mm): Symbol C53 Pin 1 [Passive, Line]
[endpoint_off_grid]: Symbol pin or wire end off connection grid
    ; warning
    @(114.30 mm, 3258.185 mm): Vertical Wire, length 1.27 mm
[lib_symbol_issues]: The current configuration does not include the symbol library 'elt'
    ; warning
    @(114.30 mm, 3261.995 mm): Symbol C53 [SYM_C53]
[endpoint_off_grid]: Symbol pin or wire end off connection grid
    ; warning
    @(114.30 mm, 3265.805 mm): Symbol #PWR120 Hidden pin 1 [GND, Power input, Line]
[lib_symbol_issues]: The current configuration does not include the symbol library 'elt'
    ; warning
    @(114.30 mm, 3265.805 mm): Symbol #PWR120 [GND]
[endpoint_off_grid]: Symbol pin or wire end off connection grid
    ; warning
    @(146.05 mm, 60.96 mm): Horizontal Wire, length 29.845 mm
[endpoint_off_grid]: Symbol pin or wire end off connection grid
    ; warning
    @(116.205 mm, 60.96 mm): Vertical Wire, length 2.54 mm
[endpoint_off_grid]: Symbol pin or wire end off connection grid
    ; warning
    @(116.205 mm, 63.50 mm): Symbol R65 Pin 1 [Passive, Line]
[lib_symbol_issues]: The current configuration does not include the symbol library 'elt'
    ; warning
    @(116.205 mm, 67.31 mm): Symbol R65 [SYM_R65]
[endpoint_off_grid]: Symbol pin or wire end off connection grid
    ; warning
    @(116.205 mm, 71.12 mm): Symbol #PWR02 Hidden pin 1 [GND, Power input, Line]
[lib_symbol_issues]: The current configuration does not include the symbol library 'elt'
    ; warning
    @(116.205 mm, 71.12 mm): Symbol #PWR02 [GND]
[lib_symbol_issues]: The current configuration does not include the symbol library 'elt'
    ; warning
    @(118.11 mm, 33.02 mm): Symbol C3 [SYM_C3]
[lib_symbol_issues]: The current configuration does not include the symbol library 'elt'
    ; warning
    @(118.11 mm, 36.83 mm): Symbol #PWR06 [GND]
[endpoint_off_grid]: Symbol pin or wire end off connection grid
    ; warning
    @(119.38 mm, 1419.225 mm): Horizontal Wire, length 2.54 mm
[endpoint_off_grid]: Symbol pin or wire end off connection grid
    ; warning
    @(119.38 mm, 1431.925 mm): Horizontal Wire, length 1.27 mm
[endpoint_off_grid]: Symbol pin or wire end off connection grid
    ; warning
    @(119.38 mm, 1444.625 mm): Vertical Wire, length 25.40 mm
[endpoint_off_grid]: Symbol pin or wire end off connection grid
    ; warning
    @(119.38 mm, 4076.065 mm): Horizontal Wire, length 2.54 mm
[endpoint_off_grid]: Symbol pin or wire end off connection grid
    ; warning
    @(119.38 mm, 4088.765 mm): Horizontal Wire, length 1.27 mm
[endpoint_off_grid]: Symbol pin or wire end off connection grid
    ; warning
    @(119.38 mm, 4101.465 mm): Vertical Wire, length 25.40 mm
[endpoint_off_grid]: Symbol pin or wire end off connection grid
    ; warning
    @(122.555 mm, 986.79 mm): Horizontal Wire, length 6.985 mm
[endpoint_off_grid]: Symbol pin or wire end off connection grid
    ; warning
    @(122.555 mm, 1872.615 mm): Horizontal Wire, length 6.985 mm
[endpoint_off_grid]: Symbol pin or wire end off connection grid
    ; warning
    @(122.555 mm, 2758.44 mm): Horizontal Wire, length 6.985 mm
[endpoint_off_grid]: Symbol pin or wire end off connection grid
    ; warning
    @(122.555 mm, 3643.63 mm): Horizontal Wire, length 6.985 mm
[endpoint_off_grid]: Symbol pin or wire end off connection grid
    ; warning
    @(123.19 mm, 83.185 mm): Vertical Wire, length 14.605 mm
[endpoint_off_grid]: Symbol pin or wire end off connection grid
    ; warning
    @(123.19 mm, 1858.645 mm): Vertical Wire, length 15.24 mm
[endpoint_off_grid]: Symbol pin or wire end off connection grid
    ; warning
    @(123.19 mm, 1873.885 mm): Symbol U8 Pin 1 [VCC1, Passive, Line]
[endpoint_off_grid]: Symbol pin or wire end off connection grid
    ; warning
    @(123.19 mm, 3630.295 mm): Vertical Wire, length 14.605 mm
[endpoint_off_grid]: Symbol pin or wire end off connection grid
    ; warning
    @(125.73 mm, 986.79 mm): Horizontal Wire, length 1.905 mm
[endpoint_off_grid]: Symbol pin or wire end off connection grid
    ; warning
    @(123.825 mm, 986.79 mm): Horizontal Wire, length 1.27 mm
[endpoint_off_grid]: Symbol pin or wire end off connection grid
    ; warning
    @(140.97 mm, 1855.47 mm): Horizontal Wire, length 17.145 mm
[endpoint_off_grid]: Symbol pin or wire end off connection grid
    ; warning
    @(123.825 mm, 1872.615 mm): Horizontal Wire, length 1.27 mm
[endpoint_off_grid]: Symbol pin or wire end off connection grid
    ; warning
    @(123.825 mm, 2758.44 mm): Horizontal Wire, length 1.27 mm
[endpoint_off_grid]: Symbol pin or wire end off connection grid
    ; warning
    @(125.73 mm, 2758.44 mm): Horizontal Wire, length 1.905 mm
[endpoint_off_grid]: Symbol pin or wire end off connection grid
    ; warning
    @(123.825 mm, 3190.24 mm): Horizontal Wire, length 2.54 mm
[endpoint_off_grid]: Symbol pin or wire end off connection grid
    ; warning
    @(123.825 mm, 3203.575 mm): Horizontal Wire, length 1.27 mm
[endpoint_off_grid]: Symbol pin or wire end off connection grid
    ; warning
    @(123.825 mm, 3216.275 mm): Vertical Wire, length 26.035 mm
[endpoint_off_grid]: Symbol pin or wire end off connection grid
    ; warning
    @(125.73 mm, 3643.63 mm): Horizontal Wire, length 1.905 mm
[endpoint_off_grid]: Symbol pin or wire end off connection grid
    ; warning
    @(123.825 mm, 3643.63 mm): Horizontal Wire, length 1.27 mm
[endpoint_off_grid]: Symbol pin or wire end off connection grid
    ; warning
    @(124.46 mm, 2794.635 mm): Symbol U14 Pin 6 [NC6, Passive, Line]
[endpoint_off_grid]: Symbol pin or wire end off connection grid
    ; warning
    @(125.73 mm, 1430.655 mm): Vertical Wire, length 21.59 mm
[endpoint_off_grid]: Symbol pin or wire end off connection grid
    ; warning
    @(125.73 mm, 1452.245 mm): Horizontal Wire, length 6.35 mm
[endpoint_off_grid]: Symbol pin or wire end off connection grid
    ; warning
    @(125.73 mm, 1872.615 mm): Horizontal Wire, length 1.905 mm
[endpoint_off_grid]: Symbol pin or wire end off connection grid
    ; warning
    @(125.73 mm, 1873.885 mm): Vertical Wire, length 1.27 mm
[endpoint_off_grid]: Symbol pin or wire end off connection grid
    ; warning
    @(125.73 mm, 2327.275 mm): Horizontal Wire, length 1.27 mm
[endpoint_off_grid]: Symbol pin or wire end off connection grid
    ; warning
    @(125.73 mm, 4098.925 mm): Horizontal Wire, length 1.27 mm
[endpoint_off_grid]: Symbol pin or wire end off connection grid
    ; warning
    @(125.73 mm, 4109.085 mm): Horizontal Wire, length 6.35 mm
[endpoint_off_grid]: Symbol pin or wire end off connection grid
    ; warning
    @(125.73 mm, 4088.13 mm): Vertical Wire, length 20.955 mm
[lib_symbol_issues]: The current configuration does not include the symbol library 'elt'
    ; warning
    @(129.54 mm, 1023.62 mm): Symbol #PWR43 [GND]
[lib_symbol_issues]: The current configuration does not include the symbol library 'elt'
    ; warning
    @(129.54 mm, 1908.81 mm): Symbol #PWR73 [GND]
[endpoint_off_grid]: Symbol pin or wire end off connection grid
    ; warning
    @(129.54 mm, 2794.635 mm): Symbol #PWR103 Hidden pin 1 [GND, Power input, Line]
[lib_symbol_issues]: The current configuration does not include the symbol library 'elt'
    ; warning
    @(129.54 mm, 2794.635 mm): Symbol #PWR103 [GND]
[lib_symbol_issues]: The current configuration does not include the symbol library 'elt'
    ; warning
    @(129.54 mm, 3680.46 mm): Symbol #PWR133 [GND]
[endpoint_off_grid]: Symbol pin or wire end off connection grid
    ; warning
    @(130.175 mm, 3202.305 mm): Vertical Wire, length 20.955 mm
[endpoint_off_grid]: Symbol pin or wire end off connection grid
    ; warning
    @(130.175 mm, 3213.10 mm): Horizontal Wire, length 1.27 mm
[endpoint_off_grid]: Symbol pin or wire end off connection grid
    ; warning
    @(130.175 mm, 3223.26 mm): Horizontal Wire, length 6.35 mm
[endpoint_off_grid]: Symbol pin or wire end off connection grid
    ; warning
    @(132.08 mm, 1430.655 mm): Symbol R57 Pin 1 [Passive, Line]
[endpoint_off_grid]: Symbol pin or wire end off connection grid
    ; warning
    @(132.08 mm, 1430.655 mm): Horizontal Wire, length 6.35 mm
[endpoint_off_grid]: Symbol pin or wire end off connection grid
    ; warning
    @(132.715 mm, 622.935 mm): Symbol #PWR29 Hidden pin 1 [GND, Power input, Line]
[lib_symbol_issues]: The current configuration does not include the symbol library 'elt'
    ; warning
    @(132.715 mm, 622.935 mm): Symbol #PWR29 [GND]
[lib_symbol_issues]: The current configuration does not include the symbol library 'elt'
    ; warning
    @(132.715 mm, 626.745 mm): Symbol R79 [SYM_R79]
[endpoint_off_grid]: Symbol pin or wire end off connection grid
    ; warning
    @(132.715 mm, 630.555 mm): Vertical Wire, length 1.905 mm
[endpoint_off_grid]: Symbol pin or wire end off connection grid
    ; warning
    @(132.715 mm, 630.555 mm): Symbol R79 Pin 1 [Passive, Line]
[endpoint_off_grid]: Symbol pin or wire end off connection grid
    ; warning
    @(132.715 mm, 632.46 mm): Horizontal Wire, length 0.635 mm
[lib_symbol_issues]: The current configuration does not include the symbol library 'elt'
    ; warning
    @(133.35 mm, 1005.84 mm): Symbol U2 [SYM_U2]
[lib_symbol_issues]: The current configuration does not include the symbol library 'elt'
    ; warning
    @(133.35 mm, 1891.665 mm): Symbol U8 [SYM_U8]
[lib_symbol_issues]: The current configuration does not include the symbol library 'elt'
    ; warning
    @(133.35 mm, 2776.855 mm): Symbol U14 [SYM_U14]
[lib_symbol_issues]: The current configuration does not include the symbol library 'elt'
    ; warning
    @(133.35 mm, 3662.68 mm): Symbol U20 [SYM_U20]
[endpoint_off_grid]: Symbol pin or wire end off connection grid
    ; warning
    @(134.62 mm, 1453.515 mm): Horizontal Wire, length 4.445 mm
[endpoint_off_grid]: Symbol pin or wire end off connection grid
    ; warning
    @(134.62 mm, 1478.915 mm): Vertical Wire, length 25.40 mm
[endpoint_off_grid]: Symbol pin or wire end off connection grid
    ; warning
    @(134.62 mm, 4110.355 mm): Horizontal Wire, length 4.445 mm
[endpoint_off_grid]: Symbol pin or wire end off connection grid
    ; warning
    @(134.62 mm, 4135.755 mm): Vertical Wire, length 25.40 mm
[endpoint_off_grid]: Symbol pin or wire end off connection grid
    ; warning
    @(135.255 mm, 704.215 mm): Vertical Wire, length 1.27 mm
[endpoint_off_grid]: Symbol pin or wire end off connection grid
    ; warning
    @(135.255 mm, 706.755 mm): Vertical Wire, length 1.27 mm
[endpoint_off_grid]: Symbol pin or wire end off connection grid
    ; warning
    @(135.255 mm, 1134.11 mm): Vertical Wire, length 2.54 mm
[endpoint_off_grid]: Symbol pin or wire end off connection grid
    ; warning
    @(135.255 mm, 1136.65 mm): Horizontal Wire, length 47.625 mm
[endpoint_off_grid]: Symbol pin or wire end off connection grid
    ; warning
    @(135.255 mm, 1590.04 mm): Vertical Wire, length 1.27 mm
[endpoint_off_grid]: Symbol pin or wire end off connection grid
    ; warning
    @(135.255 mm, 1592.58 mm): Vertical Wire, length 1.27 mm
[endpoint_off_grid]: Symbol pin or wire end off connection grid
    ; warning
    @(135.255 mm, 2019.935 mm): Vertical Wire, length 2.54 mm
[endpoint_off_grid]: Symbol pin or wire end off connection grid
    ; warning
    @(135.255 mm, 2022.475 mm): Horizontal Wire, length 47.625 mm
[endpoint_off_grid]: Symbol pin or wire end off connection grid
    ; warning
    @(135.255 mm, 2475.865 mm): Vertical Wire, length 1.27 mm
[endpoint_off_grid]: Symbol pin or wire end off connection grid
    ; warning
    @(135.255 mm, 2478.405 mm): Vertical Wire, length 1.27 mm
[endpoint_off_grid]: Symbol pin or wire end off connection grid
    ; warning
    @(135.255 mm, 2905.76 mm): Vertical Wire, length 2.54 mm
[endpoint_off_grid]: Symbol pin or wire end off connection grid
    ; warning
    @(135.255 mm, 2908.30 mm): Horizontal Wire, length 47.625 mm
[endpoint_off_grid]: Symbol pin or wire end off connection grid
    ; warning
    @(135.255 mm, 3361.69 mm): Vertical Wire, length 1.27 mm
[endpoint_off_grid]: Symbol pin or wire end off connection grid
    ; warning
    @(135.255 mm, 3364.23 mm): Vertical Wire, length 1.27 mm
[endpoint_off_grid]: Symbol pin or wire end off connection grid
    ; warning
    @(135.255 mm, 3791.585 mm): Vertical Wire, length 2.54 mm
[endpoint_off_grid]: Symbol pin or wire end off connection grid
    ; warning
    @(135.255 mm, 3794.125 mm): Horizontal Wire, length 47.625 mm
[endpoint_off_grid]: Symbol pin or wire end off connection grid
    ; warning
    @(135.89 mm, 65.405 mm): Vertical Wire, length 6.35 mm
[endpoint_off_grid]: Symbol pin or wire end off connection grid
    ; warning
    @(135.89 mm, 65.405 mm): Symbol R70 Pin 1 [Passive, Line]
[lib_symbol_issues]: The current configuration does not include the symbol library 'elt'
    ; warning
    @(135.89 mm, 1430.655 mm): Symbol R57 [SYM_R57]
[endpoint_off_grid]: Symbol pin or wire end off connection grid
    ; warning
    @(135.89 mm, 1858.645 mm): Horizontal Wire, length 12.70 mm
[endpoint_off_grid]: Symbol pin or wire end off connection grid
    ; warning
    @(135.89 mm, 1873.885 mm): Vertical Wire, length 15.24 mm
[lib_symbol_issues]: The current configuration does not include the symbol library 'elt'
    ; warning
    @(135.89 mm, 2316.48 mm): Symbol R58 [SYM_R58]
[endpoint_off_grid]: Symbol pin or wire end off connection grid
    ; warning
    @(135.89 mm, 3630.295 mm): Horizontal Wire, length 12.70 mm
[endpoint_off_grid]: Symbol pin or wire end off connection grid
    ; warning
    @(135.89 mm, 3644.90 mm): Vertical Wire, length 14.605 mm
[lib_symbol_issues]: The current configuration does not include the symbol library 'elt'
    ; warning
    @(135.89 mm, 4088.13 mm): Symbol R60 [SYM_R60]
[endpoint_off_grid]: Symbol pin or wire end off connection grid
    ; warning
    @(136.525 mm, 3202.305 mm): Horizontal Wire, length 6.35 mm
[endpoint_off_grid]: Symbol pin or wire end off connection grid
    ; warning
    @(136.525 mm, 3202.305 mm): Symbol R59 Pin 1 [Passive, Line]
[lib_symbol_issues]: The current configuration does not include the symbol library 'elt'
    ; warning
    @(137.16 mm, 1023.62 mm): Symbol #PWR44 [GND]
[lib_symbol_issues]: The current configuration does not include the symbol library 'elt'
    ; warning
    @(137.16 mm, 1908.81 mm): Symbol #PWR74 [GND]
[endpoint_off_grid]: Symbol pin or wire end off connection grid
    ; warning
    @(137.16 mm, 2794.635 mm): Symbol #PWR104 Hidden pin 1 [GND, Power input, Line]
[lib_symbol_issues]: The current configuration does not include the symbol library 'elt'
    ; warning
    @(137.16 mm, 2794.635 mm): Symbol #PWR104 [GND]
[lib_symbol_issues]: The current configuration does not include the symbol library 'elt'
    ; warning
    @(137.16 mm, 3680.46 mm): Symbol #PWR134 [GND]
[endpoint_off_grid]: Symbol pin or wire end off connection grid
    ; warning
    @(137.795 mm, 971.55 mm): Vertical Wire, length 3.81 mm
[endpoint_off_grid]: Symbol pin or wire end off connection grid
    ; warning
    @(138.43 mm, 971.55 mm): Horizontal Wire, length 0.635 mm
[endpoint_off_grid]: Symbol pin or wire end off connection grid
    ; warning
    @(137.795 mm, 975.36 mm): Horizontal Wire, length 2.54 mm
[endpoint_off_grid]: Symbol pin or wire end off connection grid
    ; warning
    @(137.795 mm, 1857.375 mm): Vertical Wire, length 3.81 mm
[endpoint_off_grid]: Symbol pin or wire end off connection grid
    ; warning
    @(137.795 mm, 1861.185 mm): Horizontal Wire, length 2.54 mm
[endpoint_off_grid]: Symbol pin or wire end off connection grid
    ; warning
    @(137.795 mm, 2742.565 mm): Vertical Wire, length 3.81 mm
[endpoint_off_grid]: Symbol pin or wire end off connection grid
    ; warning
    @(137.795 mm, 2746.375 mm): Horizontal Wire, length 2.54 mm
[endpoint_off_grid]: Symbol pin or wire end off connection grid
    ; warning
    @(138.43 mm, 3628.39 mm): Horizontal Wire, length 0.635 mm
[endpoint_off_grid]: Symbol pin or wire end off connection grid
    ; warning
    @(138.43 mm, 1857.375 mm): Horizontal Wire, length 0.635 mm
[endpoint_off_grid]: Symbol pin or wire end off connection grid
    ; warning
    @(138.43 mm, 1873.885 mm): Vertical Wire, length 16.51 mm
[endpoint_off_grid]: Symbol pin or wire end off connection grid
    ; warning
    @(138.43 mm, 2742.565 mm): Horizontal Wire, length 0.635 mm
[endpoint_off_grid]: Symbol pin or wire end off connection grid
    ; warning
    @(138.43 mm, 2759.71 mm): Vertical Wire, length 17.145 mm
[endpoint_off_grid]: Symbol pin or wire end off connection grid
    ; warning
    @(139.065 mm, 1453.515 mm): Horizontal Wire, length 3.81 mm
[endpoint_off_grid]: Symbol pin or wire end off connection grid
    ; warning
    @(139.065 mm, 1453.515 mm): Vertical Wire, length 2.54 mm
[lib_symbol_issues]: The current configuration does not include the symbol library 'elt'
    ; warning
    @(139.065 mm, 1459.865 mm): Symbol R71 [SYM_R71]
[endpoint_off_grid]: Symbol pin or wire end off connection grid
    ; warning
    @(139.065 mm, 1463.675 mm): Vertical Wire, length 17.145 mm
[endpoint_off_grid]: Symbol pin or wire end off connection grid
    ; warning
    @(139.065 mm, 1463.675 mm): Symbol R71 Pin 1 [Passive, Line]
[endpoint_off_grid]: Symbol pin or wire end off connection grid
    ; warning
    @(139.065 mm, 1480.82 mm): Horizontal Wire, length 0.635 mm
[endpoint_off_grid]: Symbol pin or wire end off connection grid
    ; warning
    @(139.065 mm, 2339.34 mm): Horizontal Wire, length 3.81 mm
[endpoint_off_grid]: Symbol pin or wire end off connection grid
    ; warning
    @(139.065 mm, 2339.34 mm): Vertical Wire, length 2.54 mm
[endpoint_off_grid]: Symbol pin or wire end off connection grid
    ; warning
    @(134.62 mm, 2339.34 mm): Horizontal Wire, length 4.445 mm
[lib_symbol_issues]: The current configuration does not include the symbol library 'elt'
    ; warning
    @(139.065 mm, 2345.69 mm): Symbol R72 [SYM_R72]
[endpoint_off_grid]: Symbol pin or wire end off connection grid
    ; warning
    @(139.065 mm, 2349.50 mm): Symbol R72 Pin 1 [Passive, Line]
[endpoint_off_grid]: Symbol pin or wire end off connection grid
    ; warning
    @(139.065 mm, 2349.50 mm): Vertical Wire, length 17.145 mm
[endpoint_off_grid]: Symbol pin or wire end off connection grid
    ; warning
    @(139.065 mm, 2366.645 mm): Horizontal Wire, length 0.635 mm
[endpoint_off_grid]: Symbol pin or wire end off connection grid
    ; warning
    @(139.065 mm, 3224.53 mm): Horizontal Wire, length 4.445 mm
[endpoint_off_grid]: Symbol pin or wire end off connection grid
    ; warning
    @(139.065 mm, 3250.565 mm): Vertical Wire, length 26.035 mm
[endpoint_off_grid]: Symbol pin or wire end off connection grid
    ; warning
    @(139.065 mm, 4110.355 mm): Horizontal Wire, length 3.81 mm
[endpoint_off_grid]: Symbol pin or wire end off connection grid
    ; warning
    @(139.065 mm, 4110.355 mm): Vertical Wire, length 2.54 mm
[lib_symbol_issues]: The current configuration does not include the symbol library 'elt'
    ; warning
    @(139.065 mm, 4116.705 mm): Symbol R74 [SYM_R74]
[endpoint_off_grid]: Symbol pin or wire end off connection grid
    ; warning
    @(139.065 mm, 4120.515 mm): Vertical Wire, length 17.145 mm
[endpoint_off_grid]: Symbol pin or wire end off connection grid
    ; warning
    @(139.065 mm, 4120.515 mm): Symbol R74 Pin 1 [Passive, Line]
[endpoint_off_grid]: Symbol pin or wire end off connection grid
    ; warning
    @(139.065 mm, 4137.66 mm): Horizontal Wire, length 0.635 mm
[lib_symbol_issues]: The current configuration does not include the symbol library 'elt'
    ; warning
    @(139.70 mm, 65.405 mm): Symbol R70 [SYM_R70]
[endpoint_off_grid]: Symbol pin or wire end off connection grid
    ; warning
    @(139.70 mm, 159.385 mm): Symbol R41 Pin 1 [Passive, Line]
[endpoint_off_grid]: Symbol pin or wire end off connection grid
    ; warning
    @(139.70 mm, 210.185 mm): Symbol R42 Pin 1 [Passive, Line]
[endpoint_off_grid]: Symbol pin or wire end off connection grid
    ; warning
    @(139.70 mm, 286.385 mm): Symbol R43 Pin 1 [Passive, Line]
[endpoint_off_grid]: Symbol pin or wire end off connection grid
    ; warning
    @(139.70 mm, 337.185 mm): Symbol R44 Pin 1 [Passive, Line]
[endpoint_off_grid]: Symbol pin or wire end off connection grid
    ; warning
    @(139.70 mm, 413.385 mm): Symbol R45 Pin 1 [Passive, Line]
[endpoint_off_grid]: Symbol pin or wire end off connection grid
    ; warning
    @(139.70 mm, 540.385 mm): Symbol R47 Pin 1 [Passive, Line]
[endpoint_off_grid]: Symbol pin or wire end off connection grid
    ; warning
    @(139.70 mm, 591.185 mm): Symbol R48 Pin 1 [Passive, Line]
[lib_symbol_issues]: The current configuration does not include the symbol library 'elt'
    ; warning
    @(140.335 mm, 3202.305 mm): Symbol R59 [SYM_R59]
[endpoint_off_grid]: Symbol pin or wire end off connection grid
    ; warning
    @(140.97 mm, 988.06 mm): Vertical Wire, length 18.415 mm
[endpoint_off_grid]: Symbol pin or wire end off connection grid
    ; warning
    @(140.97 mm, 969.645 mm): Horizontal Wire, length 17.145 mm
[endpoint_off_grid]: Symbol pin or wire end off connection grid
    ; warning
    @(140.97 mm, 1873.885 mm): Vertical Wire, length 18.415 mm
[endpoint_off_grid]: Symbol pin or wire end off connection grid
    ; warning
    @(140.97 mm, 2759.71 mm): Vertical Wire, length 18.415 mm
[endpoint_off_grid]: Symbol pin or wire end off connection grid
    ; warning
    @(140.97 mm, 2741.295 mm): Horizontal Wire, length 17.145 mm
[endpoint_off_grid]: Symbol pin or wire end off connection grid
    ; warning
    @(140.97 mm, 3644.90 mm): Vertical Wire, length 18.415 mm
[endpoint_off_grid]: Symbol pin or wire end off connection grid
    ; warning
    @(140.97 mm, 3626.485 mm): Horizontal Wire, length 17.145 mm
[lib_symbol_issues]: The current configuration does not include the symbol library 'elt'
    ; warning
    @(142.24 mm, 1023.62 mm): Symbol #PWR45 [GND]
[lib_symbol_issues]: The current configuration does not include the symbol library 'elt'
    ; warning
    @(142.24 mm, 1908.81 mm): Symbol #PWR75 [GND]
[endpoint_off_grid]: Symbol pin or wire end off connection grid
    ; warning
    @(142.24 mm, 2794.635 mm): Symbol #PWR105 Hidden pin 1 [GND, Power input, Line]
[lib_symbol_issues]: The current configuration does not include the symbol library 'elt'
    ; warning
    @(142.24 mm, 2794.635 mm): Symbol #PWR105 [GND]
[lib_symbol_issues]: The current configuration does not include the symbol library 'elt'
    ; warning
    @(142.24 mm, 3680.46 mm): Symbol #PWR135 [GND]
[endpoint_off_grid]: Symbol pin or wire end off connection grid
    ; warning
    @(142.875 mm, 968.375 mm): Vertical Wire, length 1.27 mm
[endpoint_off_grid]: Symbol pin or wire end off connection grid
    ; warning
    @(142.875 mm, 1854.20 mm): Vertical Wire, length 1.27 mm
[endpoint_off_grid]: Symbol pin or wire end off connection grid
    ; warning
    @(143.51 mm, 1854.20 mm): Horizontal Wire, length 0.635 mm
[endpoint_off_grid]: Symbol pin or wire end off connection grid
    ; warning
    @(142.875 mm, 2740.025 mm): Vertical Wire, length 1.27 mm
[endpoint_off_grid]: Symbol pin or wire end off connection grid
    ; warning
    @(142.875 mm, 3251.835 mm): Vertical Wire, length 1.27 mm
[endpoint_off_grid]: Symbol pin or wire end off connection grid
    ; warning
    @(142.875 mm, 3625.215 mm): Vertical Wire, length 1.27 mm
[endpoint_off_grid]: Symbol pin or wire end off connection grid
    ; warning
    @(143.51 mm, 65.405 mm): Horizontal Wire, length 2.54 mm
[lib_symbol_issues]: The current configuration does not include the symbol library 'elt'
    ; warning
    @(143.51 mm, 159.385 mm): Symbol R41 [SYM_R41]
[lib_symbol_issues]: The current configuration does not include the symbol library 'elt'
    ; warning
    @(143.51 mm, 210.185 mm): Symbol R42 [SYM_R42]
[lib_symbol_issues]: The current configuration does not include the symbol library 'elt'
    ; warning
    @(143.51 mm, 286.385 mm): Symbol R43 [SYM_R43]
[lib_symbol_issues]: The current configuration does not include the symbol library 'elt'
    ; warning
    @(143.51 mm, 337.185 mm): Symbol R44 [SYM_R44]
[lib_symbol_issues]: The current configuration does not include the symbol library 'elt'
    ; warning
    @(143.51 mm, 413.385 mm): Symbol R45 [SYM_R45]
[lib_symbol_issues]: The current configuration does not include the symbol library 'elt'
    ; warning
    @(143.51 mm, 463.55 mm): Symbol R46 [SYM_R46]
[lib_symbol_issues]: The current configuration does not include the symbol library 'elt'
    ; warning
    @(143.51 mm, 540.385 mm): Symbol R47 [SYM_R47]
[lib_symbol_issues]: The current configuration does not include the symbol library 'elt'
    ; warning
    @(143.51 mm, 591.185 mm): Symbol R48 [SYM_R48]
[endpoint_off_grid]: Symbol pin or wire end off connection grid
    ; warning
    @(143.51 mm, 988.06 mm): Vertical Wire, length 19.685 mm
[endpoint_off_grid]: Symbol pin or wire end off connection grid
    ; warning
    @(143.51 mm, 968.375 mm): Horizontal Wire, length 0.635 mm
[endpoint_off_grid]: Symbol pin or wire end off connection grid
    ; warning
    @(143.51 mm, 1873.885 mm): Vertical Wire, length 19.685 mm
[endpoint_off_grid]: Symbol pin or wire end off connection grid
    ; warning
    @(143.51 mm, 2759.71 mm): Vertical Wire, length 19.685 mm
[endpoint_off_grid]: Symbol pin or wire end off connection grid
    ; warning
    @(143.51 mm, 2740.025 mm): Horizontal Wire, length 0.635 mm
[lib_symbol_issues]: The current configuration does not include the symbol library 'elt'
    ; warning
    @(143.51 mm, 3230.88 mm): Symbol R73 [SYM_R73]
[endpoint_off_grid]: Symbol pin or wire end off connection grid
    ; warning
    @(143.51 mm, 3234.69 mm): Vertical Wire, length 17.145 mm
[endpoint_off_grid]: Symbol pin or wire end off connection grid
    ; warning
    @(143.51 mm, 3251.835 mm): Horizontal Wire, length 0.635 mm
[endpoint_off_grid]: Symbol pin or wire end off connection grid
    ; warning
    @(143.51 mm, 3625.215 mm): Horizontal Wire, length 0.635 mm
[endpoint_off_grid]: Symbol pin or wire end off connection grid
    ; warning
    @(143.51 mm, 3644.90 mm): Vertical Wire, length 19.685 mm
[lib_symbol_issues]: The current configuration does not include the symbol library 'elt'
    ; warning
    @(144.145 mm, 96.52 mm): Symbol Q1 [SYM_Q1]
[endpoint_off_grid]: Symbol pin or wire end off connection grid
    ; warning
    @(146.05 mm, 65.405 mm): Vertical Wire, length 4.445 mm
[endpoint_off_grid]: Symbol pin or wire end off connection grid
    ; warning
    @(147.32 mm, 159.385 mm): Horizontal Wire, length 68.58 mm
[endpoint_off_grid]: Symbol pin or wire end off connection grid
    ; warning
    @(147.32 mm, 159.385 mm): Vertical Wire, length 2.54 mm
[endpoint_off_grid]: Symbol pin or wire end off connection grid
    ; warning
    @(147.32 mm, 210.185 mm): Vertical Wire, length 2.54 mm
[endpoint_off_grid]: Symbol pin or wire end off connection grid
    ; warning
    @(147.32 mm, 210.185 mm): Horizontal Wire, length 68.58 mm
[endpoint_off_grid]: Symbol pin or wire end off connection grid
    ; warning
    @(147.32 mm, 286.385 mm): Vertical Wire, length 2.54 mm
[endpoint_off_grid]: Symbol pin or wire end off connection grid
    ; warning
    @(147.32 mm, 286.385 mm): Horizontal Wire, length 68.58 mm
[endpoint_off_grid]: Symbol pin or wire end off connection grid
    ; warning
    @(147.32 mm, 337.185 mm): Horizontal Wire, length 68.58 mm
[endpoint_off_grid]: Symbol pin or wire end off connection grid
    ; warning
    @(147.32 mm, 337.185 mm): Vertical Wire, length 2.54 mm
[endpoint_off_grid]: Symbol pin or wire end off connection grid
    ; warning
    @(147.32 mm, 413.385 mm): Vertical Wire, length 2.54 mm
[endpoint_off_grid]: Symbol pin or wire end off connection grid
    ; warning
    @(147.32 mm, 413.385 mm): Horizontal Wire, length 68.58 mm
[endpoint_off_grid]: Symbol pin or wire end off connection grid
    ; warning
    @(147.32 mm, 540.385 mm): Vertical Wire, length 2.54 mm
[endpoint_off_grid]: Symbol pin or wire end off connection grid
    ; warning
    @(147.32 mm, 540.385 mm): Horizontal Wire, length 68.58 mm
[endpoint_off_grid]: Symbol pin or wire end off connection grid
    ; warning
    @(147.32 mm, 591.185 mm): Horizontal Wire, length 68.58 mm
[endpoint_off_grid]: Symbol pin or wire end off connection grid
    ; warning
    @(147.32 mm, 591.185 mm): Vertical Wire, length 2.54 mm
[endpoint_off_grid]: Symbol pin or wire end off connection grid
    ; warning
    @(158.115 mm, 622.935 mm): Symbol #PWR30 Hidden pin 1 [GND, Power input, Line]
[lib_symbol_issues]: The current configuration does not include the symbol library 'elt'
    ; warning
    @(158.115 mm, 622.935 mm): Symbol #PWR30 [GND]
[lib_symbol_issues]: The current configuration does not include the symbol library 'elt'
    ; warning
    @(158.115 mm, 626.745 mm): Symbol R80 [SYM_R80]
[endpoint_off_grid]: Symbol pin or wire end off connection grid
    ; warning
    @(158.115 mm, 630.555 mm): Vertical Wire, length 1.905 mm
[endpoint_off_grid]: Symbol pin or wire end off connection grid
    ; warning
    @(158.115 mm, 630.555 mm): Symbol R80 Pin 1 [Passive, Line]
[endpoint_off_grid]: Symbol pin or wire end off connection grid
    ; warning
    @(158.115 mm, 632.46 mm): Horizontal Wire, length 0.635 mm
[endpoint_off_grid]: Symbol pin or wire end off connection grid
    ; warning
    @(160.655 mm, 1134.11 mm): Vertical Wire, length 1.27 mm
[endpoint_off_grid]: Symbol pin or wire end off connection grid
    ; warning
    @(160.655 mm, 2019.935 mm): Vertical Wire, length 1.27 mm
[endpoint_off_grid]: Symbol pin or wire end off connection grid
    ; warning
    @(160.655 mm, 2905.76 mm): Vertical Wire, length 1.27 mm
[endpoint_off_grid]: Symbol pin or wire end off connection grid
    ; warning
    @(160.655 mm, 3791.585 mm): Vertical Wire, length 1.27 mm
[unconnected_wire_endpoint]: Unconnected wire endpoint
    ; warning
    @(182.245 mm, 160.655 mm): Horizontal Wire, length 1.27 mm
[unconnected_wire_endpoint]: Unconnected wire endpoint
    ; warning
    @(182.245 mm, 211.455 mm): Horizontal Wire, length 1.27 mm
[unconnected_wire_endpoint]: Unconnected wire endpoint
    ; warning
    @(182.245 mm, 287.02 mm): Horizontal Wire, length 1.27 mm
[unconnected_wire_endpoint]: Unconnected wire endpoint
    ; warning
    @(182.245 mm, 338.455 mm): Horizontal Wire, length 1.27 mm
[unconnected_wire_endpoint]: Unconnected wire endpoint
    ; warning
    @(182.245 mm, 414.655 mm): Horizontal Wire, length 1.27 mm
[unconnected_wire_endpoint]: Unconnected wire endpoint
    ; warning
    @(182.245 mm, 464.82 mm): Horizontal Wire, length 1.27 mm
[unconnected_wire_endpoint]: Unconnected wire endpoint
    ; warning
    @(182.245 mm, 541.655 mm): Horizontal Wire, length 1.27 mm
[unconnected_wire_endpoint]: Unconnected wire endpoint
    ; warning
    @(182.245 mm, 591.82 mm): Horizontal Wire, length 1.27 mm
[endpoint_off_grid]: Symbol pin or wire end off connection grid
    ; warning
    @(182.245 mm, 159.385 mm): Vertical Wire, length 1.27 mm
[endpoint_off_grid]: Symbol pin or wire end off connection grid
    ; warning
    @(182.245 mm, 160.655 mm): Horizontal Wire, length 1.27 mm
[endpoint_off_grid]: Symbol pin or wire end off connection grid
    ; warning
    @(182.245 mm, 210.185 mm): Vertical Wire, length 1.27 mm
[endpoint_off_grid]: Symbol pin or wire end off connection grid
    ; warning
    @(182.245 mm, 211.455 mm): Horizontal Wire, length 1.27 mm
[endpoint_off_grid]: Symbol pin or wire end off connection grid
    ; warning
    @(182.245 mm, 286.385 mm): Vertical Wire, length 0.635 mm
[endpoint_off_grid]: Symbol pin or wire end off connection grid
    ; warning
    @(182.245 mm, 287.02 mm): Horizontal Wire, length 1.27 mm
[endpoint_off_grid]: Symbol pin or wire end off connection grid
    ; warning
    @(182.245 mm, 337.185 mm): Vertical Wire, length 1.27 mm
[endpoint_off_grid]: Symbol pin or wire end off connection grid
    ; warning
    @(182.245 mm, 338.455 mm): Horizontal Wire, length 1.27 mm
[endpoint_off_grid]: Symbol pin or wire end off connection grid
    ; warning
    @(182.245 mm, 413.385 mm): Vertical Wire, length 1.27 mm
[endpoint_off_grid]: Symbol pin or wire end off connection grid
    ; warning
    @(182.245 mm, 414.655 mm): Horizontal Wire, length 1.27 mm
[endpoint_off_grid]: Symbol pin or wire end off connection grid
    ; warning
    @(182.245 mm, 463.55 mm): Vertical Wire, length 1.27 mm
[endpoint_off_grid]: Symbol pin or wire end off connection grid
    ; warning
    @(182.245 mm, 464.82 mm): Horizontal Wire, length 1.27 mm
[endpoint_off_grid]: Symbol pin or wire end off connection grid
    ; warning
    @(182.245 mm, 540.385 mm): Vertical Wire, length 1.27 mm
[endpoint_off_grid]: Symbol pin or wire end off connection grid
    ; warning
    @(182.245 mm, 541.655 mm): Horizontal Wire, length 1.27 mm
[endpoint_off_grid]: Symbol pin or wire end off connection grid
    ; warning
    @(182.245 mm, 591.185 mm): Vertical Wire, length 0.635 mm
[endpoint_off_grid]: Symbol pin or wire end off connection grid
    ; warning
    @(182.245 mm, 591.82 mm): Horizontal Wire, length 1.27 mm
[endpoint_off_grid]: Symbol pin or wire end off connection grid
    ; warning
    @(182.245 mm, 704.215 mm): Horizontal Wire, length 94.615 mm
[endpoint_off_grid]: Symbol pin or wire end off connection grid
    ; warning
    @(182.245 mm, 706.755 mm): Horizontal Wire, length 94.615 mm
[endpoint_off_grid]: Symbol pin or wire end off connection grid
    ; warning
    @(182.245 mm, 1134.11 mm): Horizontal Wire, length 46.99 mm
[endpoint_off_grid]: Symbol pin or wire end off connection grid
    ; warning
    @(182.245 mm, 1590.04 mm): Horizontal Wire, length 94.615 mm
[endpoint_off_grid]: Symbol pin or wire end off connection grid
    ; warning
    @(182.245 mm, 1592.58 mm): Horizontal Wire, length 94.615 mm
[endpoint_off_grid]: Symbol pin or wire end off connection grid
    ; warning
    @(182.245 mm, 2019.935 mm): Horizontal Wire, length 46.99 mm
[endpoint_off_grid]: Symbol pin or wire end off connection grid
    ; warning
    @(182.245 mm, 2475.865 mm): Horizontal Wire, length 94.615 mm
[endpoint_off_grid]: Symbol pin or wire end off connection grid
    ; warning
    @(182.245 mm, 2478.405 mm): Horizontal Wire, length 94.615 mm
[endpoint_off_grid]: Symbol pin or wire end off connection grid
    ; warning
    @(182.245 mm, 2905.76 mm): Horizontal Wire, length 46.99 mm
[endpoint_off_grid]: Symbol pin or wire end off connection grid
    ; warning
    @(182.245 mm, 3361.69 mm): Horizontal Wire, length 94.615 mm
[endpoint_off_grid]: Symbol pin or wire end off connection grid
    ; warning
    @(182.245 mm, 3364.23 mm): Horizontal Wire, length 94.615 mm
[endpoint_off_grid]: Symbol pin or wire end off connection grid
    ; warning
    @(182.245 mm, 3791.585 mm): Horizontal Wire, length 46.99 mm
[endpoint_off_grid]: Symbol pin or wire end off connection grid
    ; warning
    @(193.04 mm, 1890.395 mm): Horizontal Wire, length 41.91 mm
[endpoint_off_grid]: Symbol pin or wire end off connection grid
    ; warning
    @(193.04 mm, 1936.115 mm): Vertical Wire, length 45.72 mm
[endpoint_off_grid]: Symbol pin or wire end off connection grid
    ; warning
    @(193.04 mm, 2775.585 mm): Horizontal Wire, length 41.91 mm
[endpoint_off_grid]: Symbol pin or wire end off connection grid
    ; warning
    @(193.04 mm, 2821.305 mm): Vertical Wire, length 45.72 mm
[endpoint_off_grid]: Symbol pin or wire end off connection grid
    ; warning
    @(198.755 mm, 687.07 mm): Symbol J3 Pin 1 [VBUS_NC, Passive, Line]
[endpoint_off_grid]: Symbol pin or wire end off connection grid
    ; warning
    @(198.755 mm, 724.535 mm): Symbol #PWR31 Hidden pin 1 [GND, Power input, Line]
[lib_symbol_issues]: The current configuration does not include the symbol library 'elt'
    ; warning
    @(198.755 mm, 724.535 mm): Symbol #PWR31 [GND]
[endpoint_off_grid]: Symbol pin or wire end off connection grid
    ; warning
    @(198.755 mm, 1116.33 mm): Symbol J4 Pin 1 [VBUS, Passive, Line]
[endpoint_off_grid]: Symbol pin or wire end off connection grid
    ; warning
    @(198.755 mm, 1116.33 mm): Horizontal Wire, length 1.27 mm
[endpoint_off_grid]: Symbol pin or wire end off connection grid
    ; warning
    @(198.755 mm, 1153.795 mm): Symbol #PWR34 Hidden pin 1 [GND, Power input, Line]
[lib_symbol_issues]: The current configuration does not include the symbol library 'elt'
    ; warning
    @(198.755 mm, 1153.795 mm): Symbol #PWR34 [GND]
[endpoint_off_grid]: Symbol pin or wire end off connection grid
    ; warning
    @(198.755 mm, 1572.895 mm): Symbol J5 Pin 1 [VBUS_NC, Passive, Line]
[endpoint_off_grid]: Symbol pin or wire end off connection grid
    ; warning
    @(198.755 mm, 1610.36 mm): Symbol #PWR61 Hidden pin 1 [GND, Power input, Line]
[lib_symbol_issues]: The current configuration does not include the symbol library 'elt'
    ; warning
    @(198.755 mm, 1610.36 mm): Symbol #PWR61 [GND]
[endpoint_off_grid]: Symbol pin or wire end off connection grid
    ; warning
    @(198.755 mm, 2002.155 mm): Horizontal Wire, length 1.27 mm
[endpoint_off_grid]: Symbol pin or wire end off connection grid
    ; warning
    @(198.755 mm, 2002.155 mm): Symbol J6 Pin 1 [VBUS, Passive, Line]
[endpoint_off_grid]: Symbol pin or wire end off connection grid
    ; warning
    @(198.755 mm, 2039.62 mm): Symbol #PWR64 Hidden pin 1 [GND, Power input, Line]
[lib_symbol_issues]: The current configuration does not include the symbol library 'elt'
    ; warning
    @(198.755 mm, 2039.62 mm): Symbol #PWR64 [GND]
[endpoint_off_grid]: Symbol pin or wire end off connection grid
    ; warning
    @(198.755 mm, 2458.72 mm): Symbol J7 Pin 1 [VBUS_NC, Passive, Line]
[endpoint_off_grid]: Symbol pin or wire end off connection grid
    ; warning
    @(198.755 mm, 2495.55 mm): Symbol #PWR91 Hidden pin 1 [GND, Power input, Line]
[lib_symbol_issues]: The current configuration does not include the symbol library 'elt'
    ; warning
    @(198.755 mm, 2495.55 mm): Symbol #PWR91 [GND]
[endpoint_off_grid]: Symbol pin or wire end off connection grid
    ; warning
    @(198.755 mm, 2887.98 mm): Symbol J8 Pin 1 [VBUS, Passive, Line]
[endpoint_off_grid]: Symbol pin or wire end off connection grid
    ; warning
    @(198.755 mm, 2887.98 mm): Horizontal Wire, length 1.27 mm
[endpoint_off_grid]: Symbol pin or wire end off connection grid
    ; warning
    @(198.755 mm, 2925.445 mm): Symbol #PWR94 Hidden pin 1 [GND, Power input, Line]
[lib_symbol_issues]: The current configuration does not include the symbol library 'elt'
    ; warning
    @(198.755 mm, 2925.445 mm): Symbol #PWR94 [GND]
[endpoint_off_grid]: Symbol pin or wire end off connection grid
    ; warning
    @(198.755 mm, 3343.91 mm): Symbol J9 Pin 1 [VBUS_NC, Passive, Line]
[endpoint_off_grid]: Symbol pin or wire end off connection grid
    ; warning
    @(198.755 mm, 3381.375 mm): Symbol #PWR121 Hidden pin 1 [GND, Power input, Line]
[lib_symbol_issues]: The current configuration does not include the symbol library 'elt'
    ; warning
    @(198.755 mm, 3381.375 mm): Symbol #PWR121 [GND]
[endpoint_off_grid]: Symbol pin or wire end off connection grid
    ; warning
    @(198.755 mm, 3773.805 mm): Horizontal Wire, length 2.54 mm
[endpoint_off_grid]: Symbol pin or wire end off connection grid
    ; warning
    @(198.755 mm, 3773.805 mm): Symbol J10 Pin 1 [VBUS, Passive, Line]
[endpoint_off_grid]: Symbol pin or wire end off connection grid
    ; warning
    @(198.755 mm, 3811.27 mm): Symbol #PWR124 Hidden pin 1 [GND, Power input, Line]
[lib_symbol_issues]: The current configuration does not include the symbol library 'elt'
    ; warning
    @(198.755 mm, 3811.27 mm): Symbol #PWR124 [GND]
[lib_symbol_issues]: The current configuration does not include the symbol library 'elt'
    ; warning
    @(200.025 mm, 705.485 mm): Symbol J3 [SYM_J3]
[lib_symbol_issues]: The current configuration does not include the symbol library 'elt'
    ; warning
    @(200.025 mm, 1135.38 mm): Symbol J4 [SYM_J4]
[lib_symbol_issues]: The current configuration does not include the symbol library 'elt'
    ; warning
    @(200.025 mm, 1591.31 mm): Symbol J5 [SYM_J5]
[lib_symbol_issues]: The current configuration does not include the symbol library 'elt'
    ; warning
    @(200.025 mm, 2021.205 mm): Symbol J6 [SYM_J6]
[lib_symbol_issues]: The current configuration does not include the symbol library 'elt'
    ; warning
    @(200.025 mm, 2477.135 mm): Symbol J7 [SYM_J7]
[lib_symbol_issues]: The current configuration does not include the symbol library 'elt'
    ; warning
    @(200.025 mm, 2907.03 mm): Symbol J8 [SYM_J8]
[lib_symbol_issues]: The current configuration does not include the symbol library 'elt'
    ; warning
    @(200.025 mm, 3362.96 mm): Symbol J9 [SYM_J9]
[lib_symbol_issues]: The current configuration does not include the symbol library 'elt'
    ; warning
    @(200.025 mm, 3792.855 mm): Symbol J10 [SYM_J10]
[endpoint_off_grid]: Symbol pin or wire end off connection grid
    ; warning
    @(201.295 mm, 687.07 mm): Symbol #PWR33 Hidden pin 1 [GND, Power input, Line]
[lib_symbol_issues]: The current configuration does not include the symbol library 'elt'
    ; warning
    @(201.295 mm, 687.07 mm): Symbol #PWR33 [GND]
[endpoint_off_grid]: Symbol pin or wire end off connection grid
    ; warning
    @(201.295 mm, 724.535 mm): Symbol #PWR32 Hidden pin 1 [GND, Power input, Line]
[lib_symbol_issues]: The current configuration does not include the symbol library 'elt'
    ; warning
    @(201.295 mm, 724.535 mm): Symbol #PWR32 [GND]
[endpoint_off_grid]: Symbol pin or wire end off connection grid
    ; warning
    @(201.295 mm, 1116.33 mm): Symbol #PWR36 Hidden pin 1 [GND, Power input, Line]
[lib_symbol_issues]: The current configuration does not include the symbol library 'elt'
    ; warning
    @(201.295 mm, 1116.33 mm): Symbol #PWR36 [GND]
[endpoint_off_grid]: Symbol pin or wire end off connection grid
    ; warning
    @(201.295 mm, 1153.795 mm): Symbol #PWR35 Hidden pin 1 [GND, Power input, Line]
[lib_symbol_issues]: The current configuration does not include the symbol library 'elt'
    ; warning
    @(201.295 mm, 1153.795 mm): Symbol #PWR35 [GND]
[endpoint_off_grid]: Symbol pin or wire end off connection grid
    ; warning
    @(201.295 mm, 1572.895 mm): Symbol #PWR63 Hidden pin 1 [GND, Power input, Line]
[lib_symbol_issues]: The current configuration does not include the symbol library 'elt'
    ; warning
    @(201.295 mm, 1572.895 mm): Symbol #PWR63 [GND]
[endpoint_off_grid]: Symbol pin or wire end off connection grid
    ; warning
    @(201.295 mm, 1610.36 mm): Symbol #PWR62 Hidden pin 1 [GND, Power input, Line]
[lib_symbol_issues]: The current configuration does not include the symbol library 'elt'
    ; warning
    @(201.295 mm, 1610.36 mm): Symbol #PWR62 [GND]
[endpoint_off_grid]: Symbol pin or wire end off connection grid
    ; warning
    @(201.295 mm, 2002.155 mm): Symbol #PWR66 Hidden pin 1 [GND, Power input, Line]
[lib_symbol_issues]: The current configuration does not include the symbol library 'elt'
    ; warning
    @(201.295 mm, 2002.155 mm): Symbol #PWR66 [GND]
[endpoint_off_grid]: Symbol pin or wire end off connection grid
    ; warning
    @(201.295 mm, 2039.62 mm): Symbol #PWR65 Hidden pin 1 [GND, Power input, Line]
[lib_symbol_issues]: The current configuration does not include the symbol library 'elt'
    ; warning
    @(201.295 mm, 2039.62 mm): Symbol #PWR65 [GND]
[endpoint_off_grid]: Symbol pin or wire end off connection grid
    ; warning
    @(201.295 mm, 2458.72 mm): Symbol #PWR93 Hidden pin 1 [GND, Power input, Line]
[lib_symbol_issues]: The current configuration does not include the symbol library 'elt'
    ; warning
    @(201.295 mm, 2458.72 mm): Symbol #PWR93 [GND]
[endpoint_off_grid]: Symbol pin or wire end off connection grid
    ; warning
    @(201.295 mm, 2495.55 mm): Symbol #PWR92 Hidden pin 1 [GND, Power input, Line]
[lib_symbol_issues]: The current configuration does not include the symbol library 'elt'
    ; warning
    @(201.295 mm, 2495.55 mm): Symbol #PWR92 [GND]
[endpoint_off_grid]: Symbol pin or wire end off connection grid
    ; warning
    @(201.295 mm, 2887.98 mm): Symbol #PWR96 Hidden pin 1 [GND, Power input, Line]
[lib_symbol_issues]: The current configuration does not include the symbol library 'elt'
    ; warning
    @(201.295 mm, 2887.98 mm): Symbol #PWR96 [GND]
[endpoint_off_grid]: Symbol pin or wire end off connection grid
    ; warning
    @(201.295 mm, 2925.445 mm): Symbol #PWR95 Hidden pin 1 [GND, Power input, Line]
[lib_symbol_issues]: The current configuration does not include the symbol library 'elt'
    ; warning
    @(201.295 mm, 2925.445 mm): Symbol #PWR95 [GND]
[endpoint_off_grid]: Symbol pin or wire end off connection grid
    ; warning
    @(201.295 mm, 3343.91 mm): Symbol #PWR123 Hidden pin 1 [GND, Power input, Line]
[lib_symbol_issues]: The current configuration does not include the symbol library 'elt'
    ; warning
    @(201.295 mm, 3343.91 mm): Symbol #PWR123 [GND]
[endpoint_off_grid]: Symbol pin or wire end off connection grid
    ; warning
    @(201.295 mm, 3381.375 mm): Symbol #PWR122 Hidden pin 1 [GND, Power input, Line]
[lib_symbol_issues]: The current configuration does not include the symbol library 'elt'
    ; warning
    @(201.295 mm, 3381.375 mm): Symbol #PWR122 [GND]
[endpoint_off_grid]: Symbol pin or wire end off connection grid
    ; warning
    @(201.295 mm, 3773.805 mm): Symbol #PWR126 Hidden pin 1 [GND, Power input, Line]
[lib_symbol_issues]: The current configuration does not include the symbol library 'elt'
    ; warning
    @(201.295 mm, 3773.805 mm): Symbol #PWR126 [GND]
[endpoint_off_grid]: Symbol pin or wire end off connection grid
    ; warning
    @(201.295 mm, 3811.27 mm): Symbol #PWR125 Hidden pin 1 [GND, Power input, Line]
[lib_symbol_issues]: The current configuration does not include the symbol library 'elt'
    ; warning
    @(201.295 mm, 3811.27 mm): Symbol #PWR125 [GND]
[endpoint_off_grid]: Symbol pin or wire end off connection grid
    ; warning
    @(215.90 mm, 159.385 mm): Symbol R49 Pin 1 [Passive, Line]
[endpoint_off_grid]: Symbol pin or wire end off connection grid
    ; warning
    @(215.90 mm, 210.185 mm): Symbol R50 Pin 1 [Passive, Line]
[endpoint_off_grid]: Symbol pin or wire end off connection grid
    ; warning
    @(215.90 mm, 286.385 mm): Symbol R51 Pin 1 [Passive, Line]
[endpoint_off_grid]: Symbol pin or wire end off connection grid
    ; warning
    @(215.90 mm, 337.185 mm): Symbol R52 Pin 1 [Passive, Line]
[endpoint_off_grid]: Symbol pin or wire end off connection grid
    ; warning
    @(215.90 mm, 413.385 mm): Symbol R53 Pin 1 [Passive, Line]
[endpoint_off_grid]: Symbol pin or wire end off connection grid
    ; warning
    @(215.90 mm, 540.385 mm): Symbol R55 Pin 1 [Passive, Line]
[endpoint_off_grid]: Symbol pin or wire end off connection grid
    ; warning
    @(215.90 mm, 591.185 mm): Symbol R56 Pin 1 [Passive, Line]
[lib_symbol_issues]: The current configuration does not include the symbol library 'elt'
    ; warning
    @(219.71 mm, 159.385 mm): Symbol R49 [SYM_R49]
[lib_symbol_issues]: The current configuration does not include the symbol library 'elt'
    ; warning
    @(219.71 mm, 210.185 mm): Symbol R50 [SYM_R50]
[lib_symbol_issues]: The current configuration does not include the symbol library 'elt'
    ; warning
    @(219.71 mm, 286.385 mm): Symbol R51 [SYM_R51]
[lib_symbol_issues]: The current configuration does not include the symbol library 'elt'
    ; warning
    @(219.71 mm, 337.185 mm): Symbol R52 [SYM_R52]
[lib_symbol_issues]: The current configuration does not include the symbol library 'elt'
    ; warning
    @(219.71 mm, 413.385 mm): Symbol R53 [SYM_R53]
[lib_symbol_issues]: The current configuration does not include the symbol library 'elt'
    ; warning
    @(219.71 mm, 463.55 mm): Symbol R54 [SYM_R54]
[lib_symbol_issues]: The current configuration does not include the symbol library 'elt'
    ; warning
    @(219.71 mm, 540.385 mm): Symbol R55 [SYM_R55]
[lib_symbol_issues]: The current configuration does not include the symbol library 'elt'
    ; warning
    @(219.71 mm, 591.185 mm): Symbol R56 [SYM_R56]
[endpoint_off_grid]: Symbol pin or wire end off connection grid
    ; warning
    @(223.52 mm, 159.385 mm): Symbol #PWR17 Hidden pin 1 [GND, Power input, Line]
[lib_symbol_issues]: The current configuration does not include the symbol library 'elt'
    ; warning
    @(223.52 mm, 159.385 mm): Symbol #PWR17 [GND]
[endpoint_off_grid]: Symbol pin or wire end off connection grid
    ; warning
    @(223.52 mm, 210.185 mm): Symbol #PWR18 Hidden pin 1 [GND, Power input, Line]
[lib_symbol_issues]: The current configuration does not include the symbol library 'elt'
    ; warning
    @(223.52 mm, 210.185 mm): Symbol #PWR18 [GND]
[endpoint_off_grid]: Symbol pin or wire end off connection grid
    ; warning
    @(223.52 mm, 286.385 mm): Symbol #PWR19 Hidden pin 1 [GND, Power input, Line]
[lib_symbol_issues]: The current configuration does not include the symbol library 'elt'
    ; warning
    @(223.52 mm, 286.385 mm): Symbol #PWR19 [GND]
[endpoint_off_grid]: Symbol pin or wire end off connection grid
    ; warning
    @(223.52 mm, 337.185 mm): Symbol #PWR20 Hidden pin 1 [GND, Power input, Line]
[lib_symbol_issues]: The current configuration does not include the symbol library 'elt'
    ; warning
    @(223.52 mm, 337.185 mm): Symbol #PWR20 [GND]
[endpoint_off_grid]: Symbol pin or wire end off connection grid
    ; warning
    @(223.52 mm, 413.385 mm): Symbol #PWR21 Hidden pin 1 [GND, Power input, Line]
[lib_symbol_issues]: The current configuration does not include the symbol library 'elt'
    ; warning
    @(223.52 mm, 413.385 mm): Symbol #PWR21 [GND]
[lib_symbol_issues]: The current configuration does not include the symbol library 'elt'
    ; warning
    @(223.52 mm, 463.55 mm): Symbol #PWR22 [GND]
[endpoint_off_grid]: Symbol pin or wire end off connection grid
    ; warning
    @(223.52 mm, 540.385 mm): Symbol #PWR23 Hidden pin 1 [GND, Power input, Line]
[lib_symbol_issues]: The current configuration does not include the symbol library 'elt'
    ; warning
    @(223.52 mm, 540.385 mm): Symbol #PWR23 [GND]
[endpoint_off_grid]: Symbol pin or wire end off connection grid
    ; warning
    @(223.52 mm, 591.185 mm): Symbol #PWR24 Hidden pin 1 [GND, Power input, Line]
[lib_symbol_issues]: The current configuration does not include the symbol library 'elt'
    ; warning
    @(223.52 mm, 591.185 mm): Symbol #PWR24 [GND]
[lib_symbol_issues]: The current configuration does not include the symbol library 'elt'
    ; warning
    @(234.95 mm, 963.93 mm): Symbol #PWR41 [GND]
[lib_symbol_issues]: The current configuration does not include the symbol library 'elt'
    ; warning
    @(234.95 mm, 967.74 mm): Symbol R33 [SYM_R33]
[lib_symbol_issues]: The current configuration does not include the symbol library 'elt'
    ; warning
    @(234.95 mm, 1040.13 mm): Symbol #PWR42 [GND]
[lib_symbol_issues]: The current configuration does not include the symbol library 'elt'
    ; warning
    @(234.95 mm, 1043.94 mm): Symbol R34 [SYM_R34]
[endpoint_off_grid]: Symbol pin or wire end off connection grid
    ; warning
    @(234.95 mm, 1849.755 mm): Symbol #PWR71 Hidden pin 1 [GND, Power input, Line]
[lib_symbol_issues]: The current configuration does not include the symbol library 'elt'
    ; warning
    @(234.95 mm, 1849.755 mm): Symbol #PWR71 [GND]
[lib_symbol_issues]: The current configuration does not include the symbol library 'elt'
    ; warning
    @(234.95 mm, 1853.565 mm): Symbol R35 [SYM_R35]
[endpoint_off_grid]: Symbol pin or wire end off connection grid
    ; warning
    @(234.95 mm, 1857.375 mm): Symbol R35 Pin 1 [Passive, Line]
[endpoint_off_grid]: Symbol pin or wire end off connection grid
    ; warning
    @(234.95 mm, 1857.375 mm): Vertical Wire, length 30.48 mm
[endpoint_off_grid]: Symbol pin or wire end off connection grid
    ; warning
    @(234.95 mm, 1872.615 mm): Horizontal Wire, length 1.27 mm
[endpoint_off_grid]: Symbol pin or wire end off connection grid
    ; warning
    @(234.95 mm, 1887.855 mm): Horizontal Wire, length 83.82 mm
[endpoint_off_grid]: Symbol pin or wire end off connection grid
    ; warning
    @(234.95 mm, 1925.955 mm): Symbol #PWR72 Hidden pin 1 [GND, Power input, Line]
[lib_symbol_issues]: The current configuration does not include the symbol library 'elt'
    ; warning
    @(234.95 mm, 1925.955 mm): Symbol #PWR72 [GND]
[lib_symbol_issues]: The current configuration does not include the symbol library 'elt'
    ; warning
    @(234.95 mm, 1929.765 mm): Symbol R36 [SYM_R36]
[endpoint_off_grid]: Symbol pin or wire end off connection grid
    ; warning
    @(234.95 mm, 1933.575 mm): Vertical Wire, length 2.54 mm
[endpoint_off_grid]: Symbol pin or wire end off connection grid
    ; warning
    @(234.95 mm, 1933.575 mm): Symbol R36 Pin 1 [Passive, Line]
[endpoint_off_grid]: Symbol pin or wire end off connection grid
    ; warning
    @(234.95 mm, 1934.845 mm): Horizontal Wire, length 1.27 mm
[endpoint_off_grid]: Symbol pin or wire end off connection grid
    ; warning
    @(234.95 mm, 1936.115 mm): Horizontal Wire, length 41.91 mm
[endpoint_off_grid]: Symbol pin or wire end off connection grid
    ; warning
    @(234.95 mm, 2734.945 mm): Symbol #PWR101 Hidden pin 1 [GND, Power input, Line]
[lib_symbol_issues]: The current configuration does not include the symbol library 'elt'
    ; warning
    @(234.95 mm, 2734.945 mm): Symbol #PWR101 [GND]
[lib_symbol_issues]: The current configuration does not include the symbol library 'elt'
    ; warning
    @(234.95 mm, 2738.755 mm): Symbol R37 [SYM_R37]
[endpoint_off_grid]: Symbol pin or wire end off connection grid
    ; warning
    @(234.95 mm, 2742.565 mm): Vertical Wire, length 30.48 mm
[endpoint_off_grid]: Symbol pin or wire end off connection grid
    ; warning
    @(234.95 mm, 2742.565 mm): Symbol R37 Pin 1 [Passive, Line]
[endpoint_off_grid]: Symbol pin or wire end off connection grid
    ; warning
    @(234.95 mm, 2757.805 mm): Horizontal Wire, length 1.27 mm
[endpoint_off_grid]: Symbol pin or wire end off connection grid
    ; warning
    @(234.95 mm, 2773.045 mm): Horizontal Wire, length 83.82 mm
[endpoint_off_grid]: Symbol pin or wire end off connection grid
    ; warning
    @(234.95 mm, 2811.145 mm): Symbol #PWR102 Hidden pin 1 [GND, Power input, Line]
[lib_symbol_issues]: The current configuration does not include the symbol library 'elt'
    ; warning
    @(234.95 mm, 2811.145 mm): Symbol #PWR102 [GND]
[lib_symbol_issues]: The current configuration does not include the symbol library 'elt'
    ; warning
    @(234.95 mm, 2814.955 mm): Symbol R38 [SYM_R38]
[endpoint_off_grid]: Symbol pin or wire end off connection grid
    ; warning
    @(234.95 mm, 2818.765 mm): Vertical Wire, length 2.54 mm
[endpoint_off_grid]: Symbol pin or wire end off connection grid
    ; warning
    @(234.95 mm, 2818.765 mm): Symbol R38 Pin 1 [Passive, Line]
[endpoint_off_grid]: Symbol pin or wire end off connection grid
    ; warning
    @(234.95 mm, 2820.035 mm): Horizontal Wire, length 1.27 mm
[endpoint_off_grid]: Symbol pin or wire end off connection grid
    ; warning
    @(234.95 mm, 2821.305 mm): Horizontal Wire, length 41.91 mm
[lib_symbol_issues]: The current configuration does not include the symbol library 'elt'
    ; warning
    @(234.95 mm, 3620.77 mm): Symbol #PWR131 [GND]
[lib_symbol_issues]: The current configuration does not include the symbol library 'elt'
    ; warning
    @(234.95 mm, 3624.58 mm): Symbol R39 [SYM_R39]
[lib_symbol_issues]: The current configuration does not include the symbol library 'elt'
    ; warning
    @(234.95 mm, 3696.97 mm): Symbol #PWR132 [GND]
[lib_symbol_issues]: The current configuration does not include the symbol library 'elt'
    ; warning
    @(234.95 mm, 3700.78 mm): Symbol R40 [SYM_R40]

 ** ERC messages: 1166  Errors 0  Warnings 1166

 ** Ignored checks:
    - Global label only appears once in the schematic
    - Four connection points are joined together
    - SPICE model issue
    - Assigned footprint doesn't match footprint filters
