ERC report (2026-07-29T18:39:11, Encoding UTF8)
Report includes: Errors, Warnings, Exclusions

***** Sheet /
[lib_symbol_issues]: The current configuration does not include the symbol library 'elt'
    ; warning
    @(34.29 mm, 576.58 mm): Symbol #PWR170 [GND]
[footprint_link_issues]: The current configuration does not include the footprint library 'TestPoint'
    ; warning
    @(35.56 mm, 439.42 mm): Symbol TP_3V3 [SYM_TP_3V3]
[lib_symbol_issues]: The current configuration does not include the symbol library 'elt'
    ; warning
    @(35.56 mm, 439.42 mm): Symbol TP_3V3 [SYM_TP_3V3]
[footprint_link_issues]: The current configuration does not include the footprint library 'Capacitor_SMD'
    ; warning
    @(36.83 mm, 81.28 mm): Symbol C_LATCHG [SYM_C_LATCHG]
[lib_symbol_issues]: The current configuration does not include the symbol library 'elt'
    ; warning
    @(36.83 mm, 81.28 mm): Symbol C_LATCHG [SYM_C_LATCHG]
[lib_symbol_issues]: The current configuration does not include the symbol library 'elt'
    ; warning
    @(36.83 mm, 213.36 mm): Symbol #PWR91 [GND]
[footprint_link_issues]: The current configuration does not include the footprint library 'Capacitor_SMD'
    ; warning
    @(39.37 mm, 107.95 mm): Symbol C_TCD [SYM_C_TCD]
[lib_symbol_issues]: The current configuration does not include the symbol library 'elt'
    ; warning
    @(39.37 mm, 107.95 mm): Symbol C_TCD [SYM_C_TCD]
[footprint_link_issues]: The current configuration does not include the footprint library 'Capacitor_SMD'
    ; warning
    @(40.64 mm, 53.34 mm): Symbol C_DVDT [SYM_C_DVDT]
[lib_symbol_issues]: The current configuration does not include the symbol library 'elt'
    ; warning
    @(40.64 mm, 53.34 mm): Symbol C_DVDT [SYM_C_DVDT]
[footprint_link_issues]: The current configuration does not include the footprint library 'Resistor_SMD'
    ; warning
    @(40.64 mm, 358.14 mm): Symbol R_OVT [SYM_R_OVT]
[lib_symbol_issues]: The current configuration does not include the symbol library 'elt'
    ; warning
    @(40.64 mm, 358.14 mm): Symbol R_OVT [SYM_R_OVT]
[footprint_link_issues]: The current configuration does not include the footprint library 'Fuse'
    ; warning
    @(41.91 mm, 134.62 mm): Symbol F1 [SYM_F1]
[lib_symbol_issues]: The current configuration does not include the symbol library 'elt'
    ; warning
    @(41.91 mm, 134.62 mm): Symbol F1 [SYM_F1]
[footprint_link_issues]: The current configuration does not include the footprint library 'Resistor_SMD'
    ; warning
    @(41.91 mm, 276.86 mm): Symbol R_BID0 [SYM_R_BID0]
[lib_symbol_issues]: The current configuration does not include the symbol library 'elt'
    ; warning
    @(41.91 mm, 276.86 mm): Symbol R_BID0 [SYM_R_BID0]
[footprint_link_issues]: The current configuration does not include the footprint library 'Resistor_SMD'
    ; warning
    @(41.91 mm, 384.81 mm): Symbol R_SCLA [SYM_R_SCLA]
[lib_symbol_issues]: The current configuration does not include the symbol library 'elt'
    ; warning
    @(41.91 mm, 384.81 mm): Symbol R_SCLA [SYM_R_SCLA]
[footprint_link_issues]: The current configuration does not include the footprint library 'TestPoint'
    ; warning
    @(41.91 mm, 466.09 mm): Symbol TP_USEL [SYM_TP_USEL]
[lib_symbol_issues]: The current configuration does not include the symbol library 'elt'
    ; warning
    @(41.91 mm, 466.09 mm): Symbol TP_USEL [SYM_TP_USEL]
[footprint_link_issues]: The current configuration does not include the footprint library 'Resistor_SMD'
    ; warning
    @(44.45 mm, 303.53 mm): Symbol R_ESTOPOKPD [SYM_R_ESTOPOKPD]
[lib_symbol_issues]: The current configuration does not include the symbol library 'elt'
    ; warning
    @(44.45 mm, 303.53 mm): Symbol R_ESTOPOKPD [SYM_R_ESTOPOKPD]
[footprint_link_issues]: The current configuration does not include the footprint library 'Package_TO_SOT_SMD'
    ; warning
    @(44.45 mm, 574.04 mm): Symbol U_STOPINV [SYM_U_STOPINV]
[lib_symbol_issues]: The current configuration does not include the symbol library 'elt'
    ; warning
    @(44.45 mm, 574.04 mm): Symbol U_STOPINV [SYM_U_STOPINV]
[footprint_link_issues]: The current configuration does not include the footprint library 'Capacitor_SMD'
    ; warning
    @(45.72 mm, 26.67 mm): Symbol CE1 [SYM_CE1]
[lib_symbol_issues]: The current configuration does not include the symbol library 'elt'
    ; warning
    @(45.72 mm, 26.67 mm): Symbol CE1 [SYM_CE1]
[footprint_link_issues]: The current configuration does not include the footprint library 'Resistor_SMD'
    ; warning
    @(45.72 mm, 331.47 mm): Symbol R_KRSTPD [SYM_R_KRSTPD]
[lib_symbol_issues]: The current configuration does not include the symbol library 'elt'
    ; warning
    @(45.72 mm, 331.47 mm): Symbol R_KRSTPD [SYM_R_KRSTPD]
[lib_symbol_issues]: The current configuration does not include the symbol library 'elt'
    ; warning
    @(46.99 mm, 81.28 mm): Symbol #PWR35 [GND]
[footprint_link_issues]: The current configuration does not include the footprint library 'Connector_JST'
    ; warning
    @(46.99 mm, 215.90 mm): Symbol J_THERM_B [SYM_J_THERM_B]
[lib_symbol_issues]: The current configuration does not include the symbol library 'elt'
    ; warning
    @(46.99 mm, 215.90 mm): Symbol J_THERM_B [SYM_J_THERM_B]
[footprint_link_issues]: The current configuration does not include the footprint library 'Package_SON'
    ; warning
    @(46.99 mm, 516.89 mm): Symbol U_EFUSE [SYM_U_EFUSE]
[lib_symbol_issues]: The current configuration does not include the symbol library 'elt'
    ; warning
    @(46.99 mm, 516.89 mm): Symbol U_EFUSE [SYM_U_EFUSE]
[footprint_link_issues]: The current configuration does not include the footprint library 'Resistor_SMD'
    ; warning
    @(48.26 mm, 412.75 mm): Symbol R_STOPRAIL [SYM_R_STOPRAIL]
[lib_symbol_issues]: The current configuration does not include the symbol library 'elt'
    ; warning
    @(48.26 mm, 412.75 mm): Symbol R_STOPRAIL [SYM_R_STOPRAIL]
[lib_symbol_issues]: The current configuration does not include the symbol library 'elt'
    ; warning
    @(49.53 mm, 53.34 mm): Symbol #PWR18 [GND]
[footprint_link_issues]: The current configuration does not include the footprint library 'cooksense'
    ; warning
    @(50.80 mm, 248.92 mm): Symbol K_U6 [SYM_K_U6]
[lib_symbol_issues]: The current configuration does not include the symbol library 'elt'
    ; warning
    @(50.80 mm, 248.92 mm): Symbol K_U6 [SYM_K_U6]
[lib_symbol_issues]: The current configuration does not include the symbol library 'elt'
    ; warning
    @(50.80 mm, 276.86 mm): Symbol #PWR102 [GND]
[lib_symbol_issues]: The current configuration does not include the symbol library 'elt'
    ; warning
    @(54.61 mm, 26.67 mm): Symbol #FLG01 [PWR_FLAG]
[lib_symbol_issues]: The current configuration does not include the symbol library 'elt'
    ; warning
    @(54.61 mm, 26.67 mm): Symbol #PWR01 [GND]
[lib_symbol_issues]: The current configuration does not include the symbol library 'elt'
    ; warning
    @(55.88 mm, 303.53 mm): Symbol #PWR112 [GND]
[lib_symbol_issues]: The current configuration does not include the symbol library 'elt'
    ; warning
    @(55.88 mm, 331.47 mm): Symbol #PWR118 [GND]
[lib_symbol_issues]: The current configuration does not include the symbol library 'elt'
    ; warning
    @(57.15 mm, 218.44 mm): Symbol #PWR92 [GND]
[lib_symbol_issues]: The current configuration does not include the symbol library 'elt'
    ; warning
    @(57.15 mm, 516.89 mm): Symbol #PWR152 [GND]
[lib_symbol_issues]: The current configuration does not include the symbol library 'elt'
    ; warning
    @(57.15 mm, 519.43 mm): Symbol #PWR153 [GND]
[footprint_link_issues]: The current configuration does not include the footprint library 'Capacitor_SMD'
    ; warning
    @(86.36 mm, 107.95 mm): Symbol C_TCDV [SYM_C_TCDV]
[lib_symbol_issues]: The current configuration does not include the symbol library 'elt'
    ; warning
    @(86.36 mm, 107.95 mm): Symbol C_TCDV [SYM_C_TCDV]
[footprint_link_issues]: The current configuration does not include the footprint library 'TestPoint'
    ; warning
    @(90.17 mm, 439.42 mm): Symbol TP_5VKR [SYM_TP_5VKR]
[lib_symbol_issues]: The current configuration does not include the symbol library 'elt'
    ; warning
    @(90.17 mm, 439.42 mm): Symbol TP_5VKR [SYM_TP_5VKR]
[footprint_link_issues]: The current configuration does not include the footprint library 'Capacitor_SMD'
    ; warning
    @(91.44 mm, 53.34 mm): Symbol C_EFIN [SYM_C_EFIN]
[lib_symbol_issues]: The current configuration does not include the symbol library 'elt'
    ; warning
    @(91.44 mm, 53.34 mm): Symbol C_EFIN [SYM_C_EFIN]
[footprint_link_issues]: The current configuration does not include the footprint library 'Capacitor_SMD'
    ; warning
    @(92.71 mm, 81.28 mm): Symbol C_LDOIN [SYM_C_LDOIN]
[lib_symbol_issues]: The current configuration does not include the symbol library 'elt'
    ; warning
    @(92.71 mm, 81.28 mm): Symbol C_LDOIN [SYM_C_LDOIN]
[lib_symbol_issues]: The current configuration does not include the symbol library 'elt'
    ; warning
    @(95.25 mm, 107.95 mm): Symbol #PWR51 [GND]
[footprint_link_issues]: The current configuration does not include the footprint library 'TestPoint'
    ; warning
    @(95.25 mm, 466.09 mm): Symbol TP_WDOK [SYM_TP_WDOK]
[lib_symbol_issues]: The current configuration does not include the symbol library 'elt'
    ; warning
    @(95.25 mm, 466.09 mm): Symbol TP_WDOK [SYM_TP_WDOK]
[footprint_link_issues]: The current configuration does not include the footprint library 'Resistor_SMD'
    ; warning
    @(96.52 mm, 384.81 mm): Symbol R_SCLB [SYM_R_SCLB]
[lib_symbol_issues]: The current configuration does not include the symbol library 'elt'
    ; warning
    @(96.52 mm, 384.81 mm): Symbol R_SCLB [SYM_R_SCLB]
[lib_symbol_issues]: The current configuration does not include the symbol library 'elt'
    ; warning
    @(96.52 mm, 571.50 mm): Symbol #PWR171 [GND]
[footprint_link_issues]: The current configuration does not include the footprint library 'Inductor_SMD'
    ; warning
    @(97.79 mm, 134.62 mm): Symbol FB1 [SYM_FB1]
[lib_symbol_issues]: The current configuration does not include the symbol library 'elt'
    ; warning
    @(97.79 mm, 134.62 mm): Symbol FB1 [SYM_FB1]
[footprint_link_issues]: The current configuration does not include the footprint library 'Resistor_SMD'
    ; warning
    @(97.79 mm, 358.14 mm): Symbol R_PG [SYM_R_PG]
[lib_symbol_issues]: The current configuration does not include the symbol library 'elt'
    ; warning
    @(97.79 mm, 358.14 mm): Symbol R_PG [SYM_R_PG]
[footprint_link_issues]: The current configuration does not include the footprint library 'Capacitor_SMD'
    ; warning
    @(99.06 mm, 26.67 mm): Symbol C_3V3 [SYM_C_3V3]
[lib_symbol_issues]: The current configuration does not include the symbol library 'elt'
    ; warning
    @(99.06 mm, 26.67 mm): Symbol C_3V3 [SYM_C_3V3]
[footprint_link_issues]: The current configuration does not include the footprint library 'Resistor_SMD'
    ; warning
    @(99.06 mm, 276.86 mm): Symbol R_BID1 [SYM_R_BID1]
[lib_symbol_issues]: The current configuration does not include the symbol library 'elt'
    ; warning
    @(99.06 mm, 276.86 mm): Symbol R_BID1 [SYM_R_BID1]
[lib_symbol_issues]: The current configuration does not include the symbol library 'elt'
    ; warning
    @(100.33 mm, 53.34 mm): Symbol #PWR19 [GND]
[lib_symbol_issues]: The current configuration does not include the symbol library 'elt'
    ; warning
    @(101.60 mm, 81.28 mm): Symbol #PWR36 [GND]
[footprint_link_issues]: The current configuration does not include the footprint library 'Resistor_SMD'
    ; warning
    @(106.68 mm, 331.47 mm): Symbol R_LCCLK [SYM_R_LCCLK]
[lib_symbol_issues]: The current configuration does not include the symbol library 'elt'
    ; warning
    @(106.68 mm, 331.47 mm): Symbol R_LCCLK [SYM_R_LCCLK]
[lib_symbol_issues]: The current configuration does not include the symbol library 'elt'
    ; warning
    @(106.68 mm, 534.67 mm): Symbol #PWR154 [GND]
[footprint_link_issues]: The current configuration does not include the footprint library 'Package_SO'
    ; warning
    @(106.68 mm, 579.12 mm): Symbol U_TC [SYM_U_TC]
[lib_symbol_issues]: The current configuration does not include the symbol library 'elt'
    ; warning
    @(106.68 mm, 579.12 mm): Symbol U_TC [SYM_U_TC]
[lib_symbol_issues]: The current configuration does not include the symbol library 'elt'
    ; warning
    @(107.95 mm, 26.67 mm): Symbol #PWR02 [GND]
[footprint_link_issues]: The current configuration does not include the footprint library 'Resistor_SMD'
    ; warning
    @(109.22 mm, 303.53 mm): Symbol R_ESTOPOKSER [SYM_R_ESTOPOKSER]
[lib_symbol_issues]: The current configuration does not include the symbol library 'elt'
    ; warning
    @(109.22 mm, 303.53 mm): Symbol R_ESTOPOKSER [SYM_R_ESTOPOKSER]
[footprint_link_issues]: The current configuration does not include the footprint library 'Resistor_SMD'
    ; warning
    @(115.57 mm, 412.75 mm): Symbol R_STOPREQNPD [SYM_R_STOPREQNPD]
[lib_symbol_issues]: The current configuration does not include the symbol library 'elt'
    ; warning
    @(115.57 mm, 412.75 mm): Symbol R_STOPREQNPD [SYM_R_STOPREQNPD]
[footprint_link_issues]: The current configuration does not include the footprint library 'Package_SO'
    ; warning
    @(115.57 mm, 528.32 mm): Symbol U_EXP [SYM_U_EXP]
[lib_symbol_issues]: The current configuration does not include the symbol library 'elt'
    ; warning
    @(115.57 mm, 528.32 mm): Symbol U_EXP [SYM_U_EXP]
[footprint_link_issues]: The current configuration does not include the footprint library 'cooksense'
    ; warning
    @(116.84 mm, 212.09 mm): Symbol K_D1 [SYM_K_D1]
[lib_symbol_issues]: The current configuration does not include the symbol library 'elt'
    ; warning
    @(116.84 mm, 212.09 mm): Symbol K_D1 [SYM_K_D1]
[lib_symbol_issues]: The current configuration does not include the symbol library 'elt'
    ; warning
    @(116.84 mm, 586.74 mm): Symbol #PWR172 [GND]
[footprint_link_issues]: The current configuration does not include the footprint library 'Package_TO_SOT_SMD'
    ; warning
    @(119.38 mm, 248.92 mm): Symbol Q_COIL [SYM_Q_COIL]
[lib_symbol_issues]: The current configuration does not include the symbol library 'elt'
    ; warning
    @(119.38 mm, 248.92 mm): Symbol Q_COIL [SYM_Q_COIL]
[lib_symbol_issues]: The current configuration does not include the symbol library 'elt'
    ; warning
    @(124.46 mm, 511.81 mm): Symbol #PWR155 [GND]
[lib_symbol_issues]: The current configuration does not include the symbol library 'elt'
    ; warning
    @(124.46 mm, 514.35 mm): Symbol #PWR156 [GND]
[lib_symbol_issues]: The current configuration does not include the symbol library 'elt'
    ; warning
    @(124.46 mm, 516.89 mm): Symbol #PWR157 [GND]
[isolated_pin_label]: Label connected to only one pin
    ; warning
    @(124.46 mm, 521.97 mm): Global Label 'EXP_INTB'
[lib_symbol_issues]: The current configuration does not include the symbol library 'elt'
    ; warning
    @(128.27 mm, 412.75 mm): Symbol #PWR130 [GND]
[footprint_link_issues]: The current configuration does not include the footprint library 'Capacitor_SMD'
    ; warning
    @(134.62 mm, 107.95 mm): Symbol C_TCNA [SYM_C_TCNA]
[lib_symbol_issues]: The current configuration does not include the symbol library 'elt'
    ; warning
    @(134.62 mm, 107.95 mm): Symbol C_TCNA [SYM_C_TCNA]
[footprint_link_issues]: The current configuration does not include the footprint library 'Capacitor_SMD'
    ; warning
    @(139.70 mm, 53.34 mm): Symbol C_EXP [SYM_C_EXP]
[lib_symbol_issues]: The current configuration does not include the symbol library 'elt'
    ; warning
    @(139.70 mm, 53.34 mm): Symbol C_EXP [SYM_C_EXP]
[lib_symbol_issues]: The current configuration does not include the symbol library 'elt'
    ; warning
    @(143.51 mm, 107.95 mm): Symbol #PWR52 [GND]
[footprint_link_issues]: The current configuration does not include the footprint library 'Capacitor_SMD'
    ; warning
    @(147.32 mm, 81.28 mm): Symbol C_LDOOUT [SYM_C_LDOOUT]
[lib_symbol_issues]: The current configuration does not include the symbol library 'elt'
    ; warning
    @(147.32 mm, 81.28 mm): Symbol C_LDOOUT [SYM_C_LDOOUT]
[lib_symbol_issues]: The current configuration does not include the symbol library 'elt'
    ; warning
    @(148.59 mm, 53.34 mm): Symbol #PWR20 [GND]
[footprint_link_issues]: The current configuration does not include the footprint library 'Package_SO'
    ; warning
    @(148.59 mm, 474.98 mm): Symbol U_ADC [SYM_U_ADC]
[lib_symbol_issues]: The current configuration does not include the symbol library 'elt'
    ; warning
    @(148.59 mm, 474.98 mm): Symbol U_ADC [SYM_U_ADC]
[lib_symbol_issues]: The current configuration does not include the symbol library 'elt'
    ; warning
    @(149.86 mm, 139.70 mm): Symbol #PWR65 [GND]
[footprint_link_issues]: The current configuration does not include the footprint library 'Capacitor_SMD'
    ; warning
    @(151.13 mm, 26.67 mm): Symbol C_3V3A1 [SYM_C_3V3A1]
[lib_symbol_issues]: The current configuration does not include the symbol library 'elt'
    ; warning
    @(151.13 mm, 26.67 mm): Symbol C_3V3A1 [SYM_C_3V3A1]
[footprint_link_issues]: The current configuration does not include the footprint library 'Resistor_SMD'
    ; warning
    @(151.13 mm, 384.81 mm): Symbol R_SDAA [SYM_R_SDAA]
[lib_symbol_issues]: The current configuration does not include the symbol library 'elt'
    ; warning
    @(151.13 mm, 384.81 mm): Symbol R_SDAA [SYM_R_SDAA]
[footprint_link_issues]: The current configuration does not include the footprint library 'TestPoint'
    ; warning
    @(153.67 mm, 439.42 mm): Symbol TP_5VP [SYM_TP_5VP]
[lib_symbol_issues]: The current configuration does not include the symbol library 'elt'
    ; warning
    @(153.67 mm, 439.42 mm): Symbol TP_5VP [SYM_TP_5VP]
[footprint_link_issues]: The current configuration does not include the footprint library 'Resistor_SMD'
    ; warning
    @(154.94 mm, 276.86 mm): Symbol R_CLMPA [SYM_R_CLMPA]
[lib_symbol_issues]: The current configuration does not include the symbol library 'elt'
    ; warning
    @(154.94 mm, 276.86 mm): Symbol R_CLMPA [SYM_R_CLMPA]
[lib_symbol_issues]: The current configuration does not include the symbol library 'elt'
    ; warning
    @(157.48 mm, 81.28 mm): Symbol #PWR37 [GND]
[footprint_link_issues]: The current configuration does not include the footprint library 'Resistor_SMD'
    ; warning
    @(157.48 mm, 358.14 mm): Symbol R_RAENAPD [SYM_R_RAENAPD]
[lib_symbol_issues]: The current configuration does not include the symbol library 'elt'
    ; warning
    @(157.48 mm, 358.14 mm): Symbol R_RAENAPD [SYM_R_RAENAPD]
[lib_symbol_issues]: The current configuration does not include the symbol library 'elt'
    ; warning
    @(157.48 mm, 466.09 mm): Symbol #PWR134 [GND]
[lib_symbol_issues]: The current configuration does not include the symbol library 'elt'
    ; warning
    @(157.48 mm, 478.79 mm): Symbol #PWR135 [GND]
[footprint_link_issues]: The current configuration does not include the footprint library 'Connector_JST'
    ; warning
    @(158.75 mm, 137.16 mm): Symbol J_DOOR [SYM_J_DOOR]
[lib_symbol_issues]: The current configuration does not include the symbol library 'elt'
    ; warning
    @(158.75 mm, 137.16 mm): Symbol J_DOOR [SYM_J_DOOR]
[lib_symbol_issues]: The current configuration does not include the symbol library 'elt'
    ; warning
    @(160.02 mm, 26.67 mm): Symbol #PWR03 [GND]
[lib_symbol_issues]: The current configuration does not include the symbol library 'elt'
    ; warning
    @(160.02 mm, 591.82 mm): Symbol #PWR173 [GND]
[footprint_link_issues]: The current configuration does not include the footprint library 'Resistor_SMD'
    ; warning
    @(162.56 mm, 331.47 mm): Symbol R_LCDAT [SYM_R_LCDAT]
[lib_symbol_issues]: The current configuration does not include the symbol library 'elt'
    ; warning
    @(162.56 mm, 331.47 mm): Symbol R_LCDAT [SYM_R_LCDAT]
[lib_symbol_issues]: The current configuration does not include the symbol library 'elt'
    ; warning
    @(163.83 mm, 276.86 mm): Symbol #PWR103 [GND]
[lib_symbol_issues]: The current configuration does not include the symbol library 'elt'
    ; warning
    @(167.64 mm, 134.62 mm): Symbol #PWR66 [GND]
[lib_symbol_issues]: The current configuration does not include the symbol library 'elt'
    ; warning
    @(167.64 mm, 137.16 mm): Symbol #PWR67 [GND]
[lib_symbol_issues]: The current configuration does not include the symbol library 'elt'
    ; warning
    @(167.64 mm, 139.70 mm): Symbol #PWR68 [GND]
[lib_symbol_issues]: The current configuration does not include the symbol library 'elt'
    ; warning
    @(167.64 mm, 358.14 mm): Symbol #PWR124 [GND]
[footprint_link_issues]: The current configuration does not include the footprint library 'Package_SO'
    ; warning
    @(168.91 mm, 581.66 mm): Symbol U_ULNA [SYM_U_ULNA]
[lib_symbol_issues]: The current configuration does not include the symbol library 'elt'
    ; warning
    @(168.91 mm, 581.66 mm): Symbol U_ULNA [SYM_U_ULNA]
[lib_symbol_issues]: The current configuration does not include the symbol library 'elt'
    ; warning
    @(172.72 mm, 250.19 mm): Symbol #PWR93 [GND]
[footprint_link_issues]: The current configuration does not include the footprint library 'Resistor_SMD'
    ; warning
    @(172.72 mm, 412.75 mm): Symbol R_SWPUA [SYM_R_SWPUA]
[lib_symbol_issues]: The current configuration does not include the symbol library 'elt'
    ; warning
    @(172.72 mm, 412.75 mm): Symbol R_SWPUA [SYM_R_SWPUA]
[lib_symbol_issues]: The current configuration does not include the symbol library 'elt'
    ; warning
    @(172.72 mm, 514.35 mm): Symbol #PWR158 [GND]
[footprint_link_issues]: The current configuration does not include the footprint library 'Resistor_SMD'
    ; warning
    @(177.80 mm, 303.53 mm): Symbol R_ESTOPPD [SYM_R_ESTOPPD]
[lib_symbol_issues]: The current configuration does not include the symbol library 'elt'
    ; warning
    @(177.80 mm, 303.53 mm): Symbol R_ESTOPPD [SYM_R_ESTOPPD]
[footprint_link_issues]: The current configuration does not include the footprint library 'Package_TO_SOT_SMD'
    ; warning
    @(182.88 mm, 248.92 mm): Symbol Q_COILDRV [SYM_Q_COILDRV]
[lib_symbol_issues]: The current configuration does not include the symbol library 'elt'
    ; warning
    @(182.88 mm, 248.92 mm): Symbol Q_COILDRV [SYM_Q_COILDRV]
[footprint_link_issues]: The current configuration does not include the footprint library 'Capacitor_SMD'
    ; warning
    @(184.15 mm, 107.95 mm): Symbol C_TCPA [SYM_C_TCPA]
[lib_symbol_issues]: The current configuration does not include the symbol library 'elt'
    ; warning
    @(184.15 mm, 107.95 mm): Symbol C_TCPA [SYM_C_TCPA]
[footprint_link_issues]: The current configuration does not include the footprint library 'Package_TO_SOT_SMD'
    ; warning
    @(184.15 mm, 514.35 mm): Symbol U_FAULTAND [SYM_U_FAULTAND]
[lib_symbol_issues]: The current configuration does not include the symbol library 'elt'
    ; warning
    @(184.15 mm, 514.35 mm): Symbol U_FAULTAND [SYM_U_FAULTAND]
[footprint_link_issues]: The current configuration does not include the footprint library 'Capacitor_SMD'
    ; warning
    @(186.69 mm, 53.34 mm): Symbol C_FAULTAND [SYM_C_FAULTAND]
[lib_symbol_issues]: The current configuration does not include the symbol library 'elt'
    ; warning
    @(186.69 mm, 53.34 mm): Symbol C_FAULTAND [SYM_C_FAULTAND]
[lib_symbol_issues]: The current configuration does not include the symbol library 'elt'
    ; warning
    @(187.96 mm, 303.53 mm): Symbol #PWR113 [GND]
[footprint_link_issues]: The current configuration does not include the footprint library 'cooksense'
    ; warning
    @(189.23 mm, 212.09 mm): Symbol K_D2 [SYM_K_D2]
[lib_symbol_issues]: The current configuration does not include the symbol library 'elt'
    ; warning
    @(189.23 mm, 212.09 mm): Symbol K_D2 [SYM_K_D2]
[lib_symbol_issues]: The current configuration does not include the symbol library 'elt'
    ; warning
    @(193.04 mm, 107.95 mm): Symbol #PWR53 [GND]
[footprint_link_issues]: The current configuration does not include the footprint library 'Capacitor_SMD'
    ; warning
    @(196.85 mm, 81.28 mm): Symbol C_MR [SYM_C_MR]
[lib_symbol_issues]: The current configuration does not include the symbol library 'elt'
    ; warning
    @(196.85 mm, 81.28 mm): Symbol C_MR [SYM_C_MR]
[lib_symbol_issues]: The current configuration does not include the symbol library 'elt'
    ; warning
    @(198.12 mm, 53.34 mm): Symbol #PWR21 [GND]
[lib_symbol_issues]: The current configuration does not include the symbol library 'elt'
    ; warning
    @(200.66 mm, 468.63 mm): Symbol #PWR136 [GND]
[lib_symbol_issues]: The current configuration does not include the symbol library 'elt'
    ; warning
    @(205.74 mm, 81.28 mm): Symbol #PWR38 [GND]
[footprint_link_issues]: The current configuration does not include the footprint library 'Resistor_SMD'
    ; warning
    @(205.74 mm, 384.81 mm): Symbol R_SDAB [SYM_R_SDAB]
[lib_symbol_issues]: The current configuration does not include the symbol library 'elt'
    ; warning
    @(205.74 mm, 384.81 mm): Symbol R_SDAB [SYM_R_SDAB]
[footprint_link_issues]: The current configuration does not include the footprint library 'Capacitor_SMD'
    ; warning
    @(209.55 mm, 26.67 mm): Symbol C_3V3A2 [SYM_C_3V3A2]
[lib_symbol_issues]: The current configuration does not include the symbol library 'elt'
    ; warning
    @(209.55 mm, 26.67 mm): Symbol C_3V3A2 [SYM_C_3V3A2]
[footprint_link_issues]: The current configuration does not include the footprint library 'Resistor_SMD'
    ; warning
    @(209.55 mm, 276.86 mm): Symbol R_CLMPB [SYM_R_CLMPB]
[lib_symbol_issues]: The current configuration does not include the symbol library 'elt'
    ; warning
    @(209.55 mm, 276.86 mm): Symbol R_CLMPB [SYM_R_CLMPB]
[footprint_link_issues]: The current configuration does not include the footprint library 'Package_TO_SOT_SMD'
    ; warning
    @(209.55 mm, 468.63 mm): Symbol U_AND1 [SYM_U_AND1]
[lib_symbol_issues]: The current configuration does not include the symbol library 'elt'
    ; warning
    @(209.55 mm, 468.63 mm): Symbol U_AND1 [SYM_U_AND1]
[lib_symbol_issues]: The current configuration does not include the symbol library 'elt'
    ; warning
    @(212.09 mm, 139.70 mm): Symbol #PWR69 [GND]
[footprint_link_issues]: The current configuration does not include the footprint library 'Resistor_SMD'
    ; warning
    @(217.17 mm, 358.14 mm): Symbol R_RAENBPD [SYM_R_RAENBPD]
[lib_symbol_issues]: The current configuration does not include the symbol library 'elt'
    ; warning
    @(217.17 mm, 358.14 mm): Symbol R_RAENBPD [SYM_R_RAENBPD]
[lib_symbol_issues]: The current configuration does not include the symbol library 'elt'
    ; warning
    @(218.44 mm, 26.67 mm): Symbol #PWR04 [GND]
[lib_symbol_issues]: The current configuration does not include the symbol library 'elt'
    ; warning
    @(218.44 mm, 276.86 mm): Symbol #PWR104 [GND]
[footprint_link_issues]: The current configuration does not include the footprint library 'Connector_JST'
    ; warning
    @(220.98 mm, 137.16 mm): Symbol J_ESTOP [SYM_J_ESTOP]
[lib_symbol_issues]: The current configuration does not include the symbol library 'elt'
    ; warning
    @(220.98 mm, 137.16 mm): Symbol J_ESTOP [SYM_J_ESTOP]
[footprint_link_issues]: The current configuration does not include the footprint library 'Resistor_SMD'
    ; warning
    @(220.98 mm, 412.75 mm): Symbol R_SWPUB [SYM_R_SWPUB]
[lib_symbol_issues]: The current configuration does not include the symbol library 'elt'
    ; warning
    @(220.98 mm, 412.75 mm): Symbol R_SWPUB [SYM_R_SWPUB]
[footprint_link_issues]: The current configuration does not include the footprint library 'TestPoint'
    ; warning
    @(222.25 mm, 439.42 mm): Symbol TP_ALLOW [SYM_TP_ALLOW]
[lib_symbol_issues]: The current configuration does not include the symbol library 'elt'
    ; warning
    @(222.25 mm, 439.42 mm): Symbol TP_ALLOW [SYM_TP_ALLOW]
[lib_symbol_issues]: The current configuration does not include the symbol library 'elt'
    ; warning
    @(223.52 mm, 579.12 mm): Symbol #PWR174 [GND]
[lib_symbol_issues]: The current configuration does not include the symbol library 'elt'
    ; warning
    @(223.52 mm, 591.82 mm): Symbol #PWR175 [GND]
[lib_symbol_issues]: The current configuration does not include the symbol library 'elt'
    ; warning
    @(227.33 mm, 358.14 mm): Symbol #PWR125 [GND]
[footprint_link_issues]: The current configuration does not include the footprint library 'Resistor_SMD'
    ; warning
    @(228.60 mm, 331.47 mm): Symbol R_MCUENPD [SYM_R_MCUENPD]
[lib_symbol_issues]: The current configuration does not include the symbol library 'elt'
    ; warning
    @(228.60 mm, 331.47 mm): Symbol R_MCUENPD [SYM_R_MCUENPD]
[lib_symbol_issues]: The current configuration does not include the symbol library 'elt'
    ; warning
    @(229.87 mm, 134.62 mm): Symbol #PWR70 [GND]
[lib_symbol_issues]: The current configuration does not include the symbol library 'elt'
    ; warning
    @(229.87 mm, 137.16 mm): Symbol #PWR71 [GND]
[lib_symbol_issues]: The current configuration does not include the symbol library 'elt'
    ; warning
    @(229.87 mm, 139.70 mm): Symbol #PWR72 [GND]
[footprint_link_issues]: The current configuration does not include the footprint library 'Package_SO'
    ; warning
    @(232.41 mm, 581.66 mm): Symbol U_ULNB [SYM_U_ULNB]
[lib_symbol_issues]: The current configuration does not include the symbol library 'elt'
    ; warning
    @(232.41 mm, 581.66 mm): Symbol U_ULNB [SYM_U_ULNB]
[lib_symbol_issues]: The current configuration does not include the symbol library 'elt'
    ; warning
    @(234.95 mm, 247.65 mm): Symbol #PWR94 [GND]
[footprint_link_issues]: The current configuration does not include the footprint library 'Capacitor_SMD'
    ; warning
    @(237.49 mm, 53.34 mm): Symbol C_FLT0 [SYM_C_FLT0]
[lib_symbol_issues]: The current configuration does not include the symbol library 'elt'
    ; warning
    @(237.49 mm, 53.34 mm): Symbol C_FLT0 [SYM_C_FLT0]
[lib_symbol_issues]: The current configuration does not include the symbol library 'elt'
    ; warning
    @(238.76 mm, 331.47 mm): Symbol #PWR119 [GND]
[footprint_link_issues]: The current configuration does not include the footprint library 'Capacitor_SMD'
    ; warning
    @(241.30 mm, 107.95 mm): Symbol C_ULNA [SYM_C_ULNA]
[lib_symbol_issues]: The current configuration does not include the symbol library 'elt'
    ; warning
    @(241.30 mm, 107.95 mm): Symbol C_ULNA [SYM_C_ULNA]
[footprint_link_issues]: The current configuration does not include the footprint library 'Package_TO_SOT_SMD'
    ; warning
    @(243.84 mm, 248.92 mm): Symbol Q_REV [SYM_Q_REV]
[lib_symbol_issues]: The current configuration does not include the symbol library 'elt'
    ; warning
    @(243.84 mm, 248.92 mm): Symbol Q_REV [SYM_Q_REV]
[footprint_link_issues]: The current configuration does not include the footprint library 'Resistor_SMD'
    ; warning
    @(243.84 mm, 303.53 mm): Symbol R_ESTOPS [SYM_R_ESTOPS]
[lib_symbol_issues]: The current configuration does not include the symbol library 'elt'
    ; warning
    @(243.84 mm, 303.53 mm): Symbol R_ESTOPS [SYM_R_ESTOPS]
[lib_symbol_issues]: The current configuration does not include the symbol library 'elt'
    ; warning
    @(245.11 mm, 516.89 mm): Symbol #PWR159 [GND]
[lib_symbol_issues]: The current configuration does not include the symbol library 'elt'
    ; warning
    @(246.38 mm, 53.34 mm): Symbol #PWR22 [GND]
[footprint_link_issues]: The current configuration does not include the footprint library 'Capacitor_SMD'
    ; warning
    @(246.38 mm, 81.28 mm): Symbol C_OENAND [SYM_C_OENAND]
[lib_symbol_issues]: The current configuration does not include the symbol library 'elt'
    ; warning
    @(246.38 mm, 81.28 mm): Symbol C_OENAND [SYM_C_OENAND]
[lib_symbol_issues]: The current configuration does not include the symbol library 'elt'
    ; warning
    @(250.19 mm, 107.95 mm): Symbol #PWR54 [GND]
[footprint_link_issues]: The current configuration does not include the footprint library 'Package_TO_SOT_SMD'
    ; warning
    @(255.27 mm, 514.35 mm): Symbol U_LATCHA [SYM_U_LATCHA]
[lib_symbol_issues]: The current configuration does not include the symbol library 'elt'
    ; warning
    @(255.27 mm, 514.35 mm): Symbol U_LATCHA [SYM_U_LATCHA]
[lib_symbol_issues]: The current configuration does not include the symbol library 'elt'
    ; warning
    @(256.54 mm, 81.28 mm): Symbol #PWR39 [GND]
[footprint_link_issues]: The current configuration does not include the footprint library 'Resistor_SMD'
    ; warning
    @(260.35 mm, 384.81 mm): Symbol R_SER0 [SYM_R_SER0]
[lib_symbol_issues]: The current configuration does not include the symbol library 'elt'
    ; warning
    @(260.35 mm, 384.81 mm): Symbol R_SER0 [SYM_R_SER0]
[footprint_link_issues]: The current configuration does not include the footprint library 'cooksense'
    ; warning
    @(262.89 mm, 212.09 mm): Symbol K_D3 [SYM_K_D3]
[lib_symbol_issues]: The current configuration does not include the symbol library 'elt'
    ; warning
    @(262.89 mm, 212.09 mm): Symbol K_D3 [SYM_K_D3]
[lib_symbol_issues]: The current configuration does not include the symbol library 'elt'
    ; warning
    @(267.97 mm, 468.63 mm): Symbol #PWR137 [GND]
[footprint_link_issues]: The current configuration does not include the footprint library 'Capacitor_SMD'
    ; warning
    @(269.24 mm, 26.67 mm): Symbol C_ADCV [SYM_C_ADCV]
[lib_symbol_issues]: The current configuration does not include the symbol library 'elt'
    ; warning
    @(269.24 mm, 26.67 mm): Symbol C_ADCV [SYM_C_ADCV]
[footprint_link_issues]: The current configuration does not include the footprint library 'Resistor_SMD'
    ; warning
    @(269.24 mm, 276.86 mm): Symbol R_COILENPD [SYM_R_COILENPD]
[lib_symbol_issues]: The current configuration does not include the symbol library 'elt'
    ; warning
    @(269.24 mm, 276.86 mm): Symbol R_COILENPD [SYM_R_COILENPD]
[footprint_link_issues]: The current configuration does not include the footprint library 'Resistor_SMD'
    ; warning
    @(273.05 mm, 412.75 mm): Symbol R_SWPURHA [SYM_R_SWPURHA]
[lib_symbol_issues]: The current configuration does not include the symbol library 'elt'
    ; warning
    @(273.05 mm, 412.75 mm): Symbol R_SWPURHA [SYM_R_SWPURHA]
[footprint_link_issues]: The current configuration does not include the footprint library 'Package_TO_SOT_SMD'
    ; warning
    @(276.86 mm, 468.63 mm): Symbol U_AND2 [SYM_U_AND2]
[lib_symbol_issues]: The current configuration does not include the symbol library 'elt'
    ; warning
    @(276.86 mm, 468.63 mm): Symbol U_AND2 [SYM_U_AND2]
[lib_symbol_issues]: The current configuration does not include the symbol library 'elt'
    ; warning
    @(278.13 mm, 26.67 mm): Symbol #PWR05 [GND]
[footprint_link_issues]: The current configuration does not include the footprint library 'Resistor_SMD'
    ; warning
    @(279.40 mm, 358.14 mm): Symbol R_RAENRHAPD [SYM_R_RAENRHAPD]
[lib_symbol_issues]: The current configuration does not include the symbol library 'elt'
    ; warning
    @(279.40 mm, 358.14 mm): Symbol R_RAENRHAPD [SYM_R_RAENRHAPD]
[lib_symbol_issues]: The current configuration does not include the symbol library 'elt'
    ; warning
    @(280.67 mm, 276.86 mm): Symbol #PWR105 [GND]
[lib_symbol_issues]: The current configuration does not include the symbol library 'elt'
    ; warning
    @(280.67 mm, 574.04 mm): Symbol #PWR176 [GND]
[footprint_link_issues]: The current configuration does not include the footprint library 'Capacitor_SMD'
    ; warning
    @(289.56 mm, 53.34 mm): Symbol C_FLT1 [SYM_C_FLT1]
[lib_symbol_issues]: The current configuration does not include the symbol library 'elt'
    ; warning
    @(289.56 mm, 53.34 mm): Symbol C_FLT1 [SYM_C_FLT1]
[footprint_link_issues]: The current configuration does not include the footprint library 'cooksense'
    ; warning
    @(289.56 mm, 135.89 mm): Symbol J_ISOLOOP [SYM_J_ISOLOOP]
[lib_symbol_issues]: The current configuration does not include the symbol library 'elt'
    ; warning
    @(289.56 mm, 135.89 mm): Symbol J_ISOLOOP [SYM_J_ISOLOOP]
[footprint_link_issues]: The current configuration does not include the footprint library 'TestPoint'
    ; warning
    @(289.56 mm, 439.42 mm): Symbol TP_DSEL [SYM_TP_DSEL]
[lib_symbol_issues]: The current configuration does not include the symbol library 'elt'
    ; warning
    @(289.56 mm, 439.42 mm): Symbol TP_DSEL [SYM_TP_DSEL]
[footprint_link_issues]: The current configuration does not include the footprint library 'Package_TO_SOT_SMD'
    ; warning
    @(289.56 mm, 574.04 mm): Symbol U_WD [SYM_U_WD]
[lib_symbol_issues]: The current configuration does not include the symbol library 'elt'
    ; warning
    @(289.56 mm, 574.04 mm): Symbol U_WD [SYM_U_WD]
[lib_symbol_issues]: The current configuration does not include the symbol library 'elt'
    ; warning
    @(290.83 mm, 358.14 mm): Symbol #PWR126 [GND]
[lib_symbol_issues]: The current configuration does not include the symbol library 'elt'
    ; warning
    @(292.10 mm, 250.19 mm): Symbol #PWR95 [GND]
[footprint_link_issues]: The current configuration does not include the footprint library 'Capacitor_SMD'
    ; warning
    @(294.64 mm, 81.28 mm): Symbol C_OS [SYM_C_OS]
[lib_symbol_issues]: The current configuration does not include the symbol library 'elt'
    ; warning
    @(294.64 mm, 81.28 mm): Symbol C_OS [SYM_C_OS]
[lib_symbol_issues]: The current configuration does not include the symbol library 'elt'
    ; warning
    @(298.45 mm, 53.34 mm): Symbol #PWR23 [GND]
[footprint_link_issues]: The current configuration does not include the footprint library 'Resistor_SMD'
    ; warning
    @(299.72 mm, 331.47 mm): Symbol R_MODEHWPD [SYM_R_MODEHWPD]
[lib_symbol_issues]: The current configuration does not include the symbol library 'elt'
    ; warning
    @(299.72 mm, 331.47 mm): Symbol R_MODEHWPD [SYM_R_MODEHWPD]
[footprint_link_issues]: The current configuration does not include the footprint library 'Resistor_SMD'
    ; warning
    @(300.99 mm, 303.53 mm): Symbol R_FAULTPU [SYM_R_FAULTPU]
[lib_symbol_issues]: The current configuration does not include the symbol library 'elt'
    ; warning
    @(300.99 mm, 303.53 mm): Symbol R_FAULTPU [SYM_R_FAULTPU]
[footprint_link_issues]: The current configuration does not include the footprint library 'Package_TO_SOT_SMD'
    ; warning
    @(302.26 mm, 248.92 mm): Symbol Q_STOPDRV [SYM_Q_STOPDRV]
[lib_symbol_issues]: The current configuration does not include the symbol library 'elt'
    ; warning
    @(302.26 mm, 248.92 mm): Symbol Q_STOPDRV [SYM_Q_STOPDRV]
[footprint_link_issues]: The current configuration does not include the footprint library 'Capacitor_SMD'
    ; warning
    @(304.80 mm, 107.95 mm): Symbol C_ULNB [SYM_C_ULNB]
[lib_symbol_issues]: The current configuration does not include the symbol library 'elt'
    ; warning
    @(304.80 mm, 107.95 mm): Symbol C_ULNB [SYM_C_ULNB]
[lib_symbol_issues]: The current configuration does not include the symbol library 'elt'
    ; warning
    @(311.15 mm, 331.47 mm): Symbol #PWR120 [GND]
[lib_symbol_issues]: The current configuration does not include the symbol library 'elt'
    ; warning
    @(313.69 mm, 107.95 mm): Symbol #PWR55 [GND]
[footprint_link_issues]: The current configuration does not include the footprint library 'Resistor_SMD'
    ; warning
    @(317.50 mm, 384.81 mm): Symbol R_SER1 [SYM_R_SER1]
[lib_symbol_issues]: The current configuration does not include the symbol library 'elt'
    ; warning
    @(317.50 mm, 384.81 mm): Symbol R_SER1 [SYM_R_SER1]
[lib_symbol_issues]: The current configuration does not include the symbol library 'elt'
    ; warning
    @(321.31 mm, 516.89 mm): Symbol #PWR160 [GND]
[footprint_link_issues]: The current configuration does not include the footprint library 'Capacitor_SMD'
    ; warning
    @(327.66 mm, 26.67 mm): Symbol C_ADCV2 [SYM_C_ADCV2]
[lib_symbol_issues]: The current configuration does not include the symbol library 'elt'
    ; warning
    @(327.66 mm, 26.67 mm): Symbol C_ADCV2 [SYM_C_ADCV2]
[footprint_link_issues]: The current configuration does not include the footprint library 'Resistor_SMD'
    ; warning
    @(328.93 mm, 412.75 mm): Symbol R_SWPURHE [SYM_R_SWPURHE]
[lib_symbol_issues]: The current configuration does not include the symbol library 'elt'
    ; warning
    @(328.93 mm, 412.75 mm): Symbol R_SWPURHE [SYM_R_SWPURHE]
[footprint_link_issues]: The current configuration does not include the footprint library 'Package_TO_SOT_SMD'
    ; warning
    @(331.47 mm, 514.35 mm): Symbol U_LATCHB [SYM_U_LATCHB]
[lib_symbol_issues]: The current configuration does not include the symbol library 'elt'
    ; warning
    @(331.47 mm, 514.35 mm): Symbol U_LATCHB [SYM_U_LATCHB]
[footprint_link_issues]: The current configuration does not include the footprint library 'Resistor_SMD'
    ; warning
    @(332.74 mm, 276.86 mm): Symbol R_COILENS [SYM_R_COILENS]
[lib_symbol_issues]: The current configuration does not include the symbol library 'elt'
    ; warning
    @(332.74 mm, 276.86 mm): Symbol R_COILENS [SYM_R_COILENS]
[lib_symbol_issues]: The current configuration does not include the symbol library 'elt'
    ; warning
    @(336.55 mm, 26.67 mm): Symbol #PWR06 [GND]
[footprint_link_issues]: The current configuration does not include the footprint library 'cooksense'
    ; warning
    @(336.55 mm, 212.09 mm): Symbol K_D4 [SYM_K_D4]
[lib_symbol_issues]: The current configuration does not include the symbol library 'elt'
    ; warning
    @(336.55 mm, 212.09 mm): Symbol K_D4 [SYM_K_D4]
[lib_symbol_issues]: The current configuration does not include the symbol library 'elt'
    ; warning
    @(341.63 mm, 468.63 mm): Symbol #PWR138 [GND]
[footprint_link_issues]: The current configuration does not include the footprint library 'Capacitor_SMD'
    ; warning
    @(342.90 mm, 53.34 mm): Symbol C_FLT2 [SYM_C_FLT2]
[lib_symbol_issues]: The current configuration does not include the symbol library 'elt'
    ; warning
    @(342.90 mm, 53.34 mm): Symbol C_FLT2 [SYM_C_FLT2]
[footprint_link_issues]: The current configuration does not include the footprint library 'Capacitor_SMD'
    ; warning
    @(344.17 mm, 81.28 mm): Symbol C_OS2 [SYM_C_OS2]
[lib_symbol_issues]: The current configuration does not include the symbol library 'elt'
    ; warning
    @(344.17 mm, 81.28 mm): Symbol C_OS2 [SYM_C_OS2]
[footprint_link_issues]: The current configuration does not include the footprint library 'Resistor_SMD'
    ; warning
    @(345.44 mm, 358.14 mm): Symbol R_RAENRHEPD [SYM_R_RAENRHEPD]
[lib_symbol_issues]: The current configuration does not include the symbol library 'elt'
    ; warning
    @(345.44 mm, 358.14 mm): Symbol R_RAENRHEPD [SYM_R_RAENRHEPD]
[footprint_link_issues]: The current configuration does not include the footprint library 'TestPoint'
    ; warning
    @(349.25 mm, 439.42 mm): Symbol TP_ENCL [SYM_TP_ENCL]
[lib_symbol_issues]: The current configuration does not include the symbol library 'elt'
    ; warning
    @(349.25 mm, 439.42 mm): Symbol TP_ENCL [SYM_TP_ENCL]
[footprint_link_issues]: The current configuration does not include the footprint library 'Package_TO_SOT_SMD'
    ; warning
    @(350.52 mm, 468.63 mm): Symbol U_AND3 [SYM_U_AND3]
[lib_symbol_issues]: The current configuration does not include the symbol library 'elt'
    ; warning
    @(350.52 mm, 468.63 mm): Symbol U_AND3 [SYM_U_AND3]
[lib_symbol_issues]: The current configuration does not include the symbol library 'elt'
    ; warning
    @(351.79 mm, 53.34 mm): Symbol #PWR24 [GND]
[footprint_link_issues]: The current configuration does not include the footprint library 'Connector_JST'
    ; warning
    @(355.60 mm, 139.70 mm): Symbol J_KEY_MATRIX [SYM_J_KEY_MATRIX]
[lib_symbol_issues]: The current configuration does not include the symbol library 'elt'
    ; warning
    @(355.60 mm, 139.70 mm): Symbol J_KEY_MATRIX [SYM_J_KEY_MATRIX]
[lib_symbol_issues]: The current configuration does not include the symbol library 'elt'
    ; warning
    @(356.87 mm, 358.14 mm): Symbol #PWR127 [GND]
[footprint_link_issues]: The current configuration does not include the footprint library 'Capacitor_SMD'
    ; warning
    @(358.14 mm, 107.95 mm): Symbol C_WD [SYM_C_WD]
[lib_symbol_issues]: The current configuration does not include the symbol library 'elt'
    ; warning
    @(358.14 mm, 107.95 mm): Symbol C_WD [SYM_C_WD]
[footprint_link_issues]: The current configuration does not include the footprint library 'Resistor_SMD'
    ; warning
    @(358.14 mm, 303.53 mm): Symbol R_FAULTSER [SYM_R_FAULTSER]
[lib_symbol_issues]: The current configuration does not include the symbol library 'elt'
    ; warning
    @(358.14 mm, 303.53 mm): Symbol R_FAULTSER [SYM_R_FAULTSER]
[footprint_link_issues]: The current configuration does not include the footprint library 'Package_TO_SOT_SMD'
    ; warning
    @(361.95 mm, 248.92 mm): Symbol Q_SWA [SYM_Q_SWA]
[lib_symbol_issues]: The current configuration does not include the symbol library 'elt'
    ; warning
    @(361.95 mm, 248.92 mm): Symbol Q_SWA [SYM_Q_SWA]
[lib_symbol_issues]: The current configuration does not include the symbol library 'elt'
    ; warning
    @(367.03 mm, 107.95 mm): Symbol #PWR56 [GND]
[footprint_link_issues]: The current configuration does not include the footprint library 'Resistor_SMD'
    ; warning
    @(372.11 mm, 331.47 mm): Symbol R_MODEHWSER [SYM_R_MODEHWSER]
[lib_symbol_issues]: The current configuration does not include the symbol library 'elt'
    ; warning
    @(372.11 mm, 331.47 mm): Symbol R_MODEHWSER [SYM_R_MODEHWSER]
[footprint_link_issues]: The current configuration does not include the footprint library 'Resistor_SMD'
    ; warning
    @(375.92 mm, 384.81 mm): Symbol R_SER2 [SYM_R_SER2]
[lib_symbol_issues]: The current configuration does not include the symbol library 'elt'
    ; warning
    @(375.92 mm, 384.81 mm): Symbol R_SER2 [SYM_R_SER2]
[footprint_link_issues]: The current configuration does not include the footprint library 'Capacitor_SMD'
    ; warning
    @(379.73 mm, 26.67 mm): Symbol C_AND1 [SYM_C_AND1]
[lib_symbol_issues]: The current configuration does not include the symbol library 'elt'
    ; warning
    @(379.73 mm, 26.67 mm): Symbol C_AND1 [SYM_C_AND1]
[footprint_link_issues]: The current configuration does not include the footprint library 'Resistor_SMD'
    ; warning
    @(384.81 mm, 412.75 mm): Symbol R_TCN [SYM_R_TCN]
[lib_symbol_issues]: The current configuration does not include the symbol library 'elt'
    ; warning
    @(384.81 mm, 412.75 mm): Symbol R_TCN [SYM_R_TCN]
[lib_symbol_issues]: The current configuration does not include the symbol library 'elt'
    ; warning
    @(388.62 mm, 26.67 mm): Symbol #PWR07 [GND]
[footprint_link_issues]: The current configuration does not include the footprint library 'Capacitor_SMD'
    ; warning
    @(391.16 mm, 81.28 mm): Symbol C_OSCLR [SYM_C_OSCLR]
[lib_symbol_issues]: The current configuration does not include the symbol library 'elt'
    ; warning
    @(391.16 mm, 81.28 mm): Symbol C_OSCLR [SYM_C_OSCLR]
[lib_symbol_issues]: The current configuration does not include the symbol library 'elt'
    ; warning
    @(393.70 mm, 514.35 mm): Symbol #PWR161 [GND]
[footprint_link_issues]: The current configuration does not include the footprint library 'Capacitor_SMD'
    ; warning
    @(394.97 mm, 53.34 mm): Symbol C_FLT3 [SYM_C_FLT3]
[lib_symbol_issues]: The current configuration does not include the symbol library 'elt'
    ; warning
    @(394.97 mm, 53.34 mm): Symbol C_FLT3 [SYM_C_FLT3]
[footprint_link_issues]: The current configuration does not include the footprint library 'Resistor_SMD'
    ; warning
    @(397.51 mm, 276.86 mm): Symbol R_CTRREQPD [SYM_R_CTRREQPD]
[lib_symbol_issues]: The current configuration does not include the symbol library 'elt'
    ; warning
    @(397.51 mm, 276.86 mm): Symbol R_CTRREQPD [SYM_R_CTRREQPD]
[lib_symbol_issues]: The current configuration does not include the symbol library 'elt'
    ; warning
    @(400.05 mm, 81.28 mm): Symbol #PWR40 [GND]
[lib_symbol_issues]: The current configuration does not include the symbol library 'elt'
    ; warning
    @(403.86 mm, 53.34 mm): Symbol #PWR25 [GND]
[footprint_link_issues]: The current configuration does not include the footprint library 'Package_TO_SOT_SMD'
    ; warning
    @(403.86 mm, 514.35 mm): Symbol U_LATCHG [SYM_U_LATCHG]
[lib_symbol_issues]: The current configuration does not include the symbol library 'elt'
    ; warning
    @(403.86 mm, 514.35 mm): Symbol U_LATCHG [SYM_U_LATCHG]
[lib_symbol_issues]: The current configuration does not include the symbol library 'elt'
    ; warning
    @(405.13 mm, 468.63 mm): Symbol #PWR139 [GND]
[lib_symbol_issues]: The current configuration does not include the symbol library 'elt'
    ; warning
    @(406.40 mm, 139.70 mm): Symbol #PWR73 [GND]
[footprint_link_issues]: The current configuration does not include the footprint library 'Resistor_SMD'
    ; warning
    @(406.40 mm, 358.14 mm): Symbol R_REARMPU [SYM_R_REARMPU]
[lib_symbol_issues]: The current configuration does not include the symbol library 'elt'
    ; warning
    @(406.40 mm, 358.14 mm): Symbol R_REARMPU [SYM_R_REARMPU]
[lib_symbol_issues]: The current configuration does not include the symbol library 'elt'
    ; warning
    @(408.94 mm, 276.86 mm): Symbol #PWR106 [GND]
[footprint_link_issues]: The current configuration does not include the footprint library 'cooksense'
    ; warning
    @(410.21 mm, 212.09 mm): Symbol K_PRESS [SYM_K_PRESS]
[lib_symbol_issues]: The current configuration does not include the symbol library 'elt'
    ; warning
    @(410.21 mm, 212.09 mm): Symbol K_PRESS [SYM_K_PRESS]
[footprint_link_issues]: The current configuration does not include the footprint library 'TestPoint'
    ; warning
    @(410.21 mm, 439.42 mm): Symbol TP_ESTOP [SYM_TP_ESTOP]
[lib_symbol_issues]: The current configuration does not include the symbol library 'elt'
    ; warning
    @(410.21 mm, 439.42 mm): Symbol TP_ESTOP [SYM_TP_ESTOP]
[footprint_link_issues]: The current configuration does not include the footprint library 'Diode_SMD'
    ; warning
    @(411.48 mm, 107.95 mm): Symbol D_COILEN [SYM_D_COILEN]
[lib_symbol_issues]: The current configuration does not include the symbol library 'elt'
    ; warning
    @(411.48 mm, 107.95 mm): Symbol D_COILEN [SYM_D_COILEN]
[footprint_link_issues]: The current configuration does not include the footprint library 'Package_TO_SOT_SMD'
    ; warning
    @(414.02 mm, 468.63 mm): Symbol U_CAND1 [SYM_U_CAND1]
[lib_symbol_issues]: The current configuration does not include the symbol library 'elt'
    ; warning
    @(414.02 mm, 468.63 mm): Symbol U_CAND1 [SYM_U_CAND1]
[footprint_link_issues]: The current configuration does not include the footprint library 'Package_TO_SOT_SMD'
    ; warning
    @(416.56 mm, 248.92 mm): Symbol Q_SWB [SYM_Q_SWB]
[lib_symbol_issues]: The current configuration does not include the symbol library 'elt'
    ; warning
    @(416.56 mm, 248.92 mm): Symbol Q_SWB [SYM_Q_SWB]
[footprint_link_issues]: The current configuration does not include the footprint library 'Connector_JST'
    ; warning
    @(417.83 mm, 137.16 mm): Symbol J_LOADCELL [SYM_J_LOADCELL]
[lib_symbol_issues]: The current configuration does not include the symbol library 'elt'
    ; warning
    @(417.83 mm, 137.16 mm): Symbol J_LOADCELL [SYM_J_LOADCELL]
[lib_symbol_issues]: The current configuration does not include the symbol library 'elt'
    ; warning
    @(421.64 mm, 107.95 mm): Symbol #PWR57 [GND]
[footprint_link_issues]: The current configuration does not include the footprint library 'Capacitor_SMD'
    ; warning
    @(424.18 mm, 26.67 mm): Symbol C_AND2 [SYM_C_AND2]
[lib_symbol_issues]: The current configuration does not include the symbol library 'elt'
    ; warning
    @(424.18 mm, 26.67 mm): Symbol C_AND2 [SYM_C_AND2]
[footprint_link_issues]: The current configuration does not include the footprint library 'Resistor_SMD'
    ; warning
    @(425.45 mm, 303.53 mm): Symbol R_FLCPD [SYM_R_FLCPD]
[lib_symbol_issues]: The current configuration does not include the symbol library 'elt'
    ; warning
    @(425.45 mm, 303.53 mm): Symbol R_FLCPD [SYM_R_FLCPD]
[footprint_link_issues]: The current configuration does not include the footprint library 'Resistor_SMD'
    ; warning
    @(430.53 mm, 384.81 mm): Symbol R_SER3 [SYM_R_SER3]
[lib_symbol_issues]: The current configuration does not include the symbol library 'elt'
    ; warning
    @(430.53 mm, 384.81 mm): Symbol R_SER3 [SYM_R_SER3]
[lib_symbol_issues]: The current configuration does not include the symbol library 'elt'
    ; warning
    @(433.07 mm, 26.67 mm): Symbol #PWR08 [GND]
[lib_symbol_issues]: The current configuration does not include the symbol library 'elt'
    ; warning
    @(434.34 mm, 303.53 mm): Symbol #PWR114 [GND]
[footprint_link_issues]: The current configuration does not include the footprint library 'Capacitor_SMD'
    ; warning
    @(435.61 mm, 81.28 mm): Symbol C_OSV [SYM_C_OSV]
[lib_symbol_issues]: The current configuration does not include the symbol library 'elt'
    ; warning
    @(435.61 mm, 81.28 mm): Symbol C_OSV [SYM_C_OSV]
[footprint_link_issues]: The current configuration does not include the footprint library 'Resistor_SMD'
    ; warning
    @(439.42 mm, 331.47 mm): Symbol R_MODEPD [SYM_R_MODEPD]
[lib_symbol_issues]: The current configuration does not include the symbol library 'elt'
    ; warning
    @(439.42 mm, 331.47 mm): Symbol R_MODEPD [SYM_R_MODEPD]
[footprint_link_issues]: The current configuration does not include the footprint library 'Resistor_SMD'
    ; warning
    @(441.96 mm, 412.75 mm): Symbol R_TCP [SYM_R_TCP]
[lib_symbol_issues]: The current configuration does not include the symbol library 'elt'
    ; warning
    @(441.96 mm, 412.75 mm): Symbol R_TCP [SYM_R_TCP]
[lib_symbol_issues]: The current configuration does not include the symbol library 'elt'
    ; warning
    @(444.50 mm, 81.28 mm): Symbol #PWR41 [GND]
[footprint_link_issues]: The current configuration does not include the footprint library 'Capacitor_SMD'
    ; warning
    @(448.31 mm, 53.34 mm): Symbol C_FLT4 [SYM_C_FLT4]
[lib_symbol_issues]: The current configuration does not include the symbol library 'elt'
    ; warning
    @(448.31 mm, 53.34 mm): Symbol C_FLT4 [SYM_C_FLT4]
[lib_symbol_issues]: The current configuration does not include the symbol library 'elt'
    ; warning
    @(449.58 mm, 331.47 mm): Symbol #PWR121 [GND]
[lib_symbol_issues]: The current configuration does not include the symbol library 'elt'
    ; warning
    @(457.20 mm, 53.34 mm): Symbol #PWR26 [GND]
[lib_symbol_issues]: The current configuration does not include the symbol library 'elt'
    ; warning
    @(461.01 mm, 511.81 mm): Symbol #PWR162 [GND]
[lib_symbol_issues]: The current configuration does not include the symbol library 'elt'
    ; warning
    @(463.55 mm, 250.19 mm): Symbol #PWR96 [GND]
[footprint_link_issues]: The current configuration does not include the footprint library 'Resistor_SMD'
    ; warning
    @(463.55 mm, 276.86 mm): Symbol R_CTRSAFEPD [SYM_R_CTRSAFEPD]
[lib_symbol_issues]: The current configuration does not include the symbol library 'elt'
    ; warning
    @(463.55 mm, 276.86 mm): Symbol R_CTRSAFEPD [SYM_R_CTRSAFEPD]
[footprint_link_issues]: The current configuration does not include the footprint library 'Resistor_SMD'
    ; warning
    @(463.55 mm, 358.14 mm): Symbol R_REF0 [SYM_R_REF0]
[lib_symbol_issues]: The current configuration does not include the symbol library 'elt'
    ; warning
    @(463.55 mm, 358.14 mm): Symbol R_REF0 [SYM_R_REF0]
[footprint_link_issues]: The current configuration does not include the footprint library 'TestPoint'
    ; warning
    @(463.55 mm, 439.42 mm): Symbol TP_FAULT [SYM_TP_FAULT]
[lib_symbol_issues]: The current configuration does not include the symbol library 'elt'
    ; warning
    @(463.55 mm, 439.42 mm): Symbol TP_FAULT [SYM_TP_FAULT]
[footprint_link_issues]: The current configuration does not include the footprint library 'Capacitor_SMD'
    ; warning
    @(468.63 mm, 26.67 mm): Symbol C_AND3 [SYM_C_AND3]
[lib_symbol_issues]: The current configuration does not include the symbol library 'elt'
    ; warning
    @(468.63 mm, 26.67 mm): Symbol C_AND3 [SYM_C_AND3]
[lib_symbol_issues]: The current configuration does not include the symbol library 'elt'
    ; warning
    @(469.90 mm, 468.63 mm): Symbol #PWR140 [GND]
[footprint_link_issues]: The current configuration does not include the footprint library 'Package_TO_SOT_SMD'
    ; warning
    @(469.90 mm, 513.08 mm): Symbol U_LDO [SYM_U_LDO]
[lib_symbol_issues]: The current configuration does not include the symbol library 'elt'
    ; warning
    @(469.90 mm, 513.08 mm): Symbol U_LDO [SYM_U_LDO]
[footprint_link_issues]: The current configuration does not include the footprint library 'Diode_SMD'
    ; warning
    @(473.71 mm, 107.95 mm): Symbol D_DOOR [SYM_D_DOOR]
[lib_symbol_issues]: The current configuration does not include the symbol library 'elt'
    ; warning
    @(473.71 mm, 107.95 mm): Symbol D_DOOR [SYM_D_DOOR]
[footprint_link_issues]: The current configuration does not include the footprint library 'Package_TO_SOT_SMD'
    ; warning
    @(473.71 mm, 248.92 mm): Symbol Q_SWDRVA [SYM_Q_SWDRVA]
[lib_symbol_issues]: The current configuration does not include the symbol library 'elt'
    ; warning
    @(473.71 mm, 248.92 mm): Symbol Q_SWDRVA [SYM_Q_SWDRVA]
[lib_symbol_issues]: The current configuration does not include the symbol library 'elt'
    ; warning
    @(474.98 mm, 276.86 mm): Symbol #PWR107 [GND]
[lib_symbol_issues]: The current configuration does not include the symbol library 'elt'
    ; warning
    @(477.52 mm, 26.67 mm): Symbol #PWR09 [GND]
[footprint_link_issues]: The current configuration does not include the footprint library 'Package_TO_SOT_SMD'
    ; warning
    @(478.79 mm, 468.63 mm): Symbol U_CAND2 [SYM_U_CAND2]
[lib_symbol_issues]: The current configuration does not include the symbol library 'elt'
    ; warning
    @(478.79 mm, 468.63 mm): Symbol U_CAND2 [SYM_U_CAND2]
[footprint_link_issues]: The current configuration does not include the footprint library 'Capacitor_SMD'
    ; warning
    @(480.06 mm, 81.28 mm): Symbol C_SCHM [SYM_C_SCHM]
[lib_symbol_issues]: The current configuration does not include the symbol library 'elt'
    ; warning
    @(480.06 mm, 81.28 mm): Symbol C_SCHM [SYM_C_SCHM]
[footprint_link_issues]: The current configuration does not include the footprint library 'cooksense'
    ; warning
    @(482.60 mm, 212.09 mm): Symbol K_STOP [SYM_K_STOP]
[lib_symbol_issues]: The current configuration does not include the symbol library 'elt'
    ; warning
    @(482.60 mm, 212.09 mm): Symbol K_STOP [SYM_K_STOP]
[lib_symbol_issues]: The current configuration does not include the symbol library 'elt'
    ; warning
    @(483.87 mm, 107.95 mm): Symbol #PWR58 [GND]
[footprint_link_issues]: The current configuration does not include the footprint library 'Connector_JST'
    ; warning
    @(487.68 mm, 137.16 mm): Symbol J_MODE [SYM_J_MODE]
[lib_symbol_issues]: The current configuration does not include the symbol library 'elt'
    ; warning
    @(487.68 mm, 137.16 mm): Symbol J_MODE [SYM_J_MODE]
[footprint_link_issues]: The current configuration does not include the footprint library 'Resistor_SMD'
    ; warning
    @(487.68 mm, 384.81 mm): Symbol R_SER4 [SYM_R_SER4]
[lib_symbol_issues]: The current configuration does not include the symbol library 'elt'
    ; warning
    @(487.68 mm, 384.81 mm): Symbol R_SER4 [SYM_R_SER4]
[lib_symbol_issues]: The current configuration does not include the symbol library 'elt'
    ; warning
    @(488.95 mm, 81.28 mm): Symbol #PWR42 [GND]
[footprint_link_issues]: The current configuration does not include the footprint library 'Resistor_SMD'
    ; warning
    @(494.03 mm, 303.53 mm): Symbol R_FSETNPD [SYM_R_FSETNPD]
[lib_symbol_issues]: The current configuration does not include the symbol library 'elt'
    ; warning
    @(494.03 mm, 303.53 mm): Symbol R_FSETNPD [SYM_R_FSETNPD]
[footprint_link_issues]: The current configuration does not include the footprint library 'Resistor_SMD'
    ; warning
    @(494.03 mm, 331.47 mm): Symbol R_MR [SYM_R_MR]
[lib_symbol_issues]: The current configuration does not include the symbol library 'elt'
    ; warning
    @(494.03 mm, 331.47 mm): Symbol R_MR [SYM_R_MR]
[lib_symbol_issues]: The current configuration does not include the symbol library 'elt'
    ; warning
    @(496.57 mm, 137.16 mm): Symbol #PWR74 [GND]
[footprint_link_issues]: The current configuration does not include the footprint library 'Capacitor_SMD'
    ; warning
    @(500.38 mm, 53.34 mm): Symbol C_FLT5 [SYM_C_FLT5]
[lib_symbol_issues]: The current configuration does not include the symbol library 'elt'
    ; warning
    @(500.38 mm, 53.34 mm): Symbol C_FLT5 [SYM_C_FLT5]
[footprint_link_issues]: The current configuration does not include the footprint library 'Resistor_SMD'
    ; warning
    @(500.38 mm, 412.75 mm): Symbol R_TEMPOK [SYM_R_TEMPOK]
[lib_symbol_issues]: The current configuration does not include the symbol library 'elt'
    ; warning
    @(500.38 mm, 412.75 mm): Symbol R_TEMPOK [SYM_R_TEMPOK]
[lib_symbol_issues]: The current configuration does not include the symbol library 'elt'
    ; warning
    @(504.19 mm, 303.53 mm): Symbol #PWR115 [GND]
[lib_symbol_issues]: The current configuration does not include the symbol library 'elt'
    ; warning
    @(509.27 mm, 53.34 mm): Symbol #PWR27 [GND]
[footprint_link_issues]: The current configuration does not include the footprint library 'Capacitor_SMD'
    ; warning
    @(511.81 mm, 26.67 mm): Symbol C_CAND1 [SYM_C_CAND1]
[lib_symbol_issues]: The current configuration does not include the symbol library 'elt'
    ; warning
    @(511.81 mm, 26.67 mm): Symbol C_CAND1 [SYM_C_CAND1]
[lib_symbol_issues]: The current configuration does not include the symbol library 'elt'
    ; warning
    @(520.70 mm, 26.67 mm): Symbol #PWR10 [GND]
[footprint_link_issues]: The current configuration does not include the footprint library 'TestPoint'
    ; warning
    @(520.70 mm, 439.42 mm): Symbol TP_PGOOD [SYM_TP_PGOOD]
[lib_symbol_issues]: The current configuration does not include the symbol library 'elt'
    ; warning
    @(520.70 mm, 439.42 mm): Symbol TP_PGOOD [SYM_TP_PGOOD]
[lib_symbol_issues]: The current configuration does not include the symbol library 'elt'
    ; warning
    @(523.24 mm, 250.19 mm): Symbol #PWR97 [GND]
[footprint_link_issues]: The current configuration does not include the footprint library 'Resistor_SMD'
    ; warning
    @(523.24 mm, 358.14 mm): Symbol R_REF1 [SYM_R_REF1]
[lib_symbol_issues]: The current configuration does not include the symbol library 'elt'
    ; warning
    @(523.24 mm, 358.14 mm): Symbol R_REF1 [SYM_R_REF1]
[footprint_link_issues]: The current configuration does not include the footprint library 'Capacitor_SMD'
    ; warning
    @(524.51 mm, 81.28 mm): Symbol C_SR1 [SYM_C_SR1]
[lib_symbol_issues]: The current configuration does not include the symbol library 'elt'
    ; warning
    @(524.51 mm, 81.28 mm): Symbol C_SR1 [SYM_C_SR1]
[footprint_link_issues]: The current configuration does not include the footprint library 'Resistor_SMD'
    ; warning
    @(524.51 mm, 276.86 mm): Symbol R_DECDPD [SYM_R_DECDPD]
[lib_symbol_issues]: The current configuration does not include the symbol library 'elt'
    ; warning
    @(524.51 mm, 276.86 mm): Symbol R_DECDPD [SYM_R_DECDPD]
[lib_symbol_issues]: The current configuration does not include the symbol library 'elt'
    ; warning
    @(528.32 mm, 516.89 mm): Symbol #PWR163 [GND]
[footprint_link_issues]: The current configuration does not include the footprint library 'Diode_SMD'
    ; warning
    @(530.86 mm, 107.95 mm): Symbol D_ESD_IN [SYM_D_ESD_IN]
[lib_symbol_issues]: The current configuration does not include the symbol library 'elt'
    ; warning
    @(530.86 mm, 107.95 mm): Symbol D_ESD_IN [SYM_D_ESD_IN]
[lib_symbol_issues]: The current configuration does not include the symbol library 'elt'
    ; warning
    @(533.40 mm, 81.28 mm): Symbol #PWR43 [GND]
[footprint_link_issues]: The current configuration does not include the footprint library 'Package_TO_SOT_SMD'
    ; warning
    @(533.40 mm, 248.92 mm): Symbol Q_SWDRVB [SYM_Q_SWDRVB]
[lib_symbol_issues]: The current configuration does not include the symbol library 'elt'
    ; warning
    @(533.40 mm, 248.92 mm): Symbol Q_SWDRVB [SYM_Q_SWDRVB]
[lib_symbol_issues]: The current configuration does not include the symbol library 'elt'
    ; warning
    @(534.67 mm, 276.86 mm): Symbol #PWR108 [GND]
[lib_symbol_issues]: The current configuration does not include the symbol library 'elt'
    ; warning
    @(537.21 mm, 473.71 mm): Symbol #PWR141 [GND]
[footprint_link_issues]: The current configuration does not include the footprint library 'Package_TO_SOT_SMD'
    ; warning
    @(538.48 mm, 514.35 mm): Symbol U_OENAND [SYM_U_OENAND]
[lib_symbol_issues]: The current configuration does not include the symbol library 'elt'
    ; warning
    @(538.48 mm, 514.35 mm): Symbol U_OENAND [SYM_U_OENAND]
[lib_symbol_issues]: The current configuration does not include the symbol library 'elt'
    ; warning
    @(541.02 mm, 107.95 mm): Symbol #PWR59 [GND]
[footprint_link_issues]: The current configuration does not include the footprint library 'Resistor_SMD'
    ; warning
    @(546.10 mm, 384.81 mm): Symbol R_SER5 [SYM_R_SER5]
[lib_symbol_issues]: The current configuration does not include the symbol library 'elt'
    ; warning
    @(546.10 mm, 384.81 mm): Symbol R_SER5 [SYM_R_SER5]
[footprint_link_issues]: The current configuration does not include the footprint library 'Package_SO'
    ; warning
    @(546.10 mm, 469.90 mm): Symbol U_COMP [SYM_U_COMP]
[lib_symbol_issues]: The current configuration does not include the symbol library 'elt'
    ; warning
    @(546.10 mm, 469.90 mm): Symbol U_COMP [SYM_U_COMP]
[footprint_link_issues]: The current configuration does not include the footprint library 'Resistor_SMD'
    ; warning
    @(547.37 mm, 331.47 mm): Symbol R_OE [SYM_R_OE]
[lib_symbol_issues]: The current configuration does not include the symbol library 'elt'
    ; warning
    @(547.37 mm, 331.47 mm): Symbol R_OE [SYM_R_OE]
[lib_symbol_issues]: The current configuration does not include the symbol library 'elt'
    ; warning
    @(552.45 mm, 147.32 mm): Symbol #PWR75 [GND]
[lib_symbol_issues]: The current configuration does not include the symbol library 'elt'
    ; warning
    @(552.45 mm, 154.94 mm): Symbol #PWR76 [GND]
[lib_symbol_issues]: The current configuration does not include the symbol library 'elt'
    ; warning
    @(552.45 mm, 167.64 mm): Symbol #PWR77 [GND]
[lib_symbol_issues]: The current configuration does not include the symbol library 'elt'
    ; warning
    @(552.45 mm, 182.88 mm): Symbol #PWR78 [GND]
[footprint_link_issues]: The current configuration does not include the footprint library 'Capacitor_SMD'
    ; warning
    @(553.72 mm, 53.34 mm): Symbol C_FLT6 [SYM_C_FLT6]
[lib_symbol_issues]: The current configuration does not include the symbol library 'elt'
    ; warning
    @(553.72 mm, 53.34 mm): Symbol C_FLT6 [SYM_C_FLT6]
[footprint_link_issues]: The current configuration does not include the footprint library 'cooksense'
    ; warning
    @(553.72 mm, 212.09 mm): Symbol K_U1 [SYM_K_U1]
[lib_symbol_issues]: The current configuration does not include the symbol library 'elt'
    ; warning
    @(553.72 mm, 212.09 mm): Symbol K_U1 [SYM_K_U1]
[footprint_link_issues]: The current configuration does not include the footprint library 'Capacitor_SMD'
    ; warning
    @(556.26 mm, 26.67 mm): Symbol C_CAND2 [SYM_C_CAND2]
[lib_symbol_issues]: The current configuration does not include the symbol library 'elt'
    ; warning
    @(556.26 mm, 26.67 mm): Symbol C_CAND2 [SYM_C_CAND2]
[footprint_link_issues]: The current configuration does not include the footprint library 'Resistor_SMD'
    ; warning
    @(558.80 mm, 303.53 mm): Symbol R_HOSTAUTHPD [SYM_R_HOSTAUTHPD]
[lib_symbol_issues]: The current configuration does not include the symbol library 'elt'
    ; warning
    @(558.80 mm, 303.53 mm): Symbol R_HOSTAUTHPD [SYM_R_HOSTAUTHPD]
[footprint_link_issues]: The current configuration does not include the footprint library 'Connector_PinSocket_2.54mm'
    ; warning
    @(561.34 mm, 158.75 mm): Symbol J_PI [SYM_J_PI]
[lib_symbol_issues]: The current configuration does not include the symbol library 'elt'
    ; warning
    @(561.34 mm, 158.75 mm): Symbol J_PI [SYM_J_PI]
[lib_symbol_issues]: The current configuration does not include the symbol library 'elt'
    ; warning
    @(562.61 mm, 53.34 mm): Symbol #PWR28 [GND]
[lib_symbol_issues]: The current configuration does not include the symbol library 'elt'
    ; warning
    @(565.15 mm, 26.67 mm): Symbol #PWR11 [GND]
[footprint_link_issues]: The current configuration does not include the footprint library 'Resistor_SMD'
    ; warning
    @(565.15 mm, 412.75 mm): Symbol R_TEMPOKSER [SYM_R_TEMPOKSER]
[lib_symbol_issues]: The current configuration does not include the symbol library 'elt'
    ; warning
    @(565.15 mm, 412.75 mm): Symbol R_TEMPOKSER [SYM_R_TEMPOKSER]
[footprint_link_issues]: The current configuration does not include the footprint library 'Capacitor_SMD'
    ; warning
    @(570.23 mm, 81.28 mm): Symbol C_STOPINV [SYM_C_STOPINV]
[lib_symbol_issues]: The current configuration does not include the symbol library 'elt'
    ; warning
    @(570.23 mm, 81.28 mm): Symbol C_STOPINV [SYM_C_STOPINV]
[lib_symbol_issues]: The current configuration does not include the symbol library 'elt'
    ; warning
    @(570.23 mm, 144.78 mm): Symbol #PWR79 [GND]
[lib_symbol_issues]: The current configuration does not include the symbol library 'elt'
    ; warning
    @(570.23 mm, 157.48 mm): Symbol #PWR80 [GND]
[lib_symbol_issues]: The current configuration does not include the symbol library 'elt'
    ; warning
    @(570.23 mm, 167.64 mm): Symbol #PWR81 [GND]
[lib_symbol_issues]: The current configuration does not include the symbol library 'elt'
    ; warning
    @(570.23 mm, 180.34 mm): Symbol #PWR82 [GND]
[lib_symbol_issues]: The current configuration does not include the symbol library 'elt'
    ; warning
    @(571.50 mm, 303.53 mm): Symbol #PWR116 [GND]
[lib_symbol_issues]: The current configuration does not include the symbol library 'elt'
    ; warning
    @(580.39 mm, 81.28 mm): Symbol #PWR44 [GND]
[footprint_link_issues]: The current configuration does not include the footprint library 'TestPoint'
    ; warning
    @(580.39 mm, 439.42 mm): Symbol TP_RKEY [SYM_TP_RKEY]
[lib_symbol_issues]: The current configuration does not include the symbol library 'elt'
    ; warning
    @(580.39 mm, 439.42 mm): Symbol TP_RKEY [SYM_TP_RKEY]
[footprint_link_issues]: The current configuration does not include the footprint library 'Resistor_SMD'
    ; warning
    @(581.66 mm, 358.14 mm): Symbol R_REF2 [SYM_R_REF2]
[lib_symbol_issues]: The current configuration does not include the symbol library 'elt'
    ; warning
    @(581.66 mm, 358.14 mm): Symbol R_REF2 [SYM_R_REF2]
[lib_symbol_issues]: The current configuration does not include the symbol library 'elt'
    ; warning
    @(584.20 mm, 250.19 mm): Symbol #PWR98 [GND]
[footprint_link_issues]: The current configuration does not include the footprint library 'Resistor_SMD'
    ; warning
    @(588.01 mm, 276.86 mm): Symbol R_DECUPD [SYM_R_DECUPD]
[lib_symbol_issues]: The current configuration does not include the symbol library 'elt'
    ; warning
    @(588.01 mm, 276.86 mm): Symbol R_DECUPD [SYM_R_DECUPD]
[footprint_link_issues]: The current configuration does not include the footprint library 'Diode_SMD'
    ; warning
    @(589.28 mm, 107.95 mm): Symbol D_ESTOP [SYM_D_ESTOP]
[lib_symbol_issues]: The current configuration does not include the symbol library 'elt'
    ; warning
    @(589.28 mm, 107.95 mm): Symbol D_ESTOP [SYM_D_ESTOP]
[footprint_link_issues]: The current configuration does not include the footprint library 'Package_TO_SOT_SMD'
    ; warning
    @(595.63 mm, 248.92 mm): Symbol Q_SWDRVRHA [SYM_Q_SWDRVRHA]
[lib_symbol_issues]: The current configuration does not include the symbol library 'elt'
    ; warning
    @(595.63 mm, 248.92 mm): Symbol Q_SWDRVRHA [SYM_Q_SWDRVRHA]
[lib_symbol_issues]: The current configuration does not include the symbol library 'elt'
    ; warning
    @(596.90 mm, 473.71 mm): Symbol #PWR142 [GND]
[lib_symbol_issues]: The current configuration does not include the symbol library 'elt'
    ; warning
    @(598.17 mm, 276.86 mm): Symbol #PWR109 [GND]
[lib_symbol_issues]: The current configuration does not include the symbol library 'elt'
    ; warning
    @(598.17 mm, 511.81 mm): Symbol #PWR164 [GND]
[lib_symbol_issues]: The current configuration does not include the symbol library 'elt'
    ; warning
    @(598.17 mm, 529.59 mm): Symbol #PWR165 [GND]
[lib_symbol_issues]: The current configuration does not include the symbol library 'elt'
    ; warning
    @(599.44 mm, 107.95 mm): Symbol #PWR60 [GND]
[footprint_link_issues]: The current configuration does not include the footprint library 'Resistor_SMD'
    ; warning
    @(601.98 mm, 331.47 mm): Symbol R_OPENB [SYM_R_OPENB]
[lib_symbol_issues]: The current configuration does not include the symbol library 'elt'
    ; warning
    @(601.98 mm, 331.47 mm): Symbol R_OPENB [SYM_R_OPENB]
[footprint_link_issues]: The current configuration does not include the footprint library 'Capacitor_SMD'
    ; warning
    @(605.79 mm, 53.34 mm): Symbol C_FLT7 [SYM_C_FLT7]
[lib_symbol_issues]: The current configuration does not include the symbol library 'elt'
    ; warning
    @(605.79 mm, 53.34 mm): Symbol C_FLT7 [SYM_C_FLT7]
[footprint_link_issues]: The current configuration does not include the footprint library 'Resistor_SMD'
    ; warning
    @(605.79 mm, 384.81 mm): Symbol R_SER6 [SYM_R_SER6]
[lib_symbol_issues]: The current configuration does not include the symbol library 'elt'
    ; warning
    @(605.79 mm, 384.81 mm): Symbol R_SER6 [SYM_R_SER6]
[footprint_link_issues]: The current configuration does not include the footprint library 'Package_SO'
    ; warning
    @(605.79 mm, 469.90 mm): Symbol U_COMP2 [SYM_U_COMP2]
[lib_symbol_issues]: The current configuration does not include the symbol library 'elt'
    ; warning
    @(605.79 mm, 469.90 mm): Symbol U_COMP2 [SYM_U_COMP2]
[footprint_link_issues]: The current configuration does not include the footprint library 'Capacitor_SMD'
    ; warning
    @(608.33 mm, 26.67 mm): Symbol C_COMP [SYM_C_COMP]
[lib_symbol_issues]: The current configuration does not include the symbol library 'elt'
    ; warning
    @(608.33 mm, 26.67 mm): Symbol C_COMP [SYM_C_COMP]
[footprint_link_issues]: The current configuration does not include the footprint library 'Package_SO'
    ; warning
    @(608.33 mm, 520.70 mm): Symbol U_ONESHOT [SYM_U_ONESHOT]
[lib_symbol_issues]: The current configuration does not include the symbol library 'elt'
    ; warning
    @(608.33 mm, 520.70 mm): Symbol U_ONESHOT [SYM_U_ONESHOT]
[lib_symbol_issues]: The current configuration does not include the symbol library 'elt'
    ; warning
    @(610.87 mm, 331.47 mm): Symbol #PWR122 [GND]
[lib_symbol_issues]: The current configuration does not include the symbol library 'elt'
    ; warning
    @(612.14 mm, 137.16 mm): Symbol #PWR83 [GND]
[lib_symbol_issues]: The current configuration does not include the symbol library 'elt'
    ; warning
    @(614.68 mm, 53.34 mm): Symbol #PWR29 [GND]
[lib_symbol_issues]: The current configuration does not include the symbol library 'elt'
    ; warning
    @(617.22 mm, 26.67 mm): Symbol #PWR12 [GND]
[footprint_link_issues]: The current configuration does not include the footprint library 'Capacitor_SMD'
    ; warning
    @(619.76 mm, 81.28 mm): Symbol C_STOPR [SYM_C_STOPR]
[lib_symbol_issues]: The current configuration does not include the symbol library 'elt'
    ; warning
    @(619.76 mm, 81.28 mm): Symbol C_STOPR [SYM_C_STOPR]
[footprint_link_issues]: The current configuration does not include the footprint library 'Connector_Molex'
    ; warning
    @(621.03 mm, 135.89 mm): Symbol J_PWR [SYM_J_PWR]
[lib_symbol_issues]: The current configuration does not include the symbol library 'elt'
    ; warning
    @(621.03 mm, 135.89 mm): Symbol J_PWR [SYM_J_PWR]
[footprint_link_issues]: The current configuration does not include the footprint library 'Resistor_SMD'
    ; warning
    @(622.30 mm, 303.53 mm): Symbol R_HSG [SYM_R_HSG]
[lib_symbol_issues]: The current configuration does not include the symbol library 'elt'
    ; warning
    @(622.30 mm, 303.53 mm): Symbol R_HSG [SYM_R_HSG]
[footprint_link_issues]: The current configuration does not include the footprint library 'cooksense'
    ; warning
    @(627.38 mm, 212.09 mm): Symbol K_U2 [SYM_K_U2]
[lib_symbol_issues]: The current configuration does not include the symbol library 'elt'
    ; warning
    @(627.38 mm, 212.09 mm): Symbol K_U2 [SYM_K_U2]
[lib_symbol_issues]: The current configuration does not include the symbol library 'elt'
    ; warning
    @(628.65 mm, 81.28 mm): Symbol #PWR45 [GND]
[footprint_link_issues]: The current configuration does not include the footprint library 'Resistor_SMD'
    ; warning
    @(628.65 mm, 412.75 mm): Symbol R_TH1 [SYM_R_TH1]
[lib_symbol_issues]: The current configuration does not include the symbol library 'elt'
    ; warning
    @(628.65 mm, 412.75 mm): Symbol R_TH1 [SYM_R_TH1]
[lib_symbol_issues]: The current configuration does not include the symbol library 'elt'
    ; warning
    @(629.92 mm, 134.62 mm): Symbol #PWR84 [GND]
[footprint_link_issues]: The current configuration does not include the footprint library 'TestPoint'
    ; warning
    @(636.27 mm, 439.42 mm): Symbol TP_SPARE [SYM_TP_SPARE]
[lib_symbol_issues]: The current configuration does not include the symbol library 'elt'
    ; warning
    @(636.27 mm, 439.42 mm): Symbol TP_SPARE [SYM_TP_SPARE]
[footprint_link_issues]: The current configuration does not include the footprint library 'Resistor_SMD'
    ; warning
    @(640.08 mm, 358.14 mm): Symbol R_REF3 [SYM_R_REF3]
[lib_symbol_issues]: The current configuration does not include the symbol library 'elt'
    ; warning
    @(640.08 mm, 358.14 mm): Symbol R_REF3 [SYM_R_REF3]
[footprint_link_issues]: The current configuration does not include the footprint library 'Resistor_SMD'
    ; warning
    @(648.97 mm, 276.86 mm): Symbol R_DOOROKPD [SYM_R_DOOROKPD]
[lib_symbol_issues]: The current configuration does not include the symbol library 'elt'
    ; warning
    @(648.97 mm, 276.86 mm): Symbol R_DOOROKPD [SYM_R_DOOROKPD]
[lib_symbol_issues]: The current configuration does not include the symbol library 'elt'
    ; warning
    @(650.24 mm, 250.19 mm): Symbol #PWR99 [GND]
[footprint_link_issues]: The current configuration does not include the footprint library 'Diode_SMD'
    ; warning
    @(652.78 mm, 107.95 mm): Symbol D_KSTOP [SYM_D_KSTOP]
[lib_symbol_issues]: The current configuration does not include the symbol library 'elt'
    ; warning
    @(652.78 mm, 107.95 mm): Symbol D_KSTOP [SYM_D_KSTOP]
[lib_symbol_issues]: The current configuration does not include the symbol library 'elt'
    ; warning
    @(652.78 mm, 471.17 mm): Symbol #PWR143 [GND]
[lib_symbol_issues]: The current configuration does not include the symbol library 'elt'
    ; warning
    @(652.78 mm, 473.71 mm): Symbol #PWR144 [GND]
[lib_symbol_issues]: The current configuration does not include the symbol library 'elt'
    ; warning
    @(652.78 mm, 476.25 mm): Symbol #PWR145 [GND]
[lib_symbol_issues]: The current configuration does not include the symbol library 'elt'
    ; warning
    @(652.78 mm, 483.87 mm): Symbol #PWR146 [GND]
[footprint_link_issues]: The current configuration does not include the footprint library 'Resistor_SMD'
    ; warning
    @(659.13 mm, 331.47 mm): Symbol R_OPENT [SYM_R_OPENT]
[lib_symbol_issues]: The current configuration does not include the symbol library 'elt'
    ; warning
    @(659.13 mm, 331.47 mm): Symbol R_OPENT [SYM_R_OPENT]
[lib_symbol_issues]: The current configuration does not include the symbol library 'elt'
    ; warning
    @(660.40 mm, 276.86 mm): Symbol #PWR110 [GND]
[footprint_link_issues]: The current configuration does not include the footprint library 'Package_TO_SOT_SMD'
    ; warning
    @(661.67 mm, 248.92 mm): Symbol Q_SWDRVRHE [SYM_Q_SWDRVRHE]
[lib_symbol_issues]: The current configuration does not include the symbol library 'elt'
    ; warning
    @(661.67 mm, 248.92 mm): Symbol Q_SWDRVRHE [SYM_Q_SWDRVRHE]
[footprint_link_issues]: The current configuration does not include the footprint library 'Package_SO'
    ; warning
    @(661.67 mm, 474.98 mm): Symbol U_DECD [SYM_U_DECD]
[lib_symbol_issues]: The current configuration does not include the symbol library 'elt'
    ; warning
    @(661.67 mm, 474.98 mm): Symbol U_DECD [SYM_U_DECD]
[footprint_link_issues]: The current configuration does not include the footprint library 'Capacitor_SMD'
    ; warning
    @(664.21 mm, 53.34 mm): Symbol C_IN1 [SYM_C_IN1]
[lib_symbol_issues]: The current configuration does not include the symbol library 'elt'
    ; warning
    @(664.21 mm, 53.34 mm): Symbol C_IN1 [SYM_C_IN1]
[lib_symbol_issues]: The current configuration does not include the symbol library 'elt'
    ; warning
    @(664.21 mm, 514.35 mm): Symbol #PWR166 [GND]
[footprint_link_issues]: The current configuration does not include the footprint library 'Resistor_SMD'
    ; warning
    @(665.48 mm, 384.81 mm): Symbol R_SER7 [SYM_R_SER7]
[lib_symbol_issues]: The current configuration does not include the symbol library 'elt'
    ; warning
    @(665.48 mm, 384.81 mm): Symbol R_SER7 [SYM_R_SER7]
[footprint_link_issues]: The current configuration does not include the footprint library 'Capacitor_SMD'
    ; warning
    @(666.75 mm, 26.67 mm): Symbol C_COMP2 [SYM_C_COMP2]
[lib_symbol_issues]: The current configuration does not include the symbol library 'elt'
    ; warning
    @(666.75 mm, 26.67 mm): Symbol C_COMP2 [SYM_C_COMP2]
[lib_symbol_issues]: The current configuration does not include the symbol library 'elt'
    ; warning
    @(668.02 mm, 137.16 mm): Symbol #PWR85 [GND]
[lib_symbol_issues]: The current configuration does not include the symbol library 'elt'
    ; warning
    @(673.10 mm, 53.34 mm): Symbol #PWR30 [GND]
[footprint_link_issues]: The current configuration does not include the footprint library 'Capacitor_SMD'
    ; warning
    @(673.10 mm, 81.28 mm): Symbol C_SWA [SYM_C_SWA]
[lib_symbol_issues]: The current configuration does not include the symbol library 'elt'
    ; warning
    @(673.10 mm, 81.28 mm): Symbol C_SWA [SYM_C_SWA]
[footprint_link_issues]: The current configuration does not include the footprint library 'Package_DIP'
    ; warning
    @(673.10 mm, 513.08 mm): Symbol U_OPTO [SYM_U_OPTO]
[lib_symbol_issues]: The current configuration does not include the symbol library 'elt'
    ; warning
    @(673.10 mm, 513.08 mm): Symbol U_OPTO [SYM_U_OPTO]
[lib_symbol_issues]: The current configuration does not include the symbol library 'elt'
    ; warning
    @(675.64 mm, 26.67 mm): Symbol #PWR13 [GND]
[footprint_link_issues]: The current configuration does not include the footprint library 'Connector_JST'
    ; warning
    @(680.72 mm, 137.16 mm): Symbol J_RH_AMBIENT [SYM_J_RH_AMBIENT]
[lib_symbol_issues]: The current configuration does not include the symbol library 'elt'
    ; warning
    @(680.72 mm, 137.16 mm): Symbol J_RH_AMBIENT [SYM_J_RH_AMBIENT]
[lib_symbol_issues]: The current configuration does not include the symbol library 'elt'
    ; warning
    @(681.99 mm, 81.28 mm): Symbol #PWR46 [GND]
[footprint_link_issues]: The current configuration does not include the footprint library 'Resistor_SMD'
    ; warning
    @(681.99 mm, 303.53 mm): Symbol R_HYS1 [SYM_R_HYS1]
[lib_symbol_issues]: The current configuration does not include the symbol library 'elt'
    ; warning
    @(681.99 mm, 303.53 mm): Symbol R_HYS1 [SYM_R_HYS1]
[footprint_link_issues]: The current configuration does not include the footprint library 'Resistor_SMD'
    ; warning
    @(689.61 mm, 412.75 mm): Symbol R_TH2 [SYM_R_TH2]
[lib_symbol_issues]: The current configuration does not include the symbol library 'elt'
    ; warning
    @(689.61 mm, 412.75 mm): Symbol R_TH2 [SYM_R_TH2]
[lib_symbol_issues]: The current configuration does not include the symbol library 'elt'
    ; warning
    @(693.42 mm, 139.70 mm): Symbol #PWR86 [GND]
[footprint_link_issues]: The current configuration does not include the footprint library 'TestPoint'
    ; warning
    @(694.69 mm, 439.42 mm): Symbol TP_TCDRDY [SYM_TP_TCDRDY]
[lib_symbol_issues]: The current configuration does not include the symbol library 'elt'
    ; warning
    @(694.69 mm, 439.42 mm): Symbol TP_TCDRDY [SYM_TP_TCDRDY]
[lib_symbol_issues]: The current configuration does not include the symbol library 'elt'
    ; warning
    @(698.50 mm, 412.75 mm): Symbol #PWR131 [GND]
[footprint_link_issues]: The current configuration does not include the footprint library 'Resistor_SMD'
    ; warning
    @(699.77 mm, 358.14 mm): Symbol R_REF4 [SYM_R_REF4]
[lib_symbol_issues]: The current configuration does not include the symbol library 'elt'
    ; warning
    @(699.77 mm, 358.14 mm): Symbol R_REF4 [SYM_R_REF4]
[footprint_link_issues]: The current configuration does not include the footprint library 'cooksense'
    ; warning
    @(701.04 mm, 212.09 mm): Symbol K_U3 [SYM_K_U3]
[lib_symbol_issues]: The current configuration does not include the symbol library 'elt'
    ; warning
    @(701.04 mm, 212.09 mm): Symbol K_U3 [SYM_K_U3]
[footprint_link_issues]: The current configuration does not include the footprint library 'Diode_SMD'
    ; warning
    @(709.93 mm, 107.95 mm): Symbol D_LCCLK [SYM_D_LCCLK]
[lib_symbol_issues]: The current configuration does not include the symbol library 'elt'
    ; warning
    @(709.93 mm, 107.95 mm): Symbol D_LCCLK [SYM_D_LCCLK]
[lib_symbol_issues]: The current configuration does not include the symbol library 'elt'
    ; warning
    @(709.93 mm, 468.63 mm): Symbol #PWR147 [GND]
[footprint_link_issues]: The current configuration does not include the footprint library 'Resistor_SMD'
    ; warning
    @(711.20 mm, 276.86 mm): Symbol R_DOOROKSER [SYM_R_DOOROKSER]
[lib_symbol_issues]: The current configuration does not include the symbol library 'elt'
    ; warning
    @(711.20 mm, 276.86 mm): Symbol R_DOOROKSER [SYM_R_DOOROKSER]
[footprint_link_issues]: The current configuration does not include the footprint library 'Capacitor_SMD'
    ; warning
    @(718.82 mm, 26.67 mm): Symbol C_DECD [SYM_C_DECD]
[lib_symbol_issues]: The current configuration does not include the symbol library 'elt'
    ; warning
    @(718.82 mm, 26.67 mm): Symbol C_DECD [SYM_C_DECD]
[lib_symbol_issues]: The current configuration does not include the symbol library 'elt'
    ; warning
    @(720.09 mm, 107.95 mm): Symbol #PWR61 [GND]
[footprint_link_issues]: The current configuration does not include the footprint library 'Package_TO_SOT_SMD'
    ; warning
    @(720.09 mm, 468.63 mm): Symbol U_DECDEN [SYM_U_DECDEN]
[lib_symbol_issues]: The current configuration does not include the symbol library 'elt'
    ; warning
    @(720.09 mm, 468.63 mm): Symbol U_DECDEN [SYM_U_DECDEN]
[footprint_link_issues]: The current configuration does not include the footprint library 'Resistor_SMD'
    ; warning
    @(722.63 mm, 331.47 mm): Symbol R_OPTOLED [SYM_R_OPTOLED]
[lib_symbol_issues]: The current configuration does not include the symbol library 'elt'
    ; warning
    @(722.63 mm, 331.47 mm): Symbol R_OPTOLED [SYM_R_OPTOLED]
[lib_symbol_issues]: The current configuration does not include the symbol library 'elt'
    ; warning
    @(723.90 mm, 514.35 mm): Symbol #PWR167 [GND]
[footprint_link_issues]: The current configuration does not include the footprint library 'Package_TO_SOT_SMD'
    ; warning
    @(725.17 mm, 248.92 mm): Symbol Q_SWRHA [SYM_Q_SWRHA]
[lib_symbol_issues]: The current configuration does not include the symbol library 'elt'
    ; warning
    @(725.17 mm, 248.92 mm): Symbol Q_SWRHA [SYM_Q_SWRHA]
[footprint_link_issues]: The current configuration does not include the footprint library 'Resistor_SMD'
    ; warning
    @(725.17 mm, 384.81 mm): Symbol R_SHIELD [SYM_R_SHIELD]
[lib_symbol_issues]: The current configuration does not include the symbol library 'elt'
    ; warning
    @(725.17 mm, 384.81 mm): Symbol R_SHIELD [SYM_R_SHIELD]
[lib_symbol_issues]: The current configuration does not include the symbol library 'elt'
    ; warning
    @(727.71 mm, 26.67 mm): Symbol #PWR14 [GND]
[footprint_link_issues]: The current configuration does not include the footprint library 'Capacitor_SMD'
    ; warning
    @(727.71 mm, 53.34 mm): Symbol C_IN2 [SYM_C_IN2]
[lib_symbol_issues]: The current configuration does not include the symbol library 'elt'
    ; warning
    @(727.71 mm, 53.34 mm): Symbol C_IN2 [SYM_C_IN2]
[footprint_link_issues]: The current configuration does not include the footprint library 'Capacitor_SMD'
    ; warning
    @(727.71 mm, 81.28 mm): Symbol C_SWB [SYM_C_SWB]
[lib_symbol_issues]: The current configuration does not include the symbol library 'elt'
    ; warning
    @(727.71 mm, 81.28 mm): Symbol C_SWB [SYM_C_SWB]
[footprint_link_issues]: The current configuration does not include the footprint library 'Package_TO_SOT_SMD'
    ; warning
    @(732.79 mm, 514.35 mm): Symbol U_OSCLR [SYM_U_OSCLR]
[lib_symbol_issues]: The current configuration does not include the symbol library 'elt'
    ; warning
    @(732.79 mm, 514.35 mm): Symbol U_OSCLR [SYM_U_OSCLR]
[lib_symbol_issues]: The current configuration does not include the symbol library 'elt'
    ; warning
    @(735.33 mm, 384.81 mm): Symbol #PWR128 [GND]
[lib_symbol_issues]: The current configuration does not include the symbol library 'elt'
    ; warning
    @(736.60 mm, 53.34 mm): Symbol #PWR31 [GND]
[lib_symbol_issues]: The current configuration does not include the symbol library 'elt'
    ; warning
    @(736.60 mm, 81.28 mm): Symbol #PWR47 [GND]
[footprint_link_issues]: The current configuration does not include the footprint library 'Resistor_SMD'
    ; warning
    @(736.60 mm, 303.53 mm): Symbol R_HYS2 [SYM_R_HYS2]
[lib_symbol_issues]: The current configuration does not include the symbol library 'elt'
    ; warning
    @(736.60 mm, 303.53 mm): Symbol R_HYS2 [SYM_R_HYS2]
[lib_symbol_issues]: The current configuration does not include the symbol library 'elt'
    ; warning
    @(739.14 mm, 137.16 mm): Symbol #PWR87 [GND]
[footprint_link_issues]: The current configuration does not include the footprint library 'Resistor_SMD'
    ; warning
    @(745.49 mm, 412.75 mm): Symbol R_WDOKPD [SYM_R_WDOKPD]
[lib_symbol_issues]: The current configuration does not include the symbol library 'elt'
    ; warning
    @(745.49 mm, 412.75 mm): Symbol R_WDOKPD [SYM_R_WDOKPD]
[footprint_link_issues]: The current configuration does not include the footprint library 'Connector_JST'
    ; warning
    @(751.84 mm, 137.16 mm): Symbol J_RH_EXHAUST [SYM_J_RH_EXHAUST]
[lib_symbol_issues]: The current configuration does not include the symbol library 'elt'
    ; warning
    @(751.84 mm, 137.16 mm): Symbol J_RH_EXHAUST [SYM_J_RH_EXHAUST]
[lib_symbol_issues]: The current configuration does not include the symbol library 'elt'
    ; warning
    @(755.65 mm, 412.75 mm): Symbol #PWR132 [GND]
[footprint_link_issues]: The current configuration does not include the footprint library 'TestPoint'
    ; warning
    @(756.92 mm, 439.42 mm): Symbol TP_TCFAULT [SYM_TP_TCFAULT]
[lib_symbol_issues]: The current configuration does not include the symbol library 'elt'
    ; warning
    @(756.92 mm, 439.42 mm): Symbol TP_TCFAULT [SYM_TP_TCFAULT]
[footprint_link_issues]: The current configuration does not include the footprint library 'Resistor_SMD'
    ; warning
    @(758.19 mm, 358.14 mm): Symbol R_REF5 [SYM_R_REF5]
[lib_symbol_issues]: The current configuration does not include the symbol library 'elt'
    ; warning
    @(758.19 mm, 358.14 mm): Symbol R_REF5 [SYM_R_REF5]
[footprint_link_issues]: The current configuration does not include the footprint library 'Diode_SMD'
    ; warning
    @(763.27 mm, 107.95 mm): Symbol D_LCDAT [SYM_D_LCDAT]
[lib_symbol_issues]: The current configuration does not include the symbol library 'elt'
    ; warning
    @(763.27 mm, 107.95 mm): Symbol D_LCDAT [SYM_D_LCDAT]
[footprint_link_issues]: The current configuration does not include the footprint library 'Capacitor_SMD'
    ; warning
    @(764.54 mm, 26.67 mm): Symbol C_DECDEN [SYM_C_DECDEN]
[lib_symbol_issues]: The current configuration does not include the symbol library 'elt'
    ; warning
    @(764.54 mm, 26.67 mm): Symbol C_DECDEN [SYM_C_DECDEN]
[lib_symbol_issues]: The current configuration does not include the symbol library 'elt'
    ; warning
    @(764.54 mm, 139.70 mm): Symbol #PWR88 [GND]
[lib_symbol_issues]: The current configuration does not include the symbol library 'elt'
    ; warning
    @(769.62 mm, 473.71 mm): Symbol #PWR148 [GND]
[lib_symbol_issues]: The current configuration does not include the symbol library 'elt'
    ; warning
    @(769.62 mm, 476.25 mm): Symbol #PWR149 [GND]
[lib_symbol_issues]: The current configuration does not include the symbol library 'elt'
    ; warning
    @(769.62 mm, 483.87 mm): Symbol #PWR150 [GND]
[lib_symbol_issues]: The current configuration does not include the symbol library 'elt'
    ; warning
    @(773.43 mm, 107.95 mm): Symbol #PWR62 [GND]
[lib_symbol_issues]: The current configuration does not include the symbol library 'elt'
    ; warning
    @(774.70 mm, 26.67 mm): Symbol #PWR15 [GND]
[footprint_link_issues]: The current configuration does not include the footprint library 'cooksense'
    ; warning
    @(774.70 mm, 212.09 mm): Symbol K_U4 [SYM_K_U4]
[lib_symbol_issues]: The current configuration does not include the symbol library 'elt'
    ; warning
    @(774.70 mm, 212.09 mm): Symbol K_U4 [SYM_K_U4]
[footprint_link_issues]: The current configuration does not include the footprint library 'Resistor_SMD'
    ; warning
    @(775.97 mm, 276.86 mm): Symbol R_DOORPD [SYM_R_DOORPD]
[lib_symbol_issues]: The current configuration does not include the symbol library 'elt'
    ; warning
    @(775.97 mm, 276.86 mm): Symbol R_DOORPD [SYM_R_DOORPD]
[footprint_link_issues]: The current configuration does not include the footprint library 'Package_SO'
    ; warning
    @(778.51 mm, 474.98 mm): Symbol U_DECU [SYM_U_DECU]
[lib_symbol_issues]: The current configuration does not include the symbol library 'elt'
    ; warning
    @(778.51 mm, 474.98 mm): Symbol U_DECU [SYM_U_DECU]
[footprint_link_issues]: The current configuration does not include the footprint library 'Resistor_SMD'
    ; warning
    @(781.05 mm, 331.47 mm): Symbol R_OS [SYM_R_OS]
[lib_symbol_issues]: The current configuration does not include the symbol library 'elt'
    ; warning
    @(781.05 mm, 331.47 mm): Symbol R_OS [SYM_R_OS]
[footprint_link_issues]: The current configuration does not include the footprint library 'Package_TO_SOT_SMD'
    ; warning
    @(783.59 mm, 248.92 mm): Symbol Q_SWRHE [SYM_Q_SWRHE]
[lib_symbol_issues]: The current configuration does not include the symbol library 'elt'
    ; warning
    @(783.59 mm, 248.92 mm): Symbol Q_SWRHE [SYM_Q_SWRHE]
[footprint_link_issues]: The current configuration does not include the footprint library 'Capacitor_SMD'
    ; warning
    @(784.86 mm, 81.28 mm): Symbol C_SWRHA [SYM_C_SWRHA]
[lib_symbol_issues]: The current configuration does not include the symbol library 'elt'
    ; warning
    @(784.86 mm, 81.28 mm): Symbol C_SWRHA [SYM_C_SWRHA]
[lib_symbol_issues]: The current configuration does not include the symbol library 'elt'
    ; warning
    @(786.13 mm, 276.86 mm): Symbol #PWR111 [GND]
[footprint_link_issues]: The current configuration does not include the footprint library 'Resistor_SMD'
    ; warning
    @(786.13 mm, 384.81 mm): Symbol R_STOP [SYM_R_STOP]
[lib_symbol_issues]: The current configuration does not include the symbol library 'elt'
    ; warning
    @(786.13 mm, 384.81 mm): Symbol R_STOP [SYM_R_STOP]
[lib_symbol_issues]: The current configuration does not include the symbol library 'elt'
    ; warning
    @(786.13 mm, 527.05 mm): Symbol #PWR168 [GND]
[footprint_link_issues]: The current configuration does not include the footprint library 'Resistor_SMD'
    ; warning
    @(788.67 mm, 303.53 mm): Symbol R_ILM [SYM_R_ILM]
[lib_symbol_issues]: The current configuration does not include the symbol library 'elt'
    ; warning
    @(788.67 mm, 303.53 mm): Symbol R_ILM [SYM_R_ILM]
[footprint_link_issues]: The current configuration does not include the footprint library 'Capacitor_SMD'
    ; warning
    @(789.94 mm, 53.34 mm): Symbol C_KR [SYM_C_KR]
[lib_symbol_issues]: The current configuration does not include the symbol library 'elt'
    ; warning
    @(789.94 mm, 53.34 mm): Symbol C_KR [SYM_C_KR]
[lib_symbol_issues]: The current configuration does not include the symbol library 'elt'
    ; warning
    @(793.75 mm, 81.28 mm): Symbol #PWR48 [GND]
[footprint_link_issues]: The current configuration does not include the footprint library 'Package_SO'
    ; warning
    @(795.02 mm, 519.43 mm): Symbol U_SCHM [SYM_U_SCHM]
[lib_symbol_issues]: The current configuration does not include the symbol library 'elt'
    ; warning
    @(795.02 mm, 519.43 mm): Symbol U_SCHM [SYM_U_SCHM]
[lib_symbol_issues]: The current configuration does not include the symbol library 'elt'
    ; warning
    @(797.56 mm, 303.53 mm): Symbol #PWR117 [GND]
[lib_symbol_issues]: The current configuration does not include the symbol library 'elt'
    ; warning
    @(798.83 mm, 53.34 mm): Symbol #PWR32 [GND]
[footprint_link_issues]: The current configuration does not include the footprint library 'Resistor_SMD'
    ; warning
    @(800.10 mm, 412.75 mm): Symbol R_WDOKSER [SYM_R_WDOKSER]
[lib_symbol_issues]: The current configuration does not include the symbol library 'elt'
    ; warning
    @(800.10 mm, 412.75 mm): Symbol R_WDOKSER [SYM_R_WDOKSER]
[footprint_link_issues]: The current configuration does not include the footprint library 'Capacitor_SMD'
    ; warning
    @(810.26 mm, 26.67 mm): Symbol C_DECU [SYM_C_DECU]
[lib_symbol_issues]: The current configuration does not include the symbol library 'elt'
    ; warning
    @(810.26 mm, 26.67 mm): Symbol C_DECU [SYM_C_DECU]
[footprint_link_issues]: The current configuration does not include the footprint library 'cooksense'
    ; warning
    @(816.61 mm, 134.62 mm): Symbol J_TC [SYM_J_TC]
[lib_symbol_issues]: The current configuration does not include the symbol library 'elt'
    ; warning
    @(816.61 mm, 134.62 mm): Symbol J_TC [SYM_J_TC]
[lib_symbol_issues]: The current configuration does not include the symbol library 'elt'
    ; warning
    @(819.15 mm, 26.67 mm): Symbol #PWR16 [GND]
[footprint_link_issues]: The current configuration does not include the footprint library 'Resistor_SMD'
    ; warning
    @(819.15 mm, 358.14 mm): Symbol R_REF6 [SYM_R_REF6]
[lib_symbol_issues]: The current configuration does not include the symbol library 'elt'
    ; warning
    @(819.15 mm, 358.14 mm): Symbol R_REF6 [SYM_R_REF6]
[footprint_link_issues]: The current configuration does not include the footprint library 'TestPoint'
    ; warning
    @(819.15 mm, 439.42 mm): Symbol TP_TCTH [SYM_TP_TCTH]
[lib_symbol_issues]: The current configuration does not include the symbol library 'elt'
    ; warning
    @(819.15 mm, 439.42 mm): Symbol TP_TCTH [SYM_TP_TCTH]
[footprint_link_issues]: The current configuration does not include the footprint library 'Diode_SMD'
    ; warning
    @(820.42 mm, 107.95 mm): Symbol D_REVCLAMP [SYM_D_REVCLAMP]
[lib_symbol_issues]: The current configuration does not include the symbol library 'elt'
    ; warning
    @(820.42 mm, 107.95 mm): Symbol D_REVCLAMP [SYM_D_REVCLAMP]
[lib_symbol_issues]: The current configuration does not include the symbol library 'elt'
    ; warning
    @(825.50 mm, 468.63 mm): Symbol #PWR151 [GND]
[footprint_link_issues]: The current configuration does not include the footprint library 'Resistor_SMD'
    ; warning
    @(830.58 mm, 331.47 mm): Symbol R_OS2 [SYM_R_OS2]
[lib_symbol_issues]: The current configuration does not include the symbol library 'elt'
    ; warning
    @(830.58 mm, 331.47 mm): Symbol R_OS2 [SYM_R_OS2]
[lib_symbol_issues]: The current configuration does not include the symbol library 'elt'
    ; warning
    @(831.85 mm, 107.95 mm): Symbol #PWR63 [GND]
[footprint_link_issues]: The current configuration does not include the footprint library 'Package_TO_SOT_SMD'
    ; warning
    @(835.66 mm, 468.63 mm): Symbol U_DECUEN [SYM_U_DECUEN]
[lib_symbol_issues]: The current configuration does not include the symbol library 'elt'
    ; warning
    @(835.66 mm, 468.63 mm): Symbol U_DECUEN [SYM_U_DECUEN]
[footprint_link_issues]: The current configuration does not include the footprint library 'Resistor_SMD'
    ; warning
    @(838.20 mm, 247.65 mm): Symbol R_AND1PD [SYM_R_AND1PD]
[lib_symbol_issues]: The current configuration does not include the symbol library 'elt'
    ; warning
    @(838.20 mm, 247.65 mm): Symbol R_AND1PD [SYM_R_AND1PD]
[footprint_link_issues]: The current configuration does not include the footprint library 'Resistor_SMD'
    ; warning
    @(838.20 mm, 276.86 mm): Symbol R_DOORS [SYM_R_DOORS]
[lib_symbol_issues]: The current configuration does not include the symbol library 'elt'
    ; warning
    @(838.20 mm, 276.86 mm): Symbol R_DOORS [SYM_R_DOORS]
[footprint_link_issues]: The current configuration does not include the footprint library 'Resistor_SMD'
    ; warning
    @(842.01 mm, 303.53 mm): Symbol R_KEY [SYM_R_KEY]
[lib_symbol_issues]: The current configuration does not include the symbol library 'elt'
    ; warning
    @(842.01 mm, 303.53 mm): Symbol R_KEY [SYM_R_KEY]
[footprint_link_issues]: The current configuration does not include the footprint library 'Resistor_SMD'
    ; warning
    @(843.28 mm, 384.81 mm): Symbol R_STOPPD [SYM_R_STOPPD]
[lib_symbol_issues]: The current configuration does not include the symbol library 'elt'
    ; warning
    @(843.28 mm, 384.81 mm): Symbol R_STOPPD [SYM_R_STOPPD]
[footprint_link_issues]: The current configuration does not include the footprint library 'Capacitor_SMD'
    ; warning
    @(844.55 mm, 81.28 mm): Symbol C_SWRHE [SYM_C_SWRHE]
[lib_symbol_issues]: The current configuration does not include the symbol library 'elt'
    ; warning
    @(844.55 mm, 81.28 mm): Symbol C_SWRHE [SYM_C_SWRHE]
[footprint_link_issues]: The current configuration does not include the footprint library 'Capacitor_SMD'
    ; warning
    @(845.82 mm, 53.34 mm): Symbol C_LATCHA [SYM_C_LATCHA]
[lib_symbol_issues]: The current configuration does not include the symbol library 'elt'
    ; warning
    @(845.82 mm, 53.34 mm): Symbol C_LATCHA [SYM_C_LATCHA]
[footprint_link_issues]: The current configuration does not include the footprint library 'cooksense'
    ; warning
    @(847.09 mm, 212.09 mm): Symbol K_U5 [SYM_K_U5]
[lib_symbol_issues]: The current configuration does not include the symbol library 'elt'
    ; warning
    @(847.09 mm, 212.09 mm): Symbol K_U5 [SYM_K_U5]
[lib_symbol_issues]: The current configuration does not include the symbol library 'elt'
    ; warning
    @(848.36 mm, 247.65 mm): Symbol #PWR100 [GND]
[lib_symbol_issues]: The current configuration does not include the symbol library 'elt'
    ; warning
    @(848.36 mm, 529.59 mm): Symbol #PWR169 [GND]
[lib_symbol_issues]: The current configuration does not include the symbol library 'elt'
    ; warning
    @(853.44 mm, 81.28 mm): Symbol #PWR49 [GND]
[lib_symbol_issues]: The current configuration does not include the symbol library 'elt'
    ; warning
    @(853.44 mm, 384.81 mm): Symbol #PWR129 [GND]
[footprint_link_issues]: The current configuration does not include the footprint library 'Capacitor_SMD'
    ; warning
    @(855.98 mm, 26.67 mm): Symbol C_DECUEN [SYM_C_DECUEN]
[lib_symbol_issues]: The current configuration does not include the symbol library 'elt'
    ; warning
    @(855.98 mm, 26.67 mm): Symbol C_DECUEN [SYM_C_DECUEN]
[lib_symbol_issues]: The current configuration does not include the symbol library 'elt'
    ; warning
    @(855.98 mm, 53.34 mm): Symbol #PWR33 [GND]
[footprint_link_issues]: The current configuration does not include the footprint library 'Resistor_SMD'
    ; warning
    @(857.25 mm, 412.75 mm): Symbol R_WDPETPD [SYM_R_WDPETPD]
[lib_symbol_issues]: The current configuration does not include the symbol library 'elt'
    ; warning
    @(857.25 mm, 412.75 mm): Symbol R_WDPETPD [SYM_R_WDPETPD]
[footprint_link_issues]: The current configuration does not include the footprint library 'Package_SO'
    ; warning
    @(857.25 mm, 520.70 mm): Symbol U_SR1 [SYM_U_SR1]
[lib_symbol_issues]: The current configuration does not include the symbol library 'elt'
    ; warning
    @(857.25 mm, 520.70 mm): Symbol U_SR1 [SYM_U_SR1]
[lib_symbol_issues]: The current configuration does not include the symbol library 'elt'
    ; warning
    @(866.14 mm, 26.67 mm): Symbol #PWR17 [GND]
[lib_symbol_issues]: The current configuration does not include the symbol library 'elt'
    ; warning
    @(867.41 mm, 412.75 mm): Symbol #PWR133 [GND]
[lib_symbol_issues]: The current configuration does not include the symbol library 'elt'
    ; warning
    @(868.68 mm, 137.16 mm): Symbol #PWR89 [GND]
[footprint_link_issues]: The current configuration does not include the footprint library 'TestPoint'
    ; warning
    @(877.57 mm, 439.42 mm): Symbol TP_TEMPOK [SYM_TP_TEMPOK]
[lib_symbol_issues]: The current configuration does not include the symbol library 'elt'
    ; warning
    @(877.57 mm, 439.42 mm): Symbol TP_TEMPOK [SYM_TP_TEMPOK]
[footprint_link_issues]: The current configuration does not include the footprint library 'Connector_JST'
    ; warning
    @(878.84 mm, 139.70 mm): Symbol J_THERM_A [SYM_J_THERM_A]
[lib_symbol_issues]: The current configuration does not include the symbol library 'elt'
    ; warning
    @(878.84 mm, 139.70 mm): Symbol J_THERM_A [SYM_J_THERM_A]
[footprint_link_issues]: The current configuration does not include the footprint library 'Resistor_SMD'
    ; warning
    @(880.11 mm, 358.14 mm): Symbol R_REF7 [SYM_R_REF7]
[lib_symbol_issues]: The current configuration does not include the symbol library 'elt'
    ; warning
    @(880.11 mm, 358.14 mm): Symbol R_REF7 [SYM_R_REF7]
[footprint_link_issues]: The current configuration does not include the footprint library 'Diode_SMD'
    ; warning
    @(881.38 mm, 107.95 mm): Symbol D_TVS [SYM_D_TVS]
[lib_symbol_issues]: The current configuration does not include the symbol library 'elt'
    ; warning
    @(881.38 mm, 107.95 mm): Symbol D_TVS [SYM_D_TVS]
[footprint_link_issues]: The current configuration does not include the footprint library 'Resistor_SMD'
    ; warning
    @(882.65 mm, 331.47 mm): Symbol R_OVB [SYM_R_OVB]
[lib_symbol_issues]: The current configuration does not include the symbol library 'elt'
    ; warning
    @(882.65 mm, 331.47 mm): Symbol R_OVB [SYM_R_OVB]
[footprint_link_issues]: The current configuration does not include the footprint library 'Resistor_SMD'
    ; warning
    @(886.46 mm, 247.65 mm): Symbol R_AND2PD [SYM_R_AND2PD]
[lib_symbol_issues]: The current configuration does not include the symbol library 'elt'
    ; warning
    @(886.46 mm, 247.65 mm): Symbol R_AND2PD [SYM_R_AND2PD]
[lib_symbol_issues]: The current configuration does not include the symbol library 'elt'
    ; warning
    @(889.00 mm, 142.24 mm): Symbol #PWR90 [GND]
[lib_symbol_issues]: The current configuration does not include the symbol library 'elt'
    ; warning
    @(890.27 mm, 107.95 mm): Symbol #PWR64 [GND]
[footprint_link_issues]: The current configuration does not include the footprint library 'Capacitor_SMD'
    ; warning
    @(891.54 mm, 53.34 mm): Symbol C_LATCHB [SYM_C_LATCHB]
[lib_symbol_issues]: The current configuration does not include the symbol library 'elt'
    ; warning
    @(891.54 mm, 53.34 mm): Symbol C_LATCHB [SYM_C_LATCHB]
[lib_symbol_issues]: The current configuration does not include the symbol library 'elt'
    ; warning
    @(891.54 mm, 331.47 mm): Symbol #PWR123 [GND]
[footprint_link_issues]: The current configuration does not include the footprint library 'Capacitor_SMD'
    ; warning
    @(895.35 mm, 81.28 mm): Symbol C_TCAV [SYM_C_TCAV]
[lib_symbol_issues]: The current configuration does not include the symbol library 'elt'
    ; warning
    @(895.35 mm, 81.28 mm): Symbol C_TCAV [SYM_C_TCAV]
[lib_symbol_issues]: The current configuration does not include the symbol library 'elt'
    ; warning
    @(896.62 mm, 247.65 mm): Symbol #PWR101 [GND]
[lib_symbol_issues]: The current configuration does not include the symbol library 'elt'
    ; warning
    @(901.70 mm, 53.34 mm): Symbol #PWR34 [GND]
[lib_symbol_issues]: The current configuration does not include the symbol library 'elt'
    ; warning
    @(904.24 mm, 81.28 mm): Symbol #PWR50 [GND]

 ** ERC messages: 666  Errors 0  Warnings 666

 ** Ignored checks:
    - Global label only appears once in the schematic
    - Four connection points are joined together
    - SPICE model issue
    - Assigned footprint doesn't match footprint filters
