ERC report (2026-08-18T13:38:41, Encoding UTF8)
Report includes: Errors, Warnings, Exclusions

***** Sheet /
[endpoint_off_grid]: Symbol pin or wire end off connection grid
    ; warning
    @(25.40 mm, 711.835 mm): Symbol R_CFG0 Pin 1 [Passive, Line]
[endpoint_off_grid]: Symbol pin or wire end off connection grid
    ; warning
    @(25.40 mm, 1040.765 mm): Horizontal Wire, length 27.94 mm
[endpoint_off_grid]: Symbol pin or wire end off connection grid
    ; warning
    @(25.40 mm, 1009.65 mm): Vertical Wire, length 31.115 mm
[endpoint_off_grid]: Symbol pin or wire end off connection grid
    ; warning
    @(25.40 mm, 1376.045 mm): Vertical Wire, length 27.94 mm
[endpoint_off_grid]: Symbol pin or wire end off connection grid
    ; warning
    @(25.40 mm, 1403.985 mm): Horizontal Wire, length 10.795 mm
[endpoint_off_grid]: Symbol pin or wire end off connection grid
    ; warning
    @(25.40 mm, 1544.955 mm): Vertical Wire, length 27.94 mm
[endpoint_off_grid]: Symbol pin or wire end off connection grid
    ; warning
    @(25.40 mm, 1572.895 mm): Horizontal Wire, length 10.795 mm
[endpoint_off_grid]: Symbol pin or wire end off connection grid
    ; warning
    @(25.40 mm, 1713.865 mm): Vertical Wire, length 27.305 mm
[endpoint_off_grid]: Symbol pin or wire end off connection grid
    ; warning
    @(25.40 mm, 1882.775 mm): Vertical Wire, length 27.305 mm
[endpoint_off_grid]: Symbol pin or wire end off connection grid
    ; warning
    @(38.10 mm, 279.40 mm): Horizontal Wire, length 12.065 mm
[endpoint_off_grid]: Symbol pin or wire end off connection grid
    ; warning
    @(26.035 mm, 279.40 mm): Vertical Wire, length 5.08 mm
[endpoint_off_grid]: Symbol pin or wire end off connection grid
    ; warning
    @(26.035 mm, 284.48 mm): Horizontal Wire, length 9.525 mm
[endpoint_off_grid]: Symbol pin or wire end off connection grid
    ; warning
    @(27.94 mm, 927.735 mm): Horizontal Wire, length 2.54 mm
[endpoint_off_grid]: Symbol pin or wire end off connection grid
    ; warning
    @(27.94 mm, 930.275 mm): Horizontal Wire, length 2.54 mm
[lib_symbol_issues]: The current configuration does not include the symbol library 'elt'
    ; warning
    @(27.94 mm, 1164.59 mm): Symbol #PWR97 [GND]
[footprint_link_issues]: The current configuration does not include the footprint library 'Resistor_SMD'
    ; warning
    @(29.21 mm, 711.835 mm): Symbol R_CFG0 [SYM_R_CFG0]
[lib_symbol_issues]: The current configuration does not include the symbol library 'elt'
    ; warning
    @(29.21 mm, 711.835 mm): Symbol R_CFG0 [SYM_R_CFG0]
[endpoint_off_grid]: Symbol pin or wire end off connection grid
    ; warning
    @(30.48 mm, 798.195 mm): Vertical Wire, length 91.44 mm
[endpoint_off_grid]: Symbol pin or wire end off connection grid
    ; warning
    @(30.48 mm, 889.635 mm): Horizontal Wire, length 2.54 mm
[endpoint_off_grid]: Symbol pin or wire end off connection grid
    ; warning
    @(32.385 mm, 1309.37 mm): Vertical Wire, length 8.255 mm
[endpoint_off_grid]: Symbol pin or wire end off connection grid
    ; warning
    @(32.385 mm, 1317.625 mm): Horizontal Wire, length 253.365 mm
[endpoint_off_grid]: Symbol pin or wire end off connection grid
    ; warning
    @(32.385 mm, 1377.315 mm): Vertical Wire, length 3.81 mm
[endpoint_off_grid]: Symbol pin or wire end off connection grid
    ; warning
    @(32.385 mm, 1546.225 mm): Vertical Wire, length 3.81 mm
[endpoint_off_grid]: Symbol pin or wire end off connection grid
    ; warning
    @(32.385 mm, 1715.135 mm): Vertical Wire, length 3.81 mm
[endpoint_off_grid]: Symbol pin or wire end off connection grid
    ; warning
    @(32.385 mm, 1884.045 mm): Vertical Wire, length 3.81 mm
[endpoint_off_grid]: Symbol pin or wire end off connection grid
    ; warning
    @(33.02 mm, 711.835 mm): Symbol #PWR62 Hidden pin 1 [GND, Power input, Line]
[lib_symbol_issues]: The current configuration does not include the symbol library 'elt'
    ; warning
    @(33.02 mm, 711.835 mm): Symbol #PWR62 [GND]
[endpoint_off_grid]: Symbol pin or wire end off connection grid
    ; warning
    @(33.02 mm, 889.635 mm): Horizontal Wire, length 1.27 mm
[endpoint_off_grid]: Symbol pin or wire end off connection grid
    ; warning
    @(25.40 mm, 68.58 mm): Horizontal Wire, length 8.255 mm
[endpoint_off_grid]: Symbol pin or wire end off connection grid
    ; warning
    @(33.655 mm, 68.58 mm): Vertical Wire, length 3.81 mm
[endpoint_off_grid]: Symbol pin or wire end off connection grid
    ; warning
    @(33.655 mm, 72.39 mm): Horizontal Wire, length 4.445 mm
[endpoint_off_grid]: Symbol pin or wire end off connection grid
    ; warning
    @(33.655 mm, 1376.045 mm): Horizontal Wire, length 8.255 mm
[endpoint_off_grid]: Symbol pin or wire end off connection grid
    ; warning
    @(33.655 mm, 1377.315 mm): Horizontal Wire, length 1.27 mm
[endpoint_off_grid]: Symbol pin or wire end off connection grid
    ; warning
    @(33.655 mm, 1377.315 mm): Vertical Wire, length 1.27 mm
[endpoint_off_grid]: Symbol pin or wire end off connection grid
    ; warning
    @(33.655 mm, 1544.955 mm): Horizontal Wire, length 8.255 mm
[endpoint_off_grid]: Symbol pin or wire end off connection grid
    ; warning
    @(33.655 mm, 1546.225 mm): Horizontal Wire, length 1.27 mm
[endpoint_off_grid]: Symbol pin or wire end off connection grid
    ; warning
    @(33.655 mm, 1546.225 mm): Vertical Wire, length 1.27 mm
[endpoint_off_grid]: Symbol pin or wire end off connection grid
    ; warning
    @(33.655 mm, 1713.865 mm): Horizontal Wire, length 8.255 mm
[endpoint_off_grid]: Symbol pin or wire end off connection grid
    ; warning
    @(33.655 mm, 1715.135 mm): Vertical Wire, length 1.27 mm
[endpoint_off_grid]: Symbol pin or wire end off connection grid
    ; warning
    @(33.655 mm, 1715.135 mm): Horizontal Wire, length 1.27 mm
[endpoint_off_grid]: Symbol pin or wire end off connection grid
    ; warning
    @(33.655 mm, 1882.775 mm): Horizontal Wire, length 8.255 mm
[endpoint_off_grid]: Symbol pin or wire end off connection grid
    ; warning
    @(33.655 mm, 1884.045 mm): Vertical Wire, length 1.27 mm
[endpoint_off_grid]: Symbol pin or wire end off connection grid
    ; warning
    @(33.655 mm, 1884.045 mm): Horizontal Wire, length 1.27 mm
[endpoint_off_grid]: Symbol pin or wire end off connection grid
    ; warning
    @(34.29 mm, 756.285 mm): Symbol R_SWAP1 Pin 1 [Passive, Line]
[endpoint_off_grid]: Symbol pin or wire end off connection grid
    ; warning
    @(34.29 mm, 889.635 mm): Symbol R_DIS6N Pin 1 [Passive, Line]
[endpoint_off_grid]: Symbol pin or wire end off connection grid
    ; warning
    @(38.10 mm, 1309.37 mm): Horizontal Wire, length 3.175 mm
[endpoint_off_grid]: Symbol pin or wire end off connection grid
    ; warning
    @(34.925 mm, 1309.37 mm): Horizontal Wire, length 2.54 mm
[endpoint_off_grid]: Symbol pin or wire end off connection grid
    ; warning
    @(35.56 mm, 328.295 mm): Horizontal Wire, length 114.935 mm
[endpoint_off_grid]: Symbol pin or wire end off connection grid
    ; warning
    @(35.56 mm, 284.48 mm): Vertical Wire, length 43.815 mm
[endpoint_off_grid]: Symbol pin or wire end off connection grid
    ; warning
    @(35.56 mm, 1435.735 mm): Vertical Wire, length 8.255 mm
[endpoint_off_grid]: Symbol pin or wire end off connection grid
    ; warning
    @(35.56 mm, 1604.645 mm): Vertical Wire, length 8.255 mm
[endpoint_off_grid]: Symbol pin or wire end off connection grid
    ; warning
    @(35.56 mm, 1773.555 mm): Vertical Wire, length 8.255 mm
[endpoint_off_grid]: Symbol pin or wire end off connection grid
    ; warning
    @(35.56 mm, 1942.465 mm): Vertical Wire, length 7.62 mm
[endpoint_off_grid]: Symbol pin or wire end off connection grid
    ; warning
    @(35.56 mm, 1950.085 mm): Horizontal Wire, length 26.035 mm
[endpoint_off_grid]: Symbol pin or wire end off connection grid
    ; warning
    @(36.195 mm, 927.10 mm): Vertical Wire, length 0.635 mm
[endpoint_off_grid]: Symbol pin or wire end off connection grid
    ; warning
    @(36.195 mm, 927.735 mm): Horizontal Wire, length 8.255 mm
[endpoint_off_grid]: Symbol pin or wire end off connection grid
    ; warning
    @(36.195 mm, 929.64 mm): Vertical Wire, length 0.635 mm
[endpoint_off_grid]: Symbol pin or wire end off connection grid
    ; warning
    @(36.195 mm, 930.275 mm): Horizontal Wire, length 8.255 mm
[endpoint_off_grid]: Symbol pin or wire end off connection grid
    ; warning
    @(36.195 mm, 1403.985 mm): Horizontal Wire, length 1.27 mm
[endpoint_off_grid]: Symbol pin or wire end off connection grid
    ; warning
    @(36.195 mm, 1572.895 mm): Horizontal Wire, length 1.27 mm
[endpoint_off_grid]: Symbol pin or wire end off connection grid
    ; warning
    @(36.195 mm, 1741.17 mm): Horizontal Wire, length 1.27 mm
[endpoint_off_grid]: Symbol pin or wire end off connection grid
    ; warning
    @(25.40 mm, 1741.17 mm): Horizontal Wire, length 10.795 mm
[endpoint_off_grid]: Symbol pin or wire end off connection grid
    ; warning
    @(36.195 mm, 1910.08 mm): Horizontal Wire, length 1.27 mm
[endpoint_off_grid]: Symbol pin or wire end off connection grid
    ; warning
    @(25.40 mm, 1910.08 mm): Horizontal Wire, length 10.795 mm
[endpoint_off_grid]: Symbol pin or wire end off connection grid
    ; warning
    @(37.465 mm, 1403.985 mm): Symbol C_DATA1 Pin 1 [Passive, Line]
[endpoint_off_grid]: Symbol pin or wire end off connection grid
    ; warning
    @(37.465 mm, 1572.895 mm): Symbol C_DATA2 Pin 1 [Passive, Line]
[endpoint_off_grid]: Symbol pin or wire end off connection grid
    ; warning
    @(37.465 mm, 1741.17 mm): Symbol C_DATA3 Pin 1 [Passive, Line]
[endpoint_off_grid]: Symbol pin or wire end off connection grid
    ; warning
    @(37.465 mm, 1910.08 mm): Symbol C_DATA4 Pin 1 [Passive, Line]
[lib_symbol_issues]: The current configuration does not include the symbol library 'elt'
    ; warning
    @(38.10 mm, 287.02 mm): Symbol #PWR21 [GND]
[footprint_link_issues]: The current configuration does not include the footprint library 'Resistor_SMD'
    ; warning
    @(38.10 mm, 756.285 mm): Symbol R_SWAP1 [SYM_R_SWAP1]
[lib_symbol_issues]: The current configuration does not include the symbol library 'elt'
    ; warning
    @(38.10 mm, 756.285 mm): Symbol R_SWAP1 [SYM_R_SWAP1]
[footprint_link_issues]: The current configuration does not include the footprint library 'Resistor_SMD'
    ; warning
    @(38.10 mm, 889.635 mm): Symbol R_DIS6N [SYM_R_DIS6N]
[lib_symbol_issues]: The current configuration does not include the symbol library 'elt'
    ; warning
    @(38.10 mm, 889.635 mm): Symbol R_DIS6N [SYM_R_DIS6N]
[endpoint_off_grid]: Symbol pin or wire end off connection grid
    ; warning
    @(38.10 mm, 1435.735 mm): Horizontal Wire, length 2.54 mm
[endpoint_off_grid]: Symbol pin or wire end off connection grid
    ; warning
    @(38.10 mm, 1604.645 mm): Horizontal Wire, length 2.54 mm
[endpoint_off_grid]: Symbol pin or wire end off connection grid
    ; warning
    @(38.10 mm, 1773.555 mm): Horizontal Wire, length 2.54 mm
[endpoint_off_grid]: Symbol pin or wire end off connection grid
    ; warning
    @(38.10 mm, 1942.465 mm): Horizontal Wire, length 2.54 mm
[endpoint_off_grid]: Symbol pin or wire end off connection grid
    ; warning
    @(40.64 mm, 538.48 mm): Horizontal Wire, length 0.635 mm
[endpoint_off_grid]: Symbol pin or wire end off connection grid
    ; warning
    @(40.005 mm, 538.48 mm): Horizontal Wire, length 14.605 mm
[endpoint_off_grid]: Symbol pin or wire end off connection grid
    ; warning
    @(41.275 mm, 69.85 mm): Symbol #PWR01 Hidden pin 1 [GND, Power input, Line]
[endpoint_off_grid]: Symbol pin or wire end off connection grid
    ; warning
    @(41.275 mm, 69.85 mm): Symbol J_POWER Pin A1 [GND_A1, Passive, Line]
[lib_symbol_issues]: The current configuration does not include the symbol library 'elt'
    ; warning
    @(41.275 mm, 69.85 mm): Symbol #PWR01 [GND]
[endpoint_off_grid]: Symbol pin or wire end off connection grid
    ; warning
    @(39.37 mm, 72.39 mm): Horizontal Wire, length 1.905 mm
[endpoint_off_grid]: Symbol pin or wire end off connection grid
    ; warning
    @(41.275 mm, 85.09 mm): Horizontal Wire, length 1.905 mm
[endpoint_off_grid]: Symbol pin or wire end off connection grid
    ; warning
    @(41.275 mm, 87.63 mm): Symbol #PWR02 Hidden pin 1 [GND, Power input, Line]
[lib_symbol_issues]: The current configuration does not include the symbol library 'elt'
    ; warning
    @(41.275 mm, 87.63 mm): Symbol #PWR02 [GND]
[endpoint_off_grid]: Symbol pin or wire end off connection grid
    ; warning
    @(41.275 mm, 90.17 mm): Symbol #PWR03 Hidden pin 1 [GND, Power input, Line]
[lib_symbol_issues]: The current configuration does not include the symbol library 'elt'
    ; warning
    @(41.275 mm, 90.17 mm): Symbol #PWR03 [GND]
[footprint_link_issues]: The current configuration does not include the footprint library 'Capacitor_SMD'
    ; warning
    @(41.275 mm, 1403.985 mm): Symbol C_DATA1 [SYM_C_DATA1]
[lib_symbol_issues]: The current configuration does not include the symbol library 'elt'
    ; warning
    @(41.275 mm, 1403.985 mm): Symbol C_DATA1 [SYM_C_DATA1]
[endpoint_off_grid]: Symbol pin or wire end off connection grid
    ; warning
    @(41.275 mm, 1435.735 mm): Symbol C_PWR1_IN Pin 1 [Passive, Line]
[endpoint_off_grid]: Symbol pin or wire end off connection grid
    ; warning
    @(41.275 mm, 1435.735 mm): Horizontal Wire, length 3.175 mm
[footprint_link_issues]: The current configuration does not include the footprint library 'Capacitor_SMD'
    ; warning
    @(41.275 mm, 1572.895 mm): Symbol C_DATA2 [SYM_C_DATA2]
[lib_symbol_issues]: The current configuration does not include the symbol library 'elt'
    ; warning
    @(41.275 mm, 1572.895 mm): Symbol C_DATA2 [SYM_C_DATA2]
[endpoint_off_grid]: Symbol pin or wire end off connection grid
    ; warning
    @(41.275 mm, 1604.645 mm): Horizontal Wire, length 3.175 mm
[endpoint_off_grid]: Symbol pin or wire end off connection grid
    ; warning
    @(41.275 mm, 1604.645 mm): Symbol C_PWR2_IN Pin 1 [Passive, Line]
[footprint_link_issues]: The current configuration does not include the footprint library 'Capacitor_SMD'
    ; warning
    @(41.275 mm, 1741.17 mm): Symbol C_DATA3 [SYM_C_DATA3]
[lib_symbol_issues]: The current configuration does not include the symbol library 'elt'
    ; warning
    @(41.275 mm, 1741.17 mm): Symbol C_DATA3 [SYM_C_DATA3]
[endpoint_off_grid]: Symbol pin or wire end off connection grid
    ; warning
    @(41.275 mm, 1773.555 mm): Horizontal Wire, length 3.175 mm
[endpoint_off_grid]: Symbol pin or wire end off connection grid
    ; warning
    @(41.275 mm, 1773.555 mm): Symbol C_PWR3_IN Pin 1 [Passive, Line]
[footprint_link_issues]: The current configuration does not include the footprint library 'Capacitor_SMD'
    ; warning
    @(41.275 mm, 1910.08 mm): Symbol C_DATA4 [SYM_C_DATA4]
[lib_symbol_issues]: The current configuration does not include the symbol library 'elt'
    ; warning
    @(41.275 mm, 1910.08 mm): Symbol C_DATA4 [SYM_C_DATA4]
[endpoint_off_grid]: Symbol pin or wire end off connection grid
    ; warning
    @(41.275 mm, 1942.465 mm): Horizontal Wire, length 3.175 mm
[endpoint_off_grid]: Symbol pin or wire end off connection grid
    ; warning
    @(41.275 mm, 1942.465 mm): Symbol C_PWR4_IN Pin 1 [Passive, Line]
[endpoint_off_grid]: Symbol pin or wire end off connection grid
    ; warning
    @(41.91 mm, 756.285 mm): Horizontal Wire, length 1.27 mm
[footprint_link_issues]: The current configuration does not include the footprint library 'Package_SO'
    ; warning
    @(41.91 mm, 1156.97 mm): Symbol U_AND_PWR [SYM_U_AND_PWR]
[lib_symbol_issues]: The current configuration does not include the symbol library 'elt'
    ; warning
    @(41.91 mm, 1156.97 mm): Symbol U_AND_PWR [SYM_U_AND_PWR]
[footprint_link_issues]: The current configuration does not include the footprint library 'Capacitor_SMD'
    ; warning
    @(41.91 mm, 1309.37 mm): Symbol C_AND_PWR [SYM_C_AND_PWR]
[lib_symbol_issues]: The current configuration does not include the symbol library 'elt'
    ; warning
    @(41.91 mm, 1309.37 mm): Symbol C_AND_PWR [SYM_C_AND_PWR]
[endpoint_off_grid]: Symbol pin or wire end off connection grid
    ; warning
    @(42.545 mm, 1440.815 mm): Horizontal Wire, length 7.62 mm
[endpoint_off_grid]: Symbol pin or wire end off connection grid
    ; warning
    @(42.545 mm, 1609.725 mm): Horizontal Wire, length 7.62 mm
[endpoint_off_grid]: Symbol pin or wire end off connection grid
    ; warning
    @(42.545 mm, 1778.635 mm): Horizontal Wire, length 7.62 mm
[endpoint_off_grid]: Symbol pin or wire end off connection grid
    ; warning
    @(42.545 mm, 1947.545 mm): Horizontal Wire, length 7.62 mm
[endpoint_off_grid]: Symbol pin or wire end off connection grid
    ; warning
    @(43.18 mm, 756.285 mm): Horizontal Wire, length 2.54 mm
[lib_symbol_issues]: The current configuration does not include the symbol library 'elt'
    ; warning
    @(44.45 mm, 521.97 mm): Symbol #PWR35 [GND]
[lib_symbol_issues]: The current configuration does not include the symbol library 'elt'
    ; warning
    @(44.45 mm, 539.75 mm): Symbol #PWR36 [GND]
[lib_symbol_issues]: The current configuration does not include the symbol library 'elt'
    ; warning
    @(44.45 mm, 542.29 mm): Symbol #PWR37 [GND]
[endpoint_off_grid]: Symbol pin or wire end off connection grid
    ; warning
    @(44.45 mm, 1377.315 mm): Horizontal Wire, length 10.795 mm
[endpoint_off_grid]: Symbol pin or wire end off connection grid
    ; warning
    @(44.45 mm, 1377.315 mm): Symbol U_DATA1 Pin 1 [VCC, Passive, Line]
[endpoint_off_grid]: Symbol pin or wire end off connection grid
    ; warning
    @(44.45 mm, 1379.855 mm): Symbol #PWR101 Hidden pin 1 [GND, Power input, Line]
[lib_symbol_issues]: The current configuration does not include the symbol library 'elt'
    ; warning
    @(44.45 mm, 1379.855 mm): Symbol #PWR101 [GND]
[endpoint_off_grid]: Symbol pin or wire end off connection grid
    ; warning
    @(44.45 mm, 1387.475 mm): Symbol #PWR102 Hidden pin 1 [GND, Power input, Line]
[lib_symbol_issues]: The current configuration does not include the symbol library 'elt'
    ; warning
    @(44.45 mm, 1387.475 mm): Symbol #PWR102 [GND]
[endpoint_off_grid]: Symbol pin or wire end off connection grid
    ; warning
    @(44.45 mm, 1546.225 mm): Symbol U_DATA2 Pin 1 [VCC, Passive, Line]
[endpoint_off_grid]: Symbol pin or wire end off connection grid
    ; warning
    @(44.45 mm, 1546.225 mm): Horizontal Wire, length 10.795 mm
[endpoint_off_grid]: Symbol pin or wire end off connection grid
    ; warning
    @(44.45 mm, 1548.765 mm): Symbol #PWR116 Hidden pin 1 [GND, Power input, Line]
[lib_symbol_issues]: The current configuration does not include the symbol library 'elt'
    ; warning
    @(44.45 mm, 1548.765 mm): Symbol #PWR116 [GND]
[endpoint_off_grid]: Symbol pin or wire end off connection grid
    ; warning
    @(44.45 mm, 1556.385 mm): Symbol #PWR117 Hidden pin 1 [GND, Power input, Line]
[lib_symbol_issues]: The current configuration does not include the symbol library 'elt'
    ; warning
    @(44.45 mm, 1556.385 mm): Symbol #PWR117 [GND]
[endpoint_off_grid]: Symbol pin or wire end off connection grid
    ; warning
    @(44.45 mm, 1636.395 mm): Symbol R_ILIM2 Pin 1 [Passive, Line]
[endpoint_off_grid]: Symbol pin or wire end off connection grid
    ; warning
    @(44.45 mm, 1715.135 mm): Horizontal Wire, length 10.795 mm
[endpoint_off_grid]: Symbol pin or wire end off connection grid
    ; warning
    @(44.45 mm, 1715.135 mm): Symbol U_DATA3 Pin 1 [VCC, Passive, Line]
[endpoint_off_grid]: Symbol pin or wire end off connection grid
    ; warning
    @(44.45 mm, 1717.675 mm): Symbol #PWR131 Hidden pin 1 [GND, Power input, Line]
[lib_symbol_issues]: The current configuration does not include the symbol library 'elt'
    ; warning
    @(44.45 mm, 1717.675 mm): Symbol #PWR131 [GND]
[endpoint_off_grid]: Symbol pin or wire end off connection grid
    ; warning
    @(44.45 mm, 1725.295 mm): Symbol #PWR132 Hidden pin 1 [GND, Power input, Line]
[lib_symbol_issues]: The current configuration does not include the symbol library 'elt'
    ; warning
    @(44.45 mm, 1725.295 mm): Symbol #PWR132 [GND]
[endpoint_off_grid]: Symbol pin or wire end off connection grid
    ; warning
    @(44.45 mm, 1805.305 mm): Symbol R_ILIM3 Pin 1 [Passive, Line]
[endpoint_off_grid]: Symbol pin or wire end off connection grid
    ; warning
    @(44.45 mm, 1884.045 mm): Symbol U_DATA4 Pin 1 [VCC, Passive, Line]
[endpoint_off_grid]: Symbol pin or wire end off connection grid
    ; warning
    @(44.45 mm, 1884.045 mm): Horizontal Wire, length 10.795 mm
[endpoint_off_grid]: Symbol pin or wire end off connection grid
    ; warning
    @(44.45 mm, 1886.585 mm): Symbol #PWR146 Hidden pin 1 [GND, Power input, Line]
[lib_symbol_issues]: The current configuration does not include the symbol library 'elt'
    ; warning
    @(44.45 mm, 1886.585 mm): Symbol #PWR146 [GND]
[endpoint_off_grid]: Symbol pin or wire end off connection grid
    ; warning
    @(44.45 mm, 1894.205 mm): Symbol #PWR147 Hidden pin 1 [GND, Power input, Line]
[lib_symbol_issues]: The current configuration does not include the symbol library 'elt'
    ; warning
    @(44.45 mm, 1894.205 mm): Symbol #PWR147 [GND]
[endpoint_off_grid]: Symbol pin or wire end off connection grid
    ; warning
    @(44.45 mm, 1974.215 mm): Symbol R_ILIM4 Pin 1 [Passive, Line]
[endpoint_off_grid]: Symbol pin or wire end off connection grid
    ; warning
    @(45.085 mm, 927.10 mm): Horizontal Wire, length 8.89 mm
[endpoint_off_grid]: Symbol pin or wire end off connection grid
    ; warning
    @(46.99 mm, 927.10 mm): Horizontal Wire, length 1.905 mm
[endpoint_off_grid]: Symbol pin or wire end off connection grid
    ; warning
    @(46.99 mm, 929.64 mm): Horizontal Wire, length 1.905 mm
[endpoint_off_grid]: Symbol pin or wire end off connection grid
    ; warning
    @(45.085 mm, 929.64 mm): Horizontal Wire, length 8.89 mm
[endpoint_off_grid]: Symbol pin or wire end off connection grid
    ; warning
    @(45.085 mm, 1403.985 mm): Symbol #PWR103 Hidden pin 1 [GND, Power input, Line]
[lib_symbol_issues]: The current configuration does not include the symbol library 'elt'
    ; warning
    @(45.085 mm, 1403.985 mm): Symbol #PWR103 [GND]
[footprint_link_issues]: The current configuration does not include the footprint library 'Capacitor_SMD'
    ; warning
    @(45.085 mm, 1435.735 mm): Symbol C_PWR1_IN [SYM_C_PWR1_IN]
[lib_symbol_issues]: The current configuration does not include the symbol library 'elt'
    ; warning
    @(45.085 mm, 1435.735 mm): Symbol C_PWR1_IN [SYM_C_PWR1_IN]
[endpoint_off_grid]: Symbol pin or wire end off connection grid
    ; warning
    @(45.085 mm, 1440.815 mm): Horizontal Wire, length 2.54 mm
[endpoint_off_grid]: Symbol pin or wire end off connection grid
    ; warning
    @(45.085 mm, 1572.895 mm): Symbol #PWR118 Hidden pin 1 [GND, Power input, Line]
[lib_symbol_issues]: The current configuration does not include the symbol library 'elt'
    ; warning
    @(45.085 mm, 1572.895 mm): Symbol #PWR118 [GND]
[footprint_link_issues]: The current configuration does not include the footprint library 'Capacitor_SMD'
    ; warning
    @(45.085 mm, 1604.645 mm): Symbol C_PWR2_IN [SYM_C_PWR2_IN]
[lib_symbol_issues]: The current configuration does not include the symbol library 'elt'
    ; warning
    @(45.085 mm, 1604.645 mm): Symbol C_PWR2_IN [SYM_C_PWR2_IN]
[endpoint_off_grid]: Symbol pin or wire end off connection grid
    ; warning
    @(45.085 mm, 1609.725 mm): Horizontal Wire, length 2.54 mm
[endpoint_off_grid]: Symbol pin or wire end off connection grid
    ; warning
    @(45.085 mm, 1741.17 mm): Symbol #PWR133 Hidden pin 1 [GND, Power input, Line]
[lib_symbol_issues]: The current configuration does not include the symbol library 'elt'
    ; warning
    @(45.085 mm, 1741.17 mm): Symbol #PWR133 [GND]
[footprint_link_issues]: The current configuration does not include the footprint library 'Capacitor_SMD'
    ; warning
    @(45.085 mm, 1773.555 mm): Symbol C_PWR3_IN [SYM_C_PWR3_IN]
[lib_symbol_issues]: The current configuration does not include the symbol library 'elt'
    ; warning
    @(45.085 mm, 1773.555 mm): Symbol C_PWR3_IN [SYM_C_PWR3_IN]
[endpoint_off_grid]: Symbol pin or wire end off connection grid
    ; warning
    @(45.085 mm, 1778.635 mm): Horizontal Wire, length 2.54 mm
[endpoint_off_grid]: Symbol pin or wire end off connection grid
    ; warning
    @(45.085 mm, 1910.08 mm): Symbol #PWR148 Hidden pin 1 [GND, Power input, Line]
[lib_symbol_issues]: The current configuration does not include the symbol library 'elt'
    ; warning
    @(45.085 mm, 1910.08 mm): Symbol #PWR148 [GND]
[footprint_link_issues]: The current configuration does not include the footprint library 'Capacitor_SMD'
    ; warning
    @(45.085 mm, 1942.465 mm): Symbol C_PWR4_IN [SYM_C_PWR4_IN]
[lib_symbol_issues]: The current configuration does not include the symbol library 'elt'
    ; warning
    @(45.085 mm, 1942.465 mm): Symbol C_PWR4_IN [SYM_C_PWR4_IN]
[endpoint_off_grid]: Symbol pin or wire end off connection grid
    ; warning
    @(45.085 mm, 1947.545 mm): Horizontal Wire, length 2.54 mm
[endpoint_off_grid]: Symbol pin or wire end off connection grid
    ; warning
    @(45.72 mm, 756.285 mm): Vertical Wire, length 41.91 mm
[endpoint_off_grid]: Symbol pin or wire end off connection grid
    ; warning
    @(45.72 mm, 798.195 mm): Horizontal Wire, length 15.24 mm
[footprint_link_issues]: The current configuration does not include the footprint library 'Resistor_SMD'
    ; warning
    @(45.72 mm, 974.09 mm): Symbol R_ILIM_CTRL [SYM_R_ILIM_CTRL]
[lib_symbol_issues]: The current configuration does not include the symbol library 'elt'
    ; warning
    @(45.72 mm, 974.09 mm): Symbol R_ILIM_CTRL [SYM_R_ILIM_CTRL]
[footprint_link_issues]: The current configuration does not include the footprint library 'Capacitor_SMD'
    ; warning
    @(45.72 mm, 1009.65 mm): Symbol C_PWR_CTRL_OUT_HF [SYM_C_PWR_CTRL_OUT_HF]
[lib_symbol_issues]: The current configuration does not include the symbol library 'elt'
    ; warning
    @(45.72 mm, 1009.65 mm): Symbol C_PWR_CTRL_OUT_HF [SYM_C_PWR_CTRL_OUT_HF]
[lib_symbol_issues]: The current configuration does not include the symbol library 'elt'
    ; warning
    @(45.72 mm, 1309.37 mm): Symbol #PWR98 [GND]
[lib_symbol_issues]: The current configuration does not include the symbol library 'elt'
    ; warning
    @(46.99 mm, 924.56 mm): Symbol #PWR75 [GND]
[footprint_link_issues]: The current configuration does not include the footprint library 'Resistor_SMD'
    ; warning
    @(48.26 mm, 1468.12 mm): Symbol R_ILIM1 [SYM_R_ILIM1]
[lib_symbol_issues]: The current configuration does not include the symbol library 'elt'
    ; warning
    @(48.26 mm, 1468.12 mm): Symbol R_ILIM1 [SYM_R_ILIM1]
[footprint_link_issues]: The current configuration does not include the footprint library 'Resistor_SMD'
    ; warning
    @(48.26 mm, 1636.395 mm): Symbol R_ILIM2 [SYM_R_ILIM2]
[lib_symbol_issues]: The current configuration does not include the symbol library 'elt'
    ; warning
    @(48.26 mm, 1636.395 mm): Symbol R_ILIM2 [SYM_R_ILIM2]
[footprint_link_issues]: The current configuration does not include the footprint library 'Resistor_SMD'
    ; warning
    @(48.26 mm, 1805.305 mm): Symbol R_ILIM3 [SYM_R_ILIM3]
[lib_symbol_issues]: The current configuration does not include the symbol library 'elt'
    ; warning
    @(48.26 mm, 1805.305 mm): Symbol R_ILIM3 [SYM_R_ILIM3]
[footprint_link_issues]: The current configuration does not include the footprint library 'Resistor_SMD'
    ; warning
    @(48.26 mm, 1974.215 mm): Symbol R_ILIM4 [SYM_R_ILIM4]
[lib_symbol_issues]: The current configuration does not include the symbol library 'elt'
    ; warning
    @(48.26 mm, 1974.215 mm): Symbol R_ILIM4 [SYM_R_ILIM4]
[endpoint_off_grid]: Symbol pin or wire end off connection grid
    ; warning
    @(48.895 mm, 1435.735 mm): Symbol #PWR109 Hidden pin 1 [GND, Power input, Line]
[lib_symbol_issues]: The current configuration does not include the symbol library 'elt'
    ; warning
    @(48.895 mm, 1435.735 mm): Symbol #PWR109 [GND]
[endpoint_off_grid]: Symbol pin or wire end off connection grid
    ; warning
    @(48.895 mm, 1604.645 mm): Symbol #PWR124 Hidden pin 1 [GND, Power input, Line]
[lib_symbol_issues]: The current configuration does not include the symbol library 'elt'
    ; warning
    @(48.895 mm, 1604.645 mm): Symbol #PWR124 [GND]
[endpoint_off_grid]: Symbol pin or wire end off connection grid
    ; warning
    @(48.895 mm, 1773.555 mm): Symbol #PWR139 Hidden pin 1 [GND, Power input, Line]
[lib_symbol_issues]: The current configuration does not include the symbol library 'elt'
    ; warning
    @(48.895 mm, 1773.555 mm): Symbol #PWR139 [GND]
[endpoint_off_grid]: Symbol pin or wire end off connection grid
    ; warning
    @(48.895 mm, 1942.465 mm): Symbol #PWR154 Hidden pin 1 [GND, Power input, Line]
[lib_symbol_issues]: The current configuration does not include the symbol library 'elt'
    ; warning
    @(48.895 mm, 1942.465 mm): Symbol #PWR154 [GND]
[lib_symbol_issues]: The current configuration does not include the symbol library 'elt'
    ; warning
    @(49.53 mm, 974.09 mm): Symbol #PWR77 [GND]
[lib_symbol_issues]: The current configuration does not include the symbol library 'elt'
    ; warning
    @(49.53 mm, 1009.65 mm): Symbol #PWR79 [GND]
[lib_symbol_issues]: The current configuration does not include the symbol library 'elt'
    ; warning
    @(52.07 mm, 1468.12 mm): Symbol #PWR108 [GND]
[endpoint_off_grid]: Symbol pin or wire end off connection grid
    ; warning
    @(52.07 mm, 1636.395 mm): Symbol #PWR123 Hidden pin 1 [GND, Power input, Line]
[lib_symbol_issues]: The current configuration does not include the symbol library 'elt'
    ; warning
    @(52.07 mm, 1636.395 mm): Symbol #PWR123 [GND]
[endpoint_off_grid]: Symbol pin or wire end off connection grid
    ; warning
    @(52.07 mm, 1805.305 mm): Symbol #PWR138 Hidden pin 1 [GND, Power input, Line]
[lib_symbol_issues]: The current configuration does not include the symbol library 'elt'
    ; warning
    @(52.07 mm, 1805.305 mm): Symbol #PWR138 [GND]
[endpoint_off_grid]: Symbol pin or wire end off connection grid
    ; warning
    @(52.07 mm, 1974.215 mm): Symbol #PWR153 Hidden pin 1 [GND, Power input, Line]
[lib_symbol_issues]: The current configuration does not include the symbol library 'elt'
    ; warning
    @(52.07 mm, 1974.215 mm): Symbol #PWR153 [GND]
[endpoint_off_grid]: Symbol pin or wire end off connection grid
    ; warning
    @(53.34 mm, 1040.765 mm): Horizontal Wire, length 6.35 mm
[endpoint_off_grid]: Symbol pin or wire end off connection grid
    ; warning
    @(53.34 mm, 1443.99 mm): Vertical Wire, length 3.175 mm
[endpoint_off_grid]: Symbol pin or wire end off connection grid
    ; warning
    @(53.34 mm, 1440.815 mm): Horizontal Wire, length 8.255 mm
[endpoint_off_grid]: Symbol pin or wire end off connection grid
    ; warning
    @(53.34 mm, 1612.90 mm): Vertical Wire, length 3.175 mm
[endpoint_off_grid]: Symbol pin or wire end off connection grid
    ; warning
    @(53.34 mm, 1609.725 mm): Horizontal Wire, length 8.255 mm
[endpoint_off_grid]: Symbol pin or wire end off connection grid
    ; warning
    @(53.34 mm, 1781.81 mm): Vertical Wire, length 3.175 mm
[endpoint_off_grid]: Symbol pin or wire end off connection grid
    ; warning
    @(53.34 mm, 1778.635 mm): Horizontal Wire, length 8.255 mm
[endpoint_off_grid]: Symbol pin or wire end off connection grid
    ; warning
    @(53.34 mm, 1947.545 mm): Horizontal Wire, length 8.255 mm
[endpoint_off_grid]: Symbol pin or wire end off connection grid
    ; warning
    @(53.34 mm, 1950.085 mm): Vertical Wire, length 2.54 mm
[footprint_link_issues]: The current configuration does not include the footprint library 'usb_controlled_debug_hub'
    ; warning
    @(54.61 mm, 284.48 mm): Symbol U_AGG [SYM_U_AGG]
[lib_symbol_issues]: The current configuration does not include the symbol library 'elt'
    ; warning
    @(54.61 mm, 284.48 mm): Symbol U_AGG [SYM_U_AGG]
[footprint_link_issues]: The current configuration does not include the footprint library 'usb_controlled_debug_hub'
    ; warning
    @(57.785 mm, 80.01 mm): Symbol J_POWER [SYM_J_POWER]
[lib_symbol_issues]: The current configuration does not include the symbol library 'elt'
    ; warning
    @(57.785 mm, 80.01 mm): Symbol J_POWER [SYM_J_POWER]
[endpoint_off_grid]: Symbol pin or wire end off connection grid
    ; warning
    @(59.055 mm, 1346.835 mm): Symbol R_DATA_OE1 Pin 1 [Passive, Line]
[endpoint_off_grid]: Symbol pin or wire end off connection grid
    ; warning
    @(59.055 mm, 1515.745 mm): Symbol R_DATA_OE2 Pin 1 [Passive, Line]
[endpoint_off_grid]: Symbol pin or wire end off connection grid
    ; warning
    @(59.055 mm, 1684.655 mm): Symbol R_DATA_OE3 Pin 1 [Passive, Line]
[endpoint_off_grid]: Symbol pin or wire end off connection grid
    ; warning
    @(59.055 mm, 1853.565 mm): Symbol R_DATA_OE4 Pin 1 [Passive, Line]
[endpoint_off_grid]: Symbol pin or wire end off connection grid
    ; warning
    @(59.69 mm, 1040.765 mm): Symbol C_PWR_CTRL_OUT Pin 1 [Passive, Line]
[footprint_link_issues]: The current configuration does not include the footprint library 'usb_controlled_debug_hub'
    ; warning
    @(60.96 mm, 532.13 mm): Symbol J_DATA [SYM_J_DATA]
[lib_symbol_issues]: The current configuration does not include the symbol library 'elt'
    ; warning
    @(60.96 mm, 532.13 mm): Symbol J_DATA [SYM_J_DATA]
[endpoint_off_grid]: Symbol pin or wire end off connection grid
    ; warning
    @(60.96 mm, 800.735 mm): Symbol R_SWAP5 Pin 1 [Passive, Line]
[endpoint_off_grid]: Symbol pin or wire end off connection grid
    ; warning
    @(60.96 mm, 845.185 mm): Symbol R_GANG Pin 1 [Passive, Line]
[endpoint_off_grid]: Symbol pin or wire end off connection grid
    ; warning
    @(35.56 mm, 1443.99 mm): Horizontal Wire, length 26.035 mm
[endpoint_off_grid]: Symbol pin or wire end off connection grid
    ; warning
    @(61.595 mm, 1443.99 mm): Horizontal Wire, length 2.54 mm
[endpoint_off_grid]: Symbol pin or wire end off connection grid
    ; warning
    @(61.595 mm, 1443.99 mm): Horizontal Wire, length 8.255 mm
[endpoint_off_grid]: Symbol pin or wire end off connection grid
    ; warning
    @(61.595 mm, 1446.53 mm): Vertical Wire, length 2.54 mm
[endpoint_off_grid]: Symbol pin or wire end off connection grid
    ; warning
    @(61.595 mm, 1612.90 mm): Horizontal Wire, length 8.255 mm
[endpoint_off_grid]: Symbol pin or wire end off connection grid
    ; warning
    @(61.595 mm, 1612.90 mm): Horizontal Wire, length 2.54 mm
[endpoint_off_grid]: Symbol pin or wire end off connection grid
    ; warning
    @(35.56 mm, 1612.90 mm): Horizontal Wire, length 26.035 mm
[endpoint_off_grid]: Symbol pin or wire end off connection grid
    ; warning
    @(61.595 mm, 1615.44 mm): Vertical Wire, length 2.54 mm
[endpoint_off_grid]: Symbol pin or wire end off connection grid
    ; warning
    @(61.595 mm, 1781.81 mm): Horizontal Wire, length 2.54 mm
[endpoint_off_grid]: Symbol pin or wire end off connection grid
    ; warning
    @(61.595 mm, 1781.81 mm): Horizontal Wire, length 8.255 mm
[endpoint_off_grid]: Symbol pin or wire end off connection grid
    ; warning
    @(35.56 mm, 1781.81 mm): Horizontal Wire, length 26.035 mm
[endpoint_off_grid]: Symbol pin or wire end off connection grid
    ; warning
    @(61.595 mm, 1784.35 mm): Vertical Wire, length 2.54 mm
[endpoint_off_grid]: Symbol pin or wire end off connection grid
    ; warning
    @(61.595 mm, 1950.085 mm): Horizontal Wire, length 2.54 mm
[endpoint_off_grid]: Symbol pin or wire end off connection grid
    ; warning
    @(61.595 mm, 1950.085 mm): Horizontal Wire, length 8.255 mm
[endpoint_off_grid]: Symbol pin or wire end off connection grid
    ; warning
    @(61.595 mm, 1952.625 mm): Vertical Wire, length 2.54 mm
[footprint_link_issues]: The current configuration does not include the footprint library 'Resistor_SMD'
    ; warning
    @(62.865 mm, 1346.835 mm): Symbol R_DATA_OE1 [SYM_R_DATA_OE1]
[lib_symbol_issues]: The current configuration does not include the symbol library 'elt'
    ; warning
    @(62.865 mm, 1346.835 mm): Symbol R_DATA_OE1 [SYM_R_DATA_OE1]
[footprint_link_issues]: The current configuration does not include the footprint library 'Package_SO'
    ; warning
    @(62.865 mm, 1382.395 mm): Symbol U_DATA1 [SYM_U_DATA1]
[lib_symbol_issues]: The current configuration does not include the symbol library 'elt'
    ; warning
    @(62.865 mm, 1382.395 mm): Symbol U_DATA1 [SYM_U_DATA1]
[footprint_link_issues]: The current configuration does not include the footprint library 'Resistor_SMD'
    ; warning
    @(62.865 mm, 1515.745 mm): Symbol R_DATA_OE2 [SYM_R_DATA_OE2]
[lib_symbol_issues]: The current configuration does not include the symbol library 'elt'
    ; warning
    @(62.865 mm, 1515.745 mm): Symbol R_DATA_OE2 [SYM_R_DATA_OE2]
[footprint_link_issues]: The current configuration does not include the footprint library 'Package_SO'
    ; warning
    @(62.865 mm, 1551.305 mm): Symbol U_DATA2 [SYM_U_DATA2]
[lib_symbol_issues]: The current configuration does not include the symbol library 'elt'
    ; warning
    @(62.865 mm, 1551.305 mm): Symbol U_DATA2 [SYM_U_DATA2]
[footprint_link_issues]: The current configuration does not include the footprint library 'Resistor_SMD'
    ; warning
    @(62.865 mm, 1684.655 mm): Symbol R_DATA_OE3 [SYM_R_DATA_OE3]
[lib_symbol_issues]: The current configuration does not include the symbol library 'elt'
    ; warning
    @(62.865 mm, 1684.655 mm): Symbol R_DATA_OE3 [SYM_R_DATA_OE3]
[footprint_link_issues]: The current configuration does not include the footprint library 'Package_SO'
    ; warning
    @(62.865 mm, 1720.215 mm): Symbol U_DATA3 [SYM_U_DATA3]
[lib_symbol_issues]: The current configuration does not include the symbol library 'elt'
    ; warning
    @(62.865 mm, 1720.215 mm): Symbol U_DATA3 [SYM_U_DATA3]
[footprint_link_issues]: The current configuration does not include the footprint library 'Resistor_SMD'
    ; warning
    @(62.865 mm, 1853.565 mm): Symbol R_DATA_OE4 [SYM_R_DATA_OE4]
[lib_symbol_issues]: The current configuration does not include the symbol library 'elt'
    ; warning
    @(62.865 mm, 1853.565 mm): Symbol R_DATA_OE4 [SYM_R_DATA_OE4]
[footprint_link_issues]: The current configuration does not include the footprint library 'Package_SO'
    ; warning
    @(62.865 mm, 1889.125 mm): Symbol U_DATA4 [SYM_U_DATA4]
[lib_symbol_issues]: The current configuration does not include the symbol library 'elt'
    ; warning
    @(62.865 mm, 1889.125 mm): Symbol U_DATA4 [SYM_U_DATA4]
[footprint_link_issues]: The current configuration does not include the footprint library 'Package_SON'
    ; warning
    @(63.50 mm, 929.64 mm): Symbol U_PWR_CTRL [SYM_U_PWR_CTRL]
[lib_symbol_issues]: The current configuration does not include the symbol library 'elt'
    ; warning
    @(63.50 mm, 929.64 mm): Symbol U_PWR_CTRL [SYM_U_PWR_CTRL]
[footprint_link_issues]: The current configuration does not include the footprint library 'Capacitor_SMD'
    ; warning
    @(63.50 mm, 1040.765 mm): Symbol C_PWR_CTRL_OUT [SYM_C_PWR_CTRL_OUT]
[lib_symbol_issues]: The current configuration does not include the symbol library 'elt'
    ; warning
    @(63.50 mm, 1040.765 mm): Symbol C_PWR_CTRL_OUT [SYM_C_PWR_CTRL_OUT]
[endpoint_off_grid]: Symbol pin or wire end off connection grid
    ; warning
    @(64.135 mm, 1441.45 mm): Symbol U_PWR1 Pin 1 [GND, Passive, Line]
[endpoint_off_grid]: Symbol pin or wire end off connection grid
    ; warning
    @(64.135 mm, 1441.45 mm): Symbol #PWR106 Hidden pin 1 [GND, Power input, Line]
[lib_symbol_issues]: The current configuration does not include the symbol library 'elt'
    ; warning
    @(64.135 mm, 1441.45 mm): Symbol #PWR106 [GND]
[endpoint_off_grid]: Symbol pin or wire end off connection grid
    ; warning
    @(64.135 mm, 1443.99 mm): Horizontal Wire, length 2.54 mm
[endpoint_off_grid]: Symbol pin or wire end off connection grid
    ; warning
    @(64.135 mm, 1446.53 mm): Horizontal Wire, length 2.54 mm
[endpoint_off_grid]: Symbol pin or wire end off connection grid
    ; warning
    @(64.135 mm, 1610.36 mm): Symbol U_PWR2 Pin 1 [GND, Passive, Line]
[endpoint_off_grid]: Symbol pin or wire end off connection grid
    ; warning
    @(64.135 mm, 1610.36 mm): Symbol #PWR121 Hidden pin 1 [GND, Power input, Line]
[lib_symbol_issues]: The current configuration does not include the symbol library 'elt'
    ; warning
    @(64.135 mm, 1610.36 mm): Symbol #PWR121 [GND]
[endpoint_off_grid]: Symbol pin or wire end off connection grid
    ; warning
    @(64.135 mm, 1612.90 mm): Horizontal Wire, length 2.54 mm
[endpoint_off_grid]: Symbol pin or wire end off connection grid
    ; warning
    @(64.135 mm, 1615.44 mm): Horizontal Wire, length 2.54 mm
[endpoint_off_grid]: Symbol pin or wire end off connection grid
    ; warning
    @(64.135 mm, 1779.27 mm): Symbol #PWR136 Hidden pin 1 [GND, Power input, Line]
[endpoint_off_grid]: Symbol pin or wire end off connection grid
    ; warning
    @(64.135 mm, 1779.27 mm): Symbol U_PWR3 Pin 1 [GND, Passive, Line]
[lib_symbol_issues]: The current configuration does not include the symbol library 'elt'
    ; warning
    @(64.135 mm, 1779.27 mm): Symbol #PWR136 [GND]
[endpoint_off_grid]: Symbol pin or wire end off connection grid
    ; warning
    @(64.135 mm, 1781.81 mm): Horizontal Wire, length 2.54 mm
[endpoint_off_grid]: Symbol pin or wire end off connection grid
    ; warning
    @(64.135 mm, 1784.35 mm): Horizontal Wire, length 2.54 mm
[endpoint_off_grid]: Symbol pin or wire end off connection grid
    ; warning
    @(64.135 mm, 1947.545 mm): Symbol U_PWR4 Pin 1 [GND, Passive, Line]
[endpoint_off_grid]: Symbol pin or wire end off connection grid
    ; warning
    @(64.135 mm, 1947.545 mm): Symbol #PWR151 Hidden pin 1 [GND, Power input, Line]
[lib_symbol_issues]: The current configuration does not include the symbol library 'elt'
    ; warning
    @(64.135 mm, 1947.545 mm): Symbol #PWR151 [GND]
[endpoint_off_grid]: Symbol pin or wire end off connection grid
    ; warning
    @(64.135 mm, 1950.085 mm): Horizontal Wire, length 2.54 mm
[endpoint_off_grid]: Symbol pin or wire end off connection grid
    ; warning
    @(64.135 mm, 1952.625 mm): Horizontal Wire, length 2.54 mm
[footprint_link_issues]: The current configuration does not include the footprint library 'Resistor_SMD'
    ; warning
    @(64.77 mm, 800.735 mm): Symbol R_SWAP5 [SYM_R_SWAP5]
[lib_symbol_issues]: The current configuration does not include the symbol library 'elt'
    ; warning
    @(64.77 mm, 800.735 mm): Symbol R_SWAP5 [SYM_R_SWAP5]
[footprint_link_issues]: The current configuration does not include the footprint library 'Resistor_SMD'
    ; warning
    @(64.77 mm, 845.185 mm): Symbol R_GANG [SYM_R_GANG]
[lib_symbol_issues]: The current configuration does not include the symbol library 'elt'
    ; warning
    @(64.77 mm, 845.185 mm): Symbol R_GANG [SYM_R_GANG]
[endpoint_off_grid]: Symbol pin or wire end off connection grid
    ; warning
    @(67.31 mm, 1040.765 mm): Symbol #PWR80 Hidden pin 1 [GND, Power input, Line]
[lib_symbol_issues]: The current configuration does not include the symbol library 'elt'
    ; warning
    @(67.31 mm, 1040.765 mm): Symbol #PWR80 [GND]
[endpoint_off_grid]: Symbol pin or wire end off connection grid
    ; warning
    @(68.58 mm, 800.735 mm): Symbol #PWR69 Hidden pin 1 [GND, Power input, Line]
[lib_symbol_issues]: The current configuration does not include the symbol library 'elt'
    ; warning
    @(68.58 mm, 800.735 mm): Symbol #PWR69 [GND]
[endpoint_off_grid]: Symbol pin or wire end off connection grid
    ; warning
    @(68.58 mm, 845.185 mm): Symbol #PWR72 Hidden pin 1 [GND, Power input, Line]
[lib_symbol_issues]: The current configuration does not include the symbol library 'elt'
    ; warning
    @(68.58 mm, 845.185 mm): Symbol #PWR72 [GND]
[endpoint_off_grid]: Symbol pin or wire end off connection grid
    ; warning
    @(68.58 mm, 1076.325 mm): Symbol R_PWR_CMD1 Pin 1 [Passive, Line]
[endpoint_off_grid]: Symbol pin or wire end off connection grid
    ; warning
    @(68.58 mm, 1111.885 mm): Symbol R_DATA_CMD1 Pin 1 [Passive, Line]
[endpoint_off_grid]: Symbol pin or wire end off connection grid
    ; warning
    @(69.85 mm, 711.835 mm): Symbol R_CFG1 Pin 1 [Passive, Line]
[endpoint_off_grid]: Symbol pin or wire end off connection grid
    ; warning
    @(70.485 mm, 1346.835 mm): Horizontal Wire, length 3.81 mm
[endpoint_off_grid]: Symbol pin or wire end off connection grid
    ; warning
    @(70.485 mm, 1515.745 mm): Horizontal Wire, length 3.81 mm
[endpoint_off_grid]: Symbol pin or wire end off connection grid
    ; warning
    @(70.485 mm, 1684.655 mm): Horizontal Wire, length 3.81 mm
[endpoint_off_grid]: Symbol pin or wire end off connection grid
    ; warning
    @(70.485 mm, 1853.565 mm): Horizontal Wire, length 3.81 mm
[lib_symbol_issues]: The current configuration does not include the symbol library 'elt'
    ; warning
    @(71.12 mm, 284.48 mm): Symbol #PWR22 [GND]
[endpoint_off_grid]: Symbol pin or wire end off connection grid
    ; warning
    @(71.12 mm, 574.675 mm): Symbol R_CC1 Pin 1 [Passive, Line]
[endpoint_off_grid]: Symbol pin or wire end off connection grid
    ; warning
    @(71.755 mm, 412.75 mm): Symbol C_BUCK_IN Pin 1 [Passive, Line]
[footprint_link_issues]: The current configuration does not include the footprint library 'Resistor_SMD'
    ; warning
    @(72.39 mm, 1076.325 mm): Symbol R_PWR_CMD1 [SYM_R_PWR_CMD1]
[lib_symbol_issues]: The current configuration does not include the symbol library 'elt'
    ; warning
    @(72.39 mm, 1076.325 mm): Symbol R_PWR_CMD1 [SYM_R_PWR_CMD1]
[footprint_link_issues]: The current configuration does not include the footprint library 'Resistor_SMD'
    ; warning
    @(72.39 mm, 1111.885 mm): Symbol R_DATA_CMD1 [SYM_R_DATA_CMD1]
[lib_symbol_issues]: The current configuration does not include the symbol library 'elt'
    ; warning
    @(72.39 mm, 1111.885 mm): Symbol R_DATA_CMD1 [SYM_R_DATA_CMD1]
[endpoint_off_grid]: Symbol pin or wire end off connection grid
    ; warning
    @(73.025 mm, 991.87 mm): Symbol C_PWR_CTRL_IN Pin 1 [Passive, Line]
[footprint_link_issues]: The current configuration does not include the footprint library 'Resistor_SMD'
    ; warning
    @(73.66 mm, 711.835 mm): Symbol R_CFG1 [SYM_R_CFG1]
[lib_symbol_issues]: The current configuration does not include the symbol library 'elt'
    ; warning
    @(73.66 mm, 711.835 mm): Symbol R_CFG1 [SYM_R_CFG1]
[endpoint_off_grid]: Symbol pin or wire end off connection grid
    ; warning
    @(74.295 mm, 71.12 mm): Symbol #PWR05 Hidden pin 1 [GND, Power input, Line]
[lib_symbol_issues]: The current configuration does not include the symbol library 'elt'
    ; warning
    @(74.295 mm, 71.12 mm): Symbol #PWR05 [GND]
[endpoint_off_grid]: Symbol pin or wire end off connection grid
    ; warning
    @(74.295 mm, 73.66 mm): Symbol #PWR04 Hidden pin 1 [GND, Power input, Line]
[lib_symbol_issues]: The current configuration does not include the symbol library 'elt'
    ; warning
    @(74.295 mm, 73.66 mm): Symbol #PWR04 [GND]
[endpoint_off_grid]: Symbol pin or wire end off connection grid
    ; warning
    @(74.295 mm, 88.90 mm): Horizontal Wire, length 12.065 mm
[endpoint_off_grid]: Symbol pin or wire end off connection grid
    ; warning
    @(74.295 mm, 1346.835 mm): Horizontal Wire, length 3.81 mm
[endpoint_off_grid]: Symbol pin or wire end off connection grid
    ; warning
    @(74.295 mm, 1362.075 mm): Vertical Wire, length 15.24 mm
[endpoint_off_grid]: Symbol pin or wire end off connection grid
    ; warning
    @(74.295 mm, 1515.745 mm): Horizontal Wire, length 3.81 mm
[endpoint_off_grid]: Symbol pin or wire end off connection grid
    ; warning
    @(74.295 mm, 1530.985 mm): Vertical Wire, length 15.24 mm
[endpoint_off_grid]: Symbol pin or wire end off connection grid
    ; warning
    @(74.295 mm, 1684.655 mm): Horizontal Wire, length 3.81 mm
[endpoint_off_grid]: Symbol pin or wire end off connection grid
    ; warning
    @(74.295 mm, 1699.895 mm): Vertical Wire, length 15.24 mm
[endpoint_off_grid]: Symbol pin or wire end off connection grid
    ; warning
    @(74.295 mm, 1853.565 mm): Horizontal Wire, length 3.81 mm
[endpoint_off_grid]: Symbol pin or wire end off connection grid
    ; warning
    @(74.295 mm, 1868.805 mm): Vertical Wire, length 15.24 mm
[footprint_link_issues]: The current configuration does not include the footprint library 'Resistor_SMD'
    ; warning
    @(74.93 mm, 574.675 mm): Symbol R_CC1 [SYM_R_CC1]
[lib_symbol_issues]: The current configuration does not include the symbol library 'elt'
    ; warning
    @(74.93 mm, 574.675 mm): Symbol R_CC1 [SYM_R_CC1]
[footprint_link_issues]: The current configuration does not include the footprint library 'Capacitor_SMD'
    ; warning
    @(75.565 mm, 412.75 mm): Symbol C_BUCK_IN [SYM_C_BUCK_IN]
[lib_symbol_issues]: The current configuration does not include the symbol library 'elt'
    ; warning
    @(75.565 mm, 412.75 mm): Symbol C_BUCK_IN [SYM_C_BUCK_IN]
[endpoint_off_grid]: Symbol pin or wire end off connection grid
    ; warning
    @(76.20 mm, 1076.325 mm): Symbol #PWR89 Hidden pin 1 [GND, Power input, Line]
[lib_symbol_issues]: The current configuration does not include the symbol library 'elt'
    ; warning
    @(76.20 mm, 1076.325 mm): Symbol #PWR89 [GND]
[endpoint_off_grid]: Symbol pin or wire end off connection grid
    ; warning
    @(76.20 mm, 1111.885 mm): Symbol #PWR93 Hidden pin 1 [GND, Power input, Line]
[lib_symbol_issues]: The current configuration does not include the symbol library 'elt'
    ; warning
    @(76.20 mm, 1111.885 mm): Symbol #PWR93 [GND]
[endpoint_off_grid]: Symbol pin or wire end off connection grid
    ; warning
    @(76.835 mm, 76.20 mm): Horizontal Wire, length 0.635 mm
[endpoint_off_grid]: Symbol pin or wire end off connection grid
    ; warning
    @(76.835 mm, 76.20 mm): Horizontal Wire, length 2.54 mm
[endpoint_off_grid]: Symbol pin or wire end off connection grid
    ; warning
    @(76.835 mm, 83.82 mm): Vertical Wire, length 7.62 mm
[endpoint_off_grid]: Symbol pin or wire end off connection grid
    ; warning
    @(86.36 mm, 83.82 mm): Horizontal Wire, length 9.525 mm
[footprint_link_issues]: The current configuration does not include the footprint library 'Capacitor_SMD'
    ; warning
    @(76.835 mm, 991.87 mm): Symbol C_PWR_CTRL_IN [SYM_C_PWR_CTRL_IN]
[lib_symbol_issues]: The current configuration does not include the symbol library 'elt'
    ; warning
    @(76.835 mm, 991.87 mm): Symbol C_PWR_CTRL_IN [SYM_C_PWR_CTRL_IN]
[lib_symbol_issues]: The current configuration does not include the symbol library 'elt'
    ; warning
    @(77.47 mm, 523.24 mm): Symbol #PWR39 [GND]
[lib_symbol_issues]: The current configuration does not include the symbol library 'elt'
    ; warning
    @(77.47 mm, 525.78 mm): Symbol #PWR38 [GND]
[endpoint_off_grid]: Symbol pin or wire end off connection grid
    ; warning
    @(77.47 mm, 711.835 mm): Symbol #PWR63 Hidden pin 1 [GND, Power input, Line]
[lib_symbol_issues]: The current configuration does not include the symbol library 'elt'
    ; warning
    @(77.47 mm, 711.835 mm): Symbol #PWR63 [GND]
[endpoint_off_grid]: Symbol pin or wire end off connection grid
    ; warning
    @(78.74 mm, 574.675 mm): Symbol #PWR40 Hidden pin 1 [GND, Power input, Line]
[lib_symbol_issues]: The current configuration does not include the symbol library 'elt'
    ; warning
    @(78.74 mm, 574.675 mm): Symbol #PWR40 [GND]
[endpoint_off_grid]: Symbol pin or wire end off connection grid
    ; warning
    @(79.375 mm, 412.75 mm): Symbol #PWR32 Hidden pin 1 [GND, Power input, Line]
[lib_symbol_issues]: The current configuration does not include the symbol library 'elt'
    ; warning
    @(79.375 mm, 412.75 mm): Symbol #PWR32 [GND]
[lib_symbol_issues]: The current configuration does not include the symbol library 'elt'
    ; warning
    @(80.01 mm, 925.83 mm): Symbol #PWR76 [GND]
[endpoint_off_grid]: Symbol pin or wire end off connection grid
    ; warning
    @(80.01 mm, 1988.185 mm): Symbol R_PWR_EN4 Pin 1 [Passive, Line]
[endpoint_off_grid]: Symbol pin or wire end off connection grid
    ; warning
    @(80.645 mm, 991.87 mm): Symbol #PWR78 Hidden pin 1 [GND, Power input, Line]
[lib_symbol_issues]: The current configuration does not include the symbol library 'elt'
    ; warning
    @(80.645 mm, 991.87 mm): Symbol #PWR78 [GND]
[footprint_link_issues]: The current configuration does not include the footprint library 'Package_SON'
    ; warning
    @(80.645 mm, 1446.53 mm): Symbol U_PWR1 [SYM_U_PWR1]
[lib_symbol_issues]: The current configuration does not include the symbol library 'elt'
    ; warning
    @(80.645 mm, 1446.53 mm): Symbol U_PWR1 [SYM_U_PWR1]
[footprint_link_issues]: The current configuration does not include the footprint library 'Package_SON'
    ; warning
    @(80.645 mm, 1615.44 mm): Symbol U_PWR2 [SYM_U_PWR2]
[lib_symbol_issues]: The current configuration does not include the symbol library 'elt'
    ; warning
    @(80.645 mm, 1615.44 mm): Symbol U_PWR2 [SYM_U_PWR2]
[footprint_link_issues]: The current configuration does not include the footprint library 'Package_SON'
    ; warning
    @(80.645 mm, 1784.35 mm): Symbol U_PWR3 [SYM_U_PWR3]
[lib_symbol_issues]: The current configuration does not include the symbol library 'elt'
    ; warning
    @(80.645 mm, 1784.35 mm): Symbol U_PWR3 [SYM_U_PWR3]
[footprint_link_issues]: The current configuration does not include the footprint library 'Package_SON'
    ; warning
    @(80.645 mm, 1952.625 mm): Symbol U_PWR4 [SYM_U_PWR4]
[lib_symbol_issues]: The current configuration does not include the symbol library 'elt'
    ; warning
    @(80.645 mm, 1952.625 mm): Symbol U_PWR4 [SYM_U_PWR4]
[endpoint_off_grid]: Symbol pin or wire end off connection grid
    ; warning
    @(81.28 mm, 1377.315 mm): Horizontal Wire, length 2.54 mm
[endpoint_off_grid]: Symbol pin or wire end off connection grid
    ; warning
    @(81.28 mm, 1546.225 mm): Horizontal Wire, length 2.54 mm
[endpoint_off_grid]: Symbol pin or wire end off connection grid
    ; warning
    @(81.28 mm, 1715.135 mm): Horizontal Wire, length 2.54 mm
[endpoint_off_grid]: Symbol pin or wire end off connection grid
    ; warning
    @(81.28 mm, 1884.045 mm): Horizontal Wire, length 2.54 mm
[endpoint_off_grid]: Symbol pin or wire end off connection grid
    ; warning
    @(82.55 mm, 1056.005 mm): Horizontal Wire, length 1.27 mm
[endpoint_off_grid]: Symbol pin or wire end off connection grid
    ; warning
    @(82.55 mm, 1027.43 mm): Vertical Wire, length 28.575 mm
[endpoint_off_grid]: Symbol pin or wire end off connection grid
    ; warning
    @(83.82 mm, 889.635 mm): Vertical Wire, length 6.985 mm
[endpoint_off_grid]: Symbol pin or wire end off connection grid
    ; warning
    @(83.82 mm, 1056.005 mm): Horizontal Wire, length 59.69 mm
[endpoint_off_grid]: Symbol pin or wire end off connection grid
    ; warning
    @(83.82 mm, 1362.075 mm): Horizontal Wire, length 9.525 mm
[endpoint_off_grid]: Symbol pin or wire end off connection grid
    ; warning
    @(83.82 mm, 1369.695 mm): Horizontal Wire, length 1.27 mm
[endpoint_off_grid]: Symbol pin or wire end off connection grid
    ; warning
    @(83.82 mm, 1377.315 mm): Vertical Wire, length 15.24 mm
[footprint_link_issues]: The current configuration does not include the footprint library 'Resistor_SMD'
    ; warning
    @(83.82 mm, 1482.09 mm): Symbol R_PWR_EN1 [SYM_R_PWR_EN1]
[lib_symbol_issues]: The current configuration does not include the symbol library 'elt'
    ; warning
    @(83.82 mm, 1482.09 mm): Symbol R_PWR_EN1 [SYM_R_PWR_EN1]
[endpoint_off_grid]: Symbol pin or wire end off connection grid
    ; warning
    @(83.82 mm, 1530.985 mm): Horizontal Wire, length 9.525 mm
[endpoint_off_grid]: Symbol pin or wire end off connection grid
    ; warning
    @(83.82 mm, 1538.605 mm): Horizontal Wire, length 1.27 mm
[endpoint_off_grid]: Symbol pin or wire end off connection grid
    ; warning
    @(83.82 mm, 1546.225 mm): Vertical Wire, length 15.24 mm
[footprint_link_issues]: The current configuration does not include the footprint library 'Resistor_SMD'
    ; warning
    @(83.82 mm, 1651.00 mm): Symbol R_PWR_EN2 [SYM_R_PWR_EN2]
[lib_symbol_issues]: The current configuration does not include the symbol library 'elt'
    ; warning
    @(83.82 mm, 1651.00 mm): Symbol R_PWR_EN2 [SYM_R_PWR_EN2]
[endpoint_off_grid]: Symbol pin or wire end off connection grid
    ; warning
    @(83.82 mm, 1699.895 mm): Horizontal Wire, length 9.525 mm
[endpoint_off_grid]: Symbol pin or wire end off connection grid
    ; warning
    @(83.82 mm, 1707.515 mm): Horizontal Wire, length 1.27 mm
[endpoint_off_grid]: Symbol pin or wire end off connection grid
    ; warning
    @(83.82 mm, 1715.135 mm): Vertical Wire, length 15.24 mm
[footprint_link_issues]: The current configuration does not include the footprint library 'Resistor_SMD'
    ; warning
    @(83.82 mm, 1819.91 mm): Symbol R_PWR_EN3 [SYM_R_PWR_EN3]
[lib_symbol_issues]: The current configuration does not include the symbol library 'elt'
    ; warning
    @(83.82 mm, 1819.91 mm): Symbol R_PWR_EN3 [SYM_R_PWR_EN3]
[endpoint_off_grid]: Symbol pin or wire end off connection grid
    ; warning
    @(83.82 mm, 1868.805 mm): Horizontal Wire, length 9.525 mm
[endpoint_off_grid]: Symbol pin or wire end off connection grid
    ; warning
    @(83.82 mm, 1876.425 mm): Horizontal Wire, length 1.27 mm
[endpoint_off_grid]: Symbol pin or wire end off connection grid
    ; warning
    @(83.82 mm, 1884.045 mm): Vertical Wire, length 15.24 mm
[footprint_link_issues]: The current configuration does not include the footprint library 'Resistor_SMD'
    ; warning
    @(83.82 mm, 1988.185 mm): Symbol R_PWR_EN4 [SYM_R_PWR_EN4]
[lib_symbol_issues]: The current configuration does not include the symbol library 'elt'
    ; warning
    @(83.82 mm, 1988.185 mm): Symbol R_PWR_EN4 [SYM_R_PWR_EN4]
[endpoint_off_grid]: Symbol pin or wire end off connection grid
    ; warning
    @(77.47 mm, 72.39 mm): Horizontal Wire, length 6.985 mm
[endpoint_off_grid]: Symbol pin or wire end off connection grid
    ; warning
    @(84.455 mm, 72.39 mm): Vertical Wire, length 3.81 mm
[endpoint_off_grid]: Symbol pin or wire end off connection grid
    ; warning
    @(84.455 mm, 76.20 mm): Horizontal Wire, length 8.255 mm
[endpoint_off_grid]: Symbol pin or wire end off connection grid
    ; warning
    @(86.36 mm, 889.635 mm): Horizontal Wire, length 2.54 mm
[endpoint_off_grid]: Symbol pin or wire end off connection grid
    ; warning
    @(87.63 mm, 756.285 mm): Symbol R_SWAP2 Pin 1 [Passive, Line]
[endpoint_off_grid]: Symbol pin or wire end off connection grid
    ; warning
    @(87.63 mm, 889.635 mm): Horizontal Wire, length 1.27 mm
[endpoint_off_grid]: Symbol pin or wire end off connection grid
    ; warning
    @(87.63 mm, 889.635 mm): Symbol R_DIS6P Pin 1 [Passive, Line]
[lib_symbol_issues]: The current configuration does not include the symbol library 'elt'
    ; warning
    @(87.63 mm, 1482.09 mm): Symbol #PWR112 [GND]
[lib_symbol_issues]: The current configuration does not include the symbol library 'elt'
    ; warning
    @(87.63 mm, 1651.00 mm): Symbol #PWR127 [GND]
[lib_symbol_issues]: The current configuration does not include the symbol library 'elt'
    ; warning
    @(87.63 mm, 1819.91 mm): Symbol #PWR142 [GND]
[endpoint_off_grid]: Symbol pin or wire end off connection grid
    ; warning
    @(87.63 mm, 1988.185 mm): Symbol #PWR157 Hidden pin 1 [GND, Power input, Line]
[lib_symbol_issues]: The current configuration does not include the symbol library 'elt'
    ; warning
    @(87.63 mm, 1988.185 mm): Symbol #PWR157 [GND]
[endpoint_off_grid]: Symbol pin or wire end off connection grid
    ; warning
    @(88.265 mm, 935.355 mm): Vertical Wire, length 30.48 mm
[endpoint_off_grid]: Symbol pin or wire end off connection grid
    ; warning
    @(88.265 mm, 965.835 mm): Horizontal Wire, length 9.525 mm
[lib_symbol_issues]: The current configuration does not include the symbol library 'elt'
    ; warning
    @(88.90 mm, 1358.90 mm): Symbol #PWR104 [GND]
[lib_symbol_issues]: The current configuration does not include the symbol library 'elt'
    ; warning
    @(88.90 mm, 1527.81 mm): Symbol #PWR119 [GND]
[lib_symbol_issues]: The current configuration does not include the symbol library 'elt'
    ; warning
    @(88.90 mm, 1696.72 mm): Symbol #PWR134 [GND]
[endpoint_off_grid]: Symbol pin or wire end off connection grid
    ; warning
    @(88.90 mm, 1862.455 mm): Symbol Q_DATA4 Pin 1 [G, Passive, Line]
[endpoint_off_grid]: Symbol pin or wire end off connection grid
    ; warning
    @(88.90 mm, 1864.995 mm): Symbol #PWR149 Hidden pin 1 [GND, Power input, Line]
[lib_symbol_issues]: The current configuration does not include the symbol library 'elt'
    ; warning
    @(88.90 mm, 1864.995 mm): Symbol #PWR149 [GND]
[footprint_link_issues]: The current configuration does not include the footprint library 'Resistor_SMD'
    ; warning
    @(91.44 mm, 756.285 mm): Symbol R_SWAP2 [SYM_R_SWAP2]
[lib_symbol_issues]: The current configuration does not include the symbol library 'elt'
    ; warning
    @(91.44 mm, 756.285 mm): Symbol R_SWAP2 [SYM_R_SWAP2]
[footprint_link_issues]: The current configuration does not include the footprint library 'Resistor_SMD'
    ; warning
    @(91.44 mm, 889.635 mm): Symbol R_DIS6P [SYM_R_DIS6P]
[lib_symbol_issues]: The current configuration does not include the symbol library 'elt'
    ; warning
    @(91.44 mm, 889.635 mm): Symbol R_DIS6P [SYM_R_DIS6P]
[endpoint_off_grid]: Symbol pin or wire end off connection grid
    ; warning
    @(92.075 mm, 405.13 mm): Horizontal Wire, length 3.175 mm
[endpoint_off_grid]: Symbol pin or wire end off connection grid
    ; warning
    @(92.075 mm, 530.86 mm): Vertical Wire, length 10.16 mm
[endpoint_off_grid]: Symbol pin or wire end off connection grid
    ; warning
    @(80.01 mm, 530.86 mm): Horizontal Wire, length 12.065 mm
[endpoint_off_grid]: Symbol pin or wire end off connection grid
    ; warning
    @(92.075 mm, 541.02 mm): Horizontal Wire, length 14.605 mm
[endpoint_off_grid]: Symbol pin or wire end off connection grid
    ; warning
    @(95.25 mm, 756.285 mm): Symbol #PWR66 Hidden pin 1 [GND, Power input, Line]
[lib_symbol_issues]: The current configuration does not include the symbol library 'elt'
    ; warning
    @(95.25 mm, 756.285 mm): Symbol #PWR66 [GND]
[endpoint_off_grid]: Symbol pin or wire end off connection grid
    ; warning
    @(95.885 mm, 574.675 mm): Symbol R_CC2 Pin 1 [Passive, Line]
[endpoint_off_grid]: Symbol pin or wire end off connection grid
    ; warning
    @(97.155 mm, 1442.72 mm): Symbol #PWR107 Hidden pin 1 [GND, Power input, Line]
[lib_symbol_issues]: The current configuration does not include the symbol library 'elt'
    ; warning
    @(97.155 mm, 1442.72 mm): Symbol #PWR107 [GND]
[endpoint_off_grid]: Symbol pin or wire end off connection grid
    ; warning
    @(97.155 mm, 1445.26 mm): Horizontal Wire, length 1.27 mm
[endpoint_off_grid]: Symbol pin or wire end off connection grid
    ; warning
    @(97.155 mm, 1447.80 mm): Horizontal Wire, length 1.905 mm
[endpoint_off_grid]: Symbol pin or wire end off connection grid
    ; warning
    @(97.155 mm, 1447.80 mm): Horizontal Wire, length 2.54 mm
[endpoint_off_grid]: Symbol pin or wire end off connection grid
    ; warning
    @(97.155 mm, 1611.63 mm): Symbol #PWR122 Hidden pin 1 [GND, Power input, Line]
[lib_symbol_issues]: The current configuration does not include the symbol library 'elt'
    ; warning
    @(97.155 mm, 1611.63 mm): Symbol #PWR122 [GND]
[endpoint_off_grid]: Symbol pin or wire end off connection grid
    ; warning
    @(97.155 mm, 1614.17 mm): Horizontal Wire, length 1.27 mm
[endpoint_off_grid]: Symbol pin or wire end off connection grid
    ; warning
    @(97.155 mm, 1616.71 mm): Horizontal Wire, length 1.905 mm
[endpoint_off_grid]: Symbol pin or wire end off connection grid
    ; warning
    @(97.155 mm, 1616.71 mm): Horizontal Wire, length 2.54 mm
[endpoint_off_grid]: Symbol pin or wire end off connection grid
    ; warning
    @(97.155 mm, 1780.54 mm): Symbol #PWR137 Hidden pin 1 [GND, Power input, Line]
[lib_symbol_issues]: The current configuration does not include the symbol library 'elt'
    ; warning
    @(97.155 mm, 1780.54 mm): Symbol #PWR137 [GND]
[endpoint_off_grid]: Symbol pin or wire end off connection grid
    ; warning
    @(97.155 mm, 1783.08 mm): Horizontal Wire, length 1.27 mm
[endpoint_off_grid]: Symbol pin or wire end off connection grid
    ; warning
    @(97.155 mm, 1785.62 mm): Horizontal Wire, length 2.54 mm
[endpoint_off_grid]: Symbol pin or wire end off connection grid
    ; warning
    @(97.155 mm, 1785.62 mm): Horizontal Wire, length 1.905 mm
[endpoint_off_grid]: Symbol pin or wire end off connection grid
    ; warning
    @(97.155 mm, 1948.815 mm): Symbol #PWR152 Hidden pin 1 [GND, Power input, Line]
[lib_symbol_issues]: The current configuration does not include the symbol library 'elt'
    ; warning
    @(97.155 mm, 1948.815 mm): Symbol #PWR152 [GND]
[endpoint_off_grid]: Symbol pin or wire end off connection grid
    ; warning
    @(97.155 mm, 1951.355 mm): Horizontal Wire, length 1.27 mm
[endpoint_off_grid]: Symbol pin or wire end off connection grid
    ; warning
    @(97.155 mm, 1953.895 mm): Horizontal Wire, length 2.54 mm
[endpoint_off_grid]: Symbol pin or wire end off connection grid
    ; warning
    @(97.155 mm, 1953.895 mm): Horizontal Wire, length 1.905 mm
[endpoint_off_grid]: Symbol pin or wire end off connection grid
    ; warning
    @(97.79 mm, 965.835 mm): Vertical Wire, length 30.48 mm
[endpoint_off_grid]: Symbol pin or wire end off connection grid
    ; warning
    @(97.79 mm, 996.315 mm): Horizontal Wire, length 2.54 mm
[endpoint_off_grid]: Symbol pin or wire end off connection grid
    ; warning
    @(98.425 mm, 1445.26 mm): Vertical Wire, length 6.35 mm
[endpoint_off_grid]: Symbol pin or wire end off connection grid
    ; warning
    @(98.425 mm, 1614.17 mm): Vertical Wire, length 6.35 mm
[endpoint_off_grid]: Symbol pin or wire end off connection grid
    ; warning
    @(98.425 mm, 1783.08 mm): Vertical Wire, length 6.35 mm
[endpoint_off_grid]: Symbol pin or wire end off connection grid
    ; warning
    @(98.425 mm, 1951.355 mm): Vertical Wire, length 6.35 mm
[footprint_link_issues]: The current configuration does not include the footprint library 'Resistor_SMD'
    ; warning
    @(99.06 mm, 1027.43 mm): Symbol R_CTRL_RESET [SYM_R_CTRL_RESET]
[lib_symbol_issues]: The current configuration does not include the symbol library 'elt'
    ; warning
    @(99.06 mm, 1027.43 mm): Symbol R_CTRL_RESET [SYM_R_CTRL_RESET]
[endpoint_off_grid]: Symbol pin or wire end off connection grid
    ; warning
    @(99.06 mm, 1953.895 mm): Horizontal Wire, length 8.255 mm
[footprint_link_issues]: The current configuration does not include the footprint library 'Resistor_SMD'
    ; warning
    @(99.695 mm, 574.675 mm): Symbol R_CC2 [SYM_R_CC2]
[lib_symbol_issues]: The current configuration does not include the symbol library 'elt'
    ; warning
    @(99.695 mm, 574.675 mm): Symbol R_CC2 [SYM_R_CC2]
[endpoint_off_grid]: Symbol pin or wire end off connection grid
    ; warning
    @(99.695 mm, 1447.80 mm): Vertical Wire, length 2.54 mm
[endpoint_off_grid]: Symbol pin or wire end off connection grid
    ; warning
    @(99.695 mm, 1450.34 mm): Horizontal Wire, length 2.54 mm
[endpoint_off_grid]: Symbol pin or wire end off connection grid
    ; warning
    @(99.695 mm, 1616.71 mm): Vertical Wire, length 2.54 mm
[endpoint_off_grid]: Symbol pin or wire end off connection grid
    ; warning
    @(99.695 mm, 1619.25 mm): Horizontal Wire, length 2.54 mm
[endpoint_off_grid]: Symbol pin or wire end off connection grid
    ; warning
    @(99.695 mm, 1785.62 mm): Vertical Wire, length 2.54 mm
[endpoint_off_grid]: Symbol pin or wire end off connection grid
    ; warning
    @(99.695 mm, 1788.16 mm): Horizontal Wire, length 2.54 mm
[endpoint_off_grid]: Symbol pin or wire end off connection grid
    ; warning
    @(99.695 mm, 1953.895 mm): Vertical Wire, length 2.54 mm
[endpoint_off_grid]: Symbol pin or wire end off connection grid
    ; warning
    @(99.695 mm, 1956.435 mm): Horizontal Wire, length 2.54 mm
[endpoint_off_grid]: Symbol pin or wire end off connection grid
    ; warning
    @(100.33 mm, 996.315 mm): Horizontal Wire, length 3.81 mm
[footprint_link_issues]: The current configuration does not include the footprint library 'usb_controlled_debug_hub'
    ; warning
    @(101.60 mm, 1357.63 mm): Symbol Q_DATA1 [SYM_Q_DATA1]
[lib_symbol_issues]: The current configuration does not include the symbol library 'elt'
    ; warning
    @(101.60 mm, 1357.63 mm): Symbol Q_DATA1 [SYM_Q_DATA1]
[footprint_link_issues]: The current configuration does not include the footprint library 'usb_controlled_debug_hub'
    ; warning
    @(101.60 mm, 1526.54 mm): Symbol Q_DATA2 [SYM_Q_DATA2]
[lib_symbol_issues]: The current configuration does not include the symbol library 'elt'
    ; warning
    @(101.60 mm, 1526.54 mm): Symbol Q_DATA2 [SYM_Q_DATA2]
[endpoint_off_grid]: Symbol pin or wire end off connection grid
    ; warning
    @(101.60 mm, 1565.275 mm): Symbol R_DATA_OK2 Pin 1 [Passive, Line]
[footprint_link_issues]: The current configuration does not include the footprint library 'usb_controlled_debug_hub'
    ; warning
    @(101.60 mm, 1695.45 mm): Symbol Q_DATA3 [SYM_Q_DATA3]
[lib_symbol_issues]: The current configuration does not include the symbol library 'elt'
    ; warning
    @(101.60 mm, 1695.45 mm): Symbol Q_DATA3 [SYM_Q_DATA3]
[endpoint_off_grid]: Symbol pin or wire end off connection grid
    ; warning
    @(101.60 mm, 1734.185 mm): Symbol R_DATA_OK3 Pin 1 [Passive, Line]
[footprint_link_issues]: The current configuration does not include the footprint library 'usb_controlled_debug_hub'
    ; warning
    @(101.60 mm, 1863.725 mm): Symbol Q_DATA4 [SYM_Q_DATA4]
[lib_symbol_issues]: The current configuration does not include the symbol library 'elt'
    ; warning
    @(101.60 mm, 1863.725 mm): Symbol Q_DATA4 [SYM_Q_DATA4]
[endpoint_off_grid]: Symbol pin or wire end off connection grid
    ; warning
    @(101.60 mm, 1903.095 mm): Symbol R_DATA_OK4 Pin 1 [Passive, Line]
[endpoint_off_grid]: Symbol pin or wire end off connection grid
    ; warning
    @(103.505 mm, 574.675 mm): Symbol #PWR41 Hidden pin 1 [GND, Power input, Line]
[lib_symbol_issues]: The current configuration does not include the symbol library 'elt'
    ; warning
    @(103.505 mm, 574.675 mm): Symbol #PWR41 [GND]
[endpoint_off_grid]: Symbol pin or wire end off connection grid
    ; warning
    @(103.505 mm, 927.735 mm): Horizontal Wire, length 19.05 mm
[endpoint_off_grid]: Symbol pin or wire end off connection grid
    ; warning
    @(103.505 mm, 930.275 mm): Horizontal Wire, length 19.05 mm
[endpoint_off_grid]: Symbol pin or wire end off connection grid
    ; warning
    @(85.09 mm, 930.91 mm): Horizontal Wire, length 18.415 mm
[endpoint_off_grid]: Symbol pin or wire end off connection grid
    ; warning
    @(103.505 mm, 930.91 mm): Vertical Wire, length 3.175 mm
[endpoint_off_grid]: Symbol pin or wire end off connection grid
    ; warning
    @(103.505 mm, 933.45 mm): Vertical Wire, length 3.175 mm
[endpoint_off_grid]: Symbol pin or wire end off connection grid
    ; warning
    @(85.09 mm, 933.45 mm): Horizontal Wire, length 18.415 mm
[endpoint_off_grid]: Symbol pin or wire end off connection grid
    ; warning
    @(104.14 mm, 79.375 mm): Vertical Wire, length 8.89 mm
[endpoint_off_grid]: Symbol pin or wire end off connection grid
    ; warning
    @(104.14 mm, 996.315 mm): Symbol C_CTRL_VDD Pin 1 [Passive, Line]
[endpoint_off_grid]: Symbol pin or wire end off connection grid
    ; warning
    @(104.775 mm, 393.70 mm): Vertical Wire, length 11.43 mm
[endpoint_off_grid]: Symbol pin or wire end off connection grid
    ; warning
    @(104.775 mm, 405.13 mm): Horizontal Wire, length 12.70 mm
[endpoint_off_grid]: Symbol pin or wire end off connection grid
    ; warning
    @(105.41 mm, 645.795 mm): Vertical Wire, length 28.575 mm
[footprint_link_issues]: The current configuration does not include the footprint library 'Resistor_SMD'
    ; warning
    @(105.41 mm, 1397.00 mm): Symbol R_DATA_OK1 [SYM_R_DATA_OK1]
[lib_symbol_issues]: The current configuration does not include the symbol library 'elt'
    ; warning
    @(105.41 mm, 1397.00 mm): Symbol R_DATA_OK1 [SYM_R_DATA_OK1]
[footprint_link_issues]: The current configuration does not include the footprint library 'Resistor_SMD'
    ; warning
    @(105.41 mm, 1565.275 mm): Symbol R_DATA_OK2 [SYM_R_DATA_OK2]
[lib_symbol_issues]: The current configuration does not include the symbol library 'elt'
    ; warning
    @(105.41 mm, 1565.275 mm): Symbol R_DATA_OK2 [SYM_R_DATA_OK2]
[footprint_link_issues]: The current configuration does not include the footprint library 'Resistor_SMD'
    ; warning
    @(105.41 mm, 1734.185 mm): Symbol R_DATA_OK3 [SYM_R_DATA_OK3]
[lib_symbol_issues]: The current configuration does not include the symbol library 'elt'
    ; warning
    @(105.41 mm, 1734.185 mm): Symbol R_DATA_OK3 [SYM_R_DATA_OK3]
[footprint_link_issues]: The current configuration does not include the footprint library 'Resistor_SMD'
    ; warning
    @(105.41 mm, 1903.095 mm): Symbol R_DATA_OK4 [SYM_R_DATA_OK4]
[lib_symbol_issues]: The current configuration does not include the symbol library 'elt'
    ; warning
    @(105.41 mm, 1903.095 mm): Symbol R_DATA_OK4 [SYM_R_DATA_OK4]
[endpoint_off_grid]: Symbol pin or wire end off connection grid
    ; warning
    @(107.315 mm, 1440.815 mm): Horizontal Wire, length 8.255 mm
[endpoint_off_grid]: Symbol pin or wire end off connection grid
    ; warning
    @(107.315 mm, 1447.80 mm): Vertical Wire, length 6.985 mm
[endpoint_off_grid]: Symbol pin or wire end off connection grid
    ; warning
    @(99.06 mm, 1447.80 mm): Horizontal Wire, length 8.255 mm
[endpoint_off_grid]: Symbol pin or wire end off connection grid
    ; warning
    @(107.315 mm, 1609.725 mm): Horizontal Wire, length 8.255 mm
[endpoint_off_grid]: Symbol pin or wire end off connection grid
    ; warning
    @(107.315 mm, 1616.71 mm): Vertical Wire, length 6.985 mm
[endpoint_off_grid]: Symbol pin or wire end off connection grid
    ; warning
    @(99.06 mm, 1616.71 mm): Horizontal Wire, length 8.255 mm
[endpoint_off_grid]: Symbol pin or wire end off connection grid
    ; warning
    @(107.315 mm, 1778.635 mm): Horizontal Wire, length 8.255 mm
[endpoint_off_grid]: Symbol pin or wire end off connection grid
    ; warning
    @(99.06 mm, 1785.62 mm): Horizontal Wire, length 8.255 mm
[endpoint_off_grid]: Symbol pin or wire end off connection grid
    ; warning
    @(107.315 mm, 1785.62 mm): Vertical Wire, length 6.985 mm
[endpoint_off_grid]: Symbol pin or wire end off connection grid
    ; warning
    @(107.315 mm, 1947.545 mm): Horizontal Wire, length 8.255 mm
[endpoint_off_grid]: Symbol pin or wire end off connection grid
    ; warning
    @(107.315 mm, 1953.895 mm): Vertical Wire, length 6.35 mm
[footprint_link_issues]: The current configuration does not include the footprint library 'Capacitor_SMD'
    ; warning
    @(107.95 mm, 996.315 mm): Symbol C_CTRL_VDD [SYM_C_CTRL_VDD]
[lib_symbol_issues]: The current configuration does not include the symbol library 'elt'
    ; warning
    @(107.95 mm, 996.315 mm): Symbol C_CTRL_VDD [SYM_C_CTRL_VDD]
[endpoint_off_grid]: Symbol pin or wire end off connection grid
    ; warning
    @(109.22 mm, 935.355 mm): Symbol U_CTRL Pin 1 [VDD, Passive, Line]
[endpoint_off_grid]: Symbol pin or wire end off connection grid
    ; warning
    @(109.22 mm, 935.355 mm): Horizontal Wire, length 20.955 mm
[lib_symbol_issues]: The current configuration does not include the symbol library 'elt'
    ; warning
    @(109.22 mm, 1397.00 mm): Symbol #PWR105 [GND]
[endpoint_off_grid]: Symbol pin or wire end off connection grid
    ; warning
    @(109.22 mm, 1565.275 mm): Symbol #PWR120 Hidden pin 1 [GND, Power input, Line]
[lib_symbol_issues]: The current configuration does not include the symbol library 'elt'
    ; warning
    @(109.22 mm, 1565.275 mm): Symbol #PWR120 [GND]
[endpoint_off_grid]: Symbol pin or wire end off connection grid
    ; warning
    @(109.22 mm, 1734.185 mm): Symbol #PWR135 Hidden pin 1 [GND, Power input, Line]
[lib_symbol_issues]: The current configuration does not include the symbol library 'elt'
    ; warning
    @(109.22 mm, 1734.185 mm): Symbol #PWR135 [GND]
[endpoint_off_grid]: Symbol pin or wire end off connection grid
    ; warning
    @(109.22 mm, 1903.095 mm): Symbol #PWR150 Hidden pin 1 [GND, Power input, Line]
[lib_symbol_issues]: The current configuration does not include the symbol library 'elt'
    ; warning
    @(109.22 mm, 1903.095 mm): Symbol #PWR150 [GND]
[endpoint_off_grid]: Symbol pin or wire end off connection grid
    ; warning
    @(111.76 mm, 645.795 mm): Horizontal Wire, length 6.35 mm
[endpoint_off_grid]: Symbol pin or wire end off connection grid
    ; warning
    @(111.76 mm, 996.315 mm): Symbol #PWR82 Hidden pin 1 [GND, Power input, Line]
[lib_symbol_issues]: The current configuration does not include the symbol library 'elt'
    ; warning
    @(111.76 mm, 996.315 mm): Symbol #PWR82 [GND]
[endpoint_off_grid]: Symbol pin or wire end off connection grid
    ; warning
    @(113.665 mm, 79.375 mm): Symbol F_PD Pin 1 [Passive, Line]
[endpoint_off_grid]: Symbol pin or wire end off connection grid
    ; warning
    @(113.665 mm, 79.375 mm): Horizontal Wire, length 9.525 mm
[endpoint_off_grid]: Symbol pin or wire end off connection grid
    ; warning
    @(113.665 mm, 499.745 mm): Symbol R_VBUS_TOP Pin 1 [Passive, Line]
[endpoint_off_grid]: Symbol pin or wire end off connection grid
    ; warning
    @(113.665 mm, 645.795 mm): Symbol C_HUB_A1 Pin 1 [Passive, Line]
[endpoint_off_grid]: Symbol pin or wire end off connection grid
    ; warning
    @(113.665 mm, 645.795 mm): Horizontal Wire, length 1.905 mm
[endpoint_off_grid]: Symbol pin or wire end off connection grid
    ; warning
    @(107.95 mm, 674.37 mm): Horizontal Wire, length 5.715 mm
[endpoint_off_grid]: Symbol pin or wire end off connection grid
    ; warning
    @(113.665 mm, 674.37 mm): Symbol C_HUB_CR_BULK Pin 1 [Passive, Line]
[endpoint_off_grid]: Symbol pin or wire end off connection grid
    ; warning
    @(114.30 mm, 711.835 mm): Symbol R_CFG2 Pin 1 [Passive, Line]
[endpoint_off_grid]: Symbol pin or wire end off connection grid
    ; warning
    @(114.30 mm, 800.735 mm): Symbol R_SWAP6 Pin 1 [Passive, Line]
[endpoint_off_grid]: Symbol pin or wire end off connection grid
    ; warning
    @(114.30 mm, 845.185 mm): Symbol R_BOOST0 Pin 1 [Passive, Line]
[endpoint_off_grid]: Symbol pin or wire end off connection grid
    ; warning
    @(115.57 mm, 1440.815 mm): Horizontal Wire, length 1.905 mm
[endpoint_off_grid]: Symbol pin or wire end off connection grid
    ; warning
    @(115.57 mm, 1609.725 mm): Horizontal Wire, length 1.905 mm
[endpoint_off_grid]: Symbol pin or wire end off connection grid
    ; warning
    @(115.57 mm, 1778.635 mm): Horizontal Wire, length 1.905 mm
[endpoint_off_grid]: Symbol pin or wire end off connection grid
    ; warning
    @(115.57 mm, 1947.545 mm): Horizontal Wire, length 1.905 mm
[endpoint_off_grid]: Symbol pin or wire end off connection grid
    ; warning
    @(120.65 mm, 393.70 mm): Horizontal Wire, length 3.175 mm
[endpoint_off_grid]: Symbol pin or wire end off connection grid
    ; warning
    @(117.475 mm, 393.70 mm): Horizontal Wire, length 12.70 mm
[footprint_link_issues]: The current configuration does not include the footprint library 'Resistor_SMD'
    ; warning
    @(117.475 mm, 499.745 mm): Symbol R_VBUS_TOP [SYM_R_VBUS_TOP]
[lib_symbol_issues]: The current configuration does not include the symbol library 'elt'
    ; warning
    @(117.475 mm, 499.745 mm): Symbol R_VBUS_TOP [SYM_R_VBUS_TOP]
[footprint_link_issues]: The current configuration does not include the footprint library 'Capacitor_SMD'
    ; warning
    @(117.475 mm, 645.795 mm): Symbol C_HUB_A1 [SYM_C_HUB_A1]
[lib_symbol_issues]: The current configuration does not include the symbol library 'elt'
    ; warning
    @(117.475 mm, 645.795 mm): Symbol C_HUB_A1 [SYM_C_HUB_A1]
[footprint_link_issues]: The current configuration does not include the footprint library 'Capacitor_SMD'
    ; warning
    @(117.475 mm, 674.37 mm): Symbol C_HUB_CR_BULK [SYM_C_HUB_CR_BULK]
[lib_symbol_issues]: The current configuration does not include the symbol library 'elt'
    ; warning
    @(117.475 mm, 674.37 mm): Symbol C_HUB_CR_BULK [SYM_C_HUB_CR_BULK]
[endpoint_off_grid]: Symbol pin or wire end off connection grid
    ; warning
    @(117.475 mm, 1440.815 mm): Vertical Wire, length 2.54 mm
[endpoint_off_grid]: Symbol pin or wire end off connection grid
    ; warning
    @(117.475 mm, 1609.725 mm): Vertical Wire, length 2.54 mm
[endpoint_off_grid]: Symbol pin or wire end off connection grid
    ; warning
    @(117.475 mm, 1778.635 mm): Vertical Wire, length 2.54 mm
[endpoint_off_grid]: Symbol pin or wire end off connection grid
    ; warning
    @(117.475 mm, 1947.545 mm): Vertical Wire, length 1.27 mm
[endpoint_off_grid]: Symbol pin or wire end off connection grid
    ; warning
    @(118.11 mm, 380.365 mm): Horizontal Wire, length 120.015 mm
[endpoint_off_grid]: Symbol pin or wire end off connection grid
    ; warning
    @(118.11 mm, 388.62 mm): Vertical Wire, length 8.255 mm
[footprint_link_issues]: The current configuration does not include the footprint library 'Resistor_SMD'
    ; warning
    @(118.11 mm, 711.835 mm): Symbol R_CFG2 [SYM_R_CFG2]
[lib_symbol_issues]: The current configuration does not include the symbol library 'elt'
    ; warning
    @(118.11 mm, 711.835 mm): Symbol R_CFG2 [SYM_R_CFG2]
[footprint_link_issues]: The current configuration does not include the footprint library 'Resistor_SMD'
    ; warning
    @(118.11 mm, 800.735 mm): Symbol R_SWAP6 [SYM_R_SWAP6]
[lib_symbol_issues]: The current configuration does not include the symbol library 'elt'
    ; warning
    @(118.11 mm, 800.735 mm): Symbol R_SWAP6 [SYM_R_SWAP6]
[footprint_link_issues]: The current configuration does not include the footprint library 'Resistor_SMD'
    ; warning
    @(118.11 mm, 845.185 mm): Symbol R_BOOST0 [SYM_R_BOOST0]
[lib_symbol_issues]: The current configuration does not include the symbol library 'elt'
    ; warning
    @(118.11 mm, 845.185 mm): Symbol R_BOOST0 [SYM_R_BOOST0]
[footprint_link_issues]: The current configuration does not include the footprint library 'Fuse'
    ; warning
    @(120.65 mm, 80.01 mm): Symbol F_PD [SYM_F_PD]
[lib_symbol_issues]: The current configuration does not include the symbol library 'elt'
    ; warning
    @(120.65 mm, 80.01 mm): Symbol F_PD [SYM_F_PD]
[endpoint_off_grid]: Symbol pin or wire end off connection grid
    ; warning
    @(121.285 mm, 645.795 mm): Symbol #PWR49 Hidden pin 1 [GND, Power input, Line]
[lib_symbol_issues]: The current configuration does not include the symbol library 'elt'
    ; warning
    @(121.285 mm, 645.795 mm): Symbol #PWR49 [GND]
[endpoint_off_grid]: Symbol pin or wire end off connection grid
    ; warning
    @(121.285 mm, 674.37 mm): Symbol #PWR55 Hidden pin 1 [GND, Power input, Line]
[lib_symbol_issues]: The current configuration does not include the symbol library 'elt'
    ; warning
    @(121.285 mm, 674.37 mm): Symbol #PWR55 [GND]
[endpoint_off_grid]: Symbol pin or wire end off connection grid
    ; warning
    @(121.92 mm, 711.835 mm): Symbol #PWR64 Hidden pin 1 [GND, Power input, Line]
[lib_symbol_issues]: The current configuration does not include the symbol library 'elt'
    ; warning
    @(121.92 mm, 711.835 mm): Symbol #PWR64 [GND]
[endpoint_off_grid]: Symbol pin or wire end off connection grid
    ; warning
    @(121.92 mm, 800.735 mm): Symbol #PWR70 Hidden pin 1 [GND, Power input, Line]
[lib_symbol_issues]: The current configuration does not include the symbol library 'elt'
    ; warning
    @(121.92 mm, 800.735 mm): Symbol #PWR70 [GND]
[endpoint_off_grid]: Symbol pin or wire end off connection grid
    ; warning
    @(121.92 mm, 845.185 mm): Symbol #PWR73 Hidden pin 1 [GND, Power input, Line]
[lib_symbol_issues]: The current configuration does not include the symbol library 'elt'
    ; warning
    @(121.92 mm, 845.185 mm): Symbol #PWR73 [GND]
[endpoint_off_grid]: Symbol pin or wire end off connection grid
    ; warning
    @(121.92 mm, 1076.325 mm): Symbol R_PWR_CMD2 Pin 1 [Passive, Line]
[endpoint_off_grid]: Symbol pin or wire end off connection grid
    ; warning
    @(121.92 mm, 1111.885 mm): Symbol R_DATA_CMD2 Pin 1 [Passive, Line]
[endpoint_off_grid]: Symbol pin or wire end off connection grid
    ; warning
    @(122.555 mm, 927.735 mm): Horizontal Wire, length 4.445 mm
[endpoint_off_grid]: Symbol pin or wire end off connection grid
    ; warning
    @(122.555 mm, 930.275 mm): Horizontal Wire, length 4.445 mm
[footprint_link_issues]: The current configuration does not include the footprint library 'Package_TO_SOT_SMD'
    ; warning
    @(124.46 mm, 532.13 mm): Symbol U_ESD_UP [SYM_U_ESD_UP]
[lib_symbol_issues]: The current configuration does not include the symbol library 'elt'
    ; warning
    @(124.46 mm, 532.13 mm): Symbol U_ESD_UP [SYM_U_ESD_UP]
[endpoint_off_grid]: Symbol pin or wire end off connection grid
    ; warning
    @(125.095 mm, 499.745 mm): Horizontal Wire, length 3.81 mm
[endpoint_off_grid]: Symbol pin or wire end off connection grid
    ; warning
    @(125.73 mm, 125.095 mm): Vertical Wire, length 45.72 mm
[endpoint_off_grid]: Symbol pin or wire end off connection grid
    ; warning
    @(125.73 mm, 170.815 mm): Horizontal Wire, length 2.54 mm
[footprint_link_issues]: The current configuration does not include the footprint library 'Package_SO'
    ; warning
    @(125.73 mm, 942.975 mm): Symbol U_CTRL [SYM_U_CTRL]
[lib_symbol_issues]: The current configuration does not include the symbol library 'elt'
    ; warning
    @(125.73 mm, 942.975 mm): Symbol U_CTRL [SYM_U_CTRL]
[footprint_link_issues]: The current configuration does not include the footprint library 'Resistor_SMD'
    ; warning
    @(125.73 mm, 1076.325 mm): Symbol R_PWR_CMD2 [SYM_R_PWR_CMD2]
[lib_symbol_issues]: The current configuration does not include the symbol library 'elt'
    ; warning
    @(125.73 mm, 1076.325 mm): Symbol R_PWR_CMD2 [SYM_R_PWR_CMD2]
[footprint_link_issues]: The current configuration does not include the footprint library 'Resistor_SMD'
    ; warning
    @(125.73 mm, 1111.885 mm): Symbol R_DATA_CMD2 [SYM_R_DATA_CMD2]
[lib_symbol_issues]: The current configuration does not include the symbol library 'elt'
    ; warning
    @(125.73 mm, 1111.885 mm): Symbol R_DATA_CMD2 [SYM_R_DATA_CMD2]
[endpoint_off_grid]: Symbol pin or wire end off connection grid
    ; warning
    @(127.00 mm, 79.375 mm): Horizontal Wire, length 3.175 mm
[endpoint_off_grid]: Symbol pin or wire end off connection grid
    ; warning
    @(127.00 mm, 79.375 mm): Horizontal Wire, length 3.175 mm
[endpoint_off_grid]: Symbol pin or wire end off connection grid
    ; warning
    @(127.00 mm, 927.735 mm): Vertical Wire, length 1.27 mm
[endpoint_off_grid]: Symbol pin or wire end off connection grid
    ; warning
    @(127.00 mm, 930.275 mm): Vertical Wire, length 1.27 mm
[endpoint_off_grid]: Symbol pin or wire end off connection grid
    ; warning
    @(127.00 mm, 1381.125 mm): Symbol U_ESD1 Pin 1 [IO1, Passive, Line]
[endpoint_off_grid]: Symbol pin or wire end off connection grid
    ; warning
    @(127.00 mm, 1550.035 mm): Symbol U_ESD2 Pin 1 [IO1, Passive, Line]
[endpoint_off_grid]: Symbol pin or wire end off connection grid
    ; warning
    @(127.00 mm, 1718.945 mm): Symbol U_ESD3 Pin 1 [IO1, Passive, Line]
[endpoint_off_grid]: Symbol pin or wire end off connection grid
    ; warning
    @(127.00 mm, 1887.855 mm): Symbol U_ESD4 Pin 1 [IO1, Passive, Line]
[endpoint_off_grid]: Symbol pin or wire end off connection grid
    ; warning
    @(128.27 mm, 170.815 mm): Horizontal Wire, length 2.54 mm
[endpoint_off_grid]: Symbol pin or wire end off connection grid
    ; warning
    @(129.54 mm, 1076.325 mm): Symbol #PWR90 Hidden pin 1 [GND, Power input, Line]
[lib_symbol_issues]: The current configuration does not include the symbol library 'elt'
    ; warning
    @(129.54 mm, 1076.325 mm): Symbol #PWR90 [GND]
[endpoint_off_grid]: Symbol pin or wire end off connection grid
    ; warning
    @(129.54 mm, 1111.885 mm): Symbol #PWR94 Hidden pin 1 [GND, Power input, Line]
[lib_symbol_issues]: The current configuration does not include the symbol library 'elt'
    ; warning
    @(129.54 mm, 1111.885 mm): Symbol #PWR94 [GND]
[endpoint_off_grid]: Symbol pin or wire end off connection grid
    ; warning
    @(130.175 mm, 79.375 mm): Vertical Wire, length 45.72 mm
[endpoint_off_grid]: Symbol pin or wire end off connection grid
    ; warning
    @(130.175 mm, 79.375 mm): Horizontal Wire, length 6.985 mm
[endpoint_off_grid]: Symbol pin or wire end off connection grid
    ; warning
    @(130.175 mm, 125.095 mm): Horizontal Wire, length 4.445 mm
[endpoint_off_grid]: Symbol pin or wire end off connection grid
    ; warning
    @(130.175 mm, 499.745 mm): Vertical Wire, length 1.27 mm
[endpoint_off_grid]: Symbol pin or wire end off connection grid
    ; warning
    @(130.175 mm, 1446.53 mm): Symbol C_PORT1_HF Pin 1 [Passive, Line]
[endpoint_off_grid]: Symbol pin or wire end off connection grid
    ; warning
    @(130.175 mm, 1615.44 mm): Symbol C_PORT2_HF Pin 1 [Passive, Line]
[endpoint_off_grid]: Symbol pin or wire end off connection grid
    ; warning
    @(130.175 mm, 1784.35 mm): Symbol C_PORT3_HF Pin 1 [Passive, Line]
[endpoint_off_grid]: Symbol pin or wire end off connection grid
    ; warning
    @(130.175 mm, 1952.625 mm): Symbol C_PORT4_HF Pin 1 [Passive, Line]
[endpoint_off_grid]: Symbol pin or wire end off connection grid
    ; warning
    @(130.81 mm, 170.815 mm): Symbol R_PD_VDD Pin 1 [Passive, Line]
[footprint_link_issues]: The current configuration does not include the footprint library 'Resistor_SMD'
    ; warning
    @(132.08 mm, 603.25 mm): Symbol R_HUB_RESET [SYM_R_HUB_RESET]
[lib_symbol_issues]: The current configuration does not include the symbol library 'elt'
    ; warning
    @(132.08 mm, 603.25 mm): Symbol R_HUB_RESET [SYM_R_HUB_RESET]
[footprint_link_issues]: The current configuration does not include the footprint library 'Capacitor_SMD'
    ; warning
    @(133.985 mm, 1446.53 mm): Symbol C_PORT1_HF [SYM_C_PORT1_HF]
[lib_symbol_issues]: The current configuration does not include the symbol library 'elt'
    ; warning
    @(133.985 mm, 1446.53 mm): Symbol C_PORT1_HF [SYM_C_PORT1_HF]
[footprint_link_issues]: The current configuration does not include the footprint library 'Capacitor_SMD'
    ; warning
    @(133.985 mm, 1615.44 mm): Symbol C_PORT2_HF [SYM_C_PORT2_HF]
[lib_symbol_issues]: The current configuration does not include the symbol library 'elt'
    ; warning
    @(133.985 mm, 1615.44 mm): Symbol C_PORT2_HF [SYM_C_PORT2_HF]
[footprint_link_issues]: The current configuration does not include the footprint library 'Capacitor_SMD'
    ; warning
    @(133.985 mm, 1784.35 mm): Symbol C_PORT3_HF [SYM_C_PORT3_HF]
[lib_symbol_issues]: The current configuration does not include the symbol library 'elt'
    ; warning
    @(133.985 mm, 1784.35 mm): Symbol C_PORT3_HF [SYM_C_PORT3_HF]
[footprint_link_issues]: The current configuration does not include the footprint library 'Capacitor_SMD'
    ; warning
    @(133.985 mm, 1952.625 mm): Symbol C_PORT4_HF [SYM_C_PORT4_HF]
[lib_symbol_issues]: The current configuration does not include the symbol library 'elt'
    ; warning
    @(133.985 mm, 1952.625 mm): Symbol C_PORT4_HF [SYM_C_PORT4_HF]
[footprint_link_issues]: The current configuration does not include the footprint library 'Resistor_SMD'
    ; warning
    @(134.62 mm, 170.815 mm): Symbol R_PD_VDD [SYM_R_PD_VDD]
[lib_symbol_issues]: The current configuration does not include the symbol library 'elt'
    ; warning
    @(134.62 mm, 170.815 mm): Symbol R_PD_VDD [SYM_R_PD_VDD]
[footprint_link_issues]: The current configuration does not include the footprint library 'Package_TO_SOT_SMD'
    ; warning
    @(134.62 mm, 391.16 mm): Symbol U_BUCK [SYM_U_BUCK]
[lib_symbol_issues]: The current configuration does not include the symbol library 'elt'
    ; warning
    @(134.62 mm, 391.16 mm): Symbol U_BUCK [SYM_U_BUCK]
[endpoint_off_grid]: Symbol pin or wire end off connection grid
    ; warning
    @(134.62 mm, 499.745 mm): Horizontal Wire, length 9.525 mm
[footprint_link_issues]: The current configuration does not include the footprint library 'Capacitor_SMD'
    ; warning
    @(134.62 mm, 1000.76 mm): Symbol C_CTRL_VUSB [SYM_C_CTRL_VUSB]
[lib_symbol_issues]: The current configuration does not include the symbol library 'elt'
    ; warning
    @(134.62 mm, 1000.76 mm): Symbol C_CTRL_VUSB [SYM_C_CTRL_VUSB]
[endpoint_off_grid]: Symbol pin or wire end off connection grid
    ; warning
    @(137.16 mm, 889.635 mm): Horizontal Wire, length 2.54 mm
[endpoint_off_grid]: Symbol pin or wire end off connection grid
    ; warning
    @(137.16 mm, 896.62 mm): Vertical Wire, length 6.985 mm
[endpoint_off_grid]: Symbol pin or wire end off connection grid
    ; warning
    @(137.795 mm, 1446.53 mm): Symbol #PWR110 Hidden pin 1 [GND, Power input, Line]
[lib_symbol_issues]: The current configuration does not include the symbol library 'elt'
    ; warning
    @(137.795 mm, 1446.53 mm): Symbol #PWR110 [GND]
[endpoint_off_grid]: Symbol pin or wire end off connection grid
    ; warning
    @(137.795 mm, 1615.44 mm): Symbol #PWR125 Hidden pin 1 [GND, Power input, Line]
[lib_symbol_issues]: The current configuration does not include the symbol library 'elt'
    ; warning
    @(137.795 mm, 1615.44 mm): Symbol #PWR125 [GND]
[endpoint_off_grid]: Symbol pin or wire end off connection grid
    ; warning
    @(137.795 mm, 1784.35 mm): Symbol #PWR140 Hidden pin 1 [GND, Power input, Line]
[lib_symbol_issues]: The current configuration does not include the symbol library 'elt'
    ; warning
    @(137.795 mm, 1784.35 mm): Symbol #PWR140 [GND]
[endpoint_off_grid]: Symbol pin or wire end off connection grid
    ; warning
    @(137.795 mm, 1952.625 mm): Symbol #PWR155 Hidden pin 1 [GND, Power input, Line]
[lib_symbol_issues]: The current configuration does not include the symbol library 'elt'
    ; warning
    @(137.795 mm, 1952.625 mm): Symbol #PWR155 [GND]
[endpoint_off_grid]: Symbol pin or wire end off connection grid
    ; warning
    @(138.43 mm, 170.815 mm): Horizontal Wire, length 1.905 mm
[endpoint_off_grid]: Symbol pin or wire end off connection grid
    ; warning
    @(138.43 mm, 499.745 mm): Symbol R_VBUS_BOT Pin 1 [Passive, Line]
[endpoint_off_grid]: Symbol pin or wire end off connection grid
    ; warning
    @(138.43 mm, 499.745 mm): Horizontal Wire, length 3.81 mm
[lib_symbol_issues]: The current configuration does not include the symbol library 'elt'
    ; warning
    @(138.43 mm, 532.13 mm): Symbol #PWR42 [GND]
[lib_symbol_issues]: The current configuration does not include the symbol library 'elt'
    ; warning
    @(138.43 mm, 1000.76 mm): Symbol #PWR83 [GND]
[endpoint_off_grid]: Symbol pin or wire end off connection grid
    ; warning
    @(139.70 mm, 889.635 mm): Horizontal Wire, length 1.27 mm
[endpoint_off_grid]: Symbol pin or wire end off connection grid
    ; warning
    @(140.335 mm, 170.815 mm): Horizontal Wire, length 50.80 mm
[endpoint_off_grid]: Symbol pin or wire end off connection grid
    ; warning
    @(140.335 mm, 603.25 mm): Horizontal Wire, length 4.445 mm
[endpoint_off_grid]: Symbol pin or wire end off connection grid
    ; warning
    @(140.97 mm, 645.795 mm): Horizontal Wire, length 2.54 mm
[endpoint_off_grid]: Symbol pin or wire end off connection grid
    ; warning
    @(140.97 mm, 674.37 mm): Vertical Wire, length 28.575 mm
[endpoint_off_grid]: Symbol pin or wire end off connection grid
    ; warning
    @(140.97 mm, 659.765 mm): Horizontal Wire, length 1.27 mm
[endpoint_off_grid]: Symbol pin or wire end off connection grid
    ; warning
    @(140.97 mm, 756.285 mm): Symbol R_SWAP3 Pin 1 [Passive, Line]
[endpoint_off_grid]: Symbol pin or wire end off connection grid
    ; warning
    @(140.97 mm, 889.635 mm): Symbol R_DIS7N Pin 1 [Passive, Line]
[footprint_link_issues]: The current configuration does not include the footprint library 'Package_TO_SOT_SMD'
    ; warning
    @(140.97 mm, 1382.395 mm): Symbol U_ESD1 [SYM_U_ESD1]
[lib_symbol_issues]: The current configuration does not include the symbol library 'elt'
    ; warning
    @(140.97 mm, 1382.395 mm): Symbol U_ESD1 [SYM_U_ESD1]
[footprint_link_issues]: The current configuration does not include the footprint library 'Package_TO_SOT_SMD'
    ; warning
    @(140.97 mm, 1551.305 mm): Symbol U_ESD2 [SYM_U_ESD2]
[lib_symbol_issues]: The current configuration does not include the symbol library 'elt'
    ; warning
    @(140.97 mm, 1551.305 mm): Symbol U_ESD2 [SYM_U_ESD2]
[footprint_link_issues]: The current configuration does not include the footprint library 'Package_TO_SOT_SMD'
    ; warning
    @(140.97 mm, 1720.215 mm): Symbol U_ESD3 [SYM_U_ESD3]
[lib_symbol_issues]: The current configuration does not include the symbol library 'elt'
    ; warning
    @(140.97 mm, 1720.215 mm): Symbol U_ESD3 [SYM_U_ESD3]
[footprint_link_issues]: The current configuration does not include the footprint library 'Package_TO_SOT_SMD'
    ; warning
    @(140.97 mm, 1889.125 mm): Symbol U_ESD4 [SYM_U_ESD4]
[lib_symbol_issues]: The current configuration does not include the symbol library 'elt'
    ; warning
    @(140.97 mm, 1889.125 mm): Symbol U_ESD4 [SYM_U_ESD4]
[endpoint_off_grid]: Symbol pin or wire end off connection grid
    ; warning
    @(141.605 mm, 311.15 mm): Symbol C_AGG_IN Pin 1 [Passive, Line]
[footprint_link_issues]: The current configuration does not include the footprint library 'Resistor_SMD'
    ; warning
    @(142.24 mm, 499.745 mm): Symbol R_VBUS_BOT [SYM_R_VBUS_BOT]
[lib_symbol_issues]: The current configuration does not include the symbol library 'elt'
    ; warning
    @(142.24 mm, 499.745 mm): Symbol R_VBUS_BOT [SYM_R_VBUS_BOT]
[endpoint_off_grid]: Symbol pin or wire end off connection grid
    ; warning
    @(142.24 mm, 935.355 mm): Symbol #PWR81 Hidden pin 1 [GND, Power input, Line]
[lib_symbol_issues]: The current configuration does not include the symbol library 'elt'
    ; warning
    @(142.24 mm, 935.355 mm): Symbol #PWR81 [GND]
[endpoint_off_grid]: Symbol pin or wire end off connection grid
    ; warning
    @(142.24 mm, 945.515 mm): Horizontal Wire, length 13.97 mm
[endpoint_off_grid]: Symbol pin or wire end off connection grid
    ; warning
    @(143.51 mm, 645.795 mm): Horizontal Wire, length 2.54 mm
[endpoint_off_grid]: Symbol pin or wire end off connection grid
    ; warning
    @(143.51 mm, 1007.11 mm): Vertical Wire, length 38.735 mm
[footprint_link_issues]: The current configuration does not include the footprint library 'Resistor_SMD'
    ; warning
    @(143.51 mm, 1049.655 mm): Symbol R_I2C_SCL [SYM_R_I2C_SCL]
[lib_symbol_issues]: The current configuration does not include the symbol library 'elt'
    ; warning
    @(143.51 mm, 1049.655 mm): Symbol R_I2C_SCL [SYM_R_I2C_SCL]
[endpoint_off_grid]: Symbol pin or wire end off connection grid
    ; warning
    @(143.51 mm, 1053.465 mm): Symbol R_I2C_SCL Pin 1 [Passive, Line]
[endpoint_off_grid]: Symbol pin or wire end off connection grid
    ; warning
    @(143.51 mm, 1056.005 mm): Vertical Wire, length 2.54 mm
[footprint_link_issues]: The current configuration does not include the footprint library 'Resistor_SMD'
    ; warning
    @(144.78 mm, 756.285 mm): Symbol R_SWAP3 [SYM_R_SWAP3]
[lib_symbol_issues]: The current configuration does not include the symbol library 'elt'
    ; warning
    @(144.78 mm, 756.285 mm): Symbol R_SWAP3 [SYM_R_SWAP3]
[footprint_link_issues]: The current configuration does not include the footprint library 'Resistor_SMD'
    ; warning
    @(144.78 mm, 889.635 mm): Symbol R_DIS7N [SYM_R_DIS7N]
[lib_symbol_issues]: The current configuration does not include the symbol library 'elt'
    ; warning
    @(144.78 mm, 889.635 mm): Symbol R_DIS7N [SYM_R_DIS7N]
[footprint_link_issues]: The current configuration does not include the footprint library 'Capacitor_SMD'
    ; warning
    @(145.415 mm, 311.15 mm): Symbol C_AGG_IN [SYM_C_AGG_IN]
[lib_symbol_issues]: The current configuration does not include the symbol library 'elt'
    ; warning
    @(145.415 mm, 311.15 mm): Symbol C_AGG_IN [SYM_C_AGG_IN]
[endpoint_off_grid]: Symbol pin or wire end off connection grid
    ; warning
    @(146.05 mm, 499.745 mm): Symbol #PWR61 Hidden pin 1 [GND, Power input, Line]
[lib_symbol_issues]: The current configuration does not include the symbol library 'elt'
    ; warning
    @(146.05 mm, 499.745 mm): Symbol #PWR61 [GND]
[endpoint_off_grid]: Symbol pin or wire end off connection grid
    ; warning
    @(146.05 mm, 645.795 mm): Symbol C_HUB_A2 Pin 1 [Passive, Line]
[lib_symbol_issues]: The current configuration does not include the symbol library 'elt'
    ; warning
    @(148.59 mm, 393.70 mm): Symbol #PWR31 [GND]
[endpoint_off_grid]: Symbol pin or wire end off connection grid
    ; warning
    @(148.59 mm, 756.285 mm): Symbol #PWR67 Hidden pin 1 [GND, Power input, Line]
[lib_symbol_issues]: The current configuration does not include the symbol library 'elt'
    ; warning
    @(148.59 mm, 756.285 mm): Symbol #PWR67 [GND]
[endpoint_off_grid]: Symbol pin or wire end off connection grid
    ; warning
    @(149.225 mm, 311.15 mm): Symbol #PWR23 Hidden pin 1 [GND, Power input, Line]
[lib_symbol_issues]: The current configuration does not include the symbol library 'elt'
    ; warning
    @(149.225 mm, 311.15 mm): Symbol #PWR23 [GND]
[footprint_link_issues]: The current configuration does not include the footprint library 'Capacitor_SMD'
    ; warning
    @(149.86 mm, 645.795 mm): Symbol C_HUB_A2 [SYM_C_HUB_A2]
[lib_symbol_issues]: The current configuration does not include the symbol library 'elt'
    ; warning
    @(149.86 mm, 645.795 mm): Symbol C_HUB_A2 [SYM_C_HUB_A2]
[footprint_link_issues]: The current configuration does not include the footprint library 'Capacitor_SMD'
    ; warning
    @(149.86 mm, 674.37 mm): Symbol C_HUB_DD [SYM_C_HUB_DD]
[lib_symbol_issues]: The current configuration does not include the symbol library 'elt'
    ; warning
    @(149.86 mm, 674.37 mm): Symbol C_HUB_DD [SYM_C_HUB_DD]
[endpoint_off_grid]: Symbol pin or wire end off connection grid
    ; warning
    @(150.495 mm, 328.295 mm): Vertical Wire, length 11.43 mm
[footprint_link_issues]: The current configuration does not include the footprint library 'Resistor_SMD'
    ; warning
    @(150.495 mm, 343.535 mm): Symbol R_AGG_UV_TOP [SYM_R_AGG_UV_TOP]
[lib_symbol_issues]: The current configuration does not include the symbol library 'elt'
    ; warning
    @(150.495 mm, 343.535 mm): Symbol R_AGG_UV_TOP [SYM_R_AGG_UV_TOP]
[endpoint_off_grid]: Symbol pin or wire end off connection grid
    ; warning
    @(150.495 mm, 347.345 mm): Symbol R_AGG_UV_TOP Pin 1 [Passive, Line]
[endpoint_off_grid]: Symbol pin or wire end off connection grid
    ; warning
    @(150.495 mm, 347.345 mm): Vertical Wire, length 1.27 mm
[endpoint_off_grid]: Symbol pin or wire end off connection grid
    ; warning
    @(150.495 mm, 348.615 mm): Horizontal Wire, length 5.715 mm
[endpoint_off_grid]: Symbol pin or wire end off connection grid
    ; warning
    @(150.495 mm, 515.62 mm): Horizontal Wire, length 14.605 mm
[endpoint_off_grid]: Symbol pin or wire end off connection grid
    ; warning
    @(150.495 mm, 528.32 mm): Vertical Wire, length 12.70 mm
[endpoint_off_grid]: Symbol pin or wire end off connection grid
    ; warning
    @(165.10 mm, 528.32 mm): Horizontal Wire, length 14.605 mm
[endpoint_off_grid]: Symbol pin or wire end off connection grid
    ; warning
    @(151.765 mm, 603.25 mm): Horizontal Wire, length 11.43 mm
[endpoint_off_grid]: Symbol pin or wire end off connection grid
    ; warning
    @(156.21 mm, 603.25 mm): Horizontal Wire, length 4.445 mm
[endpoint_off_grid]: Symbol pin or wire end off connection grid
    ; warning
    @(153.67 mm, 645.795 mm): Symbol #PWR50 Hidden pin 1 [GND, Power input, Line]
[lib_symbol_issues]: The current configuration does not include the symbol library 'elt'
    ; warning
    @(153.67 mm, 645.795 mm): Symbol #PWR50 [GND]
[lib_symbol_issues]: The current configuration does not include the symbol library 'elt'
    ; warning
    @(153.67 mm, 674.37 mm): Symbol #PWR56 [GND]
[endpoint_off_grid]: Symbol pin or wire end off connection grid
    ; warning
    @(154.94 mm, 1382.395 mm): Symbol #PWR113 Hidden pin 1 [GND, Power input, Line]
[lib_symbol_issues]: The current configuration does not include the symbol library 'elt'
    ; warning
    @(154.94 mm, 1382.395 mm): Symbol #PWR113 [GND]
[endpoint_off_grid]: Symbol pin or wire end off connection grid
    ; warning
    @(154.94 mm, 1551.305 mm): Symbol #PWR128 Hidden pin 1 [GND, Power input, Line]
[lib_symbol_issues]: The current configuration does not include the symbol library 'elt'
    ; warning
    @(154.94 mm, 1551.305 mm): Symbol #PWR128 [GND]
[endpoint_off_grid]: Symbol pin or wire end off connection grid
    ; warning
    @(154.94 mm, 1720.215 mm): Symbol #PWR143 Hidden pin 1 [GND, Power input, Line]
[lib_symbol_issues]: The current configuration does not include the symbol library 'elt'
    ; warning
    @(154.94 mm, 1720.215 mm): Symbol #PWR143 [GND]
[endpoint_off_grid]: Symbol pin or wire end off connection grid
    ; warning
    @(154.94 mm, 1889.125 mm): Symbol #PWR158 Hidden pin 1 [GND, Power input, Line]
[lib_symbol_issues]: The current configuration does not include the symbol library 'elt'
    ; warning
    @(154.94 mm, 1889.125 mm): Symbol #PWR158 [GND]
[endpoint_off_grid]: Symbol pin or wire end off connection grid
    ; warning
    @(155.575 mm, 135.89 mm): Symbol #PWR06 Hidden pin 1 [GND, Power input, Line]
[endpoint_off_grid]: Symbol pin or wire end off connection grid
    ; warning
    @(155.575 mm, 135.89 mm): Symbol D_PD_TVS Pin 1 [Passive, Line]
[lib_symbol_issues]: The current configuration does not include the symbol library 'elt'
    ; warning
    @(155.575 mm, 135.89 mm): Symbol #PWR06 [GND]
[endpoint_off_grid]: Symbol pin or wire end off connection grid
    ; warning
    @(156.21 mm, 945.515 mm): Vertical Wire, length 61.595 mm
[endpoint_off_grid]: Symbol pin or wire end off connection grid
    ; warning
    @(158.75 mm, 711.835 mm): Symbol R_NONREM1 Pin 1 [Passive, Line]
[footprint_link_issues]: The current configuration does not include the footprint library 'Capacitor_SMD'
    ; warning
    @(160.02 mm, 603.25 mm): Symbol C_HUB_RESET [SYM_C_HUB_RESET]
[lib_symbol_issues]: The current configuration does not include the symbol library 'elt'
    ; warning
    @(160.02 mm, 603.25 mm): Symbol C_HUB_RESET [SYM_C_HUB_RESET]
[footprint_link_issues]: The current configuration does not include the footprint library 'Capacitor_SMD'
    ; warning
    @(161.29 mm, 466.09 mm): Symbol C_BST [SYM_C_BST]
[lib_symbol_issues]: The current configuration does not include the symbol library 'elt'
    ; warning
    @(161.29 mm, 466.09 mm): Symbol C_BST [SYM_C_BST]
[footprint_link_issues]: The current configuration does not include the footprint library 'Diode_SMD'
    ; warning
    @(162.56 mm, 135.89 mm): Symbol D_PD_TVS [SYM_D_PD_TVS]
[lib_symbol_issues]: The current configuration does not include the symbol library 'elt'
    ; warning
    @(162.56 mm, 135.89 mm): Symbol D_PD_TVS [SYM_D_PD_TVS]
[footprint_link_issues]: The current configuration does not include the footprint library 'Resistor_SMD'
    ; warning
    @(162.56 mm, 711.835 mm): Symbol R_NONREM1 [SYM_R_NONREM1]
[lib_symbol_issues]: The current configuration does not include the symbol library 'elt'
    ; warning
    @(162.56 mm, 711.835 mm): Symbol R_NONREM1 [SYM_R_NONREM1]
[lib_symbol_issues]: The current configuration does not include the symbol library 'elt'
    ; warning
    @(163.83 mm, 603.25 mm): Symbol #PWR60 [GND]
[unconnected_wire_endpoint]: Unconnected wire endpoint
    ; warning
    @(166.37 mm, 172.085 mm): Horizontal Wire, length 1.27 mm
[endpoint_off_grid]: Symbol pin or wire end off connection grid
    ; warning
    @(166.37 mm, 170.815 mm): Vertical Wire, length 1.27 mm
[endpoint_off_grid]: Symbol pin or wire end off connection grid
    ; warning
    @(166.37 mm, 172.085 mm): Horizontal Wire, length 1.27 mm
[endpoint_off_grid]: Symbol pin or wire end off connection grid
    ; warning
    @(166.37 mm, 711.835 mm): Symbol #PWR65 Hidden pin 1 [GND, Power input, Line]
[lib_symbol_issues]: The current configuration does not include the symbol library 'elt'
    ; warning
    @(166.37 mm, 711.835 mm): Symbol #PWR65 [GND]
[endpoint_off_grid]: Symbol pin or wire end off connection grid
    ; warning
    @(166.37 mm, 996.315 mm): Horizontal Wire, length 8.255 mm
[endpoint_off_grid]: Symbol pin or wire end off connection grid
    ; warning
    @(166.37 mm, 1056.005 mm): Vertical Wire, length 59.69 mm
[endpoint_off_grid]: Symbol pin or wire end off connection grid
    ; warning
    @(167.64 mm, 800.735 mm): Symbol R_SWAP7 Pin 1 [Passive, Line]
[endpoint_off_grid]: Symbol pin or wire end off connection grid
    ; warning
    @(167.64 mm, 845.185 mm): Symbol R_BOOST1 Pin 1 [Passive, Line]
[unconnected_wire_endpoint]: Unconnected wire endpoint
    ; warning
    @(170.815 mm, 392.43 mm): Horizontal Wire, length 1.27 mm
[endpoint_off_grid]: Symbol pin or wire end off connection grid
    ; warning
    @(170.815 mm, 391.16 mm): Vertical Wire, length 1.27 mm
[endpoint_off_grid]: Symbol pin or wire end off connection grid
    ; warning
    @(170.815 mm, 392.43 mm): Horizontal Wire, length 1.27 mm
[footprint_link_issues]: The current configuration does not include the footprint library 'Resistor_SMD'
    ; warning
    @(171.45 mm, 800.735 mm): Symbol R_SWAP7 [SYM_R_SWAP7]
[lib_symbol_issues]: The current configuration does not include the symbol library 'elt'
    ; warning
    @(171.45 mm, 800.735 mm): Symbol R_SWAP7 [SYM_R_SWAP7]
[footprint_link_issues]: The current configuration does not include the footprint library 'Resistor_SMD'
    ; warning
    @(171.45 mm, 845.185 mm): Symbol R_BOOST1 [SYM_R_BOOST1]
[lib_symbol_issues]: The current configuration does not include the symbol library 'elt'
    ; warning
    @(171.45 mm, 845.185 mm): Symbol R_BOOST1 [SYM_R_BOOST1]
[endpoint_off_grid]: Symbol pin or wire end off connection grid
    ; warning
    @(172.085 mm, 645.795 mm): Horizontal Wire, length 3.175 mm
[endpoint_off_grid]: Symbol pin or wire end off connection grid
    ; warning
    @(172.085 mm, 659.765 mm): Horizontal Wire, length 1.27 mm
[endpoint_off_grid]: Symbol pin or wire end off connection grid
    ; warning
    @(172.085 mm, 674.37 mm): Vertical Wire, length 28.575 mm
[endpoint_off_grid]: Symbol pin or wire end off connection grid
    ; warning
    @(177.80 mm, 674.37 mm): Horizontal Wire, length 3.175 mm
[endpoint_off_grid]: Symbol pin or wire end off connection grid
    ; warning
    @(174.625 mm, 674.37 mm): Horizontal Wire, length 2.54 mm
[endpoint_off_grid]: Symbol pin or wire end off connection grid
    ; warning
    @(174.625 mm, 996.315 mm): Horizontal Wire, length 0.635 mm
[endpoint_off_grid]: Symbol pin or wire end off connection grid
    ; warning
    @(174.625 mm, 1045.845 mm): Horizontal Wire, length 6.35 mm
[footprint_link_issues]: The current configuration does not include the footprint library 'Resistor_SMD'
    ; warning
    @(174.625 mm, 1049.655 mm): Symbol R_I2C_SDA [SYM_R_I2C_SDA]
[lib_symbol_issues]: The current configuration does not include the symbol library 'elt'
    ; warning
    @(174.625 mm, 1049.655 mm): Symbol R_I2C_SDA [SYM_R_I2C_SDA]
[endpoint_off_grid]: Symbol pin or wire end off connection grid
    ; warning
    @(174.625 mm, 1053.465 mm): Vertical Wire, length 2.54 mm
[endpoint_off_grid]: Symbol pin or wire end off connection grid
    ; warning
    @(174.625 mm, 1053.465 mm): Symbol R_I2C_SDA Pin 1 [Passive, Line]
[endpoint_off_grid]: Symbol pin or wire end off connection grid
    ; warning
    @(174.625 mm, 1056.005 mm): Horizontal Wire, length 8.255 mm
[endpoint_off_grid]: Symbol pin or wire end off connection grid
    ; warning
    @(175.26 mm, 645.795 mm): Horizontal Wire, length 2.54 mm
[endpoint_off_grid]: Symbol pin or wire end off connection grid
    ; warning
    @(175.26 mm, 800.735 mm): Symbol #PWR71 Hidden pin 1 [GND, Power input, Line]
[lib_symbol_issues]: The current configuration does not include the symbol library 'elt'
    ; warning
    @(175.26 mm, 800.735 mm): Symbol #PWR71 [GND]
[endpoint_off_grid]: Symbol pin or wire end off connection grid
    ; warning
    @(175.26 mm, 845.185 mm): Symbol #PWR74 Hidden pin 1 [GND, Power input, Line]
[lib_symbol_issues]: The current configuration does not include the symbol library 'elt'
    ; warning
    @(175.26 mm, 845.185 mm): Symbol #PWR74 [GND]
[endpoint_off_grid]: Symbol pin or wire end off connection grid
    ; warning
    @(175.26 mm, 996.315 mm): Horizontal Wire, length 15.24 mm
[endpoint_off_grid]: Symbol pin or wire end off connection grid
    ; warning
    @(175.26 mm, 1076.325 mm): Symbol R_PWR_CMD3 Pin 1 [Passive, Line]
[endpoint_off_grid]: Symbol pin or wire end off connection grid
    ; warning
    @(175.26 mm, 1111.885 mm): Symbol R_DATA_CMD3 Pin 1 [Passive, Line]
[endpoint_off_grid]: Symbol pin or wire end off connection grid
    ; warning
    @(177.80 mm, 645.795 mm): Symbol C_HUB_A3 Pin 1 [Passive, Line]
[footprint_link_issues]: The current configuration does not include the footprint library 'Resistor_SMD'
    ; warning
    @(179.07 mm, 1076.325 mm): Symbol R_PWR_CMD3 [SYM_R_PWR_CMD3]
[lib_symbol_issues]: The current configuration does not include the symbol library 'elt'
    ; warning
    @(179.07 mm, 1076.325 mm): Symbol R_PWR_CMD3 [SYM_R_PWR_CMD3]
[footprint_link_issues]: The current configuration does not include the footprint library 'Resistor_SMD'
    ; warning
    @(179.07 mm, 1111.885 mm): Symbol R_DATA_CMD3 [SYM_R_DATA_CMD3]
[lib_symbol_issues]: The current configuration does not include the symbol library 'elt'
    ; warning
    @(179.07 mm, 1111.885 mm): Symbol R_DATA_CMD3 [SYM_R_DATA_CMD3]
[footprint_link_issues]: The current configuration does not include the footprint library 'Capacitor_SMD'
    ; warning
    @(181.61 mm, 645.795 mm): Symbol C_HUB_A3 [SYM_C_HUB_A3]
[lib_symbol_issues]: The current configuration does not include the symbol library 'elt'
    ; warning
    @(181.61 mm, 645.795 mm): Symbol C_HUB_A3 [SYM_C_HUB_A3]
[footprint_link_issues]: The current configuration does not include the footprint library 'Capacitor_SMD'
    ; warning
    @(181.61 mm, 674.37 mm): Symbol C_HUB_PLL [SYM_C_HUB_PLL]
[lib_symbol_issues]: The current configuration does not include the symbol library 'elt'
    ; warning
    @(181.61 mm, 674.37 mm): Symbol C_HUB_PLL [SYM_C_HUB_PLL]
[endpoint_off_grid]: Symbol pin or wire end off connection grid
    ; warning
    @(182.88 mm, 1076.325 mm): Symbol #PWR91 Hidden pin 1 [GND, Power input, Line]
[lib_symbol_issues]: The current configuration does not include the symbol library 'elt'
    ; warning
    @(182.88 mm, 1076.325 mm): Symbol #PWR91 [GND]
[endpoint_off_grid]: Symbol pin or wire end off connection grid
    ; warning
    @(182.88 mm, 1111.885 mm): Symbol #PWR95 Hidden pin 1 [GND, Power input, Line]
[lib_symbol_issues]: The current configuration does not include the symbol library 'elt'
    ; warning
    @(182.88 mm, 1111.885 mm): Symbol #PWR95 [GND]
[footprint_link_issues]: The current configuration does not include the footprint library 'usb_controlled_debug_hub'
    ; warning
    @(183.515 mm, 80.01 mm): Symbol U_PD [SYM_U_PD]
[lib_symbol_issues]: The current configuration does not include the symbol library 'elt'
    ; warning
    @(183.515 mm, 80.01 mm): Symbol U_PD [SYM_U_PD]
[endpoint_off_grid]: Symbol pin or wire end off connection grid
    ; warning
    @(185.42 mm, 645.795 mm): Symbol #PWR51 Hidden pin 1 [GND, Power input, Line]
[lib_symbol_issues]: The current configuration does not include the symbol library 'elt'
    ; warning
    @(185.42 mm, 645.795 mm): Symbol #PWR51 [GND]
[lib_symbol_issues]: The current configuration does not include the symbol library 'elt'
    ; warning
    @(185.42 mm, 674.37 mm): Symbol #PWR57 [GND]
[endpoint_off_grid]: Symbol pin or wire end off connection grid
    ; warning
    @(185.42 mm, 946.785 mm): Vertical Wire, length 0.635 mm
[endpoint_off_grid]: Symbol pin or wire end off connection grid
    ; warning
    @(186.055 mm, 1379.855 mm): Horizontal Wire, length 30.48 mm
[endpoint_off_grid]: Symbol pin or wire end off connection grid
    ; warning
    @(186.055 mm, 1446.53 mm): Vertical Wire, length 66.675 mm
[endpoint_off_grid]: Symbol pin or wire end off connection grid
    ; warning
    @(186.055 mm, 1548.765 mm): Horizontal Wire, length 30.48 mm
[endpoint_off_grid]: Symbol pin or wire end off connection grid
    ; warning
    @(186.055 mm, 1615.44 mm): Vertical Wire, length 66.675 mm
[endpoint_off_grid]: Symbol pin or wire end off connection grid
    ; warning
    @(186.055 mm, 1717.675 mm): Horizontal Wire, length 30.48 mm
[endpoint_off_grid]: Symbol pin or wire end off connection grid
    ; warning
    @(186.055 mm, 1784.35 mm): Vertical Wire, length 66.675 mm
[endpoint_off_grid]: Symbol pin or wire end off connection grid
    ; warning
    @(186.055 mm, 1886.585 mm): Horizontal Wire, length 30.48 mm
[endpoint_off_grid]: Symbol pin or wire end off connection grid
    ; warning
    @(186.055 mm, 1952.625 mm): Vertical Wire, length 66.04 mm
[endpoint_off_grid]: Symbol pin or wire end off connection grid
    ; warning
    @(187.96 mm, 337.185 mm): Horizontal Wire, length 22.86 mm
[endpoint_off_grid]: Symbol pin or wire end off connection grid
    ; warning
    @(187.96 mm, 338.455 mm): Horizontal Wire, length 1.27 mm
[endpoint_off_grid]: Symbol pin or wire end off connection grid
    ; warning
    @(187.96 mm, 339.725 mm): Vertical Wire, length 2.54 mm
[footprint_link_issues]: The current configuration does not include the footprint library 'Resistor_SMD'
    ; warning
    @(187.96 mm, 343.535 mm): Symbol R_AGG_UV_MID [SYM_R_AGG_UV_MID]
[lib_symbol_issues]: The current configuration does not include the symbol library 'elt'
    ; warning
    @(187.96 mm, 343.535 mm): Symbol R_AGG_UV_MID [SYM_R_AGG_UV_MID]
[endpoint_off_grid]: Symbol pin or wire end off connection grid
    ; warning
    @(187.96 mm, 347.345 mm): Vertical Wire, length 1.27 mm
[endpoint_off_grid]: Symbol pin or wire end off connection grid
    ; warning
    @(187.96 mm, 347.345 mm): Symbol R_AGG_UV_MID Pin 1 [Passive, Line]
[endpoint_off_grid]: Symbol pin or wire end off connection grid
    ; warning
    @(187.96 mm, 348.615 mm): Horizontal Wire, length 5.715 mm
[endpoint_off_grid]: Symbol pin or wire end off connection grid
    ; warning
    @(188.595 mm, 1446.53 mm): Horizontal Wire, length 2.54 mm
[endpoint_off_grid]: Symbol pin or wire end off connection grid
    ; warning
    @(188.595 mm, 1615.44 mm): Horizontal Wire, length 2.54 mm
[endpoint_off_grid]: Symbol pin or wire end off connection grid
    ; warning
    @(188.595 mm, 1784.35 mm): Horizontal Wire, length 2.54 mm
[endpoint_off_grid]: Symbol pin or wire end off connection grid
    ; warning
    @(188.595 mm, 1952.625 mm): Horizontal Wire, length 2.54 mm
[endpoint_off_grid]: Symbol pin or wire end off connection grid
    ; warning
    @(190.50 mm, 996.315 mm): Horizontal Wire, length 2.54 mm
[endpoint_off_grid]: Symbol pin or wire end off connection grid
    ; warning
    @(191.135 mm, 170.815 mm): Horizontal Wire, length 2.54 mm
[endpoint_off_grid]: Symbol pin or wire end off connection grid
    ; warning
    @(193.04 mm, 996.315 mm): Symbol C_EXP_VDD Pin 1 [Passive, Line]
[endpoint_off_grid]: Symbol pin or wire end off connection grid
    ; warning
    @(193.675 mm, 170.815 mm): Vertical Wire, length 2.54 mm
[endpoint_off_grid]: Symbol pin or wire end off connection grid
    ; warning
    @(193.675 mm, 170.815 mm): Symbol C_PD_VDD Pin 1 [Passive, Line]
[endpoint_off_grid]: Symbol pin or wire end off connection grid
    ; warning
    @(193.675 mm, 926.465 mm): Symbol U_EXP Pin 1 [GPB0, Passive, Line]
[endpoint_off_grid]: Symbol pin or wire end off connection grid
    ; warning
    @(193.675 mm, 946.785 mm): Horizontal Wire, length 8.255 mm
[endpoint_off_grid]: Symbol pin or wire end off connection grid
    ; warning
    @(193.675 mm, 949.325 mm): Symbol #PWR84 Hidden pin 1 [GND, Power input, Line]
[lib_symbol_issues]: The current configuration does not include the symbol library 'elt'
    ; warning
    @(193.675 mm, 949.325 mm): Symbol #PWR84 [GND]
[endpoint_off_grid]: Symbol pin or wire end off connection grid
    ; warning
    @(193.675 mm, 1446.53 mm): Horizontal Wire, length 5.08 mm
[endpoint_off_grid]: Symbol pin or wire end off connection grid
    ; warning
    @(193.675 mm, 1446.53 mm): Symbol C_PORT1_BULK Pin 1 [Passive, Line]
[endpoint_off_grid]: Symbol pin or wire end off connection grid
    ; warning
    @(193.675 mm, 1615.44 mm): Horizontal Wire, length 5.08 mm
[endpoint_off_grid]: Symbol pin or wire end off connection grid
    ; warning
    @(193.675 mm, 1615.44 mm): Symbol C_PORT2_BULK Pin 1 [Passive, Line]
[endpoint_off_grid]: Symbol pin or wire end off connection grid
    ; warning
    @(193.675 mm, 1784.35 mm): Horizontal Wire, length 5.08 mm
[endpoint_off_grid]: Symbol pin or wire end off connection grid
    ; warning
    @(193.675 mm, 1784.35 mm): Symbol C_PORT3_BULK Pin 1 [Passive, Line]
[endpoint_off_grid]: Symbol pin or wire end off connection grid
    ; warning
    @(193.675 mm, 1952.625 mm): Symbol C_PORT4_BULK Pin 1 [Passive, Line]
[endpoint_off_grid]: Symbol pin or wire end off connection grid
    ; warning
    @(193.675 mm, 1952.625 mm): Horizontal Wire, length 5.08 mm
[endpoint_off_grid]: Symbol pin or wire end off connection grid
    ; warning
    @(194.31 mm, 756.285 mm): Symbol R_SWAP4 Pin 1 [Passive, Line]
[endpoint_off_grid]: Symbol pin or wire end off connection grid
    ; warning
    @(194.31 mm, 889.635 mm): Symbol R_DIS7P Pin 1 [Passive, Line]
[footprint_link_issues]: The current configuration does not include the footprint library 'Package_DFN_QFN'
    ; warning
    @(195.58 mm, 546.10 mm): Symbol U_HUB [SYM_U_HUB]
[lib_symbol_issues]: The current configuration does not include the symbol library 'elt'
    ; warning
    @(195.58 mm, 546.10 mm): Symbol U_HUB [SYM_U_HUB]
[footprint_link_issues]: The current configuration does not include the footprint library 'Capacitor_SMD'
    ; warning
    @(196.85 mm, 996.315 mm): Symbol C_EXP_VDD [SYM_C_EXP_VDD]
[lib_symbol_issues]: The current configuration does not include the symbol library 'elt'
    ; warning
    @(196.85 mm, 996.315 mm): Symbol C_EXP_VDD [SYM_C_EXP_VDD]
[footprint_link_issues]: The current configuration does not include the footprint library 'Capacitor_SMD'
    ; warning
    @(197.485 mm, 170.815 mm): Symbol C_PD_VDD [SYM_C_PD_VDD]
[lib_symbol_issues]: The current configuration does not include the symbol library 'elt'
    ; warning
    @(197.485 mm, 170.815 mm): Symbol C_PD_VDD [SYM_C_PD_VDD]
[footprint_link_issues]: The current configuration does not include the footprint library 'Capacitor_SMD'
    ; warning
    @(197.485 mm, 1446.53 mm): Symbol C_PORT1_BULK [SYM_C_PORT1_BULK]
[lib_symbol_issues]: The current configuration does not include the symbol library 'elt'
    ; warning
    @(197.485 mm, 1446.53 mm): Symbol C_PORT1_BULK [SYM_C_PORT1_BULK]
[footprint_link_issues]: The current configuration does not include the footprint library 'Capacitor_SMD'
    ; warning
    @(197.485 mm, 1615.44 mm): Symbol C_PORT2_BULK [SYM_C_PORT2_BULK]
[lib_symbol_issues]: The current configuration does not include the symbol library 'elt'
    ; warning
    @(197.485 mm, 1615.44 mm): Symbol C_PORT2_BULK [SYM_C_PORT2_BULK]
[footprint_link_issues]: The current configuration does not include the footprint library 'Capacitor_SMD'
    ; warning
    @(197.485 mm, 1784.35 mm): Symbol C_PORT3_BULK [SYM_C_PORT3_BULK]
[lib_symbol_issues]: The current configuration does not include the symbol library 'elt'
    ; warning
    @(197.485 mm, 1784.35 mm): Symbol C_PORT3_BULK [SYM_C_PORT3_BULK]
[footprint_link_issues]: The current configuration does not include the footprint library 'Capacitor_SMD'
    ; warning
    @(197.485 mm, 1952.625 mm): Symbol C_PORT4_BULK [SYM_C_PORT4_BULK]
[lib_symbol_issues]: The current configuration does not include the symbol library 'elt'
    ; warning
    @(197.485 mm, 1952.625 mm): Symbol C_PORT4_BULK [SYM_C_PORT4_BULK]
[footprint_link_issues]: The current configuration does not include the footprint library 'Resistor_SMD'
    ; warning
    @(198.12 mm, 756.285 mm): Symbol R_SWAP4 [SYM_R_SWAP4]
[lib_symbol_issues]: The current configuration does not include the symbol library 'elt'
    ; warning
    @(198.12 mm, 756.285 mm): Symbol R_SWAP4 [SYM_R_SWAP4]
[footprint_link_issues]: The current configuration does not include the footprint library 'Resistor_SMD'
    ; warning
    @(198.12 mm, 889.635 mm): Symbol R_DIS7P [SYM_R_DIS7P]
[lib_symbol_issues]: The current configuration does not include the symbol library 'elt'
    ; warning
    @(198.12 mm, 889.635 mm): Symbol R_DIS7P [SYM_R_DIS7P]
[footprint_link_issues]: The current configuration does not include the footprint library 'usb_controlled_debug_hub'
    ; warning
    @(198.755 mm, 391.16 mm): Symbol L_MAIN [SYM_L_MAIN]
[lib_symbol_issues]: The current configuration does not include the symbol library 'elt'
    ; warning
    @(198.755 mm, 391.16 mm): Symbol L_MAIN [SYM_L_MAIN]
[lib_symbol_issues]: The current configuration does not include the symbol library 'elt'
    ; warning
    @(199.39 mm, 74.93 mm): Symbol #PWR08 [GND]
[lib_symbol_issues]: The current configuration does not include the symbol library 'elt'
    ; warning
    @(199.39 mm, 80.01 mm): Symbol #PWR07 [GND]
[endpoint_off_grid]: Symbol pin or wire end off connection grid
    ; warning
    @(200.66 mm, 996.315 mm): Symbol #PWR88 Hidden pin 1 [GND, Power input, Line]
[lib_symbol_issues]: The current configuration does not include the symbol library 'elt'
    ; warning
    @(200.66 mm, 996.315 mm): Symbol #PWR88 [GND]
[endpoint_off_grid]: Symbol pin or wire end off connection grid
    ; warning
    @(201.295 mm, 170.815 mm): Symbol #PWR09 Hidden pin 1 [GND, Power input, Line]
[lib_symbol_issues]: The current configuration does not include the symbol library 'elt'
    ; warning
    @(201.295 mm, 170.815 mm): Symbol #PWR09 [GND]
[endpoint_off_grid]: Symbol pin or wire end off connection grid
    ; warning
    @(201.295 mm, 1446.53 mm): Symbol #PWR111 Hidden pin 1 [GND, Power input, Line]
[lib_symbol_issues]: The current configuration does not include the symbol library 'elt'
    ; warning
    @(201.295 mm, 1446.53 mm): Symbol #PWR111 [GND]
[endpoint_off_grid]: Symbol pin or wire end off connection grid
    ; warning
    @(201.295 mm, 1615.44 mm): Symbol #PWR126 Hidden pin 1 [GND, Power input, Line]
[lib_symbol_issues]: The current configuration does not include the symbol library 'elt'
    ; warning
    @(201.295 mm, 1615.44 mm): Symbol #PWR126 [GND]
[endpoint_off_grid]: Symbol pin or wire end off connection grid
    ; warning
    @(201.295 mm, 1784.35 mm): Symbol #PWR141 Hidden pin 1 [GND, Power input, Line]
[lib_symbol_issues]: The current configuration does not include the symbol library 'elt'
    ; warning
    @(201.295 mm, 1784.35 mm): Symbol #PWR141 [GND]
[endpoint_off_grid]: Symbol pin or wire end off connection grid
    ; warning
    @(201.295 mm, 1952.625 mm): Symbol #PWR156 Hidden pin 1 [GND, Power input, Line]
[lib_symbol_issues]: The current configuration does not include the symbol library 'elt'
    ; warning
    @(201.295 mm, 1952.625 mm): Symbol #PWR156 [GND]
[endpoint_off_grid]: Symbol pin or wire end off connection grid
    ; warning
    @(201.93 mm, 756.285 mm): Symbol #PWR68 Hidden pin 1 [GND, Power input, Line]
[lib_symbol_issues]: The current configuration does not include the symbol library 'elt'
    ; warning
    @(201.93 mm, 756.285 mm): Symbol #PWR68 [GND]
[endpoint_off_grid]: Symbol pin or wire end off connection grid
    ; warning
    @(203.20 mm, 711.835 mm): Symbol R_NONREM0 Pin 1 [Passive, Line]
[endpoint_off_grid]: Symbol pin or wire end off connection grid
    ; warning
    @(205.105 mm, 391.16 mm): Symbol L_MAIN Pin 2 [Passive, Line]
[endpoint_off_grid]: Symbol pin or wire end off connection grid
    ; warning
    @(205.105 mm, 391.16 mm): Horizontal Wire, length 16.51 mm
[endpoint_off_grid]: Symbol pin or wire end off connection grid
    ; warning
    @(205.105 mm, 645.795 mm): Horizontal Wire, length 2.54 mm
[endpoint_off_grid]: Symbol pin or wire end off connection grid
    ; warning
    @(205.105 mm, 653.415 mm): Vertical Wire, length 7.62 mm
[footprint_link_issues]: The current configuration does not include the footprint library 'Resistor_SMD'
    ; warning
    @(207.01 mm, 711.835 mm): Symbol R_NONREM0 [SYM_R_NONREM0]
[lib_symbol_issues]: The current configuration does not include the symbol library 'elt'
    ; warning
    @(207.01 mm, 711.835 mm): Symbol R_NONREM0 [SYM_R_NONREM0]
[endpoint_off_grid]: Symbol pin or wire end off connection grid
    ; warning
    @(207.645 mm, 645.795 mm): Horizontal Wire, length 1.905 mm
[endpoint_off_grid]: Symbol pin or wire end off connection grid
    ; warning
    @(209.55 mm, 645.795 mm): Symbol C_HUB_A4 Pin 1 [Passive, Line]
[footprint_link_issues]: The current configuration does not include the footprint library 'Package_SO'
    ; warning
    @(210.185 mm, 942.975 mm): Symbol U_EXP [SYM_U_EXP]
[lib_symbol_issues]: The current configuration does not include the symbol library 'elt'
    ; warning
    @(210.185 mm, 942.975 mm): Symbol U_EXP [SYM_U_EXP]
[endpoint_off_grid]: Symbol pin or wire end off connection grid
    ; warning
    @(210.82 mm, 337.185 mm): Vertical Wire, length 12.70 mm
[endpoint_off_grid]: Symbol pin or wire end off connection grid
    ; warning
    @(210.82 mm, 349.885 mm): Horizontal Wire, length 14.605 mm
[footprint_link_issues]: The current configuration does not include the footprint library 'Capacitor_SMD'
    ; warning
    @(213.36 mm, 645.795 mm): Symbol C_HUB_A4 [SYM_C_HUB_A4]
[lib_symbol_issues]: The current configuration does not include the symbol library 'elt'
    ; warning
    @(213.36 mm, 645.795 mm): Symbol C_HUB_A4 [SYM_C_HUB_A4]
[footprint_link_issues]: The current configuration does not include the footprint library 'Capacitor_SMD'
    ; warning
    @(213.36 mm, 674.37 mm): Symbol C_HUB_18 [SYM_C_HUB_18]
[lib_symbol_issues]: The current configuration does not include the symbol library 'elt'
    ; warning
    @(213.36 mm, 674.37 mm): Symbol C_HUB_18 [SYM_C_HUB_18]
[endpoint_off_grid]: Symbol pin or wire end off connection grid
    ; warning
    @(216.535 mm, 1009.65 mm): Vertical Wire, length 7.62 mm
[endpoint_off_grid]: Symbol pin or wire end off connection grid
    ; warning
    @(216.535 mm, 1379.855 mm): Symbol J_PORT1 Pin 1 [VBUS, Passive, Line]
[endpoint_off_grid]: Symbol pin or wire end off connection grid
    ; warning
    @(216.535 mm, 1548.765 mm): Symbol J_PORT2 Pin 1 [VBUS, Passive, Line]
[endpoint_off_grid]: Symbol pin or wire end off connection grid
    ; warning
    @(216.535 mm, 1717.675 mm): Symbol J_PORT3 Pin 1 [VBUS, Passive, Line]
[endpoint_off_grid]: Symbol pin or wire end off connection grid
    ; warning
    @(216.535 mm, 1886.585 mm): Symbol J_PORT4 Pin 1 [VBUS, Passive, Line]
[endpoint_off_grid]: Symbol pin or wire end off connection grid
    ; warning
    @(217.17 mm, 645.795 mm): Symbol #PWR52 Hidden pin 1 [GND, Power input, Line]
[lib_symbol_issues]: The current configuration does not include the symbol library 'elt'
    ; warning
    @(217.17 mm, 645.795 mm): Symbol #PWR52 [GND]
[lib_symbol_issues]: The current configuration does not include the symbol library 'elt'
    ; warning
    @(217.17 mm, 674.37 mm): Symbol #PWR58 [GND]
[endpoint_off_grid]: Symbol pin or wire end off connection grid
    ; warning
    @(221.615 mm, 391.16 mm): Vertical Wire, length 32.385 mm
[endpoint_off_grid]: Symbol pin or wire end off connection grid
    ; warning
    @(221.615 mm, 423.545 mm): Horizontal Wire, length 16.51 mm
[endpoint_off_grid]: Symbol pin or wire end off connection grid
    ; warning
    @(221.615 mm, 653.415 mm): Horizontal Wire, length 16.51 mm
[endpoint_off_grid]: Symbol pin or wire end off connection grid
    ; warning
    @(222.885 mm, 653.415 mm): Horizontal Wire, length 1.27 mm
[endpoint_off_grid]: Symbol pin or wire end off connection grid
    ; warning
    @(228.60 mm, 1009.65 mm): Horizontal Wire, length 4.445 mm
[endpoint_off_grid]: Symbol pin or wire end off connection grid
    ; warning
    @(224.155 mm, 1009.65 mm): Horizontal Wire, length 7.62 mm
[endpoint_off_grid]: Symbol pin or wire end off connection grid
    ; warning
    @(225.425 mm, 339.725 mm): Symbol #PWR24 Hidden pin 1 [GND, Power input, Line]
[lib_symbol_issues]: The current configuration does not include the symbol library 'elt'
    ; warning
    @(225.425 mm, 339.725 mm): Symbol #PWR24 [GND]
[footprint_link_issues]: The current configuration does not include the footprint library 'Resistor_SMD'
    ; warning
    @(225.425 mm, 343.535 mm): Symbol R_AGG_OV_BOT [SYM_R_AGG_OV_BOT]
[lib_symbol_issues]: The current configuration does not include the symbol library 'elt'
    ; warning
    @(225.425 mm, 343.535 mm): Symbol R_AGG_OV_BOT [SYM_R_AGG_OV_BOT]
[endpoint_off_grid]: Symbol pin or wire end off connection grid
    ; warning
    @(225.425 mm, 347.345 mm): Symbol R_AGG_OV_BOT Pin 1 [Passive, Line]
[endpoint_off_grid]: Symbol pin or wire end off connection grid
    ; warning
    @(225.425 mm, 349.885 mm): Vertical Wire, length 2.54 mm
[lib_symbol_issues]: The current configuration does not include the symbol library 'elt'
    ; warning
    @(226.06 mm, 506.73 mm): Symbol #PWR43 [GND]
[endpoint_off_grid]: Symbol pin or wire end off connection grid
    ; warning
    @(226.695 mm, 954.405 mm): Symbol #PWR87 Hidden pin 1 [GND, Power input, Line]
[lib_symbol_issues]: The current configuration does not include the symbol library 'elt'
    ; warning
    @(226.695 mm, 954.405 mm): Symbol #PWR87 [GND]
[endpoint_off_grid]: Symbol pin or wire end off connection grid
    ; warning
    @(226.695 mm, 956.945 mm): Symbol #PWR86 Hidden pin 1 [GND, Power input, Line]
[lib_symbol_issues]: The current configuration does not include the symbol library 'elt'
    ; warning
    @(226.695 mm, 956.945 mm): Symbol #PWR86 [GND]
[endpoint_off_grid]: Symbol pin or wire end off connection grid
    ; warning
    @(226.695 mm, 959.485 mm): Symbol #PWR85 Hidden pin 1 [GND, Power input, Line]
[lib_symbol_issues]: The current configuration does not include the symbol library 'elt'
    ; warning
    @(226.695 mm, 959.485 mm): Symbol #PWR85 [GND]
[endpoint_off_grid]: Symbol pin or wire end off connection grid
    ; warning
    @(228.60 mm, 1076.325 mm): Symbol R_PWR_CMD4 Pin 1 [Passive, Line]
[endpoint_off_grid]: Symbol pin or wire end off connection grid
    ; warning
    @(228.60 mm, 1111.885 mm): Symbol R_DATA_CMD4 Pin 1 [Passive, Line]
[endpoint_off_grid]: Symbol pin or wire end off connection grid
    ; warning
    @(229.235 mm, 511.81 mm): Horizontal Wire, length 0.635 mm
[endpoint_off_grid]: Symbol pin or wire end off connection grid
    ; warning
    @(228.60 mm, 511.81 mm): Horizontal Wire, length 0.635 mm
[endpoint_off_grid]: Symbol pin or wire end off connection grid
    ; warning
    @(229.87 mm, 135.89 mm): Vertical Wire, length 34.925 mm
[endpoint_off_grid]: Symbol pin or wire end off connection grid
    ; warning
    @(229.87 mm, 170.815 mm): Horizontal Wire, length 2.54 mm
[endpoint_off_grid]: Symbol pin or wire end off connection grid
    ; warning
    @(232.41 mm, 170.815 mm): Horizontal Wire, length 3.175 mm
[footprint_link_issues]: The current configuration does not include the footprint library 'Resistor_SMD'
    ; warning
    @(232.41 mm, 1009.65 mm): Symbol R_EXP_RESET [SYM_R_EXP_RESET]
[lib_symbol_issues]: The current configuration does not include the symbol library 'elt'
    ; warning
    @(232.41 mm, 1009.65 mm): Symbol R_EXP_RESET [SYM_R_EXP_RESET]
[footprint_link_issues]: The current configuration does not include the footprint library 'Resistor_SMD'
    ; warning
    @(232.41 mm, 1076.325 mm): Symbol R_PWR_CMD4 [SYM_R_PWR_CMD4]
[lib_symbol_issues]: The current configuration does not include the symbol library 'elt'
    ; warning
    @(232.41 mm, 1076.325 mm): Symbol R_PWR_CMD4 [SYM_R_PWR_CMD4]
[footprint_link_issues]: The current configuration does not include the footprint library 'Resistor_SMD'
    ; warning
    @(232.41 mm, 1111.885 mm): Symbol R_DATA_CMD4 [SYM_R_DATA_CMD4]
[lib_symbol_issues]: The current configuration does not include the symbol library 'elt'
    ; warning
    @(232.41 mm, 1111.885 mm): Symbol R_DATA_CMD4 [SYM_R_DATA_CMD4]
[endpoint_off_grid]: Symbol pin or wire end off connection grid
    ; warning
    @(233.045 mm, 503.555 mm): Horizontal Wire, length 1.905 mm
[endpoint_off_grid]: Symbol pin or wire end off connection grid
    ; warning
    @(229.87 mm, 509.27 mm): Horizontal Wire, length 3.175 mm
[endpoint_off_grid]: Symbol pin or wire end off connection grid
    ; warning
    @(233.045 mm, 509.27 mm): Vertical Wire, length 5.715 mm
[footprint_link_issues]: The current configuration does not include the footprint library 'usb_controlled_debug_hub'
    ; warning
    @(233.045 mm, 1382.395 mm): Symbol J_PORT1 [SYM_J_PORT1]
[lib_symbol_issues]: The current configuration does not include the symbol library 'elt'
    ; warning
    @(233.045 mm, 1382.395 mm): Symbol J_PORT1 [SYM_J_PORT1]
[footprint_link_issues]: The current configuration does not include the footprint library 'usb_controlled_debug_hub'
    ; warning
    @(233.045 mm, 1551.305 mm): Symbol J_PORT2 [SYM_J_PORT2]
[lib_symbol_issues]: The current configuration does not include the symbol library 'elt'
    ; warning
    @(233.045 mm, 1551.305 mm): Symbol J_PORT2 [SYM_J_PORT2]
[footprint_link_issues]: The current configuration does not include the footprint library 'usb_controlled_debug_hub'
    ; warning
    @(233.045 mm, 1720.215 mm): Symbol J_PORT3 [SYM_J_PORT3]
[lib_symbol_issues]: The current configuration does not include the symbol library 'elt'
    ; warning
    @(233.045 mm, 1720.215 mm): Symbol J_PORT3 [SYM_J_PORT3]
[footprint_link_issues]: The current configuration does not include the footprint library 'usb_controlled_debug_hub'
    ; warning
    @(233.045 mm, 1889.125 mm): Symbol J_PORT4 [SYM_J_PORT4]
[lib_symbol_issues]: The current configuration does not include the symbol library 'elt'
    ; warning
    @(233.045 mm, 1889.125 mm): Symbol J_PORT4 [SYM_J_PORT4]
[endpoint_off_grid]: Symbol pin or wire end off connection grid
    ; warning
    @(233.68 mm, 645.795 mm): Vertical Wire, length 7.62 mm
[endpoint_off_grid]: Symbol pin or wire end off connection grid
    ; warning
    @(233.68 mm, 653.415 mm): Horizontal Wire, length 10.795 mm
[endpoint_off_grid]: Symbol pin or wire end off connection grid
    ; warning
    @(234.95 mm, 503.555 mm): Symbol R_RBIAS Pin 1 [Passive, Line]
[endpoint_off_grid]: Symbol pin or wire end off connection grid
    ; warning
    @(235.585 mm, 170.815 mm): Symbol R_PD_VBUS Pin 1 [Passive, Line]
[endpoint_off_grid]: Symbol pin or wire end off connection grid
    ; warning
    @(236.22 mm, 645.795 mm): Horizontal Wire, length 2.54 mm
[endpoint_off_grid]: Symbol pin or wire end off connection grid
    ; warning
    @(236.22 mm, 1076.325 mm): Symbol #PWR92 Hidden pin 1 [GND, Power input, Line]
[lib_symbol_issues]: The current configuration does not include the symbol library 'elt'
    ; warning
    @(236.22 mm, 1076.325 mm): Symbol #PWR92 [GND]
[endpoint_off_grid]: Symbol pin or wire end off connection grid
    ; warning
    @(236.22 mm, 1111.885 mm): Symbol #PWR96 Hidden pin 1 [GND, Power input, Line]
[lib_symbol_issues]: The current configuration does not include the symbol library 'elt'
    ; warning
    @(236.22 mm, 1111.885 mm): Symbol #PWR96 [GND]
[endpoint_off_grid]: Symbol pin or wire end off connection grid
    ; warning
    @(238.125 mm, 380.365 mm): Horizontal Wire, length 4.445 mm
[endpoint_off_grid]: Symbol pin or wire end off connection grid
    ; warning
    @(238.125 mm, 423.545 mm): Horizontal Wire, length 4.445 mm
[footprint_link_issues]: The current configuration does not include the footprint library 'Resistor_SMD'
    ; warning
    @(238.76 mm, 503.555 mm): Symbol R_RBIAS [SYM_R_RBIAS]
[lib_symbol_issues]: The current configuration does not include the symbol library 'elt'
    ; warning
    @(238.76 mm, 503.555 mm): Symbol R_RBIAS [SYM_R_RBIAS]
[endpoint_off_grid]: Symbol pin or wire end off connection grid
    ; warning
    @(238.76 mm, 573.405 mm): Vertical Wire, length 5.08 mm
[endpoint_off_grid]: Symbol pin or wire end off connection grid
    ; warning
    @(238.76 mm, 578.485 mm): Horizontal Wire, length 3.81 mm
[footprint_link_issues]: The current configuration does not include the footprint library 'Resistor_SMD'
    ; warning
    @(239.395 mm, 170.815 mm): Symbol R_PD_VBUS [SYM_R_PD_VBUS]
[lib_symbol_issues]: The current configuration does not include the symbol library 'elt'
    ; warning
    @(239.395 mm, 170.815 mm): Symbol R_PD_VBUS [SYM_R_PD_VBUS]
[endpoint_off_grid]: Symbol pin or wire end off connection grid
    ; warning
    @(241.935 mm, 621.03 mm): Symbol C_XTAL1 Pin 1 [Passive, Line]
[endpoint_off_grid]: Symbol pin or wire end off connection grid
    ; warning
    @(241.935 mm, 645.795 mm): Symbol C_HUB_A_BULK Pin 1 [Passive, Line]
[endpoint_off_grid]: Symbol pin or wire end off connection grid
    ; warning
    @(241.935 mm, 645.795 mm): Horizontal Wire, length 5.715 mm
[endpoint_off_grid]: Symbol pin or wire end off connection grid
    ; warning
    @(241.935 mm, 674.37 mm): Symbol C_HUB_18PLL Pin 1 [Passive, Line]
[endpoint_off_grid]: Symbol pin or wire end off connection grid
    ; warning
    @(242.57 mm, 380.365 mm): Symbol C_BUCK_OUT1 Pin 1 [Passive, Line]
[endpoint_off_grid]: Symbol pin or wire end off connection grid
    ; warning
    @(242.57 mm, 423.545 mm): Symbol C_BUCK_OUT2 Pin 1 [Passive, Line]
[endpoint_off_grid]: Symbol pin or wire end off connection grid
    ; warning
    @(242.57 mm, 503.555 mm): Symbol #PWR46 Hidden pin 1 [GND, Power input, Line]
[lib_symbol_issues]: The current configuration does not include the symbol library 'elt'
    ; warning
    @(242.57 mm, 503.555 mm): Symbol #PWR46 [GND]
[endpoint_off_grid]: Symbol pin or wire end off connection grid
    ; warning
    @(242.57 mm, 578.485 mm): Vertical Wire, length 1.905 mm
[endpoint_off_grid]: Symbol pin or wire end off connection grid
    ; warning
    @(242.57 mm, 588.01 mm): Vertical Wire, length 8.255 mm
[endpoint_off_grid]: Symbol pin or wire end off connection grid
    ; warning
    @(242.57 mm, 596.265 mm): Horizontal Wire, length 12.70 mm
[endpoint_off_grid]: Symbol pin or wire end off connection grid
    ; warning
    @(226.06 mm, 527.05 mm): Horizontal Wire, length 18.415 mm
[endpoint_off_grid]: Symbol pin or wire end off connection grid
    ; warning
    @(244.475 mm, 527.05 mm): Vertical Wire, length 12.70 mm
[endpoint_off_grid]: Symbol pin or wire end off connection grid
    ; warning
    @(226.06 mm, 539.75 mm): Horizontal Wire, length 18.415 mm
[endpoint_off_grid]: Symbol pin or wire end off connection grid
    ; warning
    @(244.475 mm, 539.75 mm): Horizontal Wire, length 18.415 mm
[endpoint_off_grid]: Symbol pin or wire end off connection grid
    ; warning
    @(244.475 mm, 539.75 mm): Vertical Wire, length 15.24 mm
[endpoint_off_grid]: Symbol pin or wire end off connection grid
    ; warning
    @(244.475 mm, 554.99 mm): Horizontal Wire, length 18.415 mm
[endpoint_off_grid]: Symbol pin or wire end off connection grid
    ; warning
    @(242.57 mm, 580.39 mm): Horizontal Wire, length 1.905 mm
[endpoint_off_grid]: Symbol pin or wire end off connection grid
    ; warning
    @(244.475 mm, 580.39 mm): Vertical Wire, length 7.62 mm
[endpoint_off_grid]: Symbol pin or wire end off connection grid
    ; warning
    @(244.475 mm, 588.01 mm): Horizontal Wire, length 1.905 mm
[endpoint_off_grid]: Symbol pin or wire end off connection grid
    ; warning
    @(245.11 mm, 573.405 mm): Symbol Y_HUB Pin 1 [X1, Passive, Line]
[endpoint_off_grid]: Symbol pin or wire end off connection grid
    ; warning
    @(245.11 mm, 573.405 mm): Horizontal Wire, length 6.35 mm
[endpoint_off_grid]: Symbol pin or wire end off connection grid
    ; warning
    @(245.11 mm, 575.945 mm): Symbol #PWR44 Hidden pin 1 [GND, Power input, Line]
[lib_symbol_issues]: The current configuration does not include the symbol library 'elt'
    ; warning
    @(245.11 mm, 575.945 mm): Symbol #PWR44 [GND]
[footprint_link_issues]: The current configuration does not include the footprint library 'Capacitor_SMD'
    ; warning
    @(245.745 mm, 621.03 mm): Symbol C_XTAL1 [SYM_C_XTAL1]
[lib_symbol_issues]: The current configuration does not include the symbol library 'elt'
    ; warning
    @(245.745 mm, 621.03 mm): Symbol C_XTAL1 [SYM_C_XTAL1]
[footprint_link_issues]: The current configuration does not include the footprint library 'Capacitor_SMD'
    ; warning
    @(245.745 mm, 645.795 mm): Symbol C_HUB_A_BULK [SYM_C_HUB_A_BULK]
[lib_symbol_issues]: The current configuration does not include the symbol library 'elt'
    ; warning
    @(245.745 mm, 645.795 mm): Symbol C_HUB_A_BULK [SYM_C_HUB_A_BULK]
[footprint_link_issues]: The current configuration does not include the footprint library 'Capacitor_SMD'
    ; warning
    @(245.745 mm, 674.37 mm): Symbol C_HUB_18PLL [SYM_C_HUB_18PLL]
[lib_symbol_issues]: The current configuration does not include the symbol library 'elt'
    ; warning
    @(245.745 mm, 674.37 mm): Symbol C_HUB_18PLL [SYM_C_HUB_18PLL]
[footprint_link_issues]: The current configuration does not include the footprint library 'Capacitor_SMD'
    ; warning
    @(246.38 mm, 380.365 mm): Symbol C_BUCK_OUT1 [SYM_C_BUCK_OUT1]
[lib_symbol_issues]: The current configuration does not include the symbol library 'elt'
    ; warning
    @(246.38 mm, 380.365 mm): Symbol C_BUCK_OUT1 [SYM_C_BUCK_OUT1]
[footprint_link_issues]: The current configuration does not include the footprint library 'Capacitor_SMD'
    ; warning
    @(246.38 mm, 423.545 mm): Symbol C_BUCK_OUT2 [SYM_C_BUCK_OUT2]
[lib_symbol_issues]: The current configuration does not include the symbol library 'elt'
    ; warning
    @(246.38 mm, 423.545 mm): Symbol C_BUCK_OUT2 [SYM_C_BUCK_OUT2]
[endpoint_off_grid]: Symbol pin or wire end off connection grid
    ; warning
    @(249.555 mm, 621.03 mm): Symbol #PWR47 Hidden pin 1 [GND, Power input, Line]
[lib_symbol_issues]: The current configuration does not include the symbol library 'elt'
    ; warning
    @(249.555 mm, 621.03 mm): Symbol #PWR47 [GND]
[endpoint_off_grid]: Symbol pin or wire end off connection grid
    ; warning
    @(249.555 mm, 645.795 mm): Symbol #PWR53 Hidden pin 1 [GND, Power input, Line]
[lib_symbol_issues]: The current configuration does not include the symbol library 'elt'
    ; warning
    @(249.555 mm, 645.795 mm): Symbol #PWR53 [GND]
[endpoint_off_grid]: Symbol pin or wire end off connection grid
    ; warning
    @(249.555 mm, 674.37 mm): Symbol #PWR59 Hidden pin 1 [GND, Power input, Line]
[lib_symbol_issues]: The current configuration does not include the symbol library 'elt'
    ; warning
    @(249.555 mm, 674.37 mm): Symbol #PWR59 [GND]
[endpoint_off_grid]: Symbol pin or wire end off connection grid
    ; warning
    @(249.555 mm, 1381.125 mm): Symbol #PWR115 Hidden pin 1 [GND, Power input, Line]
[lib_symbol_issues]: The current configuration does not include the symbol library 'elt'
    ; warning
    @(249.555 mm, 1381.125 mm): Symbol #PWR115 [GND]
[endpoint_off_grid]: Symbol pin or wire end off connection grid
    ; warning
    @(249.555 mm, 1383.665 mm): Symbol #PWR114 Hidden pin 1 [GND, Power input, Line]
[lib_symbol_issues]: The current configuration does not include the symbol library 'elt'
    ; warning
    @(249.555 mm, 1383.665 mm): Symbol #PWR114 [GND]
[endpoint_off_grid]: Symbol pin or wire end off connection grid
    ; warning
    @(249.555 mm, 1550.035 mm): Symbol #PWR130 Hidden pin 1 [GND, Power input, Line]
[lib_symbol_issues]: The current configuration does not include the symbol library 'elt'
    ; warning
    @(249.555 mm, 1550.035 mm): Symbol #PWR130 [GND]
[endpoint_off_grid]: Symbol pin or wire end off connection grid
    ; warning
    @(249.555 mm, 1552.575 mm): Symbol #PWR129 Hidden pin 1 [GND, Power input, Line]
[lib_symbol_issues]: The current configuration does not include the symbol library 'elt'
    ; warning
    @(249.555 mm, 1552.575 mm): Symbol #PWR129 [GND]
[endpoint_off_grid]: Symbol pin or wire end off connection grid
    ; warning
    @(249.555 mm, 1718.945 mm): Symbol #PWR145 Hidden pin 1 [GND, Power input, Line]
[lib_symbol_issues]: The current configuration does not include the symbol library 'elt'
    ; warning
    @(249.555 mm, 1718.945 mm): Symbol #PWR145 [GND]
[endpoint_off_grid]: Symbol pin or wire end off connection grid
    ; warning
    @(249.555 mm, 1721.485 mm): Symbol #PWR144 Hidden pin 1 [GND, Power input, Line]
[lib_symbol_issues]: The current configuration does not include the symbol library 'elt'
    ; warning
    @(249.555 mm, 1721.485 mm): Symbol #PWR144 [GND]
[endpoint_off_grid]: Symbol pin or wire end off connection grid
    ; warning
    @(249.555 mm, 1887.855 mm): Symbol #PWR160 Hidden pin 1 [GND, Power input, Line]
[lib_symbol_issues]: The current configuration does not include the symbol library 'elt'
    ; warning
    @(249.555 mm, 1887.855 mm): Symbol #PWR160 [GND]
[endpoint_off_grid]: Symbol pin or wire end off connection grid
    ; warning
    @(249.555 mm, 1890.395 mm): Symbol #PWR159 Hidden pin 1 [GND, Power input, Line]
[lib_symbol_issues]: The current configuration does not include the symbol library 'elt'
    ; warning
    @(249.555 mm, 1890.395 mm): Symbol #PWR159 [GND]
[endpoint_off_grid]: Symbol pin or wire end off connection grid
    ; warning
    @(250.19 mm, 380.365 mm): Symbol #PWR33 Hidden pin 1 [GND, Power input, Line]
[lib_symbol_issues]: The current configuration does not include the symbol library 'elt'
    ; warning
    @(250.19 mm, 380.365 mm): Symbol #PWR33 [GND]
[endpoint_off_grid]: Symbol pin or wire end off connection grid
    ; warning
    @(250.19 mm, 423.545 mm): Symbol #PWR34 Hidden pin 1 [GND, Power input, Line]
[lib_symbol_issues]: The current configuration does not include the symbol library 'elt'
    ; warning
    @(250.19 mm, 423.545 mm): Symbol #PWR34 [GND]
[endpoint_off_grid]: Symbol pin or wire end off connection grid
    ; warning
    @(253.365 mm, 300.355 mm): Symbol R_AGG_ILIM Pin 1 [Passive, Line]
[endpoint_off_grid]: Symbol pin or wire end off connection grid
    ; warning
    @(253.365 mm, 332.74 mm): Symbol C_AGG_TIMER Pin 1 [Passive, Line]
[endpoint_off_grid]: Symbol pin or wire end off connection grid
    ; warning
    @(255.27 mm, 31.115 mm): Vertical Wire, length 5.715 mm
[endpoint_off_grid]: Symbol pin or wire end off connection grid
    ; warning
    @(255.27 mm, 596.265 mm): Horizontal Wire, length 0.635 mm
[endpoint_off_grid]: Symbol pin or wire end off connection grid
    ; warning
    @(255.905 mm, 596.265 mm): Symbol R_XTAL Pin 1 [Passive, Line]
[footprint_link_issues]: The current configuration does not include the footprint library 'Resistor_SMD'
    ; warning
    @(257.175 mm, 300.355 mm): Symbol R_AGG_ILIM [SYM_R_AGG_ILIM]
[lib_symbol_issues]: The current configuration does not include the symbol library 'elt'
    ; warning
    @(257.175 mm, 300.355 mm): Symbol R_AGG_ILIM [SYM_R_AGG_ILIM]
[footprint_link_issues]: The current configuration does not include the footprint library 'Capacitor_SMD'
    ; warning
    @(257.175 mm, 332.74 mm): Symbol C_AGG_TIMER [SYM_C_AGG_TIMER]
[lib_symbol_issues]: The current configuration does not include the symbol library 'elt'
    ; warning
    @(257.175 mm, 332.74 mm): Symbol C_AGG_TIMER [SYM_C_AGG_TIMER]
[footprint_link_issues]: The current configuration does not include the footprint library 'Crystal'
    ; warning
    @(259.715 mm, 574.675 mm): Symbol Y_HUB [SYM_Y_HUB]
[lib_symbol_issues]: The current configuration does not include the symbol library 'elt'
    ; warning
    @(259.715 mm, 574.675 mm): Symbol Y_HUB [SYM_Y_HUB]
[footprint_link_issues]: The current configuration does not include the footprint library 'Resistor_SMD'
    ; warning
    @(259.715 mm, 596.265 mm): Symbol R_XTAL [SYM_R_XTAL]
[lib_symbol_issues]: The current configuration does not include the symbol library 'elt'
    ; warning
    @(259.715 mm, 596.265 mm): Symbol R_XTAL [SYM_R_XTAL]
[endpoint_off_grid]: Symbol pin or wire end off connection grid
    ; warning
    @(260.985 mm, 31.115 mm): Horizontal Wire, length 5.715 mm
[endpoint_off_grid]: Symbol pin or wire end off connection grid
    ; warning
    @(260.985 mm, 300.355 mm): Symbol #PWR25 Hidden pin 1 [GND, Power input, Line]
[lib_symbol_issues]: The current configuration does not include the symbol library 'elt'
    ; warning
    @(260.985 mm, 300.355 mm): Symbol #PWR25 [GND]
[endpoint_off_grid]: Symbol pin or wire end off connection grid
    ; warning
    @(260.985 mm, 332.74 mm): Symbol #PWR26 Hidden pin 1 [GND, Power input, Line]
[lib_symbol_issues]: The current configuration does not include the symbol library 'elt'
    ; warning
    @(260.985 mm, 332.74 mm): Symbol #PWR26 [GND]
[endpoint_off_grid]: Symbol pin or wire end off connection grid
    ; warning
    @(263.525 mm, 31.115 mm): Symbol C_PD_IN1 Pin 1 [Passive, Line]
[endpoint_off_grid]: Symbol pin or wire end off connection grid
    ; warning
    @(263.525 mm, 31.115 mm): Horizontal Wire, length 2.54 mm
[endpoint_off_grid]: Symbol pin or wire end off connection grid
    ; warning
    @(263.525 mm, 173.355 mm): Horizontal Wire, length 27.94 mm
[endpoint_off_grid]: Symbol pin or wire end off connection grid
    ; warning
    @(263.525 mm, 177.80 mm): Vertical Wire, length 4.445 mm
[endpoint_off_grid]: Symbol pin or wire end off connection grid
    ; warning
    @(263.525 mm, 596.265 mm): Horizontal Wire, length 0.635 mm
[endpoint_off_grid]: Symbol pin or wire end off connection grid
    ; warning
    @(264.16 mm, 596.265 mm): Horizontal Wire, length 0.635 mm
[endpoint_off_grid]: Symbol pin or wire end off connection grid
    ; warning
    @(264.16 mm, 596.265 mm): Horizontal Wire, length 12.70 mm
[endpoint_off_grid]: Symbol pin or wire end off connection grid
    ; warning
    @(266.065 mm, 177.80 mm): Horizontal Wire, length 2.54 mm
[endpoint_off_grid]: Symbol pin or wire end off connection grid
    ; warning
    @(270.51 mm, 177.80 mm): Horizontal Wire, length 4.445 mm
[endpoint_off_grid]: Symbol pin or wire end off connection grid
    ; warning
    @(266.70 mm, 596.265 mm): Horizontal Wire, length 2.54 mm
[endpoint_off_grid]: Symbol pin or wire end off connection grid
    ; warning
    @(266.70 mm, 621.03 mm): Vertical Wire, length 24.765 mm
[footprint_link_issues]: The current configuration does not include the footprint library 'Capacitor_SMD'
    ; warning
    @(267.335 mm, 31.115 mm): Symbol C_PD_IN1 [SYM_C_PD_IN1]
[lib_symbol_issues]: The current configuration does not include the symbol library 'elt'
    ; warning
    @(267.335 mm, 31.115 mm): Symbol C_PD_IN1 [SYM_C_PD_IN1]
[endpoint_off_grid]: Symbol pin or wire end off connection grid
    ; warning
    @(270.51 mm, 621.03 mm): Horizontal Wire, length 1.905 mm
[endpoint_off_grid]: Symbol pin or wire end off connection grid
    ; warning
    @(268.605 mm, 621.03 mm): Horizontal Wire, length 1.905 mm
[endpoint_off_grid]: Symbol pin or wire end off connection grid
    ; warning
    @(271.145 mm, 31.115 mm): Symbol #PWR14 Hidden pin 1 [GND, Power input, Line]
[lib_symbol_issues]: The current configuration does not include the symbol library 'elt'
    ; warning
    @(271.145 mm, 31.115 mm): Symbol #PWR14 [GND]
[endpoint_off_grid]: Symbol pin or wire end off connection grid
    ; warning
    @(273.685 mm, 645.795 mm): Symbol C_HUB_CR_HF Pin 1 [Passive, Line]
[footprint_link_issues]: The current configuration does not include the footprint library 'Resistor_SMD'
    ; warning
    @(274.32 mm, 177.80 mm): Symbol R_PD_UV_TOP [SYM_R_PD_UV_TOP]
[lib_symbol_issues]: The current configuration does not include the symbol library 'elt'
    ; warning
    @(274.32 mm, 177.80 mm): Symbol R_PD_UV_TOP [SYM_R_PD_UV_TOP]
[endpoint_off_grid]: Symbol pin or wire end off connection grid
    ; warning
    @(274.32 mm, 573.405 mm): Symbol #PWR45 Hidden pin 1 [GND, Power input, Line]
[lib_symbol_issues]: The current configuration does not include the symbol library 'elt'
    ; warning
    @(274.32 mm, 573.405 mm): Symbol #PWR45 [GND]
[footprint_link_issues]: The current configuration does not include the footprint library 'Capacitor_SMD'
    ; warning
    @(274.32 mm, 621.03 mm): Symbol C_XTAL2 [SYM_C_XTAL2]
[lib_symbol_issues]: The current configuration does not include the symbol library 'elt'
    ; warning
    @(274.32 mm, 621.03 mm): Symbol C_XTAL2 [SYM_C_XTAL2]
[endpoint_off_grid]: Symbol pin or wire end off connection grid
    ; warning
    @(276.86 mm, 575.945 mm): Horizontal Wire, length 2.54 mm
[endpoint_off_grid]: Symbol pin or wire end off connection grid
    ; warning
    @(276.86 mm, 596.265 mm): Vertical Wire, length 20.32 mm
[footprint_link_issues]: The current configuration does not include the footprint library 'Capacitor_SMD'
    ; warning
    @(277.495 mm, 645.795 mm): Symbol C_HUB_CR_HF [SYM_C_HUB_CR_HF]
[lib_symbol_issues]: The current configuration does not include the symbol library 'elt'
    ; warning
    @(277.495 mm, 645.795 mm): Symbol C_HUB_CR_HF [SYM_C_HUB_CR_HF]
[lib_symbol_issues]: The current configuration does not include the symbol library 'elt'
    ; warning
    @(278.13 mm, 621.03 mm): Symbol #PWR48 [GND]
[endpoint_off_grid]: Symbol pin or wire end off connection grid
    ; warning
    @(281.305 mm, 645.795 mm): Symbol #PWR54 Hidden pin 1 [GND, Power input, Line]
[lib_symbol_issues]: The current configuration does not include the symbol library 'elt'
    ; warning
    @(281.305 mm, 645.795 mm): Symbol #PWR54 [GND]
[lib_symbol_issues]: The current configuration does not include the symbol library 'elt'
    ; warning
    @(281.94 mm, 1164.59 mm): Symbol #PWR99 [GND]
[endpoint_off_grid]: Symbol pin or wire end off connection grid
    ; warning
    @(282.575 mm, 177.80 mm): Horizontal Wire, length 32.385 mm
[endpoint_off_grid]: Symbol pin or wire end off connection grid
    ; warning
    @(278.13 mm, 177.80 mm): Horizontal Wire, length 4.445 mm
[endpoint_off_grid]: Symbol pin or wire end off connection grid
    ; warning
    @(285.75 mm, 1317.625 mm): Vertical Wire, length 8.255 mm
[endpoint_off_grid]: Symbol pin or wire end off connection grid
    ; warning
    @(287.655 mm, 74.93 mm): Symbol U_PD_BUCK Pin 1 [EN, Passive, Line]
[endpoint_off_grid]: Symbol pin or wire end off connection grid
    ; warning
    @(287.655 mm, 80.01 mm): Symbol #PWR10 Hidden pin 1 [GND, Power input, Line]
[lib_symbol_issues]: The current configuration does not include the symbol library 'elt'
    ; warning
    @(287.655 mm, 80.01 mm): Symbol #PWR10 [GND]
[endpoint_off_grid]: Symbol pin or wire end off connection grid
    ; warning
    @(290.83 mm, 263.525 mm): Symbol C_TRUNK_HF Pin 1 [Passive, Line]
[endpoint_off_grid]: Symbol pin or wire end off connection grid
    ; warning
    @(291.465 mm, 168.275 mm): Horizontal Wire, length 27.94 mm
[endpoint_off_grid]: Symbol pin or wire end off connection grid
    ; warning
    @(291.465 mm, 173.355 mm): Vertical Wire, length 5.08 mm
[footprint_link_issues]: The current configuration does not include the footprint library 'Capacitor_SMD'
    ; warning
    @(294.64 mm, 263.525 mm): Symbol C_TRUNK_HF [SYM_C_TRUNK_HF]
[lib_symbol_issues]: The current configuration does not include the symbol library 'elt'
    ; warning
    @(294.64 mm, 263.525 mm): Symbol C_TRUNK_HF [SYM_C_TRUNK_HF]
[footprint_link_issues]: The current configuration does not include the footprint library 'Package_SO'
    ; warning
    @(295.91 mm, 1156.97 mm): Symbol U_AND_DATA [SYM_U_AND_DATA]
[lib_symbol_issues]: The current configuration does not include the symbol library 'elt'
    ; warning
    @(295.91 mm, 1156.97 mm): Symbol U_AND_DATA [SYM_U_AND_DATA]
[footprint_link_issues]: The current configuration does not include the footprint library 'Capacitor_SMD'
    ; warning
    @(295.91 mm, 1309.37 mm): Symbol C_AND_DATA [SYM_C_AND_DATA]
[lib_symbol_issues]: The current configuration does not include the symbol library 'elt'
    ; warning
    @(295.91 mm, 1309.37 mm): Symbol C_AND_DATA [SYM_C_AND_DATA]
[unconnected_wire_endpoint]: Unconnected wire endpoint
    ; warning
    @(299.085 mm, 183.515 mm): Horizontal Wire, length 1.27 mm
[endpoint_off_grid]: Symbol pin or wire end off connection grid
    ; warning
    @(298.45 mm, 263.525 mm): Symbol #PWR28 Hidden pin 1 [GND, Power input, Line]
[lib_symbol_issues]: The current configuration does not include the symbol library 'elt'
    ; warning
    @(298.45 mm, 263.525 mm): Symbol #PWR28 [GND]
[endpoint_off_grid]: Symbol pin or wire end off connection grid
    ; warning
    @(299.085 mm, 177.80 mm): Vertical Wire, length 5.715 mm
[endpoint_off_grid]: Symbol pin or wire end off connection grid
    ; warning
    @(299.085 mm, 183.515 mm): Horizontal Wire, length 1.27 mm
[lib_symbol_issues]: The current configuration does not include the symbol library 'elt'
    ; warning
    @(299.72 mm, 1309.37 mm): Symbol #PWR100 [GND]
[footprint_link_issues]: The current configuration does not include the footprint library 'usb_controlled_debug_hub'
    ; warning
    @(302.26 mm, 80.01 mm): Symbol U_PD_BUCK [SYM_U_PD_BUCK]
[lib_symbol_issues]: The current configuration does not include the symbol library 'elt'
    ; warning
    @(302.26 mm, 80.01 mm): Symbol U_PD_BUCK [SYM_U_PD_BUCK]
[endpoint_off_grid]: Symbol pin or wire end off connection grid
    ; warning
    @(304.165 mm, 31.115 mm): Vertical Wire, length 5.715 mm
[endpoint_off_grid]: Symbol pin or wire end off connection grid
    ; warning
    @(309.88 mm, 31.115 mm): Horizontal Wire, length 5.715 mm
[endpoint_off_grid]: Symbol pin or wire end off connection grid
    ; warning
    @(311.785 mm, 359.41 mm): Symbol C_AGG_DVDT Pin 1 [Passive, Line]
[endpoint_off_grid]: Symbol pin or wire end off connection grid
    ; warning
    @(312.42 mm, 31.115 mm): Horizontal Wire, length 2.54 mm
[endpoint_off_grid]: Symbol pin or wire end off connection grid
    ; warning
    @(312.42 mm, 31.115 mm): Symbol C_PD_IN2 Pin 1 [Passive, Line]
[footprint_link_issues]: The current configuration does not include the footprint library 'Capacitor_SMD'
    ; warning
    @(315.595 mm, 359.41 mm): Symbol C_AGG_DVDT [SYM_C_AGG_DVDT]
[lib_symbol_issues]: The current configuration does not include the symbol library 'elt'
    ; warning
    @(315.595 mm, 359.41 mm): Symbol C_AGG_DVDT [SYM_C_AGG_DVDT]
[footprint_link_issues]: The current configuration does not include the footprint library 'Capacitor_SMD'
    ; warning
    @(316.23 mm, 31.115 mm): Symbol C_PD_IN2 [SYM_C_PD_IN2]
[lib_symbol_issues]: The current configuration does not include the symbol library 'elt'
    ; warning
    @(316.23 mm, 31.115 mm): Symbol C_PD_IN2 [SYM_C_PD_IN2]
[endpoint_off_grid]: Symbol pin or wire end off connection grid
    ; warning
    @(316.865 mm, 74.93 mm): Symbol #PWR12 Hidden pin 1 [GND, Power input, Line]
[lib_symbol_issues]: The current configuration does not include the symbol library 'elt'
    ; warning
    @(316.865 mm, 74.93 mm): Symbol #PWR12 [GND]
[endpoint_off_grid]: Symbol pin or wire end off connection grid
    ; warning
    @(316.865 mm, 77.47 mm): Symbol #PWR11 Hidden pin 1 [GND, Power input, Line]
[lib_symbol_issues]: The current configuration does not include the symbol library 'elt'
    ; warning
    @(316.865 mm, 77.47 mm): Symbol #PWR11 [GND]
[endpoint_off_grid]: Symbol pin or wire end off connection grid
    ; warning
    @(319.405 mm, 87.63 mm): Horizontal Wire, length 8.89 mm
[endpoint_off_grid]: Symbol pin or wire end off connection grid
    ; warning
    @(319.405 mm, 168.275 mm): Vertical Wire, length 80.645 mm
[endpoint_off_grid]: Symbol pin or wire end off connection grid
    ; warning
    @(314.96 mm, 177.80 mm): Horizontal Wire, length 4.445 mm
[endpoint_off_grid]: Symbol pin or wire end off connection grid
    ; warning
    @(319.405 mm, 177.80 mm): Symbol R_PD_UV_BOT Pin 1 [Passive, Line]
[endpoint_off_grid]: Symbol pin or wire end off connection grid
    ; warning
    @(319.405 mm, 177.80 mm): Vertical Wire, length 2.54 mm
[endpoint_off_grid]: Symbol pin or wire end off connection grid
    ; warning
    @(319.405 mm, 359.41 mm): Symbol #FLG01 Hidden pin 1 [pwr, Power output, Line]
[endpoint_off_grid]: Symbol pin or wire end off connection grid
    ; warning
    @(319.405 mm, 359.41 mm): Symbol #PWR27 Hidden pin 1 [GND, Power input, Line]
[lib_symbol_issues]: The current configuration does not include the symbol library 'elt'
    ; warning
    @(319.405 mm, 359.41 mm): Symbol #FLG01 [PWR_FLAG]
[lib_symbol_issues]: The current configuration does not include the symbol library 'elt'
    ; warning
    @(319.405 mm, 359.41 mm): Symbol #PWR27 [GND]
[endpoint_off_grid]: Symbol pin or wire end off connection grid
    ; warning
    @(320.04 mm, 31.115 mm): Symbol #PWR15 Hidden pin 1 [GND, Power input, Line]
[lib_symbol_issues]: The current configuration does not include the symbol library 'elt'
    ; warning
    @(320.04 mm, 31.115 mm): Symbol #PWR15 [GND]
[footprint_link_issues]: The current configuration does not include the footprint library 'Resistor_SMD'
    ; warning
    @(323.215 mm, 177.80 mm): Symbol R_PD_UV_BOT [SYM_R_PD_UV_BOT]
[lib_symbol_issues]: The current configuration does not include the symbol library 'elt'
    ; warning
    @(323.215 mm, 177.80 mm): Symbol R_PD_UV_BOT [SYM_R_PD_UV_BOT]
[endpoint_off_grid]: Symbol pin or wire end off connection grid
    ; warning
    @(327.025 mm, 177.80 mm): Symbol #PWR13 Hidden pin 1 [GND, Power input, Line]
[lib_symbol_issues]: The current configuration does not include the symbol library 'elt'
    ; warning
    @(327.025 mm, 177.80 mm): Symbol #PWR13 [GND]
[endpoint_off_grid]: Symbol pin or wire end off connection grid
    ; warning
    @(328.295 mm, 76.20 mm): Vertical Wire, length 3.81 mm
[endpoint_off_grid]: Symbol pin or wire end off connection grid
    ; warning
    @(334.01 mm, 76.20 mm): Horizontal Wire, length 5.715 mm
[endpoint_off_grid]: Symbol pin or wire end off connection grid
    ; warning
    @(328.295 mm, 80.01 mm): Horizontal Wire, length 11.43 mm
[endpoint_off_grid]: Symbol pin or wire end off connection grid
    ; warning
    @(328.295 mm, 87.63 mm): Vertical Wire, length 3.81 mm
[endpoint_off_grid]: Symbol pin or wire end off connection grid
    ; warning
    @(328.295 mm, 91.44 mm): Horizontal Wire, length 5.715 mm
[endpoint_off_grid]: Symbol pin or wire end off connection grid
    ; warning
    @(333.375 mm, 263.525 mm): Symbol C_TRUNK_BULK Pin 1 [Passive, Line]
[footprint_link_issues]: The current configuration does not include the footprint library 'Capacitor_SMD'
    ; warning
    @(337.185 mm, 263.525 mm): Symbol C_TRUNK_BULK [SYM_C_TRUNK_BULK]
[lib_symbol_issues]: The current configuration does not include the symbol library 'elt'
    ; warning
    @(337.185 mm, 263.525 mm): Symbol C_TRUNK_BULK [SYM_C_TRUNK_BULK]
[endpoint_off_grid]: Symbol pin or wire end off connection grid
    ; warning
    @(340.995 mm, 72.39 mm): Horizontal Wire, length 6.985 mm
[endpoint_off_grid]: Symbol pin or wire end off connection grid
    ; warning
    @(334.01 mm, 87.63 mm): Horizontal Wire, length 6.985 mm
[endpoint_off_grid]: Symbol pin or wire end off connection grid
    ; warning
    @(340.995 mm, 87.63 mm): Vertical Wire, length 15.24 mm
[endpoint_off_grid]: Symbol pin or wire end off connection grid
    ; warning
    @(340.995 mm, 263.525 mm): Symbol #PWR29 Hidden pin 1 [GND, Power input, Line]
[lib_symbol_issues]: The current configuration does not include the symbol library 'elt'
    ; warning
    @(340.995 mm, 263.525 mm): Symbol #PWR29 [GND]
[endpoint_off_grid]: Symbol pin or wire end off connection grid
    ; warning
    @(351.155 mm, 31.115 mm): Vertical Wire, length 5.715 mm
[endpoint_off_grid]: Symbol pin or wire end off connection grid
    ; warning
    @(357.505 mm, 31.115 mm): Horizontal Wire, length 6.35 mm
[endpoint_off_grid]: Symbol pin or wire end off connection grid
    ; warning
    @(361.315 mm, 31.115 mm): Horizontal Wire, length 3.81 mm
[endpoint_off_grid]: Symbol pin or wire end off connection grid
    ; warning
    @(361.315 mm, 31.115 mm): Symbol C_PD_IN_HF Pin 1 [Passive, Line]
[endpoint_off_grid]: Symbol pin or wire end off connection grid
    ; warning
    @(361.315 mm, 121.92 mm): Symbol C_PD_BOOT Pin 1 [Passive, Line]
[footprint_link_issues]: The current configuration does not include the footprint library 'Capacitor_SMD'
    ; warning
    @(365.125 mm, 31.115 mm): Symbol C_PD_IN_HF [SYM_C_PD_IN_HF]
[lib_symbol_issues]: The current configuration does not include the symbol library 'elt'
    ; warning
    @(365.125 mm, 31.115 mm): Symbol C_PD_IN_HF [SYM_C_PD_IN_HF]
[footprint_link_issues]: The current configuration does not include the footprint library 'Capacitor_SMD'
    ; warning
    @(365.125 mm, 121.92 mm): Symbol C_PD_BOOT [SYM_C_PD_BOOT]
[lib_symbol_issues]: The current configuration does not include the symbol library 'elt'
    ; warning
    @(365.125 mm, 121.92 mm): Symbol C_PD_BOOT [SYM_C_PD_BOOT]
[endpoint_off_grid]: Symbol pin or wire end off connection grid
    ; warning
    @(368.935 mm, 31.115 mm): Symbol #PWR16 Hidden pin 1 [GND, Power input, Line]
[lib_symbol_issues]: The current configuration does not include the symbol library 'elt'
    ; warning
    @(368.935 mm, 31.115 mm): Symbol #PWR16 [GND]
[endpoint_off_grid]: Symbol pin or wire end off connection grid
    ; warning
    @(368.935 mm, 121.92 mm): Horizontal Wire, length 3.175 mm
[endpoint_off_grid]: Symbol pin or wire end off connection grid
    ; warning
    @(386.715 mm, 263.525 mm): Symbol C_TRUNK_USB Pin 1 [Passive, Line]
[footprint_link_issues]: The current configuration does not include the footprint library 'Capacitor_SMD'
    ; warning
    @(390.525 mm, 263.525 mm): Symbol C_TRUNK_USB [SYM_C_TRUNK_USB]
[lib_symbol_issues]: The current configuration does not include the symbol library 'elt'
    ; warning
    @(390.525 mm, 263.525 mm): Symbol C_TRUNK_USB [SYM_C_TRUNK_USB]
[endpoint_off_grid]: Symbol pin or wire end off connection grid
    ; warning
    @(394.335 mm, 263.525 mm): Symbol #PWR30 Hidden pin 1 [GND, Power input, Line]
[lib_symbol_issues]: The current configuration does not include the symbol library 'elt'
    ; warning
    @(394.335 mm, 263.525 mm): Symbol #PWR30 [GND]
[footprint_link_issues]: The current configuration does not include the footprint library 'usb_controlled_debug_hub'
    ; warning
    @(407.035 mm, 80.01 mm): Symbol L_PD [SYM_L_PD]
[lib_symbol_issues]: The current configuration does not include the symbol library 'elt'
    ; warning
    @(407.035 mm, 80.01 mm): Symbol L_PD [SYM_L_PD]
[endpoint_off_grid]: Symbol pin or wire end off connection grid
    ; warning
    @(413.385 mm, 80.01 mm): Symbol L_PD Pin 2 [Passive, Line]
[endpoint_off_grid]: Symbol pin or wire end off connection grid
    ; warning
    @(413.385 mm, 80.01 mm): Horizontal Wire, length 7.62 mm
[endpoint_off_grid]: Symbol pin or wire end off connection grid
    ; warning
    @(421.005 mm, 80.01 mm): Vertical Wire, length 62.865 mm
[endpoint_off_grid]: Symbol pin or wire end off connection grid
    ; warning
    @(421.005 mm, 142.875 mm): Horizontal Wire, length 6.985 mm
[endpoint_off_grid]: Symbol pin or wire end off connection grid
    ; warning
    @(427.99 mm, 142.875 mm): Horizontal Wire, length 3.175 mm
[endpoint_off_grid]: Symbol pin or wire end off connection grid
    ; warning
    @(431.165 mm, 142.875 mm): Symbol R_PD_FB_A Pin 1 [Passive, Line]
[endpoint_off_grid]: Symbol pin or wire end off connection grid
    ; warning
    @(431.165 mm, 226.695 mm): Symbol R_PD_FF Pin 1 [Passive, Line]
[footprint_link_issues]: The current configuration does not include the footprint library 'Resistor_SMD'
    ; warning
    @(434.975 mm, 142.875 mm): Symbol R_PD_FB_A [SYM_R_PD_FB_A]
[lib_symbol_issues]: The current configuration does not include the symbol library 'elt'
    ; warning
    @(434.975 mm, 142.875 mm): Symbol R_PD_FB_A [SYM_R_PD_FB_A]
[footprint_link_issues]: The current configuration does not include the footprint library 'Resistor_SMD'
    ; warning
    @(434.975 mm, 226.695 mm): Symbol R_PD_FF [SYM_R_PD_FF]
[lib_symbol_issues]: The current configuration does not include the symbol library 'elt'
    ; warning
    @(434.975 mm, 226.695 mm): Symbol R_PD_FF [SYM_R_PD_FF]
[endpoint_off_grid]: Symbol pin or wire end off connection grid
    ; warning
    @(438.785 mm, 142.875 mm): Horizontal Wire, length 3.175 mm
[endpoint_off_grid]: Symbol pin or wire end off connection grid
    ; warning
    @(438.785 mm, 142.875 mm): Horizontal Wire, length 17.145 mm
[endpoint_off_grid]: Symbol pin or wire end off connection grid
    ; warning
    @(441.96 mm, 142.875 mm): Horizontal Wire, length 27.94 mm
[endpoint_off_grid]: Symbol pin or wire end off connection grid
    ; warning
    @(455.93 mm, 142.875 mm): Horizontal Wire, length 0.635 mm
[endpoint_off_grid]: Symbol pin or wire end off connection grid
    ; warning
    @(456.565 mm, 142.875 mm): Vertical Wire, length 5.715 mm
[endpoint_off_grid]: Symbol pin or wire end off connection grid
    ; warning
    @(456.565 mm, 148.59 mm): Horizontal Wire, length 1.27 mm
[endpoint_off_grid]: Symbol pin or wire end off connection grid
    ; warning
    @(466.09 mm, 184.785 mm): Horizontal Wire, length 2.54 mm
[endpoint_off_grid]: Symbol pin or wire end off connection grid
    ; warning
    @(466.09 mm, 163.83 mm): Vertical Wire, length 20.955 mm
[endpoint_off_grid]: Symbol pin or wire end off connection grid
    ; warning
    @(467.36 mm, 37.465 mm): Horizontal Wire, length 55.88 mm
[endpoint_off_grid]: Symbol pin or wire end off connection grid
    ; warning
    @(467.36 mm, 45.085 mm): Vertical Wire, length 7.62 mm
[endpoint_off_grid]: Symbol pin or wire end off connection grid
    ; warning
    @(468.63 mm, 184.785 mm): Horizontal Wire, length 4.445 mm
[endpoint_off_grid]: Symbol pin or wire end off connection grid
    ; warning
    @(469.90 mm, 45.085 mm): Horizontal Wire, length 2.54 mm
[endpoint_off_grid]: Symbol pin or wire end off connection grid
    ; warning
    @(469.90 mm, 142.875 mm): Horizontal Wire, length 3.175 mm
[endpoint_off_grid]: Symbol pin or wire end off connection grid
    ; warning
    @(473.075 mm, 45.085 mm): Symbol C_PD_OUT1 Pin 1 [Passive, Line]
[endpoint_off_grid]: Symbol pin or wire end off connection grid
    ; warning
    @(473.075 mm, 45.085 mm): Horizontal Wire, length 3.175 mm
[endpoint_off_grid]: Symbol pin or wire end off connection grid
    ; warning
    @(473.075 mm, 142.875 mm): Symbol R_PD_FB_B Pin 1 [Passive, Line]
[endpoint_off_grid]: Symbol pin or wire end off connection grid
    ; warning
    @(473.075 mm, 184.785 mm): Symbol R_PD_FB_BOT Pin 1 [Passive, Line]
[footprint_link_issues]: The current configuration does not include the footprint library 'Capacitor_SMD'
    ; warning
    @(476.885 mm, 45.085 mm): Symbol C_PD_OUT1 [SYM_C_PD_OUT1]
[lib_symbol_issues]: The current configuration does not include the symbol library 'elt'
    ; warning
    @(476.885 mm, 45.085 mm): Symbol C_PD_OUT1 [SYM_C_PD_OUT1]
[footprint_link_issues]: The current configuration does not include the footprint library 'Resistor_SMD'
    ; warning
    @(476.885 mm, 142.875 mm): Symbol R_PD_FB_B [SYM_R_PD_FB_B]
[lib_symbol_issues]: The current configuration does not include the symbol library 'elt'
    ; warning
    @(476.885 mm, 142.875 mm): Symbol R_PD_FB_B [SYM_R_PD_FB_B]
[footprint_link_issues]: The current configuration does not include the footprint library 'Resistor_SMD'
    ; warning
    @(476.885 mm, 184.785 mm): Symbol R_PD_FB_BOT [SYM_R_PD_FB_BOT]
[lib_symbol_issues]: The current configuration does not include the symbol library 'elt'
    ; warning
    @(476.885 mm, 184.785 mm): Symbol R_PD_FB_BOT [SYM_R_PD_FB_BOT]
[endpoint_off_grid]: Symbol pin or wire end off connection grid
    ; warning
    @(480.06 mm, 226.695 mm): Symbol C_PD_FF Pin 1 [Passive, Line]
[endpoint_off_grid]: Symbol pin or wire end off connection grid
    ; warning
    @(480.695 mm, 45.085 mm): Symbol #PWR18 Hidden pin 1 [GND, Power input, Line]
[lib_symbol_issues]: The current configuration does not include the symbol library 'elt'
    ; warning
    @(480.695 mm, 45.085 mm): Symbol #PWR18 [GND]
[endpoint_off_grid]: Symbol pin or wire end off connection grid
    ; warning
    @(480.695 mm, 142.875 mm): Horizontal Wire, length 3.175 mm
[endpoint_off_grid]: Symbol pin or wire end off connection grid
    ; warning
    @(480.695 mm, 184.785 mm): Symbol #PWR17 Hidden pin 1 [GND, Power input, Line]
[lib_symbol_issues]: The current configuration does not include the symbol library 'elt'
    ; warning
    @(480.695 mm, 184.785 mm): Symbol #PWR17 [GND]
[endpoint_off_grid]: Symbol pin or wire end off connection grid
    ; warning
    @(483.87 mm, 142.875 mm): Horizontal Wire, length 2.54 mm
[footprint_link_issues]: The current configuration does not include the footprint library 'Capacitor_SMD'
    ; warning
    @(483.87 mm, 226.695 mm): Symbol C_PD_FF [SYM_C_PD_FF]
[lib_symbol_issues]: The current configuration does not include the symbol library 'elt'
    ; warning
    @(483.87 mm, 226.695 mm): Symbol C_PD_FF [SYM_C_PD_FF]
[endpoint_off_grid]: Symbol pin or wire end off connection grid
    ; warning
    @(486.41 mm, 142.875 mm): Vertical Wire, length 20.955 mm
[endpoint_off_grid]: Symbol pin or wire end off connection grid
    ; warning
    @(523.24 mm, 37.465 mm): Vertical Wire, length 7.62 mm
[endpoint_off_grid]: Symbol pin or wire end off connection grid
    ; warning
    @(523.24 mm, 45.085 mm): Horizontal Wire, length 2.54 mm
[endpoint_off_grid]: Symbol pin or wire end off connection grid
    ; warning
    @(525.78 mm, 45.085 mm): Horizontal Wire, length 3.175 mm
[endpoint_off_grid]: Symbol pin or wire end off connection grid
    ; warning
    @(528.955 mm, 45.085 mm): Symbol C_PD_OUT2 Pin 1 [Passive, Line]
[footprint_link_issues]: The current configuration does not include the footprint library 'Capacitor_SMD'
    ; warning
    @(532.765 mm, 45.085 mm): Symbol C_PD_OUT2 [SYM_C_PD_OUT2]
[lib_symbol_issues]: The current configuration does not include the symbol library 'elt'
    ; warning
    @(532.765 mm, 45.085 mm): Symbol C_PD_OUT2 [SYM_C_PD_OUT2]
[endpoint_off_grid]: Symbol pin or wire end off connection grid
    ; warning
    @(536.575 mm, 45.085 mm): Symbol #PWR19 Hidden pin 1 [GND, Power input, Line]
[lib_symbol_issues]: The current configuration does not include the symbol library 'elt'
    ; warning
    @(536.575 mm, 45.085 mm): Symbol #PWR19 [GND]
[endpoint_off_grid]: Symbol pin or wire end off connection grid
    ; warning
    @(584.835 mm, 45.085 mm): Symbol C_PD_OUT3 Pin 1 [Passive, Line]
[footprint_link_issues]: The current configuration does not include the footprint library 'Capacitor_SMD'
    ; warning
    @(588.645 mm, 45.085 mm): Symbol C_PD_OUT3 [SYM_C_PD_OUT3]
[lib_symbol_issues]: The current configuration does not include the symbol library 'elt'
    ; warning
    @(588.645 mm, 45.085 mm): Symbol C_PD_OUT3 [SYM_C_PD_OUT3]
[endpoint_off_grid]: Symbol pin or wire end off connection grid
    ; warning
    @(592.455 mm, 45.085 mm): Symbol #PWR20 Hidden pin 1 [GND, Power input, Line]
[lib_symbol_issues]: The current configuration does not include the symbol library 'elt'
    ; warning
    @(592.455 mm, 45.085 mm): Symbol #PWR20 [GND]

 ** ERC messages: 1170  Errors 0  Warnings 1170

 ** Ignored checks:
    - Global label only appears once in the schematic
    - Four connection points are joined together
    - SPICE model issue
    - Assigned footprint doesn't match footprint filters
