ERC report (2026-08-15T08:15:14, Encoding UTF8)
Report includes: Errors, Warnings, Exclusions

***** Sheet /
[endpoint_off_grid]: Symbol pin or wire end off connection grid
    ; warning
    @(25.40 mm, 107.315 mm): Symbol J1 Pin 1 [EXT_5V_RAW, Passive, Line]
[endpoint_off_grid]: Symbol pin or wire end off connection grid
    ; warning
    @(25.40 mm, 346.075 mm): Symbol J2 Pin 1 [P1, Passive, Line]
[endpoint_off_grid]: Symbol pin or wire end off connection grid
    ; warning
    @(25.40 mm, 671.195 mm): Symbol U5 Pin 1 [NC1, Passive, Line]
[endpoint_off_grid]: Symbol pin or wire end off connection grid
    ; warning
    @(25.40 mm, 728.345 mm): Symbol R1 Pin 1 [Passive, Line]
[endpoint_off_grid]: Symbol pin or wire end off connection grid
    ; warning
    @(25.40 mm, 779.145 mm): Symbol R2 Pin 1 [Passive, Line]
[endpoint_off_grid]: Symbol pin or wire end off connection grid
    ; warning
    @(25.40 mm, 829.945 mm): Symbol R7 Pin 1 [Passive, Line]
[endpoint_off_grid]: Symbol pin or wire end off connection grid
    ; warning
    @(25.40 mm, 880.745 mm): Symbol R8 Pin 1 [Passive, Line]
[endpoint_off_grid]: Symbol pin or wire end off connection grid
    ; warning
    @(25.40 mm, 917.575 mm): Vertical Wire, length 50.80 mm
[endpoint_off_grid]: Symbol pin or wire end off connection grid
    ; warning
    @(25.40 mm, 968.375 mm): Horizontal Wire, length 2.54 mm
[endpoint_off_grid]: Symbol pin or wire end off connection grid
    ; warning
    @(25.40 mm, 1481.455 mm): Symbol U11 Pin 1 [NC1, Passive, Line]
[endpoint_off_grid]: Symbol pin or wire end off connection grid
    ; warning
    @(25.40 mm, 1538.605 mm): Symbol R9 Pin 1 [Passive, Line]
[endpoint_off_grid]: Symbol pin or wire end off connection grid
    ; warning
    @(25.40 mm, 1589.405 mm): Symbol R10 Pin 1 [Passive, Line]
[endpoint_off_grid]: Symbol pin or wire end off connection grid
    ; warning
    @(25.40 mm, 1640.205 mm): Symbol R15 Pin 1 [Passive, Line]
[endpoint_off_grid]: Symbol pin or wire end off connection grid
    ; warning
    @(25.40 mm, 1691.005 mm): Symbol R16 Pin 1 [Passive, Line]
[endpoint_off_grid]: Symbol pin or wire end off connection grid
    ; warning
    @(25.40 mm, 2291.715 mm): Symbol U17 Pin 1 [NC1, Passive, Line]
[endpoint_off_grid]: Symbol pin or wire end off connection grid
    ; warning
    @(25.40 mm, 2348.865 mm): Symbol R17 Pin 1 [Passive, Line]
[endpoint_off_grid]: Symbol pin or wire end off connection grid
    ; warning
    @(25.40 mm, 2399.665 mm): Symbol R18 Pin 1 [Passive, Line]
[endpoint_off_grid]: Symbol pin or wire end off connection grid
    ; warning
    @(25.40 mm, 2450.465 mm): Symbol R23 Pin 1 [Passive, Line]
[endpoint_off_grid]: Symbol pin or wire end off connection grid
    ; warning
    @(25.40 mm, 2501.265 mm): Symbol R24 Pin 1 [Passive, Line]
[endpoint_off_grid]: Symbol pin or wire end off connection grid
    ; warning
    @(25.40 mm, 2684.145 mm): Symbol U18 Pin 1 [NC1, Passive, Line]
[endpoint_off_grid]: Symbol pin or wire end off connection grid
    ; warning
    @(25.40 mm, 2741.295 mm): Symbol R19 Pin 1 [Passive, Line]
[endpoint_off_grid]: Symbol pin or wire end off connection grid
    ; warning
    @(25.40 mm, 2792.095 mm): Symbol R20 Pin 1 [Passive, Line]
[endpoint_off_grid]: Symbol pin or wire end off connection grid
    ; warning
    @(25.40 mm, 2842.895 mm): Symbol R21 Pin 1 [Passive, Line]
[endpoint_off_grid]: Symbol pin or wire end off connection grid
    ; warning
    @(25.40 mm, 2893.695 mm): Symbol R22 Pin 1 [Passive, Line]
[endpoint_off_grid]: Symbol pin or wire end off connection grid
    ; warning
    @(25.40 mm, 3349.625 mm): Vertical Wire, length 50.80 mm
[endpoint_off_grid]: Symbol pin or wire end off connection grid
    ; warning
    @(25.40 mm, 3400.425 mm): Horizontal Wire, length 2.54 mm
[endpoint_off_grid]: Symbol pin or wire end off connection grid
    ; warning
    @(25.40 mm, 3494.405 mm): Symbol U24 Pin 1 [NC1, Passive, Line]
[endpoint_off_grid]: Symbol pin or wire end off connection grid
    ; warning
    @(25.40 mm, 3551.555 mm): Symbol R27 Pin 1 [Passive, Line]
[endpoint_off_grid]: Symbol pin or wire end off connection grid
    ; warning
    @(25.40 mm, 3602.355 mm): Symbol R28 Pin 1 [Passive, Line]
[endpoint_off_grid]: Symbol pin or wire end off connection grid
    ; warning
    @(25.40 mm, 3653.155 mm): Symbol R29 Pin 1 [Passive, Line]
[endpoint_off_grid]: Symbol pin or wire end off connection grid
    ; warning
    @(25.40 mm, 3703.955 mm): Symbol R30 Pin 1 [Passive, Line]
[endpoint_off_grid]: Symbol pin or wire end off connection grid
    ; warning
    @(27.94 mm, 917.575 mm): Symbol C14 Pin 1 [Passive, Line]
[endpoint_off_grid]: Symbol pin or wire end off connection grid
    ; warning
    @(27.94 mm, 917.575 mm): Horizontal Wire, length 2.54 mm
[endpoint_off_grid]: Symbol pin or wire end off connection grid
    ; warning
    @(27.94 mm, 968.375 mm): Symbol C15 Pin 1 [Passive, Line]
[endpoint_off_grid]: Symbol pin or wire end off connection grid
    ; warning
    @(27.94 mm, 1019.175 mm): Symbol C16 Pin 1 [Passive, Line]
[endpoint_off_grid]: Symbol pin or wire end off connection grid
    ; warning
    @(27.94 mm, 3349.625 mm): Horizontal Wire, length 2.54 mm
[endpoint_off_grid]: Symbol pin or wire end off connection grid
    ; warning
    @(27.94 mm, 3349.625 mm): Symbol C62 Pin 1 [Passive, Line]
[endpoint_off_grid]: Symbol pin or wire end off connection grid
    ; warning
    @(27.94 mm, 3400.425 mm): Symbol C63 Pin 1 [Passive, Line]
[endpoint_off_grid]: Symbol pin or wire end off connection grid
    ; warning
    @(27.94 mm, 3451.225 mm): Symbol C64 Pin 1 [Passive, Line]
[footprint_link_issues]: The current configuration does not include the footprint library 'Resistor_SMD'
    ; warning
    @(29.21 mm, 728.345 mm): Symbol R1 [SYM_R1]
[lib_symbol_issues]: The current configuration does not include the symbol library 'elt'
    ; warning
    @(29.21 mm, 728.345 mm): Symbol R1 [SYM_R1]
[footprint_link_issues]: The current configuration does not include the footprint library 'Resistor_SMD'
    ; warning
    @(29.21 mm, 779.145 mm): Symbol R2 [SYM_R2]
[lib_symbol_issues]: The current configuration does not include the symbol library 'elt'
    ; warning
    @(29.21 mm, 779.145 mm): Symbol R2 [SYM_R2]
[footprint_link_issues]: The current configuration does not include the footprint library 'Resistor_SMD'
    ; warning
    @(29.21 mm, 829.945 mm): Symbol R7 [SYM_R7]
[lib_symbol_issues]: The current configuration does not include the symbol library 'elt'
    ; warning
    @(29.21 mm, 829.945 mm): Symbol R7 [SYM_R7]
[footprint_link_issues]: The current configuration does not include the footprint library 'Resistor_SMD'
    ; warning
    @(29.21 mm, 880.745 mm): Symbol R8 [SYM_R8]
[lib_symbol_issues]: The current configuration does not include the symbol library 'elt'
    ; warning
    @(29.21 mm, 880.745 mm): Symbol R8 [SYM_R8]
[footprint_link_issues]: The current configuration does not include the footprint library 'Resistor_SMD'
    ; warning
    @(29.21 mm, 1120.14 mm): Symbol R3 [SYM_R3]
[lib_symbol_issues]: The current configuration does not include the symbol library 'elt'
    ; warning
    @(29.21 mm, 1120.14 mm): Symbol R3 [SYM_R3]
[footprint_link_issues]: The current configuration does not include the footprint library 'Resistor_SMD'
    ; warning
    @(29.21 mm, 1170.94 mm): Symbol R4 [SYM_R4]
[lib_symbol_issues]: The current configuration does not include the symbol library 'elt'
    ; warning
    @(29.21 mm, 1170.94 mm): Symbol R4 [SYM_R4]
[footprint_link_issues]: The current configuration does not include the footprint library 'Resistor_SMD'
    ; warning
    @(29.21 mm, 1221.74 mm): Symbol R5 [SYM_R5]
[lib_symbol_issues]: The current configuration does not include the symbol library 'elt'
    ; warning
    @(29.21 mm, 1221.74 mm): Symbol R5 [SYM_R5]
[footprint_link_issues]: The current configuration does not include the footprint library 'Resistor_SMD'
    ; warning
    @(29.21 mm, 1272.54 mm): Symbol R6 [SYM_R6]
[lib_symbol_issues]: The current configuration does not include the symbol library 'elt'
    ; warning
    @(29.21 mm, 1272.54 mm): Symbol R6 [SYM_R6]
[footprint_link_issues]: The current configuration does not include the footprint library 'Resistor_SMD'
    ; warning
    @(29.21 mm, 1538.605 mm): Symbol R9 [SYM_R9]
[lib_symbol_issues]: The current configuration does not include the symbol library 'elt'
    ; warning
    @(29.21 mm, 1538.605 mm): Symbol R9 [SYM_R9]
[footprint_link_issues]: The current configuration does not include the footprint library 'Resistor_SMD'
    ; warning
    @(29.21 mm, 1589.405 mm): Symbol R10 [SYM_R10]
[lib_symbol_issues]: The current configuration does not include the symbol library 'elt'
    ; warning
    @(29.21 mm, 1589.405 mm): Symbol R10 [SYM_R10]
[footprint_link_issues]: The current configuration does not include the footprint library 'Resistor_SMD'
    ; warning
    @(29.21 mm, 1640.205 mm): Symbol R15 [SYM_R15]
[lib_symbol_issues]: The current configuration does not include the symbol library 'elt'
    ; warning
    @(29.21 mm, 1640.205 mm): Symbol R15 [SYM_R15]
[footprint_link_issues]: The current configuration does not include the footprint library 'Resistor_SMD'
    ; warning
    @(29.21 mm, 1691.005 mm): Symbol R16 [SYM_R16]
[lib_symbol_issues]: The current configuration does not include the symbol library 'elt'
    ; warning
    @(29.21 mm, 1691.005 mm): Symbol R16 [SYM_R16]
[footprint_link_issues]: The current configuration does not include the footprint library 'Resistor_SMD'
    ; warning
    @(29.21 mm, 1930.40 mm): Symbol R11 [SYM_R11]
[lib_symbol_issues]: The current configuration does not include the symbol library 'elt'
    ; warning
    @(29.21 mm, 1930.40 mm): Symbol R11 [SYM_R11]
[footprint_link_issues]: The current configuration does not include the footprint library 'Resistor_SMD'
    ; warning
    @(29.21 mm, 1981.20 mm): Symbol R12 [SYM_R12]
[lib_symbol_issues]: The current configuration does not include the symbol library 'elt'
    ; warning
    @(29.21 mm, 1981.20 mm): Symbol R12 [SYM_R12]
[footprint_link_issues]: The current configuration does not include the footprint library 'Resistor_SMD'
    ; warning
    @(29.21 mm, 2032.00 mm): Symbol R13 [SYM_R13]
[lib_symbol_issues]: The current configuration does not include the symbol library 'elt'
    ; warning
    @(29.21 mm, 2032.00 mm): Symbol R13 [SYM_R13]
[footprint_link_issues]: The current configuration does not include the footprint library 'Resistor_SMD'
    ; warning
    @(29.21 mm, 2082.80 mm): Symbol R14 [SYM_R14]
[lib_symbol_issues]: The current configuration does not include the symbol library 'elt'
    ; warning
    @(29.21 mm, 2082.80 mm): Symbol R14 [SYM_R14]
[footprint_link_issues]: The current configuration does not include the footprint library 'Resistor_SMD'
    ; warning
    @(29.21 mm, 2348.865 mm): Symbol R17 [SYM_R17]
[lib_symbol_issues]: The current configuration does not include the symbol library 'elt'
    ; warning
    @(29.21 mm, 2348.865 mm): Symbol R17 [SYM_R17]
[footprint_link_issues]: The current configuration does not include the footprint library 'Resistor_SMD'
    ; warning
    @(29.21 mm, 2399.665 mm): Symbol R18 [SYM_R18]
[lib_symbol_issues]: The current configuration does not include the symbol library 'elt'
    ; warning
    @(29.21 mm, 2399.665 mm): Symbol R18 [SYM_R18]
[footprint_link_issues]: The current configuration does not include the footprint library 'Resistor_SMD'
    ; warning
    @(29.21 mm, 2450.465 mm): Symbol R23 [SYM_R23]
[lib_symbol_issues]: The current configuration does not include the symbol library 'elt'
    ; warning
    @(29.21 mm, 2450.465 mm): Symbol R23 [SYM_R23]
[footprint_link_issues]: The current configuration does not include the footprint library 'Resistor_SMD'
    ; warning
    @(29.21 mm, 2501.265 mm): Symbol R24 [SYM_R24]
[lib_symbol_issues]: The current configuration does not include the symbol library 'elt'
    ; warning
    @(29.21 mm, 2501.265 mm): Symbol R24 [SYM_R24]
[footprint_link_issues]: The current configuration does not include the footprint library 'Resistor_SMD'
    ; warning
    @(29.21 mm, 2741.295 mm): Symbol R19 [SYM_R19]
[lib_symbol_issues]: The current configuration does not include the symbol library 'elt'
    ; warning
    @(29.21 mm, 2741.295 mm): Symbol R19 [SYM_R19]
[footprint_link_issues]: The current configuration does not include the footprint library 'Resistor_SMD'
    ; warning
    @(29.21 mm, 2792.095 mm): Symbol R20 [SYM_R20]
[lib_symbol_issues]: The current configuration does not include the symbol library 'elt'
    ; warning
    @(29.21 mm, 2792.095 mm): Symbol R20 [SYM_R20]
[footprint_link_issues]: The current configuration does not include the footprint library 'Resistor_SMD'
    ; warning
    @(29.21 mm, 2842.895 mm): Symbol R21 [SYM_R21]
[lib_symbol_issues]: The current configuration does not include the symbol library 'elt'
    ; warning
    @(29.21 mm, 2842.895 mm): Symbol R21 [SYM_R21]
[footprint_link_issues]: The current configuration does not include the footprint library 'Resistor_SMD'
    ; warning
    @(29.21 mm, 2893.695 mm): Symbol R22 [SYM_R22]
[lib_symbol_issues]: The current configuration does not include the symbol library 'elt'
    ; warning
    @(29.21 mm, 2893.695 mm): Symbol R22 [SYM_R22]
[footprint_link_issues]: The current configuration does not include the footprint library 'Resistor_SMD'
    ; warning
    @(29.21 mm, 3159.76 mm): Symbol R25 [SYM_R25]
[lib_symbol_issues]: The current configuration does not include the symbol library 'elt'
    ; warning
    @(29.21 mm, 3159.76 mm): Symbol R25 [SYM_R25]
[footprint_link_issues]: The current configuration does not include the footprint library 'Resistor_SMD'
    ; warning
    @(29.21 mm, 3210.56 mm): Symbol R26 [SYM_R26]
[lib_symbol_issues]: The current configuration does not include the symbol library 'elt'
    ; warning
    @(29.21 mm, 3210.56 mm): Symbol R26 [SYM_R26]
[footprint_link_issues]: The current configuration does not include the footprint library 'Resistor_SMD'
    ; warning
    @(29.21 mm, 3261.36 mm): Symbol R31 [SYM_R31]
[lib_symbol_issues]: The current configuration does not include the symbol library 'elt'
    ; warning
    @(29.21 mm, 3261.36 mm): Symbol R31 [SYM_R31]
[footprint_link_issues]: The current configuration does not include the footprint library 'Resistor_SMD'
    ; warning
    @(29.21 mm, 3312.16 mm): Symbol R32 [SYM_R32]
[lib_symbol_issues]: The current configuration does not include the symbol library 'elt'
    ; warning
    @(29.21 mm, 3312.16 mm): Symbol R32 [SYM_R32]
[footprint_link_issues]: The current configuration does not include the footprint library 'Resistor_SMD'
    ; warning
    @(29.21 mm, 3551.555 mm): Symbol R27 [SYM_R27]
[lib_symbol_issues]: The current configuration does not include the symbol library 'elt'
    ; warning
    @(29.21 mm, 3551.555 mm): Symbol R27 [SYM_R27]
[footprint_link_issues]: The current configuration does not include the footprint library 'Resistor_SMD'
    ; warning
    @(29.21 mm, 3602.355 mm): Symbol R28 [SYM_R28]
[lib_symbol_issues]: The current configuration does not include the symbol library 'elt'
    ; warning
    @(29.21 mm, 3602.355 mm): Symbol R28 [SYM_R28]
[footprint_link_issues]: The current configuration does not include the footprint library 'Resistor_SMD'
    ; warning
    @(29.21 mm, 3653.155 mm): Symbol R29 [SYM_R29]
[lib_symbol_issues]: The current configuration does not include the symbol library 'elt'
    ; warning
    @(29.21 mm, 3653.155 mm): Symbol R29 [SYM_R29]
[footprint_link_issues]: The current configuration does not include the footprint library 'Resistor_SMD'
    ; warning
    @(29.21 mm, 3703.955 mm): Symbol R30 [SYM_R30]
[lib_symbol_issues]: The current configuration does not include the symbol library 'elt'
    ; warning
    @(29.21 mm, 3703.955 mm): Symbol R30 [SYM_R30]
[endpoint_off_grid]: Symbol pin or wire end off connection grid
    ; warning
    @(31.115 mm, 622.935 mm): Symbol #PWR25 Hidden pin 1 [GND, Power input, Line]
[lib_symbol_issues]: The current configuration does not include the symbol library 'elt'
    ; warning
    @(31.115 mm, 622.935 mm): Symbol #PWR25 [GND]
[footprint_link_issues]: The current configuration does not include the footprint library 'Resistor_SMD'
    ; warning
    @(31.115 mm, 626.745 mm): Symbol R75 [SYM_R75]
[lib_symbol_issues]: The current configuration does not include the symbol library 'elt'
    ; warning
    @(31.115 mm, 626.745 mm): Symbol R75 [SYM_R75]
[endpoint_off_grid]: Symbol pin or wire end off connection grid
    ; warning
    @(31.115 mm, 630.555 mm): Vertical Wire, length 1.27 mm
[endpoint_off_grid]: Symbol pin or wire end off connection grid
    ; warning
    @(31.115 mm, 630.555 mm): Symbol R75 Pin 1 [Passive, Line]
[endpoint_off_grid]: Symbol pin or wire end off connection grid
    ; warning
    @(31.115 mm, 631.825 mm): Horizontal Wire, length 5.715 mm
[footprint_link_issues]: The current configuration does not include the footprint library 'Capacitor_SMD'
    ; warning
    @(31.75 mm, 917.575 mm): Symbol C14 [SYM_C14]
[lib_symbol_issues]: The current configuration does not include the symbol library 'elt'
    ; warning
    @(31.75 mm, 917.575 mm): Symbol C14 [SYM_C14]
[footprint_link_issues]: The current configuration does not include the footprint library 'Capacitor_SMD'
    ; warning
    @(31.75 mm, 968.375 mm): Symbol C15 [SYM_C15]
[lib_symbol_issues]: The current configuration does not include the symbol library 'elt'
    ; warning
    @(31.75 mm, 968.375 mm): Symbol C15 [SYM_C15]
[footprint_link_issues]: The current configuration does not include the footprint library 'Capacitor_SMD'
    ; warning
    @(31.75 mm, 1019.175 mm): Symbol C16 [SYM_C16]
[lib_symbol_issues]: The current configuration does not include the symbol library 'elt'
    ; warning
    @(31.75 mm, 1019.175 mm): Symbol C16 [SYM_C16]
[footprint_link_issues]: The current configuration does not include the footprint library 'Capacitor_SMD'
    ; warning
    @(31.75 mm, 1728.47 mm): Symbol C30 [SYM_C30]
[lib_symbol_issues]: The current configuration does not include the symbol library 'elt'
    ; warning
    @(31.75 mm, 1728.47 mm): Symbol C30 [SYM_C30]
[footprint_link_issues]: The current configuration does not include the footprint library 'Capacitor_SMD'
    ; warning
    @(31.75 mm, 1779.27 mm): Symbol C31 [SYM_C31]
[lib_symbol_issues]: The current configuration does not include the symbol library 'elt'
    ; warning
    @(31.75 mm, 1779.27 mm): Symbol C31 [SYM_C31]
[footprint_link_issues]: The current configuration does not include the footprint library 'Capacitor_SMD'
    ; warning
    @(31.75 mm, 1830.07 mm): Symbol C32 [SYM_C32]
[lib_symbol_issues]: The current configuration does not include the symbol library 'elt'
    ; warning
    @(31.75 mm, 1830.07 mm): Symbol C32 [SYM_C32]
[footprint_link_issues]: The current configuration does not include the footprint library 'Capacitor_SMD'
    ; warning
    @(31.75 mm, 2538.73 mm): Symbol C46 [SYM_C46]
[lib_symbol_issues]: The current configuration does not include the symbol library 'elt'
    ; warning
    @(31.75 mm, 2538.73 mm): Symbol C46 [SYM_C46]
[footprint_link_issues]: The current configuration does not include the footprint library 'Capacitor_SMD'
    ; warning
    @(31.75 mm, 2589.53 mm): Symbol C47 [SYM_C47]
[lib_symbol_issues]: The current configuration does not include the symbol library 'elt'
    ; warning
    @(31.75 mm, 2589.53 mm): Symbol C47 [SYM_C47]
[footprint_link_issues]: The current configuration does not include the footprint library 'Capacitor_SMD'
    ; warning
    @(31.75 mm, 2640.33 mm): Symbol C48 [SYM_C48]
[lib_symbol_issues]: The current configuration does not include the symbol library 'elt'
    ; warning
    @(31.75 mm, 2640.33 mm): Symbol C48 [SYM_C48]
[footprint_link_issues]: The current configuration does not include the footprint library 'Capacitor_SMD'
    ; warning
    @(31.75 mm, 3349.625 mm): Symbol C62 [SYM_C62]
[lib_symbol_issues]: The current configuration does not include the symbol library 'elt'
    ; warning
    @(31.75 mm, 3349.625 mm): Symbol C62 [SYM_C62]
[footprint_link_issues]: The current configuration does not include the footprint library 'Capacitor_SMD'
    ; warning
    @(31.75 mm, 3400.425 mm): Symbol C63 [SYM_C63]
[lib_symbol_issues]: The current configuration does not include the symbol library 'elt'
    ; warning
    @(31.75 mm, 3400.425 mm): Symbol C63 [SYM_C63]
[footprint_link_issues]: The current configuration does not include the footprint library 'Capacitor_SMD'
    ; warning
    @(31.75 mm, 3451.225 mm): Symbol C64 [SYM_C64]
[lib_symbol_issues]: The current configuration does not include the symbol library 'elt'
    ; warning
    @(31.75 mm, 3451.225 mm): Symbol C64 [SYM_C64]
[endpoint_off_grid]: Symbol pin or wire end off connection grid
    ; warning
    @(32.385 mm, 1423.035 mm): Horizontal Wire, length 4.445 mm
[endpoint_off_grid]: Symbol pin or wire end off connection grid
    ; warning
    @(32.385 mm, 1424.305 mm): Vertical Wire, length 1.27 mm
[endpoint_off_grid]: Symbol pin or wire end off connection grid
    ; warning
    @(32.385 mm, 1425.575 mm): Symbol C18 Pin 1 [Passive, Line]
[endpoint_off_grid]: Symbol pin or wire end off connection grid
    ; warning
    @(32.385 mm, 1425.575 mm): Vertical Wire, length 1.27 mm
[footprint_link_issues]: The current configuration does not include the footprint library 'Capacitor_SMD'
    ; warning
    @(32.385 mm, 1429.385 mm): Symbol C18 [SYM_C18]
[lib_symbol_issues]: The current configuration does not include the symbol library 'elt'
    ; warning
    @(32.385 mm, 1429.385 mm): Symbol C18 [SYM_C18]
[endpoint_off_grid]: Symbol pin or wire end off connection grid
    ; warning
    @(32.385 mm, 1433.195 mm): Symbol #PWR57 Hidden pin 1 [GND, Power input, Line]
[lib_symbol_issues]: The current configuration does not include the symbol library 'elt'
    ; warning
    @(32.385 mm, 1433.195 mm): Symbol #PWR57 [GND]
[endpoint_off_grid]: Symbol pin or wire end off connection grid
    ; warning
    @(32.385 mm, 2233.295 mm): Horizontal Wire, length 4.445 mm
[endpoint_off_grid]: Symbol pin or wire end off connection grid
    ; warning
    @(32.385 mm, 2234.565 mm): Vertical Wire, length 1.27 mm
[endpoint_off_grid]: Symbol pin or wire end off connection grid
    ; warning
    @(32.385 mm, 2235.835 mm): Symbol C34 Pin 1 [Passive, Line]
[endpoint_off_grid]: Symbol pin or wire end off connection grid
    ; warning
    @(32.385 mm, 2235.835 mm): Vertical Wire, length 1.27 mm
[footprint_link_issues]: The current configuration does not include the footprint library 'Capacitor_SMD'
    ; warning
    @(32.385 mm, 2239.645 mm): Symbol C34 [SYM_C34]
[lib_symbol_issues]: The current configuration does not include the symbol library 'elt'
    ; warning
    @(32.385 mm, 2239.645 mm): Symbol C34 [SYM_C34]
[endpoint_off_grid]: Symbol pin or wire end off connection grid
    ; warning
    @(32.385 mm, 2243.455 mm): Symbol #PWR87 Hidden pin 1 [GND, Power input, Line]
[lib_symbol_issues]: The current configuration does not include the symbol library 'elt'
    ; warning
    @(32.385 mm, 2243.455 mm): Symbol #PWR87 [GND]
[endpoint_off_grid]: Symbol pin or wire end off connection grid
    ; warning
    @(32.385 mm, 3854.45 mm): Horizontal Wire, length 4.445 mm
[endpoint_off_grid]: Symbol pin or wire end off connection grid
    ; warning
    @(32.385 mm, 3855.72 mm): Vertical Wire, length 1.27 mm
[endpoint_off_grid]: Symbol pin or wire end off connection grid
    ; warning
    @(32.385 mm, 3856.99 mm): Symbol C66 Pin 1 [Passive, Line]
[endpoint_off_grid]: Symbol pin or wire end off connection grid
    ; warning
    @(32.385 mm, 3856.99 mm): Vertical Wire, length 1.27 mm
[footprint_link_issues]: The current configuration does not include the footprint library 'Capacitor_SMD'
    ; warning
    @(32.385 mm, 3860.80 mm): Symbol C66 [SYM_C66]
[lib_symbol_issues]: The current configuration does not include the symbol library 'elt'
    ; warning
    @(32.385 mm, 3860.80 mm): Symbol C66 [SYM_C66]
[endpoint_off_grid]: Symbol pin or wire end off connection grid
    ; warning
    @(32.385 mm, 3864.61 mm): Symbol #PWR147 Hidden pin 1 [GND, Power input, Line]
[lib_symbol_issues]: The current configuration does not include the symbol library 'elt'
    ; warning
    @(32.385 mm, 3864.61 mm): Symbol #PWR147 [GND]
[endpoint_off_grid]: Symbol pin or wire end off connection grid
    ; warning
    @(33.02 mm, 412.115 mm): Symbol #PWR09 Hidden pin 1 [GND, Power input, Line]
[lib_symbol_issues]: The current configuration does not include the symbol library 'elt'
    ; warning
    @(33.02 mm, 412.115 mm): Symbol #PWR09 [GND]
[endpoint_off_grid]: Symbol pin or wire end off connection grid
    ; warning
    @(33.02 mm, 728.345 mm): Horizontal Wire, length 68.58 mm
[endpoint_off_grid]: Symbol pin or wire end off connection grid
    ; warning
    @(33.02 mm, 779.145 mm): Horizontal Wire, length 68.58 mm
[endpoint_off_grid]: Symbol pin or wire end off connection grid
    ; warning
    @(33.02 mm, 829.945 mm): Horizontal Wire, length 2.54 mm
[endpoint_off_grid]: Symbol pin or wire end off connection grid
    ; warning
    @(33.02 mm, 880.745 mm): Horizontal Wire, length 2.54 mm
[endpoint_off_grid]: Symbol pin or wire end off connection grid
    ; warning
    @(33.02 mm, 1538.605 mm): Horizontal Wire, length 68.58 mm
[endpoint_off_grid]: Symbol pin or wire end off connection grid
    ; warning
    @(33.02 mm, 1589.405 mm): Horizontal Wire, length 68.58 mm
[endpoint_off_grid]: Symbol pin or wire end off connection grid
    ; warning
    @(33.02 mm, 1640.205 mm): Horizontal Wire, length 2.54 mm
[endpoint_off_grid]: Symbol pin or wire end off connection grid
    ; warning
    @(33.02 mm, 1691.005 mm): Horizontal Wire, length 2.54 mm
[endpoint_off_grid]: Symbol pin or wire end off connection grid
    ; warning
    @(33.02 mm, 2348.865 mm): Horizontal Wire, length 68.58 mm
[endpoint_off_grid]: Symbol pin or wire end off connection grid
    ; warning
    @(33.02 mm, 2399.665 mm): Horizontal Wire, length 68.58 mm
[endpoint_off_grid]: Symbol pin or wire end off connection grid
    ; warning
    @(33.02 mm, 2450.465 mm): Horizontal Wire, length 2.54 mm
[endpoint_off_grid]: Symbol pin or wire end off connection grid
    ; warning
    @(33.02 mm, 2501.265 mm): Horizontal Wire, length 2.54 mm
[endpoint_off_grid]: Symbol pin or wire end off connection grid
    ; warning
    @(33.02 mm, 2741.295 mm): Horizontal Wire, length 2.54 mm
[endpoint_off_grid]: Symbol pin or wire end off connection grid
    ; warning
    @(33.02 mm, 2792.095 mm): Horizontal Wire, length 2.54 mm
[endpoint_off_grid]: Symbol pin or wire end off connection grid
    ; warning
    @(33.02 mm, 2842.895 mm): Horizontal Wire, length 68.58 mm
[endpoint_off_grid]: Symbol pin or wire end off connection grid
    ; warning
    @(33.02 mm, 2893.695 mm): Horizontal Wire, length 68.58 mm
[endpoint_off_grid]: Symbol pin or wire end off connection grid
    ; warning
    @(33.02 mm, 3551.555 mm): Horizontal Wire, length 2.54 mm
[endpoint_off_grid]: Symbol pin or wire end off connection grid
    ; warning
    @(33.02 mm, 3602.355 mm): Horizontal Wire, length 2.54 mm
[endpoint_off_grid]: Symbol pin or wire end off connection grid
    ; warning
    @(33.02 mm, 3653.155 mm): Horizontal Wire, length 68.58 mm
[endpoint_off_grid]: Symbol pin or wire end off connection grid
    ; warning
    @(33.02 mm, 3703.955 mm): Horizontal Wire, length 68.58 mm
[endpoint_off_grid]: Symbol pin or wire end off connection grid
    ; warning
    @(35.56 mm, 412.115 mm): Symbol #PWR10 Hidden pin 1 [GND, Power input, Line]
[lib_symbol_issues]: The current configuration does not include the symbol library 'elt'
    ; warning
    @(35.56 mm, 412.115 mm): Symbol #PWR10 [GND]
[endpoint_off_grid]: Symbol pin or wire end off connection grid
    ; warning
    @(35.56 mm, 829.945 mm): Vertical Wire, length 7.62 mm
[endpoint_off_grid]: Symbol pin or wire end off connection grid
    ; warning
    @(35.56 mm, 837.565 mm): Horizontal Wire, length 76.20 mm
[endpoint_off_grid]: Symbol pin or wire end off connection grid
    ; warning
    @(35.56 mm, 880.745 mm): Vertical Wire, length 7.62 mm
[endpoint_off_grid]: Symbol pin or wire end off connection grid
    ; warning
    @(35.56 mm, 888.365 mm): Horizontal Wire, length 76.20 mm
[endpoint_off_grid]: Symbol pin or wire end off connection grid
    ; warning
    @(35.56 mm, 917.575 mm): Symbol #PWR46 Hidden pin 1 [GND, Power input, Line]
[lib_symbol_issues]: The current configuration does not include the symbol library 'elt'
    ; warning
    @(35.56 mm, 917.575 mm): Symbol #PWR46 [GND]
[endpoint_off_grid]: Symbol pin or wire end off connection grid
    ; warning
    @(35.56 mm, 968.375 mm): Symbol #PWR47 Hidden pin 1 [GND, Power input, Line]
[lib_symbol_issues]: The current configuration does not include the symbol library 'elt'
    ; warning
    @(35.56 mm, 968.375 mm): Symbol #PWR47 [GND]
[endpoint_off_grid]: Symbol pin or wire end off connection grid
    ; warning
    @(35.56 mm, 1019.175 mm): Symbol #PWR48 Hidden pin 1 [GND, Power input, Line]
[lib_symbol_issues]: The current configuration does not include the symbol library 'elt'
    ; warning
    @(35.56 mm, 1019.175 mm): Symbol #PWR48 [GND]
[endpoint_off_grid]: Symbol pin or wire end off connection grid
    ; warning
    @(35.56 mm, 1640.205 mm): Vertical Wire, length 7.62 mm
[endpoint_off_grid]: Symbol pin or wire end off connection grid
    ; warning
    @(35.56 mm, 1647.825 mm): Horizontal Wire, length 76.20 mm
[endpoint_off_grid]: Symbol pin or wire end off connection grid
    ; warning
    @(35.56 mm, 1691.005 mm): Vertical Wire, length 7.62 mm
[endpoint_off_grid]: Symbol pin or wire end off connection grid
    ; warning
    @(35.56 mm, 1698.625 mm): Horizontal Wire, length 76.20 mm
[lib_symbol_issues]: The current configuration does not include the symbol library 'elt'
    ; warning
    @(35.56 mm, 1728.47 mm): Symbol #PWR76 [GND]
[lib_symbol_issues]: The current configuration does not include the symbol library 'elt'
    ; warning
    @(35.56 mm, 1779.27 mm): Symbol #PWR77 [GND]
[lib_symbol_issues]: The current configuration does not include the symbol library 'elt'
    ; warning
    @(35.56 mm, 1830.07 mm): Symbol #PWR78 [GND]
[endpoint_off_grid]: Symbol pin or wire end off connection grid
    ; warning
    @(35.56 mm, 1938.655 mm): Horizontal Wire, length 76.20 mm
[endpoint_off_grid]: Symbol pin or wire end off connection grid
    ; warning
    @(35.56 mm, 1930.40 mm): Vertical Wire, length 8.255 mm
[endpoint_off_grid]: Symbol pin or wire end off connection grid
    ; warning
    @(35.56 mm, 1981.20 mm): Vertical Wire, length 8.255 mm
[endpoint_off_grid]: Symbol pin or wire end off connection grid
    ; warning
    @(35.56 mm, 1989.455 mm): Horizontal Wire, length 76.20 mm
[endpoint_off_grid]: Symbol pin or wire end off connection grid
    ; warning
    @(35.56 mm, 2450.465 mm): Vertical Wire, length 8.255 mm
[endpoint_off_grid]: Symbol pin or wire end off connection grid
    ; warning
    @(35.56 mm, 2501.265 mm): Vertical Wire, length 8.255 mm
[lib_symbol_issues]: The current configuration does not include the symbol library 'elt'
    ; warning
    @(35.56 mm, 2538.73 mm): Symbol #PWR106 [GND]
[lib_symbol_issues]: The current configuration does not include the symbol library 'elt'
    ; warning
    @(35.56 mm, 2589.53 mm): Symbol #PWR107 [GND]
[lib_symbol_issues]: The current configuration does not include the symbol library 'elt'
    ; warning
    @(35.56 mm, 2640.33 mm): Symbol #PWR108 [GND]
[endpoint_off_grid]: Symbol pin or wire end off connection grid
    ; warning
    @(35.56 mm, 2741.295 mm): Vertical Wire, length 7.62 mm
[endpoint_off_grid]: Symbol pin or wire end off connection grid
    ; warning
    @(35.56 mm, 2748.915 mm): Horizontal Wire, length 76.20 mm
[endpoint_off_grid]: Symbol pin or wire end off connection grid
    ; warning
    @(35.56 mm, 2792.095 mm): Vertical Wire, length 7.62 mm
[endpoint_off_grid]: Symbol pin or wire end off connection grid
    ; warning
    @(35.56 mm, 2799.715 mm): Horizontal Wire, length 76.20 mm
[endpoint_off_grid]: Symbol pin or wire end off connection grid
    ; warning
    @(35.56 mm, 3349.625 mm): Symbol #PWR136 Hidden pin 1 [GND, Power input, Line]
[lib_symbol_issues]: The current configuration does not include the symbol library 'elt'
    ; warning
    @(35.56 mm, 3349.625 mm): Symbol #PWR136 [GND]
[endpoint_off_grid]: Symbol pin or wire end off connection grid
    ; warning
    @(35.56 mm, 3400.425 mm): Symbol #PWR137 Hidden pin 1 [GND, Power input, Line]
[lib_symbol_issues]: The current configuration does not include the symbol library 'elt'
    ; warning
    @(35.56 mm, 3400.425 mm): Symbol #PWR137 [GND]
[endpoint_off_grid]: Symbol pin or wire end off connection grid
    ; warning
    @(35.56 mm, 3451.225 mm): Symbol #PWR138 Hidden pin 1 [GND, Power input, Line]
[lib_symbol_issues]: The current configuration does not include the symbol library 'elt'
    ; warning
    @(35.56 mm, 3451.225 mm): Symbol #PWR138 [GND]
[endpoint_off_grid]: Symbol pin or wire end off connection grid
    ; warning
    @(35.56 mm, 3551.555 mm): Vertical Wire, length 8.255 mm
[endpoint_off_grid]: Symbol pin or wire end off connection grid
    ; warning
    @(35.56 mm, 3602.355 mm): Vertical Wire, length 8.255 mm
[endpoint_off_grid]: Symbol pin or wire end off connection grid
    ; warning
    @(37.465 mm, 3044.19 mm): Horizontal Wire, length 4.445 mm
[endpoint_off_grid]: Symbol pin or wire end off connection grid
    ; warning
    @(37.465 mm, 3045.46 mm): Vertical Wire, length 1.27 mm
[endpoint_off_grid]: Symbol pin or wire end off connection grid
    ; warning
    @(37.465 mm, 3046.095 mm): Symbol C50 Pin 1 [Passive, Line]
[endpoint_off_grid]: Symbol pin or wire end off connection grid
    ; warning
    @(37.465 mm, 3046.095 mm): Vertical Wire, length 0.635 mm
[footprint_link_issues]: The current configuration does not include the footprint library 'Capacitor_SMD'
    ; warning
    @(37.465 mm, 3049.905 mm): Symbol C50 [SYM_C50]
[lib_symbol_issues]: The current configuration does not include the symbol library 'elt'
    ; warning
    @(37.465 mm, 3049.905 mm): Symbol C50 [SYM_C50]
[endpoint_off_grid]: Symbol pin or wire end off connection grid
    ; warning
    @(37.465 mm, 3053.715 mm): Symbol #PWR117 Hidden pin 1 [GND, Power input, Line]
[lib_symbol_issues]: The current configuration does not include the symbol library 'elt'
    ; warning
    @(37.465 mm, 3053.715 mm): Symbol #PWR117 [GND]
[endpoint_off_grid]: Symbol pin or wire end off connection grid
    ; warning
    @(38.10 mm, 412.115 mm): Symbol #PWR11 Hidden pin 1 [GND, Power input, Line]
[lib_symbol_issues]: The current configuration does not include the symbol library 'elt'
    ; warning
    @(38.10 mm, 412.115 mm): Symbol #PWR11 [GND]
[endpoint_off_grid]: Symbol pin or wire end off connection grid
    ; warning
    @(38.735 mm, 691.515 mm): Symbol #PWR37 Hidden pin 1 [GND, Power input, Line]
[lib_symbol_issues]: The current configuration does not include the symbol library 'elt'
    ; warning
    @(38.735 mm, 691.515 mm): Symbol #PWR37 [GND]
[endpoint_off_grid]: Symbol pin or wire end off connection grid
    ; warning
    @(38.735 mm, 1083.31 mm): Symbol U6 Pin 5 [GND1, Passive, Line]
[endpoint_off_grid]: Symbol pin or wire end off connection grid
    ; warning
    @(38.735 mm, 1083.31 mm): Symbol #PWR39 Hidden pin 1 [GND, Power input, Line]
[lib_symbol_issues]: The current configuration does not include the symbol library 'elt'
    ; warning
    @(38.735 mm, 1083.31 mm): Symbol #PWR39 [GND]
[endpoint_off_grid]: Symbol pin or wire end off connection grid
    ; warning
    @(38.735 mm, 1501.775 mm): Symbol #PWR67 Hidden pin 1 [GND, Power input, Line]
[lib_symbol_issues]: The current configuration does not include the symbol library 'elt'
    ; warning
    @(38.735 mm, 1501.775 mm): Symbol #PWR67 [GND]
[endpoint_off_grid]: Symbol pin or wire end off connection grid
    ; warning
    @(38.735 mm, 1893.57 mm): Symbol #PWR69 Hidden pin 1 [GND, Power input, Line]
[endpoint_off_grid]: Symbol pin or wire end off connection grid
    ; warning
    @(38.735 mm, 1893.57 mm): Symbol U12 Pin 5 [GND1, Passive, Line]
[lib_symbol_issues]: The current configuration does not include the symbol library 'elt'
    ; warning
    @(38.735 mm, 1893.57 mm): Symbol #PWR69 [GND]
[endpoint_off_grid]: Symbol pin or wire end off connection grid
    ; warning
    @(38.735 mm, 2312.035 mm): Symbol #PWR97 Hidden pin 1 [GND, Power input, Line]
[lib_symbol_issues]: The current configuration does not include the symbol library 'elt'
    ; warning
    @(38.735 mm, 2312.035 mm): Symbol #PWR97 [GND]
[endpoint_off_grid]: Symbol pin or wire end off connection grid
    ; warning
    @(38.735 mm, 2704.465 mm): Symbol #PWR99 Hidden pin 1 [GND, Power input, Line]
[lib_symbol_issues]: The current configuration does not include the symbol library 'elt'
    ; warning
    @(38.735 mm, 2704.465 mm): Symbol #PWR99 [GND]
[endpoint_off_grid]: Symbol pin or wire end off connection grid
    ; warning
    @(38.735 mm, 3122.93 mm): Symbol U23 Pin 5 [GND1, Passive, Line]
[endpoint_off_grid]: Symbol pin or wire end off connection grid
    ; warning
    @(38.735 mm, 3122.93 mm): Symbol #PWR127 Hidden pin 1 [GND, Power input, Line]
[lib_symbol_issues]: The current configuration does not include the symbol library 'elt'
    ; warning
    @(38.735 mm, 3122.93 mm): Symbol #PWR127 [GND]
[endpoint_off_grid]: Symbol pin or wire end off connection grid
    ; warning
    @(38.735 mm, 3514.725 mm): Symbol #PWR129 Hidden pin 1 [GND, Power input, Line]
[lib_symbol_issues]: The current configuration does not include the symbol library 'elt'
    ; warning
    @(38.735 mm, 3514.725 mm): Symbol #PWR129 [GND]
[footprint_link_issues]: The current configuration does not include the footprint library 'pi_usb_port_switch'
    ; warning
    @(40.005 mm, 677.545 mm): Symbol U5 [SYM_U5]
[lib_symbol_issues]: The current configuration does not include the symbol library 'elt'
    ; warning
    @(40.005 mm, 677.545 mm): Symbol U5 [SYM_U5]
[footprint_link_issues]: The current configuration does not include the footprint library 'pi_usb_port_switch'
    ; warning
    @(40.005 mm, 1069.34 mm): Symbol U6 [SYM_U6]
[lib_symbol_issues]: The current configuration does not include the symbol library 'elt'
    ; warning
    @(40.005 mm, 1069.34 mm): Symbol U6 [SYM_U6]
[footprint_link_issues]: The current configuration does not include the footprint library 'pi_usb_port_switch'
    ; warning
    @(40.005 mm, 1487.805 mm): Symbol U11 [SYM_U11]
[lib_symbol_issues]: The current configuration does not include the symbol library 'elt'
    ; warning
    @(40.005 mm, 1487.805 mm): Symbol U11 [SYM_U11]
[footprint_link_issues]: The current configuration does not include the footprint library 'pi_usb_port_switch'
    ; warning
    @(40.005 mm, 1879.60 mm): Symbol U12 [SYM_U12]
[lib_symbol_issues]: The current configuration does not include the symbol library 'elt'
    ; warning
    @(40.005 mm, 1879.60 mm): Symbol U12 [SYM_U12]
[footprint_link_issues]: The current configuration does not include the footprint library 'pi_usb_port_switch'
    ; warning
    @(40.005 mm, 2298.065 mm): Symbol U17 [SYM_U17]
[lib_symbol_issues]: The current configuration does not include the symbol library 'elt'
    ; warning
    @(40.005 mm, 2298.065 mm): Symbol U17 [SYM_U17]
[footprint_link_issues]: The current configuration does not include the footprint library 'pi_usb_port_switch'
    ; warning
    @(40.005 mm, 2690.495 mm): Symbol U18 [SYM_U18]
[lib_symbol_issues]: The current configuration does not include the symbol library 'elt'
    ; warning
    @(40.005 mm, 2690.495 mm): Symbol U18 [SYM_U18]
[footprint_link_issues]: The current configuration does not include the footprint library 'pi_usb_port_switch'
    ; warning
    @(40.005 mm, 3108.96 mm): Symbol U23 [SYM_U23]
[lib_symbol_issues]: The current configuration does not include the symbol library 'elt'
    ; warning
    @(40.005 mm, 3108.96 mm): Symbol U23 [SYM_U23]
[footprint_link_issues]: The current configuration does not include the footprint library 'pi_usb_port_switch'
    ; warning
    @(40.005 mm, 3500.755 mm): Symbol U24 [SYM_U24]
[lib_symbol_issues]: The current configuration does not include the symbol library 'elt'
    ; warning
    @(40.005 mm, 3500.755 mm): Symbol U24 [SYM_U24]
[endpoint_off_grid]: Symbol pin or wire end off connection grid
    ; warning
    @(40.64 mm, 412.115 mm): Symbol #PWR12 Hidden pin 1 [GND, Power input, Line]
[lib_symbol_issues]: The current configuration does not include the symbol library 'elt'
    ; warning
    @(40.64 mm, 412.115 mm): Symbol #PWR12 [GND]
[endpoint_off_grid]: Symbol pin or wire end off connection grid
    ; warning
    @(41.275 mm, 691.515 mm): Symbol #PWR38 Hidden pin 1 [GND, Power input, Line]
[lib_symbol_issues]: The current configuration does not include the symbol library 'elt'
    ; warning
    @(41.275 mm, 691.515 mm): Symbol #PWR38 [GND]
[endpoint_off_grid]: Symbol pin or wire end off connection grid
    ; warning
    @(41.275 mm, 1083.31 mm): Symbol #PWR40 Hidden pin 1 [GND, Power input, Line]
[lib_symbol_issues]: The current configuration does not include the symbol library 'elt'
    ; warning
    @(41.275 mm, 1083.31 mm): Symbol #PWR40 [GND]
[endpoint_off_grid]: Symbol pin or wire end off connection grid
    ; warning
    @(45.72 mm, 1327.15 mm): Horizontal Wire, length 4.445 mm
[endpoint_off_grid]: Symbol pin or wire end off connection grid
    ; warning
    @(41.275 mm, 1501.775 mm): Symbol #PWR68 Hidden pin 1 [GND, Power input, Line]
[lib_symbol_issues]: The current configuration does not include the symbol library 'elt'
    ; warning
    @(41.275 mm, 1501.775 mm): Symbol #PWR68 [GND]
[endpoint_off_grid]: Symbol pin or wire end off connection grid
    ; warning
    @(41.275 mm, 1893.57 mm): Symbol #PWR70 Hidden pin 1 [GND, Power input, Line]
[lib_symbol_issues]: The current configuration does not include the symbol library 'elt'
    ; warning
    @(41.275 mm, 1893.57 mm): Symbol #PWR70 [GND]
[endpoint_off_grid]: Symbol pin or wire end off connection grid
    ; warning
    @(41.275 mm, 2312.035 mm): Symbol #PWR98 Hidden pin 1 [GND, Power input, Line]
[lib_symbol_issues]: The current configuration does not include the symbol library 'elt'
    ; warning
    @(41.275 mm, 2312.035 mm): Symbol #PWR98 [GND]
[endpoint_off_grid]: Symbol pin or wire end off connection grid
    ; warning
    @(41.275 mm, 2704.465 mm): Symbol #PWR100 Hidden pin 1 [GND, Power input, Line]
[lib_symbol_issues]: The current configuration does not include the symbol library 'elt'
    ; warning
    @(41.275 mm, 2704.465 mm): Symbol #PWR100 [GND]
[endpoint_off_grid]: Symbol pin or wire end off connection grid
    ; warning
    @(41.275 mm, 3122.93 mm): Symbol #PWR128 Hidden pin 1 [GND, Power input, Line]
[lib_symbol_issues]: The current configuration does not include the symbol library 'elt'
    ; warning
    @(41.275 mm, 3122.93 mm): Symbol #PWR128 [GND]
[endpoint_off_grid]: Symbol pin or wire end off connection grid
    ; warning
    @(41.275 mm, 3514.725 mm): Symbol #PWR130 Hidden pin 1 [GND, Power input, Line]
[lib_symbol_issues]: The current configuration does not include the symbol library 'elt'
    ; warning
    @(41.275 mm, 3514.725 mm): Symbol #PWR130 [GND]
[footprint_link_issues]: The current configuration does not include the footprint library 'Connector_PinHeader_2.54mm'
    ; warning
    @(41.91 mm, 375.285 mm): Symbol J2 [SYM_J2]
[lib_symbol_issues]: The current configuration does not include the symbol library 'elt'
    ; warning
    @(41.91 mm, 375.285 mm): Symbol J2 [SYM_J2]
[endpoint_off_grid]: Symbol pin or wire end off connection grid
    ; warning
    @(43.18 mm, 412.115 mm): Symbol #PWR13 Hidden pin 1 [GND, Power input, Line]
[lib_symbol_issues]: The current configuration does not include the symbol library 'elt'
    ; warning
    @(43.18 mm, 412.115 mm): Symbol #PWR13 [GND]
[footprint_link_issues]: The current configuration does not include the footprint library 'pi_usb_port_switch'
    ; warning
    @(43.815 mm, 107.315 mm): Symbol J1 [SYM_J1]
[lib_symbol_issues]: The current configuration does not include the symbol library 'elt'
    ; warning
    @(43.815 mm, 107.315 mm): Symbol J1 [SYM_J1]
[endpoint_off_grid]: Symbol pin or wire end off connection grid
    ; warning
    @(45.72 mm, 412.115 mm): Symbol #PWR14 Hidden pin 1 [GND, Power input, Line]
[lib_symbol_issues]: The current configuration does not include the symbol library 'elt'
    ; warning
    @(45.72 mm, 412.115 mm): Symbol #PWR14 [GND]
[footprint_link_issues]: The current configuration does not include the footprint library 'Resistor_SMD'
    ; warning
    @(45.72 mm, 1332.23 mm): Symbol R61 [SYM_R61]
[lib_symbol_issues]: The current configuration does not include the symbol library 'elt'
    ; warning
    @(45.72 mm, 1332.23 mm): Symbol R61 [SYM_R61]
[lib_symbol_issues]: The current configuration does not include the symbol library 'elt'
    ; warning
    @(45.72 mm, 1336.04 mm): Symbol #PWR52 [GND]
[endpoint_off_grid]: Symbol pin or wire end off connection grid
    ; warning
    @(45.72 mm, 2138.045 mm): Horizontal Wire, length 4.445 mm
[endpoint_off_grid]: Symbol pin or wire end off connection grid
    ; warning
    @(45.72 mm, 2139.315 mm): Symbol R62 Pin 1 [Passive, Line]
[endpoint_off_grid]: Symbol pin or wire end off connection grid
    ; warning
    @(45.72 mm, 2139.315 mm): Vertical Wire, length 1.27 mm
[footprint_link_issues]: The current configuration does not include the footprint library 'Resistor_SMD'
    ; warning
    @(45.72 mm, 2143.125 mm): Symbol R62 [SYM_R62]
[lib_symbol_issues]: The current configuration does not include the symbol library 'elt'
    ; warning
    @(45.72 mm, 2143.125 mm): Symbol R62 [SYM_R62]
[endpoint_off_grid]: Symbol pin or wire end off connection grid
    ; warning
    @(45.72 mm, 2146.935 mm): Symbol #PWR82 Hidden pin 1 [GND, Power input, Line]
[lib_symbol_issues]: The current configuration does not include the symbol library 'elt'
    ; warning
    @(45.72 mm, 2146.935 mm): Symbol #PWR82 [GND]
[endpoint_off_grid]: Symbol pin or wire end off connection grid
    ; warning
    @(45.72 mm, 2220.595 mm): Vertical Wire, length 11.43 mm
[endpoint_off_grid]: Symbol pin or wire end off connection grid
    ; warning
    @(45.72 mm, 2232.025 mm): Horizontal Wire, length 12.065 mm
[endpoint_off_grid]: Symbol pin or wire end off connection grid
    ; warning
    @(45.72 mm, 3758.565 mm): Horizontal Wire, length 4.445 mm
[endpoint_off_grid]: Symbol pin or wire end off connection grid
    ; warning
    @(45.72 mm, 3760.47 mm): Vertical Wire, length 1.905 mm
[footprint_link_issues]: The current configuration does not include the footprint library 'Resistor_SMD'
    ; warning
    @(45.72 mm, 3764.28 mm): Symbol R64 [SYM_R64]
[lib_symbol_issues]: The current configuration does not include the symbol library 'elt'
    ; warning
    @(45.72 mm, 3764.28 mm): Symbol R64 [SYM_R64]
[lib_symbol_issues]: The current configuration does not include the symbol library 'elt'
    ; warning
    @(45.72 mm, 3768.09 mm): Symbol #PWR142 [GND]
[endpoint_off_grid]: Symbol pin or wire end off connection grid
    ; warning
    @(46.99 mm, 2212.975 mm): Horizontal Wire, length 1.27 mm
[endpoint_off_grid]: Symbol pin or wire end off connection grid
    ; warning
    @(46.99 mm, 2215.515 mm): Vertical Wire, length 2.54 mm
[endpoint_off_grid]: Symbol pin or wire end off connection grid
    ; warning
    @(48.26 mm, 412.115 mm): Symbol #PWR15 Hidden pin 1 [GND, Power input, Line]
[lib_symbol_issues]: The current configuration does not include the symbol library 'elt'
    ; warning
    @(48.26 mm, 412.115 mm): Symbol #PWR15 [GND]
[lib_symbol_issues]: The current configuration does not include the symbol library 'elt'
    ; warning
    @(48.26 mm, 1369.06 mm): Symbol #PWR49 [GND]
[lib_symbol_issues]: The current configuration does not include the symbol library 'elt'
    ; warning
    @(48.26 mm, 1399.54 mm): Symbol #PWR55 [GND]
[endpoint_off_grid]: Symbol pin or wire end off connection grid
    ; warning
    @(48.26 mm, 2169.795 mm): Symbol U9 Pin 1 [Passive, Line]
[endpoint_off_grid]: Symbol pin or wire end off connection grid
    ; warning
    @(48.26 mm, 2179.955 mm): Symbol #PWR79 Hidden pin 1 [GND, Power input, Line]
[lib_symbol_issues]: The current configuration does not include the symbol library 'elt'
    ; warning
    @(48.26 mm, 2179.955 mm): Symbol #PWR79 [GND]
[endpoint_off_grid]: Symbol pin or wire end off connection grid
    ; warning
    @(48.26 mm, 2210.435 mm): Symbol #PWR85 Hidden pin 1 [GND, Power input, Line]
[endpoint_off_grid]: Symbol pin or wire end off connection grid
    ; warning
    @(48.26 mm, 2210.435 mm): Symbol U10 Pin 1 [GND, Passive, Line]
[lib_symbol_issues]: The current configuration does not include the symbol library 'elt'
    ; warning
    @(48.26 mm, 2210.435 mm): Symbol #PWR85 [GND]
[endpoint_off_grid]: Symbol pin or wire end off connection grid
    ; warning
    @(48.26 mm, 2215.515 mm): Horizontal Wire, length 1.27 mm
[endpoint_off_grid]: Symbol pin or wire end off connection grid
    ; warning
    @(48.26 mm, 2220.595 mm): Horizontal Wire, length 2.54 mm
[lib_symbol_issues]: The current configuration does not include the symbol library 'elt'
    ; warning
    @(48.26 mm, 3801.11 mm): Symbol #PWR139 [GND]
[lib_symbol_issues]: The current configuration does not include the symbol library 'elt'
    ; warning
    @(48.26 mm, 3831.59 mm): Symbol #PWR145 [GND]
[endpoint_off_grid]: Symbol pin or wire end off connection grid
    ; warning
    @(50.165 mm, 3023.235 mm): Horizontal Wire, length 2.54 mm
[endpoint_off_grid]: Symbol pin or wire end off connection grid
    ; warning
    @(50.165 mm, 3025.775 mm): Vertical Wire, length 2.54 mm
[endpoint_off_grid]: Symbol pin or wire end off connection grid
    ; warning
    @(50.165 mm, 3030.855 mm): Vertical Wire, length 11.43 mm
[endpoint_off_grid]: Symbol pin or wire end off connection grid
    ; warning
    @(50.165 mm, 3042.285 mm): Horizontal Wire, length 12.065 mm
[endpoint_off_grid]: Symbol pin or wire end off connection grid
    ; warning
    @(50.80 mm, 412.115 mm): Symbol #PWR16 Hidden pin 1 [GND, Power input, Line]
[lib_symbol_issues]: The current configuration does not include the symbol library 'elt'
    ; warning
    @(50.80 mm, 412.115 mm): Symbol #PWR16 [GND]
[endpoint_off_grid]: Symbol pin or wire end off connection grid
    ; warning
    @(50.80 mm, 2948.305 mm): Horizontal Wire, length 5.08 mm
[endpoint_off_grid]: Symbol pin or wire end off connection grid
    ; warning
    @(50.80 mm, 2949.575 mm): Symbol R63 Pin 1 [Passive, Line]
[endpoint_off_grid]: Symbol pin or wire end off connection grid
    ; warning
    @(50.80 mm, 2949.575 mm): Vertical Wire, length 1.27 mm
[footprint_link_issues]: The current configuration does not include the footprint library 'Resistor_SMD'
    ; warning
    @(50.80 mm, 2953.385 mm): Symbol R63 [SYM_R63]
[lib_symbol_issues]: The current configuration does not include the symbol library 'elt'
    ; warning
    @(50.80 mm, 2953.385 mm): Symbol R63 [SYM_R63]
[endpoint_off_grid]: Symbol pin or wire end off connection grid
    ; warning
    @(50.80 mm, 2957.195 mm): Symbol #PWR112 Hidden pin 1 [GND, Power input, Line]
[lib_symbol_issues]: The current configuration does not include the symbol library 'elt'
    ; warning
    @(50.80 mm, 2957.195 mm): Symbol #PWR112 [GND]
[endpoint_off_grid]: Symbol pin or wire end off connection grid
    ; warning
    @(52.705 mm, 2980.055 mm): Symbol U15 Pin 1 [Passive, Line]
[endpoint_off_grid]: Symbol pin or wire end off connection grid
    ; warning
    @(52.705 mm, 2990.215 mm): Symbol #PWR109 Hidden pin 1 [GND, Power input, Line]
[lib_symbol_issues]: The current configuration does not include the symbol library 'elt'
    ; warning
    @(52.705 mm, 2990.215 mm): Symbol #PWR109 [GND]
[endpoint_off_grid]: Symbol pin or wire end off connection grid
    ; warning
    @(52.705 mm, 3020.695 mm): Symbol U16 Pin 1 [GND, Passive, Line]
[endpoint_off_grid]: Symbol pin or wire end off connection grid
    ; warning
    @(52.705 mm, 3020.695 mm): Symbol #PWR115 Hidden pin 1 [GND, Power input, Line]
[lib_symbol_issues]: The current configuration does not include the symbol library 'elt'
    ; warning
    @(52.705 mm, 3020.695 mm): Symbol #PWR115 [GND]
[endpoint_off_grid]: Symbol pin or wire end off connection grid
    ; warning
    @(52.705 mm, 3025.775 mm): Horizontal Wire, length 2.54 mm
[endpoint_off_grid]: Symbol pin or wire end off connection grid
    ; warning
    @(52.705 mm, 3030.855 mm): Horizontal Wire, length 2.54 mm
[endpoint_off_grid]: Symbol pin or wire end off connection grid
    ; warning
    @(56.515 mm, 622.935 mm): Symbol #PWR26 Hidden pin 1 [GND, Power input, Line]
[lib_symbol_issues]: The current configuration does not include the symbol library 'elt'
    ; warning
    @(56.515 mm, 622.935 mm): Symbol #PWR26 [GND]
[footprint_link_issues]: The current configuration does not include the footprint library 'Resistor_SMD'
    ; warning
    @(56.515 mm, 626.745 mm): Symbol R76 [SYM_R76]
[lib_symbol_issues]: The current configuration does not include the symbol library 'elt'
    ; warning
    @(56.515 mm, 626.745 mm): Symbol R76 [SYM_R76]
[endpoint_off_grid]: Symbol pin or wire end off connection grid
    ; warning
    @(56.515 mm, 630.555 mm): Vertical Wire, length 1.905 mm
[endpoint_off_grid]: Symbol pin or wire end off connection grid
    ; warning
    @(56.515 mm, 630.555 mm): Symbol R76 Pin 1 [Passive, Line]
[endpoint_off_grid]: Symbol pin or wire end off connection grid
    ; warning
    @(56.515 mm, 632.46 mm): Horizontal Wire, length 0.635 mm
[endpoint_off_grid]: Symbol pin or wire end off connection grid
    ; warning
    @(45.72 mm, 1421.13 mm): Horizontal Wire, length 12.065 mm
[endpoint_off_grid]: Symbol pin or wire end off connection grid
    ; warning
    @(57.785 mm, 1421.13 mm): Vertical Wire, length 11.43 mm
[endpoint_off_grid]: Symbol pin or wire end off connection grid
    ; warning
    @(57.785 mm, 1432.56 mm): Symbol R66 Pin 1 [Passive, Line]
[footprint_link_issues]: The current configuration does not include the footprint library 'Resistor_SMD'
    ; warning
    @(57.785 mm, 1436.37 mm): Symbol R66 [SYM_R66]
[lib_symbol_issues]: The current configuration does not include the symbol library 'elt'
    ; warning
    @(57.785 mm, 1436.37 mm): Symbol R66 [SYM_R66]
[endpoint_off_grid]: Symbol pin or wire end off connection grid
    ; warning
    @(57.785 mm, 1440.18 mm): Symbol #PWR58 Hidden pin 1 [GND, Power input, Line]
[lib_symbol_issues]: The current configuration does not include the symbol library 'elt'
    ; warning
    @(57.785 mm, 1440.18 mm): Symbol #PWR58 [GND]
[endpoint_off_grid]: Symbol pin or wire end off connection grid
    ; warning
    @(57.785 mm, 2232.025 mm): Vertical Wire, length 11.43 mm
[endpoint_off_grid]: Symbol pin or wire end off connection grid
    ; warning
    @(57.785 mm, 2243.455 mm): Symbol R67 Pin 1 [Passive, Line]
[footprint_link_issues]: The current configuration does not include the footprint library 'Resistor_SMD'
    ; warning
    @(57.785 mm, 2247.265 mm): Symbol R67 [SYM_R67]
[lib_symbol_issues]: The current configuration does not include the symbol library 'elt'
    ; warning
    @(57.785 mm, 2247.265 mm): Symbol R67 [SYM_R67]
[endpoint_off_grid]: Symbol pin or wire end off connection grid
    ; warning
    @(57.785 mm, 2251.075 mm): Symbol #PWR88 Hidden pin 1 [GND, Power input, Line]
[lib_symbol_issues]: The current configuration does not include the symbol library 'elt'
    ; warning
    @(57.785 mm, 2251.075 mm): Symbol #PWR88 [GND]
[endpoint_off_grid]: Symbol pin or wire end off connection grid
    ; warning
    @(57.785 mm, 3853.18 mm): Vertical Wire, length 11.43 mm
[endpoint_off_grid]: Symbol pin or wire end off connection grid
    ; warning
    @(45.72 mm, 3853.18 mm): Horizontal Wire, length 12.065 mm
[endpoint_off_grid]: Symbol pin or wire end off connection grid
    ; warning
    @(57.785 mm, 3864.61 mm): Symbol R69 Pin 1 [Passive, Line]
[footprint_link_issues]: The current configuration does not include the footprint library 'Resistor_SMD'
    ; warning
    @(57.785 mm, 3868.42 mm): Symbol R69 [SYM_R69]
[lib_symbol_issues]: The current configuration does not include the symbol library 'elt'
    ; warning
    @(57.785 mm, 3868.42 mm): Symbol R69 [SYM_R69]
[endpoint_off_grid]: Symbol pin or wire end off connection grid
    ; warning
    @(57.785 mm, 3872.23 mm): Symbol #PWR148 Hidden pin 1 [GND, Power input, Line]
[lib_symbol_issues]: The current configuration does not include the symbol library 'elt'
    ; warning
    @(57.785 mm, 3872.23 mm): Symbol #PWR148 [GND]
[endpoint_off_grid]: Symbol pin or wire end off connection grid
    ; warning
    @(58.42 mm, 366.395 mm): Horizontal Wire, length 40.64 mm
[endpoint_off_grid]: Symbol pin or wire end off connection grid
    ; warning
    @(58.42 mm, 381.635 mm): Horizontal Wire, length 12.70 mm
[endpoint_off_grid]: Symbol pin or wire end off connection grid
    ; warning
    @(62.23 mm, 107.315 mm): Symbol #PWR01 Hidden pin 1 [GND, Power input, Line]
[lib_symbol_issues]: The current configuration does not include the symbol library 'elt'
    ; warning
    @(62.23 mm, 107.315 mm): Symbol #PWR01 [GND]
[footprint_link_issues]: The current configuration does not include the footprint library 'pi_usb_port_switch'
    ; warning
    @(62.23 mm, 1363.98 mm): Symbol U3 [SYM_U3]
[lib_symbol_issues]: The current configuration does not include the symbol library 'elt'
    ; warning
    @(62.23 mm, 1363.98 mm): Symbol U3 [SYM_U3]
[footprint_link_issues]: The current configuration does not include the footprint library 'pi_usb_port_switch'
    ; warning
    @(62.23 mm, 2174.875 mm): Symbol U9 [SYM_U9]
[lib_symbol_issues]: The current configuration does not include the symbol library 'elt'
    ; warning
    @(62.23 mm, 2174.875 mm): Symbol U9 [SYM_U9]
[endpoint_off_grid]: Symbol pin or wire end off connection grid
    ; warning
    @(62.23 mm, 3042.285 mm): Vertical Wire, length 11.43 mm
[endpoint_off_grid]: Symbol pin or wire end off connection grid
    ; warning
    @(62.23 mm, 3053.715 mm): Symbol R68 Pin 1 [Passive, Line]
[footprint_link_issues]: The current configuration does not include the footprint library 'Resistor_SMD'
    ; warning
    @(62.23 mm, 3057.525 mm): Symbol R68 [SYM_R68]
[lib_symbol_issues]: The current configuration does not include the symbol library 'elt'
    ; warning
    @(62.23 mm, 3057.525 mm): Symbol R68 [SYM_R68]
[endpoint_off_grid]: Symbol pin or wire end off connection grid
    ; warning
    @(62.23 mm, 3061.335 mm): Symbol #PWR118 Hidden pin 1 [GND, Power input, Line]
[lib_symbol_issues]: The current configuration does not include the symbol library 'elt'
    ; warning
    @(62.23 mm, 3061.335 mm): Symbol #PWR118 [GND]
[footprint_link_issues]: The current configuration does not include the footprint library 'pi_usb_port_switch'
    ; warning
    @(62.23 mm, 3796.03 mm): Symbol U21 [SYM_U21]
[lib_symbol_issues]: The current configuration does not include the symbol library 'elt'
    ; warning
    @(62.23 mm, 3796.03 mm): Symbol U21 [SYM_U21]
[footprint_link_issues]: The current configuration does not include the footprint library 'Package_SON'
    ; warning
    @(63.50 mm, 1404.62 mm): Symbol U4 [SYM_U4]
[lib_symbol_issues]: The current configuration does not include the symbol library 'elt'
    ; warning
    @(63.50 mm, 1404.62 mm): Symbol U4 [SYM_U4]
[footprint_link_issues]: The current configuration does not include the footprint library 'Package_SON'
    ; warning
    @(63.50 mm, 2215.515 mm): Symbol U10 [SYM_U10]
[lib_symbol_issues]: The current configuration does not include the symbol library 'elt'
    ; warning
    @(63.50 mm, 2215.515 mm): Symbol U10 [SYM_U10]
[footprint_link_issues]: The current configuration does not include the footprint library 'Package_SON'
    ; warning
    @(63.50 mm, 3836.67 mm): Symbol U22 [SYM_U22]
[lib_symbol_issues]: The current configuration does not include the symbol library 'elt'
    ; warning
    @(63.50 mm, 3836.67 mm): Symbol U22 [SYM_U22]
[unconnected_wire_endpoint]: Unconnected wire endpoint
    ; warning
    @(67.945 mm, 729.615 mm): Horizontal Wire, length 1.27 mm
[unconnected_wire_endpoint]: Unconnected wire endpoint
    ; warning
    @(67.945 mm, 780.415 mm): Horizontal Wire, length 1.27 mm
[unconnected_wire_endpoint]: Unconnected wire endpoint
    ; warning
    @(67.945 mm, 1223.01 mm): Horizontal Wire, length 1.27 mm
[unconnected_wire_endpoint]: Unconnected wire endpoint
    ; warning
    @(67.945 mm, 1273.81 mm): Horizontal Wire, length 1.27 mm
[unconnected_wire_endpoint]: Unconnected wire endpoint
    ; warning
    @(67.945 mm, 1539.875 mm): Horizontal Wire, length 1.27 mm
[unconnected_wire_endpoint]: Unconnected wire endpoint
    ; warning
    @(67.945 mm, 1590.675 mm): Horizontal Wire, length 1.27 mm
[unconnected_wire_endpoint]: Unconnected wire endpoint
    ; warning
    @(67.945 mm, 2033.27 mm): Horizontal Wire, length 1.27 mm
[unconnected_wire_endpoint]: Unconnected wire endpoint
    ; warning
    @(67.945 mm, 2084.07 mm): Horizontal Wire, length 1.27 mm
[unconnected_wire_endpoint]: Unconnected wire endpoint
    ; warning
    @(67.945 mm, 2350.135 mm): Horizontal Wire, length 1.27 mm
[unconnected_wire_endpoint]: Unconnected wire endpoint
    ; warning
    @(67.945 mm, 2400.935 mm): Horizontal Wire, length 1.27 mm
[unconnected_wire_endpoint]: Unconnected wire endpoint
    ; warning
    @(67.945 mm, 2844.165 mm): Horizontal Wire, length 1.27 mm
[unconnected_wire_endpoint]: Unconnected wire endpoint
    ; warning
    @(67.945 mm, 2894.965 mm): Horizontal Wire, length 1.27 mm
[footprint_link_issues]: The current configuration does not include the footprint library 'pi_usb_port_switch'
    ; warning
    @(66.675 mm, 2985.135 mm): Symbol U15 [SYM_U15]
[lib_symbol_issues]: The current configuration does not include the symbol library 'elt'
    ; warning
    @(66.675 mm, 2985.135 mm): Symbol U15 [SYM_U15]
[unconnected_wire_endpoint]: Unconnected wire endpoint
    ; warning
    @(67.945 mm, 3161.03 mm): Horizontal Wire, length 1.27 mm
[unconnected_wire_endpoint]: Unconnected wire endpoint
    ; warning
    @(67.945 mm, 3211.83 mm): Horizontal Wire, length 1.27 mm
[unconnected_wire_endpoint]: Unconnected wire endpoint
    ; warning
    @(67.945 mm, 3654.425 mm): Horizontal Wire, length 1.27 mm
[unconnected_wire_endpoint]: Unconnected wire endpoint
    ; warning
    @(67.945 mm, 3705.225 mm): Horizontal Wire, length 1.27 mm
[endpoint_off_grid]: Symbol pin or wire end off connection grid
    ; warning
    @(67.945 mm, 728.345 mm): Vertical Wire, length 1.27 mm
[endpoint_off_grid]: Symbol pin or wire end off connection grid
    ; warning
    @(67.945 mm, 729.615 mm): Horizontal Wire, length 1.27 mm
[endpoint_off_grid]: Symbol pin or wire end off connection grid
    ; warning
    @(67.945 mm, 779.145 mm): Vertical Wire, length 1.27 mm
[endpoint_off_grid]: Symbol pin or wire end off connection grid
    ; warning
    @(67.945 mm, 780.415 mm): Horizontal Wire, length 1.27 mm
[endpoint_off_grid]: Symbol pin or wire end off connection grid
    ; warning
    @(67.945 mm, 1221.74 mm): Vertical Wire, length 1.27 mm
[endpoint_off_grid]: Symbol pin or wire end off connection grid
    ; warning
    @(67.945 mm, 1223.01 mm): Horizontal Wire, length 1.27 mm
[endpoint_off_grid]: Symbol pin or wire end off connection grid
    ; warning
    @(67.945 mm, 1272.54 mm): Vertical Wire, length 1.27 mm
[endpoint_off_grid]: Symbol pin or wire end off connection grid
    ; warning
    @(67.945 mm, 1273.81 mm): Horizontal Wire, length 1.27 mm
[endpoint_off_grid]: Symbol pin or wire end off connection grid
    ; warning
    @(67.945 mm, 1538.605 mm): Vertical Wire, length 1.27 mm
[endpoint_off_grid]: Symbol pin or wire end off connection grid
    ; warning
    @(67.945 mm, 1539.875 mm): Horizontal Wire, length 1.27 mm
[endpoint_off_grid]: Symbol pin or wire end off connection grid
    ; warning
    @(67.945 mm, 1589.405 mm): Vertical Wire, length 1.27 mm
[endpoint_off_grid]: Symbol pin or wire end off connection grid
    ; warning
    @(67.945 mm, 1590.675 mm): Horizontal Wire, length 1.27 mm
[endpoint_off_grid]: Symbol pin or wire end off connection grid
    ; warning
    @(67.945 mm, 2032.00 mm): Vertical Wire, length 1.27 mm
[endpoint_off_grid]: Symbol pin or wire end off connection grid
    ; warning
    @(67.945 mm, 2033.27 mm): Horizontal Wire, length 1.27 mm
[endpoint_off_grid]: Symbol pin or wire end off connection grid
    ; warning
    @(67.945 mm, 2082.80 mm): Vertical Wire, length 1.27 mm
[endpoint_off_grid]: Symbol pin or wire end off connection grid
    ; warning
    @(67.945 mm, 2084.07 mm): Horizontal Wire, length 1.27 mm
[endpoint_off_grid]: Symbol pin or wire end off connection grid
    ; warning
    @(67.945 mm, 2348.865 mm): Vertical Wire, length 1.27 mm
[endpoint_off_grid]: Symbol pin or wire end off connection grid
    ; warning
    @(67.945 mm, 2350.135 mm): Horizontal Wire, length 1.27 mm
[endpoint_off_grid]: Symbol pin or wire end off connection grid
    ; warning
    @(67.945 mm, 2399.665 mm): Vertical Wire, length 1.27 mm
[endpoint_off_grid]: Symbol pin or wire end off connection grid
    ; warning
    @(67.945 mm, 2400.935 mm): Horizontal Wire, length 1.27 mm
[endpoint_off_grid]: Symbol pin or wire end off connection grid
    ; warning
    @(67.945 mm, 2842.895 mm): Vertical Wire, length 1.27 mm
[endpoint_off_grid]: Symbol pin or wire end off connection grid
    ; warning
    @(67.945 mm, 2844.165 mm): Horizontal Wire, length 1.27 mm
[endpoint_off_grid]: Symbol pin or wire end off connection grid
    ; warning
    @(67.945 mm, 2893.695 mm): Vertical Wire, length 1.27 mm
[endpoint_off_grid]: Symbol pin or wire end off connection grid
    ; warning
    @(67.945 mm, 2894.965 mm): Horizontal Wire, length 1.27 mm
[footprint_link_issues]: The current configuration does not include the footprint library 'Package_SON'
    ; warning
    @(67.945 mm, 3025.775 mm): Symbol U16 [SYM_U16]
[lib_symbol_issues]: The current configuration does not include the symbol library 'elt'
    ; warning
    @(67.945 mm, 3025.775 mm): Symbol U16 [SYM_U16]
[endpoint_off_grid]: Symbol pin or wire end off connection grid
    ; warning
    @(67.945 mm, 3159.76 mm): Vertical Wire, length 1.27 mm
[endpoint_off_grid]: Symbol pin or wire end off connection grid
    ; warning
    @(67.945 mm, 3161.03 mm): Horizontal Wire, length 1.27 mm
[endpoint_off_grid]: Symbol pin or wire end off connection grid
    ; warning
    @(67.945 mm, 3210.56 mm): Vertical Wire, length 1.27 mm
[endpoint_off_grid]: Symbol pin or wire end off connection grid
    ; warning
    @(67.945 mm, 3211.83 mm): Horizontal Wire, length 1.27 mm
[endpoint_off_grid]: Symbol pin or wire end off connection grid
    ; warning
    @(67.945 mm, 3653.155 mm): Vertical Wire, length 1.27 mm
[endpoint_off_grid]: Symbol pin or wire end off connection grid
    ; warning
    @(67.945 mm, 3654.425 mm): Horizontal Wire, length 1.27 mm
[endpoint_off_grid]: Symbol pin or wire end off connection grid
    ; warning
    @(67.945 mm, 3703.955 mm): Vertical Wire, length 1.27 mm
[endpoint_off_grid]: Symbol pin or wire end off connection grid
    ; warning
    @(67.945 mm, 3705.225 mm): Horizontal Wire, length 1.27 mm
[endpoint_off_grid]: Symbol pin or wire end off connection grid
    ; warning
    @(68.58 mm, 100.33 mm): Vertical Wire, length 17.145 mm
[endpoint_off_grid]: Symbol pin or wire end off connection grid
    ; warning
    @(68.58 mm, 83.185 mm): Horizontal Wire, length 54.61 mm
[endpoint_off_grid]: Symbol pin or wire end off connection grid
    ; warning
    @(70.485 mm, 100.33 mm): Horizontal Wire, length 1.905 mm
[endpoint_off_grid]: Symbol pin or wire end off connection grid
    ; warning
    @(70.485 mm, 2112.645 mm): Horizontal Wire, length 10.795 mm
[endpoint_off_grid]: Symbol pin or wire end off connection grid
    ; warning
    @(70.485 mm, 2125.345 mm): Horizontal Wire, length 1.27 mm
[endpoint_off_grid]: Symbol pin or wire end off connection grid
    ; warning
    @(70.485 mm, 2138.045 mm): Vertical Wire, length 25.40 mm
[endpoint_off_grid]: Symbol pin or wire end off connection grid
    ; warning
    @(70.485 mm, 2139.315 mm): Symbol C33 Pin 1 [Passive, Line]
[endpoint_off_grid]: Symbol pin or wire end off connection grid
    ; warning
    @(70.485 mm, 2139.315 mm): Vertical Wire, length 1.27 mm
[footprint_link_issues]: The current configuration does not include the footprint library 'Capacitor_SMD'
    ; warning
    @(70.485 mm, 2143.125 mm): Symbol C33 [SYM_C33]
[lib_symbol_issues]: The current configuration does not include the symbol library 'elt'
    ; warning
    @(70.485 mm, 2143.125 mm): Symbol C33 [SYM_C33]
[endpoint_off_grid]: Symbol pin or wire end off connection grid
    ; warning
    @(70.485 mm, 2146.935 mm): Symbol #PWR80 Hidden pin 1 [GND, Power input, Line]
[lib_symbol_issues]: The current configuration does not include the symbol library 'elt'
    ; warning
    @(70.485 mm, 2146.935 mm): Symbol #PWR80 [GND]
[endpoint_off_grid]: Symbol pin or wire end off connection grid
    ; warning
    @(71.12 mm, 1315.085 mm): Horizontal Wire, length 1.27 mm
[endpoint_off_grid]: Symbol pin or wire end off connection grid
    ; warning
    @(71.12 mm, 1328.42 mm): Vertical Wire, length 0.635 mm
[endpoint_off_grid]: Symbol pin or wire end off connection grid
    ; warning
    @(71.12 mm, 1327.785 mm): Vertical Wire, length 26.035 mm
[footprint_link_issues]: The current configuration does not include the footprint library 'Capacitor_SMD'
    ; warning
    @(71.12 mm, 1332.23 mm): Symbol C17 [SYM_C17]
[lib_symbol_issues]: The current configuration does not include the symbol library 'elt'
    ; warning
    @(71.12 mm, 1332.23 mm): Symbol C17 [SYM_C17]
[lib_symbol_issues]: The current configuration does not include the symbol library 'elt'
    ; warning
    @(71.12 mm, 1336.04 mm): Symbol #PWR50 [GND]
[footprint_link_issues]: The current configuration does not include the footprint library 'Capacitor_SMD'
    ; warning
    @(71.12 mm, 3764.28 mm): Symbol C65 [SYM_C65]
[lib_symbol_issues]: The current configuration does not include the symbol library 'elt'
    ; warning
    @(71.12 mm, 3764.28 mm): Symbol C65 [SYM_C65]
[lib_symbol_issues]: The current configuration does not include the symbol library 'elt'
    ; warning
    @(71.12 mm, 3768.09 mm): Symbol #PWR140 [GND]
[endpoint_off_grid]: Symbol pin or wire end off connection grid
    ; warning
    @(77.47 mm, 100.33 mm): Horizontal Wire, length 5.715 mm
[endpoint_off_grid]: Symbol pin or wire end off connection grid
    ; warning
    @(71.755 mm, 100.33 mm): Horizontal Wire, length 1.27 mm
[endpoint_off_grid]: Symbol pin or wire end off connection grid
    ; warning
    @(75.565 mm, 2922.905 mm): Horizontal Wire, length 10.16 mm
[endpoint_off_grid]: Symbol pin or wire end off connection grid
    ; warning
    @(75.565 mm, 2935.605 mm): Horizontal Wire, length 1.27 mm
[endpoint_off_grid]: Symbol pin or wire end off connection grid
    ; warning
    @(75.565 mm, 2948.305 mm): Vertical Wire, length 25.40 mm
[endpoint_off_grid]: Symbol pin or wire end off connection grid
    ; warning
    @(75.565 mm, 2949.575 mm): Vertical Wire, length 1.27 mm
[endpoint_off_grid]: Symbol pin or wire end off connection grid
    ; warning
    @(75.565 mm, 2949.575 mm): Symbol C49 Pin 1 [Passive, Line]
[footprint_link_issues]: The current configuration does not include the footprint library 'Capacitor_SMD'
    ; warning
    @(75.565 mm, 2953.385 mm): Symbol C49 [SYM_C49]
[lib_symbol_issues]: The current configuration does not include the symbol library 'elt'
    ; warning
    @(75.565 mm, 2953.385 mm): Symbol C49 [SYM_C49]
[endpoint_off_grid]: Symbol pin or wire end off connection grid
    ; warning
    @(75.565 mm, 2957.195 mm): Symbol #PWR110 Hidden pin 1 [GND, Power input, Line]
[lib_symbol_issues]: The current configuration does not include the symbol library 'elt'
    ; warning
    @(75.565 mm, 2957.195 mm): Symbol #PWR110 [GND]
[endpoint_off_grid]: Symbol pin or wire end off connection grid
    ; warning
    @(76.20 mm, 2179.955 mm): Horizontal Wire, length 43.18 mm
[endpoint_off_grid]: Symbol pin or wire end off connection grid
    ; warning
    @(77.47 mm, 103.505 mm): Horizontal Wire, length 1.27 mm
[endpoint_off_grid]: Symbol pin or wire end off connection grid
    ; warning
    @(77.47 mm, 103.505 mm): Symbol C1 Pin 1 [Passive, Line]
[footprint_link_issues]: The current configuration does not include the footprint library 'Capacitor_SMD'
    ; warning
    @(77.47 mm, 107.315 mm): Symbol C1 [SYM_C1]
[lib_symbol_issues]: The current configuration does not include the symbol library 'elt'
    ; warning
    @(77.47 mm, 107.315 mm): Symbol C1 [SYM_C1]
[endpoint_off_grid]: Symbol pin or wire end off connection grid
    ; warning
    @(77.47 mm, 111.125 mm): Symbol #PWR03 Hidden pin 1 [GND, Power input, Line]
[endpoint_off_grid]: Symbol pin or wire end off connection grid
    ; warning
    @(77.47 mm, 111.125 mm): Symbol #FLG01 Hidden pin 1 [pwr, Power output, Line]
[lib_symbol_issues]: The current configuration does not include the symbol library 'elt'
    ; warning
    @(77.47 mm, 111.125 mm): Symbol #PWR03 [GND]
[lib_symbol_issues]: The current configuration does not include the symbol library 'elt'
    ; warning
    @(77.47 mm, 111.125 mm): Symbol #FLG01 [PWR_FLAG]
[endpoint_off_grid]: Symbol pin or wire end off connection grid
    ; warning
    @(78.105 mm, 100.33 mm): Horizontal Wire, length 0.635 mm
[endpoint_off_grid]: Symbol pin or wire end off connection grid
    ; warning
    @(86.36 mm, 100.33 mm): Horizontal Wire, length 8.255 mm
[endpoint_off_grid]: Symbol pin or wire end off connection grid
    ; warning
    @(78.74 mm, 103.505 mm): Vertical Wire, length 3.81 mm
[lib_symbol_issues]: The current configuration does not include the symbol library 'elt'
    ; warning
    @(78.74 mm, 1400.81 mm): Symbol #PWR56 [GND]
[endpoint_off_grid]: Symbol pin or wire end off connection grid
    ; warning
    @(78.74 mm, 2211.705 mm): Symbol #PWR86 Hidden pin 1 [GND, Power input, Line]
[lib_symbol_issues]: The current configuration does not include the symbol library 'elt'
    ; warning
    @(78.74 mm, 2211.705 mm): Symbol #PWR86 [GND]
[endpoint_off_grid]: Symbol pin or wire end off connection grid
    ; warning
    @(78.74 mm, 2214.245 mm): Horizontal Wire, length 55.88 mm
[endpoint_off_grid]: Symbol pin or wire end off connection grid
    ; warning
    @(78.74 mm, 2216.785 mm): Horizontal Wire, length 2.54 mm
[lib_symbol_issues]: The current configuration does not include the symbol library 'elt'
    ; warning
    @(78.74 mm, 3832.86 mm): Symbol #PWR146 [GND]
[endpoint_off_grid]: Symbol pin or wire end off connection grid
    ; warning
    @(79.375 mm, 48.26 mm): Vertical Wire, length 2.54 mm
[endpoint_off_grid]: Symbol pin or wire end off connection grid
    ; warning
    @(95.25 mm, 48.26 mm): Horizontal Wire, length 15.875 mm
[endpoint_off_grid]: Symbol pin or wire end off connection grid
    ; warning
    @(79.375 mm, 50.80 mm): Vertical Wire, length 1.27 mm
[endpoint_off_grid]: Symbol pin or wire end off connection grid
    ; warning
    @(79.375 mm, 52.07 mm): Symbol C4 Pin 1 [Passive, Line]
[footprint_link_issues]: The current configuration does not include the footprint library 'Capacitor_SMD'
    ; warning
    @(79.375 mm, 55.88 mm): Symbol C4 [SYM_C4]
[lib_symbol_issues]: The current configuration does not include the symbol library 'elt'
    ; warning
    @(79.375 mm, 55.88 mm): Symbol C4 [SYM_C4]
[endpoint_off_grid]: Symbol pin or wire end off connection grid
    ; warning
    @(79.375 mm, 59.69 mm): Symbol #PWR07 Hidden pin 1 [GND, Power input, Line]
[lib_symbol_issues]: The current configuration does not include the symbol library 'elt'
    ; warning
    @(79.375 mm, 59.69 mm): Symbol #PWR07 [GND]
[endpoint_off_grid]: Symbol pin or wire end off connection grid
    ; warning
    @(80.645 mm, 127.00 mm): Horizontal Wire, length 9.525 mm
[endpoint_off_grid]: Symbol pin or wire end off connection grid
    ; warning
    @(80.645 mm, 127.00 mm): Symbol F1 Pin 1 [FUSE_A, Passive, Line]
[endpoint_off_grid]: Symbol pin or wire end off connection grid
    ; warning
    @(80.645 mm, 2990.215 mm): Horizontal Wire, length 43.18 mm
[footprint_link_issues]: The current configuration does not include the footprint library 'Capacitor_SMD'
    ; warning
    @(81.28 mm, 1309.37 mm): Symbol C19 [SYM_C19]
[lib_symbol_issues]: The current configuration does not include the symbol library 'elt'
    ; warning
    @(81.28 mm, 1309.37 mm): Symbol C19 [SYM_C19]
[lib_symbol_issues]: The current configuration does not include the symbol library 'elt'
    ; warning
    @(81.28 mm, 1313.18 mm): Symbol #PWR54 [GND]
[endpoint_off_grid]: Symbol pin or wire end off connection grid
    ; warning
    @(81.28 mm, 2112.645 mm): Vertical Wire, length 2.54 mm
[endpoint_off_grid]: Symbol pin or wire end off connection grid
    ; warning
    @(81.28 mm, 2115.185 mm): Vertical Wire, length 0.635 mm
[footprint_link_issues]: The current configuration does not include the footprint library 'Capacitor_SMD'
    ; warning
    @(81.28 mm, 2119.63 mm): Symbol C35 [SYM_C35]
[lib_symbol_issues]: The current configuration does not include the symbol library 'elt'
    ; warning
    @(81.28 mm, 2119.63 mm): Symbol C35 [SYM_C35]
[lib_symbol_issues]: The current configuration does not include the symbol library 'elt'
    ; warning
    @(81.28 mm, 2123.44 mm): Symbol #PWR84 [GND]
[endpoint_off_grid]: Symbol pin or wire end off connection grid
    ; warning
    @(81.28 mm, 2216.785 mm): Vertical Wire, length 2.54 mm
[endpoint_off_grid]: Symbol pin or wire end off connection grid
    ; warning
    @(81.28 mm, 2219.325 mm): Horizontal Wire, length 2.54 mm
[endpoint_off_grid]: Symbol pin or wire end off connection grid
    ; warning
    @(81.28 mm, 3736.34 mm): Vertical Wire, length 0.635 mm
[endpoint_off_grid]: Symbol pin or wire end off connection grid
    ; warning
    @(81.28 mm, 3736.975 mm): Symbol C67 Pin 1 [Passive, Line]
[footprint_link_issues]: The current configuration does not include the footprint library 'Capacitor_SMD'
    ; warning
    @(81.28 mm, 3740.785 mm): Symbol C67 [SYM_C67]
[lib_symbol_issues]: The current configuration does not include the symbol library 'elt'
    ; warning
    @(81.28 mm, 3740.785 mm): Symbol C67 [SYM_C67]
[endpoint_off_grid]: Symbol pin or wire end off connection grid
    ; warning
    @(81.28 mm, 3744.595 mm): Symbol #PWR144 Hidden pin 1 [GND, Power input, Line]
[lib_symbol_issues]: The current configuration does not include the symbol library 'elt'
    ; warning
    @(81.28 mm, 3744.595 mm): Symbol #PWR144 [GND]
[endpoint_off_grid]: Symbol pin or wire end off connection grid
    ; warning
    @(81.915 mm, 622.935 mm): Symbol #PWR27 Hidden pin 1 [GND, Power input, Line]
[lib_symbol_issues]: The current configuration does not include the symbol library 'elt'
    ; warning
    @(81.915 mm, 622.935 mm): Symbol #PWR27 [GND]
[footprint_link_issues]: The current configuration does not include the footprint library 'Resistor_SMD'
    ; warning
    @(81.915 mm, 626.745 mm): Symbol R77 [SYM_R77]
[lib_symbol_issues]: The current configuration does not include the symbol library 'elt'
    ; warning
    @(81.915 mm, 626.745 mm): Symbol R77 [SYM_R77]
[endpoint_off_grid]: Symbol pin or wire end off connection grid
    ; warning
    @(81.915 mm, 630.555 mm): Vertical Wire, length 1.905 mm
[endpoint_off_grid]: Symbol pin or wire end off connection grid
    ; warning
    @(81.915 mm, 630.555 mm): Symbol R77 Pin 1 [Passive, Line]
[endpoint_off_grid]: Symbol pin or wire end off connection grid
    ; warning
    @(81.915 mm, 632.46 mm): Horizontal Wire, length 0.635 mm
[endpoint_off_grid]: Symbol pin or wire end off connection grid
    ; warning
    @(83.185 mm, 3021.965 mm): Symbol #PWR116 Hidden pin 1 [GND, Power input, Line]
[lib_symbol_issues]: The current configuration does not include the symbol library 'elt'
    ; warning
    @(83.185 mm, 3021.965 mm): Symbol #PWR116 [GND]
[endpoint_off_grid]: Symbol pin or wire end off connection grid
    ; warning
    @(83.185 mm, 3024.505 mm): Horizontal Wire, length 55.88 mm
[endpoint_off_grid]: Symbol pin or wire end off connection grid
    ; warning
    @(83.185 mm, 3027.045 mm): Horizontal Wire, length 2.54 mm
[endpoint_off_grid]: Symbol pin or wire end off connection grid
    ; warning
    @(85.725 mm, 2922.905 mm): Vertical Wire, length 2.54 mm
[endpoint_off_grid]: Symbol pin or wire end off connection grid
    ; warning
    @(85.725 mm, 2925.445 mm): Vertical Wire, length 1.27 mm
[endpoint_off_grid]: Symbol pin or wire end off connection grid
    ; warning
    @(85.725 mm, 2926.715 mm): Symbol C51 Pin 1 [Passive, Line]
[footprint_link_issues]: The current configuration does not include the footprint library 'Capacitor_SMD'
    ; warning
    @(85.725 mm, 2930.525 mm): Symbol C51 [SYM_C51]
[lib_symbol_issues]: The current configuration does not include the symbol library 'elt'
    ; warning
    @(85.725 mm, 2930.525 mm): Symbol C51 [SYM_C51]
[endpoint_off_grid]: Symbol pin or wire end off connection grid
    ; warning
    @(85.725 mm, 2934.335 mm): Symbol #PWR114 Hidden pin 1 [GND, Power input, Line]
[lib_symbol_issues]: The current configuration does not include the symbol library 'elt'
    ; warning
    @(85.725 mm, 2934.335 mm): Symbol #PWR114 [GND]
[endpoint_off_grid]: Symbol pin or wire end off connection grid
    ; warning
    @(85.725 mm, 3027.045 mm): Vertical Wire, length 2.54 mm
[endpoint_off_grid]: Symbol pin or wire end off connection grid
    ; warning
    @(85.725 mm, 3029.585 mm): Horizontal Wire, length 2.54 mm
[lib_symbol_issues]: The current configuration does not include the symbol library 'elt'
    ; warning
    @(87.63 mm, 93.98 mm): Symbol #PWR05 [GND]
[lib_symbol_issues]: The current configuration does not include the symbol library 'elt'
    ; warning
    @(91.44 mm, 1344.93 mm): Symbol #PWR51 [GND]
[lib_symbol_issues]: The current configuration does not include the symbol library 'elt'
    ; warning
    @(91.44 mm, 1380.49 mm): Symbol #PWR53 [GND]
[endpoint_off_grid]: Symbol pin or wire end off connection grid
    ; warning
    @(91.44 mm, 2153.285 mm): Symbol Q3 Pin 1 [G, Passive, Line]
[endpoint_off_grid]: Symbol pin or wire end off connection grid
    ; warning
    @(91.44 mm, 2155.825 mm): Symbol #PWR81 Hidden pin 1 [GND, Power input, Line]
[lib_symbol_issues]: The current configuration does not include the symbol library 'elt'
    ; warning
    @(91.44 mm, 2155.825 mm): Symbol #PWR81 [GND]
[endpoint_off_grid]: Symbol pin or wire end off connection grid
    ; warning
    @(91.44 mm, 2186.305 mm): Symbol U13 Pin 1 [A, Passive, Line]
[endpoint_off_grid]: Symbol pin or wire end off connection grid
    ; warning
    @(91.44 mm, 2191.385 mm): Symbol #PWR83 Hidden pin 1 [GND, Power input, Line]
[lib_symbol_issues]: The current configuration does not include the symbol library 'elt'
    ; warning
    @(91.44 mm, 2191.385 mm): Symbol #PWR83 [GND]
[lib_symbol_issues]: The current configuration does not include the symbol library 'elt'
    ; warning
    @(91.44 mm, 3776.98 mm): Symbol #PWR141 [GND]
[lib_symbol_issues]: The current configuration does not include the symbol library 'elt'
    ; warning
    @(91.44 mm, 3812.54 mm): Symbol #PWR143 [GND]
[endpoint_off_grid]: Symbol pin or wire end off connection grid
    ; warning
    @(93.98 mm, 1410.335 mm): Vertical Wire, length 1.905 mm
[endpoint_off_grid]: Symbol pin or wire end off connection grid
    ; warning
    @(93.98 mm, 1410.97 mm): Vertical Wire, length 0.635 mm
[endpoint_off_grid]: Symbol pin or wire end off connection grid
    ; warning
    @(93.98 mm, 1410.335 mm): Vertical Wire, length 0.635 mm
[endpoint_off_grid]: Symbol pin or wire end off connection grid
    ; warning
    @(93.98 mm, 1408.43 mm): Vertical Wire, length 1.905 mm
[footprint_link_issues]: The current configuration does not include the footprint library 'Capacitor_SMD'
    ; warning
    @(93.98 mm, 1414.78 mm): Symbol C20 [SYM_C20]
[lib_symbol_issues]: The current configuration does not include the symbol library 'elt'
    ; warning
    @(93.98 mm, 1414.78 mm): Symbol C20 [SYM_C20]
[lib_symbol_issues]: The current configuration does not include the symbol library 'elt'
    ; warning
    @(93.98 mm, 1418.59 mm): Symbol #PWR59 [GND]
[endpoint_off_grid]: Symbol pin or wire end off connection grid
    ; warning
    @(93.98 mm, 2219.325 mm): Vertical Wire, length 1.27 mm
[endpoint_off_grid]: Symbol pin or wire end off connection grid
    ; warning
    @(93.98 mm, 2219.325 mm): Horizontal Wire, length 15.24 mm
[endpoint_off_grid]: Symbol pin or wire end off connection grid
    ; warning
    @(93.98 mm, 2220.595 mm): Vertical Wire, length 1.27 mm
[endpoint_off_grid]: Symbol pin or wire end off connection grid
    ; warning
    @(93.98 mm, 2220.595 mm): Vertical Wire, length 1.27 mm
[endpoint_off_grid]: Symbol pin or wire end off connection grid
    ; warning
    @(93.98 mm, 2221.865 mm): Vertical Wire, length 1.27 mm
[endpoint_off_grid]: Symbol pin or wire end off connection grid
    ; warning
    @(93.98 mm, 2221.865 mm): Horizontal Wire, length 2.54 mm
[endpoint_off_grid]: Symbol pin or wire end off connection grid
    ; warning
    @(93.98 mm, 2221.865 mm): Symbol C36 Pin 1 [Passive, Line]
[footprint_link_issues]: The current configuration does not include the footprint library 'Capacitor_SMD'
    ; warning
    @(93.98 mm, 2225.675 mm): Symbol C36 [SYM_C36]
[lib_symbol_issues]: The current configuration does not include the symbol library 'elt'
    ; warning
    @(93.98 mm, 2225.675 mm): Symbol C36 [SYM_C36]
[endpoint_off_grid]: Symbol pin or wire end off connection grid
    ; warning
    @(93.98 mm, 2229.485 mm): Symbol #PWR89 Hidden pin 1 [GND, Power input, Line]
[lib_symbol_issues]: The current configuration does not include the symbol library 'elt'
    ; warning
    @(93.98 mm, 2229.485 mm): Symbol #PWR89 [GND]
[footprint_link_issues]: The current configuration does not include the footprint library 'Capacitor_SMD'
    ; warning
    @(93.98 mm, 3846.83 mm): Symbol C68 [SYM_C68]
[lib_symbol_issues]: The current configuration does not include the symbol library 'elt'
    ; warning
    @(93.98 mm, 3846.83 mm): Symbol C68 [SYM_C68]
[lib_symbol_issues]: The current configuration does not include the symbol library 'elt'
    ; warning
    @(93.98 mm, 3850.64 mm): Symbol #PWR149 [GND]
[footprint_link_issues]: The current configuration does not include the footprint library 'Capacitor_SMD'
    ; warning
    @(95.25 mm, 55.88 mm): Symbol C5 [SYM_C5]
[lib_symbol_issues]: The current configuration does not include the symbol library 'elt'
    ; warning
    @(95.25 mm, 55.88 mm): Symbol C5 [SYM_C5]
[lib_symbol_issues]: The current configuration does not include the symbol library 'elt'
    ; warning
    @(95.25 mm, 59.69 mm): Symbol #PWR08 [GND]
[endpoint_off_grid]: Symbol pin or wire end off connection grid
    ; warning
    @(95.885 mm, 2963.545 mm): Symbol Q4 Pin 1 [G, Passive, Line]
[endpoint_off_grid]: Symbol pin or wire end off connection grid
    ; warning
    @(95.885 mm, 2966.085 mm): Symbol #PWR111 Hidden pin 1 [GND, Power input, Line]
[lib_symbol_issues]: The current configuration does not include the symbol library 'elt'
    ; warning
    @(95.885 mm, 2966.085 mm): Symbol #PWR111 [GND]
[endpoint_off_grid]: Symbol pin or wire end off connection grid
    ; warning
    @(95.885 mm, 2996.565 mm): Symbol U19 Pin 1 [A, Passive, Line]
[endpoint_off_grid]: Symbol pin or wire end off connection grid
    ; warning
    @(95.885 mm, 3001.645 mm): Symbol #PWR113 Hidden pin 1 [GND, Power input, Line]
[lib_symbol_issues]: The current configuration does not include the symbol library 'elt'
    ; warning
    @(95.885 mm, 3001.645 mm): Symbol #PWR113 [GND]
[footprint_link_issues]: The current configuration does not include the footprint library 'pi_usb_port_switch'
    ; warning
    @(96.52 mm, 127.00 mm): Symbol F1 [SYM_F1]
[lib_symbol_issues]: The current configuration does not include the symbol library 'elt'
    ; warning
    @(96.52 mm, 127.00 mm): Symbol F1 [SYM_F1]
[endpoint_off_grid]: Symbol pin or wire end off connection grid
    ; warning
    @(96.52 mm, 2221.865 mm): Vertical Wire, length 8.89 mm
[endpoint_off_grid]: Symbol pin or wire end off connection grid
    ; warning
    @(98.425 mm, 3029.585 mm): Horizontal Wire, length 15.24 mm
[endpoint_off_grid]: Symbol pin or wire end off connection grid
    ; warning
    @(98.425 mm, 3029.585 mm): Vertical Wire, length 1.905 mm
[endpoint_off_grid]: Symbol pin or wire end off connection grid
    ; warning
    @(98.425 mm, 3031.49 mm): Vertical Wire, length 1.905 mm
[endpoint_off_grid]: Symbol pin or wire end off connection grid
    ; warning
    @(98.425 mm, 3031.49 mm): Vertical Wire, length 0.635 mm
[endpoint_off_grid]: Symbol pin or wire end off connection grid
    ; warning
    @(98.425 mm, 3032.125 mm): Symbol C52 Pin 1 [Passive, Line]
[endpoint_off_grid]: Symbol pin or wire end off connection grid
    ; warning
    @(98.425 mm, 3032.125 mm): Horizontal Wire, length 2.54 mm
[endpoint_off_grid]: Symbol pin or wire end off connection grid
    ; warning
    @(98.425 mm, 3032.125 mm): Vertical Wire, length 0.635 mm
[footprint_link_issues]: The current configuration does not include the footprint library 'Capacitor_SMD'
    ; warning
    @(98.425 mm, 3035.935 mm): Symbol C52 [SYM_C52]
[lib_symbol_issues]: The current configuration does not include the symbol library 'elt'
    ; warning
    @(98.425 mm, 3035.935 mm): Symbol C52 [SYM_C52]
[endpoint_off_grid]: Symbol pin or wire end off connection grid
    ; warning
    @(98.425 mm, 3039.745 mm): Symbol #PWR119 Hidden pin 1 [GND, Power input, Line]
[lib_symbol_issues]: The current configuration does not include the symbol library 'elt'
    ; warning
    @(98.425 mm, 3039.745 mm): Symbol #PWR119 [GND]
[endpoint_off_grid]: Symbol pin or wire end off connection grid
    ; warning
    @(99.06 mm, 159.385 mm): Horizontal Wire, length 40.64 mm
[endpoint_off_grid]: Symbol pin or wire end off connection grid
    ; warning
    @(99.06 mm, 366.395 mm): Vertical Wire, length 207.01 mm
[endpoint_off_grid]: Symbol pin or wire end off connection grid
    ; warning
    @(99.06 mm, 413.385 mm): Horizontal Wire, length 40.64 mm
[endpoint_off_grid]: Symbol pin or wire end off connection grid
    ; warning
    @(99.06 mm, 375.92 mm): Vertical Wire, length 37.465 mm
[endpoint_off_grid]: Symbol pin or wire end off connection grid
    ; warning
    @(100.965 mm, 3032.125 mm): Vertical Wire, length 8.89 mm
[footprint_link_issues]: The current configuration does not include the footprint library 'Package_TO_SOT_SMD'
    ; warning
    @(101.60 mm, 95.25 mm): Symbol U1 [SYM_U1]
[lib_symbol_issues]: The current configuration does not include the symbol library 'elt'
    ; warning
    @(101.60 mm, 95.25 mm): Symbol U1 [SYM_U1]
[endpoint_off_grid]: Symbol pin or wire end off connection grid
    ; warning
    @(101.60 mm, 671.195 mm): Vertical Wire, length 10.16 mm
[endpoint_off_grid]: Symbol pin or wire end off connection grid
    ; warning
    @(101.60 mm, 681.355 mm): Horizontal Wire, length 46.99 mm
[endpoint_off_grid]: Symbol pin or wire end off connection grid
    ; warning
    @(101.60 mm, 728.345 mm): Vertical Wire, length 2.54 mm
[endpoint_off_grid]: Symbol pin or wire end off connection grid
    ; warning
    @(101.60 mm, 728.345 mm): Symbol C6 Pin 1 [Passive, Line]
[endpoint_off_grid]: Symbol pin or wire end off connection grid
    ; warning
    @(101.60 mm, 779.145 mm): Vertical Wire, length 2.54 mm
[endpoint_off_grid]: Symbol pin or wire end off connection grid
    ; warning
    @(101.60 mm, 779.145 mm): Symbol C7 Pin 1 [Passive, Line]
[endpoint_off_grid]: Symbol pin or wire end off connection grid
    ; warning
    @(101.60 mm, 829.945 mm): Symbol C10 Pin 1 [Passive, Line]
[endpoint_off_grid]: Symbol pin or wire end off connection grid
    ; warning
    @(101.60 mm, 880.745 mm): Symbol C11 Pin 1 [Passive, Line]
[endpoint_off_grid]: Symbol pin or wire end off connection grid
    ; warning
    @(101.60 mm, 1064.895 mm): Horizontal Wire, length 1.27 mm
[endpoint_off_grid]: Symbol pin or wire end off connection grid
    ; warning
    @(101.60 mm, 1481.455 mm): Vertical Wire, length 10.16 mm
[endpoint_off_grid]: Symbol pin or wire end off connection grid
    ; warning
    @(101.60 mm, 1491.615 mm): Horizontal Wire, length 46.99 mm
[endpoint_off_grid]: Symbol pin or wire end off connection grid
    ; warning
    @(101.60 mm, 1538.605 mm): Vertical Wire, length 2.54 mm
[endpoint_off_grid]: Symbol pin or wire end off connection grid
    ; warning
    @(101.60 mm, 1538.605 mm): Symbol C22 Pin 1 [Passive, Line]
[endpoint_off_grid]: Symbol pin or wire end off connection grid
    ; warning
    @(101.60 mm, 1589.405 mm): Symbol C23 Pin 1 [Passive, Line]
[endpoint_off_grid]: Symbol pin or wire end off connection grid
    ; warning
    @(101.60 mm, 1589.405 mm): Vertical Wire, length 2.54 mm
[endpoint_off_grid]: Symbol pin or wire end off connection grid
    ; warning
    @(101.60 mm, 1640.205 mm): Symbol C26 Pin 1 [Passive, Line]
[endpoint_off_grid]: Symbol pin or wire end off connection grid
    ; warning
    @(101.60 mm, 1691.005 mm): Symbol C27 Pin 1 [Passive, Line]
[endpoint_off_grid]: Symbol pin or wire end off connection grid
    ; warning
    @(101.60 mm, 2291.715 mm): Vertical Wire, length 10.16 mm
[endpoint_off_grid]: Symbol pin or wire end off connection grid
    ; warning
    @(101.60 mm, 2294.255 mm): Horizontal Wire, length 1.27 mm
[endpoint_off_grid]: Symbol pin or wire end off connection grid
    ; warning
    @(101.60 mm, 2301.875 mm): Horizontal Wire, length 46.99 mm
[endpoint_off_grid]: Symbol pin or wire end off connection grid
    ; warning
    @(101.60 mm, 2348.865 mm): Vertical Wire, length 2.54 mm
[endpoint_off_grid]: Symbol pin or wire end off connection grid
    ; warning
    @(101.60 mm, 2348.865 mm): Symbol C38 Pin 1 [Passive, Line]
[endpoint_off_grid]: Symbol pin or wire end off connection grid
    ; warning
    @(101.60 mm, 2399.665 mm): Vertical Wire, length 2.54 mm
[endpoint_off_grid]: Symbol pin or wire end off connection grid
    ; warning
    @(101.60 mm, 2399.665 mm): Symbol C39 Pin 1 [Passive, Line]
[endpoint_off_grid]: Symbol pin or wire end off connection grid
    ; warning
    @(101.60 mm, 2450.465 mm): Symbol C42 Pin 1 [Passive, Line]
[endpoint_off_grid]: Symbol pin or wire end off connection grid
    ; warning
    @(101.60 mm, 2501.265 mm): Symbol C43 Pin 1 [Passive, Line]
[endpoint_off_grid]: Symbol pin or wire end off connection grid
    ; warning
    @(101.60 mm, 2684.145 mm): Vertical Wire, length 10.16 mm
[endpoint_off_grid]: Symbol pin or wire end off connection grid
    ; warning
    @(101.60 mm, 2694.305 mm): Horizontal Wire, length 46.99 mm
[endpoint_off_grid]: Symbol pin or wire end off connection grid
    ; warning
    @(101.60 mm, 2741.295 mm): Symbol C40 Pin 1 [Passive, Line]
[endpoint_off_grid]: Symbol pin or wire end off connection grid
    ; warning
    @(101.60 mm, 2792.095 mm): Symbol C41 Pin 1 [Passive, Line]
[endpoint_off_grid]: Symbol pin or wire end off connection grid
    ; warning
    @(101.60 mm, 2842.895 mm): Vertical Wire, length 2.54 mm
[endpoint_off_grid]: Symbol pin or wire end off connection grid
    ; warning
    @(101.60 mm, 2842.895 mm): Symbol C44 Pin 1 [Passive, Line]
[endpoint_off_grid]: Symbol pin or wire end off connection grid
    ; warning
    @(101.60 mm, 2893.695 mm): Vertical Wire, length 2.54 mm
[endpoint_off_grid]: Symbol pin or wire end off connection grid
    ; warning
    @(101.60 mm, 2893.695 mm): Symbol C45 Pin 1 [Passive, Line]
[endpoint_off_grid]: Symbol pin or wire end off connection grid
    ; warning
    @(101.60 mm, 3104.515 mm): Horizontal Wire, length 1.27 mm
[endpoint_off_grid]: Symbol pin or wire end off connection grid
    ; warning
    @(101.60 mm, 3494.405 mm): Vertical Wire, length 10.16 mm
[endpoint_off_grid]: Symbol pin or wire end off connection grid
    ; warning
    @(101.60 mm, 3496.945 mm): Horizontal Wire, length 1.27 mm
[endpoint_off_grid]: Symbol pin or wire end off connection grid
    ; warning
    @(101.60 mm, 3504.565 mm): Horizontal Wire, length 46.99 mm
[endpoint_off_grid]: Symbol pin or wire end off connection grid
    ; warning
    @(101.60 mm, 3551.555 mm): Symbol C56 Pin 1 [Passive, Line]
[endpoint_off_grid]: Symbol pin or wire end off connection grid
    ; warning
    @(101.60 mm, 3602.355 mm): Symbol C57 Pin 1 [Passive, Line]
[endpoint_off_grid]: Symbol pin or wire end off connection grid
    ; warning
    @(101.60 mm, 3653.155 mm): Vertical Wire, length 2.54 mm
[endpoint_off_grid]: Symbol pin or wire end off connection grid
    ; warning
    @(101.60 mm, 3653.155 mm): Symbol C60 Pin 1 [Passive, Line]
[endpoint_off_grid]: Symbol pin or wire end off connection grid
    ; warning
    @(101.60 mm, 3703.955 mm): Vertical Wire, length 2.54 mm
[endpoint_off_grid]: Symbol pin or wire end off connection grid
    ; warning
    @(101.60 mm, 3703.955 mm): Symbol C61 Pin 1 [Passive, Line]
[endpoint_off_grid]: Symbol pin or wire end off connection grid
    ; warning
    @(102.235 mm, 25.40 mm): Vertical Wire, length 2.54 mm
[endpoint_off_grid]: Symbol pin or wire end off connection grid
    ; warning
    @(118.11 mm, 25.40 mm): Horizontal Wire, length 15.875 mm
[endpoint_off_grid]: Symbol pin or wire end off connection grid
    ; warning
    @(102.235 mm, 27.94 mm): Vertical Wire, length 1.27 mm
[endpoint_off_grid]: Symbol pin or wire end off connection grid
    ; warning
    @(102.235 mm, 29.21 mm): Symbol C2 Pin 1 [Passive, Line]
[footprint_link_issues]: The current configuration does not include the footprint library 'Capacitor_SMD'
    ; warning
    @(102.235 mm, 33.02 mm): Symbol C2 [SYM_C2]
[lib_symbol_issues]: The current configuration does not include the symbol library 'elt'
    ; warning
    @(102.235 mm, 33.02 mm): Symbol C2 [SYM_C2]
[endpoint_off_grid]: Symbol pin or wire end off connection grid
    ; warning
    @(102.235 mm, 36.83 mm): Symbol #PWR04 Hidden pin 1 [GND, Power input, Line]
[lib_symbol_issues]: The current configuration does not include the symbol library 'elt'
    ; warning
    @(102.235 mm, 36.83 mm): Symbol #PWR04 [GND]
[footprint_link_issues]: The current configuration does not include the footprint library 'Package_TO_SOT_SMD'
    ; warning
    @(104.14 mm, 1343.66 mm): Symbol Q2 [SYM_Q2]
[lib_symbol_issues]: The current configuration does not include the symbol library 'elt'
    ; warning
    @(104.14 mm, 1343.66 mm): Symbol Q2 [SYM_Q2]
[footprint_link_issues]: The current configuration does not include the footprint library 'Package_TO_SOT_SMD'
    ; warning
    @(104.14 mm, 2154.555 mm): Symbol Q3 [SYM_Q3]
[lib_symbol_issues]: The current configuration does not include the symbol library 'elt'
    ; warning
    @(104.14 mm, 2154.555 mm): Symbol Q3 [SYM_Q3]
[footprint_link_issues]: The current configuration does not include the footprint library 'Package_TO_SOT_SMD'
    ; warning
    @(104.14 mm, 3775.71 mm): Symbol Q5 [SYM_Q5]
[lib_symbol_issues]: The current configuration does not include the symbol library 'elt'
    ; warning
    @(104.14 mm, 3775.71 mm): Symbol Q5 [SYM_Q5]
[footprint_link_issues]: The current configuration does not include the footprint library 'Capacitor_SMD'
    ; warning
    @(105.41 mm, 728.345 mm): Symbol C6 [SYM_C6]
[lib_symbol_issues]: The current configuration does not include the symbol library 'elt'
    ; warning
    @(105.41 mm, 728.345 mm): Symbol C6 [SYM_C6]
[footprint_link_issues]: The current configuration does not include the footprint library 'Capacitor_SMD'
    ; warning
    @(105.41 mm, 779.145 mm): Symbol C7 [SYM_C7]
[lib_symbol_issues]: The current configuration does not include the symbol library 'elt'
    ; warning
    @(105.41 mm, 779.145 mm): Symbol C7 [SYM_C7]
[footprint_link_issues]: The current configuration does not include the footprint library 'Capacitor_SMD'
    ; warning
    @(105.41 mm, 829.945 mm): Symbol C10 [SYM_C10]
[lib_symbol_issues]: The current configuration does not include the symbol library 'elt'
    ; warning
    @(105.41 mm, 829.945 mm): Symbol C10 [SYM_C10]
[footprint_link_issues]: The current configuration does not include the footprint library 'Capacitor_SMD'
    ; warning
    @(105.41 mm, 880.745 mm): Symbol C11 [SYM_C11]
[lib_symbol_issues]: The current configuration does not include the symbol library 'elt'
    ; warning
    @(105.41 mm, 880.745 mm): Symbol C11 [SYM_C11]
[footprint_link_issues]: The current configuration does not include the footprint library 'Capacitor_SMD'
    ; warning
    @(105.41 mm, 1120.14 mm): Symbol C8 [SYM_C8]
[lib_symbol_issues]: The current configuration does not include the symbol library 'elt'
    ; warning
    @(105.41 mm, 1120.14 mm): Symbol C8 [SYM_C8]
[footprint_link_issues]: The current configuration does not include the footprint library 'Capacitor_SMD'
    ; warning
    @(105.41 mm, 1170.94 mm): Symbol C9 [SYM_C9]
[lib_symbol_issues]: The current configuration does not include the symbol library 'elt'
    ; warning
    @(105.41 mm, 1170.94 mm): Symbol C9 [SYM_C9]
[footprint_link_issues]: The current configuration does not include the footprint library 'Capacitor_SMD'
    ; warning
    @(105.41 mm, 1221.74 mm): Symbol C12 [SYM_C12]
[lib_symbol_issues]: The current configuration does not include the symbol library 'elt'
    ; warning
    @(105.41 mm, 1221.74 mm): Symbol C12 [SYM_C12]
[footprint_link_issues]: The current configuration does not include the footprint library 'Capacitor_SMD'
    ; warning
    @(105.41 mm, 1272.54 mm): Symbol C13 [SYM_C13]
[lib_symbol_issues]: The current configuration does not include the symbol library 'elt'
    ; warning
    @(105.41 mm, 1272.54 mm): Symbol C13 [SYM_C13]
[footprint_link_issues]: The current configuration does not include the footprint library 'Package_TO_SOT_SMD'
    ; warning
    @(105.41 mm, 1377.95 mm): Symbol U7 [SYM_U7]
[lib_symbol_issues]: The current configuration does not include the symbol library 'elt'
    ; warning
    @(105.41 mm, 1377.95 mm): Symbol U7 [SYM_U7]
[footprint_link_issues]: The current configuration does not include the footprint library 'Capacitor_SMD'
    ; warning
    @(105.41 mm, 1538.605 mm): Symbol C22 [SYM_C22]
[lib_symbol_issues]: The current configuration does not include the symbol library 'elt'
    ; warning
    @(105.41 mm, 1538.605 mm): Symbol C22 [SYM_C22]
[footprint_link_issues]: The current configuration does not include the footprint library 'Capacitor_SMD'
    ; warning
    @(105.41 mm, 1589.405 mm): Symbol C23 [SYM_C23]
[lib_symbol_issues]: The current configuration does not include the symbol library 'elt'
    ; warning
    @(105.41 mm, 1589.405 mm): Symbol C23 [SYM_C23]
[footprint_link_issues]: The current configuration does not include the footprint library 'Capacitor_SMD'
    ; warning
    @(105.41 mm, 1640.205 mm): Symbol C26 [SYM_C26]
[lib_symbol_issues]: The current configuration does not include the symbol library 'elt'
    ; warning
    @(105.41 mm, 1640.205 mm): Symbol C26 [SYM_C26]
[footprint_link_issues]: The current configuration does not include the footprint library 'Capacitor_SMD'
    ; warning
    @(105.41 mm, 1691.005 mm): Symbol C27 [SYM_C27]
[lib_symbol_issues]: The current configuration does not include the symbol library 'elt'
    ; warning
    @(105.41 mm, 1691.005 mm): Symbol C27 [SYM_C27]
[footprint_link_issues]: The current configuration does not include the footprint library 'Capacitor_SMD'
    ; warning
    @(105.41 mm, 1930.40 mm): Symbol C24 [SYM_C24]
[lib_symbol_issues]: The current configuration does not include the symbol library 'elt'
    ; warning
    @(105.41 mm, 1930.40 mm): Symbol C24 [SYM_C24]
[footprint_link_issues]: The current configuration does not include the footprint library 'Capacitor_SMD'
    ; warning
    @(105.41 mm, 1981.20 mm): Symbol C25 [SYM_C25]
[lib_symbol_issues]: The current configuration does not include the symbol library 'elt'
    ; warning
    @(105.41 mm, 1981.20 mm): Symbol C25 [SYM_C25]
[footprint_link_issues]: The current configuration does not include the footprint library 'Capacitor_SMD'
    ; warning
    @(105.41 mm, 2032.00 mm): Symbol C28 [SYM_C28]
[lib_symbol_issues]: The current configuration does not include the symbol library 'elt'
    ; warning
    @(105.41 mm, 2032.00 mm): Symbol C28 [SYM_C28]
[footprint_link_issues]: The current configuration does not include the footprint library 'Capacitor_SMD'
    ; warning
    @(105.41 mm, 2082.80 mm): Symbol C29 [SYM_C29]
[lib_symbol_issues]: The current configuration does not include the symbol library 'elt'
    ; warning
    @(105.41 mm, 2082.80 mm): Symbol C29 [SYM_C29]
[footprint_link_issues]: The current configuration does not include the footprint library 'Package_TO_SOT_SMD'
    ; warning
    @(105.41 mm, 2188.845 mm): Symbol U13 [SYM_U13]
[lib_symbol_issues]: The current configuration does not include the symbol library 'elt'
    ; warning
    @(105.41 mm, 2188.845 mm): Symbol U13 [SYM_U13]
[footprint_link_issues]: The current configuration does not include the footprint library 'Capacitor_SMD'
    ; warning
    @(105.41 mm, 2348.865 mm): Symbol C38 [SYM_C38]
[lib_symbol_issues]: The current configuration does not include the symbol library 'elt'
    ; warning
    @(105.41 mm, 2348.865 mm): Symbol C38 [SYM_C38]
[footprint_link_issues]: The current configuration does not include the footprint library 'Capacitor_SMD'
    ; warning
    @(105.41 mm, 2399.665 mm): Symbol C39 [SYM_C39]
[lib_symbol_issues]: The current configuration does not include the symbol library 'elt'
    ; warning
    @(105.41 mm, 2399.665 mm): Symbol C39 [SYM_C39]
[footprint_link_issues]: The current configuration does not include the footprint library 'Capacitor_SMD'
    ; warning
    @(105.41 mm, 2450.465 mm): Symbol C42 [SYM_C42]
[lib_symbol_issues]: The current configuration does not include the symbol library 'elt'
    ; warning
    @(105.41 mm, 2450.465 mm): Symbol C42 [SYM_C42]
[footprint_link_issues]: The current configuration does not include the footprint library 'Capacitor_SMD'
    ; warning
    @(105.41 mm, 2501.265 mm): Symbol C43 [SYM_C43]
[lib_symbol_issues]: The current configuration does not include the symbol library 'elt'
    ; warning
    @(105.41 mm, 2501.265 mm): Symbol C43 [SYM_C43]
[footprint_link_issues]: The current configuration does not include the footprint library 'Capacitor_SMD'
    ; warning
    @(105.41 mm, 2741.295 mm): Symbol C40 [SYM_C40]
[lib_symbol_issues]: The current configuration does not include the symbol library 'elt'
    ; warning
    @(105.41 mm, 2741.295 mm): Symbol C40 [SYM_C40]
[footprint_link_issues]: The current configuration does not include the footprint library 'Capacitor_SMD'
    ; warning
    @(105.41 mm, 2792.095 mm): Symbol C41 [SYM_C41]
[lib_symbol_issues]: The current configuration does not include the symbol library 'elt'
    ; warning
    @(105.41 mm, 2792.095 mm): Symbol C41 [SYM_C41]
[footprint_link_issues]: The current configuration does not include the footprint library 'Capacitor_SMD'
    ; warning
    @(105.41 mm, 2842.895 mm): Symbol C44 [SYM_C44]
[lib_symbol_issues]: The current configuration does not include the symbol library 'elt'
    ; warning
    @(105.41 mm, 2842.895 mm): Symbol C44 [SYM_C44]
[footprint_link_issues]: The current configuration does not include the footprint library 'Capacitor_SMD'
    ; warning
    @(105.41 mm, 2893.695 mm): Symbol C45 [SYM_C45]
[lib_symbol_issues]: The current configuration does not include the symbol library 'elt'
    ; warning
    @(105.41 mm, 2893.695 mm): Symbol C45 [SYM_C45]
[footprint_link_issues]: The current configuration does not include the footprint library 'Capacitor_SMD'
    ; warning
    @(105.41 mm, 3159.76 mm): Symbol C54 [SYM_C54]
[lib_symbol_issues]: The current configuration does not include the symbol library 'elt'
    ; warning
    @(105.41 mm, 3159.76 mm): Symbol C54 [SYM_C54]
[footprint_link_issues]: The current configuration does not include the footprint library 'Capacitor_SMD'
    ; warning
    @(105.41 mm, 3210.56 mm): Symbol C55 [SYM_C55]
[lib_symbol_issues]: The current configuration does not include the symbol library 'elt'
    ; warning
    @(105.41 mm, 3210.56 mm): Symbol C55 [SYM_C55]
[footprint_link_issues]: The current configuration does not include the footprint library 'Capacitor_SMD'
    ; warning
    @(105.41 mm, 3261.36 mm): Symbol C58 [SYM_C58]
[lib_symbol_issues]: The current configuration does not include the symbol library 'elt'
    ; warning
    @(105.41 mm, 3261.36 mm): Symbol C58 [SYM_C58]
[footprint_link_issues]: The current configuration does not include the footprint library 'Capacitor_SMD'
    ; warning
    @(105.41 mm, 3312.16 mm): Symbol C59 [SYM_C59]
[lib_symbol_issues]: The current configuration does not include the symbol library 'elt'
    ; warning
    @(105.41 mm, 3312.16 mm): Symbol C59 [SYM_C59]
[footprint_link_issues]: The current configuration does not include the footprint library 'Capacitor_SMD'
    ; warning
    @(105.41 mm, 3551.555 mm): Symbol C56 [SYM_C56]
[lib_symbol_issues]: The current configuration does not include the symbol library 'elt'
    ; warning
    @(105.41 mm, 3551.555 mm): Symbol C56 [SYM_C56]
[footprint_link_issues]: The current configuration does not include the footprint library 'Capacitor_SMD'
    ; warning
    @(105.41 mm, 3602.355 mm): Symbol C57 [SYM_C57]
[lib_symbol_issues]: The current configuration does not include the symbol library 'elt'
    ; warning
    @(105.41 mm, 3602.355 mm): Symbol C57 [SYM_C57]
[footprint_link_issues]: The current configuration does not include the footprint library 'Capacitor_SMD'
    ; warning
    @(105.41 mm, 3653.155 mm): Symbol C60 [SYM_C60]
[lib_symbol_issues]: The current configuration does not include the symbol library 'elt'
    ; warning
    @(105.41 mm, 3653.155 mm): Symbol C60 [SYM_C60]
[footprint_link_issues]: The current configuration does not include the footprint library 'Capacitor_SMD'
    ; warning
    @(105.41 mm, 3703.955 mm): Symbol C61 [SYM_C61]
[lib_symbol_issues]: The current configuration does not include the symbol library 'elt'
    ; warning
    @(105.41 mm, 3703.955 mm): Symbol C61 [SYM_C61]
[footprint_link_issues]: The current configuration does not include the footprint library 'Package_TO_SOT_SMD'
    ; warning
    @(105.41 mm, 3810.00 mm): Symbol U25 [SYM_U25]
[lib_symbol_issues]: The current configuration does not include the symbol library 'elt'
    ; warning
    @(105.41 mm, 3810.00 mm): Symbol U25 [SYM_U25]
[endpoint_off_grid]: Symbol pin or wire end off connection grid
    ; warning
    @(107.315 mm, 622.935 mm): Symbol #PWR28 Hidden pin 1 [GND, Power input, Line]
[lib_symbol_issues]: The current configuration does not include the symbol library 'elt'
    ; warning
    @(107.315 mm, 622.935 mm): Symbol #PWR28 [GND]
[footprint_link_issues]: The current configuration does not include the footprint library 'Resistor_SMD'
    ; warning
    @(107.315 mm, 626.745 mm): Symbol R78 [SYM_R78]
[lib_symbol_issues]: The current configuration does not include the symbol library 'elt'
    ; warning
    @(107.315 mm, 626.745 mm): Symbol R78 [SYM_R78]
[endpoint_off_grid]: Symbol pin or wire end off connection grid
    ; warning
    @(107.315 mm, 630.555 mm): Vertical Wire, length 1.905 mm
[endpoint_off_grid]: Symbol pin or wire end off connection grid
    ; warning
    @(107.315 mm, 630.555 mm): Symbol R78 Pin 1 [Passive, Line]
[endpoint_off_grid]: Symbol pin or wire end off connection grid
    ; warning
    @(107.315 mm, 632.46 mm): Horizontal Wire, length 0.635 mm
[footprint_link_issues]: The current configuration does not include the footprint library 'Package_TO_SOT_SMD'
    ; warning
    @(108.585 mm, 2964.815 mm): Symbol Q4 [SYM_Q4]
[lib_symbol_issues]: The current configuration does not include the symbol library 'elt'
    ; warning
    @(108.585 mm, 2964.815 mm): Symbol Q4 [SYM_Q4]
[endpoint_off_grid]: Symbol pin or wire end off connection grid
    ; warning
    @(109.855 mm, 1408.43 mm): Horizontal Wire, length 15.875 mm
[endpoint_off_grid]: Symbol pin or wire end off connection grid
    ; warning
    @(109.855 mm, 1410.335 mm): Vertical Wire, length 1.905 mm
[endpoint_off_grid]: Symbol pin or wire end off connection grid
    ; warning
    @(109.855 mm, 1410.97 mm): Vertical Wire, length 0.635 mm
[endpoint_off_grid]: Symbol pin or wire end off connection grid
    ; warning
    @(109.855 mm, 1410.97 mm): Symbol C21 Pin 1 [Passive, Line]
[footprint_link_issues]: The current configuration does not include the footprint library 'Capacitor_SMD'
    ; warning
    @(109.855 mm, 1414.78 mm): Symbol C21 [SYM_C21]
[lib_symbol_issues]: The current configuration does not include the symbol library 'elt'
    ; warning
    @(109.855 mm, 1414.78 mm): Symbol C21 [SYM_C21]
[endpoint_off_grid]: Symbol pin or wire end off connection grid
    ; warning
    @(109.855 mm, 1418.59 mm): Symbol #PWR60 Hidden pin 1 [GND, Power input, Line]
[lib_symbol_issues]: The current configuration does not include the symbol library 'elt'
    ; warning
    @(109.855 mm, 1418.59 mm): Symbol #PWR60 [GND]
[endpoint_off_grid]: Symbol pin or wire end off connection grid
    ; warning
    @(109.855 mm, 2219.325 mm): Horizontal Wire, length 15.875 mm
[endpoint_off_grid]: Symbol pin or wire end off connection grid
    ; warning
    @(109.855 mm, 2220.595 mm): Vertical Wire, length 1.27 mm
[endpoint_off_grid]: Symbol pin or wire end off connection grid
    ; warning
    @(109.855 mm, 2221.865 mm): Symbol C37 Pin 1 [Passive, Line]
[endpoint_off_grid]: Symbol pin or wire end off connection grid
    ; warning
    @(109.855 mm, 2221.865 mm): Vertical Wire, length 1.27 mm
[footprint_link_issues]: The current configuration does not include the footprint library 'Capacitor_SMD'
    ; warning
    @(109.855 mm, 2225.675 mm): Symbol C37 [SYM_C37]
[lib_symbol_issues]: The current configuration does not include the symbol library 'elt'
    ; warning
    @(109.855 mm, 2225.675 mm): Symbol C37 [SYM_C37]
[endpoint_off_grid]: Symbol pin or wire end off connection grid
    ; warning
    @(109.855 mm, 2229.485 mm): Symbol #PWR90 Hidden pin 1 [GND, Power input, Line]
[lib_symbol_issues]: The current configuration does not include the symbol library 'elt'
    ; warning
    @(109.855 mm, 2229.485 mm): Symbol #PWR90 [GND]
[footprint_link_issues]: The current configuration does not include the footprint library 'Package_TO_SOT_SMD'
    ; warning
    @(109.855 mm, 2999.105 mm): Symbol U19 [SYM_U19]
[lib_symbol_issues]: The current configuration does not include the symbol library 'elt'
    ; warning
    @(109.855 mm, 2999.105 mm): Symbol U19 [SYM_U19]
[endpoint_off_grid]: Symbol pin or wire end off connection grid
    ; warning
    @(109.855 mm, 3840.48 mm): Horizontal Wire, length 15.875 mm
[endpoint_off_grid]: Symbol pin or wire end off connection grid
    ; warning
    @(109.855 mm, 3841.75 mm): Vertical Wire, length 1.27 mm
[endpoint_off_grid]: Symbol pin or wire end off connection grid
    ; warning
    @(109.855 mm, 3843.02 mm): Vertical Wire, length 1.27 mm
[endpoint_off_grid]: Symbol pin or wire end off connection grid
    ; warning
    @(109.855 mm, 3843.02 mm): Symbol C69 Pin 1 [Passive, Line]
[footprint_link_issues]: The current configuration does not include the footprint library 'Capacitor_SMD'
    ; warning
    @(109.855 mm, 3846.83 mm): Symbol C69 [SYM_C69]
[lib_symbol_issues]: The current configuration does not include the symbol library 'elt'
    ; warning
    @(109.855 mm, 3846.83 mm): Symbol C69 [SYM_C69]
[endpoint_off_grid]: Symbol pin or wire end off connection grid
    ; warning
    @(109.855 mm, 3850.64 mm): Symbol #PWR150 Hidden pin 1 [GND, Power input, Line]
[lib_symbol_issues]: The current configuration does not include the symbol library 'elt'
    ; warning
    @(109.855 mm, 3850.64 mm): Symbol #PWR150 [GND]
[endpoint_off_grid]: Symbol pin or wire end off connection grid
    ; warning
    @(111.76 mm, 829.945 mm): Horizontal Wire, length 2.54 mm
[endpoint_off_grid]: Symbol pin or wire end off connection grid
    ; warning
    @(111.76 mm, 837.565 mm): Vertical Wire, length 7.62 mm
[endpoint_off_grid]: Symbol pin or wire end off connection grid
    ; warning
    @(111.76 mm, 880.745 mm): Horizontal Wire, length 2.54 mm
[endpoint_off_grid]: Symbol pin or wire end off connection grid
    ; warning
    @(111.76 mm, 888.365 mm): Vertical Wire, length 7.62 mm
[endpoint_off_grid]: Symbol pin or wire end off connection grid
    ; warning
    @(111.76 mm, 1640.205 mm): Horizontal Wire, length 2.54 mm
[endpoint_off_grid]: Symbol pin or wire end off connection grid
    ; warning
    @(111.76 mm, 1647.825 mm): Vertical Wire, length 7.62 mm
[endpoint_off_grid]: Symbol pin or wire end off connection grid
    ; warning
    @(111.76 mm, 1691.005 mm): Horizontal Wire, length 2.54 mm
[endpoint_off_grid]: Symbol pin or wire end off connection grid
    ; warning
    @(111.76 mm, 1698.625 mm): Vertical Wire, length 7.62 mm
[endpoint_off_grid]: Symbol pin or wire end off connection grid
    ; warning
    @(111.76 mm, 1938.655 mm): Vertical Wire, length 8.255 mm
[endpoint_off_grid]: Symbol pin or wire end off connection grid
    ; warning
    @(111.76 mm, 1989.455 mm): Vertical Wire, length 8.255 mm
[endpoint_off_grid]: Symbol pin or wire end off connection grid
    ; warning
    @(111.76 mm, 2450.465 mm): Horizontal Wire, length 2.54 mm
[endpoint_off_grid]: Symbol pin or wire end off connection grid
    ; warning
    @(111.76 mm, 2458.72 mm): Vertical Wire, length 8.255 mm
[endpoint_off_grid]: Symbol pin or wire end off connection grid
    ; warning
    @(111.76 mm, 2509.52 mm): Vertical Wire, length 8.255 mm
[endpoint_off_grid]: Symbol pin or wire end off connection grid
    ; warning
    @(111.76 mm, 2501.265 mm): Horizontal Wire, length 2.54 mm
[endpoint_off_grid]: Symbol pin or wire end off connection grid
    ; warning
    @(111.76 mm, 2741.295 mm): Horizontal Wire, length 2.54 mm
[endpoint_off_grid]: Symbol pin or wire end off connection grid
    ; warning
    @(111.76 mm, 2748.915 mm): Vertical Wire, length 7.62 mm
[endpoint_off_grid]: Symbol pin or wire end off connection grid
    ; warning
    @(111.76 mm, 2792.095 mm): Horizontal Wire, length 2.54 mm
[endpoint_off_grid]: Symbol pin or wire end off connection grid
    ; warning
    @(111.76 mm, 2799.715 mm): Vertical Wire, length 7.62 mm
[endpoint_off_grid]: Symbol pin or wire end off connection grid
    ; warning
    @(111.76 mm, 3551.555 mm): Horizontal Wire, length 2.54 mm
[endpoint_off_grid]: Symbol pin or wire end off connection grid
    ; warning
    @(111.76 mm, 3559.81 mm): Vertical Wire, length 8.255 mm
[endpoint_off_grid]: Symbol pin or wire end off connection grid
    ; warning
    @(111.76 mm, 3602.355 mm): Horizontal Wire, length 2.54 mm
[endpoint_off_grid]: Symbol pin or wire end off connection grid
    ; warning
    @(111.76 mm, 3610.61 mm): Vertical Wire, length 8.255 mm
[endpoint_off_grid]: Symbol pin or wire end off connection grid
    ; warning
    @(114.30 mm, 3031.49 mm): Vertical Wire, length 1.905 mm
[endpoint_off_grid]: Symbol pin or wire end off connection grid
    ; warning
    @(114.30 mm, 3029.585 mm): Horizontal Wire, length 15.875 mm
[endpoint_off_grid]: Symbol pin or wire end off connection grid
    ; warning
    @(114.30 mm, 3032.125 mm): Symbol C53 Pin 1 [Passive, Line]
[endpoint_off_grid]: Symbol pin or wire end off connection grid
    ; warning
    @(114.30 mm, 3032.125 mm): Vertical Wire, length 0.635 mm
[footprint_link_issues]: The current configuration does not include the footprint library 'Capacitor_SMD'
    ; warning
    @(114.30 mm, 3035.935 mm): Symbol C53 [SYM_C53]
[lib_symbol_issues]: The current configuration does not include the symbol library 'elt'
    ; warning
    @(114.30 mm, 3035.935 mm): Symbol C53 [SYM_C53]
[endpoint_off_grid]: Symbol pin or wire end off connection grid
    ; warning
    @(114.30 mm, 3039.745 mm): Symbol #PWR120 Hidden pin 1 [GND, Power input, Line]
[lib_symbol_issues]: The current configuration does not include the symbol library 'elt'
    ; warning
    @(114.30 mm, 3039.745 mm): Symbol #PWR120 [GND]
[endpoint_off_grid]: Symbol pin or wire end off connection grid
    ; warning
    @(116.205 mm, 60.96 mm): Vertical Wire, length 2.54 mm
[endpoint_off_grid]: Symbol pin or wire end off connection grid
    ; warning
    @(146.05 mm, 60.96 mm): Horizontal Wire, length 29.845 mm
[endpoint_off_grid]: Symbol pin or wire end off connection grid
    ; warning
    @(116.205 mm, 63.50 mm): Symbol R65 Pin 1 [Passive, Line]
[footprint_link_issues]: The current configuration does not include the footprint library 'Resistor_SMD'
    ; warning
    @(116.205 mm, 67.31 mm): Symbol R65 [SYM_R65]
[lib_symbol_issues]: The current configuration does not include the symbol library 'elt'
    ; warning
    @(116.205 mm, 67.31 mm): Symbol R65 [SYM_R65]
[endpoint_off_grid]: Symbol pin or wire end off connection grid
    ; warning
    @(116.205 mm, 71.12 mm): Symbol #PWR02 Hidden pin 1 [GND, Power input, Line]
[lib_symbol_issues]: The current configuration does not include the symbol library 'elt'
    ; warning
    @(116.205 mm, 71.12 mm): Symbol #PWR02 [GND]
[footprint_link_issues]: The current configuration does not include the footprint library 'Capacitor_SMD'
    ; warning
    @(118.11 mm, 33.02 mm): Symbol C3 [SYM_C3]
[lib_symbol_issues]: The current configuration does not include the symbol library 'elt'
    ; warning
    @(118.11 mm, 33.02 mm): Symbol C3 [SYM_C3]
[lib_symbol_issues]: The current configuration does not include the symbol library 'elt'
    ; warning
    @(118.11 mm, 36.83 mm): Symbol #PWR06 [GND]
[endpoint_off_grid]: Symbol pin or wire end off connection grid
    ; warning
    @(119.38 mm, 2154.555 mm): Horizontal Wire, length 2.54 mm
[endpoint_off_grid]: Symbol pin or wire end off connection grid
    ; warning
    @(119.38 mm, 2167.255 mm): Horizontal Wire, length 1.27 mm
[endpoint_off_grid]: Symbol pin or wire end off connection grid
    ; warning
    @(119.38 mm, 2179.955 mm): Vertical Wire, length 25.40 mm
[endpoint_off_grid]: Symbol pin or wire end off connection grid
    ; warning
    @(122.555 mm, 949.96 mm): Horizontal Wire, length 6.985 mm
[endpoint_off_grid]: Symbol pin or wire end off connection grid
    ; warning
    @(122.555 mm, 1760.22 mm): Horizontal Wire, length 6.985 mm
[endpoint_off_grid]: Symbol pin or wire end off connection grid
    ; warning
    @(122.555 mm, 2570.48 mm): Horizontal Wire, length 6.985 mm
[endpoint_off_grid]: Symbol pin or wire end off connection grid
    ; warning
    @(122.555 mm, 3381.375 mm): Horizontal Wire, length 6.985 mm
[endpoint_off_grid]: Symbol pin or wire end off connection grid
    ; warning
    @(123.19 mm, 83.185 mm): Vertical Wire, length 14.605 mm
[endpoint_off_grid]: Symbol pin or wire end off connection grid
    ; warning
    @(123.19 mm, 2557.145 mm): Vertical Wire, length 14.605 mm
[endpoint_off_grid]: Symbol pin or wire end off connection grid
    ; warning
    @(123.19 mm, 3367.405 mm): Vertical Wire, length 15.24 mm
[endpoint_off_grid]: Symbol pin or wire end off connection grid
    ; warning
    @(123.19 mm, 3382.645 mm): Symbol U20 Pin 1 [VCC1, Passive, Line]
[endpoint_off_grid]: Symbol pin or wire end off connection grid
    ; warning
    @(125.73 mm, 949.96 mm): Horizontal Wire, length 1.905 mm
[endpoint_off_grid]: Symbol pin or wire end off connection grid
    ; warning
    @(123.825 mm, 949.96 mm): Horizontal Wire, length 1.27 mm
[endpoint_off_grid]: Symbol pin or wire end off connection grid
    ; warning
    @(125.73 mm, 1760.22 mm): Horizontal Wire, length 1.905 mm
[endpoint_off_grid]: Symbol pin or wire end off connection grid
    ; warning
    @(123.825 mm, 1760.22 mm): Horizontal Wire, length 1.27 mm
[endpoint_off_grid]: Symbol pin or wire end off connection grid
    ; warning
    @(125.73 mm, 2570.48 mm): Horizontal Wire, length 1.905 mm
[endpoint_off_grid]: Symbol pin or wire end off connection grid
    ; warning
    @(123.825 mm, 2570.48 mm): Horizontal Wire, length 1.27 mm
[endpoint_off_grid]: Symbol pin or wire end off connection grid
    ; warning
    @(123.825 mm, 2964.815 mm): Horizontal Wire, length 2.54 mm
[endpoint_off_grid]: Symbol pin or wire end off connection grid
    ; warning
    @(123.825 mm, 2977.515 mm): Horizontal Wire, length 1.27 mm
[endpoint_off_grid]: Symbol pin or wire end off connection grid
    ; warning
    @(123.825 mm, 2990.215 mm): Vertical Wire, length 25.40 mm
[endpoint_off_grid]: Symbol pin or wire end off connection grid
    ; warning
    @(140.97 mm, 3364.23 mm): Horizontal Wire, length 17.145 mm
[endpoint_off_grid]: Symbol pin or wire end off connection grid
    ; warning
    @(123.825 mm, 3381.375 mm): Horizontal Wire, length 1.27 mm
[endpoint_off_grid]: Symbol pin or wire end off connection grid
    ; warning
    @(124.46 mm, 986.155 mm): Symbol U2 Pin 6 [NC6, Passive, Line]
[endpoint_off_grid]: Symbol pin or wire end off connection grid
    ; warning
    @(125.73 mm, 1355.725 mm): Vertical Wire, length 20.955 mm
[endpoint_off_grid]: Symbol pin or wire end off connection grid
    ; warning
    @(125.73 mm, 1365.885 mm): Horizontal Wire, length 1.27 mm
[endpoint_off_grid]: Symbol pin or wire end off connection grid
    ; warning
    @(125.73 mm, 2165.985 mm): Vertical Wire, length 21.59 mm
[endpoint_off_grid]: Symbol pin or wire end off connection grid
    ; warning
    @(125.73 mm, 2187.575 mm): Horizontal Wire, length 6.35 mm
[endpoint_off_grid]: Symbol pin or wire end off connection grid
    ; warning
    @(125.73 mm, 3381.375 mm): Horizontal Wire, length 1.905 mm
[endpoint_off_grid]: Symbol pin or wire end off connection grid
    ; warning
    @(125.73 mm, 3382.645 mm): Vertical Wire, length 1.27 mm
[endpoint_off_grid]: Symbol pin or wire end off connection grid
    ; warning
    @(125.73 mm, 3797.935 mm): Horizontal Wire, length 1.27 mm
[endpoint_off_grid]: Symbol pin or wire end off connection grid
    ; warning
    @(129.54 mm, 986.155 mm): Symbol #PWR43 Hidden pin 1 [GND, Power input, Line]
[lib_symbol_issues]: The current configuration does not include the symbol library 'elt'
    ; warning
    @(129.54 mm, 986.155 mm): Symbol #PWR43 [GND]
[lib_symbol_issues]: The current configuration does not include the symbol library 'elt'
    ; warning
    @(129.54 mm, 1797.05 mm): Symbol #PWR73 [GND]
[lib_symbol_issues]: The current configuration does not include the symbol library 'elt'
    ; warning
    @(129.54 mm, 2607.31 mm): Symbol #PWR103 [GND]
[endpoint_off_grid]: Symbol pin or wire end off connection grid
    ; warning
    @(129.54 mm, 3418.205 mm): Symbol #PWR133 Hidden pin 1 [GND, Power input, Line]
[lib_symbol_issues]: The current configuration does not include the symbol library 'elt'
    ; warning
    @(129.54 mm, 3418.205 mm): Symbol #PWR133 [GND]
[endpoint_off_grid]: Symbol pin or wire end off connection grid
    ; warning
    @(130.175 mm, 2976.88 mm): Vertical Wire, length 20.955 mm
[endpoint_off_grid]: Symbol pin or wire end off connection grid
    ; warning
    @(130.175 mm, 2987.04 mm): Horizontal Wire, length 1.27 mm
[endpoint_off_grid]: Symbol pin or wire end off connection grid
    ; warning
    @(130.175 mm, 2997.835 mm): Horizontal Wire, length 6.35 mm
[endpoint_off_grid]: Symbol pin or wire end off connection grid
    ; warning
    @(132.08 mm, 1355.725 mm): Symbol R57 Pin 1 [Passive, Line]
[endpoint_off_grid]: Symbol pin or wire end off connection grid
    ; warning
    @(132.08 mm, 1355.725 mm): Horizontal Wire, length 6.35 mm
[endpoint_off_grid]: Symbol pin or wire end off connection grid
    ; warning
    @(132.08 mm, 2165.985 mm): Symbol R58 Pin 1 [Passive, Line]
[endpoint_off_grid]: Symbol pin or wire end off connection grid
    ; warning
    @(132.08 mm, 2165.985 mm): Horizontal Wire, length 6.35 mm
[endpoint_off_grid]: Symbol pin or wire end off connection grid
    ; warning
    @(132.715 mm, 622.935 mm): Symbol #PWR29 Hidden pin 1 [GND, Power input, Line]
[lib_symbol_issues]: The current configuration does not include the symbol library 'elt'
    ; warning
    @(132.715 mm, 622.935 mm): Symbol #PWR29 [GND]
[footprint_link_issues]: The current configuration does not include the footprint library 'Resistor_SMD'
    ; warning
    @(132.715 mm, 626.745 mm): Symbol R79 [SYM_R79]
[lib_symbol_issues]: The current configuration does not include the symbol library 'elt'
    ; warning
    @(132.715 mm, 626.745 mm): Symbol R79 [SYM_R79]
[endpoint_off_grid]: Symbol pin or wire end off connection grid
    ; warning
    @(132.715 mm, 630.555 mm): Symbol R79 Pin 1 [Passive, Line]
[endpoint_off_grid]: Symbol pin or wire end off connection grid
    ; warning
    @(132.715 mm, 630.555 mm): Vertical Wire, length 1.905 mm
[endpoint_off_grid]: Symbol pin or wire end off connection grid
    ; warning
    @(132.715 mm, 632.46 mm): Horizontal Wire, length 0.635 mm
[footprint_link_issues]: The current configuration does not include the footprint library 'pi_usb_port_switch'
    ; warning
    @(133.35 mm, 968.375 mm): Symbol U2 [SYM_U2]
[lib_symbol_issues]: The current configuration does not include the symbol library 'elt'
    ; warning
    @(133.35 mm, 968.375 mm): Symbol U2 [SYM_U2]
[footprint_link_issues]: The current configuration does not include the footprint library 'pi_usb_port_switch'
    ; warning
    @(133.35 mm, 1779.27 mm): Symbol U8 [SYM_U8]
[lib_symbol_issues]: The current configuration does not include the symbol library 'elt'
    ; warning
    @(133.35 mm, 1779.27 mm): Symbol U8 [SYM_U8]
[footprint_link_issues]: The current configuration does not include the footprint library 'pi_usb_port_switch'
    ; warning
    @(133.35 mm, 2589.53 mm): Symbol U14 [SYM_U14]
[lib_symbol_issues]: The current configuration does not include the symbol library 'elt'
    ; warning
    @(133.35 mm, 2589.53 mm): Symbol U14 [SYM_U14]
[footprint_link_issues]: The current configuration does not include the footprint library 'pi_usb_port_switch'
    ; warning
    @(133.35 mm, 3400.425 mm): Symbol U20 [SYM_U20]
[lib_symbol_issues]: The current configuration does not include the symbol library 'elt'
    ; warning
    @(133.35 mm, 3400.425 mm): Symbol U20 [SYM_U20]
[endpoint_off_grid]: Symbol pin or wire end off connection grid
    ; warning
    @(134.62 mm, 2188.845 mm): Horizontal Wire, length 4.445 mm
[endpoint_off_grid]: Symbol pin or wire end off connection grid
    ; warning
    @(134.62 mm, 2214.245 mm): Vertical Wire, length 25.40 mm
[endpoint_off_grid]: Symbol pin or wire end off connection grid
    ; warning
    @(135.89 mm, 65.405 mm): Symbol R70 Pin 1 [Passive, Line]
[endpoint_off_grid]: Symbol pin or wire end off connection grid
    ; warning
    @(135.89 mm, 65.405 mm): Vertical Wire, length 6.35 mm
[footprint_link_issues]: The current configuration does not include the footprint library 'Resistor_SMD'
    ; warning
    @(135.89 mm, 1355.725 mm): Symbol R57 [SYM_R57]
[lib_symbol_issues]: The current configuration does not include the symbol library 'elt'
    ; warning
    @(135.89 mm, 1355.725 mm): Symbol R57 [SYM_R57]
[footprint_link_issues]: The current configuration does not include the footprint library 'Resistor_SMD'
    ; warning
    @(135.89 mm, 2165.985 mm): Symbol R58 [SYM_R58]
[lib_symbol_issues]: The current configuration does not include the symbol library 'elt'
    ; warning
    @(135.89 mm, 2165.985 mm): Symbol R58 [SYM_R58]
[endpoint_off_grid]: Symbol pin or wire end off connection grid
    ; warning
    @(135.89 mm, 2571.75 mm): Vertical Wire, length 14.605 mm
[endpoint_off_grid]: Symbol pin or wire end off connection grid
    ; warning
    @(135.89 mm, 2557.145 mm): Horizontal Wire, length 12.70 mm
[endpoint_off_grid]: Symbol pin or wire end off connection grid
    ; warning
    @(135.89 mm, 3367.405 mm): Horizontal Wire, length 12.70 mm
[endpoint_off_grid]: Symbol pin or wire end off connection grid
    ; warning
    @(135.89 mm, 3382.645 mm): Vertical Wire, length 15.24 mm
[footprint_link_issues]: The current configuration does not include the footprint library 'Resistor_SMD'
    ; warning
    @(135.89 mm, 3787.14 mm): Symbol R60 [SYM_R60]
[lib_symbol_issues]: The current configuration does not include the symbol library 'elt'
    ; warning
    @(135.89 mm, 3787.14 mm): Symbol R60 [SYM_R60]
[endpoint_off_grid]: Symbol pin or wire end off connection grid
    ; warning
    @(136.525 mm, 2976.88 mm): Symbol R59 Pin 1 [Passive, Line]
[endpoint_off_grid]: Symbol pin or wire end off connection grid
    ; warning
    @(136.525 mm, 2976.88 mm): Horizontal Wire, length 6.35 mm
[endpoint_off_grid]: Symbol pin or wire end off connection grid
    ; warning
    @(137.16 mm, 986.155 mm): Symbol #PWR44 Hidden pin 1 [GND, Power input, Line]
[lib_symbol_issues]: The current configuration does not include the symbol library 'elt'
    ; warning
    @(137.16 mm, 986.155 mm): Symbol #PWR44 [GND]
[lib_symbol_issues]: The current configuration does not include the symbol library 'elt'
    ; warning
    @(137.16 mm, 1797.05 mm): Symbol #PWR74 [GND]
[lib_symbol_issues]: The current configuration does not include the symbol library 'elt'
    ; warning
    @(137.16 mm, 2607.31 mm): Symbol #PWR104 [GND]
[endpoint_off_grid]: Symbol pin or wire end off connection grid
    ; warning
    @(137.16 mm, 3418.205 mm): Symbol #PWR134 Hidden pin 1 [GND, Power input, Line]
[lib_symbol_issues]: The current configuration does not include the symbol library 'elt'
    ; warning
    @(137.16 mm, 3418.205 mm): Symbol #PWR134 [GND]
[endpoint_off_grid]: Symbol pin or wire end off connection grid
    ; warning
    @(138.43 mm, 934.72 mm): Horizontal Wire, length 0.635 mm
[endpoint_off_grid]: Symbol pin or wire end off connection grid
    ; warning
    @(137.795 mm, 934.72 mm): Vertical Wire, length 3.81 mm
[endpoint_off_grid]: Symbol pin or wire end off connection grid
    ; warning
    @(137.795 mm, 938.53 mm): Horizontal Wire, length 2.54 mm
[endpoint_off_grid]: Symbol pin or wire end off connection grid
    ; warning
    @(137.795 mm, 1744.98 mm): Vertical Wire, length 3.81 mm
[endpoint_off_grid]: Symbol pin or wire end off connection grid
    ; warning
    @(138.43 mm, 1744.98 mm): Horizontal Wire, length 0.635 mm
[endpoint_off_grid]: Symbol pin or wire end off connection grid
    ; warning
    @(137.795 mm, 1748.79 mm): Horizontal Wire, length 2.54 mm
[endpoint_off_grid]: Symbol pin or wire end off connection grid
    ; warning
    @(138.43 mm, 2555.24 mm): Horizontal Wire, length 0.635 mm
[endpoint_off_grid]: Symbol pin or wire end off connection grid
    ; warning
    @(137.795 mm, 3366.135 mm): Vertical Wire, length 3.81 mm
[endpoint_off_grid]: Symbol pin or wire end off connection grid
    ; warning
    @(137.795 mm, 3369.945 mm): Horizontal Wire, length 2.54 mm
[endpoint_off_grid]: Symbol pin or wire end off connection grid
    ; warning
    @(138.43 mm, 3366.135 mm): Horizontal Wire, length 0.635 mm
[endpoint_off_grid]: Symbol pin or wire end off connection grid
    ; warning
    @(138.43 mm, 3382.645 mm): Vertical Wire, length 16.51 mm
[endpoint_off_grid]: Symbol pin or wire end off connection grid
    ; warning
    @(134.62 mm, 1377.95 mm): Horizontal Wire, length 4.445 mm
[endpoint_off_grid]: Symbol pin or wire end off connection grid
    ; warning
    @(139.065 mm, 1377.95 mm): Horizontal Wire, length 3.81 mm
[endpoint_off_grid]: Symbol pin or wire end off connection grid
    ; warning
    @(139.065 mm, 1377.95 mm): Vertical Wire, length 2.54 mm
[footprint_link_issues]: The current configuration does not include the footprint library 'Resistor_SMD'
    ; warning
    @(139.065 mm, 1384.30 mm): Symbol R71 [SYM_R71]
[lib_symbol_issues]: The current configuration does not include the symbol library 'elt'
    ; warning
    @(139.065 mm, 1384.30 mm): Symbol R71 [SYM_R71]
[endpoint_off_grid]: Symbol pin or wire end off connection grid
    ; warning
    @(139.065 mm, 1388.11 mm): Vertical Wire, length 17.145 mm
[endpoint_off_grid]: Symbol pin or wire end off connection grid
    ; warning
    @(139.065 mm, 1388.11 mm): Symbol R71 Pin 1 [Passive, Line]
[endpoint_off_grid]: Symbol pin or wire end off connection grid
    ; warning
    @(139.065 mm, 1405.255 mm): Horizontal Wire, length 0.635 mm
[endpoint_off_grid]: Symbol pin or wire end off connection grid
    ; warning
    @(139.065 mm, 2188.845 mm): Horizontal Wire, length 3.81 mm
[endpoint_off_grid]: Symbol pin or wire end off connection grid
    ; warning
    @(139.065 mm, 2188.845 mm): Vertical Wire, length 2.54 mm
[footprint_link_issues]: The current configuration does not include the footprint library 'Resistor_SMD'
    ; warning
    @(139.065 mm, 2195.195 mm): Symbol R72 [SYM_R72]
[lib_symbol_issues]: The current configuration does not include the symbol library 'elt'
    ; warning
    @(139.065 mm, 2195.195 mm): Symbol R72 [SYM_R72]
[endpoint_off_grid]: Symbol pin or wire end off connection grid
    ; warning
    @(139.065 mm, 2199.005 mm): Symbol R72 Pin 1 [Passive, Line]
[endpoint_off_grid]: Symbol pin or wire end off connection grid
    ; warning
    @(139.065 mm, 2199.005 mm): Vertical Wire, length 17.145 mm
[endpoint_off_grid]: Symbol pin or wire end off connection grid
    ; warning
    @(139.065 mm, 2216.15 mm): Horizontal Wire, length 0.635 mm
[endpoint_off_grid]: Symbol pin or wire end off connection grid
    ; warning
    @(139.065 mm, 2999.105 mm): Horizontal Wire, length 4.445 mm
[endpoint_off_grid]: Symbol pin or wire end off connection grid
    ; warning
    @(139.065 mm, 3024.505 mm): Vertical Wire, length 25.40 mm
[endpoint_off_grid]: Symbol pin or wire end off connection grid
    ; warning
    @(139.065 mm, 3810.00 mm): Vertical Wire, length 2.54 mm
[endpoint_off_grid]: Symbol pin or wire end off connection grid
    ; warning
    @(134.62 mm, 3810.00 mm): Horizontal Wire, length 4.445 mm
[endpoint_off_grid]: Symbol pin or wire end off connection grid
    ; warning
    @(139.065 mm, 3810.00 mm): Horizontal Wire, length 3.81 mm
[footprint_link_issues]: The current configuration does not include the footprint library 'Resistor_SMD'
    ; warning
    @(139.065 mm, 3816.35 mm): Symbol R74 [SYM_R74]
[lib_symbol_issues]: The current configuration does not include the symbol library 'elt'
    ; warning
    @(139.065 mm, 3816.35 mm): Symbol R74 [SYM_R74]
[endpoint_off_grid]: Symbol pin or wire end off connection grid
    ; warning
    @(139.065 mm, 3820.16 mm): Symbol R74 Pin 1 [Passive, Line]
[endpoint_off_grid]: Symbol pin or wire end off connection grid
    ; warning
    @(139.065 mm, 3820.16 mm): Vertical Wire, length 17.145 mm
[endpoint_off_grid]: Symbol pin or wire end off connection grid
    ; warning
    @(139.065 mm, 3837.305 mm): Horizontal Wire, length 0.635 mm
[footprint_link_issues]: The current configuration does not include the footprint library 'Resistor_SMD'
    ; warning
    @(139.70 mm, 65.405 mm): Symbol R70 [SYM_R70]
[lib_symbol_issues]: The current configuration does not include the symbol library 'elt'
    ; warning
    @(139.70 mm, 65.405 mm): Symbol R70 [SYM_R70]
[endpoint_off_grid]: Symbol pin or wire end off connection grid
    ; warning
    @(139.70 mm, 159.385 mm): Symbol R41 Pin 1 [Passive, Line]
[endpoint_off_grid]: Symbol pin or wire end off connection grid
    ; warning
    @(139.70 mm, 210.185 mm): Symbol R42 Pin 1 [Passive, Line]
[endpoint_off_grid]: Symbol pin or wire end off connection grid
    ; warning
    @(139.70 mm, 286.385 mm): Symbol R43 Pin 1 [Passive, Line]
[endpoint_off_grid]: Symbol pin or wire end off connection grid
    ; warning
    @(139.70 mm, 337.185 mm): Symbol R44 Pin 1 [Passive, Line]
[endpoint_off_grid]: Symbol pin or wire end off connection grid
    ; warning
    @(139.70 mm, 413.385 mm): Symbol R45 Pin 1 [Passive, Line]
[endpoint_off_grid]: Symbol pin or wire end off connection grid
    ; warning
    @(139.70 mm, 540.385 mm): Symbol R47 Pin 1 [Passive, Line]
[endpoint_off_grid]: Symbol pin or wire end off connection grid
    ; warning
    @(139.70 mm, 591.185 mm): Symbol R48 Pin 1 [Passive, Line]
[footprint_link_issues]: The current configuration does not include the footprint library 'Resistor_SMD'
    ; warning
    @(140.335 mm, 2976.88 mm): Symbol R59 [SYM_R59]
[lib_symbol_issues]: The current configuration does not include the symbol library 'elt'
    ; warning
    @(140.335 mm, 2976.88 mm): Symbol R59 [SYM_R59]
[endpoint_off_grid]: Symbol pin or wire end off connection grid
    ; warning
    @(140.97 mm, 932.815 mm): Horizontal Wire, length 17.145 mm
[endpoint_off_grid]: Symbol pin or wire end off connection grid
    ; warning
    @(140.97 mm, 951.23 mm): Vertical Wire, length 18.415 mm
[endpoint_off_grid]: Symbol pin or wire end off connection grid
    ; warning
    @(140.97 mm, 1743.075 mm): Horizontal Wire, length 17.145 mm
[endpoint_off_grid]: Symbol pin or wire end off connection grid
    ; warning
    @(140.97 mm, 1761.49 mm): Vertical Wire, length 18.415 mm
[endpoint_off_grid]: Symbol pin or wire end off connection grid
    ; warning
    @(140.97 mm, 2571.75 mm): Vertical Wire, length 18.415 mm
[endpoint_off_grid]: Symbol pin or wire end off connection grid
    ; warning
    @(140.97 mm, 2553.335 mm): Horizontal Wire, length 17.145 mm
[endpoint_off_grid]: Symbol pin or wire end off connection grid
    ; warning
    @(140.97 mm, 3382.645 mm): Vertical Wire, length 18.415 mm
[endpoint_off_grid]: Symbol pin or wire end off connection grid
    ; warning
    @(142.24 mm, 986.155 mm): Symbol #PWR45 Hidden pin 1 [GND, Power input, Line]
[lib_symbol_issues]: The current configuration does not include the symbol library 'elt'
    ; warning
    @(142.24 mm, 986.155 mm): Symbol #PWR45 [GND]
[lib_symbol_issues]: The current configuration does not include the symbol library 'elt'
    ; warning
    @(142.24 mm, 1797.05 mm): Symbol #PWR75 [GND]
[lib_symbol_issues]: The current configuration does not include the symbol library 'elt'
    ; warning
    @(142.24 mm, 2607.31 mm): Symbol #PWR105 [GND]
[endpoint_off_grid]: Symbol pin or wire end off connection grid
    ; warning
    @(142.24 mm, 3418.205 mm): Symbol #PWR135 Hidden pin 1 [GND, Power input, Line]
[lib_symbol_issues]: The current configuration does not include the symbol library 'elt'
    ; warning
    @(142.24 mm, 3418.205 mm): Symbol #PWR135 [GND]
[endpoint_off_grid]: Symbol pin or wire end off connection grid
    ; warning
    @(142.875 mm, 931.545 mm): Vertical Wire, length 1.27 mm
[endpoint_off_grid]: Symbol pin or wire end off connection grid
    ; warning
    @(142.875 mm, 1741.805 mm): Vertical Wire, length 1.27 mm
[endpoint_off_grid]: Symbol pin or wire end off connection grid
    ; warning
    @(142.875 mm, 2552.065 mm): Vertical Wire, length 1.27 mm
[endpoint_off_grid]: Symbol pin or wire end off connection grid
    ; warning
    @(143.51 mm, 3026.41 mm): Horizontal Wire, length 0.635 mm
[endpoint_off_grid]: Symbol pin or wire end off connection grid
    ; warning
    @(143.51 mm, 3362.96 mm): Horizontal Wire, length 0.635 mm
[endpoint_off_grid]: Symbol pin or wire end off connection grid
    ; warning
    @(142.875 mm, 3362.96 mm): Vertical Wire, length 1.27 mm
[endpoint_off_grid]: Symbol pin or wire end off connection grid
    ; warning
    @(143.51 mm, 65.405 mm): Horizontal Wire, length 2.54 mm
[footprint_link_issues]: The current configuration does not include the footprint library 'Resistor_SMD'
    ; warning
    @(143.51 mm, 159.385 mm): Symbol R41 [SYM_R41]
[lib_symbol_issues]: The current configuration does not include the symbol library 'elt'
    ; warning
    @(143.51 mm, 159.385 mm): Symbol R41 [SYM_R41]
[footprint_link_issues]: The current configuration does not include the footprint library 'Resistor_SMD'
    ; warning
    @(143.51 mm, 210.185 mm): Symbol R42 [SYM_R42]
[lib_symbol_issues]: The current configuration does not include the symbol library 'elt'
    ; warning
    @(143.51 mm, 210.185 mm): Symbol R42 [SYM_R42]
[footprint_link_issues]: The current configuration does not include the footprint library 'Resistor_SMD'
    ; warning
    @(143.51 mm, 286.385 mm): Symbol R43 [SYM_R43]
[lib_symbol_issues]: The current configuration does not include the symbol library 'elt'
    ; warning
    @(143.51 mm, 286.385 mm): Symbol R43 [SYM_R43]
[footprint_link_issues]: The current configuration does not include the footprint library 'Resistor_SMD'
    ; warning
    @(143.51 mm, 337.185 mm): Symbol R44 [SYM_R44]
[lib_symbol_issues]: The current configuration does not include the symbol library 'elt'
    ; warning
    @(143.51 mm, 337.185 mm): Symbol R44 [SYM_R44]
[footprint_link_issues]: The current configuration does not include the footprint library 'Resistor_SMD'
    ; warning
    @(143.51 mm, 413.385 mm): Symbol R45 [SYM_R45]
[lib_symbol_issues]: The current configuration does not include the symbol library 'elt'
    ; warning
    @(143.51 mm, 413.385 mm): Symbol R45 [SYM_R45]
[footprint_link_issues]: The current configuration does not include the footprint library 'Resistor_SMD'
    ; warning
    @(143.51 mm, 463.55 mm): Symbol R46 [SYM_R46]
[lib_symbol_issues]: The current configuration does not include the symbol library 'elt'
    ; warning
    @(143.51 mm, 463.55 mm): Symbol R46 [SYM_R46]
[footprint_link_issues]: The current configuration does not include the footprint library 'Resistor_SMD'
    ; warning
    @(143.51 mm, 540.385 mm): Symbol R47 [SYM_R47]
[lib_symbol_issues]: The current configuration does not include the symbol library 'elt'
    ; warning
    @(143.51 mm, 540.385 mm): Symbol R47 [SYM_R47]
[footprint_link_issues]: The current configuration does not include the footprint library 'Resistor_SMD'
    ; warning
    @(143.51 mm, 591.185 mm): Symbol R48 [SYM_R48]
[lib_symbol_issues]: The current configuration does not include the symbol library 'elt'
    ; warning
    @(143.51 mm, 591.185 mm): Symbol R48 [SYM_R48]
[endpoint_off_grid]: Symbol pin or wire end off connection grid
    ; warning
    @(143.51 mm, 951.23 mm): Vertical Wire, length 19.685 mm
[endpoint_off_grid]: Symbol pin or wire end off connection grid
    ; warning
    @(143.51 mm, 931.545 mm): Horizontal Wire, length 0.635 mm
[endpoint_off_grid]: Symbol pin or wire end off connection grid
    ; warning
    @(143.51 mm, 1761.49 mm): Vertical Wire, length 19.685 mm
[endpoint_off_grid]: Symbol pin or wire end off connection grid
    ; warning
    @(143.51 mm, 1741.805 mm): Horizontal Wire, length 0.635 mm
[endpoint_off_grid]: Symbol pin or wire end off connection grid
    ; warning
    @(143.51 mm, 2552.065 mm): Horizontal Wire, length 0.635 mm
[endpoint_off_grid]: Symbol pin or wire end off connection grid
    ; warning
    @(143.51 mm, 2571.75 mm): Vertical Wire, length 19.685 mm
[endpoint_off_grid]: Symbol pin or wire end off connection grid
    ; warning
    @(143.51 mm, 2999.105 mm): Horizontal Wire, length 3.81 mm
[endpoint_off_grid]: Symbol pin or wire end off connection grid
    ; warning
    @(143.51 mm, 2999.105 mm): Vertical Wire, length 2.54 mm
[footprint_link_issues]: The current configuration does not include the footprint library 'Resistor_SMD'
    ; warning
    @(143.51 mm, 3005.455 mm): Symbol R73 [SYM_R73]
[lib_symbol_issues]: The current configuration does not include the symbol library 'elt'
    ; warning
    @(143.51 mm, 3005.455 mm): Symbol R73 [SYM_R73]
[endpoint_off_grid]: Symbol pin or wire end off connection grid
    ; warning
    @(143.51 mm, 3009.265 mm): Symbol R73 Pin 1 [Passive, Line]
[endpoint_off_grid]: Symbol pin or wire end off connection grid
    ; warning
    @(143.51 mm, 3009.265 mm): Vertical Wire, length 17.145 mm
[endpoint_off_grid]: Symbol pin or wire end off connection grid
    ; warning
    @(143.51 mm, 3382.645 mm): Vertical Wire, length 19.685 mm
[footprint_link_issues]: The current configuration does not include the footprint library 'pi_usb_port_switch'
    ; warning
    @(144.145 mm, 96.52 mm): Symbol Q1 [SYM_Q1]
[lib_symbol_issues]: The current configuration does not include the symbol library 'elt'
    ; warning
    @(144.145 mm, 96.52 mm): Symbol Q1 [SYM_Q1]
[endpoint_off_grid]: Symbol pin or wire end off connection grid
    ; warning
    @(146.05 mm, 65.405 mm): Vertical Wire, length 4.445 mm
[endpoint_off_grid]: Symbol pin or wire end off connection grid
    ; warning
    @(147.32 mm, 159.385 mm): Horizontal Wire, length 68.58 mm
[endpoint_off_grid]: Symbol pin or wire end off connection grid
    ; warning
    @(147.32 mm, 159.385 mm): Vertical Wire, length 2.54 mm
[endpoint_off_grid]: Symbol pin or wire end off connection grid
    ; warning
    @(147.32 mm, 210.185 mm): Vertical Wire, length 2.54 mm
[endpoint_off_grid]: Symbol pin or wire end off connection grid
    ; warning
    @(147.32 mm, 210.185 mm): Horizontal Wire, length 68.58 mm
[endpoint_off_grid]: Symbol pin or wire end off connection grid
    ; warning
    @(147.32 mm, 286.385 mm): Horizontal Wire, length 68.58 mm
[endpoint_off_grid]: Symbol pin or wire end off connection grid
    ; warning
    @(147.32 mm, 286.385 mm): Vertical Wire, length 2.54 mm
[endpoint_off_grid]: Symbol pin or wire end off connection grid
    ; warning
    @(147.32 mm, 337.185 mm): Vertical Wire, length 2.54 mm
[endpoint_off_grid]: Symbol pin or wire end off connection grid
    ; warning
    @(147.32 mm, 337.185 mm): Horizontal Wire, length 68.58 mm
[endpoint_off_grid]: Symbol pin or wire end off connection grid
    ; warning
    @(147.32 mm, 413.385 mm): Vertical Wire, length 2.54 mm
[endpoint_off_grid]: Symbol pin or wire end off connection grid
    ; warning
    @(147.32 mm, 413.385 mm): Horizontal Wire, length 68.58 mm
[endpoint_off_grid]: Symbol pin or wire end off connection grid
    ; warning
    @(147.32 mm, 540.385 mm): Vertical Wire, length 2.54 mm
[endpoint_off_grid]: Symbol pin or wire end off connection grid
    ; warning
    @(147.32 mm, 540.385 mm): Horizontal Wire, length 68.58 mm
[endpoint_off_grid]: Symbol pin or wire end off connection grid
    ; warning
    @(147.32 mm, 591.185 mm): Horizontal Wire, length 68.58 mm
[endpoint_off_grid]: Symbol pin or wire end off connection grid
    ; warning
    @(147.32 mm, 591.185 mm): Vertical Wire, length 2.54 mm
[endpoint_off_grid]: Symbol pin or wire end off connection grid
    ; warning
    @(149.225 mm, 671.195 mm): Horizontal Wire, length 47.625 mm
[endpoint_off_grid]: Symbol pin or wire end off connection grid
    ; warning
    @(149.225 mm, 1062.99 mm): Horizontal Wire, length 47.625 mm
[endpoint_off_grid]: Symbol pin or wire end off connection grid
    ; warning
    @(149.225 mm, 1481.455 mm): Horizontal Wire, length 47.625 mm
[endpoint_off_grid]: Symbol pin or wire end off connection grid
    ; warning
    @(149.225 mm, 1873.25 mm): Horizontal Wire, length 47.625 mm
[endpoint_off_grid]: Symbol pin or wire end off connection grid
    ; warning
    @(149.225 mm, 2291.715 mm): Horizontal Wire, length 47.625 mm
[endpoint_off_grid]: Symbol pin or wire end off connection grid
    ; warning
    @(149.225 mm, 2684.145 mm): Horizontal Wire, length 47.625 mm
[endpoint_off_grid]: Symbol pin or wire end off connection grid
    ; warning
    @(149.225 mm, 3102.61 mm): Horizontal Wire, length 47.625 mm
[endpoint_off_grid]: Symbol pin or wire end off connection grid
    ; warning
    @(149.225 mm, 3494.405 mm): Horizontal Wire, length 47.625 mm
[endpoint_off_grid]: Symbol pin or wire end off connection grid
    ; warning
    @(158.115 mm, 622.935 mm): Symbol #PWR30 Hidden pin 1 [GND, Power input, Line]
[lib_symbol_issues]: The current configuration does not include the symbol library 'elt'
    ; warning
    @(158.115 mm, 622.935 mm): Symbol #PWR30 [GND]
[footprint_link_issues]: The current configuration does not include the footprint library 'Resistor_SMD'
    ; warning
    @(158.115 mm, 626.745 mm): Symbol R80 [SYM_R80]
[lib_symbol_issues]: The current configuration does not include the symbol library 'elt'
    ; warning
    @(158.115 mm, 626.745 mm): Symbol R80 [SYM_R80]
[endpoint_off_grid]: Symbol pin or wire end off connection grid
    ; warning
    @(158.115 mm, 630.555 mm): Symbol R80 Pin 1 [Passive, Line]
[endpoint_off_grid]: Symbol pin or wire end off connection grid
    ; warning
    @(158.115 mm, 630.555 mm): Vertical Wire, length 1.905 mm
[endpoint_off_grid]: Symbol pin or wire end off connection grid
    ; warning
    @(158.115 mm, 632.46 mm): Horizontal Wire, length 0.635 mm
[endpoint_off_grid]: Symbol pin or wire end off connection grid
    ; warning
    @(165.735 mm, 658.495 mm): Symbol J3 Pin 1 [VBUS_NC, Passive, Line]
[endpoint_off_grid]: Symbol pin or wire end off connection grid
    ; warning
    @(165.735 mm, 695.96 mm): Symbol #PWR31 Hidden pin 1 [GND, Power input, Line]
[lib_symbol_issues]: The current configuration does not include the symbol library 'elt'
    ; warning
    @(165.735 mm, 695.96 mm): Symbol #PWR31 [GND]
[endpoint_off_grid]: Symbol pin or wire end off connection grid
    ; warning
    @(165.735 mm, 1050.29 mm): Horizontal Wire, length 1.27 mm
[endpoint_off_grid]: Symbol pin or wire end off connection grid
    ; warning
    @(165.735 mm, 1050.29 mm): Symbol J4 Pin 1 [VBUS, Passive, Line]
[endpoint_off_grid]: Symbol pin or wire end off connection grid
    ; warning
    @(165.735 mm, 1087.755 mm): Symbol #PWR34 Hidden pin 1 [GND, Power input, Line]
[lib_symbol_issues]: The current configuration does not include the symbol library 'elt'
    ; warning
    @(165.735 mm, 1087.755 mm): Symbol #PWR34 [GND]
[endpoint_off_grid]: Symbol pin or wire end off connection grid
    ; warning
    @(165.735 mm, 1468.755 mm): Symbol J5 Pin 1 [VBUS_NC, Passive, Line]
[endpoint_off_grid]: Symbol pin or wire end off connection grid
    ; warning
    @(165.735 mm, 1506.22 mm): Symbol #PWR61 Hidden pin 1 [GND, Power input, Line]
[lib_symbol_issues]: The current configuration does not include the symbol library 'elt'
    ; warning
    @(165.735 mm, 1506.22 mm): Symbol #PWR61 [GND]
[endpoint_off_grid]: Symbol pin or wire end off connection grid
    ; warning
    @(165.735 mm, 1861.185 mm): Horizontal Wire, length 1.27 mm
[endpoint_off_grid]: Symbol pin or wire end off connection grid
    ; warning
    @(165.735 mm, 1861.185 mm): Symbol J6 Pin 1 [VBUS, Passive, Line]
[endpoint_off_grid]: Symbol pin or wire end off connection grid
    ; warning
    @(165.735 mm, 1898.65 mm): Symbol #PWR64 Hidden pin 1 [GND, Power input, Line]
[lib_symbol_issues]: The current configuration does not include the symbol library 'elt'
    ; warning
    @(165.735 mm, 1898.65 mm): Symbol #PWR64 [GND]
[endpoint_off_grid]: Symbol pin or wire end off connection grid
    ; warning
    @(165.735 mm, 2279.65 mm): Symbol J7 Pin 1 [VBUS_NC, Passive, Line]
[endpoint_off_grid]: Symbol pin or wire end off connection grid
    ; warning
    @(165.735 mm, 2317.115 mm): Symbol #PWR91 Hidden pin 1 [GND, Power input, Line]
[lib_symbol_issues]: The current configuration does not include the symbol library 'elt'
    ; warning
    @(165.735 mm, 2317.115 mm): Symbol #PWR91 [GND]
[endpoint_off_grid]: Symbol pin or wire end off connection grid
    ; warning
    @(165.735 mm, 2671.445 mm): Horizontal Wire, length 1.27 mm
[endpoint_off_grid]: Symbol pin or wire end off connection grid
    ; warning
    @(165.735 mm, 2671.445 mm): Symbol J8 Pin 1 [VBUS, Passive, Line]
[endpoint_off_grid]: Symbol pin or wire end off connection grid
    ; warning
    @(165.735 mm, 2708.91 mm): Symbol #PWR94 Hidden pin 1 [GND, Power input, Line]
[lib_symbol_issues]: The current configuration does not include the symbol library 'elt'
    ; warning
    @(165.735 mm, 2708.91 mm): Symbol #PWR94 [GND]
[endpoint_off_grid]: Symbol pin or wire end off connection grid
    ; warning
    @(165.735 mm, 3089.91 mm): Symbol J9 Pin 1 [VBUS_NC, Passive, Line]
[endpoint_off_grid]: Symbol pin or wire end off connection grid
    ; warning
    @(165.735 mm, 3127.375 mm): Symbol #PWR121 Hidden pin 1 [GND, Power input, Line]
[lib_symbol_issues]: The current configuration does not include the symbol library 'elt'
    ; warning
    @(165.735 mm, 3127.375 mm): Symbol #PWR121 [GND]
[endpoint_off_grid]: Symbol pin or wire end off connection grid
    ; warning
    @(165.735 mm, 3482.34 mm): Symbol J10 Pin 1 [VBUS, Passive, Line]
[endpoint_off_grid]: Symbol pin or wire end off connection grid
    ; warning
    @(165.735 mm, 3482.34 mm): Horizontal Wire, length 2.54 mm
[endpoint_off_grid]: Symbol pin or wire end off connection grid
    ; warning
    @(165.735 mm, 3519.805 mm): Symbol #PWR124 Hidden pin 1 [GND, Power input, Line]
[lib_symbol_issues]: The current configuration does not include the symbol library 'elt'
    ; warning
    @(165.735 mm, 3519.805 mm): Symbol #PWR124 [GND]
[footprint_link_issues]: The current configuration does not include the footprint library 'pi_usb_port_switch'
    ; warning
    @(167.005 mm, 677.545 mm): Symbol J3 [SYM_J3]
[lib_symbol_issues]: The current configuration does not include the symbol library 'elt'
    ; warning
    @(167.005 mm, 677.545 mm): Symbol J3 [SYM_J3]
[footprint_link_issues]: The current configuration does not include the footprint library 'pi_usb_port_switch'
    ; warning
    @(167.005 mm, 1069.34 mm): Symbol J4 [SYM_J4]
[lib_symbol_issues]: The current configuration does not include the symbol library 'elt'
    ; warning
    @(167.005 mm, 1069.34 mm): Symbol J4 [SYM_J4]
[footprint_link_issues]: The current configuration does not include the footprint library 'pi_usb_port_switch'
    ; warning
    @(167.005 mm, 1487.805 mm): Symbol J5 [SYM_J5]
[lib_symbol_issues]: The current configuration does not include the symbol library 'elt'
    ; warning
    @(167.005 mm, 1487.805 mm): Symbol J5 [SYM_J5]
[footprint_link_issues]: The current configuration does not include the footprint library 'pi_usb_port_switch'
    ; warning
    @(167.005 mm, 1879.60 mm): Symbol J6 [SYM_J6]
[lib_symbol_issues]: The current configuration does not include the symbol library 'elt'
    ; warning
    @(167.005 mm, 1879.60 mm): Symbol J6 [SYM_J6]
[footprint_link_issues]: The current configuration does not include the footprint library 'pi_usb_port_switch'
    ; warning
    @(167.005 mm, 2298.065 mm): Symbol J7 [SYM_J7]
[lib_symbol_issues]: The current configuration does not include the symbol library 'elt'
    ; warning
    @(167.005 mm, 2298.065 mm): Symbol J7 [SYM_J7]
[footprint_link_issues]: The current configuration does not include the footprint library 'pi_usb_port_switch'
    ; warning
    @(167.005 mm, 2690.495 mm): Symbol J8 [SYM_J8]
[lib_symbol_issues]: The current configuration does not include the symbol library 'elt'
    ; warning
    @(167.005 mm, 2690.495 mm): Symbol J8 [SYM_J8]
[footprint_link_issues]: The current configuration does not include the footprint library 'pi_usb_port_switch'
    ; warning
    @(167.005 mm, 3108.96 mm): Symbol J9 [SYM_J9]
[lib_symbol_issues]: The current configuration does not include the symbol library 'elt'
    ; warning
    @(167.005 mm, 3108.96 mm): Symbol J9 [SYM_J9]
[footprint_link_issues]: The current configuration does not include the footprint library 'pi_usb_port_switch'
    ; warning
    @(167.005 mm, 3500.755 mm): Symbol J10 [SYM_J10]
[lib_symbol_issues]: The current configuration does not include the symbol library 'elt'
    ; warning
    @(167.005 mm, 3500.755 mm): Symbol J10 [SYM_J10]
[endpoint_off_grid]: Symbol pin or wire end off connection grid
    ; warning
    @(168.275 mm, 658.495 mm): Symbol #PWR33 Hidden pin 1 [GND, Power input, Line]
[lib_symbol_issues]: The current configuration does not include the symbol library 'elt'
    ; warning
    @(168.275 mm, 658.495 mm): Symbol #PWR33 [GND]
[endpoint_off_grid]: Symbol pin or wire end off connection grid
    ; warning
    @(168.275 mm, 695.96 mm): Symbol #PWR32 Hidden pin 1 [GND, Power input, Line]
[lib_symbol_issues]: The current configuration does not include the symbol library 'elt'
    ; warning
    @(168.275 mm, 695.96 mm): Symbol #PWR32 [GND]
[endpoint_off_grid]: Symbol pin or wire end off connection grid
    ; warning
    @(168.275 mm, 1050.29 mm): Symbol #PWR36 Hidden pin 1 [GND, Power input, Line]
[lib_symbol_issues]: The current configuration does not include the symbol library 'elt'
    ; warning
    @(168.275 mm, 1050.29 mm): Symbol #PWR36 [GND]
[endpoint_off_grid]: Symbol pin or wire end off connection grid
    ; warning
    @(168.275 mm, 1087.755 mm): Symbol #PWR35 Hidden pin 1 [GND, Power input, Line]
[lib_symbol_issues]: The current configuration does not include the symbol library 'elt'
    ; warning
    @(168.275 mm, 1087.755 mm): Symbol #PWR35 [GND]
[endpoint_off_grid]: Symbol pin or wire end off connection grid
    ; warning
    @(168.275 mm, 1468.755 mm): Symbol #PWR63 Hidden pin 1 [GND, Power input, Line]
[lib_symbol_issues]: The current configuration does not include the symbol library 'elt'
    ; warning
    @(168.275 mm, 1468.755 mm): Symbol #PWR63 [GND]
[endpoint_off_grid]: Symbol pin or wire end off connection grid
    ; warning
    @(168.275 mm, 1506.22 mm): Symbol #PWR62 Hidden pin 1 [GND, Power input, Line]
[lib_symbol_issues]: The current configuration does not include the symbol library 'elt'
    ; warning
    @(168.275 mm, 1506.22 mm): Symbol #PWR62 [GND]
[endpoint_off_grid]: Symbol pin or wire end off connection grid
    ; warning
    @(168.275 mm, 1861.185 mm): Symbol #PWR66 Hidden pin 1 [GND, Power input, Line]
[lib_symbol_issues]: The current configuration does not include the symbol library 'elt'
    ; warning
    @(168.275 mm, 1861.185 mm): Symbol #PWR66 [GND]
[endpoint_off_grid]: Symbol pin or wire end off connection grid
    ; warning
    @(168.275 mm, 1898.65 mm): Symbol #PWR65 Hidden pin 1 [GND, Power input, Line]
[lib_symbol_issues]: The current configuration does not include the symbol library 'elt'
    ; warning
    @(168.275 mm, 1898.65 mm): Symbol #PWR65 [GND]
[endpoint_off_grid]: Symbol pin or wire end off connection grid
    ; warning
    @(168.275 mm, 2279.65 mm): Symbol #PWR93 Hidden pin 1 [GND, Power input, Line]
[lib_symbol_issues]: The current configuration does not include the symbol library 'elt'
    ; warning
    @(168.275 mm, 2279.65 mm): Symbol #PWR93 [GND]
[endpoint_off_grid]: Symbol pin or wire end off connection grid
    ; warning
    @(168.275 mm, 2317.115 mm): Symbol #PWR92 Hidden pin 1 [GND, Power input, Line]
[lib_symbol_issues]: The current configuration does not include the symbol library 'elt'
    ; warning
    @(168.275 mm, 2317.115 mm): Symbol #PWR92 [GND]
[endpoint_off_grid]: Symbol pin or wire end off connection grid
    ; warning
    @(168.275 mm, 2671.445 mm): Symbol #PWR96 Hidden pin 1 [GND, Power input, Line]
[lib_symbol_issues]: The current configuration does not include the symbol library 'elt'
    ; warning
    @(168.275 mm, 2671.445 mm): Symbol #PWR96 [GND]
[endpoint_off_grid]: Symbol pin or wire end off connection grid
    ; warning
    @(168.275 mm, 2708.91 mm): Symbol #PWR95 Hidden pin 1 [GND, Power input, Line]
[lib_symbol_issues]: The current configuration does not include the symbol library 'elt'
    ; warning
    @(168.275 mm, 2708.91 mm): Symbol #PWR95 [GND]
[endpoint_off_grid]: Symbol pin or wire end off connection grid
    ; warning
    @(168.275 mm, 3089.91 mm): Symbol #PWR123 Hidden pin 1 [GND, Power input, Line]
[lib_symbol_issues]: The current configuration does not include the symbol library 'elt'
    ; warning
    @(168.275 mm, 3089.91 mm): Symbol #PWR123 [GND]
[endpoint_off_grid]: Symbol pin or wire end off connection grid
    ; warning
    @(168.275 mm, 3127.375 mm): Symbol #PWR122 Hidden pin 1 [GND, Power input, Line]
[lib_symbol_issues]: The current configuration does not include the symbol library 'elt'
    ; warning
    @(168.275 mm, 3127.375 mm): Symbol #PWR122 [GND]
[endpoint_off_grid]: Symbol pin or wire end off connection grid
    ; warning
    @(168.275 mm, 3482.34 mm): Symbol #PWR126 Hidden pin 1 [GND, Power input, Line]
[lib_symbol_issues]: The current configuration does not include the symbol library 'elt'
    ; warning
    @(168.275 mm, 3482.34 mm): Symbol #PWR126 [GND]
[endpoint_off_grid]: Symbol pin or wire end off connection grid
    ; warning
    @(168.275 mm, 3519.805 mm): Symbol #PWR125 Hidden pin 1 [GND, Power input, Line]
[lib_symbol_issues]: The current configuration does not include the symbol library 'elt'
    ; warning
    @(168.275 mm, 3519.805 mm): Symbol #PWR125 [GND]
[unconnected_wire_endpoint]: Unconnected wire endpoint
    ; warning
    @(182.245 mm, 160.655 mm): Horizontal Wire, length 1.27 mm
[unconnected_wire_endpoint]: Unconnected wire endpoint
    ; warning
    @(182.245 mm, 211.455 mm): Horizontal Wire, length 1.27 mm
[unconnected_wire_endpoint]: Unconnected wire endpoint
    ; warning
    @(182.245 mm, 287.02 mm): Horizontal Wire, length 1.27 mm
[unconnected_wire_endpoint]: Unconnected wire endpoint
    ; warning
    @(182.245 mm, 338.455 mm): Horizontal Wire, length 1.27 mm
[unconnected_wire_endpoint]: Unconnected wire endpoint
    ; warning
    @(182.245 mm, 414.655 mm): Horizontal Wire, length 1.27 mm
[unconnected_wire_endpoint]: Unconnected wire endpoint
    ; warning
    @(182.245 mm, 464.82 mm): Horizontal Wire, length 1.27 mm
[unconnected_wire_endpoint]: Unconnected wire endpoint
    ; warning
    @(182.245 mm, 541.655 mm): Horizontal Wire, length 1.27 mm
[unconnected_wire_endpoint]: Unconnected wire endpoint
    ; warning
    @(182.245 mm, 591.82 mm): Horizontal Wire, length 1.27 mm
[endpoint_off_grid]: Symbol pin or wire end off connection grid
    ; warning
    @(182.245 mm, 159.385 mm): Vertical Wire, length 1.27 mm
[endpoint_off_grid]: Symbol pin or wire end off connection grid
    ; warning
    @(182.245 mm, 160.655 mm): Horizontal Wire, length 1.27 mm
[endpoint_off_grid]: Symbol pin or wire end off connection grid
    ; warning
    @(182.245 mm, 210.185 mm): Vertical Wire, length 1.27 mm
[endpoint_off_grid]: Symbol pin or wire end off connection grid
    ; warning
    @(182.245 mm, 211.455 mm): Horizontal Wire, length 1.27 mm
[endpoint_off_grid]: Symbol pin or wire end off connection grid
    ; warning
    @(182.245 mm, 286.385 mm): Vertical Wire, length 0.635 mm
[endpoint_off_grid]: Symbol pin or wire end off connection grid
    ; warning
    @(182.245 mm, 287.02 mm): Horizontal Wire, length 1.27 mm
[endpoint_off_grid]: Symbol pin or wire end off connection grid
    ; warning
    @(182.245 mm, 337.185 mm): Vertical Wire, length 1.27 mm
[endpoint_off_grid]: Symbol pin or wire end off connection grid
    ; warning
    @(182.245 mm, 338.455 mm): Horizontal Wire, length 1.27 mm
[endpoint_off_grid]: Symbol pin or wire end off connection grid
    ; warning
    @(182.245 mm, 413.385 mm): Vertical Wire, length 1.27 mm
[endpoint_off_grid]: Symbol pin or wire end off connection grid
    ; warning
    @(182.245 mm, 414.655 mm): Horizontal Wire, length 1.27 mm
[endpoint_off_grid]: Symbol pin or wire end off connection grid
    ; warning
    @(182.245 mm, 463.55 mm): Vertical Wire, length 1.27 mm
[endpoint_off_grid]: Symbol pin or wire end off connection grid
    ; warning
    @(182.245 mm, 464.82 mm): Horizontal Wire, length 1.27 mm
[endpoint_off_grid]: Symbol pin or wire end off connection grid
    ; warning
    @(182.245 mm, 540.385 mm): Vertical Wire, length 1.27 mm
[endpoint_off_grid]: Symbol pin or wire end off connection grid
    ; warning
    @(182.245 mm, 541.655 mm): Horizontal Wire, length 1.27 mm
[endpoint_off_grid]: Symbol pin or wire end off connection grid
    ; warning
    @(182.245 mm, 591.185 mm): Vertical Wire, length 0.635 mm
[endpoint_off_grid]: Symbol pin or wire end off connection grid
    ; warning
    @(182.245 mm, 591.82 mm): Horizontal Wire, length 1.27 mm
[endpoint_off_grid]: Symbol pin or wire end off connection grid
    ; warning
    @(193.04 mm, 967.105 mm): Horizontal Wire, length 41.91 mm
[endpoint_off_grid]: Symbol pin or wire end off connection grid
    ; warning
    @(193.04 mm, 1012.825 mm): Vertical Wire, length 45.72 mm
[endpoint_off_grid]: Symbol pin or wire end off connection grid
    ; warning
    @(193.04 mm, 3399.155 mm): Horizontal Wire, length 41.91 mm
[endpoint_off_grid]: Symbol pin or wire end off connection grid
    ; warning
    @(193.04 mm, 3444.875 mm): Vertical Wire, length 45.72 mm
[endpoint_off_grid]: Symbol pin or wire end off connection grid
    ; warning
    @(215.90 mm, 159.385 mm): Symbol R49 Pin 1 [Passive, Line]
[endpoint_off_grid]: Symbol pin or wire end off connection grid
    ; warning
    @(215.90 mm, 210.185 mm): Symbol R50 Pin 1 [Passive, Line]
[endpoint_off_grid]: Symbol pin or wire end off connection grid
    ; warning
    @(215.90 mm, 286.385 mm): Symbol R51 Pin 1 [Passive, Line]
[endpoint_off_grid]: Symbol pin or wire end off connection grid
    ; warning
    @(215.90 mm, 337.185 mm): Symbol R52 Pin 1 [Passive, Line]
[endpoint_off_grid]: Symbol pin or wire end off connection grid
    ; warning
    @(215.90 mm, 413.385 mm): Symbol R53 Pin 1 [Passive, Line]
[endpoint_off_grid]: Symbol pin or wire end off connection grid
    ; warning
    @(215.90 mm, 540.385 mm): Symbol R55 Pin 1 [Passive, Line]
[endpoint_off_grid]: Symbol pin or wire end off connection grid
    ; warning
    @(215.90 mm, 591.185 mm): Symbol R56 Pin 1 [Passive, Line]
[footprint_link_issues]: The current configuration does not include the footprint library 'Resistor_SMD'
    ; warning
    @(219.71 mm, 159.385 mm): Symbol R49 [SYM_R49]
[lib_symbol_issues]: The current configuration does not include the symbol library 'elt'
    ; warning
    @(219.71 mm, 159.385 mm): Symbol R49 [SYM_R49]
[footprint_link_issues]: The current configuration does not include the footprint library 'Resistor_SMD'
    ; warning
    @(219.71 mm, 210.185 mm): Symbol R50 [SYM_R50]
[lib_symbol_issues]: The current configuration does not include the symbol library 'elt'
    ; warning
    @(219.71 mm, 210.185 mm): Symbol R50 [SYM_R50]
[footprint_link_issues]: The current configuration does not include the footprint library 'Resistor_SMD'
    ; warning
    @(219.71 mm, 286.385 mm): Symbol R51 [SYM_R51]
[lib_symbol_issues]: The current configuration does not include the symbol library 'elt'
    ; warning
    @(219.71 mm, 286.385 mm): Symbol R51 [SYM_R51]
[footprint_link_issues]: The current configuration does not include the footprint library 'Resistor_SMD'
    ; warning
    @(219.71 mm, 337.185 mm): Symbol R52 [SYM_R52]
[lib_symbol_issues]: The current configuration does not include the symbol library 'elt'
    ; warning
    @(219.71 mm, 337.185 mm): Symbol R52 [SYM_R52]
[footprint_link_issues]: The current configuration does not include the footprint library 'Resistor_SMD'
    ; warning
    @(219.71 mm, 413.385 mm): Symbol R53 [SYM_R53]
[lib_symbol_issues]: The current configuration does not include the symbol library 'elt'
    ; warning
    @(219.71 mm, 413.385 mm): Symbol R53 [SYM_R53]
[footprint_link_issues]: The current configuration does not include the footprint library 'Resistor_SMD'
    ; warning
    @(219.71 mm, 463.55 mm): Symbol R54 [SYM_R54]
[lib_symbol_issues]: The current configuration does not include the symbol library 'elt'
    ; warning
    @(219.71 mm, 463.55 mm): Symbol R54 [SYM_R54]
[footprint_link_issues]: The current configuration does not include the footprint library 'Resistor_SMD'
    ; warning
    @(219.71 mm, 540.385 mm): Symbol R55 [SYM_R55]
[lib_symbol_issues]: The current configuration does not include the symbol library 'elt'
    ; warning
    @(219.71 mm, 540.385 mm): Symbol R55 [SYM_R55]
[footprint_link_issues]: The current configuration does not include the footprint library 'Resistor_SMD'
    ; warning
    @(219.71 mm, 591.185 mm): Symbol R56 [SYM_R56]
[lib_symbol_issues]: The current configuration does not include the symbol library 'elt'
    ; warning
    @(219.71 mm, 591.185 mm): Symbol R56 [SYM_R56]
[endpoint_off_grid]: Symbol pin or wire end off connection grid
    ; warning
    @(223.52 mm, 159.385 mm): Symbol #PWR17 Hidden pin 1 [GND, Power input, Line]
[lib_symbol_issues]: The current configuration does not include the symbol library 'elt'
    ; warning
    @(223.52 mm, 159.385 mm): Symbol #PWR17 [GND]
[endpoint_off_grid]: Symbol pin or wire end off connection grid
    ; warning
    @(223.52 mm, 210.185 mm): Symbol #PWR18 Hidden pin 1 [GND, Power input, Line]
[lib_symbol_issues]: The current configuration does not include the symbol library 'elt'
    ; warning
    @(223.52 mm, 210.185 mm): Symbol #PWR18 [GND]
[endpoint_off_grid]: Symbol pin or wire end off connection grid
    ; warning
    @(223.52 mm, 286.385 mm): Symbol #PWR19 Hidden pin 1 [GND, Power input, Line]
[lib_symbol_issues]: The current configuration does not include the symbol library 'elt'
    ; warning
    @(223.52 mm, 286.385 mm): Symbol #PWR19 [GND]
[endpoint_off_grid]: Symbol pin or wire end off connection grid
    ; warning
    @(223.52 mm, 337.185 mm): Symbol #PWR20 Hidden pin 1 [GND, Power input, Line]
[lib_symbol_issues]: The current configuration does not include the symbol library 'elt'
    ; warning
    @(223.52 mm, 337.185 mm): Symbol #PWR20 [GND]
[endpoint_off_grid]: Symbol pin or wire end off connection grid
    ; warning
    @(223.52 mm, 413.385 mm): Symbol #PWR21 Hidden pin 1 [GND, Power input, Line]
[lib_symbol_issues]: The current configuration does not include the symbol library 'elt'
    ; warning
    @(223.52 mm, 413.385 mm): Symbol #PWR21 [GND]
[lib_symbol_issues]: The current configuration does not include the symbol library 'elt'
    ; warning
    @(223.52 mm, 463.55 mm): Symbol #PWR22 [GND]
[endpoint_off_grid]: Symbol pin or wire end off connection grid
    ; warning
    @(223.52 mm, 540.385 mm): Symbol #PWR23 Hidden pin 1 [GND, Power input, Line]
[lib_symbol_issues]: The current configuration does not include the symbol library 'elt'
    ; warning
    @(223.52 mm, 540.385 mm): Symbol #PWR23 [GND]
[endpoint_off_grid]: Symbol pin or wire end off connection grid
    ; warning
    @(223.52 mm, 591.185 mm): Symbol #PWR24 Hidden pin 1 [GND, Power input, Line]
[lib_symbol_issues]: The current configuration does not include the symbol library 'elt'
    ; warning
    @(223.52 mm, 591.185 mm): Symbol #PWR24 [GND]
[endpoint_off_grid]: Symbol pin or wire end off connection grid
    ; warning
    @(234.95 mm, 926.465 mm): Symbol #PWR41 Hidden pin 1 [GND, Power input, Line]
[lib_symbol_issues]: The current configuration does not include the symbol library 'elt'
    ; warning
    @(234.95 mm, 926.465 mm): Symbol #PWR41 [GND]
[footprint_link_issues]: The current configuration does not include the footprint library 'Resistor_SMD'
    ; warning
    @(234.95 mm, 930.275 mm): Symbol R33 [SYM_R33]
[lib_symbol_issues]: The current configuration does not include the symbol library 'elt'
    ; warning
    @(234.95 mm, 930.275 mm): Symbol R33 [SYM_R33]
[endpoint_off_grid]: Symbol pin or wire end off connection grid
    ; warning
    @(234.95 mm, 934.085 mm): Vertical Wire, length 30.48 mm
[endpoint_off_grid]: Symbol pin or wire end off connection grid
    ; warning
    @(234.95 mm, 934.085 mm): Symbol R33 Pin 1 [Passive, Line]
[endpoint_off_grid]: Symbol pin or wire end off connection grid
    ; warning
    @(234.95 mm, 949.325 mm): Horizontal Wire, length 1.27 mm
[endpoint_off_grid]: Symbol pin or wire end off connection grid
    ; warning
    @(234.95 mm, 964.565 mm): Horizontal Wire, length 83.82 mm
[endpoint_off_grid]: Symbol pin or wire end off connection grid
    ; warning
    @(234.95 mm, 1002.665 mm): Symbol #PWR42 Hidden pin 1 [GND, Power input, Line]
[lib_symbol_issues]: The current configuration does not include the symbol library 'elt'
    ; warning
    @(234.95 mm, 1002.665 mm): Symbol #PWR42 [GND]
[footprint_link_issues]: The current configuration does not include the footprint library 'Resistor_SMD'
    ; warning
    @(234.95 mm, 1006.475 mm): Symbol R34 [SYM_R34]
[lib_symbol_issues]: The current configuration does not include the symbol library 'elt'
    ; warning
    @(234.95 mm, 1006.475 mm): Symbol R34 [SYM_R34]
[endpoint_off_grid]: Symbol pin or wire end off connection grid
    ; warning
    @(234.95 mm, 1010.285 mm): Vertical Wire, length 2.54 mm
[endpoint_off_grid]: Symbol pin or wire end off connection grid
    ; warning
    @(234.95 mm, 1010.285 mm): Symbol R34 Pin 1 [Passive, Line]
[endpoint_off_grid]: Symbol pin or wire end off connection grid
    ; warning
    @(234.95 mm, 1011.555 mm): Horizontal Wire, length 1.27 mm
[endpoint_off_grid]: Symbol pin or wire end off connection grid
    ; warning
    @(234.95 mm, 1012.825 mm): Horizontal Wire, length 41.91 mm
[lib_symbol_issues]: The current configuration does not include the symbol library 'elt'
    ; warning
    @(234.95 mm, 1737.36 mm): Symbol #PWR71 [GND]
[footprint_link_issues]: The current configuration does not include the footprint library 'Resistor_SMD'
    ; warning
    @(234.95 mm, 1741.17 mm): Symbol R35 [SYM_R35]
[lib_symbol_issues]: The current configuration does not include the symbol library 'elt'
    ; warning
    @(234.95 mm, 1741.17 mm): Symbol R35 [SYM_R35]
[lib_symbol_issues]: The current configuration does not include the symbol library 'elt'
    ; warning
    @(234.95 mm, 1813.56 mm): Symbol #PWR72 [GND]
[footprint_link_issues]: The current configuration does not include the footprint library 'Resistor_SMD'
    ; warning
    @(234.95 mm, 1817.37 mm): Symbol R36 [SYM_R36]
[lib_symbol_issues]: The current configuration does not include the symbol library 'elt'
    ; warning
    @(234.95 mm, 1817.37 mm): Symbol R36 [SYM_R36]
[lib_symbol_issues]: The current configuration does not include the symbol library 'elt'
    ; warning
    @(234.95 mm, 2547.62 mm): Symbol #PWR101 [GND]
[footprint_link_issues]: The current configuration does not include the footprint library 'Resistor_SMD'
    ; warning
    @(234.95 mm, 2551.43 mm): Symbol R37 [SYM_R37]
[lib_symbol_issues]: The current configuration does not include the symbol library 'elt'
    ; warning
    @(234.95 mm, 2551.43 mm): Symbol R37 [SYM_R37]
[lib_symbol_issues]: The current configuration does not include the symbol library 'elt'
    ; warning
    @(234.95 mm, 2623.82 mm): Symbol #PWR102 [GND]
[footprint_link_issues]: The current configuration does not include the footprint library 'Resistor_SMD'
    ; warning
    @(234.95 mm, 2627.63 mm): Symbol R38 [SYM_R38]
[lib_symbol_issues]: The current configuration does not include the symbol library 'elt'
    ; warning
    @(234.95 mm, 2627.63 mm): Symbol R38 [SYM_R38]
[endpoint_off_grid]: Symbol pin or wire end off connection grid
    ; warning
    @(234.95 mm, 3358.515 mm): Symbol #PWR131 Hidden pin 1 [GND, Power input, Line]
[lib_symbol_issues]: The current configuration does not include the symbol library 'elt'
    ; warning
    @(234.95 mm, 3358.515 mm): Symbol #PWR131 [GND]
[footprint_link_issues]: The current configuration does not include the footprint library 'Resistor_SMD'
    ; warning
    @(234.95 mm, 3362.325 mm): Symbol R39 [SYM_R39]
[lib_symbol_issues]: The current configuration does not include the symbol library 'elt'
    ; warning
    @(234.95 mm, 3362.325 mm): Symbol R39 [SYM_R39]
[endpoint_off_grid]: Symbol pin or wire end off connection grid
    ; warning
    @(234.95 mm, 3366.135 mm): Vertical Wire, length 30.48 mm
[endpoint_off_grid]: Symbol pin or wire end off connection grid
    ; warning
    @(234.95 mm, 3366.135 mm): Symbol R39 Pin 1 [Passive, Line]
[endpoint_off_grid]: Symbol pin or wire end off connection grid
    ; warning
    @(234.95 mm, 3381.375 mm): Horizontal Wire, length 1.27 mm
[endpoint_off_grid]: Symbol pin or wire end off connection grid
    ; warning
    @(234.95 mm, 3396.615 mm): Horizontal Wire, length 83.82 mm
[endpoint_off_grid]: Symbol pin or wire end off connection grid
    ; warning
    @(234.95 mm, 3434.715 mm): Symbol #PWR132 Hidden pin 1 [GND, Power input, Line]
[lib_symbol_issues]: The current configuration does not include the symbol library 'elt'
    ; warning
    @(234.95 mm, 3434.715 mm): Symbol #PWR132 [GND]
[footprint_link_issues]: The current configuration does not include the footprint library 'Resistor_SMD'
    ; warning
    @(234.95 mm, 3438.525 mm): Symbol R40 [SYM_R40]
[lib_symbol_issues]: The current configuration does not include the symbol library 'elt'
    ; warning
    @(234.95 mm, 3438.525 mm): Symbol R40 [SYM_R40]
[endpoint_off_grid]: Symbol pin or wire end off connection grid
    ; warning
    @(234.95 mm, 3442.335 mm): Vertical Wire, length 2.54 mm
[endpoint_off_grid]: Symbol pin or wire end off connection grid
    ; warning
    @(234.95 mm, 3442.335 mm): Symbol R40 Pin 1 [Passive, Line]
[endpoint_off_grid]: Symbol pin or wire end off connection grid
    ; warning
    @(234.95 mm, 3443.605 mm): Horizontal Wire, length 1.27 mm
[endpoint_off_grid]: Symbol pin or wire end off connection grid
    ; warning
    @(234.95 mm, 3444.875 mm): Horizontal Wire, length 41.91 mm

 ** ERC messages: 1203  Errors 0  Warnings 1203

 ** Ignored checks:
    - Global label only appears once in the schematic
    - Four connection points are joined together
    - SPICE model issue
    - Assigned footprint doesn't match footprint filters
