ERC report (2026-07-21T15:10:48, Encoding UTF8)
Report includes: Errors, Warnings, Exclusions

***** Sheet /
[footprint_link_issues]: The current configuration does not include the footprint library 'Diode_SMD'
    ; warning
    @(38.10 mm, 160.02 mm): Symbol D7 [SYM_D7]
[lib_symbol_issues]: The current configuration does not include the symbol library 'elt'
    ; warning
    @(38.10 mm, 160.02 mm): Symbol D7 [SYM_D7]
[endpoint_off_grid]: Symbol pin or wire end off connection grid
    ; warning
    @(45.72 mm, 180.34 mm): Horizontal Wire, length 4.445 mm
[footprint_link_issues]: The current configuration does not include the footprint library 'Capacitor_SMD'
    ; warning
    @(45.72 mm, 186.69 mm): Symbol C24 [SYM_C24]
[lib_symbol_issues]: The current configuration does not include the symbol library 'elt'
    ; warning
    @(45.72 mm, 186.69 mm): Symbol C24 [SYM_C24]
[lib_symbol_issues]: The current configuration does not include the symbol library 'elt'
    ; warning
    @(45.72 mm, 190.50 mm): Symbol #PWR72 [GND]
[endpoint_off_grid]: Symbol pin or wire end off connection grid
    ; warning
    @(45.72 mm, 219.075 mm): Vertical Wire, length 9.525 mm
[endpoint_off_grid]: Symbol pin or wire end off connection grid
    ; warning
    @(45.72 mm, 229.235 mm): Symbol C23 Pin 1 [Passive, Line]
[endpoint_off_grid]: Symbol pin or wire end off connection grid
    ; warning
    @(45.72 mm, 228.60 mm): Vertical Wire, length 0.635 mm
[footprint_link_issues]: The current configuration does not include the footprint library 'Capacitor_SMD'
    ; warning
    @(45.72 mm, 233.045 mm): Symbol C23 [SYM_C23]
[lib_symbol_issues]: The current configuration does not include the symbol library 'elt'
    ; warning
    @(45.72 mm, 233.045 mm): Symbol C23 [SYM_C23]
[endpoint_off_grid]: Symbol pin or wire end off connection grid
    ; warning
    @(45.72 mm, 236.855 mm): Symbol #PWR71 Hidden pin 1 [GND, Power input, Line]
[lib_symbol_issues]: The current configuration does not include the symbol library 'elt'
    ; warning
    @(45.72 mm, 236.855 mm): Symbol #PWR71 [GND]
[endpoint_off_grid]: Symbol pin or wire end off connection grid
    ; warning
    @(47.625 mm, 102.87 mm): Vertical Wire, length 2.54 mm
[endpoint_off_grid]: Symbol pin or wire end off connection grid
    ; warning
    @(58.42 mm, 102.87 mm): Horizontal Wire, length 10.795 mm
[endpoint_off_grid]: Symbol pin or wire end off connection grid
    ; warning
    @(47.625 mm, 105.41 mm): Vertical Wire, length 0.635 mm
[endpoint_off_grid]: Symbol pin or wire end off connection grid
    ; warning
    @(47.625 mm, 106.045 mm): Symbol C32 Pin 1 [Passive, Line]
[footprint_link_issues]: The current configuration does not include the footprint library 'Capacitor_SMD'
    ; warning
    @(47.625 mm, 109.855 mm): Symbol C32 [SYM_C32]
[lib_symbol_issues]: The current configuration does not include the symbol library 'elt'
    ; warning
    @(47.625 mm, 109.855 mm): Symbol C32 [SYM_C32]
[endpoint_off_grid]: Symbol pin or wire end off connection grid
    ; warning
    @(47.625 mm, 113.665 mm): Symbol #PWR84 Hidden pin 1 [GND, Power input, Line]
[lib_symbol_issues]: The current configuration does not include the symbol library 'elt'
    ; warning
    @(47.625 mm, 113.665 mm): Symbol #PWR84 [GND]
[endpoint_off_grid]: Symbol pin or wire end off connection grid
    ; warning
    @(50.165 mm, 127.635 mm): Horizontal Wire, length 4.445 mm
[endpoint_off_grid]: Symbol pin or wire end off connection grid
    ; warning
    @(50.165 mm, 128.905 mm): Symbol R22 Pin 1 [Passive, Line]
[endpoint_off_grid]: Symbol pin or wire end off connection grid
    ; warning
    @(50.165 mm, 128.905 mm): Vertical Wire, length 1.27 mm
[footprint_link_issues]: The current configuration does not include the footprint library 'Resistor_SMD'
    ; warning
    @(50.165 mm, 132.715 mm): Symbol R22 [SYM_R22]
[lib_symbol_issues]: The current configuration does not include the symbol library 'elt'
    ; warning
    @(50.165 mm, 132.715 mm): Symbol R22 [SYM_R22]
[endpoint_off_grid]: Symbol pin or wire end off connection grid
    ; warning
    @(50.165 mm, 136.525 mm): Symbol #PWR82 Hidden pin 1 [GND, Power input, Line]
[lib_symbol_issues]: The current configuration does not include the symbol library 'elt'
    ; warning
    @(50.165 mm, 136.525 mm): Symbol #PWR82 [GND]
[endpoint_off_grid]: Symbol pin or wire end off connection grid
    ; warning
    @(50.165 mm, 210.185 mm): Symbol R16 Pin 1 [Passive, Line]
[lib_symbol_issues]: The current configuration does not include the symbol library 'elt'
    ; warning
    @(50.80 mm, 160.02 mm): Symbol #PWR74 [GND]
[footprint_link_issues]: The current configuration does not include the footprint library 'Resistor_SMD'
    ; warning
    @(53.975 mm, 210.185 mm): Symbol R16 [SYM_R16]
[lib_symbol_issues]: The current configuration does not include the symbol library 'elt'
    ; warning
    @(53.975 mm, 210.185 mm): Symbol R16 [SYM_R16]
[endpoint_off_grid]: Symbol pin or wire end off connection grid
    ; warning
    @(57.785 mm, 210.185 mm): Horizontal Wire, length 2.54 mm
[endpoint_off_grid]: Symbol pin or wire end off connection grid
    ; warning
    @(58.42 mm, 106.045 mm): Vertical Wire, length 3.175 mm
[endpoint_off_grid]: Symbol pin or wire end off connection grid
    ; warning
    @(60.325 mm, 210.185 mm): Vertical Wire, length 8.89 mm
[endpoint_off_grid]: Symbol pin or wire end off connection grid
    ; warning
    @(60.325 mm, 219.075 mm): Horizontal Wire, length 14.605 mm
[footprint_link_issues]: The current configuration does not include the footprint library 'Diode_SMD'
    ; warning
    @(60.96 mm, 265.43 mm): Symbol D6 [SYM_D6]
[lib_symbol_issues]: The current configuration does not include the symbol library 'elt'
    ; warning
    @(60.96 mm, 265.43 mm): Symbol D6 [SYM_D6]
[endpoint_off_grid]: Symbol pin or wire end off connection grid
    ; warning
    @(63.50 mm, 184.785 mm): Horizontal Wire, length 2.54 mm
[endpoint_off_grid]: Symbol pin or wire end off connection grid
    ; warning
    @(63.50 mm, 205.105 mm): Vertical Wire, length 20.32 mm
[endpoint_off_grid]: Symbol pin or wire end off connection grid
    ; warning
    @(66.04 mm, 184.785 mm): Symbol C22 Pin 1 [Passive, Line]
[endpoint_off_grid]: Symbol pin or wire end off connection grid
    ; warning
    @(66.04 mm, 236.855 mm): Symbol C21 Pin 1 [Passive, Line]
[endpoint_off_grid]: Symbol pin or wire end off connection grid
    ; warning
    @(67.31 mm, 121.285 mm): Horizontal Wire, length 29.21 mm
[endpoint_off_grid]: Symbol pin or wire end off connection grid
    ; warning
    @(67.31 mm, 136.525 mm): Vertical Wire, length 15.24 mm
[endpoint_off_grid]: Symbol pin or wire end off connection grid
    ; warning
    @(68.58 mm, 106.045 mm): Horizontal Wire, length 10.16 mm
[endpoint_off_grid]: Symbol pin or wire end off connection grid
    ; warning
    @(68.58 mm, 106.045 mm): Symbol D2 Pin 1 [K, Passive, Line]
[endpoint_off_grid]: Symbol pin or wire end off connection grid
    ; warning
    @(69.85 mm, 136.525 mm): Horizontal Wire, length 2.54 mm
[endpoint_off_grid]: Symbol pin or wire end off connection grid
    ; warning
    @(69.85 mm, 136.525 mm): Symbol R21 Pin 1 [Passive, Line]
[footprint_link_issues]: The current configuration does not include the footprint library 'Resistor_SMD'
    ; warning
    @(69.85 mm, 160.02 mm): Symbol R17 [SYM_R17]
[lib_symbol_issues]: The current configuration does not include the symbol library 'elt'
    ; warning
    @(69.85 mm, 160.02 mm): Symbol R17 [SYM_R17]
[footprint_link_issues]: The current configuration does not include the footprint library 'Capacitor_SMD'
    ; warning
    @(69.85 mm, 184.785 mm): Symbol C22 [SYM_C22]
[lib_symbol_issues]: The current configuration does not include the symbol library 'elt'
    ; warning
    @(69.85 mm, 184.785 mm): Symbol C22 [SYM_C22]
[footprint_link_issues]: The current configuration does not include the footprint library 'Capacitor_SMD'
    ; warning
    @(69.85 mm, 236.855 mm): Symbol C21 [SYM_C21]
[lib_symbol_issues]: The current configuration does not include the symbol library 'elt'
    ; warning
    @(69.85 mm, 236.855 mm): Symbol C21 [SYM_C21]
[endpoint_off_grid]: Symbol pin or wire end off connection grid
    ; warning
    @(70.485 mm, 210.82 mm): Vertical Wire, length 13.335 mm
[endpoint_off_grid]: Symbol pin or wire end off connection grid
    ; warning
    @(70.485 mm, 224.155 mm): Horizontal Wire, length 5.715 mm
[endpoint_off_grid]: Symbol pin or wire end off connection grid
    ; warning
    @(73.025 mm, 210.82 mm): Symbol L1 Pin 1 [Passive, Line]
[endpoint_off_grid]: Symbol pin or wire end off connection grid
    ; warning
    @(73.025 mm, 210.82 mm): Horizontal Wire, length 2.54 mm
[footprint_link_issues]: The current configuration does not include the footprint library 'Resistor_SMD'
    ; warning
    @(73.66 mm, 136.525 mm): Symbol R21 [SYM_R21]
[lib_symbol_issues]: The current configuration does not include the symbol library 'elt'
    ; warning
    @(73.66 mm, 136.525 mm): Symbol R21 [SYM_R21]
[endpoint_off_grid]: Symbol pin or wire end off connection grid
    ; warning
    @(73.66 mm, 184.785 mm): Horizontal Wire, length 2.54 mm
[lib_symbol_issues]: The current configuration does not include the symbol library 'elt'
    ; warning
    @(73.66 mm, 265.43 mm): Symbol #PWR73 [GND]
[endpoint_off_grid]: Symbol pin or wire end off connection grid
    ; warning
    @(76.20 mm, 184.785 mm): Vertical Wire, length 12.065 mm
[endpoint_off_grid]: Symbol pin or wire end off connection grid
    ; warning
    @(76.20 mm, 224.155 mm): Vertical Wire, length 12.70 mm
[endpoint_off_grid]: Symbol pin or wire end off connection grid
    ; warning
    @(76.20 mm, 236.855 mm): Horizontal Wire, length 2.54 mm
[footprint_link_issues]: The current configuration does not include the footprint library 'Inductor_SMD'
    ; warning
    @(80.01 mm, 210.82 mm): Symbol L1 [SYM_L1]
[lib_symbol_issues]: The current configuration does not include the symbol library 'elt'
    ; warning
    @(80.01 mm, 210.82 mm): Symbol L1 [SYM_L1]
[footprint_link_issues]: The current configuration does not include the footprint library 'Diode_SMD'
    ; warning
    @(81.28 mm, 106.045 mm): Symbol D2 [SYM_D2]
[lib_symbol_issues]: The current configuration does not include the symbol library 'elt'
    ; warning
    @(81.28 mm, 106.045 mm): Symbol D2 [SYM_D2]
[endpoint_off_grid]: Symbol pin or wire end off connection grid
    ; warning
    @(91.44 mm, 271.145 mm): Symbol C15 Pin 1 [Passive, Line]
[endpoint_off_grid]: Symbol pin or wire end off connection grid
    ; warning
    @(92.71 mm, 139.065 mm): Symbol C20 Pin 1 [Passive, Line]
[endpoint_off_grid]: Symbol pin or wire end off connection grid
    ; warning
    @(93.345 mm, 149.86 mm): Vertical Wire, length 10.16 mm
[endpoint_off_grid]: Symbol pin or wire end off connection grid
    ; warning
    @(93.345 mm, 160.02 mm): Symbol R15 Pin 1 [Passive, Line]
[footprint_link_issues]: The current configuration does not include the footprint library 'Resistor_SMD'
    ; warning
    @(93.345 mm, 163.83 mm): Symbol R15 [SYM_R15]
[lib_symbol_issues]: The current configuration does not include the symbol library 'elt'
    ; warning
    @(93.345 mm, 163.83 mm): Symbol R15 [SYM_R15]
[endpoint_off_grid]: Symbol pin or wire end off connection grid
    ; warning
    @(93.345 mm, 167.64 mm): Vertical Wire, length 1.27 mm
[endpoint_off_grid]: Symbol pin or wire end off connection grid
    ; warning
    @(93.345 mm, 168.91 mm): Horizontal Wire, length 4.445 mm
[endpoint_off_grid]: Symbol pin or wire end off connection grid
    ; warning
    @(93.345 mm, 239.395 mm): Vertical Wire, length 2.54 mm
[endpoint_off_grid]: Symbol pin or wire end off connection grid
    ; warning
    @(93.345 mm, 241.935 mm): Symbol R3 Pin 1 [Passive, Line]
[footprint_link_issues]: The current configuration does not include the footprint library 'Resistor_SMD'
    ; warning
    @(93.345 mm, 245.745 mm): Symbol R3 [SYM_R3]
[lib_symbol_issues]: The current configuration does not include the symbol library 'elt'
    ; warning
    @(93.345 mm, 245.745 mm): Symbol R3 [SYM_R3]
[endpoint_off_grid]: Symbol pin or wire end off connection grid
    ; warning
    @(93.345 mm, 249.555 mm): Symbol #PWR24 Hidden pin 1 [GND, Power input, Line]
[lib_symbol_issues]: The current configuration does not include the symbol library 'elt'
    ; warning
    @(93.345 mm, 249.555 mm): Symbol #PWR24 [GND]
[endpoint_off_grid]: Symbol pin or wire end off connection grid
    ; warning
    @(93.98 mm, 291.465 mm): Symbol C30 Pin 1 [Passive, Line]
[footprint_link_issues]: The current configuration does not include the footprint library 'Capacitor_SMD'
    ; warning
    @(93.98 mm, 295.275 mm): Symbol C30 [SYM_C30]
[lib_symbol_issues]: The current configuration does not include the symbol library 'elt'
    ; warning
    @(93.98 mm, 295.275 mm): Symbol C30 [SYM_C30]
[endpoint_off_grid]: Symbol pin or wire end off connection grid
    ; warning
    @(93.98 mm, 299.085 mm): Symbol #PWR80 Hidden pin 1 [GND, Power input, Line]
[lib_symbol_issues]: The current configuration does not include the symbol library 'elt'
    ; warning
    @(93.98 mm, 299.085 mm): Symbol #PWR80 [GND]
[footprint_link_issues]: The current configuration does not include the footprint library 'Capacitor_SMD'
    ; warning
    @(95.25 mm, 271.145 mm): Symbol C15 [SYM_C15]
[lib_symbol_issues]: The current configuration does not include the symbol library 'elt'
    ; warning
    @(95.25 mm, 271.145 mm): Symbol C15 [SYM_C15]
[endpoint_off_grid]: Symbol pin or wire end off connection grid
    ; warning
    @(96.52 mm, 106.045 mm): Horizontal Wire, length 2.54 mm
[endpoint_off_grid]: Symbol pin or wire end off connection grid
    ; warning
    @(96.52 mm, 121.285 mm): Vertical Wire, length 15.24 mm
[footprint_link_issues]: The current configuration does not include the footprint library 'Capacitor_SMD'
    ; warning
    @(96.52 mm, 139.065 mm): Symbol C20 [SYM_C20]
[lib_symbol_issues]: The current configuration does not include the symbol library 'elt'
    ; warning
    @(96.52 mm, 139.065 mm): Symbol C20 [SYM_C20]
[endpoint_off_grid]: Symbol pin or wire end off connection grid
    ; warning
    @(97.155 mm, 190.50 mm): Symbol #PWR68 Hidden pin 1 [GND, Power input, Line]
[endpoint_off_grid]: Symbol pin or wire end off connection grid
    ; warning
    @(97.155 mm, 190.50 mm): Symbol Q7 Pin 1 [S1, Passive, Line]
[lib_symbol_issues]: The current configuration does not include the symbol library 'elt'
    ; warning
    @(97.155 mm, 190.50 mm): Symbol #PWR68 [GND]
[endpoint_off_grid]: Symbol pin or wire end off connection grid
    ; warning
    @(97.155 mm, 193.04 mm): Symbol #PWR69 Hidden pin 1 [GND, Power input, Line]
[lib_symbol_issues]: The current configuration does not include the symbol library 'elt'
    ; warning
    @(97.155 mm, 193.04 mm): Symbol #PWR69 [GND]
[endpoint_off_grid]: Symbol pin or wire end off connection grid
    ; warning
    @(97.155 mm, 195.58 mm): Symbol #PWR70 Hidden pin 1 [GND, Power input, Line]
[lib_symbol_issues]: The current configuration does not include the symbol library 'elt'
    ; warning
    @(97.155 mm, 195.58 mm): Symbol #PWR70 [GND]
[endpoint_off_grid]: Symbol pin or wire end off connection grid
    ; warning
    @(106.68 mm, 140.335 mm): Vertical Wire, length 36.195 mm
[footprint_link_issues]: The current configuration does not include the footprint library 'Package_SO'
    ; warning
    @(110.49 mm, 193.04 mm): Symbol Q7 [SYM_Q7]
[lib_symbol_issues]: The current configuration does not include the symbol library 'elt'
    ; warning
    @(110.49 mm, 193.04 mm): Symbol Q7 [SYM_Q7]
[endpoint_off_grid]: Symbol pin or wire end off connection grid
    ; warning
    @(111.76 mm, 269.875 mm): Vertical Wire, length 24.765 mm
[endpoint_off_grid]: Symbol pin or wire end off connection grid
    ; warning
    @(116.84 mm, 215.90 mm): Horizontal Wire, length 4.445 mm
[endpoint_off_grid]: Symbol pin or wire end off connection grid
    ; warning
    @(113.665 mm, 111.125 mm): Symbol R19 Pin 1 [Passive, Line]
[footprint_link_issues]: The current configuration does not include the footprint library 'Resistor_SMD'
    ; warning
    @(113.665 mm, 114.935 mm): Symbol R19 [SYM_R19]
[lib_symbol_issues]: The current configuration does not include the symbol library 'elt'
    ; warning
    @(113.665 mm, 114.935 mm): Symbol R19 [SYM_R19]
[endpoint_off_grid]: Symbol pin or wire end off connection grid
    ; warning
    @(118.11 mm, 157.48 mm): Horizontal Wire, length 4.445 mm
[endpoint_off_grid]: Symbol pin or wire end off connection grid
    ; warning
    @(113.665 mm, 245.745 mm): Symbol R2 Pin 1 [Passive, Line]
[footprint_link_issues]: The current configuration does not include the footprint library 'Capacitor_SMD'
    ; warning
    @(114.30 mm, 90.17 mm): Symbol C25 [SYM_C25]
[lib_symbol_issues]: The current configuration does not include the symbol library 'elt'
    ; warning
    @(114.30 mm, 90.17 mm): Symbol C25 [SYM_C25]
[endpoint_off_grid]: Symbol pin or wire end off connection grid
    ; warning
    @(114.30 mm, 269.875 mm): Horizontal Wire, length 2.54 mm
[endpoint_off_grid]: Symbol pin or wire end off connection grid
    ; warning
    @(114.30 mm, 269.875 mm): Symbol R4 Pin 1 [Passive, Line]
[endpoint_off_grid]: Symbol pin or wire end off connection grid
    ; warning
    @(116.205 mm, 140.335 mm): Horizontal Wire, length 9.525 mm
[endpoint_off_grid]: Symbol pin or wire end off connection grid
    ; warning
    @(116.205 mm, 140.335 mm): Symbol RS2 Pin 1 [Passive, Line]
[footprint_link_issues]: The current configuration does not include the footprint library 'Capacitor_SMD'
    ; warning
    @(116.84 mm, 222.25 mm): Symbol C14 [SYM_C14]
[lib_symbol_issues]: The current configuration does not include the symbol library 'elt'
    ; warning
    @(116.84 mm, 222.25 mm): Symbol C14 [SYM_C14]
[lib_symbol_issues]: The current configuration does not include the symbol library 'elt'
    ; warning
    @(116.84 mm, 226.06 mm): Symbol #PWR23 [GND]
[endpoint_off_grid]: Symbol pin or wire end off connection grid
    ; warning
    @(116.84 mm, 315.595 mm): Symbol C31 Pin 1 [Passive, Line]
[footprint_link_issues]: The current configuration does not include the footprint library 'Capacitor_SMD'
    ; warning
    @(116.84 mm, 319.405 mm): Symbol C31 [SYM_C31]
[lib_symbol_issues]: The current configuration does not include the symbol library 'elt'
    ; warning
    @(116.84 mm, 319.405 mm): Symbol C31 [SYM_C31]
[endpoint_off_grid]: Symbol pin or wire end off connection grid
    ; warning
    @(116.84 mm, 323.215 mm): Symbol #PWR81 Hidden pin 1 [GND, Power input, Line]
[lib_symbol_issues]: The current configuration does not include the symbol library 'elt'
    ; warning
    @(116.84 mm, 323.215 mm): Symbol #PWR81 [GND]
[footprint_link_issues]: The current configuration does not include the footprint library 'Resistor_SMD'
    ; warning
    @(117.475 mm, 245.745 mm): Symbol R2 [SYM_R2]
[lib_symbol_issues]: The current configuration does not include the symbol library 'elt'
    ; warning
    @(117.475 mm, 245.745 mm): Symbol R2 [SYM_R2]
[footprint_link_issues]: The current configuration does not include the footprint library 'Capacitor_SMD'
    ; warning
    @(118.11 mm, 163.83 mm): Symbol C17 [SYM_C17]
[lib_symbol_issues]: The current configuration does not include the symbol library 'elt'
    ; warning
    @(118.11 mm, 163.83 mm): Symbol C17 [SYM_C17]
[lib_symbol_issues]: The current configuration does not include the symbol library 'elt'
    ; warning
    @(118.11 mm, 167.64 mm): Symbol #PWR25 [GND]
[footprint_link_issues]: The current configuration does not include the footprint library 'Resistor_SMD'
    ; warning
    @(118.11 mm, 269.875 mm): Symbol R4 [SYM_R4]
[lib_symbol_issues]: The current configuration does not include the symbol library 'elt'
    ; warning
    @(118.11 mm, 269.875 mm): Symbol R4 [SYM_R4]
[footprint_link_issues]: The current configuration does not include the footprint library 'Capacitor_SMD'
    ; warning
    @(118.11 mm, 294.64 mm): Symbol C16 [SYM_C16]
[lib_symbol_issues]: The current configuration does not include the symbol library 'elt'
    ; warning
    @(118.11 mm, 294.64 mm): Symbol C16 [SYM_C16]
[footprint_link_issues]: The current configuration does not include the footprint library 'Resistor_SMD'
    ; warning
    @(120.015 mm, 140.335 mm): Symbol RS2 [SYM_RS2]
[lib_symbol_issues]: The current configuration does not include the symbol library 'elt'
    ; warning
    @(120.015 mm, 140.335 mm): Symbol RS2 [SYM_RS2]
[endpoint_off_grid]: Symbol pin or wire end off connection grid
    ; warning
    @(121.285 mm, 245.745 mm): Horizontal Wire, length 0.635 mm
[endpoint_off_grid]: Symbol pin or wire end off connection grid
    ; warning
    @(121.92 mm, 245.745 mm): Horizontal Wire, length 2.54 mm
[endpoint_off_grid]: Symbol pin or wire end off connection grid
    ; warning
    @(123.825 mm, 140.335 mm): Horizontal Wire, length 2.54 mm
[endpoint_off_grid]: Symbol pin or wire end off connection grid
    ; warning
    @(124.46 mm, 239.395 mm): Horizontal Wire, length 31.115 mm
[endpoint_off_grid]: Symbol pin or wire end off connection grid
    ; warning
    @(124.46 mm, 245.745 mm): Vertical Wire, length 6.35 mm
[endpoint_off_grid]: Symbol pin or wire end off connection grid
    ; warning
    @(125.73 mm, 43.815 mm): Vertical Wire, length 2.54 mm
[endpoint_off_grid]: Symbol pin or wire end off connection grid
    ; warning
    @(126.365 mm, 140.335 mm): Vertical Wire, length 9.525 mm
[endpoint_off_grid]: Symbol pin or wire end off connection grid
    ; warning
    @(126.365 mm, 149.86 mm): Horizontal Wire, length 33.02 mm
[endpoint_off_grid]: Symbol pin or wire end off connection grid
    ; warning
    @(130.175 mm, 43.815 mm): Symbol D3 Pin 1 [K, Passive, Line]
[endpoint_off_grid]: Symbol pin or wire end off connection grid
    ; warning
    @(130.175 mm, 43.815 mm): Horizontal Wire, length 4.445 mm
[endpoint_off_grid]: Symbol pin or wire end off connection grid
    ; warning
    @(137.16 mm, 121.92 mm): Horizontal Wire, length 4.445 mm
[endpoint_off_grid]: Symbol pin or wire end off connection grid
    ; warning
    @(136.525 mm, 146.685 mm): Horizontal Wire, length 2.54 mm
[endpoint_off_grid]: Symbol pin or wire end off connection grid
    ; warning
    @(136.525 mm, 149.225 mm): Vertical Wire, length 2.54 mm
[endpoint_off_grid]: Symbol pin or wire end off connection grid
    ; warning
    @(136.525 mm, 149.225 mm): Horizontal Wire, length 2.54 mm
[endpoint_off_grid]: Symbol pin or wire end off connection grid
    ; warning
    @(136.525 mm, 151.765 mm): Vertical Wire, length 2.54 mm
[endpoint_off_grid]: Symbol pin or wire end off connection grid
    ; warning
    @(136.525 mm, 217.805 mm): Horizontal Wire, length 2.54 mm
[endpoint_off_grid]: Symbol pin or wire end off connection grid
    ; warning
    @(136.525 mm, 220.345 mm): Horizontal Wire, length 2.54 mm
[endpoint_off_grid]: Symbol pin or wire end off connection grid
    ; warning
    @(136.525 mm, 220.345 mm): Vertical Wire, length 2.54 mm
[endpoint_off_grid]: Symbol pin or wire end off connection grid
    ; warning
    @(136.525 mm, 222.885 mm): Vertical Wire, length 2.54 mm
[footprint_link_issues]: The current configuration does not include the footprint library 'Resistor_SMD'
    ; warning
    @(137.16 mm, 93.98 mm): Symbol R18 [SYM_R18]
[lib_symbol_issues]: The current configuration does not include the symbol library 'elt'
    ; warning
    @(137.16 mm, 93.98 mm): Symbol R18 [SYM_R18]
[footprint_link_issues]: The current configuration does not include the footprint library 'Resistor_SMD'
    ; warning
    @(137.16 mm, 116.84 mm): Symbol R14 [SYM_R14]
[lib_symbol_issues]: The current configuration does not include the symbol library 'elt'
    ; warning
    @(137.16 mm, 116.84 mm): Symbol R14 [SYM_R14]
[endpoint_off_grid]: Symbol pin or wire end off connection grid
    ; warning
    @(139.065 mm, 146.685 mm): Symbol Q6 Pin 1 [S1, Passive, Line]
[endpoint_off_grid]: Symbol pin or wire end off connection grid
    ; warning
    @(139.065 mm, 149.225 mm): Horizontal Wire, length 2.54 mm
[endpoint_off_grid]: Symbol pin or wire end off connection grid
    ; warning
    @(139.065 mm, 151.765 mm): Horizontal Wire, length 2.54 mm
[endpoint_off_grid]: Symbol pin or wire end off connection grid
    ; warning
    @(139.065 mm, 182.245 mm): Symbol Q5 Pin 1 [S1, Passive, Line]
[endpoint_off_grid]: Symbol pin or wire end off connection grid
    ; warning
    @(139.065 mm, 182.245 mm): Symbol #PWR65 Hidden pin 1 [GND, Power input, Line]
[lib_symbol_issues]: The current configuration does not include the symbol library 'elt'
    ; warning
    @(139.065 mm, 182.245 mm): Symbol #PWR65 [GND]
[endpoint_off_grid]: Symbol pin or wire end off connection grid
    ; warning
    @(139.065 mm, 184.785 mm): Symbol #PWR66 Hidden pin 1 [GND, Power input, Line]
[lib_symbol_issues]: The current configuration does not include the symbol library 'elt'
    ; warning
    @(139.065 mm, 184.785 mm): Symbol #PWR66 [GND]
[endpoint_off_grid]: Symbol pin or wire end off connection grid
    ; warning
    @(139.065 mm, 187.325 mm): Symbol #PWR67 Hidden pin 1 [GND, Power input, Line]
[lib_symbol_issues]: The current configuration does not include the symbol library 'elt'
    ; warning
    @(139.065 mm, 187.325 mm): Symbol #PWR67 [GND]
[endpoint_off_grid]: Symbol pin or wire end off connection grid
    ; warning
    @(139.065 mm, 217.805 mm): Symbol Q4 Pin 1 [S1, Passive, Line]
[endpoint_off_grid]: Symbol pin or wire end off connection grid
    ; warning
    @(139.065 mm, 220.345 mm): Horizontal Wire, length 2.54 mm
[endpoint_off_grid]: Symbol pin or wire end off connection grid
    ; warning
    @(139.065 mm, 222.885 mm): Horizontal Wire, length 2.54 mm
[endpoint_off_grid]: Symbol pin or wire end off connection grid
    ; warning
    @(141.605 mm, 245.745 mm): Vertical Wire, length 2.54 mm
[endpoint_off_grid]: Symbol pin or wire end off connection grid
    ; warning
    @(141.605 mm, 248.285 mm): Vertical Wire, length 1.27 mm
[endpoint_off_grid]: Symbol pin or wire end off connection grid
    ; warning
    @(141.605 mm, 249.555 mm): Symbol C39 Pin 1 [Passive, Line]
[footprint_link_issues]: The current configuration does not include the footprint library 'Capacitor_SMD'
    ; warning
    @(141.605 mm, 253.365 mm): Symbol C39 [SYM_C39]
[lib_symbol_issues]: The current configuration does not include the symbol library 'elt'
    ; warning
    @(141.605 mm, 253.365 mm): Symbol C39 [SYM_C39]
[endpoint_off_grid]: Symbol pin or wire end off connection grid
    ; warning
    @(141.605 mm, 257.175 mm): Symbol #PWR37 Hidden pin 1 [GND, Power input, Line]
[lib_symbol_issues]: The current configuration does not include the symbol library 'elt'
    ; warning
    @(141.605 mm, 257.175 mm): Symbol #PWR37 [GND]
[endpoint_off_grid]: Symbol pin or wire end off connection grid
    ; warning
    @(141.605 mm, 321.945 mm): Vertical Wire, length 2.54 mm
[endpoint_off_grid]: Symbol pin or wire end off connection grid
    ; warning
    @(141.605 mm, 324.485 mm): Vertical Wire, length 1.27 mm
[endpoint_off_grid]: Symbol pin or wire end off connection grid
    ; warning
    @(141.605 mm, 325.755 mm): Symbol C33 Pin 1 [Passive, Line]
[footprint_link_issues]: The current configuration does not include the footprint library 'Capacitor_SMD'
    ; warning
    @(141.605 mm, 329.565 mm): Symbol C33 [SYM_C33]
[lib_symbol_issues]: The current configuration does not include the symbol library 'elt'
    ; warning
    @(141.605 mm, 329.565 mm): Symbol C33 [SYM_C33]
[endpoint_off_grid]: Symbol pin or wire end off connection grid
    ; warning
    @(141.605 mm, 333.375 mm): Symbol #PWR35 Hidden pin 1 [GND, Power input, Line]
[lib_symbol_issues]: The current configuration does not include the symbol library 'elt'
    ; warning
    @(141.605 mm, 333.375 mm): Symbol #PWR35 [GND]
[endpoint_off_grid]: Symbol pin or wire end off connection grid
    ; warning
    @(142.24 mm, 272.415 mm): Symbol C36 Pin 1 [Passive, Line]
[footprint_link_issues]: The current configuration does not include the footprint library 'Capacitor_SMD'
    ; warning
    @(142.24 mm, 276.225 mm): Symbol C36 [SYM_C36]
[lib_symbol_issues]: The current configuration does not include the symbol library 'elt'
    ; warning
    @(142.24 mm, 276.225 mm): Symbol C36 [SYM_C36]
[endpoint_off_grid]: Symbol pin or wire end off connection grid
    ; warning
    @(142.24 mm, 280.035 mm): Symbol #PWR36 Hidden pin 1 [GND, Power input, Line]
[lib_symbol_issues]: The current configuration does not include the symbol library 'elt'
    ; warning
    @(142.24 mm, 280.035 mm): Symbol #PWR36 [GND]
[footprint_link_issues]: The current configuration does not include the footprint library 'Diode_SMD'
    ; warning
    @(142.875 mm, 43.815 mm): Symbol D3 [SYM_D3]
[lib_symbol_issues]: The current configuration does not include the symbol library 'elt'
    ; warning
    @(142.875 mm, 43.815 mm): Symbol D3 [SYM_D3]
[endpoint_off_grid]: Symbol pin or wire end off connection grid
    ; warning
    @(147.955 mm, 337.185 mm): Vertical Wire, length 12.065 mm
[endpoint_off_grid]: Symbol pin or wire end off connection grid
    ; warning
    @(147.955 mm, 349.25 mm): Symbol R10 Pin 1 [Passive, Line]
[footprint_link_issues]: The current configuration does not include the footprint library 'Resistor_SMD'
    ; warning
    @(147.955 mm, 353.06 mm): Symbol R10 [SYM_R10]
[lib_symbol_issues]: The current configuration does not include the symbol library 'elt'
    ; warning
    @(147.955 mm, 353.06 mm): Symbol R10 [SYM_R10]
[endpoint_off_grid]: Symbol pin or wire end off connection grid
    ; warning
    @(147.955 mm, 356.87 mm): Symbol #PWR34 Hidden pin 1 [GND, Power input, Line]
[lib_symbol_issues]: The current configuration does not include the symbol library 'elt'
    ; warning
    @(147.955 mm, 356.87 mm): Symbol #PWR34 [GND]
[endpoint_off_grid]: Symbol pin or wire end off connection grid
    ; warning
    @(151.765 mm, 245.745 mm): Horizontal Wire, length 10.16 mm
[endpoint_off_grid]: Symbol pin or wire end off connection grid
    ; warning
    @(151.765 mm, 252.095 mm): Vertical Wire, length 6.35 mm
[endpoint_off_grid]: Symbol pin or wire end off connection grid
    ; warning
    @(151.765 mm, 321.945 mm): Horizontal Wire, length 10.16 mm
[endpoint_off_grid]: Symbol pin or wire end off connection grid
    ; warning
    @(151.765 mm, 325.755 mm): Vertical Wire, length 3.81 mm
[footprint_link_issues]: The current configuration does not include the footprint library 'Package_SO'
    ; warning
    @(152.40 mm, 149.225 mm): Symbol Q6 [SYM_Q6]
[lib_symbol_issues]: The current configuration does not include the symbol library 'elt'
    ; warning
    @(152.40 mm, 149.225 mm): Symbol Q6 [SYM_Q6]
[footprint_link_issues]: The current configuration does not include the footprint library 'Package_SO'
    ; warning
    @(152.40 mm, 184.785 mm): Symbol Q5 [SYM_Q5]
[lib_symbol_issues]: The current configuration does not include the symbol library 'elt'
    ; warning
    @(152.40 mm, 184.785 mm): Symbol Q5 [SYM_Q5]
[footprint_link_issues]: The current configuration does not include the footprint library 'Package_SO'
    ; warning
    @(152.40 mm, 220.345 mm): Symbol Q4 [SYM_Q4]
[lib_symbol_issues]: The current configuration does not include the symbol library 'elt'
    ; warning
    @(152.40 mm, 220.345 mm): Symbol Q4 [SYM_Q4]
[endpoint_off_grid]: Symbol pin or wire end off connection grid
    ; warning
    @(155.575 mm, 43.815 mm): Symbol #PWR79 Hidden pin 1 [GND, Power input, Line]
[lib_symbol_issues]: The current configuration does not include the symbol library 'elt'
    ; warning
    @(155.575 mm, 43.815 mm): Symbol #PWR79 [GND]
[endpoint_off_grid]: Symbol pin or wire end off connection grid
    ; warning
    @(156.845 mm, 95.25 mm): Horizontal Wire, length 9.525 mm
[endpoint_off_grid]: Symbol pin or wire end off connection grid
    ; warning
    @(156.845 mm, 95.25 mm): Symbol RS3 Pin 1 [Passive, Line]
[endpoint_off_grid]: Symbol pin or wire end off connection grid
    ; warning
    @(161.29 mm, 114.30 mm): Horizontal Wire, length 4.445 mm
[endpoint_off_grid]: Symbol pin or wire end off connection grid
    ; warning
    @(156.845 mm, 333.375 mm): Vertical Wire, length 3.81 mm
[endpoint_off_grid]: Symbol pin or wire end off connection grid
    ; warning
    @(156.845 mm, 337.185 mm): Horizontal Wire, length 8.89 mm
[endpoint_off_grid]: Symbol pin or wire end off connection grid
    ; warning
    @(158.75 mm, 65.405 mm): Horizontal Wire, length 20.955 mm
[endpoint_off_grid]: Symbol pin or wire end off connection grid
    ; warning
    @(158.75 mm, 66.04 mm): Vertical Wire, length 0.635 mm
[endpoint_off_grid]: Symbol pin or wire end off connection grid
    ; warning
    @(158.75 mm, 66.675 mm): Vertical Wire, length 0.635 mm
[endpoint_off_grid]: Symbol pin or wire end off connection grid
    ; warning
    @(158.75 mm, 66.675 mm): Symbol C27 Pin 1 [Passive, Line]
[footprint_link_issues]: The current configuration does not include the footprint library 'Capacitor_SMD'
    ; warning
    @(158.75 mm, 70.485 mm): Symbol C27 [SYM_C27]
[lib_symbol_issues]: The current configuration does not include the symbol library 'elt'
    ; warning
    @(158.75 mm, 70.485 mm): Symbol C27 [SYM_C27]
[endpoint_off_grid]: Symbol pin or wire end off connection grid
    ; warning
    @(158.75 mm, 74.295 mm): Symbol #PWR76 Hidden pin 1 [GND, Power input, Line]
[lib_symbol_issues]: The current configuration does not include the symbol library 'elt'
    ; warning
    @(158.75 mm, 74.295 mm): Symbol #PWR76 [GND]
[endpoint_off_grid]: Symbol pin or wire end off connection grid
    ; warning
    @(159.385 mm, 257.175 mm): Horizontal Wire, length 2.54 mm
[endpoint_off_grid]: Symbol pin or wire end off connection grid
    ; warning
    @(159.385 mm, 287.655 mm): Vertical Wire, length 30.48 mm
[endpoint_off_grid]: Symbol pin or wire end off connection grid
    ; warning
    @(160.02 mm, 325.755 mm): Horizontal Wire, length 2.54 mm
[endpoint_off_grid]: Symbol pin or wire end off connection grid
    ; warning
    @(160.02 mm, 328.295 mm): Vertical Wire, length 2.54 mm
[endpoint_off_grid]: Symbol pin or wire end off connection grid
    ; warning
    @(160.02 mm, 328.295 mm): Horizontal Wire, length 2.54 mm
[endpoint_off_grid]: Symbol pin or wire end off connection grid
    ; warning
    @(160.02 mm, 330.835 mm): Vertical Wire, length 2.54 mm
[footprint_link_issues]: The current configuration does not include the footprint library 'Resistor_SMD'
    ; warning
    @(160.655 mm, 95.25 mm): Symbol RS3 [SYM_RS3]
[lib_symbol_issues]: The current configuration does not include the symbol library 'elt'
    ; warning
    @(160.655 mm, 95.25 mm): Symbol RS3 [SYM_RS3]
[endpoint_off_grid]: Symbol pin or wire end off connection grid
    ; warning
    @(160.655 mm, 292.735 mm): Vertical Wire, length 5.08 mm
[endpoint_off_grid]: Symbol pin or wire end off connection grid
    ; warning
    @(160.655 mm, 297.815 mm): Horizontal Wire, length 34.29 mm
[footprint_link_issues]: The current configuration does not include the footprint library 'Resistor_SMD'
    ; warning
    @(161.29 mm, 119.38 mm): Symbol R1 [SYM_R1]
[lib_symbol_issues]: The current configuration does not include the symbol library 'elt'
    ; warning
    @(161.29 mm, 119.38 mm): Symbol R1 [SYM_R1]
[lib_symbol_issues]: The current configuration does not include the symbol library 'elt'
    ; warning
    @(161.29 mm, 123.19 mm): Symbol #PWR22 [GND]
[endpoint_off_grid]: Symbol pin or wire end off connection grid
    ; warning
    @(161.925 mm, 252.095 mm): Horizontal Wire, length 10.16 mm
[endpoint_off_grid]: Symbol pin or wire end off connection grid
    ; warning
    @(161.925 mm, 252.095 mm): Symbol J2 Pin 1 [VBUS, Passive, Line]
[endpoint_off_grid]: Symbol pin or wire end off connection grid
    ; warning
    @(162.56 mm, 323.215 mm): Symbol U3 Pin 1 [GND, Passive, Line]
[endpoint_off_grid]: Symbol pin or wire end off connection grid
    ; warning
    @(162.56 mm, 323.215 mm): Symbol #PWR32 Hidden pin 1 [GND, Power input, Line]
[lib_symbol_issues]: The current configuration does not include the symbol library 'elt'
    ; warning
    @(162.56 mm, 323.215 mm): Symbol #PWR32 [GND]
[endpoint_off_grid]: Symbol pin or wire end off connection grid
    ; warning
    @(162.56 mm, 325.755 mm): Horizontal Wire, length 10.795 mm
[endpoint_off_grid]: Symbol pin or wire end off connection grid
    ; warning
    @(162.56 mm, 328.295 mm): Horizontal Wire, length 2.54 mm
[endpoint_off_grid]: Symbol pin or wire end off connection grid
    ; warning
    @(162.56 mm, 330.835 mm): Horizontal Wire, length 2.54 mm
[endpoint_off_grid]: Symbol pin or wire end off connection grid
    ; warning
    @(162.56 mm, 333.375 mm): Horizontal Wire, length 5.715 mm
[endpoint_off_grid]: Symbol pin or wire end off connection grid
    ; warning
    @(163.195 mm, 287.655 mm): Symbol U8 Pin 1 [IO1, Passive, Line]
[endpoint_off_grid]: Symbol pin or wire end off connection grid
    ; warning
    @(163.195 mm, 287.655 mm): Horizontal Wire, length 3.81 mm
[endpoint_off_grid]: Symbol pin or wire end off connection grid
    ; warning
    @(163.195 mm, 290.195 mm): Symbol #PWR38 Hidden pin 1 [GND, Power input, Line]
[lib_symbol_issues]: The current configuration does not include the symbol library 'elt'
    ; warning
    @(163.195 mm, 290.195 mm): Symbol #PWR38 [GND]
[endpoint_off_grid]: Symbol pin or wire end off connection grid
    ; warning
    @(163.195 mm, 292.735 mm): Horizontal Wire, length 2.54 mm
[endpoint_off_grid]: Symbol pin or wire end off connection grid
    ; warning
    @(164.465 mm, 95.25 mm): Horizontal Wire, length 6.35 mm
[endpoint_off_grid]: Symbol pin or wire end off connection grid
    ; warning
    @(170.815 mm, 95.25 mm): Vertical Wire, length 4.445 mm
[endpoint_off_grid]: Symbol pin or wire end off connection grid
    ; warning
    @(170.815 mm, 172.085 mm): Horizontal Wire, length 2.54 mm
[endpoint_off_grid]: Symbol pin or wire end off connection grid
    ; warning
    @(170.815 mm, 177.165 mm): Vertical Wire, length 5.08 mm
[endpoint_off_grid]: Symbol pin or wire end off connection grid
    ; warning
    @(172.085 mm, 219.075 mm): Horizontal Wire, length 6.35 mm
[multiple_net_names]: Both HG2 and VIN_S are attached to the same items; HG2 will be used in the netlist
    ; warning
    @(172.085 mm, 220.345 mm): Global Label 'HG2'
    @(172.085 mm, 219.075 mm): Global Label 'VIN_S'
[endpoint_off_grid]: Symbol pin or wire end off connection grid
    ; warning
    @(172.085 mm, 220.345 mm): Vertical Wire, length 1.27 mm
[endpoint_off_grid]: Symbol pin or wire end off connection grid
    ; warning
    @(172.085 mm, 221.615 mm): Horizontal Wire, length 6.35 mm
[endpoint_off_grid]: Symbol pin or wire end off connection grid
    ; warning
    @(172.085 mm, 222.885 mm): Vertical Wire, length 3.81 mm
[endpoint_off_grid]: Symbol pin or wire end off connection grid
    ; warning
    @(172.72 mm, 220.345 mm): Horizontal Wire, length 0.635 mm
[endpoint_off_grid]: Symbol pin or wire end off connection grid
    ; warning
    @(173.355 mm, 147.955 mm): Horizontal Wire, length 7.62 mm
[endpoint_off_grid]: Symbol pin or wire end off connection grid
    ; warning
    @(173.355 mm, 172.085 mm): Vertical Wire, length 24.13 mm
[endpoint_off_grid]: Symbol pin or wire end off connection grid
    ; warning
    @(173.355 mm, 177.165 mm): Horizontal Wire, length 2.54 mm
[endpoint_off_grid]: Symbol pin or wire end off connection grid
    ; warning
    @(173.355 mm, 200.025 mm): Vertical Wire, length 22.86 mm
[endpoint_off_grid]: Symbol pin or wire end off connection grid
    ; warning
    @(174.625 mm, 187.325 mm): Horizontal Wire, length 6.35 mm
[endpoint_off_grid]: Symbol pin or wire end off connection grid
    ; warning
    @(174.625 mm, 192.405 mm): Vertical Wire, length 5.08 mm
[endpoint_off_grid]: Symbol pin or wire end off connection grid
    ; warning
    @(176.53 mm, 34.925 mm): Vertical Wire, length 0.635 mm
[endpoint_off_grid]: Symbol pin or wire end off connection grid
    ; warning
    @(176.53 mm, 34.925 mm): Symbol C29 Pin 1 [Passive, Line]
[footprint_link_issues]: The current configuration does not include the footprint library 'Capacitor_SMD'
    ; warning
    @(176.53 mm, 38.735 mm): Symbol C29 [SYM_C29]
[lib_symbol_issues]: The current configuration does not include the symbol library 'elt'
    ; warning
    @(176.53 mm, 38.735 mm): Symbol C29 [SYM_C29]
[endpoint_off_grid]: Symbol pin or wire end off connection grid
    ; warning
    @(176.53 mm, 42.545 mm): Symbol #PWR78 Hidden pin 1 [GND, Power input, Line]
[lib_symbol_issues]: The current configuration does not include the symbol library 'elt'
    ; warning
    @(176.53 mm, 42.545 mm): Symbol #PWR78 [GND]
[footprint_link_issues]: The current configuration does not include the footprint library 'Connector_USB'
    ; warning
    @(177.80 mm, 254.635 mm): Symbol J2 [SYM_J2]
[lib_symbol_issues]: The current configuration does not include the symbol library 'elt'
    ; warning
    @(177.80 mm, 254.635 mm): Symbol J2 [SYM_J2]
[footprint_link_issues]: The current configuration does not include the footprint library 'Package_TO_SOT_SMD'
    ; warning
    @(177.80 mm, 290.195 mm): Symbol U8 [SYM_U8]
[lib_symbol_issues]: The current configuration does not include the symbol library 'elt'
    ; warning
    @(177.80 mm, 290.195 mm): Symbol U8 [SYM_U8]
[footprint_link_issues]: The current configuration does not include the footprint library 'Package_SON'
    ; warning
    @(177.80 mm, 328.295 mm): Symbol U3 [SYM_U3]
[lib_symbol_issues]: The current configuration does not include the symbol library 'elt'
    ; warning
    @(177.80 mm, 328.295 mm): Symbol U3 [SYM_U3]
[endpoint_off_grid]: Symbol pin or wire end off connection grid
    ; warning
    @(178.435 mm, 128.905 mm): Horizontal Wire, length 2.54 mm
[endpoint_off_grid]: Symbol pin or wire end off connection grid
    ; warning
    @(178.435 mm, 131.445 mm): Vertical Wire, length 2.54 mm
[endpoint_off_grid]: Symbol pin or wire end off connection grid
    ; warning
    @(178.435 mm, 131.445 mm): Horizontal Wire, length 5.08 mm
[endpoint_off_grid]: Symbol pin or wire end off connection grid
    ; warning
    @(178.435 mm, 131.445 mm): Horizontal Wire, length 2.54 mm
[endpoint_off_grid]: Symbol pin or wire end off connection grid
    ; warning
    @(178.435 mm, 133.985 mm): Vertical Wire, length 2.54 mm
[endpoint_off_grid]: Symbol pin or wire end off connection grid
    ; warning
    @(178.435 mm, 148.59 mm): Horizontal Wire, length 31.75 mm
[endpoint_off_grid]: Symbol pin or wire end off connection grid
    ; warning
    @(178.435 mm, 164.465 mm): Vertical Wire, length 15.875 mm
[endpoint_off_grid]: Symbol pin or wire end off connection grid
    ; warning
    @(178.435 mm, 368.935 mm): Horizontal Wire, length 5.08 mm
[endpoint_off_grid]: Symbol pin or wire end off connection grid
    ; warning
    @(178.435 mm, 391.795 mm): Vertical Wire, length 22.86 mm
[endpoint_off_grid]: Symbol pin or wire end off connection grid
    ; warning
    @(178.435 mm, 391.795 mm): Horizontal Wire, length 5.08 mm
[endpoint_off_grid]: Symbol pin or wire end off connection grid
    ; warning
    @(178.435 mm, 414.655 mm): Vertical Wire, length 22.86 mm
[endpoint_off_grid]: Symbol pin or wire end off connection grid
    ; warning
    @(178.435 mm, 414.655 mm): Horizontal Wire, length 5.08 mm
[endpoint_off_grid]: Symbol pin or wire end off connection grid
    ; warning
    @(178.435 mm, 437.515 mm): Vertical Wire, length 22.86 mm
[endpoint_off_grid]: Symbol pin or wire end off connection grid
    ; warning
    @(178.435 mm, 437.515 mm): Horizontal Wire, length 5.08 mm
[endpoint_off_grid]: Symbol pin or wire end off connection grid
    ; warning
    @(178.435 mm, 461.01 mm): Vertical Wire, length 23.495 mm
[endpoint_off_grid]: Symbol pin or wire end off connection grid
    ; warning
    @(179.705 mm, 65.405 mm): Symbol C26 Pin 1 [POS, Passive, Line]
[endpoint_off_grid]: Symbol pin or wire end off connection grid
    ; warning
    @(180.975 mm, 128.905 mm): Symbol Q8 Pin 1 [S1, Passive, Line]
[endpoint_off_grid]: Symbol pin or wire end off connection grid
    ; warning
    @(180.975 mm, 131.445 mm): Horizontal Wire, length 2.54 mm
[endpoint_off_grid]: Symbol pin or wire end off connection grid
    ; warning
    @(180.975 mm, 133.985 mm): Horizontal Wire, length 2.54 mm
[endpoint_off_grid]: Symbol pin or wire end off connection grid
    ; warning
    @(180.975 mm, 164.465 mm): Horizontal Wire, length 2.54 mm
[endpoint_off_grid]: Symbol pin or wire end off connection grid
    ; warning
    @(180.975 mm, 164.465 mm): Symbol U1 Pin 1 [VOUT2G, Passive, Line]
[endpoint_off_grid]: Symbol pin or wire end off connection grid
    ; warning
    @(180.975 mm, 189.865 mm): Symbol #PWR59 Hidden pin 1 [GND, Power input, Line]
[lib_symbol_issues]: The current configuration does not include the symbol library 'elt'
    ; warning
    @(180.975 mm, 189.865 mm): Symbol #PWR59 [GND]
[endpoint_off_grid]: Symbol pin or wire end off connection grid
    ; warning
    @(180.975 mm, 192.405 mm): Horizontal Wire, length 6.35 mm
[endpoint_off_grid]: Symbol pin or wire end off connection grid
    ; warning
    @(180.975 mm, 200.025 mm): Horizontal Wire, length 7.62 mm
[endpoint_off_grid]: Symbol pin or wire end off connection grid
    ; warning
    @(180.975 mm, 205.105 mm): Horizontal Wire, length 117.475 mm
[endpoint_off_grid]: Symbol pin or wire end off connection grid
    ; warning
    @(180.975 mm, 220.345 mm): Horizontal Wire, length 8.255 mm
[endpoint_off_grid]: Symbol pin or wire end off connection grid
    ; warning
    @(180.975 mm, 222.885 mm): Horizontal Wire, length 8.89 mm
[endpoint_off_grid]: Symbol pin or wire end off connection grid
    ; warning
    @(182.245 mm, 95.885 mm): Symbol Q10 Pin 1 [G, Passive, Line]
[endpoint_off_grid]: Symbol pin or wire end off connection grid
    ; warning
    @(182.245 mm, 98.425 mm): Symbol #PWR85 Hidden pin 1 [GND, Power input, Line]
[lib_symbol_issues]: The current configuration does not include the symbol library 'elt'
    ; warning
    @(182.245 mm, 98.425 mm): Symbol #PWR85 [GND]
[endpoint_off_grid]: Symbol pin or wire end off connection grid
    ; warning
    @(183.515 mm, 368.935 mm): Vertical Wire, length 2.54 mm
[endpoint_off_grid]: Symbol pin or wire end off connection grid
    ; warning
    @(183.515 mm, 371.475 mm): Vertical Wire, length 0.635 mm
[endpoint_off_grid]: Symbol pin or wire end off connection grid
    ; warning
    @(183.515 mm, 372.11 mm): Symbol C11 Pin 1 [Passive, Line]
[footprint_link_issues]: The current configuration does not include the footprint library 'Capacitor_SMD'
    ; warning
    @(183.515 mm, 375.92 mm): Symbol C11 [SYM_C11]
[lib_symbol_issues]: The current configuration does not include the symbol library 'elt'
    ; warning
    @(183.515 mm, 375.92 mm): Symbol C11 [SYM_C11]
[endpoint_off_grid]: Symbol pin or wire end off connection grid
    ; warning
    @(183.515 mm, 379.73 mm): Symbol #PWR19 Hidden pin 1 [GND, Power input, Line]
[lib_symbol_issues]: The current configuration does not include the symbol library 'elt'
    ; warning
    @(183.515 mm, 379.73 mm): Symbol #PWR19 [GND]
[endpoint_off_grid]: Symbol pin or wire end off connection grid
    ; warning
    @(183.515 mm, 391.795 mm): Horizontal Wire, length 5.08 mm
[endpoint_off_grid]: Symbol pin or wire end off connection grid
    ; warning
    @(183.515 mm, 391.795 mm): Vertical Wire, length 2.54 mm
[endpoint_off_grid]: Symbol pin or wire end off connection grid
    ; warning
    @(183.515 mm, 394.335 mm): Vertical Wire, length 1.27 mm
[endpoint_off_grid]: Symbol pin or wire end off connection grid
    ; warning
    @(183.515 mm, 394.335 mm): Vertical Wire, length 2.54 mm
[endpoint_off_grid]: Symbol pin or wire end off connection grid
    ; warning
    @(183.515 mm, 395.605 mm): Symbol C12 Pin 1 [Passive, Line]
[endpoint_off_grid]: Symbol pin or wire end off connection grid
    ; warning
    @(183.515 mm, 395.605 mm): Vertical Wire, length 1.27 mm
[footprint_link_issues]: The current configuration does not include the footprint library 'Capacitor_SMD'
    ; warning
    @(183.515 mm, 399.415 mm): Symbol C12 [SYM_C12]
[lib_symbol_issues]: The current configuration does not include the symbol library 'elt'
    ; warning
    @(183.515 mm, 399.415 mm): Symbol C12 [SYM_C12]
[endpoint_off_grid]: Symbol pin or wire end off connection grid
    ; warning
    @(183.515 mm, 403.225 mm): Symbol #PWR20 Hidden pin 1 [GND, Power input, Line]
[lib_symbol_issues]: The current configuration does not include the symbol library 'elt'
    ; warning
    @(183.515 mm, 403.225 mm): Symbol #PWR20 [GND]
[endpoint_off_grid]: Symbol pin or wire end off connection grid
    ; warning
    @(183.515 mm, 414.655 mm): Horizontal Wire, length 5.08 mm
[endpoint_off_grid]: Symbol pin or wire end off connection grid
    ; warning
    @(183.515 mm, 414.655 mm): Vertical Wire, length 2.54 mm
[endpoint_off_grid]: Symbol pin or wire end off connection grid
    ; warning
    @(183.515 mm, 417.195 mm): Vertical Wire, length 2.54 mm
[endpoint_off_grid]: Symbol pin or wire end off connection grid
    ; warning
    @(183.515 mm, 417.195 mm): Vertical Wire, length 1.27 mm
[endpoint_off_grid]: Symbol pin or wire end off connection grid
    ; warning
    @(183.515 mm, 418.465 mm): Vertical Wire, length 1.27 mm
[endpoint_off_grid]: Symbol pin or wire end off connection grid
    ; warning
    @(183.515 mm, 418.465 mm): Symbol C13 Pin 1 [Passive, Line]
[footprint_link_issues]: The current configuration does not include the footprint library 'Capacitor_SMD'
    ; warning
    @(183.515 mm, 422.275 mm): Symbol C13 [SYM_C13]
[lib_symbol_issues]: The current configuration does not include the symbol library 'elt'
    ; warning
    @(183.515 mm, 422.275 mm): Symbol C13 [SYM_C13]
[endpoint_off_grid]: Symbol pin or wire end off connection grid
    ; warning
    @(183.515 mm, 426.085 mm): Symbol #PWR21 Hidden pin 1 [GND, Power input, Line]
[lib_symbol_issues]: The current configuration does not include the symbol library 'elt'
    ; warning
    @(183.515 mm, 426.085 mm): Symbol #PWR21 [GND]
[endpoint_off_grid]: Symbol pin or wire end off connection grid
    ; warning
    @(183.515 mm, 437.515 mm): Horizontal Wire, length 5.08 mm
[endpoint_off_grid]: Symbol pin or wire end off connection grid
    ; warning
    @(183.515 mm, 437.515 mm): Vertical Wire, length 2.54 mm
[endpoint_off_grid]: Symbol pin or wire end off connection grid
    ; warning
    @(183.515 mm, 440.055 mm): Vertical Wire, length 2.54 mm
[endpoint_off_grid]: Symbol pin or wire end off connection grid
    ; warning
    @(183.515 mm, 440.055 mm): Vertical Wire, length 1.27 mm
[endpoint_off_grid]: Symbol pin or wire end off connection grid
    ; warning
    @(183.515 mm, 441.325 mm): Symbol C42 Pin 1 [Passive, Line]
[endpoint_off_grid]: Symbol pin or wire end off connection grid
    ; warning
    @(183.515 mm, 441.325 mm): Vertical Wire, length 1.27 mm
[footprint_link_issues]: The current configuration does not include the footprint library 'Capacitor_SMD'
    ; warning
    @(183.515 mm, 445.135 mm): Symbol C42 [SYM_C42]
[lib_symbol_issues]: The current configuration does not include the symbol library 'elt'
    ; warning
    @(183.515 mm, 445.135 mm): Symbol C42 [SYM_C42]
[endpoint_off_grid]: Symbol pin or wire end off connection grid
    ; warning
    @(183.515 mm, 448.945 mm): Symbol #PWR30 Hidden pin 1 [GND, Power input, Line]
[lib_symbol_issues]: The current configuration does not include the symbol library 'elt'
    ; warning
    @(183.515 mm, 448.945 mm): Symbol #PWR30 [GND]
[endpoint_off_grid]: Symbol pin or wire end off connection grid
    ; warning
    @(183.515 mm, 461.01 mm): Horizontal Wire, length 5.08 mm
[endpoint_off_grid]: Symbol pin or wire end off connection grid
    ; warning
    @(183.515 mm, 463.55 mm): Vertical Wire, length 2.54 mm
[endpoint_off_grid]: Symbol pin or wire end off connection grid
    ; warning
    @(183.515 mm, 464.185 mm): Symbol C43 Pin 1 [Passive, Line]
[endpoint_off_grid]: Symbol pin or wire end off connection grid
    ; warning
    @(183.515 mm, 464.185 mm): Vertical Wire, length 0.635 mm
[footprint_link_issues]: The current configuration does not include the footprint library 'Capacitor_SMD'
    ; warning
    @(183.515 mm, 467.995 mm): Symbol C43 [SYM_C43]
[lib_symbol_issues]: The current configuration does not include the symbol library 'elt'
    ; warning
    @(183.515 mm, 467.995 mm): Symbol C43 [SYM_C43]
[endpoint_off_grid]: Symbol pin or wire end off connection grid
    ; warning
    @(183.515 mm, 471.805 mm): Symbol #PWR31 Hidden pin 1 [GND, Power input, Line]
[lib_symbol_issues]: The current configuration does not include the symbol library 'elt'
    ; warning
    @(183.515 mm, 471.805 mm): Symbol #PWR31 [GND]
[endpoint_off_grid]: Symbol pin or wire end off connection grid
    ; warning
    @(192.405 mm, 290.195 mm): Horizontal Wire, length 9.525 mm
[endpoint_off_grid]: Symbol pin or wire end off connection grid
    ; warning
    @(193.04 mm, 324.485 mm): Symbol #PWR33 Hidden pin 1 [GND, Power input, Line]
[lib_symbol_issues]: The current configuration does not include the symbol library 'elt'
    ; warning
    @(193.04 mm, 324.485 mm): Symbol #PWR33 [GND]
[endpoint_off_grid]: Symbol pin or wire end off connection grid
    ; warning
    @(193.04 mm, 329.565 mm): Horizontal Wire, length 2.54 mm
[footprint_link_issues]: The current configuration does not include the footprint library 'Capacitor_SMD'
    ; warning
    @(193.675 mm, 65.405 mm): Symbol C26 [SYM_C26]
[lib_symbol_issues]: The current configuration does not include the symbol library 'elt'
    ; warning
    @(193.675 mm, 65.405 mm): Symbol C26 [SYM_C26]
[endpoint_off_grid]: Symbol pin or wire end off connection grid
    ; warning
    @(193.675 mm, 253.365 mm): Symbol #PWR40 Hidden pin 1 [GND, Power input, Line]
[lib_symbol_issues]: The current configuration does not include the symbol library 'elt'
    ; warning
    @(193.675 mm, 253.365 mm): Symbol #PWR40 [GND]
[endpoint_off_grid]: Symbol pin or wire end off connection grid
    ; warning
    @(193.675 mm, 255.905 mm): Symbol #PWR39 Hidden pin 1 [GND, Power input, Line]
[lib_symbol_issues]: The current configuration does not include the symbol library 'elt'
    ; warning
    @(193.675 mm, 255.905 mm): Symbol #PWR39 [GND]
[footprint_link_issues]: The current configuration does not include the footprint library 'Package_SO'
    ; warning
    @(194.31 mm, 131.445 mm): Symbol Q8 [SYM_Q8]
[lib_symbol_issues]: The current configuration does not include the symbol library 'elt'
    ; warning
    @(194.31 mm, 131.445 mm): Symbol Q8 [SYM_Q8]
[footprint_link_issues]: The current configuration does not include the footprint library 'Package_TO_SOT_SMD'
    ; warning
    @(194.945 mm, 97.155 mm): Symbol Q10 [SYM_Q10]
[lib_symbol_issues]: The current configuration does not include the symbol library 'elt'
    ; warning
    @(194.945 mm, 97.155 mm): Symbol Q10 [SYM_Q10]
[endpoint_off_grid]: Symbol pin or wire end off connection grid
    ; warning
    @(194.945 mm, 292.735 mm): Horizontal Wire, length 2.54 mm
[endpoint_off_grid]: Symbol pin or wire end off connection grid
    ; warning
    @(194.945 mm, 297.815 mm): Vertical Wire, length 5.08 mm
[endpoint_off_grid]: Symbol pin or wire end off connection grid
    ; warning
    @(195.58 mm, 329.565 mm): Vertical Wire, length 2.54 mm
[endpoint_off_grid]: Symbol pin or wire end off connection grid
    ; warning
    @(195.58 mm, 330.835 mm): Horizontal Wire, length 10.795 mm
[endpoint_off_grid]: Symbol pin or wire end off connection grid
    ; warning
    @(195.58 mm, 332.105 mm): Horizontal Wire, length 2.54 mm
[footprint_link_issues]: The current configuration does not include the footprint library 'Package_DFN_QFN'
    ; warning
    @(196.85 mm, 194.945 mm): Symbol U1 [SYM_U1]
[lib_symbol_issues]: The current configuration does not include the symbol library 'elt'
    ; warning
    @(196.85 mm, 194.945 mm): Symbol U1 [SYM_U1]
[endpoint_off_grid]: Symbol pin or wire end off connection grid
    ; warning
    @(201.93 mm, 290.195 mm): Vertical Wire, length 3.81 mm
[endpoint_off_grid]: Symbol pin or wire end off connection grid
    ; warning
    @(202.565 mm, 31.75 mm): Vertical Wire, length 2.54 mm
[endpoint_off_grid]: Symbol pin or wire end off connection grid
    ; warning
    @(176.53 mm, 31.75 mm): Horizontal Wire, length 26.035 mm
[endpoint_off_grid]: Symbol pin or wire end off connection grid
    ; warning
    @(202.565 mm, 34.29 mm): Vertical Wire, length 0.635 mm
[endpoint_off_grid]: Symbol pin or wire end off connection grid
    ; warning
    @(202.565 mm, 34.925 mm): Symbol C28 Pin 1 [Passive, Line]
[footprint_link_issues]: The current configuration does not include the footprint library 'Capacitor_SMD'
    ; warning
    @(202.565 mm, 38.735 mm): Symbol C28 [SYM_C28]
[lib_symbol_issues]: The current configuration does not include the symbol library 'elt'
    ; warning
    @(202.565 mm, 38.735 mm): Symbol C28 [SYM_C28]
[endpoint_off_grid]: Symbol pin or wire end off connection grid
    ; warning
    @(202.565 mm, 42.545 mm): Symbol #PWR77 Hidden pin 1 [GND, Power input, Line]
[lib_symbol_issues]: The current configuration does not include the symbol library 'elt'
    ; warning
    @(202.565 mm, 42.545 mm): Symbol #PWR77 [GND]
[unconnected_wire_endpoint]: Unconnected wire endpoint
    ; warning
    @(206.375 mm, 330.835 mm): Vertical Wire, length 6.35 mm
[endpoint_off_grid]: Symbol pin or wire end off connection grid
    ; warning
    @(206.375 mm, 330.835 mm): Vertical Wire, length 6.35 mm
[endpoint_off_grid]: Symbol pin or wire end off connection grid
    ; warning
    @(207.01 mm, 114.30 mm): Vertical Wire, length 0.635 mm
[endpoint_off_grid]: Symbol pin or wire end off connection grid
    ; warning
    @(207.645 mm, 65.405 mm): Symbol #PWR75 Hidden pin 1 [GND, Power input, Line]
[lib_symbol_issues]: The current configuration does not include the symbol library 'elt'
    ; warning
    @(207.645 mm, 65.405 mm): Symbol #PWR75 [GND]
[endpoint_off_grid]: Symbol pin or wire end off connection grid
    ; warning
    @(207.645 mm, 97.155 mm): Horizontal Wire, length 7.62 mm
[endpoint_off_grid]: Symbol pin or wire end off connection grid
    ; warning
    @(207.645 mm, 130.175 mm): Horizontal Wire, length 6.35 mm
[endpoint_off_grid]: Symbol pin or wire end off connection grid
    ; warning
    @(208.28 mm, 368.935 mm): Vertical Wire, length 2.54 mm
[endpoint_off_grid]: Symbol pin or wire end off connection grid
    ; warning
    @(208.28 mm, 371.475 mm): Vertical Wire, length 1.27 mm
[endpoint_off_grid]: Symbol pin or wire end off connection grid
    ; warning
    @(208.28 mm, 372.745 mm): Symbol C41 Pin 1 [Passive, Line]
[footprint_link_issues]: The current configuration does not include the footprint library 'Capacitor_SMD'
    ; warning
    @(208.28 mm, 376.555 mm): Symbol C41 [SYM_C41]
[lib_symbol_issues]: The current configuration does not include the symbol library 'elt'
    ; warning
    @(208.28 mm, 376.555 mm): Symbol C41 [SYM_C41]
[endpoint_off_grid]: Symbol pin or wire end off connection grid
    ; warning
    @(208.28 mm, 380.365 mm): Symbol #PWR55 Hidden pin 1 [GND, Power input, Line]
[lib_symbol_issues]: The current configuration does not include the symbol library 'elt'
    ; warning
    @(208.28 mm, 380.365 mm): Symbol #PWR55 [GND]
[endpoint_off_grid]: Symbol pin or wire end off connection grid
    ; warning
    @(208.28 mm, 445.135 mm): Vertical Wire, length 2.54 mm
[endpoint_off_grid]: Symbol pin or wire end off connection grid
    ; warning
    @(208.28 mm, 447.675 mm): Vertical Wire, length 1.27 mm
[endpoint_off_grid]: Symbol pin or wire end off connection grid
    ; warning
    @(208.28 mm, 448.945 mm): Symbol C35 Pin 1 [Passive, Line]
[footprint_link_issues]: The current configuration does not include the footprint library 'Capacitor_SMD'
    ; warning
    @(208.28 mm, 452.755 mm): Symbol C35 [SYM_C35]
[lib_symbol_issues]: The current configuration does not include the symbol library 'elt'
    ; warning
    @(208.28 mm, 452.755 mm): Symbol C35 [SYM_C35]
[endpoint_off_grid]: Symbol pin or wire end off connection grid
    ; warning
    @(208.28 mm, 456.565 mm): Symbol #PWR53 Hidden pin 1 [GND, Power input, Line]
[lib_symbol_issues]: The current configuration does not include the symbol library 'elt'
    ; warning
    @(208.28 mm, 456.565 mm): Symbol #PWR53 [GND]
[endpoint_off_grid]: Symbol pin or wire end off connection grid
    ; warning
    @(208.915 mm, 395.605 mm): Symbol C38 Pin 1 [Passive, Line]
[footprint_link_issues]: The current configuration does not include the footprint library 'Capacitor_SMD'
    ; warning
    @(208.915 mm, 399.415 mm): Symbol C38 [SYM_C38]
[lib_symbol_issues]: The current configuration does not include the symbol library 'elt'
    ; warning
    @(208.915 mm, 399.415 mm): Symbol C38 [SYM_C38]
[endpoint_off_grid]: Symbol pin or wire end off connection grid
    ; warning
    @(208.915 mm, 403.225 mm): Symbol #PWR54 Hidden pin 1 [GND, Power input, Line]
[lib_symbol_issues]: The current configuration does not include the symbol library 'elt'
    ; warning
    @(208.915 mm, 403.225 mm): Symbol #PWR54 [GND]
[endpoint_off_grid]: Symbol pin or wire end off connection grid
    ; warning
    @(209.55 mm, 255.905 mm): Symbol U6 Pin 1 [DP1, Passive, Line]
[endpoint_off_grid]: Symbol pin or wire end off connection grid
    ; warning
    @(209.55 mm, 258.445 mm): Symbol #PWR28 Hidden pin 1 [GND, Power input, Line]
[lib_symbol_issues]: The current configuration does not include the symbol library 'elt'
    ; warning
    @(209.55 mm, 258.445 mm): Symbol #PWR28 [GND]
[endpoint_off_grid]: Symbol pin or wire end off connection grid
    ; warning
    @(209.55 mm, 291.465 mm): Symbol U7 Pin 1 [DP1, Passive, Line]
[endpoint_off_grid]: Symbol pin or wire end off connection grid
    ; warning
    @(209.55 mm, 294.005 mm): Symbol #PWR29 Hidden pin 1 [GND, Power input, Line]
[lib_symbol_issues]: The current configuration does not include the symbol library 'elt'
    ; warning
    @(209.55 mm, 294.005 mm): Symbol #PWR29 [GND]
[endpoint_off_grid]: Symbol pin or wire end off connection grid
    ; warning
    @(210.185 mm, 132.715 mm): Horizontal Wire, length 2.54 mm
[endpoint_off_grid]: Symbol pin or wire end off connection grid
    ; warning
    @(210.185 mm, 148.59 mm): Vertical Wire, length 15.875 mm
[endpoint_off_grid]: Symbol pin or wire end off connection grid
    ; warning
    @(212.725 mm, 165.735 mm): Symbol #PWR62 Hidden pin 1 [GND, Power input, Line]
[lib_symbol_issues]: The current configuration does not include the symbol library 'elt'
    ; warning
    @(212.725 mm, 165.735 mm): Symbol #PWR62 [GND]
[endpoint_off_grid]: Symbol pin or wire end off connection grid
    ; warning
    @(212.725 mm, 213.995 mm): Symbol #PWR61 Hidden pin 1 [GND, Power input, Line]
[lib_symbol_issues]: The current configuration does not include the symbol library 'elt'
    ; warning
    @(212.725 mm, 213.995 mm): Symbol #PWR61 [GND]
[endpoint_off_grid]: Symbol pin or wire end off connection grid
    ; warning
    @(212.725 mm, 219.075 mm): Symbol #PWR60 Hidden pin 1 [GND, Power input, Line]
[lib_symbol_issues]: The current configuration does not include the symbol library 'elt'
    ; warning
    @(212.725 mm, 219.075 mm): Symbol #PWR60 [GND]
[endpoint_off_grid]: Symbol pin or wire end off connection grid
    ; warning
    @(213.995 mm, 130.175 mm): Vertical Wire, length 3.81 mm
[footprint_link_issues]: The current configuration does not include the footprint library 'Resistor_SMD'
    ; warning
    @(214.63 mm, 476.25 mm): Symbol R12 [SYM_R12]
[lib_symbol_issues]: The current configuration does not include the symbol library 'elt'
    ; warning
    @(214.63 mm, 476.25 mm): Symbol R12 [SYM_R12]
[lib_symbol_issues]: The current configuration does not include the symbol library 'elt'
    ; warning
    @(214.63 mm, 480.06 mm): Symbol #PWR52 [GND]
[endpoint_off_grid]: Symbol pin or wire end off connection grid
    ; warning
    @(215.265 mm, 97.155 mm): Vertical Wire, length 0.635 mm
[endpoint_off_grid]: Symbol pin or wire end off connection grid
    ; warning
    @(218.44 mm, 53.975 mm): Vertical Wire, length 4.445 mm
[endpoint_off_grid]: Symbol pin or wire end off connection grid
    ; warning
    @(218.44 mm, 368.935 mm): Horizontal Wire, length 10.16 mm
[endpoint_off_grid]: Symbol pin or wire end off connection grid
    ; warning
    @(218.44 mm, 375.285 mm): Vertical Wire, length 6.35 mm
[endpoint_off_grid]: Symbol pin or wire end off connection grid
    ; warning
    @(218.44 mm, 445.135 mm): Horizontal Wire, length 10.16 mm
[endpoint_off_grid]: Symbol pin or wire end off connection grid
    ; warning
    @(218.44 mm, 448.945 mm): Vertical Wire, length 3.81 mm
[endpoint_off_grid]: Symbol pin or wire end off connection grid
    ; warning
    @(220.345 mm, 109.22 mm): Horizontal Wire, length 43.18 mm
[endpoint_off_grid]: Symbol pin or wire end off connection grid
    ; warning
    @(220.345 mm, 116.84 mm): Vertical Wire, length 7.62 mm
[endpoint_off_grid]: Symbol pin or wire end off connection grid
    ; warning
    @(220.98 mm, 165.10 mm): Horizontal Wire, length 0.635 mm
[endpoint_off_grid]: Symbol pin or wire end off connection grid
    ; warning
    @(220.345 mm, 165.10 mm): Horizontal Wire, length 3.175 mm
[endpoint_off_grid]: Symbol pin or wire end off connection grid
    ; warning
    @(227.33 mm, 25.40 mm): Horizontal Wire, length 4.445 mm
[endpoint_off_grid]: Symbol pin or wire end off connection grid
    ; warning
    @(222.885 mm, 53.975 mm): Horizontal Wire, length 4.445 mm
[endpoint_off_grid]: Symbol pin or wire end off connection grid
    ; warning
    @(222.885 mm, 53.975 mm): Symbol R20 Pin 1 [Passive, Line]
[endpoint_off_grid]: Symbol pin or wire end off connection grid
    ; warning
    @(222.885 mm, 81.28 mm): Symbol Q12 Pin 1 [G, Passive, Line]
[endpoint_off_grid]: Symbol pin or wire end off connection grid
    ; warning
    @(222.885 mm, 83.82 mm): Symbol #PWR87 Hidden pin 1 [GND, Power input, Line]
[lib_symbol_issues]: The current configuration does not include the symbol library 'elt'
    ; warning
    @(222.885 mm, 83.82 mm): Symbol #PWR87 [GND]
[endpoint_off_grid]: Symbol pin or wire end off connection grid
    ; warning
    @(222.885 mm, 114.30 mm): Symbol Q9 Pin 1 [G, Passive, Line]
[endpoint_off_grid]: Symbol pin or wire end off connection grid
    ; warning
    @(222.885 mm, 114.30 mm): Horizontal Wire, length 1.905 mm
[endpoint_off_grid]: Symbol pin or wire end off connection grid
    ; warning
    @(222.885 mm, 116.84 mm): Horizontal Wire, length 2.54 mm
[footprint_link_issues]: The current configuration does not include the footprint library 'Package_TO_SOT_SMD'
    ; warning
    @(223.52 mm, 258.445 mm): Symbol U6 [SYM_U6]
[lib_symbol_issues]: The current configuration does not include the symbol library 'elt'
    ; warning
    @(223.52 mm, 258.445 mm): Symbol U6 [SYM_U6]
[footprint_link_issues]: The current configuration does not include the footprint library 'Package_TO_SOT_SMD'
    ; warning
    @(223.52 mm, 294.005 mm): Symbol U7 [SYM_U7]
[lib_symbol_issues]: The current configuration does not include the symbol library 'elt'
    ; warning
    @(223.52 mm, 294.005 mm): Symbol U7 [SYM_U7]
[endpoint_off_grid]: Symbol pin or wire end off connection grid
    ; warning
    @(223.52 mm, 456.565 mm): Vertical Wire, length 3.175 mm
[endpoint_off_grid]: Symbol pin or wire end off connection grid
    ; warning
    @(224.155 mm, 325.12 mm): Symbol L2 Pin 1 [Passive, Line]
[endpoint_off_grid]: Symbol pin or wire end off connection grid
    ; warning
    @(224.79 mm, 199.39 mm): Vertical Wire, length 4.445 mm
[endpoint_off_grid]: Symbol pin or wire end off connection grid
    ; warning
    @(226.06 mm, 380.365 mm): Horizontal Wire, length 2.54 mm
[endpoint_off_grid]: Symbol pin or wire end off connection grid
    ; warning
    @(226.06 mm, 410.845 mm): Vertical Wire, length 30.48 mm
[footprint_link_issues]: The current configuration does not include the footprint library 'Resistor_SMD'
    ; warning
    @(226.695 mm, 53.975 mm): Symbol R20 [SYM_R20]
[lib_symbol_issues]: The current configuration does not include the symbol library 'elt'
    ; warning
    @(226.695 mm, 53.975 mm): Symbol R20 [SYM_R20]
[endpoint_off_grid]: Symbol pin or wire end off connection grid
    ; warning
    @(217.17 mm, 147.32 mm): Horizontal Wire, length 9.525 mm
[endpoint_off_grid]: Symbol pin or wire end off connection grid
    ; warning
    @(226.695 mm, 147.32 mm): Vertical Wire, length 3.81 mm
[endpoint_off_grid]: Symbol pin or wire end off connection grid
    ; warning
    @(226.695 mm, 151.13 mm): Horizontal Wire, length 1.27 mm
[endpoint_off_grid]: Symbol pin or wire end off connection grid
    ; warning
    @(226.695 mm, 163.83 mm): Vertical Wire, length 1.27 mm
[endpoint_off_grid]: Symbol pin or wire end off connection grid
    ; warning
    @(226.695 mm, 165.10 mm): Horizontal Wire, length 5.715 mm
[endpoint_off_grid]: Symbol pin or wire end off connection grid
    ; warning
    @(226.695 mm, 448.945 mm): Horizontal Wire, length 2.54 mm
[endpoint_off_grid]: Symbol pin or wire end off connection grid
    ; warning
    @(226.695 mm, 451.485 mm): Vertical Wire, length 2.54 mm
[endpoint_off_grid]: Symbol pin or wire end off connection grid
    ; warning
    @(226.695 mm, 451.485 mm): Horizontal Wire, length 2.54 mm
[endpoint_off_grid]: Symbol pin or wire end off connection grid
    ; warning
    @(226.695 mm, 454.025 mm): Vertical Wire, length 2.54 mm
[footprint_link_issues]: The current configuration does not include the footprint library 'Resistor_SMD'
    ; warning
    @(227.33 mm, 30.48 mm): Symbol R24 [SYM_R24]
[lib_symbol_issues]: The current configuration does not include the symbol library 'elt'
    ; warning
    @(227.33 mm, 30.48 mm): Symbol R24 [SYM_R24]
[lib_symbol_issues]: The current configuration does not include the symbol library 'elt'
    ; warning
    @(227.33 mm, 34.29 mm): Symbol #PWR86 [GND]
[endpoint_off_grid]: Symbol pin or wire end off connection grid
    ; warning
    @(227.33 mm, 415.925 mm): Vertical Wire, length 5.08 mm
[endpoint_off_grid]: Symbol pin or wire end off connection grid
    ; warning
    @(227.33 mm, 421.005 mm): Horizontal Wire, length 34.29 mm
[endpoint_off_grid]: Symbol pin or wire end off connection grid
    ; warning
    @(227.965 mm, 148.59 mm): Symbol J5 Pin A1 [GNDA1, Passive, Line]
[endpoint_off_grid]: Symbol pin or wire end off connection grid
    ; warning
    @(227.965 mm, 148.59 mm): Symbol #PWR91 Hidden pin 1 [GND, Power input, Line]
[lib_symbol_issues]: The current configuration does not include the symbol library 'elt'
    ; warning
    @(227.965 mm, 148.59 mm): Symbol #PWR91 [GND]
[endpoint_off_grid]: Symbol pin or wire end off connection grid
    ; warning
    @(227.965 mm, 163.83 mm): Horizontal Wire, length 1.27 mm
[endpoint_off_grid]: Symbol pin or wire end off connection grid
    ; warning
    @(227.965 mm, 166.37 mm): Symbol #PWR92 Hidden pin 1 [GND, Power input, Line]
[lib_symbol_issues]: The current configuration does not include the symbol library 'elt'
    ; warning
    @(227.965 mm, 166.37 mm): Symbol #PWR92 [GND]
[endpoint_off_grid]: Symbol pin or wire end off connection grid
    ; warning
    @(227.965 mm, 168.91 mm): Symbol #PWR93 Hidden pin 1 [GND, Power input, Line]
[lib_symbol_issues]: The current configuration does not include the symbol library 'elt'
    ; warning
    @(227.965 mm, 168.91 mm): Symbol #PWR93 [GND]
[endpoint_off_grid]: Symbol pin or wire end off connection grid
    ; warning
    @(227.965 mm, 199.39 mm): Horizontal Wire, length 3.175 mm
[endpoint_off_grid]: Symbol pin or wire end off connection grid
    ; warning
    @(227.965 mm, 199.39 mm): Symbol U2 Pin 1 [VIN, Passive, Line]
[endpoint_off_grid]: Symbol pin or wire end off connection grid
    ; warning
    @(227.965 mm, 212.09 mm): Symbol #PWR06 Hidden pin 1 [GND, Power input, Line]
[lib_symbol_issues]: The current configuration does not include the symbol library 'elt'
    ; warning
    @(227.965 mm, 212.09 mm): Symbol #PWR06 [GND]
[endpoint_off_grid]: Symbol pin or wire end off connection grid
    ; warning
    @(227.965 mm, 224.79 mm): Symbol #PWR07 Hidden pin 1 [GND, Power input, Line]
[lib_symbol_issues]: The current configuration does not include the symbol library 'elt'
    ; warning
    @(227.965 mm, 224.79 mm): Symbol #PWR07 [GND]
[endpoint_off_grid]: Symbol pin or wire end off connection grid
    ; warning
    @(228.60 mm, 375.285 mm): Horizontal Wire, length 10.16 mm
[endpoint_off_grid]: Symbol pin or wire end off connection grid
    ; warning
    @(228.60 mm, 375.285 mm): Symbol J4 Pin 1 [VBUS, Passive, Line]
[endpoint_off_grid]: Symbol pin or wire end off connection grid
    ; warning
    @(229.235 mm, 446.405 mm): Symbol U5 Pin 1 [GND, Passive, Line]
[endpoint_off_grid]: Symbol pin or wire end off connection grid
    ; warning
    @(229.235 mm, 446.405 mm): Symbol #PWR50 Hidden pin 1 [GND, Power input, Line]
[lib_symbol_issues]: The current configuration does not include the symbol library 'elt'
    ; warning
    @(229.235 mm, 446.405 mm): Symbol #PWR50 [GND]
[endpoint_off_grid]: Symbol pin or wire end off connection grid
    ; warning
    @(229.235 mm, 448.945 mm): Horizontal Wire, length 10.795 mm
[endpoint_off_grid]: Symbol pin or wire end off connection grid
    ; warning
    @(229.235 mm, 451.485 mm): Horizontal Wire, length 2.54 mm
[endpoint_off_grid]: Symbol pin or wire end off connection grid
    ; warning
    @(229.235 mm, 454.025 mm): Horizontal Wire, length 2.54 mm
[endpoint_off_grid]: Symbol pin or wire end off connection grid
    ; warning
    @(229.235 mm, 456.565 mm): Horizontal Wire, length 5.715 mm
[endpoint_off_grid]: Symbol pin or wire end off connection grid
    ; warning
    @(229.87 mm, 410.845 mm): Horizontal Wire, length 3.81 mm
[endpoint_off_grid]: Symbol pin or wire end off connection grid
    ; warning
    @(229.87 mm, 410.845 mm): Symbol U10 Pin 1 [IO1, Passive, Line]
[endpoint_off_grid]: Symbol pin or wire end off connection grid
    ; warning
    @(229.87 mm, 413.385 mm): Symbol #PWR56 Hidden pin 1 [GND, Power input, Line]
[lib_symbol_issues]: The current configuration does not include the symbol library 'elt'
    ; warning
    @(229.87 mm, 413.385 mm): Symbol #PWR56 [GND]
[endpoint_off_grid]: Symbol pin or wire end off connection grid
    ; warning
    @(229.87 mm, 415.925 mm): Horizontal Wire, length 2.54 mm
[footprint_link_issues]: The current configuration does not include the footprint library 'Inductor_SMD'
    ; warning
    @(230.505 mm, 325.12 mm): Symbol L2 [SYM_L2]
[lib_symbol_issues]: The current configuration does not include the symbol library 'elt'
    ; warning
    @(230.505 mm, 325.12 mm): Symbol L2 [SYM_L2]
[endpoint_off_grid]: Symbol pin or wire end off connection grid
    ; warning
    @(231.775 mm, 335.28 mm): Vertical Wire, length 9.525 mm
[endpoint_off_grid]: Symbol pin or wire end off connection grid
    ; warning
    @(240.03 mm, 335.28 mm): Horizontal Wire, length 8.255 mm
[endpoint_off_grid]: Symbol pin or wire end off connection grid
    ; warning
    @(231.775 mm, 344.805 mm): Vertical Wire, length 1.27 mm
[endpoint_off_grid]: Symbol pin or wire end off connection grid
    ; warning
    @(231.775 mm, 346.075 mm): Symbol C10 Pin 1 [Passive, Line]
[footprint_link_issues]: The current configuration does not include the footprint library 'Capacitor_SMD'
    ; warning
    @(231.775 mm, 349.885 mm): Symbol C10 [SYM_C10]
[lib_symbol_issues]: The current configuration does not include the symbol library 'elt'
    ; warning
    @(231.775 mm, 349.885 mm): Symbol C10 [SYM_C10]
[endpoint_off_grid]: Symbol pin or wire end off connection grid
    ; warning
    @(231.775 mm, 353.695 mm): Symbol #PWR18 Hidden pin 1 [GND, Power input, Line]
[lib_symbol_issues]: The current configuration does not include the symbol library 'elt'
    ; warning
    @(231.775 mm, 353.695 mm): Symbol #PWR18 [GND]
[footprint_link_issues]: The current configuration does not include the footprint library 'Package_TO_SOT_SMD'
    ; warning
    @(235.585 mm, 82.55 mm): Symbol Q12 [SYM_Q12]
[lib_symbol_issues]: The current configuration does not include the symbol library 'elt'
    ; warning
    @(235.585 mm, 82.55 mm): Symbol Q12 [SYM_Q12]
[footprint_link_issues]: The current configuration does not include the footprint library 'Package_TO_SOT_SMD'
    ; warning
    @(235.585 mm, 115.57 mm): Symbol Q9 [SYM_Q9]
[lib_symbol_issues]: The current configuration does not include the symbol library 'elt'
    ; warning
    @(235.585 mm, 115.57 mm): Symbol Q9 [SYM_Q9]
[endpoint_off_grid]: Symbol pin or wire end off connection grid
    ; warning
    @(237.49 mm, 258.445 mm): Horizontal Wire, length 10.16 mm
[footprint_link_issues]: The current configuration does not include the footprint library 'Package_SO'
    ; warning
    @(242.57 mm, 212.09 mm): Symbol U2 [SYM_U2]
[lib_symbol_issues]: The current configuration does not include the symbol library 'elt'
    ; warning
    @(242.57 mm, 212.09 mm): Symbol U2 [SYM_U2]
[footprint_link_issues]: The current configuration does not include the footprint library 'Connector_USB'
    ; warning
    @(243.84 mm, 158.75 mm): Symbol J5 [SYM_J5]
[lib_symbol_issues]: The current configuration does not include the symbol library 'elt'
    ; warning
    @(243.84 mm, 158.75 mm): Symbol J5 [SYM_J5]
[footprint_link_issues]: The current configuration does not include the footprint library 'Connector_USB'
    ; warning
    @(244.475 mm, 377.825 mm): Symbol J4 [SYM_J4]
[lib_symbol_issues]: The current configuration does not include the symbol library 'elt'
    ; warning
    @(244.475 mm, 377.825 mm): Symbol J4 [SYM_J4]
[footprint_link_issues]: The current configuration does not include the footprint library 'Package_TO_SOT_SMD'
    ; warning
    @(244.475 mm, 413.385 mm): Symbol U10 [SYM_U10]
[lib_symbol_issues]: The current configuration does not include the symbol library 'elt'
    ; warning
    @(244.475 mm, 413.385 mm): Symbol U10 [SYM_U10]
[footprint_link_issues]: The current configuration does not include the footprint library 'Package_SON'
    ; warning
    @(244.475 mm, 451.485 mm): Symbol U5 [SYM_U5]
[lib_symbol_issues]: The current configuration does not include the symbol library 'elt'
    ; warning
    @(244.475 mm, 451.485 mm): Symbol U5 [SYM_U5]
[endpoint_off_grid]: Symbol pin or wire end off connection grid
    ; warning
    @(250.19 mm, 49.53 mm): Horizontal Wire, length 4.445 mm
[endpoint_off_grid]: Symbol pin or wire end off connection grid
    ; warning
    @(247.65 mm, 258.445 mm): Vertical Wire, length 35.56 mm
[endpoint_off_grid]: Symbol pin or wire end off connection grid
    ; warning
    @(247.65 mm, 294.005 mm): Horizontal Wire, length 10.16 mm
[footprint_link_issues]: The current configuration does not include the footprint library 'Resistor_SMD'
    ; warning
    @(250.19 mm, 54.61 mm): Symbol R25 [SYM_R25]
[lib_symbol_issues]: The current configuration does not include the symbol library 'elt'
    ; warning
    @(250.19 mm, 54.61 mm): Symbol R25 [SYM_R25]
[lib_symbol_issues]: The current configuration does not include the symbol library 'elt'
    ; warning
    @(250.19 mm, 58.42 mm): Symbol #PWR83 [GND]
[endpoint_off_grid]: Symbol pin or wire end off connection grid
    ; warning
    @(250.825 mm, 26.035 mm): Horizontal Wire, length 4.445 mm
[endpoint_off_grid]: Symbol pin or wire end off connection grid
    ; warning
    @(250.825 mm, 27.305 mm): Vertical Wire, length 1.27 mm
[endpoint_off_grid]: Symbol pin or wire end off connection grid
    ; warning
    @(250.825 mm, 27.305 mm): Symbol R27 Pin 1 [Passive, Line]
[footprint_link_issues]: The current configuration does not include the footprint library 'Resistor_SMD'
    ; warning
    @(250.825 mm, 31.115 mm): Symbol R27 [SYM_R27]
[lib_symbol_issues]: The current configuration does not include the symbol library 'elt'
    ; warning
    @(250.825 mm, 31.115 mm): Symbol R27 [SYM_R27]
[endpoint_off_grid]: Symbol pin or wire end off connection grid
    ; warning
    @(250.825 mm, 34.925 mm): Symbol #PWR88 Hidden pin 1 [GND, Power input, Line]
[lib_symbol_issues]: The current configuration does not include the symbol library 'elt'
    ; warning
    @(250.825 mm, 34.925 mm): Symbol #PWR88 [GND]
[endpoint_off_grid]: Symbol pin or wire end off connection grid
    ; warning
    @(255.905 mm, 82.55 mm): Horizontal Wire, length 7.62 mm
[endpoint_off_grid]: Symbol pin or wire end off connection grid
    ; warning
    @(255.905 mm, 106.68 mm): Vertical Wire, length 24.13 mm
[footprint_link_issues]: The current configuration does not include the footprint library 'Capacitor_SMD'
    ; warning
    @(256.54 mm, 252.73 mm): Symbol C40 [SYM_C40]
[lib_symbol_issues]: The current configuration does not include the symbol library 'elt'
    ; warning
    @(256.54 mm, 252.73 mm): Symbol C40 [SYM_C40]
[lib_symbol_issues]: The current configuration does not include the symbol library 'elt'
    ; warning
    @(256.54 mm, 256.54 mm): Symbol #PWR46 [GND]
[footprint_link_issues]: The current configuration does not include the footprint library 'Capacitor_SMD'
    ; warning
    @(256.54 mm, 328.93 mm): Symbol C34 [SYM_C34]
[lib_symbol_issues]: The current configuration does not include the symbol library 'elt'
    ; warning
    @(256.54 mm, 328.93 mm): Symbol C34 [SYM_C34]
[lib_symbol_issues]: The current configuration does not include the symbol library 'elt'
    ; warning
    @(256.54 mm, 332.74 mm): Symbol #PWR44 [GND]
[endpoint_off_grid]: Symbol pin or wire end off connection grid
    ; warning
    @(257.175 mm, 200.66 mm): Symbol #PWR10 Hidden pin 1 [GND, Power input, Line]
[lib_symbol_issues]: The current configuration does not include the symbol library 'elt'
    ; warning
    @(257.175 mm, 200.66 mm): Symbol #PWR10 [GND]
[endpoint_off_grid]: Symbol pin or wire end off connection grid
    ; warning
    @(257.175 mm, 210.82 mm): Symbol #PWR09 Hidden pin 1 [GND, Power input, Line]
[lib_symbol_issues]: The current configuration does not include the symbol library 'elt'
    ; warning
    @(257.175 mm, 210.82 mm): Symbol #PWR09 [GND]
[endpoint_off_grid]: Symbol pin or wire end off connection grid
    ; warning
    @(257.175 mm, 213.36 mm): Horizontal Wire, length 8.255 mm
[endpoint_off_grid]: Symbol pin or wire end off connection grid
    ; warning
    @(257.175 mm, 218.44 mm): Symbol #PWR08 Hidden pin 1 [GND, Power input, Line]
[lib_symbol_issues]: The current configuration does not include the symbol library 'elt'
    ; warning
    @(257.175 mm, 218.44 mm): Symbol #PWR08 [GND]
[footprint_link_issues]: The current configuration does not include the footprint library 'Capacitor_SMD'
    ; warning
    @(257.81 mm, 275.59 mm): Symbol C37 [SYM_C37]
[lib_symbol_issues]: The current configuration does not include the symbol library 'elt'
    ; warning
    @(257.81 mm, 275.59 mm): Symbol C37 [SYM_C37]
[lib_symbol_issues]: The current configuration does not include the symbol library 'elt'
    ; warning
    @(257.81 mm, 279.40 mm): Symbol #PWR45 [GND]
[endpoint_off_grid]: Symbol pin or wire end off connection grid
    ; warning
    @(259.08 mm, 413.385 mm): Horizontal Wire, length 9.525 mm
[endpoint_off_grid]: Symbol pin or wire end off connection grid
    ; warning
    @(259.715 mm, 149.86 mm): Symbol #PWR95 Hidden pin 1 [GND, Power input, Line]
[lib_symbol_issues]: The current configuration does not include the symbol library 'elt'
    ; warning
    @(259.715 mm, 149.86 mm): Symbol #PWR95 [GND]
[endpoint_off_grid]: Symbol pin or wire end off connection grid
    ; warning
    @(259.715 mm, 152.40 mm): Symbol #PWR94 Hidden pin 1 [GND, Power input, Line]
[lib_symbol_issues]: The current configuration does not include the symbol library 'elt'
    ; warning
    @(259.715 mm, 152.40 mm): Symbol #PWR94 [GND]
[endpoint_off_grid]: Symbol pin or wire end off connection grid
    ; warning
    @(259.715 mm, 154.94 mm): Horizontal Wire, length 7.62 mm
[endpoint_off_grid]: Symbol pin or wire end off connection grid
    ; warning
    @(259.715 mm, 447.675 mm): Symbol #PWR51 Hidden pin 1 [GND, Power input, Line]
[lib_symbol_issues]: The current configuration does not include the symbol library 'elt'
    ; warning
    @(259.715 mm, 447.675 mm): Symbol #PWR51 [GND]
[endpoint_off_grid]: Symbol pin or wire end off connection grid
    ; warning
    @(259.715 mm, 452.755 mm): Horizontal Wire, length 2.54 mm
[endpoint_off_grid]: Symbol pin or wire end off connection grid
    ; warning
    @(260.35 mm, 376.555 mm): Symbol #PWR58 Hidden pin 1 [GND, Power input, Line]
[lib_symbol_issues]: The current configuration does not include the symbol library 'elt'
    ; warning
    @(260.35 mm, 376.555 mm): Symbol #PWR58 [GND]
[endpoint_off_grid]: Symbol pin or wire end off connection grid
    ; warning
    @(260.35 mm, 379.095 mm): Symbol #PWR57 Hidden pin 1 [GND, Power input, Line]
[lib_symbol_issues]: The current configuration does not include the symbol library 'elt'
    ; warning
    @(260.35 mm, 379.095 mm): Symbol #PWR57 [GND]
[endpoint_off_grid]: Symbol pin or wire end off connection grid
    ; warning
    @(261.62 mm, 415.925 mm): Horizontal Wire, length 2.54 mm
[endpoint_off_grid]: Symbol pin or wire end off connection grid
    ; warning
    @(261.62 mm, 421.005 mm): Vertical Wire, length 5.08 mm
[endpoint_off_grid]: Symbol pin or wire end off connection grid
    ; warning
    @(262.255 mm, 452.755 mm): Vertical Wire, length 2.54 mm
[endpoint_off_grid]: Symbol pin or wire end off connection grid
    ; warning
    @(262.255 mm, 452.755 mm): Horizontal Wire, length 5.08 mm
[endpoint_off_grid]: Symbol pin or wire end off connection grid
    ; warning
    @(262.255 mm, 455.295 mm): Horizontal Wire, length 2.54 mm
[endpoint_off_grid]: Symbol pin or wire end off connection grid
    ; warning
    @(262.89 mm, 348.615 mm): Symbol R11 Pin 1 [Passive, Line]
[endpoint_off_grid]: Symbol pin or wire end off connection grid
    ; warning
    @(262.89 mm, 336.55 mm): Vertical Wire, length 12.065 mm
[footprint_link_issues]: The current configuration does not include the footprint library 'Resistor_SMD'
    ; warning
    @(262.89 mm, 352.425 mm): Symbol R11 [SYM_R11]
[lib_symbol_issues]: The current configuration does not include the symbol library 'elt'
    ; warning
    @(262.89 mm, 352.425 mm): Symbol R11 [SYM_R11]
[endpoint_off_grid]: Symbol pin or wire end off connection grid
    ; warning
    @(262.89 mm, 356.235 mm): Symbol #PWR43 Hidden pin 1 [GND, Power input, Line]
[lib_symbol_issues]: The current configuration does not include the symbol library 'elt'
    ; warning
    @(262.89 mm, 356.235 mm): Symbol #PWR43 [GND]
[endpoint_off_grid]: Symbol pin or wire end off connection grid
    ; warning
    @(263.525 mm, 79.375 mm): Symbol R7 Pin 1 [Passive, Line]
[endpoint_off_grid]: Symbol pin or wire end off connection grid
    ; warning
    @(263.525 mm, 106.68 mm): Horizontal Wire, length 7.62 mm
[endpoint_off_grid]: Symbol pin or wire end off connection grid
    ; warning
    @(263.525 mm, 106.68 mm): Symbol Q11 Pin 1 [G, Passive, Line]
[endpoint_off_grid]: Symbol pin or wire end off connection grid
    ; warning
    @(267.335 mm, 55.245 mm): Vertical Wire, length 9.525 mm
[endpoint_off_grid]: Symbol pin or wire end off connection grid
    ; warning
    @(267.335 mm, 64.77 mm): Horizontal Wire, length 25.40 mm
[footprint_link_issues]: The current configuration does not include the footprint library 'Resistor_SMD'
    ; warning
    @(267.335 mm, 79.375 mm): Symbol R7 [SYM_R7]
[lib_symbol_issues]: The current configuration does not include the symbol library 'elt'
    ; warning
    @(267.335 mm, 79.375 mm): Symbol R7 [SYM_R7]
[endpoint_off_grid]: Symbol pin or wire end off connection grid
    ; warning
    @(267.335 mm, 154.94 mm): Vertical Wire, length 12.70 mm
[endpoint_off_grid]: Symbol pin or wire end off connection grid
    ; warning
    @(267.335 mm, 167.64 mm): Horizontal Wire, length 7.62 mm
[endpoint_off_grid]: Symbol pin or wire end off connection grid
    ; warning
    @(267.335 mm, 321.31 mm): Horizontal Wire, length 10.795 mm
[endpoint_off_grid]: Symbol pin or wire end off connection grid
    ; warning
    @(267.335 mm, 325.12 mm): Vertical Wire, length 3.81 mm
[endpoint_off_grid]: Symbol pin or wire end off connection grid
    ; warning
    @(267.335 mm, 452.755 mm): Horizontal Wire, length 0.635 mm
[endpoint_off_grid]: Symbol pin or wire end off connection grid
    ; warning
    @(267.97 mm, 452.755 mm): Horizontal Wire, length 5.08 mm
[endpoint_off_grid]: Symbol pin or wire end off connection grid
    ; warning
    @(268.605 mm, 413.385 mm): Vertical Wire, length 3.81 mm
[endpoint_off_grid]: Symbol pin or wire end off connection grid
    ; warning
    @(269.875 mm, 55.245 mm): Symbol R23 Pin 1 [Passive, Line]
[endpoint_off_grid]: Symbol pin or wire end off connection grid
    ; warning
    @(269.875 mm, 55.245 mm): Horizontal Wire, length 2.54 mm
[endpoint_off_grid]: Symbol pin or wire end off connection grid
    ; warning
    @(269.875 mm, 210.82 mm): Horizontal Wire, length 2.54 mm
[endpoint_off_grid]: Symbol pin or wire end off connection grid
    ; warning
    @(269.875 mm, 213.36 mm): Vertical Wire, length 2.54 mm
[endpoint_off_grid]: Symbol pin or wire end off connection grid
    ; warning
    @(269.875 mm, 213.36 mm): Horizontal Wire, length 2.54 mm
[endpoint_off_grid]: Symbol pin or wire end off connection grid
    ; warning
    @(269.875 mm, 215.90 mm): Vertical Wire, length 2.54 mm
[endpoint_off_grid]: Symbol pin or wire end off connection grid
    ; warning
    @(270.51 mm, 28.575 mm): Symbol D9 Pin 1 [K, Passive, Line]
[endpoint_off_grid]: Symbol pin or wire end off connection grid
    ; warning
    @(272.415 mm, 139.70 mm): Horizontal Wire, length 2.54 mm
[endpoint_off_grid]: Symbol pin or wire end off connection grid
    ; warning
    @(272.415 mm, 142.24 mm): Vertical Wire, length 2.54 mm
[endpoint_off_grid]: Symbol pin or wire end off connection grid
    ; warning
    @(272.415 mm, 142.24 mm): Horizontal Wire, length 2.54 mm
[endpoint_off_grid]: Symbol pin or wire end off connection grid
    ; warning
    @(272.415 mm, 144.78 mm): Vertical Wire, length 2.54 mm
[endpoint_off_grid]: Symbol pin or wire end off connection grid
    ; warning
    @(272.415 mm, 175.26 mm): Horizontal Wire, length 2.54 mm
[endpoint_off_grid]: Symbol pin or wire end off connection grid
    ; warning
    @(272.415 mm, 177.80 mm): Vertical Wire, length 2.54 mm
[endpoint_off_grid]: Symbol pin or wire end off connection grid
    ; warning
    @(272.415 mm, 177.80 mm): Horizontal Wire, length 2.54 mm
[endpoint_off_grid]: Symbol pin or wire end off connection grid
    ; warning
    @(272.415 mm, 180.34 mm): Vertical Wire, length 2.54 mm
[endpoint_off_grid]: Symbol pin or wire end off connection grid
    ; warning
    @(272.415 mm, 210.82 mm): Symbol Q1 Pin 1 [S1, Passive, Line]
[endpoint_off_grid]: Symbol pin or wire end off connection grid
    ; warning
    @(272.415 mm, 213.36 mm): Horizontal Wire, length 2.54 mm
[endpoint_off_grid]: Symbol pin or wire end off connection grid
    ; warning
    @(272.415 mm, 215.90 mm): Horizontal Wire, length 2.54 mm
[endpoint_off_grid]: Symbol pin or wire end off connection grid
    ; warning
    @(273.05 mm, 452.755 mm): Vertical Wire, length 0.635 mm
[footprint_link_issues]: The current configuration does not include the footprint library 'Resistor_SMD'
    ; warning
    @(273.685 mm, 55.245 mm): Symbol R23 [SYM_R23]
[lib_symbol_issues]: The current configuration does not include the symbol library 'elt'
    ; warning
    @(273.685 mm, 55.245 mm): Symbol R23 [SYM_R23]
[endpoint_off_grid]: Symbol pin or wire end off connection grid
    ; warning
    @(274.955 mm, 139.70 mm): Symbol Q3 Pin 1 [S1, Passive, Line]
[endpoint_off_grid]: Symbol pin or wire end off connection grid
    ; warning
    @(274.955 mm, 142.24 mm): Horizontal Wire, length 2.54 mm
[endpoint_off_grid]: Symbol pin or wire end off connection grid
    ; warning
    @(274.955 mm, 144.78 mm): Horizontal Wire, length 2.54 mm
[endpoint_off_grid]: Symbol pin or wire end off connection grid
    ; warning
    @(274.955 mm, 175.26 mm): Symbol Q2 Pin 1 [S1, Passive, Line]
[endpoint_off_grid]: Symbol pin or wire end off connection grid
    ; warning
    @(274.955 mm, 177.80 mm): Horizontal Wire, length 2.54 mm
[endpoint_off_grid]: Symbol pin or wire end off connection grid
    ; warning
    @(274.955 mm, 180.34 mm): Horizontal Wire, length 2.54 mm
[endpoint_off_grid]: Symbol pin or wire end off connection grid
    ; warning
    @(274.955 mm, 256.54 mm): Horizontal Wire, length 2.54 mm
[endpoint_off_grid]: Symbol pin or wire end off connection grid
    ; warning
    @(278.13 mm, 287.02 mm): Horizontal Wire, length 3.175 mm
[endpoint_off_grid]: Symbol pin or wire end off connection grid
    ; warning
    @(274.955 mm, 287.02 mm): Vertical Wire, length 30.48 mm
[endpoint_off_grid]: Symbol pin or wire end off connection grid
    ; warning
    @(274.955 mm, 325.12 mm): Horizontal Wire, length 2.54 mm
[endpoint_off_grid]: Symbol pin or wire end off connection grid
    ; warning
    @(274.955 mm, 327.66 mm): Vertical Wire, length 2.54 mm
[endpoint_off_grid]: Symbol pin or wire end off connection grid
    ; warning
    @(274.955 mm, 327.66 mm): Horizontal Wire, length 2.54 mm
[endpoint_off_grid]: Symbol pin or wire end off connection grid
    ; warning
    @(274.955 mm, 330.20 mm): Vertical Wire, length 2.54 mm
[footprint_link_issues]: The current configuration does not include the footprint library 'Package_TO_SOT_SMD'
    ; warning
    @(276.225 mm, 107.95 mm): Symbol Q11 [SYM_Q11]
[lib_symbol_issues]: The current configuration does not include the symbol library 'elt'
    ; warning
    @(276.225 mm, 107.95 mm): Symbol Q11 [SYM_Q11]
[endpoint_off_grid]: Symbol pin or wire end off connection grid
    ; warning
    @(277.495 mm, 55.245 mm): Horizontal Wire, length 6.985 mm
[endpoint_off_grid]: Symbol pin or wire end off connection grid
    ; warning
    @(277.495 mm, 251.46 mm): Horizontal Wire, length 10.795 mm
[endpoint_off_grid]: Symbol pin or wire end off connection grid
    ; warning
    @(277.495 mm, 251.46 mm): Symbol J3 Pin 1 [VBUS, Passive, Line]
[endpoint_off_grid]: Symbol pin or wire end off connection grid
    ; warning
    @(277.495 mm, 322.58 mm): Symbol U4 Pin 1 [GND, Passive, Line]
[endpoint_off_grid]: Symbol pin or wire end off connection grid
    ; warning
    @(277.495 mm, 322.58 mm): Symbol #PWR41 Hidden pin 1 [GND, Power input, Line]
[lib_symbol_issues]: The current configuration does not include the symbol library 'elt'
    ; warning
    @(277.495 mm, 322.58 mm): Symbol #PWR41 [GND]
[endpoint_off_grid]: Symbol pin or wire end off connection grid
    ; warning
    @(277.495 mm, 325.12 mm): Horizontal Wire, length 10.16 mm
[endpoint_off_grid]: Symbol pin or wire end off connection grid
    ; warning
    @(277.495 mm, 327.66 mm): Horizontal Wire, length 2.54 mm
[endpoint_off_grid]: Symbol pin or wire end off connection grid
    ; warning
    @(277.495 mm, 330.20 mm): Horizontal Wire, length 2.54 mm
[endpoint_off_grid]: Symbol pin or wire end off connection grid
    ; warning
    @(277.495 mm, 332.74 mm): Horizontal Wire, length 5.715 mm
[lib_symbol_issues]: The current configuration does not include the symbol library 'elt'
    ; warning
    @(278.13 mm, 289.56 mm): Symbol #PWR47 [GND]
[footprint_link_issues]: The current configuration does not include the footprint library 'Diode_SMD'
    ; warning
    @(283.21 mm, 28.575 mm): Symbol D9 [SYM_D9]
[lib_symbol_issues]: The current configuration does not include the symbol library 'elt'
    ; warning
    @(283.21 mm, 28.575 mm): Symbol D9 [SYM_D9]
[endpoint_off_grid]: Symbol pin or wire end off connection grid
    ; warning
    @(284.48 mm, 55.245 mm): Vertical Wire, length 4.445 mm
[footprint_link_issues]: The current configuration does not include the footprint library 'Package_SO'
    ; warning
    @(285.75 mm, 213.36 mm): Symbol Q1 [SYM_Q1]
[lib_symbol_issues]: The current configuration does not include the symbol library 'elt'
    ; warning
    @(285.75 mm, 213.36 mm): Symbol Q1 [SYM_Q1]
[footprint_link_issues]: The current configuration does not include the footprint library 'Package_SO'
    ; warning
    @(288.29 mm, 142.24 mm): Symbol Q3 [SYM_Q3]
[lib_symbol_issues]: The current configuration does not include the symbol library 'elt'
    ; warning
    @(288.29 mm, 142.24 mm): Symbol Q3 [SYM_Q3]
[footprint_link_issues]: The current configuration does not include the footprint library 'Package_SO'
    ; warning
    @(288.29 mm, 177.80 mm): Symbol Q2 [SYM_Q2]
[lib_symbol_issues]: The current configuration does not include the symbol library 'elt'
    ; warning
    @(288.29 mm, 177.80 mm): Symbol Q2 [SYM_Q2]
[endpoint_off_grid]: Symbol pin or wire end off connection grid
    ; warning
    @(292.735 mm, 64.77 mm): Symbol R26 Pin 1 [Passive, Line]
[footprint_link_issues]: The current configuration does not include the footprint library 'Package_TO_SOT_SMD'
    ; warning
    @(292.735 mm, 289.56 mm): Symbol U9 [SYM_U9]
[lib_symbol_issues]: The current configuration does not include the symbol library 'elt'
    ; warning
    @(292.735 mm, 289.56 mm): Symbol U9 [SYM_U9]
[footprint_link_issues]: The current configuration does not include the footprint library 'Package_SON'
    ; warning
    @(292.735 mm, 327.66 mm): Symbol U4 [SYM_U4]
[lib_symbol_issues]: The current configuration does not include the symbol library 'elt'
    ; warning
    @(292.735 mm, 327.66 mm): Symbol U4 [SYM_U4]
[footprint_link_issues]: The current configuration does not include the footprint library 'Connector_USB'
    ; warning
    @(293.37 mm, 254.00 mm): Symbol J3 [SYM_J3]
[lib_symbol_issues]: The current configuration does not include the symbol library 'elt'
    ; warning
    @(293.37 mm, 254.00 mm): Symbol J3 [SYM_J3]
[endpoint_off_grid]: Symbol pin or wire end off connection grid
    ; warning
    @(295.91 mm, 28.575 mm): Symbol #PWR90 Hidden pin 1 [GND, Power input, Line]
[lib_symbol_issues]: The current configuration does not include the symbol library 'elt'
    ; warning
    @(295.91 mm, 28.575 mm): Symbol #PWR90 [GND]
[footprint_link_issues]: The current configuration does not include the footprint library 'Resistor_SMD'
    ; warning
    @(296.545 mm, 64.77 mm): Symbol R26 [SYM_R26]
[lib_symbol_issues]: The current configuration does not include the symbol library 'elt'
    ; warning
    @(296.545 mm, 64.77 mm): Symbol R26 [SYM_R26]
[endpoint_off_grid]: Symbol pin or wire end off connection grid
    ; warning
    @(299.085 mm, 212.09 mm): Horizontal Wire, length 5.715 mm
[endpoint_off_grid]: Symbol pin or wire end off connection grid
    ; warning
    @(318.77 mm, 214.63 mm): Horizontal Wire, length 19.685 mm
[endpoint_off_grid]: Symbol pin or wire end off connection grid
    ; warning
    @(300.355 mm, 64.77 mm): Horizontal Wire, length 6.985 mm
[endpoint_off_grid]: Symbol pin or wire end off connection grid
    ; warning
    @(301.625 mm, 176.53 mm): Horizontal Wire, length 9.525 mm
[endpoint_off_grid]: Symbol pin or wire end off connection grid
    ; warning
    @(302.26 mm, 89.535 mm): Horizontal Wire, length 2.54 mm
[endpoint_off_grid]: Symbol pin or wire end off connection grid
    ; warning
    @(302.26 mm, 118.11 mm): Vertical Wire, length 28.575 mm
[endpoint_off_grid]: Symbol pin or wire end off connection grid
    ; warning
    @(304.80 mm, 89.535 mm): Symbol C18 Pin 1 [Passive, Line]
[endpoint_off_grid]: Symbol pin or wire end off connection grid
    ; warning
    @(307.975 mm, 323.85 mm): Symbol #PWR42 Hidden pin 1 [GND, Power input, Line]
[lib_symbol_issues]: The current configuration does not include the symbol library 'elt'
    ; warning
    @(307.975 mm, 323.85 mm): Symbol #PWR42 [GND]
[endpoint_off_grid]: Symbol pin or wire end off connection grid
    ; warning
    @(307.975 mm, 328.93 mm): Horizontal Wire, length 2.54 mm
[footprint_link_issues]: The current configuration does not include the footprint library 'Capacitor_SMD'
    ; warning
    @(308.61 mm, 89.535 mm): Symbol C18 [SYM_C18]
[lib_symbol_issues]: The current configuration does not include the symbol library 'elt'
    ; warning
    @(308.61 mm, 89.535 mm): Symbol C18 [SYM_C18]
[endpoint_off_grid]: Symbol pin or wire end off connection grid
    ; warning
    @(309.245 mm, 252.73 mm): Symbol #PWR49 Hidden pin 1 [GND, Power input, Line]
[lib_symbol_issues]: The current configuration does not include the symbol library 'elt'
    ; warning
    @(309.245 mm, 252.73 mm): Symbol #PWR49 [GND]
[endpoint_off_grid]: Symbol pin or wire end off connection grid
    ; warning
    @(309.245 mm, 255.27 mm): Symbol #PWR48 Hidden pin 1 [GND, Power input, Line]
[lib_symbol_issues]: The current configuration does not include the symbol library 'elt'
    ; warning
    @(309.245 mm, 255.27 mm): Symbol #PWR48 [GND]
[endpoint_off_grid]: Symbol pin or wire end off connection grid
    ; warning
    @(310.515 mm, 328.93 mm): Vertical Wire, length 2.54 mm
[endpoint_off_grid]: Symbol pin or wire end off connection grid
    ; warning
    @(310.515 mm, 330.20 mm): Horizontal Wire, length 8.255 mm
[endpoint_off_grid]: Symbol pin or wire end off connection grid
    ; warning
    @(310.515 mm, 331.47 mm): Horizontal Wire, length 2.54 mm
[endpoint_off_grid]: Symbol pin or wire end off connection grid
    ; warning
    @(311.785 mm, 118.11 mm): Horizontal Wire, length 9.525 mm
[endpoint_off_grid]: Symbol pin or wire end off connection grid
    ; warning
    @(311.785 mm, 118.11 mm): Symbol D4 Pin 1 [K, Passive, Line]
[endpoint_off_grid]: Symbol pin or wire end off connection grid
    ; warning
    @(315.595 mm, 61.595 mm): Symbol D8 Pin 1 [K, Passive, Line]
[footprint_link_issues]: The current configuration does not include the footprint library 'Resistor_SMD'
    ; warning
    @(318.77 mm, 228.60 mm): Symbol R13 [SYM_R13]
[lib_symbol_issues]: The current configuration does not include the symbol library 'elt'
    ; warning
    @(318.77 mm, 228.60 mm): Symbol R13 [SYM_R13]
[lib_symbol_issues]: The current configuration does not include the symbol library 'elt'
    ; warning
    @(318.77 mm, 232.41 mm): Symbol #PWR02 [GND]
[unconnected_wire_endpoint]: Unconnected wire endpoint
    ; warning
    @(318.77 mm, 330.20 mm): Vertical Wire, length 6.35 mm
[endpoint_off_grid]: Symbol pin or wire end off connection grid
    ; warning
    @(319.405 mm, 300.99 mm): Symbol #PWR01 Hidden pin 1 [GND, Power input, Line]
[endpoint_off_grid]: Symbol pin or wire end off connection grid
    ; warning
    @(319.405 mm, 300.99 mm): Symbol J1 Pin 1 [MINUS, Passive, Line]
[lib_symbol_issues]: The current configuration does not include the symbol library 'elt'
    ; warning
    @(319.405 mm, 300.99 mm): Symbol #PWR01 [GND]
[endpoint_off_grid]: Symbol pin or wire end off connection grid
    ; warning
    @(321.31 mm, 140.97 mm): Vertical Wire, length 1.905 mm
[endpoint_off_grid]: Symbol pin or wire end off connection grid
    ; warning
    @(321.31 mm, 139.065 mm): Horizontal Wire, length 0.635 mm
[footprint_link_issues]: The current configuration does not include the footprint library 'Resistor_SMD'
    ; warning
    @(321.31 mm, 144.78 mm): Symbol RS1 [SYM_RS1]
[lib_symbol_issues]: The current configuration does not include the symbol library 'elt'
    ; warning
    @(321.31 mm, 144.78 mm): Symbol RS1 [SYM_RS1]
[lib_symbol_issues]: The current configuration does not include the symbol library 'elt'
    ; warning
    @(321.31 mm, 148.59 mm): Symbol #PWR11 [GND]
[endpoint_off_grid]: Symbol pin or wire end off connection grid
    ; warning
    @(321.945 mm, 256.54 mm): Horizontal Wire, length 2.54 mm
[endpoint_off_grid]: Symbol pin or wire end off connection grid
    ; warning
    @(321.945 mm, 278.765 mm): Vertical Wire, length 22.225 mm
[footprint_link_issues]: The current configuration does not include the footprint library 'Diode_SMD'
    ; warning
    @(324.485 mm, 118.11 mm): Symbol D4 [SYM_D4]
[lib_symbol_issues]: The current configuration does not include the symbol library 'elt'
    ; warning
    @(324.485 mm, 118.11 mm): Symbol D4 [SYM_D4]
[endpoint_off_grid]: Symbol pin or wire end off connection grid
    ; warning
    @(324.485 mm, 256.54 mm): Symbol F1 Pin 1 [IN, Passive, Line]
[endpoint_off_grid]: Symbol pin or wire end off connection grid
    ; warning
    @(331.47 mm, 96.52 mm): Horizontal Wire, length 4.445 mm
[footprint_link_issues]: The current configuration does not include the footprint library 'Diode_SMD'
    ; warning
    @(328.295 mm, 61.595 mm): Symbol D8 [SYM_D8]
[lib_symbol_issues]: The current configuration does not include the symbol library 'elt'
    ; warning
    @(328.295 mm, 61.595 mm): Symbol D8 [SYM_D8]
[footprint_link_issues]: The current configuration does not include the footprint library 'Diode_SMD'
    ; warning
    @(330.20 mm, 201.93 mm): Symbol D5 [SYM_D5]
[lib_symbol_issues]: The current configuration does not include the symbol library 'elt'
    ; warning
    @(330.20 mm, 201.93 mm): Symbol D5 [SYM_D5]
[footprint_link_issues]: The current configuration does not include the footprint library 'Resistor_SMD'
    ; warning
    @(331.47 mm, 91.44 mm): Symbol R9 [SYM_R9]
[lib_symbol_issues]: The current configuration does not include the symbol library 'elt'
    ; warning
    @(331.47 mm, 91.44 mm): Symbol R9 [SYM_R9]
[footprint_link_issues]: The current configuration does not include the footprint library 'Capacitor_SMD'
    ; warning
    @(334.01 mm, 171.45 mm): Symbol C2 [SYM_C2]
[lib_symbol_issues]: The current configuration does not include the symbol library 'elt'
    ; warning
    @(334.01 mm, 171.45 mm): Symbol C2 [SYM_C2]
[footprint_link_issues]: The current configuration does not include the footprint library 'Connector_AMASS'
    ; warning
    @(334.645 mm, 300.99 mm): Symbol J1 [SYM_J1]
[lib_symbol_issues]: The current configuration does not include the symbol library 'elt'
    ; warning
    @(334.645 mm, 300.99 mm): Symbol J1 [SYM_J1]
[endpoint_off_grid]: Symbol pin or wire end off connection grid
    ; warning
    @(337.185 mm, 118.11 mm): Horizontal Wire, length 8.89 mm
[footprint_link_issues]: The current configuration does not include the footprint library 'Fuse'
    ; warning
    @(338.455 mm, 256.54 mm): Symbol F1 [SYM_F1]
[lib_symbol_issues]: The current configuration does not include the symbol library 'elt'
    ; warning
    @(338.455 mm, 256.54 mm): Symbol F1 [SYM_F1]
[endpoint_off_grid]: Symbol pin or wire end off connection grid
    ; warning
    @(340.995 mm, 61.595 mm): Symbol #PWR89 Hidden pin 1 [GND, Power input, Line]
[lib_symbol_issues]: The current configuration does not include the symbol library 'elt'
    ; warning
    @(340.995 mm, 61.595 mm): Symbol #PWR89 [GND]
[endpoint_off_grid]: Symbol pin or wire end off connection grid
    ; warning
    @(346.075 mm, 118.11 mm): Vertical Wire, length 21.59 mm
[endpoint_off_grid]: Symbol pin or wire end off connection grid
    ; warning
    @(346.075 mm, 139.70 mm): Vertical Wire, length 1.27 mm
[endpoint_off_grid]: Symbol pin or wire end off connection grid
    ; warning
    @(346.075 mm, 140.97 mm): Symbol C19 Pin 1 [Passive, Line]
[footprint_link_issues]: The current configuration does not include the footprint library 'Capacitor_SMD'
    ; warning
    @(346.075 mm, 144.78 mm): Symbol C19 [SYM_C19]
[lib_symbol_issues]: The current configuration does not include the symbol library 'elt'
    ; warning
    @(346.075 mm, 144.78 mm): Symbol C19 [SYM_C19]
[endpoint_off_grid]: Symbol pin or wire end off connection grid
    ; warning
    @(346.075 mm, 148.59 mm): Symbol #PWR12 Hidden pin 1 [GND, Power input, Line]
[lib_symbol_issues]: The current configuration does not include the symbol library 'elt'
    ; warning
    @(346.075 mm, 148.59 mm): Symbol #PWR12 [GND]
[lib_symbol_issues]: The current configuration does not include the symbol library 'elt'
    ; warning
    @(347.98 mm, 171.45 mm): Symbol #PWR05 [GND]
[endpoint_off_grid]: Symbol pin or wire end off connection grid
    ; warning
    @(349.885 mm, 300.99 mm): Horizontal Wire, length 2.54 mm
[endpoint_off_grid]: Symbol pin or wire end off connection grid
    ; warning
    @(350.52 mm, 240.665 mm): Vertical Wire, length 15.875 mm
[endpoint_off_grid]: Symbol pin or wire end off connection grid
    ; warning
    @(352.425 mm, 256.54 mm): Horizontal Wire, length 2.54 mm
[endpoint_off_grid]: Symbol pin or wire end off connection grid
    ; warning
    @(352.425 mm, 278.765 mm): Horizontal Wire, length 30.48 mm
[endpoint_off_grid]: Symbol pin or wire end off connection grid
    ; warning
    @(352.425 mm, 300.99 mm): Vertical Wire, length 22.225 mm
[endpoint_off_grid]: Symbol pin or wire end off connection grid
    ; warning
    @(354.965 mm, 240.665 mm): Horizontal Wire, length 4.445 mm
[endpoint_off_grid]: Symbol pin or wire end off connection grid
    ; warning
    @(354.965 mm, 256.54 mm): Vertical Wire, length 15.875 mm
[endpoint_off_grid]: Symbol pin or wire end off connection grid
    ; warning
    @(354.965 mm, 256.54 mm): Horizontal Wire, length 5.715 mm
[footprint_link_issues]: The current configuration does not include the footprint library 'Resistor_SMD'
    ; warning
    @(356.87 mm, 120.65 mm): Symbol R5 [SYM_R5]
[lib_symbol_issues]: The current configuration does not include the symbol library 'elt'
    ; warning
    @(356.87 mm, 120.65 mm): Symbol R5 [SYM_R5]
[footprint_link_issues]: The current configuration does not include the footprint library 'Diode_SMD'
    ; warning
    @(365.76 mm, 224.79 mm): Symbol D1 [SYM_D1]
[lib_symbol_issues]: The current configuration does not include the symbol library 'elt'
    ; warning
    @(365.76 mm, 224.79 mm): Symbol D1 [SYM_D1]
[endpoint_off_grid]: Symbol pin or wire end off connection grid
    ; warning
    @(372.11 mm, 246.38 mm): Horizontal Wire, length 4.445 mm
[footprint_link_issues]: The current configuration does not include the footprint library 'Capacitor_SMD'
    ; warning
    @(368.30 mm, 167.64 mm): Symbol C5 [SYM_C5]
[lib_symbol_issues]: The current configuration does not include the symbol library 'elt'
    ; warning
    @(368.30 mm, 167.64 mm): Symbol C5 [SYM_C5]
[lib_symbol_issues]: The current configuration does not include the symbol library 'elt'
    ; warning
    @(368.30 mm, 171.45 mm): Symbol #PWR13 [GND]
[endpoint_off_grid]: Symbol pin or wire end off connection grid
    ; warning
    @(368.935 mm, 91.44 mm): Horizontal Wire, length 12.065 mm
[endpoint_off_grid]: Symbol pin or wire end off connection grid
    ; warning
    @(368.935 mm, 127.00 mm): Vertical Wire, length 35.56 mm
[endpoint_off_grid]: Symbol pin or wire end off connection grid
    ; warning
    @(356.87 mm, 127.00 mm): Horizontal Wire, length 12.065 mm
[footprint_link_issues]: The current configuration does not include the footprint library 'Capacitor_SMD'
    ; warning
    @(372.11 mm, 144.78 mm): Symbol C6 [SYM_C6]
[lib_symbol_issues]: The current configuration does not include the symbol library 'elt'
    ; warning
    @(372.11 mm, 144.78 mm): Symbol C6 [SYM_C6]
[lib_symbol_issues]: The current configuration does not include the symbol library 'elt'
    ; warning
    @(372.11 mm, 148.59 mm): Symbol #PWR14 [GND]
[footprint_link_issues]: The current configuration does not include the footprint library 'Capacitor_SMD'
    ; warning
    @(372.11 mm, 194.31 mm): Symbol C1 [SYM_C1]
[lib_symbol_issues]: The current configuration does not include the symbol library 'elt'
    ; warning
    @(372.11 mm, 194.31 mm): Symbol C1 [SYM_C1]
[footprint_link_issues]: The current configuration does not include the footprint library 'Resistor_SMD'
    ; warning
    @(372.11 mm, 251.46 mm): Symbol R8 [SYM_R8]
[lib_symbol_issues]: The current configuration does not include the symbol library 'elt'
    ; warning
    @(372.11 mm, 251.46 mm): Symbol R8 [SYM_R8]
[lib_symbol_issues]: The current configuration does not include the symbol library 'elt'
    ; warning
    @(372.11 mm, 255.27 mm): Symbol #PWR27 [GND]
[lib_symbol_issues]: The current configuration does not include the symbol library 'elt'
    ; warning
    @(378.46 mm, 224.79 mm): Symbol #PWR03 [GND]
[footprint_link_issues]: The current configuration does not include the footprint library 'Resistor_SMD'
    ; warning
    @(381.00 mm, 97.79 mm): Symbol R6 [SYM_R6]
[lib_symbol_issues]: The current configuration does not include the symbol library 'elt'
    ; warning
    @(381.00 mm, 97.79 mm): Symbol R6 [SYM_R6]
[lib_symbol_issues]: The current configuration does not include the symbol library 'elt'
    ; warning
    @(381.00 mm, 101.60 mm): Symbol #PWR26 [GND]
[lib_symbol_issues]: The current configuration does not include the symbol library 'elt'
    ; warning
    @(386.08 mm, 194.31 mm): Symbol #PWR04 [GND]
[lib_symbol_issues]: The current configuration does not include the symbol library 'elt'
    ; warning
    @(386.08 mm, 194.31 mm): Symbol #FLG01 [PWR_FLAG]
[endpoint_off_grid]: Symbol pin or wire end off connection grid
    ; warning
    @(390.525 mm, 137.16 mm): Horizontal Wire, length 7.62 mm
[endpoint_off_grid]: Symbol pin or wire end off connection grid
    ; warning
    @(389.89 mm, 137.16 mm): Horizontal Wire, length 0.635 mm
[endpoint_off_grid]: Symbol pin or wire end off connection grid
    ; warning
    @(393.065 mm, 114.30 mm): Vertical Wire, length 22.86 mm
[endpoint_off_grid]: Symbol pin or wire end off connection grid
    ; warning
    @(393.065 mm, 137.16 mm): Horizontal Wire, length 5.08 mm
[endpoint_off_grid]: Symbol pin or wire end off connection grid
    ; warning
    @(394.335 mm, 160.02 mm): Horizontal Wire, length 26.035 mm
[endpoint_off_grid]: Symbol pin or wire end off connection grid
    ; warning
    @(394.335 mm, 163.195 mm): Vertical Wire, length 3.175 mm
[endpoint_off_grid]: Symbol pin or wire end off connection grid
    ; warning
    @(394.335 mm, 163.83 mm): Symbol C7 Pin 1 [Passive, Line]
[endpoint_off_grid]: Symbol pin or wire end off connection grid
    ; warning
    @(394.335 mm, 163.83 mm): Vertical Wire, length 0.635 mm
[footprint_link_issues]: The current configuration does not include the footprint library 'Capacitor_SMD'
    ; warning
    @(394.335 mm, 167.64 mm): Symbol C7 [SYM_C7]
[lib_symbol_issues]: The current configuration does not include the symbol library 'elt'
    ; warning
    @(394.335 mm, 167.64 mm): Symbol C7 [SYM_C7]
[endpoint_off_grid]: Symbol pin or wire end off connection grid
    ; warning
    @(394.335 mm, 171.45 mm): Symbol #PWR15 Hidden pin 1 [GND, Power input, Line]
[lib_symbol_issues]: The current configuration does not include the symbol library 'elt'
    ; warning
    @(394.335 mm, 171.45 mm): Symbol #PWR15 [GND]
[endpoint_off_grid]: Symbol pin or wire end off connection grid
    ; warning
    @(398.145 mm, 114.30 mm): Horizontal Wire, length 5.08 mm
[endpoint_off_grid]: Symbol pin or wire end off connection grid
    ; warning
    @(398.145 mm, 116.84 mm): Vertical Wire, length 2.54 mm
[endpoint_off_grid]: Symbol pin or wire end off connection grid
    ; warning
    @(398.145 mm, 118.11 mm): Symbol C9 Pin 1 [Passive, Line]
[endpoint_off_grid]: Symbol pin or wire end off connection grid
    ; warning
    @(398.145 mm, 118.11 mm): Vertical Wire, length 1.27 mm
[footprint_link_issues]: The current configuration does not include the footprint library 'Capacitor_SMD'
    ; warning
    @(398.145 mm, 121.92 mm): Symbol C9 [SYM_C9]
[lib_symbol_issues]: The current configuration does not include the symbol library 'elt'
    ; warning
    @(398.145 mm, 121.92 mm): Symbol C9 [SYM_C9]
[endpoint_off_grid]: Symbol pin or wire end off connection grid
    ; warning
    @(398.145 mm, 125.73 mm): Symbol #PWR17 Hidden pin 1 [GND, Power input, Line]
[lib_symbol_issues]: The current configuration does not include the symbol library 'elt'
    ; warning
    @(398.145 mm, 125.73 mm): Symbol #PWR17 [GND]
[endpoint_off_grid]: Symbol pin or wire end off connection grid
    ; warning
    @(398.145 mm, 137.16 mm): Vertical Wire, length 2.54 mm
[endpoint_off_grid]: Symbol pin or wire end off connection grid
    ; warning
    @(398.145 mm, 137.16 mm): Vertical Wire, length 2.54 mm
[endpoint_off_grid]: Symbol pin or wire end off connection grid
    ; warning
    @(398.145 mm, 139.70 mm): Vertical Wire, length 1.27 mm
[endpoint_off_grid]: Symbol pin or wire end off connection grid
    ; warning
    @(398.145 mm, 139.70 mm): Vertical Wire, length 1.27 mm
[endpoint_off_grid]: Symbol pin or wire end off connection grid
    ; warning
    @(398.145 mm, 140.97 mm): Symbol C8 Pin 1 [Passive, Line]
[footprint_link_issues]: The current configuration does not include the footprint library 'Capacitor_SMD'
    ; warning
    @(398.145 mm, 144.78 mm): Symbol C8 [SYM_C8]
[lib_symbol_issues]: The current configuration does not include the symbol library 'elt'
    ; warning
    @(398.145 mm, 144.78 mm): Symbol C8 [SYM_C8]
[endpoint_off_grid]: Symbol pin or wire end off connection grid
    ; warning
    @(398.145 mm, 148.59 mm): Symbol #PWR16 Hidden pin 1 [GND, Power input, Line]
[lib_symbol_issues]: The current configuration does not include the symbol library 'elt'
    ; warning
    @(398.145 mm, 148.59 mm): Symbol #PWR16 [GND]
[endpoint_off_grid]: Symbol pin or wire end off connection grid
    ; warning
    @(401.32 mm, 183.515 mm): Horizontal Wire, length 5.08 mm
[endpoint_off_grid]: Symbol pin or wire end off connection grid
    ; warning
    @(401.32 mm, 208.915 mm): Vertical Wire, length 25.40 mm
[endpoint_off_grid]: Symbol pin or wire end off connection grid
    ; warning
    @(401.32 mm, 210.185 mm): Vertical Wire, length 1.27 mm
[endpoint_off_grid]: Symbol pin or wire end off connection grid
    ; warning
    @(401.32 mm, 210.185 mm): Symbol C4 Pin 1 [Passive, Line]
[footprint_link_issues]: The current configuration does not include the footprint library 'Capacitor_SMD'
    ; warning
    @(401.32 mm, 213.995 mm): Symbol C4 [SYM_C4]
[lib_symbol_issues]: The current configuration does not include the symbol library 'elt'
    ; warning
    @(401.32 mm, 213.995 mm): Symbol C4 [SYM_C4]
[endpoint_off_grid]: Symbol pin or wire end off connection grid
    ; warning
    @(401.32 mm, 217.805 mm): Symbol #PWR64 Hidden pin 1 [GND, Power input, Line]
[lib_symbol_issues]: The current configuration does not include the symbol library 'elt'
    ; warning
    @(401.32 mm, 217.805 mm): Symbol #PWR64 [GND]
[endpoint_off_grid]: Symbol pin or wire end off connection grid
    ; warning
    @(406.40 mm, 183.515 mm): Vertical Wire, length 2.54 mm
[endpoint_off_grid]: Symbol pin or wire end off connection grid
    ; warning
    @(406.40 mm, 186.055 mm): Vertical Wire, length 0.635 mm
[footprint_link_issues]: The current configuration does not include the footprint library 'Capacitor_SMD'
    ; warning
    @(406.40 mm, 190.50 mm): Symbol C3 [SYM_C3]
[lib_symbol_issues]: The current configuration does not include the symbol library 'elt'
    ; warning
    @(406.40 mm, 190.50 mm): Symbol C3 [SYM_C3]
[lib_symbol_issues]: The current configuration does not include the symbol library 'elt'
    ; warning
    @(406.40 mm, 194.31 mm): Symbol #PWR63 [GND]

 ** ERC messages: 800  Errors 0  Warnings 800

 ** Ignored checks:
    - Global label only appears once in the schematic
    - Four connection points are joined together
    - SPICE model issue
    - Assigned footprint doesn't match footprint filters
