v 0.051941 1.718288 1.590274
v 0.051941 1.727849 1.532906
v -0.144695 1.727849 1.532906
newmtl 1
Ka 0.25098039215686274 0.25098039215686274 0.25098039215686274
Kd 0.25098039215686274 0.25098039215686274 0.25098039215686274
Ks 0.12549019607843137 0.12549019607843137 0.12549019607843137
d 0.0
endmtl
v -0.595288 1.737833 1.473003
v -0.660854 1.737909 1.472545
v -0.660854 1.737504 1.474974
v -0.456487 1.747226 1.416641
v -0.470122 1.753825 1.377048
v -0.470122 1.738153 1.47108
v -0.325764 1.749485 1.403089
v -0.32855 1.749084 1.405498
v -0.32855 1.738153 1.47108
v -0.233923 1.718288 1.590274
v -0.156856 1.718288 1.590274
v -0.156856 1.727849 1.532906
v -0.224172 1.684399 1.793606
v -0.228507 1.684316 1.794103
v -0.156856 1.684316 1.794103
v -0.297323 1.716778 1.599331
v -0.291972 1.71706 1.597641
v -0.291972 1.718288 1.590274
v -0.450831 1.718058 1.591655
v -0.421012 1.718023 1.591863
v -0.421012 1.718288 1.590274
v -0.741643 1.771439 1.271365
v -0.743079 1.738153 1.47108
v -0.722516 1.738153 1.47108
v 0.72007 1.738153 1.47108
v 0.542951 1.738153 1.47108
v 0.535262 1.737504 1.474974
v 0.688253 1.680007 1.819957
v 0.674291 1.67914 1.825162
v 2.12982 1.67914 1.825162
v 0.226718 1.709866 1.640802
v 0.187656 1.715353 1.607879
v 0.051941 1.684316 1.794103
v 0.378158 1.684316 1.794103
v 0.353581 1.687074 1.777553
v 0.306419 1.696159 1.723048
v 0.27631 1.705945 1.664331
v 0.269634 1.706321 1.662073
v 0.417758 1.679871 1.820771
v 0.051941 1.67914 1.825162
v 0.43011 1.67914 1.825162
v 2.107644 1.656963 1.95822
v 0.621403 1.675854 1.844878
v 0.549697 1.674484 1.853096
v 0.051941 1.656963 1.95822
v 0.490139 1.675583 1.846502
v 2.134996 1.684316 1.794103
v 0.729113 1.684316 1.794103
v 0.723611 1.683553 1.798684
v 0.878109 1.694521 1.732873
v 0.82092 1.693424 1.739459
v 0.757797 1.688297 1.770218
v 0.804298 1.693591 1.738451
v 0.787684 1.693938 1.736373
v 0.987697 1.70464 1.672161
v 0.978006 1.703152 1.681087
v 0.931809 1.697885 1.712692
v 2.168968 1.718288 1.590274
v 2.178529 1.727849 1.532906
v 1.054563 1.727849 1.532906
v 1.046317 1.720506 1.576964
v 1.040242 1.718288 1.590274
v 1.022937 1.711969 1.628189
v 1.050148 1.741035 1.453787
v 1.052201 1.738153 1.47108
v 2.188834 1.738153 1.47108
v 1.052663 1.737504 1.474974
v 2.188185 1.737504 1.474974
v 1.056826 1.73166 1.510041
v 1.056339 1.72943 1.523418
v 0.952531 1.764001 1.315994
v 0.997214 1.757641 1.354151
v 2.25 1.8 1.1
v 0.608838 1.770021 1.279874
v 0.429643 1.768764 1.287417
v 0.437909 1.767446 1.295326
v 0.051941 1.8 1.1
v 0.625896 1.775336 1.247984
v 0.431294 1.757138 1.357175
v 0.422131 1.756186 1.362884
v 0.396447 1.742177 1.44694
v 0.412041 1.75563 1.366218
v 2.250676 1.799995 1.100027
v 1.029727 1.749906 1.400562
v 0.188979 1.759772 1.341365
v 0.228387 1.765184 1.308897
v 0.272642 1.768689 1.287865
v 0.321021 1.770316 1.278103
v 0.818951 1.782166 1.207003
v 0.846971 1.778604 1.228375
v 0.868134 1.774201 1.254796
v 0.402805 1.755482 1.367109
v 0.401398 1.7555 1.366999
v 0.397067 1.755663 1.366021
v 0.051941 1.738153 1.47108
v 0.141422 1.745678 1.425933
v 0.159844 1.753188 1.38087
v 0.406333 1.770217 1.2787
v 0.409856 1.770152 1.279089
v 0.419575 1.769707 1.281756
v 0.447947 1.762799 1.323208
v 0.447581 1.761912 1.328529
v 0.599639 1.759531 1.342812
v 0.444676 1.760103 1.339385
v 0.439086 1.758475 1.349152
v 0.650094 1.779732 1.221607
v 0.679192 1.782946 1.202326
v 0.711627 1.784894 1.190636
v 0.88203 1.769186 1.284881
v 0.900479 1.768254 1.290476
v 0.443723 1.765918 1.30449
v 0.447045 1.764288 1.31427
v 0.600479 1.764148 1.315115
v 0.599741 1.761908 1.328549
v 0.253995 1.749913 1.40052
v 0.237943 1.746222 1.422666
v 0.227813 1.741996 1.448023
v 0.410529 1.738153 1.47108
v 0.745362 1.785511 1.186933
v 0.751716 1.785482 1.187111
v 0.785783 1.784537 1.192778
v 0.394139 1.75573 1.365622
v 0.329072 1.755805 1.365167
v 0.303344 1.755031 1.369811
v 0.277715 1.753128 1.381231
v 0.256169 1.750291 1.398253
v 0.224771 1.738153 1.47108
v 0.224258 1.737504 1.474974
v 0.4128 1.737504 1.474974
v 0.224163 1.737385 1.475688
v 0.959706 1.737504 1.474974
v 0.964194 1.734895 1.490629
v 0.440728 1.729526 1.522847
v 0.96571 1.731291 1.512256
v 0.96308 1.727849 1.532906
v 0.224745 1.735358 1.487849
v 0.231254 1.730781 1.515314
v 0.240636 1.727849 1.532906
v 0.690442 1.739416 1.463501
v 0.659947 1.74217 1.446978
v 0.635203 1.74594 1.424363
v 0.909705 1.75024 1.39856
v 0.879897 1.753261 1.380431
v 0.863021 1.74801 1.41194
v 0.935766 1.745895 1.424632
v 0.958589 1.738153 1.47108
v 0.838729 1.74358 1.438523
v 0.808859 1.740275 1.458349
v 0.954134 1.740743 1.455541
v 0.776758 1.738347 1.469918
v 0.766246 1.738153 1.47108
v 0.743301 1.737731 1.473615
v 0.725238 1.737933 1.472402
v 0.949169 1.72045 1.577301
v 0.961478 1.725754 1.545476
v 0.347715 1.718699 1.587808
v 0.336148 1.718712 1.587727
v 0.244454 1.726656 1.540065
v 0.26127 1.723518 1.558892
v 0.283598 1.720921 1.574474
v 0.308774 1.719298 1.584214
v 0.378818 1.70424 1.674559
v 0.411346 1.697824 1.713056
v 0.743608 1.711343 1.631942
v 0.413981 1.697425 1.715449
v 0.454368 1.692731 1.743613
v 0.721067 1.703817 1.677095
v 0.94006 1.718288 1.590274
v 0.755221 1.710294 1.638237
v 0.348253 1.718288 1.590274
v 0.356602 1.711906 1.628564
v 0.787603 1.708362 1.64983
v 0.82009 1.707688 1.653872
v 0.833719 1.707778 1.653335
v 0.688314 1.697492 1.715051
v 0.499564 1.68981 1.76114
v 0.649728 1.692925 1.742449
v 0.548866 1.688749 1.767509
v 0.602394 1.689824 1.761055
v 0.86956 1.709068 1.64559
v 0.902129 1.711797 1.629219
v 0.929211 1.715712 1.605727
v 0.051941 1.737504 1.474974
v 0.134711 1.737504 1.474974
v 0.135244 1.738153 1.47108
v 0.140889 1.729417 1.523495
v 0.134504 1.737252 1.476488
v 0.174987 1.718288 1.590274
v 0.15835 1.722141 1.567155
v 0.144653 1.727849 1.532906
v -0.89718 1.746617 1.4203
v -0.904651 1.749801 1.401196
v -0.913248 1.738153 1.47108
v -0.913248 1.8 1.1
v -0.892056 1.763957 1.316259
v -0.87675 1.766913 1.298522
v -0.832095 1.738671 1.467973
v -0.85658 1.740173 1.458964
v -0.90796 1.754488 1.373073
v -0.90727 1.756596 1.360422
v -0.902197 1.760508 1.336951
v -0.8778 1.742589 1.444463
v -0.884644 1.743701 1.437795
v -0.855267 1.769403 1.283579
v -0.831989 1.77086 1.274839
v -0.722516 1.8 1.1
v -0.797581 1.771504 1.270974
v -0.743086 1.738005 1.471969
v -0.722516 1.737504 1.474974
v -0.805277 1.738153 1.47108
v -0.913248 1.737504 1.474974
v -0.801103 1.738073 1.471564
v -0.057525 1.755582 1.36651
v -0.05704 1.766829 1.299026
v -0.130255 1.755667 1.366001
v -0.140167 1.766926 1.298445
v -0.13042 1.751838 1.388974
v -0.136652 1.741144 1.453135
v -0.057691 1.751753 1.389483
v -0.058152 1.741053 1.453684
v -0.144695 1.738153 1.47108
v -0.144695 1.737504 1.474974
v -0.136781 1.738153 1.47108
v -0.136809 1.737504 1.474974
v -0.136818 1.737298 1.476211
v -0.032065 1.737176 1.476944
v -0.032051 1.737504 1.474974
v -0.144695 1.8 1.1
v -0.140002 1.770738 1.275574
v -0.030623 1.77061 1.276339
v -0.032023 1.738153 1.47108
v -0.913248 1.684316 1.794103
v -0.722516 1.684316 1.794103
v -0.773083 1.684998 1.790015
v -0.74501 1.684965 1.790211
v -0.660854 1.718288 1.590274
v -0.666157 1.718288 1.590274
v -0.722516 1.69447 1.733177
v -0.666107 1.718309 1.590149
v -0.660854 1.727849 1.532906
v -0.695116 1.718342 1.589946
v -0.722516 1.727849 1.532906
v -0.722516 1.718288 1.590274
v -0.695236 1.718288 1.590274
v -0.722516 1.709229 1.644625
v -0.715057 1.70922 1.644678
v -0.913248 1.718288 1.590274
v -0.848569 1.718288 1.590274
v -0.913248 1.727849 1.532906
v -0.799744 1.709319 1.644085
v -0.819647 1.718288 1.590274
v -0.820092 1.718488 1.589071
v -0.8491 1.718522 1.588868
v -0.441248 1.699158 1.705054
v -0.441083 1.702986 1.682081
v -0.470122 1.718288 1.590274
v -0.421012 1.684316 1.794103
v -0.447646 1.684618 1.792291
v -0.470122 1.684316 1.794103
v -0.447481 1.688464 1.769216
v -0.368354 1.702902 1.68259
v -0.367869 1.714149 1.615107
v -0.421012 1.702963 1.682222
v -0.421012 1.714211 1.614735
v -0.450995 1.714246 1.614525
v -0.368981 1.688373 1.769765
v -0.368519 1.699073 1.705563
v -0.421012 1.699134 1.705196
v -0.32855 1.684316 1.794103
v -0.342894 1.684496 1.793024
v -0.421012 1.684587 1.792478
v -0.291972 1.684316 1.794103
v -0.291972 1.68475 1.7915
v -0.302153 1.685252 1.788489
v -0.301959 1.689764 1.761413
v -0.300984 1.712361 1.625831
v -0.300805 1.716498 1.601012
v -0.32855 1.718288 1.590274
v -0.258037 1.714491 1.613057
v -0.281044 1.713809 1.617147
v -0.291972 1.689067 1.765598
v -0.291972 1.713016 1.621906
v -0.299703 1.689561 1.762635
v -0.341451 1.71793 1.59242
v -0.200115 1.711591 1.630456
v -0.213298 1.713156 1.621063
v -0.279129 1.688246 1.770522
v -0.195944 1.691842 1.748948
v -0.186329 1.694206 1.734764
v -0.179715 1.69717 1.716977
v -0.254113 1.687726 1.773645
v -0.246303 1.687768 1.773395
v -0.198535 1.69137 1.751778
v -0.228575 1.688305 1.770171
v -0.212522 1.689501 1.762993
v -0.176735 1.701396 1.691623
v -0.176904 1.702637 1.68418
v -0.180023 1.705985 1.664092
v -0.227712 1.7141 1.615399
v -0.248381 1.71454 1.612763
v -0.186486 1.708687 1.647877
v -0.196286 1.710957 1.634256
v -0.254021 1.683828 1.797031
v -0.254785 1.683829 1.797024
v -0.291972 1.67914 1.825162
v -0.281266 1.684222 1.794666
v -0.28317 1.684316 1.794103
v -0.164205 1.691818 1.749089
v -0.179104 1.688664 1.768016
v -0.183839 1.687928 1.77243
v -0.202925 1.685744 1.785538
v -0.144695 1.684316 1.794103
v -0.154393 1.695522 1.726868
v -0.156856 1.694592 1.732446
v -0.156856 1.708754 1.647477
v -0.152275 1.706613 1.66032
v -0.144695 1.718288 1.590274
v -0.149171 1.70162 1.690277
v -0.1496 1.699883 1.700702
v -0.232211 1.718272 1.590365
v -0.210192 1.717503 1.594985
v -0.191055 1.715994 1.604035
v -0.174747 1.713736 1.617586
v -0.171561 1.71314 1.621157
v -0.159973 1.71021 1.638737
v -0.24442 1.718381 1.589714
v -0.291972 1.727849 1.532906
v -0.250838 1.718288 1.590274
v -0.275438 1.71793 1.59242
v -0.0606 1.684316 1.794103
v -0.059328 1.713789 1.617265
v -0.140324 1.713884 1.616699
v -0.140159 1.717695 1.593828
v -0.032911 1.71757 1.594578
v -1.676085 1.67914 1.825162
v -2.12982 1.67914 1.825162
v -2.107644 1.656963 1.95822
v -1.676085 1.738153 1.47108
v -1.676085 1.8 1.1
v -2.25 1.8 1.1
v -1.676085 1.684316 1.794103
v -2.134996 1.684316 1.794103
v -1.676085 1.718288 1.590274
v -2.168968 1.718288 1.590274
v -1.676085 1.727849 1.532906
v -2.178529 1.727849 1.532906
v -1.676085 1.737504 1.474974
v -2.188185 1.737504 1.474974
v -2.188834 1.738153 1.47108
v -2.250676 1.799995 1.100027
v -0.316521 1.753508 1.378954
v -0.31768 1.751952 1.388288
v -0.291972 1.738153 1.47108
v -0.320874 1.750608 1.396349
v -0.317465 1.755075 1.369551
v -0.315836 1.76578 1.305318
v -0.320153 1.756367 1.361796
v -0.32855 1.76697 1.298181
v -0.32855 1.758106 1.351362
v -0.324944 1.766733 1.299601
v -0.327721 1.758015 1.35191
v -0.323584 1.757294 1.356238
v -0.315649 1.770105 1.279371
v -0.291972 1.8 1.1
v -0.32855 1.77087 1.274783
v -0.32855 1.8 1.1
v -0.333337 1.771153 1.27308
v -0.405636 1.760603 1.336382
v -0.410427 1.761791 1.329255
v -0.407578 1.751751 1.389496
v -0.333065 1.748433 1.409402
v -0.339103 1.747829 1.413023
v -0.352731 1.746971 1.418171
v -0.373384 1.746583 1.420505
v -0.391243 1.746864 1.418816
v -0.421012 1.738153 1.47108
v -0.407754 1.747682 1.413905
v -0.413992 1.764561 1.312631
v -0.41264 1.766285 1.302292
v -0.421012 1.8 1.1
v -0.409388 1.767606 1.294365
v -0.404524 1.768701 1.287792
v -0.37615 1.771204 1.272774
v -0.354995 1.771552 1.270685
v -0.397393 1.769704 1.281773
v -0.390035 1.770413 1.277521
v -0.370742 1.749981 1.400113
v -0.363198 1.750065 1.399608
v -0.342791 1.753162 1.381027
v -0.35637 1.750354 1.397877
v -0.350637 1.750847 1.39492
v -0.342999 1.75372 1.377683
v -0.343981 1.754371 1.373772
v -0.345792 1.754938 1.370369
v -0.348257 1.755391 1.367655
v -0.357198 1.756324 1.362054
v -0.388618 1.750362 1.397828
v -0.372914 1.757471 1.355175
v -0.40298 1.7513 1.3922
v -0.382749 1.758138 1.351169
v -0.399601 1.759705 1.34177
v -0.346769 1.7514 1.391597
v -0.344562 1.751931 1.388414
v -0.34328 1.752495 1.385031
v -0.340832 1.767776 1.293345
v -0.354796 1.760492 1.337045
v -0.339661 1.759331 1.344017
v -0.357637 1.768137 1.29118
v -0.358762 1.768137 1.291179
v -0.371473 1.761664 1.330019
v -0.371831 1.767911 1.292531
v -0.387825 1.764941 1.310353
v -0.387598 1.76442 1.31348
v -0.378421 1.767524 1.294858
v -0.380754 1.767295 1.296232
v -0.383695 1.766872 1.298771
v -0.385942 1.766333 1.301999
v -0.387263 1.76574 1.305563
v -0.386469 1.763765 1.317412
v -0.384523 1.763207 1.320757
v -0.381373 1.76266 1.324039
v -0.493663 1.765218 1.308689
v -0.496697 1.767188 1.296873
v -0.497373 1.767189 1.296869
v -0.500322 1.774765 1.251412
v -0.593845 1.771267 1.272399
v -0.567427 1.747356 1.415865
v -0.595274 1.738153 1.47108
v -0.541017 1.747325 1.41605
v -0.492253 1.777503 1.234982
v -0.481113 1.779967 1.220196
v -0.470122 1.8 1.1
v -0.427998 1.747193 1.416841
v -0.476833 1.780623 1.21626
v -0.470122 1.781355 1.21187
v -0.467845 1.781603 1.21038
v -0.413053 1.763034 1.321793
v -0.431909 1.778257 1.230455
v -0.431748 1.781984 1.208097
v -0.470122 1.765183 1.308902
v -0.446341 1.778753 1.227482
v -0.452119 1.77866 1.228041
v -0.457688 1.78219 1.206858
v -0.448161 1.782345 1.205931
v -0.43925 1.782247 1.206519
v -0.45775 1.778336 1.229985
v -0.462845 1.777769 1.233387
v -0.467625 1.776893 1.238642
v -0.470122 1.776149 1.243105
v -0.472583 1.775416 1.247504
v -0.483948 1.771087 1.273476
v -0.699875 1.741801 1.449195
v -0.700032 1.738153 1.47108
v -0.620748 1.756238 1.362569
v -0.620263 1.767486 1.295086
v -0.660854 1.756285 1.362289
v -0.660854 1.767533 1.294802
v -0.693477 1.756323 1.362061
v -0.703389 1.767583 1.294504
v -0.693643 1.752494 1.385034
v -0.660854 1.771345 1.27193
v -0.660854 1.8 1.1
v -0.703225 1.771394 1.271634
v -0.660854 1.752456 1.385263
v -0.660854 1.741755 1.449468
v -0.621375 1.741709 1.449744
v -0.620913 1.75241 1.385542
v -0.700041 1.737955 1.472271
v -0.498578 1.766371 1.30177
v -0.500576 1.765261 1.308436
v -0.470122 1.737504 1.474974
v -0.203452 1.746914 1.418514
v -0.229641 1.746415 1.42151
v -0.244759 1.746653 1.42008
v -0.255528 1.747197 1.416817
v -0.263986 1.747997 1.412016
v -0.270758 1.749068 1.405594
v -0.275931 1.75042 1.397483
v -0.179359 1.752647 1.384119
v -0.179534 1.748579 1.408528
v -0.156856 1.738153 1.47108
v -0.184512 1.74811 1.411339
v -0.175148 1.759397 1.343616
v -0.183002 1.758294 1.350238
v -0.193895 1.757392 1.355645
v -0.197216 1.750836 1.394983
v -0.213188 1.756635 1.36019
v -0.213216 1.750013 1.399919
v -0.279864 1.752316 1.386103
v -0.281757 1.755535 1.366787
v -0.281094 1.770902 1.274587
v -0.25578 1.76718 1.296918
v -0.255104 1.76718 1.296923
v -0.25562 1.770872 1.274765
v -0.249029 1.768592 1.288449
v -0.256275 1.755694 1.365837
v -0.255569 1.753943 1.37634
v -0.253054 1.752407 1.385558
v -0.240656 1.769884 1.280697
v -0.234788 1.770486 1.277083
v -0.156856 1.8 1.1
v -0.224607 1.771119 1.273285
v -0.21042 1.771384 1.271697
v -0.184134 1.770339 1.277969
v -0.176918 1.769464 1.283213
v -0.174602 1.769081 1.285515
v -0.169241 1.76782 1.29308
v -0.166063 1.766432 1.301408
v -0.16466 1.764373 1.31376
v -0.250143 1.751527 1.390839
v -0.246374 1.750838 1.39497
v -0.241938 1.750345 1.397929
v -0.23616 1.74999 1.400061
v -0.227103 1.749814 1.401118
v -0.205292 1.771348 1.271909
v -0.193592 1.771001 1.273991
v -0.164752 1.76387 1.316781
v -0.166451 1.762064 1.327618
v -0.170008 1.760591 1.336455
v -0.94751 1.771679 1.269925
v -0.918501 1.771645 1.270128
v -0.997404 1.738302 1.47019
v -1.025477 1.738334 1.469994
v -1.101494 1.771859 1.268847
v -1.072486 1.771825 1.26905
v -1.052138 1.762656 1.324064
v -0.967452 1.762557 1.324657
v -0.156856 1.737504 1.474974
v -0.291972 1.737504 1.474974
v -0.060606 1.684167 1.794999
v -0.144695 1.67914 1.825162
v -0.034353 1.684136 1.795183
v -0.034345 1.684316 1.794103
v -0.32855 1.737504 1.474974
v -0.32855 1.727849 1.532906
v -0.421012 1.737504 1.474974
v -0.421012 1.727849 1.532906
v -0.470122 1.727849 1.532906
v -0.437883 1.778577 1.228539
v -0.649803 1.707171 1.656972
v -0.639662 1.71062 1.636279
v -0.545187 1.718168 1.590994
v -0.489249 1.718102 1.591386
v -0.421012 1.688433 1.769401
v -0.654876 1.703259 1.680443
v -0.644786 1.69328 1.74032
v -0.652257 1.696464 1.721217
v -0.660854 1.684316 1.794103
v -0.655566 1.701151 1.693094
v -0.624356 1.713576 1.618543
v -0.602873 1.716067 1.6036
v -0.579595 1.717523 1.59486
v -0.490691 1.684668 1.79199
v -0.548708 1.684736 1.791584
v -0.579701 1.685334 1.787993
v -0.604186 1.686836 1.778985
v -0.625406 1.689253 1.764484
v -0.63225 1.690364 1.757815
v -0.156856 1.67914 1.825162
v -0.913248 1.67914 1.825162
v -0.722516 1.67914 1.825162
v -0.660854 1.67914 1.825162
v -0.470122 1.67914 1.825162
v -0.421012 1.67914 1.825162
v -0.32855 1.67914 1.825162
v -1.676085 1.656963 1.95822
v -0.913248 1.656963 1.95822
v -0.722516 1.656963 1.95822
v -0.660854 1.656963 1.95822
v -0.470122 1.656963 1.95822
v -0.421012 1.656963 1.95822
v -0.32855 1.656963 1.95822
v -0.291972 1.656963 1.95822
v -0.156856 1.656963 1.95822
v -0.144695 1.656963 1.95822
v -2.018088 1.607644 2.0
v -2.107644 1.607644 2.0
v -2.018088 -1.607644 2.0
v -2.107644 -1.607644 2.0
v -1.948059 -1.607644 2.0
v -1.888088 -1.607644 2.0
v -1.948059 1.607644 2.0
v -1.888088 1.607644 2.0
v -1.818059 -1.607644 2.0
v -1.758088 -1.607644 2.0
v -1.818059 1.607644 2.0
v -1.758088 1.607644 2.0
v -2.3 1.75 1.1
v -2.3 1.75 0.9
v -2.3 1.05 1.1
v -2.3 1.05 0.9
v 2.3 1.75 0.9
v 2.3 1.75 1.1
v 2.3 1.05 0.9
v 2.3 1.05 1.1
v -1.05 1.607644 0.0
v 1.05 1.607644 0.0
v -1.05 -1.607644 0.0
v 1.05 -1.607644 0.0
v 2.25 -1.8 0.9
v 1.137089 -1.673491 0.140943
v 2.250676 -1.799995 0.899973
v 1.15 -1.67363 0.14178
v 2.12431 -1.67363 0.14178
v -1.112146 -1.67239 0.134339
v 1.079775 -1.668829 0.112973
v -1.12443 -1.673076 0.138456
v -2.25 -1.8 0.9
v -1.137116 -1.673491 0.140947
v 1.100513 -1.671446 0.128677
v 1.112162 -1.672391 0.134345
v 1.12442 -1.673075 0.138453
v -1.05 -1.656963 0.04178
v 1.05 -1.656963 0.04178
v -1.053483 -1.661324 0.067942
v 1.053497 -1.661332 0.067995
v -1.063669 -1.665375 0.092248
v 1.063697 -1.665382 0.092295
v -1.079737 -1.668823 0.112936
v -1.100466 -1.671442 0.12865
v -2.250676 -1.799995 0.899973
v -2.12431 -1.67363 0.14178
v -1.15 -1.67363 0.14178
v -2.25 1.8 0.9
v -1.137089 1.673491 0.140943
v -2.250676 1.799995 0.899973
v -1.15 1.67363 0.14178
v -2.12431 1.67363 0.14178
v 1.112146 1.67239 0.134339
v -1.079775 1.668829 0.112973
v 1.12443 1.673076 0.138456
v 2.25 1.8 0.9
v 1.137116 1.673491 0.140947
v -1.100513 1.671446 0.128677
v -1.112162 1.672391 0.134345
v -1.12442 1.673075 0.138453
v 1.05 1.656963 0.04178
v -1.05 1.656963 0.04178
v 1.053483 1.661324 0.067942
v -1.053497 1.661332 0.067995
v 1.063669 1.665375 0.092248
v -1.063697 1.665382 0.092295
v 1.079737 1.668823 0.112936
v 1.100466 1.671442 0.12865
v 2.250676 1.799995 0.899973
v 2.12431 1.67363 0.14178
v 1.15 1.67363 0.14178
v 2.3 -1.75 1.1
v 2.3 -1.75 0.9
v 2.3 -1.05 1.1
v 2.3 -1.05 0.9
v 2.25 -1.8 1.1
v -2.25 -1.8 1.1
v -2.3 -1.75 0.9
v -2.3 -1.75 1.1
v -2.3 -1.05 0.9
v -2.3 -1.05 1.1
v -1.688059 -1.607644 2.0
v 2.107644 -1.607644 2.0
v -1.688059 1.607644 2.0
v 2.107644 1.607644 2.0
v -2.299995 -1.750676 1.100027
v -2.156963 -1.607644 1.95822
v -2.299995 1.750676 1.100027
v -2.156963 1.607644 1.95822
v 2.299995 1.750676 1.100027
v 2.156963 1.607644 1.95822
v 2.299995 -1.750676 1.100027
v 2.156963 -1.607644 1.95822
v 2.250676 -1.799995 1.100027
v 2.107644 -1.656963 1.95822
v -2.107644 -1.656963 1.95822
v -2.250676 -1.799995 1.100027
v 2.299995 -1.750676 0.899973
v 2.17363 -1.62431 0.14178
v 2.299995 1.750676 0.899973
v 2.17363 1.62431 0.14178
v -2.299995 1.750676 0.899973
v -2.17363 1.62431 0.14178
v -2.299995 -1.750676 0.899973
v -2.17363 -1.62431 0.14178
v 2.12431 -1.05 0.1
v 2.12431 -1.62431 0.1
v 1.4 -1.05 0.1
v 1.15 -1.62431 0.1
v 1.4 1.05 0.1
v 1.15 1.62431 0.1
v 2.12431 1.05 0.1
v 2.12431 1.62431 0.1
v -2.12431 1.05 0.1
v -2.12431 1.62431 0.1
v -1.4 1.05 0.1
v -1.15 1.62431 0.1
v -1.4 -1.05 0.1
v -1.15 -1.62431 0.1
v -2.12431 -1.05 0.1
v -2.12431 -1.62431 0.1
v -2.107644 1.619251 1.998634
v -2.018088 1.617594 1.999
v -1.948059 1.617594 1.999
v -1.818059 1.617594 1.999
v -1.758088 1.617594 1.999
v -1.688059 1.617594 1.999
v -1.888088 1.617594 1.999
v 2.107644 1.619251 1.998634
v 2.107644 1.630223 1.994611
v -2.107644 1.630223 1.994611
v 2.107644 1.639962 1.988151
v -2.107644 1.639962 1.988151
v 2.107644 1.647936 1.979607
v -2.107644 1.647936 1.979607
v 2.107644 1.653708 1.969444
v -2.107644 1.653708 1.969444
v 2.107644 0.046695 2.0
v 2.107644 -0.117939 2.0
v 2.11925 -1.607644 1.998626
v 2.107644 -0.203915 2.0
v 2.11925 1.607644 1.998626
v 2.119319 1.607644 1.998618
v 2.119319 -1.607644 1.998618
v 2.130218 1.607644 1.994596
v 2.130218 -1.607644 1.994596
v 2.130349 1.607644 1.994548
v 2.130349 -1.607644 1.994548
v 2.139949 1.607644 1.988131
v 2.139949 -1.607644 1.988131
v 2.140123 1.607644 1.988014
v 2.140123 -1.607644 1.988014
v 2.147912 1.607644 1.979585
v 2.147912 -1.607644 1.979585
v 2.148102 1.607644 1.979379
v 2.148102 -1.607644 1.979379
v 2.153673 1.607644 1.969425
v 2.153673 -1.607644 1.969425
v 2.153843 1.607644 1.96912
v 2.153843 -1.607644 1.96912
v 2.107644 1.653673 1.969425
v 2.107644 1.648102 1.979379
v 2.116646 1.647087 1.979379
v 2.107644 1.647912 1.979585
v 2.107644 1.640123 1.988014
v 2.114871 1.639309 1.988014
v 2.112696 1.629779 1.994548
v 2.110242 1.619026 1.998618
v 2.11271 1.618163 1.998618
v 2.118163 1.612709 1.998618
v 2.116772 1.614923 1.998618
v 2.119026 1.610242 1.998618
v 2.107644 1.61925 1.998626
v 2.118526 1.655262 1.95975
v 2.117924 1.652685 1.96912
v 2.120198 1.655 1.959985
v 2.127689 1.649268 1.96912
v 2.142056 1.642056 1.961471
v 2.137756 1.645394 1.96131
v 2.136449 1.643764 1.96912
v 2.131927 1.64992 1.961093
v 2.128693 1.651321 1.960788
v 2.145395 1.637756 1.96131
v 2.143764 1.636449 1.96912
v 2.14992 1.631927 1.961093
v 2.149268 1.627689 1.96912
v 2.151321 1.628693 1.960788
v 2.155001 1.620198 1.959985
v 2.152685 1.617924 1.96912
v 2.155262 1.618526 1.95975
v 2.107644 1.639949 1.988131
v 2.107644 1.630349 1.994548
v 2.107644 1.630218 1.994596
v 2.107644 1.619319 1.998618
v 2.1218 1.625395 1.994548
v 2.125395 1.6218 1.994548
v 2.1281 1.617495 1.994548
v 2.129779 1.612696 1.994548
v 2.117495 1.6281 1.994548
v 2.114923 1.616772 1.998618
v 2.121736 1.636907 1.988014
v 2.127894 1.633037 1.988014
v 2.133037 1.627894 1.988014
v 2.136907 1.621736 1.988014
v 2.139309 1.614871 1.988014
v 2.125198 1.644095 1.979379
v 2.132869 1.639275 1.979379
v 2.139275 1.632869 1.979379
v 2.144095 1.625198 1.979379
v 2.147087 1.616646 1.979379
v 2.107644 1.653843 1.96912
v -2.153673 1.607644 1.969425
v -2.148102 1.607644 1.979379
v -2.147087 1.616646 1.979379
v -2.147912 1.607644 1.979585
v -2.140123 1.607644 1.988014
v -2.139309 1.614871 1.988014
v -2.129779 1.612696 1.994548
v -2.119026 1.610242 1.998618
v -2.118163 1.612709 1.998618
v -2.11271 1.618163 1.998618
v -2.114923 1.616772 1.998618
v -2.110242 1.619026 1.998618
v -2.11925 1.607644 1.998626
v -2.155262 1.618526 1.95975
v -2.152685 1.617924 1.96912
v -2.155001 1.620198 1.959985
v -2.149268 1.627689 1.96912
v -2.151321 1.628693 1.960788
v -2.14992 1.631927 1.961093
v -2.143764 1.636449 1.96912
v -2.145395 1.637756 1.96131
v -2.142056 1.642056 1.961471
v -2.136449 1.643764 1.96912
v -2.137756 1.645394 1.96131
v -2.131927 1.64992 1.961093
v -2.127689 1.649268 1.96912
v -2.128693 1.651321 1.960788
v -2.120198 1.655 1.959985
v -2.117924 1.652685 1.96912
v -2.118526 1.655262 1.95975
v -2.107644 1.653843 1.96912
v -2.107644 1.61925 1.998626
v -2.139949 1.607644 1.988131
v -2.130349 1.607644 1.994548
v -2.130218 1.607644 1.994596
v -2.119319 1.607644 1.998618
v -2.125395 1.6218 1.994548
v -2.1218 1.625395 1.994548
v -2.117495 1.6281 1.994548
v -2.112696 1.629779 1.994548
v -2.1281 1.617495 1.994548
v -2.116772 1.614923 1.998618
v -2.107644 1.619319 1.998618
v -2.107644 1.630218 1.994596
v -2.107644 1.630349 1.994548
v -2.107644 1.639949 1.988131
v -2.136907 1.621736 1.988014
v -2.133037 1.627894 1.988014
v -2.127894 1.633037 1.988014
v -2.121736 1.636907 1.988014
v -2.114871 1.639309 1.988014
v -2.144095 1.625198 1.979379
v -2.139275 1.632869 1.979379
v -2.132869 1.639275 1.979379
v -2.125198 1.644095 1.979379
v -2.116646 1.647087 1.979379
v -2.153843 1.607644 1.96912
v -2.107644 1.640123 1.988014
v -2.107644 1.647912 1.979585
v -2.107644 1.648102 1.979379
v -2.107644 1.653673 1.969425
v -2.11925 -1.607644 1.998626
v -2.107644 -0.203915 2.0
v -2.107644 0.046695 2.0
v -2.107644 -0.117939 2.0
v -2.119319 -1.607644 1.998618
v -2.130218 -1.607644 1.994596
v -2.130349 -1.607644 1.994548
v -2.139949 -1.607644 1.988131
v -2.140123 -1.607644 1.988014
v -2.147912 -1.607644 1.979585
v -2.148102 -1.607644 1.979379
v -2.153673 -1.607644 1.969425
v -2.153843 -1.607644 1.96912
v 2.107644 -1.619251 1.998634
v -1.688059 -1.617594 1.999
v -1.758088 -1.617594 1.999
v -1.818059 -1.617594 1.999
v -1.888088 -1.617594 1.999
v -2.107644 -1.619251 1.998634
v -2.018088 -1.617594 1.999
v -1.948059 -1.617594 1.999
v -2.107644 -1.630223 1.994611
v 2.107644 -1.630223 1.994611
v -2.107644 -1.639962 1.988151
v 2.107644 -1.639962 1.988151
v -2.107644 -1.647936 1.979607
v 2.107644 -1.647936 1.979607
v -2.107644 -1.653708 1.969444
v 2.107644 -1.653708 1.969444
v 2.147087 -1.616646 1.979379
v 2.139309 -1.614871 1.988014
v 2.129779 -1.612696 1.994548
v 2.119026 -1.610242 1.998618
v 2.118163 -1.612709 1.998618
v 2.11271 -1.618163 1.998618
v 2.114923 -1.616772 1.998618
v 2.110242 -1.619026 1.998618
v 2.155262 -1.618526 1.95975
v 2.152685 -1.617924 1.96912
v 2.155001 -1.620198 1.959985
v 2.149268 -1.627689 1.96912
v 2.142056 -1.642056 1.961471
v 2.145395 -1.637756 1.96131
v 2.143764 -1.636449 1.96912
v 2.14992 -1.631927 1.961093
v 2.151321 -1.628693 1.960788
v 2.137756 -1.645394 1.96131
v 2.136449 -1.643764 1.96912
v 2.131927 -1.64992 1.961093
v 2.127689 -1.649268 1.96912
v 2.128693 -1.651321 1.960788
v 2.120198 -1.655 1.959985
v 2.117924 -1.652685 1.96912
v 2.118526 -1.655262 1.95975
v 2.107644 -1.653843 1.96912
v 2.107644 -1.61925 1.998626
v 2.125395 -1.6218 1.994548
v 2.1218 -1.625395 1.994548
v 2.117495 -1.6281 1.994548
v 2.112696 -1.629779 1.994548
v 2.1281 -1.617495 1.994548
v 2.116772 -1.614923 1.998618
v 2.107644 -1.619319 1.998618
v 2.107644 -1.630218 1.994596
v 2.107644 -1.630349 1.994548
v 2.107644 -1.639949 1.988131
v 2.136907 -1.621736 1.988014
v 2.133037 -1.627894 1.988014
v 2.127894 -1.633037 1.988014
v 2.121736 -1.636907 1.988014
v 2.114871 -1.639309 1.988014
v 2.144095 -1.625198 1.979379
v 2.139275 -1.632869 1.979379
v 2.132869 -1.639275 1.979379
v 2.125198 -1.644095 1.979379
v 2.116646 -1.647087 1.979379
v 2.107644 -1.640123 1.988014
v 2.107644 -1.647912 1.979585
v 2.107644 -1.648102 1.979379
v 2.107644 -1.653673 1.969425
v 2.262933 1.798241 1.100891
v 2.263376 1.798178 1.100922
v 2.274989 1.793275 1.101474
v 2.275195 1.793188 1.101483
v 2.285355 1.785355 1.101675
v 2.293188 1.775195 1.101483
v 2.293275 1.774989 1.101474
v 2.298178 1.763376 1.100922
v 2.298241 1.762933 1.100891
v -2.298241 1.762933 1.100891
v -2.298178 1.763376 1.100922
v -2.293275 1.774989 1.101474
v -2.293188 1.775195 1.101483
v -2.285355 1.785355 1.101675
v -2.275195 1.793188 1.101483
v -2.274989 1.793275 1.101474
v -2.263376 1.798178 1.100922
v -2.262933 1.798241 1.100891
v -2.107644 -1.653673 1.969425
v -2.107644 -1.648102 1.979379
v -2.116646 -1.647087 1.979379
v -2.107644 -1.647912 1.979585
v -2.107644 -1.640123 1.988014
v -2.114871 -1.639309 1.988014
v -2.112696 -1.629779 1.994548
v -2.110242 -1.619026 1.998618
v -2.11271 -1.618163 1.998618
v -2.118163 -1.612709 1.998618
v -2.116772 -1.614923 1.998618
v -2.119026 -1.610242 1.998618
v -2.107644 -1.61925 1.998626
v -2.118526 -1.655262 1.95975
v -2.117924 -1.652685 1.96912
v -2.120198 -1.655 1.959985
v -2.127689 -1.649268 1.96912
v -2.142056 -1.642056 1.961471
v -2.137756 -1.645394 1.96131
v -2.136449 -1.643764 1.96912
v -2.131927 -1.64992 1.961093
v -2.128693 -1.651321 1.960788
v -2.145395 -1.637756 1.96131
v -2.143764 -1.636449 1.96912
v -2.14992 -1.631927 1.961093
v -2.149268 -1.627689 1.96912
v -2.151321 -1.628693 1.960788
v -2.155001 -1.620198 1.959985
v -2.152685 -1.617924 1.96912
v -2.155262 -1.618526 1.95975
v -2.107644 -1.639949 1.988131
v -2.107644 -1.630349 1.994548
v -2.107644 -1.630218 1.994596
v -2.107644 -1.619319 1.998618
v -2.1218 -1.625395 1.994548
v -2.125395 -1.6218 1.994548
v -2.1281 -1.617495 1.994548
v -2.129779 -1.612696 1.994548
v -2.117495 -1.6281 1.994548
v -2.114923 -1.616772 1.998618
v -2.121736 -1.636907 1.988014
v -2.127894 -1.633037 1.988014
v -2.133037 -1.627894 1.988014
v -2.136907 -1.621736 1.988014
v -2.139309 -1.614871 1.988014
v -2.125198 -1.644095 1.979379
v -2.132869 -1.639275 1.979379
v -2.139275 -1.632869 1.979379
v -2.144095 -1.625198 1.979379
v -2.147087 -1.616646 1.979379
v -2.107644 -1.653843 1.96912
v 2.262933 -1.798241 1.100891
v 2.263376 -1.798178 1.100922
v 2.298241 -1.762933 1.100891
v 2.298178 -1.763376 1.100922
v 2.293275 -1.774989 1.101474
v 2.293188 -1.775195 1.101483
v 2.285355 -1.785355 1.101675
v 2.275195 -1.793188 1.101483
v 2.274989 -1.793275 1.101474
v 2.298241 1.762933 0.899109
v 2.298178 1.763376 0.899078
v 2.293275 1.774989 0.898526
v 2.293188 1.775195 0.898517
v 2.285355 1.785355 0.898325
v 2.275195 1.793188 0.898517
v 2.274989 1.793275 0.898526
v 2.263376 1.798178 0.899078
v 2.262933 1.798241 0.899109
v -2.262933 1.798241 0.899109
v -2.263376 1.798178 0.899078
v -2.274989 1.793275 0.898526
v -2.275195 1.793188 0.898517
v -2.285355 1.785355 0.898325
v -2.293188 1.775195 0.898517
v -2.293275 1.774989 0.898526
v -2.298178 1.763376 0.899078
v -2.298241 1.762933 0.899109
v -2.298241 -1.762933 1.100891
v -2.298178 -1.763376 1.100922
v -2.262933 -1.798241 1.100891
v -2.263376 -1.798178 1.100922
v -2.274989 -1.793275 1.101474
v -2.275195 -1.793188 1.101483
v -2.285355 -1.785355 1.101675
v -2.293188 -1.775195 1.101483
v -2.293275 -1.774989 1.101474
v 2.262933 -1.798241 0.899109
v 2.263376 -1.798178 0.899078
v 2.274989 -1.793275 0.898526
v 2.275195 -1.793188 0.898517
v 2.285355 -1.785355 0.898325
v 2.293188 -1.775195 0.898517
v 2.293275 -1.774989 0.898526
v 2.298178 -1.763376 0.899078
v 2.298241 -1.762933 0.899109
v 2.171667 1.636865 0.140015
v 2.171616 1.636983 0.140004
v 2.166587 1.648593 0.138907
v 2.166521 1.648678 0.138904
v 2.158723 1.658723 0.138529
v 2.148678 1.666521 0.138904
v 2.148593 1.666587 0.138907
v 2.136983 1.671616 0.140004
v 2.136865 1.671667 0.140015
v -2.135192 1.671929 0.14025
v -2.136865 1.671667 0.140015
v -2.145359 1.667988 0.139212
v -2.148593 1.666587 0.138907
v -2.154423 1.662061 0.13869
v -2.158723 1.658723 0.138529
v -2.162061 1.654423 0.13869
v -2.166587 1.648593 0.138907
v -2.171929 1.635193 0.14025
v -2.171667 1.636865 0.140015
v -2.167988 1.645359 0.139212
v -2.298241 -1.762933 0.899109
v -2.298178 -1.763376 0.899078
v -2.293275 -1.774989 0.898526
v -2.293188 -1.775195 0.898517
v -2.285355 -1.785355 0.898325
v -2.275195 -1.793188 0.898517
v -2.274989 -1.793275 0.898526
v -2.263376 -1.798178 0.899078
v -2.262933 -1.798241 0.899109
v 2.135192 -1.671929 0.14025
v 2.136865 -1.671667 0.140015
v 2.145359 -1.667988 0.139212
v 2.148593 -1.666587 0.138907
v 2.154423 -1.662061 0.13869
v 2.171929 -1.635193 0.14025
v 2.171667 -1.636865 0.140015
v 2.167988 -1.645359 0.139212
v 2.166587 -1.648593 0.138907
v 2.162061 -1.654423 0.13869
v 2.158723 -1.658723 0.138529
v 2.135916 1.62431 0.101374
v 2.135916 -1.62431 0.101374
v 2.135986 -1.62431 0.101382
v 2.135986 1.62431 0.101382
v 2.146884 -1.62431 0.105404
v 2.146884 1.62431 0.105404
v 2.147015 -1.62431 0.105452
v 2.147015 1.62431 0.105452
v 2.156615 -1.62431 0.111869
v 2.156615 1.62431 0.111869
v 2.15679 -1.62431 0.111986
v 2.15679 1.62431 0.111986
v 2.164579 -1.62431 0.120415
v 2.164579 1.62431 0.120415
v 2.164768 -1.62431 0.120621
v 2.164768 1.62431 0.120621
v 2.17034 -1.62431 0.130575
v 2.17034 1.62431 0.130575
v 2.17051 -1.62431 0.13088
v 2.17051 1.62431 0.13088
v 2.135588 1.627332 0.101382
v 2.12431 1.646884 0.105404
v 2.12431 1.647015 0.105452
v 2.130187 1.646242 0.105452
v 2.12431 1.656615 0.111869
v 2.12431 1.65679 0.111986
v 2.132717 1.655683 0.111986
v 2.134782 1.66339 0.120621
v 2.136268 1.668936 0.13088
v 2.14741 1.66432 0.13088
v 2.168936 1.636268 0.13088
v 2.12431 1.67051 0.13088
v 2.12431 1.67034 0.130575
v 2.12431 1.664768 0.120621
v 2.12431 1.664579 0.120415
v 2.16339 1.634782 0.120621
v 2.144539 1.659348 0.120621
v 2.156978 1.656978 0.13088
v 2.155683 1.632717 0.111986
v 2.14055 1.652438 0.111986
v 2.152918 1.652918 0.120621
v 2.146241 1.630187 0.105452
v 2.147277 1.647277 0.111986
v 2.135663 1.643973 0.105452
v 2.127332 1.635588 0.101382
v 2.16432 1.64741 0.13088
v 2.159348 1.644539 0.120621
v 2.152438 1.64055 0.111986
v 2.143974 1.635663 0.105452
v 2.134421 1.630148 0.101382
v 2.12431 1.635916 0.101374
v 2.12431 1.635986 0.101382
v 2.140365 1.640365 0.105452
v 2.130148 1.634421 0.101382
v 2.132566 1.632566 0.101382
v -2.12431 1.635916 0.101374
v -2.126908 1.635693 0.101382
v -2.133438 1.63159 0.101382
v -2.13159 1.633438 0.101382
v -2.146884 1.62431 0.105404
v -2.147015 1.62431 0.105452
v -2.146446 1.629363 0.105452
v -2.156615 1.62431 0.111869
v -2.15679 1.62431 0.111986
v -2.155975 1.631538 0.111986
v -2.163754 1.633313 0.120621
v -2.169352 1.634591 0.13088
v -2.165935 1.644356 0.13088
v -2.144356 1.665935 0.13088
v -2.134591 1.669352 0.13088
v -2.160431 1.653115 0.13088
v -2.17051 1.62431 0.13088
v -2.17034 1.62431 0.130575
v -2.164768 1.62431 0.120621
v -2.164579 1.62431 0.120415
v -2.12431 1.67051 0.13088
v -2.12431 1.67034 0.130575
v -2.133313 1.663754 0.120621
v -2.160762 1.641864 0.120621
v -2.12431 1.664768 0.120621
v -2.12431 1.664579 0.120415
v -2.131537 1.655975 0.111986
v -2.153573 1.638403 0.111986
v -2.155942 1.649536 0.120621
v -2.153115 1.660431 0.13088
v -2.12431 1.65679 0.111986
v -2.12431 1.656615 0.111869
v -2.129363 1.646446 0.105452
v -2.149536 1.655942 0.120621
v -2.149704 1.644561 0.111986
v -2.144767 1.634162 0.105452
v -2.135693 1.626908 0.101382
v -2.138467 1.642062 0.105452
v -2.141864 1.660762 0.120621
v -2.138402 1.653573 0.111986
v -2.134161 1.644767 0.105452
v -2.129376 1.634829 0.101382
v -2.135916 1.62431 0.101374
v -2.135986 1.62431 0.101382
v -2.144561 1.649704 0.111986
v -2.142062 1.638467 0.105452
v -2.134829 1.629376 0.101382
v -2.12431 1.647015 0.105452
v -2.12431 1.646884 0.105404
v -2.12431 1.635986 0.101382
v -2.135916 -1.62431 0.101374
v -2.135986 -1.62431 0.101382
v -2.146884 -1.62431 0.105404
v -2.147015 -1.62431 0.105452
v -2.156615 -1.62431 0.111869
v -2.15679 -1.62431 0.111986
v -2.164579 -1.62431 0.120415
v -2.164768 -1.62431 0.120621
v -2.17034 -1.62431 0.130575
v -2.17051 -1.62431 0.13088
v -2.171667 -1.636865 0.140015
v -2.171616 -1.636983 0.140004
v -2.166587 -1.648593 0.138907
v -2.166521 -1.648678 0.138904
v -2.158723 -1.658723 0.138529
v -2.148678 -1.666521 0.138904
v -2.148593 -1.666587 0.138907
v -2.136983 -1.671616 0.140004
v -2.136865 -1.671667 0.140015
v 2.12431 -1.635916 0.101374
v 2.126908 -1.635693 0.101382
v 2.133438 -1.63159 0.101382
v 2.13159 -1.633438 0.101382
v 2.146446 -1.629363 0.105452
v 2.155975 -1.631538 0.111986
v 2.163754 -1.633313 0.120621
v 2.169352 -1.634591 0.13088
v 2.165935 -1.644356 0.13088
v 2.144356 -1.665935 0.13088
v 2.134591 -1.669352 0.13088
v 2.160431 -1.653115 0.13088
v 2.12431 -1.67051 0.13088
v 2.12431 -1.67034 0.130575
v 2.133313 -1.663754 0.120621
v 2.160762 -1.641864 0.120621
v 2.12431 -1.664768 0.120621
v 2.12431 -1.664579 0.120415
v 2.131537 -1.655975 0.111986
v 2.153573 -1.638403 0.111986
v 2.155942 -1.649536 0.120621
v 2.153115 -1.660431 0.13088
v 2.12431 -1.65679 0.111986
v 2.12431 -1.656615 0.111869
v 2.129363 -1.646446 0.105452
v 2.149536 -1.655942 0.120621
v 2.149704 -1.644561 0.111986
v 2.144767 -1.634162 0.105452
v 2.135693 -1.626908 0.101382
v 2.138467 -1.642062 0.105452
v 2.141864 -1.660762 0.120621
v 2.138402 -1.653573 0.111986
v 2.134161 -1.644767 0.105452
v 2.129376 -1.634829 0.101382
v 2.144561 -1.649704 0.111986
v 2.142062 -1.638467 0.105452
v 2.134829 -1.629376 0.101382
v 2.12431 -1.647015 0.105452
v 2.12431 -1.646884 0.105404
v 2.12431 -1.635986 0.101382
v 1.15 1.670375 0.130556
v 1.15 1.664602 0.120394
v 1.15 1.656629 0.111849
v 1.15 1.64689 0.105389
v 1.15 1.635917 0.101366
v -1.15 1.670375 0.130556
v -1.15 1.664602 0.120394
v -1.15 1.656629 0.111849
v -1.15 1.64689 0.105389
v -1.15 1.635917 0.101366
v -2.135588 -1.627332 0.101382
v -2.12431 -1.646884 0.105404
v -2.12431 -1.647015 0.105452
v -2.130187 -1.646242 0.105452
v -2.12431 -1.656615 0.111869
v -2.12431 -1.65679 0.111986
v -2.132717 -1.655683 0.111986
v -2.134782 -1.66339 0.120621
v -2.136268 -1.668936 0.13088
v -2.14741 -1.66432 0.13088
v -2.168936 -1.636268 0.13088
v -2.12431 -1.67051 0.13088
v -2.12431 -1.67034 0.130575
v -2.12431 -1.664768 0.120621
v -2.12431 -1.664579 0.120415
v -2.16339 -1.634782 0.120621
v -2.144539 -1.659348 0.120621
v -2.156978 -1.656978 0.13088
v -2.155683 -1.632717 0.111986
v -2.14055 -1.652438 0.111986
v -2.152918 -1.652918 0.120621
v -2.146241 -1.630187 0.105452
v -2.147277 -1.647277 0.111986
v -2.135663 -1.643973 0.105452
v -2.127332 -1.635588 0.101382
v -2.16432 -1.64741 0.13088
v -2.159348 -1.644539 0.120621
v -2.152438 -1.64055 0.111986
v -2.143974 -1.635663 0.105452
v -2.134421 -1.630148 0.101382
v -2.12431 -1.635916 0.101374
v -2.12431 -1.635986 0.101382
v -2.140365 -1.640365 0.105452
v -2.130148 -1.634421 0.101382
v -2.132566 -1.632566 0.101382
v 1.15 -1.670375 0.130556
v 1.15 -1.664602 0.120394
v 1.15 -1.656629 0.111849
v 1.15 -1.64689 0.105389
v 1.15 -1.635917 0.101366
v 1.137062 1.623739 0.098287
v 1.131073 1.62307 0.096279
v 1.129865 1.634754 0.097287
v 1.125021 1.622068 0.093274
v 1.114868 1.619503 0.085578
v 1.11285 1.631416 0.085636
v 1.114676 1.619421 0.085331
v 1.106835 1.616055 0.075234
v 1.104632 1.628201 0.074497
v 1.062774 1.655305 0.042057
v 1.06565 1.659199 0.064998
v 1.062941 1.655283 0.04206
v 1.075 1.650356 0.042881
v 1.077032 1.65403 0.062774
v 1.085086 1.642721 0.044154
v 1.086896 1.646152 0.061414
v 1.085355 1.642518 0.044188
v 1.106731 1.615973 0.074986
v 1.101741 1.612004 0.063081
v 1.099662 1.624438 0.061572
v 1.101722 1.611956 0.062938
v 1.093301 1.632303 0.04589
v 1.094605 1.636071 0.061004
v 1.098231 1.620564 0.047847
v 1.098296 1.620409 0.047873
v 1.1 1.607644 0.05
v 1.099925 1.639604 0.075348
v 1.092999 1.649567 0.077736
v 1.08428 1.65748 0.081515
v 1.0743 1.662858 0.086453
v 1.108897 1.642634 0.087769
v 1.103242 1.652501 0.091852
v 1.096214 1.66044 0.097647
v 1.088223 1.665989 0.104814
v 1.125233 1.622122 0.093435
v 1.123693 1.633866 0.094178
v 1.120845 1.644948 0.097327
v 1.116848 1.654745 0.102703
v 1.111929 1.662703 0.110004
v 1.106364 1.668375 0.118819
v 1.127671 1.645789 0.100811
v 1.124615 1.65556 0.106657
v 1.120865 1.663525 0.114498
v 1.11663 1.669241 0.1239
v 1.137215 1.623756 0.098338
v 1.136384 1.635397 0.099542
v 1.134894 1.646398 0.103341
v 1.132828 1.656151 0.109527
v 1.1303 1.664121 0.117758
v 1.127448 1.669868 0.127581
v 1.143558 1.624171 0.099583
v 1.143134 1.635787 0.100908
v 1.142381 1.646766 0.104875
v 1.14134 1.656509 0.111266
v 1.140067 1.664482 0.119732
v 1.138633 1.670248 0.12981
v 0.149737 1.607644 0.0
v -1.05 1.618835 0.001269
v -1.05 1.656478 0.039268
v 1.05 1.656478 0.039268
v -1.05 1.653523 0.030619
v 1.05 1.653523 0.030619
v -1.05 1.652837 0.02861
v 1.05 1.652837 0.02861
v -1.05 1.647797 0.02048
v 1.05 1.647797 0.02048
v -1.05 1.646903 0.019036
v 1.05 1.646903 0.019036
v -1.05 1.639872 0.011939
v 1.05 1.639872 0.011939
v -1.05 1.638976 0.011035
v 1.05 1.638976 0.011035
v -1.05 1.630176 0.005464
v 1.05 1.630176 0.005464
v -1.05 1.629459 0.00501
v 1.05 1.629459 0.00501
v -1.05 1.619235 0.001409
v 1.05 1.619235 0.001409
v 1.05 1.618835 0.001269
v -1.138609 1.670247 0.129807
v -1.140046 1.664481 0.11973
v -1.142365 1.646766 0.104873
v -1.136378 1.635397 0.09954
v -1.143544 1.624171 0.099582
v -1.14312 1.635786 0.100906
v -1.123718 1.63387 0.094193
v -1.131081 1.623071 0.096283
v -1.129873 1.634755 0.09729
v -1.137062 1.623739 0.098287
v -1.13721 1.623756 0.098337
v -1.11287 1.631422 0.085657
v -1.125023 1.622067 0.093271
v -1.125256 1.622126 0.093448
v -1.104646 1.628208 0.074522
v -1.114679 1.61942 0.085328
v -1.114888 1.619509 0.085597
v -1.127439 1.669868 0.127579
v -1.116644 1.669242 0.123906
v -1.106405 1.668379 0.118842
v -1.088256 1.665995 0.104848
v -1.074323 1.662866 0.086494
v -1.065662 1.659207 0.065044
v -1.130292 1.66412 0.117756
v -1.120877 1.663526 0.114503
v -1.111964 1.662707 0.110025
v -1.096242 1.660445 0.097676
v -1.0843 1.657486 0.081551
v -1.077042 1.654038 0.062815
v -1.134888 1.646397 0.10334
v -1.127681 1.64579 0.100815
v -1.120872 1.644952 0.097343
v -1.108919 1.642639 0.087792
v -1.09994 1.639611 0.075376
v -1.094612 1.636079 0.061035
v -1.099669 1.624447 0.0616
v -1.101726 1.611956 0.062938
v -1.101749 1.612013 0.063107
v -1.106734 1.615972 0.074985
v -1.106848 1.616063 0.075257
v -1.062774 1.655305 0.042057
v -1.062941 1.655283 0.04206
v -1.075 1.650356 0.042881
v -1.085086 1.642721 0.044154
v -1.141322 1.656509 0.111264
v -1.132821 1.656151 0.109525
v -1.124625 1.655561 0.106661
v -1.116879 1.654748 0.102721
v -1.103267 1.652506 0.091878
v -1.093016 1.649573 0.077768
v -1.086904 1.646159 0.061449
v -1.085355 1.642518 0.044188
v -1.1 1.607644 0.05
v -1.098296 1.620409 0.047873
v -1.098231 1.620564 0.047847
v -1.093301 1.632303 0.04589
v -1.15 -1.670375 0.130556
v -1.15 -1.664602 0.120394
v -1.15 -1.656629 0.111849
v -1.15 -1.64689 0.105389
v -1.15 -1.635917 0.101366
v 1.138609 -1.670247 0.129807
v 1.140046 -1.664481 0.11973
v 1.142365 -1.646766 0.104873
v 1.136378 -1.635397 0.09954
v 1.143544 -1.624171 0.099582
v 1.14312 -1.635786 0.100906
v 1.123718 -1.63387 0.094193
v 1.131081 -1.623071 0.096283
v 1.129873 -1.634755 0.09729
v 1.137062 -1.623739 0.098287
v 1.13721 -1.623756 0.098337
v 1.11287 -1.631422 0.085657
v 1.125023 -1.622067 0.093271
v 1.125256 -1.622126 0.093448
v 1.104646 -1.628208 0.074522
v 1.114679 -1.61942 0.085328
v 1.114888 -1.619509 0.085597
v 1.127439 -1.669868 0.127579
v 1.116644 -1.669242 0.123906
v 1.106405 -1.668379 0.118842
v 1.088256 -1.665995 0.104848
v 1.074323 -1.662866 0.086494
v 1.065662 -1.659207 0.065044
v 1.130292 -1.66412 0.117756
v 1.120877 -1.663526 0.114503
v 1.111964 -1.662707 0.110025
v 1.096242 -1.660445 0.097676
v 1.0843 -1.657486 0.081551
v 1.077042 -1.654038 0.062815
v 1.134888 -1.646397 0.10334
v 1.127681 -1.64579 0.100815
v 1.120872 -1.644952 0.097343
v 1.108919 -1.642639 0.087792
v 1.09994 -1.639611 0.075376
v 1.094612 -1.636079 0.061035
v 1.099669 -1.624447 0.0616
v 1.101726 -1.611956 0.062938
v 1.101749 -1.612013 0.063107
v 1.106734 -1.615972 0.074985
v 1.106848 -1.616063 0.075257
v 1.062774 -1.655305 0.042057
v 1.062941 -1.655283 0.04206
v 1.075 -1.650356 0.042881
v 1.085086 -1.642721 0.044154
v 1.141322 -1.656509 0.111264
v 1.132821 -1.656151 0.109525
v 1.124625 -1.655561 0.106661
v 1.116879 -1.654748 0.102721
v 1.103267 -1.652506 0.091878
v 1.093016 -1.649573 0.077768
v 1.086904 -1.646159 0.061449
v 1.085355 -1.642518 0.044188
v 1.1 -1.607644 0.05
v 1.098296 -1.620409 0.047873
v 1.098231 -1.620564 0.047847
v 1.093301 -1.632303 0.04589
v 1.059692 1.61324 0.001269
v 1.06081 1.61054 0.001269
v 1.055596 1.617336 0.001269
v 1.057914 1.615557 0.001269
v 1.062884 1.607644 0.001865
v 1.061192 1.607644 0.001269
v 1.074852 1.607644 0.006932
v 1.071815 1.607644 0.00501
v 1.071072 1.61329 0.00501
v 1.097171 1.620283 0.039268
v 1.092292 1.632061 0.039268
v 1.084531 1.642175 0.039268
v 1.074417 1.649936 0.039268
v 1.062639 1.654814 0.039268
v 1.061697 1.651297 0.02861
v 1.098103 1.607644 0.037125
v 1.098835 1.607644 0.039268
v 1.093653 1.619341 0.02861
v 1.089139 1.63024 0.02861
v 1.081957 1.6396 0.02861
v 1.072597 1.646782 0.02861
v 1.060161 1.645565 0.019036
v 1.069629 1.641643 0.019036
v 1.07776 1.635404 0.019036
v 1.083999 1.627273 0.019036
v 1.087921 1.617805 0.019036
v 1.058109 1.637908 0.011035
v 1.095193 1.607644 0.02861
v 1.093052 1.607644 0.025155
v 1.089259 1.607644 0.019036
v 1.08513 1.607644 0.014868
v 1.065666 1.634778 0.011035
v 1.072155 1.629799 0.011035
v 1.077134 1.62331 0.011035
v 1.080265 1.615753 0.011035
v 1.081332 1.607644 0.011035
v 1.055646 1.628716 0.00501
v 1.060908 1.626536 0.00501
v 1.065426 1.62307 0.00501
v 1.068893 1.618551 0.00501
v 1.052897 1.618454 0.001269
v -1.052897 1.618454 0.001269
v -1.055646 1.628716 0.00501
v -1.058109 1.637908 0.011035
v -1.060161 1.645565 0.019036
v -1.061697 1.651297 0.02861
v -1.072597 1.646782 0.02861
v -1.074417 1.649936 0.039268
v -1.062639 1.654814 0.039268
v -1.097171 1.620283 0.039268
v -1.084531 1.642175 0.039268
v -1.098835 1.607644 0.039268
v -1.098103 1.607644 0.037125
v -1.093653 1.619341 0.02861
v -1.069629 1.641643 0.019036
v -1.087921 1.617805 0.019036
v -1.093052 1.607644 0.025155
v -1.095193 1.607644 0.02861
v -1.065666 1.634778 0.011035
v -1.080265 1.615753 0.011035
v -1.08513 1.607644 0.014868
v -1.089259 1.607644 0.019036
v -1.060908 1.626536 0.00501
v -1.071072 1.61329 0.00501
v -1.074852 1.607644 0.006932
v -1.081332 1.607644 0.011035
v -1.055596 1.617336 0.001269
v -1.061192 1.607644 0.001269
v -1.06081 1.61054 0.001269
v -1.062884 1.607644 0.001865
v -1.071815 1.607644 0.00501
v -1.092292 1.632061 0.039268
v -1.089139 1.63024 0.02861
v -1.081957 1.6396 0.02861
v -1.083999 1.627273 0.019036
v -1.07776 1.635404 0.019036
v -1.077134 1.62331 0.011035
v -1.072155 1.629799 0.011035
v -1.068893 1.618551 0.00501
v -1.065426 1.62307 0.00501
v -1.059692 1.61324 0.001269
v -1.057914 1.615557 0.001269
v -1.143558 -1.624171 0.099583
v -1.1 -1.607644 0.05
v -1.101722 -1.611956 0.062938
v -1.101741 -1.612004 0.063081
v -1.137215 -1.623756 0.098338
v -1.137062 -1.623739 0.098287
v -1.131073 -1.62307 0.096279
v -1.125233 -1.622122 0.093435
v -1.125021 -1.622068 0.093274
v -1.114868 -1.619503 0.085578
v -1.114676 -1.619421 0.085331
v -1.106835 -1.616055 0.075234
v -1.106731 -1.615973 0.074986
v -1.129865 -1.634754 0.097287
v -1.11285 -1.631416 0.085636
v -1.104632 -1.628201 0.074497
v -1.060954 -1.655541 0.042017
v -1.06565 -1.659199 0.064998
v -1.077032 -1.65403 0.062774
v -1.071318 -1.65186 0.042631
v -1.062941 -1.655283 0.04206
v -1.086896 -1.646152 0.061414
v -1.08066 -1.646072 0.043595
v -1.075 -1.650356 0.042881
v -1.094605 -1.636071 0.061004
v -1.088559 -1.6384 0.044874
v -1.085355 -1.642518 0.044188
v -1.09852 -1.618736 0.048151
v -1.098296 -1.620409 0.047873
v -1.099662 -1.624438 0.061572
v -1.094625 -1.629152 0.046415
v -1.093301 -1.632303 0.04589
v -1.099925 -1.639604 0.075348
v -1.092999 -1.649567 0.077736
v -1.08428 -1.65748 0.081515
v -1.0743 -1.662858 0.086453
v -1.108897 -1.642634 0.087769
v -1.103242 -1.652501 0.091852
v -1.096214 -1.66044 0.097647
v -1.088223 -1.665989 0.104814
v -1.123693 -1.633866 0.094178
v -1.120845 -1.644948 0.097327
v -1.116848 -1.654745 0.102703
v -1.111929 -1.662703 0.110004
v -1.106364 -1.668375 0.118819
v -1.127671 -1.645789 0.100811
v -1.124615 -1.65556 0.106657
v -1.120865 -1.663525 0.114498
v -1.11663 -1.669241 0.1239
v -1.136384 -1.635397 0.099542
v -1.134894 -1.646398 0.103341
v -1.132828 -1.656151 0.109527
v -1.1303 -1.664121 0.117758
v -1.127448 -1.669868 0.127581
v -1.143134 -1.635787 0.100908
v -1.142381 -1.646766 0.104875
v -1.14134 -1.656509 0.111266
v -1.140067 -1.664482 0.119732
v -1.138633 -1.670248 0.12981
v 1.05 -0.130693 0.0
v 1.061192 -1.607644 0.001269
v 1.062884 -1.607644 0.001865
v 1.098835 -1.607644 0.039268
v 1.098103 -1.607644 0.037125
v 1.095193 -1.607644 0.02861
v 1.093052 -1.607644 0.025155
v 1.089259 -1.607644 0.019036
v 1.08513 -1.607644 0.014868
v 1.081332 -1.607644 0.011035
v 1.074852 -1.607644 0.006932
v 1.071815 -1.607644 0.00501
v -1.098835 -1.607644 0.039268
v -1.098103 -1.607644 0.037125
v -1.095193 -1.607644 0.02861
v -1.093052 -1.607644 0.025155
v -1.089259 -1.607644 0.019036
v -1.08513 -1.607644 0.014868
v -1.081332 -1.607644 0.011035
v -1.074852 -1.607644 0.006932
v -1.071815 -1.607644 0.00501
v -1.062884 -1.607644 0.001865
v -1.05 -0.130693 0.0
v -1.061192 -1.607644 0.001269
v 1.052897 -1.618454 0.001269
v 1.05 -1.618835 0.001269
v 1.05 -1.619235 0.001409
v 1.05 -1.630176 0.005464
v 1.05 -1.629459 0.00501
v 1.055646 -1.628716 0.00501
v 1.05 -1.639872 0.011939
v 1.05 -1.638976 0.011035
v 1.058109 -1.637908 0.011035
v 1.05 -1.647797 0.02048
v 1.05 -1.646903 0.019036
v 1.060161 -1.645565 0.019036
v 1.05 -1.653523 0.030619
v 1.05 -1.652837 0.02861
v 1.061697 -1.651297 0.02861
v 1.072597 -1.646782 0.02861
v 1.074417 -1.649936 0.039268
v 1.062639 -1.654814 0.039268
v 1.097171 -1.620283 0.039268
v 1.084531 -1.642175 0.039268
v 1.05 -1.656478 0.039268
v 1.093653 -1.619341 0.02861
v 1.069629 -1.641643 0.019036
v 1.087921 -1.617805 0.019036
v 1.065666 -1.634778 0.011035
v 1.080265 -1.615753 0.011035
v 1.060908 -1.626536 0.00501
v 1.071072 -1.61329 0.00501
v 1.055596 -1.617336 0.001269
v 1.06081 -1.61054 0.001269
v 1.092292 -1.632061 0.039268
v 1.089139 -1.63024 0.02861
v 1.081957 -1.6396 0.02861
v 1.083999 -1.627273 0.019036
v 1.07776 -1.635404 0.019036
v 1.077134 -1.62331 0.011035
v 1.072155 -1.629799 0.011035
v 1.068893 -1.618551 0.00501
v 1.065426 -1.62307 0.00501
v 1.059692 -1.61324 0.001269
v 1.057914 -1.615557 0.001269
v -1.060083 -1.612499 0.001269
v -1.060911 -1.610134 0.001269
v -1.056978 -1.616394 0.001269
v -1.05875 -1.614622 0.001269
v -1.054856 -1.617727 0.001269
v -1.071268 -1.612498 0.00501
v -1.09761 -1.61851 0.039268
v -1.093999 -1.628832 0.039268
v -1.08818 -1.638092 0.039268
v -1.080448 -1.645824 0.039268
v -1.071189 -1.651642 0.039268
v -1.060867 -1.655254 0.039268
v -1.05 -1.656478 0.039268
v -1.05 -1.647797 0.02048
v -1.05 -1.652837 0.02861
v -1.060056 -1.651704 0.02861
v -1.05 -1.653523 0.030619
v -1.09406 -1.6177 0.02861
v -1.090718 -1.627252 0.02861
v -1.085334 -1.635821 0.02861
v -1.078178 -1.642977 0.02861
v -1.069609 -1.648362 0.02861
v -1.05 -1.639872 0.011939
v -1.05 -1.646903 0.019036
v -1.058736 -1.645918 0.019036
v -1.067034 -1.643015 0.019036
v -1.074478 -1.638337 0.019036
v -1.080694 -1.632121 0.019036
v -1.085371 -1.624677 0.019036
v -1.088275 -1.61638 0.019036
v -1.05 -1.630176 0.005464
v -1.05 -1.638976 0.011035
v -1.056972 -1.63819 0.011035
v -1.063594 -1.635873 0.011035
v -1.069535 -1.63214 0.011035
v -1.074496 -1.627179 0.011035
v -1.078229 -1.621238 0.011035
v -1.080546 -1.614616 0.011035
v -1.05 -1.619235 0.001409
v -1.05 -1.629459 0.00501
v -1.054854 -1.628912 0.00501
v -1.059465 -1.627299 0.00501
v -1.063602 -1.6247 0.00501
v -1.067056 -1.621245 0.00501
v -1.069655 -1.617109 0.00501
v -1.05 -1.618835 0.001269
v -1.05249 -1.618555 0.001269
v 0.149737 -1.607644 0.0
v 2.5 -1.05 0.1
v 2.5 1.05 0.1
newmtl 2
Ka 0.7803921568627451 0.7803921568627451 0.7803921568627451
Kd 0.7803921568627451 0.7803921568627451 0.7803921568627451
Ks 0.38823529411764707 0.38823529411764707 0.38823529411764707
d 0.0
endmtl
v 1.4 -1.05 -0.1
v 1.4 1.05 -0.1
v 2.5 1.05 0.9
v 2.5 -1.05 0.9
v 2.5 1.05 1.1
v 2.5 -1.05 1.1
v 2.693185 1.05 0.951764
v 2.7 1.05 0.9
v 2.551764 1.05 1.093185
v 2.6 1.05 1.073205
v 2.641421 1.05 1.041421
v 2.673205 1.05 1.0
v 2.7 -1.05 0.9
v 2.693185 -1.05 0.951764
v 2.673205 -1.05 1.0
v 2.641421 -1.05 1.041421
v 2.6 -1.05 1.073205
v 2.551764 -1.05 1.093185
v 2.7 1.05 0.1
v 2.7 -1.05 0.1
v 2.641421 1.05 -0.041421
v 2.6 1.05 -0.073205
v 2.551764 1.05 -0.093185
v 2.5 1.05 -0.1
v 2.693185 1.05 0.048236
v 2.673205 1.05 0.0
v 2.5 -1.05 -0.1
v 2.551764 -1.05 -0.093185
v 2.6 -1.05 -0.073205
v 2.641421 -1.05 -0.041421
v 2.673205 -1.05 0.0
v 2.693185 -1.05 0.048236
v -2.5 1.05 0.1
v -2.5 -1.05 0.1
v -1.4 1.05 -0.1
v -1.4 -1.05 -0.1
v -2.5 1.05 1.1
v -2.5 -1.05 1.1
v -2.5 1.05 0.9
v -2.5 -1.05 0.9
v -2.7 1.05 0.9
v -2.7 -1.05 0.9
v -2.693185 -1.05 0.951764
v -2.693185 1.05 0.951764
v -2.673205 -1.05 1.0
v -2.673205 1.05 1.0
v -2.641421 -1.05 1.041421
v -2.641421 1.05 1.041421
v -2.6 -1.05 1.073205
v -2.6 1.05 1.073205
v -2.551764 -1.05 1.093185
v -2.551764 1.05 1.093185
v -2.7 -1.05 0.1
v -2.7 1.05 0.1
v -2.5 1.05 -0.1
v -2.5 -1.05 -0.1
v -2.551764 -1.05 -0.093185
v -2.551764 1.05 -0.093185
v -2.6 -1.05 -0.073205
v -2.6 1.05 -0.073205
v -2.641421 -1.05 -0.041421
v -2.641421 1.05 -0.041421
v -2.673205 -1.05 0.0
v -2.673205 1.05 0.0
v -2.693185 -1.05 0.048236
v -2.693185 1.05 0.048236
newmtl 3
Ka 0.8509803921568627 0.8509803921568627 0.8509803921568627
Kd 0.8509803921568627 0.8509803921568627 0.8509803921568627
Ks 0.4235294117647059 0.4235294117647059 0.4235294117647059
d 0.0
endmtl
v -0.140324 1.71487 1.616863
v -0.140159 1.718682 1.593992
newmtl 4
Ka 1.0 1.0 1.0
Kd 1.0 1.0 1.0
Ks 0.7019607843137254 0.7019607843137254 0.7019607843137254
d 0.0
endmtl
v -0.059328 1.714776 1.617429
v -0.060606 1.685153 1.795163
v -0.034353 1.685123 1.795347
v -0.032911 1.718557 1.594743
v -0.300805 1.717484 1.601176
v -0.297323 1.717764 1.599495
v -0.24442 1.719368 1.589878
v -0.275438 1.718916 1.592584
v -0.300984 1.713348 1.625995
v -0.281044 1.714795 1.617312
v -0.258037 1.715477 1.613221
v -0.248381 1.715526 1.612928
v -0.227712 1.715087 1.615563
v -0.213298 1.714143 1.621228
v -0.200115 1.712577 1.630621
v -0.196286 1.711944 1.63442
v -0.186486 1.709674 1.648041
v -0.180023 1.706971 1.664257
v -0.176904 1.703623 1.684345
v -0.176735 1.702383 1.691787
v -0.179715 1.698157 1.717142
v -0.186329 1.695192 1.734928
v -0.195944 1.692828 1.749113
v -0.198535 1.692357 1.751942
v -0.212522 1.690488 1.763158
v -0.228575 1.689291 1.770335
v -0.246303 1.688754 1.773559
v -0.254113 1.688712 1.77381
v -0.301959 1.690751 1.761578
v -0.299703 1.690547 1.762799
v -0.279129 1.689233 1.770686
v -0.302153 1.686238 1.788653
v -0.281266 1.685209 1.794831
v -0.254785 1.684816 1.797188
v -0.254021 1.684815 1.797195
v -0.224172 1.685385 1.793771
v -0.202925 1.68673 1.785702
v -0.183839 1.688915 1.772594
v -0.179104 1.68965 1.768181
v -0.164205 1.692805 1.749254
v -0.154393 1.696508 1.727032
v -0.1496 1.700869 1.700866
v -0.149171 1.702607 1.690442
v -0.152275 1.7076 1.660484
v -0.159973 1.711197 1.638902
v -0.171561 1.714127 1.621321
v -0.174747 1.714722 1.61775
v -0.232211 1.719259 1.59053
v -0.210192 1.718489 1.595149
v -0.191055 1.716981 1.604199
v -0.450995 1.715232 1.614689
v -0.450831 1.719044 1.591819
v -0.367869 1.715135 1.615271
v -0.368354 1.703888 1.682755
v -0.441083 1.703973 1.682246
v -0.441248 1.700144 1.705219
v -0.368519 1.700059 1.705728
v -0.368981 1.689359 1.769929
v -0.447481 1.689451 1.76938
v -0.447646 1.685604 1.792456
v -0.342894 1.685482 1.793189
v -0.341451 1.718916 1.592584
v -0.616008 1.709875 1.646834
v -0.605806 1.711926 1.634529
v -0.624356 1.714563 1.618707
v -0.602016 1.712483 1.631186
v -0.602873 1.717053 1.603764
v -0.588479 1.713916 1.622584
v -0.579595 1.71851 1.595024
v -0.571035 1.714916 1.616589
v -0.545187 1.719154 1.591159
v -0.545195 1.715342 1.61403
v -0.489249 1.719089 1.59155
v -0.515667 1.715308 1.614237
v -0.490691 1.685655 1.792155
v -0.516779 1.689531 1.768895
v -0.548708 1.685722 1.791749
v -0.547503 1.689567 1.76868
v -0.579701 1.686321 1.788158
v -0.573707 1.690074 1.765637
v -0.604186 1.687822 1.779149
v -0.591296 1.691142 1.75923
v -0.625406 1.690239 1.764648
v -0.60606 1.692781 1.749399
v -0.63225 1.69135 1.75798
v -0.612708 1.693903 1.742664
v -0.644786 1.694266 1.740485
v -0.620255 1.695837 1.731061
v -0.652257 1.69745 1.721381
v -0.625619 1.698376 1.715826
v -0.655566 1.702137 1.693258
v -0.627956 1.702225 1.692733
v -0.654876 1.704246 1.680608
v -0.627192 1.704342 1.680034
v -0.649803 1.708158 1.657136
v -0.623115 1.7074 1.661683
v -0.639662 1.711607 1.636444
v -0.547503 1.688581 1.768516
v -0.516779 1.688545 1.768731
v -0.515667 1.714321 1.614073
v -0.545195 1.714356 1.613866
v -0.605806 1.710939 1.634365
v -0.602016 1.711496 1.631022
v -0.588479 1.71293 1.62242
v -0.571035 1.713929 1.616425
v -0.627956 1.701239 1.692569
v -0.627192 1.703355 1.67987
v -0.623115 1.706414 1.661518
v -0.616008 1.708888 1.64667
v -0.60606 1.691794 1.749235
v -0.612708 1.692917 1.7425
v -0.620255 1.694851 1.730896
v -0.625619 1.69739 1.715661
v -0.573707 1.689088 1.765472
v -0.591296 1.690156 1.759066
v -0.723538 1.706439 1.667449
v -0.75455 1.692578 1.750617
v -0.74501 1.685951 1.790375
v -0.666107 1.719295 1.590313
v -0.695116 1.719329 1.59011
v -0.715057 1.710207 1.644842
v -0.756354 1.691582 1.756591
v -0.757978 1.69024 1.764644
v -0.773083 1.685984 1.790179
v -0.758602 1.690241 1.764639
v -0.760185 1.691657 1.756141
v -0.761672 1.692586 1.750567
v -0.791797 1.706518 1.666972
v -0.8491 1.719508 1.589033
v -0.820092 1.719475 1.589236
v -0.799744 1.710306 1.64425
v -0.723538 1.705453 1.667285
v -0.791797 1.705532 1.666807
v -0.761672 1.6916 1.750402
v -0.758602 1.689254 1.764475
v -0.760185 1.69067 1.755977
v -0.757978 1.689253 1.764479
v -0.75455 1.691591 1.750452
v -0.756354 1.690596 1.756427
v -0.140167 1.767912 1.298609
v -0.140002 1.771724 1.275738
v -0.05704 1.767815 1.29919
v -0.057525 1.756568 1.366674
v -0.130255 1.756653 1.366165
v -0.13042 1.752824 1.389138
v -0.057691 1.752739 1.389647
v -0.058152 1.742039 1.453849
v -0.136652 1.742131 1.4533
v -0.136818 1.738285 1.476375
v -0.032065 1.738163 1.477108
v -0.030623 1.771597 1.276504
v -0.25562 1.771859 1.27493
v -0.281094 1.771889 1.274751
v -0.25578 1.768167 1.297082
v -0.281757 1.756522 1.366951
v -0.256275 1.75668 1.366002
v -0.200856 1.761603 1.336462
v -0.206992 1.76114 1.339244
v -0.255104 1.768166 1.297087
v -0.241513 1.767561 1.300718
v -0.249029 1.769578 1.288613
v -0.23424 1.768343 1.296022
v -0.222106 1.760589 1.342548
v -0.256137 1.759877 1.346823
v -0.256039 1.762167 1.33308
v -0.255933 1.762676 1.330028
v -0.254185 1.764366 1.319884
v -0.250311 1.765849 1.310988
v -0.244911 1.767026 1.303927
v -0.255569 1.75493 1.376505
v -0.279864 1.753303 1.386267
v -0.253054 1.753393 1.385722
v -0.275931 1.751406 1.397647
v -0.250143 1.752513 1.391003
v -0.270758 1.750054 1.405758
v -0.246374 1.751825 1.395134
v -0.263986 1.748984 1.41218
v -0.241938 1.751331 1.398094
v -0.255528 1.748184 1.416981
v -0.23616 1.750976 1.400226
v -0.244759 1.74764 1.420245
v -0.227103 1.7508 1.401282
v -0.229641 1.747401 1.421675
v -0.213216 1.751 1.400084
v -0.203452 1.747901 1.418678
v -0.197216 1.751823 1.395148
v -0.184512 1.749097 1.411503
v -0.179359 1.753633 1.384283
v -0.179534 1.749565 1.408692
v -0.195625 1.767483 1.301187
v -0.176918 1.770451 1.283378
v -0.197774 1.767843 1.299026
v -0.184134 1.771325 1.278134
v -0.202826 1.768419 1.295571
v -0.193592 1.771988 1.274155
v -0.208573 1.768773 1.293446
v -0.205292 1.772335 1.272074
v -0.21717 1.768942 1.292429
v -0.21042 1.77237 1.271861
v -0.224607 1.772106 1.27345
v -0.226453 1.768788 1.293357
v -0.234788 1.771472 1.277248
v -0.240656 1.77087 1.280861
v -0.190756 1.764384 1.319782
v -0.164752 1.764856 1.316945
v -0.190512 1.765048 1.315795
v -0.16466 1.76536 1.313925
v -0.191118 1.766011 1.310018
v -0.166063 1.767418 1.301573
v -0.19276 1.766773 1.305442
v -0.169241 1.768806 1.293244
v -0.174602 1.770067 1.285679
v -0.213188 1.757621 1.360354
v -0.193895 1.758379 1.35581
v -0.197401 1.76203 1.333901
v -0.183002 1.75928 1.350402
v -0.194325 1.762647 1.330198
v -0.175148 1.760384 1.34378
v -0.192055 1.763426 1.325527
v -0.170008 1.761577 1.336619
v -0.166451 1.76305 1.327782
v -0.197401 1.761044 1.333736
v -0.200856 1.760617 1.336298
v -0.206992 1.760153 1.339079
v -0.222106 1.759603 1.342384
v -0.190512 1.764062 1.315631
v -0.190756 1.763397 1.319617
v -0.192055 1.762439 1.325363
v -0.194325 1.761661 1.330034
v -0.197774 1.766856 1.298862
v -0.195625 1.766496 1.301022
v -0.19276 1.765787 1.305278
v -0.191118 1.765024 1.309854
v -0.21717 1.767956 1.292265
v -0.208573 1.767787 1.293281
v -0.202826 1.767432 1.295407
v -0.244911 1.766039 1.303763
v -0.241513 1.766575 1.300553
v -0.23424 1.767357 1.295858
v -0.226453 1.767801 1.293192
v -0.256039 1.761181 1.332916
v -0.255933 1.761689 1.329864
v -0.254185 1.76338 1.31972
v -0.250311 1.764863 1.310824
v -0.256137 1.75889 1.346659
v -0.315836 1.766767 1.305483
v -0.324944 1.76772 1.299766
v -0.357637 1.769123 1.291344
v -0.340832 1.768762 1.29351
v -0.315649 1.771091 1.279535
v -0.354995 1.772539 1.27085
v -0.333337 1.77214 1.273245
v -0.37615 1.772191 1.272938
v -0.390035 1.7714 1.277685
v -0.397393 1.770691 1.281938
v -0.404524 1.769688 1.287956
v -0.409388 1.768592 1.29453
v -0.41264 1.767271 1.302456
v -0.413992 1.765548 1.312796
v -0.413053 1.764021 1.321957
v -0.410427 1.762777 1.329419
v -0.405636 1.761589 1.336547
v -0.399601 1.760691 1.341935
v -0.382749 1.759125 1.351334
v -0.372914 1.758457 1.355339
v -0.357198 1.757311 1.362218
v -0.348257 1.756377 1.36782
v -0.345792 1.755925 1.370534
v -0.343981 1.755358 1.373937
v -0.342999 1.754706 1.377847
v -0.342791 1.754149 1.381191
v -0.34328 1.753481 1.385195
v -0.344562 1.752917 1.388579
v -0.346769 1.752387 1.391761
v -0.350637 1.751833 1.395085
v -0.35637 1.75134 1.398041
v -0.363198 1.751052 1.399773
v -0.370742 1.750968 1.400277
v -0.388618 1.751348 1.397993
v -0.40298 1.752286 1.392365
v -0.407578 1.752737 1.389661
v -0.407754 1.748669 1.41407
v -0.391243 1.74785 1.41898
v -0.373384 1.747569 1.420669
v -0.352731 1.747958 1.418336
v -0.339103 1.748816 1.413187
v -0.333065 1.749419 1.409567
v -0.325764 1.750472 1.403253
v -0.320874 1.751595 1.396513
v -0.31768 1.752938 1.388453
v -0.316521 1.754494 1.379118
v -0.317465 1.756061 1.369715
v -0.320153 1.757354 1.361961
v -0.323584 1.75828 1.356402
v -0.354796 1.761479 1.33721
v -0.339661 1.760317 1.344181
v -0.327721 1.759001 1.352074
v -0.371473 1.76265 1.330183
v -0.381373 1.763647 1.324203
v -0.384523 1.764194 1.320921
v -0.386469 1.764751 1.317576
v -0.387598 1.765406 1.313645
v -0.387825 1.765928 1.310517
v -0.387263 1.766726 1.305727
v -0.385942 1.76732 1.302163
v -0.383695 1.767858 1.298935
v -0.380754 1.768281 1.296396
v -0.378421 1.76851 1.295022
v -0.371831 1.768898 1.292695
v -0.358762 1.769123 1.291343
v -0.541017 1.748311 1.416214
v -0.567427 1.748342 1.41603
v -0.500576 1.766247 1.3086
v -0.498578 1.767358 1.301935
v -0.497373 1.768175 1.297033
v -0.496697 1.768174 1.297038
v -0.493663 1.766205 1.308854
v -0.456487 1.748213 1.416806
v -0.427998 1.74818 1.417005
v -0.483948 1.772074 1.27364
v -0.472583 1.776402 1.247668
v -0.467625 1.777879 1.238807
v -0.462845 1.778755 1.233551
v -0.45775 1.779322 1.23015
v -0.452119 1.779646 1.228205
v -0.446341 1.779739 1.227647
v -0.437883 1.779563 1.228703
v -0.431909 1.779244 1.23062
v -0.431748 1.78297 1.208262
v -0.43925 1.783233 1.206684
v -0.448161 1.783331 1.206096
v -0.457688 1.783177 1.207022
v -0.467845 1.78259 1.210545
v -0.476833 1.78161 1.216424
v -0.481113 1.780954 1.220361
v -0.492253 1.778489 1.235146
v -0.500322 1.775751 1.251577
v -0.703389 1.768569 1.294669
v -0.703225 1.772381 1.271798
v -0.620263 1.768472 1.29525
v -0.620748 1.757225 1.362734
v -0.693477 1.75731 1.362225
v -0.693643 1.753481 1.385198
v -0.620913 1.753396 1.385707
v -0.621375 1.742696 1.449908
v -0.699875 1.742787 1.449359
v -0.700041 1.738941 1.472435
v -0.595288 1.738819 1.473168
v -0.593845 1.772253 1.272563
v -0.868402 1.763212 1.326814
v -0.8582 1.765262 1.314509
v -0.87675 1.767899 1.298687
v -0.85441 1.76582 1.311166
v -0.855267 1.77039 1.283743
v -0.840873 1.767253 1.302564
v -0.831989 1.771847 1.275003
v -0.823429 1.768252 1.296569
v -0.797581 1.772491 1.271138
v -0.797589 1.768679 1.29401
v -0.741643 1.772426 1.271529
v -0.768061 1.768644 1.294216
v -0.743086 1.738991 1.472134
v -0.769173 1.742868 1.448874
v -0.801103 1.739059 1.471728
v -0.799897 1.742904 1.44866
v -0.832095 1.739658 1.468137
v -0.826101 1.743411 1.445616
v -0.85658 1.741159 1.459128
v -0.84369 1.744479 1.439209
v -0.8778 1.743576 1.444627
v -0.858454 1.746117 1.429378
v -0.884644 1.744687 1.437959
v -0.865102 1.74724 1.422644
v -0.89718 1.747603 1.420464
v -0.872649 1.749174 1.41104
v -0.904651 1.750787 1.401361
v -0.878013 1.751713 1.395805
v -0.90796 1.755474 1.373237
v -0.88035 1.755562 1.372712
v -0.90727 1.757583 1.360587
v -0.879586 1.757678 1.360013
v -0.902197 1.761495 1.337115
v -0.875509 1.760737 1.341662
v -0.892056 1.764943 1.316423
v -0.799897 1.741917 1.448495
v -0.769173 1.741882 1.44871
v -0.768061 1.767658 1.294052
v -0.797589 1.767692 1.293845
v -0.8582 1.764276 1.314344
v -0.85441 1.764833 1.311001
v -0.840873 1.766267 1.302399
v -0.823429 1.767266 1.296404
v -0.88035 1.754575 1.372548
v -0.879586 1.756692 1.359849
v -0.875509 1.75975 1.341498
v -0.868402 1.762225 1.326649
v -0.858454 1.745131 1.429214
v -0.865102 1.746253 1.422479
v -0.872649 1.748187 1.410875
v -0.878013 1.750727 1.39564
v -0.826101 1.742425 1.445451
v -0.84369 1.743493 1.439045
v -0.975932 1.759776 1.347428
v -1.006944 1.745914 1.430596
v -0.997404 1.739288 1.470355
v -0.918501 1.772632 1.270292
v -0.94751 1.772666 1.270089
v -0.967452 1.763544 1.324821
v -1.008748 1.744919 1.43657
v -1.010372 1.743577 1.444623
v -1.025477 1.739321 1.470158
v -1.010996 1.743577 1.444619
v -1.012579 1.744994 1.436121
v -1.014066 1.745923 1.430546
v -1.044191 1.759855 1.346951
v -1.101494 1.772845 1.269012
v -1.072486 1.772811 1.269215
v -1.052138 1.763642 1.324229
v -0.975932 1.758789 1.347264
v -1.044191 1.758869 1.346786
v -1.014066 1.744936 1.430382
v -1.010996 1.742591 1.444454
v -1.012579 1.744007 1.435956
v -1.010372 1.74259 1.444459
v -1.006944 1.744928 1.430431
v -1.008748 1.743932 1.436406
v 0.868134 1.775187 1.25496
v 0.846971 1.779591 1.228539
v 0.879897 1.754248 1.380596
v 0.396447 1.743163 1.447105
v 0.440728 1.730512 1.523011
v 0.635203 1.746926 1.424527
v 0.735639 1.753844 1.383021
v 0.722037 1.754559 1.378727
v 0.902129 1.712783 1.629383
v 0.86956 1.710055 1.645755
v 0.878109 1.695508 1.733038
v 0.787684 1.694924 1.736538
v 0.743608 1.71233 1.632106
v 0.721067 1.704804 1.677259
v 0.82092 1.69441 1.739623
v 0.71011 1.755791 1.371336
v 0.70047 1.757448 1.361397
v 0.599639 1.760518 1.342976
v 0.693791 1.759365 1.349891
v 0.690061 1.761532 1.336893
v 0.599741 1.762895 1.328714
v 0.689651 1.763836 1.323068
v 0.759069 1.753954 1.382361
v 0.776758 1.739333 1.470083
v 0.771765 1.754739 1.377647
v 0.808859 1.741262 1.458513
v 0.783187 1.75603 1.369903
v 0.838729 1.744566 1.438688
v 0.790303 1.757272 1.362451
v 0.863021 1.748996 1.412104
v 0.797546 1.759269 1.350466
v 0.801515 1.761523 1.336945
v 0.690442 1.740403 1.463665
v 0.725238 1.738919 1.472566
v 0.743301 1.738717 1.473779
v 0.347715 1.719685 1.587972
v 0.336148 1.719699 1.587891
v 0.27631 1.706931 1.664496
v 0.308774 1.720284 1.584379
v 0.269634 1.707308 1.662238
v 0.283598 1.721907 1.574639
v 0.226718 1.710853 1.640966
v 0.187656 1.71634 1.608043
v 0.757797 1.689283 1.770383
v 0.688314 1.698478 1.715215
v 0.723611 1.684539 1.798849
v 0.649728 1.693912 1.742613
v 0.688253 1.680994 1.820121
v 0.909705 1.751226 1.398725
v 0.900479 1.76924 1.29064
v 0.88203 1.770173 1.285045
v 0.833719 1.708764 1.653499
v 0.82009 1.708674 1.654036
v 0.804298 1.694578 1.738615
v 0.787603 1.709348 1.649994
v 0.755221 1.71128 1.638401
v 0.783979 1.769777 1.28742
v 0.772574 1.771115 1.279394
v 0.818951 1.783153 1.207167
v 0.759287 1.771962 1.274309
v 0.26127 1.724504 1.559056
v 0.244454 1.727642 1.540229
v 0.15835 1.723127 1.56732
v 0.231254 1.731767 1.515478
v 0.140889 1.730404 1.523659
v 0.134504 1.738238 1.476652
v 0.224745 1.736345 1.488014
v 0.224163 1.738372 1.475853
v 0.141422 1.746664 1.426097
v 0.227813 1.742983 1.448188
v 0.159844 1.754175 1.381034
v 0.237943 1.747209 1.422831
v 0.188979 1.760759 1.34153
v 0.931809 1.698871 1.712856
v 0.978006 1.704139 1.681252
v 0.929211 1.716699 1.605891
v 0.987697 1.705626 1.672325
v 0.949169 1.721436 1.577465
v 1.022937 1.712955 1.628353
v 0.961478 1.72674 1.545641
v 0.745393 1.753691 1.383934
v 0.659947 1.743157 1.447142
v 0.353581 1.688061 1.777718
v 0.411346 1.69881 1.71322
v 0.306419 1.697145 1.723213
v 0.378818 1.705227 1.674724
v 0.356602 1.712892 1.628728
v 0.793029 1.768027 1.297918
v 0.798995 1.76605 1.309786
v 0.801939 1.763842 1.323032
v 0.621403 1.67684 1.845043
v 0.602394 1.690811 1.761219
v 0.549697 1.67547 1.85326
v 0.548866 1.689735 1.767673
v 0.490139 1.676569 1.846666
v 0.499564 1.690796 1.761305
v 0.417758 1.680858 1.820935
v 0.454368 1.693718 1.743777
v 0.413981 1.698411 1.715614
v 0.785783 1.785523 1.192943
v 0.751716 1.786468 1.187275
v 0.746193 1.772233 1.272684
v 0.745362 1.786498 1.187098
v 0.732317 1.771969 1.274271
v 0.711627 1.78588 1.1908
v 0.719701 1.771184 1.278977
v 0.679192 1.783932 1.20249
v 0.708583 1.769924 1.286537
v 0.650094 1.780719 1.221771
v 0.699313 1.768201 1.296876
v 0.625896 1.776322 1.248149
v 0.692815 1.76613 1.309303
v 0.608838 1.771007 1.280039
v 0.600479 1.765134 1.315279
v 1.046317 1.721493 1.577128
v 1.056339 1.730417 1.523582
v 0.96571 1.732277 1.51242
v 1.056826 1.732646 1.510205
v 0.964194 1.735882 1.490794
v 1.050148 1.742022 1.453951
v 0.954134 1.74173 1.455705
v 1.029727 1.750893 1.400727
v 0.935766 1.746881 1.424796
v 0.997214 1.758628 1.354316
v 0.952531 1.764987 1.316158
v 0.447045 1.765275 1.314435
v 0.443723 1.766905 1.304655
v 0.401398 1.756487 1.367163
v 0.437909 1.768432 1.29549
v 0.447947 1.763785 1.323373
v 0.402805 1.756468 1.367274
v 0.447581 1.762898 1.328693
v 0.412041 1.756617 1.366382
v 0.422131 1.757172 1.363049
v 0.253995 1.7509 1.400685
v 0.256169 1.751278 1.398417
v 0.228387 1.76617 1.309062
v 0.277715 1.754115 1.381395
v 0.272642 1.769676 1.288029
v 0.303344 1.756018 1.369975
v 0.321021 1.771302 1.278268
v 0.329072 1.756792 1.365331
v 0.406333 1.771203 1.278865
v 0.394139 1.756716 1.365787
v 0.409856 1.771138 1.279253
v 0.397067 1.75665 1.366186
v 0.419575 1.770694 1.28192
v 0.429643 1.76975 1.287582
v 0.431294 1.758124 1.35734
v 0.439086 1.759461 1.349316
v 0.444676 1.761089 1.33955
v 0.745393 1.752705 1.383769
v 0.735639 1.752857 1.382857
v 0.722037 1.753573 1.378563
v 0.71011 1.754805 1.371172
v 0.70047 1.756461 1.361233
v 0.693791 1.758379 1.349727
v 0.690061 1.760545 1.336729
v 0.689651 1.762849 1.322904
v 0.692815 1.765144 1.309139
v 0.699313 1.767215 1.296711
v 0.708583 1.768938 1.286372
v 0.719701 1.770198 1.278812
v 0.732317 1.770982 1.274107
v 0.746193 1.771247 1.27252
v 0.759287 1.770976 1.274144
v 0.772574 1.770128 1.27923
v 0.783979 1.768791 1.287256
v 0.793029 1.767041 1.297754
v 0.798995 1.765063 1.309621
v 0.801939 1.762855 1.322868
v 0.801515 1.760537 1.336781
v 0.797546 1.758283 1.350301
v 0.790303 1.756286 1.362287
v 0.783187 1.755044 1.369739
v 0.771765 1.753753 1.377482
v 0.759069 1.752967 1.382197
usemtl 1
f 1// 2// 3//
f 4// 5// 6//
f 7// 8// 9//
f 10// 11// 12//
f 13// 14// 15//
f 16// 17// 18//
f 19// 20// 21//
f 22// 23// 24//
f 25// 26// 27//
f 28// 29// 30//
f 31// 32// 33//
f 34// 35// 36//
f 36// 35// 1//
f 37// 38// 36//
f 36// 38// 39//
f 39// 40// 36//
f 36// 40// 41//
f 36// 41// 34//
f 37// 36// 42//
f 42// 36// 43//
f 42// 43// 44//
f 33// 32// 45//
f 32// 46// 45//
f 45// 46// 47//
f 45// 47// 48//
f 48// 47// 49//
f 50// 51// 33//
f 33// 51// 52//
f 33// 52// 31//
f 50// 53// 51//
f 51// 53// 54//
f 51// 54// 55//
f 55// 54// 56//
f 55// 56// 57//
f 58// 59// 50//
f 50// 59// 60//
f 50// 60// 53//
f 61// 62// 63//
f 63// 64// 61//
f 61// 64// 65//
f 61// 65// 50//
f 50// 65// 66//
f 50// 66// 58//
f 67// 68// 69//
f 69// 68// 70//
f 69// 70// 71//
f 71// 70// 72//
f 71// 72// 62//
f 62// 72// 73//
f 62// 73// 63//
f 74// 75// 76//
f 77// 78// 79//
f 80// 77// 81//
f 82// 83// 84//
f 84// 83// 85//
f 69// 86// 67//
f 67// 86// 76//
f 67// 76// 87//
f 87// 76// 75//
f 88// 89// 80//
f 80// 89// 90//
f 80// 90// 91//
f 92// 93// 76//
f 76// 93// 94//
f 85// 95// 84//
f 84// 95// 96//
f 84// 96// 97//
f 98// 99// 80//
f 80// 99// 100//
f 80// 100// 88//
f 91// 101// 80//
f 80// 101// 102//
f 80// 102// 77//
f 77// 102// 103//
f 77// 103// 78//
f 104// 105// 106//
f 106// 105// 107//
f 106// 107// 84//
f 84// 107// 108//
f 84// 108// 82//
f 81// 109// 80//
f 80// 109// 110//
f 80// 110// 111//
f 94// 112// 76//
f 76// 112// 113//
f 76// 113// 74//
f 79// 114// 77//
f 77// 114// 115//
f 77// 115// 116//
f 116// 115// 104//
f 116// 104// 117//
f 117// 104// 106//
f 118// 119// 84//
f 84// 119// 120//
f 84// 120// 121//
f 111// 122// 80//
f 80// 122// 123//
f 80// 123// 76//
f 76// 123// 124//
f 76// 124// 92//
f 97// 125// 84//
f 84// 125// 126//
f 84// 126// 127//
f 127// 128// 84//
f 84// 128// 129//
f 84// 129// 118//
f 120// 130// 121//
f 121// 130// 131//
f 121// 131// 132//
f 132// 131// 133//
f 134// 30// 135//
f 135// 30// 136//
f 135// 136// 137//
f 137// 136// 138//
f 133// 139// 132//
f 132// 139// 140//
f 132// 140// 136//
f 136// 140// 141//
f 136// 141// 138//
f 28// 142// 29//
f 29// 142// 143//
f 29// 143// 144//
f 145// 146// 147//
f 145// 147// 148//
f 149// 150// 151//
f 150// 149// 147//
f 147// 149// 152//
f 147// 152// 148//
f 151// 153// 149//
f 149// 153// 154//
f 149// 154// 134//
f 134// 154// 155//
f 134// 155// 30//
f 30// 155// 156//
f 30// 156// 28//
f 157// 158// 159//
f 158// 138// 159//
f 159// 138// 141//
f 159// 141// 160//
f 160// 141// 161//
f 161// 162// 160//
f 160// 162// 163//
f 160// 163// 164//
f 165// 166// 167//
f 166// 168// 167//
f 167// 168// 169//
f 167// 169// 170//
f 171// 167// 172//
f 157// 159// 171//
f 171// 159// 173//
f 171// 173// 167//
f 167// 173// 174//
f 167// 174// 165//
f 172// 175// 171//
f 171// 175// 176//
f 171// 176// 177//
f 170// 169// 178//
f 178// 169// 179//
f 178// 179// 180//
f 180// 179// 181//
f 180// 181// 182//
f 183// 184// 177//
f 177// 184// 185//
f 177// 185// 171//
f 186// 187// 188//
f 2// 189// 186//
f 186// 189// 190//
f 186// 190// 187//
f 35// 191// 1//
f 1// 191// 192//
f 1// 192// 2//
f 2// 192// 193//
f 2// 193// 189//
f 194// 195// 196//
f 197// 198// 199//
f 200// 201// 196//
f 202// 203// 197//
f 197// 203// 204//
f 197// 204// 198//
f 201// 205// 196//
f 196// 205// 206//
f 196// 206// 194//
f 199// 207// 197//
f 197// 207// 208//
f 197// 208// 209//
f 209// 208// 210//
f 26// 211// 212//
f 200// 196// 213//
f 213// 196// 214//
f 213// 214// 215//
f 216// 217// 218//
f 218// 217// 219//
f 218// 219// 220//
f 220// 219// 221//
f 220// 221// 222//
f 222// 221// 223//
f 224// 225// 226//
f 226// 225// 227//
f 227// 225// 228//
f 228// 225// 3//
f 228// 3// 229//
f 229// 3// 2//
f 229// 2// 230//
f 230// 2// 186//
f 230// 186// 98//
f 98// 186// 188//
f 98// 188// 99//
f 226// 221// 224//
f 224// 221// 219//
f 224// 219// 231//
f 231// 219// 232//
f 231// 232// 80//
f 80// 232// 233//
f 80// 233// 98//
f 98// 233// 234//
f 98// 234// 230//
f 235// 236// 237//
f 237// 236// 238//
f 239// 240// 241//
f 240// 239// 242//
f 242// 239// 243//
f 242// 243// 244//
f 245// 246// 247//
f 247// 246// 248//
f 247// 248// 249//
f 235// 237// 250//
f 250// 237// 251//
f 250// 251// 252//
f 253// 248// 254//
f 254// 248// 246//
f 254// 246// 255//
f 255// 246// 245//
f 255// 245// 256//
f 257// 258// 259//
f 260// 261// 262//
f 262// 261// 263//
f 264// 265// 266//
f 266// 265// 267//
f 266// 267// 258//
f 258// 267// 268//
f 258// 268// 259//
f 269// 270// 271//
f 272// 273// 260//
f 260// 273// 274//
f 260// 274// 261//
f 275// 276// 272//
f 272// 276// 277//
f 272// 277// 278//
f 279// 280// 281//
f 282// 283// 284//
f 284// 283// 285//
f 284// 285// 286//
f 286// 285// 279//
f 286// 279// 278//
f 278// 279// 281//
f 278// 281// 272//
f 272// 281// 287//
f 272// 287// 273//
f 284// 288// 289//
f 290// 291// 284//
f 284// 291// 292//
f 284// 292// 293//
f 290// 294// 291//
f 291// 294// 295//
f 291// 295// 296//
f 296// 295// 297//
f 296// 297// 298//
f 293// 299// 284//
f 284// 299// 300//
f 284// 300// 301//
f 289// 302// 284//
f 284// 302// 303//
f 284// 303// 282//
f 301// 304// 284//
f 284// 304// 305//
f 284// 305// 288//
f 306// 307// 308//
f 308// 307// 309//
f 308// 309// 310//
f 18// 311// 312//
f 312// 313// 18//
f 18// 313// 314//
f 18// 314// 16//
f 315// 316// 18//
f 18// 316// 317//
f 18// 317// 311//
f 318// 319// 320//
f 320// 319// 321//
f 320// 321// 315//
f 315// 321// 322//
f 315// 322// 316//
f 13// 323// 14//
f 14// 323// 324//
f 14// 324// 325//
f 325// 326// 14//
f 14// 326// 327//
f 14// 327// 328//
f 329// 330// 331//
f 331// 330// 21//
f 331// 21// 332//
f 332// 21// 20//
f 333// 334// 315//
f 315// 334// 335//
f 315// 335// 320//
f 320// 335// 336//
f 320// 336// 337//
f 338// 339// 340//
f 341// 342// 343//
f 339// 344// 345//
f 345// 344// 346//
f 345// 346// 347//
f 347// 346// 348//
f 347// 348// 349//
f 349// 348// 350//
f 349// 350// 351//
f 351// 350// 341//
f 351// 341// 352//
f 352// 341// 343//
f 352// 343// 353//
f 354// 355// 356//
f 356// 355// 357//
f 354// 356// 358//
f 358// 356// 359//
f 358// 359// 360//
f 361// 362// 363//
f 363// 362// 364//
f 363// 364// 359//
f 359// 364// 365//
f 359// 365// 360//
f 366// 367// 368//
f 368// 367// 369//
f 368// 369// 370//
f 371// 372// 373//
f 11// 374// 12//
f 12// 374// 375//
f 12// 375// 376//
f 377// 378// 379//
f 379// 378// 380//
f 379// 380// 373//
f 381// 382// 383//
f 383// 382// 384//
f 383// 384// 385//
f 383// 386// 369//
f 369// 386// 387//
f 369// 387// 370//
f 385// 388// 383//
f 383// 388// 389//
f 383// 389// 386//
f 390// 391// 392//
f 392// 391// 393//
f 392// 393// 394//
f 392// 395// 390//
f 390// 395// 396//
f 390// 396// 397//
f 397// 398// 390//
f 390// 398// 399//
f 390// 399// 400//
f 400// 399// 401//
f 400// 401// 402//
f 402// 401// 403//
f 402// 403// 373//
f 373// 403// 404//
f 373// 404// 371//
f 405// 406// 394//
f 394// 406// 407//
f 394// 407// 392//
f 408// 409// 361//
f 361// 409// 410//
f 361// 410// 362//
f 408// 411// 409//
f 409// 411// 412//
f 409// 412// 413//
f 413// 412// 414//
f 413// 415// 416//
f 414// 417// 413//
f 413// 417// 418//
f 413// 418// 419//
f 419// 420// 413//
f 413// 420// 421//
f 413// 421// 415//
f 416// 422// 413//
f 413// 422// 423//
f 413// 423// 424//
f 425// 426// 427//
f 428// 429// 430//
f 430// 429// 431//
f 430// 431// 432//
f 433// 434// 435//
f 7// 9// 436//
f 434// 437// 435//
f 435// 437// 438//
f 435// 438// 439//
f 372// 440// 373//
f 373// 440// 381//
f 373// 381// 379//
f 379// 381// 383//
f 379// 383// 441//
f 441// 383// 442//
f 443// 444// 445//
f 439// 446// 435//
f 435// 446// 447//
f 435// 447// 383//
f 383// 447// 448//
f 383// 448// 442//
f 445// 449// 443//
f 443// 449// 450//
f 443// 450// 451//
f 451// 452// 443//
f 443// 452// 453//
f 443// 453// 454//
f 210// 25// 209//
f 209// 25// 27//
f 209// 27// 455//
f 455// 27// 456//
f 457// 458// 459//
f 459// 458// 460//
f 459// 460// 461//
f 461// 460// 462//
f 461// 462// 463//
f 428// 433// 429//
f 429// 433// 435//
f 429// 435// 464//
f 464// 435// 465//
f 464// 465// 466//
f 466// 465// 209//
f 466// 209// 462//
f 462// 209// 455//
f 462// 455// 463//
f 463// 455// 467//
f 455// 468// 467//
f 467// 468// 469//
f 467// 469// 470//
f 26// 212// 27//
f 27// 212// 471//
f 27// 471// 456//
f 427// 472// 425//
f 425// 472// 473//
f 425// 473// 8//
f 8// 473// 432//
f 8// 432// 9//
f 9// 432// 431//
f 9// 431// 474//
f 475// 476// 356//
f 356// 476// 477//
f 356// 477// 478//
f 478// 479// 356//
f 356// 479// 480//
f 356// 480// 481//
f 482// 483// 484//
f 484// 483// 485//
f 486// 487// 482//
f 482// 487// 488//
f 482// 488// 489//
f 489// 488// 490//
f 489// 490// 491//
f 481// 492// 356//
f 356// 492// 493//
f 356// 493// 494//
f 495// 496// 497//
f 497// 496// 498//
f 499// 500// 490//
f 490// 500// 501//
f 502// 503// 504//
f 504// 503// 505//
f 504// 505// 506//
f 507// 508// 504//
f 504// 508// 509//
f 504// 509// 510//
f 510// 511// 504//
f 504// 511// 512//
f 504// 512// 484//
f 501// 513// 490//
f 490// 513// 514//
f 490// 514// 515//
f 515// 516// 490//
f 490// 516// 517//
f 490// 517// 491//
f 498// 502// 497//
f 497// 502// 504//
f 497// 504// 494//
f 494// 504// 367//
f 494// 367// 356//
f 356// 367// 366//
f 356// 366// 359//
f 506// 518// 504//
f 504// 518// 519//
f 504// 519// 507//
f 512// 520// 484//
f 484// 520// 521//
f 484// 521// 482//
f 482// 521// 522//
f 482// 522// 486//
f 523// 524// 197//
f 197// 524// 196//
f 197// 196// 202//
f 202// 196// 195//
f 525// 526// 341//
f 341// 526// 342//
f 342// 526// 527//
f 342// 527// 528//
f 529// 530// 528//
f 528// 530// 523//
f 528// 523// 342//
f 342// 523// 197//
f 485// 475// 484//
f 484// 475// 356//
f 484// 356// 531//
f 531// 356// 532//
f 531// 532// 15//
f 15// 532// 330//
f 15// 330// 13//
f 13// 330// 329//
f 5// 471// 6//
f 6// 471// 212//
f 6// 212// 243//
f 243// 212// 245//
f 243// 245// 244//
f 244// 245// 247//
f 211// 215// 212//
f 212// 215// 214//
f 212// 214// 245//
f 245// 214// 252//
f 245// 252// 256//
f 256// 252// 251//
f 533// 534// 535//
f 535// 534// 43//
f 535// 43// 536//
f 536// 43// 36//
f 536// 36// 337//
f 337// 36// 1//
f 337// 1// 320//
f 320// 1// 3//
f 231// 504// 224//
f 224// 504// 484//
f 224// 484// 225//
f 225// 484// 531//
f 225// 531// 3//
f 3// 531// 15//
f 3// 15// 320//
f 320// 15// 14//
f 320// 14// 318//
f 318// 14// 328//
f 357// 10// 356//
f 356// 10// 12//
f 356// 12// 532//
f 532// 12// 537//
f 532// 537// 330//
f 330// 537// 538//
f 330// 538// 21//
f 21// 538// 281//
f 21// 281// 19//
f 19// 281// 280//
f 376// 377// 12//
f 12// 377// 379//
f 12// 379// 537//
f 537// 379// 539//
f 537// 539// 538//
f 538// 539// 540//
f 538// 540// 281//
f 281// 540// 24//
f 281// 24// 287//
f 287// 24// 23//
f 268// 22// 259//
f 259// 22// 24//
f 259// 24// 541//
f 541// 24// 540//
f 541// 540// 474//
f 474// 540// 539//
f 474// 539// 9//
f 9// 539// 379//
f 9// 379// 436//
f 436// 379// 441//
f 436// 441// 443//
f 443// 441// 542//
f 443// 542// 444//
f 543// 544// 239//
f 545// 546// 259//
f 259// 546// 262//
f 259// 262// 257//
f 257// 262// 263//
f 257// 263// 271//
f 271// 263// 547//
f 271// 547// 269//
f 543// 239// 548//
f 549// 550// 551//
f 551// 550// 552//
f 544// 553// 239//
f 239// 553// 554//
f 239// 554// 555//
f 546// 556// 262//
f 262// 556// 557//
f 262// 557// 551//
f 551// 557// 558//
f 551// 558// 559//
f 559// 560// 551//
f 551// 560// 561//
f 551// 561// 549//
f 238// 236// 241//
f 241// 236// 551//
f 241// 551// 239//
f 239// 551// 552//
f 239// 552// 548//
f 555// 545// 239//
f 239// 545// 259//
f 239// 259// 243//
f 243// 259// 541//
f 243// 541// 6//
f 6// 541// 474//
f 6// 474// 4//
f 4// 474// 431//
f 524// 525// 196//
f 196// 525// 341//
f 196// 341// 214//
f 214// 341// 350//
f 214// 350// 252//
f 252// 350// 348//
f 252// 348// 250//
f 250// 348// 346//
f 250// 346// 235//
f 235// 346// 344//
f 306// 308// 17//
f 17// 308// 562//
f 17// 562// 18//
f 18// 562// 534//
f 18// 534// 315//
f 315// 534// 533//
f 315// 533// 333//
f 339// 338// 344//
f 344// 338// 563//
f 344// 563// 235//
f 235// 563// 564//
f 235// 564// 236//
f 236// 564// 565//
f 236// 565// 551//
f 551// 565// 566//
f 551// 566// 262//
f 262// 566// 567//
f 262// 567// 260//
f 260// 567// 568//
f 260// 568// 272//
f 272// 568// 308//
f 272// 308// 275//
f 275// 308// 310//
f 275// 310// 276//
f 340// 569// 338//
f 338// 569// 570//
f 338// 570// 563//
f 563// 570// 571//
f 563// 571// 564//
f 564// 571// 572//
f 564// 572// 565//
f 565// 572// 573//
f 565// 573// 566//
f 566// 573// 574//
f 566// 574// 567//
f 567// 574// 575//
f 567// 575// 568//
f 568// 575// 576//
f 568// 576// 308//
f 308// 576// 577//
f 308// 577// 562//
f 562// 577// 578//
f 562// 578// 534//
f 534// 578// 48//
f 534// 48// 43//
f 43// 48// 49//
f 43// 49// 44//
f 579// 580// 581//
f 581// 580// 582//
f 583// 584// 585//
f 585// 584// 586//
f 587// 588// 589//
f 589// 588// 590//
f 591// 592// 593//
f 593// 592// 594//
f 595// 596// 597//
f 597// 596// 598//
f 599// 600// 601//
f 601// 600// 602//
f 603// 604// 605//
f 605// 604// 606//
f 605// 606// 607//
f 608// 609// 610//
f 610// 609// 611//
f 610// 611// 612//
f 609// 613// 611//
f 611// 613// 614//
f 611// 614// 603//
f 603// 614// 615//
f 603// 615// 604//
f 616// 617// 618//
f 618// 617// 619//
f 618// 619// 620//
f 620// 619// 621//
f 620// 621// 622//
f 622// 621// 609//
f 622// 609// 623//
f 623// 609// 608//
f 624// 625// 611//
f 611// 625// 626//
f 611// 626// 612//
f 627// 628// 629//
f 629// 628// 630//
f 629// 630// 631//
f 632// 633// 634//
f 634// 633// 635//
f 634// 635// 636//
f 633// 637// 635//
f 635// 637// 638//
f 635// 638// 627//
f 627// 638// 639//
f 627// 639// 628//
f 640// 641// 642//
f 642// 641// 643//
f 642// 643// 644//
f 644// 643// 645//
f 644// 645// 646//
f 646// 645// 633//
f 646// 633// 647//
f 647// 633// 632//
f 648// 649// 635//
f 635// 649// 650//
f 635// 650// 636//
f 651// 652// 653//
f 653// 652// 654//
f 655// 656// 603//
f 603// 656// 611//
f 657// 658// 659//
f 659// 658// 660//
f 635// 627// 76//
f 76// 627// 343//
f 661// 662// 663//
f 663// 662// 664//
f 658// 665// 666//
f 667// 591// 668//
f 668// 591// 593//
f 668// 593// 666//
f 666// 593// 660//
f 666// 660// 658//
f 596// 669// 670//
f 671// 651// 672//
f 672// 651// 653//
f 672// 653// 670//
f 670// 653// 598//
f 670// 598// 596//
f 673// 674// 655//
f 655// 674// 675//
f 655// 675// 656//
f 656// 675// 676//
f 652// 677// 678//
f 679// 595// 680//
f 680// 595// 597//
f 680// 597// 678//
f 678// 597// 654//
f 678// 654// 652//
f 592// 681// 682//
f 683// 657// 684//
f 684// 657// 659//
f 684// 659// 682//
f 682// 659// 594//
f 682// 594// 592//
f 685// 686// 687//
f 687// 686// 688//
f 687// 688// 689//
f 689// 688// 690//
f 689// 690// 691//
f 691// 690// 692//
f 693// 694// 695//
f 695// 694// 696//
f 695// 696// 697//
f 697// 696// 698//
f 697// 698// 699//
f 699// 698// 700//
f 580// 579// 701//
f 701// 579// 702//
f 701// 702// 703//
f 704// 589// 590//
f 705// 706// 701//
f 585// 586// 703//
f 703// 586// 707//
f 703// 707// 701//
f 701// 707// 704//
f 701// 704// 705//
f 705// 704// 590//
f 663// 664// 706//
f 706// 664// 708//
f 706// 708// 701//
f 701// 708// 709//
f 701// 709// 710//
f 710// 709// 711//
f 710// 711// 712//
f 712// 711// 713//
f 712// 713// 714//
f 714// 713// 715//
f 714// 715// 716//
f 715// 45// 48//
f 715// 48// 716//
f 716// 48// 578//
f 716// 578// 577//
f 577// 576// 716//
f 716// 576// 575//
f 716// 575// 574//
f 574// 573// 716//
f 716// 573// 572//
f 716// 572// 571//
f 571// 570// 716//
f 716// 570// 569//
f 716// 569// 340//
f 717// 718// 719//
f 719// 718// 720//
f 719// 720// 662//
f 664// 717// 721//
f 721// 717// 719//
f 721// 719// 722//
f 722// 719// 723//
f 722// 723// 724//
f 724// 723// 725//
f 724// 725// 726//
f 726// 725// 727//
f 726// 727// 728//
f 728// 727// 729//
f 728// 729// 730//
f 730// 729// 731//
f 730// 731// 732//
f 732// 731// 733//
f 732// 733// 734//
f 734// 733// 735//
f 734// 735// 736//
f 736// 735// 737//
f 736// 737// 738//
f 738// 737// 739//
f 738// 739// 670//
f 670// 739// 672//
f 740// 741// 742//
f 743// 744// 745//
f 746// 747// 748//
f 664// 749// 750//
f 751// 749// 664//
f 748// 747// 664//
f 752// 664// 747//
f 753// 754// 755//
f 755// 754// 756//
f 757// 758// 759//
f 759// 758// 760//
f 759// 760// 756//
f 756// 760// 761//
f 756// 761// 755//
f 757// 759// 762//
f 762// 759// 763//
f 762// 763// 764//
f 764// 763// 765//
f 764// 765// 766//
f 766// 765// 767//
f 767// 765// 768//
f 767// 768// 769//
f 769// 768// 738//
f 769// 738// 670//
f 721// 751// 664//
f 770// 771// 746//
f 746// 771// 772//
f 746// 772// 747//
f 747// 772// 773//
f 747// 773// 752//
f 774// 750// 775//
f 775// 750// 749//
f 775// 749// 776//
f 776// 749// 751//
f 776// 751// 777//
f 744// 770// 745//
f 745// 770// 746//
f 745// 746// 778//
f 778// 746// 748//
f 778// 748// 779//
f 779// 748// 664//
f 721// 722// 751//
f 751// 722// 724//
f 751// 724// 777//
f 777// 724// 726//
f 777// 726// 728//
f 780// 774// 781//
f 781// 774// 775//
f 781// 775// 782//
f 782// 775// 776//
f 782// 776// 783//
f 783// 776// 777//
f 783// 777// 784//
f 784// 777// 728//
f 742// 780// 785//
f 785// 780// 781//
f 785// 781// 786//
f 786// 781// 782//
f 786// 782// 787//
f 787// 782// 783//
f 787// 783// 788//
f 788// 783// 784//
f 788// 784// 789//
f 741// 743// 742//
f 742// 743// 745//
f 742// 745// 780//
f 780// 745// 778//
f 780// 778// 774//
f 774// 778// 779//
f 774// 779// 750//
f 750// 779// 664//
f 753// 45// 754//
f 754// 45// 790//
f 754// 790// 740//
f 728// 730// 784//
f 784// 730// 732//
f 784// 732// 789//
f 789// 732// 734//
f 789// 734// 736//
f 740// 742// 754//
f 754// 742// 785//
f 754// 785// 756//
f 756// 785// 786//
f 756// 786// 759//
f 759// 786// 787//
f 759// 787// 763//
f 763// 787// 788//
f 763// 788// 765//
f 765// 788// 789//
f 765// 789// 768//
f 768// 789// 736//
f 768// 736// 738//
f 791// 792// 793//
f 794// 795// 796//
f 797// 798// 799//
f 580// 800// 801//
f 802// 800// 580//
f 799// 798// 580//
f 803// 580// 798//
f 804// 805// 806//
f 806// 805// 807//
f 806// 807// 808//
f 808// 807// 809//
f 809// 807// 810//
f 809// 810// 811//
f 811// 810// 812//
f 812// 810// 813//
f 812// 813// 814//
f 814// 813// 815//
f 815// 813// 816//
f 815// 816// 817//
f 817// 816// 818//
f 818// 816// 819//
f 818// 819// 820//
f 820// 819// 821//
f 820// 821// 340//
f 822// 802// 580//
f 823// 824// 797//
f 797// 824// 825//
f 797// 825// 798//
f 798// 825// 826//
f 798// 826// 803//
f 827// 801// 828//
f 828// 801// 800//
f 828// 800// 829//
f 829// 800// 802//
f 829// 802// 830//
f 795// 823// 796//
f 796// 823// 797//
f 796// 797// 831//
f 831// 797// 799//
f 831// 799// 832//
f 832// 799// 580//
f 822// 833// 802//
f 802// 833// 834//
f 802// 834// 830//
f 830// 834// 835//
f 830// 835// 836//
f 837// 827// 838//
f 838// 827// 828//
f 838// 828// 839//
f 839// 828// 829//
f 839// 829// 840//
f 840// 829// 830//
f 840// 830// 841//
f 841// 830// 836//
f 793// 837// 842//
f 842// 837// 838//
f 842// 838// 843//
f 843// 838// 839//
f 843// 839// 844//
f 844// 839// 840//
f 844// 840// 845//
f 845// 840// 841//
f 845// 841// 846//
f 792// 794// 793//
f 793// 794// 796//
f 793// 796// 837//
f 837// 796// 831//
f 837// 831// 827//
f 827// 831// 832//
f 827// 832// 801//
f 801// 832// 580//
f 804// 668// 805//
f 805// 668// 847//
f 805// 847// 791//
f 836// 848// 841//
f 841// 848// 849//
f 841// 849// 846//
f 846// 849// 850//
f 846// 850// 851//
f 791// 793// 805//
f 805// 793// 842//
f 805// 842// 807//
f 807// 842// 843//
f 807// 843// 810//
f 810// 843// 844//
f 810// 844// 813//
f 813// 844// 845//
f 813// 845// 816//
f 816// 845// 846//
f 816// 846// 819//
f 819// 846// 851//
f 819// 851// 821//
f 852// 582// 853//
f 580// 803// 854//
f 854// 803// 855//
f 853// 855// 852//
f 852// 855// 803//
f 852// 803// 856//
f 856// 803// 826//
f 856// 826// 857//
f 857// 826// 825//
f 857// 825// 858//
f 858// 825// 824//
f 858// 824// 859//
f 859// 824// 823//
f 859// 823// 860//
f 860// 823// 795//
f 860// 795// 861//
f 861// 795// 794//
f 861// 794// 862//
f 862// 794// 792//
f 862// 792// 863//
f 863// 792// 791//
f 863// 791// 864//
f 864// 791// 847//
f 864// 847// 666//
f 666// 847// 668//
f 662// 661// 865//
f 865// 661// 866//
f 867// 588// 587//
f 868// 869// 870//
f 587// 868// 867//
f 867// 868// 870//
f 867// 870// 866//
f 581// 582// 871//
f 871// 582// 870//
f 871// 870// 872//
f 872// 870// 869//
f 872// 869// 583//
f 583// 869// 584//
f 866// 870// 865//
f 865// 870// 873//
f 865// 873// 874//
f 874// 873// 875//
f 874// 875// 876//
f 876// 875// 877//
f 876// 877// 878//
f 878// 877// 879//
f 878// 879// 880//
f 880// 879// 675//
f 880// 675// 674//
f 737// 735// 881//
f 733// 731// 882//
f 883// 884// 885//
f 662// 886// 887//
f 888// 886// 662//
f 885// 884// 662//
f 719// 662// 884//
f 889// 890// 891//
f 891// 890// 892//
f 893// 894// 895//
f 895// 894// 896//
f 895// 896// 892//
f 892// 896// 897//
f 892// 897// 891//
f 893// 895// 898//
f 898// 895// 899//
f 898// 899// 900//
f 900// 899// 901//
f 900// 901// 902//
f 902// 901// 903//
f 903// 901// 904//
f 903// 904// 905//
f 905// 904// 906//
f 905// 906// 674//
f 907// 888// 662//
f 729// 727// 883//
f 883// 727// 725//
f 883// 725// 884//
f 884// 725// 723//
f 884// 723// 719//
f 908// 887// 909//
f 909// 887// 886//
f 909// 886// 910//
f 910// 886// 888//
f 910// 888// 911//
f 731// 729// 882//
f 882// 729// 883//
f 882// 883// 912//
f 912// 883// 885//
f 912// 885// 913//
f 913// 885// 662//
f 907// 914// 888//
f 888// 914// 915//
f 888// 915// 911//
f 911// 915// 916//
f 911// 916// 917//
f 918// 908// 919//
f 919// 908// 909//
f 919// 909// 920//
f 920// 909// 910//
f 920// 910// 921//
f 921// 910// 911//
f 921// 911// 922//
f 922// 911// 917//
f 881// 918// 923//
f 923// 918// 919//
f 923// 919// 924//
f 924// 919// 920//
f 924// 920// 925//
f 925// 920// 921//
f 925// 921// 926//
f 926// 921// 922//
f 926// 922// 927//
f 735// 733// 881//
f 881// 733// 882//
f 881// 882// 918//
f 918// 882// 912//
f 918// 912// 908//
f 908// 912// 913//
f 908// 913// 887//
f 887// 913// 662//
f 889// 672// 890//
f 890// 672// 739//
f 890// 739// 737//
f 917// 928// 922//
f 922// 928// 929//
f 922// 929// 927//
f 927// 929// 930//
f 927// 930// 931//
f 737// 881// 890//
f 890// 881// 923//
f 890// 923// 892//
f 892// 923// 924//
f 892// 924// 895//
f 895// 924// 925//
f 895// 925// 899//
f 899// 925// 926//
f 899// 926// 901//
f 901// 926// 927//
f 901// 927// 904//
f 904// 927// 931//
f 904// 931// 906//
f 86// 45// 932//
f 932// 45// 753//
f 932// 753// 933//
f 933// 753// 755//
f 933// 755// 934//
f 934// 755// 761//
f 934// 761// 935//
f 761// 760// 935//
f 935// 760// 758//
f 935// 758// 936//
f 758// 757// 936//
f 936// 757// 762//
f 936// 762// 937//
f 937// 762// 764//
f 937// 764// 938//
f 938// 764// 766//
f 938// 766// 939//
f 939// 766// 767//
f 939// 767// 940//
f 940// 767// 669//
f 669// 767// 769//
f 669// 769// 670//
f 667// 668// 941//
f 941// 668// 804//
f 941// 804// 942//
f 942// 804// 806//
f 942// 806// 943//
f 943// 806// 808//
f 943// 808// 944//
f 808// 809// 944//
f 944// 809// 811//
f 944// 811// 945//
f 811// 812// 945//
f 945// 812// 814//
f 945// 814// 946//
f 946// 814// 815//
f 946// 815// 947//
f 947// 815// 817//
f 947// 817// 948//
f 948// 817// 818//
f 948// 818// 949//
f 949// 818// 353//
f 353// 818// 820//
f 353// 820// 340//
f 950// 951// 952//
f 953// 954// 955//
f 956// 957// 958//
f 582// 959// 960//
f 961// 959// 582//
f 958// 957// 582//
f 962// 582// 957//
f 963// 964// 965//
f 965// 964// 966//
f 967// 968// 969//
f 969// 968// 970//
f 969// 970// 966//
f 966// 970// 971//
f 966// 971// 965//
f 967// 969// 972//
f 972// 969// 973//
f 972// 973// 974//
f 974// 973// 975//
f 974// 975// 976//
f 976// 975// 977//
f 977// 975// 978//
f 977// 978// 979//
f 979// 978// 864//
f 979// 864// 666//
f 852// 961// 582//
f 980// 981// 956//
f 956// 981// 982//
f 956// 982// 957//
f 957// 982// 983//
f 957// 983// 962//
f 984// 960// 985//
f 985// 960// 959//
f 985// 959// 986//
f 986// 959// 961//
f 986// 961// 987//
f 954// 980// 955//
f 955// 980// 956//
f 955// 956// 988//
f 988// 956// 958//
f 988// 958// 989//
f 989// 958// 582//
f 852// 856// 961//
f 961// 856// 857//
f 961// 857// 987//
f 987// 857// 858//
f 987// 858// 859//
f 990// 984// 991//
f 991// 984// 985//
f 991// 985// 992//
f 992// 985// 986//
f 992// 986// 993//
f 993// 986// 987//
f 993// 987// 994//
f 994// 987// 859//
f 952// 990// 995//
f 995// 990// 991//
f 995// 991// 996//
f 996// 991// 992//
f 996// 992// 997//
f 997// 992// 993//
f 997// 993// 998//
f 998// 993// 994//
f 998// 994// 999//
f 951// 953// 952//
f 952// 953// 955//
f 952// 955// 990//
f 990// 955// 988//
f 990// 988// 984//
f 984// 988// 989//
f 984// 989// 960//
f 960// 989// 582//
f 963// 675// 964//
f 964// 675// 1000//
f 964// 1000// 950//
f 859// 860// 994//
f 994// 860// 861//
f 994// 861// 999//
f 999// 861// 862//
f 999// 862// 863//
f 950// 952// 964//
f 964// 952// 995//
f 964// 995// 966//
f 966// 995// 996//
f 966// 996// 969//
f 969// 996// 997//
f 969// 997// 973//
f 973// 997// 998//
f 973// 998// 975//
f 975// 998// 999//
f 975// 999// 978//
f 978// 999// 863//
f 978// 863// 864//
f 1001// 1002// 903//
f 671// 672// 1003//
f 1003// 672// 889//
f 1003// 889// 1004//
f 1004// 889// 891//
f 1004// 891// 1005//
f 1005// 891// 897//
f 1005// 897// 1006//
f 897// 896// 1006//
f 1006// 896// 894//
f 1006// 894// 1007//
f 894// 893// 1007//
f 1007// 893// 898//
f 1007// 898// 1008//
f 1008// 898// 900//
f 1008// 900// 1009//
f 1009// 900// 1002//
f 1002// 900// 902//
f 1002// 902// 903//
f 1001// 903// 673//
f 673// 903// 905//
f 673// 905// 674//
f 669// 596// 595//
f 595// 679// 669//
f 669// 679// 1010//
f 669// 1010// 940//
f 940// 1010// 1011//
f 940// 1011// 939//
f 939// 1011// 1012//
f 939// 1012// 938//
f 938// 1012// 937//
f 937// 1012// 1013//
f 937// 1013// 936//
f 936// 1013// 1014//
f 936// 1014// 935//
f 935// 1014// 1015//
f 935// 1015// 934//
f 934// 1015// 1016//
f 934// 1016// 933//
f 933// 1016// 1017//
f 933// 1017// 932//
f 648// 635// 76//
f 1017// 1018// 932//
f 932// 1018// 648//
f 932// 648// 86//
f 86// 648// 76//
f 343// 627// 353//
f 353// 627// 629//
f 353// 629// 949//
f 949// 629// 1019//
f 949// 1019// 948//
f 948// 1019// 1020//
f 948// 1020// 947//
f 947// 1020// 1021//
f 947// 1021// 946//
f 946// 1021// 1022//
f 946// 1022// 945//
f 945// 1022// 1023//
f 945// 1023// 944//
f 944// 1023// 1024//
f 944// 1024// 943//
f 943// 1024// 1025//
f 943// 1025// 942//
f 942// 1025// 1026//
f 942// 1026// 941//
f 681// 592// 591//
f 1026// 1027// 941//
f 941// 1027// 681//
f 941// 681// 667//
f 667// 681// 591//
f 1028// 1029// 977//
f 676// 675// 1030//
f 1030// 675// 963//
f 1030// 963// 1031//
f 1031// 963// 965//
f 1031// 965// 1032//
f 1032// 965// 971//
f 1032// 971// 1033//
f 971// 970// 1033//
f 1033// 970// 968//
f 1033// 968// 1034//
f 968// 967// 1034//
f 1034// 967// 972//
f 1034// 972// 1035//
f 1035// 972// 974//
f 1035// 974// 1036//
f 1036// 974// 1029//
f 1029// 974// 976//
f 1029// 976// 977//
f 1028// 977// 665//
f 665// 977// 979//
f 665// 979// 666//
f 655// 603// 673//
f 673// 603// 605//
f 673// 605// 1001//
f 605// 1037// 1001//
f 1001// 1037// 1038//
f 1001// 1038// 1002//
f 1002// 1038// 1039//
f 1002// 1039// 1009//
f 1009// 1039// 1008//
f 1008// 1039// 1040//
f 1008// 1040// 1007//
f 1007// 1040// 1041//
f 1007// 1041// 1006//
f 1006// 1041// 1042//
f 1006// 1042// 1005//
f 1042// 1043// 1005//
f 1005// 1043// 1044//
f 1005// 1044// 1004//
f 1004// 1044// 1045//
f 652// 651// 677//
f 677// 651// 671//
f 677// 671// 1045//
f 1045// 671// 1003//
f 1045// 1003// 1004//
f 1013// 1012// 1046//
f 1046// 1012// 1011//
f 1046// 1011// 680//
f 680// 1011// 1010//
f 680// 1010// 679//
f 1046// 1047// 1013//
f 1013// 1047// 1048//
f 1013// 1048// 1014//
f 1014// 1048// 1049//
f 1049// 1050// 1014//
f 1014// 1050// 1051//
f 1014// 1051// 1015//
f 1015// 1051// 1052//
f 1015// 1052// 1016//
f 1016// 1052// 1053//
f 1016// 1053// 1017//
f 1017// 1053// 1054//
f 1017// 1054// 1018//
f 1018// 1054// 649//
f 1018// 649// 648//
f 629// 631// 1019//
f 1019// 631// 1055//
f 1019// 1055// 1020//
f 1020// 1055// 1056//
f 1020// 1056// 1021//
f 1021// 1056// 1057//
f 1021// 1057// 1022//
f 1057// 1058// 1022//
f 1022// 1058// 1059//
f 1022// 1059// 1023//
f 1059// 1060// 1023//
f 1023// 1060// 1061//
f 1023// 1061// 1024//
f 1024// 1061// 1062//
f 1024// 1062// 1025//
f 1025// 1062// 1026//
f 682// 681// 1063//
f 1063// 681// 1027//
f 1063// 1027// 1064//
f 1064// 1027// 1026//
f 1064// 1026// 1065//
f 1065// 1026// 1062//
f 665// 658// 657//
f 657// 683// 665//
f 665// 683// 1066//
f 665// 1066// 1028//
f 1028// 1066// 1067//
f 1028// 1067// 1029//
f 1029// 1067// 1068//
f 1029// 1068// 1036//
f 1036// 1068// 1035//
f 1035// 1068// 1069//
f 1035// 1069// 1034//
f 1034// 1069// 1070//
f 1034// 1070// 1033//
f 1033// 1070// 1071//
f 1033// 1071// 1032//
f 1071// 1072// 1032//
f 1032// 1072// 1073//
f 1032// 1073// 1031//
f 1031// 1073// 1074//
f 611// 656// 624//
f 624// 656// 676//
f 624// 676// 1074//
f 1074// 676// 1030//
f 1074// 1030// 1031//
f 605// 607// 1037//
f 1037// 607// 1075//
f 1037// 1075// 1038//
f 1038// 1075// 1076//
f 1038// 1076// 1039//
f 1039// 1076// 1077//
f 1039// 1077// 1040//
f 1077// 1078// 1040//
f 1040// 1078// 1079//
f 1040// 1079// 1041//
f 678// 677// 1080//
f 1080// 677// 1045//
f 1080// 1045// 1081//
f 1081// 1045// 1044//
f 1081// 1044// 1082//
f 1082// 1044// 1043//
f 1082// 1043// 1083//
f 1083// 1043// 1042//
f 1083// 1042// 1084//
f 1084// 1042// 1041//
f 1084// 1041// 1085//
f 1085// 1041// 1079//
f 691// 692// 1086//
f 691// 1086// 685//
f 686// 685// 1087//
f 1087// 685// 1086//
f 1087// 1086// 1088//
f 1088// 1086// 1089//
f 1088// 1089// 1090//
f 1090// 1089// 1091//
f 1090// 1091// 1092//
f 1092// 1091// 1093//
f 1092// 1093// 1094//
f 1094// 1093// 1095//
f 1094// 1095// 1096//
f 1096// 1095// 1097//
f 1096// 1097// 1098//
f 1098// 1097// 1099//
f 1098// 1099// 1100//
f 1100// 1099// 1101//
f 1100// 1101// 1102//
f 1102// 1101// 1103//
f 1102// 1103// 1104//
f 1104// 1103// 1105//
f 1104// 1105// 678//
f 678// 1105// 680//
f 1086// 692// 1106//
f 1107// 1108// 1109//
f 1110// 1111// 1112//
f 1113// 1114// 1115//
f 1046// 680// 1105//
f 1048// 1047// 1116//
f 1116// 1047// 1046//
f 1054// 1053// 1114//
f 1114// 1053// 1052//
f 1114// 1052// 1115//
f 1115// 1052// 1051//
f 1115// 1051// 1050//
f 649// 1054// 1117//
f 1117// 1054// 1114//
f 1117// 1114// 1118//
f 1118// 1114// 1113//
f 1118// 1113// 1119//
f 1119// 1113// 1120//
f 1046// 1105// 1116//
f 1116// 1105// 1103//
f 1116// 1103// 1121//
f 1111// 1120// 1112//
f 1112// 1120// 1113//
f 1112// 1113// 1122//
f 1122// 1113// 1115//
f 1122// 1115// 1123//
f 1123// 1115// 1050//
f 1103// 1101// 1121//
f 1121// 1101// 1099//
f 1121// 1099// 1124//
f 1108// 1110// 1109//
f 1109// 1110// 1112//
f 1109// 1112// 1125//
f 1125// 1112// 1122//
f 1125// 1122// 1126//
f 1126// 1122// 1123//
f 1099// 1097// 1124//
f 1124// 1097// 1095//
f 1124// 1095// 1127//
f 1126// 1128// 1125//
f 1125// 1128// 1129//
f 1125// 1129// 1109//
f 1109// 1129// 1130//
f 1109// 1130// 1107//
f 1049// 1048// 1131//
f 1131// 1048// 1116//
f 1131// 1116// 1132//
f 1132// 1116// 1121//
f 1132// 1121// 1133//
f 1133// 1121// 1124//
f 1133// 1124// 1134//
f 1134// 1124// 1127//
f 1134// 1127// 1135//
f 1135// 1127// 1106//
f 1135// 1106// 692//
f 692// 1136// 1130//
f 1130// 1136// 1137//
f 1130// 1137// 1107//
f 1128// 1138// 1129//
f 1129// 1138// 1139//
f 1129// 1139// 1130//
f 1130// 1139// 692//
f 1138// 1140// 1139//
f 1139// 1140// 692//
f 1095// 1093// 1127//
f 1127// 1093// 1091//
f 1127// 1091// 1106//
f 1106// 1091// 1089//
f 1106// 1089// 1086//
f 1050// 1049// 1123//
f 1123// 1049// 1131//
f 1123// 1131// 1126//
f 1126// 1131// 1132//
f 1126// 1132// 1128//
f 1128// 1132// 1133//
f 1128// 1133// 1138//
f 1138// 1133// 1134//
f 1138// 1134// 1140//
f 1140// 1134// 1135//
f 1140// 1135// 692//
f 1141// 694// 1142//
f 1143// 1144// 694//
f 1145// 1146// 1147//
f 1148// 1149// 1150//
f 1151// 1152// 1153//
f 1058// 1057// 1154//
f 1056// 1055// 1155//
f 1155// 1055// 631//
f 1156// 1061// 1060//
f 1153// 1065// 1062//
f 1065// 1153// 1064//
f 1064// 1153// 1152//
f 1064// 1152// 1063//
f 682// 1063// 1157//
f 1157// 1063// 1152//
f 1157// 1152// 1158//
f 1158// 1152// 1151//
f 1158// 1151// 1159//
f 1159// 1151// 1160//
f 631// 1161// 1155//
f 1155// 1161// 1162//
f 1155// 1162// 1163//
f 1149// 1160// 1150//
f 1150// 1160// 1151//
f 1150// 1151// 1164//
f 1164// 1151// 1153//
f 1164// 1153// 1156//
f 1156// 1153// 1062//
f 1156// 1062// 1061//
f 1162// 1165// 1163//
f 1163// 1165// 1166//
f 1163// 1166// 1167//
f 1146// 1148// 1147//
f 1147// 1148// 1150//
f 1147// 1150// 1168//
f 1168// 1150// 1164//
f 1168// 1164// 1169//
f 1169// 1164// 1156//
f 1169// 1156// 1170//
f 1170// 1156// 1060//
f 1170// 1060// 1059//
f 1166// 1171// 1167//
f 1167// 1171// 1172//
f 1167// 1172// 1173//
f 1170// 1174// 1169//
f 1169// 1174// 1175//
f 1169// 1175// 1168//
f 1168// 1175// 1176//
f 1168// 1176// 1147//
f 1147// 1176// 1177//
f 1147// 1177// 1145//
f 1144// 1143// 1178//
f 1057// 1056// 1154//
f 1154// 1056// 1155//
f 1154// 1155// 1179//
f 1179// 1155// 1163//
f 1179// 1163// 1180//
f 1180// 1163// 1167//
f 1180// 1167// 1181//
f 1181// 1167// 1173//
f 1181// 1173// 1182//
f 1182// 1173// 1142//
f 1182// 1142// 694//
f 694// 1183// 1177//
f 1177// 1183// 1184//
f 1177// 1184// 1145//
f 1174// 1185// 1175//
f 1175// 1185// 1186//
f 1175// 1186// 1176//
f 1176// 1186// 1187//
f 1176// 1187// 1177//
f 1177// 1187// 694//
f 1185// 1178// 1186//
f 1186// 1178// 1143//
f 1186// 1143// 1187//
f 1187// 1143// 694//
f 1172// 1188// 1173//
f 1173// 1188// 1189//
f 1173// 1189// 1142//
f 1142// 1189// 1190//
f 1142// 1190// 1141//
f 1059// 1058// 1170//
f 1170// 1058// 1154//
f 1170// 1154// 1174//
f 1174// 1154// 1179//
f 1174// 1179// 1185//
f 1185// 1179// 1180//
f 1185// 1180// 1178//
f 1178// 1180// 1181//
f 1178// 1181// 1144//
f 1144// 1181// 1182//
f 1144// 1182// 694//
f 699// 700// 1191//
f 699// 1191// 693//
f 694// 693// 1183//
f 1183// 693// 1191//
f 1183// 1191// 1184//
f 1184// 1191// 1192//
f 1184// 1192// 1145//
f 1145// 1192// 1193//
f 1145// 1193// 1146//
f 1146// 1193// 1194//
f 1146// 1194// 1148//
f 1148// 1194// 1195//
f 1148// 1195// 1149//
f 1149// 1195// 1196//
f 1149// 1196// 1160//
f 1160// 1196// 1197//
f 1160// 1197// 1159//
f 1159// 1197// 1198//
f 1159// 1198// 1158//
f 1158// 1198// 1199//
f 1158// 1199// 1157//
f 1157// 1199// 1200//
f 1157// 1200// 682//
f 682// 1200// 684//
f 1069// 1068// 1201//
f 1201// 1068// 1067//
f 1201// 1067// 684//
f 684// 1067// 1066//
f 684// 1066// 683//
f 1201// 1202// 1069//
f 1069// 1202// 1203//
f 1069// 1203// 1070//
f 1070// 1203// 1204//
f 1204// 1205// 1070//
f 1070// 1205// 1206//
f 1070// 1206// 1071//
f 1071// 1206// 1207//
f 1071// 1207// 1072//
f 1072// 1207// 1208//
f 1072// 1208// 1073//
f 1073// 1208// 1209//
f 1073// 1209// 1074//
f 1074// 1209// 625//
f 1074// 625// 624//
f 1210// 686// 1211//
f 1212// 1213// 686//
f 1090// 1092// 1214//
f 1094// 1096// 1215//
f 1216// 1217// 1218//
f 1078// 1077// 1219//
f 1076// 1075// 1220//
f 1220// 1075// 607//
f 1221// 1084// 1085//
f 1218// 1082// 1083//
f 1082// 1218// 1081//
f 1081// 1218// 1217//
f 1081// 1217// 1080//
f 678// 1080// 1104//
f 1104// 1080// 1217//
f 1104// 1217// 1102//
f 1102// 1217// 1216//
f 1102// 1216// 1100//
f 1100// 1216// 1098//
f 607// 1222// 1220//
f 1220// 1222// 1223//
f 1220// 1223// 1224//
f 1096// 1098// 1215//
f 1215// 1098// 1216//
f 1215// 1216// 1225//
f 1225// 1216// 1218//
f 1225// 1218// 1221//
f 1221// 1218// 1083//
f 1221// 1083// 1084//
f 1223// 1226// 1224//
f 1224// 1226// 1227//
f 1224// 1227// 1228//
f 1092// 1094// 1214//
f 1214// 1094// 1215//
f 1214// 1215// 1229//
f 1229// 1215// 1225//
f 1229// 1225// 1230//
f 1230// 1225// 1221//
f 1230// 1221// 1231//
f 1231// 1221// 1085//
f 1231// 1085// 1079//
f 1227// 1232// 1228//
f 1228// 1232// 1233//
f 1228// 1233// 1234//
f 1231// 1235// 1230//
f 1230// 1235// 1236//
f 1230// 1236// 1229//
f 1229// 1236// 1237//
f 1229// 1237// 1214//
f 1214// 1237// 1238//
f 1214// 1238// 1090//
f 1213// 1212// 1239//
f 1077// 1076// 1219//
f 1219// 1076// 1220//
f 1219// 1220// 1240//
f 1240// 1220// 1224//
f 1240// 1224// 1241//
f 1241// 1224// 1228//
f 1241// 1228// 1242//
f 1242// 1228// 1234//
f 1242// 1234// 1243//
f 1243// 1234// 1211//
f 1243// 1211// 686//
f 686// 1087// 1238//
f 1238// 1087// 1088//
f 1238// 1088// 1090//
f 1235// 1244// 1236//
f 1236// 1244// 1245//
f 1236// 1245// 1237//
f 1237// 1245// 1246//
f 1237// 1246// 1238//
f 1238// 1246// 686//
f 1244// 1239// 1245//
f 1245// 1239// 1212//
f 1245// 1212// 1246//
f 1246// 1212// 686//
f 1233// 1247// 1234//
f 1234// 1247// 1248//
f 1234// 1248// 1211//
f 1211// 1248// 1249//
f 1211// 1249// 1210//
f 1079// 1078// 1231//
f 1231// 1078// 1219//
f 1231// 1219// 1235//
f 1235// 1219// 1240//
f 1235// 1240// 1244//
f 1244// 1240// 1241//
f 1244// 1241// 1239//
f 1239// 1241// 1242//
f 1239// 1242// 1213//
f 1213// 1242// 1243//
f 1213// 1243// 686//
f 649// 1117// 650//
f 650// 1117// 1250//
f 1117// 1118// 1250//
f 1250// 1118// 1119//
f 1250// 1119// 1251//
f 1119// 1120// 1251//
f 1251// 1120// 1111//
f 1251// 1111// 1252//
f 1111// 1110// 1252//
f 1252// 1110// 1108//
f 1252// 1108// 1253//
f 1108// 1107// 1253//
f 1253// 1107// 1137//
f 1253// 1137// 1254//
f 1137// 1136// 1254//
f 1254// 1136// 692//
f 1254// 692// 690//
f 1255// 1162// 630//
f 630// 1162// 1161//
f 630// 1161// 631//
f 1256// 1257// 1172//
f 1172// 1171// 1256//
f 1256// 1171// 1166//
f 1256// 1166// 1255//
f 1255// 1166// 1165//
f 1255// 1165// 1162//
f 1141// 1190// 1258//
f 1258// 1190// 1189//
f 1258// 1189// 1257//
f 1257// 1189// 1188//
f 1257// 1188// 1172//
f 1258// 1259// 1141//
f 1141// 1259// 696//
f 1141// 696// 694//
f 1191// 700// 1260//
f 1261// 1262// 1263//
f 1264// 1265// 1266//
f 1267// 1268// 1269//
f 1201// 684// 1200//
f 1203// 1202// 1270//
f 1270// 1202// 1201//
f 1209// 1208// 1268//
f 1268// 1208// 1207//
f 1268// 1207// 1269//
f 1269// 1207// 1206//
f 1269// 1206// 1205//
f 625// 1209// 1271//
f 1271// 1209// 1268//
f 1271// 1268// 1272//
f 1272// 1268// 1267//
f 1272// 1267// 1273//
f 1273// 1267// 1274//
f 1201// 1200// 1270//
f 1270// 1200// 1199//
f 1270// 1199// 1275//
f 1265// 1274// 1266//
f 1266// 1274// 1267//
f 1266// 1267// 1276//
f 1276// 1267// 1269//
f 1276// 1269// 1277//
f 1277// 1269// 1205//
f 1199// 1198// 1275//
f 1275// 1198// 1197//
f 1275// 1197// 1278//
f 1262// 1264// 1263//
f 1263// 1264// 1266//
f 1263// 1266// 1279//
f 1279// 1266// 1276//
f 1279// 1276// 1280//
f 1280// 1276// 1277//
f 1197// 1196// 1278//
f 1278// 1196// 1195//
f 1278// 1195// 1281//
f 1280// 1282// 1279//
f 1279// 1282// 1283//
f 1279// 1283// 1263//
f 1263// 1283// 1284//
f 1263// 1284// 1261//
f 1204// 1203// 1285//
f 1285// 1203// 1270//
f 1285// 1270// 1286//
f 1286// 1270// 1275//
f 1286// 1275// 1287//
f 1287// 1275// 1278//
f 1287// 1278// 1288//
f 1288// 1278// 1281//
f 1288// 1281// 1289//
f 1289// 1281// 1260//
f 1289// 1260// 700//
f 700// 1290// 1284//
f 1284// 1290// 1291//
f 1284// 1291// 1261//
f 1282// 1292// 1283//
f 1283// 1292// 1293//
f 1283// 1293// 1284//
f 1284// 1293// 700//
f 1292// 1294// 1293//
f 1293// 1294// 700//
f 1195// 1194// 1281//
f 1281// 1194// 1193//
f 1281// 1193// 1260//
f 1260// 1193// 1192//
f 1260// 1192// 1191//
f 1205// 1204// 1277//
f 1277// 1204// 1285//
f 1277// 1285// 1280//
f 1280// 1285// 1286//
f 1280// 1286// 1282//
f 1282// 1286// 1287//
f 1282// 1287// 1292//
f 1292// 1287// 1288//
f 1292// 1288// 1294//
f 1294// 1288// 1289//
f 1294// 1289// 700//
f 1295// 1223// 606//
f 606// 1223// 1222//
f 606// 1222// 607//
f 1296// 1297// 1233//
f 1233// 1232// 1296//
f 1296// 1232// 1227//
f 1296// 1227// 1295//
f 1295// 1227// 1226//
f 1295// 1226// 1223//
f 1210// 1249// 1298//
f 1298// 1249// 1248//
f 1298// 1248// 1297//
f 1297// 1248// 1247//
f 1297// 1247// 1233//
f 1298// 1299// 1210//
f 1210// 1299// 688//
f 1210// 688// 686//
f 1300// 1301// 1302//
f 1303// 1304// 1305//
f 1306// 1307// 1308//
f 640// 642// 1309//
f 1309// 642// 1310//
f 1309// 1310// 1311//
f 1311// 1310// 1312//
f 1312// 1310// 1313//
f 1312// 1313// 1314//
f 1314// 1313// 1315//
f 1314// 1315// 1316//
f 1317// 1318// 1319//
f 1319// 1318// 1320//
f 1316// 1315// 1321//
f 1321// 1315// 1322//
f 1321// 1322// 1323//
f 1323// 1322// 1319//
f 1323// 1319// 1324//
f 1324// 1319// 1320//
f 1324// 1320// 1325//
f 1307// 1317// 1308//
f 1308// 1317// 1319//
f 1308// 1319// 1326//
f 1326// 1319// 1322//
f 1326// 1322// 1327//
f 1327// 1322// 1315//
f 1327// 1315// 1328//
f 1328// 1315// 1313//
f 1328// 1313// 1329//
f 1329// 1313// 1310//
f 1329// 1310// 644//
f 644// 1310// 642//
f 1304// 1306// 1305//
f 1305// 1306// 1308//
f 1305// 1308// 1330//
f 1330// 1308// 1326//
f 1330// 1326// 1331//
f 1331// 1326// 1327//
f 1331// 1327// 1332//
f 1332// 1327// 1328//
f 1332// 1328// 1333//
f 1333// 1328// 1329//
f 1333// 1329// 646//
f 646// 1329// 644//
f 1334// 1303// 1335//
f 1335// 1303// 1305//
f 1335// 1305// 1336//
f 1336// 1305// 1330//
f 1336// 1330// 1337//
f 1337// 1330// 1331//
f 1337// 1331// 1338//
f 1338// 1331// 1332//
f 1338// 1332// 1339//
f 1339// 1332// 1333//
f 1339// 1333// 647//
f 647// 1333// 646//
f 1301// 1334// 1302//
f 1302// 1334// 1335//
f 1302// 1335// 1340//
f 1340// 1335// 1336//
f 1340// 1336// 1341//
f 1341// 1336// 1337//
f 1341// 1337// 1342//
f 1342// 1337// 1338//
f 1342// 1338// 1343//
f 1343// 1338// 1339//
f 1343// 1339// 632//
f 632// 1339// 647//
f 1344// 1300// 1345//
f 1345// 1300// 1302//
f 1345// 1302// 1346//
f 1346// 1302// 1340//
f 1346// 1340// 1347//
f 1347// 1340// 1341//
f 1347// 1341// 1348//
f 1348// 1341// 1342//
f 1348// 1342// 1349//
f 1349// 1342// 1343//
f 1349// 1343// 634//
f 634// 1343// 632//
f 1350// 1344// 1351//
f 1351// 1344// 1345//
f 1351// 1345// 1352//
f 1352// 1345// 1346//
f 1352// 1346// 1353//
f 1353// 1346// 1347//
f 1353// 1347// 1354//
f 1354// 1347// 1348//
f 1354// 1348// 1355//
f 1355// 1348// 1349//
f 1355// 1349// 636//
f 636// 1349// 634//
f 690// 1350// 1254//
f 1254// 1350// 1351//
f 1254// 1351// 1253//
f 1253// 1351// 1352//
f 1253// 1352// 1252//
f 1252// 1352// 1353//
f 1252// 1353// 1251//
f 1251// 1353// 1354//
f 1251// 1354// 1250//
f 1250// 1354// 1355//
f 1250// 1355// 650//
f 650// 1355// 636//
f 1356// 599// 1357//
f 641// 640// 1358//
f 1358// 640// 1359//
f 1358// 1359// 1360//
f 1360// 1359// 1361//
f 1360// 1361// 1362//
f 1362// 1361// 1363//
f 1362// 1363// 1364//
f 1364// 1363// 1365//
f 1364// 1365// 1366//
f 1366// 1365// 1367//
f 1366// 1367// 1368//
f 1368// 1367// 1369//
f 1368// 1369// 1370//
f 1370// 1369// 1371//
f 1370// 1371// 1372//
f 1372// 1371// 1373//
f 1372// 1373// 1374//
f 1374// 1373// 1375//
f 1374// 1375// 1376//
f 1376// 1375// 1377//
f 1376// 1377// 1357//
f 1357// 1377// 1378//
f 1357// 1378// 1356//
f 1356// 1378// 600//
f 1255// 630// 628//
f 1256// 1255// 1379//
f 1257// 1256// 1380//
f 1259// 1258// 1381//
f 1382// 1383// 1384//
f 1384// 1383// 696//
f 1384// 696// 1259//
f 1385// 1386// 1387//
f 1387// 1386// 1388//
f 1387// 1388// 1382//
f 1382// 1388// 1389//
f 1382// 1389// 1383//
f 1390// 1391// 1385//
f 1385// 1391// 1392//
f 1385// 1392// 1386//
f 1393// 1394// 1390//
f 1390// 1394// 1395//
f 1390// 1395// 1391//
f 1255// 628// 1379//
f 1379// 628// 639//
f 1379// 639// 1396//
f 1396// 639// 638//
f 1396// 638// 1397//
f 1397// 638// 637//
f 1397// 637// 1398//
f 1398// 637// 633//
f 1398// 633// 1399//
f 1399// 633// 645//
f 1399// 645// 1400//
f 1400// 645// 643//
f 1400// 643// 1401//
f 1256// 1379// 1380//
f 1380// 1379// 1396//
f 1380// 1396// 1402//
f 1402// 1396// 1397//
f 1402// 1397// 1403//
f 1403// 1397// 1398//
f 1403// 1398// 1404//
f 1404// 1398// 1399//
f 1404// 1399// 1405//
f 1405// 1399// 1400//
f 1405// 1400// 1406//
f 1406// 1400// 1401//
f 1406// 1401// 1407//
f 1259// 1381// 1384//
f 1384// 1381// 1408//
f 1384// 1408// 1382//
f 1382// 1408// 1409//
f 1382// 1409// 1387//
f 1387// 1409// 1410//
f 1387// 1410// 1385//
f 1385// 1410// 1411//
f 1385// 1411// 1390//
f 1390// 1411// 1412//
f 1390// 1412// 1393//
f 1393// 1412// 1413//
f 1393// 1413// 1414//
f 1415// 1416// 1414//
f 1414// 1416// 1417//
f 1414// 1417// 1393//
f 1393// 1417// 1418//
f 1393// 1418// 1394//
f 643// 641// 1419//
f 643// 1419// 1401//
f 1401// 1419// 1420//
f 1401// 1420// 1407//
f 1407// 1420// 1421//
f 1407// 1421// 1422//
f 1257// 1380// 1423//
f 1423// 1380// 1402//
f 1423// 1402// 1424//
f 1424// 1402// 1403//
f 1424// 1403// 1425//
f 1425// 1403// 1404//
f 1425// 1404// 1426//
f 1426// 1404// 1405//
f 1426// 1405// 1427//
f 1427// 1405// 1406//
f 1427// 1406// 1428//
f 1428// 1406// 1407//
f 1428// 1407// 1429//
f 1429// 1407// 1422//
f 1429// 1422// 1430//
f 1430// 1413// 1429//
f 1429// 1413// 1412//
f 1429// 1412// 1428//
f 1428// 1412// 1411//
f 1428// 1411// 1427//
f 1427// 1411// 1410//
f 1427// 1410// 1426//
f 1426// 1410// 1409//
f 1426// 1409// 1425//
f 1425// 1409// 1408//
f 1425// 1408// 1424//
f 1424// 1408// 1381//
f 1424// 1381// 1423//
f 1423// 1381// 1258//
f 1423// 1258// 1257//
f 1431// 1415// 1432//
f 1432// 1415// 1414//
f 1432// 1414// 1433//
f 1433// 1414// 1413//
f 1433// 1413// 1434//
f 1434// 1413// 1430//
f 625// 1271// 626//
f 626// 1271// 1435//
f 1271// 1272// 1435//
f 1435// 1272// 1273//
f 1435// 1273// 1436//
f 1273// 1274// 1436//
f 1436// 1274// 1265//
f 1436// 1265// 1437//
f 1265// 1264// 1437//
f 1437// 1264// 1262//
f 1437// 1262// 1438//
f 1262// 1261// 1438//
f 1438// 1261// 1291//
f 1438// 1291// 1439//
f 1291// 1290// 1439//
f 1439// 1290// 700//
f 1439// 700// 698//
f 1295// 606// 604//
f 1296// 1295// 1440//
f 1297// 1296// 1441//
f 1299// 1298// 1442//
f 1443// 1444// 1445//
f 1445// 1444// 688//
f 1445// 688// 1299//
f 1446// 1447// 1448//
f 1448// 1447// 1449//
f 1448// 1449// 1443//
f 1443// 1449// 1450//
f 1443// 1450// 1444//
f 1451// 1452// 1446//
f 1446// 1452// 1453//
f 1446// 1453// 1447//
f 1454// 1455// 1451//
f 1451// 1455// 1456//
f 1451// 1456// 1452//
f 1295// 604// 1440//
f 1440// 604// 615//
f 1440// 615// 1457//
f 1457// 615// 614//
f 1457// 614// 1458//
f 1458// 614// 613//
f 1458// 613// 1459//
f 1459// 613// 609//
f 1459// 609// 1460//
f 1460// 609// 621//
f 1460// 621// 1461//
f 1461// 621// 619//
f 1461// 619// 1462//
f 1296// 1440// 1441//
f 1441// 1440// 1457//
f 1441// 1457// 1463//
f 1463// 1457// 1458//
f 1463// 1458// 1464//
f 1464// 1458// 1459//
f 1464// 1459// 1465//
f 1465// 1459// 1460//
f 1465// 1460// 1466//
f 1466// 1460// 1461//
f 1466// 1461// 1467//
f 1467// 1461// 1462//
f 1467// 1462// 1468//
f 1299// 1442// 1445//
f 1445// 1442// 1469//
f 1445// 1469// 1443//
f 1443// 1469// 1470//
f 1443// 1470// 1448//
f 1448// 1470// 1471//
f 1448// 1471// 1446//
f 1446// 1471// 1472//
f 1446// 1472// 1451//
f 1451// 1472// 1473//
f 1451// 1473// 1454//
f 1454// 1473// 1474//
f 1454// 1474// 1475//
f 1476// 1477// 1475//
f 1475// 1477// 1478//
f 1475// 1478// 1454//
f 1454// 1478// 1479//
f 1454// 1479// 1455//
f 619// 617// 1480//
f 619// 1480// 1462//
f 1462// 1480// 1481//
f 1462// 1481// 1468//
f 1468// 1481// 1482//
f 1468// 1482// 1483//
f 1297// 1441// 1484//
f 1484// 1441// 1463//
f 1484// 1463// 1485//
f 1485// 1463// 1464//
f 1485// 1464// 1486//
f 1486// 1464// 1465//
f 1486// 1465// 1487//
f 1487// 1465// 1466//
f 1487// 1466// 1488//
f 1488// 1466// 1467//
f 1488// 1467// 1489//
f 1489// 1467// 1468//
f 1489// 1468// 1490//
f 1490// 1468// 1483//
f 1490// 1483// 1491//
f 1491// 1474// 1490//
f 1490// 1474// 1473//
f 1490// 1473// 1489//
f 1489// 1473// 1472//
f 1489// 1472// 1488//
f 1488// 1472// 1471//
f 1488// 1471// 1487//
f 1487// 1471// 1470//
f 1487// 1470// 1486//
f 1486// 1470// 1469//
f 1486// 1469// 1485//
f 1485// 1469// 1442//
f 1485// 1442// 1484//
f 1484// 1442// 1298//
f 1484// 1298// 1297//
f 1492// 1476// 1493//
f 1493// 1476// 1475//
f 1493// 1475// 1494//
f 1494// 1475// 1474//
f 1494// 1474// 1495//
f 1495// 1474// 1491//
f 1350// 690// 688//
f 688// 1444// 1350//
f 1350// 1444// 1450//
f 1350// 1450// 1344//
f 1344// 1450// 1449//
f 1344// 1449// 1300//
f 1300// 1449// 1447//
f 1300// 1447// 1301//
f 1301// 1447// 1453//
f 1301// 1453// 1334//
f 1334// 1453// 1452//
f 1334// 1452// 1303//
f 1303// 1452// 1456//
f 1303// 1456// 1304//
f 1304// 1456// 1455//
f 1304// 1455// 1306//
f 1306// 1455// 1479//
f 1306// 1479// 1307//
f 1307// 1479// 1478//
f 1307// 1478// 1317//
f 1317// 1478// 1318//
f 1318// 1478// 1477//
f 1318// 1477// 1320//
f 1477// 1476// 1320//
f 1320// 1476// 1492//
f 1320// 1492// 1325//
f 1496// 1497// 600//
f 1498// 1499// 600//
f 1500// 1501// 1497//
f 1497// 1501// 600//
f 1499// 1496// 600//
f 1502// 1503// 1504//
f 1324// 1505// 1323//
f 1323// 1505// 1506//
f 1323// 1506// 1321//
f 1321// 1506// 1316//
f 1316// 1506// 1507//
f 1316// 1507// 1314//
f 1314// 1507// 1508//
f 1314// 1508// 1312//
f 1312// 1508// 1311//
f 1311// 1508// 1509//
f 1311// 1509// 1309//
f 1309// 1509// 1359//
f 1309// 1359// 640//
f 1365// 1363// 1510//
f 1510// 1363// 1361//
f 1511// 1505// 1512//
f 1512// 1505// 1324//
f 1512// 1324// 1325//
f 1511// 1513// 1505//
f 1505// 1513// 1514//
f 1505// 1514// 1506//
f 1506// 1514// 1515//
f 1506// 1515// 1507//
f 1507// 1515// 1516//
f 1507// 1516// 1508//
f 1508// 1516// 1510//
f 1508// 1510// 1509//
f 1509// 1510// 1361//
f 1509// 1361// 1359//
f 1369// 1367// 1517//
f 1517// 1367// 1365//
f 1365// 1510// 1517//
f 1517// 1510// 1516//
f 1517// 1516// 1518//
f 1518// 1516// 1515//
f 1518// 1515// 1519//
f 1519// 1515// 1514//
f 1519// 1514// 1520//
f 1520// 1514// 1513//
f 1520// 1513// 1521//
f 1373// 1371// 1522//
f 1522// 1371// 1369//
f 1511// 1523// 1513//
f 1513// 1523// 1524//
f 1513// 1524// 1521//
f 1521// 1524// 1525//
f 1521// 1525// 1526//
f 1369// 1517// 1522//
f 1522// 1517// 1518//
f 1522// 1518// 1527//
f 1527// 1518// 1519//
f 1527// 1519// 1528//
f 1528// 1519// 1520//
f 1528// 1520// 1529//
f 1529// 1520// 1521//
f 1529// 1521// 1530//
f 1530// 1521// 1526//
f 1530// 1526// 1531//
f 1377// 1375// 1532//
f 1532// 1375// 1373//
f 1373// 1522// 1532//
f 1532// 1522// 1527//
f 1532// 1527// 1533//
f 1533// 1527// 1528//
f 1533// 1528// 1534//
f 1534// 1528// 1529//
f 1534// 1529// 1535//
f 1535// 1529// 1530//
f 1535// 1530// 1504//
f 1504// 1530// 1531//
f 1504// 1531// 1502//
f 600// 1378// 1536//
f 1536// 1378// 1377//
f 1498// 600// 1536//
f 1377// 1532// 1536//
f 1536// 1532// 1533//
f 1536// 1533// 1498//
f 1498// 1533// 1534//
f 1498// 1534// 1499//
f 1499// 1534// 1535//
f 1499// 1535// 1496//
f 1496// 1535// 1504//
f 1496// 1504// 1497//
f 1497// 1504// 1503//
f 1497// 1503// 1500//
f 1537// 1357// 599//
f 1357// 1537// 1376//
f 1372// 1374// 1538//
f 1368// 1370// 1539//
f 1364// 1366// 1540//
f 1360// 1362// 1541//
f 1542// 1543// 1544//
f 1432// 1433// 1545//
f 1430// 1422// 1546//
f 1358// 1544// 641//
f 641// 1544// 1419//
f 1419// 1544// 1420//
f 1420// 1544// 1543//
f 1420// 1543// 1421//
f 1431// 1432// 1547//
f 1547// 1432// 1545//
f 1547// 1545// 1548//
f 1548// 1545// 1549//
f 1358// 1360// 1544//
f 1544// 1360// 1541//
f 1544// 1541// 1542//
f 1542// 1541// 1550//
f 1551// 1552// 1549//
f 1549// 1552// 1553//
f 1549// 1553// 1548//
f 1362// 1364// 1541//
f 1541// 1364// 1540//
f 1541// 1540// 1550//
f 1550// 1540// 1554//
f 1555// 1556// 1551//
f 1551// 1556// 1557//
f 1551// 1557// 1552//
f 1366// 1368// 1540//
f 1540// 1368// 1539//
f 1540// 1539// 1554//
f 1554// 1539// 1558//
f 1559// 1560// 1555//
f 1555// 1560// 1561//
f 1555// 1561// 1556//
f 1370// 1372// 1539//
f 1539// 1372// 1538//
f 1539// 1538// 1558//
f 1558// 1538// 1562//
f 599// 1563// 1564//
f 1564// 1563// 1565//
f 1564// 1565// 1559//
f 1559// 1565// 1566//
f 1559// 1566// 1560//
f 1434// 1430// 1567//
f 1567// 1430// 1546//
f 1567// 1546// 1568//
f 1568// 1546// 1569//
f 1568// 1569// 1570//
f 1570// 1569// 1571//
f 1570// 1571// 1572//
f 1572// 1571// 1573//
f 1572// 1573// 1574//
f 1574// 1573// 1575//
f 1574// 1575// 1576//
f 1576// 1575// 1577//
f 1576// 1577// 599//
f 1422// 1421// 1546//
f 1546// 1421// 1543//
f 1546// 1543// 1569//
f 1569// 1543// 1542//
f 1569// 1542// 1571//
f 1571// 1542// 1550//
f 1571// 1550// 1573//
f 1573// 1550// 1554//
f 1573// 1554// 1575//
f 1575// 1554// 1558//
f 1575// 1558// 1577//
f 1577// 1558// 1562//
f 1577// 1562// 599//
f 1433// 1434// 1545//
f 1545// 1434// 1567//
f 1545// 1567// 1549//
f 1549// 1567// 1568//
f 1549// 1568// 1551//
f 1551// 1568// 1570//
f 1551// 1570// 1555//
f 1555// 1570// 1572//
f 1555// 1572// 1559//
f 1559// 1572// 1574//
f 1559// 1574// 1564//
f 1564// 1574// 1576//
f 1564// 1576// 599//
f 1374// 1376// 1538//
f 1538// 1376// 1537//
f 1538// 1537// 1562//
f 1562// 1537// 599//
f 1578// 698// 696//
f 1579// 1580// 1431//
f 1431// 1580// 1415//
f 1415// 1580// 1416//
f 1416// 1580// 1581//
f 1416// 1581// 1417//
f 696// 1383// 1578//
f 1578// 1383// 1389//
f 1578// 1389// 1582//
f 1582// 1389// 1388//
f 1582// 1388// 1583//
f 1583// 1388// 1386//
f 1583// 1386// 1584//
f 1584// 1386// 1392//
f 1584// 1392// 1585//
f 1585// 1392// 1391//
f 1585// 1391// 1586//
f 1586// 1391// 1395//
f 1586// 1395// 1587//
f 1587// 1395// 1394//
f 1587// 1394// 1588//
f 1588// 1394// 1418//
f 1588// 1418// 1589//
f 1589// 1418// 1417//
f 1589// 1417// 1590//
f 1590// 1417// 1581//
f 1583// 1584// 1591//
f 1586// 1587// 1592//
f 1588// 1589// 1593//
f 616// 618// 1594//
f 1594// 618// 1595//
f 1596// 1597// 1595//
f 1595// 1597// 1598//
f 1595// 1598// 1594//
f 1599// 1600// 1596//
f 1596// 1600// 1601//
f 1596// 1601// 1597//
f 1602// 1603// 1599//
f 1599// 1603// 1604//
f 1599// 1604// 1600//
f 1605// 1606// 1607//
f 1607// 1606// 1608//
f 1607// 1608// 1602//
f 1602// 1608// 1609//
f 1602// 1609// 1603//
f 1579// 1605// 1580//
f 1580// 1605// 1607//
f 1580// 1607// 1581//
f 1581// 1607// 1590//
f 1589// 1590// 1593//
f 1593// 1590// 1607//
f 1593// 1607// 1610//
f 1610// 1607// 1602//
f 1610// 1602// 1611//
f 1611// 1602// 1599//
f 1611// 1599// 1612//
f 1612// 1599// 1596//
f 1612// 1596// 1613//
f 1613// 1596// 1595//
f 1613// 1595// 620//
f 620// 1595// 618//
f 1587// 1588// 1592//
f 1592// 1588// 1593//
f 1592// 1593// 1614//
f 1614// 1593// 1610//
f 1614// 1610// 1615//
f 1615// 1610// 1611//
f 1615// 1611// 1616//
f 1616// 1611// 1612//
f 1616// 1612// 1617//
f 1617// 1612// 1613//
f 1617// 1613// 622//
f 622// 1613// 620//
f 1585// 1586// 1618//
f 1618// 1586// 1592//
f 1618// 1592// 1619//
f 1619// 1592// 1614//
f 1619// 1614// 1620//
f 1620// 1614// 1615//
f 1620// 1615// 1621//
f 1621// 1615// 1616//
f 1621// 1616// 1622//
f 1622// 1616// 1617//
f 1622// 1617// 623//
f 623// 1617// 622//
f 1584// 1585// 1591//
f 1591// 1585// 1618//
f 1591// 1618// 1623//
f 1623// 1618// 1619//
f 1623// 1619// 1624//
f 1624// 1619// 1620//
f 1624// 1620// 1625//
f 1625// 1620// 1621//
f 1625// 1621// 1626//
f 1626// 1621// 1622//
f 1626// 1622// 608//
f 608// 1622// 623//
f 1582// 1583// 1627//
f 1627// 1583// 1591//
f 1627// 1591// 1628//
f 1628// 1591// 1623//
f 1628// 1623// 1629//
f 1629// 1623// 1624//
f 1629// 1624// 1630//
f 1630// 1624// 1625//
f 1630// 1625// 1631//
f 1631// 1625// 1626//
f 1631// 1626// 610//
f 610// 1626// 608//
f 1578// 1582// 1632//
f 1632// 1582// 1627//
f 1632// 1627// 1633//
f 1633// 1627// 1628//
f 1633// 1628// 1634//
f 1634// 1628// 1629//
f 1634// 1629// 1635//
f 1635// 1629// 1630//
f 1635// 1630// 1636//
f 1636// 1630// 1631//
f 1636// 1631// 612//
f 612// 1631// 610//
f 698// 1578// 1439//
f 1439// 1578// 1632//
f 1439// 1632// 1438//
f 1438// 1632// 1633//
f 1438// 1633// 1437//
f 1437// 1633// 1634//
f 1437// 1634// 1436//
f 1436// 1634// 1635//
f 1436// 1635// 1435//
f 1435// 1635// 1636//
f 1435// 1636// 626//
f 626// 1636// 612//
f 602// 1637// 1638//
f 1638// 1637// 1639//
f 1325// 1492// 1512//
f 1512// 1492// 1640//
f 1512// 1640// 1511//
f 1511// 1640// 1641//
f 1511// 1641// 1523//
f 1523// 1641// 1642//
f 1523// 1642// 1524//
f 1524// 1642// 1643//
f 1524// 1643// 1525//
f 1525// 1643// 1644//
f 1525// 1644// 1526//
f 1526// 1644// 1645//
f 1526// 1645// 1531//
f 1531// 1645// 1646//
f 1531// 1646// 1502//
f 1502// 1646// 1647//
f 1502// 1647// 1503//
f 1503// 1647// 1648//
f 1503// 1648// 1500//
f 1500// 1648// 1639//
f 1500// 1639// 1501//
f 1501// 1639// 1637//
f 1501// 1637// 600//
f 1579// 1431// 1649//
f 1649// 1431// 1547//
f 1649// 1547// 1650//
f 1650// 1547// 1548//
f 1650// 1548// 1651//
f 1651// 1548// 1553//
f 1651// 1553// 1652//
f 1652// 1553// 1552//
f 1652// 1552// 1653//
f 1653// 1552// 1557//
f 1653// 1557// 1654//
f 1654// 1557// 1556//
f 1654// 1556// 1655//
f 1655// 1556// 1561//
f 1655// 1561// 1656//
f 1656// 1561// 1560//
f 1656// 1560// 1657//
f 1657// 1560// 1566//
f 1657// 1566// 1658//
f 1563// 599// 1659//
f 1563// 1659// 1565//
f 1566// 1565// 1658//
f 1658// 1565// 1659//
f 1658// 1659// 1660//
f 1660// 1659// 601//
f 1661// 1662// 602//
f 1662// 1661// 1663//
f 1664// 1665// 1666//
f 1667// 1668// 1669//
f 1670// 1671// 1672//
f 1673// 1674// 1675//
f 1676// 1677// 1678//
f 1493// 1494// 1679//
f 1491// 1483// 1680//
f 1681// 1678// 617//
f 617// 1678// 1480//
f 1480// 1678// 1481//
f 1481// 1678// 1677//
f 1481// 1677// 1482//
f 1492// 1493// 1640//
f 1640// 1493// 1679//
f 1640// 1679// 1641//
f 1641// 1679// 1682//
f 1681// 1673// 1678//
f 1678// 1673// 1675//
f 1678// 1675// 1676//
f 1676// 1675// 1683//
f 1684// 1643// 1682//
f 1682// 1643// 1642//
f 1682// 1642// 1641//
f 1674// 1670// 1675//
f 1675// 1670// 1672//
f 1675// 1672// 1683//
f 1683// 1672// 1685//
f 1686// 1645// 1684//
f 1684// 1645// 1644//
f 1684// 1644// 1643//
f 1671// 1667// 1672//
f 1672// 1667// 1669//
f 1672// 1669// 1685//
f 1685// 1669// 1687//
f 1688// 1647// 1686//
f 1686// 1647// 1646//
f 1686// 1646// 1645//
f 1668// 1664// 1669//
f 1669// 1664// 1666//
f 1669// 1666// 1687//
f 1687// 1666// 1689//
f 602// 1638// 1690//
f 1690// 1638// 1639//
f 1690// 1639// 1688//
f 1688// 1639// 1648//
f 1688// 1648// 1647//
f 1495// 1491// 1691//
f 1691// 1491// 1680//
f 1691// 1680// 1692//
f 1692// 1680// 1693//
f 1692// 1693// 1694//
f 1694// 1693// 1695//
f 1694// 1695// 1696//
f 1696// 1695// 1697//
f 1696// 1697// 1698//
f 1698// 1697// 1699//
f 1698// 1699// 1700//
f 1700// 1699// 1701//
f 1700// 1701// 602//
f 1483// 1482// 1680//
f 1680// 1482// 1677//
f 1680// 1677// 1693//
f 1693// 1677// 1676//
f 1693// 1676// 1695//
f 1695// 1676// 1683//
f 1695// 1683// 1697//
f 1697// 1683// 1685//
f 1697// 1685// 1699//
f 1699// 1685// 1687//
f 1699// 1687// 1701//
f 1701// 1687// 1689//
f 1701// 1689// 602//
f 1494// 1495// 1679//
f 1679// 1495// 1691//
f 1679// 1691// 1682//
f 1682// 1691// 1692//
f 1682// 1692// 1684//
f 1684// 1692// 1694//
f 1684// 1694// 1686//
f 1686// 1694// 1696//
f 1686// 1696// 1688//
f 1688// 1696// 1698//
f 1688// 1698// 1690//
f 1690// 1698// 1700//
f 1690// 1700// 602//
f 1665// 1663// 1666//
f 1666// 1663// 1661//
f 1666// 1661// 1689//
f 1689// 1661// 602//
f 1702// 1703// 601//
f 1704// 1705// 601//
f 1704// 601// 1706//
f 1658// 1660// 1703//
f 1703// 1660// 601//
f 1705// 1702// 601//
f 1656// 1657// 1707//
f 1605// 1708// 1606//
f 1606// 1708// 1709//
f 1604// 1603// 1710//
f 1710// 1603// 1609//
f 1710// 1609// 1709//
f 1709// 1609// 1608//
f 1709// 1608// 1606//
f 1604// 1710// 1600//
f 1600// 1710// 1711//
f 1600// 1711// 1601//
f 1601// 1711// 1712//
f 1601// 1712// 1597//
f 1597// 1712// 1598//
f 1598// 1712// 1713//
f 1598// 1713// 1594//
f 1594// 1713// 1714//
f 1594// 1714// 616//
f 1715// 1716// 1717//
f 1717// 1716// 1718//
f 1605// 1579// 1708//
f 1708// 1579// 1649//
f 1708// 1649// 1650//
f 1650// 1719// 1708//
f 1708// 1719// 1720//
f 1708// 1720// 1709//
f 1709// 1720// 1721//
f 1709// 1721// 1710//
f 1710// 1721// 1722//
f 1710// 1722// 1711//
f 1711// 1722// 1723//
f 1711// 1723// 1712//
f 1712// 1723// 1717//
f 1712// 1717// 1713//
f 1713// 1717// 1718//
f 1713// 1718// 1714//
f 1724// 1725// 1726//
f 1726// 1725// 1715//
f 1715// 1717// 1726//
f 1726// 1717// 1723//
f 1726// 1723// 1727//
f 1727// 1723// 1722//
f 1727// 1722// 1728//
f 1728// 1722// 1721//
f 1728// 1721// 1729//
f 1729// 1721// 1720//
f 1729// 1720// 1730//
f 1730// 1720// 1719//
f 1730// 1719// 1731//
f 1732// 1733// 1734//
f 1734// 1733// 1724//
f 1650// 1651// 1719//
f 1719// 1651// 1652//
f 1719// 1652// 1731//
f 1731// 1652// 1653//
f 1731// 1653// 1654//
f 1724// 1726// 1734//
f 1734// 1726// 1727//
f 1734// 1727// 1735//
f 1735// 1727// 1728//
f 1735// 1728// 1736//
f 1736// 1728// 1729//
f 1736// 1729// 1737//
f 1737// 1729// 1730//
f 1737// 1730// 1738//
f 1738// 1730// 1731//
f 1738// 1731// 1739//
f 1739// 1731// 1654//
f 1739// 1654// 1655//
f 1740// 1741// 1742//
f 1742// 1741// 1732//
f 1732// 1734// 1742//
f 1742// 1734// 1735//
f 1742// 1735// 1743//
f 1743// 1735// 1736//
f 1743// 1736// 1744//
f 1744// 1736// 1737//
f 1744// 1737// 1745//
f 1745// 1737// 1738//
f 1745// 1738// 1746//
f 1746// 1738// 1739//
f 1746// 1739// 1707//
f 1707// 1739// 1655//
f 1707// 1655// 1656//
f 601// 1747// 1748//
f 1748// 1747// 1740//
f 1706// 601// 1748//
f 1740// 1742// 1748//
f 1748// 1742// 1743//
f 1748// 1743// 1706//
f 1706// 1743// 1744//
f 1706// 1744// 1704//
f 1704// 1744// 1745//
f 1704// 1745// 1705//
f 1705// 1745// 1746//
f 1705// 1746// 1702//
f 1702// 1746// 1707//
f 1702// 1707// 1703//
f 1703// 1707// 1657//
f 1703// 1657// 1658//
f 1749// 602// 1662//
f 601// 1749// 1747//
f 1747// 1749// 1662//
f 1747// 1662// 1740//
f 1740// 1662// 1663//
f 1740// 1663// 1741//
f 1741// 1663// 1665//
f 1741// 1665// 1732//
f 1732// 1665// 1664//
f 1732// 1664// 1733//
f 1733// 1664// 1668//
f 1733// 1668// 1724//
f 1724// 1668// 1667//
f 1724// 1667// 1725//
f 1725// 1667// 1671//
f 1725// 1671// 1715//
f 1715// 1671// 1670//
f 1715// 1670// 1716//
f 1716// 1670// 1674//
f 1716// 1674// 1718//
f 1718// 1674// 1673//
f 1718// 1673// 1714//
f 1714// 1673// 1681//
f 1714// 1681// 616//
f 616// 1681// 617//
usemtl 2
f 1750// 1751// 685//
f 685// 1751// 691//
f 687// 689// 1752//
f 1752// 689// 1753//
f 597// 1754// 654//
f 654// 1754// 1755//
f 598// 1756// 597//
f 597// 1756// 1754//
f 653// 1757// 598//
f 598// 1757// 1756//
f 654// 1755// 653//
f 653// 1755// 1757//
f 1758// 1759// 1754//
f 1756// 1760// 1754//
f 1754// 1760// 1761//
f 1761// 1762// 1754//
f 1754// 1762// 1763//
f 1754// 1763// 1758//
f 1764// 1759// 1758//
f 1764// 1758// 1765//
f 1765// 1758// 1763//
f 1765// 1763// 1766//
f 1766// 1763// 1762//
f 1766// 1762// 1767//
f 1767// 1762// 1761//
f 1767// 1761// 1768//
f 1768// 1761// 1760//
f 1768// 1760// 1769//
f 1769// 1760// 1756//
f 1769// 1756// 1757//
f 1769// 1757// 1755//
f 1766// 1755// 1765//
f 1765// 1755// 1764//
f 1766// 1767// 1755//
f 1755// 1767// 1768//
f 1755// 1768// 1769//
f 1750// 1755// 1751//
f 1751// 1755// 1754//
f 1751// 1754// 1770//
f 1770// 1754// 1759//
f 1770// 1759// 1771//
f 1771// 1759// 1764//
f 1764// 1755// 1771//
f 1771// 1755// 1750//
f 1772// 1773// 1751//
f 1751// 1773// 1774//
f 1751// 1774// 1775//
f 1770// 1776// 1751//
f 1751// 1776// 1777//
f 1751// 1777// 1772//
f 1778// 1775// 1774//
f 1778// 1774// 1779//
f 1779// 1774// 1773//
f 1779// 1773// 1780//
f 1780// 1773// 1772//
f 1780// 1772// 1781//
f 1781// 1772// 1777//
f 1781// 1777// 1782//
f 1782// 1777// 1776//
f 1782// 1776// 1783//
f 1783// 1776// 1770//
f 1783// 1770// 1771//
f 1778// 1779// 1750//
f 1750// 1779// 1780//
f 1750// 1780// 1781//
f 1781// 1782// 1750//
f 1750// 1782// 1783//
f 1750// 1783// 1771//
f 1753// 689// 1775//
f 1775// 689// 691//
f 1775// 691// 1751//
f 1753// 1775// 1752//
f 1752// 1775// 1778//
f 687// 1752// 685//
f 685// 1752// 1778//
f 685// 1778// 1750//
f 1784// 1785// 693//
f 693// 1785// 699//
f 695// 697// 1786//
f 1786// 697// 1787//
f 593// 1788// 660//
f 660// 1788// 1789//
f 594// 1790// 593//
f 593// 1790// 1788//
f 659// 1791// 594//
f 594// 1791// 1790//
f 660// 1789// 659//
f 659// 1789// 1791//
f 1792// 1793// 1794//
f 1792// 1794// 1795//
f 1795// 1794// 1796//
f 1795// 1796// 1797//
f 1797// 1796// 1798//
f 1797// 1798// 1799//
f 1799// 1798// 1800//
f 1799// 1800// 1801//
f 1801// 1800// 1802//
f 1801// 1802// 1803//
f 1803// 1802// 1789//
f 1803// 1789// 1788//
f 1792// 1795// 1790//
f 1790// 1795// 1797//
f 1790// 1797// 1799//
f 1799// 1801// 1790//
f 1790// 1801// 1803//
f 1790// 1803// 1788//
f 1794// 1793// 1791//
f 1794// 1791// 1796//
f 1791// 1789// 1802//
f 1802// 1800// 1791//
f 1791// 1800// 1798//
f 1791// 1798// 1796//
f 1804// 1793// 1805//
f 1805// 1793// 1792//
f 1805// 1792// 1784//
f 1784// 1792// 1790//
f 1784// 1790// 1785//
f 1785// 1790// 1791//
f 1791// 1793// 1785//
f 1785// 1793// 1804//
f 1806// 1807// 1808//
f 1806// 1808// 1809//
f 1809// 1808// 1810//
f 1809// 1810// 1811//
f 1811// 1810// 1812//
f 1811// 1812// 1813//
f 1813// 1812// 1814//
f 1813// 1814// 1815//
f 1815// 1814// 1816//
f 1815// 1816// 1817//
f 1817// 1816// 1804//
f 1817// 1804// 1805//
f 1817// 1805// 1784//
f 1806// 1809// 1784//
f 1784// 1809// 1811//
f 1811// 1813// 1784//
f 1784// 1813// 1815//
f 1784// 1815// 1817//
f 1804// 1816// 1785//
f 1785// 1816// 1814//
f 1785// 1814// 1812//
f 1812// 1810// 1785//
f 1785// 1810// 1808//
f 1785// 1808// 1807//
f 1787// 1807// 1786//
f 1786// 1807// 1806//
f 695// 1786// 693//
f 693// 1786// 1806//
f 693// 1806// 1784//
f 1787// 697// 1807//
f 1807// 697// 699//
f 1807// 699// 1785//
usemtl 3
f 588// 867// 590//
f 590// 867// 705//
f 663// 706// 661//
f 661// 706// 866//
f 866// 706// 867//
f 867// 706// 705//
f 584// 869// 586//
f 586// 869// 707//
f 589// 704// 587//
f 587// 704// 868//
f 868// 704// 869//
f 869// 704// 707//
f 581// 871// 579//
f 579// 871// 702//
f 585// 703// 583//
f 583// 703// 872//
f 872// 703// 871//
f 871// 703// 702//
usemtl 4
f 1818// 1819// 335//
f 335// 1819// 336//
f 1820// 1818// 334//
f 334// 1818// 335//
f 1820// 334// 1821//
f 1821// 334// 333//
f 1821// 333// 533//
f 1822// 1821// 535//
f 535// 1821// 533//
f 337// 1823// 536//
f 536// 1823// 1822//
f 536// 1822// 535//
f 1819// 1823// 336//
f 336// 1823// 337//
f 1821// 1822// 1820//
f 1820// 1822// 1823//
f 1820// 1823// 1818//
f 1818// 1823// 1819//
f 280// 1824// 1825//
f 1826// 329// 331//
f 1826// 331// 1827//
f 331// 332// 1827//
f 1827// 332// 20//
f 1827// 20// 1825//
f 1825// 20// 19//
f 1825// 19// 280//
f 1828// 1824// 279//
f 279// 1824// 280//
f 1828// 279// 285//
f 1828// 285// 1829//
f 285// 283// 1829//
f 1829// 283// 282//
f 1829// 282// 1830//
f 1830// 282// 303//
f 1830// 303// 1831//
f 1831// 303// 302//
f 1831// 302// 1832//
f 1832// 302// 289//
f 1832// 289// 1833//
f 1833// 289// 288//
f 1833// 288// 1834//
f 1834// 288// 305//
f 1834// 305// 1835//
f 1835// 305// 304//
f 1835// 304// 1836//
f 1836// 304// 301//
f 1836// 301// 1837//
f 1837// 301// 300//
f 1837// 300// 1838//
f 1838// 300// 299//
f 1838// 299// 1839//
f 1839// 299// 293//
f 1839// 293// 1840//
f 1840// 293// 292//
f 1840// 292// 1841//
f 1841// 292// 291//
f 1841// 291// 1842//
f 1842// 291// 296//
f 1842// 296// 1843//
f 1843// 296// 298//
f 1843// 298// 1844//
f 1844// 298// 297//
f 1844// 297// 1845//
f 1845// 297// 295//
f 1845// 295// 1846//
f 1846// 295// 294//
f 1846// 294// 1847//
f 278// 1848// 1849//
f 1847// 294// 290//
f 1847// 290// 1850//
f 1850// 290// 284//
f 1850// 284// 1849//
f 1849// 284// 286//
f 1849// 286// 278//
f 1851// 1848// 277//
f 277// 1848// 278//
f 310// 1852// 276//
f 276// 1852// 1851//
f 276// 1851// 277//
f 310// 309// 1852//
f 1852// 309// 307//
f 1852// 307// 1853//
f 1853// 307// 306//
f 1853// 306// 1854//
f 1855// 1854// 17//
f 17// 1854// 306//
f 17// 16// 1855//
f 1855// 16// 314//
f 1855// 314// 1856//
f 1856// 314// 313//
f 1856// 313// 1857//
f 1857// 313// 312//
f 1857// 312// 1858//
f 1858// 312// 311//
f 1858// 311// 1859//
f 1859// 311// 317//
f 1859// 317// 1860//
f 317// 316// 1860//
f 1860// 316// 322//
f 1860// 322// 1861//
f 1861// 322// 321//
f 1861// 321// 1862//
f 1862// 321// 319//
f 1862// 319// 1863//
f 1863// 319// 318//
f 1863// 318// 1864//
f 318// 328// 1864//
f 1864// 328// 327//
f 1864// 327// 1865//
f 1865// 327// 326//
f 1865// 326// 1866//
f 329// 1826// 13//
f 13// 1826// 1867//
f 13// 1867// 323//
f 323// 1867// 1868//
f 323// 1868// 324//
f 324// 1868// 1869//
f 324// 1869// 325//
f 325// 1869// 1866//
f 325// 1866// 326//
f 1849// 1848// 1851//
f 1840// 1841// 1859//
f 1849// 1851// 1850//
f 1850// 1851// 1852//
f 1850// 1852// 1847//
f 1847// 1852// 1853//
f 1847// 1853// 1846//
f 1846// 1853// 1854//
f 1846// 1854// 1845//
f 1845// 1854// 1855//
f 1845// 1855// 1844//
f 1824// 1828// 1825//
f 1825// 1828// 1829//
f 1825// 1829// 1827//
f 1827// 1829// 1830//
f 1827// 1830// 1826//
f 1826// 1830// 1831//
f 1826// 1831// 1867//
f 1867// 1831// 1832//
f 1867// 1832// 1868//
f 1868// 1832// 1833//
f 1868// 1833// 1869//
f 1869// 1833// 1834//
f 1869// 1834// 1866//
f 1866// 1834// 1835//
f 1866// 1835// 1865//
f 1865// 1835// 1836//
f 1865// 1836// 1864//
f 1859// 1841// 1858//
f 1855// 1856// 1844//
f 1844// 1856// 1857//
f 1844// 1857// 1843//
f 1843// 1857// 1858//
f 1843// 1858// 1842//
f 1842// 1858// 1841//
f 1862// 1839// 1861//
f 1861// 1839// 1840//
f 1861// 1840// 1860//
f 1860// 1840// 1859//
f 1864// 1836// 1863//
f 1863// 1836// 1837//
f 1863// 1837// 1862//
f 1862// 1837// 1838//
f 1862// 1838// 1839//
f 1870// 1871// 268//
f 268// 1871// 22//
f 265// 1872// 267//
f 267// 1872// 1870//
f 267// 1870// 268//
f 1873// 1872// 264//
f 264// 1872// 265//
f 258// 1874// 266//
f 266// 1874// 1873//
f 266// 1873// 264//
f 1875// 1874// 257//
f 257// 1874// 258//
f 270// 1876// 271//
f 271// 1876// 1875//
f 271// 1875// 257//
f 1877// 1876// 269//
f 269// 1876// 270//
f 263// 1878// 547//
f 547// 1878// 1877//
f 547// 1877// 269//
f 1879// 1878// 261//
f 261// 1878// 263//
f 273// 1880// 274//
f 274// 1880// 1879//
f 274// 1879// 261//
f 1881// 1880// 287//
f 287// 1880// 273//
f 22// 1871// 23//
f 23// 1871// 1881//
f 23// 1881// 287//
f 1871// 1870// 1881//
f 1881// 1870// 1872//
f 1874// 1875// 1873//
f 1873// 1875// 1876//
f 1878// 1879// 1877//
f 1877// 1879// 1880//
f 1877// 1880// 1876//
f 1876// 1880// 1881//
f 1876// 1881// 1873//
f 1873// 1881// 1872//
f 1882// 1883// 1884//
f 1884// 1883// 1885//
f 1884// 1885// 1886//
f 1886// 1885// 1887//
f 1886// 1887// 1888//
f 1888// 1887// 1889//
f 1888// 1889// 1890//
f 1890// 1889// 1891//
f 1890// 1891// 1892//
f 1892// 1891// 1893//
f 1892// 1893// 1894//
f 1894// 1893// 1895//
f 1894// 1895// 1896//
f 1896// 1895// 1897//
f 1896// 1897// 1898//
f 1898// 1897// 1899//
f 1898// 1899// 1900//
f 1900// 1899// 1901//
f 1900// 1901// 1902//
f 1902// 1901// 1903//
f 1902// 1903// 1904//
f 1904// 1903// 1905//
f 1904// 1905// 1906//
f 1906// 1905// 1907//
f 1906// 1907// 1908//
f 1908// 1907// 1909//
f 1908// 1909// 1910//
f 1910// 1909// 1911//
f 1910// 1911// 1912//
f 1912// 1911// 1913//
f 1912// 1913// 1914//
f 1914// 1913// 1915//
f 1914// 1915// 1916//
f 1916// 1915// 1882//
f 1916// 1882// 1884//
f 1890// 1892// 545//
f 545// 1892// 546//
f 1890// 545// 555//
f 1890// 555// 1888//
f 1888// 555// 554//
f 1888// 554// 1886//
f 1886// 554// 553//
f 1886// 553// 1884//
f 1884// 553// 544//
f 1884// 544// 1916//
f 1916// 544// 543//
f 1916// 543// 1914//
f 1914// 543// 548//
f 1914// 548// 1912//
f 1912// 548// 552//
f 1912// 552// 1910//
f 1910// 552// 550//
f 1910// 550// 1908//
f 1908// 550// 549//
f 1908// 549// 1906//
f 1906// 549// 561//
f 1906// 561// 1904//
f 1904// 561// 560//
f 1904// 560// 1902//
f 1902// 560// 559//
f 1902// 559// 1900//
f 1900// 559// 558//
f 1900// 558// 1898//
f 1898// 558// 557//
f 1898// 557// 1896//
f 1894// 1896// 556//
f 556// 1896// 557//
f 1892// 1894// 546//
f 546// 1894// 556//
f 1897// 1895// 1917//
f 1917// 1895// 1918//
f 1895// 1893// 1918//
f 1918// 1893// 1919//
f 1893// 1891// 1919//
f 1919// 1891// 1920//
f 1883// 1921// 1922//
f 1883// 1922// 1885//
f 1885// 1922// 1923//
f 1885// 1923// 1887//
f 1887// 1923// 1924//
f 1887// 1924// 1889//
f 1889// 1924// 1920//
f 1889// 1920// 1891//
f 1911// 1925// 1926//
f 1911// 1926// 1913//
f 1913// 1926// 1927//
f 1913// 1927// 1915//
f 1915// 1927// 1928//
f 1915// 1928// 1882//
f 1882// 1928// 1921//
f 1882// 1921// 1883//
f 1903// 1929// 1930//
f 1903// 1930// 1905//
f 1905// 1930// 1931//
f 1905// 1931// 1907//
f 1907// 1931// 1932//
f 1907// 1932// 1909//
f 1909// 1932// 1925//
f 1909// 1925// 1911//
f 1897// 1917// 1933//
f 1897// 1933// 1899//
f 1899// 1933// 1934//
f 1899// 1934// 1901//
f 1901// 1934// 1929//
f 1901// 1929// 1903//
usemtl 1
f 1918// 1919// 1917//
f 1917// 1919// 1920//
f 1917// 1920// 1924//
f 1924// 1923// 1917//
f 1917// 1923// 1922//
f 1917// 1922// 1921//
f 1921// 1928// 1917//
f 1917// 1928// 1927//
f 1917// 1927// 1926//
f 1926// 1925// 1917//
f 1917// 1925// 1932//
f 1917// 1932// 1931//
f 1931// 1930// 1917//
f 1917// 1930// 1929//
f 1917// 1929// 1933//
f 1933// 1929// 1934//
usemtl 4
f 1935// 1936// 1937//
f 1938// 1939// 1940//
f 1936// 1941// 1937//
f 1937// 1941// 1942//
f 1937// 1942// 1943//
f 1943// 1942// 1944//
f 1943// 1944// 1945//
f 1945// 1946// 1943//
f 1943// 1946// 1947//
f 1943// 1947// 1948//
f 1949// 1948// 1950//
f 1950// 1948// 1947//
f 1950// 1947// 1940//
f 1940// 1947// 1935//
f 1940// 1935// 1938//
f 1938// 1935// 1937//
f 237// 1943// 251//
f 251// 1943// 1948//
f 251// 1948// 256//
f 1937// 1943// 238//
f 238// 1943// 237//
f 240// 242// 1938//
f 240// 1938// 241//
f 241// 1938// 1937//
f 241// 1937// 238//
f 1939// 1938// 244//
f 244// 1938// 242//
f 249// 1940// 247//
f 247// 1940// 1939//
f 247// 1939// 244//
f 253// 1950// 248//
f 248// 1950// 1940//
f 248// 1940// 249//
f 1950// 253// 1949//
f 1949// 253// 254//
f 1949// 254// 255//
f 1948// 1949// 256//
f 256// 1949// 255//
f 1935// 1947// 1951//
f 1951// 1947// 1952//
f 1947// 1946// 1952//
f 1952// 1946// 1953//
f 1944// 1954// 1955//
f 1944// 1955// 1945//
f 1945// 1955// 1953//
f 1945// 1953// 1946//
f 1944// 1942// 1954//
f 1954// 1942// 1956//
f 1936// 1957// 1958//
f 1936// 1958// 1941//
f 1941// 1958// 1956//
f 1941// 1956// 1942//
f 1936// 1935// 1957//
f 1957// 1935// 1951//
usemtl 1
f 1954// 1956// 1955//
f 1955// 1956// 1958//
f 1955// 1958// 1953//
f 1953// 1958// 1957//
f 1953// 1957// 1952//
f 1952// 1957// 1951//
usemtl 4
f 1959// 1960// 219//
f 219// 1960// 232//
f 1961// 1959// 217//
f 217// 1959// 219//
f 1962// 1961// 216//
f 216// 1961// 217//
f 1963// 1962// 218//
f 218// 1962// 216//
f 1964// 1963// 220//
f 220// 1963// 218//
f 1965// 1964// 222//
f 222// 1964// 220//
f 1966// 1965// 223//
f 223// 1965// 222//
f 1967// 1966// 221//
f 221// 1966// 223//
f 1967// 221// 226//
f 1967// 226// 1968//
f 1968// 226// 227//
f 1968// 227// 228//
f 1969// 1968// 229//
f 229// 1968// 228//
f 233// 1970// 234//
f 234// 1970// 1969//
f 234// 1969// 230//
f 230// 1969// 229//
f 1960// 1970// 232//
f 232// 1970// 233//
f 1970// 1960// 1959//
f 1959// 1961// 1970//
f 1970// 1961// 1962//
f 1970// 1962// 1969//
f 1967// 1968// 1966//
f 1966// 1968// 1969//
f 1966// 1969// 1965//
f 1965// 1969// 1962//
f 1965// 1962// 1964//
f 1964// 1962// 1963//
f 1971// 1972// 1973//
f 1973// 1972// 1974//
f 1975// 1976// 1977//
f 1978// 1979// 1980//
f 1980// 1979// 1981//
f 1982// 1983// 1974//
f 1974// 1983// 1984//
f 1984// 1985// 1974//
f 1974// 1985// 1986//
f 1974// 1986// 1973//
f 1973// 1986// 1987//
f 1973// 1987// 1978//
f 1978// 1987// 1988//
f 1978// 1988// 1979//
f 1977// 1982// 1975//
f 1975// 1982// 1974//
f 1975// 1974// 1989//
f 1989// 1974// 1990//
f 1989// 1990// 1991//
f 1991// 1990// 1992//
f 1991// 1992// 1993//
f 1993// 1992// 1994//
f 1993// 1994// 1995//
f 1995// 1994// 1996//
f 1995// 1996// 1997//
f 1997// 1996// 1998//
f 1997// 1998// 1999//
f 1999// 1998// 2000//
f 1999// 2000// 2001//
f 2001// 2000// 2002//
f 2001// 2002// 2003//
f 2003// 2002// 2004//
f 2003// 2004// 2005//
f 2005// 2004// 2006//
f 2005// 2006// 2007//
f 2007// 2006// 2008//
f 2009// 2010// 2011//
f 2011// 2010// 2012//
f 2011// 2012// 2013//
f 2013// 2012// 2014//
f 2013// 2014// 2015//
f 2015// 2014// 2016//
f 2015// 2016// 2017//
f 2016// 2018// 2017//
f 2017// 2018// 2019//
f 2017// 2019// 2020//
f 2020// 2019// 2021//
f 2020// 2021// 1981//
f 1981// 2021// 2022//
f 1981// 2022// 1980//
f 2023// 2024// 2025//
f 2025// 2024// 2026//
f 2025// 2026// 2027//
f 2027// 2026// 2028//
f 2027// 2028// 2029//
f 2029// 2028// 2030//
f 2029// 2030// 2009//
f 2009// 2030// 2031//
f 2009// 2031// 2010//
f 1975// 2032// 1976//
f 1976// 2032// 2033//
f 1976// 2033// 2034//
f 2034// 2033// 2035//
f 2034// 2035// 2036//
f 2036// 2035// 2037//
f 2036// 2037// 2038//
f 2038// 2037// 2039//
f 2038// 2039// 2023//
f 2023// 2039// 2040//
f 2023// 2040// 2024//
f 2002// 476// 475//
f 2002// 475// 2004//
f 2004// 475// 485//
f 2004// 485// 2006//
f 2006// 485// 483//
f 2006// 483// 2008//
f 2007// 2008// 482//
f 482// 2008// 483//
f 2007// 482// 489//
f 2007// 489// 2005//
f 2005// 489// 491//
f 2005// 491// 2003//
f 2003// 491// 517//
f 2003// 517// 2001//
f 2001// 517// 516//
f 2001// 516// 1999//
f 1999// 516// 515//
f 1999// 515// 1997//
f 1997// 515// 514//
f 1997// 514// 1995//
f 1995// 514// 513//
f 1995// 513// 1993//
f 1993// 513// 501//
f 1993// 501// 1991//
f 1991// 501// 500//
f 1991// 500// 1989//
f 1989// 500// 499//
f 1989// 499// 1975//
f 2032// 1975// 490//
f 490// 1975// 499//
f 2032// 490// 488//
f 2032// 488// 2033//
f 2033// 488// 487//
f 2033// 487// 2035//
f 2035// 487// 486//
f 2035// 486// 2037//
f 2037// 486// 522//
f 2037// 522// 2039//
f 2039// 522// 521//
f 2039// 521// 2040//
f 2040// 521// 520//
f 2040// 520// 2024//
f 2024// 520// 512//
f 2024// 512// 2026//
f 2026// 512// 511//
f 2026// 511// 2028//
f 2028// 511// 510//
f 2028// 510// 2030//
f 2030// 510// 509//
f 2030// 509// 2031//
f 2031// 509// 508//
f 2031// 508// 2010//
f 2010// 508// 507//
f 2010// 507// 2012//
f 2012// 507// 519//
f 2012// 519// 2014//
f 2014// 519// 518//
f 2014// 518// 2016//
f 2016// 518// 506//
f 2016// 506// 2018//
f 2018// 506// 505//
f 2018// 505// 2019//
f 2019// 505// 503//
f 2019// 503// 2021//
f 2021// 503// 502//
f 2021// 502// 2022//
f 2022// 502// 498//
f 2022// 498// 1980//
f 1980// 498// 496//
f 1980// 496// 1978//
f 1973// 1978// 495//
f 495// 1978// 496//
f 1971// 1973// 497//
f 497// 1973// 495//
f 1972// 1971// 494//
f 494// 1971// 497//
f 1974// 1972// 493//
f 493// 1972// 494//
f 1974// 493// 492//
f 1974// 492// 1990//
f 1990// 492// 481//
f 1990// 481// 1992//
f 1992// 481// 480//
f 1992// 480// 1994//
f 1994// 480// 479//
f 1994// 479// 1996//
f 1996// 479// 478//
f 1996// 478// 1998//
f 1998// 478// 477//
f 1998// 477// 2000//
f 2000// 477// 476//
f 2000// 476// 2002//
f 2034// 2041// 2042//
f 2034// 2042// 1976//
f 1976// 2042// 2043//
f 1976// 2043// 1977//
f 1977// 2043// 2044//
f 1977// 2044// 1982//
f 2025// 2045// 2046//
f 2025// 2046// 2023//
f 2023// 2046// 2047//
f 2023// 2047// 2038//
f 2038// 2047// 2048//
f 2038// 2048// 2036//
f 2036// 2048// 2041//
f 2036// 2041// 2034//
f 2011// 2049// 2050//
f 2011// 2050// 2009//
f 2009// 2050// 2051//
f 2009// 2051// 2029//
f 2029// 2051// 2052//
f 2029// 2052// 2027//
f 2027// 2052// 2045//
f 2027// 2045// 2025//
f 2017// 2053// 2054//
f 2017// 2054// 2015//
f 2015// 2054// 2055//
f 2015// 2055// 2013//
f 2013// 2055// 2049//
f 2013// 2049// 2011//
f 1988// 2056// 2057//
f 1988// 2057// 1979//
f 1979// 2057// 2058//
f 1979// 2058// 1981//
f 1981// 2058// 2059//
f 1981// 2059// 2020//
f 2020// 2059// 2053//
f 2020// 2053// 2017//
f 1984// 2060// 2061//
f 1984// 2061// 1985//
f 1985// 2061// 2062//
f 1985// 2062// 1986//
f 1986// 2062// 2063//
f 1986// 2063// 1987//
f 1987// 2063// 2056//
f 1987// 2056// 1988//
f 1984// 1983// 2060//
f 2060// 1983// 2064//
f 1983// 1982// 2064//
f 2064// 1982// 2044//
usemtl 1
f 2064// 2044// 2060//
f 2060// 2044// 2043//
f 2043// 2042// 2060//
f 2060// 2042// 2041//
f 2060// 2041// 2061//
f 2061// 2041// 2062//
f 2062// 2041// 2048//
f 2062// 2048// 2063//
f 2050// 2049// 2057//
f 2050// 2057// 2051//
f 2058// 2057// 2059//
f 2059// 2057// 2053//
f 2048// 2047// 2063//
f 2063// 2047// 2046//
f 2063// 2046// 2056//
f 2056// 2046// 2045//
f 2056// 2045// 2057//
f 2057// 2045// 2052//
f 2057// 2052// 2051//
f 2049// 2055// 2057//
f 2057// 2055// 2054//
f 2057// 2054// 2053//
usemtl 4
f 359// 2065// 2066//
f 2067// 411// 408//
f 2067// 408// 2068//
f 2068// 408// 361//
f 2068// 361// 2066//
f 2066// 361// 363//
f 2066// 363// 359//
f 2069// 2065// 366//
f 366// 2065// 359//
f 387// 2070// 2071//
f 2069// 366// 368//
f 2069// 368// 2071//
f 2071// 368// 370//
f 2071// 370// 387//
f 2070// 387// 386//
f 2070// 386// 2072//
f 2072// 386// 389//
f 2072// 389// 2073//
f 2073// 389// 388//
f 2073// 388// 2074//
f 2074// 388// 385//
f 2074// 385// 2075//
f 2075// 385// 384//
f 2075// 384// 2076//
f 2076// 384// 382//
f 2076// 382// 2077//
f 2077// 382// 381//
f 2077// 381// 2078//
f 2078// 381// 440//
f 2078// 440// 2079//
f 2079// 440// 372//
f 2079// 372// 2080//
f 2080// 372// 371//
f 2080// 371// 2081//
f 2081// 371// 404//
f 2081// 404// 2082//
f 2082// 404// 403//
f 2082// 403// 2083//
f 2083// 403// 401//
f 2083// 401// 2084//
f 2084// 401// 399//
f 2084// 399// 2085//
f 2085// 399// 398//
f 2085// 398// 2086//
f 2086// 398// 397//
f 2086// 397// 2087//
f 2087// 397// 396//
f 2087// 396// 2088//
f 2088// 396// 395//
f 2088// 395// 2089//
f 2089// 395// 392//
f 2089// 392// 2090//
f 2090// 392// 407//
f 2090// 407// 2091//
f 2091// 407// 406//
f 2091// 406// 2092//
f 2092// 406// 405//
f 2092// 405// 2093//
f 2093// 405// 394//
f 2093// 394// 2094//
f 2094// 394// 393//
f 2094// 393// 2095//
f 2095// 393// 391//
f 2095// 391// 2096//
f 2096// 391// 390//
f 2096// 390// 2097//
f 2097// 390// 400//
f 2097// 400// 2098//
f 2098// 400// 402//
f 2098// 402// 2099//
f 2099// 402// 373//
f 2099// 373// 2100//
f 2101// 2100// 380//
f 380// 2100// 373//
f 2101// 380// 378//
f 2101// 378// 2102//
f 2102// 378// 377//
f 2102// 377// 2103//
f 2103// 377// 376//
f 2103// 376// 2104//
f 2104// 376// 375//
f 2104// 375// 2105//
f 2105// 375// 374//
f 2105// 374// 2106//
f 2107// 2106// 11//
f 11// 2106// 374//
f 11// 10// 2107//
f 2107// 10// 357//
f 2107// 357// 2108//
f 2108// 357// 355//
f 2108// 355// 2109//
f 2109// 355// 354//
f 2109// 354// 2110//
f 2110// 354// 358//
f 2110// 358// 2111//
f 2111// 358// 360//
f 2111// 360// 2112//
f 2112// 360// 365//
f 2112// 365// 2113//
f 409// 2114// 2115//
f 2113// 365// 364//
f 2113// 364// 2116//
f 2116// 364// 362//
f 2116// 362// 2115//
f 2115// 362// 410//
f 2115// 410// 409//
f 2114// 409// 413//
f 2114// 413// 2117//
f 2117// 413// 424//
f 2117// 424// 2118//
f 2118// 424// 423//
f 2118// 423// 2119//
f 2119// 423// 422//
f 2119// 422// 2120//
f 2120// 422// 416//
f 2120// 416// 2121//
f 2121// 416// 415//
f 2121// 415// 2122//
f 2122// 415// 421//
f 2122// 421// 2123//
f 2123// 421// 420//
f 2123// 420// 2124//
f 2124// 420// 419//
f 2124// 419// 2125//
f 2125// 419// 418//
f 2125// 418// 2126//
f 2126// 418// 417//
f 2126// 417// 2127//
f 2127// 417// 414//
f 2127// 414// 2128//
f 2128// 414// 412//
f 2128// 412// 2129//
f 2129// 412// 411//
f 2129// 411// 2067//
f 2093// 2094// 2105//
f 2105// 2094// 2104//
f 2117// 2084// 2114//
f 2114// 2084// 2085//
f 2073// 2074// 2125//
f 2125// 2074// 2075//
f 2125// 2075// 2124//
f 2124// 2075// 2076//
f 2124// 2076// 2123//
f 2123// 2076// 2077//
f 2123// 2077// 2122//
f 2122// 2077// 2078//
f 2122// 2078// 2121//
f 2121// 2078// 2079//
f 2121// 2079// 2120//
f 2120// 2079// 2080//
f 2120// 2080// 2119//
f 2119// 2080// 2081//
f 2119// 2081// 2118//
f 2118// 2081// 2082//
f 2118// 2082// 2117//
f 2117// 2082// 2083//
f 2117// 2083// 2084//
f 2070// 2067// 2071//
f 2071// 2067// 2068//
f 2071// 2068// 2069//
f 2069// 2068// 2066//
f 2069// 2066// 2065//
f 2094// 2095// 2104//
f 2104// 2095// 2096//
f 2104// 2096// 2103//
f 2103// 2096// 2097//
f 2103// 2097// 2102//
f 2102// 2097// 2098//
f 2102// 2098// 2101//
f 2101// 2098// 2099//
f 2101// 2099// 2100//
f 2125// 2126// 2073//
f 2073// 2126// 2127//
f 2073// 2127// 2072//
f 2072// 2127// 2128//
f 2072// 2128// 2070//
f 2070// 2128// 2129//
f 2070// 2129// 2067//
f 2105// 2106// 2093//
f 2093// 2106// 2107//
f 2093// 2107// 2092//
f 2092// 2107// 2108//
f 2092// 2108// 2091//
f 2091// 2108// 2109//
f 2091// 2109// 2090//
f 2090// 2109// 2110//
f 2090// 2110// 2089//
f 2089// 2110// 2111//
f 2089// 2111// 2088//
f 2088// 2111// 2112//
f 2088// 2112// 2087//
f 2087// 2112// 2113//
f 2087// 2113// 2086//
f 2086// 2113// 2116//
f 2086// 2116// 2085//
f 2085// 2116// 2115//
f 2085// 2115// 2114//
f 2130// 2131// 432//
f 432// 2131// 430//
f 2132// 2130// 473//
f 473// 2130// 432//
f 2132// 473// 472//
f 2132// 472// 2133//
f 2133// 472// 427//
f 2133// 427// 2134//
f 2135// 2134// 426//
f 426// 2134// 427//
f 2136// 2135// 425//
f 425// 2135// 426//
f 7// 2137// 8//
f 8// 2137// 2136//
f 8// 2136// 425//
f 2138// 2137// 436//
f 436// 2137// 7//
f 454// 2139// 443//
f 443// 2139// 2138//
f 443// 2138// 436//
f 2140// 2139// 453//
f 453// 2139// 454//
f 2140// 453// 452//
f 2140// 452// 2141//
f 452// 451// 2141//
f 2141// 451// 450//
f 2141// 450// 2142//
f 2142// 450// 449//
f 2142// 449// 2143//
f 2143// 449// 445//
f 2143// 445// 2144//
f 2144// 445// 444//
f 2144// 444// 2145//
f 2145// 444// 542//
f 2145// 542// 2146//
f 2146// 542// 441//
f 2146// 441// 2147//
f 2148// 2147// 442//
f 442// 2147// 441//
f 2148// 442// 448//
f 2148// 448// 2149//
f 2149// 448// 447//
f 2149// 447// 2150//
f 2150// 447// 446//
f 2150// 446// 2151//
f 2151// 446// 439//
f 2151// 439// 2152//
f 2152// 439// 438//
f 2152// 438// 2153//
f 438// 437// 2153//
f 2153// 437// 434//
f 2153// 434// 2154//
f 2154// 434// 433//
f 2154// 433// 2155//
f 2155// 433// 428//
f 2155// 428// 2156//
f 2131// 2156// 430//
f 430// 2156// 428//
f 2133// 2134// 2156//
f 2131// 2130// 2156//
f 2156// 2130// 2132//
f 2156// 2132// 2133//
f 2137// 2138// 2136//
f 2136// 2138// 2139//
f 2136// 2139// 2135//
f 2147// 2148// 2146//
f 2146// 2148// 2149//
f 2146// 2149// 2145//
f 2145// 2149// 2150//
f 2145// 2150// 2144//
f 2144// 2150// 2151//
f 2144// 2151// 2143//
f 2143// 2151// 2152//
f 2143// 2152// 2142//
f 2142// 2152// 2153//
f 2142// 2153// 2141//
f 2141// 2153// 2154//
f 2141// 2154// 2140//
f 2140// 2154// 2155//
f 2140// 2155// 2139//
f 2139// 2155// 2156//
f 2139// 2156// 2135//
f 2135// 2156// 2134//
f 2157// 2158// 462//
f 462// 2158// 466//
f 458// 2159// 460//
f 460// 2159// 2157//
f 460// 2157// 462//
f 2160// 2159// 457//
f 457// 2159// 458//
f 461// 2161// 459//
f 459// 2161// 2160//
f 459// 2160// 457//
f 2162// 2161// 463//
f 463// 2161// 461//
f 470// 2163// 467//
f 467// 2163// 2162//
f 467// 2162// 463//
f 2164// 2163// 469//
f 469// 2163// 470//
f 455// 2165// 468//
f 468// 2165// 2164//
f 468// 2164// 469//
f 2165// 455// 2166//
f 2166// 455// 456//
f 2166// 456// 471//
f 4// 2167// 5//
f 5// 2167// 2166//
f 5// 2166// 471//
f 429// 2168// 431//
f 431// 2168// 2167//
f 431// 2167// 4//
f 466// 2158// 464//
f 464// 2158// 2168//
f 464// 2168// 429//
f 2168// 2158// 2157//
f 2157// 2159// 2168//
f 2168// 2159// 2160//
f 2168// 2160// 2167//
f 2165// 2166// 2164//
f 2164// 2166// 2167//
f 2164// 2167// 2163//
f 2163// 2167// 2160//
f 2163// 2160// 2162//
f 2162// 2160// 2161//
f 2169// 2170// 2171//
f 2171// 2170// 2172//
f 2171// 2172// 2173//
f 2173// 2172// 2174//
f 2173// 2174// 2175//
f 2175// 2174// 2176//
f 2175// 2176// 2177//
f 2177// 2176// 2178//
f 2177// 2178// 2179//
f 2179// 2178// 2180//
f 2179// 2180// 2181//
f 2181// 2180// 2182//
f 2181// 2182// 2183//
f 2183// 2182// 2184//
f 2183// 2184// 2185//
f 2185// 2184// 2186//
f 2185// 2186// 2187//
f 2187// 2186// 2188//
f 2187// 2188// 2189//
f 2189// 2188// 2190//
f 2189// 2190// 2191//
f 2191// 2190// 2192//
f 2191// 2192// 2193//
f 2193// 2192// 2194//
f 2193// 2194// 2195//
f 2195// 2194// 2196//
f 2195// 2196// 2197//
f 2197// 2196// 2198//
f 2197// 2198// 2199//
f 2199// 2198// 2200//
f 2199// 2200// 2201//
f 2201// 2200// 2202//
f 2201// 2202// 2203//
f 2203// 2202// 2169//
f 2203// 2169// 2171//
f 2177// 2179// 210//
f 210// 2179// 25//
f 2177// 210// 208//
f 2177// 208// 2175//
f 2175// 208// 207//
f 2175// 207// 2173//
f 2173// 207// 199//
f 2173// 199// 2171//
f 2171// 199// 198//
f 2171// 198// 2203//
f 2203// 198// 204//
f 2203// 204// 2201//
f 2201// 204// 203//
f 2201// 203// 2199//
f 2199// 203// 202//
f 2199// 202// 2197//
f 2197// 202// 195//
f 2197// 195// 2195//
f 2195// 195// 194//
f 2195// 194// 2193//
f 2193// 194// 206//
f 2193// 206// 2191//
f 2191// 206// 205//
f 2191// 205// 2189//
f 215// 2183// 213//
f 213// 2183// 2185//
f 213// 2185// 200//
f 200// 2185// 2187//
f 200// 2187// 201//
f 201// 2187// 2189//
f 201// 2189// 205//
f 2181// 2183// 211//
f 211// 2183// 215//
f 25// 2179// 26//
f 26// 2179// 2181//
f 26// 2181// 211//
f 2184// 2182// 2204//
f 2204// 2182// 2205//
f 2182// 2180// 2205//
f 2205// 2180// 2206//
f 2180// 2178// 2206//
f 2206// 2178// 2207//
f 2170// 2208// 2209//
f 2170// 2209// 2172//
f 2172// 2209// 2210//
f 2172// 2210// 2174//
f 2174// 2210// 2211//
f 2174// 2211// 2176//
f 2176// 2211// 2207//
f 2176// 2207// 2178//
f 2198// 2212// 2213//
f 2198// 2213// 2200//
f 2200// 2213// 2214//
f 2200// 2214// 2202//
f 2202// 2214// 2215//
f 2202// 2215// 2169//
f 2169// 2215// 2208//
f 2169// 2208// 2170//
f 2190// 2216// 2217//
f 2190// 2217// 2192//
f 2192// 2217// 2218//
f 2192// 2218// 2194//
f 2194// 2218// 2219//
f 2194// 2219// 2196//
f 2196// 2219// 2212//
f 2196// 2212// 2198//
f 2184// 2204// 2220//
f 2184// 2220// 2186//
f 2186// 2220// 2221//
f 2186// 2221// 2188//
f 2188// 2221// 2216//
f 2188// 2216// 2190//
usemtl 1
f 2205// 2206// 2204//
f 2204// 2206// 2207//
f 2204// 2207// 2211//
f 2211// 2210// 2204//
f 2204// 2210// 2209//
f 2204// 2209// 2208//
f 2208// 2215// 2204//
f 2204// 2215// 2214//
f 2204// 2214// 2213//
f 2213// 2212// 2204//
f 2204// 2212// 2219//
f 2204// 2219// 2218//
f 2218// 2217// 2204//
f 2204// 2217// 2216//
f 2204// 2216// 2220//
f 2220// 2216// 2221//
usemtl 4
f 2222// 2223// 2224//
f 2225// 2226// 2227//
f 2223// 2228// 2224//
f 2224// 2228// 2229//
f 2224// 2229// 2230//
f 2230// 2229// 2231//
f 2230// 2231// 2232//
f 2232// 2233// 2230//
f 2230// 2233// 2234//
f 2230// 2234// 2235//
f 2236// 2235// 2237//
f 2237// 2235// 2234//
f 2237// 2234// 2227//
f 2227// 2234// 2222//
f 2227// 2222// 2225//
f 2225// 2222// 2224//
f 2230// 2235// 526//
f 526// 2235// 527//
f 2224// 2230// 525//
f 525// 2230// 526//
f 2225// 2224// 524//
f 524// 2224// 525//
f 2226// 2225// 523//
f 523// 2225// 524//
f 2227// 2226// 530//
f 530// 2226// 523//
f 2237// 2227// 529//
f 529// 2227// 530//
f 2236// 2237// 528//
f 528// 2237// 529//
f 2235// 2236// 527//
f 527// 2236// 528//
f 2222// 2234// 2238//
f 2238// 2234// 2239//
f 2234// 2233// 2239//
f 2239// 2233// 2240//
f 2231// 2241// 2242//
f 2231// 2242// 2232//
f 2232// 2242// 2240//
f 2232// 2240// 2233//
f 2231// 2229// 2241//
f 2241// 2229// 2243//
f 2223// 2244// 2245//
f 2223// 2245// 2228//
f 2228// 2245// 2243//
f 2228// 2243// 2229//
f 2223// 2222// 2244//
f 2244// 2222// 2238//
usemtl 1
f 2241// 2243// 2242//
f 2242// 2243// 2245//
f 2242// 2245// 2240//
f 2240// 2245// 2244//
f 2240// 2244// 2239//
f 2239// 2244// 2238//
usemtl 4
f 2246// 2247// 2248//
f 2249// 2250// 2251//
f 2252// 2253// 2249//
f 2254// 2255// 2256//
f 2257// 2258// 2259//
f 2256// 2255// 2260//
f 2253// 2261// 2249//
f 2249// 2261// 2262//
f 2249// 2262// 2263//
f 2262// 2264// 2263//
f 2263// 2264// 2265//
f 2263// 2265// 2266//
f 2266// 2265// 2267//
f 2268// 2269// 2270//
f 2270// 2269// 2271//
f 2270// 2271// 2272//
f 2272// 2271// 2273//
f 2272// 2273// 2274//
f 2274// 2273// 2275//
f 2274// 2275// 2276//
f 2276// 2275// 2248//
f 2276// 2248// 2277//
f 2278// 2279// 2268//
f 2268// 2279// 2280//
f 2268// 2280// 2269//
f 2281// 2282// 2283//
f 2283// 2282// 2284//
f 2283// 2284// 2285//
f 2285// 2284// 2286//
f 2285// 2286// 2287//
f 2287// 2286// 2288//
f 2257// 2259// 2289//
f 2289// 2259// 2290//
f 2289// 2290// 2291//
f 2291// 2290// 2292//
f 2291// 2292// 2293//
f 2294// 2295// 2248//
f 2248// 2295// 2296//
f 2248// 2296// 2246//
f 2255// 2297// 2260//
f 2260// 2297// 2298//
f 2260// 2298// 2299//
f 2299// 2298// 2300//
f 2299// 2300// 2257//
f 2257// 2300// 2301//
f 2257// 2301// 2258//
f 2302// 2247// 2303//
f 2303// 2247// 2304//
f 2303// 2304// 2305//
f 2286// 2306// 2288//
f 2288// 2306// 2307//
f 2288// 2307// 2308//
f 2308// 2307// 2309//
f 2308// 2309// 2310//
f 2310// 2309// 2311//
f 2309// 2312// 2311//
f 2311// 2312// 2313//
f 2311// 2313// 2314//
f 2314// 2313// 2315//
f 2314// 2315// 2316//
f 2316// 2315// 2317//
f 2316// 2317// 2318//
f 2256// 2319// 2254//
f 2254// 2319// 2320//
f 2254// 2320// 2321//
f 2321// 2320// 2322//
f 2321// 2322// 2323//
f 2323// 2322// 2324//
f 2323// 2324// 2325//
f 2252// 2249// 2326//
f 2326// 2249// 2251//
f 2326// 2251// 2268//
f 2268// 2251// 2327//
f 2268// 2327// 2278//
f 2328// 2329// 2330//
f 2330// 2329// 2331//
f 2330// 2331// 2283//
f 2283// 2331// 2332//
f 2283// 2332// 2281//
f 2302// 2333// 2247//
f 2247// 2333// 2334//
f 2247// 2334// 2248//
f 2248// 2334// 2335//
f 2248// 2335// 2277//
f 2293// 2292// 2336//
f 2336// 2292// 2337//
f 2336// 2337// 2338//
f 2338// 2337// 2339//
f 2338// 2339// 2340//
f 2340// 2339// 2341//
f 2340// 2341// 2342//
f 2342// 2341// 2343//
f 2342// 2343// 2328//
f 2328// 2343// 2344//
f 2328// 2344// 2329//
f 2304// 2345// 2305//
f 2305// 2345// 2346//
f 2305// 2346// 2347//
f 2347// 2346// 2348//
f 2347// 2348// 2349//
f 2349// 2348// 2350//
f 2349// 2350// 2351//
f 2351// 2350// 2352//
f 2351// 2352// 2353//
f 2353// 2352// 2354//
f 2353// 2354// 2355//
f 2355// 2354// 2356//
f 2355// 2356// 2357//
f 2357// 2356// 2358//
f 2357// 2358// 2267//
f 2267// 2358// 2359//
f 2267// 2359// 2266//
f 2324// 2360// 2325//
f 2325// 2360// 2361//
f 2325// 2361// 2362//
f 2362// 2361// 2363//
f 2362// 2363// 2364//
f 2364// 2363// 2365//
f 2364// 2365// 2366//
f 2366// 2365// 2367//
f 2366// 2367// 2368//
f 2368// 2367// 2369//
f 2368// 2369// 2294//
f 2294// 2369// 2370//
f 2294// 2370// 2295//
f 2371// 2372// 2373//
f 2373// 2372// 2374//
f 2371// 2373// 2375//
f 2375// 2373// 2376//
f 2375// 2376// 2377//
f 2377// 2376// 2378//
f 2377// 2378// 2379//
f 2317// 2380// 2318//
f 2318// 2380// 2381//
f 2318// 2381// 2382//
f 2382// 2381// 2383//
f 2382// 2383// 2384//
f 2384// 2383// 2385//
f 2384// 2385// 2386//
f 2386// 2385// 2387//
f 2386// 2387// 2388//
f 2388// 2387// 2389//
f 2388// 2389// 2390//
f 2390// 2389// 2391//
f 2390// 2391// 2392//
f 2392// 2391// 2373//
f 2392// 2373// 2393//
f 2393// 2373// 2374//
f 2379// 2394// 2377//
f 2377// 2394// 2395//
f 2377// 2395// 2396//
f 2311// 190// 189//
f 191// 2288// 2308//
f 2311// 189// 2310//
f 2310// 189// 193//
f 2310// 193// 2308//
f 2308// 193// 192//
f 2308// 192// 191//
f 191// 35// 2288//
f 2288// 35// 34//
f 2288// 34// 2287//
f 2287// 34// 41//
f 2287// 41// 2285//
f 2285// 41// 40//
f 2285// 40// 2283//
f 2283// 40// 39//
f 2283// 39// 2330//
f 2330// 39// 38//
f 2330// 38// 2328//
f 47// 2338// 2340//
f 2328// 38// 37//
f 2328// 37// 2342//
f 37// 42// 2342//
f 2342// 42// 44//
f 2342// 44// 2340//
f 2340// 44// 49//
f 2340// 49// 47//
f 52// 2291// 2293//
f 2338// 47// 46//
f 2338// 46// 2336//
f 2336// 46// 32//
f 2336// 32// 2293//
f 2293// 32// 31//
f 2293// 31// 52//
f 57// 2257// 2289//
f 2291// 52// 51//
f 2291// 51// 2289//
f 2289// 51// 55//
f 2289// 55// 57//
f 2257// 57// 56//
f 2257// 56// 2299//
f 2299// 56// 54//
f 2299// 54// 2260//
f 2260// 54// 53//
f 2260// 53// 2256//
f 2256// 53// 60//
f 2256// 60// 2319//
f 2319// 60// 59//
f 2319// 59// 2320//
f 2320// 59// 58//
f 2320// 58// 2322//
f 72// 2363// 2361//
f 2322// 58// 66//
f 2322// 66// 2324//
f 2324// 66// 65//
f 2324// 65// 2360//
f 65// 64// 2360//
f 2360// 64// 63//
f 2360// 63// 2361//
f 2361// 63// 73//
f 2361// 73// 72//
f 68// 2365// 70//
f 70// 2365// 2363//
f 70// 2363// 72//
f 68// 67// 2365//
f 2365// 67// 87//
f 2365// 87// 2367//
f 2367// 87// 75//
f 2367// 75// 2369//
f 2369// 75// 74//
f 2369// 74// 2370//
f 2370// 74// 113//
f 2370// 113// 2295//
f 2295// 113// 112//
f 2295// 112// 2296//
f 2296// 112// 94//
f 2296// 94// 2246//
f 2246// 94// 93//
f 2246// 93// 2247//
f 2247// 93// 92//
f 2247// 92// 2304//
f 2304// 92// 124//
f 2304// 124// 2345//
f 2345// 124// 123//
f 2345// 123// 2346//
f 2346// 123// 122//
f 2346// 122// 2348//
f 2348// 122// 111//
f 2348// 111// 2350//
f 2350// 111// 110//
f 2350// 110// 2352//
f 2352// 110// 109//
f 2352// 109// 2354//
f 2354// 109// 81//
f 2354// 81// 2356//
f 2356// 81// 77//
f 2356// 77// 2358//
f 2358// 77// 116//
f 2358// 116// 2359//
f 2359// 116// 117//
f 2359// 117// 2266//
f 2263// 2266// 106//
f 106// 2266// 117//
f 2249// 2263// 84//
f 84// 2263// 106//
f 136// 2250// 132//
f 132// 2250// 2249//
f 132// 2249// 121//
f 121// 2249// 84//
f 29// 144// 2251//
f 29// 2251// 30//
f 30// 2251// 2250//
f 30// 2250// 136//
f 155// 2280// 2279//
f 2251// 144// 143//
f 2251// 143// 2327//
f 2327// 143// 142//
f 2327// 142// 2278//
f 2278// 142// 28//
f 2278// 28// 2279//
f 2279// 28// 156//
f 2279// 156// 155//
f 2269// 2280// 154//
f 154// 2280// 155//
f 154// 153// 2269//
f 2269// 153// 151//
f 2269// 151// 2271//
f 2271// 151// 150//
f 2271// 150// 2273//
f 2273// 150// 147//
f 2273// 147// 2275//
f 2275// 147// 146//
f 2275// 146// 2248//
f 137// 2362// 2364//
f 2248// 146// 145//
f 2248// 145// 2294//
f 2294// 145// 148//
f 2294// 148// 2368//
f 2368// 148// 152//
f 2368// 152// 2366//
f 152// 149// 2366//
f 2366// 149// 134//
f 2366// 134// 2364//
f 2364// 134// 135//
f 2364// 135// 137//
f 2325// 2362// 138//
f 138// 2362// 137//
f 138// 158// 2325//
f 2325// 158// 157//
f 2325// 157// 2323//
f 2323// 157// 171//
f 2323// 171// 2321//
f 171// 185// 2321//
f 2321// 185// 184//
f 2321// 184// 2254//
f 2254// 184// 183//
f 2254// 183// 2255//
f 2255// 183// 177//
f 2255// 177// 2297//
f 2297// 177// 176//
f 2297// 176// 2298//
f 2298// 176// 175//
f 2298// 175// 2300//
f 2300// 175// 172//
f 2300// 172// 2301//
f 2301// 172// 167//
f 2301// 167// 2258//
f 2258// 167// 170//
f 2258// 170// 2259//
f 2259// 170// 178//
f 2259// 178// 2290//
f 2290// 178// 180//
f 2290// 180// 2292//
f 2292// 180// 182//
f 2292// 182// 2337//
f 2337// 182// 181//
f 2337// 181// 2339//
f 2339// 181// 179//
f 2339// 179// 2341//
f 2341// 179// 169//
f 2341// 169// 2343//
f 2343// 169// 168//
f 2343// 168// 2344//
f 2344// 168// 166//
f 2344// 166// 2329//
f 2329// 166// 165//
f 2329// 165// 2331//
f 2331// 165// 174//
f 2331// 174// 2332//
f 2332// 174// 2281//
f 2281// 174// 173//
f 2281// 173// 159//
f 2282// 2281// 160//
f 160// 2281// 159//
f 2282// 160// 164//
f 2282// 164// 2284//
f 2284// 164// 163//
f 2284// 163// 2286//
f 2286// 163// 162//
f 2286// 162// 2306//
f 2306// 162// 161//
f 2306// 161// 2307//
f 2307// 161// 141//
f 2307// 141// 2309//
f 141// 140// 2309//
f 2309// 140// 139//
f 2309// 139// 2312//
f 2312// 139// 133//
f 2312// 133// 2313//
f 133// 131// 2313//
f 2313// 131// 130//
f 2313// 130// 2315//
f 130// 120// 2315//
f 2315// 120// 119//
f 2315// 119// 2317//
f 2317// 119// 118//
f 2317// 118// 2380//
f 2380// 118// 129//
f 2380// 129// 2381//
f 2381// 129// 128//
f 2381// 128// 2383//
f 2383// 128// 127//
f 2383// 127// 2385//
f 2385// 127// 126//
f 2385// 126// 2387//
f 2389// 2387// 125//
f 125// 2387// 126//
f 2389// 125// 97//
f 2389// 97// 2391//
f 2391// 97// 96//
f 2391// 96// 2373//
f 2373// 96// 95//
f 2373// 95// 2376//
f 2376// 95// 85//
f 2376// 85// 2378//
f 2378// 85// 83//
f 2378// 83// 2379//
f 2379// 83// 82//
f 2379// 82// 2394//
f 2394// 82// 108//
f 2394// 108// 2395//
f 2395// 108// 107//
f 2395// 107// 2396//
f 2396// 107// 105//
f 2396// 105// 2377//
f 2377// 105// 104//
f 2377// 104// 2375//
f 2375// 104// 115//
f 2375// 115// 2371//
f 2371// 115// 114//
f 2371// 114// 2372//
f 2372// 114// 79//
f 2372// 79// 2374//
f 2374// 79// 78//
f 2374// 78// 2393//
f 2393// 78// 103//
f 2393// 103// 2392//
f 2392// 103// 102//
f 2392// 102// 2390//
f 2390// 102// 101//
f 2390// 101// 2388//
f 2386// 2388// 91//
f 91// 2388// 101//
f 2386// 91// 90//
f 2386// 90// 2384//
f 2384// 90// 89//
f 2384// 89// 2382//
f 2382// 89// 88//
f 2382// 88// 2318//
f 2318// 88// 100//
f 2318// 100// 2316//
f 2316// 100// 99//
f 2316// 99// 2314//
f 2314// 99// 188//
f 2314// 188// 2311//
f 2311// 188// 187//
f 2311// 187// 190//
f 2326// 2397// 2398//
f 2326// 2398// 2252//
f 2252// 2398// 2399//
f 2252// 2399// 2253//
f 2253// 2399// 2400//
f 2253// 2400// 2261//
f 2261// 2400// 2401//
f 2261// 2401// 2262//
f 2262// 2401// 2402//
f 2262// 2402// 2264//
f 2264// 2402// 2403//
f 2264// 2403// 2265//
f 2265// 2403// 2404//
f 2265// 2404// 2267//
f 2267// 2404// 2405//
f 2267// 2405// 2357//
f 2357// 2405// 2406//
f 2357// 2406// 2355//
f 2355// 2406// 2407//
f 2355// 2407// 2353//
f 2353// 2407// 2408//
f 2353// 2408// 2351//
f 2351// 2408// 2409//
f 2351// 2409// 2349//
f 2349// 2409// 2410//
f 2349// 2410// 2347//
f 2347// 2410// 2411//
f 2347// 2411// 2305//
f 2305// 2411// 2412//
f 2305// 2412// 2303//
f 2303// 2412// 2413//
f 2303// 2413// 2302//
f 2302// 2413// 2414//
f 2302// 2414// 2333//
f 2333// 2414// 2415//
f 2333// 2415// 2334//
f 2334// 2415// 2416//
f 2334// 2416// 2335//
f 2335// 2416// 2417//
f 2335// 2417// 2277//
f 2277// 2417// 2418//
f 2277// 2418// 2276//
f 2276// 2418// 2419//
f 2276// 2419// 2274//
f 2274// 2419// 2420//
f 2274// 2420// 2272//
f 2272// 2420// 2421//
f 2272// 2421// 2270//
f 2270// 2421// 2422//
f 2270// 2422// 2268//
f 2268// 2422// 2397//
f 2268// 2397// 2326//
usemtl 1
f 2410// 2420// 2419//
f 2397// 2410// 2398//
f 2398// 2410// 2409//
f 2397// 2422// 2410//
f 2410// 2422// 2421//
f 2410// 2421// 2420//
f 2407// 2401// 2400//
f 2415// 2414// 2419//
f 2419// 2414// 2413//
f 2409// 2408// 2398//
f 2398// 2408// 2407//
f 2398// 2407// 2399//
f 2399// 2407// 2400//
f 2418// 2417// 2419//
f 2419// 2417// 2416//
f 2419// 2416// 2415//
f 2413// 2412// 2419//
f 2419// 2412// 2411//
f 2419// 2411// 2410//
f 2405// 2404// 2406//
f 2406// 2404// 2403//
f 2406// 2403// 2407//
f 2407// 2403// 2402//
f 2407// 2402// 2401//
