v -1.4 -0.6 0.0
v -1.4 -0.149551 0.0
v -0.183138 -0.149551 0.0
newmtl 1
Ka 0.25098039215686274 0.25098039215686274 0.25098039215686274
Kd 0.25098039215686274 0.25098039215686274 0.25098039215686274
Ks 0.12549019607843137 0.12549019607843137 0.12549019607843137
d 0.0
endmtl
v -0.183138 -4.15 0.0
v -4.15 -4.15 0.0
v -4.15 -0.6 0.0
v 0.127935 -0.149551 0.0
v 0.139985 -0.151239 0.0
v 4.15 -0.6 0.0
v 4.15 -2.65 0.0
v 1.4 -0.6 0.0
v 2.65 -4.15 0.0
v 0.148188 -0.15138 0.0
v 1.4 -0.149551 0.0
v -0.183138 4.15 0.0
v -0.15387 -0.114795 0.0
v -0.15387 -0.147722 0.0
v 0.007106 -0.147722 0.0
v -0.146553 0.119352 0.0
v -0.033138 0.119352 0.0
v -0.033138 0.020571 0.0
v 0.065643 -0.132173 0.0
v 0.065643 -0.099246 0.0
v 0.007106 0.152278 0.0
v 0.097621 -0.145303 0.0
v 2.65 4.15 0.0
v 1.4 0.6 0.0
v 4.15 2.65 0.0
v 4.15 0.6 0.0
v -0.033138 -0.012356 0.0
v -0.033138 -0.114795 0.0
v -0.139235 -0.012356 0.0
v -0.139235 0.020571 0.0
v 0.468082 -0.147722 0.0
v 0.165831 -0.149551 0.0
v 0.314423 -0.147722 0.0
v 0.185159 -0.147547 0.0
v 0.214236 -0.137538 0.0
v 0.468082 0.152278 0.0
v 0.427838 0.152278 0.0
v -0.146553 0.152278 0.0
v 0.165439 0.119693 0.0
v 0.187893 0.111589 0.0
v 0.071019 -0.102224 0.0
v 0.208657 0.097698 0.0
v 0.226774 0.077698 0.0
v 0.248569 -9.23E-4 0.0
v 0.245532 -0.033399 0.0
v 0.237381 -0.059204 0.0
v 0.170625 -0.115315 0.0
v 0.142643 -0.118453 0.0
v 0.192484 -0.107267 0.0
v 0.210896 -0.094858 0.0
v 0.224974 -0.080006 0.0
v 0.102821 -0.114033 0.0
v 0.239142 0.054535 0.0
v 0.247138 0.022419 0.0
v 0.228312 0.127359 0.0
v 0.255397 0.101311 0.0
v 0.272981 0.073262 0.0
v 0.238368 -0.122128 0.0
v 0.260902 -0.098405 0.0
v 0.314423 -0.114795 0.0
v 0.276884 -0.069879 0.0
v 0.427838 -0.114795 0.0
v 0.285912 -0.038125 0.0
v 0.288813 -0.003381 0.0
v 0.284498 0.03927 0.0
v 0.199817 0.143761 0.0
v 0.166373 0.153477 0.0
v 0.136241 0.155937 0.0
v 0.100328 0.153459 0.0
v 0.065643 0.144047 0.0
v 0.065643 0.103803 0.0
v 0.099434 0.118273 0.0
v 0.135898 0.12301 0.0
v -4.15 0.6 0.0
v -4.15 4.15 0.0
v -1.4 0.6 0.0
v -0.475821 -0.147722 0.0
v -0.438889 -0.065498 0.0
v -0.421685 -0.092331 0.0
v -0.396992 -0.115974 0.0
v -0.365668 -0.134178 0.0
v -0.3311 -0.144481 0.0
v -0.70265 -0.147722 0.0
v -0.746552 -0.147722 0.0
v -0.629479 0.152278 0.0
v -0.589235 0.152278 0.0
v -0.29398 -0.147722 0.0
v -0.212406 -0.147722 0.0
v -0.212406 0.152278 0.0
v -0.297067 0.152278 0.0
v -0.408475 0.113162 0.0
v -0.42969 0.089638 0.0
v -0.443632 0.063838 0.0
v -0.519723 -0.147722 0.0
v -0.548363 -0.063575 0.0
v -0.672296 -0.063575 0.0
v -0.340409 0.147645 0.0
v -0.375509 0.13532 0.0
v -0.408162 0.113437 0.0
v -0.451689 0.03428 0.0
v -0.45387 0.006051 0.0
v -0.44966 -0.034097 0.0
v 4.15 -0.45 0.3
v 4.15 -0.6 0.3
v 1.55 -0.45 0.3
v 1.4 -0.6 0.3
v 1.55 0.45 0.3
v 1.4 0.6 0.3
v 4.15 0.45 0.3
v 4.15 0.6 0.3
v -4.15 0.45 0.3
v -4.15 0.6 0.3
v -1.55 0.45 0.3
v -1.4 0.6 0.3
v -1.55 -0.45 0.3
v -1.4 -0.6 0.3
v -4.15 -0.45 0.3
v -4.15 -0.6 0.3
v -3.995028 -0.199384 1.936364
v -4.0 0.0 0.5
v -3.961072 -0.556692 0.5
newmtl 2
Ka 1.0 1.0 1.0
Kd 1.0 1.0 1.0
Ks 0.5019607843137255 0.5019607843137255 0.5019607843137255
d 0.0
endmtl
v -3.841056 -1.101318 1.936364
v -3.876309 -0.98703 1.936364
v -3.845047 -1.102549 0.5
v -3.955323 -0.596169 1.936364
v -3.959291 -0.556514 1.936364
v -3.75877 -1.368081 1.936364
v -3.654182 -1.626947 0.5
v -3.650333 -1.625324 1.936364
v -3.603875 -1.735535 1.936364
v -3.392192 -2.119677 0.5
v -3.413164 -2.085741 1.936364
v -3.064178 -2.571151 0.5
v -3.18853 -2.415218 1.936364
v -3.390714 -2.118669 1.936364
v -2.676522 -2.972579 0.5
v -2.932207 -2.720691 1.936364
v -3.060369 -2.567954 1.936364
v -2.234506 -3.312642 1.936364
v -2.334975 -3.247752 1.936364
v -2.236772 -3.31615 0.5
v -2.646743 -2.999125 1.936364
v -2.675273 -2.971298 1.936364
v -2.0 -3.464102 1.936364
v -1.753485 -3.595176 0.5
v -1.751579 -3.59146 1.936364
v -1.645148 -3.646023 1.936364
v -1.236068 -3.804226 0.5
v -1.273947 -3.791709 1.936364
v -0.694593 -3.939231 0.5
v -0.890084 -3.899712 1.936364
v -1.235583 -3.802503 1.936364
v -0.139598 -3.997563 0.5
v -0.497375 -3.968957 1.936364
v -0.693729 -3.934334 1.936364
v 0.417594 -3.973943 1.936364
v 0.29892 -3.988815 1.936364
v 0.418114 -3.978088 0.5
v -0.099723 -3.998757 1.936364
v -0.139464 -3.995779 1.936364
v 0.694593 -3.939231 1.936364
v 0.967688 -3.881183 0.5
v 0.966758 -3.877111 1.936364
v 1.083362 -3.850497 1.936364
v 1.498426 -3.708735 0.5
v 1.461364 -3.723495 1.936364
v 2.0 -3.464102 0.5
v 1.824843 -3.559487 1.936364
v 1.49769 -3.707104 1.936364
v 2.462646 -3.152043 0.5
v 2.170185 -3.360104 1.936364
v 1.997514 -3.459795 1.936364
v 2.874298 -2.775793 1.936364
v 2.792947 -2.863467 1.936364
v 2.877359 -2.778634 0.5
v 2.493959 -3.127326 1.936364
v 2.461601 -3.15059 1.936364
v 3.064178 -2.571151 1.936364
v 3.236068 -2.351141 0.5
v 3.232739 -2.348619 1.936364
v 3.304955 -2.25328 1.936364
v 3.53179 -1.877886 0.5
v 3.512886 -1.913016 1.936364
v 3.75877 -1.368081 0.5
v 3.685905 -1.553739 1.936364
v 3.530178 -1.87711 1.936364
v 3.912591 -0.831647 0.5
v 3.822291 -1.179021 1.936364
v 3.754098 -1.36638 1.936364
v 3.986085 -0.278818 1.936364
v 3.980123 -0.398271 1.936364
v 3.990256 -0.279026 0.5
v 3.92069 -0.792585 1.936364
v 3.910856 -0.831205 1.936364
v 4.0 0.0 1.936364
v 4.0 0.0 0.5
v 3.986085 0.278818 1.936364
v 3.990256 0.279026 0.5
v 3.980123 0.398271 1.936364
v 3.912591 0.831647 0.5
v 3.92069 0.792585 1.936364
v 3.75877 1.368081 0.5
v 3.822291 1.179021 1.936364
v 3.910856 0.831205 1.936364
v 3.53179 1.877886 0.5
v 3.685905 1.553739 1.936364
v 3.754098 1.36638 1.936364
v 3.232739 2.348619 1.936364
v 3.304955 2.25328 1.936364
v 3.236068 2.351141 0.5
v 3.512886 1.913016 1.936364
v 3.530178 1.87711 1.936364
v 3.064178 2.571151 1.936364
v 2.877359 2.778634 0.5
v 2.874298 2.775793 1.936364
v 2.792947 2.863467 1.936364
v 2.462646 3.152043 0.5
v 2.493959 3.127326 1.936364
v 2.0 3.464102 0.5
v 2.170185 3.360104 1.936364
v 2.461601 3.15059 1.936364
v 1.498426 3.708735 0.5
v 1.824843 3.559487 1.936364
v 1.997514 3.459795 1.936364
v 0.966758 3.877111 1.936364
v 1.083362 3.850497 1.936364
v 0.967688 3.881183 0.5
v 1.461364 3.723495 1.936364
v 1.49769 3.707104 1.936364
v 0.694593 3.939231 1.936364
v 0.418114 3.978088 0.5
v 0.417594 3.973943 1.936364
v 0.29892 3.988815 1.936364
v -0.139598 3.997563 0.5
v -0.099723 3.998757 1.936364
v -0.694593 3.939231 0.5
v -0.497375 3.968957 1.936364
v -0.139464 3.995779 1.936364
v -1.236068 3.804226 0.5
v -0.890084 3.899712 1.936364
v -0.693729 3.934334 1.936364
v -1.751579 3.59146 1.936364
v -1.645148 3.646023 1.936364
v -1.753485 3.595176 0.5
v -1.273947 3.791709 1.936364
v -1.235583 3.802503 1.936364
v -2.0 3.464102 1.936364
v -2.236772 3.31615 0.5
v -2.234506 3.312642 1.936364
v -2.334975 3.247752 1.936364
v -2.676522 2.972579 0.5
v -2.646743 2.999125 1.936364
v -3.064178 2.571151 0.5
v -2.932207 2.720691 1.936364
v -2.675273 2.971298 1.936364
v -3.392192 2.119677 0.5
v -3.18853 2.415218 1.936364
v -3.060369 2.567954 1.936364
v -3.650333 1.625324 1.936364
v -3.603875 1.735535 1.936364
v -3.654182 1.626947 0.5
v -3.413164 2.085741 1.936364
v -3.390714 2.118669 1.936364
v -3.75877 1.368081 1.936364
v -3.845047 1.102549 0.5
v -3.841056 1.101318 1.936364
v -3.876309 0.98703 1.936364
v -3.961072 0.556692 0.5
v -3.955323 0.596169 1.936364
v -3.995028 0.0 1.936364
v -3.995028 0.199384 1.936364
v -3.959291 0.556514 1.936364
v 3.904805 1.25 0.5
v 3.904805 1.25 1.0
v 3.699481 1.76744 0.5
v 3.699481 1.76744 1.0
v 3.425954 2.252296 0.5
v 3.425954 2.252296 1.0
v 3.089268 2.69563 0.5
v 3.089268 2.69563 1.0
v 2.69563 3.089268 0.5
v 2.69563 3.089268 1.0
v 2.252296 3.425954 0.5
v 2.252296 3.425954 1.0
v 1.76744 3.699481 0.5
v 1.76744 3.699481 1.0
v 1.25 3.904805 0.5
v 1.25 3.904805 1.0
v 1.25 -3.904805 0.5
v 1.25 -3.904805 1.0
v 1.76744 -3.699481 0.5
v 1.76744 -3.699481 1.0
v 2.252296 -3.425954 0.5
v 2.252296 -3.425954 1.0
v 2.69563 -3.089268 0.5
v 2.69563 -3.089268 1.0
v 3.089268 -2.69563 0.5
v 3.089268 -2.69563 1.0
v 3.425954 -2.252296 0.5
v 3.425954 -2.252296 1.0
v 3.699481 -1.76744 0.5
v 3.699481 -1.76744 1.0
v 3.904805 -1.25 0.5
v 3.904805 -1.25 1.0
v -4.15 4.15 2.0
v -1.25 4.15 2.0
v -1.25 4.15 0.5
v 1.25 4.15 1.0
v 2.65 4.15 1.0
v 1.25 4.15 0.5
v -1.25 -4.15 0.5
v -1.25 -4.15 2.0
v -4.15 -4.15 2.0
v 2.65 -4.15 1.0
v 1.25 -4.15 1.0
v 1.25 -4.15 0.5
v 4.15 -1.25 1.0
v 4.15 -2.65 1.0
v 4.15 -1.25 0.5
v 4.15 2.65 1.0
v 4.15 1.25 1.0
v 4.15 1.25 0.5
v -4.15 1.25 2.0
v -3.904805 1.25 2.0
v -3.699481 1.76744 2.0
v -3.425954 2.252296 2.0
v -3.089268 2.69563 2.0
v -2.69563 3.089268 2.0
v -1.25 3.904805 2.0
v -1.76744 3.699481 2.0
v -2.252296 3.425954 2.0
v -1.25 -3.904805 2.0
v -1.76744 -3.699481 2.0
v -2.252296 -3.425954 2.0
v -2.69563 -3.089268 2.0
v -3.089268 -2.69563 2.0
v -3.904805 -1.25 2.0
v -4.15 -1.25 2.0
v -3.699481 -1.76744 2.0
v -3.425954 -2.252296 2.0
v -1.25 3.904805 0.5
v -1.76744 3.699481 0.5
v -2.252296 3.425954 0.5
v -2.69563 3.089268 0.5
v -3.089268 2.69563 0.5
v -3.425954 2.252296 0.5
v -3.699481 1.76744 0.5
v -3.904805 1.25 0.5
v -3.904805 -1.25 0.5
v -3.699481 -1.76744 0.5
v -3.425954 -2.252296 0.5
v -3.089268 -2.69563 0.5
v -2.69563 -3.089268 0.5
v -2.252296 -3.425954 0.5
v -1.76744 -3.699481 0.5
v -1.25 -3.904805 0.5
v -4.15 -1.25 0.5
v -4.15 1.25 0.5
v 3.89432 0.389686 2.057043
v 3.606445 1.520244 2.057043
v 2.123401 3.287668 2.057043
v -0.486653 3.883395 2.057043
v -0.870896 3.815643 2.057043
v -2.868995 2.662039 2.057043
v -3.119792 2.363151 2.057043
v -3.908904 0.195085 2.057043
v -3.908904 -0.195085 2.057043
v -3.119792 -2.363151 2.057043
v -0.870896 -3.815643 2.057043
v -0.486653 -3.883395 2.057043
v 1.785503 -3.482753 2.057043
v 3.606445 -1.520244 2.057043
v 3.836169 -0.775498 2.057043
v 2.732738 2.801738 2.627728
v 2.998121 2.515722 2.627728
v 2.956795 2.481046 2.489566
v 3.910856 0.831205 2.748406
v 3.92069 0.792585 2.748406
v 3.836169 0.775498 2.627728
v 3.232739 2.348619 2.748406
v 3.304955 2.25328 2.748406
v 3.233708 2.204705 2.627728
v 1.997514 3.459795 2.748406
v 2.170185 3.360104 2.748406
v 2.123401 3.287668 2.627728
v 1.49769 3.707104 2.748406
v 1.824843 3.559487 2.748406
v 1.785503 3.482753 2.627728
v 1.083362 3.850497 2.748406
v 1.461364 3.723495 2.748406
v 1.42986 3.643225 2.627728
v -0.099723 3.998757 2.748406
v 0.29892 3.988815 2.748406
v 0.292476 3.902825 2.627728
v -0.693729 3.934334 2.748406
v -0.497375 3.968957 2.748406
v -0.486653 3.883395 2.627728
v -1.645148 3.646023 2.748406
v -1.273947 3.791709 2.748406
v -1.246483 3.709969 2.627728
v -2.646743 2.999125 2.748406
v -2.334975 3.247752 2.748406
v -2.284638 3.177738 2.627728
v -3.060369 2.567954 2.748406
v -2.932207 2.720691 2.748406
v -2.868995 2.662039 2.627728
v -3.603875 1.735535 2.748406
v -3.413164 2.085741 2.748406
v -3.339583 2.040777 2.627728
v -3.955323 0.596169 2.748406
v -3.876309 0.98703 2.748406
v -3.792745 0.965751 2.627728
v -3.995028 0.0 2.748406
v -3.995028 0.199384 2.748406
v -3.908904 0.195085 2.627728
v -3.876309 -0.98703 2.748406
v -3.955323 -0.596169 2.748406
v -3.870055 -0.583317 2.627728
v -3.413164 -2.085741 2.748406
v -3.603875 -1.735535 2.748406
v -3.526184 -1.698121 2.627728
v -3.060369 -2.567954 2.748406
v -3.18853 -2.415218 2.748406
v -3.119792 -2.363151 2.627728
v -2.675273 -2.971298 2.748406
v -2.932207 -2.720691 2.748406
v -2.868995 -2.662039 2.627728
v -2.334975 -3.247752 2.748406
v -2.646743 -2.999125 2.748406
v -2.589685 -2.93447 2.627728
v -1.273947 -3.791709 2.748406
v -1.645148 -3.646023 2.748406
v -1.609683 -3.567423 2.627728
v -0.693729 -3.934334 2.748406
v -0.890084 -3.899712 2.748406
v -0.870896 -3.815643 2.627728
v 0.29892 -3.988815 2.748406
v -0.099723 -3.998757 2.748406
v -0.097573 -3.912552 2.627728
v 1.461364 -3.723495 2.748406
v 1.083362 -3.850497 2.748406
v 1.060007 -3.767489 2.627728
v 1.997514 -3.459795 2.748406
v 1.824843 -3.559487 2.748406
v 1.785503 -3.482753 2.627728
v 2.461601 -3.15059 2.748406
v 2.170185 -3.360104 2.748406
v 2.123401 -3.287668 2.627728
v 2.792947 -2.863467 2.748406
v 2.493959 -3.127326 2.748406
v 2.440195 -3.059908 2.627728
v 3.512886 -1.913016 2.748406
v 3.304955 -2.25328 2.748406
v 3.233708 -2.204705 2.627728
v 3.754098 -1.36638 2.748406
v 3.685905 -1.553739 2.748406
v 3.606445 -1.520244 2.627728
v 3.910856 -0.831205 2.748406
v 3.822291 -1.179021 2.748406
v 3.739891 -1.153604 2.627728
v 3.980123 -0.398271 2.748406
v 3.92069 -0.792585 2.748406
v 3.836169 -0.775498 2.627728
v 4.0 0.0 2.748406
v 3.986085 -0.278818 2.748406
v 3.89432 -0.389686 2.627728
v 3.530178 -1.87711 2.748406
v 3.437156 -1.871776 2.627728
v 3.389779 -1.845975 2.489566
v 3.064178 -2.571151 2.748406
v 2.874298 -2.775793 2.748406
v 2.732738 -2.801738 2.627728
v 1.49769 -3.707104 2.748406
v 1.42986 -3.643225 2.627728
v 1.410151 -3.593007 2.489566
v 0.694593 -3.939231 2.748406
v 0.417594 -3.973943 2.748406
v 0.292476 -3.902825 2.627728
v -0.497375 -3.968957 2.748406
v -1.235583 -3.802503 2.748406
v -1.246483 -3.709969 2.627728
v -1.229302 -3.658831 2.489566
v -2.0 -3.464102 2.748406
v -2.234506 -3.312642 2.748406
v -2.284638 -3.177738 2.627728
v -3.390714 -2.118669 2.748406
v -3.339583 -2.040777 2.627728
v -3.293551 -2.012647 2.489566
v -3.75877 -1.368081 2.748406
v -3.841056 -1.101318 2.748406
v -3.792745 -0.965751 2.627728
v -3.995028 -0.199384 2.748406
v -3.959291 0.556514 2.748406
v -3.870055 0.583317 2.627728
v -3.816711 0.575277 2.489566
v -3.75877 1.368081 2.748406
v -3.650333 1.625324 2.748406
v -3.526184 1.698121 2.627728
v -3.18853 2.415218 2.748406
v -2.675273 2.971298 2.748406
v -2.589685 2.93447 2.627728
v -2.55399 2.894022 2.489566
v -2.0 3.464102 2.748406
v -1.751579 3.59146 2.748406
v -1.609683 3.567423 2.627728
v -0.890084 3.899712 2.748406
v -0.139464 3.995779 2.748406
v -0.097573 3.912552 2.627728
v -0.096228 3.858622 2.489566
v 0.694593 3.939231 2.748406
v 0.966758 3.877111 2.748406
v 1.060007 3.767489 2.627728
v 2.461601 3.15059 2.748406
v 2.440195 3.059908 2.627728
v 2.40656 3.01773 2.489566
v 3.064178 2.571151 2.748406
v 2.874298 2.775793 2.748406
v 2.792947 2.863467 2.748406
v 2.493959 3.127326 2.748406
v 3.437156 1.871776 2.627728
v 3.512886 1.913016 2.748406
v 3.530178 1.87711 2.748406
v 3.606445 1.520244 2.627728
v 3.685905 1.553739 2.748406
v 3.754098 1.36638 2.748406
v 3.822291 1.179021 2.748406
v 3.739891 1.153604 2.627728
v 3.980123 0.398271 2.748406
v 3.89432 0.389686 2.627728
v 3.986085 0.278818 2.748406
v 3.556734 -1.499289 2.489566
v 3.373657 -1.837196 2.342386
v 1.760892 -3.434747 2.489566
v 1.403445 -3.575919 2.342386
v -0.139464 -3.995779 2.748406
v -0.486653 -3.883395 2.627728
v -0.858891 -3.763048 2.489566
v -1.223455 -3.64143 2.342386
v -3.07679 -2.330577 2.489566
v -3.277887 -2.003075 2.342386
v -3.959291 -0.556514 2.748406
v -3.908904 -0.195085 2.627728
v -3.855024 0.192396 2.489566
v -3.798559 0.572541 2.342386
v -3.390714 2.118669 2.748406
v -3.119792 2.363151 2.627728
v -2.82945 2.625346 2.489566
v -2.541843 2.880258 2.342386
v -1.235583 3.802503 2.748406
v -0.870896 3.815643 2.627728
v -0.479945 3.829867 2.489566
v -0.09577 3.840271 2.342386
v 2.094132 3.242351 2.489566
v 2.395114 3.003378 2.342386
v 3.173967 2.163974 2.342386
v 3.189135 2.174315 2.489566
v 3.688341 -1.137702 2.489566
v 3.539818 -1.492159 2.342386
v 3.389779 -1.845975 2.195205
v 2.094132 -3.242351 2.489566
v 1.752517 -3.418411 2.342386
v 1.410151 -3.593007 2.195205
v -0.479945 -3.829867 2.489566
v -0.854806 -3.745151 2.342386
v -1.229302 -3.658831 2.195205
v -2.82945 -2.625346 2.489566
v -3.062156 -2.319493 2.342386
v -3.293551 -2.012647 2.195205
v -3.855024 -0.192396 2.489566
v -3.836689 0.191481 2.342386
v -3.816711 0.575277 2.195205
v -3.07679 2.330577 2.489566
v -2.815993 2.61286 2.342386
v -2.55399 2.894022 2.195205
v -0.858891 3.763048 2.489566
v -0.477662 3.811652 2.342386
v -0.096228 3.858622 2.195205
v 1.760892 3.434747 2.489566
v 2.084172 3.22693 2.342386
v 2.40656 3.01773 2.195205
v 3.389779 1.845975 2.195205
v 3.373657 1.837196 2.342386
v 3.389779 1.845975 2.489566
v 3.783291 -0.764809 2.489566
v 3.670799 -1.132292 2.342386
v 3.556734 -1.499289 2.195205
v 3.437156 -1.871776 2.057043
v 2.956795 -2.481046 2.195205
v 3.189135 -2.174315 2.195205
v 3.173967 -2.163974 2.342386
v 2.40656 -3.01773 2.489566
v 2.084172 -3.22693 2.342386
v 1.760892 -3.434747 2.195205
v 1.42986 -3.643225 2.057043
v 0.670251 -3.801183 2.195205
v 1.045396 -3.715558 2.195205
v 1.040424 -3.697887 2.342386
v -0.096228 -3.858622 2.489566
v -0.477662 -3.811652 2.342386
v -0.858891 -3.763048 2.195205
v -1.246483 -3.709969 2.057043
v -1.929911 -3.342704 2.195205
v -1.587495 -3.51825 2.195205
v -1.579945 -3.501518 2.342386
v -2.55399 -2.894022 2.489566
v -2.815993 -2.61286 2.342386
v -3.07679 -2.330577 2.195205
v -3.339583 -2.040777 2.057043
v -3.627046 -1.320137 2.195205
v -3.477579 -1.674714 2.195205
v -3.46104 -1.666749 2.342386
v -3.816711 -0.575277 2.489566
v -3.836689 -0.191481 2.342386
v -3.855024 0.192396 2.195205
v -3.870055 0.583317 2.057043
v -3.627046 1.320137 2.195205
v -3.740466 0.95244 2.195205
v -3.722676 0.94791 2.342386
v -3.293551 2.012647 2.489566
v -3.062156 2.319493 2.342386
v -2.82945 2.625346 2.195205
v -2.589685 2.93447 2.057043
v -1.929911 3.342704 2.195205
v -2.253147 3.133936 2.195205
v -2.242431 3.119031 2.342386
v -1.229302 3.658831 2.489566
v -0.854806 3.745151 2.342386
v -0.479945 3.829867 2.195205
v -0.097573 3.912552 2.057043
v 0.670251 3.801183 2.195205
v 0.288445 3.849029 2.195205
v 0.287073 3.830723 2.342386
v 1.410151 3.593007 2.489566
v 1.752517 3.418411 2.342386
v 2.094132 3.242351 2.195205
v 2.440195 3.059908 2.057043
v 2.956795 2.481046 2.195205
v 2.69507 2.763119 2.195205
v 2.682252 2.749977 2.342386
v 3.556734 1.499289 2.195205
v 3.539818 1.492159 2.342386
v 3.556734 1.499289 2.489566
v 3.89432 -0.389686 2.057043
v 3.840642 -0.384314 2.195205
v 3.739891 -1.153604 2.057043
v 3.688341 -1.137702 2.195205
v 3.783291 -0.764809 2.195205
v 3.765298 -0.761171 2.342386
v 3.822376 -0.382486 2.342386
v 3.840642 -0.384314 2.489566
v 3.859822 0.0 2.489566
v 3.913769 0.0 2.627728
v 3.233708 -2.204705 2.057043
v 2.998121 -2.515722 2.057043
v 2.732738 -2.801738 2.057043
v 2.440195 -3.059908 2.057043
v 2.69507 -2.763119 2.195205
v 2.942733 -2.469246 2.342386
v 3.189135 -2.174315 2.489566
v 3.232739 -2.348619 2.748406
v 2.998121 -2.515722 2.627728
v 2.956795 -2.481046 2.489566
v 2.69507 -2.763119 2.489566
v 2.682252 -2.749977 2.342386
v 2.395114 -3.003378 2.342386
v 2.40656 -3.01773 2.195205
v 2.094132 -3.242351 2.195205
v 2.123401 -3.287668 2.057043
v 1.060007 -3.767489 2.057043
v 0.679619 -3.85431 2.057043
v 0.292476 -3.902825 2.057043
v -0.097573 -3.912552 2.057043
v 0.288445 -3.849029 2.195205
v 0.667063 -3.783104 2.342386
v 1.045396 -3.715558 2.489566
v -1.609683 -3.567423 2.057043
v -1.956885 -3.389423 2.057043
v -2.284638 -3.177738 2.057043
v -2.589685 -2.93447 2.057043
v -2.253147 -3.133936 2.195205
v -1.920732 -3.326806 2.342386
v -1.587495 -3.51825 2.489566
v -1.751579 -3.59146 2.748406
v -1.956885 -3.389423 2.627728
v -1.929911 -3.342704 2.489566
v -2.253147 -3.133936 2.489566
v -2.242431 -3.119031 2.342386
v -2.541843 -2.880258 2.342386
v -2.55399 -2.894022 2.195205
v -2.82945 -2.625346 2.195205
v -2.868995 -2.662039 2.057043
v -3.526184 -1.698121 2.057043
v -3.67774 -1.338588 2.057043
v -3.792745 -0.965751 2.057043
v -3.870055 -0.583317 2.057043
v -3.740466 -0.95244 2.195205
v -3.609796 -1.313858 2.342386
v -3.477579 -1.674714 2.489566
v -3.792745 0.965751 2.057043
v -3.67774 1.338588 2.057043
v -3.526184 1.698121 2.057043
v -3.339583 2.040777 2.057043
v -3.477579 1.674714 2.195205
v -3.609796 1.313858 2.342386
v -3.740466 0.95244 2.489566
v -2.284638 3.177738 2.057043
v -1.956885 3.389423 2.057043
v -1.609683 3.567423 2.057043
v -1.246483 3.709969 2.057043
v -1.587495 3.51825 2.195205
v -1.920732 3.326806 2.342386
v -2.253147 3.133936 2.489566
v 0.292476 3.902825 2.057043
v 0.679619 3.85431 2.057043
v 1.060007 3.767489 2.057043
v 1.42986 3.643225 2.057043
v 1.045396 3.715558 2.195205
v 0.667063 3.783104 2.342386
v 0.288445 3.849029 2.489566
v 0.417594 3.973943 2.748406
v 0.679619 3.85431 2.627728
v 0.670251 3.801183 2.489566
v 1.045396 3.715558 2.489566
v 1.040424 3.697887 2.342386
v 1.403445 3.575919 2.342386
v 1.410151 3.593007 2.195205
v 1.760892 3.434747 2.195205
v 1.785503 3.482753 2.057043
v 2.732738 2.801738 2.057043
v 2.998121 2.515722 2.057043
v 3.233708 2.204705 2.057043
v 3.437156 1.871776 2.057043
v 3.189135 2.174315 2.195205
v 2.942733 2.469246 2.342386
v 2.69507 2.763119 2.489566
v 3.841465 0.0 2.342386
v 3.859822 0.0 2.195205
v 3.913769 0.0 2.057043
v -0.096228 -3.858622 2.195205
v 0.287073 -3.830723 2.342386
v 0.670251 -3.801183 2.489566
v -0.479945 -3.829867 2.195205
v -0.09577 -3.840271 2.342386
v 0.288445 -3.849029 2.489566
v 0.679619 -3.85431 2.627728
v 0.966758 -3.877111 2.748406
v -3.816711 -0.575277 2.195205
v -3.722676 -0.94791 2.342386
v -3.627046 -1.320137 2.489566
v -3.855024 -0.192396 2.195205
v -3.798559 -0.572541 2.342386
v -3.740466 -0.95244 2.489566
v -3.67774 -1.338588 2.627728
v -3.650333 -1.625324 2.748406
v -3.293551 2.012647 2.195205
v -3.46104 1.666749 2.342386
v -3.627046 1.320137 2.489566
v -3.07679 2.330577 2.195205
v -3.277887 2.003075 2.342386
v -3.477579 1.674714 2.489566
v -3.67774 1.338588 2.627728
v -3.841056 1.101318 2.748406
v -1.229302 3.658831 2.195205
v -1.579945 3.501518 2.342386
v -1.929911 3.342704 2.489566
v -0.858891 3.763048 2.195205
v -1.223455 3.64143 2.342386
v -1.587495 3.51825 2.489566
v -1.956885 3.389423 2.627728
v -2.234506 3.312642 2.748406
v 3.688341 1.137702 2.489566
v 3.670799 1.132292 2.342386
v 3.688341 1.137702 2.195205
v 3.739891 1.153604 2.057043
v 3.836169 0.775498 2.057043
v 3.783291 0.764809 2.489566
v 3.765298 0.761171 2.342386
v 3.783291 0.764809 2.195205
v 3.840642 0.384314 2.489566
v 3.822376 0.382486 2.342386
v 3.840642 0.384314 2.195205
v 3.88062 -0.388315 10.200001
v 3.9 -0.0 10.200001
v -1.60402 3.554873 10.200001
v -1.900542 3.405575 10.200001
v -1.900542 -3.405575 10.200001
v -1.60402 -3.554873 10.200001
v 3.88062 0.388315 10.200001
v 3.822673 0.77277 10.200001
v 3.726734 1.149545 10.200001
v -1.242098 -3.696917 10.200001
v -0.867832 -3.802219 10.200001
v -0.48494 -3.869733 10.200001
v 1.42483 3.630408 10.200001
v 1.056278 3.754235 10.200001
v 0.677228 3.84075 10.200001
v -0.09723 -3.898788 10.200001
v 0.291447 -3.889095 10.200001
v 0.677228 -3.84075 10.200001
v 1.779222 -3.4705 10.200001
v 2.11593 -3.276101 10.200001
v 2.43161 -3.049143 10.200001
v 2.723124 -2.791881 10.200001
v 2.43161 3.049143 10.200001
v 2.11593 3.276101 10.200001
v 1.779222 3.4705 10.200001
v 0.291447 3.889095 10.200001
v -0.09723 3.898788 10.200001
v -0.48494 3.869733 10.200001
v 1.056278 -3.754235 10.200001
v 1.42483 -3.630408 10.200001
v 3.593757 1.514896 10.200001
v 3.425064 1.865191 10.200001
v 3.222331 2.196948 10.200001
v 2.987573 2.506872 10.200001
v 2.723124 2.791881 10.200001
v -0.867832 3.802219 10.200001
v -1.242098 3.696917 10.200001
v 3.425064 -1.865191 10.200001
v 3.593757 -1.514896 10.200001
v 2.987573 -2.506872 10.200001
v 3.222331 -2.196948 10.200001
v 3.726734 -1.149545 10.200001
v 3.822673 -0.77277 10.200001
v -3.995028 0.199384 10.099999
v -3.995028 -0.0 10.099999
v -3.995028 -0.199384 10.099999
v -3.959291 -0.556514 10.099999
v -3.955323 -0.596169 10.099999
v -3.876309 -0.98703 10.099999
v -3.841056 -1.101318 10.099999
v -3.75877 -1.368081 10.099999
v -3.650333 -1.625324 10.099999
v -3.603875 -1.735535 10.099999
v -3.413164 -2.085741 10.099999
v -3.390714 -2.118669 10.099999
v -3.18853 -2.415218 10.099999
v -3.060369 -2.567954 10.099999
v -2.932207 -2.720691 10.099999
v -2.675273 -2.971298 10.099999
v -2.646743 -2.999125 10.099999
v -2.334975 -3.247752 10.099999
v -2.234506 -3.312642 10.099999
v -2.0 -3.464102 10.099999
v -1.751579 -3.59146 10.099999
v -1.645148 -3.646023 10.099999
v -1.273947 -3.791709 10.099999
v -1.235583 -3.802503 10.099999
v -0.890084 -3.899712 10.099999
v -0.693729 -3.934334 10.099999
v -0.497375 -3.968957 10.099999
v -0.139464 -3.995779 10.099999
v -0.099723 -3.998757 10.099999
v 0.29892 -3.988815 10.099999
v 0.417594 -3.973943 10.099999
v 0.694593 -3.939231 10.099999
v 0.966758 -3.877111 10.099999
v 1.083362 -3.850497 10.099999
v 1.461364 -3.723495 10.099999
v 1.49769 -3.707104 10.099999
v 1.824843 -3.559487 10.099999
v 1.997514 -3.459795 10.099999
v 2.170185 -3.360104 10.099999
v 2.461601 -3.15059 10.099999
v 2.493959 -3.127326 10.099999
v 2.792947 -2.863467 10.099999
v 2.874298 -2.775793 10.099999
v 3.064178 -2.571151 10.099999
v 3.232739 -2.348619 10.099999
v 3.304955 -2.25328 10.099999
v 3.512886 -1.913016 10.099999
v 3.530178 -1.87711 10.099999
v 3.685905 -1.553739 10.099999
v 3.754098 -1.36638 10.099999
v 3.822291 -1.179021 10.099999
v 3.910856 -0.831205 10.099999
v 3.92069 -0.792585 10.099999
v 3.980123 -0.398271 10.099999
v 3.986085 -0.278818 10.099999
v 4.0 0.0 10.099999
v 3.986085 0.278818 10.099999
v 3.980123 0.398271 10.099999
v 3.92069 0.792585 10.099999
v 3.910856 0.831205 10.099999
v 3.822291 1.179021 10.099999
v 3.754098 1.36638 10.099999
v 3.685905 1.553739 10.099999
v 3.530178 1.87711 10.099999
v 3.512886 1.913016 10.099999
v 3.304955 2.25328 10.099999
v 3.232739 2.348619 10.099999
v 3.064178 2.571151 10.099999
v 2.874298 2.775793 10.099999
v 2.792947 2.863467 10.099999
v 2.493959 3.127326 10.099999
v 2.461601 3.15059 10.099999
v 2.170185 3.360104 10.099999
v 1.997514 3.459795 10.099999
v 1.824843 3.559487 10.099999
v 1.49769 3.707104 10.099999
v 1.461364 3.723495 10.099999
v 1.083362 3.850497 10.099999
v 0.966758 3.877111 10.099999
v 0.694593 3.939231 10.099999
v 0.417594 3.973943 10.099999
v 0.29892 3.988815 10.099999
v -0.099723 3.998757 10.099999
v -0.139464 3.995779 10.099999
v -0.497375 3.968957 10.099999
v -0.693729 3.934334 10.099999
v -0.890084 3.899712 10.099999
v -1.235583 3.802503 10.099999
v -1.273947 3.791709 10.099999
v -1.645148 3.646023 10.099999
v -1.751579 3.59146 10.099999
v -2.0 3.464102 10.099999
v -2.234506 3.312642 10.099999
v -2.334975 3.247752 10.099999
v -2.646743 2.999125 10.099999
v -2.675273 2.971298 10.099999
v -2.932207 2.720691 10.099999
v -3.060369 2.567954 10.099999
v -3.18853 2.415218 10.099999
v -3.390714 2.118669 10.099999
v -3.413164 2.085741 10.099999
v -3.603875 1.735535 10.099999
v -3.650333 1.625324 10.099999
v -3.75877 1.368081 10.099999
v -3.841056 1.101318 10.099999
v -3.876309 0.98703 10.099999
v -3.955323 0.596169 10.099999
v -3.959291 0.556514 10.099999
v -4.95 0.45 0.3
v -4.95 -0.45 0.3
v -1.55 0.45 -0.05
v -4.95 0.45 -0.05
v -4.95 -0.45 -0.05
v -1.55 -0.45 -0.05
v 4.95 -0.45 0.3
v 4.95 0.45 0.3
v 1.55 0.45 -0.05
v 4.95 0.45 -0.05
v 1.55 -0.45 -0.05
v 4.95 -0.45 -0.05
v 3.976732 0.397932 10.125882
v 3.819035 1.178016 10.125882
v 3.682765 1.552416 10.125882
v 3.061568 2.56896 10.125882
v 2.790568 2.861028 10.125882
v 2.168336 3.357241 10.125882
v 1.823288 3.556455 10.125882
v 0.694001 3.935875 10.125882
v 0.298666 3.985417 10.125882
v -0.496951 3.965576 10.125882
v -0.889325 3.89639 10.125882
v -1.998296 3.461151 10.125882
v -2.332986 3.244985 10.125882
v -2.92971 2.718374 10.125882
v -3.185814 2.41316 10.125882
v -3.755569 1.366915 10.125882
v -3.873007 0.986189 10.125882
v -3.991624 0.199214 10.125882
v -3.991624 -0.199214 10.125882
v -3.755569 -1.366915 10.125882
v -3.600806 -1.734056 10.125882
v -3.185814 -2.41316 10.125882
v -2.92971 -2.718374 10.125882
v -1.998296 -3.461151 10.125882
v -1.643747 -3.642918 10.125882
v -0.889325 -3.89639 10.125882
v -0.496951 -3.965576 10.125882
v 0.694001 -3.935875 10.125882
v 1.082439 -3.847217 10.125882
v 1.823288 -3.556455 10.125882
v 2.168336 -3.357241 10.125882
v 3.061568 -2.56896 10.125882
v 3.30214 -2.251361 10.125882
v 3.682765 -1.552416 10.125882
v 3.819035 -1.178016 10.125882
v 3.996593 0.0 10.125882
v -1.614665 3.578464 10.196592
v -2.359648 3.10033 10.200001
v -2.2766 3.166558 10.200001
v -2.291709 3.187573 10.196592
v -2.773412 2.736058 10.200001
v -2.580575 2.924147 10.200001
v -2.597701 2.943552 10.196592
v -3.133392 2.318792 10.200001
v -3.108817 2.354837 10.200001
v -3.129448 2.370465 10.196592
v -3.657446 1.351328 10.200001
v -3.513778 1.692147 10.200001
v -3.537097 1.703376 10.196592
v -3.80796 0.821082 10.200001
v -3.779401 0.962354 10.200001
v -3.804483 0.96874 10.196592
v -3.887035 0.275512 10.200001
v -3.85644 0.581265 10.200001
v -3.882033 0.585122 10.196592
v -3.887035 -0.275512 10.200001
v -3.895152 -0.194399 10.200001
v -3.921002 -0.195689 10.196592
v -3.80796 -0.821082 10.200001
v -3.85644 -0.581265 10.200001
v -3.882033 -0.585122 10.196592
v -3.657446 -1.351328 10.200001
v -3.664801 -1.333879 10.200001
v -3.689122 -1.342731 10.196592
v -3.133392 -2.318792 10.200001
v -3.327834 -2.033597 10.200001
v -3.349919 -2.047093 10.196592
v -2.773412 -2.736058 10.200001
v -2.858902 -2.652674 10.200001
v -2.877875 -2.670278 10.196592
v -2.359648 -3.10033 10.200001
v -2.580575 -2.924147 10.200001
v -2.597701 -2.943552 10.196592
v -1.95 -3.377499 10.200001
v -1.962941 -3.399914 10.196592
v -3.513778 -1.692147 10.200001
v -3.327834 2.033597 10.200001
v 3.848041 -0.777898 10.196592
v 3.751466 -1.157174 10.196592
v 3.871681 -0.782677 10.186603
v 3.774513 -1.164283 10.186603
v 3.891981 -0.786781 10.170711
v 3.794303 -1.170388 10.170711
v 3.907558 -0.78993 10.150001
v 3.809489 -1.175072 10.150001
v 3.91735 -0.791909 10.125882
v 2.447747 -3.069378 10.196592
v 2.129972 -3.297843 10.196592
v 2.462785 -3.088234 10.186603
v 2.143058 -3.318102 10.186603
v 2.475698 -3.104427 10.170711
v 2.154294 -3.3355 10.170711
v 2.485606 -3.116851 10.150001
v 2.162916 -3.34885 10.150001
v 2.491835 -3.124662 10.125882
v -0.097875 -3.924662 10.196592
v -0.488159 -3.895414 10.196592
v -0.098476 -3.948772 10.186603
v -0.491158 -3.919345 10.186603
v -0.098993 -3.969476 10.170711
v -0.493733 -3.939895 10.170711
v -0.099389 -3.985363 10.150001
v -0.495709 -3.955663 10.150001
v -0.099638 -3.995351 10.125882
v -2.613659 -2.961636 10.186603
v -2.895555 -2.686682 10.186603
v -2.627363 -2.977164 10.170711
v -2.910737 -2.700769 10.170711
v -2.637878 -2.989079 10.150001
v -2.922386 -2.711578 10.150001
v -2.644489 -2.99657 10.125882
v -3.905882 -0.588717 10.186603
v -3.94509 -0.196891 10.186603
v -3.926361 -0.591804 10.170711
v -3.965775 -0.197924 10.170711
v -3.942076 -0.594172 10.150001
v -3.981647 -0.198716 10.150001
v -3.951954 -0.595661 10.125882
v -3.426716 1.852021 10.200001
v -3.349919 2.047093 10.196592
v -3.370499 2.059669 10.186603
v -3.148673 2.385027 10.186603
v -3.388171 2.070468 10.170711
v -3.165183 2.397532 10.170711
v -3.401731 2.078755 10.150001
v -3.17785 2.407128 10.150001
v -3.410256 2.083964 10.125882
v -1.250341 3.721451 10.196592
v -0.873591 3.827452 10.196592
v -1.258022 3.744313 10.186603
v -0.878958 3.850965 10.186603
v -1.264618 3.763945 10.170711
v -0.883566 3.871157 10.170711
v -1.26968 3.779009 10.150001
v -0.887102 3.88665 10.150001
v -1.272861 3.788479 10.125882
v 1.434286 3.6545 10.196592
v 1.791029 3.493532 10.196592
v 1.443097 3.676951 10.186603
v 1.802032 3.514994 10.186603
v 1.450664 3.69623 10.170711
v 1.811481 3.533423 10.170711
v 1.456469 3.711024 10.150001
v 1.818731 3.547565 10.150001
v 1.460119 3.720323 10.125882
v 3.447794 1.877569 10.196592
v 3.617607 1.524949 10.196592
v 3.468975 1.889103 10.186603
v 3.639831 1.534317 10.186603
v 3.487164 1.899008 10.170711
v 3.658916 1.542362 10.170711
v 3.50112 1.906609 10.150001
v 3.673559 1.548535 10.150001
v 3.509894 1.911386 10.125882
v 3.976732 -0.397932 10.125882
v 3.966792 -0.396937 10.150001
v 3.986603 0.0 10.150001
v 3.950979 -0.395355 10.170711
v 3.970711 0.0 10.170711
v 3.930372 -0.393293 10.186603
v 3.95 0.0 10.186603
v 3.906374 -0.390892 10.196592
v 3.925882 0.0 10.196592
v 3.617607 -1.524949 10.196592
v 3.639831 -1.534317 10.186603
v 3.658916 -1.542362 10.170711
v 3.673559 -1.548535 10.150001
v 3.509894 -1.911386 10.125882
v 3.50112 -1.906609 10.150001
v 3.487164 -1.899008 10.170711
v 3.468975 -1.889103 10.186603
v 3.447794 -1.877569 10.196592
v 3.243716 -2.211528 10.196592
v 3.263643 -2.225114 10.186603
v 3.280755 -2.236781 10.170711
v 3.293886 -2.245733 10.150001
v 3.0074 -2.523508 10.196592
v 3.025876 -2.539011 10.186603
v 3.041741 -2.552324 10.170711
v 3.053915 -2.562539 10.150001
v 2.790568 -2.861028 10.125882
v 2.783592 -2.853877 10.150001
v 2.772496 -2.8425 10.170711
v 2.758035 -2.827674 10.186603
v 2.741195 -2.810409 10.196592
v 1.791029 -3.493532 10.196592
v 1.802032 -3.514994 10.186603
v 1.811481 -3.533423 10.170711
v 1.818731 -3.547565 10.150001
v 1.460119 -3.720323 10.125882
v 1.456469 -3.711024 10.150001
v 1.450664 -3.69623 10.170711
v 1.443097 -3.676951 10.186603
v 1.434286 -3.6545 10.196592
v 1.063288 -3.779149 10.196592
v 1.06982 -3.802366 10.186603
v 1.075429 -3.822302 10.170711
v 1.079733 -3.8376 10.150001
v 0.681722 -3.866239 10.196592
v 0.68591 -3.889991 10.186603
v 0.689507 -3.910387 10.170711
v 0.692266 -3.926037 10.150001
v 0.298666 -3.985417 10.125882
v 0.297919 -3.975455 10.150001
v 0.296732 -3.959608 10.170711
v 0.295184 -3.938955 10.186603
v 0.293382 -3.914904 10.196592
v -0.887102 -3.88665 10.150001
v -0.883566 -3.871157 10.170711
v -0.878958 -3.850965 10.186603
v -0.873591 -3.827452 10.196592
v -1.272861 -3.788479 10.125882
v -1.26968 -3.779009 10.150001
v -1.264618 -3.763945 10.170711
v -1.258022 -3.744313 10.186603
v -1.250341 -3.721451 10.196592
v -1.614665 -3.578464 10.196592
v -1.624584 -3.600448 10.186603
v -1.633102 -3.619326 10.170711
v -1.639638 -3.633812 10.150001
v -1.993301 -3.452499 10.150001
v -1.985355 -3.438736 10.170711
v -1.975 -3.4208 10.186603
v -2.332986 -3.244985 10.125882
v -2.327154 -3.236874 10.150001
v -2.317877 -3.223971 10.170711
v -2.305788 -3.207155 10.186603
v -2.291709 -3.187573 10.196592
v -2.2766 -3.166558 10.200001
v -3.108817 -2.354837 10.200001
v -3.129448 -2.370465 10.196592
v -3.148673 -2.385027 10.186603
v -3.165183 -2.397532 10.170711
v -3.17785 -2.407128 10.150001
v -3.410256 -2.083964 10.125882
v -3.401731 -2.078755 10.150001
v -3.388171 -2.070468 10.170711
v -3.370499 -2.059669 10.186603
v -3.426716 -1.852021 10.200001
v -3.537097 -1.703376 10.196592
v -3.558827 -1.713841 10.186603
v -3.577487 -1.722827 10.170711
v -3.591805 -1.729722 10.150001
v -3.711786 -1.35098 10.186603
v -3.731247 -1.358063 10.170711
v -3.746181 -1.363498 10.150001
v -3.873007 -0.986189 10.125882
v -3.863326 -0.983724 10.150001
v -3.847925 -0.979802 10.170711
v -3.827855 -0.974692 10.186603
v -3.804483 -0.96874 10.196592
v -3.779401 -0.962354 10.200001
v -3.981647 0.198716 10.150001
v -3.965775 0.197924 10.170711
v -3.94509 0.196891 10.186603
v -3.921002 0.195689 10.196592
v -3.895152 0.194399 10.200001
v -3.951954 0.595661 10.125882
v -3.942076 0.594172 10.150001
v -3.926361 0.591804 10.170711
v -3.905882 0.588717 10.186603
v -3.827855 0.974692 10.186603
v -3.847925 0.979802 10.170711
v -3.863326 0.983724 10.150001
v -3.664801 1.333879 10.200001
v -3.689122 1.342731 10.196592
v -3.711786 1.35098 10.186603
v -3.731247 1.358063 10.170711
v -3.746181 1.363498 10.150001
v -3.600806 1.734056 10.125882
v -3.591805 1.729722 10.150001
v -3.577487 1.722827 10.170711
v -3.558827 1.713841 10.186603
v -2.922386 2.711578 10.150001
v -2.910737 2.700769 10.170711
v -2.895555 2.686682 10.186603
v -2.877875 2.670278 10.196592
v -2.858902 2.652674 10.200001
v -2.644489 2.99657 10.125882
v -2.637878 2.989079 10.150001
v -2.627363 2.977164 10.170711
v -2.613659 2.961636 10.186603
v -2.305788 3.207155 10.186603
v -2.317877 3.223971 10.170711
v -2.327154 3.236874 10.150001
v -1.95 3.377499 10.200001
v -1.962941 3.399914 10.196592
v -1.975 3.4208 10.186603
v -1.985355 3.438736 10.170711
v -1.993301 3.452499 10.150001
v -1.643747 3.642918 10.125882
v -1.639638 3.633812 10.150001
v -1.633102 3.619326 10.170711
v -1.624584 3.600448 10.186603
v -0.495709 3.955663 10.150001
v -0.493733 3.939895 10.170711
v -0.491158 3.919345 10.186603
v -0.488159 3.895414 10.196592
v -0.099638 3.995351 10.125882
v -0.099389 3.985363 10.150001
v -0.098993 3.969476 10.170711
v -0.098476 3.948772 10.186603
v -0.097875 3.924662 10.196592
v 0.293382 3.914904 10.196592
v 0.295184 3.938955 10.186603
v 0.296732 3.959608 10.170711
v 0.297919 3.975455 10.150001
v 0.681722 3.866239 10.196592
v 0.68591 3.889991 10.186603
v 0.689507 3.910387 10.170711
v 0.692266 3.926037 10.150001
v 1.082439 3.847217 10.125882
v 1.079733 3.8376 10.150001
v 1.075429 3.822302 10.170711
v 1.06982 3.802366 10.186603
v 1.063288 3.779149 10.196592
v 2.129972 3.297843 10.196592
v 2.143058 3.318102 10.186603
v 2.154294 3.3355 10.170711
v 2.162916 3.34885 10.150001
v 2.491835 3.124662 10.125882
v 2.485606 3.116851 10.150001
v 2.475698 3.104427 10.170711
v 2.462785 3.088234 10.186603
v 2.447747 3.069378 10.196592
v 2.741195 2.810409 10.196592
v 2.758035 2.827674 10.186603
v 2.772496 2.8425 10.170711
v 2.783592 2.853877 10.150001
v 3.0074 2.523508 10.196592
v 3.025876 2.539011 10.186603
v 3.041741 2.552324 10.170711
v 3.053915 2.562539 10.150001
v 3.30214 2.251361 10.125882
v 3.293886 2.245733 10.150001
v 3.280755 2.236781 10.170711
v 3.263643 2.225114 10.186603
v 3.243716 2.211528 10.196592
v 3.751466 1.157174 10.196592
v 3.774513 1.164283 10.186603
v 3.794303 1.170388 10.170711
v 3.809489 1.175072 10.150001
v 3.91735 0.791909 10.125882
v 3.907558 0.78993 10.150001
v 3.891981 0.786781 10.170711
v 3.871681 0.782677 10.186603
v 3.848041 0.777898 10.196592
v 3.906374 0.390892 10.196592
v 3.930372 0.393293 10.186603
v 3.950979 0.395355 10.170711
v 3.966792 0.396937 10.150001
v -1.900542 3.405575 10.199
newmtl 3
Ka 0.0 0.0 0.0
Kd 0.0 0.0 0.0
Ks 0.0 0.0 0.0
d 0.0
endmtl
v -2.362049 3.103341 10.199
v -2.776294 2.739013 10.199
v -3.134989 2.31988 10.199
v -3.658274 1.351677 10.199
v -3.430956 1.85433 10.199
v -3.812395 0.821978 10.199
v -3.890234 0.275832 10.199
v -3.890234 -0.275832 10.199
v -3.812395 -0.821978 10.199
v -3.658274 -1.351677 10.199
v -3.134989 -2.31988 10.199
v -3.430956 -1.85433 10.199
v -2.776294 -2.739013 10.199
v -2.362049 -3.103341 10.199
v -1.900542 -3.405575 10.199
v -0.629479 0.152278 0.001
v -0.746552 -0.147722 0.001
v -0.70265 -0.147722 0.001
v -0.672296 -0.063575 0.001
v -0.548363 -0.063575 0.001
v -0.519723 -0.147722 0.001
v -0.475821 -0.147722 0.001
v -0.589235 0.152278 0.001
v -0.558481 -0.030648 0.001
v -0.658805 -0.030648 0.001
v -0.603241 0.094656 0.001
v -0.606128 0.105061 0.001
v -0.608043 0.115693 0.001
v -0.609014 0.115693 0.001
v -0.610972 0.105093 0.001
v -0.613645 0.094656 0.001
v -0.558481 -0.030648 0.0
v -0.658805 -0.030648 0.0
v -0.603241 0.094656 0.0
v -0.606128 0.105061 0.0
v -0.608043 0.115693 0.0
v -0.609014 0.115693 0.0
v -0.610972 0.105093 0.0
v -0.613645 0.094656 0.0
v -0.29398 -0.147722 0.001
v -0.212406 -0.147722 0.001
v -0.212406 0.152278 0.001
v -0.297067 0.152278 0.001
v -0.45387 0.006051 0.001
v -0.451689 0.03428 0.001
v -0.443632 0.063838 0.001
v -0.42969 0.089638 0.001
v -0.408475 0.113162 0.001
v -0.408162 0.113437 0.001
v -0.375509 0.13532 0.001
v -0.340409 0.147645 0.001
v -0.3311 -0.144481 0.001
v -0.365668 -0.134178 0.001
v -0.396992 -0.115974 0.001
v -0.421685 -0.092331 0.001
v -0.438889 -0.065498 0.001
v -0.44966 -0.034097 0.001
v -0.393652 0.077282 0.001
v -0.37908 0.092755 0.001
v -0.357166 0.106911 0.001
v -0.332403 0.115577 0.001
v -0.296895 0.119352 0.001
v -0.25265 0.119352 0.001
v -0.25265 -0.114795 0.001
v -0.295238 -0.114795 0.001
v -0.326888 -0.111849 0.001
v -0.352133 -0.103969 0.001
v -0.372593 -0.09182 0.001
v -0.389419 -0.0752 0.001
v -0.402072 -0.054516 0.001
v -0.410871 -0.026316 0.001
v -0.413626 0.005194 0.001
v -0.411077 0.035051 0.001
v -0.404074 0.058779 0.001
v -0.296895 0.119352 0.0
v -0.25265 0.119352 0.0
v -0.332403 0.115577 0.0
v -0.357166 0.106911 0.0
v -0.37908 0.092755 0.0
v -0.393652 0.077282 0.0
v -0.404074 0.058779 0.0
v -0.411077 0.035051 0.0
v -0.413626 0.005194 0.0
v -0.410871 -0.026316 0.0
v -0.402072 -0.054516 0.0
v -0.389419 -0.0752 0.0
v -0.372593 -0.09182 0.0
v -0.352133 -0.103969 0.0
v -0.326888 -0.111849 0.0
v -0.295238 -0.114795 0.0
v -0.25265 -0.114795 0.0
v -0.15387 -0.114795 0.001
v -0.15387 -0.147722 0.001
v 0.007106 -0.147722 0.001
v 0.007106 0.152278 0.001
v -0.146553 0.152278 0.001
v -0.146553 0.119352 0.001
v -0.033138 0.119352 0.001
v -0.033138 0.020571 0.001
v -0.139235 0.020571 0.001
v -0.139235 -0.012356 0.001
v -0.033138 -0.012356 0.001
v -0.033138 -0.114795 0.001
v 0.065643 -0.099246 0.001
v 0.065643 -0.132173 0.001
v 0.097621 -0.145303 0.001
v 0.148188 -0.15138 0.001
v 0.139985 -0.151239 0.001
v 0.185159 -0.147547 0.001
v 0.214236 -0.137538 0.001
v 0.238368 -0.122128 0.001
v 0.260902 -0.098405 0.001
v 0.276884 -0.069879 0.001
v 0.285912 -0.038125 0.001
v 0.288813 -0.003381 0.001
v 0.136241 0.155937 0.001
v 0.166373 0.153477 0.001
v 0.199817 0.143761 0.001
v 0.228312 0.127359 0.001
v 0.255397 0.101311 0.001
v 0.272981 0.073262 0.001
v 0.284498 0.03927 0.001
v 0.065643 0.144047 0.001
v 0.100328 0.153459 0.001
v 0.065643 0.103803 0.001
v 0.135898 0.12301 0.001
v 0.099434 0.118273 0.001
v 0.248569 -9.23E-4 0.001
v 0.247138 0.022419 0.001
v 0.239142 0.054535 0.001
v 0.226774 0.077698 0.001
v 0.208657 0.097698 0.001
v 0.187893 0.111589 0.001
v 0.165439 0.119693 0.001
v 0.142643 -0.118453 0.001
v 0.170625 -0.115315 0.001
v 0.192484 -0.107267 0.001
v 0.210896 -0.094858 0.001
v 0.224974 -0.080006 0.001
v 0.237381 -0.059204 0.001
v 0.245532 -0.033399 0.001
v 0.071019 -0.102224 0.001
v 0.102821 -0.114033 0.001
v 0.314423 -0.114795 0.001
v 0.314423 -0.147722 0.001
v 0.468082 -0.147722 0.001
v 0.468082 0.152278 0.001
v 0.427838 0.152278 0.001
v 0.427838 -0.114795 0.001
usemtl 1
f 1// 2// 3//
f 4// 5// 6//
f 7// 8// 4//
f 9// 10// 11//
f 11// 10// 12//
f 11// 12// 4//
f 4// 8// 11//
f 11// 8// 13//
f 11// 13// 14//
f 15// 16// 3//
f 3// 16// 17//
f 3// 17// 18//
f 19// 20// 21//
f 22// 18// 23//
f 23// 18// 24//
f 6// 1// 4//
f 4// 1// 3//
f 4// 3// 7//
f 7// 3// 18//
f 7// 18// 25//
f 25// 18// 22//
f 15// 26// 27//
f 27// 26// 28//
f 27// 28// 29//
f 30// 31// 32//
f 32// 31// 16//
f 32// 16// 33//
f 34// 35// 36//
f 36// 35// 37//
f 36// 37// 38//
f 13// 35// 14//
f 14// 35// 34//
f 14// 34// 27//
f 27// 34// 39//
f 27// 39// 15//
f 15// 39// 40//
f 21// 33// 19//
f 19// 33// 16//
f 19// 16// 41//
f 41// 16// 15//
f 41// 15// 24//
f 42// 43// 44//
f 44// 43// 45//
f 44// 45// 46//
f 47// 48// 44//
f 44// 48// 49//
f 50// 51// 52//
f 52// 51// 53//
f 49// 54// 44//
f 44// 54// 53//
f 44// 53// 55//
f 55// 53// 51//
f 46// 56// 44//
f 44// 56// 57//
f 44// 57// 47//
f 58// 15// 59//
f 59// 15// 40//
f 59// 40// 60//
f 38// 61// 36//
f 36// 61// 62//
f 36// 62// 63//
f 63// 62// 64//
f 63// 64// 65//
f 64// 66// 65//
f 65// 66// 67//
f 65// 67// 40//
f 40// 67// 68//
f 40// 68// 60//
f 58// 69// 15//
f 15// 69// 70//
f 15// 70// 71//
f 71// 72// 15//
f 15// 72// 73//
f 15// 73// 24//
f 24// 73// 74//
f 24// 74// 23//
f 23// 74// 75//
f 23// 75// 44//
f 44// 75// 76//
f 44// 76// 42//
f 77// 78// 79//
f 79// 78// 15//
f 80// 81// 82//
f 82// 83// 80//
f 80// 83// 84//
f 80// 84// 85//
f 86// 3// 87//
f 87// 3// 2//
f 87// 2// 88//
f 88// 2// 79//
f 88// 79// 89//
f 89// 79// 15//
f 90// 91// 3//
f 3// 91// 92//
f 3// 92// 15//
f 15// 92// 93//
f 94// 95// 89//
f 89// 95// 96//
f 85// 90// 80//
f 80// 90// 3//
f 80// 3// 97//
f 97// 3// 86//
f 97// 86// 98//
f 98// 86// 99//
f 93// 100// 15//
f 15// 100// 101//
f 15// 101// 89//
f 89// 101// 102//
f 89// 102// 94//
f 96// 103// 89//
f 89// 103// 104//
f 89// 104// 80//
f 80// 104// 105//
f 80// 105// 81//
f 106// 107// 108//
f 108// 107// 109//
f 108// 109// 110//
f 110// 109// 111//
f 110// 111// 112//
f 112// 111// 113//
f 114// 115// 116//
f 116// 115// 117//
f 116// 117// 118//
f 118// 117// 119//
f 118// 119// 120//
f 120// 119// 121//
usemtl 2
f 122// 123// 124//
f 125// 126// 127//
f 127// 126// 128//
f 127// 128// 124//
f 124// 128// 129//
f 124// 129// 122//
f 125// 127// 130//
f 130// 127// 131//
f 130// 131// 132//
f 132// 131// 133//
f 133// 131// 134//
f 133// 134// 135//
f 136// 137// 134//
f 134// 137// 138//
f 134// 138// 135//
f 139// 140// 136//
f 136// 140// 141//
f 136// 141// 137//
f 142// 143// 144//
f 144// 143// 145//
f 144// 145// 139//
f 139// 145// 146//
f 139// 146// 140//
f 142// 144// 147//
f 147// 144// 148//
f 147// 148// 149//
f 149// 148// 150//
f 150// 148// 151//
f 150// 151// 152//
f 153// 154// 151//
f 151// 154// 155//
f 151// 155// 152//
f 156// 157// 153//
f 153// 157// 158//
f 153// 158// 154//
f 159// 160// 161//
f 161// 160// 162//
f 161// 162// 156//
f 156// 162// 163//
f 156// 163// 157//
f 159// 161// 164//
f 164// 161// 165//
f 164// 165// 166//
f 166// 165// 167//
f 167// 165// 168//
f 167// 168// 169//
f 170// 171// 168//
f 168// 171// 172//
f 168// 172// 169//
f 173// 174// 170//
f 170// 174// 175//
f 170// 175// 171//
f 176// 177// 178//
f 178// 177// 179//
f 178// 179// 173//
f 173// 179// 180//
f 173// 180// 174//
f 176// 178// 181//
f 181// 178// 182//
f 181// 182// 183//
f 183// 182// 184//
f 184// 182// 185//
f 184// 185// 186//
f 187// 188// 185//
f 185// 188// 189//
f 185// 189// 186//
f 190// 191// 187//
f 187// 191// 192//
f 187// 192// 188//
f 193// 194// 195//
f 195// 194// 196//
f 195// 196// 190//
f 190// 196// 197//
f 190// 197// 191//
f 193// 195// 198//
f 198// 195// 199//
f 198// 199// 200//
f 200// 199// 201//
f 200// 201// 202//
f 202// 201// 203//
f 202// 203// 204//
f 205// 206// 203//
f 203// 206// 207//
f 203// 207// 204//
f 208// 209// 205//
f 205// 209// 210//
f 205// 210// 206//
f 211// 212// 213//
f 213// 212// 214//
f 213// 214// 208//
f 208// 214// 215//
f 208// 215// 209//
f 211// 213// 216//
f 216// 213// 217//
f 216// 217// 218//
f 218// 217// 219//
f 219// 217// 220//
f 219// 220// 221//
f 222// 223// 220//
f 220// 223// 224//
f 220// 224// 221//
f 225// 226// 222//
f 222// 226// 227//
f 222// 227// 223//
f 228// 229// 230//
f 230// 229// 231//
f 230// 231// 225//
f 225// 231// 232//
f 225// 232// 226//
f 228// 230// 233//
f 233// 230// 234//
f 233// 234// 235//
f 235// 234// 236//
f 236// 234// 237//
f 236// 237// 238//
f 239// 240// 237//
f 237// 240// 241//
f 237// 241// 238//
f 242// 243// 239//
f 239// 243// 244//
f 239// 244// 240//
f 245// 246// 247//
f 247// 246// 248//
f 247// 248// 242//
f 242// 248// 249//
f 242// 249// 243//
f 245// 247// 250//
f 250// 247// 251//
f 250// 251// 252//
f 252// 251// 253//
f 253// 251// 254//
f 253// 254// 255//
f 256// 257// 254//
f 254// 257// 258//
f 254// 258// 255//
f 259// 260// 256//
f 256// 260// 261//
f 256// 261// 257//
f 262// 263// 264//
f 264// 263// 265//
f 264// 265// 259//
f 259// 265// 266//
f 259// 266// 260//
f 262// 264// 267//
f 267// 264// 268//
f 267// 268// 269//
f 269// 268// 270//
f 270// 268// 271//
f 270// 271// 272//
f 122// 273// 123//
f 123// 273// 274//
f 123// 274// 271//
f 271// 274// 275//
f 271// 275// 272//
usemtl 1
f 276// 277// 278//
f 278// 277// 279//
f 278// 279// 280//
f 280// 279// 281//
f 280// 281// 282//
f 282// 281// 283//
f 282// 283// 284//
f 284// 283// 285//
f 284// 285// 286//
f 286// 285// 287//
f 286// 287// 288//
f 288// 287// 289//
f 288// 289// 290//
f 290// 289// 291//
f 292// 293// 294//
f 294// 293// 295//
f 294// 295// 296//
f 296// 295// 297//
f 296// 297// 298//
f 298// 297// 299//
f 298// 299// 300//
f 300// 299// 301//
f 300// 301// 302//
f 302// 301// 303//
f 302// 303// 304//
f 304// 303// 305//
f 304// 305// 306//
f 306// 305// 307//
f 308// 309// 78//
f 78// 309// 310//
f 311// 312// 313//
f 313// 312// 26//
f 313// 26// 310//
f 310// 26// 15//
f 310// 15// 78//
f 314// 315// 316//
f 317// 318// 12//
f 12// 318// 319//
f 12// 319// 4//
f 4// 319// 314//
f 4// 314// 5//
f 5// 314// 316//
f 320// 321// 322//
f 322// 321// 10//
f 322// 10// 107//
f 107// 10// 9//
f 323// 324// 28//
f 28// 324// 325//
f 28// 325// 29//
f 107// 106// 322//
f 322// 106// 112//
f 322// 112// 325//
f 325// 112// 113//
f 325// 113// 29//
f 320// 322// 307//
f 307// 322// 306//
f 277// 276// 324//
f 324// 276// 325//
f 293// 292// 318//
f 318// 292// 319//
f 311// 313// 291//
f 291// 313// 290//
f 326// 327// 308//
f 308// 327// 328//
f 328// 329// 308//
f 308// 329// 330//
f 308// 330// 331//
f 332// 309// 333//
f 333// 309// 308//
f 333// 308// 334//
f 334// 308// 331//
f 315// 335// 316//
f 316// 335// 336//
f 336// 337// 316//
f 316// 337// 338//
f 316// 338// 339//
f 340// 341// 342//
f 342// 341// 316//
f 342// 316// 343//
f 343// 316// 339//
f 344// 332// 345//
f 345// 332// 333//
f 345// 333// 346//
f 346// 333// 334//
f 346// 334// 347//
f 347// 334// 331//
f 347// 331// 348//
f 348// 331// 330//
f 348// 330// 349//
f 349// 330// 329//
f 349// 329// 350//
f 350// 329// 328//
f 350// 328// 351//
f 351// 328// 327//
f 352// 340// 353//
f 353// 340// 342//
f 353// 342// 354//
f 354// 342// 343//
f 354// 343// 355//
f 355// 343// 339//
f 355// 339// 356//
f 356// 339// 338//
f 356// 338// 357//
f 357// 338// 337//
f 357// 337// 358//
f 358// 337// 336//
f 358// 336// 359//
f 359// 336// 335//
f 120// 121// 360//
f 326// 308// 361//
f 361// 308// 78//
f 121// 6// 360//
f 360// 6// 5//
f 360// 5// 341//
f 341// 5// 316//
f 120// 360// 114//
f 114// 360// 361//
f 114// 361// 115//
f 115// 361// 78//
f 115// 78// 77//
f 205// 203// 276//
f 313// 310// 344//
f 359// 314// 156//
f 156// 314// 319//
f 276// 203// 325//
f 203// 201// 325//
f 325// 201// 199//
f 325// 199// 322//
f 290// 225// 288//
f 288// 225// 222//
f 199// 195// 322//
f 322// 195// 190//
f 322// 190// 306//
f 306// 190// 187//
f 306// 187// 304//
f 304// 187// 185//
f 304// 185// 302//
f 302// 185// 182//
f 302// 182// 300//
f 300// 182// 178//
f 300// 178// 298//
f 298// 178// 173//
f 298// 173// 296//
f 296// 173// 170//
f 296// 170// 294//
f 294// 170// 168//
f 294// 168// 292//
f 292// 168// 165//
f 292// 165// 319//
f 319// 165// 161//
f 319// 161// 156//
f 205// 276// 208//
f 208// 276// 278//
f 208// 278// 213//
f 213// 278// 280//
f 213// 280// 217//
f 217// 280// 282//
f 217// 282// 220//
f 220// 282// 284//
f 220// 284// 222//
f 222// 284// 286//
f 222// 286// 288//
f 242// 344// 247//
f 247// 344// 345//
f 247// 345// 251//
f 251// 345// 346//
f 251// 346// 254//
f 254// 346// 347//
f 254// 347// 256//
f 256// 347// 348//
f 256// 348// 259//
f 259// 348// 349//
f 259// 349// 264//
f 264// 349// 350//
f 264// 350// 268//
f 268// 350// 351//
f 268// 351// 271//
f 271// 351// 361//
f 271// 361// 123//
f 123// 361// 360//
f 156// 153// 359//
f 359// 153// 151//
f 359// 151// 358//
f 358// 151// 148//
f 358// 148// 357//
f 357// 148// 144//
f 357// 144// 356//
f 356// 144// 139//
f 356// 139// 355//
f 355// 139// 136//
f 355// 136// 354//
f 354// 136// 134//
f 354// 134// 353//
f 353// 134// 131//
f 353// 131// 352//
f 352// 131// 127//
f 352// 127// 360//
f 360// 127// 124//
f 360// 124// 123//
f 242// 239// 344//
f 344// 239// 237//
f 344// 237// 313//
f 313// 237// 234//
f 313// 234// 290//
f 290// 234// 230//
f 290// 230// 225//
f 360// 341// 352//
f 352// 341// 340//
f 351// 327// 361//
f 361// 327// 326//
f 315// 314// 335//
f 335// 314// 359//
f 310// 309// 344//
f 344// 309// 332//
f 311// 291// 312//
f 312// 291// 289//
f 289// 287// 312//
f 312// 287// 285//
f 312// 285// 323//
f 323// 285// 283//
f 277// 324// 279//
f 279// 324// 323//
f 279// 323// 281//
f 281// 323// 283//
f 320// 307// 321//
f 321// 307// 305//
f 293// 318// 295//
f 295// 318// 317//
f 295// 317// 297//
f 305// 303// 321//
f 321// 303// 301//
f 321// 301// 317//
f 317// 301// 299//
f 317// 299// 297//
usemtl 2
f 200// 202// 362//
f 210// 209// 363//
f 224// 223// 364//
f 241// 240// 365//
f 244// 243// 366//
f 258// 257// 367//
f 261// 260// 368//
f 275// 274// 369//
f 273// 122// 370//
f 138// 137// 371//
f 155// 154// 372//
f 158// 157// 373//
f 172// 171// 374//
f 189// 188// 375//
f 197// 196// 376//
f 377// 378// 379//
f 380// 381// 382//
f 383// 384// 385//
f 386// 387// 388//
f 389// 390// 391//
f 392// 393// 394//
f 395// 396// 397//
f 398// 399// 400//
f 401// 402// 403//
f 404// 405// 406//
f 407// 408// 409//
f 410// 411// 412//
f 413// 414// 415//
f 416// 417// 418//
f 419// 420// 421//
f 422// 423// 424//
f 425// 426// 427//
f 428// 429// 430//
f 431// 432// 433//
f 434// 435// 436//
f 437// 438// 439//
f 440// 441// 442//
f 443// 444// 445//
f 446// 447// 448//
f 449// 450// 451//
f 452// 453// 454//
f 455// 456// 457//
f 458// 459// 460//
f 461// 462// 463//
f 464// 465// 466//
f 467// 468// 469//
f 459// 470// 460//
f 460// 470// 471//
f 460// 471// 472//
f 473// 474// 475//
f 447// 476// 448//
f 448// 476// 477//
f 448// 477// 478//
f 479// 480// 481//
f 437// 439// 482//
f 438// 483// 439//
f 439// 483// 484//
f 439// 484// 485//
f 486// 487// 488//
f 426// 489// 427//
f 427// 489// 490//
f 427// 490// 491//
f 492// 493// 494//
f 416// 418// 495//
f 417// 496// 418//
f 418// 496// 497//
f 418// 497// 498//
f 499// 500// 501//
f 407// 409// 502//
f 408// 503// 409//
f 409// 503// 504//
f 409// 504// 505//
f 506// 507// 508//
f 398// 400// 509//
f 399// 510// 400//
f 400// 510// 511//
f 400// 511// 512//
f 513// 514// 515//
f 387// 516// 388//
f 388// 516// 517//
f 388// 517// 518//
f 519// 378// 520//
f 520// 378// 377//
f 520// 377// 521//
f 521// 377// 522//
f 523// 524// 525//
f 526// 527// 528//
f 528// 529// 530//
f 530// 529// 380//
f 381// 531// 532//
f 532// 531// 533//
f 462// 458// 463//
f 463// 458// 460//
f 463// 460// 534//
f 534// 460// 472//
f 534// 472// 535//
f 450// 446// 451//
f 451// 446// 448//
f 451// 448// 536//
f 536// 448// 478//
f 536// 478// 537//
f 538// 482// 539//
f 539// 482// 439//
f 539// 439// 540//
f 540// 439// 485//
f 540// 485// 541//
f 429// 425// 430//
f 430// 425// 427//
f 430// 427// 542//
f 542// 427// 491//
f 542// 491// 543//
f 544// 495// 545//
f 545// 495// 418//
f 545// 418// 546//
f 546// 418// 498//
f 546// 498// 547//
f 548// 502// 549//
f 549// 502// 409//
f 549// 409// 550//
f 550// 409// 505//
f 550// 505// 551//
f 552// 509// 553//
f 553// 509// 400//
f 553// 400// 554//
f 554// 400// 512//
f 554// 512// 555//
f 390// 386// 391//
f 391// 386// 388//
f 391// 388// 556//
f 556// 388// 518//
f 556// 518// 557//
f 558// 379// 559//
f 559// 379// 378//
f 559// 378// 385//
f 385// 378// 519//
f 385// 519// 383//
f 465// 461// 466//
f 466// 461// 463//
f 466// 463// 560//
f 560// 463// 534//
f 560// 534// 561//
f 561// 534// 535//
f 561// 535// 562//
f 453// 449// 454//
f 454// 449// 451//
f 454// 451// 563//
f 563// 451// 536//
f 563// 536// 564//
f 564// 536// 537//
f 564// 537// 565//
f 441// 538// 442//
f 442// 538// 539//
f 442// 539// 566//
f 566// 539// 540//
f 566// 540// 567//
f 567// 540// 541//
f 567// 541// 568//
f 432// 428// 433//
f 433// 428// 430//
f 433// 430// 569//
f 569// 430// 542//
f 569// 542// 570//
f 570// 542// 543//
f 570// 543// 571//
f 420// 544// 421//
f 421// 544// 545//
f 421// 545// 572//
f 572// 545// 546//
f 572// 546// 573//
f 573// 546// 547//
f 573// 547// 574//
f 411// 548// 412//
f 412// 548// 549//
f 412// 549// 575//
f 575// 549// 550//
f 575// 550// 576//
f 576// 550// 551//
f 576// 551// 577//
f 402// 552// 403//
f 403// 552// 553//
f 403// 553// 578//
f 578// 553// 554//
f 578// 554// 579//
f 579// 554// 555//
f 579// 555// 580//
f 393// 389// 394//
f 394// 389// 391//
f 394// 391// 581//
f 581// 391// 556//
f 581// 556// 582//
f 582// 556// 557//
f 582// 557// 583//
f 584// 558// 585//
f 585// 558// 559//
f 585// 559// 586//
f 586// 559// 385//
f 586// 385// 523//
f 523// 385// 384//
f 523// 384// 524//
f 468// 464// 469//
f 469// 464// 466//
f 469// 466// 587//
f 587// 466// 560//
f 587// 560// 588//
f 588// 560// 561//
f 588// 561// 589//
f 589// 561// 562//
f 589// 562// 590//
f 591// 592// 593//
f 474// 452// 475//
f 475// 452// 454//
f 475// 454// 594//
f 594// 454// 563//
f 594// 563// 595//
f 595// 563// 564//
f 595// 564// 596//
f 596// 564// 565//
f 596// 565// 597//
f 598// 599// 600//
f 480// 440// 481//
f 481// 440// 442//
f 481// 442// 601//
f 601// 442// 566//
f 601// 566// 602//
f 602// 566// 567//
f 602// 567// 603//
f 603// 567// 568//
f 603// 568// 604//
f 605// 606// 607//
f 487// 431// 488//
f 488// 431// 433//
f 488// 433// 608//
f 608// 433// 569//
f 608// 569// 609//
f 609// 569// 570//
f 609// 570// 610//
f 610// 570// 571//
f 610// 571// 611//
f 612// 613// 614//
f 493// 419// 494//
f 494// 419// 421//
f 494// 421// 615//
f 615// 421// 572//
f 615// 572// 616//
f 616// 572// 573//
f 616// 573// 617//
f 617// 573// 574//
f 617// 574// 618//
f 619// 620// 621//
f 500// 410// 501//
f 501// 410// 412//
f 501// 412// 622//
f 622// 412// 575//
f 622// 575// 623//
f 623// 575// 576//
f 623// 576// 624//
f 624// 576// 577//
f 624// 577// 625//
f 626// 627// 628//
f 507// 401// 508//
f 508// 401// 403//
f 508// 403// 629//
f 629// 403// 578//
f 629// 578// 630//
f 630// 578// 579//
f 630// 579// 631//
f 631// 579// 580//
f 631// 580// 632//
f 633// 634// 635//
f 514// 392// 515//
f 515// 392// 394//
f 515// 394// 636//
f 636// 394// 581//
f 636// 581// 637//
f 637// 581// 582//
f 637// 582// 638//
f 638// 582// 583//
f 638// 583// 639//
f 640// 641// 642//
f 363// 584// 643//
f 643// 584// 585//
f 643// 585// 644//
f 644// 585// 586//
f 644// 586// 645//
f 645// 586// 523//
f 645// 523// 526//
f 526// 523// 525//
f 526// 525// 527//
f 376// 646// 647//
f 375// 648// 649//
f 649// 648// 650//
f 649// 650// 651//
f 651// 650// 652//
f 651// 652// 653//
f 653// 652// 654//
f 653// 654// 655//
f 656// 592// 657//
f 657// 592// 591//
f 657// 591// 658//
f 180// 179// 659//
f 659// 179// 658//
f 659// 658// 660//
f 660// 658// 591//
f 660// 591// 661//
f 661// 591// 593//
f 661// 593// 662//
f 456// 663// 457//
f 457// 663// 664//
f 457// 664// 665//
f 665// 664// 666//
f 665// 666// 667//
f 667// 666// 668//
f 667// 668// 669//
f 669// 668// 670//
f 669// 670// 671//
f 671// 670// 374//
f 672// 599// 673//
f 673// 599// 598//
f 673// 598// 674//
f 163// 162// 675//
f 675// 162// 674//
f 675// 674// 676//
f 676// 674// 598//
f 676// 598// 677//
f 677// 598// 600//
f 677// 600// 678//
f 679// 606// 680//
f 680// 606// 605//
f 680// 605// 681//
f 146// 145// 682//
f 682// 145// 681//
f 682// 681// 683//
f 683// 681// 605//
f 683// 605// 684//
f 684// 605// 607//
f 684// 607// 685//
f 435// 686// 436//
f 436// 686// 687//
f 436// 687// 688//
f 688// 687// 689//
f 688// 689// 690//
f 690// 689// 691//
f 690// 691// 692//
f 692// 691// 693//
f 692// 693// 694//
f 694// 693// 371//
f 695// 613// 696//
f 696// 613// 612//
f 696// 612// 697//
f 129// 128// 698//
f 698// 128// 697//
f 698// 697// 699//
f 699// 697// 612//
f 699// 612// 700//
f 700// 612// 614//
f 700// 614// 701//
f 702// 620// 703//
f 703// 620// 619//
f 703// 619// 704//
f 266// 265// 705//
f 705// 265// 704//
f 705// 704// 706//
f 706// 704// 619//
f 706// 619// 707//
f 707// 619// 621//
f 707// 621// 708//
f 709// 627// 710//
f 710// 627// 626//
f 710// 626// 711//
f 249// 248// 712//
f 712// 248// 711//
f 712// 711// 713//
f 713// 711// 626//
f 713// 626// 714//
f 714// 626// 628//
f 714// 628// 715//
f 716// 634// 717//
f 717// 634// 633//
f 717// 633// 718//
f 232// 231// 719//
f 719// 231// 718//
f 719// 718// 720//
f 720// 718// 633//
f 720// 633// 721//
f 721// 633// 635//
f 721// 635// 722//
f 396// 723// 397//
f 397// 723// 724//
f 397// 724// 725//
f 725// 724// 726//
f 725// 726// 727//
f 727// 726// 728//
f 727// 728// 729//
f 729// 728// 730//
f 729// 730// 731//
f 731// 730// 364//
f 732// 641// 733//
f 733// 641// 640//
f 733// 640// 734//
f 215// 214// 735//
f 735// 214// 734//
f 735// 734// 736//
f 736// 734// 640//
f 736// 640// 737//
f 737// 640// 642//
f 737// 642// 738//
f 739// 647// 740//
f 740// 647// 646//
f 740// 646// 741//
f 741// 646// 193//
f 741// 193// 198//
f 376// 196// 646//
f 646// 196// 194//
f 646// 194// 193//
f 191// 197// 648//
f 648// 197// 376//
f 648// 376// 650//
f 650// 376// 647//
f 650// 647// 652//
f 652// 647// 739//
f 652// 739// 654//
f 375// 188// 648//
f 648// 188// 192//
f 648// 192// 191//
f 186// 189// 590//
f 590// 189// 375//
f 590// 375// 589//
f 589// 375// 649//
f 589// 649// 588//
f 588// 649// 651//
f 588// 651// 587//
f 587// 651// 653//
f 587// 653// 469//
f 469// 653// 655//
f 469// 655// 467//
f 467// 655// 533//
f 471// 662// 472//
f 472// 662// 593//
f 472// 593// 535//
f 535// 593// 592//
f 535// 592// 562//
f 562// 592// 656//
f 562// 656// 590//
f 590// 656// 184//
f 590// 184// 186//
f 179// 177// 658//
f 658// 177// 176//
f 658// 176// 657//
f 657// 176// 181//
f 657// 181// 656//
f 656// 181// 183//
f 656// 183// 184//
f 174// 180// 671//
f 671// 180// 659//
f 671// 659// 669//
f 669// 659// 660//
f 669// 660// 667//
f 667// 660// 661//
f 667// 661// 665//
f 665// 661// 662//
f 665// 662// 457//
f 457// 662// 471//
f 457// 471// 455//
f 455// 471// 470//
f 374// 171// 671//
f 671// 171// 175//
f 671// 175// 174//
f 169// 172// 597//
f 597// 172// 374//
f 597// 374// 596//
f 596// 374// 670//
f 596// 670// 595//
f 595// 670// 668//
f 595// 668// 594//
f 594// 668// 666//
f 594// 666// 475//
f 475// 666// 664//
f 475// 664// 473//
f 473// 664// 663//
f 477// 678// 478//
f 478// 678// 600//
f 478// 600// 537//
f 537// 600// 599//
f 537// 599// 565//
f 565// 599// 672//
f 565// 672// 597//
f 597// 672// 167//
f 597// 167// 169//
f 162// 160// 674//
f 674// 160// 159//
f 674// 159// 673//
f 673// 159// 164//
f 673// 164// 672//
f 672// 164// 166//
f 672// 166// 167//
f 157// 163// 373//
f 373// 163// 675//
f 373// 675// 742//
f 742// 675// 676//
f 742// 676// 743//
f 743// 676// 677//
f 743// 677// 744//
f 744// 677// 678//
f 744// 678// 445//
f 445// 678// 477//
f 445// 477// 443//
f 443// 477// 476//
f 154// 158// 372//
f 372// 158// 373//
f 372// 373// 745//
f 745// 373// 742//
f 745// 742// 746//
f 746// 742// 743//
f 746// 743// 747//
f 747// 743// 744//
f 747// 744// 748//
f 748// 744// 445//
f 748// 445// 749//
f 749// 445// 444//
f 152// 155// 604//
f 604// 155// 372//
f 604// 372// 603//
f 603// 372// 745//
f 603// 745// 602//
f 602// 745// 746//
f 602// 746// 601//
f 601// 746// 747//
f 601// 747// 481//
f 481// 747// 748//
f 481// 748// 479//
f 479// 748// 749//
f 484// 685// 485//
f 485// 685// 607//
f 485// 607// 541//
f 541// 607// 606//
f 541// 606// 568//
f 568// 606// 679//
f 568// 679// 604//
f 604// 679// 150//
f 604// 150// 152//
f 145// 143// 681//
f 681// 143// 142//
f 681// 142// 680//
f 680// 142// 147//
f 680// 147// 679//
f 679// 147// 149//
f 679// 149// 150//
f 140// 146// 694//
f 694// 146// 682//
f 694// 682// 692//
f 692// 682// 683//
f 692// 683// 690//
f 690// 683// 684//
f 690// 684// 688//
f 688// 684// 685//
f 688// 685// 436//
f 436// 685// 484//
f 436// 484// 434//
f 434// 484// 483//
f 371// 137// 694//
f 694// 137// 141//
f 694// 141// 140//
f 135// 138// 611//
f 611// 138// 371//
f 611// 371// 610//
f 610// 371// 693//
f 610// 693// 609//
f 609// 693// 691//
f 609// 691// 608//
f 608// 691// 689//
f 608// 689// 488//
f 488// 689// 687//
f 488// 687// 486//
f 486// 687// 686//
f 490// 701// 491//
f 491// 701// 614//
f 491// 614// 543//
f 543// 614// 613//
f 543// 613// 571//
f 571// 613// 695//
f 571// 695// 611//
f 611// 695// 133//
f 611// 133// 135//
f 128// 126// 697//
f 697// 126// 125//
f 697// 125// 696//
f 696// 125// 130//
f 696// 130// 695//
f 695// 130// 132//
f 695// 132// 133//
f 122// 129// 370//
f 370// 129// 698//
f 370// 698// 750//
f 750// 698// 699//
f 750// 699// 751//
f 751// 699// 700//
f 751// 700// 752//
f 752// 700// 701//
f 752// 701// 424//
f 424// 701// 490//
f 424// 490// 422//
f 422// 490// 489//
f 274// 273// 369//
f 369// 273// 370//
f 369// 370// 753//
f 753// 370// 750//
f 753// 750// 754//
f 754// 750// 751//
f 754// 751// 755//
f 755// 751// 752//
f 755// 752// 756//
f 756// 752// 424//
f 756// 424// 757//
f 757// 424// 423//
f 272// 275// 618//
f 618// 275// 369//
f 618// 369// 617//
f 617// 369// 753//
f 617// 753// 616//
f 616// 753// 754//
f 616// 754// 615//
f 615// 754// 755//
f 615// 755// 494//
f 494// 755// 756//
f 494// 756// 492//
f 492// 756// 757//
f 497// 708// 498//
f 498// 708// 621//
f 498// 621// 547//
f 547// 621// 620//
f 547// 620// 574//
f 574// 620// 702//
f 574// 702// 618//
f 618// 702// 270//
f 618// 270// 272//
f 265// 263// 704//
f 704// 263// 262//
f 704// 262// 703//
f 703// 262// 267//
f 703// 267// 702//
f 702// 267// 269//
f 702// 269// 270//
f 260// 266// 368//
f 368// 266// 705//
f 368// 705// 758//
f 758// 705// 706//
f 758// 706// 759//
f 759// 706// 707//
f 759// 707// 760//
f 760// 707// 708//
f 760// 708// 415//
f 415// 708// 497//
f 415// 497// 413//
f 413// 497// 496//
f 257// 261// 367//
f 367// 261// 368//
f 367// 368// 761//
f 761// 368// 758//
f 761// 758// 762//
f 762// 758// 759//
f 762// 759// 763//
f 763// 759// 760//
f 763// 760// 764//
f 764// 760// 415//
f 764// 415// 765//
f 765// 415// 414//
f 255// 258// 625//
f 625// 258// 367//
f 625// 367// 624//
f 624// 367// 761//
f 624// 761// 623//
f 623// 761// 762//
f 623// 762// 622//
f 622// 762// 763//
f 622// 763// 501//
f 501// 763// 764//
f 501// 764// 499//
f 499// 764// 765//
f 504// 715// 505//
f 505// 715// 628//
f 505// 628// 551//
f 551// 628// 627//
f 551// 627// 577//
f 577// 627// 709//
f 577// 709// 625//
f 625// 709// 253//
f 625// 253// 255//
f 248// 246// 711//
f 711// 246// 245//
f 711// 245// 710//
f 710// 245// 250//
f 710// 250// 709//
f 709// 250// 252//
f 709// 252// 253//
f 243// 249// 366//
f 366// 249// 712//
f 366// 712// 766//
f 766// 712// 713//
f 766// 713// 767//
f 767// 713// 714//
f 767// 714// 768//
f 768// 714// 715//
f 768// 715// 406//
f 406// 715// 504//
f 406// 504// 404//
f 404// 504// 503//
f 240// 244// 365//
f 365// 244// 366//
f 365// 366// 769//
f 769// 366// 766//
f 769// 766// 770//
f 770// 766// 767//
f 770// 767// 771//
f 771// 767// 768//
f 771// 768// 772//
f 772// 768// 406//
f 772// 406// 773//
f 773// 406// 405//
f 238// 241// 632//
f 632// 241// 365//
f 632// 365// 631//
f 631// 365// 769//
f 631// 769// 630//
f 630// 769// 770//
f 630// 770// 629//
f 629// 770// 771//
f 629// 771// 508//
f 508// 771// 772//
f 508// 772// 506//
f 506// 772// 773//
f 511// 722// 512//
f 512// 722// 635//
f 512// 635// 555//
f 555// 635// 634//
f 555// 634// 580//
f 580// 634// 716//
f 580// 716// 632//
f 632// 716// 236//
f 632// 236// 238//
f 231// 229// 718//
f 718// 229// 228//
f 718// 228// 717//
f 717// 228// 233//
f 717// 233// 716//
f 716// 233// 235//
f 716// 235// 236//
f 226// 232// 731//
f 731// 232// 719//
f 731// 719// 729//
f 729// 719// 720//
f 729// 720// 727//
f 727// 720// 721//
f 727// 721// 725//
f 725// 721// 722//
f 725// 722// 397//
f 397// 722// 511//
f 397// 511// 395//
f 395// 511// 510//
f 364// 223// 731//
f 731// 223// 227//
f 731// 227// 226//
f 221// 224// 639//
f 639// 224// 364//
f 639// 364// 638//
f 638// 364// 730//
f 638// 730// 637//
f 637// 730// 728//
f 637// 728// 636//
f 636// 728// 726//
f 636// 726// 515//
f 515// 726// 724//
f 515// 724// 513//
f 513// 724// 723//
f 517// 738// 518//
f 518// 738// 642//
f 518// 642// 557//
f 557// 642// 641//
f 557// 641// 583//
f 583// 641// 732//
f 583// 732// 639//
f 639// 732// 219//
f 639// 219// 221//
f 214// 212// 734//
f 734// 212// 211//
f 734// 211// 733//
f 733// 211// 216//
f 733// 216// 732//
f 732// 216// 218//
f 732// 218// 219//
f 209// 215// 363//
f 363// 215// 735//
f 363// 735// 584//
f 584// 735// 736//
f 584// 736// 558//
f 558// 736// 737//
f 558// 737// 379//
f 379// 737// 738//
f 379// 738// 377//
f 377// 738// 517//
f 377// 517// 522//
f 522// 517// 516//
f 528// 530// 526//
f 526// 530// 774//
f 526// 774// 645//
f 645// 774// 775//
f 645// 775// 644//
f 644// 775// 776//
f 644// 776// 643//
f 643// 776// 777//
f 643// 777// 363//
f 363// 777// 206//
f 363// 206// 210//
f 778// 204// 207//
f 380// 382// 530//
f 530// 382// 779//
f 530// 779// 774//
f 774// 779// 780//
f 774// 780// 775//
f 775// 780// 781//
f 775// 781// 776//
f 776// 781// 778//
f 776// 778// 777//
f 777// 778// 207//
f 777// 207// 206//
f 381// 532// 382//
f 382// 532// 782//
f 382// 782// 779//
f 779// 782// 783//
f 779// 783// 780//
f 780// 783// 784//
f 780// 784// 781//
f 781// 784// 362//
f 781// 362// 778//
f 778// 362// 202//
f 778// 202// 204//
f 533// 655// 532//
f 532// 655// 654//
f 532// 654// 782//
f 782// 654// 739//
f 782// 739// 783//
f 783// 739// 740//
f 783// 740// 784//
f 784// 740// 741//
f 784// 741// 362//
f 362// 741// 198//
f 362// 198// 200//
f 785// 786// 787//
f 788// 789// 787//
f 787// 789// 790//
f 786// 791// 787//
f 787// 791// 792//
f 787// 792// 793//
f 790// 794// 787//
f 787// 794// 795//
f 787// 795// 796//
f 797// 798// 799//
f 796// 800// 787//
f 787// 800// 801//
f 787// 801// 802//
f 803// 804// 787//
f 787// 804// 805//
f 787// 805// 806//
f 807// 808// 787//
f 787// 808// 809//
f 787// 809// 797//
f 799// 810// 797//
f 797// 810// 811//
f 797// 811// 812//
f 802// 813// 787//
f 787// 813// 814//
f 787// 814// 803//
f 793// 815// 787//
f 787// 815// 816//
f 787// 816// 817//
f 817// 818// 787//
f 787// 818// 819//
f 787// 819// 807//
f 812// 820// 797//
f 797// 820// 821//
f 797// 821// 787//
f 787// 822// 823//
f 806// 824// 787//
f 787// 824// 825//
f 787// 825// 822//
f 823// 826// 787//
f 787// 826// 827//
f 787// 827// 785//
f 828// 417// 829//
f 829// 417// 416//
f 829// 416// 830//
f 830// 416// 495//
f 830// 495// 831//
f 831// 495// 544//
f 831// 544// 832//
f 832// 544// 420//
f 832// 420// 833//
f 833// 420// 419//
f 833// 419// 834//
f 834// 419// 493//
f 834// 493// 835//
f 835// 493// 492//
f 835// 492// 836//
f 836// 492// 757//
f 836// 757// 837//
f 837// 757// 423//
f 837// 423// 838//
f 838// 423// 422//
f 838// 422// 839//
f 839// 422// 489//
f 839// 489// 840//
f 840// 489// 426//
f 840// 426// 841//
f 841// 426// 425//
f 841// 425// 842//
f 842// 425// 429//
f 842// 429// 843//
f 843// 429// 428//
f 843// 428// 844//
f 844// 428// 432//
f 844// 432// 845//
f 845// 432// 431//
f 845// 431// 846//
f 846// 431// 487//
f 846// 487// 847//
f 847// 487// 486//
f 847// 486// 848//
f 848// 486// 686//
f 848// 686// 849//
f 849// 686// 435//
f 849// 435// 850//
f 850// 435// 434//
f 850// 434// 851//
f 851// 434// 483//
f 851// 483// 852//
f 852// 483// 438//
f 852// 438// 853//
f 853// 438// 437//
f 853// 437// 854//
f 854// 437// 482//
f 854// 482// 855//
f 855// 482// 538//
f 855// 538// 856//
f 856// 538// 441//
f 856// 441// 857//
f 857// 441// 440//
f 857// 440// 858//
f 858// 440// 480//
f 858// 480// 859//
f 859// 480// 479//
f 859// 479// 860//
f 860// 479// 749//
f 860// 749// 861//
f 861// 749// 444//
f 861// 444// 862//
f 862// 444// 443//
f 862// 443// 863//
f 863// 443// 476//
f 863// 476// 864//
f 864// 476// 447//
f 864// 447// 865//
f 865// 447// 446//
f 865// 446// 866//
f 866// 446// 450//
f 866// 450// 867//
f 867// 450// 449//
f 867// 449// 868//
f 868// 449// 453//
f 868// 453// 869//
f 869// 453// 452//
f 869// 452// 870//
f 870// 452// 474//
f 870// 474// 871//
f 871// 474// 473//
f 871// 473// 872//
f 872// 473// 663//
f 872// 663// 873//
f 873// 663// 456//
f 873// 456// 874//
f 874// 456// 455//
f 874// 455// 875//
f 875// 455// 470//
f 875// 470// 876//
f 876// 470// 459//
f 876// 459// 877//
f 877// 459// 458//
f 877// 458// 878//
f 878// 458// 462//
f 878// 462// 879//
f 879// 462// 461//
f 879// 461// 880//
f 880// 461// 465//
f 880// 465// 881//
f 881// 465// 464//
f 881// 464// 882//
f 882// 464// 468//
f 882// 468// 883//
f 883// 468// 467//
f 883// 467// 884//
f 884// 467// 533//
f 884// 533// 885//
f 885// 533// 531//
f 885// 531// 886//
f 886// 531// 381//
f 886// 381// 887//
f 887// 381// 380//
f 887// 380// 888//
f 888// 380// 529//
f 888// 529// 889//
f 889// 529// 528//
f 889// 528// 890//
f 890// 528// 527//
f 890// 527// 891//
f 891// 527// 525//
f 891// 525// 892//
f 892// 525// 524//
f 892// 524// 893//
f 893// 524// 384//
f 893// 384// 894//
f 894// 384// 383//
f 894// 383// 895//
f 895// 383// 519//
f 895// 519// 896//
f 896// 519// 520//
f 896// 520// 897//
f 897// 520// 521//
f 897// 521// 898//
f 898// 521// 522//
f 898// 522// 899//
f 899// 522// 516//
f 899// 516// 900//
f 900// 516// 387//
f 900// 387// 901//
f 901// 387// 386//
f 901// 386// 902//
f 902// 386// 390//
f 902// 390// 903//
f 903// 390// 389//
f 903// 389// 904//
f 904// 389// 393//
f 904// 393// 905//
f 905// 393// 392//
f 905// 392// 906//
f 906// 392// 514//
f 906// 514// 907//
f 907// 514// 513//
f 907// 513// 908//
f 908// 513// 723//
f 908// 723// 909//
f 909// 723// 396//
f 909// 396// 910//
f 910// 396// 395//
f 910// 395// 911//
f 911// 395// 510//
f 911// 510// 912//
f 912// 510// 399//
f 912// 399// 913//
f 913// 399// 398//
f 913// 398// 914//
f 914// 398// 509//
f 914// 509// 915//
f 915// 509// 552//
f 915// 552// 916//
f 916// 552// 402//
f 916// 402// 917//
f 917// 402// 401//
f 917// 401// 918//
f 918// 401// 507//
f 918// 507// 919//
f 919// 507// 506//
f 919// 506// 920//
f 920// 506// 773//
f 920// 773// 921//
f 921// 773// 405//
f 921// 405// 922//
f 922// 405// 404//
f 922// 404// 923//
f 923// 404// 503//
f 923// 503// 924//
f 924// 503// 408//
f 924// 408// 925//
f 925// 408// 407//
f 925// 407// 926//
f 926// 407// 502//
f 926// 502// 927//
f 927// 502// 548//
f 927// 548// 928//
f 928// 548// 411//
f 928// 411// 929//
f 929// 411// 410//
f 929// 410// 930//
f 930// 410// 500//
f 930// 500// 931//
f 931// 500// 499//
f 931// 499// 932//
f 932// 499// 765//
f 932// 765// 933//
f 933// 765// 414//
f 933// 414// 934//
f 934// 414// 413//
f 934// 413// 935//
f 935// 413// 496//
f 935// 496// 828//
f 828// 496// 417//
usemtl 1
f 28// 26// 323//
f 323// 26// 312//
f 12// 10// 317//
f 317// 10// 321//
f 27// 29// 111//
f 111// 29// 113//
f 109// 107// 11//
f 11// 107// 9//
f 27// 111// 14//
f 14// 111// 109//
f 14// 109// 11//
f 117// 115// 79//
f 79// 115// 77//
f 1// 6// 119//
f 119// 6// 121//
f 117// 79// 119//
f 119// 79// 2//
f 119// 2// 1//
usemtl 2
f 114// 936// 120//
f 120// 936// 937//
f 116// 938// 114//
f 114// 938// 939//
f 114// 939// 936//
f 940// 937// 939//
f 939// 937// 936//
f 941// 118// 940//
f 940// 118// 120//
f 940// 120// 937//
f 938// 116// 941//
f 941// 116// 118//
f 939// 938// 940//
f 940// 938// 941//
f 942// 943// 106//
f 106// 943// 112//
f 944// 110// 945//
f 945// 110// 112//
f 945// 112// 943//
f 946// 108// 944//
f 944// 108// 110//
f 108// 946// 106//
f 106// 946// 947//
f 106// 947// 942//
f 945// 943// 947//
f 947// 943// 942//
f 944// 945// 946//
f 946// 945// 947//
f 884// 885// 948//
f 887// 888// 949//
f 889// 890// 950//
f 894// 895// 951//
f 896// 897// 952//
f 899// 900// 953//
f 901// 902// 954//
f 906// 907// 955//
f 908// 909// 956//
f 911// 912// 957//
f 913// 914// 958//
f 918// 919// 959//
f 920// 921// 960//
f 923// 924// 961//
f 925// 926// 962//
f 930// 931// 963//
f 932// 933// 964//
f 935// 828// 965//
f 829// 830// 966//
f 834// 835// 967//
f 836// 837// 968//
f 839// 840// 969//
f 841// 842// 970//
f 846// 847// 971//
f 848// 849// 972//
f 851// 852// 973//
f 853// 854// 974//
f 858// 859// 975//
f 860// 861// 976//
f 863// 864// 977//
f 865// 866// 978//
f 870// 871// 979//
f 872// 873// 980//
f 875// 876// 981//
f 877// 878// 982//
f 882// 883// 983//
f 788// 787// 984//
f 985// 986// 987//
f 988// 989// 990//
f 991// 992// 993//
f 994// 995// 996//
f 997// 998// 999//
f 1000// 1001// 1002//
f 1003// 1004// 1005//
f 1006// 1007// 1008//
f 1009// 1010// 1011//
f 1012// 1013// 1014//
f 1015// 1016// 1017//
f 1018// 1019// 1020//
f 789// 1021// 1022//
f 789// 1022// 790//
f 1009// 1011// 1023//
f 991// 993// 1024//
f 1025// 1026// 1027//
f 1027// 1026// 1028//
f 1027// 1028// 1029//
f 1029// 1028// 1030//
f 1029// 1030// 1031//
f 1031// 1030// 1032//
f 1031// 1032// 1033//
f 1033// 1032// 982//
f 1034// 1035// 1036//
f 1036// 1035// 1037//
f 1036// 1037// 1038//
f 1038// 1037// 1039//
f 1038// 1039// 1040//
f 1040// 1039// 1041//
f 1040// 1041// 1042//
f 1042// 1041// 978//
f 1043// 1044// 1045//
f 1045// 1044// 1046//
f 1045// 1046// 1047//
f 1047// 1046// 1048//
f 1047// 1048// 1049//
f 1049// 1048// 1050//
f 1049// 1050// 1051//
f 1051// 1050// 974//
f 1019// 1015// 1020//
f 1020// 1015// 1017//
f 1020// 1017// 1052//
f 1052// 1017// 1053//
f 1052// 1053// 1054//
f 1054// 1053// 1055//
f 1054// 1055// 1056//
f 1056// 1055// 1057//
f 1056// 1057// 1058//
f 1058// 1057// 970//
f 1007// 1003// 1008//
f 1008// 1003// 1005//
f 1008// 1005// 1059//
f 1059// 1005// 1060//
f 1059// 1060// 1061//
f 1061// 1060// 1062//
f 1061// 1062// 1063//
f 1063// 1062// 1064//
f 1063// 1064// 1065//
f 1065// 1064// 966//
f 1066// 1024// 1067//
f 1067// 1024// 993//
f 1067// 993// 1068//
f 1068// 993// 1069//
f 1068// 1069// 1070//
f 1070// 1069// 1071//
f 1070// 1071// 1072//
f 1072// 1071// 1073//
f 1072// 1073// 1074//
f 1074// 1073// 962//
f 821// 820// 1075//
f 1075// 820// 1076//
f 1075// 1076// 1077//
f 1077// 1076// 1078//
f 1077// 1078// 1079//
f 1079// 1078// 1080//
f 1079// 1080// 1081//
f 1081// 1080// 1082//
f 1081// 1082// 1083//
f 1083// 1082// 958//
f 797// 809// 1084//
f 1084// 809// 1085//
f 1084// 1085// 1086//
f 1086// 1085// 1087//
f 1086// 1087// 1088//
f 1088// 1087// 1089//
f 1088// 1089// 1090//
f 1090// 1089// 1091//
f 1090// 1091// 1092//
f 1092// 1091// 954//
f 816// 815// 1093//
f 1093// 815// 1094//
f 1093// 1094// 1095//
f 1095// 1094// 1096//
f 1095// 1096// 1097//
f 1097// 1096// 1098//
f 1097// 1098// 1099//
f 1099// 1098// 1100//
f 1099// 1100// 1101//
f 1101// 1100// 950//
f 881// 882// 1102//
f 1102// 882// 983//
f 1102// 983// 1103//
f 1103// 983// 1104//
f 1103// 1104// 1105//
f 1105// 1104// 1106//
f 1105// 1106// 1107//
f 1107// 1106// 1108//
f 1107// 1108// 1109//
f 1109// 1108// 1110//
f 1109// 1025// 1107//
f 1107// 1025// 1027//
f 1107// 1027// 1105//
f 1105// 1027// 1029//
f 1105// 1029// 1103//
f 1103// 1029// 1031//
f 1103// 1031// 1102//
f 1102// 1031// 1033//
f 1102// 1033// 881//
f 881// 1033// 880//
f 982// 878// 1033//
f 1033// 878// 879//
f 1033// 879// 880//
f 1026// 1111// 1028//
f 1028// 1111// 1112//
f 1028// 1112// 1030//
f 1030// 1112// 1113//
f 1030// 1113// 1032//
f 1032// 1113// 1114//
f 1032// 1114// 982//
f 982// 1114// 981//
f 982// 981// 877//
f 877// 981// 876//
f 874// 875// 1115//
f 1115// 875// 981//
f 1115// 981// 1116//
f 1116// 981// 1114//
f 1116// 1114// 1117//
f 1117// 1114// 1113//
f 1117// 1113// 1118//
f 1118// 1113// 1112//
f 1118// 1112// 1119//
f 1119// 1112// 1111//
f 1119// 1120// 1118//
f 1118// 1120// 1121//
f 1118// 1121// 1117//
f 1117// 1121// 1122//
f 1117// 1122// 1116//
f 1116// 1122// 1123//
f 1116// 1123// 1115//
f 1115// 1123// 980//
f 1115// 980// 874//
f 874// 980// 873//
f 1120// 1124// 1121//
f 1121// 1124// 1125//
f 1121// 1125// 1122//
f 1122// 1125// 1126//
f 1122// 1126// 1123//
f 1123// 1126// 1127//
f 1123// 1127// 980//
f 980// 1127// 979//
f 980// 979// 872//
f 872// 979// 871//
f 869// 870// 1128//
f 1128// 870// 979//
f 1128// 979// 1129//
f 1129// 979// 1127//
f 1129// 1127// 1130//
f 1130// 1127// 1126//
f 1130// 1126// 1131//
f 1131// 1126// 1125//
f 1131// 1125// 1132//
f 1132// 1125// 1124//
f 1132// 1034// 1131//
f 1131// 1034// 1036//
f 1131// 1036// 1130//
f 1130// 1036// 1038//
f 1130// 1038// 1129//
f 1129// 1038// 1040//
f 1129// 1040// 1128//
f 1128// 1040// 1042//
f 1128// 1042// 869//
f 869// 1042// 868//
f 978// 866// 1042//
f 1042// 866// 867//
f 1042// 867// 868//
f 1035// 1133// 1037//
f 1037// 1133// 1134//
f 1037// 1134// 1039//
f 1039// 1134// 1135//
f 1039// 1135// 1041//
f 1041// 1135// 1136//
f 1041// 1136// 978//
f 978// 1136// 977//
f 978// 977// 865//
f 865// 977// 864//
f 862// 863// 1137//
f 1137// 863// 977//
f 1137// 977// 1138//
f 1138// 977// 1136//
f 1138// 1136// 1139//
f 1139// 1136// 1135//
f 1139// 1135// 1140//
f 1140// 1135// 1134//
f 1140// 1134// 1141//
f 1141// 1134// 1133//
f 1141// 1142// 1140//
f 1140// 1142// 1143//
f 1140// 1143// 1139//
f 1139// 1143// 1144//
f 1139// 1144// 1138//
f 1138// 1144// 1145//
f 1138// 1145// 1137//
f 1137// 1145// 976//
f 1137// 976// 862//
f 862// 976// 861//
f 1142// 1146// 1143//
f 1143// 1146// 1147//
f 1143// 1147// 1144//
f 1144// 1147// 1148//
f 1144// 1148// 1145//
f 1145// 1148// 1149//
f 1145// 1149// 976//
f 976// 1149// 975//
f 976// 975// 860//
f 860// 975// 859//
f 857// 858// 1150//
f 1150// 858// 975//
f 1150// 975// 1151//
f 1151// 975// 1149//
f 1151// 1149// 1152//
f 1152// 1149// 1148//
f 1152// 1148// 1153//
f 1153// 1148// 1147//
f 1153// 1147// 1154//
f 1154// 1147// 1146//
f 1154// 1043// 1153//
f 1153// 1043// 1045//
f 1153// 1045// 1152//
f 1152// 1045// 1047//
f 1152// 1047// 1151//
f 1151// 1047// 1049//
f 1151// 1049// 1150//
f 1150// 1049// 1051//
f 1150// 1051// 857//
f 857// 1051// 856//
f 974// 854// 1051//
f 1051// 854// 855//
f 1051// 855// 856//
f 852// 853// 973//
f 973// 853// 974//
f 973// 974// 1155//
f 1155// 974// 1050//
f 1155// 1050// 1156//
f 1156// 1050// 1048//
f 1156// 1048// 1157//
f 1157// 1048// 1046//
f 1157// 1046// 1158//
f 1158// 1046// 1044//
f 850// 851// 1159//
f 1159// 851// 973//
f 1159// 973// 1160//
f 1160// 973// 1155//
f 1160// 1155// 1161//
f 1161// 1155// 1156//
f 1161// 1156// 1162//
f 1162// 1156// 1157//
f 1162// 1157// 1163//
f 1163// 1157// 1158//
f 1163// 1164// 1162//
f 1162// 1164// 1165//
f 1162// 1165// 1161//
f 1161// 1165// 1166//
f 1161// 1166// 1160//
f 1160// 1166// 1167//
f 1160// 1167// 1159//
f 1159// 1167// 972//
f 1159// 972// 850//
f 850// 972// 849//
f 847// 848// 971//
f 971// 848// 972//
f 971// 972// 1168//
f 1168// 972// 1167//
f 1168// 1167// 1169//
f 1169// 1167// 1166//
f 1169// 1166// 1170//
f 1170// 1166// 1165//
f 1170// 1165// 1022//
f 1022// 1165// 1164//
f 1022// 1164// 790//
f 790// 1164// 1163//
f 790// 1163// 794//
f 794// 1163// 1158//
f 794// 1158// 795//
f 795// 1158// 1044//
f 795// 1044// 796//
f 796// 1044// 1043//
f 796// 1043// 800//
f 800// 1043// 1154//
f 800// 1154// 801//
f 801// 1154// 1146//
f 801// 1146// 802//
f 802// 1146// 1142//
f 802// 1142// 813//
f 813// 1142// 1141//
f 813// 1141// 814//
f 814// 1141// 1133//
f 814// 1133// 803//
f 803// 1133// 1035//
f 803// 1035// 804//
f 804// 1035// 1034//
f 804// 1034// 805//
f 805// 1034// 1132//
f 805// 1132// 806//
f 806// 1132// 1124//
f 806// 1124// 824//
f 824// 1124// 1120//
f 824// 1120// 825//
f 825// 1120// 1119//
f 825// 1119// 822//
f 822// 1119// 1111//
f 822// 1111// 823//
f 823// 1111// 1026//
f 823// 1026// 826//
f 826// 1026// 1025//
f 826// 1025// 827//
f 827// 1025// 1109//
f 827// 1109// 785//
f 785// 1109// 1110//
f 785// 1110// 786//
f 845// 846// 1171//
f 1171// 846// 971//
f 1171// 971// 1172//
f 1172// 971// 1168//
f 1172// 1168// 1173//
f 1173// 1168// 1169//
f 1173// 1169// 1174//
f 1174// 1169// 1170//
f 1174// 1170// 1175//
f 1175// 1170// 1022//
f 1175// 1022// 1176//
f 1176// 1022// 1021//
f 1176// 1018// 1175//
f 1175// 1018// 1020//
f 1175// 1020// 1174//
f 1174// 1020// 1052//
f 1174// 1052// 1173//
f 1173// 1052// 1054//
f 1173// 1054// 1172//
f 1172// 1054// 1056//
f 1172// 1056// 1171//
f 1171// 1056// 1058//
f 1171// 1058// 845//
f 845// 1058// 844//
f 970// 842// 1058//
f 1058// 842// 843//
f 1058// 843// 844//
f 1016// 1177// 1017//
f 1017// 1177// 1178//
f 1017// 1178// 1053//
f 1053// 1178// 1179//
f 1053// 1179// 1055//
f 1055// 1179// 1180//
f 1055// 1180// 1057//
f 1057// 1180// 1181//
f 1057// 1181// 970//
f 970// 1181// 969//
f 970// 969// 841//
f 841// 969// 840//
f 838// 839// 1182//
f 1182// 839// 969//
f 1182// 969// 1183//
f 1183// 969// 1181//
f 1183// 1181// 1184//
f 1184// 1181// 1180//
f 1184// 1180// 1185//
f 1185// 1180// 1179//
f 1185// 1179// 1014//
f 1014// 1179// 1178//
f 1014// 1178// 1012//
f 1012// 1178// 1177//
f 1013// 1186// 1014//
f 1014// 1186// 1187//
f 1014// 1187// 1185//
f 1185// 1187// 1188//
f 1185// 1188// 1184//
f 1184// 1188// 1189//
f 1184// 1189// 1183//
f 1183// 1189// 1190//
f 1183// 1190// 1182//
f 1182// 1190// 968//
f 1182// 968// 838//
f 838// 968// 837//
f 1186// 1023// 1187//
f 1187// 1023// 1011//
f 1187// 1011// 1188//
f 1188// 1011// 1191//
f 1188// 1191// 1189//
f 1189// 1191// 1192//
f 1189// 1192// 1190//
f 1190// 1192// 1193//
f 1190// 1193// 968//
f 968// 1193// 967//
f 968// 967// 836//
f 836// 967// 835//
f 833// 834// 1194//
f 1194// 834// 967//
f 1194// 967// 1195//
f 1195// 967// 1193//
f 1195// 1193// 1196//
f 1196// 1193// 1192//
f 1196// 1192// 1197//
f 1197// 1192// 1191//
f 1197// 1191// 1198//
f 1198// 1191// 1011//
f 1198// 1011// 1199//
f 1199// 1011// 1010//
f 1199// 1006// 1198//
f 1198// 1006// 1008//
f 1198// 1008// 1197//
f 1197// 1008// 1059//
f 1197// 1059// 1196//
f 1196// 1059// 1061//
f 1196// 1061// 1195//
f 1195// 1061// 1063//
f 1195// 1063// 1194//
f 1194// 1063// 1065//
f 1194// 1065// 833//
f 833// 1065// 832//
f 966// 830// 1065//
f 1065// 830// 831//
f 1065// 831// 832//
f 828// 829// 965//
f 965// 829// 966//
f 965// 966// 1200//
f 1200// 966// 1064//
f 1200// 1064// 1201//
f 1201// 1064// 1062//
f 1201// 1062// 1202//
f 1202// 1062// 1060//
f 1202// 1060// 1203//
f 1203// 1060// 1005//
f 1203// 1005// 1204//
f 1204// 1005// 1004//
f 934// 935// 1205//
f 1205// 935// 965//
f 1205// 965// 1206//
f 1206// 965// 1200//
f 1206// 1200// 1207//
f 1207// 1200// 1201//
f 1207// 1201// 1208//
f 1208// 1201// 1202//
f 1208// 1202// 1002//
f 1002// 1202// 1203//
f 1002// 1203// 1000//
f 1000// 1203// 1204//
f 1001// 997// 1002//
f 1002// 997// 999//
f 1002// 999// 1208//
f 1208// 999// 1209//
f 1208// 1209// 1207//
f 1207// 1209// 1210//
f 1207// 1210// 1206//
f 1206// 1210// 1211//
f 1206// 1211// 1205//
f 1205// 1211// 964//
f 1205// 964// 934//
f 934// 964// 933//
f 998// 1212// 999//
f 999// 1212// 1213//
f 999// 1213// 1209//
f 1209// 1213// 1214//
f 1209// 1214// 1210//
f 1210// 1214// 1215//
f 1210// 1215// 1211//
f 1211// 1215// 1216//
f 1211// 1216// 964//
f 964// 1216// 963//
f 964// 963// 932//
f 932// 963// 931//
f 929// 930// 1217//
f 1217// 930// 963//
f 1217// 963// 1218//
f 1218// 963// 1216//
f 1218// 1216// 1219//
f 1219// 1216// 1215//
f 1219// 1215// 1220//
f 1220// 1215// 1214//
f 1220// 1214// 996//
f 996// 1214// 1213//
f 996// 1213// 994//
f 994// 1213// 1212//
f 995// 1066// 996//
f 996// 1066// 1067//
f 996// 1067// 1220//
f 1220// 1067// 1068//
f 1220// 1068// 1219//
f 1219// 1068// 1070//
f 1219// 1070// 1218//
f 1218// 1070// 1072//
f 1218// 1072// 1217//
f 1217// 1072// 1074//
f 1217// 1074// 929//
f 929// 1074// 928//
f 962// 926// 1074//
f 1074// 926// 927//
f 1074// 927// 928//
f 924// 925// 961//
f 961// 925// 962//
f 961// 962// 1221//
f 1221// 962// 1073//
f 1221// 1073// 1222//
f 1222// 1073// 1071//
f 1222// 1071// 1223//
f 1223// 1071// 1069//
f 1223// 1069// 1224//
f 1224// 1069// 993//
f 1224// 993// 1225//
f 1225// 993// 992//
f 922// 923// 1226//
f 1226// 923// 961//
f 1226// 961// 1227//
f 1227// 961// 1221//
f 1227// 1221// 1228//
f 1228// 1221// 1222//
f 1228// 1222// 1229//
f 1229// 1222// 1223//
f 1229// 1223// 990//
f 990// 1223// 1224//
f 990// 1224// 988//
f 988// 1224// 1225//
f 989// 985// 990//
f 990// 985// 987//
f 990// 987// 1229//
f 1229// 987// 1230//
f 1229// 1230// 1228//
f 1228// 1230// 1231//
f 1228// 1231// 1227//
f 1227// 1231// 1232//
f 1227// 1232// 1226//
f 1226// 1232// 960//
f 1226// 960// 922//
f 922// 960// 921//
f 986// 1233// 987//
f 987// 1233// 1234//
f 987// 1234// 1230//
f 1230// 1234// 1235//
f 1230// 1235// 1231//
f 1231// 1235// 1236//
f 1231// 1236// 1232//
f 1232// 1236// 1237//
f 1232// 1237// 960//
f 960// 1237// 959//
f 960// 959// 920//
f 920// 959// 919//
f 917// 918// 1238//
f 1238// 918// 959//
f 1238// 959// 1239//
f 1239// 959// 1237//
f 1239// 1237// 1240//
f 1240// 1237// 1236//
f 1240// 1236// 1241//
f 1241// 1236// 1235//
f 1241// 1235// 984//
f 984// 1235// 1234//
f 984// 1234// 788//
f 788// 1234// 1233//
f 787// 821// 984//
f 984// 821// 1075//
f 984// 1075// 1241//
f 1241// 1075// 1077//
f 1241// 1077// 1240//
f 1240// 1077// 1079//
f 1240// 1079// 1239//
f 1239// 1079// 1081//
f 1239// 1081// 1238//
f 1238// 1081// 1083//
f 1238// 1083// 917//
f 917// 1083// 916//
f 958// 914// 1083//
f 1083// 914// 915//
f 1083// 915// 916//
f 912// 913// 957//
f 957// 913// 958//
f 957// 958// 1242//
f 1242// 958// 1082//
f 1242// 1082// 1243//
f 1243// 1082// 1080//
f 1243// 1080// 1244//
f 1244// 1080// 1078//
f 1244// 1078// 1245//
f 1245// 1078// 1076//
f 1245// 1076// 812//
f 812// 1076// 820//
f 910// 911// 1246//
f 1246// 911// 957//
f 1246// 957// 1247//
f 1247// 957// 1242//
f 1247// 1242// 1248//
f 1248// 1242// 1243//
f 1248// 1243// 1249//
f 1249// 1243// 1244//
f 1249// 1244// 1250//
f 1250// 1244// 1245//
f 1250// 1245// 811//
f 811// 1245// 812//
f 811// 810// 1250//
f 1250// 810// 1251//
f 1250// 1251// 1249//
f 1249// 1251// 1252//
f 1249// 1252// 1248//
f 1248// 1252// 1253//
f 1248// 1253// 1247//
f 1247// 1253// 1254//
f 1247// 1254// 1246//
f 1246// 1254// 956//
f 1246// 956// 910//
f 910// 956// 909//
f 810// 799// 1251//
f 1251// 799// 1255//
f 1251// 1255// 1252//
f 1252// 1255// 1256//
f 1252// 1256// 1253//
f 1253// 1256// 1257//
f 1253// 1257// 1254//
f 1254// 1257// 1258//
f 1254// 1258// 956//
f 956// 1258// 955//
f 956// 955// 908//
f 908// 955// 907//
f 905// 906// 1259//
f 1259// 906// 955//
f 1259// 955// 1260//
f 1260// 955// 1258//
f 1260// 1258// 1261//
f 1261// 1258// 1257//
f 1261// 1257// 1262//
f 1262// 1257// 1256//
f 1262// 1256// 1263//
f 1263// 1256// 1255//
f 1263// 1255// 798//
f 798// 1255// 799//
f 798// 797// 1263//
f 1263// 797// 1084//
f 1263// 1084// 1262//
f 1262// 1084// 1086//
f 1262// 1086// 1261//
f 1261// 1086// 1088//
f 1261// 1088// 1260//
f 1260// 1088// 1090//
f 1260// 1090// 1259//
f 1259// 1090// 1092//
f 1259// 1092// 905//
f 905// 1092// 904//
f 954// 902// 1092//
f 1092// 902// 903//
f 1092// 903// 904//
f 809// 808// 1085//
f 1085// 808// 1264//
f 1085// 1264// 1087//
f 1087// 1264// 1265//
f 1087// 1265// 1089//
f 1089// 1265// 1266//
f 1089// 1266// 1091//
f 1091// 1266// 1267//
f 1091// 1267// 954//
f 954// 1267// 953//
f 954// 953// 901//
f 901// 953// 900//
f 898// 899// 1268//
f 1268// 899// 953//
f 1268// 953// 1269//
f 1269// 953// 1267//
f 1269// 1267// 1270//
f 1270// 1267// 1266//
f 1270// 1266// 1271//
f 1271// 1266// 1265//
f 1271// 1265// 1272//
f 1272// 1265// 1264//
f 1272// 1264// 807//
f 807// 1264// 808//
f 807// 819// 1272//
f 1272// 819// 1273//
f 1272// 1273// 1271//
f 1271// 1273// 1274//
f 1271// 1274// 1270//
f 1270// 1274// 1275//
f 1270// 1275// 1269//
f 1269// 1275// 1276//
f 1269// 1276// 1268//
f 1268// 1276// 952//
f 1268// 952// 898//
f 898// 952// 897//
f 819// 818// 1273//
f 1273// 818// 1277//
f 1273// 1277// 1274//
f 1274// 1277// 1278//
f 1274// 1278// 1275//
f 1275// 1278// 1279//
f 1275// 1279// 1276//
f 1276// 1279// 1280//
f 1276// 1280// 952//
f 952// 1280// 951//
f 952// 951// 896//
f 896// 951// 895//
f 893// 894// 1281//
f 1281// 894// 951//
f 1281// 951// 1282//
f 1282// 951// 1280//
f 1282// 1280// 1283//
f 1283// 1280// 1279//
f 1283// 1279// 1284//
f 1284// 1279// 1278//
f 1284// 1278// 1285//
f 1285// 1278// 1277//
f 1285// 1277// 817//
f 817// 1277// 818//
f 817// 816// 1285//
f 1285// 816// 1093//
f 1285// 1093// 1284//
f 1284// 1093// 1095//
f 1284// 1095// 1283//
f 1283// 1095// 1097//
f 1283// 1097// 1282//
f 1282// 1097// 1099//
f 1282// 1099// 1281//
f 1281// 1099// 1101//
f 1281// 1101// 893//
f 893// 1101// 892//
f 950// 890// 1101//
f 1101// 890// 891//
f 1101// 891// 892//
f 815// 793// 1094//
f 1094// 793// 1286//
f 1094// 1286// 1096//
f 1096// 1286// 1287//
f 1096// 1287// 1098//
f 1098// 1287// 1288//
f 1098// 1288// 1100//
f 1100// 1288// 1289//
f 1100// 1289// 950//
f 950// 1289// 949//
f 950// 949// 889//
f 889// 949// 888//
f 886// 887// 1290//
f 1290// 887// 949//
f 1290// 949// 1291//
f 1291// 949// 1289//
f 1291// 1289// 1292//
f 1292// 1289// 1288//
f 1292// 1288// 1293//
f 1293// 1288// 1287//
f 1293// 1287// 1294//
f 1294// 1287// 1286//
f 1294// 1286// 792//
f 792// 1286// 793//
f 792// 791// 1294//
f 1294// 791// 1295//
f 1294// 1295// 1293//
f 1293// 1295// 1296//
f 1293// 1296// 1292//
f 1292// 1296// 1297//
f 1292// 1297// 1291//
f 1291// 1297// 1298//
f 1291// 1298// 1290//
f 1290// 1298// 948//
f 1290// 948// 886//
f 886// 948// 885//
f 791// 786// 1295//
f 1295// 786// 1110//
f 1295// 1110// 1296//
f 1296// 1110// 1108//
f 1296// 1108// 1297//
f 1297// 1108// 1106//
f 1297// 1106// 1298//
f 1298// 1106// 1104//
f 1298// 1104// 948//
f 948// 1104// 983//
f 948// 983// 884//
f 884// 983// 883//
usemtl 3
f 788// 1233// 1299//
f 1299// 1233// 986//
f 1299// 986// 1300//
f 988// 1301// 989//
f 989// 1301// 1300//
f 989// 1300// 985//
f 985// 1300// 986//
f 988// 1225// 1301//
f 1301// 1225// 992//
f 1301// 992// 1302//
f 994// 1303// 1304//
f 994// 1304// 995//
f 992// 991// 1302//
f 1302// 991// 1024//
f 1302// 1024// 1304//
f 1304// 1024// 1066//
f 1304// 1066// 995//
f 994// 1212// 1303//
f 1303// 1212// 998//
f 1303// 998// 1305//
f 1000// 1306// 1001//
f 1001// 1306// 1305//
f 1001// 1305// 997//
f 997// 1305// 998//
f 1000// 1204// 1306//
f 1306// 1204// 1004//
f 1306// 1004// 1307//
f 1006// 1308// 1007//
f 1007// 1308// 1307//
f 1007// 1307// 1003//
f 1003// 1307// 1004//
f 1006// 1199// 1308//
f 1308// 1199// 1010//
f 1308// 1010// 1309//
f 1012// 1310// 1311//
f 1012// 1311// 1013//
f 1010// 1009// 1309//
f 1309// 1009// 1023//
f 1309// 1023// 1311//
f 1311// 1023// 1186//
f 1311// 1186// 1013//
f 1012// 1177// 1310//
f 1310// 1177// 1016//
f 1310// 1016// 1312//
f 1018// 1313// 1019//
f 1019// 1313// 1312//
f 1019// 1312// 1015//
f 1015// 1312// 1016//
f 789// 1314// 1021//
f 1021// 1314// 1313//
f 1021// 1313// 1176//
f 1176// 1313// 1018//
f 1299// 1314// 788//
f 788// 1314// 789//
f 1314// 1299// 1300//
f 1307// 1308// 1314//
f 1307// 1314// 1306//
f 1300// 1301// 1314//
f 1314// 1301// 1302//
f 1314// 1302// 1304//
f 1304// 1303// 1314//
f 1314// 1303// 1305//
f 1314// 1305// 1306//
f 1308// 1309// 1314//
f 1314// 1309// 1311//
f 1314// 1311// 1313//
f 1313// 1311// 1310//
f 1313// 1310// 1312//
f 1315// 1316// 88//
f 88// 1316// 87//
f 1316// 1317// 87//
f 87// 1317// 86//
f 1317// 1318// 86//
f 86// 1318// 99//
f 1318// 1319// 99//
f 99// 1319// 98//
f 1319// 1320// 98//
f 98// 1320// 97//
f 1320// 1321// 97//
f 97// 1321// 80//
f 1321// 1322// 80//
f 80// 1322// 89//
f 1322// 1315// 89//
f 89// 1315// 88//
f 1323// 1319// 1324//
f 1324// 1319// 1318//
f 1325// 1322// 1323//
f 1323// 1322// 1321//
f 1323// 1321// 1319//
f 1319// 1321// 1320//
f 1325// 1326// 1322//
f 1322// 1326// 1327//
f 1322// 1327// 1315//
f 1315// 1327// 1328//
f 1315// 1328// 1329//
f 1329// 1330// 1315//
f 1315// 1330// 1324//
f 1315// 1324// 1316//
f 1316// 1324// 1318//
f 1316// 1318// 1317//
f 1323// 1324// 1331//
f 1331// 1324// 1332//
f 1325// 1323// 1333//
f 1333// 1323// 1331//
f 1325// 1333// 1334//
f 1325// 1334// 1326//
f 1326// 1334// 1335//
f 1326// 1335// 1327//
f 1328// 1327// 1336//
f 1336// 1327// 1335//
f 1328// 1336// 1337//
f 1328// 1337// 1329//
f 1329// 1337// 1338//
f 1329// 1338// 1330//
f 1324// 1330// 1332//
f 1332// 1330// 1338//
f 1339// 1340// 90//
f 90// 1340// 91//
f 1340// 1341// 91//
f 91// 1341// 92//
f 1341// 1342// 92//
f 92// 1342// 93//
f 1343// 104// 103//
f 1343// 103// 1344//
f 1344// 103// 96//
f 1344// 96// 1345//
f 1345// 96// 95//
f 1345// 95// 1346//
f 1346// 95// 94//
f 1346// 94// 1347//
f 1347// 94// 102//
f 1347// 102// 1348//
f 1348// 102// 101//
f 1348// 101// 1349//
f 1349// 101// 100//
f 1349// 100// 1350//
f 1350// 100// 93//
f 1350// 93// 1342//
f 1339// 90// 85//
f 1339// 85// 1351//
f 1351// 85// 84//
f 1351// 84// 1352//
f 1352// 84// 83//
f 1352// 83// 1353//
f 1353// 83// 82//
f 1353// 82// 1354//
f 1354// 82// 81//
f 1354// 81// 1355//
f 1355// 81// 105//
f 1355// 105// 1356//
f 1356// 105// 104//
f 1356// 104// 1343//
f 1345// 1346// 1357//
f 1357// 1346// 1347//
f 1357// 1347// 1358//
f 1358// 1347// 1348//
f 1358// 1348// 1359//
f 1359// 1348// 1349//
f 1359// 1349// 1360//
f 1360// 1349// 1350//
f 1360// 1350// 1361//
f 1361// 1350// 1342//
f 1361// 1342// 1362//
f 1362// 1342// 1341//
f 1362// 1341// 1363//
f 1363// 1341// 1340//
f 1363// 1340// 1364//
f 1364// 1340// 1339//
f 1364// 1339// 1365//
f 1365// 1339// 1351//
f 1365// 1351// 1366//
f 1366// 1351// 1352//
f 1366// 1352// 1367//
f 1367// 1352// 1353//
f 1367// 1353// 1368//
f 1368// 1353// 1354//
f 1368// 1354// 1369//
f 1369// 1354// 1355//
f 1369// 1355// 1370//
f 1370// 1355// 1356//
f 1370// 1356// 1371//
f 1371// 1356// 1343//
f 1371// 1343// 1372//
f 1372// 1343// 1344//
f 1372// 1344// 1373//
f 1373// 1344// 1345//
f 1373// 1345// 1357//
f 1361// 1362// 1374//
f 1374// 1362// 1375//
f 1361// 1374// 1376//
f 1361// 1376// 1360//
f 1360// 1376// 1377//
f 1360// 1377// 1359//
f 1359// 1377// 1378//
f 1359// 1378// 1358//
f 1358// 1378// 1379//
f 1358// 1379// 1357//
f 1357// 1379// 1380//
f 1357// 1380// 1373//
f 1373// 1380// 1381//
f 1373// 1381// 1372//
f 1372// 1381// 1382//
f 1372// 1382// 1371//
f 1371// 1382// 1383//
f 1371// 1383// 1370//
f 1370// 1383// 1384//
f 1370// 1384// 1369//
f 1369// 1384// 1385//
f 1369// 1385// 1368//
f 1368// 1385// 1386//
f 1368// 1386// 1367//
f 1367// 1386// 1387//
f 1367// 1387// 1366//
f 1366// 1387// 1388//
f 1366// 1388// 1365//
f 1365// 1388// 1389//
f 1365// 1389// 1364//
f 1363// 1364// 1390//
f 1390// 1364// 1389//
f 1362// 1363// 1375//
f 1375// 1363// 1390//
f 1391// 1392// 16//
f 16// 1392// 17//
f 1392// 1393// 17//
f 17// 1393// 18//
f 1393// 1394// 18//
f 18// 1394// 24//
f 1394// 1395// 24//
f 24// 1395// 41//
f 1395// 1396// 41//
f 41// 1396// 19//
f 1396// 1397// 19//
f 19// 1397// 20//
f 1397// 1398// 20//
f 20// 1398// 21//
f 1398// 1399// 21//
f 21// 1399// 33//
f 1399// 1400// 33//
f 33// 1400// 32//
f 1400// 1401// 32//
f 32// 1401// 30//
f 1401// 1402// 30//
f 30// 1402// 31//
f 1402// 1391// 31//
f 31// 1391// 16//
f 1393// 1392// 1391//
f 1391// 1402// 1393//
f 1393// 1402// 1401//
f 1393// 1401// 1394//
f 1396// 1395// 1397//
f 1397// 1395// 1394//
f 1397// 1394// 1398//
f 1398// 1394// 1401//
f 1398// 1401// 1399//
f 1399// 1401// 1400//
f 1403// 1404// 23//
f 23// 1404// 22//
f 22// 1404// 1405//
f 1406// 13// 8//
f 1406// 8// 1407//
f 1407// 8// 7//
f 1407// 7// 1405//
f 1405// 7// 25//
f 1405// 25// 22//
f 13// 1406// 35//
f 35// 1406// 1408//
f 35// 1408// 37//
f 37// 1408// 1409//
f 37// 1409// 38//
f 38// 1409// 1410//
f 38// 1410// 61//
f 61// 1410// 1411//
f 61// 1411// 62//
f 62// 1411// 1412//
f 62// 1412// 64//
f 64// 1412// 1413//
f 64// 1413// 66//
f 66// 1413// 1414//
f 66// 1414// 67//
f 1415// 71// 70//
f 1415// 70// 1416//
f 1416// 70// 69//
f 1416// 69// 1417//
f 1417// 69// 58//
f 1417// 58// 1418//
f 1418// 58// 59//
f 1418// 59// 1419//
f 1419// 59// 60//
f 1419// 60// 1420//
f 1420// 60// 68//
f 1420// 68// 1421//
f 1421// 68// 67//
f 1421// 67// 1414//
f 1422// 73// 72//
f 1422// 72// 1423//
f 1423// 72// 71//
f 1423// 71// 1415//
f 1422// 1424// 73//
f 73// 1424// 74//
f 1425// 76// 75//
f 1425// 75// 1426//
f 1426// 75// 74//
f 1426// 74// 1424//
f 1427// 47// 57//
f 1427// 57// 1428//
f 1428// 57// 56//
f 1428// 56// 1429//
f 1429// 56// 46//
f 1429// 46// 1430//
f 1430// 46// 45//
f 1430// 45// 1431//
f 1431// 45// 43//
f 1431// 43// 1432//
f 1432// 43// 42//
f 1432// 42// 1433//
f 1433// 42// 76//
f 1433// 76// 1425//
f 1434// 51// 50//
f 1434// 50// 1435//
f 1435// 50// 52//
f 1435// 52// 1436//
f 1436// 52// 53//
f 1436// 53// 1437//
f 1437// 53// 54//
f 1437// 54// 1438//
f 1438// 54// 49//
f 1438// 49// 1439//
f 1439// 49// 48//
f 1439// 48// 1440//
f 1440// 48// 47//
f 1440// 47// 1427//
f 1403// 23// 44//
f 1403// 44// 1441//
f 1441// 44// 55//
f 1441// 55// 1442//
f 1442// 55// 51//
f 1442// 51// 1434//
f 1435// 1406// 1434//
f 1434// 1406// 1407//
f 1434// 1407// 1442//
f 1442// 1407// 1405//
f 1442// 1405// 1441//
f 1441// 1405// 1404//
f 1441// 1404// 1403//
f 1424// 1422// 1426//
f 1426// 1422// 1423//
f 1426// 1423// 1425//
f 1425// 1423// 1415//
f 1425// 1415// 1433//
f 1433// 1415// 1416//
f 1433// 1416// 1432//
f 1432// 1416// 1417//
f 1432// 1417// 1431//
f 1431// 1417// 1418//
f 1431// 1418// 1430//
f 1430// 1418// 1419//
f 1430// 1419// 1429//
f 1429// 1419// 1420//
f 1429// 1420// 1428//
f 1428// 1420// 1421//
f 1428// 1421// 1427//
f 1427// 1421// 1414//
f 1427// 1414// 1440//
f 1440// 1414// 1413//
f 1440// 1413// 1439//
f 1439// 1413// 1412//
f 1439// 1412// 1438//
f 1438// 1412// 1411//
f 1438// 1411// 1437//
f 1437// 1411// 1410//
f 1437// 1410// 1436//
f 1436// 1410// 1409//
f 1436// 1409// 1435//
f 1435// 1409// 1408//
f 1435// 1408// 1406//
f 1443// 1444// 63//
f 63// 1444// 36//
f 1444// 1445// 36//
f 36// 1445// 34//
f 1445// 1446// 34//
f 34// 1446// 39//
f 1446// 1447// 39//
f 39// 1447// 40//
f 1447// 1448// 40//
f 40// 1448// 65//
f 1448// 1443// 65//
f 65// 1443// 63//
f 1447// 1446// 1448//
f 1448// 1446// 1445//
f 1448// 1445// 1443//
f 1443// 1445// 1444//
usemtl 1
f 1331// 1332// 1333//
f 1333// 1332// 1338//
f 1333// 1338// 1334//
f 1334// 1338// 1337//
f 1334// 1337// 1335//
f 1335// 1337// 1336//
f 1375// 1390// 1374//
f 1374// 1390// 1389//
f 1374// 1389// 1388//
f 1382// 1381// 1374//
f 1374// 1381// 1380//
f 1374// 1380// 1376//
f 1388// 1387// 1374//
f 1374// 1387// 1386//
f 1374// 1386// 1385//
f 1385// 1384// 1374//
f 1374// 1384// 1383//
f 1374// 1383// 1382//
f 1379// 1378// 1380//
f 1380// 1378// 1377//
f 1380// 1377// 1376//
