#VRML V2.0 utf8
# 3D model generated by easyeda2kicad.py (https://github.com/uPesy/easyeda2kicad.py)

Shape{
    appearance Appearance {
        material  Material 	{
            diffuseColor 0.8313725490196079 0.6705882352941176 0.12941176470588237
            specularColor 0.6666666666666666 0.5372549019607843 0.10196078431372549
            ambientIntensity 0.657
            transparency 0.0
            shininess 0.5
        }
    }
    geometry IndexedFaceSet {
        ccw TRUE
        solid FALSE
        coord DEF co Coordinate {
            point [
                -1.1257 -2.8486 3.2826, -1.1264 -2.8413 3.3021, -1.1658 -2.8413 3.3022, -1.1655 -2.0972 4.0848, -1.1657 -2.0927 4.0862, -1.205 -2.092 4.0848, -1.2278 -0.5596 3.521, -1.2282 -0.5535 3.5082, -1.2676 -0.5538 3.5079, -1.2735 -0.5796 2.2765, -1.2754 -0.6122 2.2289, -1.314 -0.5981 2.2465, -1.3141 -1.5072 1.6748, -1.3152 -1.5416 1.6729, -1.3546 -1.5415 1.6713, -1.3542 -2.5461 2.0411, -1.3547 -2.5563 2.053, -1.3941 -2.5563 2.0532, -1.394 -2.8922 3.0839, -1.394 -2.8922 3.084, -1.4333 -2.8905 3.0838, -1.4565 -1.6611 4.1662, -1.4567 -1.6536 4.1657, -1.496 -1.6535 4.165, -1.5022 -0.5779 3.5531, -1.5039 -0.5547 3.5076, -1.5425 -0.5636 3.5281, -1.5827 -1.3106 1.7142, -1.5831 -1.3211 1.7119, -1.6224 -1.3213 1.7122, -1.6445 -2.793 2.4023, -1.6454 -2.8017 2.4254, -1.6847 -2.8029 2.4249, -1.6851 -2.7548 3.5076, -1.6852 -2.7542 3.5085, -1.7245 -2.7532 3.508, -2.5591 -1.6535 4.1662, -2.5591 -1.7656 4.1612, -2.5539 -1.8107 4.1563, -2.5591 -1.8758 4.1412, -2.5516 -1.8763 4.1436, -2.5482 -1.9697 4.1256, -2.5591 -1.9861 4.1212, -2.5436 -2.0922 4.0847, -2.5591 -2.091 4.0818, -2.5423 -2.126 4.0735, -2.5591 -2.1959 4.0424, -2.5362 -2.2754 4.0006, -2.5591 -2.2921 3.9849, -2.5354 -2.294 3.9882, -2.5301 -2.4138 3.9084, -2.5591 -2.3883 3.9275, -2.5272 -2.4742 3.8555, -2.5591 -2.4727 3.8538, -2.5242 -2.5378 3.7997, -2.5591 -2.557 3.78, -2.5193 -2.6299 3.6947, -2.5591 -2.6239 3.7041, -2.5587 -2.6308 3.6955, -2.5185 -2.6446 3.6779, -2.5579 -2.6442 3.6785, -2.5133 -2.7328 3.5468, -2.5527 -2.7323 3.5476, -2.5119 -2.7525 3.5076, -2.5513 -2.7525 3.5076, -2.5082 -2.8036 3.406, -2.5476 -2.8032 3.407, -2.5043 -2.8402 3.3017, -2.5437 -2.8403 3.3017, -2.5025 -2.8572 3.2534, -2.542 -2.8569 3.2546, -2.4966 -2.8911 3.0922, -2.536 -2.8909 3.0937, -2.4963 -2.8917 3.084, -2.5357 -2.8916 3.0839, -2.4905 -2.9035 2.9264, -2.53 -2.9035 2.9281, -2.4881 -2.8996 2.8603, -2.5275 -2.8996 2.8603, -2.4844 -2.8938 2.7604, -2.5239 -2.894 2.7622, -2.48 -2.8702 2.6384, -2.5193 -2.8703 2.6384, -2.4785 -2.8625 2.5985, -2.5179 -2.863 2.6004, -2.4728 -2.8112 2.4446, -2.5123 -2.812 2.4465, -2.4721 -2.8019 2.4254, -2.5115 -2.8018 2.4255, -2.4676 -2.7423 2.3022, -2.507 -2.7434 2.3041, -2.4647 -2.6947 2.2289, -2.5041 -2.6947 2.2289, -2.4624 -2.6565 2.1702, -2.5019 -2.6579 2.1721, -2.4571 -2.5567 2.0527, -2.4965 -2.5568 2.0526, -2.4568 -2.5519 2.047, -2.4963 -2.5537 2.0489, -2.4509 -2.4299 1.9365, -2.4904 -2.4321 1.9383, -2.449 -2.3869 1.9069, -2.4884 -2.3869 1.9069, -2.4448 -2.2931 1.8422, -2.4843 -2.2956 1.8437, -2.4408 -2.1948 1.7922, -2.4802 -2.1948 1.7921, -2.4387 -2.1448 1.7668, -2.4782 -2.1477 1.768, -2.4328 -1.9891 1.7121, -2.4723 -1.9923 1.713, -2.4327 -1.986 1.7114, -2.472 -1.986 1.7116, -2.4271 -1.8302 1.6788, -2.4666 -1.8336 1.6792, -2.425 -1.7654 1.6737, -2.4643 -1.7654 1.6737, -2.4219 -1.6724 1.6663, -2.4613 -1.6758 1.6664, -2.4176 -1.5416 1.6726, -2.457 -1.5415 1.6725, -2.4167 -1.5152 1.6739, -2.4562 -1.5189 1.6735, -2.4111 -1.3562 1.7021, -2.4506 -1.3601 1.7011, -2.4098 -1.3216 1.713, -2.4492 -1.3216 1.7132, -2.4052 -1.1994 1.7516, -2.4448 -1.2033 1.7501, -2.4017 -1.1123 1.7924, -2.4411 -1.1123 1.7924, -2.3992 -1.0489 1.8222, -2.4387 -1.0527 1.8201, -2.3935 -0.9192 1.9056, -2.4329 -0.9191 1.9053, -2.393 -0.909 1.9121, -2.4326 -0.9126 1.9094, -2.3871 -0.7832 2.019, -2.4266 -0.7865 2.0158, -2.3854 -0.7517 2.0538, -2.4248 -0.7517 2.0539, -2.3814 -0.6742 2.1395, -2.4209 -0.6771 2.1358, -2.3778 -0.6121 2.2288, -2.4171 -0.612 2.2288, -2.3761 -0.5837 2.2697, -2.4157 -0.5862 2.2656, -2.371 -0.511 2.409, -2.4105 -0.5131 2.4045, -2.3704 -0.5051 2.4253, -2.4098 -0.5053 2.4254, -2.3654 -0.4552 2.5604, -2.405 -0.4567 2.5554, -2.3626 -0.4375 2.6386, -2.4019 -0.4375 2.6387, -2.3595 -0.4189 2.7208, -2.3991 -0.4198 2.7153, -2.3544 -0.4063 2.8603, -2.3938 -0.406 2.8602, -2.3535 -0.4039 2.8862, -2.393 -0.4041 2.8805, -2.3474 -0.411 3.0524, -2.3869 -0.4104 3.0466, -2.3462 -0.4165 3.0837, -2.3856 -0.4167 3.0837, -2.3414 -0.4398 3.2151, -2.381 -0.4384 3.2093, -2.3382 -0.4672 3.3017, -2.3776 -0.4672 3.3017, -2.3357 -0.4889 3.3701, -2.3753 -0.4867 3.3645, -2.3306 -0.5531 3.5084, -2.37 -0.5528 3.5085, -2.37 -0.5529 3.5087, -2.3304 -0.5558 3.514, -2.3649 -0.6357 3.6419, -2.3253 -0.6394 3.6469, -2.274 -1.932 4.1348, -2.3078 -2.0817 4.0906, -2.2682 -2.0893 4.0878, -2.3074 -2.0925 4.0858, -2.268 -2.0927 4.0863, -2.3232 -0.6781 3.694, -2.3625 -0.6782 3.694, -2.3197 -0.7418 3.7714, -2.3593 -0.7374 3.7666, -2.3153 -0.8325 3.8561, -2.3547 -0.8323 3.8563, -2.3138 -0.8619 3.8836, -2.3535 -0.8566 3.8792, -2.3078 -0.9971 3.98, -2.3474 -0.9911 3.9763, -2.3071 -1.0129 3.9883, -2.3465 -1.0131 3.988, -2.3017 -1.1442 4.0577, -2.3413 -1.1377 4.0548, -2.2989 -1.2153 4.0839, -2.3383 -1.2153 4.0839, -2.2957 -1.2993 4.1149, -2.3353 -1.2923 4.1129, -2.291 -1.4307 4.1446, -2.3303 -1.4306 4.145, -2.29 -1.458 4.1508, -2.3296 -1.4508 4.1496, -2.2847 -1.6162 4.1656, -2.3243 -1.6089 4.1654, -2.2834 -1.6535 4.1644, -2.3228 -1.6535 4.1642, -2.2796 -1.773 4.1605, -2.3192 -1.7655 4.1612, -2.276 -1.8764 4.1438, -2.3153 -1.8764 4.144, -2.3137 -1.9243 4.1365, -2.2621 -2.2408 4.0197, -2.3018 -2.2333 4.0236, -2.2598 -2.2933 3.9871, -2.2992 -2.2933 3.987, -2.256 -2.3822 3.9319, -2.2957 -2.3752 3.9369, -2.2516 -2.4746 3.8559, -2.291 -2.4748 3.8561, -2.25 -2.5098 3.8268, -2.2897 -2.5035 3.8327, -2.2443 -2.6209 3.7078, -2.2839 -2.6155 3.7145, -2.2437 -2.6301 3.695, -2.2831 -2.6298 3.6948, -2.2389 -2.7136 3.5786, -2.2786 -2.7091 3.5858, -2.2363 -2.7521 3.5074, -2.2757 -2.7522 3.5074, -2.2338 -2.7882 3.4406, -2.2735 -2.7845 3.4485, -2.2288 -2.8417 3.3022, -2.2681 -2.8422 3.3024, -2.2283 -2.8462 3.2905, -2.268 -2.8434 3.2992, -2.2225 -2.8849 3.131, -2.2622 -2.8833 3.1404, -2.2207 -2.89 3.0838, -2.2601 -2.8898 3.0837, -2.2164 -2.9025 2.966, -2.2561 -2.9021 2.9757, -2.2125 -2.8997 2.8602, -2.2519 -2.8999 2.8602, -2.2103 -2.8981 2.7996, -2.25 -2.899 2.8095, -2.2043 -2.8721 2.6381, -2.244 -2.874 2.646, -2.2437 -2.8717 2.6382, -2.2043 -2.8718 2.6363, -2.2383 -2.8285 2.4895, -2.1985 -2.825 2.4802, -2.1966 -2.8008 2.4259, -2.2359 -2.8007 2.4259, -2.1932 -2.7601 2.3348, -2.2329 -2.7646 2.3435, -2.1892 -2.6954 2.2284, -2.2285 -2.6957 2.2282, -2.1881 -2.6786 2.2009, -2.2278 -2.6843 2.2091, -2.1826 -2.5783 2.0752, -2.2224 -2.5854 2.083, -2.1815 -2.5559 2.0536, -2.2209 -2.5556 2.0538, -2.1768 -2.4603 1.9614, -2.2165 -2.4685 1.9684, -2.1734 -2.3867 1.9071, -2.2128 -2.3867 1.907, -2.1707 -2.3267 1.8629, -2.2105 -2.336 1.869, -2.1652 -2.1954 1.7909, -2.2046 -2.1957 1.7903, -2.2044 -2.191 1.7876, -2.1646 -2.1808 1.7828, -2.1984 -2.0372 1.7266, -2.1586 -2.0265 1.7231, -2.1571 -1.9856 1.7132, -2.1965 -1.9855 1.7135, -2.1528 -1.868 1.6847, -2.1926 -1.8791 1.6867, -2.1494 -1.7653 1.6735, -2.1887 -1.7653 1.6733, -2.1475 -1.7095 1.6675, -2.1872 -1.7206 1.668, -2.1821 -1.5641 1.6694, -2.1424 -1.5528 1.6703, -2.1814 -1.5417 1.6725, -2.142 -1.5416 1.6719, -2.0854 -0.4257 2.6821, -2.1192 -0.4063 2.833, -2.0793 -0.4055 2.8467, -2.1182 -0.4063 2.8601, -2.0788 -0.4056 2.8601, -2.1369 -1.3939 1.6935, -2.1767 -1.4055 1.6911, -2.1342 -1.3217 1.7138, -2.1736 -1.3217 1.7138, -2.1311 -1.2362 1.7379, -2.1709 -1.2477 1.7339, -2.1261 -1.1118 1.7915, -2.1655 -1.1116 1.791, -2.125 -1.0838 1.8036, -2.1648 -1.0949 1.798, -2.1189 -0.9411 1.8891, -2.1587 -0.9514 1.882, -2.1179 -0.9197 1.9061, -2.1573 -0.92 1.9065, -2.1129 -0.8116 1.9923, -2.1527 -0.821 1.9838, -2.1098 -0.752 2.0542, -2.1492 -0.7519 2.0542, -2.1071 -0.6984 2.1099, -2.1469 -0.7065 2.1003, -2.1022 -0.6109 2.228, -2.1415 -0.6103 2.2276, -2.1017 -0.6034 2.2381, -2.1415 -0.6102 2.2277, -2.0967 -0.5269 2.3748, -2.1365 -0.5324 2.3635, -2.0948 -0.5063 2.4258, -2.1342 -0.5064 2.4259, -2.0912 -0.4668 2.5236, -2.131 -0.471 2.5111, -2.087 -0.437 2.6386, -2.1263 -0.4365 2.6385, -2.1252 -0.4283 2.6689, -2.0455 -0.7159 3.7428, -2.0796 -0.8208 3.8484, -2.0397 -0.8312 3.8575, -2.0791 -0.8316 3.8569, -2.0397 -0.8319 3.8582, -2.0732 -0.4073 3.0131, -2.1131 -0.4063 2.9992, -2.0706 -0.4175 3.0836, -2.11 -0.4176 3.0836, -2.0672 -0.4311 3.177, -2.1071 -0.4282 3.1634, -2.0626 -0.4664 3.302, -2.102 -0.4658 3.3022, -2.0614 -0.4755 3.3342, -2.1013 -0.4709 3.3211, -2.056 -0.5384 3.481, -2.0958 -0.5323 3.4688, -2.055 -0.5541 3.5077, -2.0944 -0.5545 3.5075, -2.0509 -0.6178 3.6161, -2.0908 -0.6101 3.6045, -2.0476 -0.6782 3.6941, -2.087 -0.6779 3.6943, -2.0854 -0.7064 3.732, -2.0336 -0.9638 3.9587, -2.0736 -0.9513 3.9503, -2.0315 -1.0137 3.9871, -2.0709 -1.0138 3.9869, -2.0275 -1.1084 4.0411, -2.0674 -1.0947 4.0343, -2.0233 -1.2152 4.0843, -2.0627 -1.215 4.0848, -2.0215 -1.262 4.1033, -2.0614 -1.2475 4.0984, -2.0157 -1.4202 4.1442, -2.0556 -1.4053 4.1413, -2.0154 -1.4304 4.1455, -2.0547 -1.4305 4.1448, -2.0103 -1.5789 4.164, -2.0502 -1.5639 4.163, -2.0079 -1.6535 4.1638, -2.0472 -1.6536 4.1638, -2.0052 -1.7355 4.1635, -2.0451 -1.7204 4.1644, -2.0004 -1.8766 4.1451, -2.0398 -1.8767 4.146, -1.9998 -1.8943 4.1428, -2.0397 -1.8789 4.1457, -1.994 -2.0524 4.1009, -2.0339 -2.0371 4.1059, -1.9924 -2.092 4.0845, -2.0318 -2.0918 4.0842, -1.9879 -2.2056 4.0377, -2.0279 -2.1908 4.0449, -1.9842 -2.2933 3.987, -2.0236 -2.2935 3.9873, -1.9818 -2.3497 3.9544, -2.0218 -2.3358 3.9636, -1.976 -2.4757 3.8572, -2.0158 -2.4684 3.8641, -2.0154 -2.4755 3.8571, -1.9758 -2.4809 3.8532, -2.0099 -2.5852 3.7495, -1.97 -2.5962 3.7371, -1.9682 -2.629 3.6942, -2.0075 -2.6288 3.694, -1.9646 -2.6934 3.6099, -2.0045 -2.6842 3.6234, -1.9607 -2.7527 3.5076, -2.0001 -2.7533 3.5079, -1.9595 -2.772 3.4745, -1.9994 -2.7645 3.4891, -1.9541 -2.8341 3.3271, -1.994 -2.8284 3.3431, -1.9532 -2.841 3.3021, -1.9925 -2.8404 3.3019, -1.9483 -2.8776 3.1695, -1.9883 -2.8739 3.1866, -1.9451 -2.8895 3.0836, -1.9845 -2.8897 3.0836, -1.9423 -2.9004 3.0054, -1.9823 -2.899 3.0232, -1.9369 -2.901 2.8601, -1.9763 -2.9021 2.8601, -1.9762 -2.9021 2.8569, -1.9361 -2.9012 2.839, -1.9701 -2.8833 2.6922, -1.9301 -2.88 2.6745, -1.9288 -2.8704 2.6385, -1.9681 -2.8699 2.6386, -1.9243 -2.8379 2.5164, -1.9643 -2.8435 2.5334, -1.921 -2.8007 2.4259, -1.9603 -2.801 2.4257, -1.9188 -2.777 2.3682, -1.9588 -2.7846 2.384, -1.9537 -2.7092 2.2468, -1.9138 -2.6996 2.232, -1.9529 -2.6957 2.2283, -1.9136 -2.6965 2.2278, -1.9084 -2.6038 2.1041, -1.9484 -2.6156 2.1181, -1.9059 -2.5552 2.0542, -1.9453 -2.5551 2.0542, -1.9026 -2.4898 1.9871, -1.9426 -2.5037 1.9998, -1.8978 -2.3871 1.9064, -1.9372 -2.3877 1.9057, -1.8966 -2.3597 1.8847, -1.9366 -2.3754 1.8957, -1.8904 -2.2163 1.8001, -1.9305 -2.2335 1.8089, -1.8896 -2.1954 1.7912, -1.929 -2.1951 1.7919, -1.8844 -2.0636 1.7354, -1.9245 -2.0819 1.7419, -1.8815 -1.9854 1.7138, -1.9209 -1.9854 1.7137, -1.8786 -1.9057 1.6919, -1.9186 -1.9245 1.6959, -1.8738 -1.7654 1.6723, -1.9131 -1.7657 1.6712, -1.9131 -1.7656 1.6712, -1.8731 -1.7469 1.6697, -1.908 -1.6091 1.667, -1.868 -1.5902 1.6678, -1.8569 -1.2733 1.7254, -1.891 -1.1378 1.7775, -1.8509 -1.1193 1.7861, -1.8899 -1.1119 1.7914, -1.8505 -1.1115 1.7905, -1.8664 -1.5417 1.6734, -1.9058 -1.5417 1.6737, -1.8627 -1.4317 1.686, -1.9027 -1.451 1.6827, -1.8586 -1.3215 1.7134, -1.898 -1.3214 1.7128, -1.897 -1.2925 1.7195, -1.8448 -0.9739 1.8671, -1.8849 -0.9913 1.856, -1.8423 -0.9204 1.9071, -1.8817 -0.9204 1.9072, -1.8387 -0.8409 1.9664, -1.8788 -0.8568 1.9531, -1.8343 -0.7514 2.0538, -1.8736 -0.7508 2.0532, -1.873 -0.7375 2.0657, -1.8329 -0.7237 2.0808, -1.8674 -0.6359 2.1904, -1.8274 -0.6243 2.2069, -1.8169 -0.4794 2.4872, -1.8513 -0.4384 2.6229, -1.8114 -0.4352 2.6382, -1.8508 -0.4358 2.6382, -1.8112 -0.4336 2.6438, -1.8266 -0.6115 2.2283, -1.866 -0.612 2.2286, -1.8223 -0.5436 2.3413, -1.8623 -0.553 2.3235, -1.8192 -0.5064 2.4259, -1.8586 -0.506 2.4258, -1.857 -0.4868 2.4677, -1.8052 -0.4083 2.8073, -1.8454 -0.4104 2.7856, -1.8032 -0.4072 2.8602, -1.8426 -0.4075 2.8602, -1.7991 -0.4049 2.9737, -1.8392 -0.404 2.9517, -1.795 -0.4173 3.0837, -1.8344 -0.4166 3.0838, -1.793 -0.4235 3.1386, -1.8332 -0.4198 3.1169, -1.7872 -0.4632 3.2977, -1.8273 -0.4567 3.2768, -1.787 -0.465 3.3024, -1.8264 -0.4661 3.302, -1.7817 -0.522 3.4473, -1.8218 -0.513 3.4277, -1.7794 -0.5549 3.5074, -1.8188 -0.5549 3.5074, -1.7766 -0.5973 3.5847, -1.8166 -0.5861 3.5666, -1.772 -0.6773 3.6948, -1.8114 -0.6763 3.6955, -1.7712 -0.6909 3.7136, -1.8114 -0.677 3.6965, -1.7655 -0.8028 3.8321, -1.8057 -0.7863 3.8165, -1.7641 -0.8323 3.856, -1.8035 -0.8328 3.8556, -1.7595 -0.9312 3.9364, -1.7997 -0.9125 3.9228, -1.7559 -1.0138 3.987, -1.7953 -1.0136 3.9874, -1.7534 -1.0732 4.0233, -1.7936 -1.0526 4.0123, -1.7477 -1.2146 4.0859, -1.7875 -1.2031 4.0822, -1.7871 -1.2145 4.0858, -1.7473 -1.225 4.0904, -1.7642 -1.8763 4.1441, -1.7248 -1.8765 4.145, -1.7255 -1.8565 4.1496, -1.7415 -1.3825 4.1365, -1.7816 -1.3599 4.1312, -1.7398 -1.4307 4.144, -1.7792 -1.4308 4.1436, -1.7359 -1.5414 4.1612, -1.7761 -1.5187 4.1589, -1.7323 -1.6536 4.1642, -1.7717 -1.6536 4.165, -1.7308 -1.6982 4.1654, -1.7709 -1.6756 4.166, -1.7657 -1.8334 4.1532, -1.7198 -2.0151 4.1128, -1.76 -1.9921 4.1195, -1.7168 -2.0918 4.0839, -1.7562 -2.0919 4.0841, -1.7138 -2.1699 4.0546, -1.7541 -2.1475 4.0645, -1.7086 -2.294 3.988, -1.748 -2.2946 3.9892, -1.748 -2.2955 3.9888, -1.7077 -2.3165 3.9759, -1.7016 -2.4511 3.8787, -1.7419 -2.4319 3.8943, -1.7005 -2.4748 3.8563, -1.7398 -2.4743 3.8557, -1.6958 -2.5704 3.7658, -1.736 -2.5536 3.7837, -1.6926 -2.6289 3.694, -1.7319 -2.6292 3.6942, -1.6902 -2.672 3.6409, -1.7304 -2.6578 3.6605, -1.7253 -2.7433 3.5285, -1.7007 -2.9001 2.8603, -1.6613 -2.9012 2.8602, -1.662 -2.903 2.8784, -1.6798 -2.8209 3.3631, -1.72 -2.8119 3.386, -1.6776 -2.8399 3.3017, -1.7169 -2.8399 3.3017, -1.6741 -2.8691 3.2077, -1.7144 -2.8629 3.2322, -1.6695 -2.8903 3.0837, -1.7089 -2.8914 3.0838, -1.6681 -2.8969 3.0447, -1.7084 -2.894 3.0704, -1.7023 -2.9035 2.9045, -1.6559 -2.8869 2.7131, -1.6962 -2.8909 2.7389, -1.6532 -2.8696 2.6387, -1.6926 -2.8697 2.6386, -1.65 -2.8497 2.5531, -1.6903 -2.8569 2.578, -1.6847 -2.8032 2.4256, -1.6616 -2.3873 1.9063, -1.6223 -2.3881 1.9052, -1.6224 -2.3919 1.9075, -1.6394 -2.7196 2.2635, -1.6796 -2.7324 2.285, -1.638 -2.6951 2.2287, -1.6773 -2.6947 2.2289, -1.6341 -2.6283 2.1336, -1.6743 -2.6443 2.154, -1.6303 -2.5553 2.054, -1.6697 -2.5559 2.0534, -1.6284 -2.5184 2.0137, -1.6687 -2.5375 2.0324, -1.6628 -2.4136 1.9238, -1.6163 -2.2514 1.8184, -1.6567 -2.2753 1.8318, -1.614 -2.1948 1.7923, -1.6534 -2.1947 1.7925, -1.6102 -2.1005 1.7488, -1.6506 -2.126 1.7589, -1.6059 -1.9855 1.7133, -1.6453 -1.9858 1.7122, -1.6447 -1.9699 1.7069, -1.6043 -1.9435 1.7003, -1.5988 -1.7845 1.6731, -1.6391 -1.8111 1.6762, -1.5982 -1.7655 1.6723, -1.6376 -1.7655 1.6733, -1.5937 -1.6275 1.6665, -1.6339 -1.6537 1.6662, -1.5908 -1.5417 1.6737, -1.6302 -1.5416 1.6733, -1.5884 -1.4695 1.6798, -1.6287 -1.4964 1.6761, -1.6231 -1.3376 1.7068, -1.5767 -1.1552 1.7698, -1.6171 -1.1814 1.7588, -1.575 -1.1122 1.792, -1.6143 -1.1124 1.7925, -1.5706 -1.0074 1.8462, -1.611 -1.0322 1.8316, -1.5667 -0.9203 1.907, -1.6061 -0.9197 1.9063, -1.605 -0.8938 1.9236, -1.5645 -0.8712 1.9413, -1.5586 -0.7501 2.0524, -1.599 -0.7699 2.0321, -1.598 -0.7512 2.0534, -1.5586 -0.7499 2.0525, -1.5531 -0.6462 2.1762, -1.5934 -0.663 2.1537, -1.551 -0.6123 2.2289, -1.5904 -0.6123 2.2289, -1.5479 -0.5612 2.3085, -1.5882 -0.5748 2.2846, -1.5436 -0.5055 2.4256, -1.583 -0.5041 2.4249, -1.5427 -0.4931 2.4515, -1.583 -0.504 2.4252, -1.537 -0.4427 2.6058, -1.5774 -0.4503 2.5776, -1.5358 -0.4366 2.6384, -1.5752 -0.4374 2.6386, -1.531 -0.4123 2.7681, -1.5715 -0.4162 2.7385, -1.5276 -0.4075 2.8603, -1.567 -0.4069 2.8603, -1.5249 -0.4037 2.9342, -1.5654 -0.4036 2.9041, -1.5194 -0.4158 3.0839, -1.5593 -0.413 3.07, -1.5588 -0.4157 3.0838, -1.5188 -0.4171 3.0998, -1.5358 -0.6778 3.6942, -1.4964 -0.6769 3.695, -1.497 -0.667 3.6838, -1.5129 -0.4519 3.2607, -1.5534 -0.444 3.2318, -1.5114 -0.4667 3.3018, -1.5508 -0.4672 3.3017, -1.5073 -0.5064 3.4128, -1.5477 -0.4951 3.3857, -1.5432 -0.5539 3.508, -1.5373 -0.649 3.6601, -1.4913 -0.7747 3.8051, -1.5317 -0.7532 3.7834, -1.4885 -0.8329 3.8555, -1.5279 -0.8328 3.8557, -1.4853 -0.8994 3.9131, -1.5258 -0.8748 3.894, -1.4803 -1.0133 3.9879, -1.5198 -1.0113 3.9886, -1.5197 -1.0125 3.9892, -1.4792 -1.0384 4.0044, -1.4731 -1.1883 4.0764, -1.5137 -1.1592 4.0643, -1.4721 -1.2148 4.085, -1.5115 -1.2152 4.0841, -1.4672 -1.3448 4.1275, -1.5077 -1.3146 4.1194, -1.4642 -1.4308 4.1436, -1.5036 -1.4308 4.1441, -1.4616 -1.5038 4.1572, -1.502 -1.4733 4.1531, -1.4968 -1.6311 4.166, -1.4724 -2.2935 3.9874, -1.433 -2.2942 3.9886, -1.4336 -2.2827 3.9963, -1.4512 -1.8188 4.1552, -1.4917 -1.788 4.159, -1.4492 -1.8763 4.1437, -1.4886 -1.8763 4.1436, -1.4456 -1.9777 4.1234, -1.4861 -1.9468 4.1313, -1.4412 -2.0921 4.0845, -1.4806 -2.0925 4.0858, -1.4396 -2.1338 4.0703, -1.4802 -2.1036 4.0824, -1.4741 -2.2542 4.0125, -1.4275 -2.4205 3.9033, -1.468 -2.3943 3.9231, -1.4249 -2.4742 3.8555, -1.4642 -2.4743 3.8556, -1.4215 -2.5436 3.7938, -1.4621 -2.5204 3.8167, -1.417 -2.6296 3.6945, -1.4564 -2.6299 3.6968, -1.4563 -2.6308 3.6955, -1.4159 -2.6496 3.6715, -1.4107 -2.7368 3.54, -1.4511 -2.7208 3.5669, -1.4095 -2.7527 3.5078, -1.4489 -2.7521 3.5074, -1.4055 -2.8068 3.3985, -1.446 -2.7939 3.4281, -1.402 -2.8401 3.3017, -1.4413 -2.841 3.302, -1.3999 -2.8594 3.2454, -1.4404 -2.8503 3.2772, -1.4346 -2.8873 3.1173, -1.3879 -2.9035 2.918, -1.4285 -2.903 2.9521, -1.3857 -2.8998 2.8603, -1.4251 -2.8995 2.8602, -1.3818 -2.8927 2.7521, -1.4224 -2.8967 2.786, -1.3776 -2.87 2.6385, -1.417 -2.8713 2.6382, -1.4164 -2.8687 2.6233, -1.3758 -2.8603 2.5904, -1.3702 -2.8081 2.4371, -1.4107 -2.8205 2.4681, -1.3698 -2.8023 2.4253, -1.4091 -2.801 2.4258, -1.365 -2.7384 2.2953, -1.4054 -2.7543 2.3238, -1.3624 -2.6947 2.229, -1.4018 -2.6951 2.2286, -1.3598 -2.6516 2.1637, -1.4003 -2.6715 2.1907, -1.3948 -2.5699 2.066, -1.3483 -2.4233 1.9313, -1.3889 -2.4506 1.9533, -1.3467 -2.3871 1.9067, -1.386 -2.3867 1.9072, -1.3422 -2.2858 1.8379, -1.3828 -2.3161 1.8563, -1.3384 -2.1947 1.7923, -1.3778 -2.1951 1.7914, -1.3767 -2.1696 1.7777, -1.3361 -2.137 1.7635, -1.3303 -1.986 1.7116, -1.3708 -2.015 1.7196, -1.3697 -1.9857 1.7128, -1.3301 -1.9811 1.7099, -1.3245 -1.8222 1.6776, -1.365 -1.8565 1.6828, -1.3226 -1.7654 1.6735, -1.362 -1.7653 1.6737, -1.3192 -1.6644 1.6663, -1.3597 -1.6984 1.667, -1.3546 -1.5417 1.6712, -1.3468 -1.3217 1.7137, -1.3075 -1.3215 1.7127, -1.3085 -1.3482 1.7041, -1.3491 -1.383 1.6958, -1.3026 -1.1916 1.7547, -1.3433 -1.2256 1.7417, -1.2994 -1.1124 1.7925, -1.3387 -1.112 1.7919, -1.2965 -1.0415 1.8263, -1.3372 -1.0739 1.8087, -1.2911 -0.9195 1.9059, -1.3311 -0.9321 1.8954, -1.3305 -0.9194 1.9057, -1.2904 -0.9022 1.9172, -1.3074 -0.5061 2.4257, -1.268 -0.5047 2.4251, -1.2684 -0.5078 2.4165, -1.2844 -0.7772 2.0248, -1.3251 -0.8037 1.9995, -1.2831 -0.7515 2.0536, -1.3224 -0.752 2.0542, -1.2788 -0.6691 2.1459, -1.3194 -0.6918 2.1178, -1.3148 -0.6113 2.2283, -1.3089 -0.5226 2.3837, -1.2628 -0.4529 2.5684, -1.3035 -0.4637 2.533, -1.2602 -0.4375 2.6386, -1.2996 -0.4372 2.6386, -1.2569 -0.4176 2.7291, -1.2976 -0.4238 2.6918, -1.2521 -0.4066 2.8603, -1.2916 -0.405 2.8565, -1.2914 -0.405 2.8601, -1.2508 -0.4037 2.8947, -1.2447 -0.4119 3.0608, -1.2855 -0.4081 3.0228, -1.2438 -0.4162 3.0838, -1.2832 -0.4174 3.0836, -1.2387 -0.4418 3.2232, -1.2794 -0.433 3.1862, -1.2358 -0.4672 3.3017, -1.2752 -0.4667 3.3019, -1.233 -0.4918 3.3777, -1.2737 -0.4786 3.3427, -1.2683 -0.5424 3.4887, -1.2441 -1.0135 3.9873, -1.2048 -1.0127 3.9887, -1.2051 -1.0043 3.9844, -1.2226 -0.6441 3.6535, -1.2633 -0.6226 3.6231, -1.2208 -0.678 3.6941, -1.2602 -0.6782 3.694, -1.2171 -0.7475 3.7774, -1.2578 -0.7216 3.7492, -1.2129 -0.8326 3.8559, -1.2523 -0.8315 3.8571, -1.2112 -0.8684 3.8889, -1.252 -0.8384 3.8639, -1.2459 -0.9709 3.9633, -1.199 -1.1519 4.0611, -1.2398 -1.1159 4.0447, -1.1966 -1.2152 4.084, -1.2359 -1.2152 4.0842, -1.193 -1.3073 4.1173, -1.2338 -1.2696 4.1058, -1.1886 -1.4307 4.1443, -1.228 -1.4278 4.1457, -1.2279 -1.4304 4.146, -1.1873 -1.4661 4.1521, -1.182 -1.6241 4.1659, -1.2226 -1.5863 4.1644, -1.1811 -1.6535 4.1647, -1.2205 -1.6535 4.1638, -1.1769 -1.7811 4.1597, -1.2176 -1.7428 4.163, -1.1736 -1.8763 4.1436, -1.213 -1.8766 4.1448, -1.1714 -1.9401 4.1329, -1.2121 -1.9014 4.1414, -1.2063 -2.0592 4.0985, -1.1594 -2.2482 4.0157, -1.2003 -2.212 4.0345, -1.1575 -2.2934 3.9872, -1.1968 -2.2933 3.9869, -1.1533 -2.389 3.927, -1.1942 -2.3555 3.9505, -1.1493 -2.4744 3.8557, -1.1886 -2.4755 3.8569, -1.1881 -2.486 3.8487, -1.1473 -2.5159 3.8211, -1.1416 -2.6261 3.7015, -1.1824 -2.6004 3.7323, -1.1414 -2.6305 3.6953, -1.1808 -2.6291 3.6943, -1.1363 -2.7178 3.5718, -1.177 -2.6967 3.6048, -1.1339 -2.7521 3.5074, -1.1733 -2.7526 3.5075, -1.1312 -2.7916 3.4332, -1.1719 -2.7746 3.4691, -1.1665 -2.836 3.3215, -1.1577 -2.8895 3.0836, -1.1184 -2.8902 3.0838, -1.1198 -2.8864 3.1227, -1.1607 -2.8788 3.1637, -1.1137 -2.9029 2.9575, -1.1546 -2.9008 2.9997, -1.1101 -2.8996 2.8602, -1.1495 -2.9008 2.8601, -1.1485 -2.9008 2.8334, -1.1076 -2.8973 2.7912, -1.1104 -2.387 1.9065, -1.109 -2.356 1.8822, -1.1024 -2.3883 1.9049, -1.1029 -2.2125 1.7982, -1.1024 -2.1996 1.7918, -1.115 -2.4864 1.9841, -1.1024 -2.557 2.0524, -1.1185 -2.5552 2.0542, -1.1208 -2.6008 2.1006, -1.1024 -2.6968 2.2276, -1.1262 -2.6967 2.2276, -1.1024 -2.8029 2.4249, -1.1336 -2.8006 2.4259, -1.1313 -2.7749 2.3638, -1.1262 -2.6971 2.228, -1.1024 -2.8745 2.6483, -1.1425 -2.8789 2.6693, -1.1024 -2.8722 2.6381, -1.1414 -2.8706 2.6385, -1.1367 -2.8362 2.5115, -1.0579 -0.5572 2.4148, -1.0572 -0.5466 2.443, -0.9449 -0.6489 2.4868, -1.0332 -0.5856 3.4185, -1.0317 -0.6156 3.4748, -0.9449 -0.6915 3.4339, -1.012 -1.2267 3.9944, -1.0115 -1.2465 4.0007, -0.9449 -1.2697 3.9391, -1.0072 -1.4115 4.0454, -1.0064 -1.4476 4.0507, -0.9449 -1.4585 3.9912, -0.9933 -1.9946 4.005, -0.9917 -2.0535 3.982, -0.9449 -2.0374 3.9391, -0.982 -2.3727 3.7859, -0.9812 -2.3958 3.7658, -0.9449 -2.3724 3.7389, -0.9761 -2.5319 3.6171, -0.9761 -2.5321 3.6169, -0.9449 -2.5077 3.5974, -0.9671 -2.7073 3.2796, -0.9666 -2.7125 3.2603, -0.9449 -2.6926 3.2538, -0.9567 -2.7567 2.8851, -0.9562 -2.7552 2.8668, -0.9449 -2.745 2.8672, -0.9455 -2.6502 2.4694, -0.9449 -2.6406 2.448, -0.9449 -2.6581 2.4868, -1.0655 -2.6567 2.234, -1.0668 -2.6666 2.2475, -1.0836 -2.7853 2.4325, -1.0863 -2.8014 2.4634, -1.0876 -2.8078 2.478, -1.0947 -2.8434 2.5591, -1.1007 -2.8677 2.6288, -1.1015 -2.871 2.6384, -1.0733 -2.7169 2.3163, -1.0755 -2.7319 2.3409, -1.0812 -2.7712 2.4053, -1.0505 -2.5294 2.0986, -1.0512 -2.5349 2.104, -1.0575 -2.5898 2.1574, -1.0637 -2.6419 2.217, -1.0251 -2.2897 1.931, -1.0308 -2.3457 1.9636, -1.0339 -2.3758 1.9811, -1.0377 -2.412 2.0064, -1.042 -2.4524 2.0347, -1.0493 -2.5184 2.0894, -1.0239 -2.2775 1.9253, -1.0236 -2.2748 1.924, -1.0999 -2.1029 1.7524, -1.0099 -2.1344 1.8643, -1.1023 -2.1958 1.7902, -1.012 -2.1563 1.8724, -1.0161 -2.1993 1.8883, -1.0921 -1.7646 1.6825, -0.9757 -1.7542 1.7974, -0.9831 -1.8402 1.8015, -1.093 -1.8039 1.6848, -0.9843 -1.8535 1.8021, -1.0952 -1.903 1.6987, -0.993 -1.9526 1.8154, -1.0971 -1.9845 1.717, -0.9935 -1.9571 1.8164, -1.0975 -2.0039 1.7214, -0.9962 -1.9873 1.8232, -1.0988 -2.0583 1.7384, -1.002 -2.0499 1.8371, -1.0071 -2.1048 1.8533, -0.9756 -1.753 1.7973, -1.0916 -1.7425 1.6812, -0.9709 -1.6965 1.7988, -1.0907 -1.7006 1.6787, -0.9699 -1.6838 1.7991, -1.0886 -1.5981 1.6812, -0.9619 -1.5874 1.8087, -1.0884 -1.5876 1.6823, -1.0874 -1.5429 1.6872, -0.9449 -2.7187 2.6731, -0.9509 -2.7239 2.6719, -0.9499 -2.7144 2.6346, -0.949 -2.7026 2.6003, -0.9474 -2.6828 2.5423, -0.9459 -2.658 2.4869, -0.9546 -2.7504 2.8078, -0.9528 -2.7388 2.7399, -0.952 -2.7341 2.712, -0.9614 -2.7519 3.065, -0.9606 -2.7549 3.0321, -0.9449 -2.7362 3.0629, -0.9598 -2.7576 3.0031, -0.9572 -2.7583 2.9049, -0.9646 -2.7327 3.1856, -0.9644 -2.7341 3.1772, -0.9621 -2.7496 3.0899, -0.9714 -2.6385 3.4469, -0.9714 -2.6388 3.4464, -0.9449 -2.6156 3.4339, -0.9695 -2.6735 3.3718, -0.968 -2.6939 3.3163, -0.9747 -2.5664 3.5675, -0.9738 -2.5877 3.5367, -0.9716 -2.636 3.4522, -0.9808 -2.4087 3.7547, -0.9786 -2.4688 3.6932, -0.9782 -2.4781 3.682, -0.9864 -2.2348 3.8891, -0.9859 -2.2539 3.8776, -0.9449 -2.2139 3.8541, -0.9858 -2.2545 3.8772, -0.9833 -2.3344 3.8192, -0.9908 -2.0863 3.9692, -0.9898 -2.1222 3.9515, -0.9884 -2.1692 3.9285, -0.9972 -1.8387 4.045, -0.9968 -1.8577 4.0412, -0.9449 -1.8486 3.9912, -0.9957 -1.8999 4.0327, -0.9936 -1.9829 4.0084, -1.0016 -1.6535 4.0644, -1.0007 -1.6942 4.0633, -0.9449 -1.6535 4.0087, -1.0004 -1.7078 4.0629, -0.9981 -1.8023 4.0523, -1.0048 -1.5104 4.0598, -1.0039 -1.5501 4.0621, -1.0026 -1.6093 4.0656, -1.0112 -1.2566 4.0039, -1.0095 -1.3217 4.0247, -1.0074 -1.403 4.0435, -1.0145 -1.1345 3.956, -0.9449 -1.0932 3.8541, -1.0151 -1.1142 3.9454, -1.019 -0.9801 3.868, -1.0195 -0.9627 3.8569, -0.9449 -0.9347 3.7389, -1.017 -1.0451 3.9093, -1.0167 -1.0566 3.9153, -0.9449 -0.7994 3.5974, -1.027 -0.7354 3.6484, -1.0268 -0.7409 3.6553, -1.0265 -0.7502 3.6654, -1.0244 -0.8094 3.7293, -1.0236 -0.8333 3.751, -1.0228 -0.858 3.7734, -1.022 -0.8834 3.7965, -1.022 -0.884 3.797, -1.0313 -0.6244 3.4914, -1.0299 -0.6598 3.5461, -1.0291 -0.6786 3.5752, -0.9449 -0.6145 3.2538, -1.0366 -0.5281 3.2819, -1.0359 -0.5375 3.31, -1.0336 -0.5773 3.403, -0.9449 -0.5709 3.0629, -1.0417 -0.476 3.0757, -1.0407 -0.4826 3.1187, -1.0404 -0.4851 3.1288, -1.0382 -0.5064 3.2168, -1.0367 -0.527 3.2785, -1.0457 -0.4602 2.9169, -1.0443 -0.464 2.9725, -0.9449 -0.5621 2.8672, -1.0431 -0.4672 3.0187, -0.9449 -0.5884 2.6731, -1.0522 -0.4847 2.6494, -1.052 -0.4833 2.6567, -1.0506 -0.4725 2.7135, -1.0482 -0.4621 2.8139, -1.047 -0.4612 2.8626, -1.0557 -0.523 2.5052, -1.0555 -0.5191 2.5157, -1.0531 -0.4915 2.614, -1.0623 -0.6526 2.2366, -1.0619 -0.6446 2.2501, -0.9449 -0.7418 2.3143, -1.0601 -0.601 2.3239, -1.0591 -0.582 2.3634, -0.9449 -0.8639 2.1612, -1.0659 -0.75 2.1078, -1.0645 -0.7117 2.1531, -1.0624 -0.6561 2.2316, -1.0696 -0.8605 1.9933, -0.9449 -1.0114 2.0323, -1.0718 -0.9296 1.9349, -1.072 -0.9369 1.9298, -1.0693 -0.8513 2.0011, -1.0669 -0.7791 2.0733, -1.0668 -0.7759 2.0771, -1.0773 -1.1223 1.8131, -1.0769 -1.1071 1.8204, -0.9449 -1.1795 1.9319, -1.0743 -1.0139 1.8751, -1.0735 -0.9877 1.8937, -1.0817 -1.2953 1.7402, -0.9449 -1.3629 1.8631, -1.0825 -1.3265 1.7313, -0.9449 -1.4004 1.8534, -1.0841 -1.3947 1.712, -0.9467 -1.4194 1.8479, -1.0849 -1.4317 1.7048, -0.9536 -1.4931 1.8267, -1.0864 -1.4965 1.6922, -0.959 -1.5545 1.815, -0.9592 -1.5574 1.8144, -1.0812 -1.2769 1.7471, -1.0793 -1.1994 1.7764, -1.0774 -1.1275 1.8107, -2.6252 -0.8249 2.0707, -2.6269 -0.8764 2.0267, -2.7165 -0.9347 2.0935, -2.6515 -1.8375 1.7733, -2.652 -1.86 1.7785, -2.7165 -1.8486 1.8412, -2.6663 -2.3643 2.0213, -2.6676 -2.4038 2.0574, -2.7165 -2.3724 2.0935, -2.6761 -2.6229 2.3311, -2.6774 -2.6494 2.3803, -2.7165 -2.6156 2.3985, -2.6923 -2.7696 2.954, -2.6927 -2.7683 2.9662, -2.7165 -2.745 2.9652, -2.702 -2.6845 3.3195, -2.7029 -2.6698 3.3505, -2.7165 -2.6581 3.3456, -2.7165 -2.4432 3.6712, -2.7125 -2.4454 3.6732, -2.7165 -2.4361 3.6786, -2.7136 -2.4142 3.7045, -2.716 -2.3451 3.7623, -2.7162 -2.34 3.7665, -2.7165 -2.3294 3.7746, -2.7165 -2.5653 3.5181, -2.7076 -2.572 3.5224, -2.7087 -2.5455 3.5597, -2.709 -2.5382 3.5701, -2.7111 -2.4826 3.636, -2.7122 -2.4523 3.6663, -2.7044 -2.6427 3.4079, -2.7054 -2.6216 3.444, -2.7067 -2.5939 3.4914, -2.6979 -2.7363 3.1633, -2.6984 -2.7309 3.1821, -2.7165 -2.7187 3.1593, -2.7 -2.7136 3.2423, -2.702 -2.6848 3.3187, -2.6946 -2.7608 3.0382, -2.6949 -2.7593 3.0522, -2.6975 -2.7406 3.1483, -2.6874 -2.7649 2.7657, -2.6875 -2.7655 2.7702, -2.7165 -2.7362 2.7696, -2.6901 -2.7715 2.8677, -2.6907 -2.771 2.89, -2.7165 -2.6926 2.5786, -2.6823 -2.7249 2.5681, -2.6825 -2.7279 2.5773, -2.683 -2.7325 2.5964, -2.685 -2.751 2.6733, -2.6868 -2.7612 2.7415, -2.6779 -2.66 2.3999, -2.6794 -2.6854 2.4588, -2.6802 -2.6987 2.4896, -2.6727 -2.5414 2.2081, -2.6728 -2.5437 2.211, -2.7165 -2.5077 2.235, -2.6734 -2.5591 2.2309, -2.6757 -2.6134 2.3136, -2.6688 -2.4376 2.0882, -2.6691 -2.4473 2.0988, -2.6712 -2.5046 2.161, -2.6614 -2.2092 1.9121, -2.6624 -2.2412 1.9326, -2.7165 -2.2139 1.9783, -2.6637 -2.2848 1.9605, -2.6653 -2.3347 1.9987, -2.6571 -2.0579 1.8386, -2.6575 -2.0721 1.8446, -2.7165 -2.0374 1.8933, -2.6588 -2.1202 1.8649, -2.6614 -2.2077 1.9112, -2.6537 -1.9289 1.7944, -2.6539 -1.9336 1.7955, -2.6563 -2.0288 1.8263, -2.647 -1.6403 1.7542, -2.6472 -1.6535 1.7549, -2.7165 -1.6535 1.8237, -2.6492 -1.7395 1.7595, -2.6502 -1.7822 1.7655, -2.6425 -1.4461 1.7682, -2.6435 -1.4895 1.7632, -2.7165 -1.4585 1.8412, -2.6447 -1.5402 1.7574, -2.6469 -1.6367 1.7543, -2.6361 -1.1935 1.8383, -2.6374 -1.242 1.8196, -2.7165 -1.2697 1.8933, -2.6376 -1.2513 1.816, -2.6378 -1.2586 1.8138, -2.6399 -1.3404 1.7901, -2.6401 -1.3478 1.7879, -2.6425 -1.4452 1.7684, -2.6321 -1.0503 1.9065, -2.6322 -1.0523 1.9053, -2.7165 -1.0932 1.9783, -2.6327 -1.0697 1.8949, -2.6351 -1.1568 1.8525, -2.6277 -0.9019 2.0048, -2.6283 -0.9212 1.991, -2.6302 -0.9836 1.9462, -2.7165 -0.7994 2.235, -2.6218 -0.7261 2.1766, -2.6227 -0.7516 2.1456, -2.6245 -0.8034 2.0927, -2.6176 -0.6168 2.3308, -2.6182 -0.631 2.3059, -2.7165 -0.6915 2.3985, -2.6204 -0.688 2.223, -2.6209 -0.7011 2.207, -2.6114 -0.5037 2.5809, -2.6122 -0.5162 2.5467, -2.7165 -0.6145 2.5786, -2.6137 -0.5385 2.4856, -2.6142 -0.5479 2.4651, -2.616 -0.5808 2.394, -2.6171 -0.6048 2.3519, -2.7165 -0.5709 2.7696, -2.6071 -0.4633 2.755, -2.609 -0.4771 2.6792, -2.6106 -0.4955 2.6112, -2.7165 -0.5621 2.9652, -2.6018 -0.448 2.9704, -2.6029 -0.4485 2.9254, -2.604 -0.449 2.8818, -2.6065 -0.4587 2.7801, -2.6068 -0.4613 2.7658, -2.5966 -0.4715 3.1861, -2.5966 -0.4715 3.186, -2.7165 -0.5884 3.1593, -2.5991 -0.4553 3.0848, -2.6015 -0.4479 2.9833, -2.5916 -0.5333 3.3926, -2.5917 -0.532 3.3896, -2.7165 -0.6489 3.3456, -2.594 -0.4986 3.2938, -2.5952 -0.4858 3.2426, -2.5873 -0.623 3.5725, -2.5883 -0.6002 3.531, -2.7165 -0.7418 3.5181, -2.5895 -0.5735 3.4826, -2.5916 -0.5343 3.3946, -2.582 -0.7673 3.7636, -2.5827 -0.7466 3.7418, -2.7165 -0.8639 3.6712, -2.585 -0.6825 3.6615, -2.5869 -0.6342 3.5891, -2.5776 -0.9043 3.8929, -2.5779 -0.8948 3.8858, -2.7165 -1.0114 3.8001, -2.5803 -0.8174 3.8166, -2.5814 -0.7854 3.7827, -2.5706 -1.1548 4.0498, -2.5716 -1.1171 4.0302, -2.7165 -1.1795 3.9005, -2.573 -1.0634 4.0023, -2.5737 -1.0388 3.9868, -2.5754 -0.9765 3.9475, -2.5768 -0.9299 3.9123, -2.566 -1.3386 4.1183, -2.5664 -1.3232 4.1134, -2.7165 -1.3629 3.9694, -2.5681 -1.2506 4.0899, -2.5698 -1.1849 4.0624, -2.5614 -1.5417 4.1585, -2.5624 -1.4963 4.1518, -2.7165 -1.5556 4.0043, -2.5635 -1.448 4.1447, -2.5658 -1.348 4.1214, -2.7165 -1.6535 4.0087, -2.649 -1.6535 4.0762, -2.5612 -1.5499 4.1597, -2.6407 -1.7583 4.0798, -2.6408 -1.7562 4.0799, -2.5591 -1.6532 4.1662, -2.5631 -2.5878 3.7405, -2.5671 -2.5505 3.7737, -2.5856 -2.3722 3.9052, -2.583 -2.3984 3.8889, -2.5799 -2.4292 3.8697, -2.5714 -2.5115 3.8083, -2.5694 -2.5295 3.7923, -2.6044 -2.176 4.0009, -2.5973 -2.2514 3.9701, -2.5969 -2.2562 3.9677, -2.5886 -2.3419 3.924, -2.623 -1.969 4.0592, -2.615 -2.0591 4.0392, -2.6108 -2.106 4.0246, -2.6062 -2.1571 4.0086, -2.6378 -1.7929 4.0781, -2.6372 -1.801 4.0777, -2.6324 -1.858 4.0749, -2.6243 -1.9531 4.0622, -2.6239 -1.9587 4.0614, -0.9449 -1.6535 1.8335, -0.9449 -1.8648 1.8543, -0.9449 -1.7285 1.8314, -0.9449 -1.8224 1.8368, -0.9449 -2.0679 1.9159, -0.9449 -2.0242 1.8889, -0.9449 -1.8761 1.8507, -0.9449 -2.5538 2.3147, -0.9449 -2.6538 2.5019, -0.9449 -2.5945 2.3711, -0.9449 -2.2193 1.9816, -0.9449 -2.255 2.016, -0.9449 -2.2946 2.0378, -0.9449 -2.4191 2.1506, -0.9449 -2.3893 2.1085, -0.9449 -1.4347 1.8487, -0.9449 -1.4423 1.8543, -0.9449 -1.5829 1.8283, -0.9449 -1.6106 1.8245, -0.9449 -2.1642 1.9551, -0.9449 -2.1281 1.9378, -0.9449 -2.0279 1.8898, -0.9449 -2.5315 2.266, -0.9449 -2.5149 2.2476, -0.9449 -2.4133 2.1352, -0.9449 -0.5917 2.705, -0.9449 -0.5709 2.9162, -0.9449 -0.5917 3.1274, -0.9449 -0.6533 3.3305, -0.9449 -0.7533 3.5177, -0.9449 -0.888 3.6818, -0.9449 -1.052 3.8164, -0.9449 -1.2392 3.9165, -0.9449 -1.4423 3.9781, -0.9449 -1.6535 3.9989, -0.9449 -1.8648 3.9781, -0.9449 -2.0679 3.9165, -0.9449 -1.2392 1.9159, -0.9449 -1.052 2.016, -0.9449 -0.888 2.1506, -0.9449 -0.7533 2.3147, -0.9449 -0.6533 2.5019, -0.9449 -2.255 3.8164, -0.9449 -2.4191 3.6818, -0.9449 -2.5538 3.5177, -0.9449 -2.6538 3.3305, -0.9449 -2.7154 3.1274, -0.9449 -2.7362 2.9162, -0.9449 -2.7154 2.705, -0.4364 -1.0431 3.8103, -0.4364 -1.0522 3.8161, 0.4134 -1.052 3.8164, -0.4172 -1.2359 3.915, -0.42 -1.2392 3.9165, -0.1505 -1.2392 3.9164, -0.3705 -2.2572 3.815, -0.3705 -2.255 3.8163, 0.4134 -2.4191 3.6818, 0.4134 -2.255 3.8164, -0.0873 -2.2564 3.8155, -0.0873 -2.2781 3.8006, -0.2842 -2.3391 3.7541, -0.4811 -2.3967 3.7035, -0.4811 -2.3755 3.723, -0.4811 -2.3538 3.742, -0.4258 -2.3385 3.7547, -0.3706 -2.323 3.7671, -0.3704 -2.188 3.8578, -0.4256 -2.1715 3.8669, -0.4808 -2.1549 3.8758, -0.4808 -2.1291 3.8888, -0.4807 -2.1031 3.9011, -0.279 -2.0769 3.9127, -0.284 -2.1699 3.8678, -0.2306 -2.0707 3.9153, -0.0873 -2.2342 3.83, 0.4134 -2.0679 3.9165, -0.0873 -2.255 3.8164, -0.3686 -2.0594 3.9199, -0.3893 -2.0502 3.9236, -0.3056 -2.0746 3.9137, -0.341 -2.068 3.9164, -0.3418 -2.0679 3.9165, -0.355 -2.0654 3.9175, -0.3939 -2.0467 3.9249, -0.4188 -2.0272 3.9323, -0.4264 -2.0213 3.9345, -0.4427 -2.0006 3.9416, -0.4522 -1.9886 3.9457, -0.4596 -1.9721 3.9507, -0.4805 -1.8767 3.9756, -0.4708 -1.9412 3.9597, -0.4695 -1.9503 3.9574, -0.0912 -1.923 3.9648, -0.0906 -1.917 3.9662, 0.4134 -1.8648 3.9781, -0.0869 -1.8811 3.9747, -0.0993 -1.9549 3.9559, -0.1017 -1.9645 3.9532, -0.1129 -1.9847 3.9468, -0.1235 -2.0039 3.9406, -0.1318 -2.0127 3.9375, -0.1549 -2.0371 3.9287, -0.156 -2.0377 3.9284, -0.1795 -2.0529 3.9225, -0.1871 -2.0578 3.9206, -0.203 -2.0633 3.9183, -0.216 -2.0679 3.9165, -0.2201 -2.0693 3.9159, -0.2595 -1.6753 3.9987, -0.2811 -1.6753 3.9987, -0.2836 -1.7712 3.9925, -0.3792 -1.7711 3.9925, -0.0867 -1.7714 3.9924, -0.0868 -1.8265 3.985, -0.0868 -1.8647 3.9778, -0.3026 -1.6535 3.9984, -0.4371 -1.6535 3.9982, -0.4371 -1.6943 3.9981, -0.3027 -1.6753 3.9987, -0.4804 -1.771 3.9925, -0.4587 -1.6943 3.9981, -0.4803 -1.6943 3.9981, -0.4804 -1.8241 3.9854, -0.4805 -1.8647 3.9778, -0.1945 -1.5363 3.9925, -0.2593 -1.5362 3.9925, -0.2594 -1.6057 3.9978, -0.1297 -1.5364 3.9925, -0.1298 -1.6106 3.998, -0.1298 -1.6535 3.9983, -0.2594 -1.6535 3.9984, -0.1299 -1.6851 3.9984, -0.4803 -1.6536 3.9977, -0.4802 -1.5887 3.9969, -0.4801 -1.4837 3.9855, -0.2833 -1.4839 3.9855, 0.4134 -1.4423 3.9781, -0.0864 -1.4841 3.9855, 0.4134 -1.6535 3.9989, -0.1083 -1.6851 3.9984, -0.0867 -1.6852 3.9984, -0.0866 -1.6536 3.9979, -0.0866 -1.5843 3.9967, -0.3697 -1.5361 3.9925, -0.4369 -1.5361 3.9925, -0.437 -1.6151 3.9982, -0.3025 -1.5362 3.9925, -0.3026 -1.6056 3.9978, -0.0938 -1.2496 3.9207, -0.0923 -1.2582 3.9238, 0.4134 -1.2392 3.9165, -0.0815 -1.3193 3.946, -0.0847 -1.3645 3.9596, -0.0972 -1.4086 3.9708, -0.15 -1.4086 3.9708, -0.1445 -1.3978 3.9682, -0.4164 -1.4083 3.9707, -0.1375 -1.3827 3.9645, -0.1344 -1.3746 3.9623, -0.1309 -1.3655 3.9598, -0.1295 -1.3552 3.9568, -0.1247 -1.3197 3.9461, -0.1255 -1.3144 3.9444, -0.128 -1.2984 3.939, -0.1356 -1.2697 3.9284, -0.1379 -1.2608 3.9251, -0.1431 -1.2518 3.9215, -0.4213 -1.2408 3.9171, -0.426 -1.2511 3.9212, -0.4321 -1.2642 3.9264, -0.4333 -1.2702 3.9286, -0.4415 -1.311 3.9433, -0.4408 -1.3231 3.9472, -0.4397 -1.3373 3.9517, -0.4381 -1.3467 3.9544, -0.4358 -1.361 3.9586, -0.4317 -1.371 3.9612, -0.438 -1.4082 3.9707, -0.4596 -1.4082 3.9707, -0.1236 -1.4086 3.9708, -0.465 -1.3961 3.9678, -0.471 -1.3817 3.9642, -0.4735 -1.3744 3.9622, -0.4847 -1.304 3.9409, -0.4802 -1.3473 3.9544, -0.4792 -1.3572 3.9575, -0.4826 -1.2828 3.9334, -0.4779 -1.2603 3.9247, -0.4736 -1.2395 3.9166, -0.3721 -1.1483 3.8737, -0.3922 -1.1549 3.8772, -0.4364 -1.1059 3.8502, -0.3986 -1.1589 3.8792, -0.3542 -1.1424 3.8706, -0.3418 -1.141 3.8699, -0.2903 -1.1354 3.8668, -0.2315 -1.1414 3.8701, -0.231 -1.1415 3.8701, -0.2013 -1.1503 3.8748, -0.1893 -1.1538 3.8766, -0.1737 -1.1627 3.8811, -0.1528 -1.1746 3.8872, -0.1459 -1.1802 3.8899, -0.1399 -1.185 3.8922, -0.1376 -1.1869 3.8932, -0.1188 -1.2078 3.9028, -0.111 -1.2165 3.9068, -0.103 -1.2319 3.9133, -0.0992 -1.2393 3.9163, -0.4735 -1.2392 3.9165, -0.4718 -1.2359 3.915, -0.4598 -1.2121 3.9048, -0.4591 -1.2106 3.9041, -0.443 -1.1922 3.8956, -0.4797 -1.1059 3.8502, -0.4353 -1.1834 3.8915, -0.4276 -1.1768 3.8883, -0.4242 -1.1747 3.8872, -0.4581 -1.1059 3.8502, -0.153 -1.2354 3.9149, -0.1962 -1.2134 3.9054, -0.1522 -1.2362 3.9152, -0.1693 -1.2191 3.9079, -0.1719 -1.2166 3.9068, -0.1729 -1.2159 3.9065, -0.1942 -1.203 3.9007, -0.2004 -1.1993 3.899, -0.2164 -1.1942 3.8966, -0.2326 -1.189 3.8941, -0.2419 -1.1878 3.8936, -0.2871 -1.1824 3.891, -0.3085 -1.1841 3.8918, -0.3101 -1.1843 3.8919, -0.3446 -1.1905 3.8948, -0.3532 -1.192 3.8956, -0.3675 -1.1981 3.8984, -0.3814 -1.204 3.9011, -0.3874 -1.2084 3.9031, -0.4047 -1.2211 3.9088, -0.4054 -1.2216 3.909, -0.4796 -1.0526 3.8155, -0.4795 -1.0214 3.7951, -0.4794 -0.9423 3.7325, -0.2826 -0.9425 3.7327, -0.2611 -0.9832 3.7664, -0.4363 -0.983 3.7663, -0.0859 -0.9834 3.7665, -0.0858 -0.9628 3.7499, 0.4134 -0.888 3.6818, -0.0858 -0.9427 3.7328, 0.4134 -2.5538 3.5177, 0.4134 -2.6538 3.3305, 0.4134 -2.7154 3.1274, 0.4134 -2.7362 2.9162, 0.4134 -2.7154 2.705, 0.4134 -2.6538 2.5019, 0.4134 -2.5538 2.3147, 0.4134 -2.4191 2.1506, 0.4134 -2.255 2.016, 0.4134 -2.0679 1.9159, 0.4134 -1.8648 1.8543, 0.4134 -1.6535 1.8335, 0.4134 -1.4423 1.8543, 0.4134 -1.2392 1.9159, 0.4134 -1.052 2.016, 0.4134 -0.888 2.1506, 0.4134 -0.7533 2.3147, 0.4134 -0.6533 2.5019, 0.4134 -0.5917 2.705, 0.4134 -0.5709 2.9162, 0.4134 -0.5917 3.1274, 0.4134 -0.6533 3.3305, 0.4134 -0.7533 3.5177, 2.5539 -2.0655 4.1742, 2.5041 -2.1594 4.1742, 2.8437 -2.3637 4.1369, 0.4134 -1.0278 4.1346, 0.4134 -1.073 4.1363, 0.483 -0.9433 4.1369, 1.0376 -2.9035 4.1346, 1.0974 -2.9035 4.1369, 1.0181 -2.8706 4.1369, 2.5157 -2.9035 4.1204, 2.4364 -2.7937 4.1369, 2.3086 -2.8706 4.1369, 2.9134 -2.6047 4.1139, 2.76 -2.4872 4.1369, 2.6635 -2.6009 4.1369, 2.9134 -2.5917 4.1151, 2.9134 -2.4109 4.1264, 2.9134 -0.4035 4.0877, 2.7317 -0.4035 4.1036, 2.9134 -0.4648 4.0931, 2.5552 -0.6036 4.1369, 2.9134 -0.7154 4.1151, 2.76 -0.8199 4.1369, 2.9134 -0.8961 4.1264, 2.8437 -0.9433 4.1369, 2.9134 -1.0278 4.1346, 2.9134 -1.073 4.1363, 2.5932 -1.3402 4.1742, 2.6217 -1.4426 4.1742, 2.9134 -1.3775 4.1468, 2.6239 -1.4561 4.1742, 2.9134 -1.5165 4.1486, 2.7317 -2.9035 4.1036, 2.9134 -2.9035 4.0877, 2.9134 -2.8423 4.0931, 2.5552 -2.7034 4.1369, 2.6016 -2.9035 4.1151, 2.2293 -2.9035 4.1369, 2.2892 -2.9035 4.1346, 2.3282 -2.9035 4.1322, 1.9259 -2.599 4.1742, 1.8221 -2.6218 4.1742, 1.8697 -2.9035 4.1477, 1.8119 -2.6229 4.1742, 1.7315 -2.9035 4.1494, 1.7165 -2.6333 4.1742, 1.6634 -2.9035 4.1503, 1.6137 -2.6333 4.1742, 1.5953 -2.9035 4.1494, 1.6103 -2.6333 4.1742, 1.5046 -2.6218 4.1742, 1.457 -2.9035 4.1477, 1.4176 -2.6027 4.1742, 1.3504 -2.9035 4.1464, 1.4009 -2.599 4.1742, 1.3152 -2.9035 4.1451, 1.3002 -2.5651 4.1742, 1.1617 -2.9035 4.1393, 1.2318 -2.5334 4.1742, 0.9986 -2.9035 4.1322, 0.8903 -2.7937 4.1369, 0.811 -2.9035 4.1204, 0.7252 -2.9035 4.1151, 0.7716 -2.7034 4.1369, 0.5951 -2.9035 4.1036, 0.4134 -2.8423 4.0931, 0.4134 -2.9035 4.0877, 0.6633 -2.6009 4.1369, 0.5667 -2.4872 4.1369, 0.4134 -2.6047 4.1139, 0.4134 -2.234 4.1363, 0.4134 -2.2793 4.1346, 0.483 -2.3637 4.1369, 0.4134 -2.4109 4.1264, 0.4134 -2.5917 4.1151, 0.4134 -1.9665 4.1464, 0.7335 -1.9668 4.1742, 0.728 -1.947 4.1742, 0.4134 -1.9296 4.1468, 0.7051 -1.8645 4.1742, 0.6879 -1.7596 4.1742, 0.4134 -1.7905 4.1486, 0.6876 -1.7528 4.1742, 0.4134 -1.6535 4.1503, 0.6822 -1.6535 4.1742, 0.6876 -1.5543 4.1742, 0.4134 -1.5165 4.1486, 0.6879 -1.5475 4.1742, 0.7051 -1.4426 4.1742, 0.4134 -1.3775 4.1468, 0.728 -1.36 4.1742, 0.4134 -1.3406 4.1464, 0.7335 -1.3402 4.1742, 0.4134 -1.2294 4.1422, 0.5951 -0.4035 4.1036, 0.4134 -0.4035 4.0877, 0.4134 -0.4648 4.0931, 0.7252 -0.4035 4.1151, 0.7716 -0.6036 4.1369, 0.6633 -0.7062 4.1369, 0.4134 -0.7023 4.1139, 0.5667 -0.8199 4.1369, 0.4134 -0.7154 4.1151, 0.4134 -0.8961 4.1264, 1.0974 -0.4035 4.1369, 1.0376 -0.4035 4.1346, 1.0181 -0.4365 4.1369, 0.9986 -0.4035 4.1322, 0.811 -0.4035 4.1204, 1.4009 -0.7081 4.1742, 1.3152 -0.4035 4.1451, 1.1617 -0.4035 4.1393, 1.3504 -0.4035 4.1464, 1.4176 -0.7044 4.1742, 1.457 -0.4035 4.1477, 1.5046 -0.6853 4.1742, 1.6103 -0.6738 4.1742, 1.5953 -0.4035 4.1494, 1.6634 -0.4035 4.1503, 1.6137 -0.6738 4.1742, 1.7315 -0.4035 4.1494, 2.6016 -0.4035 4.1151, 2.5157 -0.4035 4.1204, 2.4364 -0.5134 4.1369, 2.3282 -0.4035 4.1322, 2.3086 -0.4365 4.1369, 2.2892 -0.4035 4.1346, 2.2293 -0.4035 4.1369, 2.6388 -1.5475 4.1742, 2.6446 -1.6535 4.1742, 2.9134 -1.6535 4.1503, 2.6388 -1.7596 4.1742, 2.9134 -1.7905 4.1486, 2.6239 -1.851 4.1742, 2.9134 -1.9296 4.1468, 2.6217 -1.8645 4.1742, 2.9134 -1.9665 4.1464, 2.5932 -1.9668 4.1742, 2.9134 -2.0777 4.1422, 2.5641 -2.0401 4.1742, 2.9134 -2.2195 4.1369, 2.9134 -2.234 4.1363, 2.9134 -2.2793 4.1346, 2.4676 -2.2133 4.1742, 2.4445 -2.2473 4.1742, 2.3757 -2.3283 4.1742, 2.3384 -2.3637 4.1742, 1.9764 -2.9035 4.1464, 2.0115 -2.9035 4.1451, 2.0038 -2.5727 4.1742, 2.1651 -2.9035 4.1393, 2.0266 -2.5651 4.1742, 2.123 -2.5205 4.1742, 2.1817 -2.4851 4.1742, 2.214 -2.4657 4.1742, 2.2986 -2.4014 4.1742, 1.2038 -2.5205 4.1742, 1.1127 -2.4657 4.1742, 1.0636 -2.4283 4.1742, 1.0282 -2.4014 4.1742, 0.951 -2.3283 4.1742, 0.92 -2.2918 4.1742, 0.4134 -2.0777 4.1422, 0.4134 -2.2195 4.1369, 0.7729 -2.0655 4.1742, 0.8066 -2.1291 4.1742, 0.8226 -2.1594 4.1742, 0.8822 -2.2473 4.1742, 0.4134 -1.0876 4.1369, 0.7729 -1.2415 4.1742, 0.8066 -1.1779 4.1742, 0.8226 -1.1477 4.1742, 0.8822 -1.0597 4.1742, 0.92 -1.0153 4.1742, 0.951 -0.9788 4.1742, 1.0282 -0.9057 4.1742, 1.0636 -0.8787 4.1742, 0.8903 -0.5134 4.1369, 1.1127 -0.8414 4.1742, 1.2038 -0.7866 4.1742, 1.2318 -0.7737 4.1742, 1.3002 -0.742 4.1742, 2.214 -0.8414 4.1742, 2.1817 -0.822 4.1742, 2.123 -0.7866 4.1742, 2.0266 -0.742 4.1742, 2.1651 -0.4035 4.1393, 2.0038 -0.7344 4.1742, 2.0115 -0.4035 4.1451, 1.9259 -0.7081 4.1742, 1.9764 -0.4035 4.1464, 1.8221 -0.6853 4.1742, 1.8697 -0.4035 4.1477, 1.8119 -0.6841 4.1742, 1.7165 -0.6738 4.1742, 2.2986 -0.9057 4.1742, 2.3384 -0.9434 4.1742, 2.6635 -0.7062 4.1369, 2.9134 -0.7023 4.1139, 2.9134 -1.3406 4.1464, 2.9134 -1.2294 4.1422, 2.5641 -1.267 4.1742, 2.9134 -1.0876 4.1369, 2.5539 -1.2415 4.1742, 2.5041 -1.1477 4.1742, 2.4676 -1.0938 4.1742, 2.4445 -1.0597 4.1742, 2.3757 -0.9788 4.1742, 0.7823 -1.9949 0.1969, 0.7346 -1.8272 0.1969, 0.838 -1.8177 0.2565, 0.8802 -1.9571 0.2565, 0.8859 -1.9756 0.2565, 0.86 -2.151 0.1969, 0.9499 -2.0955 0.2565, 0.9636 -2.1211 0.2565, 0.9651 -2.2901 0.1969, 1.0437 -2.2187 0.2565, 1.0683 -2.2486 0.2565, 1.094 -2.4076 0.1969, 1.1584 -2.3225 0.2565, 1.1958 -2.3533 0.2565, 1.2422 -2.4994 0.1969, 1.29 -2.4036 0.2565, 1.3413 -2.4311 0.2565, 1.4048 -2.5624 0.1969, 1.4342 -2.4592 0.2565, 1.4992 -2.4789 0.2565, 1.5762 -2.5944 0.1969, 1.5861 -2.4875 0.2565, 1.6634 -2.4951 0.2565, 1.7506 -2.5944 0.1969, 1.7406 -2.4875 0.2565, 1.922 -2.5624 0.1969, 1.8276 -2.4789 0.2565, 1.8926 -2.4592 0.2565, 2.0846 -2.4994 0.1969, 1.9854 -2.4311 0.2565, 2.0368 -2.4036 0.2565, 2.2328 -2.4076 0.1969, 2.1309 -2.3533 0.2565, 2.1684 -2.3225 0.2565, 2.3617 -2.2901 0.1969, 2.2585 -2.2486 0.2565, 2.2831 -2.2187 0.2565, 2.4667 -2.151 0.1969, 2.3631 -2.1211 0.2565, 2.3768 -2.0955 0.2565, 2.5445 -1.9949 0.1969, 2.4409 -1.9756 0.2565, 2.4465 -1.9571 0.2565, 2.5922 -1.8272 0.1969, 2.4888 -1.8177 0.2565, 2.4897 -1.8081 0.2565, 2.6083 -1.6535 0.1969, 2.505 -1.6535 0.2565, 2.5922 -1.4799 0.1969, 2.4897 -1.499 0.2565, 2.4888 -1.4894 0.2565, 2.5445 -1.3122 0.1969, 2.4465 -1.35 0.2565, 2.4409 -1.3315 0.2565, 2.4667 -1.1561 0.1969, 2.3768 -1.2116 0.2565, 2.3631 -1.186 0.2565, 2.3617 -1.017 0.1969, 2.2831 -1.0884 0.2565, 2.2585 -1.0585 0.2565, 2.2328 -0.8995 0.1969, 2.1684 -0.9845 0.2565, 2.1309 -0.9538 0.2565, 2.0846 -0.8077 0.1969, 2.0368 -0.9035 0.2565, 1.9854 -0.876 0.2565, 1.922 -0.7447 0.1969, 1.8926 -0.8478 0.2565, 1.8276 -0.8281 0.2565, 1.7506 -0.7127 0.1969, 1.7406 -0.8196 0.2565, 1.5762 -0.7127 0.1969, 1.6634 -0.812 0.2565, 1.5861 -0.8196 0.2565, 1.4048 -0.7447 0.1969, 1.4992 -0.8281 0.2565, 1.4342 -0.8478 0.2565, 1.2422 -0.8077 0.1969, 1.3413 -0.876 0.2565, 1.29 -0.9035 0.2565, 1.094 -0.8995 0.1969, 1.1958 -0.9538 0.2565, 1.1584 -0.9845 0.2565, 0.9651 -1.017 0.1969, 1.0683 -1.0585 0.2565, 1.0437 -1.0884 0.2565, 0.86 -1.1561 0.1969, 0.9636 -1.186 0.2565, 0.9499 -1.2116 0.2565, 0.7823 -1.3122 0.1969, 0.8859 -1.3315 0.2565, 0.8802 -1.35 0.2565, 0.7346 -1.4799 0.1969, 0.838 -1.4894 0.2565, 0.837 -1.499 0.2565, 0.7185 -1.6535 0.1969, 0.8218 -1.6535 0.2565, 0.837 -1.8081 0.2565, 2.8339 -0.5551 0.0, 2.8026 -0.5143 0.0, 2.9134 -0.4035 0.0, 2.6634 -0.4567 0.0, 2.3228 -0.4035 0.0, 2.6124 -0.4634 0.0, 2.565 -0.4831 0.0, 2.9134 -0.9941 0.0, 2.7165 -0.9941 0.0, 2.7143 -0.8437 0.0, 2.7618 -0.4831 0.0, 2.7143 -0.4634 0.0, 2.5242 -0.5143 0.0, 2.4929 -0.5551 0.0, 2.3228 -0.6004 0.0, 2.7618 -0.824 0.0, 2.8026 -0.7927 0.0, 2.8339 -0.752 0.0, 2.8535 -0.7045 0.0, 2.8602 -0.6535 0.0, 2.8535 -0.6026 0.0, 2.4732 -0.6026 0.0, 2.4665 -0.6535 0.0, 2.3362 -0.7023 0.0, 2.4732 -0.7045 0.0, 2.3756 -0.7972 0.0, 2.4929 -0.752 0.0, 2.4381 -0.8788 0.0, 2.5242 -0.7927 0.0, 2.5197 -0.9413 0.0, 2.565 -0.824 0.0, 2.6146 -0.9807 0.0, 2.6124 -0.8437 0.0, 2.6634 -0.8504 0.0, 0.565 -0.4831 0.0, 0.5242 -0.5143 0.0, 0.4134 -0.4035 0.0, 0.4929 -0.5551 0.0, 1.0039 -0.4035 0.0, 0.8026 -0.5143 0.0, 0.7618 -0.4831 0.0, 0.7143 -0.4634 0.0, 0.6634 -0.4567 0.0, 0.6124 -0.4634 0.0, 0.4732 -0.6026 0.0, 0.4665 -0.6535 0.0, 0.4134 -0.9941 0.0, 0.4732 -0.7045 0.0, 0.4929 -0.752 0.0, 0.5242 -0.7927 0.0, 0.565 -0.824 0.0, 0.6102 -0.9941 0.0, 1.0039 -0.6004 0.0, 0.8535 -0.6026 0.0, 0.8339 -0.5551 0.0, 0.6124 -0.8437 0.0, 0.6634 -0.8504 0.0, 0.7121 -0.9807 0.0, 0.7143 -0.8437 0.0, 0.8071 -0.9413 0.0, 0.7618 -0.824 0.0, 0.8886 -0.8788 0.0, 0.8026 -0.7927 0.0, 0.9512 -0.7972 0.0, 0.8339 -0.752 0.0, 0.9905 -0.7023 0.0, 0.8535 -0.7045 0.0, 0.8602 -0.6535 0.0, 0.4134 -2.313 0.0, 0.5242 -2.5143 0.0, 0.4929 -2.5551 0.0, 0.4929 -2.752 0.0, 0.5242 -2.7927 0.0, 0.4134 -2.9035 0.0, 0.565 -2.824 0.0, 0.6102 -2.313 0.0, 0.6124 -2.4634 0.0, 0.565 -2.4831 0.0, 0.6124 -2.8437 0.0, 0.6634 -2.8504 0.0, 1.0039 -2.9035 0.0, 0.7143 -2.8437 0.0, 0.7618 -2.824 0.0, 1.0039 -2.7067 0.0, 0.8602 -2.6535 0.0, 0.9905 -2.6048 0.0, 0.8535 -2.6026 0.0, 0.9512 -2.5098 0.0, 0.8339 -2.5551 0.0, 0.8886 -2.4283 0.0, 0.8026 -2.5143 0.0, 0.8071 -2.3657 0.0, 0.7618 -2.4831 0.0, 0.7121 -2.3264 0.0, 0.7143 -2.4634 0.0, 0.6634 -2.4567 0.0, 0.4732 -2.6026 0.0, 0.4665 -2.6535 0.0, 0.4732 -2.7045 0.0, 0.8026 -2.7927 0.0, 0.8339 -2.752 0.0, 0.8535 -2.7045 0.0, 2.9134 -2.9035 0.0, 2.9134 -2.313 0.1969, 2.9134 -2.313 0.0, 2.9134 -1.0958 4.1376, 2.9134 -0.9941 0.1969, 2.9134 -0.4574 4.0924, 2.9134 -1.1525 4.1401, 2.9134 -1.1841 4.1415, 2.9134 -1.2859 4.1447, 2.9134 -1.81 4.1493, 2.9134 -1.8949 4.1477, 2.9134 -2.0212 4.1447, 2.9134 -2.123 4.1415, 2.9134 -2.1546 4.1401, 2.9134 -2.6383 4.1112, 2.9134 -2.6697 4.1089, 2.9134 -2.8484 4.0927, 2.9134 -1.4122 4.1477, 2.9134 -1.497 4.1493, 2.9134 -0.6672 4.1108, 2.9134 -0.8495 4.1243, 2.9134 -0.8715 4.1258, 2.9134 -1.0086 4.1335, 2.9134 -1.534 4.1495, 2.9134 -1.7731 4.1495, 2.9134 -2.2113 4.1376, 2.9134 -2.2985 4.1335, 2.9134 -2.4356 4.1258, 2.9134 -2.458 4.1242, 2.3228 -0.4035 0.1969, 1.8433 -0.4035 4.1489, 1.9668 -0.4035 4.1466, 1.0039 -0.4035 0.1969, 1.0915 -0.4035 4.137, 1.2302 -0.4035 4.1426, 1.8199 -0.4035 4.1493, 2.0966 -0.4035 4.1426, 2.1328 -0.4035 4.1415, 2.557 -0.4035 4.1178, 2.4454 -0.4035 4.1258, 2.3863 -0.4035 4.1292, 1.1056 -0.4035 4.1376, 1.194 -0.4035 4.1415, 1.36 -0.4035 4.1466, 1.4835 -0.4035 4.1489, 1.5069 -0.4035 4.1493, 1.6037 -0.4035 4.1499, 1.723 -0.4035 4.1499, 2.2212 -0.4035 4.1376, 2.2352 -0.4035 4.137, 2.6796 -0.4035 4.1089, 2.7497 -0.4035 4.1026, 0.5734 -0.4035 4.1017, 0.772 -0.4035 4.1183, 0.8813 -0.4035 4.1258, 0.9404 -0.4035 4.1292, 0.4134 -2.313 0.1969, 0.4134 -0.9941 0.1969, 1.0039 -2.9035 0.1969, 2.3228 -2.9035 0.0, 2.3228 -2.9035 0.1969, 1.2302 -2.9035 4.1426, 2.1328 -2.9035 4.1415, 2.0966 -2.9035 4.1426, 1.5069 -2.9035 4.1493, 1.4835 -2.9035 4.1489, 1.36 -2.9035 4.1466, 1.0915 -2.9035 4.137, 2.2352 -2.9035 4.137, 2.2212 -2.9035 4.1376, 1.9668 -2.9035 4.1466, 1.8433 -2.9035 4.1489, 1.8199 -2.9035 4.1493, 1.723 -2.9035 4.1499, 1.6037 -2.9035 4.1499, 1.194 -2.9035 4.1415, 1.1056 -2.9035 4.1376, 0.9404 -2.9035 4.1292, 0.8813 -2.9035 4.1258, 0.7698 -2.9035 4.1178, 0.6472 -2.9035 4.1089, 0.5771 -2.9035 4.1026, 2.7534 -2.9035 4.1017, 2.5548 -2.9035 4.1183, 2.4454 -2.9035 4.1258, 2.3863 -2.9035 4.1292, 2.7618 -2.824 0.0, 2.8026 -2.7927 0.0, 2.5242 -2.7927 0.0, 2.565 -2.824 0.0, 2.8602 -2.6535 0.0, 2.8535 -2.6026 0.0, 2.8339 -2.5551 0.0, 2.3228 -2.7067 0.0, 2.4732 -2.7045 0.0, 2.4929 -2.752 0.0, 2.8339 -2.752 0.0, 2.8535 -2.7045 0.0, 2.8026 -2.5143 0.0, 2.7618 -2.4831 0.0, 2.7165 -2.313 0.0, 2.7143 -2.4634 0.0, 2.6634 -2.4567 0.0, 2.6146 -2.3264 0.0, 2.6124 -2.4634 0.0, 2.5197 -2.3657 0.0, 2.565 -2.4831 0.0, 2.4381 -2.4283 0.0, 2.5242 -2.5143 0.0, 2.3756 -2.5098 0.0, 2.4929 -2.5551 0.0, 2.3362 -2.6048 0.0, 2.4732 -2.6026 0.0, 2.4665 -2.6535 0.0, 2.6124 -2.8437 0.0, 2.6634 -2.8504 0.0, 2.7143 -2.8437 0.0, 2.7165 -0.9941 0.1969, 2.3228 -0.6004 0.1969, 2.3362 -0.7023 0.1969, 2.3756 -0.7972 0.1969, 2.4381 -0.8788 0.1969, 2.5197 -0.9413 0.1969, 2.6146 -0.9807 0.1969, 1.0039 -0.6004 0.1969, 0.6102 -0.9941 0.1969, 0.7121 -0.9807 0.1969, 0.8071 -0.9413 0.1969, 0.8886 -0.8788 0.1969, 0.9512 -0.7972 0.1969, 0.9905 -0.7023 0.1969, 0.6102 -2.313 0.1969, 1.0039 -2.7067 0.1969, 0.9905 -2.6048 0.1969, 0.9512 -2.5098 0.1969, 0.8886 -2.4283 0.1969, 0.8071 -2.3657 0.1969, 0.7121 -2.3264 0.1969, 2.3228 -2.7067 0.1969, 2.7165 -2.313 0.1969, 2.6146 -2.3264 0.1969, 2.5197 -2.3657 0.1969, 2.4381 -2.4283 0.1969, 2.3756 -2.5098 0.1969, 2.3362 -2.6048 0.1969
            ]
        }
        coordIndex [
            0,1,2,-1,3,4,5,-1,6,7,8,-1,9,10,11,-1,12,13,14,-1,15,16,17,-1,18,19,20,-1,21,22,23,-1,24,25,26,-1,27,28,29,-1,30,31,32,-1,33,34,35,-1,36,37,38,-1,38,37,39,-1,38,39,40,-1,40,39,41,-1,41,39,42,-1,41,42,43,-1,43,42,44,-1,43,44,45,-1,45,44,46,-1,45,46,47,-1,47,46,48,-1,47,48,49,-1,49,48,50,-1,50,48,51,-1,50,51,52,-1,52,51,53,-1,52,53,54,-1,54,53,55,-1,54,55,56,-1,55,57,56,-1,56,57,58,-1,56,58,59,-1,59,58,60,-1,59,60,61,-1,61,60,62,-1,61,62,63,-1,63,62,64,-1,63,64,65,-1,65,64,66,-1,65,66,67,-1,67,66,68,-1,67,68,69,-1,69,68,70,-1,69,70,71,-1,71,70,72,-1,71,72,73,-1,73,72,74,-1,73,74,75,-1,75,74,76,-1,75,76,77,-1,77,76,78,-1,77,78,79,-1,79,78,80,-1,79,80,81,-1,81,80,82,-1,81,82,83,-1,83,82,84,-1,83,84,85,-1,85,84,86,-1,85,86,87,-1,87,86,88,-1,87,88,89,-1,89,88,90,-1,89,90,91,-1,91,90,92,-1,91,92,93,-1,93,92,94,-1,93,94,95,-1,95,94,96,-1,95,96,97,-1,97,96,98,-1,97,98,99,-1,99,98,100,-1,99,100,101,-1,101,100,102,-1,101,102,103,-1,103,102,104,-1,103,104,105,-1,105,104,106,-1,105,106,107,-1,107,106,108,-1,107,108,109,-1,109,108,110,-1,109,110,111,-1,111,110,112,-1,111,112,113,-1,113,112,114,-1,113,114,115,-1,115,114,116,-1,115,116,117,-1,117,116,118,-1,117,118,119,-1,119,118,120,-1,119,120,121,-1,121,120,122,-1,121,122,123,-1,123,122,124,-1,123,124,125,-1,125,124,126,-1,125,126,127,-1,127,126,128,-1,127,128,129,-1,129,128,130,-1,129,130,131,-1,131,130,132,-1,131,132,133,-1,133,132,134,-1,133,134,135,-1,135,134,136,-1,135,136,137,-1,137,136,138,-1,137,138,139,-1,139,138,140,-1,139,140,141,-1,141,140,142,-1,141,142,143,-1,143,142,144,-1,143,144,145,-1,145,144,146,-1,145,146,147,-1,147,146,148,-1,147,148,149,-1,149,148,150,-1,149,150,151,-1,151,150,152,-1,151,152,153,-1,153,152,154,-1,153,154,155,-1,155,154,156,-1,155,156,157,-1,157,156,158,-1,157,158,159,-1,159,158,160,-1,159,160,161,-1,161,160,162,-1,161,162,163,-1,163,162,164,-1,163,164,165,-1,165,164,166,-1,165,166,167,-1,167,166,168,-1,167,168,169,-1,169,168,170,-1,169,170,171,-1,170,172,171,-1,171,172,173,-1,171,173,174,-1,174,173,175,-1,174,175,176,-1,177,178,179,-1,179,178,180,-1,179,180,181,-1,176,175,182,-1,182,175,183,-1,182,183,184,-1,184,183,185,-1,184,185,186,-1,186,185,187,-1,186,187,188,-1,188,187,189,-1,188,189,190,-1,190,189,191,-1,190,191,192,-1,192,191,193,-1,192,193,194,-1,194,193,195,-1,194,195,196,-1,196,195,197,-1,196,197,198,-1,198,197,199,-1,198,199,200,-1,200,199,201,-1,200,201,202,-1,202,201,203,-1,202,203,204,-1,204,203,205,-1,204,205,206,-1,206,205,207,-1,206,207,208,-1,208,207,209,-1,208,209,210,-1,210,209,211,-1,210,211,177,-1,177,211,212,-1,177,212,178,-1,181,180,213,-1,213,180,214,-1,213,214,215,-1,215,214,216,-1,215,216,217,-1,217,216,218,-1,217,218,219,-1,219,218,220,-1,219,220,221,-1,221,220,222,-1,221,222,223,-1,223,222,224,-1,223,224,225,-1,225,224,226,-1,225,226,227,-1,227,226,228,-1,227,228,229,-1,229,228,230,-1,229,230,231,-1,231,230,232,-1,231,232,233,-1,233,232,234,-1,233,234,235,-1,235,234,236,-1,235,236,237,-1,237,236,238,-1,237,238,239,-1,239,238,240,-1,239,240,241,-1,241,240,242,-1,241,242,243,-1,243,242,244,-1,243,244,245,-1,245,244,246,-1,245,246,247,-1,246,248,247,-1,247,248,249,-1,247,249,250,-1,250,249,251,-1,250,251,252,-1,252,251,253,-1,253,251,254,-1,253,254,255,-1,255,254,256,-1,255,256,257,-1,257,256,258,-1,257,258,259,-1,259,258,260,-1,259,260,261,-1,261,260,262,-1,261,262,263,-1,263,262,264,-1,263,264,265,-1,265,264,266,-1,265,266,267,-1,267,266,268,-1,267,268,269,-1,269,268,270,-1,269,270,271,-1,270,272,271,-1,271,272,273,-1,271,273,274,-1,274,273,275,-1,274,275,276,-1,276,275,277,-1,277,275,278,-1,277,278,279,-1,279,278,280,-1,279,280,281,-1,281,280,282,-1,281,282,283,-1,282,284,283,-1,283,284,285,-1,283,285,286,-1,286,285,287,-1,286,287,288,-1,289,290,291,-1,291,290,292,-1,291,292,293,-1,288,287,294,-1,294,287,295,-1,294,295,296,-1,296,295,297,-1,296,297,298,-1,298,297,299,-1,298,299,300,-1,300,299,301,-1,300,301,302,-1,302,301,303,-1,302,303,304,-1,304,303,305,-1,304,305,306,-1,306,305,307,-1,306,307,308,-1,308,307,309,-1,308,309,310,-1,310,309,311,-1,310,311,312,-1,312,311,313,-1,312,313,314,-1,314,313,315,-1,314,315,316,-1,316,315,317,-1,316,317,318,-1,318,317,319,-1,318,319,320,-1,320,319,321,-1,320,321,322,-1,322,321,323,-1,322,323,324,-1,324,323,325,-1,324,325,289,-1,289,325,326,-1,289,326,290,-1,327,328,329,-1,329,328,330,-1,329,330,331,-1,293,292,332,-1,332,292,333,-1,332,333,334,-1,334,333,335,-1,334,335,336,-1,336,335,337,-1,336,337,338,-1,338,337,339,-1,338,339,340,-1,340,339,341,-1,340,341,342,-1,342,341,343,-1,342,343,344,-1,344,343,345,-1,344,345,346,-1,346,345,347,-1,346,347,348,-1,348,347,349,-1,348,349,327,-1,327,349,350,-1,327,350,328,-1,331,330,351,-1,351,330,352,-1,351,352,353,-1,353,352,354,-1,353,354,355,-1,355,354,356,-1,355,356,357,-1,357,356,358,-1,357,358,359,-1,359,358,360,-1,359,360,361,-1,361,360,362,-1,361,362,363,-1,363,362,364,-1,363,364,365,-1,365,364,366,-1,365,366,367,-1,367,366,368,-1,367,368,369,-1,369,368,370,-1,369,370,371,-1,371,370,372,-1,371,372,373,-1,373,372,374,-1,373,374,375,-1,375,374,376,-1,375,376,377,-1,377,376,378,-1,377,378,379,-1,379,378,380,-1,379,380,381,-1,381,380,382,-1,381,382,383,-1,383,382,384,-1,383,384,385,-1,384,386,385,-1,385,386,387,-1,385,387,388,-1,388,387,389,-1,388,389,390,-1,390,389,391,-1,391,389,392,-1,391,392,393,-1,393,392,394,-1,393,394,395,-1,395,394,396,-1,395,396,397,-1,397,396,398,-1,397,398,399,-1,399,398,400,-1,399,400,401,-1,401,400,402,-1,401,402,403,-1,403,402,404,-1,403,404,405,-1,405,404,406,-1,405,406,407,-1,407,406,408,-1,407,408,409,-1,408,410,409,-1,409,410,411,-1,409,411,412,-1,412,411,413,-1,412,413,414,-1,414,413,415,-1,415,413,416,-1,415,416,417,-1,417,416,418,-1,417,418,419,-1,419,418,420,-1,419,420,421,-1,420,422,421,-1,421,422,423,-1,421,423,424,-1,424,423,425,-1,424,425,426,-1,426,425,427,-1,427,425,428,-1,427,428,429,-1,429,428,430,-1,429,430,431,-1,431,430,432,-1,431,432,433,-1,433,432,434,-1,433,434,435,-1,435,434,436,-1,435,436,437,-1,437,436,438,-1,437,438,439,-1,439,438,440,-1,439,440,441,-1,441,440,442,-1,441,442,443,-1,443,442,444,-1,443,444,445,-1,445,444,446,-1,445,446,447,-1,446,448,447,-1,447,448,449,-1,447,449,450,-1,450,449,451,-1,450,451,452,-1,453,454,455,-1,455,454,456,-1,455,456,457,-1,452,451,458,-1,458,451,459,-1,458,459,460,-1,460,459,461,-1,460,461,462,-1,462,461,463,-1,462,463,453,-1,453,463,464,-1,453,464,454,-1,457,456,465,-1,465,456,466,-1,465,466,467,-1,467,466,468,-1,467,468,469,-1,469,468,470,-1,469,470,471,-1,470,472,471,-1,471,472,473,-1,471,473,474,-1,474,473,475,-1,474,475,476,-1,477,478,479,-1,479,478,480,-1,479,480,481,-1,476,475,482,-1,482,475,483,-1,482,483,484,-1,484,483,485,-1,484,485,486,-1,486,485,487,-1,486,487,477,-1,477,487,488,-1,477,488,478,-1,481,480,489,-1,489,480,490,-1,489,490,491,-1,491,490,492,-1,491,492,493,-1,493,492,494,-1,493,494,495,-1,495,494,496,-1,495,496,497,-1,497,496,498,-1,497,498,499,-1,499,498,500,-1,499,500,501,-1,501,500,502,-1,501,502,503,-1,503,502,504,-1,503,504,505,-1,505,504,506,-1,505,506,507,-1,507,506,508,-1,507,508,509,-1,509,508,510,-1,509,510,511,-1,511,510,512,-1,511,512,513,-1,513,512,514,-1,513,514,515,-1,515,514,516,-1,515,516,517,-1,517,516,518,-1,517,518,519,-1,519,518,520,-1,519,520,521,-1,521,520,522,-1,521,522,523,-1,522,524,523,-1,523,524,525,-1,523,525,526,-1,527,528,529,-1,526,525,530,-1,530,525,531,-1,530,531,532,-1,532,531,533,-1,532,533,534,-1,534,533,535,-1,534,535,536,-1,536,535,537,-1,536,537,538,-1,538,537,539,-1,538,539,529,-1,529,539,540,-1,529,540,527,-1,528,527,541,-1,541,527,542,-1,541,542,543,-1,543,542,544,-1,543,544,545,-1,545,544,546,-1,545,546,547,-1,546,548,547,-1,547,548,549,-1,547,549,550,-1,550,549,551,-1,551,549,552,-1,551,552,553,-1,553,552,554,-1,553,554,555,-1,555,554,556,-1,555,556,557,-1,557,556,558,-1,557,558,559,-1,559,558,560,-1,559,560,34,-1,34,560,561,-1,34,561,35,-1,562,563,564,-1,33,35,565,-1,565,35,566,-1,565,566,567,-1,567,566,568,-1,567,568,569,-1,569,568,570,-1,569,570,571,-1,571,570,572,-1,571,572,573,-1,573,572,574,-1,573,574,564,-1,564,574,575,-1,564,575,562,-1,563,562,576,-1,576,562,577,-1,576,577,578,-1,578,577,579,-1,578,579,580,-1,580,579,581,-1,580,581,31,-1,31,581,582,-1,31,582,32,-1,583,584,585,-1,30,32,586,-1,586,32,587,-1,586,587,588,-1,588,587,589,-1,588,589,590,-1,590,589,591,-1,590,591,592,-1,592,591,593,-1,592,593,594,-1,594,593,595,-1,594,595,585,-1,585,595,596,-1,585,596,583,-1,584,583,597,-1,597,583,598,-1,597,598,599,-1,599,598,600,-1,599,600,601,-1,601,600,602,-1,601,602,603,-1,602,604,603,-1,603,604,605,-1,603,605,606,-1,606,605,607,-1,607,605,608,-1,607,608,609,-1,609,608,610,-1,609,610,611,-1,611,610,612,-1,611,612,613,-1,613,612,614,-1,613,614,615,-1,615,614,616,-1,615,616,28,-1,28,616,617,-1,28,617,29,-1,27,29,618,-1,618,29,619,-1,618,619,620,-1,620,619,621,-1,620,621,622,-1,622,621,623,-1,622,623,624,-1,623,625,624,-1,624,625,626,-1,624,626,627,-1,627,626,628,-1,626,629,628,-1,628,629,630,-1,628,630,631,-1,631,630,632,-1,632,630,633,-1,632,633,634,-1,634,633,635,-1,634,635,636,-1,636,635,637,-1,636,637,638,-1,638,637,639,-1,638,639,640,-1,640,639,641,-1,640,641,642,-1,642,641,643,-1,642,643,644,-1,644,643,645,-1,644,645,646,-1,646,645,647,-1,646,647,648,-1,648,647,649,-1,648,649,650,-1,650,649,651,-1,650,651,652,-1,651,653,652,-1,652,653,654,-1,652,654,655,-1,656,657,658,-1,655,654,659,-1,659,654,660,-1,659,660,661,-1,661,660,662,-1,661,662,663,-1,663,662,664,-1,663,664,25,-1,25,664,665,-1,25,665,26,-1,24,26,658,-1,658,26,666,-1,658,666,656,-1,657,656,667,-1,667,656,668,-1,667,668,669,-1,669,668,670,-1,669,670,671,-1,671,670,672,-1,671,672,673,-1,672,674,673,-1,673,674,675,-1,673,675,676,-1,676,675,677,-1,677,675,678,-1,677,678,679,-1,679,678,680,-1,679,680,681,-1,681,680,682,-1,681,682,683,-1,683,682,684,-1,683,684,685,-1,685,684,686,-1,685,686,22,-1,22,686,687,-1,22,687,23,-1,688,689,690,-1,21,23,691,-1,691,23,692,-1,691,692,693,-1,693,692,694,-1,693,694,695,-1,695,694,696,-1,695,696,697,-1,697,696,698,-1,697,698,699,-1,699,698,700,-1,699,700,690,-1,690,700,701,-1,690,701,688,-1,689,688,702,-1,702,688,703,-1,702,703,704,-1,704,703,705,-1,704,705,706,-1,706,705,707,-1,706,707,708,-1,707,709,708,-1,708,709,710,-1,708,710,711,-1,711,710,712,-1,712,710,713,-1,712,713,714,-1,714,713,715,-1,714,715,716,-1,716,715,717,-1,716,717,718,-1,718,717,719,-1,718,719,720,-1,720,719,721,-1,720,721,19,-1,19,721,722,-1,19,722,20,-1,18,20,723,-1,723,20,724,-1,723,724,725,-1,725,724,726,-1,725,726,727,-1,727,726,728,-1,727,728,729,-1,728,730,729,-1,729,730,731,-1,729,731,732,-1,732,731,733,-1,733,731,734,-1,733,734,735,-1,735,734,736,-1,735,736,737,-1,737,736,738,-1,737,738,739,-1,739,738,740,-1,739,740,741,-1,741,740,742,-1,741,742,16,-1,16,742,743,-1,16,743,17,-1,15,17,744,-1,744,17,745,-1,744,745,746,-1,746,745,747,-1,746,747,748,-1,748,747,749,-1,748,749,750,-1,749,751,750,-1,750,751,752,-1,750,752,753,-1,753,752,754,-1,752,755,754,-1,754,755,756,-1,754,756,757,-1,757,756,758,-1,758,756,759,-1,758,759,760,-1,760,759,761,-1,760,761,762,-1,762,761,763,-1,762,763,13,-1,13,763,764,-1,13,764,14,-1,765,766,767,-1,12,14,767,-1,767,14,768,-1,767,768,765,-1,766,765,769,-1,769,765,770,-1,769,770,771,-1,771,770,772,-1,771,772,773,-1,773,772,774,-1,773,774,775,-1,774,776,775,-1,775,776,777,-1,775,777,778,-1,779,780,781,-1,778,777,782,-1,782,777,783,-1,782,783,784,-1,784,783,785,-1,784,785,786,-1,786,785,787,-1,786,787,10,-1,10,787,788,-1,10,788,11,-1,9,11,781,-1,781,11,789,-1,781,789,779,-1,780,779,790,-1,790,779,791,-1,790,791,792,-1,792,791,793,-1,792,793,794,-1,794,793,795,-1,794,795,796,-1,795,797,796,-1,796,797,798,-1,796,798,799,-1,799,798,800,-1,800,798,801,-1,800,801,802,-1,802,801,803,-1,802,803,804,-1,804,803,805,-1,804,805,806,-1,806,805,807,-1,806,807,808,-1,808,807,809,-1,808,809,7,-1,7,809,810,-1,7,810,8,-1,811,812,813,-1,6,8,814,-1,814,8,815,-1,814,815,816,-1,816,815,817,-1,816,817,818,-1,818,817,819,-1,818,819,820,-1,820,819,821,-1,820,821,822,-1,822,821,823,-1,822,823,813,-1,813,823,824,-1,813,824,811,-1,812,811,825,-1,825,811,826,-1,825,826,827,-1,827,826,828,-1,827,828,829,-1,829,828,830,-1,829,830,831,-1,830,832,831,-1,831,832,833,-1,831,833,834,-1,834,833,835,-1,835,833,836,-1,835,836,837,-1,837,836,838,-1,837,838,839,-1,839,838,840,-1,839,840,841,-1,841,840,842,-1,841,842,843,-1,843,842,844,-1,843,844,4,-1,4,844,845,-1,4,845,5,-1,3,5,846,-1,846,5,847,-1,846,847,848,-1,848,847,849,-1,848,849,850,-1,850,849,851,-1,850,851,852,-1,851,853,852,-1,852,853,854,-1,852,854,855,-1,855,854,856,-1,856,854,857,-1,856,857,858,-1,858,857,859,-1,858,859,860,-1,860,859,861,-1,860,861,862,-1,862,861,863,-1,862,863,864,-1,864,863,865,-1,864,865,1,-1,1,865,866,-1,1,866,2,-1,867,868,869,-1,0,2,869,-1,869,2,870,-1,869,870,867,-1,868,867,871,-1,871,867,872,-1,871,872,873,-1,872,874,873,-1,873,874,875,-1,873,875,876,-1,877,878,879,-1,879,878,880,-1,879,880,881,-1,877,879,882,-1,882,879,883,-1,882,883,884,-1,884,883,885,-1,885,883,886,-1,885,886,887,-1,888,889,890,-1,888,890,886,-1,886,890,891,-1,886,891,887,-1,876,875,892,-1,892,875,893,-1,892,893,894,-1,894,893,895,-1,894,895,888,-1,888,895,896,-1,888,896,889,-1,897,898,899,-1,900,901,902,-1,903,904,905,-1,906,907,908,-1,909,910,911,-1,912,913,914,-1,915,916,917,-1,918,919,920,-1,921,922,923,-1,924,925,926,-1,927,928,886,-1,929,930,888,-1,888,930,931,-1,931,932,888,-1,888,932,933,-1,888,933,894,-1,894,933,934,-1,894,934,892,-1,928,935,886,-1,886,935,936,-1,886,936,888,-1,888,936,937,-1,888,937,929,-1,938,939,883,-1,883,939,940,-1,883,940,886,-1,886,940,941,-1,886,941,927,-1,942,943,879,-1,879,943,944,-1,944,945,879,-1,879,945,946,-1,879,946,883,-1,883,946,947,-1,883,947,938,-1,942,879,948,-1,948,879,881,-1,948,881,949,-1,950,951,952,-1,952,951,953,-1,952,953,881,-1,881,953,954,-1,881,954,949,-1,955,956,957,-1,955,957,958,-1,958,957,959,-1,958,959,960,-1,960,959,961,-1,960,961,962,-1,962,961,963,-1,962,963,964,-1,964,963,965,-1,964,965,966,-1,966,965,967,-1,966,967,950,-1,950,967,968,-1,950,968,951,-1,956,955,969,-1,969,955,970,-1,969,970,971,-1,971,970,972,-1,971,972,973,-1,973,972,974,-1,973,974,975,-1,975,974,976,-1,975,976,977,-1,978,979,980,-1,980,981,978,-1,978,981,982,-1,978,982,926,-1,926,982,983,-1,926,983,924,-1,922,984,923,-1,923,984,985,-1,923,985,978,-1,978,985,986,-1,978,986,979,-1,987,988,989,-1,989,988,990,-1,989,990,923,-1,923,990,991,-1,923,991,921,-1,919,992,920,-1,920,992,993,-1,920,993,989,-1,989,993,994,-1,989,994,987,-1,995,996,997,-1,997,996,998,-1,997,998,920,-1,920,998,999,-1,920,999,918,-1,916,1000,917,-1,917,1000,1001,-1,917,1001,997,-1,997,1001,1002,-1,997,1002,995,-1,913,1003,914,-1,914,1003,1004,-1,914,1004,917,-1,917,1004,1005,-1,917,1005,915,-1,1006,1007,1008,-1,1008,1007,1009,-1,1008,1009,914,-1,914,1009,1010,-1,914,1010,912,-1,910,1011,911,-1,911,1011,1012,-1,911,1012,1008,-1,1008,1012,1013,-1,1008,1013,1006,-1,1014,1015,1016,-1,1016,1015,1017,-1,1016,1017,911,-1,911,1017,1018,-1,911,1018,909,-1,1019,1020,1021,-1,1021,1020,1022,-1,1021,1022,1016,-1,1016,1022,1023,-1,1016,1023,1014,-1,907,1024,908,-1,908,1024,1025,-1,908,1025,1021,-1,1021,1025,1026,-1,1021,1026,1019,-1,904,1027,905,-1,905,1027,1028,-1,905,1028,908,-1,908,1028,1029,-1,908,1029,906,-1,903,905,1030,-1,1030,905,1031,-1,1030,1031,1032,-1,1033,1031,1034,-1,1034,1031,1035,-1,1033,1036,1031,-1,1031,1036,1037,-1,1031,1037,1032,-1,1038,1039,1040,-1,1040,1041,1038,-1,1038,1041,1042,-1,1038,1042,1035,-1,1035,1042,1043,-1,1035,1043,1044,-1,1044,1045,1035,-1,1035,1045,1046,-1,1035,1046,1034,-1,901,1047,902,-1,902,1047,1048,-1,902,1048,1038,-1,1038,1048,1049,-1,1038,1049,1039,-1,1050,1051,1052,-1,1050,1052,902,-1,902,1052,1053,-1,902,1053,900,-1,1054,1055,1056,-1,1056,1057,1054,-1,1054,1057,1058,-1,1054,1058,1050,-1,1050,1058,1059,-1,1050,1059,1051,-1,1060,1061,1062,-1,1062,1061,1054,-1,1054,1061,1063,-1,1054,1063,1055,-1,1064,1065,1066,-1,1066,1067,1064,-1,1064,1067,1068,-1,1064,1068,1062,-1,1062,1068,1069,-1,1062,1069,1060,-1,898,1070,899,-1,899,1070,1071,-1,899,1071,1064,-1,1064,1071,1072,-1,1064,1072,1065,-1,1073,1074,1075,-1,1075,1074,1076,-1,1075,1076,899,-1,899,1076,1077,-1,899,1077,897,-1,1078,1079,1080,-1,1078,1080,1075,-1,1075,1080,1081,-1,1075,1081,1073,-1,1082,1083,1084,-1,1084,1083,1085,-1,1082,1086,1083,-1,1083,1086,1087,-1,1083,1087,1078,-1,1078,1087,1088,-1,1078,1088,1079,-1,1089,1090,1091,-1,1091,1090,1092,-1,1091,1092,1083,-1,1083,1092,1093,-1,1083,1093,1085,-1,1094,1095,1096,-1,1096,1095,1097,-1,1096,1097,1098,-1,1098,1097,1099,-1,1098,1099,1100,-1,1100,1099,1101,-1,1100,1101,1102,-1,1102,1101,1103,-1,1102,1103,977,-1,977,1103,1104,-1,977,1104,975,-1,1094,1105,1095,-1,1095,1105,1106,-1,1095,1106,1091,-1,1091,1106,1107,-1,1091,1107,1089,-1,1108,1109,1110,-1,1111,1112,1113,-1,1114,1115,1116,-1,1117,1118,1119,-1,1120,1121,1122,-1,1123,1124,1125,-1,1126,1127,1128,-1,1128,1127,1129,-1,1129,1130,1128,-1,1128,1130,1131,-1,1128,1131,1132,-1,1133,1134,1135,-1,1135,1136,1133,-1,1133,1136,1137,-1,1133,1137,1126,-1,1126,1137,1138,-1,1126,1138,1127,-1,1124,1139,1125,-1,1125,1139,1140,-1,1125,1140,1133,-1,1133,1140,1141,-1,1133,1141,1134,-1,1142,1143,1144,-1,1144,1143,1145,-1,1144,1145,1125,-1,1125,1145,1146,-1,1125,1146,1123,-1,1121,1147,1122,-1,1122,1147,1148,-1,1122,1148,1144,-1,1144,1148,1149,-1,1144,1149,1142,-1,1150,1151,1152,-1,1152,1151,1153,-1,1152,1153,1122,-1,1122,1153,1154,-1,1122,1154,1120,-1,1155,1156,1157,-1,1157,1158,1155,-1,1155,1158,1159,-1,1155,1159,1152,-1,1152,1159,1160,-1,1152,1160,1150,-1,1118,1161,1119,-1,1119,1161,1162,-1,1119,1162,1155,-1,1155,1162,1163,-1,1155,1163,1156,-1,1164,1165,1166,-1,1166,1165,1167,-1,1166,1167,1119,-1,1119,1167,1168,-1,1119,1168,1117,-1,1115,1169,1116,-1,1116,1169,1170,-1,1116,1170,1166,-1,1166,1170,1171,-1,1166,1171,1164,-1,1172,1173,1174,-1,1174,1173,1175,-1,1174,1175,1116,-1,1116,1175,1176,-1,1116,1176,1114,-1,1177,1178,1179,-1,1179,1178,1180,-1,1179,1180,1174,-1,1174,1180,1181,-1,1174,1181,1172,-1,1112,1182,1113,-1,1113,1182,1183,-1,1113,1183,1179,-1,1179,1183,1184,-1,1179,1184,1177,-1,1185,1186,1187,-1,1187,1186,1188,-1,1187,1188,1113,-1,1113,1188,1189,-1,1113,1189,1111,-1,1190,1191,1192,-1,1192,1191,1193,-1,1192,1193,1187,-1,1187,1193,1194,-1,1187,1194,1185,-1,1195,1196,1197,-1,1197,1196,1198,-1,1197,1198,1199,-1,1199,1200,1197,-1,1197,1200,1201,-1,1197,1201,1192,-1,1192,1201,1202,-1,1192,1202,1190,-1,1203,1204,1205,-1,1205,1204,1206,-1,1205,1206,1197,-1,1197,1206,1207,-1,1197,1207,1195,-1,1109,1208,1110,-1,1110,1208,1209,-1,1110,1209,1205,-1,1205,1209,1210,-1,1205,1210,1203,-1,1211,1212,1213,-1,1211,1213,1110,-1,1110,1213,1214,-1,1110,1214,1108,-1,1215,1216,1217,-1,1217,1216,1218,-1,1217,1218,1211,-1,1211,1218,1219,-1,1211,1219,1212,-1,1220,1221,1222,-1,1222,1221,1223,-1,1223,1224,1222,-1,1222,1224,1225,-1,1222,1225,1217,-1,1217,1225,1226,-1,1217,1226,1215,-1,1227,1228,1229,-1,1227,1229,1222,-1,1222,1229,1230,-1,1222,1230,1220,-1,1231,1232,1233,-1,1233,1234,1231,-1,1231,1234,1235,-1,1231,1235,1227,-1,1227,1235,1236,-1,1227,1236,1228,-1,1237,1238,1239,-1,1239,1238,1240,-1,1239,1240,1231,-1,1231,1240,1241,-1,1231,1241,1232,-1,1242,1243,1244,-1,1244,1243,1245,-1,1244,1245,1239,-1,1239,1245,1246,-1,1239,1246,1237,-1,1247,1248,1249,-1,1249,1248,1250,-1,1249,1250,1244,-1,1244,1250,1251,-1,1244,1251,1242,-1,1252,1253,1254,-1,1254,1253,1255,-1,1254,1255,1249,-1,1249,1255,1256,-1,1249,1256,1247,-1,1257,1258,1259,-1,1259,1258,1260,-1,1259,1260,1254,-1,1254,1260,1261,-1,1254,1261,1252,-1,1262,1263,1264,-1,1264,1263,1265,-1,1265,1266,1264,-1,1264,1266,1267,-1,1264,1267,1259,-1,1259,1267,1268,-1,1259,1268,1257,-1,1269,1270,1271,-1,1271,1270,1272,-1,1271,1272,1264,-1,1264,1272,1273,-1,1264,1273,1262,-1,1274,1275,1276,-1,1276,1275,1277,-1,1276,1277,1271,-1,1271,1277,1278,-1,1271,1278,1269,-1,1276,1279,1274,-1,1274,1279,1280,-1,1274,1280,1281,-1,1282,37,1283,-1,1283,37,36,-1,1283,36,1280,-1,1280,36,1284,-1,1280,1284,1281,-1,57,55,1285,-1,1285,55,1286,-1,1287,1288,51,-1,51,1288,1289,-1,51,1289,53,-1,53,1289,1290,-1,53,1290,55,-1,55,1290,1291,-1,55,1291,1286,-1,48,46,1292,-1,1292,1293,48,-1,48,1293,1294,-1,48,1294,51,-1,51,1294,1295,-1,51,1295,1287,-1,44,42,1296,-1,1296,1297,44,-1,44,1297,1298,-1,44,1298,46,-1,46,1298,1299,-1,46,1299,1292,-1,1282,1300,37,-1,37,1300,1301,-1,37,1301,39,-1,1301,1302,39,-1,39,1302,1303,-1,39,1303,42,-1,42,1303,1304,-1,42,1304,1296,-1,1305,1306,1307,-1,1307,1306,1308,-1,1309,1310,1306,-1,1306,1310,1311,-1,1306,1311,1308,-1,1312,1313,1314,-1,1315,1316,1317,-1,1317,1316,1318,-1,1317,1318,1319,-1,1320,1321,1322,-1,1322,1321,1305,-1,1322,1305,1323,-1,1323,1305,1307,-1,1315,1324,1316,-1,1316,1324,1325,-1,1316,1325,1309,-1,1309,1325,1326,-1,1309,1326,1310,-1,1314,1313,925,-1,1314,1327,1312,-1,1312,1327,1328,-1,1312,1328,1318,-1,1318,1328,1329,-1,1318,1329,1319,-1,1330,1062,1331,-1,1331,1062,1054,-1,1331,1054,1332,-1,1332,1054,1050,-1,1332,1050,1333,-1,1333,1050,902,-1,1333,902,1334,-1,1334,902,1038,-1,1334,1038,1335,-1,1335,1038,1035,-1,1335,1035,1336,-1,1336,1035,1031,-1,1336,1031,1337,-1,1337,1031,905,-1,1337,905,1338,-1,1338,905,908,-1,1338,908,1339,-1,1339,908,1021,-1,1339,1021,1340,-1,1340,1021,1016,-1,1340,1016,1341,-1,1320,1097,1321,-1,1321,1097,1095,-1,1321,1095,1342,-1,1342,1095,1091,-1,1342,1091,1343,-1,1343,1091,1083,-1,1343,1083,1344,-1,1344,1083,1078,-1,1344,1078,1345,-1,1345,1078,1075,-1,1345,1075,1346,-1,1346,1075,899,-1,1346,899,1330,-1,1330,899,1064,-1,1330,1064,1062,-1,1016,911,1341,-1,1341,911,1008,-1,1341,1008,1347,-1,1347,1008,914,-1,1347,914,1348,-1,1348,914,917,-1,1348,917,1349,-1,1349,917,997,-1,1349,997,1350,-1,1350,997,920,-1,1350,920,1351,-1,1351,920,989,-1,1351,989,1352,-1,1352,989,923,-1,1352,923,1353,-1,1353,923,978,-1,1353,978,1313,-1,1313,978,926,-1,1313,926,925,-1,1354,1355,1356,-1,1357,1358,1359,-1,1360,1361,1347,-1,1362,1363,1364,-1,1364,1365,1362,-1,1362,1365,1366,-1,1362,1366,1367,-1,1348,1367,1368,-1,1348,1368,1347,-1,1347,1368,1369,-1,1347,1369,1360,-1,1360,1369,1370,-1,1360,1370,1371,-1,1361,1372,1373,-1,1361,1373,1347,-1,1347,1373,1374,-1,1347,1374,1341,-1,1341,1374,1375,-1,1341,1375,1376,-1,1377,1378,1379,-1,1379,1378,1380,-1,1381,1380,1363,-1,1363,1380,1382,-1,1363,1382,1364,-1,1383,1384,1341,-1,1377,1385,1378,-1,1378,1385,1386,-1,1378,1386,1376,-1,1376,1386,1387,-1,1376,1387,1341,-1,1341,1387,1388,-1,1341,1388,1383,-1,1384,1389,1341,-1,1341,1389,1390,-1,1341,1390,1391,-1,1391,1392,1341,-1,1341,1392,1393,-1,1341,1393,1394,-1,1395,1340,1396,-1,1396,1340,1341,-1,1396,1341,1397,-1,1397,1341,1394,-1,1398,1381,1399,-1,1399,1381,1400,-1,1399,1400,1401,-1,1398,1402,1381,-1,1381,1402,1403,-1,1381,1403,1404,-1,1404,1405,1381,-1,1381,1405,1406,-1,1381,1406,1407,-1,1407,1408,1381,-1,1381,1408,1409,-1,1381,1409,1410,-1,1410,1411,1381,-1,1381,1411,1412,-1,1381,1412,1380,-1,1380,1412,1413,-1,1380,1413,1379,-1,1414,1415,1416,-1,1416,1415,1417,-1,1418,1419,1400,-1,1400,1419,1420,-1,1400,1420,1401,-1,1421,1422,1423,-1,1421,1423,1424,-1,1415,1424,1417,-1,1417,1424,1423,-1,1417,1423,1425,-1,1425,1423,1426,-1,1426,1427,1425,-1,1425,1427,1339,-1,1425,1339,1428,-1,1428,1339,1340,-1,1428,1340,1429,-1,1429,1340,1395,-1,1430,1431,1432,-1,1433,1430,1434,-1,1434,1430,1432,-1,1434,1432,1435,-1,1435,1432,1436,-1,1435,1436,1437,-1,1427,1438,1339,-1,1339,1438,1439,-1,1339,1439,1338,-1,1439,1440,1338,-1,1338,1440,1441,-1,1338,1441,1442,-1,1442,1441,1443,-1,1442,1443,1444,-1,1436,1414,1437,-1,1437,1414,1416,-1,1437,1416,1445,-1,1445,1416,1418,-1,1445,1418,1446,-1,1446,1418,1400,-1,1446,1400,1447,-1,1447,1400,1444,-1,1447,1444,1448,-1,1448,1444,1443,-1,1449,1450,1451,-1,1449,1451,1452,-1,1422,1421,1451,-1,1451,1421,1453,-1,1451,1453,1452,-1,1454,1455,1456,-1,1456,1455,1457,-1,1456,1457,1442,-1,1442,1457,1458,-1,1442,1458,1459,-1,1460,1461,1462,-1,1462,1461,1463,-1,1463,1464,1462,-1,1462,1464,1465,-1,1462,1465,1466,-1,1466,1467,1462,-1,1462,1467,1468,-1,1462,1468,1469,-1,1469,1470,1462,-1,1462,1470,1471,-1,1462,1471,1472,-1,1359,1358,1472,-1,1472,1358,1473,-1,1472,1473,1474,-1,1474,1475,1472,-1,1472,1475,1476,-1,1472,1476,1477,-1,1477,1478,1472,-1,1472,1478,1479,-1,1472,1479,1480,-1,1480,1481,1472,-1,1472,1481,1482,-1,1472,1482,1462,-1,1483,1484,1338,-1,1459,1485,1442,-1,1442,1485,1460,-1,1442,1460,1338,-1,1338,1460,1462,-1,1338,1462,1483,-1,1484,1486,1338,-1,1338,1486,1487,-1,1338,1487,1488,-1,1489,1337,1490,-1,1490,1337,1338,-1,1490,1338,1491,-1,1491,1338,1488,-1,1489,1492,1337,-1,1337,1492,1493,-1,1337,1493,1494,-1,1495,1355,1496,-1,1496,1355,1497,-1,1496,1497,1498,-1,1495,1499,1355,-1,1355,1499,1500,-1,1355,1500,1501,-1,1501,1502,1355,-1,1355,1502,1503,-1,1355,1503,1356,-1,1356,1503,1504,-1,1356,1504,1505,-1,1505,1506,1356,-1,1356,1506,1507,-1,1356,1507,1508,-1,1508,1509,1356,-1,1356,1509,1510,-1,1356,1510,1511,-1,1511,1512,1356,-1,1356,1512,1513,-1,1356,1513,1456,-1,1456,1513,1514,-1,1456,1514,1454,-1,1494,1515,1337,-1,1337,1515,1516,-1,1337,1516,1517,-1,1518,1519,1520,-1,1519,1521,1520,-1,1520,1521,1522,-1,1520,1522,1523,-1,1498,1497,1523,-1,1523,1497,1524,-1,1523,1524,1520,-1,1517,1518,1337,-1,1337,1518,1520,-1,1337,1520,1336,-1,1525,1526,1527,-1,1527,1526,1359,-1,1525,1528,1526,-1,1526,1528,1529,-1,1526,1529,1530,-1,1530,1531,1526,-1,1526,1531,1532,-1,1526,1532,1533,-1,1533,1534,1526,-1,1526,1534,1535,-1,1526,1535,1536,-1,1536,1537,1526,-1,1526,1537,1538,-1,1526,1538,1539,-1,1539,1540,1526,-1,1526,1540,1541,-1,1526,1541,1542,-1,1542,1543,1526,-1,1526,1543,1544,-1,1526,1544,1359,-1,1359,1544,1545,-1,1359,1545,1357,-1,1520,1546,1336,-1,1336,1546,1547,-1,1336,1547,1335,-1,1335,1547,1548,-1,1335,1548,1549,-1,1550,1551,1354,-1,1550,1354,1552,-1,1552,1354,1356,-1,1552,1356,1553,-1,1553,1356,1554,-1,1553,1554,1555,-1,1367,1348,1362,-1,1362,1348,1349,-1,1362,1349,1556,-1,1556,1349,1350,-1,1556,1350,1557,-1,1557,1350,1351,-1,1557,1351,1558,-1,1558,1351,1352,-1,1558,1352,1559,-1,1559,1352,1353,-1,1559,1353,1560,-1,1560,1353,1313,-1,1560,1313,1561,-1,1561,1313,1312,-1,1561,1312,1562,-1,1562,1312,1318,-1,1562,1318,1563,-1,1563,1318,1316,-1,1563,1316,1564,-1,1564,1316,1309,-1,1564,1309,1565,-1,1565,1309,1306,-1,1565,1306,1566,-1,1566,1306,1305,-1,1566,1305,1567,-1,1567,1305,1321,-1,1567,1321,1568,-1,1568,1321,1342,-1,1568,1342,1569,-1,1569,1342,1343,-1,1569,1343,1570,-1,1570,1343,1344,-1,1570,1344,1571,-1,1571,1344,1345,-1,1571,1345,1572,-1,1572,1345,1346,-1,1572,1346,1573,-1,1573,1346,1330,-1,1573,1330,1574,-1,1574,1330,1331,-1,1574,1331,1575,-1,1575,1331,1332,-1,1575,1332,1576,-1,1576,1332,1333,-1,1576,1333,1577,-1,1577,1333,1334,-1,1577,1334,1578,-1,1578,1334,1335,-1,1578,1335,1554,-1,1554,1335,1549,-1,1554,1549,1555,-1,1579,1580,1581,-1,1582,1583,1584,-1,1585,1586,1587,-1,1588,1589,1590,-1,1591,1592,1593,-1,1594,1595,1581,-1,1596,1597,1598,-1,1598,1597,1599,-1,1600,1601,1602,-1,1602,1601,1603,-1,1602,1603,1604,-1,1604,1603,1605,-1,1606,1607,1608,-1,1608,1607,1609,-1,1608,1609,1610,-1,1611,1612,1613,-1,1591,1593,1613,-1,1613,1593,1614,-1,1613,1614,1611,-1,1589,1588,1614,-1,1614,1588,1615,-1,1614,1615,1611,-1,1616,1617,1590,-1,1590,1617,1618,-1,1590,1618,1588,-1,1619,1620,1621,-1,1621,1620,1622,-1,1621,1622,1623,-1,1623,1622,1624,-1,1623,1624,1625,-1,1625,1624,1626,-1,1625,1626,1627,-1,1626,1628,1627,-1,1627,1628,1629,-1,1627,1629,1630,-1,1630,1629,1631,-1,1630,1631,1632,-1,1632,1631,1633,-1,1632,1633,1634,-1,1634,1633,1635,-1,1634,1635,1636,-1,1636,1635,1586,-1,1586,1635,1637,-1,1586,1637,1587,-1,1585,1587,1638,-1,1638,1587,1639,-1,1638,1639,1640,-1,1640,1639,1641,-1,1641,1639,1642,-1,1641,1642,1643,-1,1643,1642,1644,-1,1643,1644,1645,-1,1642,1646,1644,-1,1644,1646,1647,-1,1644,1647,1648,-1,1649,1650,1651,-1,1651,1650,1652,-1,1651,1652,1647,-1,1647,1652,1653,-1,1647,1653,1648,-1,1654,1655,1656,-1,1654,1656,1657,-1,1656,1658,1657,-1,1657,1658,1659,-1,1657,1659,1660,-1,1660,1659,1661,-1,1660,1661,1662,-1,1661,1663,1662,-1,1662,1663,1664,-1,1662,1664,1665,-1,1664,1666,1665,-1,1665,1666,1667,-1,1665,1667,1668,-1,1668,1667,1669,-1,1668,1669,1670,-1,1670,1669,1671,-1,1670,1671,1672,-1,1673,1674,1675,-1,1676,1673,1677,-1,1677,1673,1675,-1,1677,1675,1678,-1,1678,1675,1679,-1,1678,1679,1680,-1,1680,1679,1681,-1,1680,1681,1584,-1,1584,1681,1682,-1,1584,1682,1582,-1,1683,1684,1685,-1,1685,1684,1686,-1,1685,1686,1687,-1,1688,1689,1690,-1,1689,1688,1691,-1,1691,1688,1692,-1,1691,1692,1693,-1,1692,1694,1693,-1,1693,1694,1695,-1,1693,1695,1696,-1,1696,1695,1697,-1,1697,1695,1698,-1,1697,1698,1699,-1,1700,1701,1702,-1,1702,1701,1703,-1,1702,1703,1704,-1,1704,1703,1705,-1,1704,1705,1706,-1,1609,1707,1610,-1,1610,1707,1708,-1,1610,1708,1709,-1,1709,1708,1710,-1,1709,1710,1711,-1,1711,1710,1712,-1,1711,1712,1713,-1,1713,1712,1714,-1,1713,1714,1715,-1,1715,1714,1716,-1,1715,1716,1717,-1,1717,1716,1718,-1,1717,1718,1719,-1,1719,1718,1579,-1,1719,1579,1720,-1,1720,1579,1581,-1,1720,1581,1721,-1,1721,1581,1595,-1,1580,1722,1581,-1,1581,1722,1592,-1,1581,1592,1594,-1,1594,1592,1591,-1,1722,1723,1592,-1,1592,1723,1724,-1,1592,1724,1593,-1,1593,1724,1725,-1,1593,1725,1614,-1,1621,1726,1619,-1,1619,1726,1727,-1,1619,1727,1728,-1,1728,1727,1729,-1,1728,1729,1730,-1,1730,1729,1616,-1,1730,1616,1731,-1,1731,1616,1590,-1,1731,1590,1732,-1,1732,1590,1589,-1,1732,1589,1733,-1,1733,1589,1614,-1,1733,1614,1734,-1,1734,1614,1725,-1,1637,1735,1587,-1,1587,1735,1736,-1,1587,1736,1639,-1,1639,1736,1737,-1,1639,1737,1642,-1,1737,1738,1642,-1,1642,1738,1739,-1,1642,1739,1646,-1,1646,1739,1740,-1,1646,1740,1647,-1,1654,1741,1655,-1,1655,1741,1742,-1,1655,1742,1743,-1,1743,1742,1649,-1,1743,1649,1744,-1,1744,1649,1651,-1,1744,1651,1745,-1,1745,1651,1647,-1,1745,1647,1746,-1,1746,1647,1740,-1,1672,1671,1747,-1,1747,1671,1748,-1,1747,1748,1583,-1,1583,1748,1749,-1,1583,1749,1584,-1,1749,1750,1584,-1,1584,1750,1751,-1,1584,1751,1680,-1,1680,1751,1752,-1,1680,1752,1678,-1,1752,1753,1678,-1,1678,1753,1754,-1,1678,1754,1677,-1,1677,1754,1755,-1,1677,1755,1756,-1,1756,1755,1757,-1,1756,1757,1758,-1,1676,1677,1687,-1,1687,1677,1756,-1,1687,1756,1685,-1,1685,1756,1758,-1,1685,1758,1683,-1,1683,1758,1759,-1,1683,1759,1690,-1,1690,1759,1760,-1,1690,1760,1688,-1,1761,1702,1762,-1,1762,1702,1704,-1,1762,1704,1763,-1,1763,1704,1706,-1,1763,1706,1764,-1,1764,1706,1765,-1,1764,1765,1766,-1,1766,1765,1767,-1,1766,1767,1768,-1,1768,1767,1769,-1,1768,1769,1770,-1,1770,1769,1771,-1,1770,1771,1772,-1,1772,1771,1699,-1,1772,1699,1773,-1,1773,1699,1698,-1,1761,1774,1702,-1,1702,1774,1599,-1,1702,1599,1700,-1,1700,1599,1597,-1,1774,1775,1599,-1,1599,1775,1776,-1,1599,1776,1598,-1,1598,1776,1601,-1,1598,1601,1777,-1,1777,1601,1600,-1,1608,1778,1606,-1,1606,1778,1779,-1,1606,1779,1780,-1,1780,1779,1781,-1,1780,1781,1782,-1,1782,1781,1605,-1,1782,1605,1783,-1,1783,1605,1603,-1,1783,1603,1784,-1,1784,1603,1601,-1,1784,1601,1785,-1,1785,1601,1776,-1,1785,1776,1786,-1,1786,1776,1775,-1,1787,1788,1789,-1,1789,1790,1787,-1,1787,1790,1791,-1,1787,1791,1792,-1,1791,1793,1792,-1,1792,1793,1794,-1,1792,1794,1795,-1,1794,1796,1795,-1,1795,1796,1797,-1,1795,1797,1798,-1,1797,1799,1798,-1,1798,1799,1800,-1,1798,1800,1801,-1,1800,1802,1801,-1,1801,1802,1803,-1,1801,1803,1804,-1,1803,1805,1804,-1,1804,1805,1806,-1,1804,1806,1807,-1,1806,1808,1807,-1,1807,1808,1809,-1,1807,1809,1810,-1,1810,1809,1811,-1,1810,1811,1812,-1,1811,1813,1812,-1,1812,1813,1814,-1,1812,1814,1815,-1,1814,1816,1815,-1,1815,1816,1817,-1,1815,1817,1818,-1,1817,1819,1818,-1,1818,1819,1820,-1,1818,1820,1821,-1,1820,1822,1821,-1,1821,1822,1823,-1,1821,1823,1824,-1,1823,1825,1824,-1,1824,1825,1826,-1,1824,1826,1827,-1,1826,1828,1827,-1,1827,1828,1829,-1,1827,1829,1830,-1,1829,1831,1830,-1,1830,1831,1832,-1,1830,1832,1833,-1,1833,1832,1834,-1,1833,1834,1835,-1,1834,1836,1835,-1,1835,1836,1837,-1,1835,1837,1838,-1,1837,1839,1838,-1,1838,1839,1840,-1,1838,1840,1841,-1,1840,1842,1841,-1,1841,1842,1843,-1,1841,1843,1844,-1,1843,1845,1844,-1,1844,1845,1846,-1,1844,1846,1847,-1,1846,1848,1847,-1,1847,1848,1849,-1,1847,1849,1850,-1,1849,1851,1850,-1,1850,1851,1852,-1,1850,1852,1853,-1,1852,1854,1853,-1,1853,1854,1855,-1,1853,1855,1856,-1,1856,1855,1857,-1,1856,1857,1858,-1,1857,1859,1858,-1,1858,1859,1860,-1,1858,1860,1861,-1,1860,1862,1861,-1,1861,1862,1863,-1,1861,1863,1864,-1,1863,1865,1864,-1,1864,1865,1866,-1,1864,1866,1867,-1,1866,1868,1867,-1,1867,1868,1869,-1,1867,1869,1870,-1,1869,1871,1870,-1,1870,1871,1872,-1,1870,1872,1873,-1,1872,1874,1873,-1,1873,1874,1875,-1,1873,1875,1876,-1,1875,1877,1876,-1,1876,1877,1878,-1,1876,1878,1879,-1,1878,1880,1879,-1,1879,1880,1881,-1,1879,1881,1882,-1,1882,1881,1883,-1,1882,1883,1788,-1,1788,1883,1884,-1,1788,1884,1789,-1,1885,1886,1887,-1,1887,1888,1889,-1,1889,1888,1890,-1,1889,1890,1891,-1,1892,1893,1894,-1,1886,1895,1887,-1,1887,1895,1896,-1,1887,1896,1888,-1,1891,1897,1889,-1,1889,1897,1898,-1,1889,1898,1899,-1,1894,1900,1892,-1,1892,1900,1901,-1,1892,1901,1902,-1,1902,1903,1892,-1,1892,1903,1904,-1,1892,1904,1887,-1,1887,1904,1905,-1,1887,1905,1885,-1,1898,1906,1899,-1,1899,1906,1907,-1,1899,1907,1908,-1,1908,1907,1909,-1,1908,1909,1910,-1,1910,1909,1911,-1,1910,1911,1912,-1,1912,1911,1913,-1,1912,1913,1914,-1,1914,1913,1915,-1,1914,1915,1916,-1,1916,1915,1917,-1,1916,1917,1893,-1,1893,1917,1918,-1,1893,1918,1894,-1,1919,1920,1921,-1,1921,1920,1922,-1,1923,1924,1925,-1,1925,1926,1923,-1,1923,1926,1927,-1,1923,1927,1921,-1,1921,1927,1928,-1,1921,1928,1919,-1,1922,1929,1921,-1,1921,1929,1930,-1,1921,1930,1931,-1,1931,1930,1932,-1,1931,1932,1933,-1,1933,1934,1931,-1,1931,1934,1935,-1,1931,1935,1936,-1,1937,1938,1923,-1,1923,1938,1939,-1,1923,1939,1924,-1,1935,1940,1936,-1,1936,1940,1941,-1,1936,1941,1942,-1,1942,1941,1943,-1,1942,1943,1944,-1,1944,1943,1945,-1,1944,1945,1946,-1,1946,1945,1947,-1,1946,1947,1948,-1,1948,1947,1949,-1,1948,1949,1950,-1,1950,1949,1951,-1,1950,1951,1937,-1,1937,1951,1952,-1,1937,1952,1938,-1,1953,1954,1955,-1,1956,1957,1958,-1,1958,1957,1959,-1,1960,1961,1953,-1,1953,1961,1962,-1,1953,1962,1954,-1,1959,1963,1958,-1,1958,1963,1964,-1,1958,1964,1965,-1,1965,1964,1966,-1,1965,1966,1967,-1,1968,1969,1970,-1,1970,1969,1971,-1,1970,1971,1972,-1,1972,1971,1973,-1,1972,1973,1974,-1,1974,1973,1975,-1,1974,1975,1976,-1,1976,1975,1977,-1,1976,1977,1978,-1,1978,1977,1979,-1,1978,1979,1960,-1,1960,1979,1980,-1,1960,1980,1961,-1,1955,1981,1953,-1,1953,1981,1982,-1,1953,1982,1958,-1,1958,1982,1983,-1,1958,1983,1956,-1,1967,1984,1965,-1,1965,1984,1985,-1,1965,1985,1968,-1,1968,1985,1986,-1,1968,1986,1969,-1,1612,1987,1988,-1,1988,1987,1989,-1,1604,1990,1991,-1,1892,1887,1991,-1,1991,1887,1596,-1,1991,1596,1992,-1,1990,1993,1991,-1,1991,1993,1994,-1,1991,1994,1995,-1,1996,1997,1988,-1,1988,1997,1715,-1,1715,1998,1988,-1,1988,1998,1999,-1,1988,1999,2000,-1,2001,2002,1988,-1,1988,2002,2003,-1,1988,2003,1612,-1,1995,1778,1991,-1,1991,1778,2004,-1,1991,2004,2005,-1,1992,2006,1991,-1,1991,2006,1600,-1,1991,1600,2007,-1,2007,2008,1991,-1,1991,2008,2009,-1,1991,2009,1604,-1,2005,2010,1991,-1,1991,2010,1709,-1,1991,1709,1988,-1,1988,1709,2011,-1,1988,2011,1996,-1,2000,2012,1988,-1,1988,2012,1721,-1,1988,1721,2013,-1,2013,2014,1988,-1,1988,2014,2015,-1,1988,2015,2001,-1,1596,1887,2016,-1,2016,1887,1889,-1,2017,2018,2016,-1,1923,1921,2019,-1,2019,1921,1674,-1,1684,2020,2019,-1,2019,2021,1691,-1,2017,2016,2022,-1,2018,1769,2016,-1,2016,1769,2023,-1,2016,2023,2024,-1,2025,2016,2026,-1,2026,2016,2027,-1,2020,2028,2019,-1,2019,2028,2029,-1,2019,2029,2021,-1,1691,2030,2019,-1,2019,2030,2031,-1,2019,2031,2032,-1,2032,2033,2019,-1,2019,2033,1697,-1,2019,1697,2016,-1,2016,1697,2034,-1,2016,2034,2022,-1,2024,2035,2016,-1,2016,2035,2036,-1,2016,2036,2027,-1,2027,2036,1705,-1,2025,2037,2016,-1,2016,2037,2038,-1,2016,2038,1596,-1,1674,2039,2019,-1,2019,2039,1676,-1,2019,1676,2040,-1,2040,2041,2019,-1,2019,2041,2042,-1,2019,2042,1684,-1,2043,1953,1958,-1,1665,1442,1444,-1,1562,1563,2043,-1,2043,1563,1564,-1,2043,1564,1565,-1,1921,1931,2044,-1,2044,1574,1921,-1,1921,1574,1575,-1,1921,1575,1674,-1,1674,1575,1576,-1,1554,1675,1578,-1,1578,1675,1674,-1,1578,1674,1577,-1,1577,1674,1576,-1,1356,1681,1554,-1,1554,1681,1679,-1,1554,1679,1675,-1,1456,1747,1356,-1,1356,1747,1583,-1,1583,1582,1356,-1,1356,1582,1682,-1,1356,1682,1681,-1,1665,1668,1442,-1,1442,1668,1670,-1,1442,1670,1456,-1,1456,1670,1672,-1,1456,1672,1747,-1,1400,1660,1444,-1,1444,1660,1662,-1,1444,1662,1665,-1,1565,1566,2043,-1,2043,1566,1567,-1,2043,1567,2044,-1,2044,1567,1568,-1,1568,1569,2044,-1,2044,1569,1570,-1,2044,1570,1571,-1,1644,1362,1645,-1,1645,1362,1556,-1,1645,1556,1557,-1,1557,1558,1645,-1,1645,1558,1559,-1,1645,1559,1958,-1,1958,1559,1560,-1,1958,1560,2043,-1,2043,1560,1561,-1,2043,1561,1562,-1,1571,1572,2044,-1,2044,1572,1573,-1,2044,1573,1574,-1,1742,1741,1381,-1,1381,1741,1654,-1,1381,1654,1400,-1,1400,1654,1657,-1,1400,1657,1660,-1,1742,1381,1649,-1,1649,1381,1363,-1,1649,1363,1650,-1,1644,1648,1362,-1,1362,1648,1653,-1,1362,1653,1363,-1,1363,1653,1652,-1,1363,1652,1650,-1,1645,1958,2045,-1,2045,1958,1965,-1,2046,1987,2047,-1,2047,1987,1612,-1,1632,2048,2045,-1,2049,2050,2047,-1,2047,2050,1726,-1,2051,2052,2045,-1,2045,2052,2053,-1,2045,2053,1632,-1,2045,2054,1585,-1,1617,2055,2047,-1,2047,2055,2056,-1,2047,2056,2049,-1,1726,2057,2047,-1,2047,2057,2058,-1,2047,2058,2059,-1,2059,2060,2047,-1,2047,2060,1625,-1,2047,1625,2045,-1,2045,1625,2061,-1,2045,2061,2051,-1,2048,2062,2045,-1,2045,2062,2063,-1,2045,2063,2054,-1,1585,2064,2045,-1,2045,2064,2065,-1,2045,2065,2066,-1,2066,2067,2045,-1,2045,2067,2068,-1,2045,2068,1645,-1,1612,2069,2047,-1,2047,2069,1615,-1,2047,1615,2070,-1,2070,2071,2047,-1,2047,2071,2072,-1,2047,2072,1617,-1,2073,2074,1987,-1,2046,2075,2076,-1,1987,2077,1989,-1,1989,2077,2078,-1,1989,2078,2079,-1,2080,2081,2046,-1,2046,2081,2082,-1,2046,2082,2075,-1,2074,2083,1987,-1,1987,2083,2084,-1,1987,2084,2077,-1,2079,2085,1989,-1,1989,2085,2086,-1,1989,2086,2087,-1,2086,2088,2087,-1,2087,2088,2089,-1,2087,2089,2090,-1,2090,2089,2091,-1,2090,2091,2092,-1,2092,2091,2093,-1,2092,2093,2094,-1,2094,2093,2095,-1,2094,2095,2096,-1,2096,2095,2097,-1,2096,2097,2098,-1,2098,2097,2099,-1,2098,2099,2080,-1,2080,2099,2100,-1,2080,2100,2081,-1,2076,2101,2046,-1,2046,2101,2102,-1,2046,2102,1987,-1,1987,2102,2103,-1,1987,2103,2073,-1,1991,2104,1892,-1,1892,2104,1893,-1,2105,1899,1908,-1,2105,1908,2106,-1,2106,1908,1910,-1,2106,1910,2107,-1,2107,1910,1912,-1,2107,1912,2108,-1,2108,1912,1914,-1,2108,1914,2109,-1,2109,1914,1916,-1,2109,1916,2110,-1,2110,1916,1893,-1,2110,1893,2104,-1,2105,2016,1899,-1,1899,2016,1889,-1,2019,2111,1923,-1,1923,2111,1937,-1,2112,1936,1942,-1,2112,1942,2113,-1,2113,1942,1944,-1,2113,1944,2114,-1,2114,1944,1946,-1,2114,1946,2115,-1,2115,1946,1948,-1,2115,1948,2116,-1,2116,1948,1950,-1,2116,1950,2117,-1,2117,1950,1937,-1,2117,1937,2111,-1,2112,2044,1936,-1,1936,2044,1931,-1,2043,2118,1953,-1,1953,2118,1960,-1,2119,1968,1970,-1,2119,1970,2120,-1,2120,1970,1972,-1,2120,1972,2121,-1,2121,1972,1974,-1,2121,1974,2122,-1,2122,1974,1976,-1,2122,1976,2123,-1,2123,1976,1978,-1,2123,1978,2124,-1,2124,1978,1960,-1,2124,1960,2118,-1,2119,2045,1968,-1,1968,2045,1965,-1,2047,2125,2046,-1,2046,2125,2080,-1,2126,2087,2090,-1,2126,2090,2127,-1,2127,2090,2092,-1,2127,2092,2128,-1,2128,2092,2094,-1,2128,2094,2129,-1,2129,2094,2096,-1,2129,2096,2130,-1,2130,2096,2098,-1,2130,2098,2131,-1,2131,2098,2080,-1,2131,2080,2125,-1,2126,1988,2087,-1,2087,1988,1989,-1,2123,2124,1787,-1,1787,2124,1788,-1,1861,2116,1858,-1,1858,2116,2117,-1,1858,2117,1856,-1,1835,2109,2110,-1,1798,2122,1795,-1,1795,2122,2123,-1,1795,2123,1792,-1,1792,2123,1787,-1,2111,2019,2016,-1,2124,2118,1788,-1,1788,2118,2043,-1,1788,2043,1882,-1,1882,2043,2044,-1,1882,2044,1879,-1,1879,2044,2112,-1,1879,2112,1876,-1,1876,2112,2113,-1,1876,2113,1873,-1,1873,2113,2114,-1,1873,2114,1870,-1,1870,2114,2115,-1,1870,2115,1867,-1,1867,2115,2116,-1,1867,2116,1864,-1,1864,2116,1861,-1,1835,2110,1833,-1,1833,2110,2104,-1,1833,2104,1830,-1,2125,2047,2045,-1,2117,2111,1856,-1,1856,2111,2016,-1,1856,2016,1853,-1,1853,2016,2105,-1,1853,2105,1850,-1,1850,2105,2106,-1,1850,2106,1847,-1,1847,2106,2107,-1,1847,2107,1844,-1,1844,2107,2108,-1,1844,2108,1841,-1,1841,2108,2109,-1,1841,2109,1838,-1,1838,2109,1835,-1,2131,1807,1810,-1,1810,1812,2131,-1,2131,1812,1815,-1,2131,1815,2130,-1,2130,1815,1818,-1,2130,1818,2129,-1,2129,1818,1821,-1,2129,1821,2128,-1,2128,1821,1824,-1,2128,1824,2127,-1,2127,1824,1827,-1,2127,1827,2126,-1,2126,1827,1830,-1,2126,1830,1988,-1,1988,1830,2104,-1,1988,2104,1991,-1,2131,2125,1807,-1,1807,2125,2045,-1,1807,2045,1804,-1,1804,2045,2119,-1,1804,2119,1801,-1,1801,2119,2120,-1,1801,2120,1798,-1,1798,2120,2121,-1,1798,2121,2122,-1,
        ]
    }
}
Shape{
    appearance Appearance {
        material  Material 	{
            diffuseColor 1.0 1.0 1.0
            specularColor 0.5019607843137255 0.5019607843137255 0.5019607843137255
            ambientIntensity 1.0
            transparency 0.0
            shininess 0.5
        }
    }
    geometry IndexedFaceSet {
        ccw TRUE
        solid FALSE
        coord DEF co Coordinate {
            point [
                1.4665 -1.6535 0.1969, 1.4732 -1.7045 0.1969, 0.8638 -1.7634 0.1969, 1.9337 -2.414 0.1969, 1.7143 -1.8437 0.1969, 1.7618 -1.824 0.1969, 1.8026 -1.7927 0.1969, 2.1288 -2.3129 0.1969, 2.0347 -2.3701 0.1969, 1.6124 -1.4634 0.1969, 1.6083 -0.8484 0.1969, 1.6634 -1.4567 0.1969, 1.7185 -0.8484 0.1969, 1.7143 -1.4634 0.1969, 1.565 -1.4831 0.1969, 1.3931 -0.8931 0.1969, 1.4992 -0.8634 0.1969, 1.5242 -1.5143 0.1969, 1.198 -0.9942 0.1969, 1.2921 -0.937 0.1969, 0.8563 -1.6535 0.1969, 0.8638 -1.5436 0.1969, 1.4732 -1.6026 0.1969, 1.8339 -1.752 0.1969, 2.2894 -2.1629 0.1969, 2.2142 -2.2434 0.1969, 1.8535 -1.7045 0.1969, 2.4036 -1.9751 0.1969, 2.353 -2.0729 0.1969, 1.8026 -1.5143 0.1969, 1.7618 -1.4831 0.1969, 2.1288 -0.9942 0.1969, 1.8276 -0.8634 0.1969, 1.9337 -0.8931 0.1969, 2.0347 -0.937 0.1969, 1.4929 -1.5551 0.1969, 1.0373 -1.1442 0.1969, 1.1125 -1.0637 0.1969, 0.8863 -1.4358 0.1969, 0.9231 -1.332 0.1969, 0.9738 -1.2342 0.1969, 1.4929 -1.752 0.1969, 0.9231 -1.9751 0.1969, 0.8863 -1.8713 0.1969, 1.5242 -1.7927 0.1969, 1.0373 -2.1629 0.1969, 0.9738 -2.0729 0.1969, 1.8276 -2.4437 0.1969, 1.7185 -2.4587 0.1969, 1.6634 -1.8504 0.1969, 1.6083 -2.4587 0.1969, 1.6124 -1.8437 0.1969, 1.8602 -1.6535 0.1969, 2.4629 -1.7634 0.1969, 2.4405 -1.8713 0.1969, 1.565 -1.824 0.1969, 1.198 -2.3129 0.1969, 1.1125 -2.2434 0.1969, 1.4992 -2.4437 0.1969, 1.3931 -2.414 0.1969, 1.2921 -2.3701 0.1969, 1.8535 -1.6026 0.1969, 2.4629 -1.5436 0.1969, 2.4704 -1.6535 0.1969, 1.8339 -1.5551 0.1969, 2.4036 -1.332 0.1969, 2.4405 -1.4358 0.1969, 2.2142 -1.0637 0.1969, 2.2894 -1.1442 0.1969, 2.353 -1.2342 0.1969, 0.8218 -1.6535 0.2565, 0.8272 -1.7685 0.2497, 0.837 -1.8081 0.2565, 0.8374 -1.8178 0.2497, 0.838 -1.8177 0.2565, 0.8506 -1.8813 0.2497, 0.8802 -1.9571 0.2565, 0.8844 -1.9763 0.2497, 0.8859 -1.9756 0.2565, 0.8892 -1.9898 0.2497, 0.9499 -2.0955 0.2565, 0.9422 -2.0921 0.2497, 0.963 -2.1215 0.2497, 0.9636 -2.1211 0.2565, 1.0086 -2.1862 0.2497, 1.0437 -2.2187 0.2565, 1.0676 -2.2494 0.2497, 1.0683 -2.2486 0.2565, 1.0873 -2.2704 0.2497, 1.1584 -2.3225 0.2565, 1.1766 -2.3431 0.2497, 1.1958 -2.3533 0.2565, 1.1951 -2.3543 0.2497, 1.2751 -2.403 0.2497, 1.29 -2.4036 0.2565, 1.3411 -2.4317 0.2497, 1.3413 -2.4311 0.2565, 1.3807 -2.4489 0.2497, 1.4342 -2.4592 0.2565, 1.4917 -2.4799 0.2497, 1.4992 -2.4789 0.2565, 1.4988 -2.4809 0.2497, 1.5861 -2.4875 0.2565, 1.6058 -2.4956 0.2497, 1.6634 -2.4951 0.2565, 1.8276 -2.4789 0.2565, 1.7406 -2.4875 0.2565, 1.721 -2.4956 0.2497, 1.6634 -2.4956 0.2497, 1.828 -2.4809 0.2497, 1.8351 -2.4799 0.2497, 1.8926 -2.4592 0.2565, 1.946 -2.4489 0.2497, 1.9854 -2.4311 0.2565, 1.9857 -2.4317 0.2497, 2.0368 -2.4036 0.2565, 2.0517 -2.403 0.2497, 2.1309 -2.3533 0.2565, 2.1317 -2.3543 0.2497, 2.1501 -2.3431 0.2497, 2.1684 -2.3225 0.2565, 2.2395 -2.2704 0.2497, 2.2585 -2.2486 0.2565, 2.2591 -2.2494 0.2497, 2.2831 -2.2187 0.2565, 2.3181 -2.1862 0.2497, 2.3631 -2.1211 0.2565, 2.3638 -2.1215 0.2497, 2.3768 -2.0955 0.2565, 2.3846 -2.0921 0.2497, 2.4409 -1.9756 0.2565, 2.4376 -1.9898 0.2497, 2.4424 -1.9763 0.2497, 2.4465 -1.9571 0.2565, 2.4761 -1.8813 0.2497, 2.4888 -1.8177 0.2565, 2.4893 -1.8178 0.2497, 2.4897 -1.8081 0.2565, 2.4996 -1.7685 0.2497, 2.505 -1.6535 0.2565, 2.5074 -1.6535 0.2497, 2.4996 -1.5386 0.2497, 2.4897 -1.499 0.2565, 2.4893 -1.4893 0.2497, 2.4888 -1.4894 0.2565, 2.4761 -1.4258 0.2497, 2.4465 -1.35 0.2565, 2.4424 -1.3308 0.2497, 2.4409 -1.3315 0.2565, 2.4376 -1.3173 0.2497, 2.3768 -1.2116 0.2565, 2.3846 -1.215 0.2497, 2.3638 -1.1856 0.2497, 2.3631 -1.186 0.2565, 2.3181 -1.1209 0.2497, 2.2831 -1.0884 0.2565, 2.2591 -1.0577 0.2497, 2.2585 -1.0585 0.2565, 2.2395 -1.0367 0.2497, 2.1684 -0.9845 0.2565, 2.1501 -0.964 0.2497, 2.1309 -0.9538 0.2565, 2.1317 -0.9528 0.2497, 2.0517 -0.9041 0.2497, 2.0368 -0.9035 0.2565, 1.9857 -0.8754 0.2497, 1.9854 -0.876 0.2565, 1.946 -0.8582 0.2497, 1.8926 -0.8478 0.2565, 1.8351 -0.8271 0.2497, 1.8276 -0.8281 0.2565, 1.828 -0.8262 0.2497, 1.7406 -0.8196 0.2565, 1.721 -0.8115 0.2497, 1.6634 -0.812 0.2565, 1.4992 -0.8281 0.2565, 1.5861 -0.8196 0.2565, 1.6058 -0.8115 0.2497, 1.6634 -0.8115 0.2497, 1.4988 -0.8262 0.2497, 1.4917 -0.8271 0.2497, 1.4342 -0.8478 0.2565, 1.3807 -0.8582 0.2497, 1.3413 -0.876 0.2565, 1.3411 -0.8754 0.2497, 1.29 -0.9035 0.2565, 1.2751 -0.9041 0.2497, 1.1958 -0.9538 0.2565, 1.1951 -0.9528 0.2497, 1.1766 -0.964 0.2497, 1.1584 -0.9845 0.2565, 1.0873 -1.0367 0.2497, 1.0683 -1.0585 0.2565, 1.0676 -1.0577 0.2497, 1.0437 -1.0884 0.2565, 1.0086 -1.1209 0.2497, 0.9636 -1.186 0.2565, 0.963 -1.1856 0.2497, 0.9499 -1.2116 0.2565, 0.9422 -1.215 0.2497, 0.8859 -1.3315 0.2565, 0.8892 -1.3173 0.2497, 0.8844 -1.3308 0.2497, 0.8802 -1.35 0.2565, 0.8506 -1.4258 0.2497, 0.838 -1.4894 0.2565, 0.8374 -1.4893 0.2497, 0.837 -1.499 0.2565, 0.8272 -1.5386 0.2497, 0.8193 -1.6535 0.2497, 0.8486 -1.4252 0.2405, 1.007 -1.1195 0.2405, 1.2741 -0.9022 0.2405, 1.38 -0.8562 0.2405, 1.6056 -0.8093 0.2405, 1.7211 -0.8093 0.2405, 2.0527 -0.9022 0.2405, 2.3198 -1.1195 0.2405, 2.3864 -1.2139 0.2405, 2.4782 -1.4252 0.2405, 2.5017 -1.5383 0.2405, 2.4782 -1.8818 0.2405, 2.3198 -2.1876 0.2405, 2.0527 -2.4049 0.2405, 1.9468 -2.4509 0.2405, 1.7211 -2.4978 0.2405, 1.6056 -2.4978 0.2405, 1.2741 -2.4049 0.2405, 1.007 -2.1876 0.2405, 0.9404 -2.0932 0.2405, 0.8486 -1.8818 0.2405, 0.8251 -1.7688 0.2405, 1.1926 -2.3205 0.198, 1.2878 -2.3784 0.198, 1.1875 -2.3277 0.2013, 1.2837 -2.3863 0.2013, 1.183 -2.3341 0.2066, 1.2801 -2.3932 0.2066, 1.1794 -2.3392 0.2136, 1.2772 -2.3988 0.2136, 1.1768 -2.3429 0.222, 1.2752 -2.4027 0.222, 1.1755 -2.3448 0.2311, 1.2741 -2.4048 0.2311, 1.1754 -2.3449 0.2405, 1.4973 -2.4529 0.198, 1.6077 -2.4681 0.198, 1.4955 -2.4615 0.2013, 1.6071 -2.4769 0.2013, 1.4939 -2.4691 0.2066, 1.6065 -2.4846 0.2066, 1.4926 -2.4753 0.2136, 1.6061 -2.4909 0.2136, 1.4917 -2.4796 0.222, 1.6058 -2.4953 0.222, 1.4912 -2.4819 0.2311, 1.6056 -2.4977 0.2311, 1.4912 -2.482 0.2405, 2.2206 -2.2502 0.198, 2.2967 -2.1688 0.198, 2.2267 -2.2567 0.2013, 2.3035 -2.1743 0.2013, 2.232 -2.2623 0.2066, 2.3096 -2.1792 0.2066, 2.2363 -2.2669 0.2136, 2.3144 -2.1832 0.2136, 2.2393 -2.2702 0.222, 2.3179 -2.186 0.222, 2.2409 -2.2719 0.2311, 2.3197 -2.1875 0.2311, 2.241 -2.272 0.2405, 2.4122 -1.9788 0.198, 2.4495 -1.8738 0.198, 2.4203 -1.9823 0.2013, 2.458 -1.8762 0.2013, 2.4274 -1.9854 0.2066, 2.4655 -1.8783 0.2066, 2.4332 -1.9879 0.2136, 2.4716 -1.88 0.2136, 2.4373 -1.9897 0.222, 2.4758 -1.8812 0.222, 2.4394 -1.9906 0.2311, 2.4781 -1.8818 0.2311, 2.4395 -1.9907 0.2405, 2.1342 -0.9866 0.198, 2.039 -0.9287 0.198, 2.1393 -0.9793 0.2013, 2.043 -0.9208 0.2013, 2.1438 -0.973 0.2066, 2.0466 -0.9139 0.2066, 2.1474 -0.9678 0.2136, 2.0495 -0.9083 0.2136, 2.15 -0.9642 0.222, 2.0516 -0.9044 0.222, 2.1513 -0.9623 0.2311, 2.0526 -0.9023 0.2311, 2.1514 -0.9622 0.2405, 1.8295 -0.8542 0.198, 1.7191 -0.839 0.198, 1.8313 -0.8456 0.2013, 1.7197 -0.8302 0.2013, 1.8329 -0.8379 0.2066, 1.7202 -0.8225 0.2066, 1.8341 -0.8318 0.2136, 1.7207 -0.8162 0.2136, 1.8351 -0.8274 0.222, 1.721 -0.8118 0.222, 1.8355 -0.8251 0.2311, 1.7211 -0.8094 0.2311, 1.8355 -0.825 0.2405, 1.1061 -1.0569 0.198, 1.0301 -1.1383 0.198, 1.1001 -1.0504 0.2013, 1.0232 -1.1327 0.2013, 1.0948 -1.0447 0.2066, 1.0172 -1.1278 0.2066, 1.0905 -1.0401 0.2136, 1.0123 -1.1239 0.2136, 1.0875 -1.0369 0.222, 1.0089 -1.1211 0.222, 1.0859 -1.0352 0.2311, 1.0071 -1.1196 0.2311, 1.0858 -1.0351 0.2405, 0.9146 -1.3283 0.198, 0.8772 -1.4333 0.198, 0.9065 -1.3248 0.2013, 0.8687 -1.4309 0.2013, 0.8993 -1.3217 0.2066, 0.8613 -1.4288 0.2066, 0.8936 -1.3192 0.2136, 0.8552 -1.4271 0.2136, 0.8895 -1.3174 0.222, 0.8509 -1.4259 0.222, 0.8873 -1.3165 0.2311, 0.8487 -1.4253 0.2311, 0.8872 -1.3164 0.2405, 0.847 -1.6535 0.198, 0.8546 -1.7647 0.198, 0.8381 -1.6535 0.2013, 0.8458 -1.7659 0.2013, 0.8304 -1.6535 0.2066, 0.8381 -1.767 0.2066, 0.8241 -1.6535 0.2136, 0.8319 -1.7678 0.2136, 0.8196 -1.6535 0.222, 0.8275 -1.7684 0.222, 0.8173 -1.6535 0.2311, 0.8252 -1.7687 0.2311, 0.8172 -1.6535 0.2405, 0.8772 -1.8738 0.198, 0.8687 -1.8762 0.2013, 0.8613 -1.8783 0.2066, 0.8552 -1.88 0.2136, 0.8509 -1.8812 0.222, 0.8487 -1.8818 0.2311, 0.8872 -1.9907 0.2405, 0.8873 -1.9906 0.2311, 0.8895 -1.9897 0.222, 0.8936 -1.9879 0.2136, 0.8993 -1.9854 0.2066, 0.9065 -1.9823 0.2013, 0.9146 -1.9788 0.198, 0.9658 -2.0777 0.198, 0.9583 -2.0823 0.2013, 0.9516 -2.0864 0.2066, 0.9463 -2.0896 0.2136, 0.9425 -2.0919 0.222, 0.9405 -2.0932 0.2311, 1.0301 -2.1688 0.198, 1.0232 -2.1743 0.2013, 1.0172 -2.1792 0.2066, 1.0123 -2.1832 0.2136, 1.0089 -2.186 0.222, 1.0071 -2.1875 0.2311, 1.0858 -2.272 0.2405, 1.0859 -2.2719 0.2311, 1.0875 -2.2702 0.222, 1.0905 -2.2669 0.2136, 1.0948 -2.2623 0.2066, 1.1001 -2.2567 0.2013, 1.1061 -2.2502 0.198, 1.38 -2.4509 0.2405, 1.38 -2.4508 0.2311, 1.3808 -2.4486 0.222, 1.3823 -2.4444 0.2136, 1.3844 -2.4385 0.2066, 1.387 -2.4311 0.2013, 1.39 -2.4228 0.198, 1.7211 -2.4977 0.2311, 1.721 -2.4953 0.222, 1.7207 -2.4909 0.2136, 1.7202 -2.4846 0.2066, 1.7197 -2.4769 0.2013, 1.7191 -2.4681 0.198, 1.8355 -2.482 0.2405, 1.8355 -2.4819 0.2311, 1.8351 -2.4796 0.222, 1.8341 -2.4753 0.2136, 1.8329 -2.4691 0.2066, 1.8313 -2.4615 0.2013, 1.8295 -2.4529 0.198, 1.9368 -2.4228 0.198, 1.9397 -2.4311 0.2013, 1.9423 -2.4385 0.2066, 1.9445 -2.4444 0.2136, 1.9459 -2.4486 0.222, 1.9467 -2.4508 0.2311, 2.039 -2.3784 0.198, 2.043 -2.3863 0.2013, 2.0466 -2.3932 0.2066, 2.0495 -2.3988 0.2136, 2.0516 -2.4027 0.222, 2.0526 -2.4048 0.2311, 2.1514 -2.3449 0.2405, 2.1513 -2.3448 0.2311, 2.15 -2.3429 0.222, 2.1474 -2.3392 0.2136, 2.1438 -2.3341 0.2066, 2.1393 -2.3277 0.2013, 2.1342 -2.3205 0.198, 2.3864 -2.0932 0.2405, 2.3863 -2.0932 0.2311, 2.3843 -2.0919 0.222, 2.3805 -2.0896 0.2136, 2.3751 -2.0864 0.2066, 2.3685 -2.0823 0.2013, 2.3609 -2.0777 0.198, 2.5017 -1.7688 0.2405, 2.5016 -1.7687 0.2311, 2.4993 -1.7684 0.222, 2.4949 -1.7678 0.2136, 2.4886 -1.767 0.2066, 2.4809 -1.7659 0.2013, 2.4722 -1.7647 0.198, 2.4798 -1.6535 0.198, 2.4886 -1.6535 0.2013, 2.4964 -1.6535 0.2066, 2.5027 -1.6535 0.2136, 2.5071 -1.6535 0.222, 2.5095 -1.6535 0.2311, 2.5096 -1.6535 0.2405, 2.4722 -1.5424 0.198, 2.4809 -1.5412 0.2013, 2.4886 -1.5401 0.2066, 2.4949 -1.5393 0.2136, 2.4993 -1.5386 0.222, 2.5016 -1.5383 0.2311, 2.4495 -1.4333 0.198, 2.458 -1.4309 0.2013, 2.4655 -1.4288 0.2066, 2.4716 -1.4271 0.2136, 2.4758 -1.4259 0.222, 2.4781 -1.4253 0.2311, 2.4395 -1.3164 0.2405, 2.4394 -1.3165 0.2311, 2.4373 -1.3174 0.222, 2.4332 -1.3192 0.2136, 2.4274 -1.3217 0.2066, 2.4203 -1.3248 0.2013, 2.4122 -1.3283 0.198, 2.3609 -1.2293 0.198, 2.3685 -1.2248 0.2013, 2.3751 -1.2207 0.2066, 2.3805 -1.2174 0.2136, 2.3843 -1.2151 0.222, 2.3863 -1.2139 0.2311, 2.2967 -1.1383 0.198, 2.3035 -1.1327 0.2013, 2.3096 -1.1278 0.2066, 2.3144 -1.1239 0.2136, 2.3179 -1.1211 0.222, 2.3197 -1.1196 0.2311, 2.241 -1.0351 0.2405, 2.2409 -1.0352 0.2311, 2.2393 -1.0369 0.222, 2.2363 -1.0401 0.2136, 2.232 -1.0447 0.2066, 2.2267 -1.0504 0.2013, 2.2206 -1.0569 0.198, 1.9468 -0.8562 0.2405, 1.9467 -0.8563 0.2311, 1.9459 -0.8585 0.222, 1.9445 -0.8627 0.2136, 1.9423 -0.8686 0.2066, 1.9397 -0.876 0.2013, 1.9368 -0.8843 0.198, 1.6056 -0.8094 0.2311, 1.6058 -0.8118 0.222, 1.6061 -0.8162 0.2136, 1.6065 -0.8225 0.2066, 1.6071 -0.8302 0.2013, 1.6077 -0.839 0.198, 1.4912 -0.825 0.2405, 1.4912 -0.8251 0.2311, 1.4917 -0.8274 0.222, 1.4926 -0.8318 0.2136, 1.4939 -0.8379 0.2066, 1.4955 -0.8456 0.2013, 1.4973 -0.8542 0.198, 1.39 -0.8843 0.198, 1.387 -0.876 0.2013, 1.3844 -0.8686 0.2066, 1.3823 -0.8627 0.2136, 1.3808 -0.8585 0.222, 1.38 -0.8563 0.2311, 1.2878 -0.9287 0.198, 1.2837 -0.9208 0.2013, 1.2801 -0.9139 0.2066, 1.2772 -0.9083 0.2136, 1.2752 -0.9044 0.222, 1.2741 -0.9023 0.2311, 1.1754 -0.9622 0.2405, 1.1755 -0.9623 0.2311, 1.1768 -0.9642 0.222, 1.1794 -0.9678 0.2136, 1.183 -0.973 0.2066, 1.1875 -0.9793 0.2013, 1.1926 -0.9866 0.198, 0.9404 -1.2139 0.2405, 0.9405 -1.2139 0.2311, 0.9425 -1.2151 0.222, 0.9463 -1.2174 0.2136, 0.9516 -1.2207 0.2066, 0.9583 -1.2248 0.2013, 0.9658 -1.2293 0.198, 0.8251 -1.5383 0.2405, 0.8252 -1.5383 0.2311, 0.8275 -1.5386 0.222, 0.8319 -1.5393 0.2136, 0.8381 -1.5401 0.2066, 0.8458 -1.5412 0.2013, 0.8546 -1.5424 0.198
            ]
        }
        coordIndex [
            0,1,2,-1,3,4,5,-1,6,7,5,-1,5,7,8,-1,5,8,3,-1,9,10,11,-1,11,10,12,-1,11,12,13,-1,14,15,9,-1,9,15,16,-1,9,16,10,-1,17,18,14,-1,14,18,19,-1,14,19,15,-1,2,20,0,-1,0,20,21,-1,0,21,22,-1,23,24,6,-1,6,24,25,-1,6,25,7,-1,26,27,23,-1,23,27,28,-1,23,28,24,-1,29,30,31,-1,12,32,13,-1,13,32,33,-1,13,33,30,-1,30,33,34,-1,30,34,31,-1,35,36,17,-1,17,36,37,-1,17,37,18,-1,21,38,22,-1,22,38,39,-1,22,39,35,-1,35,39,40,-1,35,40,36,-1,41,42,1,-1,1,42,43,-1,1,43,2,-1,44,45,41,-1,41,45,46,-1,41,46,42,-1,3,47,4,-1,4,47,48,-1,4,48,49,-1,49,48,50,-1,49,50,51,-1,52,53,26,-1,26,53,54,-1,26,54,27,-1,55,56,44,-1,44,56,57,-1,44,57,45,-1,50,58,51,-1,51,58,59,-1,51,59,55,-1,55,59,60,-1,55,60,56,-1,61,62,52,-1,52,62,63,-1,52,63,53,-1,64,65,61,-1,61,65,66,-1,61,66,62,-1,31,67,29,-1,29,67,68,-1,29,68,64,-1,64,68,69,-1,64,69,65,-1,70,71,72,-1,72,71,73,-1,72,73,74,-1,74,73,75,-1,74,75,76,-1,76,75,77,-1,76,77,78,-1,78,77,79,-1,78,79,80,-1,79,81,80,-1,80,81,82,-1,80,82,83,-1,83,82,84,-1,83,84,85,-1,85,84,86,-1,85,86,87,-1,87,86,88,-1,87,88,89,-1,89,88,90,-1,89,90,91,-1,90,92,91,-1,91,92,93,-1,91,93,94,-1,94,93,95,-1,94,95,96,-1,96,95,97,-1,96,97,98,-1,98,97,99,-1,98,99,100,-1,100,99,101,-1,100,101,102,-1,102,101,103,-1,102,103,104,-1,105,106,107,-1,107,106,104,-1,107,104,108,-1,108,104,103,-1,107,109,105,-1,105,109,110,-1,105,110,111,-1,111,110,112,-1,111,112,113,-1,113,112,114,-1,113,114,115,-1,115,114,116,-1,115,116,117,-1,116,118,117,-1,117,118,119,-1,117,119,120,-1,120,119,121,-1,120,121,122,-1,122,121,123,-1,122,123,124,-1,124,123,125,-1,124,125,126,-1,126,125,127,-1,126,127,128,-1,128,127,129,-1,128,129,130,-1,129,131,130,-1,130,131,132,-1,130,132,133,-1,133,132,134,-1,133,134,135,-1,135,134,136,-1,135,136,137,-1,137,136,138,-1,137,138,139,-1,138,140,139,-1,139,140,141,-1,139,141,142,-1,142,141,143,-1,142,143,144,-1,144,143,145,-1,144,145,146,-1,146,145,147,-1,146,147,148,-1,148,147,149,-1,148,149,150,-1,149,151,150,-1,150,151,152,-1,150,152,153,-1,153,152,154,-1,153,154,155,-1,155,154,156,-1,155,156,157,-1,157,156,158,-1,157,158,159,-1,159,158,160,-1,159,160,161,-1,160,162,161,-1,161,162,163,-1,161,163,164,-1,164,163,165,-1,164,165,166,-1,166,165,167,-1,166,167,168,-1,168,167,169,-1,168,169,170,-1,170,169,171,-1,170,171,172,-1,172,171,173,-1,172,173,174,-1,175,176,177,-1,177,176,174,-1,177,174,178,-1,178,174,173,-1,177,179,175,-1,175,179,180,-1,175,180,181,-1,181,180,182,-1,181,182,183,-1,183,182,184,-1,183,184,185,-1,185,184,186,-1,185,186,187,-1,186,188,187,-1,187,188,189,-1,187,189,190,-1,190,189,191,-1,190,191,192,-1,192,191,193,-1,192,193,194,-1,194,193,195,-1,194,195,196,-1,196,195,197,-1,196,197,198,-1,198,197,199,-1,198,199,200,-1,199,201,200,-1,200,201,202,-1,200,202,203,-1,203,202,204,-1,203,204,205,-1,205,204,206,-1,205,206,207,-1,207,206,208,-1,207,208,70,-1,70,208,209,-1,70,209,71,-1,206,204,210,-1,197,195,211,-1,188,186,212,-1,184,182,213,-1,179,177,214,-1,178,173,215,-1,165,163,216,-1,156,154,217,-1,152,151,218,-1,147,145,219,-1,143,141,220,-1,136,134,221,-1,127,125,222,-1,118,116,223,-1,114,112,224,-1,109,107,225,-1,108,103,226,-1,95,93,227,-1,86,84,228,-1,82,81,229,-1,77,75,230,-1,73,71,231,-1,56,60,232,-1,232,60,233,-1,232,233,234,-1,234,233,235,-1,234,235,236,-1,236,235,237,-1,236,237,238,-1,238,237,239,-1,238,239,240,-1,240,239,241,-1,240,241,242,-1,242,241,243,-1,242,243,244,-1,244,243,227,-1,58,50,245,-1,245,50,246,-1,245,246,247,-1,247,246,248,-1,247,248,249,-1,249,248,250,-1,249,250,251,-1,251,250,252,-1,251,252,253,-1,253,252,254,-1,253,254,255,-1,255,254,256,-1,255,256,257,-1,257,256,226,-1,25,24,258,-1,258,24,259,-1,258,259,260,-1,260,259,261,-1,260,261,262,-1,262,261,263,-1,262,263,264,-1,264,263,265,-1,264,265,266,-1,266,265,267,-1,266,267,268,-1,268,267,269,-1,268,269,270,-1,270,269,222,-1,27,54,271,-1,271,54,272,-1,271,272,273,-1,273,272,274,-1,273,274,275,-1,275,274,276,-1,275,276,277,-1,277,276,278,-1,277,278,279,-1,279,278,280,-1,279,280,281,-1,281,280,282,-1,281,282,283,-1,283,282,221,-1,31,34,284,-1,284,34,285,-1,284,285,286,-1,286,285,287,-1,286,287,288,-1,288,287,289,-1,288,289,290,-1,290,289,291,-1,290,291,292,-1,292,291,293,-1,292,293,294,-1,294,293,295,-1,294,295,296,-1,296,295,216,-1,32,12,297,-1,297,12,298,-1,297,298,299,-1,299,298,300,-1,299,300,301,-1,301,300,302,-1,301,302,303,-1,303,302,304,-1,303,304,305,-1,305,304,306,-1,305,306,307,-1,307,306,308,-1,307,308,309,-1,309,308,215,-1,37,36,310,-1,310,36,311,-1,310,311,312,-1,312,311,313,-1,312,313,314,-1,314,313,315,-1,314,315,316,-1,316,315,317,-1,316,317,318,-1,318,317,319,-1,318,319,320,-1,320,319,321,-1,320,321,322,-1,322,321,211,-1,39,38,323,-1,323,38,324,-1,323,324,325,-1,325,324,326,-1,325,326,327,-1,327,326,328,-1,327,328,329,-1,329,328,330,-1,329,330,331,-1,331,330,332,-1,331,332,333,-1,333,332,334,-1,333,334,335,-1,335,334,210,-1,20,2,336,-1,336,2,337,-1,336,337,338,-1,338,337,339,-1,338,339,340,-1,340,339,341,-1,340,341,342,-1,342,341,343,-1,342,343,344,-1,344,343,345,-1,344,345,346,-1,346,345,347,-1,346,347,348,-1,348,347,231,-1,348,231,209,-1,209,231,71,-1,2,43,337,-1,337,43,349,-1,337,349,339,-1,339,349,350,-1,339,350,341,-1,341,350,351,-1,341,351,343,-1,343,351,352,-1,343,352,345,-1,345,352,353,-1,345,353,347,-1,347,353,354,-1,347,354,231,-1,231,354,230,-1,231,230,73,-1,73,230,75,-1,79,77,355,-1,355,77,230,-1,355,230,356,-1,356,230,354,-1,356,354,357,-1,357,354,353,-1,357,353,358,-1,358,353,352,-1,358,352,359,-1,359,352,351,-1,359,351,360,-1,360,351,350,-1,360,350,361,-1,361,350,349,-1,361,349,42,-1,42,349,43,-1,42,46,361,-1,361,46,362,-1,361,362,360,-1,360,362,363,-1,360,363,359,-1,359,363,364,-1,359,364,358,-1,358,364,365,-1,358,365,357,-1,357,365,366,-1,357,366,356,-1,356,366,367,-1,356,367,355,-1,355,367,229,-1,355,229,79,-1,79,229,81,-1,46,45,362,-1,362,45,368,-1,362,368,363,-1,363,368,369,-1,363,369,364,-1,364,369,370,-1,364,370,365,-1,365,370,371,-1,365,371,366,-1,366,371,372,-1,366,372,367,-1,367,372,373,-1,367,373,229,-1,229,373,228,-1,229,228,82,-1,82,228,84,-1,88,86,374,-1,374,86,228,-1,374,228,375,-1,375,228,373,-1,375,373,376,-1,376,373,372,-1,376,372,377,-1,377,372,371,-1,377,371,378,-1,378,371,370,-1,378,370,379,-1,379,370,369,-1,379,369,380,-1,380,369,368,-1,380,368,57,-1,57,368,45,-1,57,56,380,-1,380,56,232,-1,380,232,379,-1,379,232,234,-1,379,234,378,-1,378,234,236,-1,378,236,377,-1,377,236,238,-1,377,238,376,-1,376,238,240,-1,376,240,375,-1,375,240,242,-1,375,242,374,-1,374,242,244,-1,374,244,88,-1,88,244,90,-1,227,93,244,-1,244,93,92,-1,244,92,90,-1,97,95,381,-1,381,95,227,-1,381,227,382,-1,382,227,243,-1,382,243,383,-1,383,243,241,-1,383,241,384,-1,384,241,239,-1,384,239,385,-1,385,239,237,-1,385,237,386,-1,386,237,235,-1,386,235,387,-1,387,235,233,-1,387,233,59,-1,59,233,60,-1,59,58,387,-1,387,58,245,-1,387,245,386,-1,386,245,247,-1,386,247,385,-1,385,247,249,-1,385,249,384,-1,384,249,251,-1,384,251,383,-1,383,251,253,-1,383,253,382,-1,382,253,255,-1,382,255,381,-1,381,255,257,-1,381,257,97,-1,97,257,99,-1,226,103,257,-1,257,103,101,-1,257,101,99,-1,107,108,225,-1,225,108,226,-1,225,226,388,-1,388,226,256,-1,388,256,389,-1,389,256,254,-1,389,254,390,-1,390,254,252,-1,390,252,391,-1,391,252,250,-1,391,250,392,-1,392,250,248,-1,392,248,393,-1,393,248,246,-1,393,246,48,-1,48,246,50,-1,110,109,394,-1,394,109,225,-1,394,225,395,-1,395,225,388,-1,395,388,396,-1,396,388,389,-1,396,389,397,-1,397,389,390,-1,397,390,398,-1,398,390,391,-1,398,391,399,-1,399,391,392,-1,399,392,400,-1,400,392,393,-1,400,393,47,-1,47,393,48,-1,47,3,400,-1,400,3,401,-1,400,401,399,-1,399,401,402,-1,399,402,398,-1,398,402,403,-1,398,403,397,-1,397,403,404,-1,397,404,396,-1,396,404,405,-1,396,405,395,-1,395,405,406,-1,395,406,394,-1,394,406,224,-1,394,224,110,-1,110,224,112,-1,3,8,401,-1,401,8,407,-1,401,407,402,-1,402,407,408,-1,402,408,403,-1,403,408,409,-1,403,409,404,-1,404,409,410,-1,404,410,405,-1,405,410,411,-1,405,411,406,-1,406,411,412,-1,406,412,224,-1,224,412,223,-1,224,223,114,-1,114,223,116,-1,119,118,413,-1,413,118,223,-1,413,223,414,-1,414,223,412,-1,414,412,415,-1,415,412,411,-1,415,411,416,-1,416,411,410,-1,416,410,417,-1,417,410,409,-1,417,409,418,-1,418,409,408,-1,418,408,419,-1,419,408,407,-1,419,407,7,-1,7,407,8,-1,7,25,419,-1,419,25,258,-1,419,258,418,-1,418,258,260,-1,418,260,417,-1,417,260,262,-1,417,262,416,-1,416,262,264,-1,416,264,415,-1,415,264,266,-1,415,266,414,-1,414,266,268,-1,414,268,413,-1,413,268,270,-1,413,270,119,-1,119,270,121,-1,222,125,270,-1,270,125,123,-1,270,123,121,-1,129,127,420,-1,420,127,222,-1,420,222,421,-1,421,222,269,-1,421,269,422,-1,422,269,267,-1,422,267,423,-1,423,267,265,-1,423,265,424,-1,424,265,263,-1,424,263,425,-1,425,263,261,-1,425,261,426,-1,426,261,259,-1,426,259,28,-1,28,259,24,-1,28,27,426,-1,426,27,271,-1,426,271,425,-1,425,271,273,-1,425,273,424,-1,424,273,275,-1,424,275,423,-1,423,275,277,-1,423,277,422,-1,422,277,279,-1,422,279,421,-1,421,279,281,-1,421,281,420,-1,420,281,283,-1,420,283,129,-1,129,283,131,-1,221,134,283,-1,283,134,132,-1,283,132,131,-1,138,136,427,-1,427,136,221,-1,427,221,428,-1,428,221,282,-1,428,282,429,-1,429,282,280,-1,429,280,430,-1,430,280,278,-1,430,278,431,-1,431,278,276,-1,431,276,432,-1,432,276,274,-1,432,274,433,-1,433,274,272,-1,433,272,53,-1,53,272,54,-1,53,63,433,-1,433,63,434,-1,433,434,432,-1,432,434,435,-1,432,435,431,-1,431,435,436,-1,431,436,430,-1,430,436,437,-1,430,437,429,-1,429,437,438,-1,429,438,428,-1,428,438,439,-1,428,439,427,-1,427,439,440,-1,427,440,138,-1,138,440,140,-1,63,62,434,-1,434,62,441,-1,434,441,435,-1,435,441,442,-1,435,442,436,-1,436,442,443,-1,436,443,437,-1,437,443,444,-1,437,444,438,-1,438,444,445,-1,438,445,439,-1,439,445,446,-1,439,446,440,-1,440,446,220,-1,440,220,140,-1,140,220,141,-1,62,66,441,-1,441,66,447,-1,441,447,442,-1,442,447,448,-1,442,448,443,-1,443,448,449,-1,443,449,444,-1,444,449,450,-1,444,450,445,-1,445,450,451,-1,445,451,446,-1,446,451,452,-1,446,452,220,-1,220,452,219,-1,220,219,143,-1,143,219,145,-1,149,147,453,-1,453,147,219,-1,453,219,454,-1,454,219,452,-1,454,452,455,-1,455,452,451,-1,455,451,456,-1,456,451,450,-1,456,450,457,-1,457,450,449,-1,457,449,458,-1,458,449,448,-1,458,448,459,-1,459,448,447,-1,459,447,65,-1,65,447,66,-1,65,69,459,-1,459,69,460,-1,459,460,458,-1,458,460,461,-1,458,461,457,-1,457,461,462,-1,457,462,456,-1,456,462,463,-1,456,463,455,-1,455,463,464,-1,455,464,454,-1,454,464,465,-1,454,465,453,-1,453,465,218,-1,453,218,149,-1,149,218,151,-1,69,68,460,-1,460,68,466,-1,460,466,461,-1,461,466,467,-1,461,467,462,-1,462,467,468,-1,462,468,463,-1,463,468,469,-1,463,469,464,-1,464,469,470,-1,464,470,465,-1,465,470,471,-1,465,471,218,-1,218,471,217,-1,218,217,152,-1,152,217,154,-1,158,156,472,-1,472,156,217,-1,472,217,473,-1,473,217,471,-1,473,471,474,-1,474,471,470,-1,474,470,475,-1,475,470,469,-1,475,469,476,-1,476,469,468,-1,476,468,477,-1,477,468,467,-1,477,467,478,-1,478,467,466,-1,478,466,67,-1,67,466,68,-1,67,31,478,-1,478,31,284,-1,478,284,477,-1,477,284,286,-1,477,286,476,-1,476,286,288,-1,476,288,475,-1,475,288,290,-1,475,290,474,-1,474,290,292,-1,474,292,473,-1,473,292,294,-1,473,294,472,-1,472,294,296,-1,472,296,158,-1,158,296,160,-1,216,163,296,-1,296,163,162,-1,296,162,160,-1,167,165,479,-1,479,165,216,-1,479,216,480,-1,480,216,295,-1,480,295,481,-1,481,295,293,-1,481,293,482,-1,482,293,291,-1,482,291,483,-1,483,291,289,-1,483,289,484,-1,484,289,287,-1,484,287,485,-1,485,287,285,-1,485,285,33,-1,33,285,34,-1,33,32,485,-1,485,32,297,-1,485,297,484,-1,484,297,299,-1,484,299,483,-1,483,299,301,-1,483,301,482,-1,482,301,303,-1,482,303,481,-1,481,303,305,-1,481,305,480,-1,480,305,307,-1,480,307,479,-1,479,307,309,-1,479,309,167,-1,167,309,169,-1,215,173,309,-1,309,173,171,-1,309,171,169,-1,177,178,214,-1,214,178,215,-1,214,215,486,-1,486,215,308,-1,486,308,487,-1,487,308,306,-1,487,306,488,-1,488,306,304,-1,488,304,489,-1,489,304,302,-1,489,302,490,-1,490,302,300,-1,490,300,491,-1,491,300,298,-1,491,298,10,-1,10,298,12,-1,180,179,492,-1,492,179,214,-1,492,214,493,-1,493,214,486,-1,493,486,494,-1,494,486,487,-1,494,487,495,-1,495,487,488,-1,495,488,496,-1,496,488,489,-1,496,489,497,-1,497,489,490,-1,497,490,498,-1,498,490,491,-1,498,491,16,-1,16,491,10,-1,16,15,498,-1,498,15,499,-1,498,499,497,-1,497,499,500,-1,497,500,496,-1,496,500,501,-1,496,501,495,-1,495,501,502,-1,495,502,494,-1,494,502,503,-1,494,503,493,-1,493,503,504,-1,493,504,492,-1,492,504,213,-1,492,213,180,-1,180,213,182,-1,15,19,499,-1,499,19,505,-1,499,505,500,-1,500,505,506,-1,500,506,501,-1,501,506,507,-1,501,507,502,-1,502,507,508,-1,502,508,503,-1,503,508,509,-1,503,509,504,-1,504,509,510,-1,504,510,213,-1,213,510,212,-1,213,212,184,-1,184,212,186,-1,189,188,511,-1,511,188,212,-1,511,212,512,-1,512,212,510,-1,512,510,513,-1,513,510,509,-1,513,509,514,-1,514,509,508,-1,514,508,515,-1,515,508,507,-1,515,507,516,-1,516,507,506,-1,516,506,517,-1,517,506,505,-1,517,505,18,-1,18,505,19,-1,18,37,517,-1,517,37,310,-1,517,310,516,-1,516,310,312,-1,516,312,515,-1,515,312,314,-1,515,314,514,-1,514,314,316,-1,514,316,513,-1,513,316,318,-1,513,318,512,-1,512,318,320,-1,512,320,511,-1,511,320,322,-1,511,322,189,-1,189,322,191,-1,211,195,322,-1,322,195,193,-1,322,193,191,-1,199,197,518,-1,518,197,211,-1,518,211,519,-1,519,211,321,-1,519,321,520,-1,520,321,319,-1,520,319,521,-1,521,319,317,-1,521,317,522,-1,522,317,315,-1,522,315,523,-1,523,315,313,-1,523,313,524,-1,524,313,311,-1,524,311,40,-1,40,311,36,-1,40,39,524,-1,524,39,323,-1,524,323,523,-1,523,323,325,-1,523,325,522,-1,522,325,327,-1,522,327,521,-1,521,327,329,-1,521,329,520,-1,520,329,331,-1,520,331,519,-1,519,331,333,-1,519,333,518,-1,518,333,335,-1,518,335,199,-1,199,335,201,-1,210,204,335,-1,335,204,202,-1,335,202,201,-1,208,206,525,-1,525,206,210,-1,525,210,526,-1,526,210,334,-1,526,334,527,-1,527,334,332,-1,527,332,528,-1,528,332,330,-1,528,330,529,-1,529,330,328,-1,529,328,530,-1,530,328,326,-1,530,326,531,-1,531,326,324,-1,531,324,21,-1,21,324,38,-1,21,20,531,-1,531,20,336,-1,531,336,530,-1,530,336,338,-1,530,338,529,-1,529,338,340,-1,529,340,528,-1,528,340,342,-1,528,342,527,-1,527,342,344,-1,527,344,526,-1,526,344,346,-1,526,346,525,-1,525,346,348,-1,525,348,208,-1,208,348,209,-1,
        ]
    }
}
Shape{
    appearance Appearance {
        material  Material 	{
            diffuseColor 0.8313725490196079 0.6705882352941176 0.12941176470588237
            specularColor 0.6666666666666666 0.5372549019607843 0.10196078431372549
            ambientIntensity 0.657
            transparency 0.0
            shininess 0.5
        }
    }
    geometry IndexedFaceSet {
        ccw TRUE
        solid FALSE
        coord DEF co Coordinate {
            point [
                1.8602 -1.6535 0.1969, 1.8535 -1.6026 -1.3386, 1.8535 -1.6026 0.1969, 1.8339 -1.5551 -1.3386, 1.8339 -1.5551 0.1969, 1.8026 -1.5143 -1.3386, 1.8026 -1.5143 0.1969, 1.7618 -1.4831 -1.3386, 1.7618 -1.4831 0.1969, 1.7143 -1.4634 -1.3386, 1.7143 -1.4634 0.1969, 1.6634 -1.4567 -1.3386, 1.6634 -1.4567 0.1969, 1.6124 -1.4634 -1.3386, 1.6124 -1.4634 0.1969, 1.565 -1.4831 -1.3386, 1.565 -1.4831 0.1969, 1.5242 -1.5143 -1.3386, 1.5242 -1.5143 0.1969, 1.4929 -1.5551 -1.3386, 1.4929 -1.5551 0.1969, 1.4732 -1.6026 -1.3386, 1.4732 -1.6026 0.1969, 1.4665 -1.6535 -1.3386, 1.4665 -1.6535 0.1969, 1.4732 -1.7045 -1.3386, 1.4732 -1.7045 0.1969, 1.4929 -1.752 -1.3386, 1.4929 -1.752 0.1969, 1.5242 -1.7927 -1.3386, 1.5242 -1.7927 0.1969, 1.565 -1.824 -1.3386, 1.565 -1.824 0.1969, 1.6124 -1.8437 -1.3386, 1.6124 -1.8437 0.1969, 1.6634 -1.8504 -1.3386, 1.6634 -1.8504 0.1969, 1.7143 -1.8437 -1.3386, 1.7143 -1.8437 0.1969, 1.7618 -1.824 -1.3386, 1.7618 -1.824 0.1969, 1.8026 -1.7927 -1.3386, 1.8026 -1.7927 0.1969, 1.8339 -1.752 -1.3386, 1.8339 -1.752 0.1969, 1.8535 -1.7045 -1.3386, 1.8535 -1.7045 0.1969, 1.8602 -1.6535 -1.3386, 1.527 -1.7323 -1.378, 1.5113 -1.6943 -1.378, 1.6634 -1.6535 -1.378, 1.5059 -1.6535 -1.378, 1.5113 -1.6128 -1.378, 1.6226 -1.8057 -1.378, 1.5846 -1.7899 -1.378, 1.552 -1.7649 -1.378, 1.7421 -1.7899 -1.378, 1.7041 -1.8057 -1.378, 1.6634 -1.811 -1.378, 1.8155 -1.6943 -1.378, 1.7998 -1.7323 -1.378, 1.7747 -1.7649 -1.378, 1.7998 -1.5748 -1.378, 1.8155 -1.6128 -1.378, 1.8209 -1.6535 -1.378, 1.7041 -1.5014 -1.378, 1.7421 -1.5172 -1.378, 1.7747 -1.5422 -1.378, 1.5846 -1.5172 -1.378, 1.6226 -1.5014 -1.378, 1.6634 -1.4961 -1.378, 1.527 -1.5748 -1.378, 1.552 -1.5422 -1.378, 2.8602 -0.6535 0.0, 2.8535 -0.6026 -1.3386, 2.8535 -0.6026 0.0, 2.8339 -0.5551 -1.3386, 2.8339 -0.5551 0.0, 2.8026 -0.5143 -1.3386, 2.8026 -0.5143 0.0, 2.7618 -0.4831 -1.3386, 2.7618 -0.4831 0.0, 2.7143 -0.4634 -1.3386, 2.7143 -0.4634 0.0, 2.6634 -0.4567 -1.3386, 2.6634 -0.4567 0.0, 2.6124 -0.4634 -1.3386, 2.6124 -0.4634 0.0, 2.565 -0.4831 -1.3386, 2.565 -0.4831 0.0, 2.5242 -0.5143 -1.3386, 2.5242 -0.5143 0.0, 2.4929 -0.5551 -1.3386, 2.4929 -0.5551 0.0, 2.4732 -0.6026 -1.3386, 2.4732 -0.6026 0.0, 2.4665 -0.6535 -1.3386, 2.4665 -0.6535 0.0, 2.4732 -0.7045 -1.3386, 2.4732 -0.7045 0.0, 2.4929 -0.752 -1.3386, 2.4929 -0.752 0.0, 2.5242 -0.7927 -1.3386, 2.5242 -0.7927 0.0, 2.565 -0.824 -1.3386, 2.565 -0.824 0.0, 2.6124 -0.8437 -1.3386, 2.6124 -0.8437 0.0, 2.6634 -0.8504 -1.3386, 2.6634 -0.8504 0.0, 2.7143 -0.8437 -1.3386, 2.7143 -0.8437 0.0, 2.7618 -0.824 -1.3386, 2.7618 -0.824 0.0, 2.8026 -0.7927 -1.3386, 2.8026 -0.7927 0.0, 2.8339 -0.752 -1.3386, 2.8339 -0.752 0.0, 2.8535 -0.7045 -1.3386, 2.8535 -0.7045 0.0, 2.8602 -0.6535 -1.3386, 2.527 -0.7323 -1.378, 2.5113 -0.6943 -1.378, 2.6634 -0.6535 -1.378, 2.5059 -0.6535 -1.378, 2.5113 -0.6128 -1.378, 2.6226 -0.8057 -1.378, 2.5846 -0.7899 -1.378, 2.552 -0.7649 -1.378, 2.7421 -0.7899 -1.378, 2.7041 -0.8057 -1.378, 2.6634 -0.811 -1.378, 2.8155 -0.6943 -1.378, 2.7998 -0.7323 -1.378, 2.7747 -0.7649 -1.378, 2.7998 -0.5748 -1.378, 2.8155 -0.6128 -1.378, 2.8209 -0.6535 -1.378, 2.7041 -0.5014 -1.378, 2.7421 -0.5172 -1.378, 2.7747 -0.5422 -1.378, 2.5846 -0.5172 -1.378, 2.6226 -0.5014 -1.378, 2.6634 -0.4961 -1.378, 2.527 -0.5748 -1.378, 2.552 -0.5422 -1.378, 0.8602 -0.6535 0.0, 0.8535 -0.6026 -1.3386, 0.8535 -0.6026 0.0, 0.8339 -0.5551 -1.3386, 0.8339 -0.5551 0.0, 0.8026 -0.5143 -1.3386, 0.8026 -0.5143 0.0, 0.7618 -0.4831 -1.3386, 0.7618 -0.4831 0.0, 0.7143 -0.4634 -1.3386, 0.7143 -0.4634 0.0, 0.6634 -0.4567 -1.3386, 0.6634 -0.4567 0.0, 0.6124 -0.4634 -1.3386, 0.6124 -0.4634 0.0, 0.565 -0.4831 -1.3386, 0.565 -0.4831 0.0, 0.5242 -0.5143 -1.3386, 0.5242 -0.5143 0.0, 0.4929 -0.5551 -1.3386, 0.4929 -0.5551 0.0, 0.4732 -0.6026 -1.3386, 0.4732 -0.6026 0.0, 0.4665 -0.6535 -1.3386, 0.4665 -0.6535 0.0, 0.4732 -0.7045 -1.3386, 0.4732 -0.7045 0.0, 0.4929 -0.752 -1.3386, 0.4929 -0.752 0.0, 0.5242 -0.7927 -1.3386, 0.5242 -0.7927 0.0, 0.565 -0.824 -1.3386, 0.565 -0.824 0.0, 0.6124 -0.8437 -1.3386, 0.6124 -0.8437 0.0, 0.6634 -0.8504 -1.3386, 0.6634 -0.8504 0.0, 0.7143 -0.8437 -1.3386, 0.7143 -0.8437 0.0, 0.7618 -0.824 -1.3386, 0.7618 -0.824 0.0, 0.8026 -0.7927 -1.3386, 0.8026 -0.7927 0.0, 0.8339 -0.752 -1.3386, 0.8339 -0.752 0.0, 0.8535 -0.7045 -1.3386, 0.8535 -0.7045 0.0, 0.8602 -0.6535 -1.3386, 0.527 -0.7323 -1.378, 0.5113 -0.6943 -1.378, 0.6634 -0.6535 -1.378, 0.5059 -0.6535 -1.378, 0.5113 -0.6128 -1.378, 0.6226 -0.8057 -1.378, 0.5846 -0.7899 -1.378, 0.552 -0.7649 -1.378, 0.7421 -0.7899 -1.378, 0.7041 -0.8057 -1.378, 0.6634 -0.811 -1.378, 0.8155 -0.6943 -1.378, 0.7998 -0.7323 -1.378, 0.7747 -0.7649 -1.378, 0.7998 -0.5748 -1.378, 0.8155 -0.6128 -1.378, 0.8209 -0.6535 -1.378, 0.7041 -0.5014 -1.378, 0.7421 -0.5172 -1.378, 0.7747 -0.5422 -1.378, 0.5846 -0.5172 -1.378, 0.6226 -0.5014 -1.378, 0.6634 -0.4961 -1.378, 0.527 -0.5748 -1.378, 0.552 -0.5422 -1.378, 2.8602 -2.6535 0.0, 2.8535 -2.6026 -1.3386, 2.8535 -2.6026 0.0, 2.8339 -2.5551 -1.3386, 2.8339 -2.5551 0.0, 2.8026 -2.5143 -1.3386, 2.8026 -2.5143 0.0, 2.7618 -2.4831 -1.3386, 2.7618 -2.4831 0.0, 2.7143 -2.4634 -1.3386, 2.7143 -2.4634 0.0, 2.6634 -2.4567 -1.3386, 2.6634 -2.4567 0.0, 2.6124 -2.4634 -1.3386, 2.6124 -2.4634 0.0, 2.565 -2.4831 -1.3386, 2.565 -2.4831 0.0, 2.5242 -2.5143 -1.3386, 2.5242 -2.5143 0.0, 2.4929 -2.5551 -1.3386, 2.4929 -2.5551 0.0, 2.4732 -2.6026 -1.3386, 2.4732 -2.6026 0.0, 2.4665 -2.6535 -1.3386, 2.4665 -2.6535 0.0, 2.4732 -2.7045 -1.3386, 2.4732 -2.7045 0.0, 2.4929 -2.752 -1.3386, 2.4929 -2.752 0.0, 2.5242 -2.7927 -1.3386, 2.5242 -2.7927 0.0, 2.565 -2.824 -1.3386, 2.565 -2.824 0.0, 2.6124 -2.8437 -1.3386, 2.6124 -2.8437 0.0, 2.6634 -2.8504 -1.3386, 2.6634 -2.8504 0.0, 2.7143 -2.8437 -1.3386, 2.7143 -2.8437 0.0, 2.7618 -2.824 -1.3386, 2.7618 -2.824 0.0, 2.8026 -2.7927 -1.3386, 2.8026 -2.7927 0.0, 2.8339 -2.752 -1.3386, 2.8339 -2.752 0.0, 2.8535 -2.7045 -1.3386, 2.8535 -2.7045 0.0, 2.8602 -2.6535 -1.3386, 2.527 -2.7323 -1.378, 2.5113 -2.6943 -1.378, 2.6634 -2.6535 -1.378, 2.5059 -2.6535 -1.378, 2.5113 -2.6128 -1.378, 2.6226 -2.8057 -1.378, 2.5846 -2.7899 -1.378, 2.552 -2.7649 -1.378, 2.7421 -2.7899 -1.378, 2.7041 -2.8057 -1.378, 2.6634 -2.811 -1.378, 2.8155 -2.6943 -1.378, 2.7998 -2.7323 -1.378, 2.7747 -2.7649 -1.378, 2.7998 -2.5748 -1.378, 2.8155 -2.6128 -1.378, 2.8209 -2.6535 -1.378, 2.7041 -2.5014 -1.378, 2.7421 -2.5172 -1.378, 2.7747 -2.5422 -1.378, 2.5846 -2.5172 -1.378, 2.6226 -2.5014 -1.378, 2.6634 -2.4961 -1.378, 2.527 -2.5748 -1.378, 2.552 -2.5422 -1.378, 0.8602 -2.6535 0.0, 0.8535 -2.6026 -1.3386, 0.8535 -2.6026 0.0, 0.8339 -2.5551 -1.3386, 0.8339 -2.5551 0.0, 0.8026 -2.5143 -1.3386, 0.8026 -2.5143 0.0, 0.7618 -2.4831 -1.3386, 0.7618 -2.4831 0.0, 0.7143 -2.4634 -1.3386, 0.7143 -2.4634 0.0, 0.6634 -2.4567 -1.3386, 0.6634 -2.4567 0.0, 0.6124 -2.4634 -1.3386, 0.6124 -2.4634 0.0, 0.565 -2.4831 -1.3386, 0.565 -2.4831 0.0, 0.5242 -2.5143 -1.3386, 0.5242 -2.5143 0.0, 0.4929 -2.5551 -1.3386, 0.4929 -2.5551 0.0, 0.4732 -2.6026 -1.3386, 0.4732 -2.6026 0.0, 0.4665 -2.6535 -1.3386, 0.4665 -2.6535 0.0, 0.4732 -2.7045 -1.3386, 0.4732 -2.7045 0.0, 0.4929 -2.752 -1.3386, 0.4929 -2.752 0.0, 0.5242 -2.7927 -1.3386, 0.5242 -2.7927 0.0, 0.565 -2.824 -1.3386, 0.565 -2.824 0.0, 0.6124 -2.8437 -1.3386, 0.6124 -2.8437 0.0, 0.6634 -2.8504 -1.3386, 0.6634 -2.8504 0.0, 0.7143 -2.8437 -1.3386, 0.7143 -2.8437 0.0, 0.7618 -2.824 -1.3386, 0.7618 -2.824 0.0, 0.8026 -2.7927 -1.3386, 0.8026 -2.7927 0.0, 0.8339 -2.752 -1.3386, 0.8339 -2.752 0.0, 0.8535 -2.7045 -1.3386, 0.8535 -2.7045 0.0, 0.8602 -2.6535 -1.3386, 0.527 -2.7323 -1.378, 0.5113 -2.6943 -1.378, 0.6634 -2.6535 -1.378, 0.5059 -2.6535 -1.378, 0.5113 -2.6128 -1.378, 0.6226 -2.8057 -1.378, 0.5846 -2.7899 -1.378, 0.552 -2.7649 -1.378, 0.7421 -2.7899 -1.378, 0.7041 -2.8057 -1.378, 0.6634 -2.811 -1.378, 0.8155 -2.6943 -1.378, 0.7998 -2.7323 -1.378, 0.7747 -2.7649 -1.378, 0.7998 -2.5748 -1.378, 0.8155 -2.6128 -1.378, 0.8209 -2.6535 -1.378, 0.7041 -2.5014 -1.378, 0.7421 -2.5172 -1.378, 0.7747 -2.5422 -1.378, 0.5846 -2.5172 -1.378, 0.6226 -2.5014 -1.378, 0.6634 -2.4961 -1.378, 0.527 -2.5748 -1.378, 0.552 -2.5422 -1.378, 1.767 -0.7122 4.1769, 1.7244 -1.0988 4.2002, 1.8145 -0.6991 4.1754, 1.8046 -1.1136 4.2002, 1.8599 -0.7291 4.177, 1.9072 -0.7212 4.1756, 1.9135 -0.7202 4.1754, 1.9555 -0.7547 4.177, 2.0097 -0.7514 4.1754, 1.8817 -1.1399 4.2002, 2.0355 -0.7776 4.1765, 2.0478 -0.7901 4.177, 2.1021 -0.7926 4.1754, 1.9541 -1.1771 4.2002, 2.136 -0.835 4.177, 2.2958 -0.9512 4.177, 2.2778 -0.9151 4.1758, 2.0204 -1.2245 4.2002, 2.2715 -0.9026 4.1754, 2.2189 -0.8889 4.177, 2.1897 -0.8431 4.1754, 2.1608 -0.8388 4.1763, 2.3467 -0.9703 4.1754, 2.0791 -1.2811 4.2002, 2.3658 -1.0211 4.177, 2.4663 -1.1225 4.1757, 2.428 -1.098 4.177, 2.1289 -1.3456 4.2002, 2.4143 -1.0454 4.1754, 2.368 -1.0222 4.1769, 2.4738 -1.1273 4.1754, 2.4819 -1.181 4.177, 2.5244 -1.2149 4.1754, 2.1687 -1.4166 4.2002, 2.5259 -1.249 4.1764, 2.5268 -1.2691 4.177, 2.5655 -1.3073 4.1754, 2.1978 -1.4927 4.2002, 2.5623 -1.3615 4.177, 2.2156 -1.5723 4.2002, 2.6147 -1.5134 4.1757, 2.6178 -1.5024 4.1754, 2.5879 -1.457 4.177, 2.5967 -1.4034 4.1754, 2.5766 -1.3789 4.1763, 2.2215 -1.6535 4.2002, 2.6284 -1.603 4.1754, 2.6033 -1.5547 4.177, 2.6147 -1.7937 4.1757, 2.6033 -1.7523 4.177, 2.2156 -1.7348 4.2002, 2.6284 -1.7041 4.1754, 2.6085 -1.6535 4.177, 2.6178 -1.8047 4.1754, 2.5879 -1.85 4.177, 2.5967 -1.9036 4.1754, 2.1978 -1.8143 4.2002, 2.5766 -1.9281 4.1763, 2.5623 -1.9456 4.177, 2.5655 -1.9998 4.1754, 2.1687 -1.8904 4.2002, 2.5268 -2.038 4.177, 2.428 -2.2091 4.177, 2.4663 -2.1846 4.1757, 2.1289 -1.9615 4.2002, 2.4738 -2.1798 4.1754, 2.4819 -2.1261 4.177, 2.5244 -2.0922 4.1754, 2.5259 -2.058 4.1764, 2.4143 -2.2616 4.1754, 2.0791 -2.026 4.2002, 2.368 -2.2848 4.1769, 2.2778 -2.392 4.1758, 2.2958 -2.3559 4.177, 2.0204 -2.0825 4.2002, 2.3467 -2.3368 4.1754, 2.3658 -2.286 4.177, 2.2715 -2.4045 4.1754, 2.2189 -2.4182 4.177, 2.1897 -2.4639 4.1754, 1.9541 -2.13 4.2002, 2.1608 -2.4683 4.1763, 2.136 -2.4721 4.177, 2.1021 -2.5145 4.1754, 1.8817 -2.1672 4.2002, 2.0478 -2.517 4.177, 1.8599 -2.578 4.177, 1.9072 -2.5859 4.1756, 1.8046 -2.1935 4.2002, 1.9135 -2.5869 4.1754, 1.9555 -2.5524 4.177, 2.0097 -2.5556 4.1754, 2.0355 -2.5295 4.1765, 1.8145 -2.6079 4.1754, 1.7244 -2.2083 4.2002, 1.767 -2.5948 4.1769, 1.6282 -2.6125 4.1759, 1.6634 -2.5987 4.177, 1.643 -2.2113 4.2002, 1.714 -2.6185 4.1754, 1.7622 -2.5935 4.177, 1.6128 -2.6185 4.1754, 1.5646 -2.5935 4.177, 1.5122 -2.6079 4.1754, 1.562 -2.2024 4.2002, 1.49 -2.5933 4.1762, 1.4669 -2.578 4.177, 1.4133 -2.5869 4.1754, 1.4832 -2.1818 4.2002, 1.3713 -2.5524 4.177, 1.1908 -2.4721 4.177, 1.2223 -2.5115 4.1755, 1.4082 -2.1499 4.2002, 1.2247 -2.5145 4.1754, 1.279 -2.517 4.177, 1.3171 -2.5556 4.1754, 1.3563 -2.5533 4.1766, 1.1371 -2.4639 4.1754, 1.3386 -2.1075 4.2002, 1.1119 -2.4245 4.1768, 0.998 -2.3435 4.176, 1.031 -2.3559 4.177, 1.276 -2.0553 4.2002, 1.0553 -2.4045 4.1754, 1.1078 -2.4182 4.177, 0.9801 -2.3368 4.1754, 0.961 -2.286 4.177, 0.9124 -2.2616 4.1754, 1.2216 -1.9947 4.2002, 0.9064 -2.2383 4.1761, 0.8988 -2.2091 4.177, 0.853 -2.1798 4.1754, 1.1767 -1.9267 4.2002, 0.8449 -2.1261 4.177, 1.1421 -1.8529 4.2002, 0.7614 -1.9986 4.1754, 0.7613 -1.9998 4.1754, 0.8 -2.038 4.177, 0.8024 -2.0922 4.1754, 0.8351 -2.1183 4.1766, 0.7389 -1.85 4.177, 0.7373 -1.8599 4.1767, 1.1186 -1.7749 4.2002, 0.73 -1.9036 4.1754, 0.7645 -1.9456 4.177, 0.709 -1.8047 4.1754, 1.1067 -1.6943 4.2002, 0.7234 -1.7523 4.177, 0.7234 -1.5547 4.177, 0.7084 -1.5838 4.176, 1.1067 -1.6128 4.2002, 0.6984 -1.603 4.1754, 0.7182 -1.6535 4.177, 0.6984 -1.7041 4.1754, 0.7084 -1.7233 4.176, 0.709 -1.5024 4.1754, 1.1186 -1.5322 4.2002, 0.7389 -1.457 4.177, 0.7614 -1.3085 4.1754, 0.7645 -1.3615 4.177, 1.1421 -1.4542 4.2002, 0.73 -1.4034 4.1754, 0.7373 -1.4471 4.1767, 0.7613 -1.3073 4.1754, 0.8 -1.2691 4.177, 0.8024 -1.2149 4.1754, 1.1767 -1.3804 4.2002, 0.8351 -1.1888 4.1766, 0.8449 -1.181 4.177, 0.853 -1.1273 4.1754, 1.2216 -1.3124 4.2002, 0.8988 -1.098 4.177, 1.031 -0.9512 4.177, 0.998 -0.9636 4.176, 1.276 -1.2517 4.2002, 0.9801 -0.9703 4.1754, 0.961 -1.0211 4.177, 0.9124 -1.0454 4.1754, 0.9064 -1.0688 4.1761, 1.0553 -0.9026 4.1754, 1.3386 -1.1996 4.2002, 1.1078 -0.8889 4.177, 1.2223 -0.7956 4.1755, 1.1908 -0.835 4.177, 1.4082 -1.1572 4.2002, 1.1371 -0.8431 4.1754, 1.1119 -0.8826 4.1768, 1.2247 -0.7926 4.1754, 1.279 -0.7901 4.177, 1.3171 -0.7514 4.1754, 1.4832 -1.1253 4.2002, 1.3563 -0.7538 4.1766, 1.3713 -0.7547 4.177, 1.4133 -0.7202 4.1754, 1.562 -1.1047 4.2002, 1.4669 -0.7291 4.177, 1.643 -1.0958 4.2002, 1.6282 -0.6946 4.1759, 1.6128 -0.6886 4.1754, 1.5646 -0.7136 4.177, 1.5122 -0.6991 4.1754, 1.49 -0.7138 4.1762, 1.7622 -0.7136 4.177, 1.714 -0.6886 4.1754, 1.6634 -0.7084 4.177, 1.8078 -1.6535 4.2118, 1.8063 -1.6325 4.2118, 1.8017 -1.6119 4.2118, 1.7942 -1.5922 4.2118, 1.7838 -1.5738 4.2118, 1.771 -1.5572 4.2118, 1.7558 -1.5425 4.2118, 1.7386 -1.5303 4.2118, 1.7199 -1.5206 4.2118, 1.6999 -1.5138 4.2118, 1.6792 -1.51 4.2118, 1.6581 -1.5092 4.2118, 1.6372 -1.5115 4.2118, 1.6168 -1.5168 4.2118, 1.5973 -1.5251 4.2118, 1.5793 -1.5361 4.2118, 1.5631 -1.5496 4.2118, 1.5491 -1.5653 4.2118, 1.5374 -1.5829 4.2118, 1.5285 -1.6019 4.2118, 1.5224 -1.6221 4.2118, 1.5193 -1.643 4.2118, 1.5193 -1.6641 4.2118, 1.5224 -1.6849 4.2118, 1.5285 -1.7051 4.2118, 1.5374 -1.7242 4.2118, 1.5491 -1.7418 4.2118, 1.5631 -1.7575 4.2118, 1.5793 -1.771 4.2118, 1.5973 -1.782 4.2118, 1.6168 -1.7902 4.2118, 1.6372 -1.7956 4.2118, 1.6581 -1.7979 4.2118, 1.6792 -1.7971 4.2118, 1.6999 -1.7933 4.2118, 1.7199 -1.7865 4.2118, 1.7386 -1.7768 4.2118, 1.7558 -1.7646 4.2118, 1.771 -1.7499 4.2118, 1.7838 -1.7332 4.2118, 1.7942 -1.7148 4.2118, 1.8017 -1.6952 4.2118, 1.8063 -1.6746 4.2118, 1.8078 -1.6535 4.2126, 1.8029 -1.6909 4.2126, 1.8072 -1.6673 4.2118, 1.7885 -1.7258 4.2126, 1.7883 -1.7257 4.2118, 1.7918 -1.7197 4.2118, 1.802 -1.6942 4.2118, 1.8028 -1.6909 4.2118, 1.8052 -1.6809 4.2118, 1.7975 -1.7072 4.2118, 1.7679 -1.7532 4.2118, 1.7769 -1.7428 4.2118, 1.7655 -1.7557 4.2126, 1.7849 -1.7316 4.2118, 1.7472 -1.7712 4.2118, 1.7356 -1.7786 4.2126, 1.758 -1.7627 4.2118, 1.7654 -1.7556 4.2118, 1.7008 -1.7931 4.2126, 1.7234 -1.7849 4.2118, 1.7356 -1.7786 4.2118, 1.6634 -1.798 4.2126, 1.6634 -1.7978 4.2118, 1.6703 -1.7978 4.2118, 1.6974 -1.7939 4.2118, 1.7007 -1.7929 4.2118, 1.7106 -1.79 4.2118, 1.6839 -1.7965 4.2118, 1.6293 -1.7939 4.2118, 1.6428 -1.7965 4.2118, 1.626 -1.7931 4.2126, 1.6565 -1.7978 4.2118, 1.6034 -1.7849 4.2118, 1.5912 -1.7786 4.2126, 1.6161 -1.79 4.2118, 1.626 -1.7929 4.2118, 1.5613 -1.7557 4.2126, 1.5796 -1.7712 4.2118, 1.5912 -1.7786 4.2118, 1.5383 -1.7258 4.2126, 1.5384 -1.7257 4.2118, 1.5419 -1.7316 4.2118, 1.5589 -1.7532 4.2118, 1.5613 -1.7556 4.2118, 1.5688 -1.7627 4.2118, 1.5499 -1.7428 4.2118, 1.5248 -1.6942 4.2118, 1.5293 -1.7072 4.2118, 1.5239 -1.6909 4.2126, 1.535 -1.7197 4.2118, 1.5196 -1.6673 4.2118, 1.5189 -1.6535 4.2126, 1.5216 -1.6809 4.2118, 1.524 -1.6909 4.2118, 1.5239 -1.6162 4.2126, 1.5196 -1.6398 4.2118, 1.5189 -1.6535 4.2118, 1.5383 -1.5813 4.2126, 1.5384 -1.5814 4.2118, 1.535 -1.5874 4.2118, 1.5248 -1.6128 4.2118, 1.524 -1.6162 4.2118, 1.5216 -1.6262 4.2118, 1.5293 -1.5999 4.2118, 1.5589 -1.5539 4.2118, 1.5499 -1.5643 4.2118, 1.5613 -1.5514 4.2126, 1.5419 -1.5755 4.2118, 1.5796 -1.5359 4.2118, 1.5912 -1.5285 4.2126, 1.5688 -1.5444 4.2118, 1.5613 -1.5515 4.2118, 1.626 -1.514 4.2126, 1.6034 -1.5222 4.2118, 1.5912 -1.5285 4.2118, 1.6634 -1.5091 4.2126, 1.6634 -1.5093 4.2118, 1.6565 -1.5093 4.2118, 1.6293 -1.5132 4.2118, 1.626 -1.5141 4.2118, 1.6161 -1.517 4.2118, 1.6428 -1.5106 4.2118, 1.6974 -1.5132 4.2118, 1.6839 -1.5106 4.2118, 1.7008 -1.514 4.2126, 1.6703 -1.5093 4.2118, 1.7234 -1.5222 4.2118, 1.7356 -1.5285 4.2126, 1.7106 -1.517 4.2118, 1.7007 -1.5141 4.2118, 1.7655 -1.5514 4.2126, 1.7472 -1.5359 4.2118, 1.7356 -1.5285 4.2118, 1.7885 -1.5813 4.2126, 1.7883 -1.5814 4.2118, 1.7849 -1.5755 4.2118, 1.7679 -1.5539 4.2118, 1.7654 -1.5515 4.2118, 1.758 -1.5444 4.2118, 1.7769 -1.5643 4.2118, 1.8028 -1.6162 4.2118, 1.802 -1.6128 4.2118, 1.8029 -1.6162 4.2126, 1.7975 -1.5999 4.2118, 1.7918 -1.5874 4.2118, 1.8072 -1.6398 4.2118, 1.8052 -1.6262 4.2118, 1.6634 -1.6535 4.2126, 1.7144 -2.6264 4.144, 1.6634 -2.6177 4.1002, 1.614 -2.6262 4.1426, 1.2211 -0.7855 4.144, 1.2357 -0.7818 4.1313, 1.2318 -0.7737 4.1742, 1.7144 -0.6806 4.144, 1.7165 -0.6738 4.1742, 1.6137 -0.6738 4.1742, 1.6634 -0.6894 4.1002, 1.511 -0.6913 4.144, 1.5626 -0.6947 4.1002, 1.6124 -0.6806 4.144, 1.4196 -0.7122 4.1369, 1.4629 -0.7105 4.1002, 1.3143 -0.744 4.144, 1.3655 -0.7366 4.1002, 1.4112 -0.7125 4.144, 1.2712 -0.7728 4.1002, 1.3002 -0.742 4.1742, 1.4009 -0.7081 4.1742, 1.4176 -0.7044 4.1742, 1.5046 -0.6853 4.1742, 1.6103 -0.6738 4.1742, 1.614 -0.6809 4.1426, 1.1813 -0.8186 4.1002, 1.2038 -0.7866 4.1742, 1.1328 -0.8365 4.144, 1.1127 -0.8414 4.1742, 1.0636 -0.8787 4.1742, 1.0967 -0.8735 4.1002, 1.0698 -0.8868 4.1256, 1.0503 -0.8964 4.144, 1.0282 -0.9057 4.1742, 1.0183 -0.9371 4.1002, 0.9745 -0.9647 4.144, 0.951 -0.9788 4.1742, 0.92 -1.0153 4.1742, 0.8463 -1.1229 4.144, 0.8834 -1.0868 4.1002, 0.9063 -1.0404 4.144, 0.8226 -1.1477 4.1742, 0.8822 -1.0597 4.1742, 0.9286 -1.0229 4.12, 0.9469 -1.0084 4.1002, 0.7729 -1.2415 4.1742, 0.7335 -1.3402 4.1742, 0.7539 -1.3044 4.144, 0.7826 -1.2614 4.1002, 0.7953 -1.2112 4.144, 0.8066 -1.1779 4.1742, 0.8178 -1.1843 4.1143, 0.8284 -1.1715 4.1002, 0.7051 -1.4426 4.1742, 0.7224 -1.4014 4.144, 0.728 -1.36 4.1742, 0.7418 -1.3644 4.1087, 0.7464 -1.3556 4.1002, 0.7036 -1.556 4.1031, 0.7045 -1.5528 4.1002, 0.7012 -1.5011 4.144, 0.6822 -1.6535 4.1742, 0.6905 -1.6026 4.144, 0.6876 -1.5543 4.1742, 0.6879 -1.5475 4.1742, 0.7203 -1.4531 4.1002, 0.7224 -1.9057 4.144, 0.7203 -1.854 4.1002, 0.7012 -1.8059 4.144, 0.6879 -1.7596 4.1742, 0.7036 -1.7511 4.1031, 0.6876 -1.7528 4.1742, 0.6905 -1.7045 4.144, 0.6993 -1.6535 4.1002, 0.7953 -2.0958 4.144, 0.7826 -2.0457 4.1002, 0.7539 -2.0027 4.144, 0.7335 -1.9668 4.1742, 0.7418 -1.9426 4.1087, 0.728 -1.947 4.1742, 0.7051 -1.8645 4.1742, 0.7045 -1.7543 4.1002, 0.9063 -2.2666 4.144, 0.8834 -2.2202 4.1002, 0.8463 -2.1841 4.144, 0.8226 -2.1594 4.1742, 0.8178 -2.1228 4.1143, 0.8066 -2.1291 4.1742, 0.7729 -2.0655 4.1742, 0.7464 -1.9515 4.1002, 0.9745 -2.3424 4.144, 0.9469 -2.2987 4.1002, 0.9286 -2.2842 4.12, 1.0282 -2.4014 4.1742, 0.951 -2.3283 4.1742, 0.92 -2.2918 4.1742, 0.8822 -2.2473 4.1742, 0.8284 -2.1356 4.1002, 1.1328 -2.4706 4.144, 1.0967 -2.4335 4.1002, 1.0698 -2.4203 4.1256, 1.2038 -2.5205 4.1742, 1.1127 -2.4657 4.1742, 1.0636 -2.4283 4.1742, 1.0503 -2.4107 4.144, 1.0183 -2.37 4.1002, 1.4112 -2.5946 4.144, 1.3655 -2.5705 4.1002, 1.3143 -2.5631 4.144, 1.2712 -2.5343 4.1002, 1.2357 -2.5253 4.1313, 1.6137 -2.6333 4.1742, 1.6124 -2.6264 4.144, 1.511 -2.6158 4.144, 1.5046 -2.6218 4.1742, 1.6103 -2.6333 4.1742, 1.5626 -2.6124 4.1002, 1.4629 -2.5966 4.1002, 1.4196 -2.5949 4.1369, 1.4176 -2.6027 4.1742, 1.4009 -2.599 4.1742, 1.3002 -2.5651 4.1742, 1.2318 -2.5334 4.1742, 1.2211 -2.5216 4.144, 1.1813 -2.4885 4.1002, 1.8108 -2.6154 4.1397, 1.7642 -2.6124 4.1002, 1.9155 -2.5946 4.144, 1.8638 -2.5966 4.1002, 1.8158 -2.6158 4.144, 2.0009 -2.5647 4.1341, 1.9613 -2.5705 4.1002, 2.1057 -2.5216 4.144, 2.0555 -2.5343 4.1002, 2.0125 -2.5631 4.144, 2.1767 -2.477 4.1284, 2.1454 -2.4885 4.1002, 1.7165 -2.6333 4.1742, 1.8119 -2.6229 4.1742, 1.8221 -2.6218 4.1742, 1.9259 -2.599 4.1742, 2.0038 -2.5727 4.1742, 2.0266 -2.5651 4.1742, 2.123 -2.5205 4.1742, 2.1817 -2.4851 4.1742, 2.194 -2.4706 4.144, 2.214 -2.4657 4.1742, 2.2301 -2.4335 4.1002, 2.2765 -2.4107 4.144, 2.2986 -2.4014 4.1742, 2.3384 -2.3637 4.1742, 2.3085 -2.37 4.1002, 2.3311 -2.3558 4.1228, 2.3523 -2.3424 4.144, 2.3757 -2.3283 4.1742, 2.4445 -2.2473 4.1742, 2.4205 -2.2666 4.144, 2.3799 -2.2987 4.1002, 2.5314 -2.0958 4.144, 2.4983 -2.1356 4.1002, 2.4804 -2.1841 4.144, 2.5539 -2.0655 4.1742, 2.5041 -2.1594 4.1742, 2.4676 -2.2133 4.1742, 2.4577 -2.2063 4.1171, 2.4434 -2.2202 4.1002, 2.5932 -1.9668 4.1742, 2.5729 -2.0027 4.144, 2.5641 -2.0401 4.1742, 2.5516 -2.0346 4.1115, 2.5442 -2.0457 4.1002, 2.6089 -1.8478 4.1059, 2.6064 -1.854 4.1002, 2.6044 -1.9057 4.144, 2.6388 -1.7596 4.1742, 2.6446 -1.6535 4.1742, 2.6363 -1.7045 4.144, 2.6222 -1.7543 4.1002, 2.6256 -1.8059 4.144, 2.6239 -1.851 4.1742, 2.6217 -1.8645 4.1742, 2.5803 -1.9515 4.1002, 2.6256 -1.5011 4.144, 2.6222 -1.5528 4.1002, 2.6363 -1.6026 4.144, 2.5729 -1.3044 4.144, 2.5803 -1.3556 4.1002, 2.6044 -1.4014 4.144, 2.6217 -1.4426 4.1742, 2.6089 -1.4593 4.1059, 2.6239 -1.4561 4.1742, 2.6388 -1.5475 4.1742, 2.6275 -1.6535 4.1002, 2.5314 -1.2112 4.144, 2.5539 -1.2415 4.1742, 2.5041 -1.1477 4.1742, 2.4983 -1.1715 4.1002, 2.4804 -1.1229 4.144, 2.4676 -1.0938 4.1742, 2.5442 -1.2614 4.1002, 2.5516 -1.2725 4.1115, 2.5641 -1.267 4.1742, 2.5932 -1.3402 4.1742, 2.6064 -1.4531 4.1002, 2.3757 -0.9788 4.1742, 2.4205 -1.0404 4.144, 2.4445 -1.0597 4.1742, 2.4434 -1.0868 4.1002, 2.4577 -1.1008 4.1171, 2.2765 -0.8964 4.144, 2.3085 -0.9371 4.1002, 2.3311 -0.9513 4.1228, 2.214 -0.8414 4.1742, 2.2986 -0.9057 4.1742, 2.3384 -0.9434 4.1742, 2.3523 -0.9647 4.144, 2.3799 -1.0084 4.1002, 2.0125 -0.744 4.144, 2.0555 -0.7728 4.1002, 2.1057 -0.7855 4.144, 2.1454 -0.8186 4.1002, 2.1767 -0.8301 4.1284, 1.7642 -0.6947 4.1002, 1.8108 -0.6916 4.1397, 1.8119 -0.6841 4.1742, 1.8158 -0.6913 4.144, 1.8221 -0.6853 4.1742, 1.9155 -0.7125 4.144, 1.9613 -0.7366 4.1002, 2.0009 -0.7423 4.1341, 1.8638 -0.7105 4.1002, 1.9259 -0.7081 4.1742, 2.0038 -0.7344 4.1742, 2.0266 -0.742 4.1742, 2.123 -0.7866 4.1742, 2.1817 -0.822 4.1742, 2.194 -0.8365 4.144, 2.2301 -0.8735 4.1002, -0.1575 -1.7501 3.0835, -0.1575 -1.7035 3.1028, -0.1575 -1.6535 2.9162, -0.1575 -1.6535 3.1093, -0.1575 -1.6036 3.1028, -0.1575 -1.8401 2.9662, -0.1575 -1.8208 3.0128, -0.1575 -1.7901 3.0528, -0.1575 -1.8208 2.8196, -0.1575 -1.8401 2.8662, -0.1575 -1.8467 2.9162, -0.1575 -1.7035 2.7297, -0.1575 -1.7501 2.7489, -0.1575 -1.7901 2.7796, -0.1575 -1.557 2.7489, -0.1575 -1.6036 2.7297, -0.1575 -1.6535 2.7231, -0.1575 -1.467 2.8662, -0.1575 -1.4863 2.8196, -0.1575 -1.517 2.7796, -0.1575 -1.4863 3.0128, -0.1575 -1.467 2.9662, -0.1575 -1.4604 2.9162, -0.1575 -1.557 3.0835, -0.1575 -1.517 3.0528, -2.0669 -1.6535 3.1093, -2.0669 -1.6036 3.1028, -2.0669 -1.557 3.0835, -2.0669 -1.517 3.0528, -2.0669 -1.4863 3.0128, -2.0669 -1.467 2.9662, -2.0669 -1.4604 2.9162, -2.0669 -1.467 2.8662, -2.0669 -1.4863 2.8196, -2.0669 -1.517 2.7796, -2.0669 -1.557 2.7489, -2.0669 -1.6036 2.7297, -2.0669 -1.6535 2.7231, -2.0669 -1.7035 2.7297, -2.0669 -1.7501 2.7489, -2.0669 -1.7901 2.7796, -2.0669 -1.8208 2.8196, -2.0669 -1.8401 2.8662, -2.0669 -1.8467 2.9162, -2.0669 -1.8401 2.9662, -2.0669 -1.8208 3.0128, -2.0669 -1.7901 3.0528, -2.0669 -1.7501 3.0835, -2.0669 -1.7035 3.1028, -2.0822 -1.603 3.1047, -2.0822 -1.556 3.0852, -2.0822 -1.5156 3.0542, -2.0822 -1.4845 3.0138, -2.0822 -1.465 2.9667, -2.0822 -1.4584 2.9162, -2.0822 -1.465 2.8657, -2.0822 -1.4845 2.8186, -2.0822 -1.5156 2.7782, -2.0822 -1.556 2.7472, -2.0822 -1.603 2.7277, -2.0822 -1.6535 2.7211, -2.0822 -1.704 2.7277, -2.0822 -1.7511 2.7472, -2.0822 -1.7915 2.7782, -2.0822 -1.8225 2.8186, -2.0822 -1.842 2.8657, -2.0822 -1.8487 2.9162, -2.0822 -1.842 2.9667, -2.0822 -1.8225 3.0138, -2.0822 -1.7915 3.0542, -2.0822 -1.7511 3.0852, -2.0822 -1.704 3.1047, -2.0822 -1.6535 3.1113, -2.0965 -1.6015 3.1104, -2.0965 -1.553 3.0903, -2.0965 -1.5114 3.0584, -2.0965 -1.4794 3.0167, -2.0965 -1.4593 2.9682, -2.0965 -1.4525 2.9162, -2.0965 -1.4593 2.8642, -2.0965 -1.4794 2.8157, -2.0965 -1.5114 2.774, -2.0965 -1.553 2.7421, -2.0965 -1.6015 2.722, -2.0965 -1.6535 2.7152, -2.0965 -1.7056 2.722, -2.0965 -1.7541 2.7421, -2.0965 -1.7957 2.774, -2.0965 -1.8276 2.8157, -2.0965 -1.8477 2.8642, -2.0965 -1.8546 2.9162, -2.0965 -1.8477 2.9682, -2.0965 -1.8276 3.0167, -2.0965 -1.7957 3.0584, -2.0965 -1.7541 3.0903, -2.0965 -1.7056 3.1104, -2.0965 -1.6535 3.1172, -2.1087 -1.5991 3.1195, -2.1087 -1.5483 3.0984, -2.1087 -1.5047 3.065, -2.1087 -1.4713 3.0214, -2.1087 -1.4503 2.9707, -2.1087 -1.4431 2.9162, -2.1087 -1.4503 2.8617, -2.1087 -1.4713 2.811, -2.1087 -1.5047 2.7674, -2.1087 -1.5483 2.734, -2.1087 -1.5991 2.7129, -2.1087 -1.6535 2.7058, -2.1087 -1.708 2.7129, -2.1087 -1.7588 2.734, -2.1087 -1.8023 2.7674, -2.1087 -1.8358 2.811, -2.1087 -1.8568 2.8617, -2.1087 -1.864 2.9162, -2.1087 -1.8568 2.9707, -2.1087 -1.8358 3.0214, -2.1087 -1.8023 3.065, -2.1087 -1.7588 3.0984, -2.1087 -1.708 3.1195, -2.1087 -1.6535 3.1266, -2.1181 -1.5959 3.1313, -2.1181 -1.5422 3.109, -2.1181 -1.4961 3.0736, -2.1181 -1.4607 3.0275, -2.1181 -1.4385 2.9738, -2.1181 -1.4309 2.9162, -2.1181 -1.4385 2.8586, -2.1181 -1.4607 2.8049, -2.1181 -1.4961 2.7588, -2.1181 -1.5422 2.7234, -2.1181 -1.5959 2.7011, -2.1181 -1.6535 2.6935, -2.1181 -1.7112 2.7011, -2.1181 -1.7649 2.7234, -2.1181 -1.811 2.7588, -2.1181 -1.8464 2.8049, -2.1181 -1.8686 2.8586, -2.1181 -1.8762 2.9162, -2.1181 -1.8686 2.9738, -2.1181 -1.8464 3.0275, -2.1181 -1.811 3.0736, -2.1181 -1.7649 3.109, -2.1181 -1.7112 3.1313, -2.1181 -1.6535 3.1389, -2.124 -1.5922 3.145, -2.124 -1.5351 3.1214, -2.124 -1.486 3.0837, -2.124 -1.4484 3.0347, -2.124 -1.4247 2.9775, -2.124 -1.4166 2.9162, -2.124 -1.4247 2.8549, -2.124 -1.4484 2.7978, -2.124 -1.486 2.7487, -2.124 -1.5351 2.711, -2.124 -1.5922 2.6874, -2.124 -1.6535 2.6793, -2.124 -1.7149 2.6874, -2.124 -1.772 2.711, -2.124 -1.8211 2.7487, -2.124 -1.8587 2.7978, -2.124 -1.8824 2.8549, -2.124 -1.8904 2.9162, -2.124 -1.8824 2.9775, -2.124 -1.8587 3.0347, -2.124 -1.8211 3.0837, -2.124 -1.772 3.1214, -2.124 -1.7149 3.145, -2.124 -1.6535 3.1531, -2.126 -1.5883 3.1598, -2.126 -1.5274 3.1346, -2.126 -1.4752 3.0945, -2.126 -1.4351 3.0423, -2.126 -1.4099 2.9815, -2.126 -1.4014 2.9162, -2.126 -1.4099 2.8509, -2.126 -1.4351 2.7901, -2.126 -1.4752 2.7379, -2.126 -1.5274 2.6978, -2.126 -1.5883 2.6726, -2.126 -1.6535 2.664, -2.126 -1.7188 2.6726, -2.126 -1.7796 2.6978, -2.126 -1.8319 2.7379, -2.126 -1.8719 2.7901, -2.126 -1.8971 2.8509, -2.126 -1.9057 2.9162, -2.126 -1.8971 2.9815, -2.126 -1.8719 3.0423, -2.126 -1.8319 3.0945, -2.126 -1.7796 3.1346, -2.126 -1.7188 3.1598, -2.126 -1.6535 3.1684
            ]
        }
        coordIndex [
            0,1,2,-1,2,1,3,-1,2,3,4,-1,4,3,5,-1,4,5,6,-1,6,5,7,-1,6,7,8,-1,8,7,9,-1,8,9,10,-1,10,9,11,-1,10,11,12,-1,12,11,13,-1,12,13,14,-1,14,13,15,-1,14,15,16,-1,16,15,17,-1,16,17,18,-1,18,17,19,-1,18,19,20,-1,20,19,21,-1,20,21,22,-1,22,21,23,-1,22,23,24,-1,24,23,25,-1,24,25,26,-1,26,25,27,-1,26,27,28,-1,28,27,29,-1,28,29,30,-1,30,29,31,-1,30,31,32,-1,32,31,33,-1,32,33,34,-1,34,33,35,-1,34,35,36,-1,36,35,37,-1,36,37,38,-1,38,37,39,-1,38,39,40,-1,40,39,41,-1,40,41,42,-1,42,41,43,-1,42,43,44,-1,44,43,45,-1,44,45,46,-1,46,45,47,-1,46,47,0,-1,0,47,1,-1,48,49,50,-1,50,49,51,-1,50,51,52,-1,53,54,50,-1,50,54,55,-1,50,55,48,-1,56,57,50,-1,50,57,58,-1,50,58,53,-1,59,60,50,-1,50,60,61,-1,50,61,56,-1,62,63,50,-1,50,63,64,-1,50,64,59,-1,65,66,50,-1,50,66,67,-1,50,67,62,-1,68,69,50,-1,50,69,70,-1,50,70,65,-1,52,71,50,-1,50,71,72,-1,50,72,68,-1,73,74,75,-1,75,74,76,-1,75,76,77,-1,77,76,78,-1,77,78,79,-1,79,78,80,-1,79,80,81,-1,81,80,82,-1,81,82,83,-1,83,82,84,-1,83,84,85,-1,85,84,86,-1,85,86,87,-1,87,86,88,-1,87,88,89,-1,89,88,90,-1,89,90,91,-1,91,90,92,-1,91,92,93,-1,93,92,94,-1,93,94,95,-1,95,94,96,-1,95,96,97,-1,97,96,98,-1,97,98,99,-1,99,98,100,-1,99,100,101,-1,101,100,102,-1,101,102,103,-1,103,102,104,-1,103,104,105,-1,105,104,106,-1,105,106,107,-1,107,106,108,-1,107,108,109,-1,109,108,110,-1,109,110,111,-1,111,110,112,-1,111,112,113,-1,113,112,114,-1,113,114,115,-1,115,114,116,-1,115,116,117,-1,117,116,118,-1,117,118,119,-1,119,118,120,-1,119,120,73,-1,73,120,74,-1,121,122,123,-1,123,122,124,-1,123,124,125,-1,126,127,123,-1,123,127,128,-1,123,128,121,-1,129,130,123,-1,123,130,131,-1,123,131,126,-1,132,133,123,-1,123,133,134,-1,123,134,129,-1,135,136,123,-1,123,136,137,-1,123,137,132,-1,138,139,123,-1,123,139,140,-1,123,140,135,-1,141,142,123,-1,123,142,143,-1,123,143,138,-1,125,144,123,-1,123,144,145,-1,123,145,141,-1,146,147,148,-1,148,147,149,-1,148,149,150,-1,150,149,151,-1,150,151,152,-1,152,151,153,-1,152,153,154,-1,154,153,155,-1,154,155,156,-1,156,155,157,-1,156,157,158,-1,158,157,159,-1,158,159,160,-1,160,159,161,-1,160,161,162,-1,162,161,163,-1,162,163,164,-1,164,163,165,-1,164,165,166,-1,166,165,167,-1,166,167,168,-1,168,167,169,-1,168,169,170,-1,170,169,171,-1,170,171,172,-1,172,171,173,-1,172,173,174,-1,174,173,175,-1,174,175,176,-1,176,175,177,-1,176,177,178,-1,178,177,179,-1,178,179,180,-1,180,179,181,-1,180,181,182,-1,182,181,183,-1,182,183,184,-1,184,183,185,-1,184,185,186,-1,186,185,187,-1,186,187,188,-1,188,187,189,-1,188,189,190,-1,190,189,191,-1,190,191,192,-1,192,191,193,-1,192,193,146,-1,146,193,147,-1,194,195,196,-1,196,195,197,-1,196,197,198,-1,199,200,196,-1,196,200,201,-1,196,201,194,-1,202,203,196,-1,196,203,204,-1,196,204,199,-1,205,206,196,-1,196,206,207,-1,196,207,202,-1,208,209,196,-1,196,209,210,-1,196,210,205,-1,211,212,196,-1,196,212,213,-1,196,213,208,-1,214,215,196,-1,196,215,216,-1,196,216,211,-1,198,217,196,-1,196,217,218,-1,196,218,214,-1,219,220,221,-1,221,220,222,-1,221,222,223,-1,223,222,224,-1,223,224,225,-1,225,224,226,-1,225,226,227,-1,227,226,228,-1,227,228,229,-1,229,228,230,-1,229,230,231,-1,231,230,232,-1,231,232,233,-1,233,232,234,-1,233,234,235,-1,235,234,236,-1,235,236,237,-1,237,236,238,-1,237,238,239,-1,239,238,240,-1,239,240,241,-1,241,240,242,-1,241,242,243,-1,243,242,244,-1,243,244,245,-1,245,244,246,-1,245,246,247,-1,247,246,248,-1,247,248,249,-1,249,248,250,-1,249,250,251,-1,251,250,252,-1,251,252,253,-1,253,252,254,-1,253,254,255,-1,255,254,256,-1,255,256,257,-1,257,256,258,-1,257,258,259,-1,259,258,260,-1,259,260,261,-1,261,260,262,-1,261,262,263,-1,263,262,264,-1,263,264,265,-1,265,264,266,-1,265,266,219,-1,219,266,220,-1,267,268,269,-1,269,268,270,-1,269,270,271,-1,272,273,269,-1,269,273,274,-1,269,274,267,-1,275,276,269,-1,269,276,277,-1,269,277,272,-1,278,279,269,-1,269,279,280,-1,269,280,275,-1,281,282,269,-1,269,282,283,-1,269,283,278,-1,284,285,269,-1,269,285,286,-1,269,286,281,-1,287,288,269,-1,269,288,289,-1,269,289,284,-1,271,290,269,-1,269,290,291,-1,269,291,287,-1,292,293,294,-1,294,293,295,-1,294,295,296,-1,296,295,297,-1,296,297,298,-1,298,297,299,-1,298,299,300,-1,300,299,301,-1,300,301,302,-1,302,301,303,-1,302,303,304,-1,304,303,305,-1,304,305,306,-1,306,305,307,-1,306,307,308,-1,308,307,309,-1,308,309,310,-1,310,309,311,-1,310,311,312,-1,312,311,313,-1,312,313,314,-1,314,313,315,-1,314,315,316,-1,316,315,317,-1,316,317,318,-1,318,317,319,-1,318,319,320,-1,320,319,321,-1,320,321,322,-1,322,321,323,-1,322,323,324,-1,324,323,325,-1,324,325,326,-1,326,325,327,-1,326,327,328,-1,328,327,329,-1,328,329,330,-1,330,329,331,-1,330,331,332,-1,332,331,333,-1,332,333,334,-1,334,333,335,-1,334,335,336,-1,336,335,337,-1,336,337,338,-1,338,337,339,-1,338,339,292,-1,292,339,293,-1,340,341,342,-1,342,341,343,-1,342,343,344,-1,345,346,342,-1,342,346,347,-1,342,347,340,-1,348,349,342,-1,342,349,350,-1,342,350,345,-1,351,352,342,-1,342,352,353,-1,342,353,348,-1,354,355,342,-1,342,355,356,-1,342,356,351,-1,357,358,342,-1,342,358,359,-1,342,359,354,-1,360,361,342,-1,342,361,362,-1,342,362,357,-1,344,363,342,-1,342,363,364,-1,342,364,360,-1,365,366,367,-1,367,366,368,-1,367,368,369,-1,369,368,370,-1,371,370,372,-1,372,370,368,-1,372,368,373,-1,373,368,374,-1,373,374,375,-1,375,374,376,-1,376,374,377,-1,377,374,378,-1,377,378,379,-1,380,381,382,-1,382,381,383,-1,383,384,382,-1,382,384,385,-1,382,385,378,-1,378,385,386,-1,378,386,379,-1,380,382,387,-1,387,382,388,-1,387,388,389,-1,390,391,392,-1,392,391,393,-1,392,393,388,-1,388,393,394,-1,388,394,389,-1,395,390,396,-1,396,390,392,-1,396,392,397,-1,397,392,398,-1,397,398,399,-1,399,398,400,-1,400,398,401,-1,401,398,402,-1,401,402,403,-1,404,405,406,-1,406,407,404,-1,404,407,408,-1,404,408,402,-1,402,408,409,-1,402,409,403,-1,410,411,404,-1,404,411,412,-1,404,412,405,-1,413,414,415,-1,415,414,416,-1,415,416,410,-1,410,416,417,-1,410,417,411,-1,418,413,419,-1,419,413,415,-1,419,415,420,-1,420,415,421,-1,420,421,422,-1,422,421,423,-1,423,421,424,-1,424,421,425,-1,424,425,426,-1,427,428,429,-1,429,428,430,-1,430,431,429,-1,429,431,432,-1,429,432,425,-1,425,432,433,-1,425,433,426,-1,427,429,434,-1,434,429,435,-1,434,435,436,-1,437,438,439,-1,439,438,440,-1,439,440,435,-1,435,440,441,-1,435,441,436,-1,442,437,443,-1,443,437,439,-1,443,439,444,-1,444,439,445,-1,444,445,446,-1,446,445,447,-1,447,445,448,-1,448,445,449,-1,448,449,450,-1,451,452,453,-1,453,452,454,-1,454,455,453,-1,453,455,456,-1,453,456,449,-1,449,456,457,-1,449,457,450,-1,451,453,458,-1,458,453,459,-1,458,459,460,-1,461,462,463,-1,463,462,464,-1,463,464,459,-1,459,464,465,-1,459,465,460,-1,466,461,467,-1,467,461,463,-1,467,463,468,-1,468,463,469,-1,468,469,470,-1,470,469,471,-1,471,469,472,-1,472,469,473,-1,472,473,474,-1,475,476,477,-1,477,476,478,-1,478,479,477,-1,477,479,480,-1,477,480,473,-1,473,480,481,-1,473,481,474,-1,475,477,482,-1,482,477,483,-1,482,483,484,-1,485,486,487,-1,487,486,488,-1,487,488,483,-1,483,488,489,-1,483,489,484,-1,490,485,491,-1,491,485,487,-1,491,487,492,-1,492,487,493,-1,492,493,494,-1,494,493,495,-1,495,493,496,-1,496,493,497,-1,496,497,498,-1,499,500,501,-1,501,502,499,-1,499,502,503,-1,499,503,497,-1,497,503,504,-1,497,504,498,-1,505,506,507,-1,507,506,508,-1,507,508,499,-1,499,508,509,-1,499,509,500,-1,505,507,510,-1,510,507,511,-1,510,511,512,-1,513,514,515,-1,515,514,516,-1,516,517,515,-1,515,517,518,-1,515,518,511,-1,511,518,519,-1,511,519,512,-1,513,515,520,-1,520,515,521,-1,520,521,522,-1,523,524,525,-1,525,524,526,-1,525,526,521,-1,521,526,527,-1,521,527,522,-1,528,523,529,-1,529,523,525,-1,529,525,530,-1,530,525,531,-1,530,531,532,-1,532,531,533,-1,533,531,534,-1,534,531,535,-1,534,535,536,-1,537,538,539,-1,539,538,540,-1,540,541,539,-1,539,541,542,-1,539,542,535,-1,535,542,543,-1,535,543,536,-1,537,539,544,-1,544,539,545,-1,544,545,546,-1,547,548,549,-1,549,548,550,-1,549,550,545,-1,545,550,551,-1,545,551,546,-1,552,547,553,-1,553,547,549,-1,553,549,554,-1,554,549,555,-1,554,555,556,-1,556,555,557,-1,557,555,558,-1,558,555,559,-1,558,559,560,-1,561,562,563,-1,563,564,561,-1,561,564,565,-1,561,565,559,-1,559,565,566,-1,559,566,560,-1,365,567,366,-1,366,567,568,-1,366,568,561,-1,561,568,569,-1,561,569,562,-1,570,404,571,-1,571,404,402,-1,571,402,572,-1,572,402,398,-1,572,398,573,-1,573,398,392,-1,573,392,574,-1,574,392,388,-1,574,388,575,-1,575,388,382,-1,575,382,576,-1,576,382,378,-1,576,378,577,-1,577,378,374,-1,577,374,578,-1,578,374,368,-1,578,368,579,-1,579,368,366,-1,579,366,580,-1,580,366,561,-1,580,561,581,-1,581,561,559,-1,581,559,582,-1,582,559,555,-1,582,555,583,-1,583,555,549,-1,583,549,584,-1,584,549,545,-1,584,545,585,-1,585,545,539,-1,585,539,586,-1,586,539,535,-1,586,535,587,-1,587,535,531,-1,587,531,588,-1,588,531,525,-1,588,525,589,-1,589,525,521,-1,589,521,590,-1,590,521,515,-1,590,515,591,-1,591,515,511,-1,591,511,592,-1,592,511,507,-1,592,507,593,-1,593,507,499,-1,593,499,594,-1,594,499,497,-1,594,497,595,-1,595,497,493,-1,595,493,596,-1,596,493,487,-1,596,487,597,-1,597,487,483,-1,597,483,598,-1,598,483,477,-1,598,477,599,-1,599,477,473,-1,599,473,600,-1,600,473,469,-1,600,469,601,-1,601,469,463,-1,601,463,602,-1,602,463,459,-1,602,459,603,-1,603,459,453,-1,603,453,604,-1,604,453,449,-1,604,449,605,-1,605,449,445,-1,605,445,606,-1,606,445,439,-1,606,439,607,-1,607,439,435,-1,607,435,608,-1,608,435,429,-1,608,429,609,-1,609,429,425,-1,609,425,610,-1,610,425,421,-1,610,421,611,-1,611,421,415,-1,611,415,612,-1,612,415,410,-1,612,410,570,-1,570,410,404,-1,613,614,615,-1,616,617,618,-1,619,620,614,-1,614,620,621,-1,614,621,615,-1,616,618,614,-1,614,618,622,-1,614,622,619,-1,623,624,625,-1,625,624,616,-1,616,624,626,-1,616,626,617,-1,627,625,628,-1,627,629,625,-1,625,629,630,-1,625,630,623,-1,631,632,628,-1,628,632,633,-1,628,633,627,-1,634,635,636,-1,637,638,631,-1,631,638,639,-1,631,639,632,-1,634,636,631,-1,631,636,640,-1,631,640,637,-1,641,642,643,-1,643,642,634,-1,634,642,644,-1,634,644,635,-1,645,643,646,-1,645,647,643,-1,643,647,648,-1,643,648,641,-1,649,650,646,-1,646,650,651,-1,646,651,645,-1,652,653,654,-1,655,656,649,-1,649,656,657,-1,649,657,650,-1,652,654,649,-1,649,654,658,-1,649,658,655,-1,659,660,661,-1,661,660,652,-1,652,660,662,-1,652,662,653,-1,663,661,664,-1,663,665,661,-1,661,665,666,-1,661,666,659,-1,667,668,664,-1,664,668,669,-1,664,669,663,-1,670,671,672,-1,673,674,667,-1,667,674,675,-1,667,675,668,-1,670,672,667,-1,667,672,676,-1,667,676,673,-1,677,678,679,-1,679,678,670,-1,670,678,680,-1,670,680,671,-1,681,679,682,-1,681,683,679,-1,679,683,684,-1,679,684,677,-1,685,686,682,-1,682,686,687,-1,682,687,681,-1,688,689,690,-1,691,692,685,-1,685,692,693,-1,685,693,686,-1,688,690,685,-1,685,690,694,-1,685,694,691,-1,695,696,697,-1,697,696,688,-1,688,696,698,-1,688,698,689,-1,699,697,700,-1,699,701,697,-1,697,701,702,-1,697,702,695,-1,703,704,700,-1,700,704,705,-1,700,705,699,-1,706,707,708,-1,709,710,703,-1,703,710,711,-1,703,711,704,-1,706,708,703,-1,703,708,712,-1,703,712,709,-1,713,714,715,-1,715,714,716,-1,715,716,706,-1,706,716,717,-1,706,717,707,-1,615,570,613,-1,613,570,718,-1,613,718,715,-1,715,718,719,-1,715,719,713,-1,616,614,720,-1,720,614,613,-1,720,613,715,-1,631,628,720,-1,720,628,625,-1,720,625,616,-1,646,643,720,-1,720,643,634,-1,720,634,631,-1,661,652,720,-1,720,652,649,-1,720,649,646,-1,670,667,720,-1,720,667,664,-1,720,664,661,-1,685,682,720,-1,720,682,679,-1,720,679,670,-1,700,697,720,-1,720,697,688,-1,720,688,685,-1,715,706,720,-1,720,706,703,-1,720,703,700,-1,721,722,723,-1,724,725,726,-1,727,728,729,-1,727,729,730,-1,731,732,733,-1,734,735,731,-1,736,737,738,-1,725,739,736,-1,726,725,740,-1,740,725,736,-1,740,736,741,-1,741,736,738,-1,741,738,742,-1,742,738,734,-1,742,734,743,-1,743,734,731,-1,743,731,744,-1,744,731,733,-1,744,733,729,-1,729,733,745,-1,729,745,730,-1,724,726,746,-1,746,726,747,-1,746,747,748,-1,748,747,749,-1,748,749,750,-1,751,748,752,-1,752,748,750,-1,752,750,753,-1,753,750,754,-1,753,754,755,-1,755,754,756,-1,756,754,757,-1,756,757,758,-1,759,760,761,-1,762,759,763,-1,763,759,761,-1,763,761,758,-1,758,761,764,-1,758,764,756,-1,756,764,765,-1,766,767,768,-1,768,769,766,-1,766,769,770,-1,766,770,771,-1,771,770,772,-1,771,772,762,-1,762,772,773,-1,762,773,759,-1,774,775,776,-1,776,775,777,-1,776,777,767,-1,767,777,778,-1,767,778,768,-1,779,780,781,-1,782,783,784,-1,784,783,779,-1,784,779,785,-1,785,779,781,-1,785,781,774,-1,774,781,786,-1,774,786,775,-1,787,788,789,-1,790,791,792,-1,792,791,793,-1,792,793,782,-1,782,793,794,-1,782,794,783,-1,795,796,797,-1,798,799,800,-1,800,799,787,-1,800,787,801,-1,801,787,789,-1,801,789,790,-1,790,789,802,-1,790,802,791,-1,803,804,805,-1,806,807,808,-1,808,807,795,-1,808,795,809,-1,809,795,797,-1,809,797,798,-1,798,797,810,-1,798,810,799,-1,811,812,813,-1,814,811,815,-1,815,811,813,-1,815,813,816,-1,816,813,803,-1,816,803,817,-1,817,803,805,-1,817,805,806,-1,806,805,818,-1,806,818,807,-1,819,820,821,-1,822,819,823,-1,823,819,821,-1,823,821,824,-1,824,821,825,-1,824,825,814,-1,814,825,826,-1,814,826,811,-1,827,828,829,-1,829,830,831,-1,832,723,833,-1,834,835,836,-1,832,833,836,-1,836,833,837,-1,836,837,834,-1,834,838,835,-1,835,838,839,-1,835,839,840,-1,840,839,827,-1,840,827,841,-1,841,827,829,-1,841,829,842,-1,842,829,831,-1,842,831,843,-1,843,831,844,-1,843,844,822,-1,822,844,845,-1,822,845,819,-1,846,847,721,-1,848,849,850,-1,851,852,848,-1,853,854,855,-1,856,857,853,-1,723,832,721,-1,721,832,858,-1,721,858,846,-1,846,858,859,-1,846,859,850,-1,850,859,860,-1,850,860,848,-1,848,860,861,-1,848,861,851,-1,851,861,862,-1,851,862,855,-1,855,862,863,-1,855,863,853,-1,853,863,864,-1,853,864,856,-1,856,864,865,-1,856,865,866,-1,866,865,867,-1,866,867,868,-1,868,867,869,-1,869,867,870,-1,869,870,871,-1,872,869,873,-1,873,869,871,-1,873,871,874,-1,874,871,875,-1,876,877,875,-1,875,877,878,-1,875,878,874,-1,879,880,881,-1,882,879,883,-1,883,879,881,-1,883,881,884,-1,884,881,885,-1,884,885,876,-1,876,885,886,-1,876,886,877,-1,887,888,889,-1,889,888,890,-1,889,890,882,-1,882,890,891,-1,882,891,879,-1,892,893,894,-1,895,896,897,-1,897,898,895,-1,895,898,899,-1,895,899,900,-1,900,899,892,-1,900,892,901,-1,901,892,894,-1,901,894,887,-1,887,894,902,-1,887,902,888,-1,903,904,905,-1,906,907,908,-1,909,910,911,-1,911,910,903,-1,911,903,912,-1,912,903,905,-1,912,905,896,-1,896,905,913,-1,896,913,897,-1,914,915,916,-1,917,914,918,-1,918,914,916,-1,918,916,919,-1,914,920,915,-1,915,920,921,-1,915,921,922,-1,922,921,906,-1,922,906,923,-1,923,906,908,-1,923,908,909,-1,909,908,924,-1,909,924,910,-1,925,926,927,-1,927,926,928,-1,927,928,919,-1,919,928,929,-1,919,929,918,-1,930,931,932,-1,933,930,934,-1,934,930,932,-1,934,932,935,-1,935,932,936,-1,935,936,925,-1,925,936,937,-1,925,937,926,-1,938,939,940,-1,940,941,942,-1,727,943,728,-1,728,943,944,-1,728,944,945,-1,945,944,946,-1,945,946,947,-1,948,949,950,-1,946,951,947,-1,947,951,948,-1,947,948,952,-1,952,948,950,-1,952,950,953,-1,953,950,938,-1,953,938,954,-1,954,938,940,-1,954,940,955,-1,955,940,942,-1,955,942,956,-1,956,942,957,-1,956,957,933,-1,933,957,958,-1,933,958,930,-1,727,730,568,-1,568,730,569,-1,733,563,745,-1,745,563,562,-1,745,562,730,-1,730,562,569,-1,943,567,944,-1,944,567,365,-1,944,365,946,-1,946,365,367,-1,371,948,370,-1,370,948,951,-1,370,951,369,-1,946,367,951,-1,951,367,369,-1,373,938,372,-1,372,938,950,-1,372,950,949,-1,948,371,949,-1,949,371,372,-1,939,376,940,-1,940,376,377,-1,938,373,939,-1,939,373,375,-1,939,375,376,-1,385,957,386,-1,386,957,942,-1,386,942,379,-1,379,942,941,-1,940,377,941,-1,941,377,379,-1,958,384,930,-1,930,384,383,-1,957,385,958,-1,958,385,384,-1,387,936,380,-1,380,936,932,-1,380,932,931,-1,930,383,931,-1,931,383,381,-1,931,381,380,-1,393,926,394,-1,394,926,937,-1,394,937,389,-1,936,387,937,-1,937,387,389,-1,395,918,390,-1,390,918,929,-1,390,929,391,-1,391,929,928,-1,926,393,928,-1,928,393,391,-1,917,396,914,-1,914,396,397,-1,918,395,917,-1,917,395,396,-1,401,906,400,-1,400,906,921,-1,400,921,920,-1,914,397,920,-1,920,397,399,-1,920,399,400,-1,408,908,409,-1,409,908,907,-1,409,907,403,-1,906,401,907,-1,907,401,403,-1,406,903,407,-1,407,903,910,-1,407,910,924,-1,908,408,924,-1,924,408,407,-1,904,412,905,-1,905,412,411,-1,903,406,904,-1,904,406,405,-1,904,405,412,-1,913,417,897,-1,897,417,416,-1,905,411,913,-1,913,411,417,-1,418,899,413,-1,413,899,898,-1,413,898,414,-1,897,416,898,-1,898,416,414,-1,893,419,894,-1,894,419,420,-1,899,418,892,-1,892,418,419,-1,892,419,893,-1,902,423,888,-1,888,423,424,-1,894,420,902,-1,902,420,422,-1,902,422,423,-1,432,879,433,-1,433,879,891,-1,433,891,426,-1,888,424,890,-1,890,424,426,-1,890,426,891,-1,880,431,881,-1,881,431,430,-1,879,432,880,-1,880,432,431,-1,886,427,877,-1,877,427,434,-1,427,886,885,-1,881,430,885,-1,885,430,428,-1,885,428,427,-1,878,441,874,-1,874,441,440,-1,877,434,878,-1,878,434,436,-1,878,436,441,-1,442,869,437,-1,437,869,872,-1,437,872,438,-1,874,440,873,-1,873,440,438,-1,873,438,872,-1,868,443,866,-1,866,443,444,-1,869,442,868,-1,868,442,443,-1,857,447,853,-1,853,447,448,-1,866,444,856,-1,856,444,446,-1,856,446,857,-1,857,446,447,-1,456,855,457,-1,457,855,854,-1,457,854,450,-1,853,448,854,-1,854,448,450,-1,852,455,848,-1,848,455,454,-1,855,456,851,-1,851,456,455,-1,851,455,852,-1,849,451,850,-1,850,451,458,-1,451,849,452,-1,452,849,848,-1,452,848,454,-1,847,465,721,-1,721,465,464,-1,850,458,846,-1,846,458,460,-1,846,460,847,-1,847,460,465,-1,722,462,723,-1,723,462,461,-1,723,461,833,-1,833,461,466,-1,721,464,722,-1,722,464,462,-1,837,467,834,-1,834,467,468,-1,833,466,837,-1,837,466,467,-1,472,827,471,-1,471,827,839,-1,471,839,838,-1,834,468,838,-1,838,468,470,-1,838,470,471,-1,480,829,481,-1,481,829,828,-1,481,828,474,-1,827,472,828,-1,828,472,474,-1,478,844,479,-1,479,844,831,-1,479,831,830,-1,829,480,830,-1,830,480,479,-1,845,475,819,-1,819,475,482,-1,475,845,476,-1,476,845,844,-1,476,844,478,-1,488,825,489,-1,489,825,821,-1,489,821,820,-1,819,482,820,-1,820,482,484,-1,820,484,489,-1,490,811,485,-1,485,811,826,-1,485,826,486,-1,825,488,826,-1,826,488,486,-1,492,803,491,-1,491,803,813,-1,491,813,812,-1,811,490,812,-1,812,490,491,-1,804,495,805,-1,805,495,496,-1,803,492,804,-1,804,492,494,-1,804,494,495,-1,818,498,504,-1,503,795,504,-1,504,795,807,-1,504,807,818,-1,805,496,818,-1,818,496,498,-1,796,502,797,-1,797,502,501,-1,795,503,796,-1,796,503,502,-1,508,787,509,-1,509,787,799,-1,509,799,810,-1,509,810,500,-1,500,810,797,-1,500,797,501,-1,788,505,789,-1,789,505,510,-1,787,508,788,-1,788,508,506,-1,788,506,505,-1,518,793,519,-1,519,793,791,-1,519,791,512,-1,512,791,802,-1,789,510,802,-1,802,510,512,-1,794,517,783,-1,783,517,516,-1,793,518,794,-1,794,518,517,-1,780,513,781,-1,781,513,520,-1,513,780,779,-1,783,516,779,-1,779,516,514,-1,779,514,513,-1,526,775,527,-1,527,775,786,-1,527,786,522,-1,781,520,786,-1,786,520,522,-1,778,524,768,-1,768,524,523,-1,768,523,528,-1,775,526,777,-1,777,526,524,-1,777,524,778,-1,769,529,770,-1,770,529,530,-1,768,528,769,-1,769,528,529,-1,773,533,759,-1,759,533,534,-1,533,773,772,-1,770,530,772,-1,772,530,532,-1,772,532,533,-1,542,761,543,-1,543,761,760,-1,543,760,536,-1,759,534,760,-1,760,534,536,-1,765,541,756,-1,756,541,540,-1,761,542,764,-1,764,542,541,-1,764,541,765,-1,755,537,753,-1,753,537,544,-1,756,540,755,-1,755,540,538,-1,755,538,537,-1,550,748,551,-1,551,748,751,-1,551,751,546,-1,753,544,752,-1,752,544,546,-1,752,546,751,-1,552,724,547,-1,547,724,746,-1,547,746,548,-1,748,550,746,-1,746,550,548,-1,739,553,736,-1,736,553,554,-1,724,552,725,-1,725,552,553,-1,725,553,739,-1,737,557,738,-1,738,557,558,-1,736,554,737,-1,737,554,556,-1,737,556,557,-1,565,731,566,-1,566,731,735,-1,566,735,560,-1,738,558,734,-1,734,558,560,-1,734,560,735,-1,731,565,732,-1,732,565,564,-1,727,568,943,-1,943,568,567,-1,732,564,733,-1,733,564,563,-1,959,960,961,-1,961,960,962,-1,961,962,963,-1,964,965,961,-1,961,965,966,-1,961,966,959,-1,967,968,961,-1,961,968,969,-1,961,969,964,-1,970,971,961,-1,961,971,972,-1,961,972,967,-1,973,974,961,-1,961,974,975,-1,961,975,970,-1,976,977,961,-1,961,977,978,-1,961,978,973,-1,979,980,961,-1,961,980,981,-1,961,981,976,-1,963,982,961,-1,961,982,983,-1,961,983,979,-1,962,984,963,-1,963,984,985,-1,963,985,982,-1,982,985,986,-1,982,986,983,-1,983,986,987,-1,983,987,979,-1,979,987,988,-1,979,988,980,-1,980,988,989,-1,980,989,981,-1,981,989,990,-1,981,990,976,-1,976,990,991,-1,976,991,977,-1,977,991,992,-1,977,992,978,-1,978,992,993,-1,978,993,973,-1,973,993,994,-1,973,994,974,-1,974,994,995,-1,974,995,975,-1,975,995,996,-1,975,996,970,-1,970,996,997,-1,970,997,971,-1,971,997,998,-1,971,998,972,-1,972,998,999,-1,972,999,967,-1,967,999,1000,-1,967,1000,968,-1,968,1000,1001,-1,968,1001,969,-1,969,1001,1002,-1,969,1002,964,-1,964,1002,1003,-1,964,1003,965,-1,965,1003,1004,-1,965,1004,966,-1,966,1004,1005,-1,966,1005,959,-1,959,1005,1006,-1,959,1006,960,-1,960,1006,1007,-1,960,1007,962,-1,962,1007,984,-1,984,1008,985,-1,985,1008,1009,-1,985,1009,986,-1,986,1009,1010,-1,986,1010,987,-1,987,1010,1011,-1,987,1011,988,-1,988,1011,1012,-1,988,1012,989,-1,989,1012,1013,-1,989,1013,990,-1,990,1013,1014,-1,990,1014,991,-1,991,1014,1015,-1,991,1015,992,-1,992,1015,1016,-1,992,1016,993,-1,993,1016,1017,-1,993,1017,994,-1,994,1017,1018,-1,994,1018,995,-1,995,1018,1019,-1,995,1019,996,-1,996,1019,1020,-1,996,1020,997,-1,997,1020,1021,-1,997,1021,998,-1,998,1021,1022,-1,998,1022,999,-1,999,1022,1023,-1,999,1023,1000,-1,1000,1023,1024,-1,1000,1024,1001,-1,1001,1024,1025,-1,1001,1025,1002,-1,1002,1025,1026,-1,1002,1026,1003,-1,1003,1026,1027,-1,1003,1027,1004,-1,1004,1027,1028,-1,1004,1028,1005,-1,1005,1028,1029,-1,1005,1029,1006,-1,1006,1029,1030,-1,1006,1030,1007,-1,1007,1030,1031,-1,1007,1031,984,-1,984,1031,1008,-1,1031,1032,1008,-1,1008,1032,1033,-1,1008,1033,1009,-1,1009,1033,1034,-1,1009,1034,1010,-1,1010,1034,1035,-1,1010,1035,1011,-1,1011,1035,1036,-1,1011,1036,1012,-1,1012,1036,1037,-1,1012,1037,1013,-1,1013,1037,1038,-1,1013,1038,1014,-1,1014,1038,1039,-1,1014,1039,1015,-1,1015,1039,1040,-1,1015,1040,1016,-1,1016,1040,1041,-1,1016,1041,1017,-1,1017,1041,1042,-1,1017,1042,1018,-1,1018,1042,1043,-1,1018,1043,1019,-1,1019,1043,1044,-1,1019,1044,1020,-1,1020,1044,1045,-1,1020,1045,1021,-1,1021,1045,1046,-1,1021,1046,1022,-1,1022,1046,1047,-1,1022,1047,1023,-1,1023,1047,1048,-1,1023,1048,1024,-1,1024,1048,1049,-1,1024,1049,1025,-1,1025,1049,1050,-1,1025,1050,1026,-1,1026,1050,1051,-1,1026,1051,1027,-1,1027,1051,1052,-1,1027,1052,1028,-1,1028,1052,1053,-1,1028,1053,1029,-1,1029,1053,1054,-1,1029,1054,1030,-1,1030,1054,1055,-1,1030,1055,1031,-1,1031,1055,1032,-1,1055,1056,1032,-1,1032,1056,1057,-1,1032,1057,1033,-1,1033,1057,1058,-1,1033,1058,1034,-1,1034,1058,1059,-1,1034,1059,1035,-1,1035,1059,1060,-1,1035,1060,1036,-1,1036,1060,1061,-1,1036,1061,1037,-1,1037,1061,1062,-1,1037,1062,1038,-1,1038,1062,1063,-1,1038,1063,1039,-1,1039,1063,1064,-1,1039,1064,1040,-1,1040,1064,1065,-1,1040,1065,1041,-1,1041,1065,1066,-1,1041,1066,1042,-1,1042,1066,1067,-1,1042,1067,1043,-1,1043,1067,1068,-1,1043,1068,1044,-1,1044,1068,1069,-1,1044,1069,1045,-1,1045,1069,1070,-1,1045,1070,1046,-1,1046,1070,1071,-1,1046,1071,1047,-1,1047,1071,1072,-1,1047,1072,1048,-1,1048,1072,1073,-1,1048,1073,1049,-1,1049,1073,1074,-1,1049,1074,1050,-1,1050,1074,1075,-1,1050,1075,1051,-1,1051,1075,1076,-1,1051,1076,1052,-1,1052,1076,1077,-1,1052,1077,1053,-1,1053,1077,1078,-1,1053,1078,1054,-1,1054,1078,1079,-1,1054,1079,1055,-1,1055,1079,1056,-1,1079,1080,1056,-1,1056,1080,1081,-1,1056,1081,1057,-1,1057,1081,1082,-1,1057,1082,1058,-1,1058,1082,1083,-1,1058,1083,1059,-1,1059,1083,1084,-1,1059,1084,1060,-1,1060,1084,1085,-1,1060,1085,1061,-1,1061,1085,1086,-1,1061,1086,1062,-1,1062,1086,1087,-1,1062,1087,1063,-1,1063,1087,1088,-1,1063,1088,1064,-1,1064,1088,1089,-1,1064,1089,1065,-1,1065,1089,1090,-1,1065,1090,1066,-1,1066,1090,1091,-1,1066,1091,1067,-1,1067,1091,1092,-1,1067,1092,1068,-1,1068,1092,1093,-1,1068,1093,1069,-1,1069,1093,1094,-1,1069,1094,1070,-1,1070,1094,1095,-1,1070,1095,1071,-1,1071,1095,1096,-1,1071,1096,1072,-1,1072,1096,1097,-1,1072,1097,1073,-1,1073,1097,1098,-1,1073,1098,1074,-1,1074,1098,1099,-1,1074,1099,1075,-1,1075,1099,1100,-1,1075,1100,1076,-1,1076,1100,1101,-1,1076,1101,1077,-1,1077,1101,1102,-1,1077,1102,1078,-1,1078,1102,1103,-1,1078,1103,1079,-1,1079,1103,1080,-1,1103,1104,1080,-1,1080,1104,1105,-1,1080,1105,1081,-1,1081,1105,1106,-1,1081,1106,1082,-1,1082,1106,1107,-1,1082,1107,1083,-1,1083,1107,1108,-1,1083,1108,1084,-1,1084,1108,1109,-1,1084,1109,1085,-1,1085,1109,1110,-1,1085,1110,1086,-1,1086,1110,1111,-1,1086,1111,1087,-1,1087,1111,1112,-1,1087,1112,1088,-1,1088,1112,1113,-1,1088,1113,1089,-1,1089,1113,1114,-1,1089,1114,1090,-1,1090,1114,1115,-1,1090,1115,1091,-1,1091,1115,1116,-1,1091,1116,1092,-1,1092,1116,1117,-1,1092,1117,1093,-1,1093,1117,1118,-1,1093,1118,1094,-1,1094,1118,1119,-1,1094,1119,1095,-1,1095,1119,1120,-1,1095,1120,1096,-1,1096,1120,1121,-1,1096,1121,1097,-1,1097,1121,1122,-1,1097,1122,1098,-1,1098,1122,1123,-1,1098,1123,1099,-1,1099,1123,1124,-1,1099,1124,1100,-1,1100,1124,1125,-1,1100,1125,1101,-1,1101,1125,1126,-1,1101,1126,1102,-1,1102,1126,1127,-1,1102,1127,1103,-1,1103,1127,1104,-1,1127,1128,1104,-1,1104,1128,1129,-1,1104,1129,1105,-1,1105,1129,1130,-1,1105,1130,1106,-1,1106,1130,1131,-1,1106,1131,1107,-1,1107,1131,1132,-1,1107,1132,1108,-1,1108,1132,1133,-1,1108,1133,1109,-1,1109,1133,1134,-1,1109,1134,1110,-1,1110,1134,1135,-1,1110,1135,1111,-1,1111,1135,1136,-1,1111,1136,1112,-1,1112,1136,1137,-1,1112,1137,1113,-1,1113,1137,1138,-1,1113,1138,1114,-1,1114,1138,1139,-1,1114,1139,1115,-1,1115,1139,1140,-1,1115,1140,1116,-1,1116,1140,1141,-1,1116,1141,1117,-1,1117,1141,1142,-1,1117,1142,1118,-1,1118,1142,1143,-1,1118,1143,1119,-1,1119,1143,1144,-1,1119,1144,1120,-1,1120,1144,1145,-1,1120,1145,1121,-1,1121,1145,1146,-1,1121,1146,1122,-1,1122,1146,1147,-1,1122,1147,1123,-1,1123,1147,1148,-1,1123,1148,1124,-1,1124,1148,1149,-1,1124,1149,1125,-1,1125,1149,1150,-1,1125,1150,1126,-1,1126,1150,1151,-1,1126,1151,1127,-1,1127,1151,1128,-1,
        ]
    }
}
Shape{
    appearance Appearance {
        material  Material 	{
            diffuseColor 1.0 1.0 1.0
            specularColor 0.5019607843137255 0.5019607843137255 0.5019607843137255
            ambientIntensity 1.0
            transparency 0.0
            shininess 0.5
        }
    }
    geometry IndexedFaceSet {
        ccw TRUE
        solid FALSE
        coord DEF co Coordinate {
            point [
                -2.126 -1.8319 3.0945, -2.126 -2.1927 3.6584, -2.126 -1.7796 3.1346, -2.126 -2.0267 3.7543, -2.126 -1.7188 3.1598, -2.126 -1.8443 3.8135, -2.126 -1.6535 3.1684, -2.126 -1.6535 3.8336, -2.126 -1.5883 3.1598, -2.126 -1.9057 2.9162, -2.126 -2.5659 3.0121, -2.126 -1.8971 2.9815, -2.126 -2.526 3.1997, -2.126 -1.8719 3.0423, -2.126 -2.448 3.3749, -2.126 -2.3353 3.53, -2.126 -1.7796 2.6978, -2.126 -2.1927 2.174, -2.126 -1.8319 2.7379, -2.126 -2.3353 2.3024, -2.126 -1.8719 2.7901, -2.126 -2.448 2.4575, -2.126 -1.8971 2.8509, -2.126 -2.526 2.6327, -2.126 -2.5659 2.8203, -2.126 -1.4752 2.7379, -2.126 -1.1143 2.174, -2.126 -1.5274 2.6978, -2.126 -1.2804 2.0782, -2.126 -1.5883 2.6726, -2.126 -1.4628 2.0189, -2.126 -1.6535 2.664, -2.126 -1.6535 1.9988, -2.126 -1.7188 2.6726, -2.126 -1.8443 2.0189, -2.126 -2.0267 2.0782, -2.126 -1.4628 3.8135, -2.126 -1.2804 3.7543, -2.126 -1.5274 3.1346, -2.126 -1.1143 3.6584, -2.126 -1.4752 3.0945, -2.126 -0.9718 3.53, -2.126 -1.4351 3.0423, -2.126 -0.8591 3.3749, -2.126 -1.4099 2.9815, -2.126 -0.7811 3.1997, -2.126 -1.4014 2.9162, -2.126 -0.7412 3.0121, -2.126 -0.7412 2.8203, -2.126 -1.4099 2.8509, -2.126 -0.7811 2.6327, -2.126 -1.4351 2.7901, -2.126 -0.8591 2.4575, -2.126 -0.9718 2.3024
            ]
        }
        coordIndex [
            0,1,2,-1,2,1,3,-1,2,3,4,-1,4,3,5,-1,4,5,6,-1,6,5,7,-1,6,7,8,-1,9,10,11,-1,11,10,12,-1,11,12,13,-1,13,12,14,-1,13,14,0,-1,0,14,15,-1,0,15,1,-1,16,17,18,-1,18,17,19,-1,18,19,20,-1,20,19,21,-1,20,21,22,-1,22,21,23,-1,22,23,9,-1,9,23,24,-1,9,24,10,-1,25,26,27,-1,27,26,28,-1,27,28,29,-1,29,28,30,-1,29,30,31,-1,31,30,32,-1,31,32,33,-1,33,32,34,-1,33,34,16,-1,16,34,35,-1,16,35,17,-1,7,36,8,-1,8,36,37,-1,8,37,38,-1,38,37,39,-1,38,39,40,-1,40,39,41,-1,40,41,42,-1,42,41,43,-1,42,43,44,-1,44,43,45,-1,44,45,46,-1,45,47,46,-1,46,47,48,-1,46,48,49,-1,49,48,50,-1,49,50,51,-1,51,50,52,-1,51,52,25,-1,25,52,53,-1,25,53,26,-1,
        ]
    }
}
Shape{
    appearance Appearance {
        material  Material 	{
            diffuseColor 0.8313725490196079 0.6705882352941176 0.12941176470588237
            specularColor 0.6666666666666666 0.5372549019607843 0.10196078431372549
            ambientIntensity 0.657
            transparency 0.0
            shininess 0.5
        }
    }
    geometry IndexedFaceSet {
        ccw TRUE
        solid FALSE
        coord DEF co Coordinate {
            point [
                -2.126 -1.3572 1.9718, -2.126 -1.5534 1.9314, -2.126 -1.6535 1.9988, -2.126 -1.7537 1.9314, -2.126 -1.8443 2.0189, -2.126 -1.9499 1.9718, -2.126 -2.0267 2.0782, -2.126 -2.1339 2.0507, -2.126 -2.1927 2.174, -2.126 -2.2983 2.1652, -2.126 -2.3353 2.3024, -2.126 -2.4363 2.3103, -2.126 -2.448 2.4575, -2.126 -2.5422 2.4803, -2.126 -2.526 2.6327, -2.126 -2.6118 2.6681, -2.126 -2.5659 2.8203, -2.126 -2.6421 2.8661, -2.126 -2.5659 3.0121, -2.126 -2.632 3.0661, -2.126 -2.526 3.1997, -2.126 -2.5818 3.26, -2.126 -2.448 3.3749, -2.126 -2.4936 3.4398, -2.126 -2.3353 3.53, -2.126 -2.371 3.5982, -2.126 -2.1927 3.6584, -2.126 -2.219 3.7286, -2.126 -2.0267 3.7543, -2.126 -2.0439 3.8258, -2.126 -1.8443 3.8135, -2.126 -1.8528 3.8858, -2.126 -1.6535 3.8336, -2.126 -1.6535 3.906, -2.126 -1.4628 3.8135, -2.126 -1.4543 3.8858, -2.126 -1.2804 3.7543, -2.126 -1.2632 3.8258, -2.126 -1.1143 3.6584, -2.126 -1.0881 3.7286, -2.126 -0.9718 3.53, -2.126 -0.9361 3.5982, -2.126 -0.8591 3.3749, -2.126 -0.8135 3.4398, -2.126 -0.7811 3.1997, -2.126 -0.7253 3.26, -2.126 -0.7412 3.0121, -2.126 -0.6751 3.0661, -2.126 -0.7412 2.8203, -2.126 -0.665 2.8661, -2.126 -0.7811 2.6327, -2.126 -0.6953 2.6681, -2.126 -0.8591 2.4575, -2.126 -0.7649 2.4803, -2.126 -0.9718 2.3024, -2.126 -0.8708 2.3103, -2.126 -1.1143 2.174, -2.126 -1.0088 2.1652, -2.126 -1.2804 2.0782, -2.126 -1.1732 2.0507, -2.126 -1.4628 2.0189, -2.9134 -1.6535 3.906, -2.9134 -1.4543 3.8858, -2.9134 -1.2632 3.8258, -2.9134 -1.0881 3.7286, -2.9134 -0.9361 3.5982, -2.9134 -0.8135 3.4398, -2.9134 -0.7253 3.26, -2.9134 -0.6751 3.0661, -2.9134 -0.665 2.8661, -2.9134 -0.6953 2.6681, -2.9134 -0.7649 2.4803, -2.9134 -0.8708 2.3103, -2.9134 -1.0088 2.1652, -2.9134 -1.1732 2.0507, -2.9134 -1.3572 1.9718, -2.9134 -1.5534 1.9314, -2.9134 -1.7537 1.9314, -2.9134 -1.9499 1.9718, -2.9134 -2.1339 2.0507, -2.9134 -2.2983 2.1652, -2.9134 -2.4363 2.3103, -2.9134 -2.5422 2.4803, -2.9134 -2.6118 2.6681, -2.9134 -2.6421 2.8661, -2.9134 -2.632 3.0661, -2.9134 -2.5818 3.26, -2.9134 -2.4936 3.4398, -2.9134 -2.371 3.5982, -2.9134 -2.219 3.7286, -2.9134 -2.0439 3.8258, -2.9134 -1.8528 3.8858, -2.9134 -1.4423 1.8543, -2.9134 -1.6535 1.8335, -2.9134 -1.8648 1.8543, -2.9134 -2.0679 1.9159, -2.9134 -2.255 2.016, -2.9134 -2.4191 2.1506, -2.9134 -2.5538 2.3147, -2.9134 -2.6538 2.5019, -2.9134 -2.7154 2.705, -2.9134 -2.7362 2.9162, -2.9134 -2.7154 3.1274, -2.9134 -2.6538 3.3305, -2.9134 -2.5538 3.5177, -2.9134 -2.4191 3.6818, -2.9134 -2.255 3.8164, -2.9134 -2.0679 3.9165, -2.9134 -1.8648 3.9781, -2.9134 -1.6535 3.9989, -2.9134 -1.4423 3.9781, -2.9134 -1.2392 3.9165, -2.9134 -1.052 3.8164, -2.9134 -0.888 3.6818, -2.9134 -0.7533 3.5177, -2.9134 -0.6533 3.3305, -2.9134 -0.5917 3.1274, -2.9134 -0.5709 2.9162, -2.9134 -0.5917 2.705, -2.9134 -0.6533 2.5019, -2.9134 -0.7533 2.3147, -2.9134 -0.888 2.1506, -2.9134 -1.052 2.016, -2.9134 -1.2392 1.9159, -2.7165 -1.6535 1.8335, -2.7165 -1.4423 1.8543, -2.7165 -1.2392 1.9159, -2.7165 -1.052 2.016, -2.7165 -0.888 2.1506, -2.7165 -0.7533 2.3147, -2.7165 -0.6533 2.5019, -2.7165 -0.5917 2.705, -2.7165 -0.5709 2.9162, -2.7165 -0.5917 3.1274, -2.7165 -0.6533 3.3305, -2.7165 -0.7533 3.5177, -2.7165 -0.888 3.6818, -2.7165 -1.052 3.8164, -2.7165 -1.2392 3.9165, -2.7165 -1.4423 3.9781, -2.7165 -1.6535 3.9989, -2.7165 -1.8648 3.9781, -2.7165 -2.0679 3.9165, -2.7165 -2.255 3.8164, -2.7165 -2.4191 3.6818, -2.7165 -2.5538 3.5177, -2.7165 -2.6538 3.3305, -2.7165 -2.7154 3.1274, -2.7165 -2.7362 2.9162, -2.7165 -2.7154 2.705, -2.7165 -2.6538 2.5019, -2.7165 -2.5538 2.3147, -2.7165 -2.4191 2.1506, -2.7165 -2.255 2.016, -2.7165 -2.0679 1.9159, -2.7165 -1.8648 1.8543, -2.7165 -1.8005 3.9964, -2.7165 -2.0925 3.9125, -2.7165 -2.0112 3.9485, -2.7165 -1.9481 3.9646, -2.7165 -1.8349 3.9936, -2.7165 -2.1775 3.8749, -2.7165 -2.2295 3.8405, -2.7165 -2.3294 3.7746, -2.7165 -2.4361 3.6786, -2.7165 -2.2139 1.9783, -2.7165 -2.3724 2.0935, -2.7165 -2.5077 2.235, -2.7165 -2.6156 2.3985, -2.7165 -2.6926 2.5786, -2.7165 -2.7362 2.7696, -2.7165 -2.745 2.9652, -2.7165 -2.7187 3.1593, -2.7165 -2.6581 3.3456, -2.7165 -2.5653 3.5181, -2.7165 -2.4432 3.6712, -2.7165 -0.5621 2.9652, -2.7165 -0.5709 2.7696, -2.7165 -0.6145 2.5786, -2.7165 -0.6915 2.3985, -2.7165 -0.7994 2.235, -2.7165 -0.9347 2.0935, -2.7165 -1.0932 1.9783, -2.7165 -1.2697 1.8933, -2.7165 -1.4585 1.8412, -2.7165 -1.6535 1.8237, -2.7165 -1.8486 1.8412, -2.7165 -2.0374 1.8933, -2.7165 -1.6535 4.0087, -2.7165 -1.5556 4.0043, -2.7165 -1.3629 3.9694, -2.7165 -1.1795 3.9005, -2.7165 -1.0114 3.8001, -2.7165 -0.8639 3.6712, -2.7165 -0.7418 3.5181, -2.7165 -0.6489 3.3456, -2.7165 -0.5884 3.1593, -2.687 -1.6535 4.0087, -2.649 -1.6535 4.0762, -2.4652 -0.7386 2.185, -2.4709 -0.8411 2.0725, -2.5152 -0.8961 2.1296, -2.4667 -0.6103 3.2406, -2.4639 -0.6361 3.3071, -2.4196 -0.5602 3.3363, -1.7643 -2.7389 3.3564, -1.7695 -2.6747 3.4899, -1.8138 -2.6054 3.451, -1.4954 -2.6536 3.5259, -1.5007 -2.5684 3.6476, -1.545 -2.5066 3.5982, -1.4093 -1.8437 1.7605, -1.415 -1.9922 1.795, -1.4593 -1.9693 1.871, -1.318 -0.5526 3.3158, -1.3237 -0.5099 3.1692, -1.368 -0.5871 3.1521, -1.3256 -1.2444 3.9292, -1.3224 -1.3188 3.9533, -1.2781 -1.2938 4.0309, -1.0559 -0.4836 2.9716, -1.062 -0.4866 2.8158, -1.1063 -0.5655 2.8226, -0.9455 -2.6502 2.4694, -0.9458 -2.6501 2.4694, -0.9449 -2.6406 2.448, -1.0275 -1.8101 3.9974, -1.0267 -1.8302 3.9931, -0.9972 -1.8387 4.045, -1.0382 -0.5064 3.2168, -1.0404 -0.4851 3.1288, -1.0498 -0.5012 3.1259, -1.047 -0.4612 2.8626, -1.0482 -0.4621 2.8139, -1.0773 -1.1223 1.8131, -1.0774 -1.1275 1.8107, -1.1077 -1.1503 1.8586, -1.0975 -2.0039 1.7214, -1.0988 -2.0583 1.7384, -1.1411 -2.0342 1.8085, -1.0999 -2.1029 1.7524, -1.1472 -2.1773 1.8686, -1.1023 -2.1958 1.7902, -1.1024 -2.1996 1.7918, -1.0916 -1.7425 1.6812, -1.0921 -1.7646 1.6825, -1.1299 -1.7377 1.748, -1.093 -1.8039 1.6848, -1.1353 -1.8863 1.7683, -1.0952 -1.903 1.6987, -1.0971 -1.9845 1.717, -1.0874 -1.5429 1.6872, -1.0884 -1.5876 1.6823, -1.1248 -1.591 1.7466, -1.0886 -1.5981 1.6812, -1.0907 -1.7006 1.6787, -1.0864 -1.4965 1.6922, -1.1194 -1.4426 1.7641, -1.0849 -1.4317 1.7048, -1.0812 -1.2769 1.7471, -1.0817 -1.2953 1.7402, -1.1137 -1.2944 1.8014, -1.0825 -1.3265 1.7313, -1.0841 -1.3947 1.712, -1.0793 -1.1994 1.7764, -1.072 -0.9369 1.9298, -1.0735 -0.9877 1.8937, -1.1015 -1.0144 1.9347, -1.0743 -1.0139 1.8751, -1.0769 -1.1071 1.8204, -1.0897 -0.7807 2.1352, -1.0659 -0.75 2.1078, -1.0668 -0.7759 2.0771, -1.0669 -0.7791 2.0733, -1.0693 -0.8513 2.0011, -1.0955 -0.8902 2.0279, -1.0696 -0.8605 1.9933, -1.0718 -0.9296 1.9349, -1.0791 -0.6126 2.3793, -1.0591 -0.582 2.3634, -1.0601 -0.601 2.3239, -1.0619 -0.6446 2.2501, -1.0623 -0.6526 2.2366, -1.0842 -0.6879 2.2534, -1.0624 -0.6561 2.2316, -1.0645 -0.7117 2.1531, -1.0555 -0.5191 2.5157, -1.0557 -0.523 2.5052, -1.0738 -0.5528 2.516, -1.0572 -0.5466 2.443, -1.0579 -0.5572 2.4148, -1.052 -0.4833 2.6567, -1.0522 -0.4847 2.6494, -1.068 -0.5101 2.6627, -1.0531 -0.4915 2.614, -1.0506 -0.4725 2.7135, -1.0457 -0.4602 2.9169, -1.0443 -0.464 2.9725, -1.0407 -0.4826 3.1187, -1.0417 -0.476 3.0757, -1.0431 -0.4672 3.0187, -1.0359 -0.5375 3.31, -1.0366 -0.5281 3.2819, -1.044 -0.5385 3.2748, -1.0367 -0.527 3.2785, -1.0336 -0.5773 3.403, -1.0385 -0.5937 3.4147, -1.0332 -0.5856 3.4185, -1.0291 -0.6786 3.5752, -1.0299 -0.6598 3.5461, -1.0334 -0.6643 3.5433, -1.0313 -0.6244 3.4914, -1.0317 -0.6156 3.4748, -1.027 -0.7354 3.6484, -1.0281 -0.752 3.6639, -1.0268 -0.7409 3.6553, -1.0236 -0.8333 3.751, -1.0244 -0.8094 3.7293, -1.0265 -0.7502 3.6654, -1.0724 -0.8144 3.6122, -1.0703 -0.8468 3.653, -1.0666 -0.9122 3.7151, -1.0228 -0.858 3.7734, -1.022 -0.8834 3.7965, -1.0641 -0.9578 3.7586, -1.022 -0.884 3.797, -1.0195 -0.9627 3.8569, -1.0606 -1.0241 3.8058, -1.019 -0.9801 3.868, -1.017 -1.0451 3.9093, -1.0576 -1.0841 3.8486, -1.0167 -1.0566 3.9153, -1.0546 -1.1477 3.8815, -1.0151 -1.1142 3.9454, -1.0145 -1.1345 3.956, -1.051 -1.222 3.9199, -1.012 -1.2267 3.9944, -1.0115 -1.2465 4.0007, -1.0485 -1.2799 3.9401, -1.0112 -1.2566 4.0039, -1.0095 -1.3217 4.0247, -1.0447 -1.3675 3.9706, -1.0074 -1.403 4.0435, -1.0427 -1.417 3.9804, -1.0072 -1.4115 4.0454, -1.0372 -1.5554 4.0023, -1.0039 -1.5501 4.0621, -1.0387 -1.5158 4.0, -1.0048 -1.5104 4.0598, -1.0064 -1.4476 4.0507, -0.9981 -1.8023 4.0523, -1.0004 -1.7078 4.0629, -1.032 -1.6921 4.0064, -1.0007 -1.6942 4.0633, -1.0331 -1.6628 4.0087, -1.0016 -1.6535 4.0644, -1.0026 -1.6093 4.0656, -0.9936 -1.9829 4.0084, -0.9957 -1.8999 4.0327, -0.9968 -1.8577 4.0412, -1.0215 -1.9583 3.9653, -1.021 -1.9687 3.9615, -0.9933 -1.9946 4.005, -1.015 -2.1041 3.9114, -1.0089 -2.2319 3.8424, -0.9864 -2.2348 3.8891, -0.9884 -2.1692 3.9285, -0.9898 -2.1222 3.9515, -1.0151 -2.1031 3.912, -0.9908 -2.0863 3.9692, -0.9917 -2.0535 3.982, -1.0029 -2.3491 3.7572, -0.9833 -2.3344 3.8192, -1.0085 -2.2398 3.8381, -0.9858 -2.2545 3.8772, -0.9859 -2.2539 3.8776, -1.0021 -2.3643 3.746, -0.9812 -2.3958 3.7658, -0.982 -2.3727 3.7859, -0.9761 -2.5321 3.6169, -0.9761 -2.5319 3.6171, -0.9958 -2.4731 3.6386, -0.9782 -2.4781 3.682, -0.997 -2.4529 3.6585, -0.9786 -2.4688 3.6932, -0.9808 -2.4087 3.7547, -0.9747 -2.5664 3.5675, -0.9915 -2.5414 3.5496, -0.9738 -2.5877 3.5367, -0.99 -2.5641 3.52, -0.9716 -2.636 3.4522, -0.9863 -2.6135 3.4333, -0.9714 -2.6385 3.4469, -0.9788 -2.6925 3.254, -0.9671 -2.7073 3.2796, -0.981 -2.671 3.3074, -0.968 -2.6939 3.3163, -0.9846 -2.6366 3.3929, -0.9695 -2.6735 3.3718, -0.9714 -2.6388 3.4464, -0.9753 -2.7129 3.1721, -0.9646 -2.7327 3.1856, -0.9666 -2.7125 3.2603, -0.9694 -2.7373 3.0302, -0.9614 -2.7519 3.065, -0.9725 -2.7295 3.1054, -0.9621 -2.7496 3.0899, -0.9644 -2.7341 3.1772, -0.9633 -2.7429 2.8855, -0.9567 -2.7567 2.8851, -0.9572 -2.7583 2.9049, -0.966 -2.7455 2.9513, -0.9598 -2.7576 3.0031, -0.9606 -2.7549 3.0321, -0.9572 -2.7294 2.7414, -0.9528 -2.7388 2.7399, -0.9595 -2.7394 2.7961, -0.9546 -2.7504 2.8078, -0.9562 -2.7552 2.8668, -0.949 -2.7026 2.6003, -0.9499 -2.7144 2.6346, -0.9531 -2.7117 2.6445, -0.9509 -2.7239 2.6719, -0.952 -2.7341 2.712, -0.9459 -2.658 2.4869, -0.9474 -2.6828 2.5423, -0.9471 -2.664 2.5007, -0.9514 -2.6976 2.6019, -2.6408 -1.7562 4.0799, -2.6818 -1.791 3.9994, -2.6407 -1.7583 4.0798, -2.6239 -1.9587 4.0614, -2.6243 -1.9531 4.0622, -2.6319 -1.9498 4.0494, -2.6324 -1.858 4.0749, -2.6372 -1.801 4.0777, -2.626 -2.0961 4.0006, -2.6108 -2.106 4.0246, -2.615 -2.0591 4.0392, -2.623 -1.969 4.0592, -2.5973 -2.2514 3.9701, -2.6044 -2.176 4.0009, -2.6199 -2.2359 3.9324, -2.6062 -2.1571 4.0086, -2.583 -2.3984 3.8889, -2.5856 -2.3722 3.9052, -2.6138 -2.3656 3.8462, -2.5886 -2.3419 3.924, -2.5969 -2.2562 3.9677, -2.6079 -2.4816 3.7445, -2.5694 -2.5295 3.7923, -2.5714 -2.5115 3.8083, -2.5799 -2.4292 3.8697, -2.5587 -2.6308 3.6955, -2.5591 -2.6239 3.7041, -2.6022 -2.5818 3.6305, -2.5631 -2.5878 3.7405, -2.5671 -2.5505 3.7737, -1.0762 -0.7535 3.5355, -1.0777 -0.7325 3.5001, -1.0816 -0.6788 3.4097, -1.0828 -0.6665 3.3805, -1.0874 -0.6207 3.2722, -1.0883 -0.6148 3.2503, -1.0936 -0.5811 3.1247, -1.1002 -0.5625 2.9679, -1.1001 -0.5624 2.971, -1.0941 -0.5795 3.1117, -1.118 -0.6282 2.5434, -1.113 -0.5907 2.6633, -1.1123 -0.588 2.6799, -1.1066 -0.5657 2.8157, -1.1285 -0.7546 2.2991, -1.1247 -0.6991 2.3846, -1.1234 -0.6842 2.4161, -1.1191 -0.636 2.5184, -1.1426 -0.9936 2.0455, -1.1398 -0.9432 2.0896, -1.1362 -0.8778 2.1469, -1.134 -0.8412 2.1893, -1.1302 -0.7791 2.2612, -1.1458 -1.0589 2.003, -1.1491 -1.1237 1.9607, -1.1519 -1.1853 1.9321, -1.1556 -1.2644 1.8954, -1.1579 -1.3192 1.8787, -1.1619 -1.4111 1.8509, -1.1637 -1.4571 1.8437, -1.1678 -1.5595 1.8277, -1.1691 -1.5953 1.8271, -1.1732 -1.7059 1.8249, -1.1742 -1.7319 1.828, -1.1789 -1.8539 1.8422, -1.1796 -1.8704 1.8465, -1.1851 -2.0016 1.8806, -1.1854 -2.0084 1.8835, -1.1916 -2.1444 1.9402, -1.1976 -2.2671 2.0132, -1.1593 -2.434 2.0428, -1.2036 -2.3806 2.1026, -1.1533 -2.3117 1.9474, -1.1981 -2.2779 2.0197, -1.1651 -2.5411 2.152, -1.1705 -2.6313 2.2714, -1.2148 -2.564 2.3159, -1.2106 -2.5019 2.2278, -1.2094 -2.4802 2.2045, -1.2045 -2.3981 2.1167, -1.2253 -2.6848 2.5633, -1.2218 -2.6549 2.4793, -1.1756 -2.7042 2.3986, -1.2199 -2.6316 2.4344, -1.2163 -2.5873 2.349, -1.2278 -2.7055 2.6214, -1.181 -2.7617 2.537, -1.2311 -2.7219 2.7009, -1.1868 -2.8017 2.6848, -1.2341 -2.7365 2.7721, -1.1928 -2.8222 2.8386, -1.1989 -2.8222 2.9944, -1.2406 -2.746 2.927, -1.2371 -2.7409 2.844, -1.205 -2.8016 3.1482, -1.2471 -2.7335 3.0816, -1.2432 -2.741 2.9889, -1.2108 -2.7615 3.2959, -1.2534 -2.6996 3.2313, -1.2492 -2.7221 3.132, -1.2648 -2.5765 3.5007, -1.2605 -2.632 3.3987, -1.2162 -2.704 3.4343, -1.2593 -2.6464 3.372, -1.255 -2.6851 3.2697, -1.2656 -2.5643 3.5174, -1.2213 -2.631 3.5615, -1.2705 -2.4885 3.6207, -1.2267 -2.5408 3.6809, -1.2889 -2.1411 3.8926, -1.2831 -2.2601 3.8249, -1.2385 -2.3113 3.8853, -1.2828 -2.2667 3.8198, -1.2324 -2.4335 3.79, -1.2767 -2.3823 3.7301, -1.271 -2.4806 3.6289, -1.2506 -2.0337 4.0241, -1.2564 -1.8858 4.0642, -1.3007 -1.8697 3.9851, -1.2896 -2.125 3.9017, -1.2446 -2.1768 3.9641, -1.2949 -2.0075 3.9481, -1.2961 -1.9813 3.9584, -1.2619 -1.7371 4.0845, -1.2669 -1.5905 4.0858, -1.3113 -1.5948 4.0048, -1.3079 -1.6855 4.0083, -1.3061 -1.7313 4.0038, -1.3022 -1.8333 3.9938, -1.2723 -1.442 4.0682, -1.3193 -1.3905 3.9766, -1.3167 -1.4567 3.9882, -1.3134 -1.539 4.0027, -1.3284 -1.1848 3.9001, -1.2841 -1.1498 3.9736, -1.3321 -1.1049 3.861, -1.2902 -1.0139 3.8974, -1.2963 -0.8897 3.8042, -1.3386 -0.9766 3.7737, -1.3345 -1.0583 3.8293, -1.3509 -0.7669 3.5545, -1.3463 -0.8404 3.6431, -1.3021 -0.7803 3.6968, -1.345 -0.863 3.6703, -1.3405 -0.9426 3.7428, -1.3518 -0.7537 3.5333, -1.3075 -0.6876 3.5786, -1.3564 -0.6894 3.43, -1.3126 -0.6124 3.4527, -1.3623 -0.627 3.2889, -1.3621 -0.6286 3.2944, -1.3569 -0.6832 3.4162, -1.3297 -0.4865 3.016, -1.3359 -0.4836 2.8603, -1.3801 -0.5637 2.864, -1.3746 -0.5639 2.9952, -1.374 -0.5659 3.0092, -1.3682 -0.5859 3.1482, -1.392 -0.6157 2.5819, -1.3876 -0.5854 2.6867, -1.3419 -0.5013 2.706, -1.3862 -0.5806 2.7204, -1.3812 -0.5637 2.8398, -1.3532 -0.5939 2.4172, -1.3583 -0.6646 2.2886, -1.4026 -0.7331 2.3321, -1.3938 -0.6277 2.5404, -1.3477 -0.5387 2.5571, -1.3975 -0.6672 2.4517, -1.3995 -0.6882 2.4046, -1.3694 -0.8572 2.0573, -1.4108 -0.8612 2.164, -1.3637 -0.7523 2.1681, -1.408 -0.8149 2.22, -1.4049 -0.7654 2.28, -1.3754 -0.9775 1.9597, -1.4172 -0.9745 2.0603, -1.4137 -0.9126 2.117, -1.3815 -1.1104 1.8785, -1.4237 -1.1026 1.9728, -1.4197 -1.0244 2.0262, -1.3876 -1.2526 1.8157, -1.4302 -1.2419 1.9042, -1.4258 -1.148 1.9504, -1.3934 -1.4 1.7727, -1.4365 -1.388 1.8564, -1.4318 -1.2802 1.8917, -1.3989 -1.5488 1.7496, -1.4425 -1.5364 1.83, -1.4377 -1.4173 1.8512, -1.4536 -1.8307 1.8381, -1.4483 -1.6927 1.825, -1.404 -1.6955 1.7457, -1.4479 -1.683 1.8241, -1.4432 -1.5559 1.8292, -1.421 -2.1371 1.8494, -1.4271 -2.2744 1.923, -1.4714 -2.2318 1.9913, -1.4662 -2.1226 1.9295, -1.4653 -2.1041 1.9223, -1.4597 -1.9788 1.8732, -1.4332 -2.4004 2.014, -1.4391 -2.5121 2.1195, -1.4833 -2.4528 2.1747, -1.4791 -2.3804 2.1005, -1.4775 -2.3489 2.0763, -1.4727 -2.2579 2.0061, -1.494 -2.6135 2.3996, -1.491 -2.5752 2.3296, -1.4446 -2.6073 2.2364, -1.4888 -2.5413 2.2835, -1.4853 -2.4869 2.2097, -1.4965 -2.6454 2.4581, -1.4497 -2.6849 2.3611, -1.4993 -2.671 2.5255, -1.455 -2.747 2.4963, -1.5024 -2.6989 2.5986, -1.4607 -2.7922 2.6418, -1.5152 -2.746 2.9027, -1.511 -2.7376 2.8026, -1.4667 -2.8184 2.7942, -1.5087 -2.7331 2.7481, -1.505 -2.7131 2.6608, -1.5171 -2.7433 2.9475, -1.4728 -2.8243 2.9499, -1.5217 -2.7369 3.0577, -1.4788 -2.8095 3.1046, -1.4847 -2.7749 3.2545, -1.528 -2.7062 3.2085, -1.5231 -2.73 3.0916, -1.4903 -2.7221 3.3958, -1.534 -2.6559 3.3508, -1.529 -2.6982 3.2313, -1.5397 -2.5861 3.4848, -1.5395 -2.5886 3.4813, -1.5345 -2.6495 3.3632, -1.5566 -2.3 3.7951, -1.5513 -2.4 3.7139, -1.5063 -2.4658 3.76, -1.5507 -2.4105 3.7026, -1.5452 -2.5035 3.6026, -1.5184 -2.2163 3.9434, -1.5245 -2.0753 4.0089, -1.5688 -2.046 3.9333, -1.5577 -2.2801 3.8112, -1.5123 -2.3476 3.8597, -1.5627 -2.1775 3.8727, -1.5642 -2.1468 3.891, -1.5802 -1.7708 3.9999, -1.5769 -1.8565 3.9897, -1.5304 -1.9283 4.0548, -1.5746 -1.9092 3.9759, -1.5707 -2.0041 3.9509, -1.5826 -1.7084 4.0073, -1.5359 -1.7795 4.0807, -1.5854 -1.634 4.0061, -1.5411 -1.6325 4.0873, -1.5881 -1.562 4.0049, -1.5463 -1.4847 4.0752, -1.552 -1.336 4.0436, -1.5939 -1.4137 3.9821, -1.5907 -1.4964 3.9948, -1.558 -1.1903 3.992, -1.6002 -1.2668 3.938, -1.5963 -1.3581 3.9654, -1.5641 -1.0517 3.921, -1.6067 -1.1261 3.873, -1.6023 -1.2225 3.9175, -1.6196 -0.8797 3.6874, -1.6144 -0.974 3.7696, -1.5701 -0.9239 3.8324, -1.6132 -0.9957 3.7885, -1.6083 -1.0933 3.8517, -1.6203 -0.8675 3.6734, -1.576 -0.81 3.7287, -1.6256 -0.7806 3.5732, -1.5816 -0.7123 3.6133, -1.592 -0.568 3.3561, -1.5977 -0.5202 3.212, -1.642 -0.5976 3.1917, -1.6367 -0.637 3.3164, -1.6363 -0.6416 3.3262, -1.5868 -0.6322 3.4896, -1.6311 -0.7003 3.45, -1.6259 -0.776 3.5661, -1.6036 -0.4912 3.0603, -1.6097 -0.4823 2.9049, -1.654 -0.5632 2.9056, -1.6492 -0.5659 3.0194, -1.6479 -0.5711 3.0503, -1.6428 -0.5913 3.1716, -1.6158 -0.4942 2.7497, -1.6217 -0.5261 2.5989, -1.666 -0.6043 2.6209, -1.6622 -0.5806 2.7103, -1.6601 -0.5745 2.7612, -1.6557 -0.5623 2.8641, -1.6796 -0.7521 2.299, -1.6768 -0.7128 2.3654, -1.6325 -0.6428 2.3244, -1.6742 -0.6777 2.425, -1.6273 -0.5764 2.4561, -1.6715 -0.6512 2.4881, -1.6684 -0.6198 2.5626, -1.682 -0.7898 2.2513, -1.6377 -0.7254 2.2017, -1.6855 -0.8451 2.1814, -1.6433 -0.8256 2.0878, -1.6492 -0.9417 1.9861, -1.6917 -0.9558 2.0755, -1.6876 -0.8829 2.1452, -1.6553 -1.0713 1.8999, -1.6982 -1.0818 1.9852, -1.6935 -0.9908 2.0504, -1.6614 -1.2112 1.8317, -1.7048 -1.2196 1.9136, -1.6996 -1.1113 1.9699, -1.6674 -1.3575 1.783, -1.7111 -1.3649 1.8625, -1.7057 -1.2414 1.9059, -1.7224 -1.6537 1.8241, -1.7173 -1.5162 1.8325, -1.673 -1.5063 1.7542, -1.7171 -1.5133 1.8327, -1.7116 -1.3776 1.86, -1.6833 -1.8011 1.7543, -1.689 -1.9499 1.7831, -1.7333 -1.9297 1.8607, -1.7227 -1.6603 1.8237, -1.6782 -1.6537 1.7449, -1.7277 -1.7911 1.8334, -1.7283 -1.8075 1.8346, -1.7453 -2.1958 1.9705, -1.7407 -2.1006 1.9194, -1.6949 -2.0963 1.8318, -1.7392 -2.0658 1.9066, -1.7343 -1.9558 1.8663, -1.7071 -2.3657 1.9863, -1.713 -2.4818 2.088, -1.7573 -2.4243 2.1456, -1.7473 -2.2375 1.9929, -1.701 -2.2361 1.9001, -1.7513 -2.3163 2.0509, -1.7537 -2.3622 2.0847, -1.7239 -2.6645 2.3247, -1.7658 -2.5627 2.3103, -1.7186 -2.5819 2.202, -1.7629 -2.5174 2.2516, -1.76 -2.4714 2.1918, -1.729 -2.7308 2.4565, -1.7712 -2.6355 2.4372, -1.7681 -2.5944 2.3657, -1.7833 -2.7291 2.7244, -1.7789 -2.7031 2.6211, -1.7346 -2.7811 2.5993, -1.777 -2.6917 2.5759, -1.7733 -2.6562 2.4883, -1.7848 -2.733 2.7615, -1.7405 -2.813 2.7501, -1.7898 -2.7454 2.8785, -1.7466 -2.8247 2.9052, -1.7527 -2.8159 3.0607, -1.7963 -2.7397 3.0337, -1.7909 -2.7444 2.9059, -1.8087 -2.665 3.3293, -1.8029 -2.7101 3.1923, -1.7587 -2.7867 3.2123, -1.8027 -2.7124 3.1854, -1.797 -2.7366 3.0508, -1.7747 -2.5946 3.6136, -1.7803 -2.4969 3.729, -1.8246 -2.4389 3.6732, -1.8198 -2.518 3.5842, -1.819 -2.5303 3.566, -1.8143 -2.6001 3.4617, -1.8366 -2.2133 3.8515, -1.8323 -2.2998 3.7971, -1.7862 -2.3829 3.8326, -1.8305 -2.3325 3.7694, -1.8259 -2.4173 3.6974, -1.8388 -2.1683 3.8798, -1.7923 -2.255 3.9212, -1.8426 -2.0842 3.9174, -1.7984 -2.1164 3.9921, -1.8453 -2.0268 3.943, -1.8486 -1.9487 3.9653, -1.81 -1.8221 4.0753, -1.8542 -1.8104 3.9948, -1.8515 -1.8797 3.9851, -1.8043 -1.9707 4.0437, -1.8573 -1.7314 4.0059, -1.8152 -1.6742 4.0873, -1.8595 -1.6728 4.0062, -1.8628 -1.5851 4.0066, -1.8204 -1.5272 4.0806, -1.8647 -1.536 4.0001, -1.8686 -1.4369 3.987, -1.8259 -1.3784 4.0547, -1.8702 -1.3974 3.9761, -1.8748 -1.2895 3.9463, -1.8318 -1.2314 4.0088, -1.8761 -1.2605 3.9337, -1.8813 -1.1475 3.8844, -1.8379 -1.0904 3.9432, -1.8822 -1.129 3.873, -1.8878 -1.0152 3.8029, -1.844 -0.9591 3.8594, -1.8883 -1.0063 3.7954, -1.8942 -0.8967 3.7041, -1.85 -0.841 3.7598, -1.8999 -0.8004 3.5978, -1.9003 -0.7949 3.5917, -1.8557 -0.7385 3.6473, -1.9052 -0.7214 3.4841, -1.8609 -0.6533 3.5256, -1.9059 -0.7116 3.4697, -1.9104 -0.658 3.3626, -1.8716 -0.5321 3.2541, -1.8775 -0.4975 3.1042, -1.9218 -0.5775 3.0912, -1.9114 -0.6458 3.3381, -1.866 -0.5848 3.3955, -1.9159 -0.6093 3.2308, -1.9174 -0.5971 3.1948, -1.8835 -0.4828 2.9495, -1.8896 -0.4887 2.7938, -1.9339 -0.5697 2.8023, -1.9303 -0.5614 2.8883, -1.9278 -0.5641 2.9471, -1.9238 -0.5685 3.0435, -1.9489 -0.6675 2.4457, -1.9456 -0.6361 2.5252, -1.9013 -0.5603 2.496, -1.9431 -0.6124 2.5851, -1.8956 -0.515 2.6414, -1.9399 -0.5941 2.6605, -1.9368 -0.5763 2.734, -1.9509 -0.6936 2.3993, -1.9066 -0.6223 2.3608, -1.9544 -0.7393 2.3181, -1.9117 -0.7 2.2361, -1.9172 -0.7952 2.1193, -1.9601 -0.8293 2.1991, -1.9561 -0.7658 2.2831, -1.9728 -1.0612 1.9982, -1.9674 -0.9581 2.0756, -1.9231 -0.907 2.0137, -1.9663 -0.9374 2.0911, -1.9616 -0.8542 2.1742, -1.9735 -1.0752 1.9905, -1.9292 -1.033 1.9228, -1.9793 -1.1975 1.9234, -1.9353 -1.1703 1.8493, -1.9413 -1.3152 1.7949, -1.947 -1.4637 1.7604, -1.9913 -1.4767 1.839, -1.9857 -1.3419 1.8691, -1.9856 -1.3381 1.8705, -1.9796 -1.203 1.9214, -1.9523 -1.6119 1.7457, -1.9574 -1.7587 1.7497, -2.0017 -1.7515 1.8298, -1.9974 -1.6376 1.8238, -1.9966 -1.6148 1.8257, -1.9918 -1.4901 1.836, -2.0131 -2.0271 1.8922, -2.009 -1.9328 1.86, -1.9629 -1.9074 1.7728, -2.0072 -1.89 1.8518, -2.003 -1.7844 1.8315, -1.9748 -2.197 1.8787, -2.0191 -2.1592 1.9508, -1.9688 -2.0549 1.8159, -2.0153 -2.0784 1.9097, -2.0346 -2.4555 2.1743, -2.0312 -2.3947 2.1172, -1.9869 -2.4501 2.0575, -2.0283 -2.3437 2.0693, -1.9809 -2.3299 1.96, -2.0252 -2.2828 2.0265, -2.0218 -2.2168 1.9801, -2.0369 -2.4925 2.2202, -1.9927 -2.555 2.1684, -2.0405 -2.5497 2.2912, -1.998 -2.6427 2.289, -2.0517 -2.6841 2.5536, -2.0474 -2.6403 2.4518, -2.0031 -2.7134 2.4176, -2.0459 -2.6252 2.4166, -2.0423 -2.5743 2.3322, -2.0529 -2.6919 2.582, -2.0086 -2.7685 2.5575, -2.0579 -2.7246 2.7007, -2.0144 -2.8058 2.7063, -2.0587 -2.7271 2.7206, -2.0643 -2.7443 2.8542, -2.0205 -2.8235 2.8606, -2.0648 -2.7442 2.8644, -2.0709 -2.7421 3.0096, -2.0266 -2.8205 3.0164, -2.0769 -2.7195 3.1524, -2.0383 -2.7544 3.3162, -2.0437 -2.6946 3.453, -2.088 -2.6232 3.4162, -2.0773 -2.718 3.1621, -2.0326 -2.7971 3.1696, -2.0826 -2.6793 3.289, -2.0834 -2.6736 3.3075, -2.0488 -2.6193 3.5789, -2.0542 -2.5266 3.697, -2.0986 -2.4661 3.6431, -2.0945 -2.5321 3.5656, -2.0931 -2.5528 3.5333, -2.089 -2.6112 3.4419, -2.0601 -2.417 3.8044, -2.0661 -2.2929 3.8976, -2.1104 -2.2484 3.8293, -2.1068 -2.3192 3.7825, -2.1044 -2.364 3.7428, -2.1005 -2.4342 3.6805, -2.1261 -1.9028 3.9799, -2.1225 -1.988 3.9535, -2.0782 -2.0129 4.031, -2.1199 -2.0494 3.9345, -2.0722 -2.1569 3.9738, -2.1165 -2.1219 3.9002, -2.1134 -2.1896 3.8681, -2.1282 -1.8501 3.9885, -2.084 -1.8647 4.0683, -2.1321 -1.7544 4.0041, -2.0894 -1.7162 4.0858, -2.1336 -1.7119 4.0051, -2.1375 -1.608 4.0078, -2.1388 -1.5754 4.0042, -2.0944 -1.5696 4.0844, -2.1432 -1.46 3.9915, -2.0999 -1.4209 4.0641, -2.1057 -1.2731 4.0239, -2.1494 -1.3122 3.954, -2.1442 -1.4369 3.9856, -2.1117 -1.1299 3.9639, -2.1558 -1.1691 3.8954, -2.15 -1.299 3.9486, -2.1179 -0.9955 3.8851, -2.1239 -0.8733 3.7897, -2.1682 -0.9263 3.7302, -2.1624 -1.0351 3.8168, -2.1621 -1.0399 3.8197, -2.156 -1.1653 3.8932, -2.1793 -0.743 3.5168, -2.1749 -0.8096 3.61, -2.1297 -0.7661 3.6806, -2.1739 -0.8268 3.6282, -2.1688 -0.9142 3.7205, -2.1401 -0.6029 3.434, -2.1456 -0.5454 3.2956, -2.1899 -0.6222 3.2692, -2.1806 -0.7234 3.4892, -2.1351 -0.6758 3.5612, -2.1845 -0.6754 3.3982, -2.1861 -0.655 3.3594, -2.2017 -0.5662 2.9886, -2.1984 -0.5715 3.0675, -2.1514 -0.5054 3.1478, -2.1957 -0.5852 3.1317, -2.192 -0.6035 3.2178, -2.1574 -0.4849 2.994, -2.1635 -0.4849 2.8382, -2.2049 -0.561 2.9126, -2.1695 -0.5054 2.6844, -2.2114 -0.5726 2.7579, -2.2078 -0.5662 2.8436, -2.1753 -0.5455 2.5367, -2.2177 -0.6054 2.6078, -2.2138 -0.5851 2.7006, -2.1807 -0.603 2.3983, -2.2236 -0.6578 2.4667, -2.2196 -0.6221 2.563, -2.1858 -0.6759 2.2711, -2.2291 -0.7269 2.3374, -2.225 -0.6753 2.434, -2.2409 -0.9194 2.1071, -2.2355 -0.8267 2.2039, -2.1912 -0.7662 2.1517, -2.2348 -0.8141 2.217, -2.2301 -0.7429 2.3154, -2.2091 -1.1301 1.8684, -2.2534 -1.1657 1.9395, -2.203 -0.9957 1.9472, -2.2474 -1.041 2.0115, -2.197 -0.8734 2.0426, -2.2413 -0.9262 2.1017, -2.2653 -1.4371 1.8471, -2.2603 -1.319 1.8762, -2.2152 -1.2732 1.8084, -2.2595 -1.2993 1.8841, -2.2539 -1.1755 1.9338, -2.2264 -1.5698 1.7479, -2.2707 -1.5756 1.8284, -2.221 -1.4211 1.7682, -2.2665 -1.4669 1.8397, -2.2812 -1.8502 1.8441, -2.2777 -1.7613 1.829, -2.2315 -1.7164 1.7466, -2.2758 -1.7121 1.8275, -2.2722 -1.6148 1.8244, -2.2836 -1.9097 1.8541, -2.2369 -1.8649 1.7642, -2.287 -1.9881 1.879, -2.2427 -2.0131 1.8015, -2.2899 -2.0561 1.9005, -2.2487 -2.1571 1.8587, -2.3029 -2.3248 2.0542, -2.2991 -2.2485 2.0031, -2.2548 -2.293 1.9349, -2.2964 -2.1959 1.9678, -2.293 -2.1221 1.9323, -2.3051 -2.3642 2.0896, -2.2608 -2.4172 2.0281, -2.3092 -2.4392 2.157, -2.2666 -2.5267 2.1355, -2.2721 -2.6194 2.2537, -2.3152 -2.5362 2.2724, -2.3109 -2.4664 2.1893, -2.2772 -2.6946 2.3796, -2.3207 -2.6145 2.3964, -2.3164 -2.5531 2.2991, -2.2825 -2.7544 2.5164, -2.3263 -2.6761 2.5314, -2.3215 -2.6235 2.4162, -2.2883 -2.7971 2.663, -2.3325 -2.7196 2.6772, -2.3269 -2.6797 2.5435, -2.2943 -2.8205 2.8162, -2.3004 -2.8235 2.9719, -2.3447 -2.7437 2.9682, -2.3389 -2.7427 2.83, -2.3386 -2.7416 2.823, -2.3326 -2.72 2.6801, -2.3566 -2.6916 3.2505, -2.3519 -2.7232 3.1387, -2.3065 -2.8058 3.1263, -2.3507 -2.7268 3.1119, -2.3454 -2.7439 2.9854, -2.358 -2.6818 3.2854, -2.3123 -2.7685 3.2751, -2.362 -2.6401 3.3806, -2.3178 -2.7133 3.415, -2.3638 -2.622 3.4218, -2.3672 -2.5741 3.5002, -2.3282 -2.5549 3.6642, -2.3725 -2.4923 3.6123, -2.3229 -2.6426 3.5436, -2.3692 -2.5457 3.5468, -2.3399 -2.3297 3.8726, -2.3814 -2.3382 3.7676, -2.334 -2.45 3.775, -2.3783 -2.3946 3.7153, -2.3751 -2.4507 3.6633, -2.3461 -2.1968 3.9538, -2.3879 -2.2107 3.856, -2.3842 -2.2827 3.806, -2.3521 -2.0547 4.0166, -2.3944 -2.0718 3.9255, -2.3903 -2.1591 3.8818, -2.4068 -1.7775 4.0017, -2.4022 -1.8899 3.9809, -2.358 -1.9073 4.0597, -2.4008 -1.9259 3.9742, -2.3964 -2.027 3.9405, -2.4077 -1.7514 4.0029, -2.3635 -1.7585 4.0828, -2.4122 -1.6308 4.0085, -2.3686 -1.6117 4.0867, -2.3739 -1.4635 4.0719, -2.4179 -1.4832 3.9954, -2.4129 -1.6146 4.007, -2.4299 -1.203 3.9106, -2.424 -1.3351 3.9613, -2.3796 -1.315 4.0375, -2.4239 -1.3378 3.9619, -2.4182 -1.4764 3.9938, -2.3917 -1.0329 3.9095, -2.3978 -0.9068 3.8186, -2.442 -0.9581 3.7564, -2.4304 -1.1909 3.906, -2.3856 -1.1702 3.9831, -2.436 -1.0753 3.8415, -2.437 -1.0552 3.8303, -2.4036 -0.7951 3.713, -2.4091 -0.6999 3.5962, -2.4534 -0.7658 3.5491, -2.4496 -0.8248 3.628, -2.4479 -0.8543 3.6579, -2.4434 -0.932 3.7366, -2.4143 -0.6222 3.4714, -2.4608 -0.6646 3.3805, -2.4586 -0.6936 3.4329, -2.4554 -0.7356 3.5086, -2.4696 -0.5941 3.1718, -2.4253 -0.5149 3.1908, -2.473 -0.5751 3.0913, -2.4312 -0.4887 3.0384, -2.4373 -0.4828 2.8827, -2.4794 -0.5612 2.9369, -2.4755 -0.5696 3.0299, -2.4923 -0.599 2.6308, -2.4877 -0.5773 2.741, -2.4434 -0.4975 2.728, -2.486 -0.5693 2.7818, -2.4816 -0.5639 2.8851, -2.4936 -0.6091 2.6014, -2.4493 -0.5321 2.5781, -2.4983 -0.6484 2.488, -2.4548 -0.5849 2.4367, -2.5095 -0.7992 2.2352, -2.5042 -0.7212 2.348, -2.4599 -0.6534 2.3066, -2.5038 -0.715 2.3569, -2.4991 -0.6578 2.4695, -2.4769 -0.9593 1.9729, -2.5212 -1.0067 2.0372, -2.5155 -0.9019 2.1234, -2.5333 -1.2608 1.8989, -2.5285 -1.1539 1.9447, -2.483 -1.0906 1.8891, -2.5273 -1.1293 1.9596, -2.5219 -1.0211 2.0254, -2.4949 -1.3786 1.7777, -2.5392 -1.3976 1.8564, -2.4891 -1.2316 1.8236, -2.5349 -1.2962 1.8838, -2.5005 -1.5274 1.7518, -2.5056 -1.6744 1.7451, -2.5499 -1.673 1.8263, -2.5469 -1.5919 1.8254, -2.5448 -1.5362 1.8324, -2.5411 -1.4437 1.844, -2.5166 -1.9709 1.7888, -2.5582 -1.8865 1.8488, -2.5109 -1.8222 1.7572, -2.5552 -1.8105 1.8376, -2.5524 -1.7382 1.827, -2.571 -2.1747 1.956, -2.5668 -2.0844 1.915, -2.5225 -2.1166 1.8404, -2.5645 -2.0335 1.8919, -2.5609 -1.9488 1.8671, -2.5729 -2.2135 1.9808, -2.5286 -2.2552 1.9113, -2.5775 -2.3056 2.0396, -2.5347 -2.3831 1.9999, -2.5406 -2.497 2.1035, -2.5839 -2.4224 2.14, -2.579 -2.3327 2.063, -2.5954 -2.6034 2.3765, -2.5905 -2.5306 2.2664, -2.5462 -2.5947 2.219, -2.5899 -2.5223 2.2537, -2.5849 -2.4392 2.1591, -2.5566 -2.739 2.4761, -2.6009 -2.6658 2.5058, -2.5513 -2.6748 2.3427, -2.5956 -2.6058 2.3814, -2.5622 -2.7868 2.6203, -2.5682 -2.8159 2.7719, -2.6125 -2.7363 2.7819, -2.6071 -2.7141 2.6539, -2.6065 -2.7098 2.6404, -2.601 -2.6676 2.5096, -2.5743 -2.8247 2.9274, -2.5803 -2.8129 3.0825, -2.6246 -2.7328 3.0711, -2.62 -2.7451 2.9612, -2.6186 -2.7441 2.9267, -2.6135 -2.7405 2.8059, -2.6361 -2.656 3.3442, -2.6327 -2.6895 3.2631, -2.5863 -2.7811 3.2333, -2.6305 -2.7029 3.2114, -2.6265 -2.7278 3.1151, -2.6385 -2.6324 3.4013, -2.5919 -2.7307 3.3761, -2.6413 -2.5943 3.4668, -2.597 -2.6644 3.5078, -2.6439 -2.5588 3.5278, -2.6466 -2.5174 3.5809, -2.6498 -2.4667 3.6458, -2.6522 -2.4242 3.687, -2.656 -2.3568 3.7523, -2.6581 -2.3163 3.7817, -2.6625 -2.2314 3.8434, -2.6642 -2.1958 3.8622, -2.669 -2.0941 3.916, -2.6703 -2.0658 3.9261, -2.6754 -1.949 3.968, -2.6762 -1.9296 3.972, -2.6814 -1.8007 3.9988, -2.6378 -1.7929 4.0781, -1.1029 -2.2125 1.7982, -1.109 -2.356 1.8822, -1.1104 -2.387 1.9065, -1.115 -2.4864 1.9841, -1.1185 -2.5552 2.0542, -1.1313 -2.7749 2.3638, -1.1262 -2.6971 2.228, -1.1262 -2.6967 2.2276, -1.1208 -2.6008 2.1006, -1.1336 -2.8006 2.4259, -1.1367 -2.8362 2.5115, -1.1414 -2.8706 2.6385, -1.1425 -2.8789 2.6693, -1.1485 -2.9008 2.8334, -1.1495 -2.9008 2.8601, -1.1546 -2.9008 2.9997, -1.1577 -2.8895 3.0836, -1.1719 -2.7746 3.4691, -1.1665 -2.836 3.3215, -1.1658 -2.8413 3.3022, -1.1607 -2.8788 3.1637, -1.1733 -2.7526 3.5075, -1.177 -2.6967 3.6048, -1.1808 -2.6291 3.6943, -1.1824 -2.6004 3.7323, -1.1942 -2.3555 3.9505, -1.1886 -2.4755 3.8569, -1.1881 -2.486 3.8487, -1.1968 -2.2933 3.9869, -1.2003 -2.212 4.0345, -1.205 -2.092 4.0848, -1.2063 -2.0592 4.0985, -1.2121 -1.9014 4.1414, -1.213 -1.8766 4.1448, -1.2176 -1.7428 4.163, -1.2205 -1.6535 4.1638, -1.2338 -1.2696 4.1058, -1.228 -1.4278 4.1457, -1.2279 -1.4304 4.146, -1.2226 -1.5863 4.1644, -1.2359 -1.2152 4.0842, -1.2398 -1.1159 4.0447, -1.2441 -1.0135 3.9873, -1.2459 -0.9709 3.9633, -1.2578 -0.7216 3.7492, -1.2523 -0.8315 3.8571, -1.252 -0.8384 3.8639, -1.2602 -0.6782 3.694, -1.2633 -0.6226 3.6231, -1.2676 -0.5538 3.5079, -1.2683 -0.5424 3.4887, -1.2737 -0.4786 3.3427, -1.2752 -0.4667 3.3019, -1.2794 -0.433 3.1862, -1.2832 -0.4174 3.0836, -1.2976 -0.4238 2.6918, -1.2916 -0.405 2.8565, -1.2914 -0.405 2.8601, -1.2855 -0.4081 3.0228, -1.2996 -0.4372 2.6386, -1.3035 -0.4637 2.533, -1.3074 -0.5061 2.4257, -1.3089 -0.5226 2.3837, -1.314 -0.5981 2.2465, -1.3148 -0.6113 2.2283, -1.3194 -0.6918 2.1178, -1.3224 -0.752 2.0542, -1.3251 -0.8037 1.9995, -1.3305 -0.9194 1.9057, -1.3311 -0.9321 1.8954, -1.3372 -1.0739 1.8087, -1.3387 -1.112 1.7919, -1.3433 -1.2256 1.7417, -1.3468 -1.3217 1.7137, -1.3597 -1.6984 1.667, -1.3546 -1.5417 1.6712, -1.3546 -1.5415 1.6713, -1.3491 -1.383 1.6958, -1.362 -1.7653 1.6737, -1.365 -1.8565 1.6828, -1.3697 -1.9857 1.7128, -1.3708 -2.015 1.7196, -1.3767 -2.1696 1.7777, -1.3778 -2.1951 1.7914, -1.3828 -2.3161 1.8563, -1.386 -2.3867 1.9072, -1.4003 -2.6715 2.1907, -1.3948 -2.5699 2.066, -1.3941 -2.5563 2.0532, -1.3889 -2.4506 1.9533, -1.4018 -2.6951 2.2286, -1.4054 -2.7543 2.3238, -1.4091 -2.801 2.4258, -1.4107 -2.8205 2.4681, -1.4224 -2.8967 2.786, -1.417 -2.8713 2.6382, -1.4164 -2.8687 2.6233, -1.4251 -2.8995 2.8602, -1.4285 -2.903 2.9521, -1.4333 -2.8905 3.0838, -1.4346 -2.8873 3.1173, -1.4404 -2.8503 3.2772, -1.4413 -2.841 3.302, -1.446 -2.7939 3.4281, -1.4489 -2.7521 3.5074, -1.4621 -2.5204 3.8167, -1.4564 -2.6299 3.6968, -1.4563 -2.6308 3.6955, -1.4511 -2.7208 3.5669, -1.4642 -2.4743 3.8556, -1.468 -2.3943 3.9231, -1.4724 -2.2935 3.9874, -1.4741 -2.2542 4.0125, -1.4861 -1.9468 4.1313, -1.4806 -2.0925 4.0858, -1.4802 -2.1036 4.0824, -1.4886 -1.8763 4.1436, -1.4917 -1.788 4.159, -1.496 -1.6535 4.165, -1.4968 -1.6311 4.166, -1.502 -1.4733 4.1531, -1.5036 -1.4308 4.1441, -1.5077 -1.3146 4.1194, -1.5115 -1.2152 4.0841, -1.5258 -0.8748 3.894, -1.5198 -1.0113 3.9886, -1.5197 -1.0125 3.9892, -1.5137 -1.1592 4.0643, -1.5279 -0.8328 3.8557, -1.5317 -0.7532 3.7834, -1.5358 -0.6778 3.6942, -1.5373 -0.649 3.6601, -1.5425 -0.5636 3.5281, -1.5432 -0.5539 3.508, -1.5477 -0.4951 3.3857, -1.5508 -0.4672 3.3017, -1.5534 -0.444 3.2318, -1.5588 -0.4157 3.0838, -1.5593 -0.413 3.07, -1.5654 -0.4036 2.9041, -1.567 -0.4069 2.8603, -1.5715 -0.4162 2.7385, -1.5752 -0.4374 2.6386, -1.5774 -0.4503 2.5776, -1.583 -0.504 2.4252, -1.583 -0.5041 2.4249, -1.5882 -0.5748 2.2846, -1.5904 -0.6123 2.2289, -1.5934 -0.663 2.1537, -1.598 -0.7512 2.0534, -1.599 -0.7699 2.0321, -1.605 -0.8938 1.9236, -1.6061 -0.9197 1.9063, -1.611 -1.0322 1.8316, -1.6143 -1.1124 1.7925, -1.6287 -1.4964 1.6761, -1.6231 -1.3376 1.7068, -1.6224 -1.3213 1.7122, -1.6171 -1.1814 1.7588, -1.6302 -1.5416 1.6733, -1.6339 -1.6537 1.6662, -1.6376 -1.7655 1.6733, -1.6391 -1.8111 1.6762, -1.6506 -2.126 1.7589, -1.6453 -1.9858 1.7122, -1.6447 -1.9699 1.7069, -1.6534 -2.1947 1.7925, -1.6567 -2.2753 1.8318, -1.6616 -2.3873 1.9063, -1.6628 -2.4136 1.9238, -1.6687 -2.5375 2.0324, -1.6697 -2.5559 2.0534, -1.6743 -2.6443 2.154, -1.6773 -2.6947 2.2289, -1.6903 -2.8569 2.578, -1.6847 -2.8032 2.4256, -1.6847 -2.8029 2.4249, -1.6796 -2.7324 2.285, -1.6926 -2.8697 2.6386, -1.6962 -2.8909 2.7389, -1.7007 -2.9001 2.8603, -1.7023 -2.9035 2.9045, -1.7144 -2.8629 3.2322, -1.7089 -2.8914 3.0838, -1.7084 -2.894 3.0704, -1.7169 -2.8399 3.3017, -1.72 -2.8119 3.386, -1.7245 -2.7532 3.508, -1.7253 -2.7433 3.5285, -1.7304 -2.6578 3.6605, -1.7319 -2.6292 3.6942, -1.736 -2.5536 3.7837, -1.7398 -2.4743 3.8557, -1.7419 -2.4319 3.8943, -1.7541 -2.1475 4.0645, -1.748 -2.2946 3.9892, -1.748 -2.2955 3.9888, -1.7562 -2.0919 4.0841, -1.76 -1.9921 4.1195, -1.7642 -1.8763 4.1441, -1.7657 -1.8334 4.1532, -1.7709 -1.6756 4.166, -1.7717 -1.6536 4.165, -1.7761 -1.5187 4.1589, -1.7792 -1.4308 4.1436, -1.7816 -1.3599 4.1312, -1.7871 -1.2145 4.0858, -1.7875 -1.2031 4.0822, -1.7936 -1.0526 4.0123, -1.7953 -1.0136 3.9874, -1.7997 -0.9125 3.9228, -1.8035 -0.8328 3.8556, -1.8057 -0.7863 3.8165, -1.8166 -0.5861 3.5666, -1.8114 -0.6763 3.6955, -1.8114 -0.677 3.6965, -1.8188 -0.5549 3.5074, -1.8218 -0.513 3.4277, -1.8264 -0.4661 3.302, -1.8273 -0.4567 3.2768, -1.8332 -0.4198 3.1169, -1.8344 -0.4166 3.0838, -1.8392 -0.404 2.9517, -1.8426 -0.4075 2.8602, -1.857 -0.4868 2.4677, -1.8513 -0.4384 2.6229, -1.8508 -0.4358 2.6382, -1.8454 -0.4104 2.7856, -1.8586 -0.506 2.4258, -1.8623 -0.553 2.3235, -1.866 -0.612 2.2286, -1.8674 -0.6359 2.1904, -1.8788 -0.8568 1.9531, -1.8736 -0.7508 2.0532, -1.873 -0.7375 2.0657, -1.8817 -0.9204 1.9072, -1.8849 -0.9913 1.856, -1.8899 -1.1119 1.7914, -1.891 -1.1378 1.7775, -1.897 -1.2925 1.7195, -1.898 -1.3214 1.7128, -1.9027 -1.451 1.6827, -1.9058 -1.5417 1.6737, -1.9186 -1.9245 1.6959, -1.9131 -1.7657 1.6712, -1.9131 -1.7656 1.6712, -1.908 -1.6091 1.667, -1.9209 -1.9854 1.7137, -1.9245 -2.0819 1.7419, -1.929 -2.1951 1.7919, -1.9305 -2.2335 1.8089, -1.9426 -2.5037 1.9998, -1.9372 -2.3877 1.9057, -1.9366 -2.3754 1.8957, -1.9453 -2.5551 2.0542, -1.9588 -2.7846 2.384, -1.9537 -2.7092 2.2468, -1.9529 -2.6957 2.2283, -1.9484 -2.6156 2.1181, -1.9603 -2.801 2.4257, -1.9643 -2.8435 2.5334, -1.9681 -2.8699 2.6386, -1.9701 -2.8833 2.6922, -1.9823 -2.899 3.0232, -1.9763 -2.9021 2.8601, -1.9762 -2.9021 2.8569, -1.9845 -2.8897 3.0836, -1.9883 -2.8739 3.1866, -1.9925 -2.8404 3.3019, -1.994 -2.8284 3.3431, -1.9994 -2.7645 3.4891, -2.0001 -2.7533 3.5079, -2.0045 -2.6842 3.6234, -2.0075 -2.6288 3.694, -2.0099 -2.5852 3.7495, -2.0154 -2.4755 3.8571, -2.0158 -2.4684 3.8641, -2.0218 -2.3358 3.9636, -2.0236 -2.2935 3.9873, -2.0279 -2.1908 4.0449, -2.0318 -2.0918 4.0842, -2.0339 -2.0371 4.1059, -2.0451 -1.7204 4.1644, -2.0398 -1.8767 4.146, -2.0397 -1.8789 4.1457, -2.0472 -1.6536 4.1638, -2.0502 -1.5639 4.163, -2.0547 -1.4305 4.1448, -2.0556 -1.4053 4.1413, -2.0614 -1.2475 4.0984, -2.0627 -1.215 4.0848, -2.0674 -1.0947 4.0343, -2.0709 -1.0138 3.9869, -2.0854 -0.7064 3.732, -2.0796 -0.8208 3.8484, -2.0791 -0.8316 3.8569, -2.0736 -0.9513 3.9503, -2.087 -0.6779 3.6943, -2.0908 -0.6101 3.6045, -2.0944 -0.5545 3.5075, -2.0958 -0.5323 3.4688, -2.1071 -0.4282 3.1634, -2.102 -0.4658 3.3022, -2.1013 -0.4709 3.3211, -2.11 -0.4176 3.0836, -2.1131 -0.4063 2.9992, -2.1182 -0.4063 2.8601, -2.1192 -0.4063 2.833, -2.1252 -0.4283 2.6689, -2.1263 -0.4365 2.6385, -2.131 -0.471 2.5111, -2.1342 -0.5064 2.4259, -2.1365 -0.5324 2.3635, -2.1415 -0.6102 2.2277, -2.1415 -0.6103 2.2276, -2.1469 -0.7065 2.1003, -2.1492 -0.7519 2.0542, -2.1527 -0.821 1.9838, -2.1573 -0.92 1.9065, -2.1587 -0.9514 1.882, -2.1709 -1.2477 1.7339, -2.1655 -1.1116 1.791, -2.1648 -1.0949 1.798, -2.1736 -1.3217 1.7138, -2.1872 -1.7206 1.668, -2.1821 -1.5641 1.6694, -2.1814 -1.5417 1.6725, -2.1767 -1.4055 1.6911, -2.1887 -1.7653 1.6733, -2.1926 -1.8791 1.6867, -2.1965 -1.9855 1.7135, -2.1984 -2.0372 1.7266, -2.2105 -2.336 1.869, -2.2046 -2.1957 1.7903, -2.2044 -2.191 1.7876, -2.2128 -2.3867 1.907, -2.2165 -2.4685 1.9684, -2.2209 -2.5556 2.0538, -2.2224 -2.5854 2.083, -2.2278 -2.6843 2.2091, -2.2285 -2.6957 2.2282, -2.2329 -2.7646 2.3435, -2.2359 -2.8007 2.4259, -2.2383 -2.8285 2.4895, -2.2437 -2.8717 2.6382, -2.244 -2.874 2.646, -2.25 -2.899 2.8095, -2.2519 -2.8999 2.8602, -2.2561 -2.9021 2.9757, -2.2601 -2.8898 3.0837, -2.2622 -2.8833 3.1404, -2.2735 -2.7845 3.4485, -2.2681 -2.8422 3.3024, -2.268 -2.8434 3.2992, -2.2757 -2.7522 3.5074, -2.2786 -2.7091 3.5858, -2.2831 -2.6298 3.6948, -2.2839 -2.6155 3.7145, -2.2897 -2.5035 3.8327, -2.291 -2.4748 3.8561, -2.2957 -2.3752 3.9369, -2.2992 -2.2933 3.987, -2.3137 -1.9243 4.1365, -2.3078 -2.0817 4.0906, -2.3074 -2.0925 4.0858, -2.3018 -2.2333 4.0236, -2.3153 -1.8764 4.144, -2.3192 -1.7655 4.1612, -2.3228 -1.6535 4.1642, -2.3243 -1.6089 4.1654, -2.3353 -1.2923 4.1129, -2.3303 -1.4306 4.145, -2.3296 -1.4508 4.1496, -2.3383 -1.2153 4.0839, -2.3413 -1.1377 4.0548, -2.3465 -1.0131 3.988, -2.3474 -0.9911 3.9763, -2.3535 -0.8566 3.8792, -2.3547 -0.8323 3.8563, -2.3593 -0.7374 3.7666, -2.3625 -0.6782 3.694, -2.3649 -0.6357 3.6419, -2.37 -0.5529 3.5087, -2.37 -0.5528 3.5085, -2.3753 -0.4867 3.3645, -2.3776 -0.4672 3.3017, -2.381 -0.4384 3.2093, -2.3856 -0.4167 3.0837, -2.3869 -0.4104 3.0466, -2.3991 -0.4198 2.7153, -2.3938 -0.406 2.8602, -2.393 -0.4041 2.8805, -2.4019 -0.4375 2.6387, -2.4157 -0.5862 2.2656, -2.4105 -0.5131 2.4045, -2.4098 -0.5053 2.4254, -2.405 -0.4567 2.5554, -2.4171 -0.612 2.2288, -2.4209 -0.6771 2.1358, -2.4248 -0.7517 2.0539, -2.4266 -0.7865 2.0158, -2.4387 -1.0527 1.8201, -2.4329 -0.9191 1.9053, -2.4326 -0.9126 1.9094, -2.4411 -1.1123 1.7924, -2.4448 -1.2033 1.7501, -2.4492 -1.3216 1.7132, -2.4506 -1.3601 1.7011, -2.4562 -1.5189 1.6735, -2.457 -1.5415 1.6725, -2.4613 -1.6758 1.6664, -2.4643 -1.7654 1.6737, -2.4782 -2.1477 1.768, -2.4723 -1.9923 1.713, -2.472 -1.986 1.7116, -2.4666 -1.8336 1.6792, -2.4802 -2.1948 1.7921, -2.4843 -2.2956 1.8437, -2.4884 -2.3869 1.9069, -2.4904 -2.4321 1.9383, -2.5019 -2.6579 2.1721, -2.4965 -2.5568 2.0526, -2.4963 -2.5537 2.0489, -2.5041 -2.6947 2.2289, -2.507 -2.7434 2.3041, -2.5115 -2.8018 2.4255, -2.5123 -2.812 2.4465, -2.5179 -2.863 2.6004, -2.5193 -2.8703 2.6384, -2.5239 -2.894 2.7622, -2.5275 -2.8996 2.8603, -2.542 -2.8569 3.2546, -2.536 -2.8909 3.0937, -2.5357 -2.8916 3.0839, -2.53 -2.9035 2.9281, -2.5437 -2.8403 3.3017, -2.5476 -2.8032 3.407, -2.5513 -2.7525 3.5076, -2.5527 -2.7323 3.5476, -2.5579 -2.6442 3.6785, -2.5258 -0.6118 3.2401, -2.527 -0.6014 3.2103, -2.5713 -0.5255 3.2315, -2.5199 -0.6662 3.3797, -2.5214 -0.6481 3.3437, -2.5657 -0.5757 3.3745, -2.4405 -2.3372 3.7666, -2.4415 -2.318 3.7834, -2.4858 -2.3659 3.8459, -2.4342 -2.4494 3.6622, -2.4356 -2.4264 3.6884, -2.4799 -2.4821 3.7441, -2.4283 -2.5441 3.5457, -2.43 -2.5198 3.5819, -2.4743 -2.5822 3.6299, -2.349 -2.0556 1.902, -2.3502 -2.0829 1.9116, -2.3944 -2.1138 1.8392, -2.3427 -1.9093 1.8559, -2.3442 -1.9468 1.8638, -2.3885 -1.9679 1.7879, -2.2639 -0.5623 2.9125, -2.2649 -0.5613 2.89, -2.3092 -0.4826 2.8881, -2.2574 -0.5732 3.0672, -2.2588 -0.5675 3.0353, -2.3031 -0.4893 3.0438, -2.2511 -0.6053 3.2172, -2.2528 -0.5927 3.1774, -2.2971 -0.5163 3.1963, -2.1724 -2.1889 3.8669, -2.1735 -2.1668 3.8807, -2.2178 -2.2038 3.9502, -2.1659 -2.318 3.7812, -2.1674 -2.2904 3.8039, -2.2117 -2.3363 3.8679, -2.0809 -2.2161 1.9815, -2.0821 -2.2419 1.9956, -2.1264 -2.2843 1.9293, -2.0744 -2.0778 1.9115, -2.076 -2.1144 1.9256, -2.1203 -2.1476 1.8542, -1.9958 -0.5776 2.7342, -1.9968 -0.5804 2.7116, -2.0411 -0.503 2.6968, -1.9894 -0.5631 2.8883, -1.9907 -0.5627 2.8555, -2.035 -0.4841 2.8511, -1.9829 -0.5704 3.0432, -1.9846 -0.5643 3.0009, -2.0289 -0.4858 3.007, -1.9043 -2.0263 3.9417, -1.9054 -2.0021 3.9516, -1.9497 -2.0273 4.0262, -1.8978 -2.1674 3.8783, -1.8994 -2.136 3.8964, -1.9437 -2.1708 3.967, -1.8128 -2.3613 2.086, -1.814 -2.3845 2.1042, -1.8583 -2.4371 2.0457, -1.8063 -2.2365 1.9945, -1.808 -2.2707 2.0147, -1.8523 -2.3152 1.9497, -1.7274 -0.621 2.563, -1.7284 -0.6274 2.5413, -1.7727 -0.5534 2.5143, -1.7212 -0.5823 2.7106, -1.7226 -0.5873 2.6781, -1.7669 -0.5104 2.6609, -1.7148 -0.5643 2.8641, -1.7166 -0.5652 2.821, -1.7609 -0.4867 2.8142, -1.6359 -1.8562 3.9884, -1.6369 -1.8309 3.9942, -1.6812 -1.8437 4.0719, -1.6297 -2.0035 3.9493, -1.6312 -1.9696 3.962, -1.6755 -1.9924 4.0374, -1.5443 -2.4858 2.2107, -1.5455 -2.5055 2.2322, -1.5898 -2.5669 2.1829, -1.5382 -2.3792 2.102, -1.5398 -2.4095 2.1274, -1.5841 -2.4639 2.0706, -1.4585 -0.6893 2.4051, -1.4593 -0.6988 2.3851, -1.5036 -0.63 2.3468, -1.4528 -0.6292 2.5409, -1.4541 -0.6393 2.5101, -1.4984 -0.5662 2.4808, -1.4466 -0.5873 2.6871, -1.4484 -0.5952 2.6449, -1.4927 -0.519 2.6254, -1.3669 -1.6854 4.0069, -1.3679 -1.6602 4.0087, -1.4122 -1.6606 4.0874, -1.3612 -1.8329 3.9921, -1.3627 -1.7979 3.9991, -1.4069 -1.8083 4.0772, -1.2753 -2.5861 2.3497, -1.2764 -2.6018 2.3735, -1.3207 -2.6701 2.3344, -1.2697 -2.5005 2.229, -1.2712 -2.5259 2.2585, -1.3155 -2.5888 2.2111, -1.1893 -0.7801 2.2619, -1.1902 -0.7931 2.2429, -1.2345 -0.7311 2.1944, -1.1837 -0.7005 2.3853, -1.1849 -0.7149 2.3571, -1.2292 -0.6473 2.3168, -1.1781 -0.6378 2.5191, -1.1798 -0.6521 2.4794, -1.2241 -0.58 2.4479, -1.0977 -1.516 3.9987, -1.0987 -1.4897 3.9964, -1.143 -1.4779 4.0742, -1.0922 -1.6627 4.007, -1.0935 -1.6278 4.0084, -1.1378 -1.626 4.0871, -1.0062 -2.6626 2.5014, -1.0073 -2.6749 2.5284, -1.0516 -2.7485 2.5005, -1.0006 -2.5974 2.3694, -1.002 -2.6174 2.4019, -1.0463 -2.6869 2.3648, -2.5354 -2.294 3.9882, -2.5301 -2.4138 3.9084, -2.5272 -2.4742 3.8555, -2.5242 -2.5378 3.7997, -2.4721 -2.8019 2.4254, -2.4676 -2.7423 2.3022, -2.4233 -2.6738 2.3409, -2.4176 -1.5416 1.6726, -2.4167 -1.5152 1.6739, -2.3724 -1.5239 1.7521, -2.3778 -0.6121 2.2288, -2.3761 -0.5837 2.2697, -2.3318 -0.6511 2.3104, -2.3267 -0.583 2.441, -2.2834 -1.6535 4.1644, -2.2796 -1.773 4.1605, -2.2353 -1.7655 4.0821, -2.268 -2.0927 4.0863, -2.2621 -2.2408 4.0197, -2.2598 -2.2933 3.9871, -2.256 -2.3822 3.9319, -2.2437 -2.6301 3.695, -2.2389 -2.7136 3.5786, -2.1946 -2.6469 3.5368, -2.1734 -2.3867 1.9071, -2.1707 -2.3267 1.8629, -2.0788 -0.4056 2.8601, -2.0732 -0.4073 3.0131, -1.8695 -2.6337 2.2751, -1.8745 -2.7062 2.4027, -1.9188 -2.777 2.3682, -1.9059 -2.5552 2.0542, -1.9026 -2.4898 1.9871, -1.8192 -0.5064 2.4259, -1.8169 -0.4794 2.4872, -1.7248 -1.8765 4.145, -1.7198 -2.0151 4.1128, -1.638 -2.6951 2.2287, -1.6341 -2.6283 2.1336, -1.5982 -1.7655 1.6723, -1.5937 -1.6275 1.6665, -1.5494 -1.6291 1.7452, -1.575 -1.1122 1.792, -1.5706 -1.0074 1.8462, -1.5263 -1.0481 1.9136, -1.551 -0.6123 2.2289, -1.5479 -0.5612 2.3085, -1.5358 -0.4366 2.6384, -1.531 -0.4123 2.7681, -1.4867 -0.4905 2.7774, -1.4095 -2.7527 3.5078, -1.4055 -2.8068 3.3985, -1.3612 -2.7341 3.3681, -1.394 -2.8922 3.084, -1.394 -2.8922 3.0839, -1.3497 -2.8142 3.0733, -1.3436 -2.8248 2.9179, -1.3698 -2.8023 2.4253, -1.365 -2.7384 2.2953, -1.3624 -2.6947 2.229, -1.3598 -2.6516 2.1637, -1.3467 -2.3871 1.9067, -1.3422 -2.2858 1.8379, -1.2979 -2.246 1.9058, -1.3075 -1.3215 1.7127, -1.3026 -1.1916 1.7547, -1.2583 -1.2207 1.8279, -1.1811 -1.6535 4.1647, -1.1769 -1.7811 4.1597, -1.1326 -1.773 4.0813, -1.1657 -2.0927 4.0862, -1.1655 -2.0972 4.0848, -1.1212 -2.0693 4.0112, -1.1264 -2.8413 3.3021, -1.1257 -2.8486 3.2826, -1.0814 -2.7734 3.2595, -1.0755 -2.8087 3.1097, -2.6791 -2.7427 2.961, -2.6822 -2.7395 3.0359, -2.6946 -2.7608 3.0382, -2.6624 -2.2412 1.9326, -2.6614 -2.2092 1.9121, -2.6304 -2.1825 1.9603, -2.6235 -2.0332 1.8929, -2.6243 -2.0511 1.8986, -2.6575 -2.0721 1.8446, -2.6302 -0.9836 1.9462, -2.6283 -0.9212 1.991, -2.6229 -0.9266 1.9978, -2.604 -0.449 2.8818, -2.6029 -0.4485 2.9254, -2.5833 -0.4823 2.9251, -2.5917 -0.532 3.3896, -2.5916 -0.5333 3.3926, -1.1015 -2.871 2.6384, -1.1007 -2.8677 2.6288, -1.0573 -2.7933 2.6463, -1.0812 -2.7712 2.4053, -1.0755 -2.7319 2.3409, -0.9592 -1.5574 1.8144, -0.959 -1.5545 1.815, -0.9512 -1.5585 1.8278, -0.9536 -1.4931 1.8267, -0.9463 -1.4344 1.8468, -0.9467 -1.4194 1.8479, -0.9457 -1.4196 1.849, -0.9449 -1.4004 1.8534, -0.9619 -1.5874 1.8087, -0.9521 -1.5826 1.8272, -0.9699 -1.6838 1.7991, -0.9563 -1.6955 1.8245, -0.9709 -1.6965 1.7988, -0.9756 -1.753 1.7973, -0.9575 -1.7287 1.8279, -0.9757 -1.7542 1.7974, -0.9831 -1.8402 1.8015, -0.9616 -1.8339 1.8387, -0.9843 -1.8535 1.8021, -0.9634 -1.8767 1.8487, -0.993 -1.9526 1.8154, -0.9673 -1.9725 1.8713, -0.9935 -1.9571 1.8164, -0.9733 -2.1077 1.9225, -1.0071 -2.1048 1.8533, -0.9696 -2.0235 1.8906, -1.002 -2.0499 1.8371, -0.9962 -1.9873 1.8232, -0.9761 -2.1649 1.9534, -1.012 -2.1563 1.8724, -1.0099 -2.1344 1.8643, -0.9795 -2.2357 1.9917, -1.0236 -2.2748 1.924, -1.0161 -2.1993 1.8883, -1.042 -2.4524 2.0347, -1.0377 -2.412 2.0064, -1.0298 -2.4034 2.0165, -1.0339 -2.3758 1.9811, -1.0308 -2.3457 1.9636, -1.0251 -2.2897 1.931, -1.0239 -2.2775 1.9253, -1.0505 -2.5294 2.0986, -1.0493 -2.5184 2.0894, -1.0357 -2.5149 2.1225, -1.0412 -2.6097 2.2397, -1.0575 -2.5898 2.1574, -1.0512 -2.5349 2.104, -1.0733 -2.7169 2.3163, -1.0668 -2.6666 2.2475, -1.0655 -2.6567 2.234, -1.0637 -2.6419 2.217, -1.0947 -2.8434 2.5591, -1.0876 -2.8078 2.478, -1.0863 -2.8014 2.4634, -1.0836 -2.7853 2.4325, -1.1024 -2.8745 2.6483, -1.0633 -2.8189 2.7991, -1.1076 -2.8973 2.7912, -2.5539 -1.8107 4.1563, -2.5096 -1.8008 4.0782, -2.5591 -1.6535 4.1662, -2.5148 -1.6532 4.0875, -2.5591 -1.6532 4.1662, -2.5612 -1.5499 4.1597, -2.52 -1.5057 4.0781, -2.5624 -1.4963 4.1518, -2.5614 -1.5417 4.1585, -2.5635 -1.448 4.1447, -2.5256 -1.3567 4.0492, -2.5658 -1.348 4.1214, -2.5681 -1.2506 4.0899, -2.5664 -1.3232 4.1134, -2.566 -1.3386 4.1183, -2.5315 -1.2103 4.0003, -2.5376 -1.0703 3.9319, -2.573 -1.0634 4.0023, -2.5716 -1.1171 4.0302, -2.5706 -1.1548 4.0498, -2.5698 -1.1849 4.0624, -2.5768 -0.9299 3.9123, -2.5754 -0.9765 3.9475, -2.5737 -1.0388 3.9868, -2.5497 -0.8245 3.7436, -2.5803 -0.8174 3.8166, -2.5437 -0.9406 3.8455, -2.5779 -0.8948 3.8858, -2.5776 -0.9043 3.8929, -2.5827 -0.7466 3.7418, -2.582 -0.7673 3.7636, -2.5814 -0.7854 3.7827, -2.585 -0.6825 3.6615, -2.5553 -0.7245 3.6294, -2.5869 -0.6342 3.5891, -2.5605 -0.6419 3.5066, -2.5873 -0.623 3.5725, -2.5916 -0.5343 3.3946, -2.5895 -0.5735 3.4826, -2.5883 -0.6002 3.531, -2.594 -0.4986 3.2938, -2.5991 -0.4553 3.0848, -2.5966 -0.4715 3.186, -2.5966 -0.4715 3.1861, -2.5952 -0.4858 3.2426, -2.6018 -0.448 2.9704, -2.6015 -0.4479 2.9833, -2.5772 -0.4939 3.0805, -2.6065 -0.4587 2.7801, -2.5894 -0.4915 2.7696, -2.6068 -0.4613 2.7658, -2.5954 -0.5209 2.6178, -2.609 -0.4771 2.6792, -2.6071 -0.4633 2.755, -2.6122 -0.5162 2.5467, -2.6137 -0.5385 2.4856, -2.601 -0.5691 2.4737, -2.6114 -0.5037 2.5809, -2.6106 -0.4955 2.6112, -2.6171 -0.6048 2.3519, -2.616 -0.5808 2.394, -2.6142 -0.5479 2.4651, -2.6114 -0.7141 2.2167, -2.6204 -0.688 2.223, -2.6062 -0.6336 2.3403, -2.6182 -0.631 2.3059, -2.6176 -0.6168 2.3308, -2.6227 -0.7516 2.1456, -2.6218 -0.7261 2.1766, -2.6209 -0.7011 2.207, -2.6277 -0.9019 2.0048, -2.6269 -0.8764 2.0267, -2.617 -0.8122 2.1013, -2.6252 -0.8249 2.0707, -2.6245 -0.8034 2.0927, -2.6327 -1.0697 1.8949, -2.6322 -1.0523 1.9053, -2.629 -1.0549 1.9095, -2.6321 -1.0503 1.9065, -2.6351 -1.1568 1.8525, -2.6351 -1.1938 1.8389, -2.6361 -1.1935 1.8383, -2.6374 -1.242 1.8196, -2.6378 -1.2586 1.8138, -2.6376 -1.2513 1.816, -2.6435 -1.4895 1.7632, -2.6425 -1.4461 1.7682, -2.6024 -1.4997 1.8346, -2.6002 -1.4442 1.8462, -2.6447 -1.5402 1.7574, -2.606 -1.592 1.8274, -2.6469 -1.6367 1.7543, -2.6077 -1.6377 1.8238, -2.647 -1.6403 1.7542, -2.6184 -1.914 1.8552, -2.6537 -1.9289 1.7944, -2.6173 -1.8863 1.8502, -2.652 -1.86 1.7785, -2.6128 -1.775 1.8305, -2.6515 -1.8375 1.7733, -2.6502 -1.7822 1.7655, -2.6115 -1.7381 1.8287, -2.6492 -1.7395 1.7595, -2.6472 -1.6535 1.7549, -2.6571 -2.0579 1.8386, -2.6563 -2.0288 1.8263, -2.6539 -1.9336 1.7955, -2.63 -2.1745 1.9565, -2.6614 -2.2077 1.9112, -2.6588 -2.1202 1.8649, -2.6637 -2.2848 1.9605, -2.6365 -2.3048 2.039, -2.6653 -2.3347 1.9987, -2.6425 -2.4147 2.1325, -2.6676 -2.4038 2.0574, -2.6663 -2.3643 2.0213, -2.6728 -2.5437 2.211, -2.6727 -2.5414 2.2081, -2.6482 -2.5099 2.2378, -2.6712 -2.5046 2.161, -2.6429 -2.4219 2.1405, -2.6691 -2.4473 2.0988, -2.6688 -2.4376 2.0882, -2.6734 -2.5591 2.2309, -2.6489 -2.5214 2.2543, -2.6757 -2.6134 2.3136, -2.6534 -2.5889 2.3516, -2.6761 -2.6229 2.3311, -2.6774 -2.6494 2.3803, -2.6545 -2.6022 2.3772, -2.6779 -2.66 2.3999, -2.6794 -2.6854 2.4588, -2.6586 -2.6523 2.4735, -2.6802 -2.6987 2.4896, -2.6601 -2.6658 2.5102, -2.6823 -2.7249 2.5681, -2.6641 -2.701 2.6058, -2.6825 -2.7279 2.5773, -2.67 -2.7327 2.746, -2.6868 -2.7612 2.7415, -2.6662 -2.712 2.6544, -2.685 -2.751 2.6733, -2.683 -2.7325 2.5964, -2.6761 -2.7458 2.8906, -2.6901 -2.7715 2.8677, -2.6725 -2.7381 2.8061, -2.6875 -2.7655 2.7702, -2.6874 -2.7649 2.7657, -2.6927 -2.7683 2.9662, -2.6923 -2.7696 2.954, -2.6907 -2.771 2.89, -2.6882 -2.7142 3.178, -2.6984 -2.7309 3.1821, -2.6979 -2.7363 3.1633, -2.6855 -2.7255 3.1147, -2.6975 -2.7406 3.1483, -2.6949 -2.7593 3.0522, -2.7 -2.7136 3.2423, -2.6917 -2.6874 3.2625, -2.702 -2.6848 3.3187, -2.6939 -2.6713 3.3135, -2.702 -2.6845 3.3195, -2.703 -2.5575 3.5269, -2.7043 -2.5396 3.5554, -2.7087 -2.5455 3.5597, -2.7076 -2.572 3.5224, -2.7067 -2.5939 3.4914, -2.6992 -2.6127 3.4392, -2.7054 -2.6216 3.444, -2.6975 -2.6307 3.4005, -2.7044 -2.6427 3.4079, -2.7029 -2.6698 3.3505, -2.7098 -2.45 3.6641, -2.7122 -2.4523 3.6663, -2.7088 -2.4657 3.645, -2.7111 -2.4826 3.636, -2.709 -2.5382 3.5701, -2.7162 -2.34 3.7665, -2.7157 -2.345 3.7621, -2.716 -2.3451 3.7623, -2.7151 -2.3562 3.7516, -2.7136 -2.4142 3.7045, -2.7125 -2.4454 3.6732, -1.1198 -2.8864 3.1227, -1.1184 -2.8902 3.0838, -1.0694 -2.8242 2.9549, -1.1137 -2.9029 2.9575, -1.1101 -2.8996 2.8602, -1.1312 -2.7916 3.4332, -1.0869 -2.7199 3.4007, -1.1339 -2.7521 3.5074, -1.092 -2.6508 3.5305, -1.1363 -2.7178 3.5718, -1.1414 -2.6305 3.6953, -1.1416 -2.6261 3.7015, -1.0973 -2.5648 3.652, -1.1473 -2.5159 3.8211, -1.103 -2.4616 3.7641, -1.1493 -2.4744 3.8557, -1.1533 -2.389 3.927, -1.109 -2.3427 3.8633, -1.1575 -2.2934 3.9872, -1.1151 -2.2108 3.9464, -1.1594 -2.2482 4.0157, -1.1271 -1.922 4.0563, -1.1736 -1.8763 4.1436, -1.1714 -1.9401 4.1329, -1.1873 -1.4661 4.1521, -1.182 -1.6241 4.1659, -1.193 -1.3073 4.1173, -1.1487 -1.3291 4.0416, -1.1966 -1.2152 4.084, -1.1547 -1.1835 3.989, -1.1608 -1.0452 3.9171, -1.2048 -1.0127 3.9887, -1.199 -1.1519 4.0611, -1.2208 -0.678 3.6941, -1.2171 -0.7475 3.7774, -1.1728 -0.8046 3.7231, -1.2129 -0.8326 3.8559, -1.1669 -0.9179 3.8276, -1.2112 -0.8684 3.8889, -1.2051 -1.0043 3.9844, -1.2226 -0.6441 3.6535, -1.1784 -0.7077 3.6071, -1.2278 -0.5596 3.521, -1.1835 -0.6285 3.4829, -1.2282 -0.5535 3.5082, -1.233 -0.4918 3.3777, -1.1888 -0.565 3.3486, -1.2358 -0.4672 3.3017, -1.1944 -0.5181 3.2038, -1.2387 -0.4418 3.2232, -1.2438 -0.4162 3.0838, -1.2447 -0.4119 3.0608, -1.2004 -0.4901 3.0517, -1.2508 -0.4037 2.8947, -1.2065 -0.4825 2.896, -1.2521 -0.4066 2.8603, -1.2126 -0.4955 2.7409, -1.268 -0.5047 2.4251, -1.2628 -0.4529 2.5684, -1.2185 -0.5285 2.5903, -1.2602 -0.4375 2.6386, -1.2569 -0.4176 2.7291, -1.2735 -0.5796 2.2765, -1.2684 -0.5078 2.4165, -1.2788 -0.6691 2.1459, -1.2754 -0.6122 2.2289, -1.2844 -0.7772 2.0248, -1.2401 -0.8324 2.081, -1.2904 -0.9022 1.9172, -1.2461 -0.9496 1.9801, -1.2911 -0.9195 1.9059, -1.2522 -1.0801 1.8949, -1.2965 -1.0415 1.8263, -1.2994 -1.1124 1.7925, -1.3085 -1.3482 1.7041, -1.2642 -1.3674 1.7804, -1.3141 -1.5072 1.6748, -1.2698 -1.5164 1.753, -1.3152 -1.5416 1.6729, -1.3192 -1.6644 1.6663, -1.275 -1.6638 1.745, -1.3226 -1.7654 1.6735, -1.2802 -1.8115 1.7556, -1.3245 -1.8222 1.6776, -1.3301 -1.9811 1.7099, -1.3361 -2.137 1.7635, -1.3303 -1.986 1.7116, -1.2918 -2.1066 1.8361, -1.2858 -1.9604 1.7859, -1.3384 -2.1947 1.7923, -1.3483 -2.4233 1.9313, -1.304 -2.3748 1.9934, -1.3542 -2.5461 2.0411, -1.3099 -2.4899 2.0962, -1.3547 -2.5563 2.053, -1.3702 -2.8081 2.4371, -1.3259 -2.7353 2.4673, -1.3758 -2.8603 2.5904, -1.3315 -2.7843 2.6109, -1.3776 -2.87 2.6385, -1.3375 -2.8147 2.7624, -1.3879 -2.9035 2.918, -1.3857 -2.8998 2.8603, -1.3818 -2.8927 2.7521, -1.3556 -2.7835 3.2246, -1.402 -2.8401 3.3017, -1.3999 -2.8594 3.2454, -1.4107 -2.7368 3.54, -1.3664 -2.6685 3.5007, -1.4159 -2.6496 3.6715, -1.3716 -2.5868 3.6239, -1.417 -2.6296 3.6945, -1.4215 -2.5436 3.7938, -1.3772 -2.4876 3.7386, -1.4249 -2.4742 3.8555, -1.3832 -2.3722 3.8411, -1.4396 -2.1338 4.0703, -1.4336 -2.2827 3.9963, -1.3893 -2.2431 3.9283, -1.433 -2.2942 3.9886, -1.4275 -2.4205 3.9033, -1.4492 -1.8763 4.1437, -1.4456 -1.9777 4.1234, -1.4013 -1.9573 4.0474, -1.4412 -2.0921 4.0845, -1.3954 -2.1035 3.9976, -1.4565 -1.6611 4.1662, -1.4512 -1.8188 4.1552, -1.4792 -1.0384 4.0044, -1.4731 -1.1883 4.0764, -1.4289 -1.2176 4.0033, -1.4721 -1.2148 4.085, -1.4229 -1.3642 4.0512, -1.4672 -1.3448 4.1275, -1.4173 -1.5132 4.079, -1.4642 -1.4308 4.1436, -1.4616 -1.5038 4.1572, -1.4885 -0.8329 3.8555, -1.4853 -0.8994 3.9131, -1.441 -0.9469 3.8503, -1.4803 -1.0133 3.9879, -1.4349 -1.0772 3.9358, -1.4913 -0.7747 3.8051, -1.447 -0.8301 3.7491, -1.4964 -0.6769 3.695, -1.4527 -0.7291 3.6355, -1.497 -0.667 3.6838, -1.5022 -0.5779 3.5531, -1.5114 -0.4667 3.3018, -1.5073 -0.5064 3.4128, -1.4631 -0.5787 3.3815, -1.5039 -0.5547 3.5076, -1.4579 -0.6457 3.5129, -1.5129 -0.4519 3.2607, -1.4686 -0.5276 3.239, -1.5188 -0.4171 3.0998, -1.4746 -0.495 3.0883, -1.5194 -0.4158 3.0839, -1.4806 -0.4824 2.9331, -1.5249 -0.4037 2.9342, -1.5276 -0.4075 2.8603, -1.5427 -0.4931 2.4515, -1.537 -0.4427 2.6058, -1.5531 -0.6462 2.1762, -1.5088 -0.7096 2.2228, -1.5586 -0.7499 2.0525, -1.5143 -0.8069 2.1069, -1.5586 -0.7501 2.0524, -1.5202 -0.9204 2.0027, -1.5645 -0.8712 1.9413, -1.5667 -0.9203 1.907, -1.5767 -1.1552 1.7698, -1.5324 -1.1866 1.842, -1.5827 -1.3106 1.7142, -1.5384 -1.3322 1.7899, -1.5831 -1.3211 1.7119, -1.5441 -1.4811 1.7577, -1.5908 -1.5417 1.6737, -1.5884 -1.4695 1.6798, -1.5988 -1.7845 1.6731, -1.5545 -1.7762 1.7514, -1.6043 -1.9435 1.7003, -1.56 -1.9252 1.7769, -1.6059 -1.9855 1.7133, -1.5659 -2.0724 1.8224, -1.6102 -2.1005 1.7488, -1.614 -2.1948 1.7923, -1.6163 -2.2514 1.8184, -1.572 -2.2137 1.8876, -1.6223 -2.3881 1.9052, -1.5781 -2.3453 1.9711, -1.6224 -2.3919 1.9075, -1.6284 -2.5184 2.0137, -1.6394 -2.7196 2.2635, -1.5951 -2.6524 2.3046, -1.6445 -2.793 2.4023, -1.6002 -2.7212 2.4347, -1.6454 -2.8017 2.4254, -1.6058 -2.7743 2.576, -1.6116 -2.8092 2.7259, -1.6532 -2.8696 2.6387, -1.65 -2.8497 2.5531, -1.6681 -2.8969 3.0447, -1.662 -2.903 2.8784, -1.6177 -2.8243 2.8808, -1.6613 -2.9012 2.8602, -1.6559 -2.8869 2.7131, -1.6776 -2.8399 3.3017, -1.6741 -2.8691 3.2077, -1.6298 -2.7925 3.1893, -1.6695 -2.8903 3.0837, -1.6238 -2.8186 3.0366, -1.6798 -2.8209 3.3631, -1.6355 -2.7474 3.3349, -1.6851 -2.7548 3.5076, -1.6408 -2.6854 3.4703, -1.6852 -2.7542 3.5085, -1.7077 -2.3165 3.9759, -1.7016 -2.4511 3.8787, -1.6573 -2.4009 3.818, -1.7005 -2.4748 3.8563, -1.6515 -2.5127 3.7123, -1.6958 -2.5704 3.7658, -1.6459 -2.6079 3.5953, -1.6926 -2.6289 3.694, -1.6902 -2.672 3.6409, -1.7168 -2.0918 4.0839, -1.7138 -2.1699 4.0546, -1.6695 -2.1374 3.9829, -1.7086 -2.294 3.988, -1.6634 -2.2748 3.9091, -1.7308 -1.6982 4.1654, -1.7255 -1.8565 4.1496, -1.7323 -1.6536 4.1642, -1.6866 -1.6954 4.0867, -1.6917 -1.5485 4.0827, -1.7473 -1.225 4.0904, -1.7415 -1.3825 4.1365, -1.6972 -1.3995 4.0596, -1.7398 -1.4307 4.144, -1.7359 -1.5414 4.1612, -1.7477 -1.2146 4.0859, -1.703 -1.252 4.0165, -1.7091 -1.1097 3.9536, -1.7595 -0.9312 3.9364, -1.7559 -1.0138 3.987, -1.7534 -1.0732 4.0233, -1.7712 -0.6909 3.7136, -1.7655 -0.8028 3.8321, -1.7212 -0.8564 3.7744, -1.7641 -0.8323 3.856, -1.7152 -0.9767 3.8721, -1.7794 -0.5549 3.5074, -1.7766 -0.5973 3.5847, -1.7323 -0.6639 3.5426, -1.772 -0.6773 3.6948, -1.7269 -0.7516 3.6634, -1.7817 -0.522 3.4473, -1.7374 -0.5932 3.4138, -1.787 -0.465 3.3024, -1.7429 -0.5382 3.2737, -1.8032 -0.4072 2.8602, -1.7991 -0.4049 2.9737, -1.7548 -0.4835 2.9701, -1.795 -0.4173 3.0837, -1.7487 -0.501 3.1246, -1.793 -0.4235 3.1386, -1.7872 -0.4632 3.2977, -1.8112 -0.4336 2.6438, -1.8052 -0.4083 2.8073, -1.8223 -0.5436 2.3413, -1.778 -0.6135 2.3775, -1.7831 -0.6891 2.2516, -1.8266 -0.6115 2.2283, -1.8423 -0.9204 1.9071, -1.8387 -0.8409 1.9664, -1.7944 -0.8921 2.0262, -1.8343 -0.7514 2.0538, -1.7886 -0.7822 2.1335, -1.8329 -0.7237 2.0808, -1.8274 -0.6243 2.2069, -1.8448 -0.9739 1.8671, -1.8005 -1.0167 1.9332, -1.8505 -1.1115 1.7905, -1.8066 -1.1529 1.8573, -1.8509 -1.1193 1.7861, -1.8569 -1.2733 1.7254, -1.8664 -1.5417 1.6734, -1.8627 -1.4317 1.686, -1.8184 -1.4457 1.7635, -1.8586 -1.3215 1.7134, -1.8126 -1.2972 1.8005, -1.868 -1.5902 1.6678, -1.8237 -1.5942 1.7464, -1.8731 -1.7469 1.6697, -1.8288 -1.741 1.7482, -1.8738 -1.7654 1.6723, -1.8343 -1.8899 1.769, -1.8786 -1.9057 1.6919, -1.8815 -1.9854 1.7138, -1.8844 -2.0636 1.7354, -1.8401 -2.0378 1.8098, -1.8896 -2.1954 1.7912, -1.8462 -2.1809 1.8704, -1.8904 -2.2163 1.8001, -1.8966 -2.3597 1.8847, -1.9084 -2.6038 2.1041, -1.8641 -2.544 2.1553, -1.9136 -2.6965 2.2278, -1.9138 -2.6996 2.232, -1.9361 -2.9012 2.839, -1.9301 -2.88 2.6745, -1.8858 -2.8027 2.6898, -1.9288 -2.8704 2.6385, -1.88 -2.7633 2.5416, -1.9243 -2.8379 2.5164, -1.921 -2.8007 2.4259, -1.9369 -2.901 2.8601, -1.8918 -2.8226 2.8438, -1.898 -2.8218 2.9998, -1.9483 -2.8776 3.1695, -1.9451 -2.8895 3.0836, -1.9423 -2.9004 3.0054, -1.9595 -2.772 3.4745, -1.9541 -2.8341 3.3271, -1.9098 -2.7597 3.3012, -1.9532 -2.841 3.3021, -1.904 -2.8005 3.1536, -1.9607 -2.7527 3.5076, -1.9152 -2.7015 3.4393, -1.9203 -2.6279 3.5662, -1.9758 -2.4809 3.8532, -1.97 -2.5962 3.7371, -1.9257 -2.5368 3.6854, -1.9682 -2.629 3.6942, -1.9646 -2.6934 3.6099, -1.976 -2.4757 3.8572, -1.9315 -2.4288 3.7942, -1.9375 -2.3059 3.889, -1.9879 -2.2056 4.0377, -1.9842 -2.2933 3.987, -1.9818 -2.3497 3.9544, -1.9998 -1.8943 4.1428, -1.994 -2.0524 4.1009, -2.0004 -1.8766 4.1451, -1.9555 -1.8791 4.0655, -1.9609 -1.7304 4.0849, -2.0154 -1.4304 4.1455, -2.0103 -1.5789 4.164, -1.966 -1.5836 4.0854, -2.0079 -1.6535 4.1638, -2.0052 -1.7355 4.1635, -2.0157 -1.4202 4.1442, -1.9714 -1.4349 4.0669, -2.0215 -1.262 4.1033, -1.9772 -1.2866 4.0285, -2.0233 -1.2152 4.0843, -2.0275 -1.1084 4.0411, -1.9832 -1.1428 3.9702, -2.0315 -1.0137 3.9871, -1.9893 -1.0073 3.893, -2.0336 -0.9638 3.9587, -2.0397 -0.8319 3.8582, -2.0397 -0.8312 3.8575, -1.9954 -0.8837 3.7989, -2.0012 -0.7749 3.6907, -2.0509 -0.6178 3.6161, -2.0476 -0.6782 3.6941, -2.0455 -0.7159 3.7428, -2.0066 -0.6831 3.572, -2.0117 -0.6087 3.4454, -2.055 -0.5541 3.5077, -2.0706 -0.4175 3.0836, -2.0672 -0.4311 3.177, -2.0229 -0.5081 3.1606, -2.0626 -0.4664 3.302, -2.0171 -0.5497 3.3079, -2.0614 -0.4755 3.3342, -2.056 -0.5384 3.481, -2.0854 -0.4257 2.6821, -2.0793 -0.4055 2.8467, -2.0912 -0.4668 2.5236, -2.0469 -0.5416 2.5483, -2.0948 -0.5063 2.4258, -2.0524 -0.5978 2.4089, -2.0628 -0.7586 2.1607, -2.1022 -0.6109 2.228, -2.0575 -0.6696 2.2808, -2.1017 -0.6034 2.2381, -2.0967 -0.5269 2.3748, -2.1129 -0.8116 1.9923, -2.1098 -0.752 2.0542, -2.1071 -0.6984 2.1099, -2.125 -1.0838 1.8036, -2.1189 -0.9411 1.8891, -2.0746 -0.9859 1.9538, -2.1179 -0.9197 1.9061, -2.0686 -0.8646 2.0505, -2.1342 -1.3217 1.7138, -2.1311 -1.2362 1.7379, -2.0868 -1.2625 1.8122, -2.1261 -1.1118 1.7915, -2.0807 -1.1197 1.8737, -2.1369 -1.3939 1.6935, -2.0926 -1.4103 1.7705, -2.142 -1.5416 1.6719, -2.0981 -1.5592 1.7488, -2.1528 -1.868 1.6847, -2.1494 -1.7653 1.6735, -2.1032 -1.706 1.7461, -2.1475 -1.7095 1.6675, -2.1424 -1.5528 1.6703, -2.1646 -2.1808 1.7828, -2.1586 -2.0265 1.7231, -2.1143 -2.003 1.7983, -2.1571 -1.9856 1.7132, -2.1085 -1.8545 1.7623, -2.1768 -2.4603 1.9614, -2.1325 -2.4095 2.0215, -2.1383 -2.5201 2.1282, -2.1815 -2.5559 2.0536, -2.1489 -2.6904 2.3714, -2.1892 -2.6954 2.2284, -2.1438 -2.614 2.2459, -2.1881 -2.6786 2.2009, -2.1826 -2.5783 2.0752, -2.2043 -2.8718 2.6363, -2.1985 -2.825 2.4802, -2.1543 -2.7512 2.5077, -2.1966 -2.8008 2.4259, -2.1932 -2.7601 2.3348, -2.2043 -2.8721 2.6381, -2.16 -2.7951 2.6539, -2.166 -2.8197 2.8069, -2.2164 -2.9025 2.966, -2.2125 -2.8997 2.8602, -2.2103 -2.8981 2.7996, -2.2283 -2.8462 3.2905, -2.2225 -2.8849 3.131, -2.1782 -2.8074 3.1175, -2.2207 -2.89 3.0838, -2.1721 -2.8239 2.9628, -2.2338 -2.7882 3.4406, -2.2288 -2.8417 3.3022, -2.1895 -2.7168 3.4075, -2.184 -2.7711 3.2669, -2.2363 -2.7521 3.5074, -2.2443 -2.6209 3.7078, -2.2 -2.56 3.6579, -2.25 -2.5098 3.8268, -2.2057 -2.4559 3.7695, -2.2516 -2.4746 3.8559, -2.2297 -1.9145 4.058, -2.274 -1.932 4.1348, -2.2239 -2.0619 4.014, -2.2682 -2.0893 4.0878, -2.276 -1.8764 4.1438, -2.2847 -1.6162 4.1656, -2.2404 -1.6185 4.0869, -2.29 -1.458 4.1508, -2.2457 -1.4703 4.073, -2.291 -1.4307 4.1446, -2.2957 -1.2993 4.1149, -2.2514 -1.3216 4.0394, -2.2989 -1.2153 4.0839, -2.2574 -1.1763 3.9858, -2.3017 -1.1442 4.0577, -2.3071 -1.0129 3.9883, -2.3078 -0.9971 3.98, -2.2635 -1.0385 3.913, -2.3138 -0.8619 3.8836, -2.2696 -0.9118 3.8226, -2.3153 -0.8325 3.8561, -2.3197 -0.7418 3.7714, -2.2754 -0.7993 3.7175, -2.3232 -0.6781 3.694, -2.281 -0.7033 3.6009, -2.2914 -0.5622 3.3415, -2.3306 -0.5531 3.5084, -2.2861 -0.6249 3.4764, -2.3304 -0.5558 3.514, -2.3253 -0.6394 3.6469, -2.3414 -0.4398 3.2151, -2.3382 -0.4672 3.3017, -2.3357 -0.4889 3.3701, -2.3535 -0.4039 2.8862, -2.3474 -0.411 3.0524, -2.3595 -0.4189 2.7208, -2.3153 -0.4967 2.7331, -2.3626 -0.4375 2.6386, -2.3211 -0.5307 2.5828, -2.371 -0.511 2.409, -2.3704 -0.5051 2.4253, -2.3654 -0.4552 2.5604, -2.3814 -0.6742 2.1395, -2.3371 -0.7358 2.1884, -2.3854 -0.7517 2.0538, -2.3428 -0.838 2.0755, -2.3871 -0.7832 2.019, -2.393 -0.909 1.9121, -2.3935 -0.9192 1.9056, -2.3488 -0.9559 1.9754, -2.3549 -1.087 1.8911, -2.4052 -1.1994 1.7516, -2.4017 -1.1123 1.7924, -2.3992 -1.0489 1.8222, -2.3609 -1.228 1.825, -2.3668 -1.375 1.7786, -2.4098 -1.3216 1.713, -2.4111 -1.3562 1.7021, -2.4219 -1.6724 1.6663, -2.3776 -1.6712 1.7451, -2.425 -1.7654 1.6737, -2.3828 -1.8191 1.7567, -2.4271 -1.8302 1.6788, -2.4327 -1.986 1.7114, -2.4387 -2.1448 1.7668, -2.4328 -1.9891 1.7121, -2.4448 -2.2931 1.8422, -2.4408 -2.1948 1.7922, -2.4066 -2.381 1.9982, -2.4509 -2.4299 1.9365, -2.449 -2.3869 1.9069, -2.4006 -2.2528 1.9098, -2.4568 -2.5519 2.047, -2.4126 -2.4953 2.1018, -2.4571 -2.5567 2.0527, -2.4181 -2.5933 2.2172, -2.4624 -2.6565 2.1702, -2.4647 -2.6947 2.2289, -2.4728 -2.8112 2.4446, -2.4285 -2.7382 2.4743, -2.4785 -2.8625 2.5985, -2.4342 -2.7863 2.6185, -2.48 -2.8702 2.6384, -2.4844 -2.8938 2.7604, -2.4401 -2.8157 2.7702, -2.4881 -2.8996 2.8603, -2.4462 -2.8248 2.9258, -2.4905 -2.9035 2.9264, -2.4963 -2.8917 3.084, -2.4966 -2.8911 3.0922, -2.4523 -2.8131 3.0811, -2.5025 -2.8572 3.2534, -2.4583 -2.7814 3.2321, -2.5043 -2.8402 3.3017, -2.4639 -2.7311 3.3751, -2.5185 -2.6446 3.6779, -2.5133 -2.7328 3.5468, -2.469 -2.6648 3.5071, -2.5119 -2.7525 3.5076, -2.5082 -2.8036 3.406, -2.5362 -2.2754 4.0006, -2.4919 -2.2362 3.9322, -2.5423 -2.126 4.0735, -2.498 -2.0962 4.0006, -2.5436 -2.0922 4.0847, -2.504 -1.9497 4.0494, -2.5482 -1.9697 4.1256, -2.5516 -1.8763 4.1436, -0.9826 -2.2962 2.0357, -0.9855 -2.353 2.077, -0.9889 -2.4139 2.1349, -0.9914 -2.457 2.1759, -0.995 -2.5149 2.2474, -0.9969 -2.5454 2.2852, -1.0122 -2.7106 2.6448, -1.013 -2.7167 2.6645, -1.0186 -2.7388 2.7962, -1.019 -2.7406 2.8069, -1.0251 -2.7455 2.9523, -1.0371 -2.6981 3.2364, -1.0316 -2.729 3.1053, -1.0312 -2.731 3.0967, -1.0378 -2.6916 3.2536, -1.0477 -2.5837 3.4892, -1.0436 -2.6354 3.3923, -1.0426 -2.6482 3.3681, -1.0491 -2.5627 3.519, -1.0587 -2.4072 3.7071, -1.0549 -2.4716 3.6372, -1.053 -2.5036 3.6025, -1.0611 -2.3628 3.7442, -1.0647 -2.2963 3.7996, -1.0676 -2.2385 3.8361, -1.0708 -2.1733 3.8772, -1.0741 -2.1021 3.9098, -1.0769 -2.0413 3.9376, -1.0805 -1.9577 3.9632, -1.0828 -1.904 3.9796, -1.0866 -1.8098 3.9955, -1.0883 -1.765 4.003, -1.1886 -1.4307 4.1443, -1.1037 -1.3677 3.9696, -1.1044 -1.3509 3.966, -1.1101 -1.2222 3.9195, -1.1104 -1.2151 3.9169, -1.1165 -1.0861 3.8498, -1.1285 -0.8617 3.6689, -1.1231 -0.9583 3.758, -1.1226 -0.9673 3.7663, -1.1294 -0.8477 3.6522, -1.1392 -0.6974 3.4448, -1.1352 -0.7548 3.5347, -1.1341 -0.7713 3.5606, -1.1407 -0.6804 3.4089, -1.1501 -0.5945 3.1845, -1.1465 -0.6227 3.2716, -1.1445 -0.6382 3.3195, -1.1527 -0.5834 3.1243, -1.1561 -0.5684 3.0426, -1.1591 -0.5648 2.9709, -1.1622 -0.5612 2.8974, -1.1656 -0.568 2.8159, -1.1683 -0.5733 2.7526, -1.172 -0.5928 2.6638, -1.1742 -0.6042 2.6122, -1.2831 -0.7515 2.0536, -1.1953 -0.8784 2.1474, -1.1958 -0.8876 2.1371, -1.2016 -0.9938 2.0457, -1.2018 -0.9969 2.043, -1.214 -1.2498 1.901, -1.2081 -1.1239 1.9611, -1.2079 -1.1186 1.9636, -1.2146 -1.2646 1.8962, -1.2255 -1.5256 1.8312, -1.2209 -1.4114 1.8522, -1.2199 -1.3867 1.8568, -1.2268 -1.5596 1.8294, -1.2359 -1.8009 1.8337, -1.2323 -1.7057 1.8268, -1.2307 -1.6631 1.8237, -1.238 -1.8535 1.8443, -1.2415 -1.9398 1.8619, -1.2442 -2.0008 1.8828, -1.2475 -2.0761 1.9087, -1.2506 -2.1434 1.9423, -1.2536 -2.2061 1.9737, -1.2572 -2.2766 2.0216, -1.2597 -2.3263 2.0554, -1.2636 -2.3967 2.1183, -1.2656 -2.4336 2.1513, -1.2809 -2.6539 2.4797, -1.2816 -2.6626 2.4974, -1.2868 -2.7049 2.6216, -1.2872 -2.7083 2.6315, -1.2932 -2.7366 2.7727, -1.3054 -2.7362 3.0627, -1.2997 -2.7454 2.927, -1.2993 -2.7461 2.9178, -1.3062 -2.7324 3.0814, -1.3169 -2.6615 3.3377, -1.3124 -2.6982 3.2309, -1.3113 -2.7075 3.2039, -1.3183 -2.6449 3.3712, -1.3273 -2.5241 3.5763, -1.3239 -2.5749 3.4997, -1.3221 -2.6003 3.4614, -1.3296 -2.4869 3.6193, -1.3329 -2.4315 3.6833, -1.3357 -2.3808 3.7283, -1.3389 -2.3239 3.7789, -1.3422 -2.2588 3.8229, -1.345 -2.2034 3.8602, -1.3487 -2.124 3.8997, -1.3511 -2.0733 3.9249, -1.3551 -1.9806 3.9564, -1.357 -1.9368 3.9714, -1.4567 -1.6536 4.1657, -1.3724 -1.539 4.0018, -1.3846 -1.2469 3.9302, -1.3786 -1.3837 3.9749, -1.3784 -1.3906 3.9762, -1.373 -1.5226 4.0009, -1.3847 -1.2444 3.929, -1.3968 -0.9944 3.7875, -1.3912 -1.1054 3.8603, -1.3907 -1.1159 3.8673, -1.3977 -0.9774 3.7728, -1.4084 -0.7913 3.5871, -1.404 -0.8642 3.6693, -1.4027 -0.8854 3.6931, -1.4099 -0.7684 3.5534, -1.4188 -0.6509 3.3502, -1.4154 -0.6912 3.4291, -1.4136 -0.7134 3.4728, -1.4211 -0.6307 3.2937, -1.4243 -0.6033 3.2173, -1.4273 -0.5883 3.1477, -1.4303 -0.5729 3.0767, -1.4337 -0.5663 2.995, -1.4363 -0.5611 2.9319, -1.4402 -0.5659 2.84, -1.4425 -0.5687 2.7867, -1.5436 -0.5055 2.4256, -1.464 -0.766 2.2804, -1.4645 -0.7731 2.2694, -1.4699 -0.8614 2.1641, -1.4701 -0.8638 2.1613, -1.482 -1.0888 1.981, -1.4762 -0.9747 2.0606, -1.476 -0.9697 2.0641, -1.4827 -1.1031 1.9736, -1.4941 -1.3538 1.8656, -1.4892 -1.2424 1.9055, -1.4881 -1.218 1.9143, -1.4955 -1.3884 1.8581, -1.5051 -1.6307 1.8239, -1.5015 -1.5366 1.8319, -1.4998 -1.4926 1.8356, -1.507 -1.6829 1.8261, -1.5102 -1.768 1.8297, -1.5127 -1.8303 1.8404, -1.5158 -1.9069 1.8535, -1.5188 -1.9781 1.8755, -1.5216 -2.0442 1.8959, -1.5252 -2.1217 1.9316, -1.5277 -2.176 1.9567, -1.5317 -2.2567 2.0079, -1.5338 -2.2988 2.0346, -1.6303 -2.5553 2.054, -1.5501 -2.5743 2.3302, -1.5508 -2.5853 2.3457, -1.5556 -2.6449 2.4584, -1.5559 -2.6495 2.467, -1.5615 -2.699 2.5989, -1.5734 -2.7456 2.8832, -1.5677 -2.7325 2.7482, -1.5673 -2.7315 2.7387, -1.5742 -2.7449 2.9027, -1.5855 -2.7159 3.1709, -1.5807 -2.7353 3.0575, -1.5795 -2.7403 3.0285, -1.5871 -2.7045 3.2079, -1.5965 -2.616 3.4331, -1.593 -2.6541 3.35, -1.5912 -2.6739 3.3068, -1.5986 -2.5868 3.4802, -1.6016 -2.5437 3.5496, -1.6043 -2.5018 3.6012, -1.6072 -2.4549 3.6588, -1.6103 -2.3984 3.7122, -1.613 -2.3507 3.7574, -1.6167 -2.2788 3.8093, -1.6191 -2.233 3.8424, -1.6233 -2.1458 3.8892, -1.6252 -2.1049 3.9111, -1.6417 -1.7083 4.0065, -1.6529 -1.4166 3.9827, -1.6474 -1.5555 4.0043, -1.6471 -1.5621 4.0045, -1.6423 -1.6926 4.008, -1.653 -1.4137 3.9819, -1.6648 -1.1463 3.8838, -1.6593 -1.2672 3.9373, -1.6587 -1.279 3.9425, -1.6658 -1.1267 3.8719, -1.6769 -0.91 3.7167, -1.6723 -0.9968 3.7872, -1.6709 -1.0222 3.8079, -1.6786 -0.8811 3.6861, -1.688 -0.7304 3.5005, -1.6846 -0.7823 3.572, -1.6826 -0.8122 3.6131, -1.6902 -0.7022 3.449, -1.6931 -0.6645 3.3804, -1.6958 -0.6391 3.3156, -1.6986 -0.6131 3.2496, -1.7019 -0.5935 3.1711, -1.7044 -0.5785 3.1106, -1.7083 -0.5681 3.0191, -1.7105 -0.5622 2.9665, -1.8114 -0.4352 2.6382, -1.7332 -0.6784 2.4253, -1.7337 -0.6834 2.4137, -1.7387 -0.7523 2.2991, -1.7388 -0.7539 2.2963, -1.7501 -0.9433 2.086, -1.7445 -0.8453 2.1817, -1.7443 -0.8408 2.1861, -1.7508 -0.9564 2.0763, -1.7623 -1.1866 1.9285, -1.7573 -1.0825 1.9865, -1.7562 -1.0595 1.9993, -1.7638 -1.2202 1.9152, -1.7741 -1.4596 1.841, -1.7701 -1.3654 1.8645, -1.7683 -1.3212 1.8755, -1.7762 -1.5135 1.8348, -1.7795 -1.5982 1.8251, -1.7818 -1.6602 1.8258, -1.7845 -1.7351 1.8267, -1.7874 -1.8072 1.8368, -1.79 -1.874 1.8462, -1.7934 -1.9552 1.8685, -1.7958 -2.012 1.8842, -1.7998 -2.0998 1.9214, -1.8019 -2.1454 1.9407, -1.8978 -2.3871 1.9064, -1.819 -2.4706 2.1926, -1.8198 -2.4841 2.2064, -1.8248 -2.5622 2.3106, -1.8252 -2.5678 2.3182, -1.8303 -2.6355 2.4372, -1.8415 -2.7254 2.705, -1.8361 -2.6912 2.5761, -1.8357 -2.6887 2.5668, -1.8423 -2.728 2.7245, -1.8537 -2.7433 2.9942, -1.8488 -2.7438 2.8784, -1.8476 -2.744 2.8487, -1.8553 -2.7378 3.0334, -1.8655 -2.6854 3.2753, -1.8617 -2.7103 3.1848, -1.8597 -2.7234 3.1376, -1.8677 -2.663 3.3284, -1.8709 -2.6311 3.4041, -1.8733 -2.5983 3.4607, -1.876 -2.5624 3.5225, -1.8789 -2.5163 3.5829, -1.8814 -2.4774 3.6337, -1.885 -2.4158 3.6958, -1.8872 -2.3767 3.7351, -1.8913 -2.2985 3.7954, -1.8932 -2.262 3.8236, -1.9924 -2.092 4.0845, -1.9106 -1.8794 3.9842, -1.9217 -1.5883 4.0068, -1.9166 -1.7252 4.0064, -1.9164 -1.7313 4.0056, -1.9112 -1.8639 3.9883, -1.9218 -1.5851 4.0064, -1.9329 -1.3113 3.9537, -1.9276 -1.437 3.9863, -1.9271 -1.4496 3.9895, -1.9339 -1.29 3.9451, -1.9451 -1.0507 3.8274, -1.9403 -1.1483 3.883, -1.9389 -1.1771 3.8994, -1.9468 -1.0165 3.8013, -1.9569 -0.834 3.6387, -1.9532 -0.8983 3.7026, -1.9511 -0.9354 3.7396, -1.9593 -0.7966 3.5904, -1.9624 -0.7483 3.5279, -1.9649 -0.7135 3.4686, -1.9674 -0.6789 3.4099, -1.9705 -0.6478 3.3372, -1.9728 -0.6239 3.2815, -1.9765 -0.5992 3.1942, -1.9786 -0.5851 3.1442, -2.087 -0.437 2.6386, -2.0021 -0.6131 2.5853, -2.0026 -0.6163 2.573, -2.008 -0.6677 2.4457, -2.0081 -0.6688 2.443, -2.0185 -0.8187 2.2114, -2.0134 -0.7396 2.3183, -2.0132 -0.7357 2.3235, -2.0192 -0.83 2.1997, -2.0303 -1.0308 2.0185, -2.0254 -0.9383 2.0922, -2.0243 -0.9177 2.1087, -2.0319 -1.0622 1.9997, -2.0425 -1.2888 1.8864, -2.0384 -1.1983 1.9254, -2.0364 -1.1556 1.9438, -2.0448 -1.3425 1.8712, -2.0483 -1.4266 1.8475, -2.0508 -1.4904 1.8382, -2.0538 -1.5655 1.8272, -2.0565 -1.6376 1.8259, -2.0589 -1.7025 1.8248, -2.0621 -1.7841 1.8337, -2.0643 -1.841 1.8399, -2.068 -1.9323 1.862, -2.07 -1.9795 1.8734, -2.1652 -2.1954 1.7909, -2.0874 -2.3431 2.0702, -2.0882 -2.3586 2.0817, -2.0936 -2.4551 2.1747, -2.094 -2.4618 2.1812, -2.0995 -2.5495 2.291, -2.11 -2.6774 2.5351, -2.105 -2.6246 2.4169, -2.1046 -2.6207 2.408, -2.1108 -2.6831 2.5539, -2.1217 -2.7413 2.8143, -2.1169 -2.723 2.701, -2.1157 -2.7183 2.6716, -2.1234 -2.7424 2.8543, -2.1339 -2.7298 3.104, -2.1299 -2.7399 3.0093, -2.1278 -2.7452 2.9597, -2.1363 -2.7158 3.1616, -2.1397 -2.6959 3.2433, -2.1424 -2.6715 3.3067, -2.1453 -2.6453 3.3745, -2.1481 -2.6094 3.4409, -2.1504 -2.5801 3.4951, -2.1536 -2.5304 3.5644, -2.1557 -2.4991 3.6081, -2.1596 -2.4328 3.6791, -2.1614 -2.4019 3.7121, -2.1789 -2.049 3.9336, -2.191 -1.758 4.0037, -2.1854 -1.8969 3.9813, -2.1852 -1.9027 3.9795, -2.1796 -2.0344 3.9402, -2.1911 -1.7544 4.0038, -2.2014 -1.4826 3.9953, -2.1966 -1.6081 4.007, -2.1961 -1.6209 4.0082, -2.2023 -1.4603 3.9902, -2.2131 -1.2084 3.9139, -2.2085 -1.3128 3.9525, -2.2071 -1.3439 3.9639, -2.2149 -1.17 3.8936, -2.2253 -0.9616 3.7617, -2.2214 -1.0364 3.815, -2.2192 -1.0798 3.846, -2.2278 -0.9158 3.7188, -2.2311 -0.8567 3.6636, -2.234 -0.8114 3.6086, -2.2367 -0.7672 3.5549, -2.2396 -0.7251 3.4881, -2.2418 -0.6941 3.4387, -2.2452 -0.6568 3.3586, -2.2471 -0.6356 3.3129, -2.3462 -0.4165 3.0837, -2.3544 -0.4063 2.8603, -2.2704 -0.5733 2.7579, -2.271 -0.5745 2.7454, -2.2767 -0.6056 2.6079, -2.2769 -0.6062 2.6052, -2.2875 -0.7185 2.3511, -2.2827 -0.6582 2.4669, -2.2824 -0.655 2.4729, -2.2882 -0.7277 2.3379, -2.2985 -0.8928 2.1321, -2.2939 -0.8151 2.218, -2.2928 -0.7975 2.2373, -2.3 -0.9206 2.1084, -2.3106 -1.1251 1.96, -2.3064 -1.0422 2.0133, -2.3045 -1.0028 2.0386, -2.313 -1.1765 1.9359, -2.3167 -1.2566 1.8983, -2.3194 -1.3197 1.8784, -2.3226 -1.3937 1.855, -2.3255 -1.4673 1.842, -2.3281 -1.5327 1.8304, -2.3312 -1.6149 1.8264, -2.3333 -1.67 1.8238, -2.3367 -1.7611 1.831, -2.3385 -1.808 1.8347, -2.3555 -2.1954 1.9688, -2.3563 -2.2125 1.9775, -2.362 -2.3245 2.0547, -2.3623 -2.3321 2.0599, -2.3683 -2.4387 2.1565, -2.379 -2.6052 2.3795, -2.3742 -2.5357 2.2727, -2.3739 -2.5302 2.2642, -2.3797 -2.6135 2.3969, -2.3899 -2.7102 2.6385, -2.3854 -2.6746 2.5319, -2.3842 -2.6653 2.504, -2.3915 -2.7177 2.6776, -2.402 -2.746 2.9251, -2.398 -2.7405 2.8301, -2.3958 -2.7375 2.78, -2.4045 -2.7415 2.9852, -2.408 -2.7352 3.07, -2.4109 -2.7208 3.1382, -2.414 -2.7056 3.2109, -2.4171 -2.6796 3.2847, -2.4196 -2.6587 3.3443, -2.4228 -2.6202 3.4209, -2.4247 -2.5968 3.4674, -2.5193 -2.6299 3.6947, -2.447 -2.2101 3.8552, -2.4597 -1.9298 3.9732, -2.4537 -2.0665 3.9277, -2.4535 -2.0717 3.9251, -2.4476 -2.197 3.8639, -2.4598 -1.9259 3.974, -2.4705 -1.6533 4.0087, -2.4658 -1.7775 4.0009, -2.4653 -1.7909 4.0001, -2.4713 -1.6309 4.0073, -2.4813 -1.3767 3.9731, -2.477 -1.4835 3.9938, -2.4757 -1.5156 4.0, -2.4831 -1.3358 3.9594, -2.4933 -1.1095 3.8636, -2.4895 -1.1919 3.9039, -2.4872 -1.2401 3.9275, -2.496 -1.0565 3.8283, -2.4994 -0.9886 3.783, -2.5024 -0.9336 3.7348, -2.5054 -0.8803 3.688, -2.5086 -0.8264 3.6266, -2.511 -0.7869 3.5815, -2.5144 -0.7372 3.5075, -2.5162 -0.7099 3.4669, -2.532 -0.5764 3.0911, -2.5329 -0.5718 3.0694, -2.5385 -0.562 2.9368, -2.539 -0.5611 2.9245, -2.5451 -0.5696 2.7794, -2.5567 -0.642 2.5035, -2.5514 -0.5994 2.6309, -2.5511 -0.5971 2.6379, -2.5574 -0.6493 2.4884, -2.5671 -0.7773 2.2637, -2.5629 -0.7161 2.3576, -2.562 -0.7022 2.379, -2.5685 -0.8005 2.2364, -2.5786 -0.9755 2.0596, -2.5746 -0.9033 2.1249, -2.5727 -0.8688 2.1561, -2.581 -1.0224 2.0273, -2.6425 -1.4452 1.7684, -2.6401 -1.3478 1.7879, -2.5968 -1.3608 1.8636, -2.6399 -1.3404 1.7901, -2.594 -1.297 1.886, -2.5908 -1.2247 1.9113, -2.5875 -1.1549 1.9468, -2.5847 -1.0951 1.9772, -2.4303 -1.9259 3.9742, -2.1616 -1.7544 4.0041, -1.9839 -0.7393 2.3181, -1.9726 -0.6124 2.5851, -1.8923 -1.5851 4.0066, -1.7953 -2.5627 2.3103, -2.711 -1.8007 3.9988, -0.9449 -1.4347 1.8487, -0.9711 -2.5989 2.3685, -0.9449 -2.5945 2.3711, -0.9766 -2.664 2.5007, -0.9449 -2.3893 2.1085, -0.9449 -2.4133 2.1352, -0.9594 -2.4155 2.1332, -0.9449 -2.5149 2.2476, -0.9655 -2.5165 2.2462, -0.9449 -2.5315 2.266, -0.9449 -2.1281 1.9378, -0.9449 -2.1642 1.9551, -0.9488 -2.1641 1.9552, -0.9449 -2.2193 1.9816, -0.9531 -2.2977 2.0338, -0.9449 -2.2946 2.0378, -0.9449 -1.7285 1.8314, -0.9449 -1.6106 1.8245, -0.9449 -1.5829 1.8283, -2.692 -2.2314 3.8434, -2.6855 -2.3568 3.7523, -2.7049 -1.949 3.968, -2.6985 -2.0941 3.916, -0.9449 -2.0279 1.8898, -0.9449 -2.0242 1.8889, -0.9449 -1.8761 1.8507, -0.9449 -1.8224 1.8368, -0.9827 -2.7117 2.6445, -0.989 -2.7394 2.7961, -0.9956 -2.7455 2.9513, -1.0021 -2.7295 3.1054, -1.0083 -2.6925 3.254, -1.0141 -2.6366 3.3929, -1.0196 -2.5641 3.52, -1.0254 -2.4731 3.6386, -1.0316 -2.3643 3.746, -1.0381 -2.2398 3.8381, -1.0446 -2.1031 3.912, -1.051 -1.9583 3.9653, -1.0571 -1.8101 3.9974, -1.0627 -1.6628 4.0087, -1.0682 -1.5158 4.0, -1.0742 -1.3675 3.9706, -1.0806 -1.222 3.9199, -1.0871 -1.0841 3.8486, -1.0936 -0.9578 3.7586, -1.0998 -0.8468 3.653, -1.1057 -0.7535 3.5355, -1.1111 -0.6788 3.4097, -1.1169 -0.6207 3.2722, -1.1231 -0.5811 3.1247, -1.1296 -0.5624 2.971, -1.1361 -0.5657 2.8157, -1.1425 -0.5907 2.6633, -1.1486 -0.636 2.5184, -1.1542 -0.6991 2.3846, -1.1598 -0.7791 2.2612, -1.1721 -0.9936 2.0455, -1.1658 -0.8778 2.1469, -1.1786 -1.1237 1.9607, -1.1851 -1.2644 1.8954, -1.1914 -1.4111 1.8509, -1.1973 -1.5595 1.8277, -1.2027 -1.7059 1.8249, -1.2085 -1.8539 1.8422, -1.2147 -2.0016 1.8806, -1.2276 -2.2779 2.0197, -1.2341 -2.3981 2.1167, -1.2211 -2.1444 1.9402, -1.2402 -2.5019 2.2278, -1.2458 -2.5873 2.349, -1.2513 -2.6549 2.4793, -1.2573 -2.7055 2.6214, -1.2636 -2.7365 2.7721, -1.2701 -2.746 2.927, -1.2766 -2.7335 3.0816, -1.2829 -2.6996 3.2313, -1.2888 -2.6464 3.372, -1.2943 -2.5765 3.5007, -1.3 -2.4885 3.6207, -1.3062 -2.3823 3.7301, -1.3126 -2.2601 3.8249, -1.3192 -2.125 3.9017, -1.3256 -1.9813 3.9584, -1.3317 -1.8333 3.9938, -1.3374 -1.6855 4.0083, -1.3429 -1.539 4.0027, -1.3488 -1.3905 3.9766, -1.3552 -1.2444 3.9292, -1.3617 -1.1049 3.861, -1.3682 -0.9766 3.7737, -1.3745 -0.863 3.6703, -1.3804 -0.7669 3.5545, -1.3859 -0.6894 3.43, -1.3916 -0.6286 3.2944, -1.3977 -0.5859 3.1482, -1.4042 -0.5639 2.9952, -1.4107 -0.5637 2.8398, -1.4171 -0.5854 2.6867, -1.4233 -0.6277 2.5404, -1.429 -0.6882 2.4046, -1.4344 -0.7654 2.28, -1.4404 -0.8612 2.164, -1.4467 -0.9745 2.0603, -1.4532 -1.1026 1.9728, -1.4597 -1.2419 1.9042, -1.466 -1.388 1.8564, -1.472 -1.5364 1.83, -1.4775 -1.683 1.8241, -1.4831 -1.8307 1.8381, -1.4893 -1.9788 1.8732, -1.4957 -2.1226 1.9295, -1.5022 -2.2579 2.0061, -1.5087 -2.3804 2.1005, -1.5148 -2.4869 2.2097, -1.5206 -2.5752 2.3296, -1.526 -2.6454 2.4581, -1.5382 -2.7331 2.7481, -1.5319 -2.6989 2.5986, -1.5447 -2.746 2.9027, -1.5512 -2.7369 3.0577, -1.5576 -2.7062 3.2085, -1.5635 -2.6559 3.3508, -1.569 -2.5886 3.4813, -1.5747 -2.5035 3.6026, -1.5808 -2.4 3.7139, -1.5872 -2.2801 3.8112, -1.5937 -2.1468 3.891, -1.6002 -2.0041 3.9509, -1.6064 -1.8565 3.9897, -1.6121 -1.7084 4.0073, -1.6176 -1.562 4.0049, -1.6235 -1.4137 3.9821, -1.6297 -1.2668 3.938, -1.6362 -1.1261 3.873, -1.6428 -0.9957 3.7885, -1.6491 -0.8797 3.6874, -1.6551 -0.7806 3.5732, -1.6606 -0.7003 3.45, -1.6662 -0.637 3.3164, -1.6723 -0.5913 3.1716, -1.6787 -0.5659 3.0194, -1.6853 -0.5623 2.8641, -1.6917 -0.5806 2.7103, -1.6979 -0.6198 2.5626, -1.7037 -0.6777 2.425, -1.715 -0.8451 2.1814, -1.7092 -0.7521 2.299, -1.7213 -0.9558 2.0755, -1.7278 -1.0818 1.9852, -1.7343 -1.2196 1.9136, -1.7406 -1.3649 1.8625, -1.7467 -1.5133 1.8327, -1.7522 -1.6603 1.8237, -1.7639 -1.9558 1.8663, -1.7578 -1.8075 1.8346, -1.7703 -2.1006 1.9194, -1.7768 -2.2375 1.9929, -1.7895 -2.4714 2.1918, -1.7833 -2.3622 2.0847, -1.8007 -2.6355 2.4372, -1.8066 -2.6917 2.5759, -1.8128 -2.7291 2.7244, -1.8193 -2.7454 2.8785, -1.8258 -2.7397 3.0337, -1.8322 -2.7124 3.1854, -1.8382 -2.665 3.3293, -1.8438 -2.6001 3.4617, -1.8494 -2.518 3.5842, -1.8554 -2.4173 3.6974, -1.8618 -2.2998 3.7971, -1.8683 -2.1683 3.8798, -1.8748 -2.0268 3.943, -1.881 -1.8797 3.9851, -1.8869 -1.7314 4.0059, -1.8981 -1.4369 3.987, -1.9043 -1.2895 3.9463, -1.9108 -1.1475 3.8844, -1.9173 -1.0152 3.8029, -1.9237 -0.8967 3.7041, -1.9298 -0.7949 3.5917, -1.9354 -0.7116 3.4697, -1.9409 -0.6458 3.3381, -1.9469 -0.5971 3.1948, -1.9533 -0.5685 3.0435, -1.9663 -0.5763 2.734, -1.9598 -0.5614 2.8883, -1.9784 -0.6675 2.4457, -1.9897 -0.8293 2.1991, -1.9959 -0.9374 2.0911, -2.0023 -1.0612 1.9982, -2.0089 -1.1975 1.9234, -2.0153 -1.3419 1.8691, -2.0214 -1.4901 1.836, -2.027 -1.6376 1.8238, -2.0325 -1.7844 1.8315, -2.0385 -1.9328 1.86, -2.0448 -2.0784 1.9097, -2.0514 -2.2168 1.9801, -2.0579 -2.3437 2.0693, -2.07 -2.5497 2.2912, -2.0641 -2.4555 2.1743, -2.0755 -2.6252 2.4166, -2.0812 -2.6841 2.5536, -2.0874 -2.7246 2.7007, -2.0939 -2.7443 2.8542, -2.1004 -2.7421 3.0096, -2.1068 -2.718 3.1621, -2.1129 -2.6736 3.3075, -2.1186 -2.6112 3.4419, -2.1241 -2.5321 3.5656, -2.13 -2.4342 3.6805, -2.1429 -2.1896 3.8681, -2.1364 -2.3192 3.7825, -2.1494 -2.0494 3.9345, -2.1557 -1.9028 3.9799, -2.167 -1.608 4.0078, -2.1728 -1.46 3.9915, -2.1789 -1.3122 3.954, -2.1854 -1.1691 3.8954, -2.1919 -1.0351 3.8168, -2.1983 -0.9142 3.7205, -2.2045 -0.8096 3.61, -2.2101 -0.7234 3.4892, -2.2156 -0.655 3.3594, -2.2216 -0.6035 3.2178, -2.2279 -0.5715 3.0675, -2.2344 -0.561 2.9126, -2.2472 -0.6054 2.6078, -2.2409 -0.5726 2.7579, -2.2586 -0.7269 2.3374, -2.2532 -0.6578 2.4667, -2.2643 -0.8141 2.217, -2.2705 -0.9194 2.1071, -2.2769 -1.041 2.0115, -2.2834 -1.1755 1.9338, -2.2899 -1.319 1.8762, -2.296 -1.4669 1.8397, -2.3017 -1.6148 1.8244, -2.3072 -1.7613 1.829, -2.3194 -2.0561 1.9005, -2.3131 -1.9097 1.8541, -2.3259 -2.1959 1.9678, -2.3388 -2.4392 2.157, -2.3324 -2.3248 2.0542, -2.3447 -2.5362 2.2724, -2.3502 -2.6145 2.3964, -2.3559 -2.6761 2.5314, -2.362 -2.7196 2.6772, -2.3684 -2.7427 2.83, -2.375 -2.7439 2.9854, -2.3814 -2.7232 3.1387, -2.3876 -2.6818 3.2854, -2.3933 -2.622 3.4218, -2.3988 -2.5457 3.5468, -2.4047 -2.4507 3.6633, -2.411 -2.3382 3.7676, -2.4174 -2.2107 3.856, -2.424 -2.0718 3.9255, -2.4363 -1.7775 4.0017, -2.4418 -1.6308 4.0085, -2.4474 -1.4832 3.9954, -2.4535 -1.3351 3.9613, -2.4599 -1.1909 3.906, -2.4665 -1.0552 3.8303, -2.4729 -0.932 3.7366, -2.4791 -0.8248 3.628, -2.4849 -0.7356 3.5086, -2.4903 -0.6646 3.3805, -2.4962 -0.6103 3.2406, -2.5025 -0.5751 3.0913, -2.509 -0.5612 2.9369, -2.5155 -0.5693 2.7818, -2.5218 -0.599 2.6308, -2.5278 -0.6484 2.488, -2.5334 -0.715 2.3569, -2.539 -0.7992 2.2352, -2.5451 -0.9019 2.1234, -2.5515 -1.0211 2.0254, -2.558 -1.1539 1.9447, -2.5707 -1.4437 1.844, -2.5645 -1.2962 1.8838, -2.5765 -1.5919 1.8254, -2.5819 -1.7382 1.827, -2.5878 -1.8865 1.8488, -2.594 -2.0335 1.8919, -2.607 -2.3056 2.0396, -2.6005 -2.1747 1.956, -2.6134 -2.4224 2.14, -2.6194 -2.5223 2.2537, -2.6249 -2.6034 2.3765, -2.6305 -2.6676 2.5096, -2.6366 -2.7141 2.6539, -2.643 -2.7405 2.8059, -2.6495 -2.7451 2.9612, -2.656 -2.7278 3.1151, -2.6622 -2.6895 3.2631, -2.6735 -2.5588 3.5278, -2.668 -2.6324 3.4013, -2.6793 -2.4667 3.6458, 2.5059 -0.6535 -1.378, 2.5014 -0.6101 -1.3766, 2.5113 -0.6128 -1.378, 2.5182 -0.5697 -1.3766, 2.527 -0.5748 -1.378, 2.5448 -0.535 -1.3766, 2.552 -0.5422 -1.378, 2.5796 -0.5083 -1.3766, 2.5846 -0.5172 -1.378, 2.62 -0.4916 -1.3766, 2.6226 -0.5014 -1.378, 2.6634 -0.4859 -1.3766, 2.6634 -0.4961 -1.378, 2.7068 -0.4916 -1.3766, 2.7041 -0.5014 -1.378, 2.7472 -0.5083 -1.3766, 2.7421 -0.5172 -1.378, 2.7819 -0.535 -1.3766, 2.7747 -0.5422 -1.378, 2.8086 -0.5697 -1.3766, 2.7998 -0.5748 -1.378, 2.8253 -0.6101 -1.3766, 2.8155 -0.6128 -1.378, 2.8311 -0.6535 -1.3766, 2.8209 -0.6535 -1.378, 2.8253 -0.6969 -1.3766, 2.8155 -0.6943 -1.378, 2.8086 -0.7374 -1.3766, 2.7998 -0.7323 -1.378, 2.7819 -0.7721 -1.3766, 2.7747 -0.7649 -1.378, 2.7472 -0.7987 -1.3766, 2.7421 -0.7899 -1.378, 2.7068 -0.8155 -1.3766, 2.7041 -0.8057 -1.378, 2.6634 -0.8212 -1.3766, 2.6634 -0.811 -1.378, 2.62 -0.8155 -1.3766, 2.6226 -0.8057 -1.378, 2.5796 -0.7987 -1.3766, 2.5846 -0.7899 -1.378, 2.5448 -0.7721 -1.3766, 2.552 -0.7649 -1.378, 2.5182 -0.7374 -1.3766, 2.527 -0.7323 -1.378, 2.5014 -0.6969 -1.3766, 2.5113 -0.6943 -1.378, 2.4957 -0.6535 -1.3766, 2.4923 -0.6077 -1.3727, 2.51 -0.565 -1.3727, 2.5381 -0.5283 -1.3727, 2.5748 -0.5001 -1.3727, 2.6175 -0.4824 -1.3727, 2.6634 -0.4764 -1.3727, 2.7092 -0.4824 -1.3727, 2.752 -0.5001 -1.3727, 2.7887 -0.5283 -1.3727, 2.8168 -0.565 -1.3727, 2.8345 -0.6077 -1.3727, 2.8406 -0.6535 -1.3727, 2.8345 -0.6994 -1.3727, 2.8168 -0.7421 -1.3727, 2.7887 -0.7788 -1.3727, 2.752 -0.807 -1.3727, 2.7092 -0.8247 -1.3727, 2.6634 -0.8307 -1.3727, 2.6175 -0.8247 -1.3727, 2.5748 -0.807 -1.3727, 2.5381 -0.7788 -1.3727, 2.51 -0.7421 -1.3727, 2.4923 -0.6994 -1.3727, 2.4862 -0.6535 -1.3727, 2.4844 -0.6056 -1.3664, 2.5029 -0.5609 -1.3664, 2.5323 -0.5225 -1.3664, 2.5707 -0.493 -1.3664, 2.6154 -0.4745 -1.3664, 2.6634 -0.4682 -1.3664, 2.7113 -0.4745 -1.3664, 2.756 -0.493 -1.3664, 2.7944 -0.5225 -1.3664, 2.8239 -0.5609 -1.3664, 2.8424 -0.6056 -1.3664, 2.8487 -0.6535 -1.3664, 2.8424 -0.7015 -1.3664, 2.8239 -0.7462 -1.3664, 2.7944 -0.7846 -1.3664, 2.756 -0.814 -1.3664, 2.7113 -0.8325 -1.3664, 2.6634 -0.8389 -1.3664, 2.6154 -0.8325 -1.3664, 2.5707 -0.814 -1.3664, 2.5323 -0.7846 -1.3664, 2.5029 -0.7462 -1.3664, 2.4844 -0.7015 -1.3664, 2.4781 -0.6535 -1.3664, 2.4783 -0.604 -1.3583, 2.4975 -0.5578 -1.3583, 2.5279 -0.5181 -1.3583, 2.5676 -0.4876 -1.3583, 2.6138 -0.4685 -1.3583, 2.6634 -0.462 -1.3583, 2.713 -0.4685 -1.3583, 2.7592 -0.4876 -1.3583, 2.7989 -0.5181 -1.3583, 2.8293 -0.5578 -1.3583, 2.8484 -0.604 -1.3583, 2.855 -0.6535 -1.3583, 2.8484 -0.7031 -1.3583, 2.8293 -0.7493 -1.3583, 2.7989 -0.789 -1.3583, 2.7592 -0.8194 -1.3583, 2.713 -0.8386 -1.3583, 2.6634 -0.8451 -1.3583, 2.6138 -0.8386 -1.3583, 2.5676 -0.8194 -1.3583, 2.5279 -0.789 -1.3583, 2.4975 -0.7493 -1.3583, 2.4783 -0.7031 -1.3583, 2.4718 -0.6535 -1.3583, 2.4745 -0.6029 -1.3488, 2.4941 -0.5558 -1.3488, 2.5251 -0.5153 -1.3488, 2.5656 -0.4842 -1.3488, 2.6128 -0.4647 -1.3488, 2.6634 -0.458 -1.3488, 2.714 -0.4647 -1.3488, 2.7611 -0.4842 -1.3488, 2.8016 -0.5153 -1.3488, 2.8327 -0.5558 -1.3488, 2.8522 -0.6029 -1.3488, 2.8589 -0.6535 -1.3488, 2.8522 -0.7041 -1.3488, 2.8327 -0.7513 -1.3488, 2.8016 -0.7918 -1.3488, 2.7611 -0.8229 -1.3488, 2.714 -0.8424 -1.3488, 2.6634 -0.849 -1.3488, 2.6128 -0.8424 -1.3488, 2.5656 -0.8229 -1.3488, 2.5251 -0.7918 -1.3488, 2.4941 -0.7513 -1.3488, 2.4745 -0.7041 -1.3488, 2.4679 -0.6535 -1.3488, 2.4732 -0.6026 -1.3386, 2.4929 -0.5551 -1.3386, 2.5242 -0.5143 -1.3386, 2.565 -0.4831 -1.3386, 2.6124 -0.4634 -1.3386, 2.6634 -0.4567 -1.3386, 2.7143 -0.4634 -1.3386, 2.7618 -0.4831 -1.3386, 2.8026 -0.5143 -1.3386, 2.8339 -0.5551 -1.3386, 2.8535 -0.6026 -1.3386, 2.8602 -0.6535 -1.3386, 2.8535 -0.7045 -1.3386, 2.8339 -0.752 -1.3386, 2.8026 -0.7927 -1.3386, 2.7618 -0.824 -1.3386, 2.7143 -0.8437 -1.3386, 2.6634 -0.8504 -1.3386, 2.6124 -0.8437 -1.3386, 2.565 -0.824 -1.3386, 2.5242 -0.7927 -1.3386, 2.4929 -0.752 -1.3386, 2.4732 -0.7045 -1.3386, 2.4665 -0.6535 -1.3386, 2.5059 -2.6535 -1.378, 2.5014 -2.6101 -1.3766, 2.5113 -2.6128 -1.378, 2.5182 -2.5697 -1.3766, 2.527 -2.5748 -1.378, 2.5448 -2.535 -1.3766, 2.552 -2.5422 -1.378, 2.5796 -2.5083 -1.3766, 2.5846 -2.5172 -1.378, 2.62 -2.4916 -1.3766, 2.6226 -2.5014 -1.378, 2.6634 -2.4859 -1.3766, 2.6634 -2.4961 -1.378, 2.7068 -2.4916 -1.3766, 2.7041 -2.5014 -1.378, 2.7472 -2.5083 -1.3766, 2.7421 -2.5172 -1.378, 2.7819 -2.535 -1.3766, 2.7747 -2.5422 -1.378, 2.8086 -2.5697 -1.3766, 2.7998 -2.5748 -1.378, 2.8253 -2.6101 -1.3766, 2.8155 -2.6128 -1.378, 2.8311 -2.6535 -1.3766, 2.8209 -2.6535 -1.378, 2.8253 -2.6969 -1.3766, 2.8155 -2.6943 -1.378, 2.8086 -2.7374 -1.3766, 2.7998 -2.7323 -1.378, 2.7819 -2.7721 -1.3766, 2.7747 -2.7649 -1.378, 2.7472 -2.7987 -1.3766, 2.7421 -2.7899 -1.378, 2.7068 -2.8155 -1.3766, 2.7041 -2.8057 -1.378, 2.6634 -2.8212 -1.3766, 2.6634 -2.811 -1.378, 2.62 -2.8155 -1.3766, 2.6226 -2.8057 -1.378, 2.5796 -2.7987 -1.3766, 2.5846 -2.7899 -1.378, 2.5448 -2.7721 -1.3766, 2.552 -2.7649 -1.378, 2.5182 -2.7374 -1.3766, 2.527 -2.7323 -1.378, 2.5014 -2.6969 -1.3766, 2.5113 -2.6943 -1.378, 2.4957 -2.6535 -1.3766, 2.4923 -2.6077 -1.3727, 2.51 -2.565 -1.3727, 2.5381 -2.5283 -1.3727, 2.5748 -2.5001 -1.3727, 2.6175 -2.4824 -1.3727, 2.6634 -2.4764 -1.3727, 2.7092 -2.4824 -1.3727, 2.752 -2.5001 -1.3727, 2.7887 -2.5283 -1.3727, 2.8168 -2.565 -1.3727, 2.8345 -2.6077 -1.3727, 2.8406 -2.6535 -1.3727, 2.8345 -2.6994 -1.3727, 2.8168 -2.7421 -1.3727, 2.7887 -2.7788 -1.3727, 2.752 -2.807 -1.3727, 2.7092 -2.8247 -1.3727, 2.6634 -2.8307 -1.3727, 2.6175 -2.8247 -1.3727, 2.5748 -2.807 -1.3727, 2.5381 -2.7788 -1.3727, 2.51 -2.7421 -1.3727, 2.4923 -2.6994 -1.3727, 2.4862 -2.6535 -1.3727, 2.4844 -2.6056 -1.3664, 2.5029 -2.5609 -1.3664, 2.5323 -2.5225 -1.3664, 2.5707 -2.493 -1.3664, 2.6154 -2.4745 -1.3664, 2.6634 -2.4682 -1.3664, 2.7113 -2.4745 -1.3664, 2.756 -2.493 -1.3664, 2.7944 -2.5225 -1.3664, 2.8239 -2.5609 -1.3664, 2.8424 -2.6056 -1.3664, 2.8487 -2.6535 -1.3664, 2.8424 -2.7015 -1.3664, 2.8239 -2.7462 -1.3664, 2.7944 -2.7846 -1.3664, 2.756 -2.814 -1.3664, 2.7113 -2.8325 -1.3664, 2.6634 -2.8389 -1.3664, 2.6154 -2.8325 -1.3664, 2.5707 -2.814 -1.3664, 2.5323 -2.7846 -1.3664, 2.5029 -2.7462 -1.3664, 2.4844 -2.7015 -1.3664, 2.4781 -2.6535 -1.3664, 2.4783 -2.604 -1.3583, 2.4975 -2.5578 -1.3583, 2.5279 -2.5181 -1.3583, 2.5676 -2.4876 -1.3583, 2.6138 -2.4685 -1.3583, 2.6634 -2.462 -1.3583, 2.713 -2.4685 -1.3583, 2.7592 -2.4876 -1.3583, 2.7989 -2.5181 -1.3583, 2.8293 -2.5578 -1.3583, 2.8484 -2.604 -1.3583, 2.855 -2.6535 -1.3583, 2.8484 -2.7031 -1.3583, 2.8293 -2.7493 -1.3583, 2.7989 -2.789 -1.3583, 2.7592 -2.8194 -1.3583, 2.713 -2.8386 -1.3583, 2.6634 -2.8451 -1.3583, 2.6138 -2.8386 -1.3583, 2.5676 -2.8194 -1.3583, 2.5279 -2.789 -1.3583, 2.4975 -2.7493 -1.3583, 2.4783 -2.7031 -1.3583, 2.4718 -2.6535 -1.3583, 2.4745 -2.6029 -1.3488, 2.4941 -2.5558 -1.3488, 2.5251 -2.5153 -1.3488, 2.5656 -2.4842 -1.3488, 2.6128 -2.4647 -1.3488, 2.6634 -2.458 -1.3488, 2.714 -2.4647 -1.3488, 2.7611 -2.4842 -1.3488, 2.8016 -2.5153 -1.3488, 2.8327 -2.5558 -1.3488, 2.8522 -2.6029 -1.3488, 2.8589 -2.6535 -1.3488, 2.8522 -2.7041 -1.3488, 2.8327 -2.7513 -1.3488, 2.8016 -2.7918 -1.3488, 2.7611 -2.8229 -1.3488, 2.714 -2.8424 -1.3488, 2.6634 -2.849 -1.3488, 2.6128 -2.8424 -1.3488, 2.5656 -2.8229 -1.3488, 2.5251 -2.7918 -1.3488, 2.4941 -2.7513 -1.3488, 2.4745 -2.7041 -1.3488, 2.4679 -2.6535 -1.3488, 2.4732 -2.6026 -1.3386, 2.4929 -2.5551 -1.3386, 2.5242 -2.5143 -1.3386, 2.565 -2.4831 -1.3386, 2.6124 -2.4634 -1.3386, 2.6634 -2.4567 -1.3386, 2.7143 -2.4634 -1.3386, 2.7618 -2.4831 -1.3386, 2.8026 -2.5143 -1.3386, 2.8339 -2.5551 -1.3386, 2.8535 -2.6026 -1.3386, 2.8602 -2.6535 -1.3386, 2.8535 -2.7045 -1.3386, 2.8339 -2.752 -1.3386, 2.8026 -2.7927 -1.3386, 2.7618 -2.824 -1.3386, 2.7143 -2.8437 -1.3386, 2.6634 -2.8504 -1.3386, 2.6124 -2.8437 -1.3386, 2.565 -2.824 -1.3386, 2.5242 -2.7927 -1.3386, 2.4929 -2.752 -1.3386, 2.4732 -2.7045 -1.3386, 2.4665 -2.6535 -1.3386, 1.5059 -1.6535 -1.378, 1.5014 -1.6101 -1.3766, 1.5113 -1.6128 -1.378, 1.5182 -1.5697 -1.3766, 1.527 -1.5748 -1.378, 1.5448 -1.535 -1.3766, 1.552 -1.5422 -1.378, 1.5796 -1.5083 -1.3766, 1.5846 -1.5172 -1.378, 1.62 -1.4916 -1.3766, 1.6226 -1.5014 -1.378, 1.6634 -1.4859 -1.3766, 1.6634 -1.4961 -1.378, 1.7068 -1.4916 -1.3766, 1.7041 -1.5014 -1.378, 1.7472 -1.5083 -1.3766, 1.7421 -1.5172 -1.378, 1.7819 -1.535 -1.3766, 1.7747 -1.5422 -1.378, 1.8086 -1.5697 -1.3766, 1.7998 -1.5748 -1.378, 1.8253 -1.6101 -1.3766, 1.8155 -1.6128 -1.378, 1.8311 -1.6535 -1.3766, 1.8209 -1.6535 -1.378, 1.8253 -1.6969 -1.3766, 1.8155 -1.6943 -1.378, 1.8086 -1.7374 -1.3766, 1.7998 -1.7323 -1.378, 1.7819 -1.7721 -1.3766, 1.7747 -1.7649 -1.378, 1.7472 -1.7987 -1.3766, 1.7421 -1.7899 -1.378, 1.7068 -1.8155 -1.3766, 1.7041 -1.8057 -1.378, 1.6634 -1.8212 -1.3766, 1.6634 -1.811 -1.378, 1.62 -1.8155 -1.3766, 1.6226 -1.8057 -1.378, 1.5796 -1.7987 -1.3766, 1.5846 -1.7899 -1.378, 1.5448 -1.7721 -1.3766, 1.552 -1.7649 -1.378, 1.5182 -1.7374 -1.3766, 1.527 -1.7323 -1.378, 1.5014 -1.6969 -1.3766, 1.5113 -1.6943 -1.378, 1.4957 -1.6535 -1.3766, 1.4923 -1.6077 -1.3727, 1.51 -1.565 -1.3727, 1.5381 -1.5283 -1.3727, 1.5748 -1.5001 -1.3727, 1.6175 -1.4824 -1.3727, 1.6634 -1.4764 -1.3727, 1.7092 -1.4824 -1.3727, 1.752 -1.5001 -1.3727, 1.7887 -1.5283 -1.3727, 1.8168 -1.565 -1.3727, 1.8345 -1.6077 -1.3727, 1.8406 -1.6535 -1.3727, 1.8345 -1.6994 -1.3727, 1.8168 -1.7421 -1.3727, 1.7887 -1.7788 -1.3727, 1.752 -1.807 -1.3727, 1.7092 -1.8247 -1.3727, 1.6634 -1.8307 -1.3727, 1.6175 -1.8247 -1.3727, 1.5748 -1.807 -1.3727, 1.5381 -1.7788 -1.3727, 1.51 -1.7421 -1.3727, 1.4923 -1.6994 -1.3727, 1.4862 -1.6535 -1.3727, 1.4844 -1.6056 -1.3664, 1.5029 -1.5609 -1.3664, 1.5323 -1.5225 -1.3664, 1.5707 -1.493 -1.3664, 1.6154 -1.4745 -1.3664, 1.6634 -1.4682 -1.3664, 1.7113 -1.4745 -1.3664, 1.756 -1.493 -1.3664, 1.7944 -1.5225 -1.3664, 1.8239 -1.5609 -1.3664, 1.8424 -1.6056 -1.3664, 1.8487 -1.6535 -1.3664, 1.8424 -1.7015 -1.3664, 1.8239 -1.7462 -1.3664, 1.7944 -1.7846 -1.3664, 1.756 -1.814 -1.3664, 1.7113 -1.8325 -1.3664, 1.6634 -1.8389 -1.3664, 1.6154 -1.8325 -1.3664, 1.5707 -1.814 -1.3664, 1.5323 -1.7846 -1.3664, 1.5029 -1.7462 -1.3664, 1.4844 -1.7015 -1.3664, 1.4781 -1.6535 -1.3664, 1.4783 -1.604 -1.3583, 1.4975 -1.5578 -1.3583, 1.5279 -1.5181 -1.3583, 1.5676 -1.4876 -1.3583, 1.6138 -1.4685 -1.3583, 1.6634 -1.462 -1.3583, 1.713 -1.4685 -1.3583, 1.7592 -1.4876 -1.3583, 1.7989 -1.5181 -1.3583, 1.8293 -1.5578 -1.3583, 1.8484 -1.604 -1.3583, 1.855 -1.6535 -1.3583, 1.8484 -1.7031 -1.3583, 1.8293 -1.7493 -1.3583, 1.7989 -1.789 -1.3583, 1.7592 -1.8194 -1.3583, 1.713 -1.8386 -1.3583, 1.6634 -1.8451 -1.3583, 1.6138 -1.8386 -1.3583, 1.5676 -1.8194 -1.3583, 1.5279 -1.789 -1.3583, 1.4975 -1.7493 -1.3583, 1.4783 -1.7031 -1.3583, 1.4718 -1.6535 -1.3583, 1.4745 -1.6029 -1.3488, 1.4941 -1.5558 -1.3488, 1.5251 -1.5153 -1.3488, 1.5656 -1.4842 -1.3488, 1.6128 -1.4647 -1.3488, 1.6634 -1.458 -1.3488, 1.714 -1.4647 -1.3488, 1.7611 -1.4842 -1.3488, 1.8016 -1.5153 -1.3488, 1.8327 -1.5558 -1.3488, 1.8522 -1.6029 -1.3488, 1.8589 -1.6535 -1.3488, 1.8522 -1.7041 -1.3488, 1.8327 -1.7513 -1.3488, 1.8016 -1.7918 -1.3488, 1.7611 -1.8229 -1.3488, 1.714 -1.8424 -1.3488, 1.6634 -1.849 -1.3488, 1.6128 -1.8424 -1.3488, 1.5656 -1.8229 -1.3488, 1.5251 -1.7918 -1.3488, 1.4941 -1.7513 -1.3488, 1.4745 -1.7041 -1.3488, 1.4679 -1.6535 -1.3488, 1.4732 -1.6026 -1.3386, 1.4929 -1.5551 -1.3386, 1.5242 -1.5143 -1.3386, 1.565 -1.4831 -1.3386, 1.6124 -1.4634 -1.3386, 1.6634 -1.4567 -1.3386, 1.7143 -1.4634 -1.3386, 1.7618 -1.4831 -1.3386, 1.8026 -1.5143 -1.3386, 1.8339 -1.5551 -1.3386, 1.8535 -1.6026 -1.3386, 1.8602 -1.6535 -1.3386, 1.8535 -1.7045 -1.3386, 1.8339 -1.752 -1.3386, 1.8026 -1.7927 -1.3386, 1.7618 -1.824 -1.3386, 1.7143 -1.8437 -1.3386, 1.6634 -1.8504 -1.3386, 1.6124 -1.8437 -1.3386, 1.565 -1.824 -1.3386, 1.5242 -1.7927 -1.3386, 1.4929 -1.752 -1.3386, 1.4732 -1.7045 -1.3386, 1.4665 -1.6535 -1.3386, 0.5059 -0.6535 -1.378, 0.5014 -0.6101 -1.3766, 0.5113 -0.6128 -1.378, 0.5182 -0.5697 -1.3766, 0.527 -0.5748 -1.378, 0.5448 -0.535 -1.3766, 0.552 -0.5422 -1.378, 0.5796 -0.5083 -1.3766, 0.5846 -0.5172 -1.378, 0.62 -0.4916 -1.3766, 0.6226 -0.5014 -1.378, 0.6634 -0.4859 -1.3766, 0.6634 -0.4961 -1.378, 0.7068 -0.4916 -1.3766, 0.7041 -0.5014 -1.378, 0.7472 -0.5083 -1.3766, 0.7421 -0.5172 -1.378, 0.7819 -0.535 -1.3766, 0.7747 -0.5422 -1.378, 0.8086 -0.5697 -1.3766, 0.7998 -0.5748 -1.378, 0.8253 -0.6101 -1.3766, 0.8155 -0.6128 -1.378, 0.8311 -0.6535 -1.3766, 0.8209 -0.6535 -1.378, 0.8253 -0.6969 -1.3766, 0.8155 -0.6943 -1.378, 0.8086 -0.7374 -1.3766, 0.7998 -0.7323 -1.378, 0.7819 -0.7721 -1.3766, 0.7747 -0.7649 -1.378, 0.7472 -0.7987 -1.3766, 0.7421 -0.7899 -1.378, 0.7068 -0.8155 -1.3766, 0.7041 -0.8057 -1.378, 0.6634 -0.8212 -1.3766, 0.6634 -0.811 -1.378, 0.62 -0.8155 -1.3766, 0.6226 -0.8057 -1.378, 0.5796 -0.7987 -1.3766, 0.5846 -0.7899 -1.378, 0.5448 -0.7721 -1.3766, 0.552 -0.7649 -1.378, 0.5182 -0.7374 -1.3766, 0.527 -0.7323 -1.378, 0.5014 -0.6969 -1.3766, 0.5113 -0.6943 -1.378, 0.4957 -0.6535 -1.3766, 0.4923 -0.6077 -1.3727, 0.51 -0.565 -1.3727, 0.5381 -0.5283 -1.3727, 0.5748 -0.5001 -1.3727, 0.6175 -0.4824 -1.3727, 0.6634 -0.4764 -1.3727, 0.7092 -0.4824 -1.3727, 0.752 -0.5001 -1.3727, 0.7887 -0.5283 -1.3727, 0.8168 -0.565 -1.3727, 0.8345 -0.6077 -1.3727, 0.8406 -0.6535 -1.3727, 0.8345 -0.6994 -1.3727, 0.8168 -0.7421 -1.3727, 0.7887 -0.7788 -1.3727, 0.752 -0.807 -1.3727, 0.7092 -0.8247 -1.3727, 0.6634 -0.8307 -1.3727, 0.6175 -0.8247 -1.3727, 0.5748 -0.807 -1.3727, 0.5381 -0.7788 -1.3727, 0.51 -0.7421 -1.3727, 0.4923 -0.6994 -1.3727, 0.4862 -0.6535 -1.3727, 0.4844 -0.6056 -1.3664, 0.5029 -0.5609 -1.3664, 0.5323 -0.5225 -1.3664, 0.5707 -0.493 -1.3664, 0.6154 -0.4745 -1.3664, 0.6634 -0.4682 -1.3664, 0.7113 -0.4745 -1.3664, 0.756 -0.493 -1.3664, 0.7944 -0.5225 -1.3664, 0.8239 -0.5609 -1.3664, 0.8424 -0.6056 -1.3664, 0.8487 -0.6535 -1.3664, 0.8424 -0.7015 -1.3664, 0.8239 -0.7462 -1.3664, 0.7944 -0.7846 -1.3664, 0.756 -0.814 -1.3664, 0.7113 -0.8325 -1.3664, 0.6634 -0.8389 -1.3664, 0.6154 -0.8325 -1.3664, 0.5707 -0.814 -1.3664, 0.5323 -0.7846 -1.3664, 0.5029 -0.7462 -1.3664, 0.4844 -0.7015 -1.3664, 0.4781 -0.6535 -1.3664, 0.4783 -0.604 -1.3583, 0.4975 -0.5578 -1.3583, 0.5279 -0.5181 -1.3583, 0.5676 -0.4876 -1.3583, 0.6138 -0.4685 -1.3583, 0.6634 -0.462 -1.3583, 0.713 -0.4685 -1.3583, 0.7592 -0.4876 -1.3583, 0.7989 -0.5181 -1.3583, 0.8293 -0.5578 -1.3583, 0.8484 -0.604 -1.3583, 0.855 -0.6535 -1.3583, 0.8484 -0.7031 -1.3583, 0.8293 -0.7493 -1.3583, 0.7989 -0.789 -1.3583, 0.7592 -0.8194 -1.3583, 0.713 -0.8386 -1.3583, 0.6634 -0.8451 -1.3583, 0.6138 -0.8386 -1.3583, 0.5676 -0.8194 -1.3583, 0.5279 -0.789 -1.3583, 0.4975 -0.7493 -1.3583, 0.4783 -0.7031 -1.3583, 0.4718 -0.6535 -1.3583, 0.4745 -0.6029 -1.3488, 0.4941 -0.5558 -1.3488, 0.5251 -0.5153 -1.3488, 0.5656 -0.4842 -1.3488, 0.6128 -0.4647 -1.3488, 0.6634 -0.458 -1.3488, 0.714 -0.4647 -1.3488, 0.7611 -0.4842 -1.3488, 0.8016 -0.5153 -1.3488, 0.8327 -0.5558 -1.3488, 0.8522 -0.6029 -1.3488, 0.8589 -0.6535 -1.3488, 0.8522 -0.7041 -1.3488, 0.8327 -0.7513 -1.3488, 0.8016 -0.7918 -1.3488, 0.7611 -0.8229 -1.3488, 0.714 -0.8424 -1.3488, 0.6634 -0.849 -1.3488, 0.6128 -0.8424 -1.3488, 0.5656 -0.8229 -1.3488, 0.5251 -0.7918 -1.3488, 0.4941 -0.7513 -1.3488, 0.4745 -0.7041 -1.3488, 0.4679 -0.6535 -1.3488, 0.4732 -0.6026 -1.3386, 0.4929 -0.5551 -1.3386, 0.5242 -0.5143 -1.3386, 0.565 -0.4831 -1.3386, 0.6124 -0.4634 -1.3386, 0.6634 -0.4567 -1.3386, 0.7143 -0.4634 -1.3386, 0.7618 -0.4831 -1.3386, 0.8026 -0.5143 -1.3386, 0.8339 -0.5551 -1.3386, 0.8535 -0.6026 -1.3386, 0.8602 -0.6535 -1.3386, 0.8535 -0.7045 -1.3386, 0.8339 -0.752 -1.3386, 0.8026 -0.7927 -1.3386, 0.7618 -0.824 -1.3386, 0.7143 -0.8437 -1.3386, 0.6634 -0.8504 -1.3386, 0.6124 -0.8437 -1.3386, 0.565 -0.824 -1.3386, 0.5242 -0.7927 -1.3386, 0.4929 -0.752 -1.3386, 0.4732 -0.7045 -1.3386, 0.4665 -0.6535 -1.3386, 0.5059 -2.6535 -1.378, 0.5014 -2.6101 -1.3766, 0.5113 -2.6128 -1.378, 0.5182 -2.5697 -1.3766, 0.527 -2.5748 -1.378, 0.5448 -2.535 -1.3766, 0.552 -2.5422 -1.378, 0.5796 -2.5083 -1.3766, 0.5846 -2.5172 -1.378, 0.62 -2.4916 -1.3766, 0.6226 -2.5014 -1.378, 0.6634 -2.4859 -1.3766, 0.6634 -2.4961 -1.378, 0.7068 -2.4916 -1.3766, 0.7041 -2.5014 -1.378, 0.7472 -2.5083 -1.3766, 0.7421 -2.5172 -1.378, 0.7819 -2.535 -1.3766, 0.7747 -2.5422 -1.378, 0.8086 -2.5697 -1.3766, 0.7998 -2.5748 -1.378, 0.8253 -2.6101 -1.3766, 0.8155 -2.6128 -1.378, 0.8311 -2.6535 -1.3766, 0.8209 -2.6535 -1.378, 0.8253 -2.6969 -1.3766, 0.8155 -2.6943 -1.378, 0.8086 -2.7374 -1.3766, 0.7998 -2.7323 -1.378, 0.7819 -2.7721 -1.3766, 0.7747 -2.7649 -1.378, 0.7472 -2.7987 -1.3766, 0.7421 -2.7899 -1.378, 0.7068 -2.8155 -1.3766, 0.7041 -2.8057 -1.378, 0.6634 -2.8212 -1.3766, 0.6634 -2.811 -1.378, 0.62 -2.8155 -1.3766, 0.6226 -2.8057 -1.378, 0.5796 -2.7987 -1.3766, 0.5846 -2.7899 -1.378, 0.5448 -2.7721 -1.3766, 0.552 -2.7649 -1.378, 0.5182 -2.7374 -1.3766, 0.527 -2.7323 -1.378, 0.5014 -2.6969 -1.3766, 0.5113 -2.6943 -1.378, 0.4957 -2.6535 -1.3766, 0.4923 -2.6077 -1.3727, 0.51 -2.565 -1.3727, 0.5381 -2.5283 -1.3727, 0.5748 -2.5001 -1.3727, 0.6175 -2.4824 -1.3727, 0.6634 -2.4764 -1.3727, 0.7092 -2.4824 -1.3727, 0.752 -2.5001 -1.3727, 0.7887 -2.5283 -1.3727, 0.8168 -2.565 -1.3727, 0.8345 -2.6077 -1.3727, 0.8406 -2.6535 -1.3727, 0.8345 -2.6994 -1.3727, 0.8168 -2.7421 -1.3727, 0.7887 -2.7788 -1.3727, 0.752 -2.807 -1.3727, 0.7092 -2.8247 -1.3727, 0.6634 -2.8307 -1.3727, 0.6175 -2.8247 -1.3727, 0.5748 -2.807 -1.3727, 0.5381 -2.7788 -1.3727, 0.51 -2.7421 -1.3727, 0.4923 -2.6994 -1.3727, 0.4862 -2.6535 -1.3727, 0.4844 -2.6056 -1.3664, 0.5029 -2.5609 -1.3664, 0.5323 -2.5225 -1.3664, 0.5707 -2.493 -1.3664, 0.6154 -2.4745 -1.3664, 0.6634 -2.4682 -1.3664, 0.7113 -2.4745 -1.3664, 0.756 -2.493 -1.3664, 0.7944 -2.5225 -1.3664, 0.8239 -2.5609 -1.3664, 0.8424 -2.6056 -1.3664, 0.8487 -2.6535 -1.3664, 0.8424 -2.7015 -1.3664, 0.8239 -2.7462 -1.3664, 0.7944 -2.7846 -1.3664, 0.756 -2.814 -1.3664, 0.7113 -2.8325 -1.3664, 0.6634 -2.8389 -1.3664, 0.6154 -2.8325 -1.3664, 0.5707 -2.814 -1.3664, 0.5323 -2.7846 -1.3664, 0.5029 -2.7462 -1.3664, 0.4844 -2.7015 -1.3664, 0.4781 -2.6535 -1.3664, 0.4783 -2.604 -1.3583, 0.4975 -2.5578 -1.3583, 0.5279 -2.5181 -1.3583, 0.5676 -2.4876 -1.3583, 0.6138 -2.4685 -1.3583, 0.6634 -2.462 -1.3583, 0.713 -2.4685 -1.3583, 0.7592 -2.4876 -1.3583, 0.7989 -2.5181 -1.3583, 0.8293 -2.5578 -1.3583, 0.8484 -2.604 -1.3583, 0.855 -2.6535 -1.3583, 0.8484 -2.7031 -1.3583, 0.8293 -2.7493 -1.3583, 0.7989 -2.789 -1.3583, 0.7592 -2.8194 -1.3583, 0.713 -2.8386 -1.3583, 0.6634 -2.8451 -1.3583, 0.6138 -2.8386 -1.3583, 0.5676 -2.8194 -1.3583, 0.5279 -2.789 -1.3583, 0.4975 -2.7493 -1.3583, 0.4783 -2.7031 -1.3583, 0.4718 -2.6535 -1.3583, 0.4745 -2.6029 -1.3488, 0.4941 -2.5558 -1.3488, 0.5251 -2.5153 -1.3488, 0.5656 -2.4842 -1.3488, 0.6128 -2.4647 -1.3488, 0.6634 -2.458 -1.3488, 0.714 -2.4647 -1.3488, 0.7611 -2.4842 -1.3488, 0.8016 -2.5153 -1.3488, 0.8327 -2.5558 -1.3488, 0.8522 -2.6029 -1.3488, 0.8589 -2.6535 -1.3488, 0.8522 -2.7041 -1.3488, 0.8327 -2.7513 -1.3488, 0.8016 -2.7918 -1.3488, 0.7611 -2.8229 -1.3488, 0.714 -2.8424 -1.3488, 0.6634 -2.849 -1.3488, 0.6128 -2.8424 -1.3488, 0.5656 -2.8229 -1.3488, 0.5251 -2.7918 -1.3488, 0.4941 -2.7513 -1.3488, 0.4745 -2.7041 -1.3488, 0.4679 -2.6535 -1.3488, 0.4732 -2.6026 -1.3386, 0.4929 -2.5551 -1.3386, 0.5242 -2.5143 -1.3386, 0.565 -2.4831 -1.3386, 0.6124 -2.4634 -1.3386, 0.6634 -2.4567 -1.3386, 0.7143 -2.4634 -1.3386, 0.7618 -2.4831 -1.3386, 0.8026 -2.5143 -1.3386, 0.8339 -2.5551 -1.3386, 0.8535 -2.6026 -1.3386, 0.8602 -2.6535 -1.3386, 0.8535 -2.7045 -1.3386, 0.8339 -2.752 -1.3386, 0.8026 -2.7927 -1.3386, 0.7618 -2.824 -1.3386, 0.7143 -2.8437 -1.3386, 0.6634 -2.8504 -1.3386, 0.6124 -2.8437 -1.3386, 0.565 -2.824 -1.3386, 0.5242 -2.7927 -1.3386, 0.4929 -2.752 -1.3386, 0.4732 -2.7045 -1.3386, 0.4665 -2.6535 -1.3386
            ]
        }
        coordIndex [
            0,1,2,-1,2,1,3,-1,2,3,4,-1,4,3,5,-1,4,5,6,-1,6,5,7,-1,6,7,8,-1,8,7,9,-1,8,9,10,-1,10,9,11,-1,10,11,12,-1,12,11,13,-1,12,13,14,-1,14,13,15,-1,14,15,16,-1,16,15,17,-1,16,17,18,-1,18,17,19,-1,18,19,20,-1,20,19,21,-1,20,21,22,-1,22,21,23,-1,22,23,24,-1,24,23,25,-1,24,25,26,-1,26,25,27,-1,26,27,28,-1,28,27,29,-1,28,29,30,-1,30,29,31,-1,30,31,32,-1,32,31,33,-1,32,33,34,-1,34,33,35,-1,34,35,36,-1,36,35,37,-1,36,37,38,-1,38,37,39,-1,38,39,40,-1,40,39,41,-1,40,41,42,-1,42,41,43,-1,42,43,44,-1,44,43,45,-1,44,45,46,-1,46,45,47,-1,46,47,48,-1,48,47,49,-1,48,49,50,-1,50,49,51,-1,50,51,52,-1,52,51,53,-1,52,53,54,-1,54,53,55,-1,54,55,56,-1,56,55,57,-1,56,57,58,-1,58,57,59,-1,58,59,60,-1,60,59,0,-1,60,0,2,-1,33,61,35,-1,35,61,62,-1,35,62,37,-1,37,62,63,-1,37,63,39,-1,39,63,64,-1,39,64,41,-1,41,64,65,-1,41,65,43,-1,43,65,66,-1,43,66,45,-1,45,66,67,-1,45,67,47,-1,47,67,68,-1,47,68,49,-1,49,68,69,-1,49,69,51,-1,51,69,70,-1,51,70,53,-1,53,70,71,-1,53,71,55,-1,55,71,72,-1,55,72,57,-1,57,72,73,-1,57,73,59,-1,59,73,74,-1,59,74,0,-1,0,74,75,-1,0,75,1,-1,1,75,76,-1,1,76,3,-1,3,76,77,-1,3,77,5,-1,5,77,78,-1,5,78,7,-1,7,78,79,-1,7,79,9,-1,9,79,80,-1,9,80,11,-1,11,80,81,-1,11,81,13,-1,13,81,82,-1,13,82,15,-1,15,82,83,-1,15,83,17,-1,17,83,84,-1,17,84,19,-1,19,84,85,-1,19,85,21,-1,21,85,86,-1,21,86,23,-1,23,86,87,-1,23,87,25,-1,25,87,88,-1,25,88,27,-1,27,88,89,-1,27,89,29,-1,29,89,90,-1,29,90,31,-1,31,90,91,-1,31,91,33,-1,33,91,61,-1,92,93,77,-1,77,93,94,-1,77,94,78,-1,78,94,95,-1,78,95,79,-1,79,95,96,-1,79,96,80,-1,80,96,97,-1,80,97,81,-1,81,97,98,-1,81,98,82,-1,82,98,99,-1,82,99,83,-1,83,99,100,-1,83,100,84,-1,84,100,101,-1,84,101,85,-1,85,101,102,-1,85,102,86,-1,86,102,103,-1,86,103,87,-1,87,103,104,-1,87,104,88,-1,88,104,105,-1,88,105,89,-1,89,105,106,-1,89,106,90,-1,90,106,107,-1,90,107,91,-1,91,107,108,-1,91,108,61,-1,61,108,109,-1,61,109,62,-1,62,109,110,-1,62,110,63,-1,63,110,111,-1,63,111,64,-1,64,111,112,-1,64,112,65,-1,65,112,113,-1,65,113,66,-1,66,113,114,-1,66,114,67,-1,67,114,115,-1,67,115,68,-1,68,115,116,-1,68,116,69,-1,69,116,117,-1,69,117,70,-1,70,117,118,-1,70,118,71,-1,71,118,119,-1,71,119,72,-1,72,119,120,-1,72,120,73,-1,73,120,121,-1,73,121,74,-1,74,121,122,-1,74,122,75,-1,75,122,123,-1,75,123,76,-1,76,123,92,-1,76,92,77,-1,124,92,125,-1,125,92,123,-1,125,123,126,-1,126,123,122,-1,126,122,127,-1,127,122,121,-1,127,121,128,-1,128,121,120,-1,128,120,129,-1,129,120,119,-1,129,119,130,-1,130,119,118,-1,130,118,131,-1,131,118,117,-1,131,117,132,-1,132,117,116,-1,132,116,133,-1,133,116,115,-1,133,115,134,-1,134,115,114,-1,134,114,135,-1,135,114,113,-1,135,113,136,-1,136,113,112,-1,136,112,137,-1,137,112,111,-1,137,111,138,-1,138,111,110,-1,138,110,139,-1,139,110,109,-1,139,109,140,-1,140,109,108,-1,140,108,141,-1,141,108,107,-1,141,107,142,-1,142,107,106,-1,142,106,143,-1,143,106,105,-1,143,105,144,-1,144,105,104,-1,144,104,145,-1,145,104,103,-1,145,103,146,-1,146,103,102,-1,146,102,147,-1,147,102,101,-1,147,101,148,-1,148,101,100,-1,148,100,149,-1,149,100,99,-1,149,99,150,-1,150,99,98,-1,150,98,151,-1,151,98,97,-1,151,97,152,-1,152,97,96,-1,152,96,153,-1,153,96,95,-1,153,95,154,-1,154,95,94,-1,154,94,155,-1,155,94,93,-1,155,93,124,-1,124,93,92,-1,140,141,156,-1,157,158,142,-1,142,158,159,-1,142,159,141,-1,141,159,160,-1,141,160,156,-1,157,142,161,-1,161,142,143,-1,161,143,162,-1,162,143,163,-1,163,143,144,-1,163,144,164,-1,154,165,153,-1,153,165,166,-1,153,166,152,-1,152,166,167,-1,152,167,151,-1,151,167,168,-1,151,168,150,-1,150,168,169,-1,150,169,149,-1,149,169,170,-1,149,170,148,-1,148,170,171,-1,148,171,147,-1,147,171,172,-1,147,172,146,-1,146,172,173,-1,146,173,145,-1,145,173,174,-1,145,174,144,-1,144,174,175,-1,144,175,164,-1,133,176,132,-1,132,176,177,-1,132,177,131,-1,131,177,178,-1,131,178,130,-1,130,178,179,-1,130,179,129,-1,129,179,180,-1,129,180,128,-1,128,180,181,-1,128,181,127,-1,127,181,182,-1,127,182,126,-1,126,182,183,-1,126,183,125,-1,125,183,184,-1,125,184,124,-1,124,184,185,-1,124,185,155,-1,155,185,186,-1,155,186,154,-1,154,186,187,-1,154,187,165,-1,156,188,140,-1,140,188,189,-1,140,189,139,-1,139,189,190,-1,139,190,138,-1,138,190,191,-1,138,191,137,-1,137,191,192,-1,137,192,136,-1,136,192,193,-1,136,193,135,-1,135,193,194,-1,135,194,134,-1,134,194,195,-1,134,195,133,-1,133,195,196,-1,133,196,176,-1,197,198,188,-1,199,200,201,-1,202,203,204,-1,205,206,207,-1,208,209,210,-1,211,212,213,-1,214,215,216,-1,217,218,219,-1,220,221,222,-1,223,224,225,-1,226,227,228,-1,229,230,231,-1,232,233,221,-1,234,235,236,-1,237,238,239,-1,239,238,240,-1,239,240,241,-1,241,240,242,-1,241,242,243,-1,244,245,246,-1,246,245,247,-1,246,247,248,-1,248,247,249,-1,248,249,239,-1,239,249,250,-1,239,250,237,-1,251,252,253,-1,253,252,254,-1,253,254,246,-1,246,254,255,-1,246,255,244,-1,251,253,256,-1,256,253,257,-1,256,257,258,-1,259,260,261,-1,261,260,262,-1,261,262,257,-1,257,262,263,-1,257,263,258,-1,236,235,261,-1,261,235,264,-1,261,264,259,-1,265,266,267,-1,267,266,268,-1,267,268,236,-1,236,268,269,-1,236,269,234,-1,270,271,272,-1,273,274,275,-1,275,274,276,-1,275,276,267,-1,267,276,277,-1,267,277,265,-1,278,279,280,-1,281,282,283,-1,283,282,284,-1,283,284,270,-1,270,284,285,-1,270,285,271,-1,286,287,288,-1,288,287,289,-1,288,289,278,-1,278,289,290,-1,278,290,279,-1,291,292,293,-1,293,292,294,-1,221,233,293,-1,293,233,295,-1,293,295,291,-1,232,221,296,-1,296,221,220,-1,296,220,297,-1,230,298,231,-1,231,298,299,-1,231,299,220,-1,220,299,300,-1,220,300,297,-1,301,302,303,-1,303,302,304,-1,303,304,229,-1,301,303,305,-1,305,303,306,-1,305,306,307,-1,308,309,310,-1,310,309,311,-1,310,311,306,-1,306,311,312,-1,306,312,307,-1,308,310,313,-1,313,310,314,-1,313,314,315,-1,316,317,314,-1,314,317,318,-1,314,318,315,-1,314,319,320,-1,314,320,316,-1,316,320,321,-1,316,321,322,-1,322,321,323,-1,323,321,324,-1,323,324,325,-1,325,324,326,-1,326,324,327,-1,326,327,328,-1,328,327,329,-1,329,327,330,-1,329,330,331,-1,331,330,332,-1,331,332,333,-1,333,332,334,-1,334,332,335,-1,334,335,336,-1,336,335,337,-1,337,335,338,-1,337,338,339,-1,339,338,340,-1,340,338,341,-1,340,341,342,-1,342,341,343,-1,342,343,344,-1,345,346,347,-1,347,346,348,-1,347,348,343,-1,343,348,349,-1,343,349,344,-1,228,350,226,-1,226,350,351,-1,226,351,352,-1,352,351,353,-1,352,353,354,-1,354,353,355,-1,354,355,345,-1,345,355,356,-1,345,356,346,-1,357,358,227,-1,227,358,359,-1,227,359,228,-1,227,360,357,-1,357,360,361,-1,357,361,362,-1,363,364,365,-1,365,366,363,-1,363,366,367,-1,363,367,368,-1,368,367,369,-1,368,369,361,-1,361,369,370,-1,361,370,362,-1,371,372,373,-1,373,372,374,-1,373,374,364,-1,364,374,375,-1,364,375,365,-1,376,377,371,-1,371,377,378,-1,371,378,372,-1,379,380,381,-1,381,380,382,-1,381,382,383,-1,383,382,384,-1,383,384,376,-1,376,384,385,-1,376,385,377,-1,379,381,386,-1,386,381,387,-1,386,387,388,-1,388,387,389,-1,388,389,390,-1,390,389,391,-1,390,391,392,-1,393,394,395,-1,395,394,396,-1,395,396,397,-1,397,396,398,-1,397,398,391,-1,391,398,399,-1,391,399,392,-1,400,401,393,-1,393,401,402,-1,393,402,394,-1,403,404,405,-1,405,404,406,-1,405,406,400,-1,400,406,407,-1,400,407,401,-1,408,409,410,-1,408,410,411,-1,411,410,412,-1,411,412,403,-1,403,412,413,-1,403,413,404,-1,414,415,416,-1,416,415,417,-1,416,417,408,-1,408,417,418,-1,408,418,409,-1,419,420,421,-1,421,420,422,-1,421,422,414,-1,414,422,423,-1,414,423,415,-1,223,424,224,-1,224,424,425,-1,224,425,426,-1,426,425,419,-1,426,419,427,-1,427,419,421,-1,198,197,428,-1,428,197,429,-1,428,429,430,-1,431,432,433,-1,433,432,434,-1,433,434,435,-1,436,437,438,-1,436,438,433,-1,433,438,439,-1,433,439,431,-1,440,441,442,-1,442,441,436,-1,436,441,443,-1,436,443,437,-1,444,445,446,-1,446,445,447,-1,446,447,442,-1,442,447,448,-1,442,448,440,-1,449,450,451,-1,449,451,446,-1,446,451,452,-1,446,452,444,-1,453,454,455,-1,455,454,456,-1,455,456,449,-1,449,456,457,-1,449,457,450,-1,319,314,458,-1,458,314,310,-1,458,310,459,-1,459,310,460,-1,460,310,306,-1,460,306,461,-1,461,306,462,-1,462,306,303,-1,462,303,463,-1,229,231,303,-1,303,231,464,-1,303,464,463,-1,222,465,220,-1,220,465,466,-1,220,466,231,-1,231,466,467,-1,231,467,464,-1,468,293,288,-1,288,293,294,-1,288,294,286,-1,468,469,293,-1,293,469,470,-1,293,470,221,-1,221,470,471,-1,221,471,222,-1,472,278,283,-1,283,278,280,-1,283,280,281,-1,472,473,278,-1,278,473,474,-1,278,474,288,-1,288,474,475,-1,288,475,468,-1,476,477,275,-1,275,477,270,-1,275,270,273,-1,273,270,272,-1,477,478,270,-1,270,478,479,-1,270,479,283,-1,283,479,480,-1,283,480,472,-1,476,275,481,-1,481,275,267,-1,481,267,482,-1,482,267,236,-1,482,236,483,-1,483,236,484,-1,484,236,261,-1,484,261,485,-1,485,261,486,-1,486,261,257,-1,486,257,487,-1,487,257,488,-1,488,257,253,-1,488,253,489,-1,489,253,490,-1,490,253,246,-1,490,246,491,-1,491,246,492,-1,492,246,248,-1,492,248,493,-1,493,248,494,-1,494,248,239,-1,494,239,495,-1,495,239,496,-1,496,239,241,-1,496,241,497,-1,498,499,500,-1,500,499,501,-1,502,503,504,-1,504,505,502,-1,502,505,506,-1,502,506,498,-1,498,506,507,-1,498,507,499,-1,508,509,510,-1,510,509,511,-1,510,511,503,-1,503,511,512,-1,503,512,504,-1,513,514,515,-1,515,514,516,-1,515,516,517,-1,517,516,518,-1,519,520,518,-1,518,520,521,-1,518,521,517,-1,522,523,519,-1,519,523,524,-1,519,524,520,-1,525,526,522,-1,522,526,527,-1,522,527,523,-1,528,529,530,-1,530,529,531,-1,530,531,525,-1,525,531,532,-1,525,532,526,-1,533,534,535,-1,535,534,536,-1,537,538,539,-1,539,538,540,-1,539,540,541,-1,541,540,542,-1,541,542,536,-1,536,542,543,-1,536,543,535,-1,544,545,546,-1,547,548,549,-1,549,548,544,-1,549,544,550,-1,550,544,546,-1,551,552,553,-1,553,554,551,-1,551,554,555,-1,551,555,545,-1,545,555,556,-1,545,556,546,-1,219,218,557,-1,218,558,557,-1,557,558,559,-1,557,559,552,-1,552,559,560,-1,552,560,553,-1,561,562,563,-1,563,562,564,-1,565,566,564,-1,564,566,567,-1,564,567,563,-1,568,569,570,-1,570,569,571,-1,570,571,565,-1,565,571,572,-1,565,572,566,-1,573,574,575,-1,575,574,576,-1,216,577,214,-1,214,577,578,-1,214,578,576,-1,576,578,579,-1,576,579,575,-1,580,581,582,-1,582,583,580,-1,580,583,584,-1,580,584,215,-1,215,584,585,-1,215,585,216,-1,586,587,588,-1,588,587,589,-1,588,589,581,-1,581,589,590,-1,581,590,582,-1,591,592,593,-1,594,595,596,-1,596,595,591,-1,596,591,597,-1,597,591,593,-1,598,599,600,-1,600,599,601,-1,600,601,592,-1,592,601,602,-1,592,602,593,-1,603,604,598,-1,598,604,605,-1,598,605,599,-1,606,607,603,-1,603,607,608,-1,603,608,604,-1,609,610,606,-1,606,610,611,-1,606,611,607,-1,612,613,609,-1,609,613,614,-1,609,614,610,-1,615,616,612,-1,612,616,617,-1,612,617,613,-1,618,619,620,-1,620,619,621,-1,620,621,615,-1,615,621,622,-1,615,622,616,-1,623,624,625,-1,625,626,623,-1,623,626,627,-1,623,627,212,-1,212,627,628,-1,212,628,213,-1,629,630,631,-1,631,632,629,-1,629,632,633,-1,629,633,624,-1,624,633,634,-1,624,634,625,-1,635,636,637,-1,637,636,638,-1,637,638,630,-1,630,638,639,-1,630,639,631,-1,640,641,642,-1,642,641,643,-1,642,643,644,-1,644,643,645,-1,646,647,648,-1,648,647,649,-1,648,649,645,-1,645,649,650,-1,645,650,644,-1,651,652,653,-1,653,652,654,-1,655,656,654,-1,654,656,657,-1,654,657,653,-1,658,659,655,-1,655,659,660,-1,655,660,656,-1,210,661,208,-1,208,661,662,-1,208,662,658,-1,658,662,663,-1,658,663,659,-1,664,665,666,-1,666,665,667,-1,666,667,209,-1,209,667,668,-1,209,668,210,-1,669,670,671,-1,672,673,674,-1,674,673,669,-1,674,669,675,-1,675,669,671,-1,676,677,678,-1,678,677,679,-1,678,679,670,-1,670,679,680,-1,670,680,671,-1,681,682,683,-1,683,682,684,-1,683,684,685,-1,685,684,686,-1,687,688,686,-1,686,688,689,-1,686,689,685,-1,690,691,687,-1,687,691,692,-1,687,692,688,-1,693,694,690,-1,690,694,695,-1,690,695,691,-1,696,697,698,-1,698,697,699,-1,698,699,693,-1,693,699,700,-1,693,700,694,-1,701,702,703,-1,703,702,704,-1,705,706,707,-1,707,708,705,-1,705,708,709,-1,705,709,710,-1,710,709,711,-1,710,711,704,-1,704,711,712,-1,704,712,703,-1,713,714,715,-1,715,716,713,-1,713,716,717,-1,713,717,706,-1,706,717,718,-1,706,718,707,-1,719,720,721,-1,721,722,719,-1,719,722,723,-1,719,723,714,-1,714,723,724,-1,714,724,715,-1,725,726,727,-1,727,726,728,-1,727,728,729,-1,729,728,730,-1,729,730,720,-1,720,730,731,-1,720,731,721,-1,732,733,734,-1,734,733,735,-1,736,737,735,-1,735,737,738,-1,735,738,734,-1,739,740,736,-1,736,740,741,-1,736,741,737,-1,742,743,739,-1,739,743,744,-1,739,744,740,-1,745,746,742,-1,742,746,747,-1,742,747,743,-1,748,749,750,-1,750,749,751,-1,750,751,745,-1,745,751,752,-1,745,752,746,-1,753,754,755,-1,756,757,758,-1,758,757,753,-1,758,753,759,-1,759,753,755,-1,760,761,762,-1,762,761,763,-1,762,763,754,-1,754,763,764,-1,754,764,755,-1,765,766,767,-1,768,769,770,-1,770,769,765,-1,770,765,771,-1,771,765,767,-1,772,773,774,-1,774,773,775,-1,774,775,766,-1,766,775,776,-1,766,776,767,-1,777,778,772,-1,772,778,779,-1,772,779,773,-1,780,781,782,-1,782,781,783,-1,782,783,777,-1,777,783,784,-1,777,784,778,-1,785,786,787,-1,787,786,788,-1,789,790,788,-1,788,790,791,-1,788,791,787,-1,792,793,794,-1,794,793,795,-1,794,795,789,-1,789,795,796,-1,789,796,790,-1,797,798,799,-1,799,800,797,-1,797,800,801,-1,797,801,206,-1,206,801,802,-1,206,802,207,-1,803,804,805,-1,805,804,806,-1,805,806,798,-1,798,806,807,-1,798,807,799,-1,808,809,810,-1,810,809,811,-1,810,811,812,-1,812,811,813,-1,814,815,816,-1,814,816,817,-1,815,814,818,-1,818,814,819,-1,818,819,820,-1,820,819,821,-1,821,819,822,-1,821,822,823,-1,823,822,824,-1,824,822,825,-1,824,825,826,-1,826,825,827,-1,827,825,828,-1,827,828,829,-1,829,828,830,-1,830,828,831,-1,830,831,832,-1,832,831,833,-1,833,831,834,-1,833,834,835,-1,835,834,836,-1,836,834,837,-1,836,837,838,-1,839,840,841,-1,841,840,842,-1,841,842,843,-1,843,842,844,-1,845,846,847,-1,848,849,850,-1,850,849,845,-1,850,845,851,-1,851,845,847,-1,852,853,854,-1,854,855,852,-1,852,855,856,-1,852,856,846,-1,846,856,857,-1,846,857,847,-1,858,859,860,-1,860,859,861,-1,860,861,862,-1,862,861,863,-1,862,863,853,-1,853,863,864,-1,853,864,854,-1,865,866,867,-1,867,866,868,-1,869,870,868,-1,868,870,871,-1,868,871,867,-1,872,873,874,-1,874,873,875,-1,874,875,869,-1,869,875,876,-1,869,876,870,-1,877,878,879,-1,879,878,880,-1,881,882,883,-1,883,884,881,-1,881,884,885,-1,881,885,880,-1,880,885,886,-1,880,886,879,-1,887,888,889,-1,889,890,887,-1,887,890,891,-1,887,891,882,-1,882,891,892,-1,882,892,883,-1,893,894,895,-1,895,894,896,-1,895,896,888,-1,888,896,897,-1,888,897,889,-1,898,899,900,-1,900,899,901,-1,902,903,904,-1,904,903,905,-1,904,905,906,-1,906,905,907,-1,906,907,898,-1,898,907,908,-1,898,908,899,-1,909,910,911,-1,911,910,912,-1,913,914,915,-1,915,914,916,-1,915,916,912,-1,912,916,917,-1,912,917,911,-1,918,919,920,-1,920,919,921,-1,920,921,922,-1,922,921,923,-1,923,921,924,-1,923,924,925,-1,925,924,926,-1,926,924,927,-1,926,927,928,-1,929,930,931,-1,932,933,934,-1,934,933,929,-1,934,929,935,-1,935,929,931,-1,936,937,938,-1,938,939,936,-1,936,939,940,-1,936,940,930,-1,930,940,941,-1,930,941,931,-1,942,943,944,-1,944,945,942,-1,942,945,946,-1,942,946,937,-1,937,946,947,-1,937,947,938,-1,948,949,950,-1,950,949,951,-1,950,951,952,-1,952,951,953,-1,952,953,943,-1,943,953,954,-1,943,954,944,-1,955,956,957,-1,957,956,958,-1,957,958,959,-1,959,958,960,-1,961,962,963,-1,963,962,964,-1,965,966,964,-1,964,966,967,-1,964,967,963,-1,968,969,965,-1,965,969,970,-1,965,970,966,-1,971,972,973,-1,973,974,971,-1,971,974,975,-1,971,975,968,-1,968,975,976,-1,968,976,969,-1,977,978,979,-1,979,978,980,-1,979,980,972,-1,972,980,981,-1,972,981,973,-1,982,983,984,-1,985,986,987,-1,987,986,982,-1,987,982,988,-1,988,982,984,-1,989,990,991,-1,991,990,992,-1,991,992,983,-1,983,992,993,-1,983,993,984,-1,994,995,996,-1,997,998,995,-1,995,998,999,-1,995,999,996,-1,1000,1001,997,-1,997,1001,1002,-1,997,1002,998,-1,1003,1004,1000,-1,1000,1004,1005,-1,1000,1005,1001,-1,1006,1007,1003,-1,1003,1007,1008,-1,1003,1008,1004,-1,1009,1010,1011,-1,1011,1010,1012,-1,1011,1012,1006,-1,1006,1012,1013,-1,1006,1013,1007,-1,1014,1015,1016,-1,1016,1015,1017,-1,1016,1017,1018,-1,1018,1017,1019,-1,1020,1021,1022,-1,1022,1021,1023,-1,1022,1023,1014,-1,1014,1023,1024,-1,1014,1024,1015,-1,1025,1026,1027,-1,1027,1026,1028,-1,1029,1030,1031,-1,1031,1030,1032,-1,1031,1032,1025,-1,1025,1032,1033,-1,1025,1033,1026,-1,1034,1035,1036,-1,1036,1035,1037,-1,1036,1037,1038,-1,1038,1037,1039,-1,1040,1041,1042,-1,1042,1041,1043,-1,1042,1043,1039,-1,1039,1043,1044,-1,1039,1044,1038,-1,1045,1046,1047,-1,1047,1046,1048,-1,1049,1050,1048,-1,1048,1050,1051,-1,1048,1051,1047,-1,1052,1053,1049,-1,1049,1053,1054,-1,1049,1054,1050,-1,1055,1056,1052,-1,1052,1056,1057,-1,1052,1057,1053,-1,1058,1059,1055,-1,1055,1059,1060,-1,1055,1060,1056,-1,1061,1062,1063,-1,1063,1064,1061,-1,1061,1064,1065,-1,1061,1065,1058,-1,1058,1065,1066,-1,1058,1066,1059,-1,1067,1068,1069,-1,1069,1068,1070,-1,1069,1070,1062,-1,1062,1070,1071,-1,1062,1071,1063,-1,1072,1073,1074,-1,1074,1073,1075,-1,1074,1075,1076,-1,1076,1075,1077,-1,1078,1079,1080,-1,1080,1079,1081,-1,1082,1083,1084,-1,1084,1083,1085,-1,1084,1085,1078,-1,1078,1085,1086,-1,1078,1086,1079,-1,1087,1088,1082,-1,1082,1088,1089,-1,1082,1089,1083,-1,1090,1091,1087,-1,1087,1091,1092,-1,1087,1092,1088,-1,1093,1094,1095,-1,1095,1094,1096,-1,1095,1096,1090,-1,1090,1096,1097,-1,1090,1097,1091,-1,1098,1099,1100,-1,1100,1099,1101,-1,1102,1103,1101,-1,1101,1103,1104,-1,1101,1104,1100,-1,1105,1106,1107,-1,1107,1106,1108,-1,1107,1108,1102,-1,1102,1108,1109,-1,1102,1109,1103,-1,1110,1111,1112,-1,1113,1114,1115,-1,1115,1114,1110,-1,1115,1110,1116,-1,1116,1110,1112,-1,1117,1118,1119,-1,1119,1120,1117,-1,1117,1120,1121,-1,1117,1121,1111,-1,1111,1121,1122,-1,1111,1122,1112,-1,204,203,1123,-1,203,1124,1123,-1,1123,1124,1125,-1,1123,1125,1118,-1,1118,1125,1126,-1,1118,1126,1119,-1,1127,1128,1129,-1,1129,1128,1130,-1,1131,1132,1130,-1,1130,1132,1133,-1,1130,1133,1129,-1,1134,1135,1136,-1,1136,1135,1137,-1,1136,1137,1131,-1,1131,1137,1138,-1,1131,1138,1132,-1,1139,1140,1141,-1,1141,1140,1142,-1,1143,1144,1145,-1,1145,1144,1146,-1,1145,1146,1142,-1,1142,1146,1147,-1,1142,1147,1141,-1,1148,1149,200,-1,200,1149,1150,-1,200,1150,201,-1,1151,1152,1153,-1,1153,1152,1154,-1,1153,1154,1148,-1,1148,1154,1155,-1,1148,1155,1149,-1,1156,1157,1158,-1,1158,1157,1159,-1,1160,1161,1162,-1,1162,1163,1160,-1,1160,1163,1164,-1,1160,1164,1156,-1,1156,1164,1165,-1,1156,1165,1157,-1,1166,1167,1168,-1,1168,1167,1169,-1,1168,1169,1161,-1,1161,1169,1170,-1,1161,1170,1162,-1,1171,1172,1173,-1,1173,1172,1174,-1,1173,1174,1166,-1,1166,1174,1175,-1,1166,1175,1167,-1,1176,1177,1178,-1,1178,1177,1179,-1,1180,1181,1179,-1,1179,1181,1182,-1,1179,1182,1178,-1,1183,1184,1185,-1,1185,1184,1186,-1,1185,1186,1180,-1,1180,1186,1187,-1,1180,1187,1181,-1,1188,1189,1190,-1,1190,1189,1191,-1,1192,1193,1194,-1,1194,1195,1192,-1,1192,1195,1196,-1,1192,1196,1188,-1,1188,1196,1197,-1,1188,1197,1189,-1,1198,1199,1200,-1,1200,1201,1198,-1,1198,1201,1202,-1,1198,1202,1193,-1,1193,1202,1203,-1,1193,1203,1194,-1,1204,1205,1206,-1,1206,1205,1207,-1,1206,1207,1199,-1,1199,1207,1208,-1,1199,1208,1200,-1,1209,1210,1211,-1,1211,1210,1212,-1,1211,1212,1213,-1,1213,1212,455,-1,1213,455,1214,-1,1214,455,1215,-1,1215,455,449,-1,1215,449,1216,-1,1216,449,1217,-1,1217,449,446,-1,1217,446,1218,-1,1218,446,1219,-1,1219,446,442,-1,1219,442,1220,-1,1220,442,1221,-1,1221,442,436,-1,1221,436,1222,-1,1222,436,1223,-1,1223,436,433,-1,1223,433,1224,-1,1224,433,1225,-1,1225,433,435,-1,1225,435,429,-1,429,435,1226,-1,429,1226,430,-1,243,1227,241,-1,241,1227,500,-1,241,500,497,-1,497,500,501,-1,1227,1228,500,-1,500,1228,1229,-1,500,1229,498,-1,498,1229,1230,-1,498,1230,502,-1,502,1230,1231,-1,1232,510,1233,-1,1233,510,503,-1,1233,503,1234,-1,1234,503,502,-1,1234,502,1235,-1,1235,502,1231,-1,1232,1236,510,-1,510,1236,514,-1,510,514,508,-1,508,514,513,-1,1236,1237,514,-1,514,1237,1238,-1,514,1238,516,-1,516,1238,1239,-1,516,1239,518,-1,1239,1240,518,-1,518,1240,1241,-1,518,1241,519,-1,519,1241,1242,-1,519,1242,522,-1,522,1242,1243,-1,1244,530,1245,-1,1245,530,525,-1,1245,525,1246,-1,1246,525,522,-1,1246,522,1247,-1,1247,522,1243,-1,1244,1248,530,-1,530,1248,534,-1,530,534,528,-1,528,534,533,-1,1248,1249,534,-1,534,1249,1250,-1,534,1250,536,-1,536,1250,1251,-1,536,1251,541,-1,1252,539,1253,-1,1253,539,541,-1,1253,541,1254,-1,1254,541,1251,-1,1252,1255,539,-1,539,1255,548,-1,539,548,537,-1,537,548,547,-1,1255,1256,548,-1,548,1256,1257,-1,548,1257,544,-1,544,1257,1258,-1,544,1258,545,-1,1258,1259,545,-1,545,1259,1260,-1,545,1260,551,-1,551,1260,1261,-1,551,1261,552,-1,552,1261,1262,-1,1263,219,1264,-1,1264,219,557,-1,1264,557,1265,-1,1265,557,552,-1,1265,552,1266,-1,1266,552,1262,-1,1263,1267,219,-1,219,1267,562,-1,219,562,217,-1,217,562,561,-1,1267,1268,562,-1,562,1268,1269,-1,562,1269,564,-1,564,1269,1270,-1,564,1270,565,-1,1271,570,1272,-1,1272,570,565,-1,1272,565,1273,-1,1273,565,1270,-1,1271,1274,570,-1,570,1274,574,-1,570,574,568,-1,568,574,573,-1,1274,1275,574,-1,574,1275,1276,-1,574,1276,576,-1,576,1276,1277,-1,576,1277,214,-1,1277,1278,214,-1,214,1278,1279,-1,214,1279,215,-1,215,1279,1280,-1,215,1280,580,-1,580,1280,1281,-1,1282,588,1283,-1,1283,588,581,-1,1283,581,1284,-1,1284,581,580,-1,1284,580,1285,-1,1285,580,1281,-1,1282,1286,588,-1,588,1286,595,-1,588,595,586,-1,586,595,594,-1,1286,1287,595,-1,595,1287,1288,-1,595,1288,591,-1,591,1288,1289,-1,591,1289,592,-1,1289,1290,592,-1,592,1290,1291,-1,592,1291,600,-1,600,1291,1292,-1,600,1292,598,-1,598,1292,1293,-1,1293,1294,598,-1,598,1294,1295,-1,598,1295,603,-1,603,1295,1296,-1,603,1296,606,-1,1296,1297,606,-1,606,1297,1298,-1,606,1298,609,-1,609,1298,1299,-1,609,1299,612,-1,612,1299,1300,-1,1301,620,1302,-1,1302,620,615,-1,1302,615,1303,-1,1303,615,612,-1,1303,612,1304,-1,1304,612,1300,-1,1301,1305,620,-1,620,1305,211,-1,620,211,618,-1,618,211,213,-1,1305,1306,211,-1,211,1306,1307,-1,211,1307,212,-1,212,1307,1308,-1,212,1308,623,-1,1308,1309,623,-1,623,1309,1310,-1,623,1310,624,-1,624,1310,1311,-1,624,1311,629,-1,629,1311,1312,-1,1313,637,1314,-1,1314,637,630,-1,1314,630,1315,-1,1315,630,629,-1,1315,629,1316,-1,1316,629,1312,-1,1313,1317,637,-1,637,1317,641,-1,637,641,635,-1,635,641,640,-1,1317,1318,641,-1,641,1318,1319,-1,641,1319,643,-1,643,1319,1320,-1,643,1320,645,-1,1321,648,1322,-1,1322,648,645,-1,1322,645,1323,-1,1323,645,1320,-1,1321,1324,648,-1,648,1324,652,-1,648,652,646,-1,646,652,651,-1,1324,1325,652,-1,652,1325,1326,-1,652,1326,654,-1,654,1326,1327,-1,654,1327,655,-1,1327,1328,655,-1,655,1328,1329,-1,655,1329,658,-1,658,1329,1330,-1,658,1330,208,-1,208,1330,1331,-1,1332,666,1333,-1,1333,666,209,-1,1333,209,1334,-1,1334,209,208,-1,1334,208,1335,-1,1335,208,1331,-1,1332,1336,666,-1,666,1336,673,-1,666,673,664,-1,664,673,672,-1,1336,1337,673,-1,673,1337,1338,-1,673,1338,669,-1,669,1338,1339,-1,669,1339,670,-1,1340,678,1341,-1,1341,678,670,-1,1341,670,1342,-1,1342,670,1339,-1,1340,1343,678,-1,678,1343,682,-1,678,682,676,-1,676,682,681,-1,1343,1344,682,-1,682,1344,1345,-1,682,1345,684,-1,684,1345,1346,-1,684,1346,686,-1,1346,1347,686,-1,686,1347,1348,-1,686,1348,687,-1,687,1348,1349,-1,687,1349,690,-1,690,1349,1350,-1,1351,698,1352,-1,1352,698,693,-1,1352,693,1353,-1,1353,693,690,-1,1353,690,1354,-1,1354,690,1350,-1,1351,1355,698,-1,698,1355,702,-1,698,702,696,-1,696,702,701,-1,1355,1356,702,-1,702,1356,1357,-1,702,1357,704,-1,704,1357,1358,-1,704,1358,710,-1,1358,1359,710,-1,710,1359,1360,-1,710,1360,705,-1,705,1360,1361,-1,705,1361,706,-1,706,1361,1362,-1,1362,1363,706,-1,706,1363,1364,-1,706,1364,713,-1,713,1364,1365,-1,713,1365,714,-1,1365,1366,714,-1,714,1366,1367,-1,714,1367,719,-1,719,1367,1368,-1,719,1368,720,-1,1368,1369,720,-1,720,1369,1370,-1,720,1370,729,-1,729,1370,1371,-1,729,1371,727,-1,727,1371,1372,-1,727,1372,1373,-1,1373,1374,727,-1,727,1374,733,-1,727,733,725,-1,725,733,732,-1,1374,1375,733,-1,733,1375,1376,-1,733,1376,735,-1,735,1376,1377,-1,735,1377,736,-1,1377,1378,736,-1,736,1378,1379,-1,736,1379,739,-1,739,1379,1380,-1,739,1380,742,-1,742,1380,1381,-1,1382,750,1383,-1,1383,750,745,-1,1383,745,1384,-1,1384,745,742,-1,1384,742,1385,-1,1385,742,1381,-1,1382,1386,750,-1,750,1386,757,-1,750,757,748,-1,748,757,756,-1,1386,1387,757,-1,757,1387,1388,-1,757,1388,753,-1,753,1388,1389,-1,753,1389,754,-1,1390,762,1391,-1,1391,762,754,-1,1391,754,1392,-1,1392,754,1389,-1,1390,1393,762,-1,762,1393,769,-1,762,769,760,-1,760,769,768,-1,1393,1394,769,-1,769,1394,1395,-1,769,1395,765,-1,765,1395,1396,-1,765,1396,766,-1,1396,1397,766,-1,766,1397,1398,-1,766,1398,774,-1,774,1398,1399,-1,774,1399,772,-1,772,1399,1400,-1,1401,782,1402,-1,1402,782,777,-1,1402,777,1403,-1,1403,777,772,-1,1403,772,1404,-1,1404,772,1400,-1,1401,1405,782,-1,782,1405,786,-1,782,786,780,-1,780,786,785,-1,1405,1406,786,-1,786,1406,1407,-1,786,1407,788,-1,788,1407,1408,-1,788,1408,789,-1,1409,794,1410,-1,1410,794,789,-1,1410,789,1411,-1,1411,789,1408,-1,1409,1412,794,-1,794,1412,205,-1,794,205,792,-1,792,205,207,-1,1412,1413,205,-1,205,1413,1414,-1,205,1414,206,-1,206,1414,1415,-1,206,1415,797,-1,1415,1416,797,-1,797,1416,1417,-1,797,1417,798,-1,798,1417,1418,-1,798,1418,805,-1,805,1418,1419,-1,1419,1420,805,-1,805,1420,809,-1,805,809,803,-1,803,809,808,-1,1421,811,1422,-1,1422,811,809,-1,1422,809,1423,-1,1423,809,1420,-1,1421,1424,811,-1,811,1424,817,-1,811,817,813,-1,813,817,816,-1,1424,1425,817,-1,817,1425,1426,-1,817,1426,814,-1,814,1426,1427,-1,814,1427,819,-1,1427,1428,819,-1,819,1428,1429,-1,819,1429,822,-1,822,1429,1430,-1,822,1430,825,-1,825,1430,1431,-1,1431,1432,825,-1,825,1432,1433,-1,825,1433,828,-1,828,1433,1434,-1,828,1434,831,-1,1434,1435,831,-1,831,1435,1436,-1,831,1436,834,-1,834,1436,1437,-1,834,1437,837,-1,837,1437,1438,-1,1438,1439,837,-1,837,1439,840,-1,837,840,838,-1,838,840,839,-1,1440,842,1441,-1,1441,842,840,-1,1441,840,1442,-1,1442,840,1439,-1,1440,1443,842,-1,842,1443,849,-1,842,849,844,-1,844,849,848,-1,1443,1444,849,-1,849,1444,1445,-1,849,1445,845,-1,845,1445,1446,-1,845,1446,846,-1,1446,1447,846,-1,846,1447,1448,-1,846,1448,852,-1,852,1448,1449,-1,852,1449,853,-1,853,1449,1450,-1,1451,860,1452,-1,1452,860,862,-1,1452,862,1453,-1,1453,862,853,-1,1453,853,1454,-1,1454,853,1450,-1,1451,1455,860,-1,860,1455,866,-1,860,866,858,-1,858,866,865,-1,1455,1456,866,-1,866,1456,1457,-1,866,1457,868,-1,868,1457,1458,-1,868,1458,869,-1,1459,874,1460,-1,1460,874,869,-1,1460,869,1461,-1,1461,869,1458,-1,1459,1462,874,-1,874,1462,878,-1,874,878,872,-1,872,878,877,-1,1462,1463,878,-1,878,1463,1464,-1,878,1464,880,-1,880,1464,1465,-1,880,1465,881,-1,1465,1466,881,-1,881,1466,1467,-1,881,1467,882,-1,882,1467,1468,-1,882,1468,887,-1,887,1468,1469,-1,1470,895,1471,-1,1471,895,888,-1,1471,888,1472,-1,1472,888,887,-1,1472,887,1473,-1,1473,887,1469,-1,1470,1474,895,-1,895,1474,900,-1,895,900,893,-1,893,900,901,-1,1474,1475,900,-1,900,1475,1476,-1,900,1476,898,-1,898,1476,1477,-1,898,1477,906,-1,1478,904,1479,-1,1479,904,906,-1,1479,906,1480,-1,1480,906,1477,-1,1478,1481,904,-1,904,1481,910,-1,904,910,902,-1,902,910,909,-1,1482,915,1483,-1,1483,915,912,-1,1483,912,1484,-1,1484,912,910,-1,1484,910,1485,-1,1485,910,1481,-1,1482,1486,915,-1,915,1486,919,-1,915,919,913,-1,913,919,918,-1,1486,1487,919,-1,919,1487,1488,-1,919,1488,921,-1,921,1488,1489,-1,921,1489,924,-1,1490,927,1491,-1,1491,927,924,-1,1491,924,1492,-1,1492,924,1489,-1,1490,1493,927,-1,927,1493,933,-1,927,933,928,-1,928,933,932,-1,1493,1494,933,-1,933,1494,1495,-1,933,1495,929,-1,929,1495,1496,-1,929,1496,930,-1,1496,1497,930,-1,930,1497,1498,-1,930,1498,936,-1,936,1498,1499,-1,936,1499,937,-1,937,1499,1500,-1,1500,1501,937,-1,937,1501,1502,-1,937,1502,942,-1,942,1502,1503,-1,942,1503,943,-1,1503,1504,943,-1,943,1504,1505,-1,943,1505,952,-1,952,1505,1506,-1,952,1506,950,-1,950,1506,1507,-1,1507,1508,950,-1,950,1508,956,-1,950,956,948,-1,948,956,955,-1,1509,958,1510,-1,1510,958,956,-1,1510,956,1511,-1,1511,956,1508,-1,1509,1512,958,-1,958,1512,962,-1,958,962,960,-1,960,962,961,-1,1512,1513,962,-1,962,1513,1514,-1,962,1514,964,-1,964,1514,1515,-1,964,1515,965,-1,1515,1516,965,-1,965,1516,1517,-1,965,1517,968,-1,968,1517,1518,-1,968,1518,971,-1,971,1518,1519,-1,1520,979,1521,-1,1521,979,972,-1,1521,972,1522,-1,1522,972,971,-1,1522,971,1523,-1,1523,971,1519,-1,1520,1524,979,-1,979,1524,986,-1,979,986,977,-1,977,986,985,-1,1524,1525,986,-1,986,1525,1526,-1,986,1526,982,-1,982,1526,1527,-1,982,1527,983,-1,1528,991,1529,-1,1529,991,983,-1,1529,983,1530,-1,1530,983,1527,-1,1528,1531,991,-1,991,1531,994,-1,991,994,989,-1,989,994,996,-1,1531,1532,994,-1,994,1532,1533,-1,994,1533,995,-1,995,1533,1534,-1,995,1534,997,-1,1534,1535,997,-1,997,1535,1536,-1,997,1536,1000,-1,1000,1536,1537,-1,1000,1537,1003,-1,1537,1538,1003,-1,1003,1538,1539,-1,1003,1539,1006,-1,1006,1539,1540,-1,1006,1540,1011,-1,1011,1540,1541,-1,1011,1541,1542,-1,1542,1543,1011,-1,1011,1543,1018,-1,1011,1018,1009,-1,1009,1018,1019,-1,1543,1544,1018,-1,1018,1544,1545,-1,1018,1545,1016,-1,1016,1545,1546,-1,1016,1546,1014,-1,1547,1022,1548,-1,1548,1022,1014,-1,1548,1014,1549,-1,1549,1014,1546,-1,1547,1550,1022,-1,1022,1550,1027,-1,1022,1027,1020,-1,1020,1027,1028,-1,1551,1031,1552,-1,1552,1031,1025,-1,1552,1025,1553,-1,1553,1025,1027,-1,1553,1027,1554,-1,1554,1027,1550,-1,1551,1555,1031,-1,1031,1555,1035,-1,1031,1035,1029,-1,1029,1035,1034,-1,1555,1556,1035,-1,1035,1556,1557,-1,1035,1557,1037,-1,1037,1557,1558,-1,1037,1558,1039,-1,1559,1042,1560,-1,1560,1042,1039,-1,1560,1039,1561,-1,1561,1039,1558,-1,1559,1562,1042,-1,1042,1562,1046,-1,1042,1046,1040,-1,1040,1046,1045,-1,1562,1563,1046,-1,1046,1563,1564,-1,1046,1564,1048,-1,1048,1564,1565,-1,1048,1565,1049,-1,1565,1566,1049,-1,1049,1566,1567,-1,1049,1567,1052,-1,1052,1567,1568,-1,1052,1568,1055,-1,1055,1568,1569,-1,1569,1570,1055,-1,1055,1570,1571,-1,1055,1571,1058,-1,1058,1571,1572,-1,1058,1572,1061,-1,1572,1573,1061,-1,1061,1573,1574,-1,1061,1574,1062,-1,1062,1574,1575,-1,1062,1575,1069,-1,1069,1575,1576,-1,1576,1577,1069,-1,1069,1577,1073,-1,1069,1073,1067,-1,1067,1073,1072,-1,1578,1075,1579,-1,1579,1075,1073,-1,1579,1073,1580,-1,1580,1073,1577,-1,1578,1581,1075,-1,1075,1581,1080,-1,1075,1080,1077,-1,1077,1080,1081,-1,1581,1582,1080,-1,1080,1582,1583,-1,1080,1583,1078,-1,1078,1583,1584,-1,1078,1584,1084,-1,1584,1585,1084,-1,1084,1585,1586,-1,1084,1586,1082,-1,1082,1586,1587,-1,1082,1587,1087,-1,1087,1587,1588,-1,1589,1095,1590,-1,1590,1095,1090,-1,1590,1090,1591,-1,1591,1090,1087,-1,1591,1087,1592,-1,1592,1087,1588,-1,1589,1593,1095,-1,1095,1593,1099,-1,1095,1099,1093,-1,1093,1099,1098,-1,1593,1594,1099,-1,1099,1594,1595,-1,1099,1595,1101,-1,1101,1595,1596,-1,1101,1596,1102,-1,1597,1107,1598,-1,1598,1107,1102,-1,1598,1102,1599,-1,1599,1102,1596,-1,1597,1600,1107,-1,1107,1600,1114,-1,1107,1114,1105,-1,1105,1114,1113,-1,1600,1601,1114,-1,1114,1601,1602,-1,1114,1602,1110,-1,1110,1602,1603,-1,1110,1603,1111,-1,1603,1604,1111,-1,1111,1604,1605,-1,1111,1605,1117,-1,1117,1605,1606,-1,1117,1606,1118,-1,1606,1607,1118,-1,1118,1607,1608,-1,1118,1608,1123,-1,1123,1608,1609,-1,1123,1609,204,-1,204,1609,1610,-1,204,1610,1611,-1,1611,1612,204,-1,204,1612,1128,-1,204,1128,202,-1,202,1128,1127,-1,1612,1613,1128,-1,1128,1613,1614,-1,1128,1614,1130,-1,1130,1614,1615,-1,1130,1615,1131,-1,1616,1136,1617,-1,1617,1136,1131,-1,1617,1131,1618,-1,1618,1131,1615,-1,1616,1619,1136,-1,1136,1619,1140,-1,1136,1140,1134,-1,1134,1140,1139,-1,1620,1145,1621,-1,1621,1145,1142,-1,1621,1142,1622,-1,1622,1142,1140,-1,1622,1140,1623,-1,1623,1140,1619,-1,1620,1624,1145,-1,1145,1624,199,-1,1145,199,1143,-1,1143,199,201,-1,1624,1625,199,-1,199,1625,1626,-1,199,1626,200,-1,200,1626,1627,-1,200,1627,1148,-1,1628,1153,1629,-1,1629,1153,1148,-1,1629,1148,1630,-1,1630,1148,1627,-1,1628,1631,1153,-1,1153,1631,1158,-1,1153,1158,1151,-1,1151,1158,1159,-1,1631,1632,1158,-1,1158,1632,1633,-1,1158,1633,1156,-1,1156,1633,1634,-1,1156,1634,1160,-1,1634,1635,1160,-1,1160,1635,1636,-1,1160,1636,1161,-1,1161,1636,1637,-1,1161,1637,1168,-1,1168,1637,1638,-1,1639,1173,1640,-1,1640,1173,1166,-1,1640,1166,1641,-1,1641,1166,1168,-1,1641,1168,1642,-1,1642,1168,1638,-1,1639,1643,1173,-1,1173,1643,1177,-1,1173,1177,1171,-1,1171,1177,1176,-1,1643,1644,1177,-1,1177,1644,1645,-1,1177,1645,1179,-1,1179,1645,1646,-1,1179,1646,1180,-1,1647,1185,1648,-1,1648,1185,1180,-1,1648,1180,1649,-1,1649,1180,1646,-1,1647,1650,1185,-1,1185,1650,1190,-1,1185,1190,1183,-1,1183,1190,1191,-1,1650,1651,1190,-1,1190,1651,1652,-1,1190,1652,1188,-1,1188,1652,1653,-1,1188,1653,1192,-1,1653,1654,1192,-1,1192,1654,1655,-1,1192,1655,1193,-1,1193,1655,1656,-1,1193,1656,1198,-1,1198,1656,1657,-1,1658,1206,1659,-1,1659,1206,1199,-1,1659,1199,1660,-1,1660,1199,1198,-1,1660,1198,1661,-1,1661,1198,1657,-1,1658,1662,1206,-1,1206,1662,1210,-1,1206,1210,1204,-1,1204,1210,1209,-1,1662,1663,1210,-1,1210,1663,1664,-1,1210,1664,1212,-1,1212,1664,1665,-1,1212,1665,455,-1,455,1665,1666,-1,455,1666,453,-1,1667,1668,1669,-1,1670,1671,1672,-1,1673,1674,1675,-1,1676,1677,1678,-1,1679,1680,1681,-1,1682,1683,1684,-1,1685,1686,1687,-1,1688,1689,1690,-1,1691,1692,1693,-1,1694,1695,1696,-1,1697,1698,1699,-1,1700,1701,1702,-1,1703,1704,1705,-1,1706,1707,1708,-1,1709,1710,1711,-1,1712,1713,1714,-1,1715,1716,1717,-1,1718,1719,1720,-1,1721,1722,1723,-1,1724,1725,1726,-1,1727,1728,1729,-1,1730,1731,1732,-1,1733,1734,1735,-1,1736,1737,1738,-1,1739,1740,1741,-1,1742,1743,1744,-1,1745,1746,1747,-1,1748,1749,1750,-1,1751,1752,1753,-1,1754,1755,1756,-1,1757,1758,1759,-1,1760,1761,1762,-1,1763,1764,1765,-1,1766,1767,1768,-1,1769,1770,1771,-1,1772,1773,1774,-1,1775,1776,1777,-1,1778,1779,1780,-1,1781,1782,1783,-1,1784,1785,1786,-1,1787,1788,1789,-1,1790,1791,1792,-1,1793,1794,1675,-1,1795,1796,1678,-1,1797,1798,1799,-1,1800,1801,1802,-1,1803,1804,1805,-1,1805,1804,1806,-1,1807,1808,1809,-1,1810,1811,1699,-1,1812,1813,1702,-1,1814,1815,1816,-1,1817,1818,1705,-1,1819,1820,1717,-1,1821,1822,1823,-1,1824,1825,1726,-1,1826,1827,1732,-1,1828,1829,1744,-1,1830,1831,1747,-1,1832,1833,1834,-1,1835,1836,1837,-1,1838,1839,1753,-1,1840,1841,1842,-1,1843,1844,1845,-1,1846,1847,1848,-1,1848,1847,1849,-1,1850,1851,1768,-1,1852,1853,1771,-1,1854,1855,1856,-1,1857,1858,1859,-1,1860,1861,1862,-1,1863,1864,1865,-1,1866,1867,1868,-1,1868,1867,1869,-1,1870,1871,1872,-1,1873,1874,1875,-1,1876,1877,1878,-1,1879,1880,1881,-1,1882,1883,1884,-1,1885,1886,1672,-1,1887,1888,1889,-1,1890,1891,1792,-1,1892,1893,1894,-1,1894,1893,1895,-1,1894,1895,1896,-1,1896,1895,1897,-1,1896,1897,1898,-1,1898,1897,1899,-1,1892,1894,1900,-1,1900,1894,1901,-1,1900,1901,1902,-1,1902,1901,1903,-1,1902,1903,1904,-1,1904,1903,1905,-1,1905,1903,1906,-1,1905,1906,1907,-1,1907,1906,1908,-1,1908,1906,1909,-1,1908,1909,1910,-1,1910,1909,1911,-1,1910,1911,1912,-1,1912,1911,1913,-1,1912,1913,1914,-1,1915,1916,1917,-1,1917,1916,1918,-1,1917,1918,1913,-1,1913,1918,1919,-1,1913,1919,1914,-1,1920,1921,1915,-1,1915,1921,1922,-1,1915,1922,1916,-1,1923,1924,1920,-1,1920,1924,1925,-1,1920,1925,1921,-1,1926,1927,1928,-1,1928,1927,1929,-1,1929,1930,1928,-1,1928,1930,1931,-1,1928,1931,1932,-1,1933,1934,1935,-1,1936,1937,1935,-1,1935,1937,1938,-1,1935,1938,1933,-1,1939,1940,1936,-1,1940,1941,1936,-1,1936,1941,1942,-1,1936,1942,1937,-1,1943,1944,1789,-1,1789,1944,1945,-1,1789,1945,1946,-1,1887,1889,1947,-1,1947,1889,1948,-1,1947,1948,1949,-1,1950,1951,1952,-1,1952,1951,1953,-1,1952,1953,1954,-1,1954,1953,1955,-1,1956,1957,1958,-1,1957,1956,1959,-1,1959,1956,1960,-1,1959,1960,1961,-1,1962,1963,1960,-1,1960,1963,1964,-1,1960,1964,1961,-1,1965,1966,1967,-1,1967,1968,1965,-1,1965,1968,1969,-1,1965,1969,1970,-1,1971,1972,1966,-1,1966,1972,1973,-1,1966,1973,1967,-1,1974,1975,1976,-1,1976,1975,1977,-1,1976,1977,1978,-1,1979,1980,1974,-1,1974,1980,1981,-1,1974,1981,1975,-1,1979,1974,1982,-1,1982,1974,1983,-1,1982,1983,1984,-1,1984,1983,1985,-1,1984,1985,1986,-1,1987,1988,1985,-1,1985,1988,1989,-1,1985,1989,1986,-1,1885,1672,1990,-1,1991,1992,1669,-1,1669,1992,1993,-1,1669,1993,1994,-1,1883,1995,1884,-1,1884,1995,1996,-1,1884,1996,1997,-1,1882,1884,1998,-1,1998,1884,1999,-1,1998,1999,2000,-1,2001,2002,1999,-1,1999,2002,2003,-1,1999,2003,2000,-1,2004,2001,2005,-1,2005,2001,2006,-1,2004,2007,2001,-1,2001,2007,2008,-1,2001,2008,2002,-1,2009,2010,2006,-1,2006,2010,2011,-1,2006,2011,2005,-1,2012,2013,2014,-1,2014,2013,2015,-1,2014,2015,2016,-1,2017,2018,2012,-1,2012,2018,2019,-1,2012,2019,2013,-1,1880,2020,1881,-1,1881,2020,2021,-1,1881,2021,2022,-1,2022,2021,2023,-1,2022,2023,2024,-1,2025,2026,2027,-1,2027,2026,2028,-1,2025,2027,2029,-1,2029,2027,2030,-1,2029,2030,2031,-1,2031,2030,2032,-1,2032,2030,2033,-1,2032,2033,2034,-1,2035,2036,2037,-1,2037,2036,2038,-1,2035,2037,2039,-1,2039,2037,2040,-1,2039,2040,2041,-1,2041,2040,2042,-1,2041,2042,2043,-1,2044,2045,2046,-1,2046,2045,2047,-1,2046,2047,2048,-1,2047,2049,2048,-1,2048,2049,2050,-1,2048,2050,2051,-1,2051,2050,2052,-1,2051,2052,2042,-1,2042,2052,2053,-1,2042,2053,2043,-1,1878,2054,1876,-1,1876,2054,2055,-1,1876,2055,2044,-1,2044,2055,2056,-1,2044,2056,2045,-1,1875,1874,2057,-1,2057,1874,2058,-1,2057,2058,1877,-1,1877,2058,2059,-1,1877,2059,1878,-1,1873,1875,2060,-1,2060,1875,2061,-1,2060,2061,2062,-1,2063,2064,2061,-1,2061,2064,2065,-1,2061,2065,2062,-1,2066,2067,2068,-1,2068,2067,2069,-1,2068,2069,2070,-1,2070,2069,2071,-1,2070,2071,2063,-1,2063,2071,2072,-1,2063,2072,2064,-1,2066,2068,2073,-1,2073,2068,2074,-1,2073,2074,2075,-1,2075,2074,2076,-1,2075,2076,2077,-1,2077,2076,2078,-1,2078,2076,2079,-1,2078,2079,2080,-1,2080,2079,2081,-1,2081,2079,2082,-1,2081,2082,2083,-1,2083,2082,2084,-1,2083,2084,2085,-1,2085,2084,2086,-1,2085,2086,2087,-1,2088,2089,2090,-1,2090,2089,2091,-1,2090,2091,2086,-1,2086,2091,2092,-1,2086,2092,2087,-1,2093,2094,2095,-1,2095,2094,2096,-1,2095,2096,2088,-1,2088,2096,2097,-1,2088,2097,2089,-1,1872,2098,1870,-1,1870,2098,2099,-1,1870,2099,2093,-1,2093,2099,2100,-1,2093,2100,2094,-1,2101,2102,2103,-1,2101,2103,2104,-1,2104,2103,2105,-1,2104,2105,1871,-1,1871,2105,2106,-1,1871,2106,1872,-1,2102,2101,2107,-1,2107,2101,2108,-1,2107,2108,2109,-1,2109,2108,2110,-1,2109,2110,2111,-1,2112,2113,2114,-1,2114,2115,2112,-1,2112,2115,2116,-1,2112,2116,2117,-1,2117,2116,2118,-1,2117,2118,2119,-1,2119,2118,2120,-1,2119,2120,2110,-1,2110,2120,2121,-1,2110,2121,2111,-1,2122,2123,2124,-1,2124,2123,2125,-1,2124,2125,2113,-1,2113,2125,2126,-1,2113,2126,2114,-1,163,2127,2128,-1,2128,2127,2129,-1,2128,2129,2130,-1,2130,2129,2131,-1,2130,2131,2122,-1,2122,2131,2132,-1,2122,2132,2123,-1,1867,2133,1869,-1,1869,2133,2134,-1,1869,2134,2135,-1,2135,2134,2136,-1,2135,2136,1948,-1,1948,2136,2137,-1,1948,2137,1949,-1,2138,2139,2140,-1,2140,2139,2141,-1,2140,2141,2142,-1,2142,2141,2143,-1,2144,2145,2146,-1,2146,2145,2147,-1,2146,2147,2148,-1,2149,2150,2151,-1,2151,2150,2152,-1,1865,1864,2152,-1,2152,1864,2153,-1,2152,2153,2151,-1,1862,1861,2154,-1,2154,1861,2155,-1,2154,2155,2156,-1,2157,2158,1786,-1,2159,2160,2161,-1,2161,2160,2162,-1,2163,2164,2162,-1,2162,2164,2165,-1,2162,2165,2161,-1,2166,2167,2168,-1,2168,2167,2169,-1,2168,2169,2170,-1,2170,2169,2171,-1,2170,2171,2163,-1,2163,2171,2172,-1,2163,2172,2164,-1,2173,2174,2175,-1,2175,2174,2176,-1,2175,2176,2177,-1,2178,2179,2180,-1,2180,2179,2181,-1,2180,2181,2182,-1,2182,2181,2183,-1,2184,2185,2186,-1,2186,2185,2187,-1,2186,2187,2188,-1,2188,2187,2189,-1,2190,2191,2192,-1,2192,2191,2193,-1,2192,2193,2189,-1,2189,2193,2194,-1,2189,2194,2188,-1,2195,2196,1780,-1,2197,2198,1777,-1,2199,2200,2201,-1,2201,2200,2202,-1,2201,2202,2203,-1,2203,2202,2204,-1,2203,2204,2205,-1,1859,1858,2204,-1,2204,1858,2206,-1,2204,2206,2205,-1,2207,2208,2209,-1,2209,2208,2210,-1,2209,2210,2211,-1,2212,2213,2214,-1,2214,2213,2215,-1,2214,2215,2216,-1,2216,2215,2217,-1,2218,2219,2220,-1,2220,2219,2221,-1,1856,1855,2220,-1,2220,1855,2222,-1,2220,2222,2218,-1,2223,2224,2225,-1,2225,2224,2226,-1,2225,2226,2227,-1,2228,2229,2230,-1,2230,2229,2231,-1,2230,2231,2232,-1,2232,2231,2233,-1,1847,2234,1849,-1,1849,2234,2235,-1,1849,2235,2233,-1,2233,2235,2236,-1,2233,2236,2232,-1,1845,1844,2237,-1,2237,1844,2238,-1,2237,2238,2239,-1,2240,2241,2242,-1,2242,2241,2243,-1,2242,2243,2244,-1,2245,2246,2247,-1,2247,2246,2248,-1,2249,2250,2251,-1,2251,2250,2252,-1,2251,2252,2248,-1,2248,2252,2253,-1,2248,2253,2247,-1,2254,2255,2256,-1,2256,2255,2257,-1,2256,2257,2258,-1,2259,2260,1765,-1,2261,2262,2263,-1,2263,2262,2264,-1,2263,2264,2265,-1,2265,2264,2266,-1,2265,2266,2267,-1,2267,2266,2268,-1,2267,2268,2269,-1,2270,2271,2272,-1,2272,2271,2273,-1,2272,2273,2274,-1,2275,2276,2277,-1,2277,2276,2278,-1,2277,2278,2279,-1,2279,2278,2280,-1,2281,2282,2283,-1,2283,2282,2284,-1,2283,2284,2285,-1,2286,2287,2288,-1,2288,2287,2289,-1,2288,2289,2290,-1,2290,2289,2291,-1,2290,2291,2292,-1,1842,1841,2291,-1,2291,1841,2293,-1,2291,2293,2292,-1,2294,2295,1759,-1,2296,2297,2298,-1,2298,2297,2299,-1,2298,2299,2300,-1,2300,2299,2301,-1,2300,2301,2302,-1,1837,1836,2301,-1,2301,1836,2303,-1,2301,2303,2302,-1,2304,2305,2306,-1,2306,2305,2307,-1,2306,2307,2308,-1,1834,1833,2309,-1,2309,1833,2310,-1,2309,2310,2311,-1,2312,2313,2314,-1,2314,2313,2315,-1,2314,2315,2316,-1,2316,2315,2317,-1,2316,2317,2318,-1,2318,2317,2319,-1,2320,2321,2322,-1,2322,2321,2323,-1,2322,2323,2324,-1,2324,2323,2325,-1,2326,2327,2328,-1,2328,2327,2329,-1,2328,2329,2330,-1,2330,2329,2331,-1,2332,2333,2331,-1,2331,2333,2334,-1,2331,2334,2330,-1,2335,2336,2337,-1,2337,2336,2338,-1,2337,2338,2332,-1,2332,2338,2339,-1,2332,2339,2333,-1,2340,2341,2342,-1,2342,2341,2343,-1,2342,2343,2344,-1,2345,2346,2347,-1,2347,2346,2348,-1,2347,2348,2349,-1,2350,2351,2352,-1,2352,2351,2353,-1,2352,2353,2354,-1,2354,2353,2355,-1,2354,2355,2356,-1,2356,2355,2357,-1,2356,2357,2358,-1,2359,2360,2361,-1,2361,2360,2362,-1,2361,2362,2363,-1,2364,2365,1741,-1,2366,2367,2368,-1,2369,2370,2371,-1,2371,2370,2372,-1,2371,2372,2368,-1,2368,2372,2373,-1,2368,2373,2366,-1,2374,2375,2376,-1,2377,2378,2376,-1,2376,2378,2379,-1,2376,2379,2374,-1,2380,2381,2382,-1,2382,2381,2383,-1,2382,2383,2384,-1,2385,2386,2387,-1,2387,2386,2388,-1,2387,2388,2389,-1,2390,2391,2392,-1,2392,2391,2393,-1,2394,2395,2396,-1,2396,2395,2397,-1,2396,2397,2398,-1,2398,2397,2399,-1,2398,2399,2393,-1,2393,2399,2400,-1,2393,2400,2392,-1,2401,2402,1738,-1,1826,1732,2403,-1,2404,2405,2406,-1,2407,2408,2409,-1,2409,2408,2410,-1,2409,2410,2411,-1,2411,2410,2412,-1,2411,2412,2405,-1,2405,2412,2413,-1,2405,2413,2406,-1,2414,2415,2416,-1,2416,2415,2417,-1,2416,2417,2418,-1,2418,2417,2419,-1,2420,2421,2422,-1,2422,2421,2423,-1,2422,2423,2424,-1,2425,2426,2427,-1,2427,2426,2428,-1,2427,2428,2429,-1,2429,2428,2430,-1,2429,2430,2431,-1,2431,2430,2432,-1,2433,2434,2435,-1,2435,2434,2436,-1,2435,2436,2437,-1,2437,2436,2438,-1,2439,2440,2441,-1,2441,2440,1821,-1,2441,1821,2442,-1,2442,1821,1823,-1,2443,2444,2445,-1,2445,2444,2446,-1,2445,2446,2447,-1,2447,2446,2448,-1,2447,2448,1822,-1,1822,2448,2449,-1,1822,2449,1823,-1,2450,2451,2452,-1,2453,2454,2452,-1,2452,2454,2455,-1,2452,2455,2450,-1,2456,2457,2458,-1,2458,2457,2459,-1,2458,2459,2460,-1,2461,2462,2463,-1,2464,2465,2466,-1,2466,2465,2467,-1,2466,2467,2463,-1,2463,2467,2468,-1,2463,2468,2461,-1,2469,2470,2471,-1,2472,2473,2471,-1,2471,2473,2474,-1,2471,2474,2469,-1,2475,2476,1720,-1,2477,2478,2479,-1,2480,2481,2482,-1,2482,2481,2483,-1,2482,2483,2479,-1,2479,2483,2484,-1,2479,2484,2477,-1,2485,2486,2487,-1,2487,2486,2488,-1,2487,2488,2489,-1,2490,2491,2492,-1,2492,2491,2493,-1,2492,2493,2494,-1,2494,2493,2495,-1,2496,2497,2498,-1,2499,2500,2498,-1,2498,2500,2501,-1,2498,2501,2496,-1,2502,2503,2504,-1,2505,2506,2507,-1,2507,2506,2508,-1,2507,2508,2509,-1,2509,2508,2510,-1,2509,2510,2503,-1,2503,2510,2511,-1,2503,2511,2504,-1,2512,2513,1714,-1,2514,2515,2516,-1,2516,2515,2517,-1,2518,2519,2520,-1,2520,2519,2521,-1,2520,2521,2517,-1,2517,2521,2522,-1,2517,2522,2516,-1,2523,2524,2518,-1,2518,2524,2525,-1,2518,2525,2519,-1,2526,2527,2528,-1,2528,2527,2529,-1,2528,2529,2530,-1,2531,2532,2533,-1,2533,2532,2534,-1,2533,2534,2535,-1,2536,2537,2538,-1,2538,2537,2539,-1,2540,2541,2542,-1,2542,2541,2543,-1,2542,2543,2539,-1,2539,2543,2544,-1,2539,2544,2538,-1,2545,2546,2547,-1,2547,2546,2548,-1,2547,2548,2549,-1,1817,1705,2550,-1,2551,2552,2553,-1,2554,2555,2556,-1,2556,2555,2557,-1,2556,2557,2552,-1,2552,2557,2558,-1,2552,2558,2553,-1,2559,2560,2561,-1,2561,2560,2562,-1,2561,2562,2554,-1,2554,2562,2563,-1,2554,2563,2555,-1,2564,2565,2566,-1,2567,2568,2566,-1,2566,2568,2569,-1,2566,2569,2564,-1,2570,2571,2572,-1,2572,2571,2573,-1,2572,2573,2574,-1,2575,2576,2577,-1,2577,2576,2578,-1,1816,1815,2577,-1,2577,1815,2579,-1,2577,2579,2575,-1,2580,2581,2582,-1,2582,2581,2583,-1,2582,2583,2584,-1,2585,2586,2587,-1,2587,2586,2588,-1,1809,1808,2585,-1,2585,1808,2589,-1,2585,2589,2586,-1,2590,2591,2592,-1,2592,2591,2593,-1,2592,2593,2594,-1,2595,2596,2597,-1,2597,2596,2598,-1,2597,2598,2599,-1,2599,2598,2600,-1,2601,2602,2603,-1,2603,2602,2604,-1,2603,2604,2605,-1,2606,2607,2608,-1,2608,2607,2609,-1,2610,2611,2612,-1,2612,2611,2613,-1,2612,2613,2609,-1,2609,2613,2614,-1,2609,2614,2608,-1,2615,2616,2610,-1,2610,2616,2617,-1,2610,2617,2611,-1,2618,2619,1693,-1,2620,2621,2622,-1,2622,2621,2623,-1,1804,2624,1806,-1,1806,2624,2625,-1,1806,2625,2623,-1,2623,2625,2626,-1,2623,2626,2622,-1,2627,2628,2629,-1,2629,2628,2630,-1,2629,2630,2631,-1,2631,2630,2632,-1,2633,2634,2635,-1,2636,2637,2635,-1,2635,2637,2638,-1,2635,2638,2633,-1,2639,2640,2641,-1,1802,1801,2640,-1,2640,1801,2642,-1,2640,2642,2641,-1,2643,2644,2645,-1,2645,2644,2646,-1,2645,2646,2647,-1,2647,2646,2648,-1,2649,2650,1687,-1,2651,2652,1684,-1,2653,2654,2655,-1,2653,2655,2656,-1,2654,2653,2657,-1,2657,2653,2658,-1,2657,2658,2659,-1,2659,2658,2660,-1,2659,2660,2661,-1,1799,1798,2660,-1,2660,1798,2662,-1,2660,2662,2661,-1,2663,2664,2665,-1,2665,2664,2666,-1,2665,2666,2667,-1,2668,2669,2670,-1,2670,2669,2671,-1,2670,2671,2672,-1,2672,2671,2673,-1,2674,2675,2676,-1,2676,2675,2677,-1,2676,2677,2678,-1,2678,2677,2679,-1,2680,2681,2682,-1,2682,2681,2683,-1,2682,2683,2679,-1,2679,2683,2684,-1,2679,2684,2678,-1,2685,2686,2687,-1,2687,2686,2688,-1,2687,2688,2689,-1,2689,2688,2690,-1,2689,2690,2691,-1,2691,2690,2692,-1,2693,1928,1923,-1,1923,1928,1932,-1,1923,1932,1924,-1,2693,2694,1928,-1,1928,2694,1935,-1,1928,1935,1926,-1,1926,1935,1934,-1,2694,2695,1935,-1,1935,2695,2696,-1,1935,2696,1936,-1,1936,2696,2697,-1,1936,2697,2698,-1,2698,1790,1936,-1,1936,1790,1792,-1,1936,1792,1939,-1,1939,1792,1891,-1,1791,1787,1792,-1,1792,1787,1789,-1,1792,1789,1890,-1,1890,1789,1946,-1,1788,2699,1789,-1,1789,2699,1889,-1,1789,1889,1943,-1,1943,1889,1888,-1,2699,2700,1889,-1,1889,2700,2701,-1,1889,2701,1948,-1,1948,2701,2702,-1,1948,2702,2135,-1,2135,2702,2703,-1,2135,2703,1869,-1,2704,1868,2705,-1,2705,1868,1869,-1,2705,1869,2706,-1,2706,1869,2703,-1,2704,2707,1868,-1,1868,2707,2139,-1,1868,2139,1866,-1,1866,2139,2138,-1,2708,2141,2709,-1,2709,2141,2139,-1,2709,2139,2710,-1,2710,2139,2707,-1,2708,2711,2141,-1,2141,2711,2145,-1,2141,2145,2143,-1,2143,2145,2144,-1,2712,2147,2713,-1,2713,2147,2145,-1,2713,2145,2714,-1,2714,2145,2711,-1,2712,2715,2147,-1,2147,2715,2150,-1,2147,2150,2148,-1,2148,2150,2149,-1,2715,2716,2150,-1,2150,2716,2717,-1,2150,2717,2152,-1,2152,2717,2718,-1,2152,2718,1865,-1,1865,2718,2719,-1,2719,2720,1865,-1,1865,2720,2154,-1,1865,2154,1863,-1,1863,2154,2156,-1,2720,2721,2154,-1,2154,2721,2722,-1,2154,2722,1862,-1,1862,2722,2723,-1,1862,2723,2724,-1,2724,1784,1862,-1,1862,1784,1786,-1,1862,1786,1860,-1,1860,1786,2158,-1,1785,1781,1786,-1,1786,1781,1783,-1,1786,1783,2157,-1,2157,1783,2725,-1,1782,2726,1783,-1,1783,2726,2160,-1,1783,2160,2725,-1,2725,2160,2159,-1,2726,2727,2160,-1,2160,2727,2728,-1,2160,2728,2162,-1,2162,2728,2729,-1,2162,2729,2163,-1,2163,2729,2730,-1,2163,2730,2170,-1,2731,2168,2732,-1,2732,2168,2170,-1,2732,2170,2733,-1,2733,2170,2730,-1,2731,2734,2168,-1,2168,2734,2174,-1,2168,2174,2166,-1,2166,2174,2173,-1,2735,2176,2736,-1,2736,2176,2174,-1,2736,2174,2737,-1,2737,2174,2734,-1,2735,2738,2176,-1,2176,2738,2179,-1,2176,2179,2177,-1,2177,2179,2178,-1,2739,2181,2740,-1,2740,2181,2179,-1,2740,2179,2741,-1,2741,2179,2738,-1,2739,2742,2181,-1,2181,2742,2185,-1,2181,2185,2183,-1,2183,2185,2184,-1,2742,2743,2185,-1,2185,2743,2744,-1,2185,2744,2187,-1,2187,2744,2745,-1,2187,2745,2189,-1,2745,2746,2189,-1,2189,2746,2747,-1,2189,2747,2192,-1,2192,2747,2748,-1,2192,2748,2749,-1,2749,1778,2192,-1,2192,1778,1780,-1,2192,1780,2190,-1,2190,1780,2196,-1,1779,1775,1780,-1,1780,1775,1777,-1,1780,1777,2195,-1,2195,1777,2198,-1,1776,1772,1777,-1,1777,1772,1774,-1,1777,1774,2197,-1,2197,1774,2750,-1,1773,2751,1774,-1,1774,2751,2200,-1,1774,2200,2750,-1,2750,2200,2199,-1,2751,2752,2200,-1,2200,2752,2753,-1,2200,2753,2202,-1,2202,2753,2754,-1,2202,2754,2204,-1,2755,1859,2756,-1,2756,1859,2204,-1,2756,2204,2757,-1,2757,2204,2754,-1,2755,2758,1859,-1,1859,2758,2208,-1,1859,2208,1857,-1,1857,2208,2207,-1,2759,2210,2760,-1,2760,2210,2208,-1,2760,2208,2761,-1,2761,2208,2758,-1,2759,2762,2210,-1,2210,2762,2213,-1,2210,2213,2211,-1,2211,2213,2212,-1,2763,2215,2764,-1,2764,2215,2213,-1,2764,2213,2765,-1,2765,2213,2762,-1,2763,2766,2215,-1,2215,2766,2221,-1,2215,2221,2217,-1,2217,2221,2219,-1,2766,2767,2221,-1,2221,2767,2768,-1,2221,2768,2220,-1,2220,2768,2769,-1,2220,2769,1856,-1,1856,2769,2770,-1,2770,2771,1856,-1,1856,2771,2224,-1,1856,2224,1854,-1,1854,2224,2223,-1,2771,2772,2224,-1,2224,2772,2773,-1,2224,2773,2226,-1,2226,2773,2774,-1,2226,2774,2775,-1,2775,1769,2226,-1,2226,1769,1771,-1,2226,1771,2227,-1,2227,1771,1853,-1,1770,1766,1771,-1,1771,1766,1768,-1,1771,1768,1852,-1,1852,1768,1851,-1,1767,2776,1768,-1,1768,2776,2229,-1,1768,2229,1850,-1,1850,2229,2228,-1,2776,2777,2229,-1,2229,2777,2778,-1,2229,2778,2231,-1,2231,2778,2779,-1,2231,2779,2233,-1,2233,2779,2780,-1,2233,2780,1849,-1,2781,1848,2782,-1,2782,1848,1849,-1,2782,1849,2783,-1,2783,1849,2780,-1,2781,2784,1848,-1,1848,2784,2237,-1,1848,2237,1846,-1,1846,2237,2239,-1,2785,1845,2786,-1,2786,1845,2237,-1,2786,2237,2787,-1,2787,2237,2784,-1,2785,2788,1845,-1,1845,2788,2241,-1,1845,2241,1843,-1,1843,2241,2240,-1,2789,2243,2790,-1,2790,2243,2241,-1,2790,2241,2791,-1,2791,2241,2788,-1,2789,2792,2243,-1,2243,2792,2246,-1,2243,2246,2244,-1,2244,2246,2245,-1,2792,2793,2246,-1,2246,2793,2794,-1,2246,2794,2248,-1,2248,2794,2795,-1,2248,2795,2251,-1,2251,2795,2796,-1,2796,2797,2251,-1,2251,2797,2258,-1,2251,2258,2249,-1,2249,2258,2257,-1,2797,2798,2258,-1,2258,2798,2799,-1,2258,2799,2256,-1,2256,2799,2800,-1,2256,2800,2801,-1,2801,1763,2256,-1,2256,1763,1765,-1,2256,1765,2254,-1,2254,1765,2260,-1,1764,1760,1765,-1,1765,1760,1762,-1,1765,1762,2259,-1,2259,1762,2802,-1,1761,2803,1762,-1,1762,2803,2267,-1,1762,2267,2802,-1,2802,2267,2269,-1,2804,2263,2805,-1,2805,2263,2265,-1,2805,2265,2806,-1,2806,2265,2267,-1,2806,2267,2807,-1,2807,2267,2803,-1,2804,2808,2263,-1,2263,2808,2274,-1,2263,2274,2261,-1,2261,2274,2273,-1,2809,2272,2810,-1,2810,2272,2274,-1,2810,2274,2811,-1,2811,2274,2808,-1,2809,2812,2272,-1,2272,2812,2276,-1,2272,2276,2270,-1,2270,2276,2275,-1,2813,2278,2814,-1,2814,2278,2276,-1,2814,2276,2815,-1,2815,2276,2812,-1,2813,2816,2278,-1,2278,2816,2285,-1,2278,2285,2280,-1,2280,2285,2284,-1,2817,2283,2818,-1,2818,2283,2285,-1,2818,2285,2819,-1,2819,2285,2816,-1,2817,2820,2283,-1,2283,2820,2287,-1,2283,2287,2281,-1,2281,2287,2286,-1,2820,2821,2287,-1,2287,2821,2822,-1,2287,2822,2289,-1,2289,2822,2823,-1,2289,2823,2291,-1,2823,2824,2291,-1,2291,2824,2825,-1,2291,2825,1842,-1,1842,2825,2826,-1,1842,2826,2827,-1,2827,1757,1842,-1,1842,1757,1759,-1,1842,1759,1840,-1,1840,1759,2295,-1,1758,1754,1759,-1,1759,1754,1756,-1,1759,1756,2294,-1,2294,1756,2828,-1,1755,1751,1756,-1,1756,1751,1753,-1,1756,1753,2828,-1,2828,1753,1839,-1,1752,2829,1753,-1,1753,2829,2297,-1,1753,2297,1838,-1,1838,2297,2296,-1,2829,2830,2297,-1,2297,2830,2831,-1,2297,2831,2299,-1,2299,2831,2832,-1,2299,2832,2301,-1,2833,1837,2834,-1,2834,1837,2301,-1,2834,2301,2835,-1,2835,2301,2832,-1,2833,2836,1837,-1,1837,2836,2305,-1,1837,2305,1835,-1,1835,2305,2304,-1,2837,2307,2838,-1,2838,2307,2305,-1,2838,2305,2839,-1,2839,2305,2836,-1,2837,2840,2307,-1,2307,2840,2309,-1,2307,2309,2308,-1,2308,2309,2311,-1,2841,1834,2842,-1,2842,1834,2309,-1,2842,2309,2843,-1,2843,2309,2840,-1,2841,2844,1834,-1,1834,2844,2313,-1,1834,2313,1832,-1,1832,2313,2312,-1,2844,2845,2313,-1,2313,2845,2846,-1,2313,2846,2315,-1,2315,2846,2847,-1,2315,2847,2317,-1,2317,2847,2848,-1,2848,2849,2317,-1,2317,2849,2321,-1,2317,2321,2319,-1,2319,2321,2320,-1,2849,2850,2321,-1,2321,2850,2851,-1,2321,2851,2323,-1,2323,2851,2852,-1,2323,2852,2853,-1,2853,1748,2323,-1,2323,1748,1750,-1,2323,1750,2325,-1,2325,1750,2854,-1,1749,1745,1750,-1,1750,1745,1747,-1,1750,1747,2854,-1,2854,1747,1831,-1,1746,2855,1747,-1,1747,2855,2327,-1,1747,2327,1830,-1,1830,2327,2326,-1,2855,2856,2327,-1,2327,2856,2857,-1,2327,2857,2329,-1,2329,2857,2858,-1,2329,2858,2331,-1,2331,2858,2859,-1,2331,2859,2332,-1,2860,2337,2861,-1,2861,2337,2332,-1,2861,2332,2862,-1,2862,2332,2859,-1,2860,2863,2337,-1,2337,2863,2344,-1,2337,2344,2335,-1,2335,2344,2343,-1,2864,2342,2865,-1,2865,2342,2344,-1,2865,2344,2866,-1,2866,2344,2863,-1,2864,2867,2342,-1,2342,2867,2346,-1,2342,2346,2340,-1,2340,2346,2345,-1,2868,2348,2869,-1,2869,2348,2346,-1,2869,2346,2870,-1,2870,2346,2867,-1,2868,2871,2348,-1,2348,2871,2356,-1,2348,2356,2349,-1,2349,2356,2358,-1,2871,2872,2356,-1,2356,2872,2873,-1,2356,2873,2354,-1,2354,2873,2874,-1,2354,2874,2352,-1,2352,2874,2875,-1,2875,2876,2352,-1,2352,2876,2363,-1,2352,2363,2350,-1,2350,2363,2362,-1,2876,2877,2363,-1,2363,2877,2878,-1,2363,2878,2361,-1,2361,2878,2879,-1,2361,2879,2880,-1,2880,1742,2361,-1,2361,1742,1744,-1,2361,1744,2359,-1,2359,1744,1829,-1,1743,1739,1744,-1,1744,1739,1741,-1,1744,1741,1828,-1,1828,1741,2365,-1,1740,2881,1741,-1,1741,2881,2367,-1,1741,2367,2364,-1,2364,2367,2366,-1,2882,2371,2883,-1,2883,2371,2368,-1,2883,2368,2884,-1,2884,2368,2367,-1,2884,2367,2885,-1,2885,2367,2881,-1,2882,2886,2371,-1,2371,2886,2375,-1,2371,2375,2369,-1,2369,2375,2374,-1,2887,2376,2888,-1,2888,2376,2375,-1,2888,2375,2889,-1,2889,2375,2886,-1,2887,2890,2376,-1,2376,2890,2384,-1,2376,2384,2377,-1,2377,2384,2383,-1,2891,2382,2892,-1,2892,2382,2384,-1,2892,2384,2893,-1,2893,2384,2890,-1,2891,2894,2382,-1,2382,2894,2389,-1,2382,2389,2380,-1,2380,2389,2388,-1,2895,2387,2896,-1,2896,2387,2389,-1,2896,2389,2897,-1,2897,2389,2894,-1,2895,2898,2387,-1,2387,2898,2391,-1,2387,2391,2385,-1,2385,2391,2390,-1,2898,2899,2391,-1,2391,2899,2900,-1,2391,2900,2393,-1,2393,2900,2901,-1,2393,2901,2398,-1,2901,2902,2398,-1,2398,2902,2903,-1,2398,2903,2396,-1,2396,2903,2904,-1,2396,2904,2905,-1,2905,1736,2396,-1,2396,1736,1738,-1,2396,1738,2394,-1,2394,1738,2402,-1,1737,1733,1738,-1,1738,1733,1735,-1,1738,1735,2401,-1,2401,1735,2906,-1,1734,1730,1735,-1,1735,1730,1732,-1,1735,1732,2906,-1,2906,1732,1827,-1,1731,2907,1732,-1,1732,2907,2404,-1,1732,2404,2403,-1,2403,2404,2406,-1,2907,2908,2404,-1,2404,2908,2909,-1,2404,2909,2405,-1,2405,2909,2910,-1,2405,2910,2411,-1,2911,2409,2912,-1,2912,2409,2411,-1,2912,2411,2913,-1,2913,2411,2910,-1,2911,2914,2409,-1,2409,2914,2415,-1,2409,2415,2407,-1,2407,2415,2414,-1,2915,2417,2916,-1,2916,2417,2415,-1,2916,2415,2917,-1,2917,2415,2914,-1,2915,2918,2417,-1,2417,2918,2424,-1,2417,2424,2419,-1,2419,2424,2423,-1,2919,2422,2920,-1,2920,2422,2424,-1,2920,2424,2921,-1,2921,2424,2918,-1,2919,2922,2422,-1,2422,2922,2426,-1,2422,2426,2420,-1,2420,2426,2425,-1,2922,2923,2426,-1,2426,2923,2924,-1,2426,2924,2428,-1,2428,2924,2925,-1,2428,2925,2430,-1,2430,2925,2926,-1,2926,2927,2430,-1,2430,2927,2434,-1,2430,2434,2432,-1,2432,2434,2433,-1,2927,2928,2434,-1,2434,2928,2929,-1,2434,2929,2436,-1,2436,2929,2930,-1,2436,2930,2931,-1,2931,1727,2436,-1,2436,1727,1729,-1,2436,1729,2438,-1,2438,1729,2932,-1,1728,1724,1729,-1,1729,1724,1726,-1,1729,1726,2932,-1,2932,1726,1825,-1,1725,2933,1726,-1,1726,2933,2440,-1,1726,2440,1824,-1,1824,2440,2439,-1,2933,2934,2440,-1,2440,2934,2935,-1,2440,2935,1821,-1,1821,2935,2936,-1,1821,2936,1822,-1,1822,2936,2937,-1,1822,2937,2447,-1,2938,2445,2939,-1,2939,2445,2447,-1,2939,2447,2940,-1,2940,2447,2937,-1,2938,2941,2445,-1,2445,2941,2451,-1,2445,2451,2443,-1,2443,2451,2450,-1,2942,2452,2943,-1,2943,2452,2451,-1,2943,2451,2944,-1,2944,2451,2941,-1,2942,2945,2452,-1,2452,2945,2460,-1,2452,2460,2453,-1,2453,2460,2459,-1,2946,2458,2947,-1,2947,2458,2460,-1,2947,2460,2948,-1,2948,2460,2945,-1,2946,2949,2458,-1,2458,2949,2462,-1,2458,2462,2456,-1,2456,2462,2461,-1,2949,2950,2462,-1,2462,2950,2951,-1,2462,2951,2463,-1,2463,2951,2952,-1,2463,2952,2466,-1,2466,2952,2953,-1,2953,2954,2466,-1,2466,2954,2470,-1,2466,2470,2464,-1,2464,2470,2469,-1,2954,2955,2470,-1,2470,2955,2956,-1,2470,2956,2471,-1,2471,2956,2957,-1,2471,2957,2958,-1,2958,1721,2471,-1,2471,1721,1723,-1,2471,1723,2472,-1,2472,1723,2959,-1,1722,1718,1723,-1,1723,1718,1720,-1,1723,1720,2959,-1,2959,1720,2476,-1,1719,2960,1720,-1,1720,2960,2478,-1,1720,2478,2475,-1,2475,2478,2477,-1,2961,2482,2962,-1,2962,2482,2479,-1,2962,2479,2963,-1,2963,2479,2478,-1,2963,2478,2964,-1,2964,2478,2960,-1,2961,2965,2482,-1,2482,2965,2486,-1,2482,2486,2480,-1,2480,2486,2485,-1,2966,2488,2967,-1,2967,2488,2486,-1,2967,2486,2968,-1,2968,2486,2965,-1,2966,2969,2488,-1,2488,2969,2491,-1,2488,2491,2489,-1,2489,2491,2490,-1,2970,2493,2971,-1,2971,2493,2491,-1,2971,2491,2972,-1,2972,2491,2969,-1,2970,2973,2493,-1,2493,2973,2497,-1,2493,2497,2495,-1,2495,2497,2496,-1,2974,2498,2975,-1,2975,2498,2497,-1,2975,2497,2976,-1,2976,2497,2973,-1,2974,2977,2498,-1,2498,2977,2502,-1,2498,2502,2499,-1,2499,2502,2504,-1,2977,2978,2502,-1,2502,2978,2979,-1,2502,2979,2503,-1,2503,2979,2980,-1,2503,2980,2509,-1,2980,2981,2509,-1,2509,2981,2982,-1,2509,2982,2507,-1,2507,2982,2983,-1,2507,2983,2984,-1,2984,1715,2507,-1,2507,1715,1717,-1,2507,1717,2505,-1,2505,1717,1820,-1,1716,1712,1717,-1,1717,1712,1714,-1,1717,1714,1819,-1,1819,1714,2513,-1,1713,1709,1714,-1,1714,1709,1711,-1,1714,1711,2512,-1,2512,1711,2985,-1,1710,2986,1711,-1,1711,2986,2515,-1,1711,2515,2985,-1,2985,2515,2514,-1,2986,2987,2515,-1,2515,2987,2988,-1,2515,2988,2517,-1,2517,2988,2989,-1,2517,2989,2520,-1,2990,2518,2991,-1,2991,2518,2520,-1,2991,2520,2992,-1,2992,2520,2989,-1,2990,2993,2518,-1,2518,2993,2530,-1,2518,2530,2523,-1,2523,2530,2529,-1,2994,2528,2995,-1,2995,2528,2530,-1,2995,2530,2996,-1,2996,2530,2993,-1,2994,2997,2528,-1,2528,2997,2535,-1,2528,2535,2526,-1,2526,2535,2534,-1,2998,2533,2999,-1,2999,2533,2535,-1,2999,2535,3000,-1,3000,2535,2997,-1,2998,3001,2533,-1,2533,3001,2537,-1,2533,2537,2531,-1,2531,2537,2536,-1,3001,3002,2537,-1,2537,3002,3003,-1,2537,3003,2539,-1,2539,3003,3004,-1,2539,3004,2542,-1,2542,3004,3005,-1,3005,3006,2542,-1,2542,3006,2549,-1,2542,2549,2540,-1,2540,2549,2548,-1,3006,3007,2549,-1,2549,3007,3008,-1,2549,3008,2547,-1,2547,3008,3009,-1,2547,3009,3010,-1,3010,1706,2547,-1,2547,1706,1708,-1,2547,1708,2545,-1,2545,1708,3011,-1,1707,1703,1708,-1,1708,1703,1705,-1,1708,1705,3011,-1,3011,1705,1818,-1,1704,3012,1705,-1,1705,3012,2551,-1,1705,2551,2550,-1,2550,2551,2553,-1,3012,3013,2551,-1,2551,3013,3014,-1,2551,3014,2552,-1,2552,3014,3015,-1,2552,3015,2556,-1,2556,3015,3016,-1,2556,3016,2554,-1,3017,2561,3018,-1,3018,2561,2554,-1,3018,2554,3019,-1,3019,2554,3016,-1,3017,3020,2561,-1,2561,3020,2565,-1,2561,2565,2559,-1,2559,2565,2564,-1,3021,2566,3022,-1,3022,2566,2565,-1,3022,2565,3023,-1,3023,2565,3020,-1,3021,3024,2566,-1,2566,3024,2574,-1,2566,2574,2567,-1,2567,2574,2573,-1,3025,2572,3026,-1,3026,2572,2574,-1,3026,2574,3027,-1,3027,2574,3024,-1,3025,3028,2572,-1,2572,3028,2578,-1,2572,2578,2570,-1,2570,2578,2576,-1,3028,3029,2578,-1,2578,3029,3030,-1,2578,3030,2577,-1,2577,3030,3031,-1,2577,3031,1816,-1,1816,3031,3032,-1,3032,3033,1816,-1,1816,3033,2581,-1,1816,2581,1814,-1,1814,2581,2580,-1,3033,3034,2581,-1,2581,3034,3035,-1,2581,3035,2583,-1,2583,3035,3036,-1,2583,3036,3037,-1,3037,1700,2583,-1,2583,1700,1702,-1,2583,1702,2584,-1,2584,1702,1813,-1,1701,1697,1702,-1,1702,1697,1699,-1,1702,1699,1812,-1,1812,1699,1811,-1,1698,3038,1699,-1,1699,3038,2587,-1,1699,2587,1810,-1,1810,2587,2588,-1,3039,1809,3040,-1,3040,1809,2585,-1,3040,2585,3041,-1,3041,2585,2587,-1,3041,2587,3042,-1,3042,2587,3038,-1,3039,3043,1809,-1,1809,3043,2591,-1,1809,2591,1807,-1,1807,2591,2590,-1,3044,2593,3045,-1,3045,2593,2591,-1,3045,2591,3046,-1,3046,2591,3043,-1,3044,3047,2593,-1,2593,3047,2596,-1,2593,2596,2594,-1,2594,2596,2595,-1,3048,2598,3049,-1,3049,2598,2596,-1,3049,2596,3050,-1,3050,2596,3047,-1,3048,3051,2598,-1,2598,3051,2602,-1,2598,2602,2600,-1,2600,2602,2601,-1,3052,2604,3053,-1,3053,2604,2602,-1,3053,2602,3054,-1,3054,2602,3051,-1,3052,3055,2604,-1,2604,3055,2607,-1,2604,2607,2605,-1,2605,2607,2606,-1,3055,3056,2607,-1,2607,3056,3057,-1,2607,3057,2609,-1,2609,3057,3058,-1,2609,3058,2612,-1,3058,3059,2612,-1,2612,3059,3060,-1,2612,3060,2610,-1,2610,3060,3061,-1,2610,3061,3062,-1,3062,1694,2610,-1,2610,1694,1696,-1,2610,1696,2615,-1,2615,1696,3063,-1,1695,1691,1696,-1,1696,1691,1693,-1,1696,1693,3063,-1,3063,1693,2619,-1,1692,1688,1693,-1,1693,1688,1690,-1,1693,1690,2618,-1,2618,1690,3064,-1,1689,3065,1690,-1,1690,3065,2621,-1,1690,2621,3064,-1,3064,2621,2620,-1,3065,3066,2621,-1,2621,3066,3067,-1,2621,3067,2623,-1,2623,3067,3068,-1,2623,3068,1806,-1,3069,1805,3070,-1,3070,1805,1806,-1,3070,1806,3071,-1,3071,1806,3068,-1,3069,3072,1805,-1,1805,3072,2628,-1,1805,2628,1803,-1,1803,2628,2627,-1,3073,2630,3074,-1,3074,2630,2628,-1,3074,2628,3075,-1,3075,2628,3072,-1,3073,3076,2630,-1,2630,3076,2634,-1,2630,2634,2632,-1,2632,2634,2633,-1,3077,2635,3078,-1,3078,2635,2634,-1,3078,2634,3079,-1,3079,2634,3076,-1,3077,3080,2635,-1,2635,3080,2639,-1,2635,2639,2636,-1,2636,2639,2641,-1,3080,3081,2639,-1,2639,3081,3082,-1,2639,3082,2640,-1,2640,3082,3083,-1,2640,3083,1802,-1,1802,3083,3084,-1,3084,3085,1802,-1,1802,3085,2644,-1,1802,2644,1800,-1,1800,2644,2643,-1,3085,3086,2644,-1,2644,3086,3087,-1,2644,3087,2646,-1,2646,3087,3088,-1,2646,3088,3089,-1,3089,1685,2646,-1,2646,1685,1687,-1,2646,1687,2648,-1,2648,1687,2650,-1,1686,1682,1687,-1,1687,1682,1684,-1,1687,1684,2649,-1,2649,1684,2652,-1,1683,3090,1684,-1,1684,3090,2656,-1,1684,2656,2651,-1,2651,2656,2655,-1,3090,3091,2656,-1,2656,3091,3092,-1,2656,3092,2653,-1,2653,3092,3093,-1,2653,3093,2658,-1,2658,3093,3094,-1,2658,3094,2660,-1,3095,1799,3096,-1,3096,1799,2660,-1,3096,2660,3097,-1,3097,2660,3094,-1,3095,3098,1799,-1,1799,3098,2664,-1,1799,2664,1797,-1,1797,2664,2663,-1,3099,2666,3100,-1,3100,2666,2664,-1,3100,2664,3101,-1,3101,2664,3098,-1,3099,3102,2666,-1,2666,3102,2669,-1,2666,2669,2667,-1,2667,2669,2668,-1,3103,2671,3104,-1,3104,2671,2669,-1,3104,2669,3105,-1,3105,2669,3102,-1,3103,3106,2671,-1,2671,3106,2675,-1,2671,2675,2673,-1,2673,2675,2674,-1,3106,3107,2675,-1,2675,3107,3108,-1,2675,3108,2677,-1,2677,3108,3109,-1,2677,3109,2679,-1,3109,3110,2679,-1,2679,3110,3111,-1,2679,3111,2682,-1,2682,3111,3112,-1,2682,3112,3113,-1,3113,1679,2682,-1,2682,1679,1681,-1,2682,1681,2680,-1,2680,1681,3114,-1,1680,1676,1681,-1,1681,1676,1678,-1,1681,1678,3114,-1,3114,1678,1796,-1,1677,1673,1678,-1,1678,1673,1675,-1,1678,1675,1795,-1,1795,1675,1794,-1,1674,3115,1675,-1,1675,3115,2686,-1,1675,2686,1793,-1,1793,2686,2685,-1,3116,2690,3117,-1,3117,2690,2688,-1,3117,2688,3118,-1,3118,2688,2686,-1,3118,2686,3119,-1,3119,2686,3115,-1,3116,3120,2690,-1,2690,3120,1951,-1,2690,1951,2692,-1,2692,1951,1950,-1,3121,1953,3122,-1,3122,1953,1951,-1,3122,1951,3123,-1,3123,1951,3120,-1,3121,3124,1953,-1,1953,3124,1956,-1,1953,1956,1955,-1,1955,1956,1958,-1,3125,1960,3126,-1,3126,1960,1956,-1,3126,1956,3127,-1,3127,1956,3124,-1,3125,3128,1960,-1,1960,3128,1965,-1,1960,1965,1962,-1,1962,1965,1970,-1,3129,1966,3130,-1,3130,1966,1965,-1,3130,1965,3131,-1,3131,1965,3128,-1,3129,3132,1966,-1,1966,3132,1976,-1,1966,1976,1971,-1,1971,1976,1978,-1,3132,3133,1976,-1,1976,3133,3134,-1,1976,3134,1974,-1,1974,3134,3135,-1,1974,3135,1983,-1,3135,3136,1983,-1,1983,3136,3137,-1,1983,3137,1985,-1,1985,3137,3138,-1,1985,3138,3139,-1,3139,1670,1985,-1,1985,1670,1672,-1,1985,1672,1987,-1,1987,1672,1886,-1,1671,1667,1672,-1,1672,1667,1669,-1,1672,1669,1990,-1,1990,1669,1994,-1,1668,3140,1669,-1,1669,3140,1997,-1,1669,1997,1991,-1,1991,1997,1996,-1,3140,3141,1997,-1,1997,3141,3142,-1,1997,3142,1884,-1,1884,3142,3143,-1,1884,3143,1999,-1,1999,3143,3144,-1,1999,3144,2001,-1,3145,2006,3146,-1,3146,2006,2001,-1,3146,2001,3147,-1,3147,2001,3144,-1,3145,3148,2006,-1,2006,3148,2014,-1,2006,2014,2009,-1,2009,2014,2016,-1,3149,2012,3150,-1,3150,2012,2014,-1,3150,2014,3151,-1,3151,2014,3148,-1,3149,3152,2012,-1,2012,3152,2022,-1,2012,2022,2017,-1,2017,2022,2024,-1,3153,1881,3154,-1,3154,1881,2022,-1,3154,2022,3155,-1,3155,2022,3152,-1,3153,3156,1881,-1,1881,3156,2027,-1,1881,2027,1879,-1,1879,2027,2028,-1,2036,3157,2038,-1,2038,3157,3158,-1,2038,3158,3159,-1,3159,3158,3160,-1,3159,3160,3161,-1,3161,3160,2033,-1,3161,2033,3162,-1,3162,2033,2030,-1,3162,2030,3163,-1,3163,2030,2027,-1,3163,2027,3164,-1,3164,2027,3156,-1,3123,3120,3165,-1,3046,3043,3166,-1,2990,2991,3167,-1,2987,2986,3168,-1,2968,2965,3169,-1,2936,2935,3170,-1,156,3171,188,-1,1898,1899,3172,-1,3173,3174,3175,-1,3175,3174,225,-1,3175,225,224,-1,3176,3177,3178,-1,3178,3177,3179,-1,3178,3179,3180,-1,3180,3179,3181,-1,3182,3183,3184,-1,3184,3183,3185,-1,3184,3185,3186,-1,3186,3185,3187,-1,3186,3187,3176,-1,3188,1903,3189,-1,3189,1903,1901,-1,3189,1901,3190,-1,3190,1901,1894,-1,3190,1894,3172,-1,3172,1894,1896,-1,3172,1896,1898,-1,157,161,3191,-1,3191,161,162,-1,3191,162,3192,-1,3192,162,163,-1,3192,163,2128,-1,160,159,3193,-1,3193,159,158,-1,3193,158,3194,-1,2694,2693,3186,-1,3186,2693,1923,-1,3186,1923,3184,-1,3184,1923,1920,-1,3184,1920,3182,-1,3182,1920,1915,-1,3182,1915,3195,-1,3195,1915,1917,-1,3195,1917,3196,-1,3196,1917,1913,-1,3196,1913,3197,-1,3197,1913,1911,-1,3197,1911,3198,-1,3198,1911,1909,-1,3198,1909,3188,-1,3188,1909,1906,-1,3188,1906,1903,-1,3176,3178,3186,-1,3186,3178,2695,-1,3186,2695,2694,-1,1790,3180,3173,-1,3173,3180,3181,-1,3173,3181,3174,-1,1790,2698,3180,-1,3180,2698,2697,-1,3180,2697,3178,-1,3178,2697,2696,-1,3178,2696,2695,-1,2699,1788,3175,-1,3175,1788,1787,-1,3175,1787,3173,-1,3173,1787,1791,-1,3173,1791,1790,-1,2700,3199,2701,-1,2701,3199,3200,-1,2701,3200,2702,-1,2702,3200,2703,-1,3201,3202,2706,-1,2710,2707,3203,-1,3203,2707,2704,-1,3203,2704,3202,-1,3202,2704,2705,-1,3202,2705,2706,-1,2709,3204,2708,-1,2708,3204,3205,-1,2708,3205,2711,-1,2711,3205,2714,-1,2713,3206,2712,-1,2712,3206,3207,-1,2712,3207,2715,-1,2715,3207,2716,-1,2717,3208,2718,-1,2718,3208,3209,-1,2718,3209,2719,-1,3210,3211,2723,-1,2723,2722,3210,-1,3210,2722,2721,-1,3210,2721,3209,-1,3209,2721,2720,-1,3209,2720,2719,-1,1781,1785,3212,-1,3212,1785,1784,-1,3212,1784,3211,-1,3211,1784,2724,-1,3211,2724,2723,-1,1782,3213,2726,-1,2726,3213,3214,-1,2726,3214,2727,-1,2727,3214,2728,-1,2729,3215,2730,-1,2730,3215,3216,-1,2730,3216,2733,-1,2733,3216,3217,-1,2733,3217,2732,-1,2732,3217,2731,-1,2734,3218,2737,-1,2737,3218,3219,-1,2737,3219,2736,-1,2736,3219,2735,-1,2738,3220,2741,-1,2741,3220,3221,-1,2741,3221,2740,-1,2740,3221,2739,-1,2742,3222,2743,-1,2743,3222,3223,-1,2743,3223,2744,-1,3224,3225,2748,-1,2748,2747,3224,-1,3224,2747,2746,-1,3224,2746,3223,-1,3223,2746,2745,-1,3223,2745,2744,-1,1775,1779,3226,-1,3226,1779,1778,-1,3226,1778,3225,-1,3225,1778,2749,-1,3225,2749,2748,-1,1776,3227,1772,-1,1772,3227,3228,-1,1772,3228,1773,-1,1773,3228,2751,-1,3229,2753,3230,-1,3230,2753,2752,-1,2755,2756,3231,-1,3231,2756,2757,-1,3231,2757,3229,-1,3229,2757,2754,-1,3229,2754,2753,-1,2758,3232,2761,-1,2761,3232,3233,-1,2761,3233,2760,-1,2760,3233,2759,-1,2762,3234,2765,-1,2765,3234,3235,-1,2765,3235,2764,-1,2764,3235,2763,-1,2766,3236,2767,-1,2767,3236,3237,-1,2767,3237,2768,-1,2768,3237,2769,-1,3238,3239,2774,-1,2774,2773,3238,-1,3238,2773,2772,-1,3238,2772,3240,-1,3240,2772,2771,-1,3240,2771,2770,-1,1766,1770,3241,-1,3241,1770,1769,-1,3241,1769,3239,-1,3239,1769,2775,-1,3239,2775,2774,-1,1767,3242,2776,-1,2776,3242,3243,-1,2776,3243,2777,-1,2777,3243,2778,-1,2779,3244,2780,-1,2780,3244,3245,-1,2780,3245,2783,-1,2782,3246,2781,-1,2781,3246,3247,-1,2781,3247,2784,-1,2784,3247,2787,-1,2786,3248,2785,-1,2785,3248,3249,-1,2785,3249,2788,-1,2788,3249,2791,-1,2790,3250,2789,-1,2789,3250,3251,-1,2789,3251,2792,-1,2792,3251,2793,-1,2794,3252,2795,-1,2795,3252,3253,-1,2795,3253,2796,-1,3254,2798,3253,-1,3253,2798,2797,-1,3253,2797,2796,-1,1763,2801,3255,-1,3255,2801,2800,-1,3255,2800,3254,-1,3254,2800,2799,-1,3254,2799,2798,-1,1764,3256,1760,-1,1760,3256,3257,-1,1760,3257,1761,-1,1761,3257,2803,-1,2807,3258,2806,-1,2806,3258,3259,-1,2806,3259,2805,-1,2805,3259,2804,-1,2808,3260,2811,-1,2811,3260,3261,-1,2811,3261,2810,-1,2810,3261,2809,-1,2812,3262,2815,-1,2815,3262,3263,-1,2815,3263,2814,-1,2814,3263,2813,-1,2816,3264,2819,-1,2819,3264,3265,-1,2819,3265,2818,-1,2818,3265,2817,-1,2820,3266,2821,-1,2821,3266,3267,-1,2821,3267,2822,-1,3268,3269,2826,-1,2826,2825,3268,-1,3268,2825,2824,-1,3268,2824,3267,-1,3267,2824,2823,-1,3267,2823,2822,-1,1754,1758,3270,-1,3270,1758,1757,-1,3270,1757,3269,-1,3269,1757,2827,-1,3269,2827,2826,-1,1755,3271,1751,-1,1751,3271,3272,-1,1751,3272,1752,-1,1752,3272,2829,-1,2830,3273,2831,-1,2831,3273,3274,-1,2831,3274,2832,-1,2832,3274,2835,-1,2834,3275,2833,-1,2833,3275,3276,-1,2833,3276,2836,-1,2836,3276,2839,-1,2838,3277,2837,-1,2837,3277,3278,-1,2837,3278,2840,-1,2840,3278,2843,-1,2842,3279,2841,-1,2841,3279,3280,-1,2841,3280,2844,-1,2844,3280,2845,-1,2846,3281,2847,-1,2847,3281,3282,-1,2847,3282,2848,-1,3283,2850,3282,-1,3282,2850,2849,-1,3282,2849,2848,-1,1748,2853,3284,-1,3284,2853,2852,-1,3284,2852,3283,-1,3283,2852,2851,-1,3283,2851,2850,-1,1749,3285,1745,-1,1745,3285,3286,-1,1745,3286,1746,-1,1746,3286,2855,-1,2856,3287,2857,-1,2857,3287,3288,-1,2857,3288,2858,-1,2858,3288,2859,-1,2860,2861,3289,-1,3289,2861,2862,-1,3289,2862,3290,-1,2863,3291,2866,-1,2866,3291,3292,-1,2866,3292,2865,-1,2865,3292,2864,-1,2867,3293,2870,-1,2870,3293,3294,-1,2870,3294,2869,-1,2869,3294,2868,-1,2871,3295,2872,-1,2872,3295,3296,-1,2872,3296,2873,-1,3297,3298,2877,-1,2877,2876,3297,-1,3297,2876,2875,-1,3297,2875,3296,-1,3296,2875,2874,-1,3296,2874,2873,-1,1742,2880,3299,-1,3299,2880,2879,-1,3299,2879,3298,-1,3298,2879,2878,-1,3298,2878,2877,-1,1743,3300,1739,-1,1739,3300,3301,-1,1739,3301,1740,-1,1740,3301,2881,-1,2885,3302,3303,-1,2882,2883,3303,-1,3303,2883,2884,-1,3303,2884,2885,-1,2886,3304,2889,-1,2889,3304,3305,-1,2889,3305,2888,-1,2888,3305,2887,-1,2890,3306,2893,-1,2893,3306,3307,-1,2893,3307,2892,-1,2892,3307,2891,-1,2894,3308,2897,-1,2897,3308,3309,-1,2897,3309,2896,-1,2896,3309,2895,-1,2898,3310,2899,-1,2899,3310,3311,-1,2899,3311,2900,-1,3312,2902,3311,-1,3311,2902,2901,-1,3311,2901,2900,-1,1736,2905,3313,-1,3313,2905,2904,-1,3313,2904,3312,-1,3312,2904,2903,-1,3312,2903,2902,-1,1737,3314,1733,-1,1733,3314,3315,-1,1733,3315,1734,-1,1734,3315,1730,-1,1731,3316,2907,-1,2907,3316,3317,-1,2907,3317,2908,-1,2911,2912,3318,-1,3318,2912,2913,-1,3318,2913,3319,-1,3319,2913,2910,-1,3319,2910,2909,-1,2914,3320,2917,-1,2917,3320,3321,-1,2917,3321,2916,-1,2916,3321,2915,-1,2918,3322,2921,-1,2921,3322,3323,-1,2921,3323,2920,-1,2920,3323,2919,-1,2922,3324,2923,-1,2923,3324,3325,-1,2923,3325,2924,-1,2924,3325,2925,-1,2930,2929,3326,-1,3326,2929,2928,-1,3326,2928,3327,-1,3327,2928,2927,-1,3327,2927,2926,-1,2931,3328,1727,-1,1727,3328,3329,-1,1727,3329,1728,-1,1728,3329,1724,-1,3330,2933,3331,-1,3331,2933,1725,-1,3170,2935,3330,-1,3330,2935,2934,-1,3330,2934,2933,-1,2937,3332,2940,-1,2940,3332,3333,-1,2940,3333,2939,-1,2939,3333,2938,-1,2941,3334,2944,-1,2944,3334,3335,-1,2944,3335,2943,-1,2943,3335,2942,-1,2945,3336,2948,-1,2948,3336,3337,-1,2948,3337,2947,-1,2947,3337,2946,-1,2949,3338,2950,-1,2950,3338,3339,-1,2950,3339,2951,-1,3340,2953,3339,-1,3339,2953,2952,-1,3339,2952,2951,-1,2957,2956,3341,-1,3341,2956,2955,-1,3341,2955,3340,-1,3340,2955,2954,-1,3340,2954,2953,-1,2958,3342,1721,-1,1721,3342,3343,-1,1721,3343,1722,-1,1722,3343,1718,-1,1719,3344,2960,-1,2960,3344,3345,-1,2960,3345,2964,-1,2964,3345,2963,-1,2965,2961,3169,-1,3169,2961,2962,-1,3169,2962,3346,-1,2967,3347,2966,-1,2966,3347,3348,-1,2966,3348,2969,-1,2969,3348,2972,-1,2971,3349,2970,-1,2970,3349,3350,-1,2970,3350,2973,-1,2973,3350,2976,-1,2975,3351,2974,-1,2974,3351,3352,-1,2974,3352,2977,-1,2977,3352,2978,-1,2978,3352,3353,-1,2978,3353,2979,-1,2983,2982,3354,-1,3354,2982,2981,-1,3354,2981,3353,-1,3353,2981,2980,-1,3353,2980,2979,-1,2984,3355,1715,-1,1715,3355,3356,-1,1715,3356,1716,-1,1716,3356,1712,-1,3357,1709,3358,-1,3358,1709,1713,-1,3168,2986,3357,-1,3357,2986,1710,-1,3357,1710,1709,-1,2988,3359,2989,-1,2989,3359,3167,-1,2989,3167,2992,-1,2992,3167,2991,-1,2993,3360,2996,-1,2996,3360,3361,-1,2996,3361,2995,-1,2995,3361,2994,-1,2997,3362,3000,-1,3000,3362,3363,-1,3000,3363,2999,-1,2999,3363,2998,-1,3001,3364,3002,-1,3002,3364,3365,-1,3002,3365,3003,-1,3003,3365,3004,-1,3004,3365,3366,-1,3004,3366,3005,-1,3009,3008,3367,-1,3367,3008,3007,-1,3367,3007,3366,-1,3366,3007,3006,-1,3366,3006,3005,-1,3010,3368,1706,-1,1706,3368,3369,-1,1706,3369,1707,-1,1707,3369,1703,-1,1704,3370,3012,-1,3012,3370,3371,-1,3012,3371,3013,-1,3013,3371,3014,-1,3019,3016,3372,-1,3372,3016,3015,-1,3372,3015,3373,-1,3018,3374,3017,-1,3017,3374,3375,-1,3017,3375,3020,-1,3020,3375,3023,-1,3022,3376,3021,-1,3021,3376,3377,-1,3021,3377,3024,-1,3024,3377,3027,-1,3026,3378,3025,-1,3025,3378,3379,-1,3025,3379,3028,-1,3028,3379,3029,-1,3029,3379,3380,-1,3029,3380,3030,-1,3034,3033,3381,-1,3381,3033,3032,-1,3381,3032,3380,-1,3380,3032,3031,-1,3380,3031,3030,-1,3035,3382,3036,-1,3036,3382,3383,-1,3036,3383,3037,-1,3037,3383,1700,-1,3384,1697,3385,-1,3385,1697,1701,-1,3041,3042,3386,-1,3386,3042,3038,-1,3386,3038,3384,-1,3384,3038,1698,-1,3384,1698,1697,-1,3043,3039,3166,-1,3166,3039,3040,-1,3166,3040,3387,-1,3045,3388,3044,-1,3044,3388,3389,-1,3044,3389,3047,-1,3047,3389,3050,-1,3049,3390,3048,-1,3048,3390,3391,-1,3048,3391,3051,-1,3051,3391,3054,-1,3053,3392,3052,-1,3052,3392,3393,-1,3052,3393,3055,-1,3055,3393,3056,-1,3056,3393,3394,-1,3056,3394,3057,-1,3061,3060,3395,-1,3395,3060,3059,-1,3395,3059,3394,-1,3394,3059,3058,-1,3394,3058,3057,-1,3062,3396,1694,-1,1694,3396,3397,-1,1694,3397,1695,-1,1695,3397,1691,-1,1692,3398,1688,-1,1688,3398,3399,-1,1688,3399,1689,-1,1689,3399,3065,-1,3068,3067,3400,-1,3400,3067,3066,-1,3400,3066,3401,-1,3075,3072,3402,-1,3402,3072,3069,-1,3402,3069,3403,-1,3403,3069,3070,-1,3403,3070,3071,-1,3074,3404,3073,-1,3073,3404,3405,-1,3073,3405,3076,-1,3076,3405,3079,-1,3078,3406,3077,-1,3077,3406,3407,-1,3408,3081,3407,-1,3407,3081,3080,-1,3407,3080,3077,-1,3409,3083,3408,-1,3408,3083,3082,-1,3408,3082,3081,-1,3086,3085,3409,-1,3409,3085,3084,-1,3409,3084,3083,-1,3087,3410,3088,-1,3088,3410,3411,-1,3088,3411,3089,-1,3089,3411,1685,-1,3412,1682,3413,-1,3413,1682,1686,-1,3092,3091,3414,-1,3414,3091,3090,-1,3414,3090,3412,-1,3412,3090,1683,-1,3412,1683,1682,-1,3097,3094,3415,-1,3415,3094,3093,-1,3415,3093,3416,-1,3096,3417,3095,-1,3095,3417,3418,-1,3095,3418,3098,-1,3098,3418,3101,-1,3100,3419,3099,-1,3099,3419,3420,-1,3421,3105,3420,-1,3420,3105,3102,-1,3420,3102,3099,-1,3422,3103,3421,-1,3421,3103,3104,-1,3421,3104,3105,-1,3423,3107,3422,-1,3422,3107,3106,-1,3422,3106,3103,-1,3110,3109,3423,-1,3423,3109,3108,-1,3423,3108,3107,-1,3111,3424,3112,-1,3112,3424,3425,-1,3112,3425,3113,-1,3113,3425,1679,-1,1680,3426,1676,-1,1676,3426,3427,-1,1676,3427,1677,-1,1677,3427,1673,-1,1674,3428,3115,-1,3115,3428,3429,-1,3115,3429,3119,-1,3118,3430,3117,-1,3117,3430,3165,-1,3117,3165,3116,-1,3116,3165,3120,-1,3122,3431,3121,-1,3121,3431,3432,-1,3121,3432,3124,-1,3124,3432,3127,-1,3126,3433,3125,-1,3125,3433,3434,-1,3435,3131,3434,-1,3434,3131,3128,-1,3434,3128,3125,-1,3436,3129,3435,-1,3435,3129,3130,-1,3435,3130,3131,-1,3437,3133,3436,-1,3436,3133,3132,-1,3436,3132,3129,-1,3136,3135,3437,-1,3437,3135,3134,-1,3437,3134,3133,-1,3137,3438,3138,-1,3138,3438,3439,-1,3138,3439,3139,-1,3139,3439,1670,-1,1671,3440,1667,-1,1667,3440,3441,-1,1667,3441,1668,-1,1668,3441,3140,-1,3141,3442,3142,-1,3142,3442,3443,-1,3142,3443,3143,-1,3144,3444,3147,-1,3147,3444,3445,-1,3147,3445,3146,-1,3146,3445,3145,-1,3148,3446,3151,-1,3151,3446,3447,-1,3151,3447,3150,-1,3150,3447,3149,-1,3152,3448,3155,-1,3155,3448,3449,-1,3450,3153,3449,-1,3449,3153,3154,-1,3449,3154,3155,-1,3162,3163,3451,-1,3451,3163,3164,-1,3451,3164,3450,-1,3450,3164,3156,-1,3450,3156,3153,-1,2040,2037,3452,-1,3452,2037,2038,-1,3452,2038,3453,-1,3453,2038,3159,-1,3453,3159,3161,-1,2042,3454,2051,-1,2051,3454,3455,-1,2051,3455,2048,-1,2048,3455,2046,-1,2044,3456,1876,-1,1876,3456,3457,-1,1876,3457,1877,-1,1877,3457,2057,-1,2063,2061,3458,-1,3458,2061,1875,-1,3458,1875,3459,-1,2070,3460,2068,-1,2068,3460,3461,-1,2068,3461,2074,-1,2074,3461,2076,-1,2079,3462,2082,-1,2082,3462,3463,-1,3464,2086,3463,-1,3463,2086,2084,-1,3463,2084,2082,-1,3465,2088,3464,-1,3464,2088,2090,-1,3464,2090,2086,-1,3466,2093,3465,-1,3465,2093,2095,-1,3465,2095,2088,-1,2104,1871,3466,-1,3466,1871,1870,-1,3466,1870,2093,-1,2101,3467,2108,-1,2108,3467,3468,-1,2108,3468,2110,-1,2110,3468,2119,-1,3469,2112,3470,-1,3470,2112,2117,-1,2130,2122,3471,-1,3471,2122,2124,-1,3471,2124,3469,-1,3469,2124,2113,-1,3469,2113,2112,-1,224,426,3175,-1,3175,426,3199,-1,3175,3199,2699,-1,2699,3199,2700,-1,426,427,3199,-1,3199,427,421,-1,3199,421,3200,-1,3200,421,414,-1,414,416,3200,-1,3200,416,3201,-1,3200,3201,2703,-1,2703,3201,2706,-1,416,408,3201,-1,3201,408,411,-1,3201,411,3202,-1,3202,411,403,-1,393,3203,400,-1,400,3203,3202,-1,400,3202,405,-1,405,3202,403,-1,393,395,3203,-1,3203,395,3204,-1,3203,3204,2710,-1,2710,3204,2709,-1,389,3205,391,-1,391,3205,3204,-1,391,3204,397,-1,397,3204,395,-1,389,387,3205,-1,3205,387,3206,-1,3205,3206,2714,-1,2714,3206,2713,-1,376,3207,383,-1,383,3207,3206,-1,383,3206,381,-1,381,3206,387,-1,376,371,3207,-1,3207,371,3208,-1,3207,3208,2716,-1,2716,3208,2717,-1,363,3209,364,-1,364,3209,3208,-1,364,3208,373,-1,373,3208,371,-1,363,368,3209,-1,3209,368,361,-1,3209,361,3210,-1,3210,361,360,-1,3210,360,3211,-1,360,227,3211,-1,3211,227,226,-1,3211,226,3212,-1,3212,226,352,-1,352,354,3212,-1,3212,354,3213,-1,3212,3213,1781,-1,1781,3213,1782,-1,354,345,3213,-1,3213,345,347,-1,3213,347,3214,-1,3214,347,343,-1,343,341,3214,-1,3214,341,3215,-1,3214,3215,2728,-1,2728,3215,2729,-1,341,338,3215,-1,3215,338,335,-1,3215,335,3216,-1,3216,335,332,-1,324,3217,327,-1,327,3217,3216,-1,327,3216,330,-1,330,3216,332,-1,324,321,3217,-1,3217,321,3218,-1,3217,3218,2731,-1,2731,3218,2734,-1,458,3219,319,-1,319,3219,3218,-1,319,3218,320,-1,320,3218,321,-1,458,459,3219,-1,3219,459,3220,-1,3219,3220,2735,-1,2735,3220,2738,-1,462,3221,461,-1,461,3221,3220,-1,461,3220,460,-1,460,3220,459,-1,462,463,3221,-1,3221,463,3222,-1,3221,3222,2739,-1,2739,3222,2742,-1,466,3223,467,-1,467,3223,3222,-1,467,3222,464,-1,464,3222,463,-1,466,465,3223,-1,3223,465,222,-1,3223,222,3224,-1,3224,222,471,-1,3224,471,3225,-1,471,470,3225,-1,3225,470,469,-1,3225,469,3226,-1,3226,469,468,-1,468,475,3226,-1,3226,475,3227,-1,3226,3227,1775,-1,1775,3227,1776,-1,475,474,3227,-1,3227,474,473,-1,3227,473,3228,-1,3228,473,472,-1,472,480,3228,-1,3228,480,3230,-1,3228,3230,2751,-1,2751,3230,2752,-1,480,479,3230,-1,3230,479,478,-1,3230,478,3229,-1,3229,478,477,-1,482,3231,481,-1,481,3231,3229,-1,481,3229,476,-1,476,3229,477,-1,482,483,3231,-1,3231,483,3232,-1,3231,3232,2755,-1,2755,3232,2758,-1,486,3233,485,-1,485,3233,3232,-1,485,3232,484,-1,484,3232,483,-1,486,487,3233,-1,3233,487,3234,-1,3233,3234,2759,-1,2759,3234,2762,-1,490,3235,489,-1,489,3235,3234,-1,489,3234,488,-1,488,3234,487,-1,490,491,3235,-1,3235,491,3236,-1,3235,3236,2763,-1,2763,3236,2766,-1,494,3237,493,-1,493,3237,3236,-1,493,3236,492,-1,492,3236,491,-1,494,495,3237,-1,3237,495,3240,-1,3237,3240,2769,-1,2769,3240,2770,-1,495,496,3240,-1,3240,496,497,-1,3240,497,3238,-1,3238,497,501,-1,3238,501,3239,-1,501,499,3239,-1,3239,499,507,-1,3239,507,3241,-1,3241,507,506,-1,506,505,3241,-1,3241,505,3242,-1,3241,3242,1766,-1,1766,3242,1767,-1,505,504,3242,-1,3242,504,512,-1,3242,512,3243,-1,3243,512,511,-1,511,509,3243,-1,3243,509,3244,-1,3243,3244,2778,-1,2778,3244,2779,-1,509,508,3244,-1,3244,508,513,-1,3244,513,3245,-1,3245,513,515,-1,3245,515,517,-1,517,521,3245,-1,3245,521,3246,-1,3245,3246,2783,-1,2783,3246,2782,-1,523,3247,524,-1,524,3247,3246,-1,524,3246,520,-1,520,3246,521,-1,523,527,3247,-1,3247,527,3248,-1,3247,3248,2787,-1,2787,3248,2786,-1,531,3249,532,-1,532,3249,3248,-1,532,3248,526,-1,526,3248,527,-1,531,529,3249,-1,3249,529,3250,-1,3249,3250,2791,-1,2791,3250,2790,-1,535,3251,533,-1,533,3251,3250,-1,533,3250,528,-1,528,3250,529,-1,535,543,3251,-1,3251,543,3252,-1,3251,3252,2793,-1,2793,3252,2794,-1,543,542,3252,-1,3252,542,540,-1,3252,540,3253,-1,3253,540,538,-1,3253,538,3254,-1,538,537,3254,-1,3254,537,547,-1,3254,547,3255,-1,3255,547,549,-1,549,550,3255,-1,3255,550,3256,-1,3255,3256,1763,-1,1763,3256,1764,-1,550,546,3256,-1,3256,546,556,-1,3256,556,3257,-1,3257,556,555,-1,555,554,3257,-1,3257,554,3258,-1,3257,3258,2803,-1,2803,3258,2807,-1,554,553,3258,-1,3258,553,560,-1,3258,560,3259,-1,3259,560,559,-1,3259,559,558,-1,558,218,3259,-1,3259,218,3260,-1,3259,3260,2804,-1,2804,3260,2808,-1,563,3261,561,-1,561,3261,3260,-1,561,3260,217,-1,217,3260,218,-1,563,567,3261,-1,3261,567,3262,-1,3261,3262,2809,-1,2809,3262,2812,-1,571,3263,572,-1,572,3263,3262,-1,572,3262,566,-1,566,3262,567,-1,571,569,3263,-1,3263,569,3264,-1,3263,3264,2813,-1,2813,3264,2816,-1,575,3265,573,-1,573,3265,3264,-1,573,3264,568,-1,568,3264,569,-1,575,579,3265,-1,3265,579,3266,-1,3265,3266,2817,-1,2817,3266,2820,-1,216,3267,577,-1,577,3267,3266,-1,577,3266,578,-1,578,3266,579,-1,216,585,3267,-1,3267,585,584,-1,3267,584,3268,-1,3268,584,583,-1,3268,583,3269,-1,583,582,3269,-1,3269,582,590,-1,3269,590,3270,-1,3270,590,589,-1,589,587,3270,-1,3270,587,3271,-1,3270,3271,1754,-1,1754,3271,1755,-1,587,586,3271,-1,3271,586,594,-1,3271,594,3272,-1,3272,594,596,-1,596,597,3272,-1,3272,597,3273,-1,3272,3273,2829,-1,2829,3273,2830,-1,597,593,3273,-1,3273,593,602,-1,3273,602,3274,-1,3274,602,601,-1,3274,601,599,-1,599,605,3274,-1,3274,605,3275,-1,3274,3275,2835,-1,2835,3275,2834,-1,607,3276,608,-1,608,3276,3275,-1,608,3275,604,-1,604,3275,605,-1,607,611,3276,-1,3276,611,3277,-1,3276,3277,2839,-1,2839,3277,2838,-1,613,3278,614,-1,614,3278,3277,-1,614,3277,610,-1,610,3277,611,-1,613,617,3278,-1,3278,617,3279,-1,3278,3279,2843,-1,2843,3279,2842,-1,621,3280,622,-1,622,3280,3279,-1,622,3279,616,-1,616,3279,617,-1,621,619,3280,-1,3280,619,3281,-1,3280,3281,2845,-1,2845,3281,2846,-1,619,618,3281,-1,3281,618,213,-1,3281,213,3282,-1,3282,213,628,-1,3282,628,3283,-1,628,627,3283,-1,3283,627,626,-1,3283,626,3284,-1,3284,626,625,-1,625,634,3284,-1,3284,634,3285,-1,3284,3285,1748,-1,1748,3285,1749,-1,634,633,3285,-1,3285,633,632,-1,3285,632,3286,-1,3286,632,631,-1,631,639,3286,-1,3286,639,3287,-1,3286,3287,2855,-1,2855,3287,2856,-1,639,638,3287,-1,3287,638,636,-1,3287,636,3288,-1,3288,636,635,-1,3288,635,640,-1,640,642,3288,-1,3288,642,3290,-1,3288,3290,2859,-1,2859,3290,2862,-1,649,3289,650,-1,650,3289,3290,-1,650,3290,644,-1,644,3290,642,-1,649,647,3289,-1,3289,647,3291,-1,3289,3291,2860,-1,2860,3291,2863,-1,653,3292,651,-1,651,3292,3291,-1,651,3291,646,-1,646,3291,647,-1,653,657,3292,-1,3292,657,3293,-1,3292,3293,2864,-1,2864,3293,2867,-1,659,3294,660,-1,660,3294,3293,-1,660,3293,656,-1,656,3293,657,-1,659,663,3294,-1,3294,663,3295,-1,3294,3295,2868,-1,2868,3295,2871,-1,210,3296,661,-1,661,3296,3295,-1,661,3295,662,-1,662,3295,663,-1,210,668,3296,-1,3296,668,667,-1,3296,667,3297,-1,3297,667,665,-1,3297,665,3298,-1,665,664,3298,-1,3298,664,672,-1,3298,672,3299,-1,3299,672,674,-1,674,675,3299,-1,3299,675,3300,-1,3299,3300,1742,-1,1742,3300,1743,-1,675,671,3300,-1,3300,671,680,-1,3300,680,3301,-1,3301,680,679,-1,679,677,3301,-1,3301,677,3302,-1,3301,3302,2881,-1,2881,3302,2885,-1,677,676,3302,-1,3302,676,681,-1,3302,681,3303,-1,3303,681,683,-1,3303,683,685,-1,685,689,3303,-1,3303,689,3304,-1,3303,3304,2882,-1,2882,3304,2886,-1,691,3305,692,-1,692,3305,3304,-1,692,3304,688,-1,688,3304,689,-1,691,695,3305,-1,3305,695,3306,-1,3305,3306,2887,-1,2887,3306,2890,-1,699,3307,700,-1,700,3307,3306,-1,700,3306,694,-1,694,3306,695,-1,699,697,3307,-1,3307,697,3308,-1,3307,3308,2891,-1,2891,3308,2894,-1,703,3309,701,-1,701,3309,3308,-1,701,3308,696,-1,696,3308,697,-1,703,712,3309,-1,3309,712,3310,-1,3309,3310,2895,-1,2895,3310,2898,-1,712,711,3310,-1,3310,711,709,-1,3310,709,3311,-1,3311,709,708,-1,3311,708,3312,-1,708,707,3312,-1,3312,707,718,-1,3312,718,3313,-1,3313,718,717,-1,717,716,3313,-1,3313,716,3314,-1,3313,3314,1736,-1,1736,3314,1737,-1,716,715,3314,-1,3314,715,724,-1,3314,724,3315,-1,3315,724,723,-1,723,722,3315,-1,3315,722,3316,-1,3315,3316,1730,-1,1730,3316,1731,-1,722,721,3316,-1,3316,721,731,-1,3316,731,3317,-1,3317,731,730,-1,3317,730,728,-1,728,726,3317,-1,3317,726,3319,-1,3317,3319,2908,-1,2908,3319,2909,-1,734,3318,732,-1,732,3318,3319,-1,732,3319,725,-1,725,3319,726,-1,734,738,3318,-1,3318,738,3320,-1,3318,3320,2911,-1,2911,3320,2914,-1,740,3321,741,-1,741,3321,3320,-1,741,3320,737,-1,737,3320,738,-1,740,744,3321,-1,3321,744,3322,-1,3321,3322,2915,-1,2915,3322,2918,-1,746,3323,747,-1,747,3323,3322,-1,747,3322,743,-1,743,3322,744,-1,746,752,3323,-1,3323,752,3324,-1,3323,3324,2919,-1,2919,3324,2922,-1,748,3325,749,-1,749,3325,3324,-1,749,3324,751,-1,751,3324,752,-1,748,756,3325,-1,3325,756,3327,-1,3325,3327,2925,-1,2925,3327,2926,-1,756,758,3327,-1,3327,758,759,-1,3327,759,3326,-1,3326,759,755,-1,755,764,3326,-1,3326,764,3328,-1,3326,3328,2930,-1,2930,3328,2931,-1,764,763,3328,-1,3328,763,761,-1,3328,761,3329,-1,3329,761,760,-1,760,768,3329,-1,3329,768,3331,-1,3329,3331,1724,-1,1724,3331,1725,-1,768,770,3331,-1,3331,770,771,-1,3331,771,3330,-1,3330,771,767,-1,773,3170,775,-1,775,3170,3330,-1,775,3330,776,-1,776,3330,767,-1,773,779,3170,-1,3170,779,3332,-1,3170,3332,2936,-1,2936,3332,2937,-1,783,3333,784,-1,784,3333,3332,-1,784,3332,778,-1,778,3332,779,-1,783,781,3333,-1,3333,781,3334,-1,3333,3334,2938,-1,2938,3334,2941,-1,787,3335,785,-1,785,3335,3334,-1,785,3334,780,-1,780,3334,781,-1,787,791,3335,-1,3335,791,3336,-1,3335,3336,2942,-1,2942,3336,2945,-1,795,3337,796,-1,796,3337,3336,-1,796,3336,790,-1,790,3336,791,-1,795,793,3337,-1,3337,793,3338,-1,3337,3338,2946,-1,2946,3338,2949,-1,793,792,3338,-1,3338,792,207,-1,3338,207,3339,-1,3339,207,802,-1,3339,802,3340,-1,802,801,3340,-1,3340,801,800,-1,3340,800,3341,-1,3341,800,799,-1,799,807,3341,-1,3341,807,3342,-1,3341,3342,2957,-1,2957,3342,2958,-1,807,806,3342,-1,3342,806,804,-1,3342,804,3343,-1,3343,804,803,-1,803,808,3343,-1,3343,808,3344,-1,3343,3344,1718,-1,1718,3344,1719,-1,808,810,3344,-1,3344,810,812,-1,3344,812,3345,-1,3345,812,813,-1,3345,813,816,-1,816,815,3345,-1,3345,815,3346,-1,3345,3346,2963,-1,2963,3346,2962,-1,821,3169,820,-1,820,3169,3346,-1,820,3346,818,-1,818,3346,815,-1,821,823,3169,-1,3169,823,3347,-1,3169,3347,2968,-1,2968,3347,2967,-1,827,3348,826,-1,826,3348,3347,-1,826,3347,824,-1,824,3347,823,-1,827,829,3348,-1,3348,829,3349,-1,3348,3349,2972,-1,2972,3349,2971,-1,833,3350,832,-1,832,3350,3349,-1,832,3349,830,-1,830,3349,829,-1,833,835,3350,-1,3350,835,3351,-1,3350,3351,2976,-1,2976,3351,2975,-1,835,836,3351,-1,3351,836,838,-1,3351,838,3352,-1,3352,838,839,-1,3352,839,3353,-1,839,841,3353,-1,3353,841,843,-1,3353,843,3354,-1,3354,843,844,-1,844,848,3354,-1,3354,848,3355,-1,3354,3355,2983,-1,2983,3355,2984,-1,848,850,3355,-1,3355,850,851,-1,3355,851,3356,-1,3356,851,847,-1,847,857,3356,-1,3356,857,3358,-1,3356,3358,1712,-1,1712,3358,1713,-1,857,856,3358,-1,3358,856,855,-1,3358,855,3357,-1,3357,855,854,-1,861,3168,863,-1,863,3168,3357,-1,863,3357,864,-1,864,3357,854,-1,861,859,3168,-1,3168,859,3359,-1,3168,3359,2987,-1,2987,3359,2988,-1,867,3167,865,-1,865,3167,3359,-1,865,3359,858,-1,858,3359,859,-1,867,871,3167,-1,3167,871,3360,-1,3167,3360,2990,-1,2990,3360,2993,-1,875,3361,876,-1,876,3361,3360,-1,876,3360,870,-1,870,3360,871,-1,875,873,3361,-1,3361,873,3362,-1,3361,3362,2994,-1,2994,3362,2997,-1,873,872,3362,-1,3362,872,877,-1,3362,877,3363,-1,3363,877,879,-1,3363,879,886,-1,886,885,3363,-1,3363,885,3364,-1,3363,3364,2998,-1,2998,3364,3001,-1,885,884,3364,-1,3364,884,883,-1,3364,883,3365,-1,3365,883,892,-1,3365,892,3366,-1,892,891,3366,-1,3366,891,890,-1,3366,890,3367,-1,3367,890,889,-1,889,897,3367,-1,3367,897,3368,-1,3367,3368,3009,-1,3009,3368,3010,-1,897,896,3368,-1,3368,896,894,-1,3368,894,3369,-1,3369,894,893,-1,893,901,3369,-1,3369,901,3370,-1,3369,3370,1703,-1,1703,3370,1704,-1,901,899,3370,-1,3370,899,908,-1,3370,908,3371,-1,3371,908,907,-1,3371,907,905,-1,905,903,3371,-1,3371,903,3373,-1,3371,3373,3014,-1,3014,3373,3015,-1,911,3372,909,-1,909,3372,3373,-1,909,3373,902,-1,902,3373,903,-1,911,917,3372,-1,3372,917,3374,-1,3372,3374,3019,-1,3019,3374,3018,-1,913,3375,914,-1,914,3375,3374,-1,914,3374,916,-1,916,3374,917,-1,913,918,3375,-1,3375,918,3376,-1,3375,3376,3023,-1,3023,3376,3022,-1,923,3377,922,-1,922,3377,3376,-1,922,3376,920,-1,920,3376,918,-1,923,925,3377,-1,3377,925,3378,-1,3377,3378,3027,-1,3027,3378,3026,-1,925,926,3378,-1,3378,926,928,-1,3378,928,3379,-1,3379,928,932,-1,3379,932,3380,-1,932,934,3380,-1,3380,934,935,-1,3380,935,3381,-1,3381,935,931,-1,931,941,3381,-1,3381,941,3382,-1,3381,3382,3034,-1,3034,3382,3035,-1,941,940,3382,-1,3382,940,939,-1,3382,939,3383,-1,3383,939,938,-1,938,947,3383,-1,3383,947,3385,-1,3383,3385,1700,-1,1700,3385,1701,-1,947,946,3385,-1,3385,946,945,-1,3385,945,3384,-1,3384,945,944,-1,951,3386,953,-1,953,3386,3384,-1,953,3384,954,-1,954,3384,944,-1,951,949,3386,-1,3386,949,3387,-1,3386,3387,3041,-1,3041,3387,3040,-1,957,3166,955,-1,955,3166,3387,-1,955,3387,948,-1,948,3387,949,-1,957,959,3166,-1,3166,959,3388,-1,3166,3388,3046,-1,3046,3388,3045,-1,963,3389,961,-1,961,3389,3388,-1,961,3388,960,-1,960,3388,959,-1,963,967,3389,-1,3389,967,3390,-1,3389,3390,3050,-1,3050,3390,3049,-1,967,966,3390,-1,3390,966,970,-1,3390,970,3391,-1,3391,970,969,-1,3391,969,976,-1,976,975,3391,-1,3391,975,3392,-1,3391,3392,3054,-1,3054,3392,3053,-1,975,974,3392,-1,3392,974,973,-1,3392,973,3393,-1,3393,973,981,-1,3393,981,3394,-1,981,980,3394,-1,3394,980,978,-1,3394,978,3395,-1,3395,978,977,-1,977,985,3395,-1,3395,985,3396,-1,3395,3396,3061,-1,3061,3396,3062,-1,985,987,3396,-1,3396,987,988,-1,3396,988,3397,-1,3397,988,984,-1,984,993,3397,-1,3397,993,3398,-1,3397,3398,1691,-1,1691,3398,1692,-1,993,992,3398,-1,3398,992,990,-1,3398,990,3399,-1,3399,990,989,-1,3399,989,996,-1,996,999,3399,-1,3399,999,3401,-1,3399,3401,3065,-1,3065,3401,3066,-1,1001,3400,1002,-1,1002,3400,3401,-1,1002,3401,998,-1,998,3401,999,-1,1001,1005,3400,-1,3400,1005,3403,-1,3400,3403,3068,-1,3068,3403,3071,-1,1007,3402,1008,-1,1008,3402,3403,-1,1008,3403,1004,-1,1004,3403,1005,-1,1007,1013,3402,-1,3402,1013,3404,-1,3402,3404,3075,-1,3075,3404,3074,-1,1009,3405,1010,-1,1010,3405,3404,-1,1010,3404,1012,-1,1012,3404,1013,-1,1009,1019,3405,-1,3405,1019,3406,-1,3405,3406,3079,-1,3079,3406,3078,-1,1019,1017,3406,-1,3406,1017,1015,-1,3406,1015,3407,-1,3407,1015,1024,-1,3407,1024,3408,-1,1024,1023,3408,-1,3408,1023,1021,-1,3408,1021,3409,-1,3409,1021,1020,-1,1020,1028,3409,-1,3409,1028,3410,-1,3409,3410,3086,-1,3086,3410,3087,-1,1028,1026,3410,-1,3410,1026,1033,-1,3410,1033,3411,-1,3411,1033,1032,-1,1032,1030,3411,-1,3411,1030,3413,-1,3411,3413,1685,-1,1685,3413,1686,-1,1030,1029,3413,-1,3413,1029,1034,-1,3413,1034,3412,-1,3412,1034,1036,-1,1043,3414,1044,-1,1044,3414,3412,-1,1044,3412,1038,-1,1038,3412,1036,-1,1043,1041,3414,-1,3414,1041,3416,-1,3414,3416,3092,-1,3092,3416,3093,-1,1047,3415,1045,-1,1045,3415,3416,-1,1045,3416,1040,-1,1040,3416,1041,-1,1047,1051,3415,-1,3415,1051,3417,-1,3415,3417,3097,-1,3097,3417,3096,-1,1053,3418,1054,-1,1054,3418,3417,-1,1054,3417,1050,-1,1050,3417,1051,-1,1053,1057,3418,-1,3418,1057,3419,-1,3418,3419,3101,-1,3101,3419,3100,-1,1059,3420,1060,-1,1060,3420,3419,-1,1060,3419,1056,-1,1056,3419,1057,-1,1059,1066,3420,-1,3420,1066,1065,-1,3420,1065,3421,-1,3421,1065,1064,-1,3421,1064,3422,-1,1064,1063,3422,-1,3422,1063,1071,-1,3422,1071,3423,-1,3423,1071,1070,-1,1070,1068,3423,-1,3423,1068,3424,-1,3423,3424,3110,-1,3110,3424,3111,-1,1068,1067,3424,-1,3424,1067,1072,-1,3424,1072,3425,-1,3425,1072,1074,-1,1074,1076,3425,-1,3425,1076,3426,-1,3425,3426,1679,-1,1679,3426,1680,-1,1076,1077,3426,-1,3426,1077,1081,-1,3426,1081,3427,-1,3427,1081,1079,-1,3427,1079,1086,-1,1086,1085,3427,-1,3427,1085,3428,-1,3427,3428,1673,-1,1673,3428,1674,-1,1088,3429,1089,-1,1089,3429,3428,-1,1089,3428,1083,-1,1083,3428,1085,-1,1088,1092,3429,-1,3429,1092,3430,-1,3429,3430,3119,-1,3119,3430,3118,-1,1096,3165,1097,-1,1097,3165,3430,-1,1097,3430,1091,-1,1091,3430,1092,-1,1096,1094,3165,-1,3165,1094,3431,-1,3165,3431,3123,-1,3123,3431,3122,-1,1100,3432,1098,-1,1098,3432,3431,-1,1098,3431,1093,-1,1093,3431,1094,-1,1100,1104,3432,-1,3432,1104,3433,-1,3432,3433,3127,-1,3127,3433,3126,-1,1108,3434,1109,-1,1109,3434,3433,-1,1109,3433,1103,-1,1103,3433,1104,-1,1108,1106,3434,-1,3434,1106,1105,-1,3434,1105,3435,-1,3435,1105,1113,-1,3435,1113,3436,-1,1113,1115,3436,-1,3436,1115,1116,-1,3436,1116,3437,-1,3437,1116,1112,-1,1112,1122,3437,-1,3437,1122,3438,-1,3437,3438,3136,-1,3136,3438,3137,-1,1122,1121,3438,-1,3438,1121,1120,-1,3438,1120,3439,-1,3439,1120,1119,-1,1119,1126,3439,-1,3439,1126,3440,-1,3439,3440,1670,-1,1670,3440,1671,-1,1126,1125,3440,-1,3440,1125,1124,-1,3440,1124,3441,-1,3441,1124,203,-1,3441,203,202,-1,202,1127,3441,-1,3441,1127,3442,-1,3441,3442,3140,-1,3140,3442,3141,-1,1132,3443,1133,-1,1133,3443,3442,-1,1133,3442,1129,-1,1129,3442,1127,-1,1132,1138,3443,-1,3443,1138,3444,-1,3443,3444,3143,-1,3143,3444,3144,-1,1134,3445,1135,-1,1135,3445,3444,-1,1135,3444,1137,-1,1137,3444,1138,-1,1134,1139,3445,-1,3445,1139,3446,-1,3445,3446,3145,-1,3145,3446,3148,-1,1146,3447,1147,-1,1147,3447,3446,-1,1147,3446,1141,-1,1141,3446,1139,-1,1146,1144,3447,-1,3447,1144,3448,-1,3447,3448,3149,-1,3149,3448,3152,-1,1144,1143,3448,-1,3448,1143,201,-1,3448,201,3449,-1,3449,201,1150,-1,3449,1150,3450,-1,1150,1149,3450,-1,3450,1149,1155,-1,3450,1155,3451,-1,3451,1155,1154,-1,1154,1152,3451,-1,3451,1152,3453,-1,3451,3453,3162,-1,3162,3453,3161,-1,1152,1151,3453,-1,3453,1151,1159,-1,3453,1159,3452,-1,3452,1159,1157,-1,1157,1165,3452,-1,3452,1165,3454,-1,3452,3454,2040,-1,2040,3454,2042,-1,1165,1164,3454,-1,3454,1164,1163,-1,3454,1163,3455,-1,3455,1163,1162,-1,3455,1162,1170,-1,1170,1169,3455,-1,3455,1169,3456,-1,3455,3456,2046,-1,2046,3456,2044,-1,1174,3457,1175,-1,1175,3457,3456,-1,1175,3456,1167,-1,1167,3456,1169,-1,1174,1172,3457,-1,3457,1172,3459,-1,3457,3459,2057,-1,2057,3459,1875,-1,1178,3458,1176,-1,1176,3458,3459,-1,1176,3459,1171,-1,1171,3459,1172,-1,1178,1182,3458,-1,3458,1182,3460,-1,3458,3460,2063,-1,2063,3460,2070,-1,1186,3461,1187,-1,1187,3461,3460,-1,1187,3460,1181,-1,1181,3460,1182,-1,1186,1184,3461,-1,3461,1184,3462,-1,3461,3462,2076,-1,2076,3462,2079,-1,1189,3463,1191,-1,1191,3463,3462,-1,1191,3462,1183,-1,1183,3462,1184,-1,1189,1197,3463,-1,3463,1197,1196,-1,3463,1196,3464,-1,3464,1196,1195,-1,3464,1195,3465,-1,1195,1194,3465,-1,3465,1194,1203,-1,3465,1203,3466,-1,3466,1203,1202,-1,1202,1201,3466,-1,3466,1201,3467,-1,3466,3467,2104,-1,2104,3467,2101,-1,1201,1200,3467,-1,3467,1200,1208,-1,3467,1208,3468,-1,3468,1208,1207,-1,1207,1205,3468,-1,3468,1205,3470,-1,3468,3470,2119,-1,2119,3470,2117,-1,1205,1204,3470,-1,3470,1204,1209,-1,3470,1209,3469,-1,3469,1209,1211,-1,1215,3471,1214,-1,1214,3471,3469,-1,1214,3469,1213,-1,1213,3469,1211,-1,1215,1216,3471,-1,3471,1216,3192,-1,3471,3192,2130,-1,2130,3192,2128,-1,1219,3191,1218,-1,1218,3191,3192,-1,1218,3192,1217,-1,1217,3192,1216,-1,1219,1220,3191,-1,3191,1220,3194,-1,3191,3194,157,-1,157,3194,158,-1,1223,3193,1222,-1,1222,3193,3194,-1,1222,3194,1221,-1,1221,3194,1220,-1,1223,1224,3193,-1,3193,1224,3171,-1,3193,3171,160,-1,160,3171,156,-1,197,188,429,-1,429,188,3171,-1,429,3171,1225,-1,1225,3171,1224,-1,3472,3473,3474,-1,3474,3473,3475,-1,3474,3475,3476,-1,3476,3475,3477,-1,3476,3477,3478,-1,3478,3477,3479,-1,3478,3479,3480,-1,3480,3479,3481,-1,3480,3481,3482,-1,3482,3481,3483,-1,3482,3483,3484,-1,3484,3483,3485,-1,3484,3485,3486,-1,3486,3485,3487,-1,3486,3487,3488,-1,3488,3487,3489,-1,3488,3489,3490,-1,3490,3489,3491,-1,3490,3491,3492,-1,3492,3491,3493,-1,3492,3493,3494,-1,3494,3493,3495,-1,3494,3495,3496,-1,3496,3495,3497,-1,3496,3497,3498,-1,3498,3497,3499,-1,3498,3499,3500,-1,3500,3499,3501,-1,3500,3501,3502,-1,3502,3501,3503,-1,3502,3503,3504,-1,3504,3503,3505,-1,3504,3505,3506,-1,3506,3505,3507,-1,3506,3507,3508,-1,3508,3507,3509,-1,3508,3509,3510,-1,3510,3509,3511,-1,3510,3511,3512,-1,3512,3511,3513,-1,3512,3513,3514,-1,3514,3513,3515,-1,3514,3515,3516,-1,3516,3515,3517,-1,3516,3517,3518,-1,3518,3517,3519,-1,3518,3519,3472,-1,3472,3519,3473,-1,3519,3520,3473,-1,3473,3520,3521,-1,3473,3521,3475,-1,3475,3521,3522,-1,3475,3522,3477,-1,3477,3522,3523,-1,3477,3523,3479,-1,3479,3523,3524,-1,3479,3524,3481,-1,3481,3524,3525,-1,3481,3525,3483,-1,3483,3525,3526,-1,3483,3526,3485,-1,3485,3526,3527,-1,3485,3527,3487,-1,3487,3527,3528,-1,3487,3528,3489,-1,3489,3528,3529,-1,3489,3529,3491,-1,3491,3529,3530,-1,3491,3530,3493,-1,3493,3530,3531,-1,3493,3531,3495,-1,3495,3531,3532,-1,3495,3532,3497,-1,3497,3532,3533,-1,3497,3533,3499,-1,3499,3533,3534,-1,3499,3534,3501,-1,3501,3534,3535,-1,3501,3535,3503,-1,3503,3535,3536,-1,3503,3536,3505,-1,3505,3536,3537,-1,3505,3537,3507,-1,3507,3537,3538,-1,3507,3538,3509,-1,3509,3538,3539,-1,3509,3539,3511,-1,3511,3539,3540,-1,3511,3540,3513,-1,3513,3540,3541,-1,3513,3541,3515,-1,3515,3541,3542,-1,3515,3542,3517,-1,3517,3542,3543,-1,3517,3543,3519,-1,3519,3543,3520,-1,3543,3544,3520,-1,3520,3544,3545,-1,3520,3545,3521,-1,3521,3545,3546,-1,3521,3546,3522,-1,3522,3546,3547,-1,3522,3547,3523,-1,3523,3547,3548,-1,3523,3548,3524,-1,3524,3548,3549,-1,3524,3549,3525,-1,3525,3549,3550,-1,3525,3550,3526,-1,3526,3550,3551,-1,3526,3551,3527,-1,3527,3551,3552,-1,3527,3552,3528,-1,3528,3552,3553,-1,3528,3553,3529,-1,3529,3553,3554,-1,3529,3554,3530,-1,3530,3554,3555,-1,3530,3555,3531,-1,3531,3555,3556,-1,3531,3556,3532,-1,3532,3556,3557,-1,3532,3557,3533,-1,3533,3557,3558,-1,3533,3558,3534,-1,3534,3558,3559,-1,3534,3559,3535,-1,3535,3559,3560,-1,3535,3560,3536,-1,3536,3560,3561,-1,3536,3561,3537,-1,3537,3561,3562,-1,3537,3562,3538,-1,3538,3562,3563,-1,3538,3563,3539,-1,3539,3563,3564,-1,3539,3564,3540,-1,3540,3564,3565,-1,3540,3565,3541,-1,3541,3565,3566,-1,3541,3566,3542,-1,3542,3566,3567,-1,3542,3567,3543,-1,3543,3567,3544,-1,3567,3568,3544,-1,3544,3568,3569,-1,3544,3569,3545,-1,3545,3569,3570,-1,3545,3570,3546,-1,3546,3570,3571,-1,3546,3571,3547,-1,3547,3571,3572,-1,3547,3572,3548,-1,3548,3572,3573,-1,3548,3573,3549,-1,3549,3573,3574,-1,3549,3574,3550,-1,3550,3574,3575,-1,3550,3575,3551,-1,3551,3575,3576,-1,3551,3576,3552,-1,3552,3576,3577,-1,3552,3577,3553,-1,3553,3577,3578,-1,3553,3578,3554,-1,3554,3578,3579,-1,3554,3579,3555,-1,3555,3579,3580,-1,3555,3580,3556,-1,3556,3580,3581,-1,3556,3581,3557,-1,3557,3581,3582,-1,3557,3582,3558,-1,3558,3582,3583,-1,3558,3583,3559,-1,3559,3583,3584,-1,3559,3584,3560,-1,3560,3584,3585,-1,3560,3585,3561,-1,3561,3585,3586,-1,3561,3586,3562,-1,3562,3586,3587,-1,3562,3587,3563,-1,3563,3587,3588,-1,3563,3588,3564,-1,3564,3588,3589,-1,3564,3589,3565,-1,3565,3589,3590,-1,3565,3590,3566,-1,3566,3590,3591,-1,3566,3591,3567,-1,3567,3591,3568,-1,3591,3592,3568,-1,3568,3592,3593,-1,3568,3593,3569,-1,3569,3593,3594,-1,3569,3594,3570,-1,3570,3594,3595,-1,3570,3595,3571,-1,3571,3595,3596,-1,3571,3596,3572,-1,3572,3596,3597,-1,3572,3597,3573,-1,3573,3597,3598,-1,3573,3598,3574,-1,3574,3598,3599,-1,3574,3599,3575,-1,3575,3599,3600,-1,3575,3600,3576,-1,3576,3600,3601,-1,3576,3601,3577,-1,3577,3601,3602,-1,3577,3602,3578,-1,3578,3602,3603,-1,3578,3603,3579,-1,3579,3603,3604,-1,3579,3604,3580,-1,3580,3604,3605,-1,3580,3605,3581,-1,3581,3605,3606,-1,3581,3606,3582,-1,3582,3606,3607,-1,3582,3607,3583,-1,3583,3607,3608,-1,3583,3608,3584,-1,3584,3608,3609,-1,3584,3609,3585,-1,3585,3609,3610,-1,3585,3610,3586,-1,3586,3610,3611,-1,3586,3611,3587,-1,3587,3611,3612,-1,3587,3612,3588,-1,3588,3612,3613,-1,3588,3613,3589,-1,3589,3613,3614,-1,3589,3614,3590,-1,3590,3614,3615,-1,3590,3615,3591,-1,3591,3615,3592,-1,3615,3616,3592,-1,3592,3616,3617,-1,3592,3617,3593,-1,3593,3617,3618,-1,3593,3618,3594,-1,3594,3618,3619,-1,3594,3619,3595,-1,3595,3619,3620,-1,3595,3620,3596,-1,3596,3620,3621,-1,3596,3621,3597,-1,3597,3621,3622,-1,3597,3622,3598,-1,3598,3622,3623,-1,3598,3623,3599,-1,3599,3623,3624,-1,3599,3624,3600,-1,3600,3624,3625,-1,3600,3625,3601,-1,3601,3625,3626,-1,3601,3626,3602,-1,3602,3626,3627,-1,3602,3627,3603,-1,3603,3627,3628,-1,3603,3628,3604,-1,3604,3628,3629,-1,3604,3629,3605,-1,3605,3629,3630,-1,3605,3630,3606,-1,3606,3630,3631,-1,3606,3631,3607,-1,3607,3631,3632,-1,3607,3632,3608,-1,3608,3632,3633,-1,3608,3633,3609,-1,3609,3633,3634,-1,3609,3634,3610,-1,3610,3634,3635,-1,3610,3635,3611,-1,3611,3635,3636,-1,3611,3636,3612,-1,3612,3636,3637,-1,3612,3637,3613,-1,3613,3637,3638,-1,3613,3638,3614,-1,3614,3638,3639,-1,3614,3639,3615,-1,3615,3639,3616,-1,3640,3641,3642,-1,3642,3641,3643,-1,3642,3643,3644,-1,3644,3643,3645,-1,3644,3645,3646,-1,3646,3645,3647,-1,3646,3647,3648,-1,3648,3647,3649,-1,3648,3649,3650,-1,3650,3649,3651,-1,3650,3651,3652,-1,3652,3651,3653,-1,3652,3653,3654,-1,3654,3653,3655,-1,3654,3655,3656,-1,3656,3655,3657,-1,3656,3657,3658,-1,3658,3657,3659,-1,3658,3659,3660,-1,3660,3659,3661,-1,3660,3661,3662,-1,3662,3661,3663,-1,3662,3663,3664,-1,3664,3663,3665,-1,3664,3665,3666,-1,3666,3665,3667,-1,3666,3667,3668,-1,3668,3667,3669,-1,3668,3669,3670,-1,3670,3669,3671,-1,3670,3671,3672,-1,3672,3671,3673,-1,3672,3673,3674,-1,3674,3673,3675,-1,3674,3675,3676,-1,3676,3675,3677,-1,3676,3677,3678,-1,3678,3677,3679,-1,3678,3679,3680,-1,3680,3679,3681,-1,3680,3681,3682,-1,3682,3681,3683,-1,3682,3683,3684,-1,3684,3683,3685,-1,3684,3685,3686,-1,3686,3685,3687,-1,3686,3687,3640,-1,3640,3687,3641,-1,3687,3688,3641,-1,3641,3688,3689,-1,3641,3689,3643,-1,3643,3689,3690,-1,3643,3690,3645,-1,3645,3690,3691,-1,3645,3691,3647,-1,3647,3691,3692,-1,3647,3692,3649,-1,3649,3692,3693,-1,3649,3693,3651,-1,3651,3693,3694,-1,3651,3694,3653,-1,3653,3694,3695,-1,3653,3695,3655,-1,3655,3695,3696,-1,3655,3696,3657,-1,3657,3696,3697,-1,3657,3697,3659,-1,3659,3697,3698,-1,3659,3698,3661,-1,3661,3698,3699,-1,3661,3699,3663,-1,3663,3699,3700,-1,3663,3700,3665,-1,3665,3700,3701,-1,3665,3701,3667,-1,3667,3701,3702,-1,3667,3702,3669,-1,3669,3702,3703,-1,3669,3703,3671,-1,3671,3703,3704,-1,3671,3704,3673,-1,3673,3704,3705,-1,3673,3705,3675,-1,3675,3705,3706,-1,3675,3706,3677,-1,3677,3706,3707,-1,3677,3707,3679,-1,3679,3707,3708,-1,3679,3708,3681,-1,3681,3708,3709,-1,3681,3709,3683,-1,3683,3709,3710,-1,3683,3710,3685,-1,3685,3710,3711,-1,3685,3711,3687,-1,3687,3711,3688,-1,3711,3712,3688,-1,3688,3712,3713,-1,3688,3713,3689,-1,3689,3713,3714,-1,3689,3714,3690,-1,3690,3714,3715,-1,3690,3715,3691,-1,3691,3715,3716,-1,3691,3716,3692,-1,3692,3716,3717,-1,3692,3717,3693,-1,3693,3717,3718,-1,3693,3718,3694,-1,3694,3718,3719,-1,3694,3719,3695,-1,3695,3719,3720,-1,3695,3720,3696,-1,3696,3720,3721,-1,3696,3721,3697,-1,3697,3721,3722,-1,3697,3722,3698,-1,3698,3722,3723,-1,3698,3723,3699,-1,3699,3723,3724,-1,3699,3724,3700,-1,3700,3724,3725,-1,3700,3725,3701,-1,3701,3725,3726,-1,3701,3726,3702,-1,3702,3726,3727,-1,3702,3727,3703,-1,3703,3727,3728,-1,3703,3728,3704,-1,3704,3728,3729,-1,3704,3729,3705,-1,3705,3729,3730,-1,3705,3730,3706,-1,3706,3730,3731,-1,3706,3731,3707,-1,3707,3731,3732,-1,3707,3732,3708,-1,3708,3732,3733,-1,3708,3733,3709,-1,3709,3733,3734,-1,3709,3734,3710,-1,3710,3734,3735,-1,3710,3735,3711,-1,3711,3735,3712,-1,3735,3736,3712,-1,3712,3736,3737,-1,3712,3737,3713,-1,3713,3737,3738,-1,3713,3738,3714,-1,3714,3738,3739,-1,3714,3739,3715,-1,3715,3739,3740,-1,3715,3740,3716,-1,3716,3740,3741,-1,3716,3741,3717,-1,3717,3741,3742,-1,3717,3742,3718,-1,3718,3742,3743,-1,3718,3743,3719,-1,3719,3743,3744,-1,3719,3744,3720,-1,3720,3744,3745,-1,3720,3745,3721,-1,3721,3745,3746,-1,3721,3746,3722,-1,3722,3746,3747,-1,3722,3747,3723,-1,3723,3747,3748,-1,3723,3748,3724,-1,3724,3748,3749,-1,3724,3749,3725,-1,3725,3749,3750,-1,3725,3750,3726,-1,3726,3750,3751,-1,3726,3751,3727,-1,3727,3751,3752,-1,3727,3752,3728,-1,3728,3752,3753,-1,3728,3753,3729,-1,3729,3753,3754,-1,3729,3754,3730,-1,3730,3754,3755,-1,3730,3755,3731,-1,3731,3755,3756,-1,3731,3756,3732,-1,3732,3756,3757,-1,3732,3757,3733,-1,3733,3757,3758,-1,3733,3758,3734,-1,3734,3758,3759,-1,3734,3759,3735,-1,3735,3759,3736,-1,3759,3760,3736,-1,3736,3760,3761,-1,3736,3761,3737,-1,3737,3761,3762,-1,3737,3762,3738,-1,3738,3762,3763,-1,3738,3763,3739,-1,3739,3763,3764,-1,3739,3764,3740,-1,3740,3764,3765,-1,3740,3765,3741,-1,3741,3765,3766,-1,3741,3766,3742,-1,3742,3766,3767,-1,3742,3767,3743,-1,3743,3767,3768,-1,3743,3768,3744,-1,3744,3768,3769,-1,3744,3769,3745,-1,3745,3769,3770,-1,3745,3770,3746,-1,3746,3770,3771,-1,3746,3771,3747,-1,3747,3771,3772,-1,3747,3772,3748,-1,3748,3772,3773,-1,3748,3773,3749,-1,3749,3773,3774,-1,3749,3774,3750,-1,3750,3774,3775,-1,3750,3775,3751,-1,3751,3775,3776,-1,3751,3776,3752,-1,3752,3776,3777,-1,3752,3777,3753,-1,3753,3777,3778,-1,3753,3778,3754,-1,3754,3778,3779,-1,3754,3779,3755,-1,3755,3779,3780,-1,3755,3780,3756,-1,3756,3780,3781,-1,3756,3781,3757,-1,3757,3781,3782,-1,3757,3782,3758,-1,3758,3782,3783,-1,3758,3783,3759,-1,3759,3783,3760,-1,3783,3784,3760,-1,3760,3784,3785,-1,3760,3785,3761,-1,3761,3785,3786,-1,3761,3786,3762,-1,3762,3786,3787,-1,3762,3787,3763,-1,3763,3787,3788,-1,3763,3788,3764,-1,3764,3788,3789,-1,3764,3789,3765,-1,3765,3789,3790,-1,3765,3790,3766,-1,3766,3790,3791,-1,3766,3791,3767,-1,3767,3791,3792,-1,3767,3792,3768,-1,3768,3792,3793,-1,3768,3793,3769,-1,3769,3793,3794,-1,3769,3794,3770,-1,3770,3794,3795,-1,3770,3795,3771,-1,3771,3795,3796,-1,3771,3796,3772,-1,3772,3796,3797,-1,3772,3797,3773,-1,3773,3797,3798,-1,3773,3798,3774,-1,3774,3798,3799,-1,3774,3799,3775,-1,3775,3799,3800,-1,3775,3800,3776,-1,3776,3800,3801,-1,3776,3801,3777,-1,3777,3801,3802,-1,3777,3802,3778,-1,3778,3802,3803,-1,3778,3803,3779,-1,3779,3803,3804,-1,3779,3804,3780,-1,3780,3804,3805,-1,3780,3805,3781,-1,3781,3805,3806,-1,3781,3806,3782,-1,3782,3806,3807,-1,3782,3807,3783,-1,3783,3807,3784,-1,3808,3809,3810,-1,3810,3809,3811,-1,3810,3811,3812,-1,3812,3811,3813,-1,3812,3813,3814,-1,3814,3813,3815,-1,3814,3815,3816,-1,3816,3815,3817,-1,3816,3817,3818,-1,3818,3817,3819,-1,3818,3819,3820,-1,3820,3819,3821,-1,3820,3821,3822,-1,3822,3821,3823,-1,3822,3823,3824,-1,3824,3823,3825,-1,3824,3825,3826,-1,3826,3825,3827,-1,3826,3827,3828,-1,3828,3827,3829,-1,3828,3829,3830,-1,3830,3829,3831,-1,3830,3831,3832,-1,3832,3831,3833,-1,3832,3833,3834,-1,3834,3833,3835,-1,3834,3835,3836,-1,3836,3835,3837,-1,3836,3837,3838,-1,3838,3837,3839,-1,3838,3839,3840,-1,3840,3839,3841,-1,3840,3841,3842,-1,3842,3841,3843,-1,3842,3843,3844,-1,3844,3843,3845,-1,3844,3845,3846,-1,3846,3845,3847,-1,3846,3847,3848,-1,3848,3847,3849,-1,3848,3849,3850,-1,3850,3849,3851,-1,3850,3851,3852,-1,3852,3851,3853,-1,3852,3853,3854,-1,3854,3853,3855,-1,3854,3855,3808,-1,3808,3855,3809,-1,3855,3856,3809,-1,3809,3856,3857,-1,3809,3857,3811,-1,3811,3857,3858,-1,3811,3858,3813,-1,3813,3858,3859,-1,3813,3859,3815,-1,3815,3859,3860,-1,3815,3860,3817,-1,3817,3860,3861,-1,3817,3861,3819,-1,3819,3861,3862,-1,3819,3862,3821,-1,3821,3862,3863,-1,3821,3863,3823,-1,3823,3863,3864,-1,3823,3864,3825,-1,3825,3864,3865,-1,3825,3865,3827,-1,3827,3865,3866,-1,3827,3866,3829,-1,3829,3866,3867,-1,3829,3867,3831,-1,3831,3867,3868,-1,3831,3868,3833,-1,3833,3868,3869,-1,3833,3869,3835,-1,3835,3869,3870,-1,3835,3870,3837,-1,3837,3870,3871,-1,3837,3871,3839,-1,3839,3871,3872,-1,3839,3872,3841,-1,3841,3872,3873,-1,3841,3873,3843,-1,3843,3873,3874,-1,3843,3874,3845,-1,3845,3874,3875,-1,3845,3875,3847,-1,3847,3875,3876,-1,3847,3876,3849,-1,3849,3876,3877,-1,3849,3877,3851,-1,3851,3877,3878,-1,3851,3878,3853,-1,3853,3878,3879,-1,3853,3879,3855,-1,3855,3879,3856,-1,3879,3880,3856,-1,3856,3880,3881,-1,3856,3881,3857,-1,3857,3881,3882,-1,3857,3882,3858,-1,3858,3882,3883,-1,3858,3883,3859,-1,3859,3883,3884,-1,3859,3884,3860,-1,3860,3884,3885,-1,3860,3885,3861,-1,3861,3885,3886,-1,3861,3886,3862,-1,3862,3886,3887,-1,3862,3887,3863,-1,3863,3887,3888,-1,3863,3888,3864,-1,3864,3888,3889,-1,3864,3889,3865,-1,3865,3889,3890,-1,3865,3890,3866,-1,3866,3890,3891,-1,3866,3891,3867,-1,3867,3891,3892,-1,3867,3892,3868,-1,3868,3892,3893,-1,3868,3893,3869,-1,3869,3893,3894,-1,3869,3894,3870,-1,3870,3894,3895,-1,3870,3895,3871,-1,3871,3895,3896,-1,3871,3896,3872,-1,3872,3896,3897,-1,3872,3897,3873,-1,3873,3897,3898,-1,3873,3898,3874,-1,3874,3898,3899,-1,3874,3899,3875,-1,3875,3899,3900,-1,3875,3900,3876,-1,3876,3900,3901,-1,3876,3901,3877,-1,3877,3901,3902,-1,3877,3902,3878,-1,3878,3902,3903,-1,3878,3903,3879,-1,3879,3903,3880,-1,3903,3904,3880,-1,3880,3904,3905,-1,3880,3905,3881,-1,3881,3905,3906,-1,3881,3906,3882,-1,3882,3906,3907,-1,3882,3907,3883,-1,3883,3907,3908,-1,3883,3908,3884,-1,3884,3908,3909,-1,3884,3909,3885,-1,3885,3909,3910,-1,3885,3910,3886,-1,3886,3910,3911,-1,3886,3911,3887,-1,3887,3911,3912,-1,3887,3912,3888,-1,3888,3912,3913,-1,3888,3913,3889,-1,3889,3913,3914,-1,3889,3914,3890,-1,3890,3914,3915,-1,3890,3915,3891,-1,3891,3915,3916,-1,3891,3916,3892,-1,3892,3916,3917,-1,3892,3917,3893,-1,3893,3917,3918,-1,3893,3918,3894,-1,3894,3918,3919,-1,3894,3919,3895,-1,3895,3919,3920,-1,3895,3920,3896,-1,3896,3920,3921,-1,3896,3921,3897,-1,3897,3921,3922,-1,3897,3922,3898,-1,3898,3922,3923,-1,3898,3923,3899,-1,3899,3923,3924,-1,3899,3924,3900,-1,3900,3924,3925,-1,3900,3925,3901,-1,3901,3925,3926,-1,3901,3926,3902,-1,3902,3926,3927,-1,3902,3927,3903,-1,3903,3927,3904,-1,3927,3928,3904,-1,3904,3928,3929,-1,3904,3929,3905,-1,3905,3929,3930,-1,3905,3930,3906,-1,3906,3930,3931,-1,3906,3931,3907,-1,3907,3931,3932,-1,3907,3932,3908,-1,3908,3932,3933,-1,3908,3933,3909,-1,3909,3933,3934,-1,3909,3934,3910,-1,3910,3934,3935,-1,3910,3935,3911,-1,3911,3935,3936,-1,3911,3936,3912,-1,3912,3936,3937,-1,3912,3937,3913,-1,3913,3937,3938,-1,3913,3938,3914,-1,3914,3938,3939,-1,3914,3939,3915,-1,3915,3939,3940,-1,3915,3940,3916,-1,3916,3940,3941,-1,3916,3941,3917,-1,3917,3941,3942,-1,3917,3942,3918,-1,3918,3942,3943,-1,3918,3943,3919,-1,3919,3943,3944,-1,3919,3944,3920,-1,3920,3944,3945,-1,3920,3945,3921,-1,3921,3945,3946,-1,3921,3946,3922,-1,3922,3946,3947,-1,3922,3947,3923,-1,3923,3947,3948,-1,3923,3948,3924,-1,3924,3948,3949,-1,3924,3949,3925,-1,3925,3949,3950,-1,3925,3950,3926,-1,3926,3950,3951,-1,3926,3951,3927,-1,3927,3951,3928,-1,3951,3952,3928,-1,3928,3952,3953,-1,3928,3953,3929,-1,3929,3953,3954,-1,3929,3954,3930,-1,3930,3954,3955,-1,3930,3955,3931,-1,3931,3955,3956,-1,3931,3956,3932,-1,3932,3956,3957,-1,3932,3957,3933,-1,3933,3957,3958,-1,3933,3958,3934,-1,3934,3958,3959,-1,3934,3959,3935,-1,3935,3959,3960,-1,3935,3960,3936,-1,3936,3960,3961,-1,3936,3961,3937,-1,3937,3961,3962,-1,3937,3962,3938,-1,3938,3962,3963,-1,3938,3963,3939,-1,3939,3963,3964,-1,3939,3964,3940,-1,3940,3964,3965,-1,3940,3965,3941,-1,3941,3965,3966,-1,3941,3966,3942,-1,3942,3966,3967,-1,3942,3967,3943,-1,3943,3967,3968,-1,3943,3968,3944,-1,3944,3968,3969,-1,3944,3969,3945,-1,3945,3969,3970,-1,3945,3970,3946,-1,3946,3970,3971,-1,3946,3971,3947,-1,3947,3971,3972,-1,3947,3972,3948,-1,3948,3972,3973,-1,3948,3973,3949,-1,3949,3973,3974,-1,3949,3974,3950,-1,3950,3974,3975,-1,3950,3975,3951,-1,3951,3975,3952,-1,3976,3977,3978,-1,3978,3977,3979,-1,3978,3979,3980,-1,3980,3979,3981,-1,3980,3981,3982,-1,3982,3981,3983,-1,3982,3983,3984,-1,3984,3983,3985,-1,3984,3985,3986,-1,3986,3985,3987,-1,3986,3987,3988,-1,3988,3987,3989,-1,3988,3989,3990,-1,3990,3989,3991,-1,3990,3991,3992,-1,3992,3991,3993,-1,3992,3993,3994,-1,3994,3993,3995,-1,3994,3995,3996,-1,3996,3995,3997,-1,3996,3997,3998,-1,3998,3997,3999,-1,3998,3999,4000,-1,4000,3999,4001,-1,4000,4001,4002,-1,4002,4001,4003,-1,4002,4003,4004,-1,4004,4003,4005,-1,4004,4005,4006,-1,4006,4005,4007,-1,4006,4007,4008,-1,4008,4007,4009,-1,4008,4009,4010,-1,4010,4009,4011,-1,4010,4011,4012,-1,4012,4011,4013,-1,4012,4013,4014,-1,4014,4013,4015,-1,4014,4015,4016,-1,4016,4015,4017,-1,4016,4017,4018,-1,4018,4017,4019,-1,4018,4019,4020,-1,4020,4019,4021,-1,4020,4021,4022,-1,4022,4021,4023,-1,4022,4023,3976,-1,3976,4023,3977,-1,4023,4024,3977,-1,3977,4024,4025,-1,3977,4025,3979,-1,3979,4025,4026,-1,3979,4026,3981,-1,3981,4026,4027,-1,3981,4027,3983,-1,3983,4027,4028,-1,3983,4028,3985,-1,3985,4028,4029,-1,3985,4029,3987,-1,3987,4029,4030,-1,3987,4030,3989,-1,3989,4030,4031,-1,3989,4031,3991,-1,3991,4031,4032,-1,3991,4032,3993,-1,3993,4032,4033,-1,3993,4033,3995,-1,3995,4033,4034,-1,3995,4034,3997,-1,3997,4034,4035,-1,3997,4035,3999,-1,3999,4035,4036,-1,3999,4036,4001,-1,4001,4036,4037,-1,4001,4037,4003,-1,4003,4037,4038,-1,4003,4038,4005,-1,4005,4038,4039,-1,4005,4039,4007,-1,4007,4039,4040,-1,4007,4040,4009,-1,4009,4040,4041,-1,4009,4041,4011,-1,4011,4041,4042,-1,4011,4042,4013,-1,4013,4042,4043,-1,4013,4043,4015,-1,4015,4043,4044,-1,4015,4044,4017,-1,4017,4044,4045,-1,4017,4045,4019,-1,4019,4045,4046,-1,4019,4046,4021,-1,4021,4046,4047,-1,4021,4047,4023,-1,4023,4047,4024,-1,4047,4048,4024,-1,4024,4048,4049,-1,4024,4049,4025,-1,4025,4049,4050,-1,4025,4050,4026,-1,4026,4050,4051,-1,4026,4051,4027,-1,4027,4051,4052,-1,4027,4052,4028,-1,4028,4052,4053,-1,4028,4053,4029,-1,4029,4053,4054,-1,4029,4054,4030,-1,4030,4054,4055,-1,4030,4055,4031,-1,4031,4055,4056,-1,4031,4056,4032,-1,4032,4056,4057,-1,4032,4057,4033,-1,4033,4057,4058,-1,4033,4058,4034,-1,4034,4058,4059,-1,4034,4059,4035,-1,4035,4059,4060,-1,4035,4060,4036,-1,4036,4060,4061,-1,4036,4061,4037,-1,4037,4061,4062,-1,4037,4062,4038,-1,4038,4062,4063,-1,4038,4063,4039,-1,4039,4063,4064,-1,4039,4064,4040,-1,4040,4064,4065,-1,4040,4065,4041,-1,4041,4065,4066,-1,4041,4066,4042,-1,4042,4066,4067,-1,4042,4067,4043,-1,4043,4067,4068,-1,4043,4068,4044,-1,4044,4068,4069,-1,4044,4069,4045,-1,4045,4069,4070,-1,4045,4070,4046,-1,4046,4070,4071,-1,4046,4071,4047,-1,4047,4071,4048,-1,4071,4072,4048,-1,4048,4072,4073,-1,4048,4073,4049,-1,4049,4073,4074,-1,4049,4074,4050,-1,4050,4074,4075,-1,4050,4075,4051,-1,4051,4075,4076,-1,4051,4076,4052,-1,4052,4076,4077,-1,4052,4077,4053,-1,4053,4077,4078,-1,4053,4078,4054,-1,4054,4078,4079,-1,4054,4079,4055,-1,4055,4079,4080,-1,4055,4080,4056,-1,4056,4080,4081,-1,4056,4081,4057,-1,4057,4081,4082,-1,4057,4082,4058,-1,4058,4082,4083,-1,4058,4083,4059,-1,4059,4083,4084,-1,4059,4084,4060,-1,4060,4084,4085,-1,4060,4085,4061,-1,4061,4085,4086,-1,4061,4086,4062,-1,4062,4086,4087,-1,4062,4087,4063,-1,4063,4087,4088,-1,4063,4088,4064,-1,4064,4088,4089,-1,4064,4089,4065,-1,4065,4089,4090,-1,4065,4090,4066,-1,4066,4090,4091,-1,4066,4091,4067,-1,4067,4091,4092,-1,4067,4092,4068,-1,4068,4092,4093,-1,4068,4093,4069,-1,4069,4093,4094,-1,4069,4094,4070,-1,4070,4094,4095,-1,4070,4095,4071,-1,4071,4095,4072,-1,4095,4096,4072,-1,4072,4096,4097,-1,4072,4097,4073,-1,4073,4097,4098,-1,4073,4098,4074,-1,4074,4098,4099,-1,4074,4099,4075,-1,4075,4099,4100,-1,4075,4100,4076,-1,4076,4100,4101,-1,4076,4101,4077,-1,4077,4101,4102,-1,4077,4102,4078,-1,4078,4102,4103,-1,4078,4103,4079,-1,4079,4103,4104,-1,4079,4104,4080,-1,4080,4104,4105,-1,4080,4105,4081,-1,4081,4105,4106,-1,4081,4106,4082,-1,4082,4106,4107,-1,4082,4107,4083,-1,4083,4107,4108,-1,4083,4108,4084,-1,4084,4108,4109,-1,4084,4109,4085,-1,4085,4109,4110,-1,4085,4110,4086,-1,4086,4110,4111,-1,4086,4111,4087,-1,4087,4111,4112,-1,4087,4112,4088,-1,4088,4112,4113,-1,4088,4113,4089,-1,4089,4113,4114,-1,4089,4114,4090,-1,4090,4114,4115,-1,4090,4115,4091,-1,4091,4115,4116,-1,4091,4116,4092,-1,4092,4116,4117,-1,4092,4117,4093,-1,4093,4117,4118,-1,4093,4118,4094,-1,4094,4118,4119,-1,4094,4119,4095,-1,4095,4119,4096,-1,4119,4120,4096,-1,4096,4120,4121,-1,4096,4121,4097,-1,4097,4121,4122,-1,4097,4122,4098,-1,4098,4122,4123,-1,4098,4123,4099,-1,4099,4123,4124,-1,4099,4124,4100,-1,4100,4124,4125,-1,4100,4125,4101,-1,4101,4125,4126,-1,4101,4126,4102,-1,4102,4126,4127,-1,4102,4127,4103,-1,4103,4127,4128,-1,4103,4128,4104,-1,4104,4128,4129,-1,4104,4129,4105,-1,4105,4129,4130,-1,4105,4130,4106,-1,4106,4130,4131,-1,4106,4131,4107,-1,4107,4131,4132,-1,4107,4132,4108,-1,4108,4132,4133,-1,4108,4133,4109,-1,4109,4133,4134,-1,4109,4134,4110,-1,4110,4134,4135,-1,4110,4135,4111,-1,4111,4135,4136,-1,4111,4136,4112,-1,4112,4136,4137,-1,4112,4137,4113,-1,4113,4137,4138,-1,4113,4138,4114,-1,4114,4138,4139,-1,4114,4139,4115,-1,4115,4139,4140,-1,4115,4140,4116,-1,4116,4140,4141,-1,4116,4141,4117,-1,4117,4141,4142,-1,4117,4142,4118,-1,4118,4142,4143,-1,4118,4143,4119,-1,4119,4143,4120,-1,4144,4145,4146,-1,4146,4145,4147,-1,4146,4147,4148,-1,4148,4147,4149,-1,4148,4149,4150,-1,4150,4149,4151,-1,4150,4151,4152,-1,4152,4151,4153,-1,4152,4153,4154,-1,4154,4153,4155,-1,4154,4155,4156,-1,4156,4155,4157,-1,4156,4157,4158,-1,4158,4157,4159,-1,4158,4159,4160,-1,4160,4159,4161,-1,4160,4161,4162,-1,4162,4161,4163,-1,4162,4163,4164,-1,4164,4163,4165,-1,4164,4165,4166,-1,4166,4165,4167,-1,4166,4167,4168,-1,4168,4167,4169,-1,4168,4169,4170,-1,4170,4169,4171,-1,4170,4171,4172,-1,4172,4171,4173,-1,4172,4173,4174,-1,4174,4173,4175,-1,4174,4175,4176,-1,4176,4175,4177,-1,4176,4177,4178,-1,4178,4177,4179,-1,4178,4179,4180,-1,4180,4179,4181,-1,4180,4181,4182,-1,4182,4181,4183,-1,4182,4183,4184,-1,4184,4183,4185,-1,4184,4185,4186,-1,4186,4185,4187,-1,4186,4187,4188,-1,4188,4187,4189,-1,4188,4189,4190,-1,4190,4189,4191,-1,4190,4191,4144,-1,4144,4191,4145,-1,4191,4192,4145,-1,4145,4192,4193,-1,4145,4193,4147,-1,4147,4193,4194,-1,4147,4194,4149,-1,4149,4194,4195,-1,4149,4195,4151,-1,4151,4195,4196,-1,4151,4196,4153,-1,4153,4196,4197,-1,4153,4197,4155,-1,4155,4197,4198,-1,4155,4198,4157,-1,4157,4198,4199,-1,4157,4199,4159,-1,4159,4199,4200,-1,4159,4200,4161,-1,4161,4200,4201,-1,4161,4201,4163,-1,4163,4201,4202,-1,4163,4202,4165,-1,4165,4202,4203,-1,4165,4203,4167,-1,4167,4203,4204,-1,4167,4204,4169,-1,4169,4204,4205,-1,4169,4205,4171,-1,4171,4205,4206,-1,4171,4206,4173,-1,4173,4206,4207,-1,4173,4207,4175,-1,4175,4207,4208,-1,4175,4208,4177,-1,4177,4208,4209,-1,4177,4209,4179,-1,4179,4209,4210,-1,4179,4210,4181,-1,4181,4210,4211,-1,4181,4211,4183,-1,4183,4211,4212,-1,4183,4212,4185,-1,4185,4212,4213,-1,4185,4213,4187,-1,4187,4213,4214,-1,4187,4214,4189,-1,4189,4214,4215,-1,4189,4215,4191,-1,4191,4215,4192,-1,4215,4216,4192,-1,4192,4216,4217,-1,4192,4217,4193,-1,4193,4217,4218,-1,4193,4218,4194,-1,4194,4218,4219,-1,4194,4219,4195,-1,4195,4219,4220,-1,4195,4220,4196,-1,4196,4220,4221,-1,4196,4221,4197,-1,4197,4221,4222,-1,4197,4222,4198,-1,4198,4222,4223,-1,4198,4223,4199,-1,4199,4223,4224,-1,4199,4224,4200,-1,4200,4224,4225,-1,4200,4225,4201,-1,4201,4225,4226,-1,4201,4226,4202,-1,4202,4226,4227,-1,4202,4227,4203,-1,4203,4227,4228,-1,4203,4228,4204,-1,4204,4228,4229,-1,4204,4229,4205,-1,4205,4229,4230,-1,4205,4230,4206,-1,4206,4230,4231,-1,4206,4231,4207,-1,4207,4231,4232,-1,4207,4232,4208,-1,4208,4232,4233,-1,4208,4233,4209,-1,4209,4233,4234,-1,4209,4234,4210,-1,4210,4234,4235,-1,4210,4235,4211,-1,4211,4235,4236,-1,4211,4236,4212,-1,4212,4236,4237,-1,4212,4237,4213,-1,4213,4237,4238,-1,4213,4238,4214,-1,4214,4238,4239,-1,4214,4239,4215,-1,4215,4239,4216,-1,4239,4240,4216,-1,4216,4240,4241,-1,4216,4241,4217,-1,4217,4241,4242,-1,4217,4242,4218,-1,4218,4242,4243,-1,4218,4243,4219,-1,4219,4243,4244,-1,4219,4244,4220,-1,4220,4244,4245,-1,4220,4245,4221,-1,4221,4245,4246,-1,4221,4246,4222,-1,4222,4246,4247,-1,4222,4247,4223,-1,4223,4247,4248,-1,4223,4248,4224,-1,4224,4248,4249,-1,4224,4249,4225,-1,4225,4249,4250,-1,4225,4250,4226,-1,4226,4250,4251,-1,4226,4251,4227,-1,4227,4251,4252,-1,4227,4252,4228,-1,4228,4252,4253,-1,4228,4253,4229,-1,4229,4253,4254,-1,4229,4254,4230,-1,4230,4254,4255,-1,4230,4255,4231,-1,4231,4255,4256,-1,4231,4256,4232,-1,4232,4256,4257,-1,4232,4257,4233,-1,4233,4257,4258,-1,4233,4258,4234,-1,4234,4258,4259,-1,4234,4259,4235,-1,4235,4259,4260,-1,4235,4260,4236,-1,4236,4260,4261,-1,4236,4261,4237,-1,4237,4261,4262,-1,4237,4262,4238,-1,4238,4262,4263,-1,4238,4263,4239,-1,4239,4263,4240,-1,4263,4264,4240,-1,4240,4264,4265,-1,4240,4265,4241,-1,4241,4265,4266,-1,4241,4266,4242,-1,4242,4266,4267,-1,4242,4267,4243,-1,4243,4267,4268,-1,4243,4268,4244,-1,4244,4268,4269,-1,4244,4269,4245,-1,4245,4269,4270,-1,4245,4270,4246,-1,4246,4270,4271,-1,4246,4271,4247,-1,4247,4271,4272,-1,4247,4272,4248,-1,4248,4272,4273,-1,4248,4273,4249,-1,4249,4273,4274,-1,4249,4274,4250,-1,4250,4274,4275,-1,4250,4275,4251,-1,4251,4275,4276,-1,4251,4276,4252,-1,4252,4276,4277,-1,4252,4277,4253,-1,4253,4277,4278,-1,4253,4278,4254,-1,4254,4278,4279,-1,4254,4279,4255,-1,4255,4279,4280,-1,4255,4280,4256,-1,4256,4280,4281,-1,4256,4281,4257,-1,4257,4281,4282,-1,4257,4282,4258,-1,4258,4282,4283,-1,4258,4283,4259,-1,4259,4283,4284,-1,4259,4284,4260,-1,4260,4284,4285,-1,4260,4285,4261,-1,4261,4285,4286,-1,4261,4286,4262,-1,4262,4286,4287,-1,4262,4287,4263,-1,4263,4287,4264,-1,4287,4288,4264,-1,4264,4288,4289,-1,4264,4289,4265,-1,4265,4289,4290,-1,4265,4290,4266,-1,4266,4290,4291,-1,4266,4291,4267,-1,4267,4291,4292,-1,4267,4292,4268,-1,4268,4292,4293,-1,4268,4293,4269,-1,4269,4293,4294,-1,4269,4294,4270,-1,4270,4294,4295,-1,4270,4295,4271,-1,4271,4295,4296,-1,4271,4296,4272,-1,4272,4296,4297,-1,4272,4297,4273,-1,4273,4297,4298,-1,4273,4298,4274,-1,4274,4298,4299,-1,4274,4299,4275,-1,4275,4299,4300,-1,4275,4300,4276,-1,4276,4300,4301,-1,4276,4301,4277,-1,4277,4301,4302,-1,4277,4302,4278,-1,4278,4302,4303,-1,4278,4303,4279,-1,4279,4303,4304,-1,4279,4304,4280,-1,4280,4304,4305,-1,4280,4305,4281,-1,4281,4305,4306,-1,4281,4306,4282,-1,4282,4306,4307,-1,4282,4307,4283,-1,4283,4307,4308,-1,4283,4308,4284,-1,4284,4308,4309,-1,4284,4309,4285,-1,4285,4309,4310,-1,4285,4310,4286,-1,4286,4310,4311,-1,4286,4311,4287,-1,4287,4311,4288,-1,
        ]
    }
}
Shape{
    appearance Appearance {
        material  Material 	{
            diffuseColor 0.2235294117647059 0.2235294117647059 0.2235294117647059
            specularColor 0.11372549019607843 0.11372549019607843 0.11372549019607843
            ambientIntensity 0.2235
            transparency 0.0
            shininess 0.5
        }
    }
    geometry IndexedFaceSet {
        ccw TRUE
        solid FALSE
        coord DEF co Coordinate {
            point [
                -0.3704 -2.188 3.8578, -0.3704 -2.1861 3.8543, -0.4256 -2.1715 3.8669, -0.4808 -2.1531 3.8723, -0.4808 -2.1549 3.8758, -0.3705 -2.2554 3.8105, -0.3705 -2.255 3.8163, -0.3705 -2.2572 3.815, -0.3706 -2.272 3.8001, -0.3706 -2.323 3.7671, -0.3706 -2.3206 3.764, -0.4811 -2.3538 3.742, -0.4811 -2.3512 3.739, -0.4258 -2.3385 3.7547, -0.4811 -2.3967 3.7035, -0.4811 -2.394 3.7007, -0.4811 -2.3755 3.723, -0.0873 -2.2781 3.8006, -0.0873 -2.2759 3.7973, -0.2192 -2.3169 3.7669, -0.2842 -2.3391 3.7541, -0.0873 -2.2556 3.8109, -0.0873 -2.2342 3.83, -0.0873 -2.2321 3.8266, -0.0873 -2.255 3.8164, -0.0873 -2.2564 3.8155, -0.4807 -2.1031 3.9011, -0.4807 -2.1014 3.8976, -0.356 -2.1439 3.877, -0.284 -2.1699 3.8678, -0.4808 -2.1291 3.8888, -0.3274 -2.3066 3.7748, -0.3273 -2.1976 3.8477, -0.1629 -2.2475 3.8167, -0.1353 -2.2527 3.8132, -0.1494 -2.2558 3.8112, -0.1629 -2.2588 3.8092, -0.3273 -2.2552 3.8102, -0.3273 -2.223 3.8324, -0.1629 -2.2496 3.82, -0.2451 -2.2248 3.8359, -0.3273 -2.1996 3.8511, -0.3274 -2.309 3.7779, -0.3273 -2.2554 3.8162, -0.2452 -2.2852 3.7955, -0.1629 -2.261 3.8124, -0.1353 -2.2549 3.8165, -0.1488 -2.2581 3.8144, -0.1495 -2.2526 3.818, -0.0867 -1.771 3.9885, -0.0867 -1.7714 3.9924, -0.2836 -1.7712 3.9925, -0.2836 -1.7708 3.9886, -0.3792 -1.7711 3.9925, -0.3792 -1.7707 3.9886, -0.4804 -1.771 3.9925, -0.4804 -1.7706 3.9886, -0.4805 -1.8647 3.9778, -0.4805 -1.8767 3.9756, -0.4805 -1.8709 3.9728, -0.4805 -1.8759 3.9718, -0.4804 -1.8241 3.9854, -0.279 -2.0769 3.9127, -0.279 -2.0753 3.9091, -0.2923 -2.0743 3.9095, -0.3056 -2.0746 3.9137, -0.3412 -2.0673 3.9124, -0.341 -2.068 3.9164, -0.3418 -2.0679 3.9165, -0.3439 -2.0669 3.9126, -0.355 -2.0654 3.9175, -0.3686 -2.0594 3.9199, -0.3687 -2.058 3.9162, -0.3893 -2.0502 3.9236, -0.3796 -2.0541 3.9178, -0.3939 -2.0467 3.9249, -0.3937 -2.0448 3.9214, -0.4131 -2.0321 3.9263, -0.4188 -2.0272 3.9323, -0.4189 -2.026 3.9285, -0.4264 -2.0213 3.9345, -0.4427 -2.0013 3.9374, -0.4427 -2.0006 3.9416, -0.4435 -1.9999 3.9378, -0.4522 -1.9886 3.9457, -0.4604 -1.9713 3.947, -0.4596 -1.9721 3.9507, -0.4629 -1.9669 3.9484, -0.4695 -1.9503 3.9574, -0.4711 -1.9401 3.956, -0.4708 -1.9412 3.9597, -0.4747 -1.9259 3.9599, -0.4742 -1.9299 3.9589, -0.0869 -1.8811 3.9747, -0.0869 -1.8803 3.9708, -0.087 -1.8819 3.9705, -0.0906 -1.917 3.9662, -0.0914 -1.9158 3.9622, -0.0912 -1.923 3.9648, -0.0927 -1.9258 3.9597, -0.0944 -1.9391 3.9565, -0.0993 -1.9549 3.9559, -0.0995 -1.9537 3.9522, -0.1017 -1.9645 3.9532, -0.1071 -1.9756 3.9457, -0.1129 -1.9847 3.9468, -0.1123 -1.9838 3.943, -0.1235 -2.0039 3.9406, -0.129 -2.0097 3.9344, -0.1318 -2.0127 3.9375, -0.1312 -2.0119 3.9337, -0.1549 -2.0371 3.9287, -0.1561 -2.0362 3.9248, -0.156 -2.0377 3.9284, -0.1585 -2.0386 3.9239, -0.1795 -2.0529 3.9225, -0.1796 -2.0513 3.9189, -0.1871 -2.0578 3.9206, -0.1907 -2.058 3.9162, -0.203 -2.0633 3.9183, -0.203 -2.0619 3.9147, -0.216 -2.0679 3.9165, -0.2252 -2.0689 3.9118, -0.2305 -2.0695 3.9115, -0.2306 -2.0707 3.9153, -0.2201 -2.0693 3.9159, -0.0868 -1.8647 3.9778, -0.0868 -1.8265 3.985, -0.0868 -1.78 3.9875, -0.1364 -1.9259 3.96, -0.1367 -1.9279 3.9595, -0.1368 -1.9284 3.9593, -0.145 -1.9507 3.9531, -0.1486 -1.9605 3.9504, -0.155 -1.9695 3.9476, -0.166 -1.9848 3.9428, -0.169 -1.9873 3.942, -0.1709 -1.989 3.9414, -0.1881 -2.0035 3.9366, -0.1887 -2.004 3.9364, -0.2075 -2.0131 3.9332, -0.2133 -2.0159 3.9322, -0.227 -2.0188 3.9312, -0.2502 -2.0238 3.9294, -0.273 -2.0258 3.9287, -0.28 -2.0264 3.9284, -0.3231 -2.0212 3.9304, -0.3315 -2.0202 3.9307, -0.347 -2.015 3.9326, -0.3649 -2.009 3.9347, -0.3677 -2.0072 3.9353, -0.3871 -1.9946 3.9396, -0.3904 -1.9925 3.9403, -0.4022 -1.9798 3.9444, -0.4116 -1.9697 3.9476, -0.4161 -1.9614 3.95, -0.4297 -1.9258 3.9598, -0.4259 -1.9416 3.9557, -0.4253 -1.9444 3.955, -0.4327 -1.9131 3.9632, -0.4342 -1.9069 3.9648, -0.4373 -1.8776 3.9714, -0.4372 -1.8228 3.9816, -0.2836 -1.8229 3.9816, -0.13 -1.8231 3.9815, -0.1301 -1.88 3.9709, -0.28 -2.0278 3.9321, -0.273 -2.0272 3.9324, -0.2553 -2.0257 3.9329, -0.2269 -2.0203 3.9349, -0.2168 -2.0184 3.9355, -0.2076 -2.0142 3.937, -0.1905 -2.0064 3.9398, -0.1883 -2.0046 3.9404, -0.1706 -1.9905 3.9451, -0.1692 -1.9893 3.9455, -0.1688 -1.9888 3.9457, -0.155 -1.9707 3.9513, -0.15 -1.9642 3.9534, -0.1449 -1.9518 3.9569, -0.1385 -1.9362 3.9613, -0.1374 -1.9293 3.963, -0.1371 -1.9268 3.9636, -0.1301 -1.8808 3.9748, -0.13 -1.8523 3.9805, -0.13 -1.8237 3.9854, -0.4372 -1.8234 3.9855, -0.2836 -1.8235 3.9854, -0.4373 -1.8509 3.9807, -0.4373 -1.8784 3.9753, -0.4337 -1.9112 3.9678, -0.4329 -1.9141 3.967, -0.4297 -1.9268 3.9636, -0.4256 -1.9426 3.9595, -0.4243 -1.9478 3.9581, -0.4159 -1.9624 3.9538, -0.4092 -1.9742 3.9503, -0.4024 -1.9811 3.9481, -0.3873 -1.9962 3.9432, -0.3869 -1.9966 3.9431, -0.3231 -2.0225 3.9341, -0.3319 -2.0214 3.9345, -0.3471 -2.0165 3.9362, -0.362 -2.0117 3.9379, -0.3675 -2.0083 3.9391, -0.3027 -1.6752 3.9947, -0.3027 -1.6753 3.9987, -0.2811 -1.6753 3.9987, -0.2811 -1.6752 3.9947, -0.2595 -1.6753 3.9987, -0.2595 -1.6752 3.9947, -0.2593 -1.5362 3.9925, -0.2593 -1.5367 3.9886, -0.2594 -1.5737 3.992, -0.2594 -1.6057 3.9978, -0.2594 -1.589 3.9924, -0.2594 -1.6535 3.9984, -0.1945 -1.5363 3.9925, -0.1945 -1.5367 3.9886, -0.1297 -1.5364 3.9925, -0.1297 -1.5368 3.9886, -0.1298 -1.589 3.9918, -0.1298 -1.6106 3.998, -0.1298 -1.6382 3.9948, -0.1298 -1.6535 3.9983, -0.1299 -1.685 3.9945, -0.1299 -1.6851 3.9984, -0.1083 -1.6851 3.9984, -0.1083 -1.685 3.9945, -0.0867 -1.6852 3.9984, -0.0867 -1.685 3.9945, -0.0866 -1.5843 3.9967, -0.0866 -1.5846 3.9927, -0.0866 -1.5889 3.9928, -0.0866 -1.6536 3.9979, -0.0864 -1.4841 3.9855, -0.0864 -1.4847 3.9816, -0.0866 -1.5835 3.9927, -0.2833 -1.4839 3.9855, -0.2833 -1.4845 3.9816, -0.4801 -1.4837 3.9855, -0.4801 -1.4843 3.9816, -0.4802 -1.5853 3.9928, -0.4802 -1.5887 3.9969, -0.4802 -1.5889 3.9928, -0.4802 -1.5889 3.9928, -0.4803 -1.6536 3.9977, -0.4803 -1.6815 3.9946, -0.4803 -1.6943 3.9981, -0.4803 -1.6941 3.9942, -0.4587 -1.6943 3.9981, -0.4587 -1.6942 3.9942, -0.4371 -1.6943 3.9981, -0.4371 -1.6942 3.9942, -0.4369 -1.5361 3.9925, -0.4369 -1.5365 3.9886, -0.437 -1.5889 3.9929, -0.437 -1.6151 3.9982, -0.437 -1.5926 3.9932, -0.4371 -1.6535 3.9982, -0.3697 -1.5361 3.9925, -0.3697 -1.5366 3.9886, -0.3025 -1.5362 3.9925, -0.3025 -1.5366 3.9886, -0.3026 -1.589 3.9918, -0.3026 -1.6056 3.9978, -0.3026 -1.638 3.9948, -0.3026 -1.6535 3.9984, -0.15 -1.4086 3.9708, -0.15 -1.4095 3.967, -0.1445 -1.3978 3.9682, -0.1437 -1.397 3.964, -0.1375 -1.3827 3.9645, -0.1351 -1.3754 3.9583, -0.1247 -1.3209 3.9424, -0.1247 -1.3197 3.9461, -0.1289 -1.3564 3.9531, -0.1295 -1.3552 3.9568, -0.1295 -1.3613 3.9546, -0.1309 -1.3655 3.9598, -0.1344 -1.3746 3.9623, -0.1236 -1.4086 3.9708, -0.1236 -1.4095 3.967, -0.0972 -1.4086 3.9708, -0.0972 -1.4095 3.967, -0.0847 -1.3645 3.9596, -0.0815 -1.3193 3.946, -0.0815 -1.3206 3.9423, -0.0848 -1.3656 3.9558, -0.0846 -1.3647 3.9555, -0.2903 -1.1354 3.8668, -0.2903 -1.1372 3.8634, -0.2773 -1.1381 3.8638, -0.2315 -1.1414 3.8701, -0.2316 -1.1438 3.8669, -0.231 -1.1415 3.8701, -0.2238 -1.1447 3.8674, -0.2013 -1.1503 3.8748, -0.2013 -1.152 3.8713, -0.1893 -1.1538 3.8766, -0.1864 -1.1569 3.8738, -0.1737 -1.1627 3.8811, -0.1737 -1.1643 3.8776, -0.1528 -1.1746 3.8872, -0.151 -1.1777 3.8843, -0.1459 -1.1802 3.8899, -0.1462 -1.1821 3.8864, -0.1399 -1.185 3.8922, -0.1406 -1.1873 3.8889, -0.1376 -1.1869 3.8932, -0.1205 -1.2059 3.8977, -0.1188 -1.2078 3.9028, -0.1184 -1.209 3.899, -0.111 -1.2165 3.9068, -0.1024 -1.2332 3.9096, -0.103 -1.2319 3.9133, -0.0992 -1.2393 3.9163, -0.0998 -1.2371 3.9113, -0.0938 -1.2496 3.9207, -0.092 -1.2597 3.9203, -0.0923 -1.2582 3.9238, -0.0883 -1.2708 3.9247, -0.0886 -1.2699 3.9244, -0.4847 -1.304 3.9409, -0.4847 -1.3053 3.9372, -0.4845 -1.3032 3.9365, -0.4826 -1.2828 3.9334, -0.4797 -1.27 3.9241, -0.4779 -1.2603 3.9247, -0.4785 -1.2616 3.921, -0.4772 -1.2528 3.9177, -0.4736 -1.2395 3.9166, -0.4711 -1.2376 3.9114, -0.4433 -1.1928 3.8916, -0.443 -1.1922 3.8956, -0.4437 -1.1934 3.8919, -0.4591 -1.2106 3.9041, -0.4593 -1.2141 3.9013, -0.4598 -1.2121 3.9048, -0.4644 -1.2209 3.9044, -0.4718 -1.2359 3.915, -0.4735 -1.2392 3.9165, -0.3419 -1.1423 3.8661, -0.3418 -1.141 3.8699, -0.3469 -1.1428 3.8664, -0.3542 -1.1424 3.8706, -0.3723 -1.1498 3.8701, -0.3721 -1.1483 3.8737, -0.3822 -1.1525 3.8715, -0.3922 -1.1549 3.8772, -0.3985 -1.1609 3.8758, -0.3986 -1.1589 3.8792, -0.4147 -1.1692 3.8801, -0.4242 -1.1747 3.8872, -0.4238 -1.1768 3.8838, -0.4276 -1.1768 3.8883, -0.4353 -1.1834 3.8915, -0.4596 -1.4082 3.9707, -0.4596 -1.4091 3.9669, -0.465 -1.3961 3.9678, -0.4672 -1.3919 3.9627, -0.471 -1.3817 3.9642, -0.4727 -1.3752 3.9582, -0.4812 -1.3485 3.9509, -0.4802 -1.3473 3.9544, -0.481 -1.3499 3.9513, -0.4792 -1.3572 3.9575, -0.4735 -1.3744 3.9622, -0.438 -1.4082 3.9707, -0.438 -1.4091 3.9669, -0.4164 -1.4083 3.9707, -0.4164 -1.4092 3.9669, -0.4415 -1.311 3.9433, -0.4415 -1.3122 3.9395, -0.4408 -1.3231 3.9472, -0.4402 -1.3323 3.946, -0.4325 -1.3722 3.9576, -0.4317 -1.371 3.9612, -0.4338 -1.3691 3.9568, -0.4358 -1.361 3.9586, -0.4375 -1.3478 3.9505, -0.4381 -1.3467 3.9544, -0.4397 -1.3373 3.9517, -0.2871 -1.1824 3.891, -0.2871 -1.1841 3.8874, -0.3085 -1.1841 3.8918, -0.3085 -1.186 3.8884, -0.3101 -1.1843 3.8919, -0.3212 -1.1872 3.8889, -0.3446 -1.1905 3.8948, -0.3445 -1.1924 3.8914, -0.3532 -1.192 3.8956, -0.3596 -1.1958 3.893, -0.3675 -1.1981 3.8984, -0.3675 -1.1996 3.8948, -0.3814 -1.204 3.9011, -0.3876 -1.2093 3.8992, -0.3874 -1.2084 3.9031, -0.3878 -1.2095 3.8993, -0.4047 -1.2211 3.9088, -0.4044 -1.2231 3.9053, -0.4054 -1.2216 3.909, -0.4093 -1.2271 3.9071, -0.4172 -1.2359 3.915, -0.4171 -1.2374 3.9114, -0.42 -1.2392 3.9165, -0.4213 -1.2408 3.9171, -0.4238 -1.2464 3.9152, -0.426 -1.2511 3.9212, -0.4263 -1.2525 3.9176, -0.4321 -1.2642 3.9264, -0.433 -1.2685 3.9239, -0.4333 -1.2702 3.9286, -0.4333 -1.2699 3.9244, -0.4336 -1.2716 3.925, -0.1255 -1.3144 3.9444, -0.1255 -1.3156 3.9406, -0.128 -1.2984 3.939, -0.1279 -1.3001 3.9354, -0.1356 -1.2697 3.9284, -0.1354 -1.2711 3.9247, -0.1357 -1.2699 3.9243, -0.1379 -1.2608 3.9251, -0.1373 -1.2638 3.9221, -0.1431 -1.2518 3.9215, -0.1432 -1.2533 3.9179, -0.1505 -1.2392 3.9164, -0.1511 -1.2391 3.9122, -0.1522 -1.2362 3.9152, -0.1531 -1.2371 3.9113, -0.2419 -1.1894 3.89, -0.2419 -1.1878 3.8936, -0.2343 -1.1903 3.8904, -0.2326 -1.189 3.8941, -0.2165 -1.1961 3.8931, -0.2164 -1.1942 3.8966, -0.1977 -1.2021 3.896, -0.2004 -1.1993 3.899, -0.194 -1.2044 3.897, -0.1942 -1.203 3.9007, -0.1729 -1.2176 3.9029, -0.1729 -1.2159 3.9065, -0.1714 -1.2185 3.9033, -0.1719 -1.2166 3.9068, -0.1693 -1.2206 3.9042, -0.1693 -1.2191 3.9079, -0.153 -1.2354 3.9149, -0.0858 -0.9453 3.7298, -0.0858 -0.9427 3.7328, -0.2826 -0.9425 3.7327, -0.2826 -0.9451 3.7297, -0.4794 -0.9423 3.7325, -0.4794 -0.9449 3.7295, -0.4795 -1.0237 3.7919, -0.4795 -1.0214 3.7951, -0.4797 -1.1059 3.8502, -0.4797 -1.1079 3.8468, -0.4796 -1.0526 3.8155, -0.4795 -1.0245 3.7926, -0.4795 -1.0237 3.7919, -0.4581 -1.1059 3.8502, -0.4581 -1.1079 3.8468, -0.4364 -1.1059 3.8502, -0.4364 -1.1079 3.8468, -0.4363 -0.983 3.7663, -0.4363 -0.9855 3.7632, -0.4363 -1.0228 3.7913, -0.4364 -1.0431 3.8103, -0.4363 -1.0237 3.7919, -0.4364 -1.0522 3.8161, -0.2611 -0.9832 3.7664, -0.2611 -0.9856 3.7633, -0.0859 -0.9834 3.7665, -0.0859 -0.9858 3.7634, -0.0858 -0.9628 3.7499
            ]
        }
        coordIndex [
            0,1,2,-1,2,1,3,-1,2,3,4,-1,5,1,0,-1,0,6,5,-1,5,6,7,-1,5,7,8,-1,8,7,9,-1,8,9,10,-1,11,12,13,-1,13,12,10,-1,13,10,9,-1,14,15,16,-1,16,15,12,-1,16,12,11,-1,17,18,19,-1,17,19,20,-1,20,19,15,-1,20,15,14,-1,21,18,17,-1,22,23,24,-1,24,23,21,-1,24,21,25,-1,25,21,17,-1,26,27,28,-1,26,28,29,-1,29,28,23,-1,29,23,22,-1,4,3,30,-1,30,3,27,-1,30,27,26,-1,27,3,28,-1,28,3,1,-1,31,15,19,-1,19,18,21,-1,32,33,23,-1,23,33,34,-1,23,34,21,-1,21,34,35,-1,21,35,19,-1,19,35,36,-1,19,36,31,-1,12,15,10,-1,10,15,31,-1,10,31,8,-1,8,31,37,-1,8,37,5,-1,5,37,38,-1,5,38,1,-1,1,38,32,-1,1,32,28,-1,28,32,23,-1,39,33,40,-1,40,33,32,-1,40,32,41,-1,31,42,37,-1,37,42,43,-1,37,43,38,-1,38,43,41,-1,38,41,32,-1,42,31,44,-1,44,31,36,-1,44,36,45,-1,34,46,35,-1,35,46,47,-1,35,47,36,-1,36,47,45,-1,46,34,48,-1,48,34,33,-1,48,33,39,-1,49,50,51,-1,49,51,52,-1,52,51,53,-1,52,53,54,-1,54,53,55,-1,54,55,56,-1,57,58,59,-1,59,58,60,-1,57,59,61,-1,61,59,56,-1,61,56,55,-1,62,63,64,-1,62,64,65,-1,65,64,66,-1,65,66,67,-1,67,66,68,-1,68,66,69,-1,68,69,70,-1,70,69,71,-1,71,69,72,-1,71,72,73,-1,73,72,74,-1,73,74,75,-1,74,76,75,-1,75,76,77,-1,75,77,78,-1,78,77,79,-1,78,79,80,-1,80,79,81,-1,80,81,82,-1,82,81,83,-1,82,83,84,-1,84,83,85,-1,84,85,86,-1,86,85,87,-1,86,87,88,-1,88,87,89,-1,88,89,90,-1,60,58,91,-1,91,58,90,-1,91,90,92,-1,92,90,89,-1,93,94,95,-1,93,95,96,-1,96,95,97,-1,96,97,98,-1,97,99,98,-1,98,99,100,-1,98,100,101,-1,101,100,102,-1,101,102,103,-1,103,102,104,-1,103,104,105,-1,105,104,106,-1,105,106,107,-1,107,106,108,-1,107,108,109,-1,109,108,110,-1,109,110,111,-1,111,110,112,-1,111,112,113,-1,113,112,114,-1,113,114,115,-1,115,114,116,-1,115,116,117,-1,117,116,118,-1,117,118,119,-1,119,118,120,-1,119,120,121,-1,121,120,122,-1,63,62,123,-1,123,62,124,-1,123,124,122,-1,122,124,125,-1,122,125,121,-1,93,126,94,-1,94,126,127,-1,94,127,128,-1,128,127,50,-1,128,50,49,-1,129,130,100,-1,100,130,131,-1,100,131,102,-1,102,131,132,-1,102,132,104,-1,104,132,133,-1,104,133,106,-1,106,133,134,-1,106,134,108,-1,108,134,135,-1,108,135,110,-1,110,135,136,-1,136,137,110,-1,110,137,138,-1,110,138,112,-1,112,138,139,-1,112,139,114,-1,114,139,116,-1,116,139,140,-1,116,140,118,-1,118,140,141,-1,118,141,120,-1,120,141,122,-1,122,141,142,-1,122,142,123,-1,142,143,123,-1,123,143,144,-1,123,144,63,-1,63,144,145,-1,63,145,64,-1,64,145,146,-1,64,146,66,-1,66,146,69,-1,69,146,147,-1,69,147,72,-1,72,147,148,-1,72,148,74,-1,74,148,149,-1,74,149,76,-1,76,149,150,-1,76,150,77,-1,77,150,151,-1,77,151,79,-1,79,151,152,-1,79,152,81,-1,81,152,153,-1,81,153,83,-1,83,153,154,-1,83,154,85,-1,85,154,155,-1,85,155,87,-1,91,92,156,-1,156,92,89,-1,156,89,157,-1,157,89,87,-1,157,87,158,-1,158,87,155,-1,156,159,91,-1,91,159,160,-1,91,160,60,-1,60,160,161,-1,60,161,59,-1,59,161,56,-1,56,161,162,-1,56,162,54,-1,54,162,52,-1,52,162,163,-1,52,163,164,-1,49,52,128,-1,128,52,164,-1,128,164,94,-1,94,164,165,-1,100,99,129,-1,129,99,97,-1,129,97,165,-1,165,97,95,-1,165,95,94,-1,166,145,167,-1,167,145,144,-1,167,144,168,-1,168,144,143,-1,168,143,169,-1,169,143,142,-1,169,142,170,-1,170,142,141,-1,170,141,171,-1,171,141,140,-1,171,140,172,-1,172,140,139,-1,172,139,173,-1,173,139,138,-1,173,138,174,-1,174,138,137,-1,174,137,175,-1,175,137,136,-1,175,136,176,-1,176,136,135,-1,176,135,177,-1,177,135,134,-1,177,134,178,-1,178,134,133,-1,178,133,179,-1,179,133,132,-1,179,132,180,-1,180,132,131,-1,180,131,181,-1,181,131,130,-1,181,130,182,-1,182,130,129,-1,182,129,183,-1,183,129,165,-1,183,165,184,-1,184,165,164,-1,184,164,185,-1,162,186,187,-1,162,187,163,-1,163,187,185,-1,163,185,164,-1,186,162,188,-1,188,162,161,-1,188,161,189,-1,189,161,190,-1,190,161,160,-1,190,160,191,-1,191,160,159,-1,191,159,192,-1,192,159,156,-1,192,156,193,-1,193,156,157,-1,193,157,194,-1,194,157,158,-1,194,158,195,-1,195,158,155,-1,195,155,196,-1,196,155,154,-1,196,154,197,-1,197,154,153,-1,197,153,198,-1,153,152,198,-1,198,152,151,-1,198,151,199,-1,199,151,150,-1,145,166,146,-1,146,166,200,-1,146,200,147,-1,147,200,201,-1,147,201,148,-1,148,201,202,-1,148,202,149,-1,149,202,203,-1,149,203,150,-1,150,203,204,-1,150,204,199,-1,205,206,207,-1,205,207,208,-1,208,207,209,-1,208,209,210,-1,211,212,213,-1,211,213,214,-1,214,213,215,-1,214,215,216,-1,216,215,210,-1,216,210,209,-1,212,211,217,-1,212,217,218,-1,218,217,219,-1,218,219,220,-1,220,219,221,-1,221,219,222,-1,221,222,223,-1,223,222,224,-1,223,224,225,-1,225,224,226,-1,225,226,227,-1,225,227,228,-1,228,227,229,-1,228,229,230,-1,231,232,233,-1,231,233,234,-1,234,233,230,-1,234,230,229,-1,235,236,231,-1,231,236,237,-1,231,237,232,-1,236,235,238,-1,236,238,239,-1,239,238,240,-1,239,240,241,-1,241,240,242,-1,242,240,243,-1,242,243,244,-1,244,243,245,-1,245,243,246,-1,245,246,247,-1,247,246,248,-1,247,248,249,-1,249,248,250,-1,249,250,251,-1,251,250,252,-1,251,252,253,-1,254,255,256,-1,254,256,257,-1,257,256,258,-1,257,258,259,-1,259,258,253,-1,259,253,252,-1,255,254,260,-1,255,260,261,-1,261,260,262,-1,261,262,263,-1,263,262,264,-1,264,262,265,-1,264,265,266,-1,266,265,267,-1,266,267,205,-1,205,267,206,-1,228,230,233,-1,242,256,241,-1,241,256,255,-1,241,255,239,-1,239,255,261,-1,239,261,263,-1,249,251,247,-1,247,251,245,-1,242,244,256,-1,256,244,245,-1,256,245,258,-1,258,245,251,-1,258,251,253,-1,225,228,223,-1,223,228,233,-1,223,233,221,-1,205,208,266,-1,266,208,264,-1,233,232,221,-1,221,232,237,-1,221,237,220,-1,220,237,236,-1,220,236,218,-1,218,236,239,-1,218,239,212,-1,212,239,263,-1,212,263,213,-1,213,263,264,-1,213,264,215,-1,215,264,208,-1,215,208,210,-1,268,269,270,-1,270,269,271,-1,270,271,272,-1,272,271,273,-1,274,275,276,-1,276,275,277,-1,276,277,278,-1,278,277,279,-1,278,279,273,-1,273,279,280,-1,273,280,272,-1,269,268,281,-1,269,281,282,-1,282,281,283,-1,282,283,284,-1,285,286,287,-1,284,283,288,-1,288,283,285,-1,288,285,289,-1,289,285,287,-1,290,291,292,-1,290,292,293,-1,293,292,294,-1,293,294,295,-1,295,294,296,-1,295,296,297,-1,297,296,298,-1,297,298,299,-1,299,298,300,-1,299,300,301,-1,301,300,302,-1,301,302,303,-1,303,302,304,-1,303,304,305,-1,305,304,306,-1,305,306,307,-1,307,306,308,-1,307,308,309,-1,309,308,310,-1,309,310,311,-1,311,310,312,-1,311,312,313,-1,313,312,314,-1,313,314,315,-1,315,314,316,-1,316,314,317,-1,316,317,318,-1,318,317,319,-1,318,319,320,-1,287,286,321,-1,321,286,320,-1,321,320,322,-1,322,320,319,-1,323,324,325,-1,323,325,326,-1,326,325,327,-1,326,327,328,-1,327,329,328,-1,328,329,330,-1,328,330,331,-1,331,330,332,-1,333,334,335,-1,335,334,336,-1,335,336,337,-1,337,336,338,-1,337,338,339,-1,339,338,340,-1,339,340,332,-1,332,340,341,-1,332,341,331,-1,291,290,342,-1,342,290,343,-1,342,343,344,-1,344,343,345,-1,344,345,346,-1,346,345,347,-1,346,347,348,-1,348,347,349,-1,348,349,350,-1,350,349,351,-1,350,351,352,-1,352,351,353,-1,352,353,354,-1,354,353,355,-1,354,355,333,-1,333,355,356,-1,333,356,334,-1,357,358,359,-1,359,358,360,-1,359,360,361,-1,361,360,362,-1,324,323,363,-1,363,323,364,-1,363,364,365,-1,365,364,366,-1,365,366,362,-1,362,366,367,-1,362,367,361,-1,358,357,368,-1,358,368,369,-1,369,368,370,-1,369,370,371,-1,372,373,374,-1,374,373,375,-1,371,370,376,-1,376,370,377,-1,376,377,378,-1,378,377,379,-1,378,379,380,-1,380,379,381,-1,380,381,375,-1,375,381,382,-1,375,382,374,-1,383,384,385,-1,385,384,386,-1,385,386,387,-1,387,386,388,-1,387,388,389,-1,389,388,390,-1,389,390,391,-1,391,390,392,-1,391,392,393,-1,393,392,394,-1,393,394,395,-1,395,394,396,-1,395,396,397,-1,397,396,398,-1,397,398,399,-1,399,398,400,-1,399,400,401,-1,401,400,402,-1,401,402,403,-1,403,402,404,-1,403,404,405,-1,405,404,406,-1,406,404,407,-1,406,407,408,-1,408,407,409,-1,408,409,410,-1,410,409,411,-1,410,411,412,-1,411,413,412,-1,412,413,414,-1,412,414,372,-1,372,414,373,-1,275,274,415,-1,415,274,416,-1,415,416,417,-1,417,416,418,-1,417,418,419,-1,418,420,419,-1,419,420,421,-1,419,421,422,-1,422,421,423,-1,422,423,424,-1,424,423,425,-1,424,425,426,-1,426,425,427,-1,426,427,428,-1,428,427,429,-1,384,383,430,-1,430,383,431,-1,430,431,432,-1,432,431,433,-1,432,433,434,-1,434,433,435,-1,434,435,436,-1,436,435,437,-1,436,437,438,-1,438,437,439,-1,438,439,440,-1,440,439,441,-1,440,441,442,-1,442,441,443,-1,442,443,444,-1,444,443,445,-1,444,445,429,-1,429,445,446,-1,429,446,428,-1,369,371,376,-1,358,369,360,-1,360,369,376,-1,360,376,362,-1,362,376,378,-1,362,378,365,-1,365,378,380,-1,365,380,363,-1,363,380,375,-1,363,375,324,-1,324,375,373,-1,324,373,325,-1,325,373,414,-1,325,414,327,-1,327,414,413,-1,327,413,329,-1,329,413,411,-1,329,411,330,-1,330,411,332,-1,332,411,409,-1,332,409,339,-1,339,409,407,-1,339,407,337,-1,337,407,404,-1,337,404,335,-1,335,404,402,-1,335,402,333,-1,333,402,400,-1,333,400,354,-1,354,400,398,-1,354,398,352,-1,352,398,396,-1,352,396,350,-1,350,396,394,-1,350,394,348,-1,348,394,392,-1,348,392,346,-1,346,392,344,-1,344,392,390,-1,344,390,342,-1,390,388,342,-1,342,388,386,-1,342,386,291,-1,291,386,384,-1,291,384,292,-1,292,384,430,-1,308,306,440,-1,440,306,304,-1,440,304,438,-1,438,304,302,-1,438,302,436,-1,436,302,300,-1,436,300,434,-1,434,300,298,-1,434,298,432,-1,432,298,296,-1,432,296,430,-1,430,296,294,-1,430,294,292,-1,440,442,308,-1,308,442,444,-1,308,444,310,-1,310,444,429,-1,310,429,312,-1,312,429,427,-1,312,427,314,-1,314,427,425,-1,314,425,317,-1,317,425,423,-1,317,423,319,-1,319,423,322,-1,423,421,322,-1,322,421,420,-1,322,420,321,-1,420,418,321,-1,321,418,416,-1,321,416,287,-1,287,416,274,-1,287,274,289,-1,289,274,276,-1,289,276,288,-1,276,278,288,-1,288,278,273,-1,288,273,284,-1,284,273,271,-1,284,271,282,-1,282,271,269,-1,447,448,449,-1,447,449,450,-1,450,449,451,-1,450,451,452,-1,452,451,453,-1,453,451,454,-1,455,456,457,-1,457,456,458,-1,457,458,454,-1,454,458,459,-1,454,459,453,-1,456,455,460,-1,456,460,461,-1,461,460,462,-1,461,462,463,-1,464,465,466,-1,464,466,467,-1,467,466,468,-1,467,468,469,-1,469,468,463,-1,469,463,462,-1,465,464,470,-1,465,470,471,-1,471,470,472,-1,471,472,473,-1,448,447,474,-1,474,447,473,-1,474,473,472,-1,461,463,468,-1,473,447,471,-1,471,447,450,-1,471,450,465,-1,465,450,452,-1,465,452,466,-1,466,452,453,-1,466,453,468,-1,468,453,459,-1,468,459,461,-1,461,459,458,-1,461,458,456,-1,
        ]
    }
}
Shape{
    appearance Appearance {
        material  Material 	{
            diffuseColor 0.8313725490196079 0.6705882352941176 0.12941176470588237
            specularColor 0.6666666666666666 0.5372549019607843 0.10196078431372549
            ambientIntensity 0.657
            transparency 0.0
            shininess 0.5
        }
    }
    geometry IndexedFaceSet {
        ccw TRUE
        solid FALSE
        coord DEF co Coordinate {
            point [
                -0.2451 -2.2248 3.8359, -0.3273 -2.1996 3.8511, -0.3273 -2.2554 3.8162, -0.1629 -2.261 3.8124, -0.2452 -2.2852 3.7955, -0.3274 -2.309 3.7779, -0.1629 -2.2496 3.82, -0.1495 -2.2526 3.818, -0.1488 -2.2581 3.8144, -0.1353 -2.2549 3.8165, -0.4159 -1.9624 3.9538, -0.1883 -2.0046 3.9404, -0.4243 -1.9478 3.9581, -0.4256 -1.9426 3.9595, -0.4092 -1.9742 3.9503, -0.4024 -1.9811 3.9481, -0.3873 -1.9962 3.9432, -0.3231 -2.0225 3.9341, -0.28 -2.0278 3.9321, -0.273 -2.0272 3.9324, -0.3675 -2.0083 3.9391, -0.362 -2.0117 3.9379, -0.3453 -2.0154 3.9366, -0.3471 -2.0165 3.9362, -0.3319 -2.0214 3.9345, -0.2553 -2.0257 3.9329, -0.2269 -2.0203 3.9349, -0.2168 -2.0184 3.9355, -0.2076 -2.0142 3.937, -0.3869 -1.9966 3.9431, -0.1905 -2.0064 3.9398, -0.4297 -1.9268 3.9636, -0.1706 -1.9905 3.9451, -0.1692 -1.9893 3.9455, -0.1688 -1.9888 3.9457, -0.155 -1.9707 3.9513, -0.15 -1.9642 3.9534, -0.1449 -1.9518 3.9569, -0.1385 -1.9362 3.9613, -0.1374 -1.9293 3.963, -0.4373 -1.8784 3.9753, -0.4337 -1.9112 3.9678, -0.13 -1.8523 3.9805, -0.4329 -1.9141 3.967, -0.1301 -1.8808 3.9748, -0.1371 -1.9268 3.9636, -0.13 -1.8237 3.9854, -0.2836 -1.8235 3.9854, -0.4373 -1.8509 3.9807, -0.4372 -1.8234 3.9855, 2.4398 -1.808 0.3937, 2.4743 -1.8148 0.3937, 2.3948 -1.9565 0.3937, 2.4272 -1.9699 0.3937, 2.3216 -2.0934 0.3937, 2.3508 -2.1129 0.3937, 2.2232 -2.2133 0.3937, 2.248 -2.2382 0.3937, 2.1032 -2.3118 0.3937, 2.1227 -2.341 0.3937, 1.9663 -2.3849 0.3937, 1.9798 -2.4174 0.3937, 1.8178 -2.43 0.3937, 1.8247 -2.4644 0.3937, 1.6634 -2.4452 0.3937, 1.6634 -2.4803 0.3937, 1.5089 -2.43 0.3937, 1.5021 -2.4644 0.3937, 1.3604 -2.3849 0.3937, 1.347 -2.4174 0.3937, 1.2236 -2.3118 0.3937, 1.2041 -2.341 0.3937, 1.1036 -2.2133 0.3937, 1.0788 -2.2382 0.3937, 1.0052 -2.0934 0.3937, 0.976 -2.1129 0.3937, 0.932 -1.9565 0.3937, 0.8995 -1.9699 0.3937, 0.887 -1.808 0.3937, 0.8525 -1.8148 0.3937, 0.8717 -1.6535 0.3937, 0.8366 -1.6535 0.3937, 0.887 -1.4991 0.3937, 0.8525 -1.4922 0.3937, 0.932 -1.3506 0.3937, 0.8995 -1.3371 0.3937, 1.0052 -1.2137 0.3937, 0.976 -1.1942 0.3937, 1.1036 -1.0938 0.3937, 1.0788 -1.0689 0.3937, 1.2236 -0.9953 0.3937, 1.2041 -0.9661 0.3937, 1.3604 -0.9222 0.3937, 1.347 -0.8897 0.3937, 1.5089 -0.8771 0.3937, 1.5021 -0.8427 0.3937, 1.6634 -0.8619 0.3937, 1.6634 -0.8268 0.3937, 1.8178 -0.8771 0.3937, 1.8247 -0.8427 0.3937, 1.9663 -0.9222 0.3937, 1.9798 -0.8897 0.3937, 2.1032 -0.9953 0.3937, 2.1227 -0.9661 0.3937, 2.2232 -1.0938 0.3937, 2.248 -1.0689 0.3937, 2.3216 -1.2137 0.3937, 2.3508 -1.1942 0.3937, 2.3948 -1.3506 0.3937, 2.4272 -1.3371 0.3937, 2.4398 -1.4991 0.3937, 2.4743 -1.4922 0.3937, 2.455 -1.6535 0.3937, 2.4902 -1.6535 0.3937, 0.8366 -1.6535 0.2972, 0.8525 -1.4922 0.2972, 0.8995 -1.3371 0.2972, 0.976 -1.1942 0.2972, 1.0788 -1.0689 0.2972, 1.2041 -0.9661 0.2972, 1.347 -0.8897 0.2972, 1.5021 -0.8427 0.2972, 1.6634 -0.8268 0.2972, 1.8247 -0.8427 0.2972, 1.9798 -0.8897 0.2972, 2.1227 -0.9661 0.2972, 2.248 -1.0689 0.2972, 2.3508 -1.1942 0.2972, 2.4272 -1.3371 0.2972, 2.4743 -1.4922 0.2972, 2.4902 -1.6535 0.2972, 2.4743 -1.8148 0.2972, 2.4272 -1.9699 0.2972, 2.3508 -2.1129 0.2972, 2.248 -2.2382 0.2972, 2.1227 -2.341 0.2972, 1.9798 -2.4174 0.2972, 1.8247 -2.4644 0.2972, 1.6634 -2.4803 0.2972, 1.5021 -2.4644 0.2972, 1.347 -2.4174 0.2972, 1.2041 -2.341 0.2972, 1.0788 -2.2382 0.2972, 0.976 -2.1129 0.2972, 0.8995 -1.9699 0.2972, 0.8525 -1.8148 0.2972
            ]
        }
        coordIndex [
            0,1,2,-1,3,2,4,-1,4,2,5,-1,0,2,6,-1,6,2,3,-1,6,3,7,-1,7,3,8,-1,7,8,9,-1,10,11,12,-1,12,11,13,-1,10,14,11,-1,11,14,15,-1,11,15,16,-1,17,18,19,-1,20,21,22,-1,22,21,23,-1,22,23,24,-1,24,17,22,-1,22,17,19,-1,22,19,20,-1,20,19,25,-1,25,26,20,-1,20,26,27,-1,20,27,28,-1,16,29,11,-1,11,29,20,-1,11,20,30,-1,30,20,28,-1,13,11,31,-1,31,11,32,-1,31,32,33,-1,33,34,31,-1,31,34,35,-1,31,35,36,-1,36,37,31,-1,31,37,38,-1,31,38,39,-1,40,41,42,-1,42,41,43,-1,42,43,44,-1,44,43,31,-1,44,31,45,-1,45,31,39,-1,42,46,47,-1,40,42,48,-1,48,42,47,-1,48,47,49,-1,50,51,52,-1,52,51,53,-1,52,53,54,-1,54,53,55,-1,54,55,56,-1,56,55,57,-1,56,57,58,-1,58,57,59,-1,58,59,60,-1,60,59,61,-1,60,61,62,-1,62,61,63,-1,62,63,64,-1,64,63,65,-1,64,65,66,-1,66,65,67,-1,66,67,68,-1,68,67,69,-1,68,69,70,-1,70,69,71,-1,70,71,72,-1,72,71,73,-1,72,73,74,-1,74,73,75,-1,74,75,76,-1,76,75,77,-1,76,77,78,-1,78,77,79,-1,78,79,80,-1,80,79,81,-1,80,81,82,-1,82,81,83,-1,82,83,84,-1,84,83,85,-1,84,85,86,-1,86,85,87,-1,86,87,88,-1,88,87,89,-1,88,89,90,-1,90,89,91,-1,90,91,92,-1,92,91,93,-1,92,93,94,-1,94,93,95,-1,94,95,96,-1,96,95,97,-1,96,97,98,-1,98,97,99,-1,98,99,100,-1,100,99,101,-1,100,101,102,-1,102,101,103,-1,102,103,104,-1,104,103,105,-1,104,105,106,-1,106,105,107,-1,106,107,108,-1,108,107,109,-1,108,109,110,-1,110,109,111,-1,110,111,112,-1,112,111,113,-1,112,113,50,-1,50,113,51,-1,81,114,83,-1,83,114,115,-1,83,115,85,-1,85,115,116,-1,85,116,87,-1,87,116,117,-1,87,117,89,-1,89,117,118,-1,89,118,91,-1,91,118,119,-1,91,119,93,-1,93,119,120,-1,93,120,95,-1,95,120,121,-1,95,121,97,-1,97,121,122,-1,97,122,99,-1,99,122,123,-1,99,123,101,-1,101,123,124,-1,101,124,103,-1,103,124,125,-1,103,125,105,-1,105,125,126,-1,105,126,107,-1,107,126,127,-1,107,127,109,-1,109,127,128,-1,109,128,111,-1,111,128,129,-1,111,129,113,-1,113,129,130,-1,113,130,51,-1,51,130,131,-1,51,131,53,-1,53,131,132,-1,53,132,55,-1,55,132,133,-1,55,133,57,-1,57,133,134,-1,57,134,59,-1,59,134,135,-1,59,135,61,-1,61,135,136,-1,61,136,63,-1,63,136,137,-1,63,137,65,-1,65,137,138,-1,65,138,67,-1,67,138,139,-1,67,139,69,-1,69,139,140,-1,69,140,71,-1,71,140,141,-1,71,141,73,-1,73,141,142,-1,73,142,75,-1,75,142,143,-1,75,143,77,-1,77,143,144,-1,77,144,79,-1,79,144,145,-1,79,145,81,-1,81,145,114,-1,
        ]
    }
}
Shape{
    appearance Appearance {
        material  Material 	{
            diffuseColor 1.0 1.0 1.0
            specularColor 0.5019607843137255 0.5019607843137255 0.5019607843137255
            ambientIntensity 1.0
            transparency 0.0
            shininess 0.5
        }
    }
    geometry IndexedFaceSet {
        ccw TRUE
        solid FALSE
        coord DEF co Coordinate {
            point [
                0.8366 -1.6535 0.2972, 0.887 -1.4991 0.3937, 0.8525 -1.4922 0.2972, 0.932 -1.3506 0.3937, 0.8995 -1.3371 0.2972, 1.0052 -1.2137 0.3937, 0.976 -1.1942 0.2972, 1.1036 -1.0938 0.3937, 1.0788 -1.0689 0.2972, 1.2236 -0.9953 0.3937, 1.2041 -0.9661 0.2972, 1.3604 -0.9222 0.3937, 1.347 -0.8897 0.2972, 1.5089 -0.8771 0.3937, 1.5021 -0.8427 0.2972, 1.6634 -0.8619 0.3937, 1.6634 -0.8268 0.2972, 1.8178 -0.8771 0.3937, 1.8247 -0.8427 0.2972, 1.9663 -0.9222 0.3937, 1.9798 -0.8897 0.2972, 2.1032 -0.9953 0.3937, 2.1227 -0.9661 0.2972, 2.2232 -1.0938 0.3937, 2.248 -1.0689 0.2972, 2.3216 -1.2137 0.3937, 2.3508 -1.1942 0.2972, 2.3948 -1.3506 0.3937, 2.4272 -1.3371 0.2972, 2.4398 -1.4991 0.3937, 2.4743 -1.4922 0.2972, 2.455 -1.6535 0.3937, 2.4902 -1.6535 0.2972, 2.4398 -1.808 0.3937, 2.4743 -1.8148 0.2972, 2.3948 -1.9565 0.3937, 2.4272 -1.9699 0.2972, 2.3216 -2.0934 0.3937, 2.3508 -2.1129 0.2972, 2.2232 -2.2133 0.3937, 2.248 -2.2382 0.2972, 2.1032 -2.3118 0.3937, 2.1227 -2.341 0.2972, 1.9663 -2.3849 0.3937, 1.9798 -2.4174 0.2972, 1.8178 -2.43 0.3937, 1.8247 -2.4644 0.2972, 1.6634 -2.4452 0.3937, 1.6634 -2.4803 0.2972, 1.5089 -2.43 0.3937, 1.5021 -2.4644 0.2972, 1.3604 -2.3849 0.3937, 1.347 -2.4174 0.2972, 1.2236 -2.3118 0.3937, 1.2041 -2.341 0.2972, 1.1036 -2.2133 0.3937, 1.0788 -2.2382 0.2972, 1.0052 -2.0934 0.3937, 0.976 -2.1129 0.2972, 0.932 -1.9565 0.3937, 0.8995 -1.9699 0.2972, 0.887 -1.808 0.3937, 0.8525 -1.8148 0.2972, 0.8717 -1.6535 0.3937
            ]
        }
        coordIndex [
            0,1,2,-1,2,1,3,-1,2,3,4,-1,4,3,5,-1,4,5,6,-1,6,5,7,-1,6,7,8,-1,8,7,9,-1,8,9,10,-1,10,9,11,-1,10,11,12,-1,12,11,13,-1,12,13,14,-1,14,13,15,-1,14,15,16,-1,16,15,17,-1,16,17,18,-1,18,17,19,-1,18,19,20,-1,20,19,21,-1,20,21,22,-1,22,21,23,-1,22,23,24,-1,24,23,25,-1,24,25,26,-1,26,25,27,-1,26,27,28,-1,28,27,29,-1,28,29,30,-1,30,29,31,-1,30,31,32,-1,32,31,33,-1,32,33,34,-1,34,33,35,-1,34,35,36,-1,36,35,37,-1,36,37,38,-1,38,37,39,-1,38,39,40,-1,40,39,41,-1,40,41,42,-1,42,41,43,-1,42,43,44,-1,44,43,45,-1,44,45,46,-1,46,45,47,-1,46,47,48,-1,48,47,49,-1,48,49,50,-1,50,49,51,-1,50,51,52,-1,52,51,53,-1,52,53,54,-1,54,53,55,-1,54,55,56,-1,56,55,57,-1,56,57,58,-1,58,57,59,-1,58,59,60,-1,60,59,61,-1,60,61,62,-1,62,61,63,-1,62,63,0,-1,0,63,1,-1,
        ]
    }
}