ISO-10303-21;
HEADER;
FILE_DESCRIPTION(('KiCad electronic assembly'),'2;1');
FILE_NAME('usb_hub_3s.step','2026-07-21T19:47:52',('Pcbnew'),('Kicad'),
  'Open CASCADE STEP processor 7.6','KiCad to STEP converter','Unknown'
  );
FILE_SCHEMA(('AUTOMOTIVE_DESIGN { 1 0 10303 214 1 1 1 1 }'));
ENDSEC;
DATA;
#1 = APPLICATION_PROTOCOL_DEFINITION('international standard',
  'automotive_design',2000,#2);
#2 = APPLICATION_CONTEXT(
  'core data for automotive mechanical design processes');
#3 = SHAPE_DEFINITION_REPRESENTATION(#4,#10);
#4 = PRODUCT_DEFINITION_SHAPE('','',#5);
#5 = PRODUCT_DEFINITION('design','',#6,#9);
#6 = PRODUCT_DEFINITION_FORMATION('','',#7);
#7 = PRODUCT('usb_hub_3s 1','usb_hub_3s 1','',(#8));
#8 = PRODUCT_CONTEXT('',#2,'mechanical');
#9 = PRODUCT_DEFINITION_CONTEXT('part definition',#2,'design');
#10 = SHAPE_REPRESENTATION('',(#11,#15),#19);
#11 = AXIS2_PLACEMENT_3D('',#12,#13,#14);
#12 = CARTESIAN_POINT('',(0.,0.,0.));
#13 = DIRECTION('',(0.,0.,1.));
#14 = DIRECTION('',(1.,0.,-0.));
#15 = AXIS2_PLACEMENT_3D('',#16,#17,#18);
#16 = CARTESIAN_POINT('',(0.,0.,0.));
#17 = DIRECTION('',(0.,0.,1.));
#18 = DIRECTION('',(1.,0.,-0.));
#19 = ( GEOMETRIC_REPRESENTATION_CONTEXT(3) 
GLOBAL_UNCERTAINTY_ASSIGNED_CONTEXT((#23)) GLOBAL_UNIT_ASSIGNED_CONTEXT(
(#20,#21,#22)) REPRESENTATION_CONTEXT('Context #1',
  '3D Context with UNIT and UNCERTAINTY') );
#20 = ( LENGTH_UNIT() NAMED_UNIT(*) SI_UNIT(.MILLI.,.METRE.) );
#21 = ( NAMED_UNIT(*) PLANE_ANGLE_UNIT() SI_UNIT($,.RADIAN.) );
#22 = ( NAMED_UNIT(*) SI_UNIT($,.STERADIAN.) SOLID_ANGLE_UNIT() );
#23 = UNCERTAINTY_MEASURE_WITH_UNIT(LENGTH_MEASURE(1.E-07),#20,
  'distance_accuracy_value','confusion accuracy');
#24 = PRODUCT_RELATED_PRODUCT_CATEGORY('part',$,(#7));
#25 = SHAPE_DEFINITION_REPRESENTATION(#26,#32);
#26 = PRODUCT_DEFINITION_SHAPE('','',#27);
#27 = PRODUCT_DEFINITION('design','',#28,#31);
#28 = PRODUCT_DEFINITION_FORMATION('','',#29);
#29 = PRODUCT('usb_hub_3s_PCB','usb_hub_3s_PCB','',(#30));
#30 = PRODUCT_CONTEXT('',#2,'mechanical');
#31 = PRODUCT_DEFINITION_CONTEXT('part definition',#2,'design');
#32 = ADVANCED_BREP_SHAPE_REPRESENTATION('',(#11,#33),#4455);
#33 = MANIFOLD_SOLID_BREP('',#34);
#34 = CLOSED_SHELL('',(#35,#75,#106,#137,#1338,#2539,#2551,#2568,#2585,
    #2602,#2619,#2636,#2653,#2670,#2687,#2704,#2721,#2743,#2760,#2777,
    #2789,#2811,#2828,#2845,#2857,#2874,#2896,#2913,#2930,#2942,#2959,
    #2981,#2998,#3015,#3027,#3044,#3061,#3078,#3095,#3112,#3129,#3146,
    #3163,#3180,#3197,#3214,#3231,#3253,#3270,#3287,#3299,#3316,#3338,
    #3355,#3372,#3384,#3401,#3418,#3435,#3452,#3469,#3486,#3503,#3520,
    #3537,#3554,#3571,#3588,#3605,#3622,#3639,#3656,#3673,#3690,#3707,
    #3724,#3741,#3758,#3775,#3792,#3809,#3826,#3843,#3860,#3877,#3894,
    #3911,#3928,#3945,#3962,#3979,#3996,#4013,#4030,#4047,#4064,#4081,
    #4098,#4115,#4132,#4149,#4166,#4183,#4200,#4217,#4234,#4251,#4268,
    #4285,#4302,#4319,#4336,#4353,#4370,#4387,#4404,#4421,#4438));
#35 = ADVANCED_FACE('',(#36),#70,.T.);
#36 = FACE_BOUND('',#37,.T.);
#37 = EDGE_LOOP('',(#38,#48,#56,#64));
#38 = ORIENTED_EDGE('',*,*,#39,.T.);
#39 = EDGE_CURVE('',#40,#42,#44,.T.);
#40 = VERTEX_POINT('',#41);
#41 = CARTESIAN_POINT('',(130.,-110.,0.));
#42 = VERTEX_POINT('',#43);
#43 = CARTESIAN_POINT('',(130.,-110.,1.51));
#44 = LINE('',#45,#46);
#45 = CARTESIAN_POINT('',(130.,-110.,0.));
#46 = VECTOR('',#47,1.);
#47 = DIRECTION('',(0.,0.,1.));
#48 = ORIENTED_EDGE('',*,*,#49,.T.);
#49 = EDGE_CURVE('',#42,#50,#52,.T.);
#50 = VERTEX_POINT('',#51);
#51 = CARTESIAN_POINT('',(20.,-110.,1.51));
#52 = LINE('',#53,#54);
#53 = CARTESIAN_POINT('',(130.,-110.,1.51));
#54 = VECTOR('',#55,1.);
#55 = DIRECTION('',(-1.,0.,0.));
#56 = ORIENTED_EDGE('',*,*,#57,.F.);
#57 = EDGE_CURVE('',#58,#50,#60,.T.);
#58 = VERTEX_POINT('',#59);
#59 = CARTESIAN_POINT('',(20.,-110.,0.));
#60 = LINE('',#61,#62);
#61 = CARTESIAN_POINT('',(20.,-110.,0.));
#62 = VECTOR('',#63,1.);
#63 = DIRECTION('',(0.,0.,1.));
#64 = ORIENTED_EDGE('',*,*,#65,.F.);
#65 = EDGE_CURVE('',#40,#58,#66,.T.);
#66 = LINE('',#67,#68);
#67 = CARTESIAN_POINT('',(130.,-110.,0.));
#68 = VECTOR('',#69,1.);
#69 = DIRECTION('',(-1.,0.,0.));
#70 = PLANE('',#71);
#71 = AXIS2_PLACEMENT_3D('',#72,#73,#74);
#72 = CARTESIAN_POINT('',(130.,-110.,0.));
#73 = DIRECTION('',(0.,-1.,0.));
#74 = DIRECTION('',(-1.,0.,0.));
#75 = ADVANCED_FACE('',(#76),#101,.T.);
#76 = FACE_BOUND('',#77,.T.);
#77 = EDGE_LOOP('',(#78,#88,#94,#95));
#78 = ORIENTED_EDGE('',*,*,#79,.T.);
#79 = EDGE_CURVE('',#80,#82,#84,.T.);
#80 = VERTEX_POINT('',#81);
#81 = CARTESIAN_POINT('',(130.,-20.,0.));
#82 = VERTEX_POINT('',#83);
#83 = CARTESIAN_POINT('',(130.,-20.,1.51));
#84 = LINE('',#85,#86);
#85 = CARTESIAN_POINT('',(130.,-20.,0.));
#86 = VECTOR('',#87,1.);
#87 = DIRECTION('',(0.,0.,1.));
#88 = ORIENTED_EDGE('',*,*,#89,.T.);
#89 = EDGE_CURVE('',#82,#42,#90,.T.);
#90 = LINE('',#91,#92);
#91 = CARTESIAN_POINT('',(130.,-20.,1.51));
#92 = VECTOR('',#93,1.);
#93 = DIRECTION('',(0.,-1.,0.));
#94 = ORIENTED_EDGE('',*,*,#39,.F.);
#95 = ORIENTED_EDGE('',*,*,#96,.F.);
#96 = EDGE_CURVE('',#80,#40,#97,.T.);
#97 = LINE('',#98,#99);
#98 = CARTESIAN_POINT('',(130.,-20.,0.));
#99 = VECTOR('',#100,1.);
#100 = DIRECTION('',(0.,-1.,0.));
#101 = PLANE('',#102);
#102 = AXIS2_PLACEMENT_3D('',#103,#104,#105);
#103 = CARTESIAN_POINT('',(130.,-20.,0.));
#104 = DIRECTION('',(1.,0.,-0.));
#105 = DIRECTION('',(0.,-1.,0.));
#106 = ADVANCED_FACE('',(#107),#132,.T.);
#107 = FACE_BOUND('',#108,.T.);
#108 = EDGE_LOOP('',(#109,#110,#118,#126));
#109 = ORIENTED_EDGE('',*,*,#57,.T.);
#110 = ORIENTED_EDGE('',*,*,#111,.T.);
#111 = EDGE_CURVE('',#50,#112,#114,.T.);
#112 = VERTEX_POINT('',#113);
#113 = CARTESIAN_POINT('',(20.,-20.,1.51));
#114 = LINE('',#115,#116);
#115 = CARTESIAN_POINT('',(20.,-110.,1.51));
#116 = VECTOR('',#117,1.);
#117 = DIRECTION('',(0.,1.,0.));
#118 = ORIENTED_EDGE('',*,*,#119,.F.);
#119 = EDGE_CURVE('',#120,#112,#122,.T.);
#120 = VERTEX_POINT('',#121);
#121 = CARTESIAN_POINT('',(20.,-20.,0.));
#122 = LINE('',#123,#124);
#123 = CARTESIAN_POINT('',(20.,-20.,0.));
#124 = VECTOR('',#125,1.);
#125 = DIRECTION('',(0.,0.,1.));
#126 = ORIENTED_EDGE('',*,*,#127,.F.);
#127 = EDGE_CURVE('',#58,#120,#128,.T.);
#128 = LINE('',#129,#130);
#129 = CARTESIAN_POINT('',(20.,-110.,0.));
#130 = VECTOR('',#131,1.);
#131 = DIRECTION('',(0.,1.,0.));
#132 = PLANE('',#133);
#133 = AXIS2_PLACEMENT_3D('',#134,#135,#136);
#134 = CARTESIAN_POINT('',(20.,-110.,0.));
#135 = DIRECTION('',(-1.,0.,0.));
#136 = DIRECTION('',(0.,1.,0.));
#137 = ADVANCED_FACE('',(#138,#149,#160,#171,#182,#193,#204,#215,#226,
    #237,#248,#259,#295,#331,#342,#378,#389,#425,#436,#447,#458,#469,
    #480,#491,#502,#513,#524,#535,#546,#557,#593,#604,#640,#651,#662,
    #673,#684,#695,#706,#717,#728,#739,#750,#761,#772,#783,#794,#805,
    #816,#827,#838,#849,#860,#871,#882,#893,#904,#915,#926,#937,#948,
    #959,#970,#981,#992,#1003,#1014,#1025,#1036,#1047,#1058,#1069,#1080,
    #1091,#1102,#1113,#1124,#1135,#1146,#1157,#1168,#1179,#1190,#1201,
    #1212,#1223,#1234,#1245,#1256,#1267,#1278,#1289,#1300,#1311,#1322),
  #1333,.F.);
#138 = FACE_BOUND('',#139,.F.);
#139 = EDGE_LOOP('',(#140,#141,#142,#148));
#140 = ORIENTED_EDGE('',*,*,#65,.F.);
#141 = ORIENTED_EDGE('',*,*,#96,.F.);
#142 = ORIENTED_EDGE('',*,*,#143,.F.);
#143 = EDGE_CURVE('',#120,#80,#144,.T.);
#144 = LINE('',#145,#146);
#145 = CARTESIAN_POINT('',(20.,-20.,0.));
#146 = VECTOR('',#147,1.);
#147 = DIRECTION('',(1.,0.,0.));
#148 = ORIENTED_EDGE('',*,*,#127,.F.);
#149 = FACE_BOUND('',#150,.F.);
#150 = EDGE_LOOP('',(#151));
#151 = ORIENTED_EDGE('',*,*,#152,.T.);
#152 = EDGE_CURVE('',#153,#153,#155,.T.);
#153 = VERTEX_POINT('',#154);
#154 = CARTESIAN_POINT('',(24.,-107.6,0.));
#155 = CIRCLE('',#156,1.6);
#156 = AXIS2_PLACEMENT_3D('',#157,#158,#159);
#157 = CARTESIAN_POINT('',(24.,-106.,0.));
#158 = DIRECTION('',(-0.,0.,-1.));
#159 = DIRECTION('',(-0.,-1.,0.));
#160 = FACE_BOUND('',#161,.F.);
#161 = EDGE_LOOP('',(#162));
#162 = ORIENTED_EDGE('',*,*,#163,.T.);
#163 = EDGE_CURVE('',#164,#164,#166,.T.);
#164 = VERTEX_POINT('',#165);
#165 = CARTESIAN_POINT('',(27.6,-85.81,0.));
#166 = CIRCLE('',#167,0.89);
#167 = AXIS2_PLACEMENT_3D('',#168,#169,#170);
#168 = CARTESIAN_POINT('',(27.6,-84.92,0.));
#169 = DIRECTION('',(-0.,0.,-1.));
#170 = DIRECTION('',(-0.,-1.,0.));
#171 = FACE_BOUND('',#172,.F.);
#172 = EDGE_LOOP('',(#173));
#173 = ORIENTED_EDGE('',*,*,#174,.T.);
#174 = EDGE_CURVE('',#175,#175,#177,.T.);
#175 = VERTEX_POINT('',#176);
#176 = CARTESIAN_POINT('',(31.,-85.81,0.));
#177 = CIRCLE('',#178,0.89);
#178 = AXIS2_PLACEMENT_3D('',#179,#180,#181);
#179 = CARTESIAN_POINT('',(31.,-84.92,0.));
#180 = DIRECTION('',(-0.,0.,-1.));
#181 = DIRECTION('',(-0.,-1.,0.));
#182 = FACE_BOUND('',#183,.F.);
#183 = EDGE_LOOP('',(#184));
#184 = ORIENTED_EDGE('',*,*,#185,.T.);
#185 = EDGE_CURVE('',#186,#186,#188,.T.);
#186 = VERTEX_POINT('',#187);
#187 = CARTESIAN_POINT('',(27.6,-75.89,0.));
#188 = CIRCLE('',#189,0.89);
#189 = AXIS2_PLACEMENT_3D('',#190,#191,#192);
#190 = CARTESIAN_POINT('',(27.6,-75.,0.));
#191 = DIRECTION('',(-0.,0.,-1.));
#192 = DIRECTION('',(-0.,-1.,0.));
#193 = FACE_BOUND('',#194,.F.);
#194 = EDGE_LOOP('',(#195));
#195 = ORIENTED_EDGE('',*,*,#196,.T.);
#196 = EDGE_CURVE('',#197,#197,#199,.T.);
#197 = VERTEX_POINT('',#198);
#198 = CARTESIAN_POINT('',(31.,-75.89,0.));
#199 = CIRCLE('',#200,0.89);
#200 = AXIS2_PLACEMENT_3D('',#201,#202,#203);
#201 = CARTESIAN_POINT('',(31.,-75.,0.));
#202 = DIRECTION('',(-0.,0.,-1.));
#203 = DIRECTION('',(-0.,-1.,0.));
#204 = FACE_BOUND('',#205,.F.);
#205 = EDGE_LOOP('',(#206));
#206 = ORIENTED_EDGE('',*,*,#207,.T.);
#207 = EDGE_CURVE('',#208,#208,#210,.T.);
#208 = VERTEX_POINT('',#209);
#209 = CARTESIAN_POINT('',(65.525,-66.575,0.));
#210 = CIRCLE('',#211,9.999999999999E-02);
#211 = AXIS2_PLACEMENT_3D('',#212,#213,#214);
#212 = CARTESIAN_POINT('',(65.525,-66.475,0.));
#213 = DIRECTION('',(-0.,0.,-1.));
#214 = DIRECTION('',(-0.,-1.,0.));
#215 = FACE_BOUND('',#216,.F.);
#216 = EDGE_LOOP('',(#217));
#217 = ORIENTED_EDGE('',*,*,#218,.T.);
#218 = EDGE_CURVE('',#219,#219,#221,.T.);
#219 = VERTEX_POINT('',#220);
#220 = CARTESIAN_POINT('',(66.7625,-66.575,0.));
#221 = CIRCLE('',#222,0.1);
#222 = AXIS2_PLACEMENT_3D('',#223,#224,#225);
#223 = CARTESIAN_POINT('',(66.7625,-66.475,0.));
#224 = DIRECTION('',(-0.,0.,-1.));
#225 = DIRECTION('',(1.42108547152E-13,-1.,-0.));
#226 = FACE_BOUND('',#227,.F.);
#227 = EDGE_LOOP('',(#228));
#228 = ORIENTED_EDGE('',*,*,#229,.T.);
#229 = EDGE_CURVE('',#230,#230,#232,.T.);
#230 = VERTEX_POINT('',#231);
#231 = CARTESIAN_POINT('',(68.,-66.575,0.));
#232 = CIRCLE('',#233,9.999999999999E-02);
#233 = AXIS2_PLACEMENT_3D('',#234,#235,#236);
#234 = CARTESIAN_POINT('',(68.,-66.475,0.));
#235 = DIRECTION('',(-0.,0.,-1.));
#236 = DIRECTION('',(-0.,-1.,0.));
#237 = FACE_BOUND('',#238,.F.);
#238 = EDGE_LOOP('',(#239));
#239 = ORIENTED_EDGE('',*,*,#240,.T.);
#240 = EDGE_CURVE('',#241,#241,#243,.T.);
#241 = VERTEX_POINT('',#242);
#242 = CARTESIAN_POINT('',(69.2375,-66.575,0.));
#243 = CIRCLE('',#244,9.999999999999E-02);
#244 = AXIS2_PLACEMENT_3D('',#245,#246,#247);
#245 = CARTESIAN_POINT('',(69.2375,-66.475,0.));
#246 = DIRECTION('',(-0.,0.,-1.));
#247 = DIRECTION('',(-1.42108547152E-13,-1.,0.));
#248 = FACE_BOUND('',#249,.F.);
#249 = EDGE_LOOP('',(#250));
#250 = ORIENTED_EDGE('',*,*,#251,.T.);
#251 = EDGE_CURVE('',#252,#252,#254,.T.);
#252 = VERTEX_POINT('',#253);
#253 = CARTESIAN_POINT('',(70.475,-66.575,0.));
#254 = CIRCLE('',#255,0.1);
#255 = AXIS2_PLACEMENT_3D('',#256,#257,#258);
#256 = CARTESIAN_POINT('',(70.475,-66.475,0.));
#257 = DIRECTION('',(-0.,0.,-1.));
#258 = DIRECTION('',(-0.,-1.,0.));
#259 = FACE_BOUND('',#260,.F.);
#260 = EDGE_LOOP('',(#261,#272,#280,#289));
#261 = ORIENTED_EDGE('',*,*,#262,.T.);
#262 = EDGE_CURVE('',#263,#265,#267,.T.);
#263 = VERTEX_POINT('',#264);
#264 = CARTESIAN_POINT('',(109.98,-108.35,0.));
#265 = VERTEX_POINT('',#266);
#266 = CARTESIAN_POINT('',(109.38,-108.35,0.));
#267 = CIRCLE('',#268,0.3);
#268 = AXIS2_PLACEMENT_3D('',#269,#270,#271);
#269 = CARTESIAN_POINT('',(109.68,-108.35,0.));
#270 = DIRECTION('',(-0.,0.,-1.));
#271 = DIRECTION('',(-1.,0.,0.));
#272 = ORIENTED_EDGE('',*,*,#273,.T.);
#273 = EDGE_CURVE('',#265,#274,#276,.T.);
#274 = VERTEX_POINT('',#275);
#275 = CARTESIAN_POINT('',(109.38,-107.75,0.));
#276 = LINE('',#277,#278);
#277 = CARTESIAN_POINT('',(109.38,-53.875,0.));
#278 = VECTOR('',#279,1.);
#279 = DIRECTION('',(-0.,1.,0.));
#280 = ORIENTED_EDGE('',*,*,#281,.T.);
#281 = EDGE_CURVE('',#274,#282,#284,.T.);
#282 = VERTEX_POINT('',#283);
#283 = CARTESIAN_POINT('',(109.98,-107.75,0.));
#284 = CIRCLE('',#285,0.3);
#285 = AXIS2_PLACEMENT_3D('',#286,#287,#288);
#286 = CARTESIAN_POINT('',(109.68,-107.75,0.));
#287 = DIRECTION('',(0.,-0.,-1.));
#288 = DIRECTION('',(1.,0.,-0.));
#289 = ORIENTED_EDGE('',*,*,#290,.T.);
#290 = EDGE_CURVE('',#282,#263,#291,.T.);
#291 = LINE('',#292,#293);
#292 = CARTESIAN_POINT('',(109.98,-54.175,0.));
#293 = VECTOR('',#294,1.);
#294 = DIRECTION('',(0.,-1.,0.));
#295 = FACE_BOUND('',#296,.F.);
#296 = EDGE_LOOP('',(#297,#308,#316,#325));
#297 = ORIENTED_EDGE('',*,*,#298,.T.);
#298 = EDGE_CURVE('',#299,#301,#303,.T.);
#299 = VERTEX_POINT('',#300);
#300 = CARTESIAN_POINT('',(109.98,-104.42,0.));
#301 = VERTEX_POINT('',#302);
#302 = CARTESIAN_POINT('',(109.38,-104.42,0.));
#303 = CIRCLE('',#304,0.3);
#304 = AXIS2_PLACEMENT_3D('',#305,#306,#307);
#305 = CARTESIAN_POINT('',(109.68,-104.42,0.));
#306 = DIRECTION('',(-0.,0.,-1.));
#307 = DIRECTION('',(-1.,-4.736951571734E-14,0.));
#308 = ORIENTED_EDGE('',*,*,#309,.T.);
#309 = EDGE_CURVE('',#301,#310,#312,.T.);
#310 = VERTEX_POINT('',#311);
#311 = CARTESIAN_POINT('',(109.38,-103.32,0.));
#312 = LINE('',#313,#314);
#313 = CARTESIAN_POINT('',(109.38,-51.66,0.));
#314 = VECTOR('',#315,1.);
#315 = DIRECTION('',(-0.,1.,0.));
#316 = ORIENTED_EDGE('',*,*,#317,.T.);
#317 = EDGE_CURVE('',#310,#318,#320,.T.);
#318 = VERTEX_POINT('',#319);
#319 = CARTESIAN_POINT('',(109.98,-103.32,0.));
#320 = CIRCLE('',#321,0.3);
#321 = AXIS2_PLACEMENT_3D('',#322,#323,#324);
#322 = CARTESIAN_POINT('',(109.68,-103.32,0.));
#323 = DIRECTION('',(0.,-0.,-1.));
#324 = DIRECTION('',(1.,0.,-0.));
#325 = ORIENTED_EDGE('',*,*,#326,.T.);
#326 = EDGE_CURVE('',#318,#299,#327,.T.);
#327 = LINE('',#328,#329);
#328 = CARTESIAN_POINT('',(109.98,-52.21,0.));
#329 = VECTOR('',#330,1.);
#330 = DIRECTION('',(0.,-1.,0.));
#331 = FACE_BOUND('',#332,.F.);
#332 = EDGE_LOOP('',(#333));
#333 = ORIENTED_EDGE('',*,*,#334,.T.);
#334 = EDGE_CURVE('',#335,#335,#337,.T.);
#335 = VERTEX_POINT('',#336);
#336 = CARTESIAN_POINT('',(111.11,-104.725,0.));
#337 = CIRCLE('',#338,0.325);
#338 = AXIS2_PLACEMENT_3D('',#339,#340,#341);
#339 = CARTESIAN_POINT('',(111.11,-104.4,0.));
#340 = DIRECTION('',(-0.,0.,-1.));
#341 = DIRECTION('',(-0.,-1.,0.));
#342 = FACE_BOUND('',#343,.F.);
#343 = EDGE_LOOP('',(#344,#355,#363,#372));
#344 = ORIENTED_EDGE('',*,*,#345,.T.);
#345 = EDGE_CURVE('',#346,#348,#350,.T.);
#346 = VERTEX_POINT('',#347);
#347 = CARTESIAN_POINT('',(118.62,-108.35,0.));
#348 = VERTEX_POINT('',#349);
#349 = CARTESIAN_POINT('',(118.02,-108.35,0.));
#350 = CIRCLE('',#351,0.3);
#351 = AXIS2_PLACEMENT_3D('',#352,#353,#354);
#352 = CARTESIAN_POINT('',(118.32,-108.35,0.));
#353 = DIRECTION('',(-0.,0.,-1.));
#354 = DIRECTION('',(-1.,0.,0.));
#355 = ORIENTED_EDGE('',*,*,#356,.T.);
#356 = EDGE_CURVE('',#348,#357,#359,.T.);
#357 = VERTEX_POINT('',#358);
#358 = CARTESIAN_POINT('',(118.02,-107.75,0.));
#359 = LINE('',#360,#361);
#360 = CARTESIAN_POINT('',(118.02,-53.875,0.));
#361 = VECTOR('',#362,1.);
#362 = DIRECTION('',(-0.,1.,0.));
#363 = ORIENTED_EDGE('',*,*,#364,.T.);
#364 = EDGE_CURVE('',#357,#365,#367,.T.);
#365 = VERTEX_POINT('',#366);
#366 = CARTESIAN_POINT('',(118.62,-107.75,0.));
#367 = CIRCLE('',#368,0.3);
#368 = AXIS2_PLACEMENT_3D('',#369,#370,#371);
#369 = CARTESIAN_POINT('',(118.32,-107.75,0.));
#370 = DIRECTION('',(0.,-0.,-1.));
#371 = DIRECTION('',(1.,0.,-0.));
#372 = ORIENTED_EDGE('',*,*,#373,.T.);
#373 = EDGE_CURVE('',#365,#346,#374,.T.);
#374 = LINE('',#375,#376);
#375 = CARTESIAN_POINT('',(118.62,-54.175,0.));
#376 = VECTOR('',#377,1.);
#377 = DIRECTION('',(0.,-1.,0.));
#378 = FACE_BOUND('',#379,.F.);
#379 = EDGE_LOOP('',(#380));
#380 = ORIENTED_EDGE('',*,*,#381,.T.);
#381 = EDGE_CURVE('',#382,#382,#384,.T.);
#382 = VERTEX_POINT('',#383);
#383 = CARTESIAN_POINT('',(116.89,-104.725,0.));
#384 = CIRCLE('',#385,0.325);
#385 = AXIS2_PLACEMENT_3D('',#386,#387,#388);
#386 = CARTESIAN_POINT('',(116.89,-104.4,0.));
#387 = DIRECTION('',(-0.,0.,-1.));
#388 = DIRECTION('',(-0.,-1.,0.));
#389 = FACE_BOUND('',#390,.F.);
#390 = EDGE_LOOP('',(#391,#402,#410,#419));
#391 = ORIENTED_EDGE('',*,*,#392,.T.);
#392 = EDGE_CURVE('',#393,#395,#397,.T.);
#393 = VERTEX_POINT('',#394);
#394 = CARTESIAN_POINT('',(118.62,-104.42,0.));
#395 = VERTEX_POINT('',#396);
#396 = CARTESIAN_POINT('',(118.02,-104.42,0.));
#397 = CIRCLE('',#398,0.3);
#398 = AXIS2_PLACEMENT_3D('',#399,#400,#401);
#399 = CARTESIAN_POINT('',(118.32,-104.42,0.));
#400 = DIRECTION('',(-0.,0.,-1.));
#401 = DIRECTION('',(-1.,-4.736951571734E-14,0.));
#402 = ORIENTED_EDGE('',*,*,#403,.T.);
#403 = EDGE_CURVE('',#395,#404,#406,.T.);
#404 = VERTEX_POINT('',#405);
#405 = CARTESIAN_POINT('',(118.02,-103.32,0.));
#406 = LINE('',#407,#408);
#407 = CARTESIAN_POINT('',(118.02,-51.66,0.));
#408 = VECTOR('',#409,1.);
#409 = DIRECTION('',(-0.,1.,0.));
#410 = ORIENTED_EDGE('',*,*,#411,.T.);
#411 = EDGE_CURVE('',#404,#412,#414,.T.);
#412 = VERTEX_POINT('',#413);
#413 = CARTESIAN_POINT('',(118.62,-103.32,0.));
#414 = CIRCLE('',#415,0.3);
#415 = AXIS2_PLACEMENT_3D('',#416,#417,#418);
#416 = CARTESIAN_POINT('',(118.32,-103.32,0.));
#417 = DIRECTION('',(0.,-0.,-1.));
#418 = DIRECTION('',(1.,0.,-0.));
#419 = ORIENTED_EDGE('',*,*,#420,.T.);
#420 = EDGE_CURVE('',#412,#393,#421,.T.);
#421 = LINE('',#422,#423);
#422 = CARTESIAN_POINT('',(118.62,-52.21,0.));
#423 = VECTOR('',#424,1.);
#424 = DIRECTION('',(0.,-1.,0.));
#425 = FACE_BOUND('',#426,.F.);
#426 = EDGE_LOOP('',(#427));
#427 = ORIENTED_EDGE('',*,*,#428,.T.);
#428 = EDGE_CURVE('',#429,#429,#431,.T.);
#429 = VERTEX_POINT('',#430);
#430 = CARTESIAN_POINT('',(126.,-107.6,0.));
#431 = CIRCLE('',#432,1.6);
#432 = AXIS2_PLACEMENT_3D('',#433,#434,#435);
#433 = CARTESIAN_POINT('',(126.,-106.,0.));
#434 = DIRECTION('',(-0.,0.,-1.));
#435 = DIRECTION('',(-0.,-1.,0.));
#436 = FACE_BOUND('',#437,.F.);
#437 = EDGE_LOOP('',(#438));
#438 = ORIENTED_EDGE('',*,*,#439,.T.);
#439 = EDGE_CURVE('',#440,#440,#442,.T.);
#440 = VERTEX_POINT('',#441);
#441 = CARTESIAN_POINT('',(99.425,-70.05,0.));
#442 = CIRCLE('',#443,9.999999999999E-02);
#443 = AXIS2_PLACEMENT_3D('',#444,#445,#446);
#444 = CARTESIAN_POINT('',(99.425,-69.95,0.));
#445 = DIRECTION('',(-0.,0.,-1.));
#446 = DIRECTION('',(-1.42108547152E-13,-1.,0.));
#447 = FACE_BOUND('',#448,.F.);
#448 = EDGE_LOOP('',(#449));
#449 = ORIENTED_EDGE('',*,*,#450,.T.);
#450 = EDGE_CURVE('',#451,#451,#453,.T.);
#451 = VERTEX_POINT('',#452);
#452 = CARTESIAN_POINT('',(100.575,-70.05,0.));
#453 = CIRCLE('',#454,0.1);
#454 = AXIS2_PLACEMENT_3D('',#455,#456,#457);
#455 = CARTESIAN_POINT('',(100.575,-69.95,0.));
#456 = DIRECTION('',(-0.,0.,-1.));
#457 = DIRECTION('',(1.42108547152E-13,-1.,-0.));
#458 = FACE_BOUND('',#459,.F.);
#459 = EDGE_LOOP('',(#460));
#460 = ORIENTED_EDGE('',*,*,#461,.T.);
#461 = EDGE_CURVE('',#462,#462,#464,.T.);
#462 = VERTEX_POINT('',#463);
#463 = CARTESIAN_POINT('',(99.425,-69.1,0.));
#464 = CIRCLE('',#465,9.999999999999E-02);
#465 = AXIS2_PLACEMENT_3D('',#466,#467,#468);
#466 = CARTESIAN_POINT('',(99.425,-69.,0.));
#467 = DIRECTION('',(-0.,0.,-1.));
#468 = DIRECTION('',(-1.42108547152E-13,-1.,0.));
#469 = FACE_BOUND('',#470,.F.);
#470 = EDGE_LOOP('',(#471));
#471 = ORIENTED_EDGE('',*,*,#472,.T.);
#472 = EDGE_CURVE('',#473,#473,#475,.T.);
#473 = VERTEX_POINT('',#474);
#474 = CARTESIAN_POINT('',(100.575,-69.1,0.));
#475 = CIRCLE('',#476,0.1);
#476 = AXIS2_PLACEMENT_3D('',#477,#478,#479);
#477 = CARTESIAN_POINT('',(100.575,-69.,0.));
#478 = DIRECTION('',(-0.,0.,-1.));
#479 = DIRECTION('',(1.42108547152E-13,-1.,-0.));
#480 = FACE_BOUND('',#481,.F.);
#481 = EDGE_LOOP('',(#482));
#482 = ORIENTED_EDGE('',*,*,#483,.T.);
#483 = EDGE_CURVE('',#484,#484,#486,.T.);
#484 = VERTEX_POINT('',#485);
#485 = CARTESIAN_POINT('',(99.425,-68.15,0.));
#486 = CIRCLE('',#487,1.E-01);
#487 = AXIS2_PLACEMENT_3D('',#488,#489,#490);
#488 = CARTESIAN_POINT('',(99.425,-68.05,0.));
#489 = DIRECTION('',(-0.,0.,-1.));
#490 = DIRECTION('',(-1.42108547152E-13,-1.,0.));
#491 = FACE_BOUND('',#492,.F.);
#492 = EDGE_LOOP('',(#493));
#493 = ORIENTED_EDGE('',*,*,#494,.T.);
#494 = EDGE_CURVE('',#495,#495,#497,.T.);
#495 = VERTEX_POINT('',#496);
#496 = CARTESIAN_POINT('',(100.575,-68.15,0.));
#497 = CIRCLE('',#498,0.1);
#498 = AXIS2_PLACEMENT_3D('',#499,#500,#501);
#499 = CARTESIAN_POINT('',(100.575,-68.05,0.));
#500 = DIRECTION('',(-0.,0.,-1.));
#501 = DIRECTION('',(1.42108547152E-13,-1.,-0.));
#502 = FACE_BOUND('',#503,.F.);
#503 = EDGE_LOOP('',(#504));
#504 = ORIENTED_EDGE('',*,*,#505,.T.);
#505 = EDGE_CURVE('',#506,#506,#508,.T.);
#506 = VERTEX_POINT('',#507);
#507 = CARTESIAN_POINT('',(120.8,-79.119,0.));
#508 = CIRCLE('',#509,1.5);
#509 = AXIS2_PLACEMENT_3D('',#510,#511,#512);
#510 = CARTESIAN_POINT('',(120.8,-77.619,0.));
#511 = DIRECTION('',(-0.,0.,-1.));
#512 = DIRECTION('',(-0.,-1.,0.));
#513 = FACE_BOUND('',#514,.F.);
#514 = EDGE_LOOP('',(#515));
#515 = ORIENTED_EDGE('',*,*,#516,.T.);
#516 = EDGE_CURVE('',#517,#517,#519,.T.);
#517 = VERTEX_POINT('',#518);
#518 = CARTESIAN_POINT('',(118.2,-75.,0.));
#519 = CIRCLE('',#520,0.5);
#520 = AXIS2_PLACEMENT_3D('',#521,#522,#523);
#521 = CARTESIAN_POINT('',(118.2,-74.5,0.));
#522 = DIRECTION('',(-0.,0.,-1.));
#523 = DIRECTION('',(-0.,-1.,0.));
#524 = FACE_BOUND('',#525,.F.);
#525 = EDGE_LOOP('',(#526));
#526 = ORIENTED_EDGE('',*,*,#527,.T.);
#527 = EDGE_CURVE('',#528,#528,#530,.T.);
#528 = VERTEX_POINT('',#529);
#529 = CARTESIAN_POINT('',(118.2,-72.5,0.));
#530 = CIRCLE('',#531,0.5);
#531 = AXIS2_PLACEMENT_3D('',#532,#533,#534);
#532 = CARTESIAN_POINT('',(118.2,-72.,0.));
#533 = DIRECTION('',(-0.,0.,-1.));
#534 = DIRECTION('',(-0.,-1.,0.));
#535 = FACE_BOUND('',#536,.F.);
#536 = EDGE_LOOP('',(#537));
#537 = ORIENTED_EDGE('',*,*,#538,.T.);
#538 = EDGE_CURVE('',#539,#539,#541,.T.);
#539 = VERTEX_POINT('',#540);
#540 = CARTESIAN_POINT('',(118.2,-70.5,0.));
#541 = CIRCLE('',#542,0.5);
#542 = AXIS2_PLACEMENT_3D('',#543,#544,#545);
#543 = CARTESIAN_POINT('',(118.2,-70.,0.));
#544 = DIRECTION('',(-0.,0.,-1.));
#545 = DIRECTION('',(-0.,-1.,0.));
#546 = FACE_BOUND('',#547,.F.);
#547 = EDGE_LOOP('',(#548));
#548 = ORIENTED_EDGE('',*,*,#549,.T.);
#549 = EDGE_CURVE('',#550,#550,#552,.T.);
#550 = VERTEX_POINT('',#551);
#551 = CARTESIAN_POINT('',(118.2,-68.,0.));
#552 = CIRCLE('',#553,0.5);
#553 = AXIS2_PLACEMENT_3D('',#554,#555,#556);
#554 = CARTESIAN_POINT('',(118.2,-67.5,0.));
#555 = DIRECTION('',(-0.,0.,-1.));
#556 = DIRECTION('',(-0.,-1.,0.));
#557 = FACE_BOUND('',#558,.F.);
#558 = EDGE_LOOP('',(#559,#570,#578,#587));
#559 = ORIENTED_EDGE('',*,*,#560,.T.);
#560 = EDGE_CURVE('',#561,#563,#565,.T.);
#561 = VERTEX_POINT('',#562);
#562 = CARTESIAN_POINT('',(22.55,-58.85,0.));
#563 = VERTEX_POINT('',#564);
#564 = CARTESIAN_POINT('',(22.55,-59.45,0.));
#565 = CIRCLE('',#566,0.3);
#566 = AXIS2_PLACEMENT_3D('',#567,#568,#569);
#567 = CARTESIAN_POINT('',(22.55,-59.15,0.));
#568 = DIRECTION('',(-0.,0.,-1.));
#569 = DIRECTION('',(-1.184237892933E-14,-1.,0.));
#570 = ORIENTED_EDGE('',*,*,#571,.T.);
#571 = EDGE_CURVE('',#563,#572,#574,.T.);
#572 = VERTEX_POINT('',#573);
#573 = CARTESIAN_POINT('',(21.45,-59.45,0.));
#574 = LINE('',#575,#576);
#575 = CARTESIAN_POINT('',(10.725,-59.45,0.));
#576 = VECTOR('',#577,1.);
#577 = DIRECTION('',(-1.,0.,0.));
#578 = ORIENTED_EDGE('',*,*,#579,.T.);
#579 = EDGE_CURVE('',#572,#580,#582,.T.);
#580 = VERTEX_POINT('',#581);
#581 = CARTESIAN_POINT('',(21.45,-58.85,0.));
#582 = CIRCLE('',#583,0.3);
#583 = AXIS2_PLACEMENT_3D('',#584,#585,#586);
#584 = CARTESIAN_POINT('',(21.45,-59.15,0.));
#585 = DIRECTION('',(0.,-0.,-1.));
#586 = DIRECTION('',(1.184237892934E-14,1.,-0.));
#587 = ORIENTED_EDGE('',*,*,#588,.T.);
#588 = EDGE_CURVE('',#580,#561,#589,.T.);
#589 = LINE('',#590,#591);
#590 = CARTESIAN_POINT('',(11.275,-58.85,0.));
#591 = VECTOR('',#592,1.);
#592 = DIRECTION('',(1.,0.,-0.));
#593 = FACE_BOUND('',#594,.F.);
#594 = EDGE_LOOP('',(#595));
#595 = ORIENTED_EDGE('',*,*,#596,.T.);
#596 = EDGE_CURVE('',#597,#597,#599,.T.);
#597 = VERTEX_POINT('',#598);
#598 = CARTESIAN_POINT('',(28.,-57.35,0.));
#599 = CIRCLE('',#600,1.35);
#600 = AXIS2_PLACEMENT_3D('',#601,#602,#603);
#601 = CARTESIAN_POINT('',(28.,-56.,0.));
#602 = DIRECTION('',(-0.,0.,-1.));
#603 = DIRECTION('',(-0.,-1.,0.));
#604 = FACE_BOUND('',#605,.F.);
#605 = EDGE_LOOP('',(#606,#617,#625,#634));
#606 = ORIENTED_EDGE('',*,*,#607,.T.);
#607 = EDGE_CURVE('',#608,#610,#612,.T.);
#608 = VERTEX_POINT('',#609);
#609 = CARTESIAN_POINT('',(22.55,-45.35,0.));
#610 = VERTEX_POINT('',#611);
#611 = CARTESIAN_POINT('',(22.55,-45.95,0.));
#612 = CIRCLE('',#613,0.3);
#613 = AXIS2_PLACEMENT_3D('',#614,#615,#616);
#614 = CARTESIAN_POINT('',(22.55,-45.65,0.));
#615 = DIRECTION('',(-0.,0.,-1.));
#616 = DIRECTION('',(-1.184237892933E-14,-1.,0.));
#617 = ORIENTED_EDGE('',*,*,#618,.T.);
#618 = EDGE_CURVE('',#610,#619,#621,.T.);
#619 = VERTEX_POINT('',#620);
#620 = CARTESIAN_POINT('',(21.45,-45.95,0.));
#621 = LINE('',#622,#623);
#622 = CARTESIAN_POINT('',(10.725,-45.95,0.));
#623 = VECTOR('',#624,1.);
#624 = DIRECTION('',(-1.,0.,0.));
#625 = ORIENTED_EDGE('',*,*,#626,.T.);
#626 = EDGE_CURVE('',#619,#627,#629,.T.);
#627 = VERTEX_POINT('',#628);
#628 = CARTESIAN_POINT('',(21.45,-45.35,0.));
#629 = CIRCLE('',#630,0.3);
#630 = AXIS2_PLACEMENT_3D('',#631,#632,#633);
#631 = CARTESIAN_POINT('',(21.45,-45.65,0.));
#632 = DIRECTION('',(0.,-0.,-1.));
#633 = DIRECTION('',(1.184237892934E-14,1.,-0.));
#634 = ORIENTED_EDGE('',*,*,#635,.T.);
#635 = EDGE_CURVE('',#627,#608,#636,.T.);
#636 = LINE('',#637,#638);
#637 = CARTESIAN_POINT('',(11.275,-45.35,0.));
#638 = VECTOR('',#639,1.);
#639 = DIRECTION('',(1.,0.,-0.));
#640 = FACE_BOUND('',#641,.F.);
#641 = EDGE_LOOP('',(#642));
#642 = ORIENTED_EDGE('',*,*,#643,.T.);
#643 = EDGE_CURVE('',#644,#644,#646,.T.);
#644 = VERTEX_POINT('',#645);
#645 = CARTESIAN_POINT('',(28.,-50.15,0.));
#646 = CIRCLE('',#647,1.35);
#647 = AXIS2_PLACEMENT_3D('',#648,#649,#650);
#648 = CARTESIAN_POINT('',(28.,-48.8,0.));
#649 = DIRECTION('',(-0.,0.,-1.));
#650 = DIRECTION('',(-0.,-1.,0.));
#651 = FACE_BOUND('',#652,.F.);
#652 = EDGE_LOOP('',(#653));
#653 = ORIENTED_EDGE('',*,*,#654,.T.);
#654 = EDGE_CURVE('',#655,#655,#657,.T.);
#655 = VERTEX_POINT('',#656);
#656 = CARTESIAN_POINT('',(65.525,-65.3375,0.));
#657 = CIRCLE('',#658,1.E-01);
#658 = AXIS2_PLACEMENT_3D('',#659,#660,#661);
#659 = CARTESIAN_POINT('',(65.525,-65.2375,0.));
#660 = DIRECTION('',(-0.,0.,-1.));
#661 = DIRECTION('',(-0.,-1.,0.));
#662 = FACE_BOUND('',#663,.F.);
#663 = EDGE_LOOP('',(#664));
#664 = ORIENTED_EDGE('',*,*,#665,.T.);
#665 = EDGE_CURVE('',#666,#666,#668,.T.);
#666 = VERTEX_POINT('',#667);
#667 = CARTESIAN_POINT('',(66.7625,-65.3375,0.));
#668 = CIRCLE('',#669,0.1);
#669 = AXIS2_PLACEMENT_3D('',#670,#671,#672);
#670 = CARTESIAN_POINT('',(66.7625,-65.2375,0.));
#671 = DIRECTION('',(-0.,0.,-1.));
#672 = DIRECTION('',(1.42108547152E-13,-1.,-0.));
#673 = FACE_BOUND('',#674,.F.);
#674 = EDGE_LOOP('',(#675));
#675 = ORIENTED_EDGE('',*,*,#676,.T.);
#676 = EDGE_CURVE('',#677,#677,#679,.T.);
#677 = VERTEX_POINT('',#678);
#678 = CARTESIAN_POINT('',(65.525,-64.1,0.));
#679 = CIRCLE('',#680,1.E-01);
#680 = AXIS2_PLACEMENT_3D('',#681,#682,#683);
#681 = CARTESIAN_POINT('',(65.525,-64.,0.));
#682 = DIRECTION('',(-0.,0.,-1.));
#683 = DIRECTION('',(-0.,-1.,0.));
#684 = FACE_BOUND('',#685,.F.);
#685 = EDGE_LOOP('',(#686));
#686 = ORIENTED_EDGE('',*,*,#687,.T.);
#687 = EDGE_CURVE('',#688,#688,#690,.T.);
#688 = VERTEX_POINT('',#689);
#689 = CARTESIAN_POINT('',(66.7625,-64.1,0.));
#690 = CIRCLE('',#691,0.1);
#691 = AXIS2_PLACEMENT_3D('',#692,#693,#694);
#692 = CARTESIAN_POINT('',(66.7625,-64.,0.));
#693 = DIRECTION('',(-0.,0.,-1.));
#694 = DIRECTION('',(1.42108547152E-13,-1.,-0.));
#695 = FACE_BOUND('',#696,.F.);
#696 = EDGE_LOOP('',(#697));
#697 = ORIENTED_EDGE('',*,*,#698,.T.);
#698 = EDGE_CURVE('',#699,#699,#701,.T.);
#699 = VERTEX_POINT('',#700);
#700 = CARTESIAN_POINT('',(65.525,-62.8625,0.));
#701 = CIRCLE('',#702,1.E-01);
#702 = AXIS2_PLACEMENT_3D('',#703,#704,#705);
#703 = CARTESIAN_POINT('',(65.525,-62.7625,0.));
#704 = DIRECTION('',(-0.,0.,-1.));
#705 = DIRECTION('',(-0.,-1.,0.));
#706 = FACE_BOUND('',#707,.F.);
#707 = EDGE_LOOP('',(#708));
#708 = ORIENTED_EDGE('',*,*,#709,.T.);
#709 = EDGE_CURVE('',#710,#710,#712,.T.);
#710 = VERTEX_POINT('',#711);
#711 = CARTESIAN_POINT('',(65.525,-61.625,0.));
#712 = CIRCLE('',#713,1.E-01);
#713 = AXIS2_PLACEMENT_3D('',#714,#715,#716);
#714 = CARTESIAN_POINT('',(65.525,-61.525,0.));
#715 = DIRECTION('',(-0.,0.,-1.));
#716 = DIRECTION('',(-0.,-1.,0.));
#717 = FACE_BOUND('',#718,.F.);
#718 = EDGE_LOOP('',(#719));
#719 = ORIENTED_EDGE('',*,*,#720,.T.);
#720 = EDGE_CURVE('',#721,#721,#723,.T.);
#721 = VERTEX_POINT('',#722);
#722 = CARTESIAN_POINT('',(66.7625,-62.8625,0.));
#723 = CIRCLE('',#724,0.1);
#724 = AXIS2_PLACEMENT_3D('',#725,#726,#727);
#725 = CARTESIAN_POINT('',(66.7625,-62.7625,0.));
#726 = DIRECTION('',(-0.,0.,-1.));
#727 = DIRECTION('',(1.42108547152E-13,-1.,-0.));
#728 = FACE_BOUND('',#729,.F.);
#729 = EDGE_LOOP('',(#730));
#730 = ORIENTED_EDGE('',*,*,#731,.T.);
#731 = EDGE_CURVE('',#732,#732,#734,.T.);
#732 = VERTEX_POINT('',#733);
#733 = CARTESIAN_POINT('',(66.7625,-61.625,0.));
#734 = CIRCLE('',#735,0.1);
#735 = AXIS2_PLACEMENT_3D('',#736,#737,#738);
#736 = CARTESIAN_POINT('',(66.7625,-61.525,0.));
#737 = DIRECTION('',(-0.,0.,-1.));
#738 = DIRECTION('',(1.42108547152E-13,-1.,-0.));
#739 = FACE_BOUND('',#740,.F.);
#740 = EDGE_LOOP('',(#741));
#741 = ORIENTED_EDGE('',*,*,#742,.T.);
#742 = EDGE_CURVE('',#743,#743,#745,.T.);
#743 = VERTEX_POINT('',#744);
#744 = CARTESIAN_POINT('',(68.,-65.3375,0.));
#745 = CIRCLE('',#746,9.999999999999E-02);
#746 = AXIS2_PLACEMENT_3D('',#747,#748,#749);
#747 = CARTESIAN_POINT('',(68.,-65.2375,0.));
#748 = DIRECTION('',(-0.,0.,-1.));
#749 = DIRECTION('',(-0.,-1.,0.));
#750 = FACE_BOUND('',#751,.F.);
#751 = EDGE_LOOP('',(#752));
#752 = ORIENTED_EDGE('',*,*,#753,.T.);
#753 = EDGE_CURVE('',#754,#754,#756,.T.);
#754 = VERTEX_POINT('',#755);
#755 = CARTESIAN_POINT('',(69.2375,-65.3375,0.));
#756 = CIRCLE('',#757,1.E-01);
#757 = AXIS2_PLACEMENT_3D('',#758,#759,#760);
#758 = CARTESIAN_POINT('',(69.2375,-65.2375,0.));
#759 = DIRECTION('',(-0.,0.,-1.));
#760 = DIRECTION('',(-1.42108547152E-13,-1.,0.));
#761 = FACE_BOUND('',#762,.F.);
#762 = EDGE_LOOP('',(#763));
#763 = ORIENTED_EDGE('',*,*,#764,.T.);
#764 = EDGE_CURVE('',#765,#765,#767,.T.);
#765 = VERTEX_POINT('',#766);
#766 = CARTESIAN_POINT('',(70.475,-65.3375,0.));
#767 = CIRCLE('',#768,0.1);
#768 = AXIS2_PLACEMENT_3D('',#769,#770,#771);
#769 = CARTESIAN_POINT('',(70.475,-65.2375,0.));
#770 = DIRECTION('',(-0.,0.,-1.));
#771 = DIRECTION('',(-0.,-1.,0.));
#772 = FACE_BOUND('',#773,.F.);
#773 = EDGE_LOOP('',(#774));
#774 = ORIENTED_EDGE('',*,*,#775,.T.);
#775 = EDGE_CURVE('',#776,#776,#778,.T.);
#776 = VERTEX_POINT('',#777);
#777 = CARTESIAN_POINT('',(68.,-64.1,0.));
#778 = CIRCLE('',#779,9.999999999999E-02);
#779 = AXIS2_PLACEMENT_3D('',#780,#781,#782);
#780 = CARTESIAN_POINT('',(68.,-64.,0.));
#781 = DIRECTION('',(-0.,0.,-1.));
#782 = DIRECTION('',(-0.,-1.,0.));
#783 = FACE_BOUND('',#784,.F.);
#784 = EDGE_LOOP('',(#785));
#785 = ORIENTED_EDGE('',*,*,#786,.T.);
#786 = EDGE_CURVE('',#787,#787,#789,.T.);
#787 = VERTEX_POINT('',#788);
#788 = CARTESIAN_POINT('',(69.2375,-64.1,0.));
#789 = CIRCLE('',#790,9.999999999999E-02);
#790 = AXIS2_PLACEMENT_3D('',#791,#792,#793);
#791 = CARTESIAN_POINT('',(69.2375,-64.,0.));
#792 = DIRECTION('',(-0.,0.,-1.));
#793 = DIRECTION('',(-1.42108547152E-13,-1.,0.));
#794 = FACE_BOUND('',#795,.F.);
#795 = EDGE_LOOP('',(#796));
#796 = ORIENTED_EDGE('',*,*,#797,.T.);
#797 = EDGE_CURVE('',#798,#798,#800,.T.);
#798 = VERTEX_POINT('',#799);
#799 = CARTESIAN_POINT('',(70.475,-64.1,0.));
#800 = CIRCLE('',#801,0.1);
#801 = AXIS2_PLACEMENT_3D('',#802,#803,#804);
#802 = CARTESIAN_POINT('',(70.475,-64.,0.));
#803 = DIRECTION('',(-0.,0.,-1.));
#804 = DIRECTION('',(-0.,-1.,0.));
#805 = FACE_BOUND('',#806,.F.);
#806 = EDGE_LOOP('',(#807));
#807 = ORIENTED_EDGE('',*,*,#808,.T.);
#808 = EDGE_CURVE('',#809,#809,#811,.T.);
#809 = VERTEX_POINT('',#810);
#810 = CARTESIAN_POINT('',(68.,-62.8625,0.));
#811 = CIRCLE('',#812,9.999999999999E-02);
#812 = AXIS2_PLACEMENT_3D('',#813,#814,#815);
#813 = CARTESIAN_POINT('',(68.,-62.7625,0.));
#814 = DIRECTION('',(-0.,0.,-1.));
#815 = DIRECTION('',(-0.,-1.,0.));
#816 = FACE_BOUND('',#817,.F.);
#817 = EDGE_LOOP('',(#818));
#818 = ORIENTED_EDGE('',*,*,#819,.T.);
#819 = EDGE_CURVE('',#820,#820,#822,.T.);
#820 = VERTEX_POINT('',#821);
#821 = CARTESIAN_POINT('',(69.2375,-62.8625,0.));
#822 = CIRCLE('',#823,1.E-01);
#823 = AXIS2_PLACEMENT_3D('',#824,#825,#826);
#824 = CARTESIAN_POINT('',(69.2375,-62.7625,0.));
#825 = DIRECTION('',(-0.,0.,-1.));
#826 = DIRECTION('',(-1.42108547152E-13,-1.,0.));
#827 = FACE_BOUND('',#828,.F.);
#828 = EDGE_LOOP('',(#829));
#829 = ORIENTED_EDGE('',*,*,#830,.T.);
#830 = EDGE_CURVE('',#831,#831,#833,.T.);
#831 = VERTEX_POINT('',#832);
#832 = CARTESIAN_POINT('',(68.,-61.625,0.));
#833 = CIRCLE('',#834,9.999999999999E-02);
#834 = AXIS2_PLACEMENT_3D('',#835,#836,#837);
#835 = CARTESIAN_POINT('',(68.,-61.525,0.));
#836 = DIRECTION('',(-0.,0.,-1.));
#837 = DIRECTION('',(-0.,-1.,0.));
#838 = FACE_BOUND('',#839,.F.);
#839 = EDGE_LOOP('',(#840));
#840 = ORIENTED_EDGE('',*,*,#841,.T.);
#841 = EDGE_CURVE('',#842,#842,#844,.T.);
#842 = VERTEX_POINT('',#843);
#843 = CARTESIAN_POINT('',(69.2375,-61.625,0.));
#844 = CIRCLE('',#845,1.E-01);
#845 = AXIS2_PLACEMENT_3D('',#846,#847,#848);
#846 = CARTESIAN_POINT('',(69.2375,-61.525,0.));
#847 = DIRECTION('',(-0.,0.,-1.));
#848 = DIRECTION('',(-1.42108547152E-13,-1.,0.));
#849 = FACE_BOUND('',#850,.F.);
#850 = EDGE_LOOP('',(#851));
#851 = ORIENTED_EDGE('',*,*,#852,.T.);
#852 = EDGE_CURVE('',#853,#853,#855,.T.);
#853 = VERTEX_POINT('',#854);
#854 = CARTESIAN_POINT('',(70.475,-62.8625,0.));
#855 = CIRCLE('',#856,0.1);
#856 = AXIS2_PLACEMENT_3D('',#857,#858,#859);
#857 = CARTESIAN_POINT('',(70.475,-62.7625,0.));
#858 = DIRECTION('',(-0.,0.,-1.));
#859 = DIRECTION('',(-0.,-1.,0.));
#860 = FACE_BOUND('',#861,.F.);
#861 = EDGE_LOOP('',(#862));
#862 = ORIENTED_EDGE('',*,*,#863,.T.);
#863 = EDGE_CURVE('',#864,#864,#866,.T.);
#864 = VERTEX_POINT('',#865);
#865 = CARTESIAN_POINT('',(70.475,-61.625,0.));
#866 = CIRCLE('',#867,0.1);
#867 = AXIS2_PLACEMENT_3D('',#868,#869,#870);
#868 = CARTESIAN_POINT('',(70.475,-61.525,0.));
#869 = DIRECTION('',(-0.,0.,-1.));
#870 = DIRECTION('',(-0.,-1.,0.));
#871 = FACE_BOUND('',#872,.F.);
#872 = EDGE_LOOP('',(#873));
#873 = ORIENTED_EDGE('',*,*,#874,.T.);
#874 = EDGE_CURVE('',#875,#875,#877,.T.);
#875 = VERTEX_POINT('',#876);
#876 = CARTESIAN_POINT('',(24.,-25.6,0.));
#877 = CIRCLE('',#878,1.6);
#878 = AXIS2_PLACEMENT_3D('',#879,#880,#881);
#879 = CARTESIAN_POINT('',(24.,-24.,0.));
#880 = DIRECTION('',(-0.,0.,-1.));
#881 = DIRECTION('',(-0.,-1.,0.));
#882 = FACE_BOUND('',#883,.F.);
#883 = EDGE_LOOP('',(#884));
#884 = ORIENTED_EDGE('',*,*,#885,.T.);
#885 = EDGE_CURVE('',#886,#886,#888,.T.);
#886 = VERTEX_POINT('',#887);
#887 = CARTESIAN_POINT('',(54.7,-40.75,0.));
#888 = CIRCLE('',#889,0.15);
#889 = AXIS2_PLACEMENT_3D('',#890,#891,#892);
#890 = CARTESIAN_POINT('',(54.7,-40.6,0.));
#891 = DIRECTION('',(-0.,0.,-1.));
#892 = DIRECTION('',(-0.,-1.,0.));
#893 = FACE_BOUND('',#894,.F.);
#894 = EDGE_LOOP('',(#895));
#895 = ORIENTED_EDGE('',*,*,#896,.T.);
#896 = EDGE_CURVE('',#897,#897,#899,.T.);
#897 = VERTEX_POINT('',#898);
#898 = CARTESIAN_POINT('',(56.,-40.75,0.));
#899 = CIRCLE('',#900,0.15);
#900 = AXIS2_PLACEMENT_3D('',#901,#902,#903);
#901 = CARTESIAN_POINT('',(56.,-40.6,0.));
#902 = DIRECTION('',(-0.,0.,-1.));
#903 = DIRECTION('',(-0.,-1.,0.));
#904 = FACE_BOUND('',#905,.F.);
#905 = EDGE_LOOP('',(#906));
#906 = ORIENTED_EDGE('',*,*,#907,.T.);
#907 = EDGE_CURVE('',#908,#908,#910,.T.);
#908 = VERTEX_POINT('',#909);
#909 = CARTESIAN_POINT('',(57.3,-40.75,0.));
#910 = CIRCLE('',#911,0.15);
#911 = AXIS2_PLACEMENT_3D('',#912,#913,#914);
#912 = CARTESIAN_POINT('',(57.3,-40.6,0.));
#913 = DIRECTION('',(-0.,0.,-1.));
#914 = DIRECTION('',(-0.,-1.,0.));
#915 = FACE_BOUND('',#916,.F.);
#916 = EDGE_LOOP('',(#917));
#917 = ORIENTED_EDGE('',*,*,#918,.T.);
#918 = EDGE_CURVE('',#919,#919,#921,.T.);
#919 = VERTEX_POINT('',#920);
#920 = CARTESIAN_POINT('',(54.7,-39.45,0.));
#921 = CIRCLE('',#922,0.15);
#922 = AXIS2_PLACEMENT_3D('',#923,#924,#925);
#923 = CARTESIAN_POINT('',(54.7,-39.3,0.));
#924 = DIRECTION('',(-0.,0.,-1.));
#925 = DIRECTION('',(-0.,-1.,0.));
#926 = FACE_BOUND('',#927,.F.);
#927 = EDGE_LOOP('',(#928));
#928 = ORIENTED_EDGE('',*,*,#929,.T.);
#929 = EDGE_CURVE('',#930,#930,#932,.T.);
#930 = VERTEX_POINT('',#931);
#931 = CARTESIAN_POINT('',(56.,-39.45,0.));
#932 = CIRCLE('',#933,0.15);
#933 = AXIS2_PLACEMENT_3D('',#934,#935,#936);
#934 = CARTESIAN_POINT('',(56.,-39.3,0.));
#935 = DIRECTION('',(-0.,0.,-1.));
#936 = DIRECTION('',(-0.,-1.,0.));
#937 = FACE_BOUND('',#938,.F.);
#938 = EDGE_LOOP('',(#939));
#939 = ORIENTED_EDGE('',*,*,#940,.T.);
#940 = EDGE_CURVE('',#941,#941,#943,.T.);
#941 = VERTEX_POINT('',#942);
#942 = CARTESIAN_POINT('',(57.3,-39.45,0.));
#943 = CIRCLE('',#944,0.15);
#944 = AXIS2_PLACEMENT_3D('',#945,#946,#947);
#945 = CARTESIAN_POINT('',(57.3,-39.3,0.));
#946 = DIRECTION('',(-0.,0.,-1.));
#947 = DIRECTION('',(-0.,-1.,0.));
#948 = FACE_BOUND('',#949,.F.);
#949 = EDGE_LOOP('',(#950));
#950 = ORIENTED_EDGE('',*,*,#951,.T.);
#951 = EDGE_CURVE('',#952,#952,#954,.T.);
#952 = VERTEX_POINT('',#953);
#953 = CARTESIAN_POINT('',(54.7,-38.15,0.));
#954 = CIRCLE('',#955,0.15);
#955 = AXIS2_PLACEMENT_3D('',#956,#957,#958);
#956 = CARTESIAN_POINT('',(54.7,-38.,0.));
#957 = DIRECTION('',(-0.,0.,-1.));
#958 = DIRECTION('',(-0.,-1.,0.));
#959 = FACE_BOUND('',#960,.F.);
#960 = EDGE_LOOP('',(#961));
#961 = ORIENTED_EDGE('',*,*,#962,.T.);
#962 = EDGE_CURVE('',#963,#963,#965,.T.);
#963 = VERTEX_POINT('',#964);
#964 = CARTESIAN_POINT('',(56.,-38.15,0.));
#965 = CIRCLE('',#966,0.15);
#966 = AXIS2_PLACEMENT_3D('',#967,#968,#969);
#967 = CARTESIAN_POINT('',(56.,-38.,0.));
#968 = DIRECTION('',(-0.,0.,-1.));
#969 = DIRECTION('',(-0.,-1.,0.));
#970 = FACE_BOUND('',#971,.F.);
#971 = EDGE_LOOP('',(#972));
#972 = ORIENTED_EDGE('',*,*,#973,.T.);
#973 = EDGE_CURVE('',#974,#974,#976,.T.);
#974 = VERTEX_POINT('',#975);
#975 = CARTESIAN_POINT('',(57.3,-38.15,0.));
#976 = CIRCLE('',#977,0.15);
#977 = AXIS2_PLACEMENT_3D('',#978,#979,#980);
#978 = CARTESIAN_POINT('',(57.3,-38.,0.));
#979 = DIRECTION('',(-0.,0.,-1.));
#980 = DIRECTION('',(-0.,-1.,0.));
#981 = FACE_BOUND('',#982,.F.);
#982 = EDGE_LOOP('',(#983));
#983 = ORIENTED_EDGE('',*,*,#984,.T.);
#984 = EDGE_CURVE('',#985,#985,#987,.T.);
#985 = VERTEX_POINT('',#986);
#986 = CARTESIAN_POINT('',(54.7,-36.85,0.));
#987 = CIRCLE('',#988,0.15);
#988 = AXIS2_PLACEMENT_3D('',#989,#990,#991);
#989 = CARTESIAN_POINT('',(54.7,-36.7,0.));
#990 = DIRECTION('',(-0.,0.,-1.));
#991 = DIRECTION('',(-0.,-1.,0.));
#992 = FACE_BOUND('',#993,.F.);
#993 = EDGE_LOOP('',(#994));
#994 = ORIENTED_EDGE('',*,*,#995,.T.);
#995 = EDGE_CURVE('',#996,#996,#998,.T.);
#996 = VERTEX_POINT('',#997);
#997 = CARTESIAN_POINT('',(56.,-36.85,0.));
#998 = CIRCLE('',#999,0.15);
#999 = AXIS2_PLACEMENT_3D('',#1000,#1001,#1002);
#1000 = CARTESIAN_POINT('',(56.,-36.7,0.));
#1001 = DIRECTION('',(-0.,0.,-1.));
#1002 = DIRECTION('',(-0.,-1.,0.));
#1003 = FACE_BOUND('',#1004,.F.);
#1004 = EDGE_LOOP('',(#1005));
#1005 = ORIENTED_EDGE('',*,*,#1006,.T.);
#1006 = EDGE_CURVE('',#1007,#1007,#1009,.T.);
#1007 = VERTEX_POINT('',#1008);
#1008 = CARTESIAN_POINT('',(57.3,-36.85,0.));
#1009 = CIRCLE('',#1010,0.15);
#1010 = AXIS2_PLACEMENT_3D('',#1011,#1012,#1013);
#1011 = CARTESIAN_POINT('',(57.3,-36.7,0.));
#1012 = DIRECTION('',(-0.,0.,-1.));
#1013 = DIRECTION('',(-0.,-1.,0.));
#1014 = FACE_BOUND('',#1015,.F.);
#1015 = EDGE_LOOP('',(#1016));
#1016 = ORIENTED_EDGE('',*,*,#1017,.T.);
#1017 = EDGE_CURVE('',#1018,#1018,#1020,.T.);
#1018 = VERTEX_POINT('',#1019);
#1019 = CARTESIAN_POINT('',(54.7,-35.55,0.));
#1020 = CIRCLE('',#1021,0.15);
#1021 = AXIS2_PLACEMENT_3D('',#1022,#1023,#1024);
#1022 = CARTESIAN_POINT('',(54.7,-35.4,0.));
#1023 = DIRECTION('',(-0.,0.,-1.));
#1024 = DIRECTION('',(-0.,-1.,0.));
#1025 = FACE_BOUND('',#1026,.F.);
#1026 = EDGE_LOOP('',(#1027));
#1027 = ORIENTED_EDGE('',*,*,#1028,.T.);
#1028 = EDGE_CURVE('',#1029,#1029,#1031,.T.);
#1029 = VERTEX_POINT('',#1030);
#1030 = CARTESIAN_POINT('',(56.,-35.55,0.));
#1031 = CIRCLE('',#1032,0.15);
#1032 = AXIS2_PLACEMENT_3D('',#1033,#1034,#1035);
#1033 = CARTESIAN_POINT('',(56.,-35.4,0.));
#1034 = DIRECTION('',(-0.,0.,-1.));
#1035 = DIRECTION('',(-0.,-1.,0.));
#1036 = FACE_BOUND('',#1037,.F.);
#1037 = EDGE_LOOP('',(#1038));
#1038 = ORIENTED_EDGE('',*,*,#1039,.T.);
#1039 = EDGE_CURVE('',#1040,#1040,#1042,.T.);
#1040 = VERTEX_POINT('',#1041);
#1041 = CARTESIAN_POINT('',(57.3,-35.55,0.));
#1042 = CIRCLE('',#1043,0.15);
#1043 = AXIS2_PLACEMENT_3D('',#1044,#1045,#1046);
#1044 = CARTESIAN_POINT('',(57.3,-35.4,0.));
#1045 = DIRECTION('',(-0.,0.,-1.));
#1046 = DIRECTION('',(-0.,-1.,0.));
#1047 = FACE_BOUND('',#1048,.F.);
#1048 = EDGE_LOOP('',(#1049));
#1049 = ORIENTED_EDGE('',*,*,#1050,.T.);
#1050 = EDGE_CURVE('',#1051,#1051,#1053,.T.);
#1051 = VERTEX_POINT('',#1052);
#1052 = CARTESIAN_POINT('',(99.425,-52.05,0.));
#1053 = CIRCLE('',#1054,1.E-01);
#1054 = AXIS2_PLACEMENT_3D('',#1055,#1056,#1057);
#1055 = CARTESIAN_POINT('',(99.425,-51.95,0.));
#1056 = DIRECTION('',(-0.,0.,-1.));
#1057 = DIRECTION('',(-1.42108547152E-13,-1.,0.));
#1058 = FACE_BOUND('',#1059,.F.);
#1059 = EDGE_LOOP('',(#1060));
#1060 = ORIENTED_EDGE('',*,*,#1061,.T.);
#1061 = EDGE_CURVE('',#1062,#1062,#1064,.T.);
#1062 = VERTEX_POINT('',#1063);
#1063 = CARTESIAN_POINT('',(100.575,-52.05,0.));
#1064 = CIRCLE('',#1065,0.1);
#1065 = AXIS2_PLACEMENT_3D('',#1066,#1067,#1068);
#1066 = CARTESIAN_POINT('',(100.575,-51.95,0.));
#1067 = DIRECTION('',(-0.,0.,-1.));
#1068 = DIRECTION('',(1.42108547152E-13,-1.,-0.));
#1069 = FACE_BOUND('',#1070,.F.);
#1070 = EDGE_LOOP('',(#1071));
#1071 = ORIENTED_EDGE('',*,*,#1072,.T.);
#1072 = EDGE_CURVE('',#1073,#1073,#1075,.T.);
#1073 = VERTEX_POINT('',#1074);
#1074 = CARTESIAN_POINT('',(99.425,-51.1,0.));
#1075 = CIRCLE('',#1076,1.E-01);
#1076 = AXIS2_PLACEMENT_3D('',#1077,#1078,#1079);
#1077 = CARTESIAN_POINT('',(99.425,-51.,0.));
#1078 = DIRECTION('',(-0.,0.,-1.));
#1079 = DIRECTION('',(-1.42108547152E-13,-1.,0.));
#1080 = FACE_BOUND('',#1081,.F.);
#1081 = EDGE_LOOP('',(#1082));
#1082 = ORIENTED_EDGE('',*,*,#1083,.T.);
#1083 = EDGE_CURVE('',#1084,#1084,#1086,.T.);
#1084 = VERTEX_POINT('',#1085);
#1085 = CARTESIAN_POINT('',(100.575,-51.1,0.));
#1086 = CIRCLE('',#1087,0.1);
#1087 = AXIS2_PLACEMENT_3D('',#1088,#1089,#1090);
#1088 = CARTESIAN_POINT('',(100.575,-51.,0.));
#1089 = DIRECTION('',(-0.,0.,-1.));
#1090 = DIRECTION('',(1.42108547152E-13,-1.,-0.));
#1091 = FACE_BOUND('',#1092,.F.);
#1092 = EDGE_LOOP('',(#1093));
#1093 = ORIENTED_EDGE('',*,*,#1094,.T.);
#1094 = EDGE_CURVE('',#1095,#1095,#1097,.T.);
#1095 = VERTEX_POINT('',#1096);
#1096 = CARTESIAN_POINT('',(99.425,-50.15,0.));
#1097 = CIRCLE('',#1098,1.E-01);
#1098 = AXIS2_PLACEMENT_3D('',#1099,#1100,#1101);
#1099 = CARTESIAN_POINT('',(99.425,-50.05,0.));
#1100 = DIRECTION('',(-0.,0.,-1.));
#1101 = DIRECTION('',(-1.42108547152E-13,-1.,0.));
#1102 = FACE_BOUND('',#1103,.F.);
#1103 = EDGE_LOOP('',(#1104));
#1104 = ORIENTED_EDGE('',*,*,#1105,.T.);
#1105 = EDGE_CURVE('',#1106,#1106,#1108,.T.);
#1106 = VERTEX_POINT('',#1107);
#1107 = CARTESIAN_POINT('',(100.575,-50.15,0.));
#1108 = CIRCLE('',#1109,0.1);
#1109 = AXIS2_PLACEMENT_3D('',#1110,#1111,#1112);
#1110 = CARTESIAN_POINT('',(100.575,-50.05,0.));
#1111 = DIRECTION('',(-0.,0.,-1.));
#1112 = DIRECTION('',(1.42108547152E-13,-1.,-0.));
#1113 = FACE_BOUND('',#1114,.F.);
#1114 = EDGE_LOOP('',(#1115));
#1115 = ORIENTED_EDGE('',*,*,#1116,.T.);
#1116 = EDGE_CURVE('',#1117,#1117,#1119,.T.);
#1117 = VERTEX_POINT('',#1118);
#1118 = CARTESIAN_POINT('',(120.8,-65.879,0.));
#1119 = CIRCLE('',#1120,1.5);
#1120 = AXIS2_PLACEMENT_3D('',#1121,#1122,#1123);
#1121 = CARTESIAN_POINT('',(120.8,-64.379,0.));
#1122 = DIRECTION('',(-0.,0.,-1.));
#1123 = DIRECTION('',(-0.,-1.,0.));
#1124 = FACE_BOUND('',#1125,.F.);
#1125 = EDGE_LOOP('',(#1126));
#1126 = ORIENTED_EDGE('',*,*,#1127,.T.);
#1127 = EDGE_CURVE('',#1128,#1128,#1130,.T.);
#1128 = VERTEX_POINT('',#1129);
#1129 = CARTESIAN_POINT('',(120.8,-61.119,0.));
#1130 = CIRCLE('',#1131,1.5);
#1131 = AXIS2_PLACEMENT_3D('',#1132,#1133,#1134);
#1132 = CARTESIAN_POINT('',(120.8,-59.619,0.));
#1133 = DIRECTION('',(-0.,0.,-1.));
#1134 = DIRECTION('',(-0.,-1.,0.));
#1135 = FACE_BOUND('',#1136,.F.);
#1136 = EDGE_LOOP('',(#1137));
#1137 = ORIENTED_EDGE('',*,*,#1138,.T.);
#1138 = EDGE_CURVE('',#1139,#1139,#1141,.T.);
#1139 = VERTEX_POINT('',#1140);
#1140 = CARTESIAN_POINT('',(118.2,-57.,0.));
#1141 = CIRCLE('',#1142,0.5);
#1142 = AXIS2_PLACEMENT_3D('',#1143,#1144,#1145);
#1143 = CARTESIAN_POINT('',(118.2,-56.5,0.));
#1144 = DIRECTION('',(-0.,0.,-1.));
#1145 = DIRECTION('',(-0.,-1.,0.));
#1146 = FACE_BOUND('',#1147,.F.);
#1147 = EDGE_LOOP('',(#1148));
#1148 = ORIENTED_EDGE('',*,*,#1149,.T.);
#1149 = EDGE_CURVE('',#1150,#1150,#1152,.T.);
#1150 = VERTEX_POINT('',#1151);
#1151 = CARTESIAN_POINT('',(118.2,-54.5,0.));
#1152 = CIRCLE('',#1153,0.5);
#1153 = AXIS2_PLACEMENT_3D('',#1154,#1155,#1156);
#1154 = CARTESIAN_POINT('',(118.2,-54.,0.));
#1155 = DIRECTION('',(-0.,0.,-1.));
#1156 = DIRECTION('',(-0.,-1.,0.));
#1157 = FACE_BOUND('',#1158,.F.);
#1158 = EDGE_LOOP('',(#1159));
#1159 = ORIENTED_EDGE('',*,*,#1160,.T.);
#1160 = EDGE_CURVE('',#1161,#1161,#1163,.T.);
#1161 = VERTEX_POINT('',#1162);
#1162 = CARTESIAN_POINT('',(118.2,-52.5,0.));
#1163 = CIRCLE('',#1164,0.5);
#1164 = AXIS2_PLACEMENT_3D('',#1165,#1166,#1167);
#1165 = CARTESIAN_POINT('',(118.2,-52.,0.));
#1166 = DIRECTION('',(-0.,0.,-1.));
#1167 = DIRECTION('',(-0.,-1.,0.));
#1168 = FACE_BOUND('',#1169,.F.);
#1169 = EDGE_LOOP('',(#1170));
#1170 = ORIENTED_EDGE('',*,*,#1171,.T.);
#1171 = EDGE_CURVE('',#1172,#1172,#1174,.T.);
#1172 = VERTEX_POINT('',#1173);
#1173 = CARTESIAN_POINT('',(118.2,-50.,0.));
#1174 = CIRCLE('',#1175,0.5);
#1175 = AXIS2_PLACEMENT_3D('',#1176,#1177,#1178);
#1176 = CARTESIAN_POINT('',(118.2,-49.5,0.));
#1177 = DIRECTION('',(-0.,0.,-1.));
#1178 = DIRECTION('',(-0.,-1.,0.));
#1179 = FACE_BOUND('',#1180,.F.);
#1180 = EDGE_LOOP('',(#1181));
#1181 = ORIENTED_EDGE('',*,*,#1182,.T.);
#1182 = EDGE_CURVE('',#1183,#1183,#1185,.T.);
#1183 = VERTEX_POINT('',#1184);
#1184 = CARTESIAN_POINT('',(120.8,-47.879,0.));
#1185 = CIRCLE('',#1186,1.5);
#1186 = AXIS2_PLACEMENT_3D('',#1187,#1188,#1189);
#1187 = CARTESIAN_POINT('',(120.8,-46.379,0.));
#1188 = DIRECTION('',(-0.,0.,-1.));
#1189 = DIRECTION('',(-0.,-1.,0.));
#1190 = FACE_BOUND('',#1191,.F.);
#1191 = EDGE_LOOP('',(#1192));
#1192 = ORIENTED_EDGE('',*,*,#1193,.T.);
#1193 = EDGE_CURVE('',#1194,#1194,#1196,.T.);
#1194 = VERTEX_POINT('',#1195);
#1195 = CARTESIAN_POINT('',(99.425,-34.05,0.));
#1196 = CIRCLE('',#1197,1.E-01);
#1197 = AXIS2_PLACEMENT_3D('',#1198,#1199,#1200);
#1198 = CARTESIAN_POINT('',(99.425,-33.95,0.));
#1199 = DIRECTION('',(-0.,0.,-1.));
#1200 = DIRECTION('',(-1.42108547152E-13,-1.,0.));
#1201 = FACE_BOUND('',#1202,.F.);
#1202 = EDGE_LOOP('',(#1203));
#1203 = ORIENTED_EDGE('',*,*,#1204,.T.);
#1204 = EDGE_CURVE('',#1205,#1205,#1207,.T.);
#1205 = VERTEX_POINT('',#1206);
#1206 = CARTESIAN_POINT('',(100.575,-34.05,0.));
#1207 = CIRCLE('',#1208,0.1);
#1208 = AXIS2_PLACEMENT_3D('',#1209,#1210,#1211);
#1209 = CARTESIAN_POINT('',(100.575,-33.95,0.));
#1210 = DIRECTION('',(-0.,0.,-1.));
#1211 = DIRECTION('',(1.42108547152E-13,-1.,-0.));
#1212 = FACE_BOUND('',#1213,.F.);
#1213 = EDGE_LOOP('',(#1214));
#1214 = ORIENTED_EDGE('',*,*,#1215,.T.);
#1215 = EDGE_CURVE('',#1216,#1216,#1218,.T.);
#1216 = VERTEX_POINT('',#1217);
#1217 = CARTESIAN_POINT('',(99.425,-33.1,0.));
#1218 = CIRCLE('',#1219,1.E-01);
#1219 = AXIS2_PLACEMENT_3D('',#1220,#1221,#1222);
#1220 = CARTESIAN_POINT('',(99.425,-33.,0.));
#1221 = DIRECTION('',(-0.,0.,-1.));
#1222 = DIRECTION('',(-1.42108547152E-13,-1.,0.));
#1223 = FACE_BOUND('',#1224,.F.);
#1224 = EDGE_LOOP('',(#1225));
#1225 = ORIENTED_EDGE('',*,*,#1226,.T.);
#1226 = EDGE_CURVE('',#1227,#1227,#1229,.T.);
#1227 = VERTEX_POINT('',#1228);
#1228 = CARTESIAN_POINT('',(100.575,-33.1,0.));
#1229 = CIRCLE('',#1230,0.1);
#1230 = AXIS2_PLACEMENT_3D('',#1231,#1232,#1233);
#1231 = CARTESIAN_POINT('',(100.575,-33.,0.));
#1232 = DIRECTION('',(-0.,0.,-1.));
#1233 = DIRECTION('',(1.42108547152E-13,-1.,-0.));
#1234 = FACE_BOUND('',#1235,.F.);
#1235 = EDGE_LOOP('',(#1236));
#1236 = ORIENTED_EDGE('',*,*,#1237,.T.);
#1237 = EDGE_CURVE('',#1238,#1238,#1240,.T.);
#1238 = VERTEX_POINT('',#1239);
#1239 = CARTESIAN_POINT('',(99.425,-32.15,0.));
#1240 = CIRCLE('',#1241,1.E-01);
#1241 = AXIS2_PLACEMENT_3D('',#1242,#1243,#1244);
#1242 = CARTESIAN_POINT('',(99.425,-32.05,0.));
#1243 = DIRECTION('',(-0.,0.,-1.));
#1244 = DIRECTION('',(-1.42108547152E-13,-1.,0.));
#1245 = FACE_BOUND('',#1246,.F.);
#1246 = EDGE_LOOP('',(#1247));
#1247 = ORIENTED_EDGE('',*,*,#1248,.T.);
#1248 = EDGE_CURVE('',#1249,#1249,#1251,.T.);
#1249 = VERTEX_POINT('',#1250);
#1250 = CARTESIAN_POINT('',(100.575,-32.15,0.));
#1251 = CIRCLE('',#1252,0.1);
#1252 = AXIS2_PLACEMENT_3D('',#1253,#1254,#1255);
#1253 = CARTESIAN_POINT('',(100.575,-32.05,0.));
#1254 = DIRECTION('',(-0.,0.,-1.));
#1255 = DIRECTION('',(1.42108547152E-13,-1.,-0.));
#1256 = FACE_BOUND('',#1257,.F.);
#1257 = EDGE_LOOP('',(#1258));
#1258 = ORIENTED_EDGE('',*,*,#1259,.T.);
#1259 = EDGE_CURVE('',#1260,#1260,#1262,.T.);
#1260 = VERTEX_POINT('',#1261);
#1261 = CARTESIAN_POINT('',(120.8,-43.119,0.));
#1262 = CIRCLE('',#1263,1.5);
#1263 = AXIS2_PLACEMENT_3D('',#1264,#1265,#1266);
#1264 = CARTESIAN_POINT('',(120.8,-41.619,0.));
#1265 = DIRECTION('',(-0.,0.,-1.));
#1266 = DIRECTION('',(-0.,-1.,0.));
#1267 = FACE_BOUND('',#1268,.F.);
#1268 = EDGE_LOOP('',(#1269));
#1269 = ORIENTED_EDGE('',*,*,#1270,.T.);
#1270 = EDGE_CURVE('',#1271,#1271,#1273,.T.);
#1271 = VERTEX_POINT('',#1272);
#1272 = CARTESIAN_POINT('',(118.2,-39.,0.));
#1273 = CIRCLE('',#1274,0.5);
#1274 = AXIS2_PLACEMENT_3D('',#1275,#1276,#1277);
#1275 = CARTESIAN_POINT('',(118.2,-38.5,0.));
#1276 = DIRECTION('',(-0.,0.,-1.));
#1277 = DIRECTION('',(-0.,-1.,0.));
#1278 = FACE_BOUND('',#1279,.F.);
#1279 = EDGE_LOOP('',(#1280));
#1280 = ORIENTED_EDGE('',*,*,#1281,.T.);
#1281 = EDGE_CURVE('',#1282,#1282,#1284,.T.);
#1282 = VERTEX_POINT('',#1283);
#1283 = CARTESIAN_POINT('',(118.2,-36.5,0.));
#1284 = CIRCLE('',#1285,0.5);
#1285 = AXIS2_PLACEMENT_3D('',#1286,#1287,#1288);
#1286 = CARTESIAN_POINT('',(118.2,-36.,0.));
#1287 = DIRECTION('',(-0.,0.,-1.));
#1288 = DIRECTION('',(-0.,-1.,0.));
#1289 = FACE_BOUND('',#1290,.F.);
#1290 = EDGE_LOOP('',(#1291));
#1291 = ORIENTED_EDGE('',*,*,#1292,.T.);
#1292 = EDGE_CURVE('',#1293,#1293,#1295,.T.);
#1293 = VERTEX_POINT('',#1294);
#1294 = CARTESIAN_POINT('',(118.2,-34.5,0.));
#1295 = CIRCLE('',#1296,0.5);
#1296 = AXIS2_PLACEMENT_3D('',#1297,#1298,#1299);
#1297 = CARTESIAN_POINT('',(118.2,-34.,0.));
#1298 = DIRECTION('',(-0.,0.,-1.));
#1299 = DIRECTION('',(-0.,-1.,0.));
#1300 = FACE_BOUND('',#1301,.F.);
#1301 = EDGE_LOOP('',(#1302));
#1302 = ORIENTED_EDGE('',*,*,#1303,.T.);
#1303 = EDGE_CURVE('',#1304,#1304,#1306,.T.);
#1304 = VERTEX_POINT('',#1305);
#1305 = CARTESIAN_POINT('',(118.2,-32.,0.));
#1306 = CIRCLE('',#1307,0.5);
#1307 = AXIS2_PLACEMENT_3D('',#1308,#1309,#1310);
#1308 = CARTESIAN_POINT('',(118.2,-31.5,0.));
#1309 = DIRECTION('',(-0.,0.,-1.));
#1310 = DIRECTION('',(-0.,-1.,0.));
#1311 = FACE_BOUND('',#1312,.F.);
#1312 = EDGE_LOOP('',(#1313));
#1313 = ORIENTED_EDGE('',*,*,#1314,.T.);
#1314 = EDGE_CURVE('',#1315,#1315,#1317,.T.);
#1315 = VERTEX_POINT('',#1316);
#1316 = CARTESIAN_POINT('',(120.8,-29.879,0.));
#1317 = CIRCLE('',#1318,1.5);
#1318 = AXIS2_PLACEMENT_3D('',#1319,#1320,#1321);
#1319 = CARTESIAN_POINT('',(120.8,-28.379,0.));
#1320 = DIRECTION('',(-0.,0.,-1.));
#1321 = DIRECTION('',(-0.,-1.,0.));
#1322 = FACE_BOUND('',#1323,.F.);
#1323 = EDGE_LOOP('',(#1324));
#1324 = ORIENTED_EDGE('',*,*,#1325,.T.);
#1325 = EDGE_CURVE('',#1326,#1326,#1328,.T.);
#1326 = VERTEX_POINT('',#1327);
#1327 = CARTESIAN_POINT('',(126.,-25.6,0.));
#1328 = CIRCLE('',#1329,1.6);
#1329 = AXIS2_PLACEMENT_3D('',#1330,#1331,#1332);
#1330 = CARTESIAN_POINT('',(126.,-24.,0.));
#1331 = DIRECTION('',(-0.,0.,-1.));
#1332 = DIRECTION('',(-0.,-1.,0.));
#1333 = PLANE('',#1334);
#1334 = AXIS2_PLACEMENT_3D('',#1335,#1336,#1337);
#1335 = CARTESIAN_POINT('',(0.,0.,0.));
#1336 = DIRECTION('',(0.,0.,1.));
#1337 = DIRECTION('',(1.,0.,-0.));
#1338 = ADVANCED_FACE('',(#1339,#1350,#1361,#1372,#1383,#1394,#1405,
    #1416,#1427,#1438,#1449,#1460,#1496,#1532,#1543,#1579,#1590,#1626,
    #1637,#1648,#1659,#1670,#1681,#1692,#1703,#1714,#1725,#1736,#1747,
    #1758,#1794,#1805,#1841,#1852,#1863,#1874,#1885,#1896,#1907,#1918,
    #1929,#1940,#1951,#1962,#1973,#1984,#1995,#2006,#2017,#2028,#2039,
    #2050,#2061,#2072,#2083,#2094,#2105,#2116,#2127,#2138,#2149,#2160,
    #2171,#2182,#2193,#2204,#2215,#2226,#2237,#2248,#2259,#2270,#2281,
    #2292,#2303,#2314,#2325,#2336,#2347,#2358,#2369,#2380,#2391,#2402,
    #2413,#2424,#2435,#2446,#2457,#2468,#2479,#2490,#2501,#2512,#2523),
  #2534,.T.);
#1339 = FACE_BOUND('',#1340,.T.);
#1340 = EDGE_LOOP('',(#1341,#1342,#1343,#1349));
#1341 = ORIENTED_EDGE('',*,*,#49,.F.);
#1342 = ORIENTED_EDGE('',*,*,#89,.F.);
#1343 = ORIENTED_EDGE('',*,*,#1344,.F.);
#1344 = EDGE_CURVE('',#112,#82,#1345,.T.);
#1345 = LINE('',#1346,#1347);
#1346 = CARTESIAN_POINT('',(20.,-20.,1.51));
#1347 = VECTOR('',#1348,1.);
#1348 = DIRECTION('',(1.,0.,0.));
#1349 = ORIENTED_EDGE('',*,*,#111,.F.);
#1350 = FACE_BOUND('',#1351,.T.);
#1351 = EDGE_LOOP('',(#1352));
#1352 = ORIENTED_EDGE('',*,*,#1353,.T.);
#1353 = EDGE_CURVE('',#1354,#1354,#1356,.T.);
#1354 = VERTEX_POINT('',#1355);
#1355 = CARTESIAN_POINT('',(24.,-107.6,1.51));
#1356 = CIRCLE('',#1357,1.6);
#1357 = AXIS2_PLACEMENT_3D('',#1358,#1359,#1360);
#1358 = CARTESIAN_POINT('',(24.,-106.,1.51));
#1359 = DIRECTION('',(-0.,0.,-1.));
#1360 = DIRECTION('',(-0.,-1.,0.));
#1361 = FACE_BOUND('',#1362,.T.);
#1362 = EDGE_LOOP('',(#1363));
#1363 = ORIENTED_EDGE('',*,*,#1364,.T.);
#1364 = EDGE_CURVE('',#1365,#1365,#1367,.T.);
#1365 = VERTEX_POINT('',#1366);
#1366 = CARTESIAN_POINT('',(27.6,-85.81,1.51));
#1367 = CIRCLE('',#1368,0.89);
#1368 = AXIS2_PLACEMENT_3D('',#1369,#1370,#1371);
#1369 = CARTESIAN_POINT('',(27.6,-84.92,1.51));
#1370 = DIRECTION('',(-0.,0.,-1.));
#1371 = DIRECTION('',(-0.,-1.,0.));
#1372 = FACE_BOUND('',#1373,.T.);
#1373 = EDGE_LOOP('',(#1374));
#1374 = ORIENTED_EDGE('',*,*,#1375,.T.);
#1375 = EDGE_CURVE('',#1376,#1376,#1378,.T.);
#1376 = VERTEX_POINT('',#1377);
#1377 = CARTESIAN_POINT('',(31.,-85.81,1.51));
#1378 = CIRCLE('',#1379,0.89);
#1379 = AXIS2_PLACEMENT_3D('',#1380,#1381,#1382);
#1380 = CARTESIAN_POINT('',(31.,-84.92,1.51));
#1381 = DIRECTION('',(-0.,0.,-1.));
#1382 = DIRECTION('',(-0.,-1.,0.));
#1383 = FACE_BOUND('',#1384,.T.);
#1384 = EDGE_LOOP('',(#1385));
#1385 = ORIENTED_EDGE('',*,*,#1386,.T.);
#1386 = EDGE_CURVE('',#1387,#1387,#1389,.T.);
#1387 = VERTEX_POINT('',#1388);
#1388 = CARTESIAN_POINT('',(27.6,-75.89,1.51));
#1389 = CIRCLE('',#1390,0.89);
#1390 = AXIS2_PLACEMENT_3D('',#1391,#1392,#1393);
#1391 = CARTESIAN_POINT('',(27.6,-75.,1.51));
#1392 = DIRECTION('',(-0.,0.,-1.));
#1393 = DIRECTION('',(-0.,-1.,0.));
#1394 = FACE_BOUND('',#1395,.T.);
#1395 = EDGE_LOOP('',(#1396));
#1396 = ORIENTED_EDGE('',*,*,#1397,.T.);
#1397 = EDGE_CURVE('',#1398,#1398,#1400,.T.);
#1398 = VERTEX_POINT('',#1399);
#1399 = CARTESIAN_POINT('',(31.,-75.89,1.51));
#1400 = CIRCLE('',#1401,0.89);
#1401 = AXIS2_PLACEMENT_3D('',#1402,#1403,#1404);
#1402 = CARTESIAN_POINT('',(31.,-75.,1.51));
#1403 = DIRECTION('',(-0.,0.,-1.));
#1404 = DIRECTION('',(-0.,-1.,0.));
#1405 = FACE_BOUND('',#1406,.T.);
#1406 = EDGE_LOOP('',(#1407));
#1407 = ORIENTED_EDGE('',*,*,#1408,.T.);
#1408 = EDGE_CURVE('',#1409,#1409,#1411,.T.);
#1409 = VERTEX_POINT('',#1410);
#1410 = CARTESIAN_POINT('',(65.525,-66.575,1.51));
#1411 = CIRCLE('',#1412,9.999999999999E-02);
#1412 = AXIS2_PLACEMENT_3D('',#1413,#1414,#1415);
#1413 = CARTESIAN_POINT('',(65.525,-66.475,1.51));
#1414 = DIRECTION('',(-0.,0.,-1.));
#1415 = DIRECTION('',(-0.,-1.,0.));
#1416 = FACE_BOUND('',#1417,.T.);
#1417 = EDGE_LOOP('',(#1418));
#1418 = ORIENTED_EDGE('',*,*,#1419,.T.);
#1419 = EDGE_CURVE('',#1420,#1420,#1422,.T.);
#1420 = VERTEX_POINT('',#1421);
#1421 = CARTESIAN_POINT('',(66.7625,-66.575,1.51));
#1422 = CIRCLE('',#1423,0.1);
#1423 = AXIS2_PLACEMENT_3D('',#1424,#1425,#1426);
#1424 = CARTESIAN_POINT('',(66.7625,-66.475,1.51));
#1425 = DIRECTION('',(-0.,0.,-1.));
#1426 = DIRECTION('',(1.42108547152E-13,-1.,-0.));
#1427 = FACE_BOUND('',#1428,.T.);
#1428 = EDGE_LOOP('',(#1429));
#1429 = ORIENTED_EDGE('',*,*,#1430,.T.);
#1430 = EDGE_CURVE('',#1431,#1431,#1433,.T.);
#1431 = VERTEX_POINT('',#1432);
#1432 = CARTESIAN_POINT('',(68.,-66.575,1.51));
#1433 = CIRCLE('',#1434,9.999999999999E-02);
#1434 = AXIS2_PLACEMENT_3D('',#1435,#1436,#1437);
#1435 = CARTESIAN_POINT('',(68.,-66.475,1.51));
#1436 = DIRECTION('',(-0.,0.,-1.));
#1437 = DIRECTION('',(-0.,-1.,0.));
#1438 = FACE_BOUND('',#1439,.T.);
#1439 = EDGE_LOOP('',(#1440));
#1440 = ORIENTED_EDGE('',*,*,#1441,.T.);
#1441 = EDGE_CURVE('',#1442,#1442,#1444,.T.);
#1442 = VERTEX_POINT('',#1443);
#1443 = CARTESIAN_POINT('',(69.2375,-66.575,1.51));
#1444 = CIRCLE('',#1445,9.999999999999E-02);
#1445 = AXIS2_PLACEMENT_3D('',#1446,#1447,#1448);
#1446 = CARTESIAN_POINT('',(69.2375,-66.475,1.51));
#1447 = DIRECTION('',(-0.,0.,-1.));
#1448 = DIRECTION('',(-1.42108547152E-13,-1.,0.));
#1449 = FACE_BOUND('',#1450,.T.);
#1450 = EDGE_LOOP('',(#1451));
#1451 = ORIENTED_EDGE('',*,*,#1452,.T.);
#1452 = EDGE_CURVE('',#1453,#1453,#1455,.T.);
#1453 = VERTEX_POINT('',#1454);
#1454 = CARTESIAN_POINT('',(70.475,-66.575,1.51));
#1455 = CIRCLE('',#1456,0.1);
#1456 = AXIS2_PLACEMENT_3D('',#1457,#1458,#1459);
#1457 = CARTESIAN_POINT('',(70.475,-66.475,1.51));
#1458 = DIRECTION('',(-0.,0.,-1.));
#1459 = DIRECTION('',(-0.,-1.,0.));
#1460 = FACE_BOUND('',#1461,.T.);
#1461 = EDGE_LOOP('',(#1462,#1473,#1481,#1490));
#1462 = ORIENTED_EDGE('',*,*,#1463,.T.);
#1463 = EDGE_CURVE('',#1464,#1466,#1468,.T.);
#1464 = VERTEX_POINT('',#1465);
#1465 = CARTESIAN_POINT('',(109.98,-108.35,1.51));
#1466 = VERTEX_POINT('',#1467);
#1467 = CARTESIAN_POINT('',(109.38,-108.35,1.51));
#1468 = CIRCLE('',#1469,0.3);
#1469 = AXIS2_PLACEMENT_3D('',#1470,#1471,#1472);
#1470 = CARTESIAN_POINT('',(109.68,-108.35,1.51));
#1471 = DIRECTION('',(-0.,0.,-1.));
#1472 = DIRECTION('',(-1.,0.,0.));
#1473 = ORIENTED_EDGE('',*,*,#1474,.T.);
#1474 = EDGE_CURVE('',#1466,#1475,#1477,.T.);
#1475 = VERTEX_POINT('',#1476);
#1476 = CARTESIAN_POINT('',(109.38,-107.75,1.51));
#1477 = LINE('',#1478,#1479);
#1478 = CARTESIAN_POINT('',(109.38,-53.875,1.51));
#1479 = VECTOR('',#1480,1.);
#1480 = DIRECTION('',(-0.,1.,0.));
#1481 = ORIENTED_EDGE('',*,*,#1482,.T.);
#1482 = EDGE_CURVE('',#1475,#1483,#1485,.T.);
#1483 = VERTEX_POINT('',#1484);
#1484 = CARTESIAN_POINT('',(109.98,-107.75,1.51));
#1485 = CIRCLE('',#1486,0.3);
#1486 = AXIS2_PLACEMENT_3D('',#1487,#1488,#1489);
#1487 = CARTESIAN_POINT('',(109.68,-107.75,1.51));
#1488 = DIRECTION('',(0.,-0.,-1.));
#1489 = DIRECTION('',(1.,0.,-0.));
#1490 = ORIENTED_EDGE('',*,*,#1491,.T.);
#1491 = EDGE_CURVE('',#1483,#1464,#1492,.T.);
#1492 = LINE('',#1493,#1494);
#1493 = CARTESIAN_POINT('',(109.98,-54.175,1.51));
#1494 = VECTOR('',#1495,1.);
#1495 = DIRECTION('',(0.,-1.,0.));
#1496 = FACE_BOUND('',#1497,.T.);
#1497 = EDGE_LOOP('',(#1498,#1509,#1517,#1526));
#1498 = ORIENTED_EDGE('',*,*,#1499,.T.);
#1499 = EDGE_CURVE('',#1500,#1502,#1504,.T.);
#1500 = VERTEX_POINT('',#1501);
#1501 = CARTESIAN_POINT('',(109.98,-104.42,1.51));
#1502 = VERTEX_POINT('',#1503);
#1503 = CARTESIAN_POINT('',(109.38,-104.42,1.51));
#1504 = CIRCLE('',#1505,0.3);
#1505 = AXIS2_PLACEMENT_3D('',#1506,#1507,#1508);
#1506 = CARTESIAN_POINT('',(109.68,-104.42,1.51));
#1507 = DIRECTION('',(-0.,0.,-1.));
#1508 = DIRECTION('',(-1.,-4.736951571734E-14,0.));
#1509 = ORIENTED_EDGE('',*,*,#1510,.T.);
#1510 = EDGE_CURVE('',#1502,#1511,#1513,.T.);
#1511 = VERTEX_POINT('',#1512);
#1512 = CARTESIAN_POINT('',(109.38,-103.32,1.51));
#1513 = LINE('',#1514,#1515);
#1514 = CARTESIAN_POINT('',(109.38,-51.66,1.51));
#1515 = VECTOR('',#1516,1.);
#1516 = DIRECTION('',(-0.,1.,0.));
#1517 = ORIENTED_EDGE('',*,*,#1518,.T.);
#1518 = EDGE_CURVE('',#1511,#1519,#1521,.T.);
#1519 = VERTEX_POINT('',#1520);
#1520 = CARTESIAN_POINT('',(109.98,-103.32,1.51));
#1521 = CIRCLE('',#1522,0.3);
#1522 = AXIS2_PLACEMENT_3D('',#1523,#1524,#1525);
#1523 = CARTESIAN_POINT('',(109.68,-103.32,1.51));
#1524 = DIRECTION('',(0.,-0.,-1.));
#1525 = DIRECTION('',(1.,0.,-0.));
#1526 = ORIENTED_EDGE('',*,*,#1527,.T.);
#1527 = EDGE_CURVE('',#1519,#1500,#1528,.T.);
#1528 = LINE('',#1529,#1530);
#1529 = CARTESIAN_POINT('',(109.98,-52.21,1.51));
#1530 = VECTOR('',#1531,1.);
#1531 = DIRECTION('',(0.,-1.,0.));
#1532 = FACE_BOUND('',#1533,.T.);
#1533 = EDGE_LOOP('',(#1534));
#1534 = ORIENTED_EDGE('',*,*,#1535,.T.);
#1535 = EDGE_CURVE('',#1536,#1536,#1538,.T.);
#1536 = VERTEX_POINT('',#1537);
#1537 = CARTESIAN_POINT('',(111.11,-104.725,1.51));
#1538 = CIRCLE('',#1539,0.325);
#1539 = AXIS2_PLACEMENT_3D('',#1540,#1541,#1542);
#1540 = CARTESIAN_POINT('',(111.11,-104.4,1.51));
#1541 = DIRECTION('',(-0.,0.,-1.));
#1542 = DIRECTION('',(-0.,-1.,0.));
#1543 = FACE_BOUND('',#1544,.T.);
#1544 = EDGE_LOOP('',(#1545,#1556,#1564,#1573));
#1545 = ORIENTED_EDGE('',*,*,#1546,.T.);
#1546 = EDGE_CURVE('',#1547,#1549,#1551,.T.);
#1547 = VERTEX_POINT('',#1548);
#1548 = CARTESIAN_POINT('',(118.62,-108.35,1.51));
#1549 = VERTEX_POINT('',#1550);
#1550 = CARTESIAN_POINT('',(118.02,-108.35,1.51));
#1551 = CIRCLE('',#1552,0.3);
#1552 = AXIS2_PLACEMENT_3D('',#1553,#1554,#1555);
#1553 = CARTESIAN_POINT('',(118.32,-108.35,1.51));
#1554 = DIRECTION('',(-0.,0.,-1.));
#1555 = DIRECTION('',(-1.,0.,0.));
#1556 = ORIENTED_EDGE('',*,*,#1557,.T.);
#1557 = EDGE_CURVE('',#1549,#1558,#1560,.T.);
#1558 = VERTEX_POINT('',#1559);
#1559 = CARTESIAN_POINT('',(118.02,-107.75,1.51));
#1560 = LINE('',#1561,#1562);
#1561 = CARTESIAN_POINT('',(118.02,-53.875,1.51));
#1562 = VECTOR('',#1563,1.);
#1563 = DIRECTION('',(-0.,1.,0.));
#1564 = ORIENTED_EDGE('',*,*,#1565,.T.);
#1565 = EDGE_CURVE('',#1558,#1566,#1568,.T.);
#1566 = VERTEX_POINT('',#1567);
#1567 = CARTESIAN_POINT('',(118.62,-107.75,1.51));
#1568 = CIRCLE('',#1569,0.3);
#1569 = AXIS2_PLACEMENT_3D('',#1570,#1571,#1572);
#1570 = CARTESIAN_POINT('',(118.32,-107.75,1.51));
#1571 = DIRECTION('',(0.,-0.,-1.));
#1572 = DIRECTION('',(1.,0.,-0.));
#1573 = ORIENTED_EDGE('',*,*,#1574,.T.);
#1574 = EDGE_CURVE('',#1566,#1547,#1575,.T.);
#1575 = LINE('',#1576,#1577);
#1576 = CARTESIAN_POINT('',(118.62,-54.175,1.51));
#1577 = VECTOR('',#1578,1.);
#1578 = DIRECTION('',(0.,-1.,0.));
#1579 = FACE_BOUND('',#1580,.T.);
#1580 = EDGE_LOOP('',(#1581));
#1581 = ORIENTED_EDGE('',*,*,#1582,.T.);
#1582 = EDGE_CURVE('',#1583,#1583,#1585,.T.);
#1583 = VERTEX_POINT('',#1584);
#1584 = CARTESIAN_POINT('',(116.89,-104.725,1.51));
#1585 = CIRCLE('',#1586,0.325);
#1586 = AXIS2_PLACEMENT_3D('',#1587,#1588,#1589);
#1587 = CARTESIAN_POINT('',(116.89,-104.4,1.51));
#1588 = DIRECTION('',(-0.,0.,-1.));
#1589 = DIRECTION('',(-0.,-1.,0.));
#1590 = FACE_BOUND('',#1591,.T.);
#1591 = EDGE_LOOP('',(#1592,#1603,#1611,#1620));
#1592 = ORIENTED_EDGE('',*,*,#1593,.T.);
#1593 = EDGE_CURVE('',#1594,#1596,#1598,.T.);
#1594 = VERTEX_POINT('',#1595);
#1595 = CARTESIAN_POINT('',(118.62,-104.42,1.51));
#1596 = VERTEX_POINT('',#1597);
#1597 = CARTESIAN_POINT('',(118.02,-104.42,1.51));
#1598 = CIRCLE('',#1599,0.3);
#1599 = AXIS2_PLACEMENT_3D('',#1600,#1601,#1602);
#1600 = CARTESIAN_POINT('',(118.32,-104.42,1.51));
#1601 = DIRECTION('',(-0.,0.,-1.));
#1602 = DIRECTION('',(-1.,-4.736951571734E-14,0.));
#1603 = ORIENTED_EDGE('',*,*,#1604,.T.);
#1604 = EDGE_CURVE('',#1596,#1605,#1607,.T.);
#1605 = VERTEX_POINT('',#1606);
#1606 = CARTESIAN_POINT('',(118.02,-103.32,1.51));
#1607 = LINE('',#1608,#1609);
#1608 = CARTESIAN_POINT('',(118.02,-51.66,1.51));
#1609 = VECTOR('',#1610,1.);
#1610 = DIRECTION('',(-0.,1.,0.));
#1611 = ORIENTED_EDGE('',*,*,#1612,.T.);
#1612 = EDGE_CURVE('',#1605,#1613,#1615,.T.);
#1613 = VERTEX_POINT('',#1614);
#1614 = CARTESIAN_POINT('',(118.62,-103.32,1.51));
#1615 = CIRCLE('',#1616,0.3);
#1616 = AXIS2_PLACEMENT_3D('',#1617,#1618,#1619);
#1617 = CARTESIAN_POINT('',(118.32,-103.32,1.51));
#1618 = DIRECTION('',(0.,-0.,-1.));
#1619 = DIRECTION('',(1.,0.,-0.));
#1620 = ORIENTED_EDGE('',*,*,#1621,.T.);
#1621 = EDGE_CURVE('',#1613,#1594,#1622,.T.);
#1622 = LINE('',#1623,#1624);
#1623 = CARTESIAN_POINT('',(118.62,-52.21,1.51));
#1624 = VECTOR('',#1625,1.);
#1625 = DIRECTION('',(0.,-1.,0.));
#1626 = FACE_BOUND('',#1627,.T.);
#1627 = EDGE_LOOP('',(#1628));
#1628 = ORIENTED_EDGE('',*,*,#1629,.T.);
#1629 = EDGE_CURVE('',#1630,#1630,#1632,.T.);
#1630 = VERTEX_POINT('',#1631);
#1631 = CARTESIAN_POINT('',(126.,-107.6,1.51));
#1632 = CIRCLE('',#1633,1.6);
#1633 = AXIS2_PLACEMENT_3D('',#1634,#1635,#1636);
#1634 = CARTESIAN_POINT('',(126.,-106.,1.51));
#1635 = DIRECTION('',(-0.,0.,-1.));
#1636 = DIRECTION('',(-0.,-1.,0.));
#1637 = FACE_BOUND('',#1638,.T.);
#1638 = EDGE_LOOP('',(#1639));
#1639 = ORIENTED_EDGE('',*,*,#1640,.T.);
#1640 = EDGE_CURVE('',#1641,#1641,#1643,.T.);
#1641 = VERTEX_POINT('',#1642);
#1642 = CARTESIAN_POINT('',(99.425,-70.05,1.51));
#1643 = CIRCLE('',#1644,9.999999999999E-02);
#1644 = AXIS2_PLACEMENT_3D('',#1645,#1646,#1647);
#1645 = CARTESIAN_POINT('',(99.425,-69.95,1.51));
#1646 = DIRECTION('',(-0.,0.,-1.));
#1647 = DIRECTION('',(-1.42108547152E-13,-1.,0.));
#1648 = FACE_BOUND('',#1649,.T.);
#1649 = EDGE_LOOP('',(#1650));
#1650 = ORIENTED_EDGE('',*,*,#1651,.T.);
#1651 = EDGE_CURVE('',#1652,#1652,#1654,.T.);
#1652 = VERTEX_POINT('',#1653);
#1653 = CARTESIAN_POINT('',(100.575,-70.05,1.51));
#1654 = CIRCLE('',#1655,0.1);
#1655 = AXIS2_PLACEMENT_3D('',#1656,#1657,#1658);
#1656 = CARTESIAN_POINT('',(100.575,-69.95,1.51));
#1657 = DIRECTION('',(-0.,0.,-1.));
#1658 = DIRECTION('',(1.42108547152E-13,-1.,-0.));
#1659 = FACE_BOUND('',#1660,.T.);
#1660 = EDGE_LOOP('',(#1661));
#1661 = ORIENTED_EDGE('',*,*,#1662,.T.);
#1662 = EDGE_CURVE('',#1663,#1663,#1665,.T.);
#1663 = VERTEX_POINT('',#1664);
#1664 = CARTESIAN_POINT('',(99.425,-69.1,1.51));
#1665 = CIRCLE('',#1666,9.999999999999E-02);
#1666 = AXIS2_PLACEMENT_3D('',#1667,#1668,#1669);
#1667 = CARTESIAN_POINT('',(99.425,-69.,1.51));
#1668 = DIRECTION('',(-0.,0.,-1.));
#1669 = DIRECTION('',(-1.42108547152E-13,-1.,0.));
#1670 = FACE_BOUND('',#1671,.T.);
#1671 = EDGE_LOOP('',(#1672));
#1672 = ORIENTED_EDGE('',*,*,#1673,.T.);
#1673 = EDGE_CURVE('',#1674,#1674,#1676,.T.);
#1674 = VERTEX_POINT('',#1675);
#1675 = CARTESIAN_POINT('',(100.575,-69.1,1.51));
#1676 = CIRCLE('',#1677,0.1);
#1677 = AXIS2_PLACEMENT_3D('',#1678,#1679,#1680);
#1678 = CARTESIAN_POINT('',(100.575,-69.,1.51));
#1679 = DIRECTION('',(-0.,0.,-1.));
#1680 = DIRECTION('',(1.42108547152E-13,-1.,-0.));
#1681 = FACE_BOUND('',#1682,.T.);
#1682 = EDGE_LOOP('',(#1683));
#1683 = ORIENTED_EDGE('',*,*,#1684,.T.);
#1684 = EDGE_CURVE('',#1685,#1685,#1687,.T.);
#1685 = VERTEX_POINT('',#1686);
#1686 = CARTESIAN_POINT('',(99.425,-68.15,1.51));
#1687 = CIRCLE('',#1688,1.E-01);
#1688 = AXIS2_PLACEMENT_3D('',#1689,#1690,#1691);
#1689 = CARTESIAN_POINT('',(99.425,-68.05,1.51));
#1690 = DIRECTION('',(-0.,0.,-1.));
#1691 = DIRECTION('',(-1.42108547152E-13,-1.,0.));
#1692 = FACE_BOUND('',#1693,.T.);
#1693 = EDGE_LOOP('',(#1694));
#1694 = ORIENTED_EDGE('',*,*,#1695,.T.);
#1695 = EDGE_CURVE('',#1696,#1696,#1698,.T.);
#1696 = VERTEX_POINT('',#1697);
#1697 = CARTESIAN_POINT('',(100.575,-68.15,1.51));
#1698 = CIRCLE('',#1699,0.1);
#1699 = AXIS2_PLACEMENT_3D('',#1700,#1701,#1702);
#1700 = CARTESIAN_POINT('',(100.575,-68.05,1.51));
#1701 = DIRECTION('',(-0.,0.,-1.));
#1702 = DIRECTION('',(1.42108547152E-13,-1.,-0.));
#1703 = FACE_BOUND('',#1704,.T.);
#1704 = EDGE_LOOP('',(#1705));
#1705 = ORIENTED_EDGE('',*,*,#1706,.T.);
#1706 = EDGE_CURVE('',#1707,#1707,#1709,.T.);
#1707 = VERTEX_POINT('',#1708);
#1708 = CARTESIAN_POINT('',(120.8,-79.119,1.51));
#1709 = CIRCLE('',#1710,1.5);
#1710 = AXIS2_PLACEMENT_3D('',#1711,#1712,#1713);
#1711 = CARTESIAN_POINT('',(120.8,-77.619,1.51));
#1712 = DIRECTION('',(-0.,0.,-1.));
#1713 = DIRECTION('',(-0.,-1.,0.));
#1714 = FACE_BOUND('',#1715,.T.);
#1715 = EDGE_LOOP('',(#1716));
#1716 = ORIENTED_EDGE('',*,*,#1717,.T.);
#1717 = EDGE_CURVE('',#1718,#1718,#1720,.T.);
#1718 = VERTEX_POINT('',#1719);
#1719 = CARTESIAN_POINT('',(118.2,-75.,1.51));
#1720 = CIRCLE('',#1721,0.5);
#1721 = AXIS2_PLACEMENT_3D('',#1722,#1723,#1724);
#1722 = CARTESIAN_POINT('',(118.2,-74.5,1.51));
#1723 = DIRECTION('',(-0.,0.,-1.));
#1724 = DIRECTION('',(-0.,-1.,0.));
#1725 = FACE_BOUND('',#1726,.T.);
#1726 = EDGE_LOOP('',(#1727));
#1727 = ORIENTED_EDGE('',*,*,#1728,.T.);
#1728 = EDGE_CURVE('',#1729,#1729,#1731,.T.);
#1729 = VERTEX_POINT('',#1730);
#1730 = CARTESIAN_POINT('',(118.2,-72.5,1.51));
#1731 = CIRCLE('',#1732,0.5);
#1732 = AXIS2_PLACEMENT_3D('',#1733,#1734,#1735);
#1733 = CARTESIAN_POINT('',(118.2,-72.,1.51));
#1734 = DIRECTION('',(-0.,0.,-1.));
#1735 = DIRECTION('',(-0.,-1.,0.));
#1736 = FACE_BOUND('',#1737,.T.);
#1737 = EDGE_LOOP('',(#1738));
#1738 = ORIENTED_EDGE('',*,*,#1739,.T.);
#1739 = EDGE_CURVE('',#1740,#1740,#1742,.T.);
#1740 = VERTEX_POINT('',#1741);
#1741 = CARTESIAN_POINT('',(118.2,-70.5,1.51));
#1742 = CIRCLE('',#1743,0.5);
#1743 = AXIS2_PLACEMENT_3D('',#1744,#1745,#1746);
#1744 = CARTESIAN_POINT('',(118.2,-70.,1.51));
#1745 = DIRECTION('',(-0.,0.,-1.));
#1746 = DIRECTION('',(-0.,-1.,0.));
#1747 = FACE_BOUND('',#1748,.T.);
#1748 = EDGE_LOOP('',(#1749));
#1749 = ORIENTED_EDGE('',*,*,#1750,.T.);
#1750 = EDGE_CURVE('',#1751,#1751,#1753,.T.);
#1751 = VERTEX_POINT('',#1752);
#1752 = CARTESIAN_POINT('',(118.2,-68.,1.51));
#1753 = CIRCLE('',#1754,0.5);
#1754 = AXIS2_PLACEMENT_3D('',#1755,#1756,#1757);
#1755 = CARTESIAN_POINT('',(118.2,-67.5,1.51));
#1756 = DIRECTION('',(-0.,0.,-1.));
#1757 = DIRECTION('',(-0.,-1.,0.));
#1758 = FACE_BOUND('',#1759,.T.);
#1759 = EDGE_LOOP('',(#1760,#1771,#1779,#1788));
#1760 = ORIENTED_EDGE('',*,*,#1761,.T.);
#1761 = EDGE_CURVE('',#1762,#1764,#1766,.T.);
#1762 = VERTEX_POINT('',#1763);
#1763 = CARTESIAN_POINT('',(22.55,-58.85,1.51));
#1764 = VERTEX_POINT('',#1765);
#1765 = CARTESIAN_POINT('',(22.55,-59.45,1.51));
#1766 = CIRCLE('',#1767,0.3);
#1767 = AXIS2_PLACEMENT_3D('',#1768,#1769,#1770);
#1768 = CARTESIAN_POINT('',(22.55,-59.15,1.51));
#1769 = DIRECTION('',(-0.,0.,-1.));
#1770 = DIRECTION('',(-1.184237892933E-14,-1.,0.));
#1771 = ORIENTED_EDGE('',*,*,#1772,.T.);
#1772 = EDGE_CURVE('',#1764,#1773,#1775,.T.);
#1773 = VERTEX_POINT('',#1774);
#1774 = CARTESIAN_POINT('',(21.45,-59.45,1.51));
#1775 = LINE('',#1776,#1777);
#1776 = CARTESIAN_POINT('',(10.725,-59.45,1.51));
#1777 = VECTOR('',#1778,1.);
#1778 = DIRECTION('',(-1.,0.,0.));
#1779 = ORIENTED_EDGE('',*,*,#1780,.T.);
#1780 = EDGE_CURVE('',#1773,#1781,#1783,.T.);
#1781 = VERTEX_POINT('',#1782);
#1782 = CARTESIAN_POINT('',(21.45,-58.85,1.51));
#1783 = CIRCLE('',#1784,0.3);
#1784 = AXIS2_PLACEMENT_3D('',#1785,#1786,#1787);
#1785 = CARTESIAN_POINT('',(21.45,-59.15,1.51));
#1786 = DIRECTION('',(0.,-0.,-1.));
#1787 = DIRECTION('',(1.184237892934E-14,1.,-0.));
#1788 = ORIENTED_EDGE('',*,*,#1789,.T.);
#1789 = EDGE_CURVE('',#1781,#1762,#1790,.T.);
#1790 = LINE('',#1791,#1792);
#1791 = CARTESIAN_POINT('',(11.275,-58.85,1.51));
#1792 = VECTOR('',#1793,1.);
#1793 = DIRECTION('',(1.,0.,-0.));
#1794 = FACE_BOUND('',#1795,.T.);
#1795 = EDGE_LOOP('',(#1796));
#1796 = ORIENTED_EDGE('',*,*,#1797,.T.);
#1797 = EDGE_CURVE('',#1798,#1798,#1800,.T.);
#1798 = VERTEX_POINT('',#1799);
#1799 = CARTESIAN_POINT('',(28.,-57.35,1.51));
#1800 = CIRCLE('',#1801,1.35);
#1801 = AXIS2_PLACEMENT_3D('',#1802,#1803,#1804);
#1802 = CARTESIAN_POINT('',(28.,-56.,1.51));
#1803 = DIRECTION('',(-0.,0.,-1.));
#1804 = DIRECTION('',(-0.,-1.,0.));
#1805 = FACE_BOUND('',#1806,.T.);
#1806 = EDGE_LOOP('',(#1807,#1818,#1826,#1835));
#1807 = ORIENTED_EDGE('',*,*,#1808,.T.);
#1808 = EDGE_CURVE('',#1809,#1811,#1813,.T.);
#1809 = VERTEX_POINT('',#1810);
#1810 = CARTESIAN_POINT('',(22.55,-45.35,1.51));
#1811 = VERTEX_POINT('',#1812);
#1812 = CARTESIAN_POINT('',(22.55,-45.95,1.51));
#1813 = CIRCLE('',#1814,0.3);
#1814 = AXIS2_PLACEMENT_3D('',#1815,#1816,#1817);
#1815 = CARTESIAN_POINT('',(22.55,-45.65,1.51));
#1816 = DIRECTION('',(-0.,0.,-1.));
#1817 = DIRECTION('',(-1.184237892933E-14,-1.,0.));
#1818 = ORIENTED_EDGE('',*,*,#1819,.T.);
#1819 = EDGE_CURVE('',#1811,#1820,#1822,.T.);
#1820 = VERTEX_POINT('',#1821);
#1821 = CARTESIAN_POINT('',(21.45,-45.95,1.51));
#1822 = LINE('',#1823,#1824);
#1823 = CARTESIAN_POINT('',(10.725,-45.95,1.51));
#1824 = VECTOR('',#1825,1.);
#1825 = DIRECTION('',(-1.,0.,0.));
#1826 = ORIENTED_EDGE('',*,*,#1827,.T.);
#1827 = EDGE_CURVE('',#1820,#1828,#1830,.T.);
#1828 = VERTEX_POINT('',#1829);
#1829 = CARTESIAN_POINT('',(21.45,-45.35,1.51));
#1830 = CIRCLE('',#1831,0.3);
#1831 = AXIS2_PLACEMENT_3D('',#1832,#1833,#1834);
#1832 = CARTESIAN_POINT('',(21.45,-45.65,1.51));
#1833 = DIRECTION('',(0.,-0.,-1.));
#1834 = DIRECTION('',(1.184237892934E-14,1.,-0.));
#1835 = ORIENTED_EDGE('',*,*,#1836,.T.);
#1836 = EDGE_CURVE('',#1828,#1809,#1837,.T.);
#1837 = LINE('',#1838,#1839);
#1838 = CARTESIAN_POINT('',(11.275,-45.35,1.51));
#1839 = VECTOR('',#1840,1.);
#1840 = DIRECTION('',(1.,0.,-0.));
#1841 = FACE_BOUND('',#1842,.T.);
#1842 = EDGE_LOOP('',(#1843));
#1843 = ORIENTED_EDGE('',*,*,#1844,.T.);
#1844 = EDGE_CURVE('',#1845,#1845,#1847,.T.);
#1845 = VERTEX_POINT('',#1846);
#1846 = CARTESIAN_POINT('',(28.,-50.15,1.51));
#1847 = CIRCLE('',#1848,1.35);
#1848 = AXIS2_PLACEMENT_3D('',#1849,#1850,#1851);
#1849 = CARTESIAN_POINT('',(28.,-48.8,1.51));
#1850 = DIRECTION('',(-0.,0.,-1.));
#1851 = DIRECTION('',(-0.,-1.,0.));
#1852 = FACE_BOUND('',#1853,.T.);
#1853 = EDGE_LOOP('',(#1854));
#1854 = ORIENTED_EDGE('',*,*,#1855,.T.);
#1855 = EDGE_CURVE('',#1856,#1856,#1858,.T.);
#1856 = VERTEX_POINT('',#1857);
#1857 = CARTESIAN_POINT('',(65.525,-65.3375,1.51));
#1858 = CIRCLE('',#1859,1.E-01);
#1859 = AXIS2_PLACEMENT_3D('',#1860,#1861,#1862);
#1860 = CARTESIAN_POINT('',(65.525,-65.2375,1.51));
#1861 = DIRECTION('',(-0.,0.,-1.));
#1862 = DIRECTION('',(-0.,-1.,0.));
#1863 = FACE_BOUND('',#1864,.T.);
#1864 = EDGE_LOOP('',(#1865));
#1865 = ORIENTED_EDGE('',*,*,#1866,.T.);
#1866 = EDGE_CURVE('',#1867,#1867,#1869,.T.);
#1867 = VERTEX_POINT('',#1868);
#1868 = CARTESIAN_POINT('',(66.7625,-65.3375,1.51));
#1869 = CIRCLE('',#1870,0.1);
#1870 = AXIS2_PLACEMENT_3D('',#1871,#1872,#1873);
#1871 = CARTESIAN_POINT('',(66.7625,-65.2375,1.51));
#1872 = DIRECTION('',(-0.,0.,-1.));
#1873 = DIRECTION('',(1.42108547152E-13,-1.,-0.));
#1874 = FACE_BOUND('',#1875,.T.);
#1875 = EDGE_LOOP('',(#1876));
#1876 = ORIENTED_EDGE('',*,*,#1877,.T.);
#1877 = EDGE_CURVE('',#1878,#1878,#1880,.T.);
#1878 = VERTEX_POINT('',#1879);
#1879 = CARTESIAN_POINT('',(65.525,-64.1,1.51));
#1880 = CIRCLE('',#1881,1.E-01);
#1881 = AXIS2_PLACEMENT_3D('',#1882,#1883,#1884);
#1882 = CARTESIAN_POINT('',(65.525,-64.,1.51));
#1883 = DIRECTION('',(-0.,0.,-1.));
#1884 = DIRECTION('',(-0.,-1.,0.));
#1885 = FACE_BOUND('',#1886,.T.);
#1886 = EDGE_LOOP('',(#1887));
#1887 = ORIENTED_EDGE('',*,*,#1888,.T.);
#1888 = EDGE_CURVE('',#1889,#1889,#1891,.T.);
#1889 = VERTEX_POINT('',#1890);
#1890 = CARTESIAN_POINT('',(66.7625,-64.1,1.51));
#1891 = CIRCLE('',#1892,0.1);
#1892 = AXIS2_PLACEMENT_3D('',#1893,#1894,#1895);
#1893 = CARTESIAN_POINT('',(66.7625,-64.,1.51));
#1894 = DIRECTION('',(-0.,0.,-1.));
#1895 = DIRECTION('',(1.42108547152E-13,-1.,-0.));
#1896 = FACE_BOUND('',#1897,.T.);
#1897 = EDGE_LOOP('',(#1898));
#1898 = ORIENTED_EDGE('',*,*,#1899,.T.);
#1899 = EDGE_CURVE('',#1900,#1900,#1902,.T.);
#1900 = VERTEX_POINT('',#1901);
#1901 = CARTESIAN_POINT('',(65.525,-62.8625,1.51));
#1902 = CIRCLE('',#1903,1.E-01);
#1903 = AXIS2_PLACEMENT_3D('',#1904,#1905,#1906);
#1904 = CARTESIAN_POINT('',(65.525,-62.7625,1.51));
#1905 = DIRECTION('',(-0.,0.,-1.));
#1906 = DIRECTION('',(-0.,-1.,0.));
#1907 = FACE_BOUND('',#1908,.T.);
#1908 = EDGE_LOOP('',(#1909));
#1909 = ORIENTED_EDGE('',*,*,#1910,.T.);
#1910 = EDGE_CURVE('',#1911,#1911,#1913,.T.);
#1911 = VERTEX_POINT('',#1912);
#1912 = CARTESIAN_POINT('',(65.525,-61.625,1.51));
#1913 = CIRCLE('',#1914,1.E-01);
#1914 = AXIS2_PLACEMENT_3D('',#1915,#1916,#1917);
#1915 = CARTESIAN_POINT('',(65.525,-61.525,1.51));
#1916 = DIRECTION('',(-0.,0.,-1.));
#1917 = DIRECTION('',(-0.,-1.,0.));
#1918 = FACE_BOUND('',#1919,.T.);
#1919 = EDGE_LOOP('',(#1920));
#1920 = ORIENTED_EDGE('',*,*,#1921,.T.);
#1921 = EDGE_CURVE('',#1922,#1922,#1924,.T.);
#1922 = VERTEX_POINT('',#1923);
#1923 = CARTESIAN_POINT('',(66.7625,-62.8625,1.51));
#1924 = CIRCLE('',#1925,0.1);
#1925 = AXIS2_PLACEMENT_3D('',#1926,#1927,#1928);
#1926 = CARTESIAN_POINT('',(66.7625,-62.7625,1.51));
#1927 = DIRECTION('',(-0.,0.,-1.));
#1928 = DIRECTION('',(1.42108547152E-13,-1.,-0.));
#1929 = FACE_BOUND('',#1930,.T.);
#1930 = EDGE_LOOP('',(#1931));
#1931 = ORIENTED_EDGE('',*,*,#1932,.T.);
#1932 = EDGE_CURVE('',#1933,#1933,#1935,.T.);
#1933 = VERTEX_POINT('',#1934);
#1934 = CARTESIAN_POINT('',(66.7625,-61.625,1.51));
#1935 = CIRCLE('',#1936,0.1);
#1936 = AXIS2_PLACEMENT_3D('',#1937,#1938,#1939);
#1937 = CARTESIAN_POINT('',(66.7625,-61.525,1.51));
#1938 = DIRECTION('',(-0.,0.,-1.));
#1939 = DIRECTION('',(1.42108547152E-13,-1.,-0.));
#1940 = FACE_BOUND('',#1941,.T.);
#1941 = EDGE_LOOP('',(#1942));
#1942 = ORIENTED_EDGE('',*,*,#1943,.T.);
#1943 = EDGE_CURVE('',#1944,#1944,#1946,.T.);
#1944 = VERTEX_POINT('',#1945);
#1945 = CARTESIAN_POINT('',(68.,-65.3375,1.51));
#1946 = CIRCLE('',#1947,9.999999999999E-02);
#1947 = AXIS2_PLACEMENT_3D('',#1948,#1949,#1950);
#1948 = CARTESIAN_POINT('',(68.,-65.2375,1.51));
#1949 = DIRECTION('',(-0.,0.,-1.));
#1950 = DIRECTION('',(-0.,-1.,0.));
#1951 = FACE_BOUND('',#1952,.T.);
#1952 = EDGE_LOOP('',(#1953));
#1953 = ORIENTED_EDGE('',*,*,#1954,.T.);
#1954 = EDGE_CURVE('',#1955,#1955,#1957,.T.);
#1955 = VERTEX_POINT('',#1956);
#1956 = CARTESIAN_POINT('',(69.2375,-65.3375,1.51));
#1957 = CIRCLE('',#1958,1.E-01);
#1958 = AXIS2_PLACEMENT_3D('',#1959,#1960,#1961);
#1959 = CARTESIAN_POINT('',(69.2375,-65.2375,1.51));
#1960 = DIRECTION('',(-0.,0.,-1.));
#1961 = DIRECTION('',(-1.42108547152E-13,-1.,0.));
#1962 = FACE_BOUND('',#1963,.T.);
#1963 = EDGE_LOOP('',(#1964));
#1964 = ORIENTED_EDGE('',*,*,#1965,.T.);
#1965 = EDGE_CURVE('',#1966,#1966,#1968,.T.);
#1966 = VERTEX_POINT('',#1967);
#1967 = CARTESIAN_POINT('',(70.475,-65.3375,1.51));
#1968 = CIRCLE('',#1969,0.1);
#1969 = AXIS2_PLACEMENT_3D('',#1970,#1971,#1972);
#1970 = CARTESIAN_POINT('',(70.475,-65.2375,1.51));
#1971 = DIRECTION('',(-0.,0.,-1.));
#1972 = DIRECTION('',(-0.,-1.,0.));
#1973 = FACE_BOUND('',#1974,.T.);
#1974 = EDGE_LOOP('',(#1975));
#1975 = ORIENTED_EDGE('',*,*,#1976,.T.);
#1976 = EDGE_CURVE('',#1977,#1977,#1979,.T.);
#1977 = VERTEX_POINT('',#1978);
#1978 = CARTESIAN_POINT('',(68.,-64.1,1.51));
#1979 = CIRCLE('',#1980,9.999999999999E-02);
#1980 = AXIS2_PLACEMENT_3D('',#1981,#1982,#1983);
#1981 = CARTESIAN_POINT('',(68.,-64.,1.51));
#1982 = DIRECTION('',(-0.,0.,-1.));
#1983 = DIRECTION('',(-0.,-1.,0.));
#1984 = FACE_BOUND('',#1985,.T.);
#1985 = EDGE_LOOP('',(#1986));
#1986 = ORIENTED_EDGE('',*,*,#1987,.T.);
#1987 = EDGE_CURVE('',#1988,#1988,#1990,.T.);
#1988 = VERTEX_POINT('',#1989);
#1989 = CARTESIAN_POINT('',(69.2375,-64.1,1.51));
#1990 = CIRCLE('',#1991,9.999999999999E-02);
#1991 = AXIS2_PLACEMENT_3D('',#1992,#1993,#1994);
#1992 = CARTESIAN_POINT('',(69.2375,-64.,1.51));
#1993 = DIRECTION('',(-0.,0.,-1.));
#1994 = DIRECTION('',(-1.42108547152E-13,-1.,0.));
#1995 = FACE_BOUND('',#1996,.T.);
#1996 = EDGE_LOOP('',(#1997));
#1997 = ORIENTED_EDGE('',*,*,#1998,.T.);
#1998 = EDGE_CURVE('',#1999,#1999,#2001,.T.);
#1999 = VERTEX_POINT('',#2000);
#2000 = CARTESIAN_POINT('',(70.475,-64.1,1.51));
#2001 = CIRCLE('',#2002,0.1);
#2002 = AXIS2_PLACEMENT_3D('',#2003,#2004,#2005);
#2003 = CARTESIAN_POINT('',(70.475,-64.,1.51));
#2004 = DIRECTION('',(-0.,0.,-1.));
#2005 = DIRECTION('',(-0.,-1.,0.));
#2006 = FACE_BOUND('',#2007,.T.);
#2007 = EDGE_LOOP('',(#2008));
#2008 = ORIENTED_EDGE('',*,*,#2009,.T.);
#2009 = EDGE_CURVE('',#2010,#2010,#2012,.T.);
#2010 = VERTEX_POINT('',#2011);
#2011 = CARTESIAN_POINT('',(68.,-62.8625,1.51));
#2012 = CIRCLE('',#2013,9.999999999999E-02);
#2013 = AXIS2_PLACEMENT_3D('',#2014,#2015,#2016);
#2014 = CARTESIAN_POINT('',(68.,-62.7625,1.51));
#2015 = DIRECTION('',(-0.,0.,-1.));
#2016 = DIRECTION('',(-0.,-1.,0.));
#2017 = FACE_BOUND('',#2018,.T.);
#2018 = EDGE_LOOP('',(#2019));
#2019 = ORIENTED_EDGE('',*,*,#2020,.T.);
#2020 = EDGE_CURVE('',#2021,#2021,#2023,.T.);
#2021 = VERTEX_POINT('',#2022);
#2022 = CARTESIAN_POINT('',(69.2375,-62.8625,1.51));
#2023 = CIRCLE('',#2024,1.E-01);
#2024 = AXIS2_PLACEMENT_3D('',#2025,#2026,#2027);
#2025 = CARTESIAN_POINT('',(69.2375,-62.7625,1.51));
#2026 = DIRECTION('',(-0.,0.,-1.));
#2027 = DIRECTION('',(-1.42108547152E-13,-1.,0.));
#2028 = FACE_BOUND('',#2029,.T.);
#2029 = EDGE_LOOP('',(#2030));
#2030 = ORIENTED_EDGE('',*,*,#2031,.T.);
#2031 = EDGE_CURVE('',#2032,#2032,#2034,.T.);
#2032 = VERTEX_POINT('',#2033);
#2033 = CARTESIAN_POINT('',(68.,-61.625,1.51));
#2034 = CIRCLE('',#2035,9.999999999999E-02);
#2035 = AXIS2_PLACEMENT_3D('',#2036,#2037,#2038);
#2036 = CARTESIAN_POINT('',(68.,-61.525,1.51));
#2037 = DIRECTION('',(-0.,0.,-1.));
#2038 = DIRECTION('',(-0.,-1.,0.));
#2039 = FACE_BOUND('',#2040,.T.);
#2040 = EDGE_LOOP('',(#2041));
#2041 = ORIENTED_EDGE('',*,*,#2042,.T.);
#2042 = EDGE_CURVE('',#2043,#2043,#2045,.T.);
#2043 = VERTEX_POINT('',#2044);
#2044 = CARTESIAN_POINT('',(69.2375,-61.625,1.51));
#2045 = CIRCLE('',#2046,1.E-01);
#2046 = AXIS2_PLACEMENT_3D('',#2047,#2048,#2049);
#2047 = CARTESIAN_POINT('',(69.2375,-61.525,1.51));
#2048 = DIRECTION('',(-0.,0.,-1.));
#2049 = DIRECTION('',(-1.42108547152E-13,-1.,0.));
#2050 = FACE_BOUND('',#2051,.T.);
#2051 = EDGE_LOOP('',(#2052));
#2052 = ORIENTED_EDGE('',*,*,#2053,.T.);
#2053 = EDGE_CURVE('',#2054,#2054,#2056,.T.);
#2054 = VERTEX_POINT('',#2055);
#2055 = CARTESIAN_POINT('',(70.475,-62.8625,1.51));
#2056 = CIRCLE('',#2057,0.1);
#2057 = AXIS2_PLACEMENT_3D('',#2058,#2059,#2060);
#2058 = CARTESIAN_POINT('',(70.475,-62.7625,1.51));
#2059 = DIRECTION('',(-0.,0.,-1.));
#2060 = DIRECTION('',(-0.,-1.,0.));
#2061 = FACE_BOUND('',#2062,.T.);
#2062 = EDGE_LOOP('',(#2063));
#2063 = ORIENTED_EDGE('',*,*,#2064,.T.);
#2064 = EDGE_CURVE('',#2065,#2065,#2067,.T.);
#2065 = VERTEX_POINT('',#2066);
#2066 = CARTESIAN_POINT('',(70.475,-61.625,1.51));
#2067 = CIRCLE('',#2068,0.1);
#2068 = AXIS2_PLACEMENT_3D('',#2069,#2070,#2071);
#2069 = CARTESIAN_POINT('',(70.475,-61.525,1.51));
#2070 = DIRECTION('',(-0.,0.,-1.));
#2071 = DIRECTION('',(-0.,-1.,0.));
#2072 = FACE_BOUND('',#2073,.T.);
#2073 = EDGE_LOOP('',(#2074));
#2074 = ORIENTED_EDGE('',*,*,#2075,.T.);
#2075 = EDGE_CURVE('',#2076,#2076,#2078,.T.);
#2076 = VERTEX_POINT('',#2077);
#2077 = CARTESIAN_POINT('',(24.,-25.6,1.51));
#2078 = CIRCLE('',#2079,1.6);
#2079 = AXIS2_PLACEMENT_3D('',#2080,#2081,#2082);
#2080 = CARTESIAN_POINT('',(24.,-24.,1.51));
#2081 = DIRECTION('',(-0.,0.,-1.));
#2082 = DIRECTION('',(-0.,-1.,0.));
#2083 = FACE_BOUND('',#2084,.T.);
#2084 = EDGE_LOOP('',(#2085));
#2085 = ORIENTED_EDGE('',*,*,#2086,.T.);
#2086 = EDGE_CURVE('',#2087,#2087,#2089,.T.);
#2087 = VERTEX_POINT('',#2088);
#2088 = CARTESIAN_POINT('',(54.7,-40.75,1.51));
#2089 = CIRCLE('',#2090,0.15);
#2090 = AXIS2_PLACEMENT_3D('',#2091,#2092,#2093);
#2091 = CARTESIAN_POINT('',(54.7,-40.6,1.51));
#2092 = DIRECTION('',(-0.,0.,-1.));
#2093 = DIRECTION('',(-0.,-1.,0.));
#2094 = FACE_BOUND('',#2095,.T.);
#2095 = EDGE_LOOP('',(#2096));
#2096 = ORIENTED_EDGE('',*,*,#2097,.T.);
#2097 = EDGE_CURVE('',#2098,#2098,#2100,.T.);
#2098 = VERTEX_POINT('',#2099);
#2099 = CARTESIAN_POINT('',(56.,-40.75,1.51));
#2100 = CIRCLE('',#2101,0.15);
#2101 = AXIS2_PLACEMENT_3D('',#2102,#2103,#2104);
#2102 = CARTESIAN_POINT('',(56.,-40.6,1.51));
#2103 = DIRECTION('',(-0.,0.,-1.));
#2104 = DIRECTION('',(-0.,-1.,0.));
#2105 = FACE_BOUND('',#2106,.T.);
#2106 = EDGE_LOOP('',(#2107));
#2107 = ORIENTED_EDGE('',*,*,#2108,.T.);
#2108 = EDGE_CURVE('',#2109,#2109,#2111,.T.);
#2109 = VERTEX_POINT('',#2110);
#2110 = CARTESIAN_POINT('',(57.3,-40.75,1.51));
#2111 = CIRCLE('',#2112,0.15);
#2112 = AXIS2_PLACEMENT_3D('',#2113,#2114,#2115);
#2113 = CARTESIAN_POINT('',(57.3,-40.6,1.51));
#2114 = DIRECTION('',(-0.,0.,-1.));
#2115 = DIRECTION('',(-0.,-1.,0.));
#2116 = FACE_BOUND('',#2117,.T.);
#2117 = EDGE_LOOP('',(#2118));
#2118 = ORIENTED_EDGE('',*,*,#2119,.T.);
#2119 = EDGE_CURVE('',#2120,#2120,#2122,.T.);
#2120 = VERTEX_POINT('',#2121);
#2121 = CARTESIAN_POINT('',(54.7,-39.45,1.51));
#2122 = CIRCLE('',#2123,0.15);
#2123 = AXIS2_PLACEMENT_3D('',#2124,#2125,#2126);
#2124 = CARTESIAN_POINT('',(54.7,-39.3,1.51));
#2125 = DIRECTION('',(-0.,0.,-1.));
#2126 = DIRECTION('',(-0.,-1.,0.));
#2127 = FACE_BOUND('',#2128,.T.);
#2128 = EDGE_LOOP('',(#2129));
#2129 = ORIENTED_EDGE('',*,*,#2130,.T.);
#2130 = EDGE_CURVE('',#2131,#2131,#2133,.T.);
#2131 = VERTEX_POINT('',#2132);
#2132 = CARTESIAN_POINT('',(56.,-39.45,1.51));
#2133 = CIRCLE('',#2134,0.15);
#2134 = AXIS2_PLACEMENT_3D('',#2135,#2136,#2137);
#2135 = CARTESIAN_POINT('',(56.,-39.3,1.51));
#2136 = DIRECTION('',(-0.,0.,-1.));
#2137 = DIRECTION('',(-0.,-1.,0.));
#2138 = FACE_BOUND('',#2139,.T.);
#2139 = EDGE_LOOP('',(#2140));
#2140 = ORIENTED_EDGE('',*,*,#2141,.T.);
#2141 = EDGE_CURVE('',#2142,#2142,#2144,.T.);
#2142 = VERTEX_POINT('',#2143);
#2143 = CARTESIAN_POINT('',(57.3,-39.45,1.51));
#2144 = CIRCLE('',#2145,0.15);
#2145 = AXIS2_PLACEMENT_3D('',#2146,#2147,#2148);
#2146 = CARTESIAN_POINT('',(57.3,-39.3,1.51));
#2147 = DIRECTION('',(-0.,0.,-1.));
#2148 = DIRECTION('',(-0.,-1.,0.));
#2149 = FACE_BOUND('',#2150,.T.);
#2150 = EDGE_LOOP('',(#2151));
#2151 = ORIENTED_EDGE('',*,*,#2152,.T.);
#2152 = EDGE_CURVE('',#2153,#2153,#2155,.T.);
#2153 = VERTEX_POINT('',#2154);
#2154 = CARTESIAN_POINT('',(54.7,-38.15,1.51));
#2155 = CIRCLE('',#2156,0.15);
#2156 = AXIS2_PLACEMENT_3D('',#2157,#2158,#2159);
#2157 = CARTESIAN_POINT('',(54.7,-38.,1.51));
#2158 = DIRECTION('',(-0.,0.,-1.));
#2159 = DIRECTION('',(-0.,-1.,0.));
#2160 = FACE_BOUND('',#2161,.T.);
#2161 = EDGE_LOOP('',(#2162));
#2162 = ORIENTED_EDGE('',*,*,#2163,.T.);
#2163 = EDGE_CURVE('',#2164,#2164,#2166,.T.);
#2164 = VERTEX_POINT('',#2165);
#2165 = CARTESIAN_POINT('',(56.,-38.15,1.51));
#2166 = CIRCLE('',#2167,0.15);
#2167 = AXIS2_PLACEMENT_3D('',#2168,#2169,#2170);
#2168 = CARTESIAN_POINT('',(56.,-38.,1.51));
#2169 = DIRECTION('',(-0.,0.,-1.));
#2170 = DIRECTION('',(-0.,-1.,0.));
#2171 = FACE_BOUND('',#2172,.T.);
#2172 = EDGE_LOOP('',(#2173));
#2173 = ORIENTED_EDGE('',*,*,#2174,.T.);
#2174 = EDGE_CURVE('',#2175,#2175,#2177,.T.);
#2175 = VERTEX_POINT('',#2176);
#2176 = CARTESIAN_POINT('',(57.3,-38.15,1.51));
#2177 = CIRCLE('',#2178,0.15);
#2178 = AXIS2_PLACEMENT_3D('',#2179,#2180,#2181);
#2179 = CARTESIAN_POINT('',(57.3,-38.,1.51));
#2180 = DIRECTION('',(-0.,0.,-1.));
#2181 = DIRECTION('',(-0.,-1.,0.));
#2182 = FACE_BOUND('',#2183,.T.);
#2183 = EDGE_LOOP('',(#2184));
#2184 = ORIENTED_EDGE('',*,*,#2185,.T.);
#2185 = EDGE_CURVE('',#2186,#2186,#2188,.T.);
#2186 = VERTEX_POINT('',#2187);
#2187 = CARTESIAN_POINT('',(54.7,-36.85,1.51));
#2188 = CIRCLE('',#2189,0.15);
#2189 = AXIS2_PLACEMENT_3D('',#2190,#2191,#2192);
#2190 = CARTESIAN_POINT('',(54.7,-36.7,1.51));
#2191 = DIRECTION('',(-0.,0.,-1.));
#2192 = DIRECTION('',(-0.,-1.,0.));
#2193 = FACE_BOUND('',#2194,.T.);
#2194 = EDGE_LOOP('',(#2195));
#2195 = ORIENTED_EDGE('',*,*,#2196,.T.);
#2196 = EDGE_CURVE('',#2197,#2197,#2199,.T.);
#2197 = VERTEX_POINT('',#2198);
#2198 = CARTESIAN_POINT('',(56.,-36.85,1.51));
#2199 = CIRCLE('',#2200,0.15);
#2200 = AXIS2_PLACEMENT_3D('',#2201,#2202,#2203);
#2201 = CARTESIAN_POINT('',(56.,-36.7,1.51));
#2202 = DIRECTION('',(-0.,0.,-1.));
#2203 = DIRECTION('',(-0.,-1.,0.));
#2204 = FACE_BOUND('',#2205,.T.);
#2205 = EDGE_LOOP('',(#2206));
#2206 = ORIENTED_EDGE('',*,*,#2207,.T.);
#2207 = EDGE_CURVE('',#2208,#2208,#2210,.T.);
#2208 = VERTEX_POINT('',#2209);
#2209 = CARTESIAN_POINT('',(57.3,-36.85,1.51));
#2210 = CIRCLE('',#2211,0.15);
#2211 = AXIS2_PLACEMENT_3D('',#2212,#2213,#2214);
#2212 = CARTESIAN_POINT('',(57.3,-36.7,1.51));
#2213 = DIRECTION('',(-0.,0.,-1.));
#2214 = DIRECTION('',(-0.,-1.,0.));
#2215 = FACE_BOUND('',#2216,.T.);
#2216 = EDGE_LOOP('',(#2217));
#2217 = ORIENTED_EDGE('',*,*,#2218,.T.);
#2218 = EDGE_CURVE('',#2219,#2219,#2221,.T.);
#2219 = VERTEX_POINT('',#2220);
#2220 = CARTESIAN_POINT('',(54.7,-35.55,1.51));
#2221 = CIRCLE('',#2222,0.15);
#2222 = AXIS2_PLACEMENT_3D('',#2223,#2224,#2225);
#2223 = CARTESIAN_POINT('',(54.7,-35.4,1.51));
#2224 = DIRECTION('',(-0.,0.,-1.));
#2225 = DIRECTION('',(-0.,-1.,0.));
#2226 = FACE_BOUND('',#2227,.T.);
#2227 = EDGE_LOOP('',(#2228));
#2228 = ORIENTED_EDGE('',*,*,#2229,.T.);
#2229 = EDGE_CURVE('',#2230,#2230,#2232,.T.);
#2230 = VERTEX_POINT('',#2231);
#2231 = CARTESIAN_POINT('',(56.,-35.55,1.51));
#2232 = CIRCLE('',#2233,0.15);
#2233 = AXIS2_PLACEMENT_3D('',#2234,#2235,#2236);
#2234 = CARTESIAN_POINT('',(56.,-35.4,1.51));
#2235 = DIRECTION('',(-0.,0.,-1.));
#2236 = DIRECTION('',(-0.,-1.,0.));
#2237 = FACE_BOUND('',#2238,.T.);
#2238 = EDGE_LOOP('',(#2239));
#2239 = ORIENTED_EDGE('',*,*,#2240,.T.);
#2240 = EDGE_CURVE('',#2241,#2241,#2243,.T.);
#2241 = VERTEX_POINT('',#2242);
#2242 = CARTESIAN_POINT('',(57.3,-35.55,1.51));
#2243 = CIRCLE('',#2244,0.15);
#2244 = AXIS2_PLACEMENT_3D('',#2245,#2246,#2247);
#2245 = CARTESIAN_POINT('',(57.3,-35.4,1.51));
#2246 = DIRECTION('',(-0.,0.,-1.));
#2247 = DIRECTION('',(-0.,-1.,0.));
#2248 = FACE_BOUND('',#2249,.T.);
#2249 = EDGE_LOOP('',(#2250));
#2250 = ORIENTED_EDGE('',*,*,#2251,.T.);
#2251 = EDGE_CURVE('',#2252,#2252,#2254,.T.);
#2252 = VERTEX_POINT('',#2253);
#2253 = CARTESIAN_POINT('',(99.425,-52.05,1.51));
#2254 = CIRCLE('',#2255,1.E-01);
#2255 = AXIS2_PLACEMENT_3D('',#2256,#2257,#2258);
#2256 = CARTESIAN_POINT('',(99.425,-51.95,1.51));
#2257 = DIRECTION('',(-0.,0.,-1.));
#2258 = DIRECTION('',(-1.42108547152E-13,-1.,0.));
#2259 = FACE_BOUND('',#2260,.T.);
#2260 = EDGE_LOOP('',(#2261));
#2261 = ORIENTED_EDGE('',*,*,#2262,.T.);
#2262 = EDGE_CURVE('',#2263,#2263,#2265,.T.);
#2263 = VERTEX_POINT('',#2264);
#2264 = CARTESIAN_POINT('',(100.575,-52.05,1.51));
#2265 = CIRCLE('',#2266,0.1);
#2266 = AXIS2_PLACEMENT_3D('',#2267,#2268,#2269);
#2267 = CARTESIAN_POINT('',(100.575,-51.95,1.51));
#2268 = DIRECTION('',(-0.,0.,-1.));
#2269 = DIRECTION('',(1.42108547152E-13,-1.,-0.));
#2270 = FACE_BOUND('',#2271,.T.);
#2271 = EDGE_LOOP('',(#2272));
#2272 = ORIENTED_EDGE('',*,*,#2273,.T.);
#2273 = EDGE_CURVE('',#2274,#2274,#2276,.T.);
#2274 = VERTEX_POINT('',#2275);
#2275 = CARTESIAN_POINT('',(99.425,-51.1,1.51));
#2276 = CIRCLE('',#2277,1.E-01);
#2277 = AXIS2_PLACEMENT_3D('',#2278,#2279,#2280);
#2278 = CARTESIAN_POINT('',(99.425,-51.,1.51));
#2279 = DIRECTION('',(-0.,0.,-1.));
#2280 = DIRECTION('',(-1.42108547152E-13,-1.,0.));
#2281 = FACE_BOUND('',#2282,.T.);
#2282 = EDGE_LOOP('',(#2283));
#2283 = ORIENTED_EDGE('',*,*,#2284,.T.);
#2284 = EDGE_CURVE('',#2285,#2285,#2287,.T.);
#2285 = VERTEX_POINT('',#2286);
#2286 = CARTESIAN_POINT('',(100.575,-51.1,1.51));
#2287 = CIRCLE('',#2288,0.1);
#2288 = AXIS2_PLACEMENT_3D('',#2289,#2290,#2291);
#2289 = CARTESIAN_POINT('',(100.575,-51.,1.51));
#2290 = DIRECTION('',(-0.,0.,-1.));
#2291 = DIRECTION('',(1.42108547152E-13,-1.,-0.));
#2292 = FACE_BOUND('',#2293,.T.);
#2293 = EDGE_LOOP('',(#2294));
#2294 = ORIENTED_EDGE('',*,*,#2295,.T.);
#2295 = EDGE_CURVE('',#2296,#2296,#2298,.T.);
#2296 = VERTEX_POINT('',#2297);
#2297 = CARTESIAN_POINT('',(99.425,-50.15,1.51));
#2298 = CIRCLE('',#2299,1.E-01);
#2299 = AXIS2_PLACEMENT_3D('',#2300,#2301,#2302);
#2300 = CARTESIAN_POINT('',(99.425,-50.05,1.51));
#2301 = DIRECTION('',(-0.,0.,-1.));
#2302 = DIRECTION('',(-1.42108547152E-13,-1.,0.));
#2303 = FACE_BOUND('',#2304,.T.);
#2304 = EDGE_LOOP('',(#2305));
#2305 = ORIENTED_EDGE('',*,*,#2306,.T.);
#2306 = EDGE_CURVE('',#2307,#2307,#2309,.T.);
#2307 = VERTEX_POINT('',#2308);
#2308 = CARTESIAN_POINT('',(100.575,-50.15,1.51));
#2309 = CIRCLE('',#2310,0.1);
#2310 = AXIS2_PLACEMENT_3D('',#2311,#2312,#2313);
#2311 = CARTESIAN_POINT('',(100.575,-50.05,1.51));
#2312 = DIRECTION('',(-0.,0.,-1.));
#2313 = DIRECTION('',(1.42108547152E-13,-1.,-0.));
#2314 = FACE_BOUND('',#2315,.T.);
#2315 = EDGE_LOOP('',(#2316));
#2316 = ORIENTED_EDGE('',*,*,#2317,.T.);
#2317 = EDGE_CURVE('',#2318,#2318,#2320,.T.);
#2318 = VERTEX_POINT('',#2319);
#2319 = CARTESIAN_POINT('',(120.8,-65.879,1.51));
#2320 = CIRCLE('',#2321,1.5);
#2321 = AXIS2_PLACEMENT_3D('',#2322,#2323,#2324);
#2322 = CARTESIAN_POINT('',(120.8,-64.379,1.51));
#2323 = DIRECTION('',(-0.,0.,-1.));
#2324 = DIRECTION('',(-0.,-1.,0.));
#2325 = FACE_BOUND('',#2326,.T.);
#2326 = EDGE_LOOP('',(#2327));
#2327 = ORIENTED_EDGE('',*,*,#2328,.T.);
#2328 = EDGE_CURVE('',#2329,#2329,#2331,.T.);
#2329 = VERTEX_POINT('',#2330);
#2330 = CARTESIAN_POINT('',(120.8,-61.119,1.51));
#2331 = CIRCLE('',#2332,1.5);
#2332 = AXIS2_PLACEMENT_3D('',#2333,#2334,#2335);
#2333 = CARTESIAN_POINT('',(120.8,-59.619,1.51));
#2334 = DIRECTION('',(-0.,0.,-1.));
#2335 = DIRECTION('',(-0.,-1.,0.));
#2336 = FACE_BOUND('',#2337,.T.);
#2337 = EDGE_LOOP('',(#2338));
#2338 = ORIENTED_EDGE('',*,*,#2339,.T.);
#2339 = EDGE_CURVE('',#2340,#2340,#2342,.T.);
#2340 = VERTEX_POINT('',#2341);
#2341 = CARTESIAN_POINT('',(118.2,-57.,1.51));
#2342 = CIRCLE('',#2343,0.5);
#2343 = AXIS2_PLACEMENT_3D('',#2344,#2345,#2346);
#2344 = CARTESIAN_POINT('',(118.2,-56.5,1.51));
#2345 = DIRECTION('',(-0.,0.,-1.));
#2346 = DIRECTION('',(-0.,-1.,0.));
#2347 = FACE_BOUND('',#2348,.T.);
#2348 = EDGE_LOOP('',(#2349));
#2349 = ORIENTED_EDGE('',*,*,#2350,.T.);
#2350 = EDGE_CURVE('',#2351,#2351,#2353,.T.);
#2351 = VERTEX_POINT('',#2352);
#2352 = CARTESIAN_POINT('',(118.2,-54.5,1.51));
#2353 = CIRCLE('',#2354,0.5);
#2354 = AXIS2_PLACEMENT_3D('',#2355,#2356,#2357);
#2355 = CARTESIAN_POINT('',(118.2,-54.,1.51));
#2356 = DIRECTION('',(-0.,0.,-1.));
#2357 = DIRECTION('',(-0.,-1.,0.));
#2358 = FACE_BOUND('',#2359,.T.);
#2359 = EDGE_LOOP('',(#2360));
#2360 = ORIENTED_EDGE('',*,*,#2361,.T.);
#2361 = EDGE_CURVE('',#2362,#2362,#2364,.T.);
#2362 = VERTEX_POINT('',#2363);
#2363 = CARTESIAN_POINT('',(118.2,-52.5,1.51));
#2364 = CIRCLE('',#2365,0.5);
#2365 = AXIS2_PLACEMENT_3D('',#2366,#2367,#2368);
#2366 = CARTESIAN_POINT('',(118.2,-52.,1.51));
#2367 = DIRECTION('',(-0.,0.,-1.));
#2368 = DIRECTION('',(-0.,-1.,0.));
#2369 = FACE_BOUND('',#2370,.T.);
#2370 = EDGE_LOOP('',(#2371));
#2371 = ORIENTED_EDGE('',*,*,#2372,.T.);
#2372 = EDGE_CURVE('',#2373,#2373,#2375,.T.);
#2373 = VERTEX_POINT('',#2374);
#2374 = CARTESIAN_POINT('',(118.2,-50.,1.51));
#2375 = CIRCLE('',#2376,0.5);
#2376 = AXIS2_PLACEMENT_3D('',#2377,#2378,#2379);
#2377 = CARTESIAN_POINT('',(118.2,-49.5,1.51));
#2378 = DIRECTION('',(-0.,0.,-1.));
#2379 = DIRECTION('',(-0.,-1.,0.));
#2380 = FACE_BOUND('',#2381,.T.);
#2381 = EDGE_LOOP('',(#2382));
#2382 = ORIENTED_EDGE('',*,*,#2383,.T.);
#2383 = EDGE_CURVE('',#2384,#2384,#2386,.T.);
#2384 = VERTEX_POINT('',#2385);
#2385 = CARTESIAN_POINT('',(120.8,-47.879,1.51));
#2386 = CIRCLE('',#2387,1.5);
#2387 = AXIS2_PLACEMENT_3D('',#2388,#2389,#2390);
#2388 = CARTESIAN_POINT('',(120.8,-46.379,1.51));
#2389 = DIRECTION('',(-0.,0.,-1.));
#2390 = DIRECTION('',(-0.,-1.,0.));
#2391 = FACE_BOUND('',#2392,.T.);
#2392 = EDGE_LOOP('',(#2393));
#2393 = ORIENTED_EDGE('',*,*,#2394,.T.);
#2394 = EDGE_CURVE('',#2395,#2395,#2397,.T.);
#2395 = VERTEX_POINT('',#2396);
#2396 = CARTESIAN_POINT('',(99.425,-34.05,1.51));
#2397 = CIRCLE('',#2398,1.E-01);
#2398 = AXIS2_PLACEMENT_3D('',#2399,#2400,#2401);
#2399 = CARTESIAN_POINT('',(99.425,-33.95,1.51));
#2400 = DIRECTION('',(-0.,0.,-1.));
#2401 = DIRECTION('',(-1.42108547152E-13,-1.,0.));
#2402 = FACE_BOUND('',#2403,.T.);
#2403 = EDGE_LOOP('',(#2404));
#2404 = ORIENTED_EDGE('',*,*,#2405,.T.);
#2405 = EDGE_CURVE('',#2406,#2406,#2408,.T.);
#2406 = VERTEX_POINT('',#2407);
#2407 = CARTESIAN_POINT('',(100.575,-34.05,1.51));
#2408 = CIRCLE('',#2409,0.1);
#2409 = AXIS2_PLACEMENT_3D('',#2410,#2411,#2412);
#2410 = CARTESIAN_POINT('',(100.575,-33.95,1.51));
#2411 = DIRECTION('',(-0.,0.,-1.));
#2412 = DIRECTION('',(1.42108547152E-13,-1.,-0.));
#2413 = FACE_BOUND('',#2414,.T.);
#2414 = EDGE_LOOP('',(#2415));
#2415 = ORIENTED_EDGE('',*,*,#2416,.T.);
#2416 = EDGE_CURVE('',#2417,#2417,#2419,.T.);
#2417 = VERTEX_POINT('',#2418);
#2418 = CARTESIAN_POINT('',(99.425,-33.1,1.51));
#2419 = CIRCLE('',#2420,1.E-01);
#2420 = AXIS2_PLACEMENT_3D('',#2421,#2422,#2423);
#2421 = CARTESIAN_POINT('',(99.425,-33.,1.51));
#2422 = DIRECTION('',(-0.,0.,-1.));
#2423 = DIRECTION('',(-1.42108547152E-13,-1.,0.));
#2424 = FACE_BOUND('',#2425,.T.);
#2425 = EDGE_LOOP('',(#2426));
#2426 = ORIENTED_EDGE('',*,*,#2427,.T.);
#2427 = EDGE_CURVE('',#2428,#2428,#2430,.T.);
#2428 = VERTEX_POINT('',#2429);
#2429 = CARTESIAN_POINT('',(100.575,-33.1,1.51));
#2430 = CIRCLE('',#2431,0.1);
#2431 = AXIS2_PLACEMENT_3D('',#2432,#2433,#2434);
#2432 = CARTESIAN_POINT('',(100.575,-33.,1.51));
#2433 = DIRECTION('',(-0.,0.,-1.));
#2434 = DIRECTION('',(1.42108547152E-13,-1.,-0.));
#2435 = FACE_BOUND('',#2436,.T.);
#2436 = EDGE_LOOP('',(#2437));
#2437 = ORIENTED_EDGE('',*,*,#2438,.T.);
#2438 = EDGE_CURVE('',#2439,#2439,#2441,.T.);
#2439 = VERTEX_POINT('',#2440);
#2440 = CARTESIAN_POINT('',(99.425,-32.15,1.51));
#2441 = CIRCLE('',#2442,1.E-01);
#2442 = AXIS2_PLACEMENT_3D('',#2443,#2444,#2445);
#2443 = CARTESIAN_POINT('',(99.425,-32.05,1.51));
#2444 = DIRECTION('',(-0.,0.,-1.));
#2445 = DIRECTION('',(-1.42108547152E-13,-1.,0.));
#2446 = FACE_BOUND('',#2447,.T.);
#2447 = EDGE_LOOP('',(#2448));
#2448 = ORIENTED_EDGE('',*,*,#2449,.T.);
#2449 = EDGE_CURVE('',#2450,#2450,#2452,.T.);
#2450 = VERTEX_POINT('',#2451);
#2451 = CARTESIAN_POINT('',(100.575,-32.15,1.51));
#2452 = CIRCLE('',#2453,0.1);
#2453 = AXIS2_PLACEMENT_3D('',#2454,#2455,#2456);
#2454 = CARTESIAN_POINT('',(100.575,-32.05,1.51));
#2455 = DIRECTION('',(-0.,0.,-1.));
#2456 = DIRECTION('',(1.42108547152E-13,-1.,-0.));
#2457 = FACE_BOUND('',#2458,.T.);
#2458 = EDGE_LOOP('',(#2459));
#2459 = ORIENTED_EDGE('',*,*,#2460,.T.);
#2460 = EDGE_CURVE('',#2461,#2461,#2463,.T.);
#2461 = VERTEX_POINT('',#2462);
#2462 = CARTESIAN_POINT('',(120.8,-43.119,1.51));
#2463 = CIRCLE('',#2464,1.5);
#2464 = AXIS2_PLACEMENT_3D('',#2465,#2466,#2467);
#2465 = CARTESIAN_POINT('',(120.8,-41.619,1.51));
#2466 = DIRECTION('',(-0.,0.,-1.));
#2467 = DIRECTION('',(-0.,-1.,0.));
#2468 = FACE_BOUND('',#2469,.T.);
#2469 = EDGE_LOOP('',(#2470));
#2470 = ORIENTED_EDGE('',*,*,#2471,.T.);
#2471 = EDGE_CURVE('',#2472,#2472,#2474,.T.);
#2472 = VERTEX_POINT('',#2473);
#2473 = CARTESIAN_POINT('',(118.2,-39.,1.51));
#2474 = CIRCLE('',#2475,0.5);
#2475 = AXIS2_PLACEMENT_3D('',#2476,#2477,#2478);
#2476 = CARTESIAN_POINT('',(118.2,-38.5,1.51));
#2477 = DIRECTION('',(-0.,0.,-1.));
#2478 = DIRECTION('',(-0.,-1.,0.));
#2479 = FACE_BOUND('',#2480,.T.);
#2480 = EDGE_LOOP('',(#2481));
#2481 = ORIENTED_EDGE('',*,*,#2482,.T.);
#2482 = EDGE_CURVE('',#2483,#2483,#2485,.T.);
#2483 = VERTEX_POINT('',#2484);
#2484 = CARTESIAN_POINT('',(118.2,-36.5,1.51));
#2485 = CIRCLE('',#2486,0.5);
#2486 = AXIS2_PLACEMENT_3D('',#2487,#2488,#2489);
#2487 = CARTESIAN_POINT('',(118.2,-36.,1.51));
#2488 = DIRECTION('',(-0.,0.,-1.));
#2489 = DIRECTION('',(-0.,-1.,0.));
#2490 = FACE_BOUND('',#2491,.T.);
#2491 = EDGE_LOOP('',(#2492));
#2492 = ORIENTED_EDGE('',*,*,#2493,.T.);
#2493 = EDGE_CURVE('',#2494,#2494,#2496,.T.);
#2494 = VERTEX_POINT('',#2495);
#2495 = CARTESIAN_POINT('',(118.2,-34.5,1.51));
#2496 = CIRCLE('',#2497,0.5);
#2497 = AXIS2_PLACEMENT_3D('',#2498,#2499,#2500);
#2498 = CARTESIAN_POINT('',(118.2,-34.,1.51));
#2499 = DIRECTION('',(-0.,0.,-1.));
#2500 = DIRECTION('',(-0.,-1.,0.));
#2501 = FACE_BOUND('',#2502,.T.);
#2502 = EDGE_LOOP('',(#2503));
#2503 = ORIENTED_EDGE('',*,*,#2504,.T.);
#2504 = EDGE_CURVE('',#2505,#2505,#2507,.T.);
#2505 = VERTEX_POINT('',#2506);
#2506 = CARTESIAN_POINT('',(118.2,-32.,1.51));
#2507 = CIRCLE('',#2508,0.5);
#2508 = AXIS2_PLACEMENT_3D('',#2509,#2510,#2511);
#2509 = CARTESIAN_POINT('',(118.2,-31.5,1.51));
#2510 = DIRECTION('',(-0.,0.,-1.));
#2511 = DIRECTION('',(-0.,-1.,0.));
#2512 = FACE_BOUND('',#2513,.T.);
#2513 = EDGE_LOOP('',(#2514));
#2514 = ORIENTED_EDGE('',*,*,#2515,.T.);
#2515 = EDGE_CURVE('',#2516,#2516,#2518,.T.);
#2516 = VERTEX_POINT('',#2517);
#2517 = CARTESIAN_POINT('',(120.8,-29.879,1.51));
#2518 = CIRCLE('',#2519,1.5);
#2519 = AXIS2_PLACEMENT_3D('',#2520,#2521,#2522);
#2520 = CARTESIAN_POINT('',(120.8,-28.379,1.51));
#2521 = DIRECTION('',(-0.,0.,-1.));
#2522 = DIRECTION('',(-0.,-1.,0.));
#2523 = FACE_BOUND('',#2524,.T.);
#2524 = EDGE_LOOP('',(#2525));
#2525 = ORIENTED_EDGE('',*,*,#2526,.T.);
#2526 = EDGE_CURVE('',#2527,#2527,#2529,.T.);
#2527 = VERTEX_POINT('',#2528);
#2528 = CARTESIAN_POINT('',(126.,-25.6,1.51));
#2529 = CIRCLE('',#2530,1.6);
#2530 = AXIS2_PLACEMENT_3D('',#2531,#2532,#2533);
#2531 = CARTESIAN_POINT('',(126.,-24.,1.51));
#2532 = DIRECTION('',(-0.,0.,-1.));
#2533 = DIRECTION('',(-0.,-1.,0.));
#2534 = PLANE('',#2535);
#2535 = AXIS2_PLACEMENT_3D('',#2536,#2537,#2538);
#2536 = CARTESIAN_POINT('',(0.,0.,1.51));
#2537 = DIRECTION('',(0.,0.,1.));
#2538 = DIRECTION('',(1.,0.,-0.));
#2539 = ADVANCED_FACE('',(#2540),#2546,.T.);
#2540 = FACE_BOUND('',#2541,.T.);
#2541 = EDGE_LOOP('',(#2542,#2543,#2544,#2545));
#2542 = ORIENTED_EDGE('',*,*,#119,.T.);
#2543 = ORIENTED_EDGE('',*,*,#1344,.T.);
#2544 = ORIENTED_EDGE('',*,*,#79,.F.);
#2545 = ORIENTED_EDGE('',*,*,#143,.F.);
#2546 = PLANE('',#2547);
#2547 = AXIS2_PLACEMENT_3D('',#2548,#2549,#2550);
#2548 = CARTESIAN_POINT('',(20.,-20.,0.));
#2549 = DIRECTION('',(0.,1.,0.));
#2550 = DIRECTION('',(1.,0.,0.));
#2551 = ADVANCED_FACE('',(#2552),#2563,.F.);
#2552 = FACE_BOUND('',#2553,.T.);
#2553 = EDGE_LOOP('',(#2554,#2555,#2561,#2562));
#2554 = ORIENTED_EDGE('',*,*,#152,.T.);
#2555 = ORIENTED_EDGE('',*,*,#2556,.T.);
#2556 = EDGE_CURVE('',#153,#1354,#2557,.T.);
#2557 = LINE('',#2558,#2559);
#2558 = CARTESIAN_POINT('',(24.,-107.6,-4.6E-02));
#2559 = VECTOR('',#2560,1.);
#2560 = DIRECTION('',(0.,0.,1.));
#2561 = ORIENTED_EDGE('',*,*,#1353,.F.);
#2562 = ORIENTED_EDGE('',*,*,#2556,.F.);
#2563 = CYLINDRICAL_SURFACE('',#2564,1.6);
#2564 = AXIS2_PLACEMENT_3D('',#2565,#2566,#2567);
#2565 = CARTESIAN_POINT('',(24.,-106.,-4.6E-02));
#2566 = DIRECTION('',(-0.,-0.,-1.));
#2567 = DIRECTION('',(-0.,-1.,0.));
#2568 = ADVANCED_FACE('',(#2569),#2580,.F.);
#2569 = FACE_BOUND('',#2570,.T.);
#2570 = EDGE_LOOP('',(#2571,#2572,#2578,#2579));
#2571 = ORIENTED_EDGE('',*,*,#163,.T.);
#2572 = ORIENTED_EDGE('',*,*,#2573,.T.);
#2573 = EDGE_CURVE('',#164,#1365,#2574,.T.);
#2574 = LINE('',#2575,#2576);
#2575 = CARTESIAN_POINT('',(27.6,-85.81,-4.6E-02));
#2576 = VECTOR('',#2577,1.);
#2577 = DIRECTION('',(0.,0.,1.));
#2578 = ORIENTED_EDGE('',*,*,#1364,.F.);
#2579 = ORIENTED_EDGE('',*,*,#2573,.F.);
#2580 = CYLINDRICAL_SURFACE('',#2581,0.89);
#2581 = AXIS2_PLACEMENT_3D('',#2582,#2583,#2584);
#2582 = CARTESIAN_POINT('',(27.6,-84.92,-4.6E-02));
#2583 = DIRECTION('',(-0.,-0.,-1.));
#2584 = DIRECTION('',(-0.,-1.,0.));
#2585 = ADVANCED_FACE('',(#2586),#2597,.F.);
#2586 = FACE_BOUND('',#2587,.T.);
#2587 = EDGE_LOOP('',(#2588,#2589,#2595,#2596));
#2588 = ORIENTED_EDGE('',*,*,#174,.T.);
#2589 = ORIENTED_EDGE('',*,*,#2590,.T.);
#2590 = EDGE_CURVE('',#175,#1376,#2591,.T.);
#2591 = LINE('',#2592,#2593);
#2592 = CARTESIAN_POINT('',(31.,-85.81,-4.6E-02));
#2593 = VECTOR('',#2594,1.);
#2594 = DIRECTION('',(0.,0.,1.));
#2595 = ORIENTED_EDGE('',*,*,#1375,.F.);
#2596 = ORIENTED_EDGE('',*,*,#2590,.F.);
#2597 = CYLINDRICAL_SURFACE('',#2598,0.89);
#2598 = AXIS2_PLACEMENT_3D('',#2599,#2600,#2601);
#2599 = CARTESIAN_POINT('',(31.,-84.92,-4.6E-02));
#2600 = DIRECTION('',(-0.,-0.,-1.));
#2601 = DIRECTION('',(-0.,-1.,0.));
#2602 = ADVANCED_FACE('',(#2603),#2614,.F.);
#2603 = FACE_BOUND('',#2604,.T.);
#2604 = EDGE_LOOP('',(#2605,#2606,#2612,#2613));
#2605 = ORIENTED_EDGE('',*,*,#185,.T.);
#2606 = ORIENTED_EDGE('',*,*,#2607,.T.);
#2607 = EDGE_CURVE('',#186,#1387,#2608,.T.);
#2608 = LINE('',#2609,#2610);
#2609 = CARTESIAN_POINT('',(27.6,-75.89,-4.6E-02));
#2610 = VECTOR('',#2611,1.);
#2611 = DIRECTION('',(0.,0.,1.));
#2612 = ORIENTED_EDGE('',*,*,#1386,.F.);
#2613 = ORIENTED_EDGE('',*,*,#2607,.F.);
#2614 = CYLINDRICAL_SURFACE('',#2615,0.89);
#2615 = AXIS2_PLACEMENT_3D('',#2616,#2617,#2618);
#2616 = CARTESIAN_POINT('',(27.6,-75.,-4.6E-02));
#2617 = DIRECTION('',(-0.,-0.,-1.));
#2618 = DIRECTION('',(-0.,-1.,0.));
#2619 = ADVANCED_FACE('',(#2620),#2631,.F.);
#2620 = FACE_BOUND('',#2621,.T.);
#2621 = EDGE_LOOP('',(#2622,#2623,#2629,#2630));
#2622 = ORIENTED_EDGE('',*,*,#196,.T.);
#2623 = ORIENTED_EDGE('',*,*,#2624,.T.);
#2624 = EDGE_CURVE('',#197,#1398,#2625,.T.);
#2625 = LINE('',#2626,#2627);
#2626 = CARTESIAN_POINT('',(31.,-75.89,-4.6E-02));
#2627 = VECTOR('',#2628,1.);
#2628 = DIRECTION('',(0.,0.,1.));
#2629 = ORIENTED_EDGE('',*,*,#1397,.F.);
#2630 = ORIENTED_EDGE('',*,*,#2624,.F.);
#2631 = CYLINDRICAL_SURFACE('',#2632,0.89);
#2632 = AXIS2_PLACEMENT_3D('',#2633,#2634,#2635);
#2633 = CARTESIAN_POINT('',(31.,-75.,-4.6E-02));
#2634 = DIRECTION('',(-0.,-0.,-1.));
#2635 = DIRECTION('',(-0.,-1.,0.));
#2636 = ADVANCED_FACE('',(#2637),#2648,.F.);
#2637 = FACE_BOUND('',#2638,.T.);
#2638 = EDGE_LOOP('',(#2639,#2640,#2646,#2647));
#2639 = ORIENTED_EDGE('',*,*,#207,.T.);
#2640 = ORIENTED_EDGE('',*,*,#2641,.T.);
#2641 = EDGE_CURVE('',#208,#1409,#2642,.T.);
#2642 = LINE('',#2643,#2644);
#2643 = CARTESIAN_POINT('',(65.525,-66.575,-4.6E-02));
#2644 = VECTOR('',#2645,1.);
#2645 = DIRECTION('',(0.,0.,1.));
#2646 = ORIENTED_EDGE('',*,*,#1408,.F.);
#2647 = ORIENTED_EDGE('',*,*,#2641,.F.);
#2648 = CYLINDRICAL_SURFACE('',#2649,9.999999999999E-02);
#2649 = AXIS2_PLACEMENT_3D('',#2650,#2651,#2652);
#2650 = CARTESIAN_POINT('',(65.525,-66.475,-4.6E-02));
#2651 = DIRECTION('',(-0.,-0.,-1.));
#2652 = DIRECTION('',(-0.,-1.,0.));
#2653 = ADVANCED_FACE('',(#2654),#2665,.F.);
#2654 = FACE_BOUND('',#2655,.T.);
#2655 = EDGE_LOOP('',(#2656,#2657,#2663,#2664));
#2656 = ORIENTED_EDGE('',*,*,#218,.T.);
#2657 = ORIENTED_EDGE('',*,*,#2658,.T.);
#2658 = EDGE_CURVE('',#219,#1420,#2659,.T.);
#2659 = LINE('',#2660,#2661);
#2660 = CARTESIAN_POINT('',(66.7625,-66.575,-4.6E-02));
#2661 = VECTOR('',#2662,1.);
#2662 = DIRECTION('',(0.,0.,1.));
#2663 = ORIENTED_EDGE('',*,*,#1419,.F.);
#2664 = ORIENTED_EDGE('',*,*,#2658,.F.);
#2665 = CYLINDRICAL_SURFACE('',#2666,0.1);
#2666 = AXIS2_PLACEMENT_3D('',#2667,#2668,#2669);
#2667 = CARTESIAN_POINT('',(66.7625,-66.475,-4.6E-02));
#2668 = DIRECTION('',(-0.,0.,-1.));
#2669 = DIRECTION('',(1.42108547152E-13,-1.,-0.));
#2670 = ADVANCED_FACE('',(#2671),#2682,.F.);
#2671 = FACE_BOUND('',#2672,.T.);
#2672 = EDGE_LOOP('',(#2673,#2674,#2680,#2681));
#2673 = ORIENTED_EDGE('',*,*,#229,.T.);
#2674 = ORIENTED_EDGE('',*,*,#2675,.T.);
#2675 = EDGE_CURVE('',#230,#1431,#2676,.T.);
#2676 = LINE('',#2677,#2678);
#2677 = CARTESIAN_POINT('',(68.,-66.575,-4.6E-02));
#2678 = VECTOR('',#2679,1.);
#2679 = DIRECTION('',(0.,0.,1.));
#2680 = ORIENTED_EDGE('',*,*,#1430,.F.);
#2681 = ORIENTED_EDGE('',*,*,#2675,.F.);
#2682 = CYLINDRICAL_SURFACE('',#2683,9.999999999999E-02);
#2683 = AXIS2_PLACEMENT_3D('',#2684,#2685,#2686);
#2684 = CARTESIAN_POINT('',(68.,-66.475,-4.6E-02));
#2685 = DIRECTION('',(-0.,-0.,-1.));
#2686 = DIRECTION('',(-0.,-1.,0.));
#2687 = ADVANCED_FACE('',(#2688),#2699,.F.);
#2688 = FACE_BOUND('',#2689,.T.);
#2689 = EDGE_LOOP('',(#2690,#2691,#2697,#2698));
#2690 = ORIENTED_EDGE('',*,*,#240,.T.);
#2691 = ORIENTED_EDGE('',*,*,#2692,.T.);
#2692 = EDGE_CURVE('',#241,#1442,#2693,.T.);
#2693 = LINE('',#2694,#2695);
#2694 = CARTESIAN_POINT('',(69.2375,-66.575,-4.6E-02));
#2695 = VECTOR('',#2696,1.);
#2696 = DIRECTION('',(0.,0.,1.));
#2697 = ORIENTED_EDGE('',*,*,#1441,.F.);
#2698 = ORIENTED_EDGE('',*,*,#2692,.F.);
#2699 = CYLINDRICAL_SURFACE('',#2700,9.999999999999E-02);
#2700 = AXIS2_PLACEMENT_3D('',#2701,#2702,#2703);
#2701 = CARTESIAN_POINT('',(69.2375,-66.475,-4.6E-02));
#2702 = DIRECTION('',(-0.,-0.,-1.));
#2703 = DIRECTION('',(-1.42108547152E-13,-1.,0.));
#2704 = ADVANCED_FACE('',(#2705),#2716,.F.);
#2705 = FACE_BOUND('',#2706,.T.);
#2706 = EDGE_LOOP('',(#2707,#2708,#2714,#2715));
#2707 = ORIENTED_EDGE('',*,*,#251,.T.);
#2708 = ORIENTED_EDGE('',*,*,#2709,.T.);
#2709 = EDGE_CURVE('',#252,#1453,#2710,.T.);
#2710 = LINE('',#2711,#2712);
#2711 = CARTESIAN_POINT('',(70.475,-66.575,-4.6E-02));
#2712 = VECTOR('',#2713,1.);
#2713 = DIRECTION('',(0.,0.,1.));
#2714 = ORIENTED_EDGE('',*,*,#1452,.F.);
#2715 = ORIENTED_EDGE('',*,*,#2709,.F.);
#2716 = CYLINDRICAL_SURFACE('',#2717,0.1);
#2717 = AXIS2_PLACEMENT_3D('',#2718,#2719,#2720);
#2718 = CARTESIAN_POINT('',(70.475,-66.475,-4.6E-02));
#2719 = DIRECTION('',(-0.,-0.,-1.));
#2720 = DIRECTION('',(-0.,-1.,0.));
#2721 = ADVANCED_FACE('',(#2722),#2738,.F.);
#2722 = FACE_BOUND('',#2723,.T.);
#2723 = EDGE_LOOP('',(#2724,#2725,#2731,#2732));
#2724 = ORIENTED_EDGE('',*,*,#262,.T.);
#2725 = ORIENTED_EDGE('',*,*,#2726,.T.);
#2726 = EDGE_CURVE('',#265,#1466,#2727,.T.);
#2727 = LINE('',#2728,#2729);
#2728 = CARTESIAN_POINT('',(109.38,-108.35,-4.6E-02));
#2729 = VECTOR('',#2730,1.);
#2730 = DIRECTION('',(0.,0.,1.));
#2731 = ORIENTED_EDGE('',*,*,#1463,.F.);
#2732 = ORIENTED_EDGE('',*,*,#2733,.F.);
#2733 = EDGE_CURVE('',#263,#1464,#2734,.T.);
#2734 = LINE('',#2735,#2736);
#2735 = CARTESIAN_POINT('',(109.98,-108.35,-4.6E-02));
#2736 = VECTOR('',#2737,1.);
#2737 = DIRECTION('',(0.,0.,1.));
#2738 = CYLINDRICAL_SURFACE('',#2739,0.3);
#2739 = AXIS2_PLACEMENT_3D('',#2740,#2741,#2742);
#2740 = CARTESIAN_POINT('',(109.68,-108.35,-4.6E-02));
#2741 = DIRECTION('',(-0.,-0.,-1.));
#2742 = DIRECTION('',(-1.,0.,-0.));
#2743 = ADVANCED_FACE('',(#2744),#2755,.T.);
#2744 = FACE_BOUND('',#2745,.T.);
#2745 = EDGE_LOOP('',(#2746,#2747,#2748,#2749));
#2746 = ORIENTED_EDGE('',*,*,#290,.T.);
#2747 = ORIENTED_EDGE('',*,*,#2733,.T.);
#2748 = ORIENTED_EDGE('',*,*,#1491,.F.);
#2749 = ORIENTED_EDGE('',*,*,#2750,.F.);
#2750 = EDGE_CURVE('',#282,#1483,#2751,.T.);
#2751 = LINE('',#2752,#2753);
#2752 = CARTESIAN_POINT('',(109.98,-107.75,-4.6E-02));
#2753 = VECTOR('',#2754,1.);
#2754 = DIRECTION('',(0.,0.,1.));
#2755 = PLANE('',#2756);
#2756 = AXIS2_PLACEMENT_3D('',#2757,#2758,#2759);
#2757 = CARTESIAN_POINT('',(109.98,-108.35,-4.6E-02));
#2758 = DIRECTION('',(-1.,0.,0.));
#2759 = DIRECTION('',(0.,1.,0.));
#2760 = ADVANCED_FACE('',(#2761),#2772,.F.);
#2761 = FACE_BOUND('',#2762,.T.);
#2762 = EDGE_LOOP('',(#2763,#2764,#2765,#2766));
#2763 = ORIENTED_EDGE('',*,*,#281,.T.);
#2764 = ORIENTED_EDGE('',*,*,#2750,.T.);
#2765 = ORIENTED_EDGE('',*,*,#1482,.F.);
#2766 = ORIENTED_EDGE('',*,*,#2767,.F.);
#2767 = EDGE_CURVE('',#274,#1475,#2768,.T.);
#2768 = LINE('',#2769,#2770);
#2769 = CARTESIAN_POINT('',(109.38,-107.75,-4.6E-02));
#2770 = VECTOR('',#2771,1.);
#2771 = DIRECTION('',(0.,0.,1.));
#2772 = CYLINDRICAL_SURFACE('',#2773,0.3);
#2773 = AXIS2_PLACEMENT_3D('',#2774,#2775,#2776);
#2774 = CARTESIAN_POINT('',(109.68,-107.75,-4.6E-02));
#2775 = DIRECTION('',(-0.,-0.,-1.));
#2776 = DIRECTION('',(1.,0.,-0.));
#2777 = ADVANCED_FACE('',(#2778),#2784,.T.);
#2778 = FACE_BOUND('',#2779,.T.);
#2779 = EDGE_LOOP('',(#2780,#2781,#2782,#2783));
#2780 = ORIENTED_EDGE('',*,*,#273,.T.);
#2781 = ORIENTED_EDGE('',*,*,#2767,.T.);
#2782 = ORIENTED_EDGE('',*,*,#1474,.F.);
#2783 = ORIENTED_EDGE('',*,*,#2726,.F.);
#2784 = PLANE('',#2785);
#2785 = AXIS2_PLACEMENT_3D('',#2786,#2787,#2788);
#2786 = CARTESIAN_POINT('',(109.38,-107.75,-4.6E-02));
#2787 = DIRECTION('',(1.,0.,-0.));
#2788 = DIRECTION('',(0.,-1.,0.));
#2789 = ADVANCED_FACE('',(#2790),#2806,.F.);
#2790 = FACE_BOUND('',#2791,.T.);
#2791 = EDGE_LOOP('',(#2792,#2793,#2799,#2800));
#2792 = ORIENTED_EDGE('',*,*,#298,.T.);
#2793 = ORIENTED_EDGE('',*,*,#2794,.T.);
#2794 = EDGE_CURVE('',#301,#1502,#2795,.T.);
#2795 = LINE('',#2796,#2797);
#2796 = CARTESIAN_POINT('',(109.38,-104.42,-4.6E-02));
#2797 = VECTOR('',#2798,1.);
#2798 = DIRECTION('',(0.,0.,1.));
#2799 = ORIENTED_EDGE('',*,*,#1499,.F.);
#2800 = ORIENTED_EDGE('',*,*,#2801,.F.);
#2801 = EDGE_CURVE('',#299,#1500,#2802,.T.);
#2802 = LINE('',#2803,#2804);
#2803 = CARTESIAN_POINT('',(109.98,-104.42,-4.6E-02));
#2804 = VECTOR('',#2805,1.);
#2805 = DIRECTION('',(0.,0.,1.));
#2806 = CYLINDRICAL_SURFACE('',#2807,0.3);
#2807 = AXIS2_PLACEMENT_3D('',#2808,#2809,#2810);
#2808 = CARTESIAN_POINT('',(109.68,-104.42,-4.6E-02));
#2809 = DIRECTION('',(-0.,-0.,-1.));
#2810 = DIRECTION('',(-1.,-4.736951571734E-14,0.));
#2811 = ADVANCED_FACE('',(#2812),#2823,.T.);
#2812 = FACE_BOUND('',#2813,.T.);
#2813 = EDGE_LOOP('',(#2814,#2815,#2816,#2817));
#2814 = ORIENTED_EDGE('',*,*,#326,.T.);
#2815 = ORIENTED_EDGE('',*,*,#2801,.T.);
#2816 = ORIENTED_EDGE('',*,*,#1527,.F.);
#2817 = ORIENTED_EDGE('',*,*,#2818,.F.);
#2818 = EDGE_CURVE('',#318,#1519,#2819,.T.);
#2819 = LINE('',#2820,#2821);
#2820 = CARTESIAN_POINT('',(109.98,-103.32,-4.6E-02));
#2821 = VECTOR('',#2822,1.);
#2822 = DIRECTION('',(0.,0.,1.));
#2823 = PLANE('',#2824);
#2824 = AXIS2_PLACEMENT_3D('',#2825,#2826,#2827);
#2825 = CARTESIAN_POINT('',(109.98,-104.42,-4.6E-02));
#2826 = DIRECTION('',(-1.,0.,0.));
#2827 = DIRECTION('',(0.,1.,0.));
#2828 = ADVANCED_FACE('',(#2829),#2840,.F.);
#2829 = FACE_BOUND('',#2830,.T.);
#2830 = EDGE_LOOP('',(#2831,#2832,#2833,#2834));
#2831 = ORIENTED_EDGE('',*,*,#317,.T.);
#2832 = ORIENTED_EDGE('',*,*,#2818,.T.);
#2833 = ORIENTED_EDGE('',*,*,#1518,.F.);
#2834 = ORIENTED_EDGE('',*,*,#2835,.F.);
#2835 = EDGE_CURVE('',#310,#1511,#2836,.T.);
#2836 = LINE('',#2837,#2838);
#2837 = CARTESIAN_POINT('',(109.38,-103.32,-4.6E-02));
#2838 = VECTOR('',#2839,1.);
#2839 = DIRECTION('',(0.,0.,1.));
#2840 = CYLINDRICAL_SURFACE('',#2841,0.3);
#2841 = AXIS2_PLACEMENT_3D('',#2842,#2843,#2844);
#2842 = CARTESIAN_POINT('',(109.68,-103.32,-4.6E-02));
#2843 = DIRECTION('',(-0.,-0.,-1.));
#2844 = DIRECTION('',(1.,0.,-0.));
#2845 = ADVANCED_FACE('',(#2846),#2852,.T.);
#2846 = FACE_BOUND('',#2847,.T.);
#2847 = EDGE_LOOP('',(#2848,#2849,#2850,#2851));
#2848 = ORIENTED_EDGE('',*,*,#309,.T.);
#2849 = ORIENTED_EDGE('',*,*,#2835,.T.);
#2850 = ORIENTED_EDGE('',*,*,#1510,.F.);
#2851 = ORIENTED_EDGE('',*,*,#2794,.F.);
#2852 = PLANE('',#2853);
#2853 = AXIS2_PLACEMENT_3D('',#2854,#2855,#2856);
#2854 = CARTESIAN_POINT('',(109.38,-103.32,-4.6E-02));
#2855 = DIRECTION('',(1.,0.,-0.));
#2856 = DIRECTION('',(0.,-1.,0.));
#2857 = ADVANCED_FACE('',(#2858),#2869,.F.);
#2858 = FACE_BOUND('',#2859,.T.);
#2859 = EDGE_LOOP('',(#2860,#2861,#2867,#2868));
#2860 = ORIENTED_EDGE('',*,*,#334,.T.);
#2861 = ORIENTED_EDGE('',*,*,#2862,.T.);
#2862 = EDGE_CURVE('',#335,#1536,#2863,.T.);
#2863 = LINE('',#2864,#2865);
#2864 = CARTESIAN_POINT('',(111.11,-104.725,-4.6E-02));
#2865 = VECTOR('',#2866,1.);
#2866 = DIRECTION('',(0.,0.,1.));
#2867 = ORIENTED_EDGE('',*,*,#1535,.F.);
#2868 = ORIENTED_EDGE('',*,*,#2862,.F.);
#2869 = CYLINDRICAL_SURFACE('',#2870,0.325);
#2870 = AXIS2_PLACEMENT_3D('',#2871,#2872,#2873);
#2871 = CARTESIAN_POINT('',(111.11,-104.4,-4.6E-02));
#2872 = DIRECTION('',(-0.,-0.,-1.));
#2873 = DIRECTION('',(-0.,-1.,0.));
#2874 = ADVANCED_FACE('',(#2875),#2891,.F.);
#2875 = FACE_BOUND('',#2876,.T.);
#2876 = EDGE_LOOP('',(#2877,#2878,#2884,#2885));
#2877 = ORIENTED_EDGE('',*,*,#345,.T.);
#2878 = ORIENTED_EDGE('',*,*,#2879,.T.);
#2879 = EDGE_CURVE('',#348,#1549,#2880,.T.);
#2880 = LINE('',#2881,#2882);
#2881 = CARTESIAN_POINT('',(118.02,-108.35,-4.6E-02));
#2882 = VECTOR('',#2883,1.);
#2883 = DIRECTION('',(0.,0.,1.));
#2884 = ORIENTED_EDGE('',*,*,#1546,.F.);
#2885 = ORIENTED_EDGE('',*,*,#2886,.F.);
#2886 = EDGE_CURVE('',#346,#1547,#2887,.T.);
#2887 = LINE('',#2888,#2889);
#2888 = CARTESIAN_POINT('',(118.62,-108.35,-4.6E-02));
#2889 = VECTOR('',#2890,1.);
#2890 = DIRECTION('',(0.,0.,1.));
#2891 = CYLINDRICAL_SURFACE('',#2892,0.3);
#2892 = AXIS2_PLACEMENT_3D('',#2893,#2894,#2895);
#2893 = CARTESIAN_POINT('',(118.32,-108.35,-4.6E-02));
#2894 = DIRECTION('',(-0.,-0.,-1.));
#2895 = DIRECTION('',(-1.,0.,-0.));
#2896 = ADVANCED_FACE('',(#2897),#2908,.T.);
#2897 = FACE_BOUND('',#2898,.T.);
#2898 = EDGE_LOOP('',(#2899,#2900,#2901,#2902));
#2899 = ORIENTED_EDGE('',*,*,#373,.T.);
#2900 = ORIENTED_EDGE('',*,*,#2886,.T.);
#2901 = ORIENTED_EDGE('',*,*,#1574,.F.);
#2902 = ORIENTED_EDGE('',*,*,#2903,.F.);
#2903 = EDGE_CURVE('',#365,#1566,#2904,.T.);
#2904 = LINE('',#2905,#2906);
#2905 = CARTESIAN_POINT('',(118.62,-107.75,-4.6E-02));
#2906 = VECTOR('',#2907,1.);
#2907 = DIRECTION('',(0.,0.,1.));
#2908 = PLANE('',#2909);
#2909 = AXIS2_PLACEMENT_3D('',#2910,#2911,#2912);
#2910 = CARTESIAN_POINT('',(118.62,-108.35,-4.6E-02));
#2911 = DIRECTION('',(-1.,0.,0.));
#2912 = DIRECTION('',(0.,1.,0.));
#2913 = ADVANCED_FACE('',(#2914),#2925,.F.);
#2914 = FACE_BOUND('',#2915,.T.);
#2915 = EDGE_LOOP('',(#2916,#2917,#2918,#2919));
#2916 = ORIENTED_EDGE('',*,*,#364,.T.);
#2917 = ORIENTED_EDGE('',*,*,#2903,.T.);
#2918 = ORIENTED_EDGE('',*,*,#1565,.F.);
#2919 = ORIENTED_EDGE('',*,*,#2920,.F.);
#2920 = EDGE_CURVE('',#357,#1558,#2921,.T.);
#2921 = LINE('',#2922,#2923);
#2922 = CARTESIAN_POINT('',(118.02,-107.75,-4.6E-02));
#2923 = VECTOR('',#2924,1.);
#2924 = DIRECTION('',(0.,0.,1.));
#2925 = CYLINDRICAL_SURFACE('',#2926,0.3);
#2926 = AXIS2_PLACEMENT_3D('',#2927,#2928,#2929);
#2927 = CARTESIAN_POINT('',(118.32,-107.75,-4.6E-02));
#2928 = DIRECTION('',(-0.,-0.,-1.));
#2929 = DIRECTION('',(1.,0.,-0.));
#2930 = ADVANCED_FACE('',(#2931),#2937,.T.);
#2931 = FACE_BOUND('',#2932,.T.);
#2932 = EDGE_LOOP('',(#2933,#2934,#2935,#2936));
#2933 = ORIENTED_EDGE('',*,*,#356,.T.);
#2934 = ORIENTED_EDGE('',*,*,#2920,.T.);
#2935 = ORIENTED_EDGE('',*,*,#1557,.F.);
#2936 = ORIENTED_EDGE('',*,*,#2879,.F.);
#2937 = PLANE('',#2938);
#2938 = AXIS2_PLACEMENT_3D('',#2939,#2940,#2941);
#2939 = CARTESIAN_POINT('',(118.02,-107.75,-4.6E-02));
#2940 = DIRECTION('',(1.,0.,-0.));
#2941 = DIRECTION('',(0.,-1.,0.));
#2942 = ADVANCED_FACE('',(#2943),#2954,.F.);
#2943 = FACE_BOUND('',#2944,.T.);
#2944 = EDGE_LOOP('',(#2945,#2946,#2952,#2953));
#2945 = ORIENTED_EDGE('',*,*,#381,.T.);
#2946 = ORIENTED_EDGE('',*,*,#2947,.T.);
#2947 = EDGE_CURVE('',#382,#1583,#2948,.T.);
#2948 = LINE('',#2949,#2950);
#2949 = CARTESIAN_POINT('',(116.89,-104.725,-4.6E-02));
#2950 = VECTOR('',#2951,1.);
#2951 = DIRECTION('',(0.,0.,1.));
#2952 = ORIENTED_EDGE('',*,*,#1582,.F.);
#2953 = ORIENTED_EDGE('',*,*,#2947,.F.);
#2954 = CYLINDRICAL_SURFACE('',#2955,0.325);
#2955 = AXIS2_PLACEMENT_3D('',#2956,#2957,#2958);
#2956 = CARTESIAN_POINT('',(116.89,-104.4,-4.6E-02));
#2957 = DIRECTION('',(-0.,-0.,-1.));
#2958 = DIRECTION('',(-0.,-1.,0.));
#2959 = ADVANCED_FACE('',(#2960),#2976,.F.);
#2960 = FACE_BOUND('',#2961,.T.);
#2961 = EDGE_LOOP('',(#2962,#2963,#2969,#2970));
#2962 = ORIENTED_EDGE('',*,*,#392,.T.);
#2963 = ORIENTED_EDGE('',*,*,#2964,.T.);
#2964 = EDGE_CURVE('',#395,#1596,#2965,.T.);
#2965 = LINE('',#2966,#2967);
#2966 = CARTESIAN_POINT('',(118.02,-104.42,-4.6E-02));
#2967 = VECTOR('',#2968,1.);
#2968 = DIRECTION('',(0.,0.,1.));
#2969 = ORIENTED_EDGE('',*,*,#1593,.F.);
#2970 = ORIENTED_EDGE('',*,*,#2971,.F.);
#2971 = EDGE_CURVE('',#393,#1594,#2972,.T.);
#2972 = LINE('',#2973,#2974);
#2973 = CARTESIAN_POINT('',(118.62,-104.42,-4.6E-02));
#2974 = VECTOR('',#2975,1.);
#2975 = DIRECTION('',(0.,0.,1.));
#2976 = CYLINDRICAL_SURFACE('',#2977,0.3);
#2977 = AXIS2_PLACEMENT_3D('',#2978,#2979,#2980);
#2978 = CARTESIAN_POINT('',(118.32,-104.42,-4.6E-02));
#2979 = DIRECTION('',(-0.,-0.,-1.));
#2980 = DIRECTION('',(-1.,-4.736951571734E-14,0.));
#2981 = ADVANCED_FACE('',(#2982),#2993,.T.);
#2982 = FACE_BOUND('',#2983,.T.);
#2983 = EDGE_LOOP('',(#2984,#2985,#2986,#2987));
#2984 = ORIENTED_EDGE('',*,*,#420,.T.);
#2985 = ORIENTED_EDGE('',*,*,#2971,.T.);
#2986 = ORIENTED_EDGE('',*,*,#1621,.F.);
#2987 = ORIENTED_EDGE('',*,*,#2988,.F.);
#2988 = EDGE_CURVE('',#412,#1613,#2989,.T.);
#2989 = LINE('',#2990,#2991);
#2990 = CARTESIAN_POINT('',(118.62,-103.32,-4.6E-02));
#2991 = VECTOR('',#2992,1.);
#2992 = DIRECTION('',(0.,0.,1.));
#2993 = PLANE('',#2994);
#2994 = AXIS2_PLACEMENT_3D('',#2995,#2996,#2997);
#2995 = CARTESIAN_POINT('',(118.62,-104.42,-4.6E-02));
#2996 = DIRECTION('',(-1.,0.,0.));
#2997 = DIRECTION('',(0.,1.,0.));
#2998 = ADVANCED_FACE('',(#2999),#3010,.F.);
#2999 = FACE_BOUND('',#3000,.T.);
#3000 = EDGE_LOOP('',(#3001,#3002,#3003,#3004));
#3001 = ORIENTED_EDGE('',*,*,#411,.T.);
#3002 = ORIENTED_EDGE('',*,*,#2988,.T.);
#3003 = ORIENTED_EDGE('',*,*,#1612,.F.);
#3004 = ORIENTED_EDGE('',*,*,#3005,.F.);
#3005 = EDGE_CURVE('',#404,#1605,#3006,.T.);
#3006 = LINE('',#3007,#3008);
#3007 = CARTESIAN_POINT('',(118.02,-103.32,-4.6E-02));
#3008 = VECTOR('',#3009,1.);
#3009 = DIRECTION('',(0.,0.,1.));
#3010 = CYLINDRICAL_SURFACE('',#3011,0.3);
#3011 = AXIS2_PLACEMENT_3D('',#3012,#3013,#3014);
#3012 = CARTESIAN_POINT('',(118.32,-103.32,-4.6E-02));
#3013 = DIRECTION('',(-0.,-0.,-1.));
#3014 = DIRECTION('',(1.,0.,-0.));
#3015 = ADVANCED_FACE('',(#3016),#3022,.T.);
#3016 = FACE_BOUND('',#3017,.T.);
#3017 = EDGE_LOOP('',(#3018,#3019,#3020,#3021));
#3018 = ORIENTED_EDGE('',*,*,#403,.T.);
#3019 = ORIENTED_EDGE('',*,*,#3005,.T.);
#3020 = ORIENTED_EDGE('',*,*,#1604,.F.);
#3021 = ORIENTED_EDGE('',*,*,#2964,.F.);
#3022 = PLANE('',#3023);
#3023 = AXIS2_PLACEMENT_3D('',#3024,#3025,#3026);
#3024 = CARTESIAN_POINT('',(118.02,-103.32,-4.6E-02));
#3025 = DIRECTION('',(1.,0.,-0.));
#3026 = DIRECTION('',(0.,-1.,0.));
#3027 = ADVANCED_FACE('',(#3028),#3039,.F.);
#3028 = FACE_BOUND('',#3029,.T.);
#3029 = EDGE_LOOP('',(#3030,#3031,#3037,#3038));
#3030 = ORIENTED_EDGE('',*,*,#428,.T.);
#3031 = ORIENTED_EDGE('',*,*,#3032,.T.);
#3032 = EDGE_CURVE('',#429,#1630,#3033,.T.);
#3033 = LINE('',#3034,#3035);
#3034 = CARTESIAN_POINT('',(126.,-107.6,-4.6E-02));
#3035 = VECTOR('',#3036,1.);
#3036 = DIRECTION('',(0.,0.,1.));
#3037 = ORIENTED_EDGE('',*,*,#1629,.F.);
#3038 = ORIENTED_EDGE('',*,*,#3032,.F.);
#3039 = CYLINDRICAL_SURFACE('',#3040,1.6);
#3040 = AXIS2_PLACEMENT_3D('',#3041,#3042,#3043);
#3041 = CARTESIAN_POINT('',(126.,-106.,-4.6E-02));
#3042 = DIRECTION('',(-0.,-0.,-1.));
#3043 = DIRECTION('',(-0.,-1.,0.));
#3044 = ADVANCED_FACE('',(#3045),#3056,.F.);
#3045 = FACE_BOUND('',#3046,.T.);
#3046 = EDGE_LOOP('',(#3047,#3048,#3054,#3055));
#3047 = ORIENTED_EDGE('',*,*,#439,.T.);
#3048 = ORIENTED_EDGE('',*,*,#3049,.T.);
#3049 = EDGE_CURVE('',#440,#1641,#3050,.T.);
#3050 = LINE('',#3051,#3052);
#3051 = CARTESIAN_POINT('',(99.425,-70.05,-4.6E-02));
#3052 = VECTOR('',#3053,1.);
#3053 = DIRECTION('',(0.,0.,1.));
#3054 = ORIENTED_EDGE('',*,*,#1640,.F.);
#3055 = ORIENTED_EDGE('',*,*,#3049,.F.);
#3056 = CYLINDRICAL_SURFACE('',#3057,9.999999999999E-02);
#3057 = AXIS2_PLACEMENT_3D('',#3058,#3059,#3060);
#3058 = CARTESIAN_POINT('',(99.425,-69.95,-4.6E-02));
#3059 = DIRECTION('',(-0.,-0.,-1.));
#3060 = DIRECTION('',(-1.42108547152E-13,-1.,0.));
#3061 = ADVANCED_FACE('',(#3062),#3073,.F.);
#3062 = FACE_BOUND('',#3063,.T.);
#3063 = EDGE_LOOP('',(#3064,#3065,#3071,#3072));
#3064 = ORIENTED_EDGE('',*,*,#450,.T.);
#3065 = ORIENTED_EDGE('',*,*,#3066,.T.);
#3066 = EDGE_CURVE('',#451,#1652,#3067,.T.);
#3067 = LINE('',#3068,#3069);
#3068 = CARTESIAN_POINT('',(100.575,-70.05,-4.6E-02));
#3069 = VECTOR('',#3070,1.);
#3070 = DIRECTION('',(0.,0.,1.));
#3071 = ORIENTED_EDGE('',*,*,#1651,.F.);
#3072 = ORIENTED_EDGE('',*,*,#3066,.F.);
#3073 = CYLINDRICAL_SURFACE('',#3074,0.1);
#3074 = AXIS2_PLACEMENT_3D('',#3075,#3076,#3077);
#3075 = CARTESIAN_POINT('',(100.575,-69.95,-4.6E-02));
#3076 = DIRECTION('',(-0.,0.,-1.));
#3077 = DIRECTION('',(1.42108547152E-13,-1.,-0.));
#3078 = ADVANCED_FACE('',(#3079),#3090,.F.);
#3079 = FACE_BOUND('',#3080,.T.);
#3080 = EDGE_LOOP('',(#3081,#3082,#3088,#3089));
#3081 = ORIENTED_EDGE('',*,*,#461,.T.);
#3082 = ORIENTED_EDGE('',*,*,#3083,.T.);
#3083 = EDGE_CURVE('',#462,#1663,#3084,.T.);
#3084 = LINE('',#3085,#3086);
#3085 = CARTESIAN_POINT('',(99.425,-69.1,-4.6E-02));
#3086 = VECTOR('',#3087,1.);
#3087 = DIRECTION('',(0.,0.,1.));
#3088 = ORIENTED_EDGE('',*,*,#1662,.F.);
#3089 = ORIENTED_EDGE('',*,*,#3083,.F.);
#3090 = CYLINDRICAL_SURFACE('',#3091,9.999999999999E-02);
#3091 = AXIS2_PLACEMENT_3D('',#3092,#3093,#3094);
#3092 = CARTESIAN_POINT('',(99.425,-69.,-4.6E-02));
#3093 = DIRECTION('',(-0.,-0.,-1.));
#3094 = DIRECTION('',(-1.42108547152E-13,-1.,0.));
#3095 = ADVANCED_FACE('',(#3096),#3107,.F.);
#3096 = FACE_BOUND('',#3097,.T.);
#3097 = EDGE_LOOP('',(#3098,#3099,#3105,#3106));
#3098 = ORIENTED_EDGE('',*,*,#472,.T.);
#3099 = ORIENTED_EDGE('',*,*,#3100,.T.);
#3100 = EDGE_CURVE('',#473,#1674,#3101,.T.);
#3101 = LINE('',#3102,#3103);
#3102 = CARTESIAN_POINT('',(100.575,-69.1,-4.6E-02));
#3103 = VECTOR('',#3104,1.);
#3104 = DIRECTION('',(0.,0.,1.));
#3105 = ORIENTED_EDGE('',*,*,#1673,.F.);
#3106 = ORIENTED_EDGE('',*,*,#3100,.F.);
#3107 = CYLINDRICAL_SURFACE('',#3108,0.1);
#3108 = AXIS2_PLACEMENT_3D('',#3109,#3110,#3111);
#3109 = CARTESIAN_POINT('',(100.575,-69.,-4.6E-02));
#3110 = DIRECTION('',(-0.,0.,-1.));
#3111 = DIRECTION('',(1.42108547152E-13,-1.,-0.));
#3112 = ADVANCED_FACE('',(#3113),#3124,.F.);
#3113 = FACE_BOUND('',#3114,.T.);
#3114 = EDGE_LOOP('',(#3115,#3116,#3122,#3123));
#3115 = ORIENTED_EDGE('',*,*,#483,.T.);
#3116 = ORIENTED_EDGE('',*,*,#3117,.T.);
#3117 = EDGE_CURVE('',#484,#1685,#3118,.T.);
#3118 = LINE('',#3119,#3120);
#3119 = CARTESIAN_POINT('',(99.425,-68.15,-4.6E-02));
#3120 = VECTOR('',#3121,1.);
#3121 = DIRECTION('',(0.,0.,1.));
#3122 = ORIENTED_EDGE('',*,*,#1684,.F.);
#3123 = ORIENTED_EDGE('',*,*,#3117,.F.);
#3124 = CYLINDRICAL_SURFACE('',#3125,1.E-01);
#3125 = AXIS2_PLACEMENT_3D('',#3126,#3127,#3128);
#3126 = CARTESIAN_POINT('',(99.425,-68.05,-4.6E-02));
#3127 = DIRECTION('',(-0.,-0.,-1.));
#3128 = DIRECTION('',(-1.42108547152E-13,-1.,0.));
#3129 = ADVANCED_FACE('',(#3130),#3141,.F.);
#3130 = FACE_BOUND('',#3131,.T.);
#3131 = EDGE_LOOP('',(#3132,#3133,#3139,#3140));
#3132 = ORIENTED_EDGE('',*,*,#494,.T.);
#3133 = ORIENTED_EDGE('',*,*,#3134,.T.);
#3134 = EDGE_CURVE('',#495,#1696,#3135,.T.);
#3135 = LINE('',#3136,#3137);
#3136 = CARTESIAN_POINT('',(100.575,-68.15,-4.6E-02));
#3137 = VECTOR('',#3138,1.);
#3138 = DIRECTION('',(0.,0.,1.));
#3139 = ORIENTED_EDGE('',*,*,#1695,.F.);
#3140 = ORIENTED_EDGE('',*,*,#3134,.F.);
#3141 = CYLINDRICAL_SURFACE('',#3142,0.1);
#3142 = AXIS2_PLACEMENT_3D('',#3143,#3144,#3145);
#3143 = CARTESIAN_POINT('',(100.575,-68.05,-4.6E-02));
#3144 = DIRECTION('',(-0.,0.,-1.));
#3145 = DIRECTION('',(1.42108547152E-13,-1.,-0.));
#3146 = ADVANCED_FACE('',(#3147),#3158,.F.);
#3147 = FACE_BOUND('',#3148,.T.);
#3148 = EDGE_LOOP('',(#3149,#3150,#3156,#3157));
#3149 = ORIENTED_EDGE('',*,*,#505,.T.);
#3150 = ORIENTED_EDGE('',*,*,#3151,.T.);
#3151 = EDGE_CURVE('',#506,#1707,#3152,.T.);
#3152 = LINE('',#3153,#3154);
#3153 = CARTESIAN_POINT('',(120.8,-79.119,-4.6E-02));
#3154 = VECTOR('',#3155,1.);
#3155 = DIRECTION('',(0.,0.,1.));
#3156 = ORIENTED_EDGE('',*,*,#1706,.F.);
#3157 = ORIENTED_EDGE('',*,*,#3151,.F.);
#3158 = CYLINDRICAL_SURFACE('',#3159,1.5);
#3159 = AXIS2_PLACEMENT_3D('',#3160,#3161,#3162);
#3160 = CARTESIAN_POINT('',(120.8,-77.619,-4.6E-02));
#3161 = DIRECTION('',(-0.,-0.,-1.));
#3162 = DIRECTION('',(-0.,-1.,0.));
#3163 = ADVANCED_FACE('',(#3164),#3175,.F.);
#3164 = FACE_BOUND('',#3165,.T.);
#3165 = EDGE_LOOP('',(#3166,#3167,#3173,#3174));
#3166 = ORIENTED_EDGE('',*,*,#516,.T.);
#3167 = ORIENTED_EDGE('',*,*,#3168,.T.);
#3168 = EDGE_CURVE('',#517,#1718,#3169,.T.);
#3169 = LINE('',#3170,#3171);
#3170 = CARTESIAN_POINT('',(118.2,-75.,-4.6E-02));
#3171 = VECTOR('',#3172,1.);
#3172 = DIRECTION('',(0.,0.,1.));
#3173 = ORIENTED_EDGE('',*,*,#1717,.F.);
#3174 = ORIENTED_EDGE('',*,*,#3168,.F.);
#3175 = CYLINDRICAL_SURFACE('',#3176,0.5);
#3176 = AXIS2_PLACEMENT_3D('',#3177,#3178,#3179);
#3177 = CARTESIAN_POINT('',(118.2,-74.5,-4.6E-02));
#3178 = DIRECTION('',(-0.,-0.,-1.));
#3179 = DIRECTION('',(-0.,-1.,0.));
#3180 = ADVANCED_FACE('',(#3181),#3192,.F.);
#3181 = FACE_BOUND('',#3182,.T.);
#3182 = EDGE_LOOP('',(#3183,#3184,#3190,#3191));
#3183 = ORIENTED_EDGE('',*,*,#527,.T.);
#3184 = ORIENTED_EDGE('',*,*,#3185,.T.);
#3185 = EDGE_CURVE('',#528,#1729,#3186,.T.);
#3186 = LINE('',#3187,#3188);
#3187 = CARTESIAN_POINT('',(118.2,-72.5,-4.6E-02));
#3188 = VECTOR('',#3189,1.);
#3189 = DIRECTION('',(0.,0.,1.));
#3190 = ORIENTED_EDGE('',*,*,#1728,.F.);
#3191 = ORIENTED_EDGE('',*,*,#3185,.F.);
#3192 = CYLINDRICAL_SURFACE('',#3193,0.5);
#3193 = AXIS2_PLACEMENT_3D('',#3194,#3195,#3196);
#3194 = CARTESIAN_POINT('',(118.2,-72.,-4.6E-02));
#3195 = DIRECTION('',(-0.,-0.,-1.));
#3196 = DIRECTION('',(-0.,-1.,0.));
#3197 = ADVANCED_FACE('',(#3198),#3209,.F.);
#3198 = FACE_BOUND('',#3199,.T.);
#3199 = EDGE_LOOP('',(#3200,#3201,#3207,#3208));
#3200 = ORIENTED_EDGE('',*,*,#538,.T.);
#3201 = ORIENTED_EDGE('',*,*,#3202,.T.);
#3202 = EDGE_CURVE('',#539,#1740,#3203,.T.);
#3203 = LINE('',#3204,#3205);
#3204 = CARTESIAN_POINT('',(118.2,-70.5,-4.6E-02));
#3205 = VECTOR('',#3206,1.);
#3206 = DIRECTION('',(0.,0.,1.));
#3207 = ORIENTED_EDGE('',*,*,#1739,.F.);
#3208 = ORIENTED_EDGE('',*,*,#3202,.F.);
#3209 = CYLINDRICAL_SURFACE('',#3210,0.5);
#3210 = AXIS2_PLACEMENT_3D('',#3211,#3212,#3213);
#3211 = CARTESIAN_POINT('',(118.2,-70.,-4.6E-02));
#3212 = DIRECTION('',(-0.,-0.,-1.));
#3213 = DIRECTION('',(-0.,-1.,0.));
#3214 = ADVANCED_FACE('',(#3215),#3226,.F.);
#3215 = FACE_BOUND('',#3216,.T.);
#3216 = EDGE_LOOP('',(#3217,#3218,#3224,#3225));
#3217 = ORIENTED_EDGE('',*,*,#549,.T.);
#3218 = ORIENTED_EDGE('',*,*,#3219,.T.);
#3219 = EDGE_CURVE('',#550,#1751,#3220,.T.);
#3220 = LINE('',#3221,#3222);
#3221 = CARTESIAN_POINT('',(118.2,-68.,-4.6E-02));
#3222 = VECTOR('',#3223,1.);
#3223 = DIRECTION('',(0.,0.,1.));
#3224 = ORIENTED_EDGE('',*,*,#1750,.F.);
#3225 = ORIENTED_EDGE('',*,*,#3219,.F.);
#3226 = CYLINDRICAL_SURFACE('',#3227,0.5);
#3227 = AXIS2_PLACEMENT_3D('',#3228,#3229,#3230);
#3228 = CARTESIAN_POINT('',(118.2,-67.5,-4.6E-02));
#3229 = DIRECTION('',(-0.,-0.,-1.));
#3230 = DIRECTION('',(-0.,-1.,0.));
#3231 = ADVANCED_FACE('',(#3232),#3248,.F.);
#3232 = FACE_BOUND('',#3233,.T.);
#3233 = EDGE_LOOP('',(#3234,#3235,#3241,#3242));
#3234 = ORIENTED_EDGE('',*,*,#560,.T.);
#3235 = ORIENTED_EDGE('',*,*,#3236,.T.);
#3236 = EDGE_CURVE('',#563,#1764,#3237,.T.);
#3237 = LINE('',#3238,#3239);
#3238 = CARTESIAN_POINT('',(22.55,-59.45,-4.6E-02));
#3239 = VECTOR('',#3240,1.);
#3240 = DIRECTION('',(0.,0.,1.));
#3241 = ORIENTED_EDGE('',*,*,#1761,.F.);
#3242 = ORIENTED_EDGE('',*,*,#3243,.F.);
#3243 = EDGE_CURVE('',#561,#1762,#3244,.T.);
#3244 = LINE('',#3245,#3246);
#3245 = CARTESIAN_POINT('',(22.55,-58.85,-4.6E-02));
#3246 = VECTOR('',#3247,1.);
#3247 = DIRECTION('',(0.,0.,1.));
#3248 = CYLINDRICAL_SURFACE('',#3249,0.3);
#3249 = AXIS2_PLACEMENT_3D('',#3250,#3251,#3252);
#3250 = CARTESIAN_POINT('',(22.55,-59.15,-4.6E-02));
#3251 = DIRECTION('',(-0.,-0.,-1.));
#3252 = DIRECTION('',(-1.184237892933E-14,-1.,0.));
#3253 = ADVANCED_FACE('',(#3254),#3265,.T.);
#3254 = FACE_BOUND('',#3255,.T.);
#3255 = EDGE_LOOP('',(#3256,#3257,#3258,#3259));
#3256 = ORIENTED_EDGE('',*,*,#588,.T.);
#3257 = ORIENTED_EDGE('',*,*,#3243,.T.);
#3258 = ORIENTED_EDGE('',*,*,#1789,.F.);
#3259 = ORIENTED_EDGE('',*,*,#3260,.F.);
#3260 = EDGE_CURVE('',#580,#1781,#3261,.T.);
#3261 = LINE('',#3262,#3263);
#3262 = CARTESIAN_POINT('',(21.45,-58.85,-4.6E-02));
#3263 = VECTOR('',#3264,1.);
#3264 = DIRECTION('',(0.,0.,1.));
#3265 = PLANE('',#3266);
#3266 = AXIS2_PLACEMENT_3D('',#3267,#3268,#3269);
#3267 = CARTESIAN_POINT('',(22.55,-58.85,-4.6E-02));
#3268 = DIRECTION('',(0.,-1.,0.));
#3269 = DIRECTION('',(-1.,0.,0.));
#3270 = ADVANCED_FACE('',(#3271),#3282,.F.);
#3271 = FACE_BOUND('',#3272,.T.);
#3272 = EDGE_LOOP('',(#3273,#3274,#3275,#3276));
#3273 = ORIENTED_EDGE('',*,*,#579,.T.);
#3274 = ORIENTED_EDGE('',*,*,#3260,.T.);
#3275 = ORIENTED_EDGE('',*,*,#1780,.F.);
#3276 = ORIENTED_EDGE('',*,*,#3277,.F.);
#3277 = EDGE_CURVE('',#572,#1773,#3278,.T.);
#3278 = LINE('',#3279,#3280);
#3279 = CARTESIAN_POINT('',(21.45,-59.45,-4.6E-02));
#3280 = VECTOR('',#3281,1.);
#3281 = DIRECTION('',(0.,0.,1.));
#3282 = CYLINDRICAL_SURFACE('',#3283,0.3);
#3283 = AXIS2_PLACEMENT_3D('',#3284,#3285,#3286);
#3284 = CARTESIAN_POINT('',(21.45,-59.15,-4.6E-02));
#3285 = DIRECTION('',(-0.,-0.,-1.));
#3286 = DIRECTION('',(1.184237892934E-14,1.,-0.));
#3287 = ADVANCED_FACE('',(#3288),#3294,.T.);
#3288 = FACE_BOUND('',#3289,.T.);
#3289 = EDGE_LOOP('',(#3290,#3291,#3292,#3293));
#3290 = ORIENTED_EDGE('',*,*,#571,.T.);
#3291 = ORIENTED_EDGE('',*,*,#3277,.T.);
#3292 = ORIENTED_EDGE('',*,*,#1772,.F.);
#3293 = ORIENTED_EDGE('',*,*,#3236,.F.);
#3294 = PLANE('',#3295);
#3295 = AXIS2_PLACEMENT_3D('',#3296,#3297,#3298);
#3296 = CARTESIAN_POINT('',(21.45,-59.45,-4.6E-02));
#3297 = DIRECTION('',(0.,1.,0.));
#3298 = DIRECTION('',(1.,0.,0.));
#3299 = ADVANCED_FACE('',(#3300),#3311,.F.);
#3300 = FACE_BOUND('',#3301,.T.);
#3301 = EDGE_LOOP('',(#3302,#3303,#3309,#3310));
#3302 = ORIENTED_EDGE('',*,*,#596,.T.);
#3303 = ORIENTED_EDGE('',*,*,#3304,.T.);
#3304 = EDGE_CURVE('',#597,#1798,#3305,.T.);
#3305 = LINE('',#3306,#3307);
#3306 = CARTESIAN_POINT('',(28.,-57.35,-4.6E-02));
#3307 = VECTOR('',#3308,1.);
#3308 = DIRECTION('',(0.,0.,1.));
#3309 = ORIENTED_EDGE('',*,*,#1797,.F.);
#3310 = ORIENTED_EDGE('',*,*,#3304,.F.);
#3311 = CYLINDRICAL_SURFACE('',#3312,1.35);
#3312 = AXIS2_PLACEMENT_3D('',#3313,#3314,#3315);
#3313 = CARTESIAN_POINT('',(28.,-56.,-4.6E-02));
#3314 = DIRECTION('',(-0.,-0.,-1.));
#3315 = DIRECTION('',(-0.,-1.,0.));
#3316 = ADVANCED_FACE('',(#3317),#3333,.F.);
#3317 = FACE_BOUND('',#3318,.T.);
#3318 = EDGE_LOOP('',(#3319,#3320,#3326,#3327));
#3319 = ORIENTED_EDGE('',*,*,#607,.T.);
#3320 = ORIENTED_EDGE('',*,*,#3321,.T.);
#3321 = EDGE_CURVE('',#610,#1811,#3322,.T.);
#3322 = LINE('',#3323,#3324);
#3323 = CARTESIAN_POINT('',(22.55,-45.95,-4.6E-02));
#3324 = VECTOR('',#3325,1.);
#3325 = DIRECTION('',(0.,0.,1.));
#3326 = ORIENTED_EDGE('',*,*,#1808,.F.);
#3327 = ORIENTED_EDGE('',*,*,#3328,.F.);
#3328 = EDGE_CURVE('',#608,#1809,#3329,.T.);
#3329 = LINE('',#3330,#3331);
#3330 = CARTESIAN_POINT('',(22.55,-45.35,-4.6E-02));
#3331 = VECTOR('',#3332,1.);
#3332 = DIRECTION('',(0.,0.,1.));
#3333 = CYLINDRICAL_SURFACE('',#3334,0.3);
#3334 = AXIS2_PLACEMENT_3D('',#3335,#3336,#3337);
#3335 = CARTESIAN_POINT('',(22.55,-45.65,-4.6E-02));
#3336 = DIRECTION('',(-0.,-0.,-1.));
#3337 = DIRECTION('',(-1.184237892933E-14,-1.,0.));
#3338 = ADVANCED_FACE('',(#3339),#3350,.T.);
#3339 = FACE_BOUND('',#3340,.T.);
#3340 = EDGE_LOOP('',(#3341,#3342,#3343,#3344));
#3341 = ORIENTED_EDGE('',*,*,#635,.T.);
#3342 = ORIENTED_EDGE('',*,*,#3328,.T.);
#3343 = ORIENTED_EDGE('',*,*,#1836,.F.);
#3344 = ORIENTED_EDGE('',*,*,#3345,.F.);
#3345 = EDGE_CURVE('',#627,#1828,#3346,.T.);
#3346 = LINE('',#3347,#3348);
#3347 = CARTESIAN_POINT('',(21.45,-45.35,-4.6E-02));
#3348 = VECTOR('',#3349,1.);
#3349 = DIRECTION('',(0.,0.,1.));
#3350 = PLANE('',#3351);
#3351 = AXIS2_PLACEMENT_3D('',#3352,#3353,#3354);
#3352 = CARTESIAN_POINT('',(22.55,-45.35,-4.6E-02));
#3353 = DIRECTION('',(0.,-1.,0.));
#3354 = DIRECTION('',(-1.,0.,0.));
#3355 = ADVANCED_FACE('',(#3356),#3367,.F.);
#3356 = FACE_BOUND('',#3357,.T.);
#3357 = EDGE_LOOP('',(#3358,#3359,#3360,#3361));
#3358 = ORIENTED_EDGE('',*,*,#626,.T.);
#3359 = ORIENTED_EDGE('',*,*,#3345,.T.);
#3360 = ORIENTED_EDGE('',*,*,#1827,.F.);
#3361 = ORIENTED_EDGE('',*,*,#3362,.F.);
#3362 = EDGE_CURVE('',#619,#1820,#3363,.T.);
#3363 = LINE('',#3364,#3365);
#3364 = CARTESIAN_POINT('',(21.45,-45.95,-4.6E-02));
#3365 = VECTOR('',#3366,1.);
#3366 = DIRECTION('',(0.,0.,1.));
#3367 = CYLINDRICAL_SURFACE('',#3368,0.3);
#3368 = AXIS2_PLACEMENT_3D('',#3369,#3370,#3371);
#3369 = CARTESIAN_POINT('',(21.45,-45.65,-4.6E-02));
#3370 = DIRECTION('',(-0.,-0.,-1.));
#3371 = DIRECTION('',(1.184237892934E-14,1.,-0.));
#3372 = ADVANCED_FACE('',(#3373),#3379,.T.);
#3373 = FACE_BOUND('',#3374,.T.);
#3374 = EDGE_LOOP('',(#3375,#3376,#3377,#3378));
#3375 = ORIENTED_EDGE('',*,*,#618,.T.);
#3376 = ORIENTED_EDGE('',*,*,#3362,.T.);
#3377 = ORIENTED_EDGE('',*,*,#1819,.F.);
#3378 = ORIENTED_EDGE('',*,*,#3321,.F.);
#3379 = PLANE('',#3380);
#3380 = AXIS2_PLACEMENT_3D('',#3381,#3382,#3383);
#3381 = CARTESIAN_POINT('',(21.45,-45.95,-4.6E-02));
#3382 = DIRECTION('',(0.,1.,0.));
#3383 = DIRECTION('',(1.,0.,0.));
#3384 = ADVANCED_FACE('',(#3385),#3396,.F.);
#3385 = FACE_BOUND('',#3386,.T.);
#3386 = EDGE_LOOP('',(#3387,#3388,#3394,#3395));
#3387 = ORIENTED_EDGE('',*,*,#643,.T.);
#3388 = ORIENTED_EDGE('',*,*,#3389,.T.);
#3389 = EDGE_CURVE('',#644,#1845,#3390,.T.);
#3390 = LINE('',#3391,#3392);
#3391 = CARTESIAN_POINT('',(28.,-50.15,-4.6E-02));
#3392 = VECTOR('',#3393,1.);
#3393 = DIRECTION('',(0.,0.,1.));
#3394 = ORIENTED_EDGE('',*,*,#1844,.F.);
#3395 = ORIENTED_EDGE('',*,*,#3389,.F.);
#3396 = CYLINDRICAL_SURFACE('',#3397,1.35);
#3397 = AXIS2_PLACEMENT_3D('',#3398,#3399,#3400);
#3398 = CARTESIAN_POINT('',(28.,-48.8,-4.6E-02));
#3399 = DIRECTION('',(-0.,-0.,-1.));
#3400 = DIRECTION('',(-0.,-1.,0.));
#3401 = ADVANCED_FACE('',(#3402),#3413,.F.);
#3402 = FACE_BOUND('',#3403,.T.);
#3403 = EDGE_LOOP('',(#3404,#3405,#3411,#3412));
#3404 = ORIENTED_EDGE('',*,*,#654,.T.);
#3405 = ORIENTED_EDGE('',*,*,#3406,.T.);
#3406 = EDGE_CURVE('',#655,#1856,#3407,.T.);
#3407 = LINE('',#3408,#3409);
#3408 = CARTESIAN_POINT('',(65.525,-65.3375,-4.6E-02));
#3409 = VECTOR('',#3410,1.);
#3410 = DIRECTION('',(0.,0.,1.));
#3411 = ORIENTED_EDGE('',*,*,#1855,.F.);
#3412 = ORIENTED_EDGE('',*,*,#3406,.F.);
#3413 = CYLINDRICAL_SURFACE('',#3414,1.E-01);
#3414 = AXIS2_PLACEMENT_3D('',#3415,#3416,#3417);
#3415 = CARTESIAN_POINT('',(65.525,-65.2375,-4.6E-02));
#3416 = DIRECTION('',(-0.,-0.,-1.));
#3417 = DIRECTION('',(-0.,-1.,0.));
#3418 = ADVANCED_FACE('',(#3419),#3430,.F.);
#3419 = FACE_BOUND('',#3420,.T.);
#3420 = EDGE_LOOP('',(#3421,#3422,#3428,#3429));
#3421 = ORIENTED_EDGE('',*,*,#665,.T.);
#3422 = ORIENTED_EDGE('',*,*,#3423,.T.);
#3423 = EDGE_CURVE('',#666,#1867,#3424,.T.);
#3424 = LINE('',#3425,#3426);
#3425 = CARTESIAN_POINT('',(66.7625,-65.3375,-4.6E-02));
#3426 = VECTOR('',#3427,1.);
#3427 = DIRECTION('',(0.,0.,1.));
#3428 = ORIENTED_EDGE('',*,*,#1866,.F.);
#3429 = ORIENTED_EDGE('',*,*,#3423,.F.);
#3430 = CYLINDRICAL_SURFACE('',#3431,0.1);
#3431 = AXIS2_PLACEMENT_3D('',#3432,#3433,#3434);
#3432 = CARTESIAN_POINT('',(66.7625,-65.2375,-4.6E-02));
#3433 = DIRECTION('',(-0.,0.,-1.));
#3434 = DIRECTION('',(1.42108547152E-13,-1.,-0.));
#3435 = ADVANCED_FACE('',(#3436),#3447,.F.);
#3436 = FACE_BOUND('',#3437,.T.);
#3437 = EDGE_LOOP('',(#3438,#3439,#3445,#3446));
#3438 = ORIENTED_EDGE('',*,*,#676,.T.);
#3439 = ORIENTED_EDGE('',*,*,#3440,.T.);
#3440 = EDGE_CURVE('',#677,#1878,#3441,.T.);
#3441 = LINE('',#3442,#3443);
#3442 = CARTESIAN_POINT('',(65.525,-64.1,-4.6E-02));
#3443 = VECTOR('',#3444,1.);
#3444 = DIRECTION('',(0.,0.,1.));
#3445 = ORIENTED_EDGE('',*,*,#1877,.F.);
#3446 = ORIENTED_EDGE('',*,*,#3440,.F.);
#3447 = CYLINDRICAL_SURFACE('',#3448,1.E-01);
#3448 = AXIS2_PLACEMENT_3D('',#3449,#3450,#3451);
#3449 = CARTESIAN_POINT('',(65.525,-64.,-4.6E-02));
#3450 = DIRECTION('',(-0.,-0.,-1.));
#3451 = DIRECTION('',(-0.,-1.,0.));
#3452 = ADVANCED_FACE('',(#3453),#3464,.F.);
#3453 = FACE_BOUND('',#3454,.T.);
#3454 = EDGE_LOOP('',(#3455,#3456,#3462,#3463));
#3455 = ORIENTED_EDGE('',*,*,#687,.T.);
#3456 = ORIENTED_EDGE('',*,*,#3457,.T.);
#3457 = EDGE_CURVE('',#688,#1889,#3458,.T.);
#3458 = LINE('',#3459,#3460);
#3459 = CARTESIAN_POINT('',(66.7625,-64.1,-4.6E-02));
#3460 = VECTOR('',#3461,1.);
#3461 = DIRECTION('',(0.,0.,1.));
#3462 = ORIENTED_EDGE('',*,*,#1888,.F.);
#3463 = ORIENTED_EDGE('',*,*,#3457,.F.);
#3464 = CYLINDRICAL_SURFACE('',#3465,0.1);
#3465 = AXIS2_PLACEMENT_3D('',#3466,#3467,#3468);
#3466 = CARTESIAN_POINT('',(66.7625,-64.,-4.6E-02));
#3467 = DIRECTION('',(-0.,0.,-1.));
#3468 = DIRECTION('',(1.42108547152E-13,-1.,-0.));
#3469 = ADVANCED_FACE('',(#3470),#3481,.F.);
#3470 = FACE_BOUND('',#3471,.T.);
#3471 = EDGE_LOOP('',(#3472,#3473,#3479,#3480));
#3472 = ORIENTED_EDGE('',*,*,#698,.T.);
#3473 = ORIENTED_EDGE('',*,*,#3474,.T.);
#3474 = EDGE_CURVE('',#699,#1900,#3475,.T.);
#3475 = LINE('',#3476,#3477);
#3476 = CARTESIAN_POINT('',(65.525,-62.8625,-4.6E-02));
#3477 = VECTOR('',#3478,1.);
#3478 = DIRECTION('',(0.,0.,1.));
#3479 = ORIENTED_EDGE('',*,*,#1899,.F.);
#3480 = ORIENTED_EDGE('',*,*,#3474,.F.);
#3481 = CYLINDRICAL_SURFACE('',#3482,1.E-01);
#3482 = AXIS2_PLACEMENT_3D('',#3483,#3484,#3485);
#3483 = CARTESIAN_POINT('',(65.525,-62.7625,-4.6E-02));
#3484 = DIRECTION('',(-0.,-0.,-1.));
#3485 = DIRECTION('',(-0.,-1.,0.));
#3486 = ADVANCED_FACE('',(#3487),#3498,.F.);
#3487 = FACE_BOUND('',#3488,.T.);
#3488 = EDGE_LOOP('',(#3489,#3490,#3496,#3497));
#3489 = ORIENTED_EDGE('',*,*,#709,.T.);
#3490 = ORIENTED_EDGE('',*,*,#3491,.T.);
#3491 = EDGE_CURVE('',#710,#1911,#3492,.T.);
#3492 = LINE('',#3493,#3494);
#3493 = CARTESIAN_POINT('',(65.525,-61.625,-4.6E-02));
#3494 = VECTOR('',#3495,1.);
#3495 = DIRECTION('',(0.,0.,1.));
#3496 = ORIENTED_EDGE('',*,*,#1910,.F.);
#3497 = ORIENTED_EDGE('',*,*,#3491,.F.);
#3498 = CYLINDRICAL_SURFACE('',#3499,1.E-01);
#3499 = AXIS2_PLACEMENT_3D('',#3500,#3501,#3502);
#3500 = CARTESIAN_POINT('',(65.525,-61.525,-4.6E-02));
#3501 = DIRECTION('',(-0.,-0.,-1.));
#3502 = DIRECTION('',(-0.,-1.,0.));
#3503 = ADVANCED_FACE('',(#3504),#3515,.F.);
#3504 = FACE_BOUND('',#3505,.T.);
#3505 = EDGE_LOOP('',(#3506,#3507,#3513,#3514));
#3506 = ORIENTED_EDGE('',*,*,#720,.T.);
#3507 = ORIENTED_EDGE('',*,*,#3508,.T.);
#3508 = EDGE_CURVE('',#721,#1922,#3509,.T.);
#3509 = LINE('',#3510,#3511);
#3510 = CARTESIAN_POINT('',(66.7625,-62.8625,-4.6E-02));
#3511 = VECTOR('',#3512,1.);
#3512 = DIRECTION('',(0.,0.,1.));
#3513 = ORIENTED_EDGE('',*,*,#1921,.F.);
#3514 = ORIENTED_EDGE('',*,*,#3508,.F.);
#3515 = CYLINDRICAL_SURFACE('',#3516,0.1);
#3516 = AXIS2_PLACEMENT_3D('',#3517,#3518,#3519);
#3517 = CARTESIAN_POINT('',(66.7625,-62.7625,-4.6E-02));
#3518 = DIRECTION('',(-0.,0.,-1.));
#3519 = DIRECTION('',(1.42108547152E-13,-1.,-0.));
#3520 = ADVANCED_FACE('',(#3521),#3532,.F.);
#3521 = FACE_BOUND('',#3522,.T.);
#3522 = EDGE_LOOP('',(#3523,#3524,#3530,#3531));
#3523 = ORIENTED_EDGE('',*,*,#731,.T.);
#3524 = ORIENTED_EDGE('',*,*,#3525,.T.);
#3525 = EDGE_CURVE('',#732,#1933,#3526,.T.);
#3526 = LINE('',#3527,#3528);
#3527 = CARTESIAN_POINT('',(66.7625,-61.625,-4.6E-02));
#3528 = VECTOR('',#3529,1.);
#3529 = DIRECTION('',(0.,0.,1.));
#3530 = ORIENTED_EDGE('',*,*,#1932,.F.);
#3531 = ORIENTED_EDGE('',*,*,#3525,.F.);
#3532 = CYLINDRICAL_SURFACE('',#3533,0.1);
#3533 = AXIS2_PLACEMENT_3D('',#3534,#3535,#3536);
#3534 = CARTESIAN_POINT('',(66.7625,-61.525,-4.6E-02));
#3535 = DIRECTION('',(-0.,0.,-1.));
#3536 = DIRECTION('',(1.42108547152E-13,-1.,-0.));
#3537 = ADVANCED_FACE('',(#3538),#3549,.F.);
#3538 = FACE_BOUND('',#3539,.T.);
#3539 = EDGE_LOOP('',(#3540,#3541,#3547,#3548));
#3540 = ORIENTED_EDGE('',*,*,#742,.T.);
#3541 = ORIENTED_EDGE('',*,*,#3542,.T.);
#3542 = EDGE_CURVE('',#743,#1944,#3543,.T.);
#3543 = LINE('',#3544,#3545);
#3544 = CARTESIAN_POINT('',(68.,-65.3375,-4.6E-02));
#3545 = VECTOR('',#3546,1.);
#3546 = DIRECTION('',(0.,0.,1.));
#3547 = ORIENTED_EDGE('',*,*,#1943,.F.);
#3548 = ORIENTED_EDGE('',*,*,#3542,.F.);
#3549 = CYLINDRICAL_SURFACE('',#3550,9.999999999999E-02);
#3550 = AXIS2_PLACEMENT_3D('',#3551,#3552,#3553);
#3551 = CARTESIAN_POINT('',(68.,-65.2375,-4.6E-02));
#3552 = DIRECTION('',(-0.,-0.,-1.));
#3553 = DIRECTION('',(-0.,-1.,0.));
#3554 = ADVANCED_FACE('',(#3555),#3566,.F.);
#3555 = FACE_BOUND('',#3556,.T.);
#3556 = EDGE_LOOP('',(#3557,#3558,#3564,#3565));
#3557 = ORIENTED_EDGE('',*,*,#753,.T.);
#3558 = ORIENTED_EDGE('',*,*,#3559,.T.);
#3559 = EDGE_CURVE('',#754,#1955,#3560,.T.);
#3560 = LINE('',#3561,#3562);
#3561 = CARTESIAN_POINT('',(69.2375,-65.3375,-4.6E-02));
#3562 = VECTOR('',#3563,1.);
#3563 = DIRECTION('',(0.,0.,1.));
#3564 = ORIENTED_EDGE('',*,*,#1954,.F.);
#3565 = ORIENTED_EDGE('',*,*,#3559,.F.);
#3566 = CYLINDRICAL_SURFACE('',#3567,1.E-01);
#3567 = AXIS2_PLACEMENT_3D('',#3568,#3569,#3570);
#3568 = CARTESIAN_POINT('',(69.2375,-65.2375,-4.6E-02));
#3569 = DIRECTION('',(-0.,-0.,-1.));
#3570 = DIRECTION('',(-1.42108547152E-13,-1.,0.));
#3571 = ADVANCED_FACE('',(#3572),#3583,.F.);
#3572 = FACE_BOUND('',#3573,.T.);
#3573 = EDGE_LOOP('',(#3574,#3575,#3581,#3582));
#3574 = ORIENTED_EDGE('',*,*,#764,.T.);
#3575 = ORIENTED_EDGE('',*,*,#3576,.T.);
#3576 = EDGE_CURVE('',#765,#1966,#3577,.T.);
#3577 = LINE('',#3578,#3579);
#3578 = CARTESIAN_POINT('',(70.475,-65.3375,-4.6E-02));
#3579 = VECTOR('',#3580,1.);
#3580 = DIRECTION('',(0.,0.,1.));
#3581 = ORIENTED_EDGE('',*,*,#1965,.F.);
#3582 = ORIENTED_EDGE('',*,*,#3576,.F.);
#3583 = CYLINDRICAL_SURFACE('',#3584,0.1);
#3584 = AXIS2_PLACEMENT_3D('',#3585,#3586,#3587);
#3585 = CARTESIAN_POINT('',(70.475,-65.2375,-4.6E-02));
#3586 = DIRECTION('',(-0.,-0.,-1.));
#3587 = DIRECTION('',(-0.,-1.,0.));
#3588 = ADVANCED_FACE('',(#3589),#3600,.F.);
#3589 = FACE_BOUND('',#3590,.T.);
#3590 = EDGE_LOOP('',(#3591,#3592,#3598,#3599));
#3591 = ORIENTED_EDGE('',*,*,#775,.T.);
#3592 = ORIENTED_EDGE('',*,*,#3593,.T.);
#3593 = EDGE_CURVE('',#776,#1977,#3594,.T.);
#3594 = LINE('',#3595,#3596);
#3595 = CARTESIAN_POINT('',(68.,-64.1,-4.6E-02));
#3596 = VECTOR('',#3597,1.);
#3597 = DIRECTION('',(0.,0.,1.));
#3598 = ORIENTED_EDGE('',*,*,#1976,.F.);
#3599 = ORIENTED_EDGE('',*,*,#3593,.F.);
#3600 = CYLINDRICAL_SURFACE('',#3601,9.999999999999E-02);
#3601 = AXIS2_PLACEMENT_3D('',#3602,#3603,#3604);
#3602 = CARTESIAN_POINT('',(68.,-64.,-4.6E-02));
#3603 = DIRECTION('',(-0.,-0.,-1.));
#3604 = DIRECTION('',(-0.,-1.,0.));
#3605 = ADVANCED_FACE('',(#3606),#3617,.F.);
#3606 = FACE_BOUND('',#3607,.T.);
#3607 = EDGE_LOOP('',(#3608,#3609,#3615,#3616));
#3608 = ORIENTED_EDGE('',*,*,#786,.T.);
#3609 = ORIENTED_EDGE('',*,*,#3610,.T.);
#3610 = EDGE_CURVE('',#787,#1988,#3611,.T.);
#3611 = LINE('',#3612,#3613);
#3612 = CARTESIAN_POINT('',(69.2375,-64.1,-4.6E-02));
#3613 = VECTOR('',#3614,1.);
#3614 = DIRECTION('',(0.,0.,1.));
#3615 = ORIENTED_EDGE('',*,*,#1987,.F.);
#3616 = ORIENTED_EDGE('',*,*,#3610,.F.);
#3617 = CYLINDRICAL_SURFACE('',#3618,9.999999999999E-02);
#3618 = AXIS2_PLACEMENT_3D('',#3619,#3620,#3621);
#3619 = CARTESIAN_POINT('',(69.2375,-64.,-4.6E-02));
#3620 = DIRECTION('',(-0.,-0.,-1.));
#3621 = DIRECTION('',(-1.42108547152E-13,-1.,0.));
#3622 = ADVANCED_FACE('',(#3623),#3634,.F.);
#3623 = FACE_BOUND('',#3624,.T.);
#3624 = EDGE_LOOP('',(#3625,#3626,#3632,#3633));
#3625 = ORIENTED_EDGE('',*,*,#797,.T.);
#3626 = ORIENTED_EDGE('',*,*,#3627,.T.);
#3627 = EDGE_CURVE('',#798,#1999,#3628,.T.);
#3628 = LINE('',#3629,#3630);
#3629 = CARTESIAN_POINT('',(70.475,-64.1,-4.6E-02));
#3630 = VECTOR('',#3631,1.);
#3631 = DIRECTION('',(0.,0.,1.));
#3632 = ORIENTED_EDGE('',*,*,#1998,.F.);
#3633 = ORIENTED_EDGE('',*,*,#3627,.F.);
#3634 = CYLINDRICAL_SURFACE('',#3635,0.1);
#3635 = AXIS2_PLACEMENT_3D('',#3636,#3637,#3638);
#3636 = CARTESIAN_POINT('',(70.475,-64.,-4.6E-02));
#3637 = DIRECTION('',(-0.,-0.,-1.));
#3638 = DIRECTION('',(-0.,-1.,0.));
#3639 = ADVANCED_FACE('',(#3640),#3651,.F.);
#3640 = FACE_BOUND('',#3641,.T.);
#3641 = EDGE_LOOP('',(#3642,#3643,#3649,#3650));
#3642 = ORIENTED_EDGE('',*,*,#808,.T.);
#3643 = ORIENTED_EDGE('',*,*,#3644,.T.);
#3644 = EDGE_CURVE('',#809,#2010,#3645,.T.);
#3645 = LINE('',#3646,#3647);
#3646 = CARTESIAN_POINT('',(68.,-62.8625,-4.6E-02));
#3647 = VECTOR('',#3648,1.);
#3648 = DIRECTION('',(0.,0.,1.));
#3649 = ORIENTED_EDGE('',*,*,#2009,.F.);
#3650 = ORIENTED_EDGE('',*,*,#3644,.F.);
#3651 = CYLINDRICAL_SURFACE('',#3652,9.999999999999E-02);
#3652 = AXIS2_PLACEMENT_3D('',#3653,#3654,#3655);
#3653 = CARTESIAN_POINT('',(68.,-62.7625,-4.6E-02));
#3654 = DIRECTION('',(-0.,-0.,-1.));
#3655 = DIRECTION('',(-0.,-1.,0.));
#3656 = ADVANCED_FACE('',(#3657),#3668,.F.);
#3657 = FACE_BOUND('',#3658,.T.);
#3658 = EDGE_LOOP('',(#3659,#3660,#3666,#3667));
#3659 = ORIENTED_EDGE('',*,*,#819,.T.);
#3660 = ORIENTED_EDGE('',*,*,#3661,.T.);
#3661 = EDGE_CURVE('',#820,#2021,#3662,.T.);
#3662 = LINE('',#3663,#3664);
#3663 = CARTESIAN_POINT('',(69.2375,-62.8625,-4.6E-02));
#3664 = VECTOR('',#3665,1.);
#3665 = DIRECTION('',(0.,0.,1.));
#3666 = ORIENTED_EDGE('',*,*,#2020,.F.);
#3667 = ORIENTED_EDGE('',*,*,#3661,.F.);
#3668 = CYLINDRICAL_SURFACE('',#3669,1.E-01);
#3669 = AXIS2_PLACEMENT_3D('',#3670,#3671,#3672);
#3670 = CARTESIAN_POINT('',(69.2375,-62.7625,-4.6E-02));
#3671 = DIRECTION('',(-0.,-0.,-1.));
#3672 = DIRECTION('',(-1.42108547152E-13,-1.,0.));
#3673 = ADVANCED_FACE('',(#3674),#3685,.F.);
#3674 = FACE_BOUND('',#3675,.T.);
#3675 = EDGE_LOOP('',(#3676,#3677,#3683,#3684));
#3676 = ORIENTED_EDGE('',*,*,#830,.T.);
#3677 = ORIENTED_EDGE('',*,*,#3678,.T.);
#3678 = EDGE_CURVE('',#831,#2032,#3679,.T.);
#3679 = LINE('',#3680,#3681);
#3680 = CARTESIAN_POINT('',(68.,-61.625,-4.6E-02));
#3681 = VECTOR('',#3682,1.);
#3682 = DIRECTION('',(0.,0.,1.));
#3683 = ORIENTED_EDGE('',*,*,#2031,.F.);
#3684 = ORIENTED_EDGE('',*,*,#3678,.F.);
#3685 = CYLINDRICAL_SURFACE('',#3686,9.999999999999E-02);
#3686 = AXIS2_PLACEMENT_3D('',#3687,#3688,#3689);
#3687 = CARTESIAN_POINT('',(68.,-61.525,-4.6E-02));
#3688 = DIRECTION('',(-0.,-0.,-1.));
#3689 = DIRECTION('',(-0.,-1.,0.));
#3690 = ADVANCED_FACE('',(#3691),#3702,.F.);
#3691 = FACE_BOUND('',#3692,.T.);
#3692 = EDGE_LOOP('',(#3693,#3694,#3700,#3701));
#3693 = ORIENTED_EDGE('',*,*,#841,.T.);
#3694 = ORIENTED_EDGE('',*,*,#3695,.T.);
#3695 = EDGE_CURVE('',#842,#2043,#3696,.T.);
#3696 = LINE('',#3697,#3698);
#3697 = CARTESIAN_POINT('',(69.2375,-61.625,-4.6E-02));
#3698 = VECTOR('',#3699,1.);
#3699 = DIRECTION('',(0.,0.,1.));
#3700 = ORIENTED_EDGE('',*,*,#2042,.F.);
#3701 = ORIENTED_EDGE('',*,*,#3695,.F.);
#3702 = CYLINDRICAL_SURFACE('',#3703,1.E-01);
#3703 = AXIS2_PLACEMENT_3D('',#3704,#3705,#3706);
#3704 = CARTESIAN_POINT('',(69.2375,-61.525,-4.6E-02));
#3705 = DIRECTION('',(-0.,-0.,-1.));
#3706 = DIRECTION('',(-1.42108547152E-13,-1.,0.));
#3707 = ADVANCED_FACE('',(#3708),#3719,.F.);
#3708 = FACE_BOUND('',#3709,.T.);
#3709 = EDGE_LOOP('',(#3710,#3711,#3717,#3718));
#3710 = ORIENTED_EDGE('',*,*,#852,.T.);
#3711 = ORIENTED_EDGE('',*,*,#3712,.T.);
#3712 = EDGE_CURVE('',#853,#2054,#3713,.T.);
#3713 = LINE('',#3714,#3715);
#3714 = CARTESIAN_POINT('',(70.475,-62.8625,-4.6E-02));
#3715 = VECTOR('',#3716,1.);
#3716 = DIRECTION('',(0.,0.,1.));
#3717 = ORIENTED_EDGE('',*,*,#2053,.F.);
#3718 = ORIENTED_EDGE('',*,*,#3712,.F.);
#3719 = CYLINDRICAL_SURFACE('',#3720,0.1);
#3720 = AXIS2_PLACEMENT_3D('',#3721,#3722,#3723);
#3721 = CARTESIAN_POINT('',(70.475,-62.7625,-4.6E-02));
#3722 = DIRECTION('',(-0.,-0.,-1.));
#3723 = DIRECTION('',(-0.,-1.,0.));
#3724 = ADVANCED_FACE('',(#3725),#3736,.F.);
#3725 = FACE_BOUND('',#3726,.T.);
#3726 = EDGE_LOOP('',(#3727,#3728,#3734,#3735));
#3727 = ORIENTED_EDGE('',*,*,#863,.T.);
#3728 = ORIENTED_EDGE('',*,*,#3729,.T.);
#3729 = EDGE_CURVE('',#864,#2065,#3730,.T.);
#3730 = LINE('',#3731,#3732);
#3731 = CARTESIAN_POINT('',(70.475,-61.625,-4.6E-02));
#3732 = VECTOR('',#3733,1.);
#3733 = DIRECTION('',(0.,0.,1.));
#3734 = ORIENTED_EDGE('',*,*,#2064,.F.);
#3735 = ORIENTED_EDGE('',*,*,#3729,.F.);
#3736 = CYLINDRICAL_SURFACE('',#3737,0.1);
#3737 = AXIS2_PLACEMENT_3D('',#3738,#3739,#3740);
#3738 = CARTESIAN_POINT('',(70.475,-61.525,-4.6E-02));
#3739 = DIRECTION('',(-0.,-0.,-1.));
#3740 = DIRECTION('',(-0.,-1.,0.));
#3741 = ADVANCED_FACE('',(#3742),#3753,.F.);
#3742 = FACE_BOUND('',#3743,.T.);
#3743 = EDGE_LOOP('',(#3744,#3745,#3751,#3752));
#3744 = ORIENTED_EDGE('',*,*,#874,.T.);
#3745 = ORIENTED_EDGE('',*,*,#3746,.T.);
#3746 = EDGE_CURVE('',#875,#2076,#3747,.T.);
#3747 = LINE('',#3748,#3749);
#3748 = CARTESIAN_POINT('',(24.,-25.6,-4.6E-02));
#3749 = VECTOR('',#3750,1.);
#3750 = DIRECTION('',(0.,0.,1.));
#3751 = ORIENTED_EDGE('',*,*,#2075,.F.);
#3752 = ORIENTED_EDGE('',*,*,#3746,.F.);
#3753 = CYLINDRICAL_SURFACE('',#3754,1.6);
#3754 = AXIS2_PLACEMENT_3D('',#3755,#3756,#3757);
#3755 = CARTESIAN_POINT('',(24.,-24.,-4.6E-02));
#3756 = DIRECTION('',(-0.,-0.,-1.));
#3757 = DIRECTION('',(-0.,-1.,0.));
#3758 = ADVANCED_FACE('',(#3759),#3770,.F.);
#3759 = FACE_BOUND('',#3760,.T.);
#3760 = EDGE_LOOP('',(#3761,#3762,#3768,#3769));
#3761 = ORIENTED_EDGE('',*,*,#885,.T.);
#3762 = ORIENTED_EDGE('',*,*,#3763,.T.);
#3763 = EDGE_CURVE('',#886,#2087,#3764,.T.);
#3764 = LINE('',#3765,#3766);
#3765 = CARTESIAN_POINT('',(54.7,-40.75,-4.6E-02));
#3766 = VECTOR('',#3767,1.);
#3767 = DIRECTION('',(0.,0.,1.));
#3768 = ORIENTED_EDGE('',*,*,#2086,.F.);
#3769 = ORIENTED_EDGE('',*,*,#3763,.F.);
#3770 = CYLINDRICAL_SURFACE('',#3771,0.15);
#3771 = AXIS2_PLACEMENT_3D('',#3772,#3773,#3774);
#3772 = CARTESIAN_POINT('',(54.7,-40.6,-4.6E-02));
#3773 = DIRECTION('',(-0.,-0.,-1.));
#3774 = DIRECTION('',(-0.,-1.,0.));
#3775 = ADVANCED_FACE('',(#3776),#3787,.F.);
#3776 = FACE_BOUND('',#3777,.T.);
#3777 = EDGE_LOOP('',(#3778,#3779,#3785,#3786));
#3778 = ORIENTED_EDGE('',*,*,#896,.T.);
#3779 = ORIENTED_EDGE('',*,*,#3780,.T.);
#3780 = EDGE_CURVE('',#897,#2098,#3781,.T.);
#3781 = LINE('',#3782,#3783);
#3782 = CARTESIAN_POINT('',(56.,-40.75,-4.6E-02));
#3783 = VECTOR('',#3784,1.);
#3784 = DIRECTION('',(0.,0.,1.));
#3785 = ORIENTED_EDGE('',*,*,#2097,.F.);
#3786 = ORIENTED_EDGE('',*,*,#3780,.F.);
#3787 = CYLINDRICAL_SURFACE('',#3788,0.15);
#3788 = AXIS2_PLACEMENT_3D('',#3789,#3790,#3791);
#3789 = CARTESIAN_POINT('',(56.,-40.6,-4.6E-02));
#3790 = DIRECTION('',(-0.,-0.,-1.));
#3791 = DIRECTION('',(-0.,-1.,0.));
#3792 = ADVANCED_FACE('',(#3793),#3804,.F.);
#3793 = FACE_BOUND('',#3794,.T.);
#3794 = EDGE_LOOP('',(#3795,#3796,#3802,#3803));
#3795 = ORIENTED_EDGE('',*,*,#907,.T.);
#3796 = ORIENTED_EDGE('',*,*,#3797,.T.);
#3797 = EDGE_CURVE('',#908,#2109,#3798,.T.);
#3798 = LINE('',#3799,#3800);
#3799 = CARTESIAN_POINT('',(57.3,-40.75,-4.6E-02));
#3800 = VECTOR('',#3801,1.);
#3801 = DIRECTION('',(0.,0.,1.));
#3802 = ORIENTED_EDGE('',*,*,#2108,.F.);
#3803 = ORIENTED_EDGE('',*,*,#3797,.F.);
#3804 = CYLINDRICAL_SURFACE('',#3805,0.15);
#3805 = AXIS2_PLACEMENT_3D('',#3806,#3807,#3808);
#3806 = CARTESIAN_POINT('',(57.3,-40.6,-4.6E-02));
#3807 = DIRECTION('',(-0.,-0.,-1.));
#3808 = DIRECTION('',(-0.,-1.,0.));
#3809 = ADVANCED_FACE('',(#3810),#3821,.F.);
#3810 = FACE_BOUND('',#3811,.T.);
#3811 = EDGE_LOOP('',(#3812,#3813,#3819,#3820));
#3812 = ORIENTED_EDGE('',*,*,#918,.T.);
#3813 = ORIENTED_EDGE('',*,*,#3814,.T.);
#3814 = EDGE_CURVE('',#919,#2120,#3815,.T.);
#3815 = LINE('',#3816,#3817);
#3816 = CARTESIAN_POINT('',(54.7,-39.45,-4.6E-02));
#3817 = VECTOR('',#3818,1.);
#3818 = DIRECTION('',(0.,0.,1.));
#3819 = ORIENTED_EDGE('',*,*,#2119,.F.);
#3820 = ORIENTED_EDGE('',*,*,#3814,.F.);
#3821 = CYLINDRICAL_SURFACE('',#3822,0.15);
#3822 = AXIS2_PLACEMENT_3D('',#3823,#3824,#3825);
#3823 = CARTESIAN_POINT('',(54.7,-39.3,-4.6E-02));
#3824 = DIRECTION('',(-0.,-0.,-1.));
#3825 = DIRECTION('',(-0.,-1.,0.));
#3826 = ADVANCED_FACE('',(#3827),#3838,.F.);
#3827 = FACE_BOUND('',#3828,.T.);
#3828 = EDGE_LOOP('',(#3829,#3830,#3836,#3837));
#3829 = ORIENTED_EDGE('',*,*,#929,.T.);
#3830 = ORIENTED_EDGE('',*,*,#3831,.T.);
#3831 = EDGE_CURVE('',#930,#2131,#3832,.T.);
#3832 = LINE('',#3833,#3834);
#3833 = CARTESIAN_POINT('',(56.,-39.45,-4.6E-02));
#3834 = VECTOR('',#3835,1.);
#3835 = DIRECTION('',(0.,0.,1.));
#3836 = ORIENTED_EDGE('',*,*,#2130,.F.);
#3837 = ORIENTED_EDGE('',*,*,#3831,.F.);
#3838 = CYLINDRICAL_SURFACE('',#3839,0.15);
#3839 = AXIS2_PLACEMENT_3D('',#3840,#3841,#3842);
#3840 = CARTESIAN_POINT('',(56.,-39.3,-4.6E-02));
#3841 = DIRECTION('',(-0.,-0.,-1.));
#3842 = DIRECTION('',(-0.,-1.,0.));
#3843 = ADVANCED_FACE('',(#3844),#3855,.F.);
#3844 = FACE_BOUND('',#3845,.T.);
#3845 = EDGE_LOOP('',(#3846,#3847,#3853,#3854));
#3846 = ORIENTED_EDGE('',*,*,#940,.T.);
#3847 = ORIENTED_EDGE('',*,*,#3848,.T.);
#3848 = EDGE_CURVE('',#941,#2142,#3849,.T.);
#3849 = LINE('',#3850,#3851);
#3850 = CARTESIAN_POINT('',(57.3,-39.45,-4.6E-02));
#3851 = VECTOR('',#3852,1.);
#3852 = DIRECTION('',(0.,0.,1.));
#3853 = ORIENTED_EDGE('',*,*,#2141,.F.);
#3854 = ORIENTED_EDGE('',*,*,#3848,.F.);
#3855 = CYLINDRICAL_SURFACE('',#3856,0.15);
#3856 = AXIS2_PLACEMENT_3D('',#3857,#3858,#3859);
#3857 = CARTESIAN_POINT('',(57.3,-39.3,-4.6E-02));
#3858 = DIRECTION('',(-0.,-0.,-1.));
#3859 = DIRECTION('',(-0.,-1.,0.));
#3860 = ADVANCED_FACE('',(#3861),#3872,.F.);
#3861 = FACE_BOUND('',#3862,.T.);
#3862 = EDGE_LOOP('',(#3863,#3864,#3870,#3871));
#3863 = ORIENTED_EDGE('',*,*,#951,.T.);
#3864 = ORIENTED_EDGE('',*,*,#3865,.T.);
#3865 = EDGE_CURVE('',#952,#2153,#3866,.T.);
#3866 = LINE('',#3867,#3868);
#3867 = CARTESIAN_POINT('',(54.7,-38.15,-4.6E-02));
#3868 = VECTOR('',#3869,1.);
#3869 = DIRECTION('',(0.,0.,1.));
#3870 = ORIENTED_EDGE('',*,*,#2152,.F.);
#3871 = ORIENTED_EDGE('',*,*,#3865,.F.);
#3872 = CYLINDRICAL_SURFACE('',#3873,0.15);
#3873 = AXIS2_PLACEMENT_3D('',#3874,#3875,#3876);
#3874 = CARTESIAN_POINT('',(54.7,-38.,-4.6E-02));
#3875 = DIRECTION('',(-0.,-0.,-1.));
#3876 = DIRECTION('',(-0.,-1.,0.));
#3877 = ADVANCED_FACE('',(#3878),#3889,.F.);
#3878 = FACE_BOUND('',#3879,.T.);
#3879 = EDGE_LOOP('',(#3880,#3881,#3887,#3888));
#3880 = ORIENTED_EDGE('',*,*,#962,.T.);
#3881 = ORIENTED_EDGE('',*,*,#3882,.T.);
#3882 = EDGE_CURVE('',#963,#2164,#3883,.T.);
#3883 = LINE('',#3884,#3885);
#3884 = CARTESIAN_POINT('',(56.,-38.15,-4.6E-02));
#3885 = VECTOR('',#3886,1.);
#3886 = DIRECTION('',(0.,0.,1.));
#3887 = ORIENTED_EDGE('',*,*,#2163,.F.);
#3888 = ORIENTED_EDGE('',*,*,#3882,.F.);
#3889 = CYLINDRICAL_SURFACE('',#3890,0.15);
#3890 = AXIS2_PLACEMENT_3D('',#3891,#3892,#3893);
#3891 = CARTESIAN_POINT('',(56.,-38.,-4.6E-02));
#3892 = DIRECTION('',(-0.,-0.,-1.));
#3893 = DIRECTION('',(-0.,-1.,0.));
#3894 = ADVANCED_FACE('',(#3895),#3906,.F.);
#3895 = FACE_BOUND('',#3896,.T.);
#3896 = EDGE_LOOP('',(#3897,#3898,#3904,#3905));
#3897 = ORIENTED_EDGE('',*,*,#973,.T.);
#3898 = ORIENTED_EDGE('',*,*,#3899,.T.);
#3899 = EDGE_CURVE('',#974,#2175,#3900,.T.);
#3900 = LINE('',#3901,#3902);
#3901 = CARTESIAN_POINT('',(57.3,-38.15,-4.6E-02));
#3902 = VECTOR('',#3903,1.);
#3903 = DIRECTION('',(0.,0.,1.));
#3904 = ORIENTED_EDGE('',*,*,#2174,.F.);
#3905 = ORIENTED_EDGE('',*,*,#3899,.F.);
#3906 = CYLINDRICAL_SURFACE('',#3907,0.15);
#3907 = AXIS2_PLACEMENT_3D('',#3908,#3909,#3910);
#3908 = CARTESIAN_POINT('',(57.3,-38.,-4.6E-02));
#3909 = DIRECTION('',(-0.,-0.,-1.));
#3910 = DIRECTION('',(-0.,-1.,0.));
#3911 = ADVANCED_FACE('',(#3912),#3923,.F.);
#3912 = FACE_BOUND('',#3913,.T.);
#3913 = EDGE_LOOP('',(#3914,#3915,#3921,#3922));
#3914 = ORIENTED_EDGE('',*,*,#984,.T.);
#3915 = ORIENTED_EDGE('',*,*,#3916,.T.);
#3916 = EDGE_CURVE('',#985,#2186,#3917,.T.);
#3917 = LINE('',#3918,#3919);
#3918 = CARTESIAN_POINT('',(54.7,-36.85,-4.6E-02));
#3919 = VECTOR('',#3920,1.);
#3920 = DIRECTION('',(0.,0.,1.));
#3921 = ORIENTED_EDGE('',*,*,#2185,.F.);
#3922 = ORIENTED_EDGE('',*,*,#3916,.F.);
#3923 = CYLINDRICAL_SURFACE('',#3924,0.15);
#3924 = AXIS2_PLACEMENT_3D('',#3925,#3926,#3927);
#3925 = CARTESIAN_POINT('',(54.7,-36.7,-4.6E-02));
#3926 = DIRECTION('',(-0.,-0.,-1.));
#3927 = DIRECTION('',(-0.,-1.,0.));
#3928 = ADVANCED_FACE('',(#3929),#3940,.F.);
#3929 = FACE_BOUND('',#3930,.T.);
#3930 = EDGE_LOOP('',(#3931,#3932,#3938,#3939));
#3931 = ORIENTED_EDGE('',*,*,#995,.T.);
#3932 = ORIENTED_EDGE('',*,*,#3933,.T.);
#3933 = EDGE_CURVE('',#996,#2197,#3934,.T.);
#3934 = LINE('',#3935,#3936);
#3935 = CARTESIAN_POINT('',(56.,-36.85,-4.6E-02));
#3936 = VECTOR('',#3937,1.);
#3937 = DIRECTION('',(0.,0.,1.));
#3938 = ORIENTED_EDGE('',*,*,#2196,.F.);
#3939 = ORIENTED_EDGE('',*,*,#3933,.F.);
#3940 = CYLINDRICAL_SURFACE('',#3941,0.15);
#3941 = AXIS2_PLACEMENT_3D('',#3942,#3943,#3944);
#3942 = CARTESIAN_POINT('',(56.,-36.7,-4.6E-02));
#3943 = DIRECTION('',(-0.,-0.,-1.));
#3944 = DIRECTION('',(-0.,-1.,0.));
#3945 = ADVANCED_FACE('',(#3946),#3957,.F.);
#3946 = FACE_BOUND('',#3947,.T.);
#3947 = EDGE_LOOP('',(#3948,#3949,#3955,#3956));
#3948 = ORIENTED_EDGE('',*,*,#1006,.T.);
#3949 = ORIENTED_EDGE('',*,*,#3950,.T.);
#3950 = EDGE_CURVE('',#1007,#2208,#3951,.T.);
#3951 = LINE('',#3952,#3953);
#3952 = CARTESIAN_POINT('',(57.3,-36.85,-4.6E-02));
#3953 = VECTOR('',#3954,1.);
#3954 = DIRECTION('',(0.,0.,1.));
#3955 = ORIENTED_EDGE('',*,*,#2207,.F.);
#3956 = ORIENTED_EDGE('',*,*,#3950,.F.);
#3957 = CYLINDRICAL_SURFACE('',#3958,0.15);
#3958 = AXIS2_PLACEMENT_3D('',#3959,#3960,#3961);
#3959 = CARTESIAN_POINT('',(57.3,-36.7,-4.6E-02));
#3960 = DIRECTION('',(-0.,-0.,-1.));
#3961 = DIRECTION('',(-0.,-1.,0.));
#3962 = ADVANCED_FACE('',(#3963),#3974,.F.);
#3963 = FACE_BOUND('',#3964,.T.);
#3964 = EDGE_LOOP('',(#3965,#3966,#3972,#3973));
#3965 = ORIENTED_EDGE('',*,*,#1017,.T.);
#3966 = ORIENTED_EDGE('',*,*,#3967,.T.);
#3967 = EDGE_CURVE('',#1018,#2219,#3968,.T.);
#3968 = LINE('',#3969,#3970);
#3969 = CARTESIAN_POINT('',(54.7,-35.55,-4.6E-02));
#3970 = VECTOR('',#3971,1.);
#3971 = DIRECTION('',(0.,0.,1.));
#3972 = ORIENTED_EDGE('',*,*,#2218,.F.);
#3973 = ORIENTED_EDGE('',*,*,#3967,.F.);
#3974 = CYLINDRICAL_SURFACE('',#3975,0.15);
#3975 = AXIS2_PLACEMENT_3D('',#3976,#3977,#3978);
#3976 = CARTESIAN_POINT('',(54.7,-35.4,-4.6E-02));
#3977 = DIRECTION('',(-0.,-0.,-1.));
#3978 = DIRECTION('',(-0.,-1.,0.));
#3979 = ADVANCED_FACE('',(#3980),#3991,.F.);
#3980 = FACE_BOUND('',#3981,.T.);
#3981 = EDGE_LOOP('',(#3982,#3983,#3989,#3990));
#3982 = ORIENTED_EDGE('',*,*,#1028,.T.);
#3983 = ORIENTED_EDGE('',*,*,#3984,.T.);
#3984 = EDGE_CURVE('',#1029,#2230,#3985,.T.);
#3985 = LINE('',#3986,#3987);
#3986 = CARTESIAN_POINT('',(56.,-35.55,-4.6E-02));
#3987 = VECTOR('',#3988,1.);
#3988 = DIRECTION('',(0.,0.,1.));
#3989 = ORIENTED_EDGE('',*,*,#2229,.F.);
#3990 = ORIENTED_EDGE('',*,*,#3984,.F.);
#3991 = CYLINDRICAL_SURFACE('',#3992,0.15);
#3992 = AXIS2_PLACEMENT_3D('',#3993,#3994,#3995);
#3993 = CARTESIAN_POINT('',(56.,-35.4,-4.6E-02));
#3994 = DIRECTION('',(-0.,-0.,-1.));
#3995 = DIRECTION('',(-0.,-1.,0.));
#3996 = ADVANCED_FACE('',(#3997),#4008,.F.);
#3997 = FACE_BOUND('',#3998,.T.);
#3998 = EDGE_LOOP('',(#3999,#4000,#4006,#4007));
#3999 = ORIENTED_EDGE('',*,*,#1039,.T.);
#4000 = ORIENTED_EDGE('',*,*,#4001,.T.);
#4001 = EDGE_CURVE('',#1040,#2241,#4002,.T.);
#4002 = LINE('',#4003,#4004);
#4003 = CARTESIAN_POINT('',(57.3,-35.55,-4.6E-02));
#4004 = VECTOR('',#4005,1.);
#4005 = DIRECTION('',(0.,0.,1.));
#4006 = ORIENTED_EDGE('',*,*,#2240,.F.);
#4007 = ORIENTED_EDGE('',*,*,#4001,.F.);
#4008 = CYLINDRICAL_SURFACE('',#4009,0.15);
#4009 = AXIS2_PLACEMENT_3D('',#4010,#4011,#4012);
#4010 = CARTESIAN_POINT('',(57.3,-35.4,-4.6E-02));
#4011 = DIRECTION('',(-0.,-0.,-1.));
#4012 = DIRECTION('',(-0.,-1.,0.));
#4013 = ADVANCED_FACE('',(#4014),#4025,.F.);
#4014 = FACE_BOUND('',#4015,.T.);
#4015 = EDGE_LOOP('',(#4016,#4017,#4023,#4024));
#4016 = ORIENTED_EDGE('',*,*,#1050,.T.);
#4017 = ORIENTED_EDGE('',*,*,#4018,.T.);
#4018 = EDGE_CURVE('',#1051,#2252,#4019,.T.);
#4019 = LINE('',#4020,#4021);
#4020 = CARTESIAN_POINT('',(99.425,-52.05,-4.6E-02));
#4021 = VECTOR('',#4022,1.);
#4022 = DIRECTION('',(0.,0.,1.));
#4023 = ORIENTED_EDGE('',*,*,#2251,.F.);
#4024 = ORIENTED_EDGE('',*,*,#4018,.F.);
#4025 = CYLINDRICAL_SURFACE('',#4026,1.E-01);
#4026 = AXIS2_PLACEMENT_3D('',#4027,#4028,#4029);
#4027 = CARTESIAN_POINT('',(99.425,-51.95,-4.6E-02));
#4028 = DIRECTION('',(-0.,-0.,-1.));
#4029 = DIRECTION('',(-1.42108547152E-13,-1.,0.));
#4030 = ADVANCED_FACE('',(#4031),#4042,.F.);
#4031 = FACE_BOUND('',#4032,.T.);
#4032 = EDGE_LOOP('',(#4033,#4034,#4040,#4041));
#4033 = ORIENTED_EDGE('',*,*,#1061,.T.);
#4034 = ORIENTED_EDGE('',*,*,#4035,.T.);
#4035 = EDGE_CURVE('',#1062,#2263,#4036,.T.);
#4036 = LINE('',#4037,#4038);
#4037 = CARTESIAN_POINT('',(100.575,-52.05,-4.6E-02));
#4038 = VECTOR('',#4039,1.);
#4039 = DIRECTION('',(0.,0.,1.));
#4040 = ORIENTED_EDGE('',*,*,#2262,.F.);
#4041 = ORIENTED_EDGE('',*,*,#4035,.F.);
#4042 = CYLINDRICAL_SURFACE('',#4043,0.1);
#4043 = AXIS2_PLACEMENT_3D('',#4044,#4045,#4046);
#4044 = CARTESIAN_POINT('',(100.575,-51.95,-4.6E-02));
#4045 = DIRECTION('',(-0.,0.,-1.));
#4046 = DIRECTION('',(1.42108547152E-13,-1.,-0.));
#4047 = ADVANCED_FACE('',(#4048),#4059,.F.);
#4048 = FACE_BOUND('',#4049,.T.);
#4049 = EDGE_LOOP('',(#4050,#4051,#4057,#4058));
#4050 = ORIENTED_EDGE('',*,*,#1072,.T.);
#4051 = ORIENTED_EDGE('',*,*,#4052,.T.);
#4052 = EDGE_CURVE('',#1073,#2274,#4053,.T.);
#4053 = LINE('',#4054,#4055);
#4054 = CARTESIAN_POINT('',(99.425,-51.1,-4.6E-02));
#4055 = VECTOR('',#4056,1.);
#4056 = DIRECTION('',(0.,0.,1.));
#4057 = ORIENTED_EDGE('',*,*,#2273,.F.);
#4058 = ORIENTED_EDGE('',*,*,#4052,.F.);
#4059 = CYLINDRICAL_SURFACE('',#4060,1.E-01);
#4060 = AXIS2_PLACEMENT_3D('',#4061,#4062,#4063);
#4061 = CARTESIAN_POINT('',(99.425,-51.,-4.6E-02));
#4062 = DIRECTION('',(-0.,-0.,-1.));
#4063 = DIRECTION('',(-1.42108547152E-13,-1.,0.));
#4064 = ADVANCED_FACE('',(#4065),#4076,.F.);
#4065 = FACE_BOUND('',#4066,.T.);
#4066 = EDGE_LOOP('',(#4067,#4068,#4074,#4075));
#4067 = ORIENTED_EDGE('',*,*,#1083,.T.);
#4068 = ORIENTED_EDGE('',*,*,#4069,.T.);
#4069 = EDGE_CURVE('',#1084,#2285,#4070,.T.);
#4070 = LINE('',#4071,#4072);
#4071 = CARTESIAN_POINT('',(100.575,-51.1,-4.6E-02));
#4072 = VECTOR('',#4073,1.);
#4073 = DIRECTION('',(0.,0.,1.));
#4074 = ORIENTED_EDGE('',*,*,#2284,.F.);
#4075 = ORIENTED_EDGE('',*,*,#4069,.F.);
#4076 = CYLINDRICAL_SURFACE('',#4077,0.1);
#4077 = AXIS2_PLACEMENT_3D('',#4078,#4079,#4080);
#4078 = CARTESIAN_POINT('',(100.575,-51.,-4.6E-02));
#4079 = DIRECTION('',(-0.,0.,-1.));
#4080 = DIRECTION('',(1.42108547152E-13,-1.,-0.));
#4081 = ADVANCED_FACE('',(#4082),#4093,.F.);
#4082 = FACE_BOUND('',#4083,.T.);
#4083 = EDGE_LOOP('',(#4084,#4085,#4091,#4092));
#4084 = ORIENTED_EDGE('',*,*,#1094,.T.);
#4085 = ORIENTED_EDGE('',*,*,#4086,.T.);
#4086 = EDGE_CURVE('',#1095,#2296,#4087,.T.);
#4087 = LINE('',#4088,#4089);
#4088 = CARTESIAN_POINT('',(99.425,-50.15,-4.6E-02));
#4089 = VECTOR('',#4090,1.);
#4090 = DIRECTION('',(0.,0.,1.));
#4091 = ORIENTED_EDGE('',*,*,#2295,.F.);
#4092 = ORIENTED_EDGE('',*,*,#4086,.F.);
#4093 = CYLINDRICAL_SURFACE('',#4094,1.E-01);
#4094 = AXIS2_PLACEMENT_3D('',#4095,#4096,#4097);
#4095 = CARTESIAN_POINT('',(99.425,-50.05,-4.6E-02));
#4096 = DIRECTION('',(-0.,-0.,-1.));
#4097 = DIRECTION('',(-1.42108547152E-13,-1.,0.));
#4098 = ADVANCED_FACE('',(#4099),#4110,.F.);
#4099 = FACE_BOUND('',#4100,.T.);
#4100 = EDGE_LOOP('',(#4101,#4102,#4108,#4109));
#4101 = ORIENTED_EDGE('',*,*,#1105,.T.);
#4102 = ORIENTED_EDGE('',*,*,#4103,.T.);
#4103 = EDGE_CURVE('',#1106,#2307,#4104,.T.);
#4104 = LINE('',#4105,#4106);
#4105 = CARTESIAN_POINT('',(100.575,-50.15,-4.6E-02));
#4106 = VECTOR('',#4107,1.);
#4107 = DIRECTION('',(0.,0.,1.));
#4108 = ORIENTED_EDGE('',*,*,#2306,.F.);
#4109 = ORIENTED_EDGE('',*,*,#4103,.F.);
#4110 = CYLINDRICAL_SURFACE('',#4111,0.1);
#4111 = AXIS2_PLACEMENT_3D('',#4112,#4113,#4114);
#4112 = CARTESIAN_POINT('',(100.575,-50.05,-4.6E-02));
#4113 = DIRECTION('',(-0.,0.,-1.));
#4114 = DIRECTION('',(1.42108547152E-13,-1.,-0.));
#4115 = ADVANCED_FACE('',(#4116),#4127,.F.);
#4116 = FACE_BOUND('',#4117,.T.);
#4117 = EDGE_LOOP('',(#4118,#4119,#4125,#4126));
#4118 = ORIENTED_EDGE('',*,*,#1116,.T.);
#4119 = ORIENTED_EDGE('',*,*,#4120,.T.);
#4120 = EDGE_CURVE('',#1117,#2318,#4121,.T.);
#4121 = LINE('',#4122,#4123);
#4122 = CARTESIAN_POINT('',(120.8,-65.879,-4.6E-02));
#4123 = VECTOR('',#4124,1.);
#4124 = DIRECTION('',(0.,0.,1.));
#4125 = ORIENTED_EDGE('',*,*,#2317,.F.);
#4126 = ORIENTED_EDGE('',*,*,#4120,.F.);
#4127 = CYLINDRICAL_SURFACE('',#4128,1.5);
#4128 = AXIS2_PLACEMENT_3D('',#4129,#4130,#4131);
#4129 = CARTESIAN_POINT('',(120.8,-64.379,-4.6E-02));
#4130 = DIRECTION('',(-0.,-0.,-1.));
#4131 = DIRECTION('',(-0.,-1.,0.));
#4132 = ADVANCED_FACE('',(#4133),#4144,.F.);
#4133 = FACE_BOUND('',#4134,.T.);
#4134 = EDGE_LOOP('',(#4135,#4136,#4142,#4143));
#4135 = ORIENTED_EDGE('',*,*,#1127,.T.);
#4136 = ORIENTED_EDGE('',*,*,#4137,.T.);
#4137 = EDGE_CURVE('',#1128,#2329,#4138,.T.);
#4138 = LINE('',#4139,#4140);
#4139 = CARTESIAN_POINT('',(120.8,-61.119,-4.6E-02));
#4140 = VECTOR('',#4141,1.);
#4141 = DIRECTION('',(0.,0.,1.));
#4142 = ORIENTED_EDGE('',*,*,#2328,.F.);
#4143 = ORIENTED_EDGE('',*,*,#4137,.F.);
#4144 = CYLINDRICAL_SURFACE('',#4145,1.5);
#4145 = AXIS2_PLACEMENT_3D('',#4146,#4147,#4148);
#4146 = CARTESIAN_POINT('',(120.8,-59.619,-4.6E-02));
#4147 = DIRECTION('',(-0.,-0.,-1.));
#4148 = DIRECTION('',(-0.,-1.,0.));
#4149 = ADVANCED_FACE('',(#4150),#4161,.F.);
#4150 = FACE_BOUND('',#4151,.T.);
#4151 = EDGE_LOOP('',(#4152,#4153,#4159,#4160));
#4152 = ORIENTED_EDGE('',*,*,#1138,.T.);
#4153 = ORIENTED_EDGE('',*,*,#4154,.T.);
#4154 = EDGE_CURVE('',#1139,#2340,#4155,.T.);
#4155 = LINE('',#4156,#4157);
#4156 = CARTESIAN_POINT('',(118.2,-57.,-4.6E-02));
#4157 = VECTOR('',#4158,1.);
#4158 = DIRECTION('',(0.,0.,1.));
#4159 = ORIENTED_EDGE('',*,*,#2339,.F.);
#4160 = ORIENTED_EDGE('',*,*,#4154,.F.);
#4161 = CYLINDRICAL_SURFACE('',#4162,0.5);
#4162 = AXIS2_PLACEMENT_3D('',#4163,#4164,#4165);
#4163 = CARTESIAN_POINT('',(118.2,-56.5,-4.6E-02));
#4164 = DIRECTION('',(-0.,-0.,-1.));
#4165 = DIRECTION('',(-0.,-1.,0.));
#4166 = ADVANCED_FACE('',(#4167),#4178,.F.);
#4167 = FACE_BOUND('',#4168,.T.);
#4168 = EDGE_LOOP('',(#4169,#4170,#4176,#4177));
#4169 = ORIENTED_EDGE('',*,*,#1149,.T.);
#4170 = ORIENTED_EDGE('',*,*,#4171,.T.);
#4171 = EDGE_CURVE('',#1150,#2351,#4172,.T.);
#4172 = LINE('',#4173,#4174);
#4173 = CARTESIAN_POINT('',(118.2,-54.5,-4.6E-02));
#4174 = VECTOR('',#4175,1.);
#4175 = DIRECTION('',(0.,0.,1.));
#4176 = ORIENTED_EDGE('',*,*,#2350,.F.);
#4177 = ORIENTED_EDGE('',*,*,#4171,.F.);
#4178 = CYLINDRICAL_SURFACE('',#4179,0.5);
#4179 = AXIS2_PLACEMENT_3D('',#4180,#4181,#4182);
#4180 = CARTESIAN_POINT('',(118.2,-54.,-4.6E-02));
#4181 = DIRECTION('',(-0.,-0.,-1.));
#4182 = DIRECTION('',(-0.,-1.,0.));
#4183 = ADVANCED_FACE('',(#4184),#4195,.F.);
#4184 = FACE_BOUND('',#4185,.T.);
#4185 = EDGE_LOOP('',(#4186,#4187,#4193,#4194));
#4186 = ORIENTED_EDGE('',*,*,#1160,.T.);
#4187 = ORIENTED_EDGE('',*,*,#4188,.T.);
#4188 = EDGE_CURVE('',#1161,#2362,#4189,.T.);
#4189 = LINE('',#4190,#4191);
#4190 = CARTESIAN_POINT('',(118.2,-52.5,-4.6E-02));
#4191 = VECTOR('',#4192,1.);
#4192 = DIRECTION('',(0.,0.,1.));
#4193 = ORIENTED_EDGE('',*,*,#2361,.F.);
#4194 = ORIENTED_EDGE('',*,*,#4188,.F.);
#4195 = CYLINDRICAL_SURFACE('',#4196,0.5);
#4196 = AXIS2_PLACEMENT_3D('',#4197,#4198,#4199);
#4197 = CARTESIAN_POINT('',(118.2,-52.,-4.6E-02));
#4198 = DIRECTION('',(-0.,-0.,-1.));
#4199 = DIRECTION('',(-0.,-1.,0.));
#4200 = ADVANCED_FACE('',(#4201),#4212,.F.);
#4201 = FACE_BOUND('',#4202,.T.);
#4202 = EDGE_LOOP('',(#4203,#4204,#4210,#4211));
#4203 = ORIENTED_EDGE('',*,*,#1171,.T.);
#4204 = ORIENTED_EDGE('',*,*,#4205,.T.);
#4205 = EDGE_CURVE('',#1172,#2373,#4206,.T.);
#4206 = LINE('',#4207,#4208);
#4207 = CARTESIAN_POINT('',(118.2,-50.,-4.6E-02));
#4208 = VECTOR('',#4209,1.);
#4209 = DIRECTION('',(0.,0.,1.));
#4210 = ORIENTED_EDGE('',*,*,#2372,.F.);
#4211 = ORIENTED_EDGE('',*,*,#4205,.F.);
#4212 = CYLINDRICAL_SURFACE('',#4213,0.5);
#4213 = AXIS2_PLACEMENT_3D('',#4214,#4215,#4216);
#4214 = CARTESIAN_POINT('',(118.2,-49.5,-4.6E-02));
#4215 = DIRECTION('',(-0.,-0.,-1.));
#4216 = DIRECTION('',(-0.,-1.,0.));
#4217 = ADVANCED_FACE('',(#4218),#4229,.F.);
#4218 = FACE_BOUND('',#4219,.T.);
#4219 = EDGE_LOOP('',(#4220,#4221,#4227,#4228));
#4220 = ORIENTED_EDGE('',*,*,#1182,.T.);
#4221 = ORIENTED_EDGE('',*,*,#4222,.T.);
#4222 = EDGE_CURVE('',#1183,#2384,#4223,.T.);
#4223 = LINE('',#4224,#4225);
#4224 = CARTESIAN_POINT('',(120.8,-47.879,-4.6E-02));
#4225 = VECTOR('',#4226,1.);
#4226 = DIRECTION('',(0.,0.,1.));
#4227 = ORIENTED_EDGE('',*,*,#2383,.F.);
#4228 = ORIENTED_EDGE('',*,*,#4222,.F.);
#4229 = CYLINDRICAL_SURFACE('',#4230,1.5);
#4230 = AXIS2_PLACEMENT_3D('',#4231,#4232,#4233);
#4231 = CARTESIAN_POINT('',(120.8,-46.379,-4.6E-02));
#4232 = DIRECTION('',(-0.,-0.,-1.));
#4233 = DIRECTION('',(-0.,-1.,0.));
#4234 = ADVANCED_FACE('',(#4235),#4246,.F.);
#4235 = FACE_BOUND('',#4236,.T.);
#4236 = EDGE_LOOP('',(#4237,#4238,#4244,#4245));
#4237 = ORIENTED_EDGE('',*,*,#1193,.T.);
#4238 = ORIENTED_EDGE('',*,*,#4239,.T.);
#4239 = EDGE_CURVE('',#1194,#2395,#4240,.T.);
#4240 = LINE('',#4241,#4242);
#4241 = CARTESIAN_POINT('',(99.425,-34.05,-4.6E-02));
#4242 = VECTOR('',#4243,1.);
#4243 = DIRECTION('',(0.,0.,1.));
#4244 = ORIENTED_EDGE('',*,*,#2394,.F.);
#4245 = ORIENTED_EDGE('',*,*,#4239,.F.);
#4246 = CYLINDRICAL_SURFACE('',#4247,1.E-01);
#4247 = AXIS2_PLACEMENT_3D('',#4248,#4249,#4250);
#4248 = CARTESIAN_POINT('',(99.425,-33.95,-4.6E-02));
#4249 = DIRECTION('',(-0.,-0.,-1.));
#4250 = DIRECTION('',(-1.42108547152E-13,-1.,0.));
#4251 = ADVANCED_FACE('',(#4252),#4263,.F.);
#4252 = FACE_BOUND('',#4253,.T.);
#4253 = EDGE_LOOP('',(#4254,#4255,#4261,#4262));
#4254 = ORIENTED_EDGE('',*,*,#1204,.T.);
#4255 = ORIENTED_EDGE('',*,*,#4256,.T.);
#4256 = EDGE_CURVE('',#1205,#2406,#4257,.T.);
#4257 = LINE('',#4258,#4259);
#4258 = CARTESIAN_POINT('',(100.575,-34.05,-4.6E-02));
#4259 = VECTOR('',#4260,1.);
#4260 = DIRECTION('',(0.,0.,1.));
#4261 = ORIENTED_EDGE('',*,*,#2405,.F.);
#4262 = ORIENTED_EDGE('',*,*,#4256,.F.);
#4263 = CYLINDRICAL_SURFACE('',#4264,0.1);
#4264 = AXIS2_PLACEMENT_3D('',#4265,#4266,#4267);
#4265 = CARTESIAN_POINT('',(100.575,-33.95,-4.6E-02));
#4266 = DIRECTION('',(-0.,0.,-1.));
#4267 = DIRECTION('',(1.42108547152E-13,-1.,-0.));
#4268 = ADVANCED_FACE('',(#4269),#4280,.F.);
#4269 = FACE_BOUND('',#4270,.T.);
#4270 = EDGE_LOOP('',(#4271,#4272,#4278,#4279));
#4271 = ORIENTED_EDGE('',*,*,#1215,.T.);
#4272 = ORIENTED_EDGE('',*,*,#4273,.T.);
#4273 = EDGE_CURVE('',#1216,#2417,#4274,.T.);
#4274 = LINE('',#4275,#4276);
#4275 = CARTESIAN_POINT('',(99.425,-33.1,-4.6E-02));
#4276 = VECTOR('',#4277,1.);
#4277 = DIRECTION('',(0.,0.,1.));
#4278 = ORIENTED_EDGE('',*,*,#2416,.F.);
#4279 = ORIENTED_EDGE('',*,*,#4273,.F.);
#4280 = CYLINDRICAL_SURFACE('',#4281,1.E-01);
#4281 = AXIS2_PLACEMENT_3D('',#4282,#4283,#4284);
#4282 = CARTESIAN_POINT('',(99.425,-33.,-4.6E-02));
#4283 = DIRECTION('',(-0.,-0.,-1.));
#4284 = DIRECTION('',(-1.42108547152E-13,-1.,0.));
#4285 = ADVANCED_FACE('',(#4286),#4297,.F.);
#4286 = FACE_BOUND('',#4287,.T.);
#4287 = EDGE_LOOP('',(#4288,#4289,#4295,#4296));
#4288 = ORIENTED_EDGE('',*,*,#1226,.T.);
#4289 = ORIENTED_EDGE('',*,*,#4290,.T.);
#4290 = EDGE_CURVE('',#1227,#2428,#4291,.T.);
#4291 = LINE('',#4292,#4293);
#4292 = CARTESIAN_POINT('',(100.575,-33.1,-4.6E-02));
#4293 = VECTOR('',#4294,1.);
#4294 = DIRECTION('',(0.,0.,1.));
#4295 = ORIENTED_EDGE('',*,*,#2427,.F.);
#4296 = ORIENTED_EDGE('',*,*,#4290,.F.);
#4297 = CYLINDRICAL_SURFACE('',#4298,0.1);
#4298 = AXIS2_PLACEMENT_3D('',#4299,#4300,#4301);
#4299 = CARTESIAN_POINT('',(100.575,-33.,-4.6E-02));
#4300 = DIRECTION('',(-0.,0.,-1.));
#4301 = DIRECTION('',(1.42108547152E-13,-1.,-0.));
#4302 = ADVANCED_FACE('',(#4303),#4314,.F.);
#4303 = FACE_BOUND('',#4304,.T.);
#4304 = EDGE_LOOP('',(#4305,#4306,#4312,#4313));
#4305 = ORIENTED_EDGE('',*,*,#1237,.T.);
#4306 = ORIENTED_EDGE('',*,*,#4307,.T.);
#4307 = EDGE_CURVE('',#1238,#2439,#4308,.T.);
#4308 = LINE('',#4309,#4310);
#4309 = CARTESIAN_POINT('',(99.425,-32.15,-4.6E-02));
#4310 = VECTOR('',#4311,1.);
#4311 = DIRECTION('',(0.,0.,1.));
#4312 = ORIENTED_EDGE('',*,*,#2438,.F.);
#4313 = ORIENTED_EDGE('',*,*,#4307,.F.);
#4314 = CYLINDRICAL_SURFACE('',#4315,1.E-01);
#4315 = AXIS2_PLACEMENT_3D('',#4316,#4317,#4318);
#4316 = CARTESIAN_POINT('',(99.425,-32.05,-4.6E-02));
#4317 = DIRECTION('',(-0.,-0.,-1.));
#4318 = DIRECTION('',(-1.42108547152E-13,-1.,0.));
#4319 = ADVANCED_FACE('',(#4320),#4331,.F.);
#4320 = FACE_BOUND('',#4321,.T.);
#4321 = EDGE_LOOP('',(#4322,#4323,#4329,#4330));
#4322 = ORIENTED_EDGE('',*,*,#1248,.T.);
#4323 = ORIENTED_EDGE('',*,*,#4324,.T.);
#4324 = EDGE_CURVE('',#1249,#2450,#4325,.T.);
#4325 = LINE('',#4326,#4327);
#4326 = CARTESIAN_POINT('',(100.575,-32.15,-4.6E-02));
#4327 = VECTOR('',#4328,1.);
#4328 = DIRECTION('',(0.,0.,1.));
#4329 = ORIENTED_EDGE('',*,*,#2449,.F.);
#4330 = ORIENTED_EDGE('',*,*,#4324,.F.);
#4331 = CYLINDRICAL_SURFACE('',#4332,0.1);
#4332 = AXIS2_PLACEMENT_3D('',#4333,#4334,#4335);
#4333 = CARTESIAN_POINT('',(100.575,-32.05,-4.6E-02));
#4334 = DIRECTION('',(-0.,0.,-1.));
#4335 = DIRECTION('',(1.42108547152E-13,-1.,-0.));
#4336 = ADVANCED_FACE('',(#4337),#4348,.F.);
#4337 = FACE_BOUND('',#4338,.T.);
#4338 = EDGE_LOOP('',(#4339,#4340,#4346,#4347));
#4339 = ORIENTED_EDGE('',*,*,#1259,.T.);
#4340 = ORIENTED_EDGE('',*,*,#4341,.T.);
#4341 = EDGE_CURVE('',#1260,#2461,#4342,.T.);
#4342 = LINE('',#4343,#4344);
#4343 = CARTESIAN_POINT('',(120.8,-43.119,-4.6E-02));
#4344 = VECTOR('',#4345,1.);
#4345 = DIRECTION('',(0.,0.,1.));
#4346 = ORIENTED_EDGE('',*,*,#2460,.F.);
#4347 = ORIENTED_EDGE('',*,*,#4341,.F.);
#4348 = CYLINDRICAL_SURFACE('',#4349,1.5);
#4349 = AXIS2_PLACEMENT_3D('',#4350,#4351,#4352);
#4350 = CARTESIAN_POINT('',(120.8,-41.619,-4.6E-02));
#4351 = DIRECTION('',(-0.,-0.,-1.));
#4352 = DIRECTION('',(-0.,-1.,0.));
#4353 = ADVANCED_FACE('',(#4354),#4365,.F.);
#4354 = FACE_BOUND('',#4355,.T.);
#4355 = EDGE_LOOP('',(#4356,#4357,#4363,#4364));
#4356 = ORIENTED_EDGE('',*,*,#1270,.T.);
#4357 = ORIENTED_EDGE('',*,*,#4358,.T.);
#4358 = EDGE_CURVE('',#1271,#2472,#4359,.T.);
#4359 = LINE('',#4360,#4361);
#4360 = CARTESIAN_POINT('',(118.2,-39.,-4.6E-02));
#4361 = VECTOR('',#4362,1.);
#4362 = DIRECTION('',(0.,0.,1.));
#4363 = ORIENTED_EDGE('',*,*,#2471,.F.);
#4364 = ORIENTED_EDGE('',*,*,#4358,.F.);
#4365 = CYLINDRICAL_SURFACE('',#4366,0.5);
#4366 = AXIS2_PLACEMENT_3D('',#4367,#4368,#4369);
#4367 = CARTESIAN_POINT('',(118.2,-38.5,-4.6E-02));
#4368 = DIRECTION('',(-0.,-0.,-1.));
#4369 = DIRECTION('',(-0.,-1.,0.));
#4370 = ADVANCED_FACE('',(#4371),#4382,.F.);
#4371 = FACE_BOUND('',#4372,.T.);
#4372 = EDGE_LOOP('',(#4373,#4374,#4380,#4381));
#4373 = ORIENTED_EDGE('',*,*,#1281,.T.);
#4374 = ORIENTED_EDGE('',*,*,#4375,.T.);
#4375 = EDGE_CURVE('',#1282,#2483,#4376,.T.);
#4376 = LINE('',#4377,#4378);
#4377 = CARTESIAN_POINT('',(118.2,-36.5,-4.6E-02));
#4378 = VECTOR('',#4379,1.);
#4379 = DIRECTION('',(0.,0.,1.));
#4380 = ORIENTED_EDGE('',*,*,#2482,.F.);
#4381 = ORIENTED_EDGE('',*,*,#4375,.F.);
#4382 = CYLINDRICAL_SURFACE('',#4383,0.5);
#4383 = AXIS2_PLACEMENT_3D('',#4384,#4385,#4386);
#4384 = CARTESIAN_POINT('',(118.2,-36.,-4.6E-02));
#4385 = DIRECTION('',(-0.,-0.,-1.));
#4386 = DIRECTION('',(-0.,-1.,0.));
#4387 = ADVANCED_FACE('',(#4388),#4399,.F.);
#4388 = FACE_BOUND('',#4389,.T.);
#4389 = EDGE_LOOP('',(#4390,#4391,#4397,#4398));
#4390 = ORIENTED_EDGE('',*,*,#1292,.T.);
#4391 = ORIENTED_EDGE('',*,*,#4392,.T.);
#4392 = EDGE_CURVE('',#1293,#2494,#4393,.T.);
#4393 = LINE('',#4394,#4395);
#4394 = CARTESIAN_POINT('',(118.2,-34.5,-4.6E-02));
#4395 = VECTOR('',#4396,1.);
#4396 = DIRECTION('',(0.,0.,1.));
#4397 = ORIENTED_EDGE('',*,*,#2493,.F.);
#4398 = ORIENTED_EDGE('',*,*,#4392,.F.);
#4399 = CYLINDRICAL_SURFACE('',#4400,0.5);
#4400 = AXIS2_PLACEMENT_3D('',#4401,#4402,#4403);
#4401 = CARTESIAN_POINT('',(118.2,-34.,-4.6E-02));
#4402 = DIRECTION('',(-0.,-0.,-1.));
#4403 = DIRECTION('',(-0.,-1.,0.));
#4404 = ADVANCED_FACE('',(#4405),#4416,.F.);
#4405 = FACE_BOUND('',#4406,.T.);
#4406 = EDGE_LOOP('',(#4407,#4408,#4414,#4415));
#4407 = ORIENTED_EDGE('',*,*,#1303,.T.);
#4408 = ORIENTED_EDGE('',*,*,#4409,.T.);
#4409 = EDGE_CURVE('',#1304,#2505,#4410,.T.);
#4410 = LINE('',#4411,#4412);
#4411 = CARTESIAN_POINT('',(118.2,-32.,-4.6E-02));
#4412 = VECTOR('',#4413,1.);
#4413 = DIRECTION('',(0.,0.,1.));
#4414 = ORIENTED_EDGE('',*,*,#2504,.F.);
#4415 = ORIENTED_EDGE('',*,*,#4409,.F.);
#4416 = CYLINDRICAL_SURFACE('',#4417,0.5);
#4417 = AXIS2_PLACEMENT_3D('',#4418,#4419,#4420);
#4418 = CARTESIAN_POINT('',(118.2,-31.5,-4.6E-02));
#4419 = DIRECTION('',(-0.,-0.,-1.));
#4420 = DIRECTION('',(-0.,-1.,0.));
#4421 = ADVANCED_FACE('',(#4422),#4433,.F.);
#4422 = FACE_BOUND('',#4423,.T.);
#4423 = EDGE_LOOP('',(#4424,#4425,#4431,#4432));
#4424 = ORIENTED_EDGE('',*,*,#1314,.T.);
#4425 = ORIENTED_EDGE('',*,*,#4426,.T.);
#4426 = EDGE_CURVE('',#1315,#2516,#4427,.T.);
#4427 = LINE('',#4428,#4429);
#4428 = CARTESIAN_POINT('',(120.8,-29.879,-4.6E-02));
#4429 = VECTOR('',#4430,1.);
#4430 = DIRECTION('',(0.,0.,1.));
#4431 = ORIENTED_EDGE('',*,*,#2515,.F.);
#4432 = ORIENTED_EDGE('',*,*,#4426,.F.);
#4433 = CYLINDRICAL_SURFACE('',#4434,1.5);
#4434 = AXIS2_PLACEMENT_3D('',#4435,#4436,#4437);
#4435 = CARTESIAN_POINT('',(120.8,-28.379,-4.6E-02));
#4436 = DIRECTION('',(-0.,-0.,-1.));
#4437 = DIRECTION('',(-0.,-1.,0.));
#4438 = ADVANCED_FACE('',(#4439),#4450,.F.);
#4439 = FACE_BOUND('',#4440,.T.);
#4440 = EDGE_LOOP('',(#4441,#4442,#4448,#4449));
#4441 = ORIENTED_EDGE('',*,*,#1325,.T.);
#4442 = ORIENTED_EDGE('',*,*,#4443,.T.);
#4443 = EDGE_CURVE('',#1326,#2527,#4444,.T.);
#4444 = LINE('',#4445,#4446);
#4445 = CARTESIAN_POINT('',(126.,-25.6,-4.6E-02));
#4446 = VECTOR('',#4447,1.);
#4447 = DIRECTION('',(0.,0.,1.));
#4448 = ORIENTED_EDGE('',*,*,#2526,.F.);
#4449 = ORIENTED_EDGE('',*,*,#4443,.F.);
#4450 = CYLINDRICAL_SURFACE('',#4451,1.6);
#4451 = AXIS2_PLACEMENT_3D('',#4452,#4453,#4454);
#4452 = CARTESIAN_POINT('',(126.,-24.,-4.6E-02));
#4453 = DIRECTION('',(-0.,-0.,-1.));
#4454 = DIRECTION('',(-0.,-1.,0.));
#4455 = ( GEOMETRIC_REPRESENTATION_CONTEXT(3) 
GLOBAL_UNCERTAINTY_ASSIGNED_CONTEXT((#4459)) 
GLOBAL_UNIT_ASSIGNED_CONTEXT((#4456,#4457,#4458)) REPRESENTATION_CONTEXT
('Context #1','3D Context with UNIT and UNCERTAINTY') );
#4456 = ( LENGTH_UNIT() NAMED_UNIT(*) SI_UNIT(.MILLI.,.METRE.) );
#4457 = ( NAMED_UNIT(*) PLANE_ANGLE_UNIT() SI_UNIT($,.RADIAN.) );
#4458 = ( NAMED_UNIT(*) SI_UNIT($,.STERADIAN.) SOLID_ANGLE_UNIT() );
#4459 = UNCERTAINTY_MEASURE_WITH_UNIT(LENGTH_MEASURE(1.E-07),#4456,
  'distance_accuracy_value','confusion accuracy');
#4460 = CONTEXT_DEPENDENT_SHAPE_REPRESENTATION(#4461,#4463);
#4461 = ( REPRESENTATION_RELATIONSHIP('','',#32,#10) 
REPRESENTATION_RELATIONSHIP_WITH_TRANSFORMATION(#4462) 
SHAPE_REPRESENTATION_RELATIONSHIP() );
#4462 = ITEM_DEFINED_TRANSFORMATION('','',#11,#15);
#4463 = PRODUCT_DEFINITION_SHAPE('Placement','Placement of an item',
  #4464);
#4464 = NEXT_ASSEMBLY_USAGE_OCCURRENCE('1','=>[0:1:1:2]','',#5,#27,$);
#4465 = PRODUCT_RELATED_PRODUCT_CATEGORY('part',$,(#29));
#4466 = MECHANICAL_DESIGN_GEOMETRIC_PRESENTATION_REPRESENTATION('',(
    #4467),#4455);
#4467 = STYLED_ITEM('color',(#4468),#33);
#4468 = PRESENTATION_STYLE_ASSIGNMENT((#4469));
#4469 = SURFACE_STYLE_USAGE(.BOTH.,#4470);
#4470 = SURFACE_SIDE_STYLE('',(#4471));
#4471 = SURFACE_STYLE_FILL_AREA(#4472);
#4472 = FILL_AREA_STYLE('',(#4473));
#4473 = FILL_AREA_STYLE_COLOUR('',#4474);
#4474 = COLOUR_RGB('',0.313304153717,0.484529207832,0.410020903123);
ENDSEC;
END-ISO-10303-21;
