ISO-10303-21;
HEADER;
FILE_DESCRIPTION(('KiCad electronic assembly'),'2;1');
FILE_NAME('crow_recorder_central_v2.step','2026-07-24T13:23:32',(
    'Pcbnew'),('Kicad'),'Open CASCADE STEP processor 7.6',
  'KiCad to STEP converter','Unknown');
FILE_SCHEMA(('AUTOMOTIVE_DESIGN { 1 0 10303 214 1 1 1 1 }'));
ENDSEC;
DATA;
#1 = APPLICATION_PROTOCOL_DEFINITION('international standard',
  'automotive_design',2000,#2);
#2 = APPLICATION_CONTEXT(
  'core data for automotive mechanical design processes');
#3 = SHAPE_DEFINITION_REPRESENTATION(#4,#10);
#4 = PRODUCT_DEFINITION_SHAPE('','',#5);
#5 = PRODUCT_DEFINITION('design','',#6,#9);
#6 = PRODUCT_DEFINITION_FORMATION('','',#7);
#7 = PRODUCT('crow_recorder_central_v2 1','crow_recorder_central_v2 1',
  '',(#8));
#8 = PRODUCT_CONTEXT('',#2,'mechanical');
#9 = PRODUCT_DEFINITION_CONTEXT('part definition',#2,'design');
#10 = SHAPE_REPRESENTATION('',(#11,#15),#19);
#11 = AXIS2_PLACEMENT_3D('',#12,#13,#14);
#12 = CARTESIAN_POINT('',(0.,0.,0.));
#13 = DIRECTION('',(0.,0.,1.));
#14 = DIRECTION('',(1.,0.,-0.));
#15 = AXIS2_PLACEMENT_3D('',#16,#17,#18);
#16 = CARTESIAN_POINT('',(0.,0.,0.));
#17 = DIRECTION('',(0.,0.,1.));
#18 = DIRECTION('',(1.,0.,-0.));
#19 = ( GEOMETRIC_REPRESENTATION_CONTEXT(3) 
GLOBAL_UNCERTAINTY_ASSIGNED_CONTEXT((#23)) GLOBAL_UNIT_ASSIGNED_CONTEXT(
(#20,#21,#22)) REPRESENTATION_CONTEXT('Context #1',
  '3D Context with UNIT and UNCERTAINTY') );
#20 = ( LENGTH_UNIT() NAMED_UNIT(*) SI_UNIT(.MILLI.,.METRE.) );
#21 = ( NAMED_UNIT(*) PLANE_ANGLE_UNIT() SI_UNIT($,.RADIAN.) );
#22 = ( NAMED_UNIT(*) SI_UNIT($,.STERADIAN.) SOLID_ANGLE_UNIT() );
#23 = UNCERTAINTY_MEASURE_WITH_UNIT(LENGTH_MEASURE(1.E-07),#20,
  'distance_accuracy_value','confusion accuracy');
#24 = PRODUCT_RELATED_PRODUCT_CATEGORY('part',$,(#7));
#25 = SHAPE_DEFINITION_REPRESENTATION(#26,#32);
#26 = PRODUCT_DEFINITION_SHAPE('','',#27);
#27 = PRODUCT_DEFINITION('design','',#28,#31);
#28 = PRODUCT_DEFINITION_FORMATION('','',#29);
#29 = PRODUCT('crow_recorder_central_v2_PCB',
  'crow_recorder_central_v2_PCB','',(#30));
#30 = PRODUCT_CONTEXT('',#2,'mechanical');
#31 = PRODUCT_DEFINITION_CONTEXT('part definition',#2,'design');
#32 = ADVANCED_BREP_SHAPE_REPRESENTATION('',(#11,#33),#6818);
#33 = MANIFOLD_SOLID_BREP('',#34);
#34 = CLOSED_SHELL('',(#35,#75,#106,#137,#2001,#3865,#3877,#3894,#3916,
    #3933,#3950,#3962,#3984,#4001,#4018,#4030,#4052,#4069,#4086,#4098,
    #4120,#4137,#4154,#4166,#4188,#4205,#4222,#4234,#4251,#4273,#4290,
    #4307,#4319,#4336,#4358,#4375,#4392,#4404,#4421,#4438,#4455,#4472,
    #4489,#4506,#4523,#4540,#4557,#4574,#4591,#4608,#4625,#4642,#4659,
    #4676,#4693,#4710,#4727,#4744,#4761,#4778,#4795,#4812,#4829,#4846,
    #4863,#4880,#4897,#4914,#4931,#4948,#4965,#4982,#4999,#5016,#5033,
    #5050,#5067,#5084,#5101,#5118,#5135,#5152,#5169,#5186,#5203,#5220,
    #5237,#5254,#5271,#5288,#5305,#5322,#5339,#5356,#5373,#5390,#5407,
    #5424,#5441,#5458,#5475,#5492,#5509,#5526,#5543,#5560,#5577,#5594,
    #5611,#5628,#5645,#5662,#5679,#5696,#5713,#5730,#5747,#5764,#5781,
    #5798,#5815,#5832,#5849,#5866,#5883,#5900,#5917,#5934,#5951,#5968,
    #5985,#6002,#6019,#6036,#6053,#6070,#6087,#6104,#6121,#6138,#6155,
    #6172,#6189,#6206,#6223,#6240,#6257,#6274,#6291,#6308,#6325,#6342,
    #6359,#6376,#6393,#6410,#6427,#6444,#6461,#6478,#6495,#6512,#6529,
    #6546,#6563,#6580,#6597,#6614,#6631,#6648,#6665,#6682,#6699,#6716,
    #6733,#6750,#6767,#6784,#6801));
#35 = ADVANCED_FACE('',(#36),#70,.T.);
#36 = FACE_BOUND('',#37,.T.);
#37 = EDGE_LOOP('',(#38,#48,#56,#64));
#38 = ORIENTED_EDGE('',*,*,#39,.T.);
#39 = EDGE_CURVE('',#40,#42,#44,.T.);
#40 = VERTEX_POINT('',#41);
#41 = CARTESIAN_POINT('',(180.,-130.,0.));
#42 = VERTEX_POINT('',#43);
#43 = CARTESIAN_POINT('',(180.,-130.,1.51));
#44 = LINE('',#45,#46);
#45 = CARTESIAN_POINT('',(180.,-130.,0.));
#46 = VECTOR('',#47,1.);
#47 = DIRECTION('',(0.,0.,1.));
#48 = ORIENTED_EDGE('',*,*,#49,.T.);
#49 = EDGE_CURVE('',#42,#50,#52,.T.);
#50 = VERTEX_POINT('',#51);
#51 = CARTESIAN_POINT('',(10.,-130.,1.51));
#52 = LINE('',#53,#54);
#53 = CARTESIAN_POINT('',(180.,-130.,1.51));
#54 = VECTOR('',#55,1.);
#55 = DIRECTION('',(-1.,0.,0.));
#56 = ORIENTED_EDGE('',*,*,#57,.F.);
#57 = EDGE_CURVE('',#58,#50,#60,.T.);
#58 = VERTEX_POINT('',#59);
#59 = CARTESIAN_POINT('',(10.,-130.,0.));
#60 = LINE('',#61,#62);
#61 = CARTESIAN_POINT('',(10.,-130.,0.));
#62 = VECTOR('',#63,1.);
#63 = DIRECTION('',(0.,0.,1.));
#64 = ORIENTED_EDGE('',*,*,#65,.F.);
#65 = EDGE_CURVE('',#40,#58,#66,.T.);
#66 = LINE('',#67,#68);
#67 = CARTESIAN_POINT('',(180.,-130.,0.));
#68 = VECTOR('',#69,1.);
#69 = DIRECTION('',(-1.,0.,0.));
#70 = PLANE('',#71);
#71 = AXIS2_PLACEMENT_3D('',#72,#73,#74);
#72 = CARTESIAN_POINT('',(180.,-130.,0.));
#73 = DIRECTION('',(0.,-1.,0.));
#74 = DIRECTION('',(-1.,0.,0.));
#75 = ADVANCED_FACE('',(#76),#101,.T.);
#76 = FACE_BOUND('',#77,.T.);
#77 = EDGE_LOOP('',(#78,#88,#94,#95));
#78 = ORIENTED_EDGE('',*,*,#79,.T.);
#79 = EDGE_CURVE('',#80,#82,#84,.T.);
#80 = VERTEX_POINT('',#81);
#81 = CARTESIAN_POINT('',(180.,-10.,0.));
#82 = VERTEX_POINT('',#83);
#83 = CARTESIAN_POINT('',(180.,-10.,1.51));
#84 = LINE('',#85,#86);
#85 = CARTESIAN_POINT('',(180.,-10.,0.));
#86 = VECTOR('',#87,1.);
#87 = DIRECTION('',(0.,0.,1.));
#88 = ORIENTED_EDGE('',*,*,#89,.T.);
#89 = EDGE_CURVE('',#82,#42,#90,.T.);
#90 = LINE('',#91,#92);
#91 = CARTESIAN_POINT('',(180.,-10.,1.51));
#92 = VECTOR('',#93,1.);
#93 = DIRECTION('',(0.,-1.,0.));
#94 = ORIENTED_EDGE('',*,*,#39,.F.);
#95 = ORIENTED_EDGE('',*,*,#96,.F.);
#96 = EDGE_CURVE('',#80,#40,#97,.T.);
#97 = LINE('',#98,#99);
#98 = CARTESIAN_POINT('',(180.,-10.,0.));
#99 = VECTOR('',#100,1.);
#100 = DIRECTION('',(0.,-1.,0.));
#101 = PLANE('',#102);
#102 = AXIS2_PLACEMENT_3D('',#103,#104,#105);
#103 = CARTESIAN_POINT('',(180.,-10.,0.));
#104 = DIRECTION('',(1.,0.,-0.));
#105 = DIRECTION('',(0.,-1.,0.));
#106 = ADVANCED_FACE('',(#107),#132,.T.);
#107 = FACE_BOUND('',#108,.T.);
#108 = EDGE_LOOP('',(#109,#110,#118,#126));
#109 = ORIENTED_EDGE('',*,*,#57,.T.);
#110 = ORIENTED_EDGE('',*,*,#111,.T.);
#111 = EDGE_CURVE('',#50,#112,#114,.T.);
#112 = VERTEX_POINT('',#113);
#113 = CARTESIAN_POINT('',(10.,-10.,1.51));
#114 = LINE('',#115,#116);
#115 = CARTESIAN_POINT('',(10.,-130.,1.51));
#116 = VECTOR('',#117,1.);
#117 = DIRECTION('',(0.,1.,0.));
#118 = ORIENTED_EDGE('',*,*,#119,.F.);
#119 = EDGE_CURVE('',#120,#112,#122,.T.);
#120 = VERTEX_POINT('',#121);
#121 = CARTESIAN_POINT('',(10.,-10.,0.));
#122 = LINE('',#123,#124);
#123 = CARTESIAN_POINT('',(10.,-10.,0.));
#124 = VECTOR('',#125,1.);
#125 = DIRECTION('',(0.,0.,1.));
#126 = ORIENTED_EDGE('',*,*,#127,.F.);
#127 = EDGE_CURVE('',#58,#120,#128,.T.);
#128 = LINE('',#129,#130);
#129 = CARTESIAN_POINT('',(10.,-130.,0.));
#130 = VECTOR('',#131,1.);
#131 = DIRECTION('',(0.,1.,0.));
#132 = PLANE('',#133);
#133 = AXIS2_PLACEMENT_3D('',#134,#135,#136);
#134 = CARTESIAN_POINT('',(10.,-130.,0.));
#135 = DIRECTION('',(-1.,0.,0.));
#136 = DIRECTION('',(0.,1.,0.));
#137 = ADVANCED_FACE('',(#138,#149,#160,#196,#232,#268,#304,#340,#351,
    #387,#398,#434,#445,#456,#467,#478,#489,#500,#511,#522,#533,#544,
    #555,#566,#577,#588,#599,#610,#621,#632,#643,#654,#665,#676,#687,
    #698,#709,#720,#731,#742,#753,#764,#775,#786,#797,#808,#819,#830,
    #841,#852,#863,#874,#885,#896,#907,#918,#929,#940,#951,#962,#973,
    #984,#995,#1006,#1017,#1028,#1039,#1050,#1061,#1072,#1083,#1094,
    #1105,#1116,#1127,#1138,#1149,#1160,#1171,#1182,#1193,#1204,#1215,
    #1226,#1237,#1248,#1259,#1270,#1281,#1292,#1303,#1314,#1325,#1336,
    #1347,#1358,#1369,#1380,#1391,#1402,#1413,#1424,#1435,#1446,#1457,
    #1468,#1479,#1490,#1501,#1512,#1523,#1534,#1545,#1556,#1567,#1578,
    #1589,#1600,#1611,#1622,#1633,#1644,#1655,#1666,#1677,#1688,#1699,
    #1710,#1721,#1732,#1743,#1754,#1765,#1776,#1787,#1798,#1809,#1820,
    #1831,#1842,#1853,#1864,#1875,#1886,#1897,#1908,#1919,#1930,#1941,
    #1952,#1963,#1974,#1985),#1996,.F.);
#138 = FACE_BOUND('',#139,.F.);
#139 = EDGE_LOOP('',(#140,#141,#142,#148));
#140 = ORIENTED_EDGE('',*,*,#65,.F.);
#141 = ORIENTED_EDGE('',*,*,#96,.F.);
#142 = ORIENTED_EDGE('',*,*,#143,.F.);
#143 = EDGE_CURVE('',#120,#80,#144,.T.);
#144 = LINE('',#145,#146);
#145 = CARTESIAN_POINT('',(10.,-10.,0.));
#146 = VECTOR('',#147,1.);
#147 = DIRECTION('',(1.,0.,0.));
#148 = ORIENTED_EDGE('',*,*,#127,.F.);
#149 = FACE_BOUND('',#150,.F.);
#150 = EDGE_LOOP('',(#151));
#151 = ORIENTED_EDGE('',*,*,#152,.T.);
#152 = EDGE_CURVE('',#153,#153,#155,.T.);
#153 = VERTEX_POINT('',#154);
#154 = CARTESIAN_POINT('',(20.,-125.6,0.));
#155 = CIRCLE('',#156,1.6);
#156 = AXIS2_PLACEMENT_3D('',#157,#158,#159);
#157 = CARTESIAN_POINT('',(20.,-124.,0.));
#158 = DIRECTION('',(-0.,0.,-1.));
#159 = DIRECTION('',(-0.,-1.,0.));
#160 = FACE_BOUND('',#161,.F.);
#161 = EDGE_LOOP('',(#162,#173,#181,#190));
#162 = ORIENTED_EDGE('',*,*,#163,.T.);
#163 = EDGE_CURVE('',#164,#166,#168,.T.);
#164 = VERTEX_POINT('',#165);
#165 = CARTESIAN_POINT('',(22.,-106.2,0.));
#166 = VERTEX_POINT('',#167);
#167 = CARTESIAN_POINT('',(22.,-107.2,0.));
#168 = CIRCLE('',#169,0.5);
#169 = AXIS2_PLACEMENT_3D('',#170,#171,#172);
#170 = CARTESIAN_POINT('',(22.,-106.7,0.));
#171 = DIRECTION('',(-0.,0.,-1.));
#172 = DIRECTION('',(-0.,-1.,0.));
#173 = ORIENTED_EDGE('',*,*,#174,.T.);
#174 = EDGE_CURVE('',#166,#175,#177,.T.);
#175 = VERTEX_POINT('',#176);
#176 = CARTESIAN_POINT('',(20.,-107.2,0.));
#177 = LINE('',#178,#179);
#178 = CARTESIAN_POINT('',(10.,-107.2,0.));
#179 = VECTOR('',#180,1.);
#180 = DIRECTION('',(-1.,0.,0.));
#181 = ORIENTED_EDGE('',*,*,#182,.T.);
#182 = EDGE_CURVE('',#175,#183,#185,.T.);
#183 = VERTEX_POINT('',#184);
#184 = CARTESIAN_POINT('',(20.,-106.2,0.));
#185 = CIRCLE('',#186,0.5);
#186 = AXIS2_PLACEMENT_3D('',#187,#188,#189);
#187 = CARTESIAN_POINT('',(20.,-106.7,0.));
#188 = DIRECTION('',(-0.,0.,-1.));
#189 = DIRECTION('',(0.,1.,0.));
#190 = ORIENTED_EDGE('',*,*,#191,.T.);
#191 = EDGE_CURVE('',#183,#164,#192,.T.);
#192 = LINE('',#193,#194);
#193 = CARTESIAN_POINT('',(11.,-106.2,0.));
#194 = VECTOR('',#195,1.);
#195 = DIRECTION('',(1.,0.,-0.));
#196 = FACE_BOUND('',#197,.F.);
#197 = EDGE_LOOP('',(#198,#209,#217,#226));
#198 = ORIENTED_EDGE('',*,*,#199,.T.);
#199 = EDGE_CURVE('',#200,#202,#204,.T.);
#200 = VERTEX_POINT('',#201);
#201 = CARTESIAN_POINT('',(18.5,-103.,0.));
#202 = VERTEX_POINT('',#203);
#203 = CARTESIAN_POINT('',(17.5,-103.,0.));
#204 = CIRCLE('',#205,0.5);
#205 = AXIS2_PLACEMENT_3D('',#206,#207,#208);
#206 = CARTESIAN_POINT('',(18.,-103.,0.));
#207 = DIRECTION('',(-0.,0.,-1.));
#208 = DIRECTION('',(-1.,0.,0.));
#209 = ORIENTED_EDGE('',*,*,#210,.T.);
#210 = EDGE_CURVE('',#202,#211,#213,.T.);
#211 = VERTEX_POINT('',#212);
#212 = CARTESIAN_POINT('',(17.5,-101.,0.));
#213 = LINE('',#214,#215);
#214 = CARTESIAN_POINT('',(17.5,-50.5,0.));
#215 = VECTOR('',#216,1.);
#216 = DIRECTION('',(-0.,1.,0.));
#217 = ORIENTED_EDGE('',*,*,#218,.T.);
#218 = EDGE_CURVE('',#211,#219,#221,.T.);
#219 = VERTEX_POINT('',#220);
#220 = CARTESIAN_POINT('',(18.5,-101.,0.));
#221 = CIRCLE('',#222,0.5);
#222 = AXIS2_PLACEMENT_3D('',#223,#224,#225);
#223 = CARTESIAN_POINT('',(18.,-101.,0.));
#224 = DIRECTION('',(0.,-0.,-1.));
#225 = DIRECTION('',(1.,0.,-0.));
#226 = ORIENTED_EDGE('',*,*,#227,.T.);
#227 = EDGE_CURVE('',#219,#200,#228,.T.);
#228 = LINE('',#229,#230);
#229 = CARTESIAN_POINT('',(18.5,-51.5,0.));
#230 = VECTOR('',#231,1.);
#231 = DIRECTION('',(0.,-1.,0.));
#232 = FACE_BOUND('',#233,.F.);
#233 = EDGE_LOOP('',(#234,#245,#253,#262));
#234 = ORIENTED_EDGE('',*,*,#235,.T.);
#235 = EDGE_CURVE('',#236,#238,#240,.T.);
#236 = VERTEX_POINT('',#237);
#237 = CARTESIAN_POINT('',(24.5,-103.,0.));
#238 = VERTEX_POINT('',#239);
#239 = CARTESIAN_POINT('',(23.5,-103.,0.));
#240 = CIRCLE('',#241,0.5);
#241 = AXIS2_PLACEMENT_3D('',#242,#243,#244);
#242 = CARTESIAN_POINT('',(24.,-103.,0.));
#243 = DIRECTION('',(-0.,0.,-1.));
#244 = DIRECTION('',(-1.,0.,0.));
#245 = ORIENTED_EDGE('',*,*,#246,.T.);
#246 = EDGE_CURVE('',#238,#247,#249,.T.);
#247 = VERTEX_POINT('',#248);
#248 = CARTESIAN_POINT('',(23.5,-101.,0.));
#249 = LINE('',#250,#251);
#250 = CARTESIAN_POINT('',(23.5,-50.5,0.));
#251 = VECTOR('',#252,1.);
#252 = DIRECTION('',(-0.,1.,0.));
#253 = ORIENTED_EDGE('',*,*,#254,.T.);
#254 = EDGE_CURVE('',#247,#255,#257,.T.);
#255 = VERTEX_POINT('',#256);
#256 = CARTESIAN_POINT('',(24.5,-101.,0.));
#257 = CIRCLE('',#258,0.5);
#258 = AXIS2_PLACEMENT_3D('',#259,#260,#261);
#259 = CARTESIAN_POINT('',(24.,-101.,0.));
#260 = DIRECTION('',(0.,-0.,-1.));
#261 = DIRECTION('',(1.,0.,-0.));
#262 = ORIENTED_EDGE('',*,*,#263,.T.);
#263 = EDGE_CURVE('',#255,#236,#264,.T.);
#264 = LINE('',#265,#266);
#265 = CARTESIAN_POINT('',(24.5,-51.5,0.));
#266 = VECTOR('',#267,1.);
#267 = DIRECTION('',(0.,-1.,0.));
#268 = FACE_BOUND('',#269,.F.);
#269 = EDGE_LOOP('',(#270,#281,#289,#298));
#270 = ORIENTED_EDGE('',*,*,#271,.T.);
#271 = EDGE_CURVE('',#272,#274,#276,.T.);
#272 = VERTEX_POINT('',#273);
#273 = CARTESIAN_POINT('',(85.98,-127.475,0.));
#274 = VERTEX_POINT('',#275);
#275 = CARTESIAN_POINT('',(85.38,-127.475,0.));
#276 = CIRCLE('',#277,0.3);
#277 = AXIS2_PLACEMENT_3D('',#278,#279,#280);
#278 = CARTESIAN_POINT('',(85.68,-127.475,0.));
#279 = DIRECTION('',(-0.,0.,-1.));
#280 = DIRECTION('',(-1.,0.,0.));
#281 = ORIENTED_EDGE('',*,*,#282,.T.);
#282 = EDGE_CURVE('',#274,#283,#285,.T.);
#283 = VERTEX_POINT('',#284);
#284 = CARTESIAN_POINT('',(85.38,-126.675,0.));
#285 = LINE('',#286,#287);
#286 = CARTESIAN_POINT('',(85.38,-63.3375,0.));
#287 = VECTOR('',#288,1.);
#288 = DIRECTION('',(-0.,1.,0.));
#289 = ORIENTED_EDGE('',*,*,#290,.T.);
#290 = EDGE_CURVE('',#283,#291,#293,.T.);
#291 = VERTEX_POINT('',#292);
#292 = CARTESIAN_POINT('',(85.98,-126.675,0.));
#293 = CIRCLE('',#294,0.3);
#294 = AXIS2_PLACEMENT_3D('',#295,#296,#297);
#295 = CARTESIAN_POINT('',(85.68,-126.675,0.));
#296 = DIRECTION('',(0.,-0.,-1.));
#297 = DIRECTION('',(1.,4.736951571734E-14,-0.));
#298 = ORIENTED_EDGE('',*,*,#299,.T.);
#299 = EDGE_CURVE('',#291,#272,#300,.T.);
#300 = LINE('',#301,#302);
#301 = CARTESIAN_POINT('',(85.98,-63.7375,0.));
#302 = VECTOR('',#303,1.);
#303 = DIRECTION('',(0.,-1.,0.));
#304 = FACE_BOUND('',#305,.F.);
#305 = EDGE_LOOP('',(#306,#317,#325,#334));
#306 = ORIENTED_EDGE('',*,*,#307,.T.);
#307 = EDGE_CURVE('',#308,#310,#312,.T.);
#308 = VERTEX_POINT('',#309);
#309 = CARTESIAN_POINT('',(94.62,-127.475,0.));
#310 = VERTEX_POINT('',#311);
#311 = CARTESIAN_POINT('',(94.02,-127.475,0.));
#312 = CIRCLE('',#313,0.3);
#313 = AXIS2_PLACEMENT_3D('',#314,#315,#316);
#314 = CARTESIAN_POINT('',(94.32,-127.475,0.));
#315 = DIRECTION('',(-0.,0.,-1.));
#316 = DIRECTION('',(-1.,0.,0.));
#317 = ORIENTED_EDGE('',*,*,#318,.T.);
#318 = EDGE_CURVE('',#310,#319,#321,.T.);
#319 = VERTEX_POINT('',#320);
#320 = CARTESIAN_POINT('',(94.02,-126.675,0.));
#321 = LINE('',#322,#323);
#322 = CARTESIAN_POINT('',(94.02,-63.3375,0.));
#323 = VECTOR('',#324,1.);
#324 = DIRECTION('',(-0.,1.,0.));
#325 = ORIENTED_EDGE('',*,*,#326,.T.);
#326 = EDGE_CURVE('',#319,#327,#329,.T.);
#327 = VERTEX_POINT('',#328);
#328 = CARTESIAN_POINT('',(94.62,-126.675,0.));
#329 = CIRCLE('',#330,0.3);
#330 = AXIS2_PLACEMENT_3D('',#331,#332,#333);
#331 = CARTESIAN_POINT('',(94.32,-126.675,0.));
#332 = DIRECTION('',(0.,-0.,-1.));
#333 = DIRECTION('',(1.,4.736951571734E-14,-0.));
#334 = ORIENTED_EDGE('',*,*,#335,.T.);
#335 = EDGE_CURVE('',#327,#308,#336,.T.);
#336 = LINE('',#337,#338);
#337 = CARTESIAN_POINT('',(94.62,-63.7375,0.));
#338 = VECTOR('',#339,1.);
#339 = DIRECTION('',(0.,-1.,0.));
#340 = FACE_BOUND('',#341,.F.);
#341 = EDGE_LOOP('',(#342));
#342 = ORIENTED_EDGE('',*,*,#343,.T.);
#343 = EDGE_CURVE('',#344,#344,#346,.T.);
#344 = VERTEX_POINT('',#345);
#345 = CARTESIAN_POINT('',(87.11,-123.72,0.));
#346 = CIRCLE('',#347,0.325);
#347 = AXIS2_PLACEMENT_3D('',#348,#349,#350);
#348 = CARTESIAN_POINT('',(87.11,-123.395,0.));
#349 = DIRECTION('',(-0.,0.,-1.));
#350 = DIRECTION('',(-0.,-1.,0.));
#351 = FACE_BOUND('',#352,.F.);
#352 = EDGE_LOOP('',(#353,#364,#372,#381));
#353 = ORIENTED_EDGE('',*,*,#354,.T.);
#354 = EDGE_CURVE('',#355,#357,#359,.T.);
#355 = VERTEX_POINT('',#356);
#356 = CARTESIAN_POINT('',(85.98,-123.445,0.));
#357 = VERTEX_POINT('',#358);
#358 = CARTESIAN_POINT('',(85.38,-123.445,0.));
#359 = CIRCLE('',#360,0.3);
#360 = AXIS2_PLACEMENT_3D('',#361,#362,#363);
#361 = CARTESIAN_POINT('',(85.68,-123.445,0.));
#362 = DIRECTION('',(-0.,0.,-1.));
#363 = DIRECTION('',(-1.,0.,0.));
#364 = ORIENTED_EDGE('',*,*,#365,.T.);
#365 = EDGE_CURVE('',#357,#366,#368,.T.);
#366 = VERTEX_POINT('',#367);
#367 = CARTESIAN_POINT('',(85.38,-122.345,0.));
#368 = LINE('',#369,#370);
#369 = CARTESIAN_POINT('',(85.38,-61.1725,0.));
#370 = VECTOR('',#371,1.);
#371 = DIRECTION('',(-0.,1.,0.));
#372 = ORIENTED_EDGE('',*,*,#373,.T.);
#373 = EDGE_CURVE('',#366,#374,#376,.T.);
#374 = VERTEX_POINT('',#375);
#375 = CARTESIAN_POINT('',(85.98,-122.345,0.));
#376 = CIRCLE('',#377,0.3);
#377 = AXIS2_PLACEMENT_3D('',#378,#379,#380);
#378 = CARTESIAN_POINT('',(85.68,-122.345,0.));
#379 = DIRECTION('',(0.,-0.,-1.));
#380 = DIRECTION('',(1.,0.,-0.));
#381 = ORIENTED_EDGE('',*,*,#382,.T.);
#382 = EDGE_CURVE('',#374,#355,#383,.T.);
#383 = LINE('',#384,#385);
#384 = CARTESIAN_POINT('',(85.98,-61.7225,0.));
#385 = VECTOR('',#386,1.);
#386 = DIRECTION('',(0.,-1.,0.));
#387 = FACE_BOUND('',#388,.F.);
#388 = EDGE_LOOP('',(#389));
#389 = ORIENTED_EDGE('',*,*,#390,.T.);
#390 = EDGE_CURVE('',#391,#391,#393,.T.);
#391 = VERTEX_POINT('',#392);
#392 = CARTESIAN_POINT('',(92.89,-123.72,0.));
#393 = CIRCLE('',#394,0.325);
#394 = AXIS2_PLACEMENT_3D('',#395,#396,#397);
#395 = CARTESIAN_POINT('',(92.89,-123.395,0.));
#396 = DIRECTION('',(-0.,0.,-1.));
#397 = DIRECTION('',(-0.,-1.,0.));
#398 = FACE_BOUND('',#399,.F.);
#399 = EDGE_LOOP('',(#400,#411,#419,#428));
#400 = ORIENTED_EDGE('',*,*,#401,.T.);
#401 = EDGE_CURVE('',#402,#404,#406,.T.);
#402 = VERTEX_POINT('',#403);
#403 = CARTESIAN_POINT('',(94.62,-123.445,0.));
#404 = VERTEX_POINT('',#405);
#405 = CARTESIAN_POINT('',(94.02,-123.445,0.));
#406 = CIRCLE('',#407,0.3);
#407 = AXIS2_PLACEMENT_3D('',#408,#409,#410);
#408 = CARTESIAN_POINT('',(94.32,-123.445,0.));
#409 = DIRECTION('',(-0.,0.,-1.));
#410 = DIRECTION('',(-1.,0.,0.));
#411 = ORIENTED_EDGE('',*,*,#412,.T.);
#412 = EDGE_CURVE('',#404,#413,#415,.T.);
#413 = VERTEX_POINT('',#414);
#414 = CARTESIAN_POINT('',(94.02,-122.345,0.));
#415 = LINE('',#416,#417);
#416 = CARTESIAN_POINT('',(94.02,-61.1725,0.));
#417 = VECTOR('',#418,1.);
#418 = DIRECTION('',(-0.,1.,0.));
#419 = ORIENTED_EDGE('',*,*,#420,.T.);
#420 = EDGE_CURVE('',#413,#421,#423,.T.);
#421 = VERTEX_POINT('',#422);
#422 = CARTESIAN_POINT('',(94.62,-122.345,0.));
#423 = CIRCLE('',#424,0.3);
#424 = AXIS2_PLACEMENT_3D('',#425,#426,#427);
#425 = CARTESIAN_POINT('',(94.32,-122.345,0.));
#426 = DIRECTION('',(0.,-0.,-1.));
#427 = DIRECTION('',(1.,0.,-0.));
#428 = ORIENTED_EDGE('',*,*,#429,.T.);
#429 = EDGE_CURVE('',#421,#402,#430,.T.);
#430 = LINE('',#431,#432);
#431 = CARTESIAN_POINT('',(94.62,-61.7225,0.));
#432 = VECTOR('',#433,1.);
#433 = DIRECTION('',(0.,-1.,0.));
#434 = FACE_BOUND('',#435,.F.);
#435 = EDGE_LOOP('',(#436));
#436 = ORIENTED_EDGE('',*,*,#437,.T.);
#437 = EDGE_CURVE('',#438,#438,#440,.T.);
#438 = VERTEX_POINT('',#439);
#439 = CARTESIAN_POINT('',(140.,-118.5,0.));
#440 = CIRCLE('',#441,0.5);
#441 = AXIS2_PLACEMENT_3D('',#442,#443,#444);
#442 = CARTESIAN_POINT('',(140.,-118.,0.));
#443 = DIRECTION('',(-0.,0.,-1.));
#444 = DIRECTION('',(-0.,-1.,0.));
#445 = FACE_BOUND('',#446,.F.);
#446 = EDGE_LOOP('',(#447));
#447 = ORIENTED_EDGE('',*,*,#448,.T.);
#448 = EDGE_CURVE('',#449,#449,#451,.T.);
#449 = VERTEX_POINT('',#450);
#450 = CARTESIAN_POINT('',(142.54,-118.5,0.));
#451 = CIRCLE('',#452,0.5);
#452 = AXIS2_PLACEMENT_3D('',#453,#454,#455);
#453 = CARTESIAN_POINT('',(142.54,-118.,0.));
#454 = DIRECTION('',(-0.,0.,-1.));
#455 = DIRECTION('',(-0.,-1.,0.));
#456 = FACE_BOUND('',#457,.F.);
#457 = EDGE_LOOP('',(#458));
#458 = ORIENTED_EDGE('',*,*,#459,.T.);
#459 = EDGE_CURVE('',#460,#460,#462,.T.);
#460 = VERTEX_POINT('',#461);
#461 = CARTESIAN_POINT('',(145.08,-118.5,0.));
#462 = CIRCLE('',#463,0.5);
#463 = AXIS2_PLACEMENT_3D('',#464,#465,#466);
#464 = CARTESIAN_POINT('',(145.08,-118.,0.));
#465 = DIRECTION('',(-0.,0.,-1.));
#466 = DIRECTION('',(-0.,-1.,0.));
#467 = FACE_BOUND('',#468,.F.);
#468 = EDGE_LOOP('',(#469));
#469 = ORIENTED_EDGE('',*,*,#470,.T.);
#470 = EDGE_CURVE('',#471,#471,#473,.T.);
#471 = VERTEX_POINT('',#472);
#472 = CARTESIAN_POINT('',(147.62,-118.5,0.));
#473 = CIRCLE('',#474,0.5);
#474 = AXIS2_PLACEMENT_3D('',#475,#476,#477);
#475 = CARTESIAN_POINT('',(147.62,-118.,0.));
#476 = DIRECTION('',(-0.,0.,-1.));
#477 = DIRECTION('',(-0.,-1.,0.));
#478 = FACE_BOUND('',#479,.F.);
#479 = EDGE_LOOP('',(#480));
#480 = ORIENTED_EDGE('',*,*,#481,.T.);
#481 = EDGE_CURVE('',#482,#482,#484,.T.);
#482 = VERTEX_POINT('',#483);
#483 = CARTESIAN_POINT('',(150.16,-118.5,0.));
#484 = CIRCLE('',#485,0.5);
#485 = AXIS2_PLACEMENT_3D('',#486,#487,#488);
#486 = CARTESIAN_POINT('',(150.16,-118.,0.));
#487 = DIRECTION('',(-0.,0.,-1.));
#488 = DIRECTION('',(-0.,-1.,0.));
#489 = FACE_BOUND('',#490,.F.);
#490 = EDGE_LOOP('',(#491));
#491 = ORIENTED_EDGE('',*,*,#492,.T.);
#492 = EDGE_CURVE('',#493,#493,#495,.T.);
#493 = VERTEX_POINT('',#494);
#494 = CARTESIAN_POINT('',(152.7,-118.5,0.));
#495 = CIRCLE('',#496,0.5);
#496 = AXIS2_PLACEMENT_3D('',#497,#498,#499);
#497 = CARTESIAN_POINT('',(152.7,-118.,0.));
#498 = DIRECTION('',(-0.,0.,-1.));
#499 = DIRECTION('',(-0.,-1.,0.));
#500 = FACE_BOUND('',#501,.F.);
#501 = EDGE_LOOP('',(#502));
#502 = ORIENTED_EDGE('',*,*,#503,.T.);
#503 = EDGE_CURVE('',#504,#504,#506,.T.);
#504 = VERTEX_POINT('',#505);
#505 = CARTESIAN_POINT('',(155.24,-118.5,0.));
#506 = CIRCLE('',#507,0.5);
#507 = AXIS2_PLACEMENT_3D('',#508,#509,#510);
#508 = CARTESIAN_POINT('',(155.24,-118.,0.));
#509 = DIRECTION('',(-0.,0.,-1.));
#510 = DIRECTION('',(-0.,-1.,0.));
#511 = FACE_BOUND('',#512,.F.);
#512 = EDGE_LOOP('',(#513));
#513 = ORIENTED_EDGE('',*,*,#514,.T.);
#514 = EDGE_CURVE('',#515,#515,#517,.T.);
#515 = VERTEX_POINT('',#516);
#516 = CARTESIAN_POINT('',(170.,-125.6,0.));
#517 = CIRCLE('',#518,1.6);
#518 = AXIS2_PLACEMENT_3D('',#519,#520,#521);
#519 = CARTESIAN_POINT('',(170.,-124.,0.));
#520 = DIRECTION('',(-0.,0.,-1.));
#521 = DIRECTION('',(-0.,-1.,0.));
#522 = FACE_BOUND('',#523,.F.);
#523 = EDGE_LOOP('',(#524));
#524 = ORIENTED_EDGE('',*,*,#525,.T.);
#525 = EDGE_CURVE('',#526,#526,#528,.T.);
#526 = VERTEX_POINT('',#527);
#527 = CARTESIAN_POINT('',(157.78,-118.5,0.));
#528 = CIRCLE('',#529,0.5);
#529 = AXIS2_PLACEMENT_3D('',#530,#531,#532);
#530 = CARTESIAN_POINT('',(157.78,-118.,0.));
#531 = DIRECTION('',(-0.,0.,-1.));
#532 = DIRECTION('',(-0.,-1.,0.));
#533 = FACE_BOUND('',#534,.F.);
#534 = EDGE_LOOP('',(#535));
#535 = ORIENTED_EDGE('',*,*,#536,.T.);
#536 = EDGE_CURVE('',#537,#537,#539,.T.);
#537 = VERTEX_POINT('',#538);
#538 = CARTESIAN_POINT('',(14.,-71.6,0.));
#539 = CIRCLE('',#540,1.6);
#540 = AXIS2_PLACEMENT_3D('',#541,#542,#543);
#541 = CARTESIAN_POINT('',(14.,-70.,0.));
#542 = DIRECTION('',(-0.,0.,-1.));
#543 = DIRECTION('',(-0.,-1.,0.));
#544 = FACE_BOUND('',#545,.F.);
#545 = EDGE_LOOP('',(#546));
#546 = ORIENTED_EDGE('',*,*,#547,.T.);
#547 = EDGE_CURVE('',#548,#548,#550,.T.);
#548 = VERTEX_POINT('',#549);
#549 = CARTESIAN_POINT('',(21.7,-25.045,0.));
#550 = CIRCLE('',#551,0.445);
#551 = AXIS2_PLACEMENT_3D('',#552,#553,#554);
#552 = CARTESIAN_POINT('',(21.7,-24.6,0.));
#553 = DIRECTION('',(-0.,0.,-1.));
#554 = DIRECTION('',(-0.,-1.,0.));
#555 = FACE_BOUND('',#556,.F.);
#556 = EDGE_LOOP('',(#557));
#557 = ORIENTED_EDGE('',*,*,#558,.T.);
#558 = EDGE_CURVE('',#559,#559,#561,.T.);
#559 = VERTEX_POINT('',#560);
#560 = CARTESIAN_POINT('',(23.99,-25.045,0.));
#561 = CIRCLE('',#562,0.445);
#562 = AXIS2_PLACEMENT_3D('',#563,#564,#565);
#563 = CARTESIAN_POINT('',(23.99,-24.6,0.));
#564 = DIRECTION('',(-0.,0.,-1.));
#565 = DIRECTION('',(-7.983626244496E-15,-1.,0.));
#566 = FACE_BOUND('',#567,.F.);
#567 = EDGE_LOOP('',(#568));
#568 = ORIENTED_EDGE('',*,*,#569,.T.);
#569 = EDGE_CURVE('',#570,#570,#572,.T.);
#570 = VERTEX_POINT('',#571);
#571 = CARTESIAN_POINT('',(20.43,-19.675,0.));
#572 = CIRCLE('',#573,0.785);
#573 = AXIS2_PLACEMENT_3D('',#574,#575,#576);
#574 = CARTESIAN_POINT('',(20.43,-18.89,0.));
#575 = DIRECTION('',(-0.,0.,-1.));
#576 = DIRECTION('',(-0.,-1.,0.));
#577 = FACE_BOUND('',#578,.F.);
#578 = EDGE_LOOP('',(#579));
#579 = ORIENTED_EDGE('',*,*,#580,.T.);
#580 = EDGE_CURVE('',#581,#581,#583,.T.);
#581 = VERTEX_POINT('',#582);
#582 = CARTESIAN_POINT('',(22.21,-17.085,0.));
#583 = CIRCLE('',#584,1.625);
#584 = AXIS2_PLACEMENT_3D('',#585,#586,#587);
#585 = CARTESIAN_POINT('',(22.21,-15.46,0.));
#586 = DIRECTION('',(-0.,0.,-1.));
#587 = DIRECTION('',(-0.,-1.,0.));
#588 = FACE_BOUND('',#589,.F.);
#589 = EDGE_LOOP('',(#590));
#590 = ORIENTED_EDGE('',*,*,#591,.T.);
#591 = EDGE_CURVE('',#592,#592,#594,.T.);
#592 = VERTEX_POINT('',#593);
#593 = CARTESIAN_POINT('',(26.016,-20.225,0.));
#594 = CIRCLE('',#595,0.445);
#595 = AXIS2_PLACEMENT_3D('',#596,#597,#598);
#596 = CARTESIAN_POINT('',(26.016,-19.78,0.));
#597 = DIRECTION('',(-0.,0.,-1.));
#598 = DIRECTION('',(-0.,-1.,0.));
#599 = FACE_BOUND('',#600,.F.);
#600 = EDGE_LOOP('',(#601));
#601 = ORIENTED_EDGE('',*,*,#602,.T.);
#602 = EDGE_CURVE('',#603,#603,#605,.T.);
#603 = VERTEX_POINT('',#604);
#604 = CARTESIAN_POINT('',(25.,-18.445,0.));
#605 = CIRCLE('',#606,0.445);
#606 = AXIS2_PLACEMENT_3D('',#607,#608,#609);
#607 = CARTESIAN_POINT('',(25.,-18.,0.));
#608 = DIRECTION('',(-0.,0.,-1.));
#609 = DIRECTION('',(-0.,-1.,0.));
#610 = FACE_BOUND('',#611,.F.);
#611 = EDGE_LOOP('',(#612));
#612 = ORIENTED_EDGE('',*,*,#613,.T.);
#613 = EDGE_CURVE('',#614,#614,#616,.T.);
#614 = VERTEX_POINT('',#615);
#615 = CARTESIAN_POINT('',(27.032,-18.445,0.));
#616 = CIRCLE('',#617,0.445);
#617 = AXIS2_PLACEMENT_3D('',#618,#619,#620);
#618 = CARTESIAN_POINT('',(27.032,-18.,0.));
#619 = DIRECTION('',(-0.,0.,-1.));
#620 = DIRECTION('',(-0.,-1.,0.));
#621 = FACE_BOUND('',#622,.F.);
#622 = EDGE_LOOP('',(#623));
#623 = ORIENTED_EDGE('',*,*,#624,.T.);
#624 = EDGE_CURVE('',#625,#625,#627,.T.);
#625 = VERTEX_POINT('',#626);
#626 = CARTESIAN_POINT('',(28.048,-20.225,0.));
#627 = CIRCLE('',#628,0.445);
#628 = AXIS2_PLACEMENT_3D('',#629,#630,#631);
#629 = CARTESIAN_POINT('',(28.048,-19.78,0.));
#630 = DIRECTION('',(-0.,0.,-1.));
#631 = DIRECTION('',(-7.983626244496E-15,-1.,0.));
#632 = FACE_BOUND('',#633,.F.);
#633 = EDGE_LOOP('',(#634));
#634 = ORIENTED_EDGE('',*,*,#635,.T.);
#635 = EDGE_CURVE('',#636,#636,#638,.T.);
#636 = VERTEX_POINT('',#637);
#637 = CARTESIAN_POINT('',(30.08,-20.225,0.));
#638 = CIRCLE('',#639,0.445);
#639 = AXIS2_PLACEMENT_3D('',#640,#641,#642);
#640 = CARTESIAN_POINT('',(30.08,-19.78,0.));
#641 = DIRECTION('',(-0.,0.,-1.));
#642 = DIRECTION('',(-0.,-1.,0.));
#643 = FACE_BOUND('',#644,.F.);
#644 = EDGE_LOOP('',(#645));
#645 = ORIENTED_EDGE('',*,*,#646,.T.);
#646 = EDGE_CURVE('',#647,#647,#649,.T.);
#647 = VERTEX_POINT('',#648);
#648 = CARTESIAN_POINT('',(32.112,-20.225,0.));
#649 = CIRCLE('',#650,0.445);
#650 = AXIS2_PLACEMENT_3D('',#651,#652,#653);
#651 = CARTESIAN_POINT('',(32.112,-19.78,0.));
#652 = DIRECTION('',(-0.,0.,-1.));
#653 = DIRECTION('',(-0.,-1.,0.));
#654 = FACE_BOUND('',#655,.F.);
#655 = EDGE_LOOP('',(#656));
#656 = ORIENTED_EDGE('',*,*,#657,.T.);
#657 = EDGE_CURVE('',#658,#658,#660,.T.);
#658 = VERTEX_POINT('',#659);
#659 = CARTESIAN_POINT('',(29.064,-18.445,0.));
#660 = CIRCLE('',#661,0.445);
#661 = AXIS2_PLACEMENT_3D('',#662,#663,#664);
#662 = CARTESIAN_POINT('',(29.064,-18.,0.));
#663 = DIRECTION('',(-0.,0.,-1.));
#664 = DIRECTION('',(-0.,-1.,0.));
#665 = FACE_BOUND('',#666,.F.);
#666 = EDGE_LOOP('',(#667));
#667 = ORIENTED_EDGE('',*,*,#668,.T.);
#668 = EDGE_CURVE('',#669,#669,#671,.T.);
#669 = VERTEX_POINT('',#670);
#670 = CARTESIAN_POINT('',(31.096,-18.445,0.));
#671 = CIRCLE('',#672,0.445);
#672 = AXIS2_PLACEMENT_3D('',#673,#674,#675);
#673 = CARTESIAN_POINT('',(31.096,-18.,0.));
#674 = DIRECTION('',(-0.,0.,-1.));
#675 = DIRECTION('',(-0.,-1.,0.));
#676 = FACE_BOUND('',#677,.F.);
#677 = EDGE_LOOP('',(#678));
#678 = ORIENTED_EDGE('',*,*,#679,.T.);
#679 = EDGE_CURVE('',#680,#680,#682,.T.);
#680 = VERTEX_POINT('',#681);
#681 = CARTESIAN_POINT('',(33.13,-25.045,0.));
#682 = CIRCLE('',#683,0.445);
#683 = AXIS2_PLACEMENT_3D('',#684,#685,#686);
#684 = CARTESIAN_POINT('',(33.13,-24.6,0.));
#685 = DIRECTION('',(-0.,0.,-1.));
#686 = DIRECTION('',(-0.,-1.,0.));
#687 = FACE_BOUND('',#688,.F.);
#688 = EDGE_LOOP('',(#689));
#689 = ORIENTED_EDGE('',*,*,#690,.T.);
#690 = EDGE_CURVE('',#691,#691,#693,.T.);
#691 = VERTEX_POINT('',#692);
#692 = CARTESIAN_POINT('',(35.42,-25.045,0.));
#693 = CIRCLE('',#694,0.445);
#694 = AXIS2_PLACEMENT_3D('',#695,#696,#697);
#695 = CARTESIAN_POINT('',(35.42,-24.6,0.));
#696 = DIRECTION('',(-0.,0.,-1.));
#697 = DIRECTION('',(-0.,-1.,0.));
#698 = FACE_BOUND('',#699,.F.);
#699 = EDGE_LOOP('',(#700));
#700 = ORIENTED_EDGE('',*,*,#701,.T.);
#701 = EDGE_CURVE('',#702,#702,#704,.T.);
#702 = VERTEX_POINT('',#703);
#703 = CARTESIAN_POINT('',(41.7,-25.045,0.));
#704 = CIRCLE('',#705,0.445);
#705 = AXIS2_PLACEMENT_3D('',#706,#707,#708);
#706 = CARTESIAN_POINT('',(41.7,-24.6,0.));
#707 = DIRECTION('',(-0.,0.,-1.));
#708 = DIRECTION('',(-0.,-1.,0.));
#709 = FACE_BOUND('',#710,.F.);
#710 = EDGE_LOOP('',(#711));
#711 = ORIENTED_EDGE('',*,*,#712,.T.);
#712 = EDGE_CURVE('',#713,#713,#715,.T.);
#713 = VERTEX_POINT('',#714);
#714 = CARTESIAN_POINT('',(43.99,-25.045,0.));
#715 = CIRCLE('',#716,0.445);
#716 = AXIS2_PLACEMENT_3D('',#717,#718,#719);
#717 = CARTESIAN_POINT('',(43.99,-24.6,0.));
#718 = DIRECTION('',(-0.,0.,-1.));
#719 = DIRECTION('',(-0.,-1.,0.));
#720 = FACE_BOUND('',#721,.F.);
#721 = EDGE_LOOP('',(#722));
#722 = ORIENTED_EDGE('',*,*,#723,.T.);
#723 = EDGE_CURVE('',#724,#724,#726,.T.);
#724 = VERTEX_POINT('',#725);
#725 = CARTESIAN_POINT('',(53.13,-25.045,0.));
#726 = CIRCLE('',#727,0.445);
#727 = AXIS2_PLACEMENT_3D('',#728,#729,#730);
#728 = CARTESIAN_POINT('',(53.13,-24.6,0.));
#729 = DIRECTION('',(-0.,0.,-1.));
#730 = DIRECTION('',(-0.,-1.,0.));
#731 = FACE_BOUND('',#732,.F.);
#732 = EDGE_LOOP('',(#733));
#733 = ORIENTED_EDGE('',*,*,#734,.T.);
#734 = EDGE_CURVE('',#735,#735,#737,.T.);
#735 = VERTEX_POINT('',#736);
#736 = CARTESIAN_POINT('',(36.69,-19.675,0.));
#737 = CIRCLE('',#738,0.785);
#738 = AXIS2_PLACEMENT_3D('',#739,#740,#741);
#739 = CARTESIAN_POINT('',(36.69,-18.89,0.));
#740 = DIRECTION('',(-0.,0.,-1.));
#741 = DIRECTION('',(-0.,-1.,0.));
#742 = FACE_BOUND('',#743,.F.);
#743 = EDGE_LOOP('',(#744));
#744 = ORIENTED_EDGE('',*,*,#745,.T.);
#745 = EDGE_CURVE('',#746,#746,#748,.T.);
#746 = VERTEX_POINT('',#747);
#747 = CARTESIAN_POINT('',(40.43,-19.675,0.));
#748 = CIRCLE('',#749,0.785);
#749 = AXIS2_PLACEMENT_3D('',#750,#751,#752);
#750 = CARTESIAN_POINT('',(40.43,-18.89,0.));
#751 = DIRECTION('',(-0.,0.,-1.));
#752 = DIRECTION('',(-9.0514998186E-15,-1.,0.));
#753 = FACE_BOUND('',#754,.F.);
#754 = EDGE_LOOP('',(#755));
#755 = ORIENTED_EDGE('',*,*,#756,.T.);
#756 = EDGE_CURVE('',#757,#757,#759,.T.);
#757 = VERTEX_POINT('',#758);
#758 = CARTESIAN_POINT('',(34.91,-17.085,0.));
#759 = CIRCLE('',#760,1.625);
#760 = AXIS2_PLACEMENT_3D('',#761,#762,#763);
#761 = CARTESIAN_POINT('',(34.91,-15.46,0.));
#762 = DIRECTION('',(-0.,0.,-1.));
#763 = DIRECTION('',(-0.,-1.,0.));
#764 = FACE_BOUND('',#765,.F.);
#765 = EDGE_LOOP('',(#766));
#766 = ORIENTED_EDGE('',*,*,#767,.T.);
#767 = EDGE_CURVE('',#768,#768,#770,.T.);
#768 = VERTEX_POINT('',#769);
#769 = CARTESIAN_POINT('',(42.21,-17.085,0.));
#770 = CIRCLE('',#771,1.625);
#771 = AXIS2_PLACEMENT_3D('',#772,#773,#774);
#772 = CARTESIAN_POINT('',(42.21,-15.46,0.));
#773 = DIRECTION('',(-0.,0.,-1.));
#774 = DIRECTION('',(-0.,-1.,0.));
#775 = FACE_BOUND('',#776,.F.);
#776 = EDGE_LOOP('',(#777));
#777 = ORIENTED_EDGE('',*,*,#778,.T.);
#778 = EDGE_CURVE('',#779,#779,#781,.T.);
#779 = VERTEX_POINT('',#780);
#780 = CARTESIAN_POINT('',(46.016,-20.225,0.));
#781 = CIRCLE('',#782,0.445);
#782 = AXIS2_PLACEMENT_3D('',#783,#784,#785);
#783 = CARTESIAN_POINT('',(46.016,-19.78,0.));
#784 = DIRECTION('',(-0.,0.,-1.));
#785 = DIRECTION('',(-0.,-1.,0.));
#786 = FACE_BOUND('',#787,.F.);
#787 = EDGE_LOOP('',(#788));
#788 = ORIENTED_EDGE('',*,*,#789,.T.);
#789 = EDGE_CURVE('',#790,#790,#792,.T.);
#790 = VERTEX_POINT('',#791);
#791 = CARTESIAN_POINT('',(48.048,-20.225,0.));
#792 = CIRCLE('',#793,0.445);
#793 = AXIS2_PLACEMENT_3D('',#794,#795,#796);
#794 = CARTESIAN_POINT('',(48.048,-19.78,0.));
#795 = DIRECTION('',(-0.,0.,-1.));
#796 = DIRECTION('',(-0.,-1.,0.));
#797 = FACE_BOUND('',#798,.F.);
#798 = EDGE_LOOP('',(#799));
#799 = ORIENTED_EDGE('',*,*,#800,.T.);
#800 = EDGE_CURVE('',#801,#801,#803,.T.);
#801 = VERTEX_POINT('',#802);
#802 = CARTESIAN_POINT('',(45.,-18.445,0.));
#803 = CIRCLE('',#804,0.445);
#804 = AXIS2_PLACEMENT_3D('',#805,#806,#807);
#805 = CARTESIAN_POINT('',(45.,-18.,0.));
#806 = DIRECTION('',(-0.,0.,-1.));
#807 = DIRECTION('',(-0.,-1.,0.));
#808 = FACE_BOUND('',#809,.F.);
#809 = EDGE_LOOP('',(#810));
#810 = ORIENTED_EDGE('',*,*,#811,.T.);
#811 = EDGE_CURVE('',#812,#812,#814,.T.);
#812 = VERTEX_POINT('',#813);
#813 = CARTESIAN_POINT('',(47.032,-18.445,0.));
#814 = CIRCLE('',#815,0.445);
#815 = AXIS2_PLACEMENT_3D('',#816,#817,#818);
#816 = CARTESIAN_POINT('',(47.032,-18.,0.));
#817 = DIRECTION('',(-0.,0.,-1.));
#818 = DIRECTION('',(-0.,-1.,0.));
#819 = FACE_BOUND('',#820,.F.);
#820 = EDGE_LOOP('',(#821));
#821 = ORIENTED_EDGE('',*,*,#822,.T.);
#822 = EDGE_CURVE('',#823,#823,#825,.T.);
#823 = VERTEX_POINT('',#824);
#824 = CARTESIAN_POINT('',(50.08,-20.225,0.));
#825 = CIRCLE('',#826,0.445);
#826 = AXIS2_PLACEMENT_3D('',#827,#828,#829);
#827 = CARTESIAN_POINT('',(50.08,-19.78,0.));
#828 = DIRECTION('',(-0.,0.,-1.));
#829 = DIRECTION('',(-0.,-1.,0.));
#830 = FACE_BOUND('',#831,.F.);
#831 = EDGE_LOOP('',(#832));
#832 = ORIENTED_EDGE('',*,*,#833,.T.);
#833 = EDGE_CURVE('',#834,#834,#836,.T.);
#834 = VERTEX_POINT('',#835);
#835 = CARTESIAN_POINT('',(52.112,-20.225,0.));
#836 = CIRCLE('',#837,0.445);
#837 = AXIS2_PLACEMENT_3D('',#838,#839,#840);
#838 = CARTESIAN_POINT('',(52.112,-19.78,0.));
#839 = DIRECTION('',(-0.,0.,-1.));
#840 = DIRECTION('',(-0.,-1.,0.));
#841 = FACE_BOUND('',#842,.F.);
#842 = EDGE_LOOP('',(#843));
#843 = ORIENTED_EDGE('',*,*,#844,.T.);
#844 = EDGE_CURVE('',#845,#845,#847,.T.);
#845 = VERTEX_POINT('',#846);
#846 = CARTESIAN_POINT('',(49.064,-18.445,0.));
#847 = CIRCLE('',#848,0.445);
#848 = AXIS2_PLACEMENT_3D('',#849,#850,#851);
#849 = CARTESIAN_POINT('',(49.064,-18.,0.));
#850 = DIRECTION('',(-0.,0.,-1.));
#851 = DIRECTION('',(-0.,-1.,0.));
#852 = FACE_BOUND('',#853,.F.);
#853 = EDGE_LOOP('',(#854));
#854 = ORIENTED_EDGE('',*,*,#855,.T.);
#855 = EDGE_CURVE('',#856,#856,#858,.T.);
#856 = VERTEX_POINT('',#857);
#857 = CARTESIAN_POINT('',(51.096,-18.445,0.));
#858 = CIRCLE('',#859,0.445);
#859 = AXIS2_PLACEMENT_3D('',#860,#861,#862);
#860 = CARTESIAN_POINT('',(51.096,-18.,0.));
#861 = DIRECTION('',(-0.,0.,-1.));
#862 = DIRECTION('',(-1.596725248899E-14,-1.,0.));
#863 = FACE_BOUND('',#864,.F.);
#864 = EDGE_LOOP('',(#865));
#865 = ORIENTED_EDGE('',*,*,#866,.T.);
#866 = EDGE_CURVE('',#867,#867,#869,.T.);
#867 = VERTEX_POINT('',#868);
#868 = CARTESIAN_POINT('',(55.42,-25.045,0.));
#869 = CIRCLE('',#870,0.445);
#870 = AXIS2_PLACEMENT_3D('',#871,#872,#873);
#871 = CARTESIAN_POINT('',(55.42,-24.6,0.));
#872 = DIRECTION('',(-0.,0.,-1.));
#873 = DIRECTION('',(-0.,-1.,0.));
#874 = FACE_BOUND('',#875,.F.);
#875 = EDGE_LOOP('',(#876));
#876 = ORIENTED_EDGE('',*,*,#877,.T.);
#877 = EDGE_CURVE('',#878,#878,#880,.T.);
#878 = VERTEX_POINT('',#879);
#879 = CARTESIAN_POINT('',(61.7,-25.045,0.));
#880 = CIRCLE('',#881,0.445);
#881 = AXIS2_PLACEMENT_3D('',#882,#883,#884);
#882 = CARTESIAN_POINT('',(61.7,-24.6,0.));
#883 = DIRECTION('',(-0.,0.,-1.));
#884 = DIRECTION('',(-0.,-1.,0.));
#885 = FACE_BOUND('',#886,.F.);
#886 = EDGE_LOOP('',(#887));
#887 = ORIENTED_EDGE('',*,*,#888,.T.);
#888 = EDGE_CURVE('',#889,#889,#891,.T.);
#889 = VERTEX_POINT('',#890);
#890 = CARTESIAN_POINT('',(63.99,-25.045,0.));
#891 = CIRCLE('',#892,0.445);
#892 = AXIS2_PLACEMENT_3D('',#893,#894,#895);
#893 = CARTESIAN_POINT('',(63.99,-24.6,0.));
#894 = DIRECTION('',(-0.,0.,-1.));
#895 = DIRECTION('',(-0.,-1.,0.));
#896 = FACE_BOUND('',#897,.F.);
#897 = EDGE_LOOP('',(#898));
#898 = ORIENTED_EDGE('',*,*,#899,.T.);
#899 = EDGE_CURVE('',#900,#900,#902,.T.);
#900 = VERTEX_POINT('',#901);
#901 = CARTESIAN_POINT('',(73.13,-25.045,0.));
#902 = CIRCLE('',#903,0.445);
#903 = AXIS2_PLACEMENT_3D('',#904,#905,#906);
#904 = CARTESIAN_POINT('',(73.13,-24.6,0.));
#905 = DIRECTION('',(-0.,0.,-1.));
#906 = DIRECTION('',(-0.,-1.,0.));
#907 = FACE_BOUND('',#908,.F.);
#908 = EDGE_LOOP('',(#909));
#909 = ORIENTED_EDGE('',*,*,#910,.T.);
#910 = EDGE_CURVE('',#911,#911,#913,.T.);
#911 = VERTEX_POINT('',#912);
#912 = CARTESIAN_POINT('',(56.69,-19.675,0.));
#913 = CIRCLE('',#914,0.785);
#914 = AXIS2_PLACEMENT_3D('',#915,#916,#917);
#915 = CARTESIAN_POINT('',(56.69,-18.89,0.));
#916 = DIRECTION('',(-0.,0.,-1.));
#917 = DIRECTION('',(-0.,-1.,0.));
#918 = FACE_BOUND('',#919,.F.);
#919 = EDGE_LOOP('',(#920));
#920 = ORIENTED_EDGE('',*,*,#921,.T.);
#921 = EDGE_CURVE('',#922,#922,#924,.T.);
#922 = VERTEX_POINT('',#923);
#923 = CARTESIAN_POINT('',(60.43,-19.675,0.));
#924 = CIRCLE('',#925,0.785);
#925 = AXIS2_PLACEMENT_3D('',#926,#927,#928);
#926 = CARTESIAN_POINT('',(60.43,-18.89,0.));
#927 = DIRECTION('',(-0.,0.,-1.));
#928 = DIRECTION('',(-9.0514998186E-15,-1.,0.));
#929 = FACE_BOUND('',#930,.F.);
#930 = EDGE_LOOP('',(#931));
#931 = ORIENTED_EDGE('',*,*,#932,.T.);
#932 = EDGE_CURVE('',#933,#933,#935,.T.);
#933 = VERTEX_POINT('',#934);
#934 = CARTESIAN_POINT('',(54.91,-17.085,0.));
#935 = CIRCLE('',#936,1.625);
#936 = AXIS2_PLACEMENT_3D('',#937,#938,#939);
#937 = CARTESIAN_POINT('',(54.91,-15.46,0.));
#938 = DIRECTION('',(-0.,0.,-1.));
#939 = DIRECTION('',(-0.,-1.,0.));
#940 = FACE_BOUND('',#941,.F.);
#941 = EDGE_LOOP('',(#942));
#942 = ORIENTED_EDGE('',*,*,#943,.T.);
#943 = EDGE_CURVE('',#944,#944,#946,.T.);
#944 = VERTEX_POINT('',#945);
#945 = CARTESIAN_POINT('',(62.21,-17.085,0.));
#946 = CIRCLE('',#947,1.625);
#947 = AXIS2_PLACEMENT_3D('',#948,#949,#950);
#948 = CARTESIAN_POINT('',(62.21,-15.46,0.));
#949 = DIRECTION('',(-0.,0.,-1.));
#950 = DIRECTION('',(-0.,-1.,0.));
#951 = FACE_BOUND('',#952,.F.);
#952 = EDGE_LOOP('',(#953));
#953 = ORIENTED_EDGE('',*,*,#954,.T.);
#954 = EDGE_CURVE('',#955,#955,#957,.T.);
#955 = VERTEX_POINT('',#956);
#956 = CARTESIAN_POINT('',(66.016,-20.225,0.));
#957 = CIRCLE('',#958,0.445);
#958 = AXIS2_PLACEMENT_3D('',#959,#960,#961);
#959 = CARTESIAN_POINT('',(66.016,-19.78,0.));
#960 = DIRECTION('',(-0.,0.,-1.));
#961 = DIRECTION('',(3.193450497798E-14,-1.,-0.));
#962 = FACE_BOUND('',#963,.F.);
#963 = EDGE_LOOP('',(#964));
#964 = ORIENTED_EDGE('',*,*,#965,.T.);
#965 = EDGE_CURVE('',#966,#966,#968,.T.);
#966 = VERTEX_POINT('',#967);
#967 = CARTESIAN_POINT('',(68.048,-20.225,0.));
#968 = CIRCLE('',#969,0.445);
#969 = AXIS2_PLACEMENT_3D('',#970,#971,#972);
#970 = CARTESIAN_POINT('',(68.048,-19.78,0.));
#971 = DIRECTION('',(-0.,0.,-1.));
#972 = DIRECTION('',(-0.,-1.,0.));
#973 = FACE_BOUND('',#974,.F.);
#974 = EDGE_LOOP('',(#975));
#975 = ORIENTED_EDGE('',*,*,#976,.T.);
#976 = EDGE_CURVE('',#977,#977,#979,.T.);
#977 = VERTEX_POINT('',#978);
#978 = CARTESIAN_POINT('',(65.,-18.445,0.));
#979 = CIRCLE('',#980,0.445);
#980 = AXIS2_PLACEMENT_3D('',#981,#982,#983);
#981 = CARTESIAN_POINT('',(65.,-18.,0.));
#982 = DIRECTION('',(-0.,0.,-1.));
#983 = DIRECTION('',(-0.,-1.,0.));
#984 = FACE_BOUND('',#985,.F.);
#985 = EDGE_LOOP('',(#986));
#986 = ORIENTED_EDGE('',*,*,#987,.T.);
#987 = EDGE_CURVE('',#988,#988,#990,.T.);
#988 = VERTEX_POINT('',#989);
#989 = CARTESIAN_POINT('',(67.032,-18.445,0.));
#990 = CIRCLE('',#991,0.445);
#991 = AXIS2_PLACEMENT_3D('',#992,#993,#994);
#992 = CARTESIAN_POINT('',(67.032,-18.,0.));
#993 = DIRECTION('',(-0.,0.,-1.));
#994 = DIRECTION('',(-3.193450497798E-14,-1.,0.));
#995 = FACE_BOUND('',#996,.F.);
#996 = EDGE_LOOP('',(#997));
#997 = ORIENTED_EDGE('',*,*,#998,.T.);
#998 = EDGE_CURVE('',#999,#999,#1001,.T.);
#999 = VERTEX_POINT('',#1000);
#1000 = CARTESIAN_POINT('',(69.064,-18.445,0.));
#1001 = CIRCLE('',#1002,0.445);
#1002 = AXIS2_PLACEMENT_3D('',#1003,#1004,#1005);
#1003 = CARTESIAN_POINT('',(69.064,-18.,0.));
#1004 = DIRECTION('',(-0.,0.,-1.));
#1005 = DIRECTION('',(-0.,-1.,0.));
#1006 = FACE_BOUND('',#1007,.F.);
#1007 = EDGE_LOOP('',(#1008));
#1008 = ORIENTED_EDGE('',*,*,#1009,.T.);
#1009 = EDGE_CURVE('',#1010,#1010,#1012,.T.);
#1010 = VERTEX_POINT('',#1011);
#1011 = CARTESIAN_POINT('',(70.08,-20.225,0.));
#1012 = CIRCLE('',#1013,0.445);
#1013 = AXIS2_PLACEMENT_3D('',#1014,#1015,#1016);
#1014 = CARTESIAN_POINT('',(70.08,-19.78,0.));
#1015 = DIRECTION('',(-0.,0.,-1.));
#1016 = DIRECTION('',(-3.193450497798E-14,-1.,0.));
#1017 = FACE_BOUND('',#1018,.F.);
#1018 = EDGE_LOOP('',(#1019));
#1019 = ORIENTED_EDGE('',*,*,#1020,.T.);
#1020 = EDGE_CURVE('',#1021,#1021,#1023,.T.);
#1021 = VERTEX_POINT('',#1022);
#1022 = CARTESIAN_POINT('',(72.112,-20.225,0.));
#1023 = CIRCLE('',#1024,0.445);
#1024 = AXIS2_PLACEMENT_3D('',#1025,#1026,#1027);
#1025 = CARTESIAN_POINT('',(72.112,-19.78,0.));
#1026 = DIRECTION('',(-0.,0.,-1.));
#1027 = DIRECTION('',(-0.,-1.,0.));
#1028 = FACE_BOUND('',#1029,.F.);
#1029 = EDGE_LOOP('',(#1030));
#1030 = ORIENTED_EDGE('',*,*,#1031,.T.);
#1031 = EDGE_CURVE('',#1032,#1032,#1034,.T.);
#1032 = VERTEX_POINT('',#1033);
#1033 = CARTESIAN_POINT('',(71.096,-18.445,0.));
#1034 = CIRCLE('',#1035,0.445);
#1035 = AXIS2_PLACEMENT_3D('',#1036,#1037,#1038);
#1036 = CARTESIAN_POINT('',(71.096,-18.,0.));
#1037 = DIRECTION('',(-0.,0.,-1.));
#1038 = DIRECTION('',(-0.,-1.,0.));
#1039 = FACE_BOUND('',#1040,.F.);
#1040 = EDGE_LOOP('',(#1041));
#1041 = ORIENTED_EDGE('',*,*,#1042,.T.);
#1042 = EDGE_CURVE('',#1043,#1043,#1045,.T.);
#1043 = VERTEX_POINT('',#1044);
#1044 = CARTESIAN_POINT('',(75.42,-25.045,0.));
#1045 = CIRCLE('',#1046,0.445);
#1046 = AXIS2_PLACEMENT_3D('',#1047,#1048,#1049);
#1047 = CARTESIAN_POINT('',(75.42,-24.6,0.));
#1048 = DIRECTION('',(-0.,0.,-1.));
#1049 = DIRECTION('',(3.193450497798E-14,-1.,-0.));
#1050 = FACE_BOUND('',#1051,.F.);
#1051 = EDGE_LOOP('',(#1052));
#1052 = ORIENTED_EDGE('',*,*,#1053,.T.);
#1053 = EDGE_CURVE('',#1054,#1054,#1056,.T.);
#1054 = VERTEX_POINT('',#1055);
#1055 = CARTESIAN_POINT('',(81.7,-25.045,0.));
#1056 = CIRCLE('',#1057,0.445);
#1057 = AXIS2_PLACEMENT_3D('',#1058,#1059,#1060);
#1058 = CARTESIAN_POINT('',(81.7,-24.6,0.));
#1059 = DIRECTION('',(-0.,0.,-1.));
#1060 = DIRECTION('',(3.193450497798E-14,-1.,-0.));
#1061 = FACE_BOUND('',#1062,.F.);
#1062 = EDGE_LOOP('',(#1063));
#1063 = ORIENTED_EDGE('',*,*,#1064,.T.);
#1064 = EDGE_CURVE('',#1065,#1065,#1067,.T.);
#1065 = VERTEX_POINT('',#1066);
#1066 = CARTESIAN_POINT('',(83.99,-25.045,0.));
#1067 = CIRCLE('',#1068,0.445);
#1068 = AXIS2_PLACEMENT_3D('',#1069,#1070,#1071);
#1069 = CARTESIAN_POINT('',(83.99,-24.6,0.));
#1070 = DIRECTION('',(-0.,0.,-1.));
#1071 = DIRECTION('',(-3.193450497798E-14,-1.,0.));
#1072 = FACE_BOUND('',#1073,.F.);
#1073 = EDGE_LOOP('',(#1074));
#1074 = ORIENTED_EDGE('',*,*,#1075,.T.);
#1075 = EDGE_CURVE('',#1076,#1076,#1078,.T.);
#1076 = VERTEX_POINT('',#1077);
#1077 = CARTESIAN_POINT('',(93.13,-25.045,0.));
#1078 = CIRCLE('',#1079,0.445);
#1079 = AXIS2_PLACEMENT_3D('',#1080,#1081,#1082);
#1080 = CARTESIAN_POINT('',(93.13,-24.6,0.));
#1081 = DIRECTION('',(-0.,0.,-1.));
#1082 = DIRECTION('',(-0.,-1.,0.));
#1083 = FACE_BOUND('',#1084,.F.);
#1084 = EDGE_LOOP('',(#1085));
#1085 = ORIENTED_EDGE('',*,*,#1086,.T.);
#1086 = EDGE_CURVE('',#1087,#1087,#1089,.T.);
#1087 = VERTEX_POINT('',#1088);
#1088 = CARTESIAN_POINT('',(76.69,-19.675,0.));
#1089 = CIRCLE('',#1090,0.785);
#1090 = AXIS2_PLACEMENT_3D('',#1091,#1092,#1093);
#1091 = CARTESIAN_POINT('',(76.69,-18.89,0.));
#1092 = DIRECTION('',(-0.,0.,-1.));
#1093 = DIRECTION('',(-0.,-1.,0.));
#1094 = FACE_BOUND('',#1095,.F.);
#1095 = EDGE_LOOP('',(#1096));
#1096 = ORIENTED_EDGE('',*,*,#1097,.T.);
#1097 = EDGE_CURVE('',#1098,#1098,#1100,.T.);
#1098 = VERTEX_POINT('',#1099);
#1099 = CARTESIAN_POINT('',(80.43,-19.675,0.));
#1100 = CIRCLE('',#1101,0.785);
#1101 = AXIS2_PLACEMENT_3D('',#1102,#1103,#1104);
#1102 = CARTESIAN_POINT('',(80.43,-18.89,0.));
#1103 = DIRECTION('',(-0.,0.,-1.));
#1104 = DIRECTION('',(-0.,-1.,0.));
#1105 = FACE_BOUND('',#1106,.F.);
#1106 = EDGE_LOOP('',(#1107));
#1107 = ORIENTED_EDGE('',*,*,#1108,.T.);
#1108 = EDGE_CURVE('',#1109,#1109,#1111,.T.);
#1109 = VERTEX_POINT('',#1110);
#1110 = CARTESIAN_POINT('',(74.91,-17.085,0.));
#1111 = CIRCLE('',#1112,1.625);
#1112 = AXIS2_PLACEMENT_3D('',#1113,#1114,#1115);
#1113 = CARTESIAN_POINT('',(74.91,-15.46,0.));
#1114 = DIRECTION('',(-0.,0.,-1.));
#1115 = DIRECTION('',(-0.,-1.,0.));
#1116 = FACE_BOUND('',#1117,.F.);
#1117 = EDGE_LOOP('',(#1118));
#1118 = ORIENTED_EDGE('',*,*,#1119,.T.);
#1119 = EDGE_CURVE('',#1120,#1120,#1122,.T.);
#1120 = VERTEX_POINT('',#1121);
#1121 = CARTESIAN_POINT('',(82.21,-17.085,0.));
#1122 = CIRCLE('',#1123,1.625);
#1123 = AXIS2_PLACEMENT_3D('',#1124,#1125,#1126);
#1124 = CARTESIAN_POINT('',(82.21,-15.46,0.));
#1125 = DIRECTION('',(-0.,0.,-1.));
#1126 = DIRECTION('',(-0.,-1.,0.));
#1127 = FACE_BOUND('',#1128,.F.);
#1128 = EDGE_LOOP('',(#1129));
#1129 = ORIENTED_EDGE('',*,*,#1130,.T.);
#1130 = EDGE_CURVE('',#1131,#1131,#1133,.T.);
#1131 = VERTEX_POINT('',#1132);
#1132 = CARTESIAN_POINT('',(86.016,-20.225,0.));
#1133 = CIRCLE('',#1134,0.445);
#1134 = AXIS2_PLACEMENT_3D('',#1135,#1136,#1137);
#1135 = CARTESIAN_POINT('',(86.016,-19.78,0.));
#1136 = DIRECTION('',(-0.,0.,-1.));
#1137 = DIRECTION('',(3.193450497798E-14,-1.,-0.));
#1138 = FACE_BOUND('',#1139,.F.);
#1139 = EDGE_LOOP('',(#1140));
#1140 = ORIENTED_EDGE('',*,*,#1141,.T.);
#1141 = EDGE_CURVE('',#1142,#1142,#1144,.T.);
#1142 = VERTEX_POINT('',#1143);
#1143 = CARTESIAN_POINT('',(88.048,-20.225,0.));
#1144 = CIRCLE('',#1145,0.445);
#1145 = AXIS2_PLACEMENT_3D('',#1146,#1147,#1148);
#1146 = CARTESIAN_POINT('',(88.048,-19.78,0.));
#1147 = DIRECTION('',(-0.,0.,-1.));
#1148 = DIRECTION('',(-0.,-1.,0.));
#1149 = FACE_BOUND('',#1150,.F.);
#1150 = EDGE_LOOP('',(#1151));
#1151 = ORIENTED_EDGE('',*,*,#1152,.T.);
#1152 = EDGE_CURVE('',#1153,#1153,#1155,.T.);
#1153 = VERTEX_POINT('',#1154);
#1154 = CARTESIAN_POINT('',(85.,-18.445,0.));
#1155 = CIRCLE('',#1156,0.445);
#1156 = AXIS2_PLACEMENT_3D('',#1157,#1158,#1159);
#1157 = CARTESIAN_POINT('',(85.,-18.,0.));
#1158 = DIRECTION('',(-0.,0.,-1.));
#1159 = DIRECTION('',(-0.,-1.,0.));
#1160 = FACE_BOUND('',#1161,.F.);
#1161 = EDGE_LOOP('',(#1162));
#1162 = ORIENTED_EDGE('',*,*,#1163,.T.);
#1163 = EDGE_CURVE('',#1164,#1164,#1166,.T.);
#1164 = VERTEX_POINT('',#1165);
#1165 = CARTESIAN_POINT('',(87.032,-18.445,0.));
#1166 = CIRCLE('',#1167,0.445);
#1167 = AXIS2_PLACEMENT_3D('',#1168,#1169,#1170);
#1168 = CARTESIAN_POINT('',(87.032,-18.,0.));
#1169 = DIRECTION('',(-0.,0.,-1.));
#1170 = DIRECTION('',(-3.193450497798E-14,-1.,0.));
#1171 = FACE_BOUND('',#1172,.F.);
#1172 = EDGE_LOOP('',(#1173));
#1173 = ORIENTED_EDGE('',*,*,#1174,.T.);
#1174 = EDGE_CURVE('',#1175,#1175,#1177,.T.);
#1175 = VERTEX_POINT('',#1176);
#1176 = CARTESIAN_POINT('',(89.064,-18.445,0.));
#1177 = CIRCLE('',#1178,0.445);
#1178 = AXIS2_PLACEMENT_3D('',#1179,#1180,#1181);
#1179 = CARTESIAN_POINT('',(89.064,-18.,0.));
#1180 = DIRECTION('',(-0.,0.,-1.));
#1181 = DIRECTION('',(-0.,-1.,0.));
#1182 = FACE_BOUND('',#1183,.F.);
#1183 = EDGE_LOOP('',(#1184));
#1184 = ORIENTED_EDGE('',*,*,#1185,.T.);
#1185 = EDGE_CURVE('',#1186,#1186,#1188,.T.);
#1186 = VERTEX_POINT('',#1187);
#1187 = CARTESIAN_POINT('',(90.08,-20.225,0.));
#1188 = CIRCLE('',#1189,0.445);
#1189 = AXIS2_PLACEMENT_3D('',#1190,#1191,#1192);
#1190 = CARTESIAN_POINT('',(90.08,-19.78,0.));
#1191 = DIRECTION('',(-0.,0.,-1.));
#1192 = DIRECTION('',(-3.193450497798E-14,-1.,0.));
#1193 = FACE_BOUND('',#1194,.F.);
#1194 = EDGE_LOOP('',(#1195));
#1195 = ORIENTED_EDGE('',*,*,#1196,.T.);
#1196 = EDGE_CURVE('',#1197,#1197,#1199,.T.);
#1197 = VERTEX_POINT('',#1198);
#1198 = CARTESIAN_POINT('',(92.112,-20.225,0.));
#1199 = CIRCLE('',#1200,0.445);
#1200 = AXIS2_PLACEMENT_3D('',#1201,#1202,#1203);
#1201 = CARTESIAN_POINT('',(92.112,-19.78,0.));
#1202 = DIRECTION('',(-0.,0.,-1.));
#1203 = DIRECTION('',(-0.,-1.,0.));
#1204 = FACE_BOUND('',#1205,.F.);
#1205 = EDGE_LOOP('',(#1206));
#1206 = ORIENTED_EDGE('',*,*,#1207,.T.);
#1207 = EDGE_CURVE('',#1208,#1208,#1210,.T.);
#1208 = VERTEX_POINT('',#1209);
#1209 = CARTESIAN_POINT('',(91.096,-18.445,0.));
#1210 = CIRCLE('',#1211,0.445);
#1211 = AXIS2_PLACEMENT_3D('',#1212,#1213,#1214);
#1212 = CARTESIAN_POINT('',(91.096,-18.,0.));
#1213 = DIRECTION('',(-0.,0.,-1.));
#1214 = DIRECTION('',(-0.,-1.,0.));
#1215 = FACE_BOUND('',#1216,.F.);
#1216 = EDGE_LOOP('',(#1217));
#1217 = ORIENTED_EDGE('',*,*,#1218,.T.);
#1218 = EDGE_CURVE('',#1219,#1219,#1221,.T.);
#1219 = VERTEX_POINT('',#1220);
#1220 = CARTESIAN_POINT('',(94.91,-17.085,0.));
#1221 = CIRCLE('',#1222,1.625);
#1222 = AXIS2_PLACEMENT_3D('',#1223,#1224,#1225);
#1223 = CARTESIAN_POINT('',(94.91,-15.46,0.));
#1224 = DIRECTION('',(-0.,0.,-1.));
#1225 = DIRECTION('',(-0.,-1.,0.));
#1226 = FACE_BOUND('',#1227,.F.);
#1227 = EDGE_LOOP('',(#1228));
#1228 = ORIENTED_EDGE('',*,*,#1229,.T.);
#1229 = EDGE_CURVE('',#1230,#1230,#1232,.T.);
#1230 = VERTEX_POINT('',#1231);
#1231 = CARTESIAN_POINT('',(95.,-54.58,0.));
#1232 = CIRCLE('',#1233,0.5);
#1233 = AXIS2_PLACEMENT_3D('',#1234,#1235,#1236);
#1234 = CARTESIAN_POINT('',(95.,-54.08,0.));
#1235 = DIRECTION('',(-0.,0.,-1.));
#1236 = DIRECTION('',(-0.,-1.,0.));
#1237 = FACE_BOUND('',#1238,.F.);
#1238 = EDGE_LOOP('',(#1239));
#1239 = ORIENTED_EDGE('',*,*,#1240,.T.);
#1240 = EDGE_CURVE('',#1241,#1241,#1243,.T.);
#1241 = VERTEX_POINT('',#1242);
#1242 = CARTESIAN_POINT('',(95.,-52.04,0.));
#1243 = CIRCLE('',#1244,0.5);
#1244 = AXIS2_PLACEMENT_3D('',#1245,#1246,#1247);
#1245 = CARTESIAN_POINT('',(95.,-51.54,0.));
#1246 = DIRECTION('',(-0.,0.,-1.));
#1247 = DIRECTION('',(-0.,-1.,0.));
#1248 = FACE_BOUND('',#1249,.F.);
#1249 = EDGE_LOOP('',(#1250));
#1250 = ORIENTED_EDGE('',*,*,#1251,.T.);
#1251 = EDGE_CURVE('',#1252,#1252,#1254,.T.);
#1252 = VERTEX_POINT('',#1253);
#1253 = CARTESIAN_POINT('',(95.,-49.5,0.));
#1254 = CIRCLE('',#1255,0.5);
#1255 = AXIS2_PLACEMENT_3D('',#1256,#1257,#1258);
#1256 = CARTESIAN_POINT('',(95.,-49.,0.));
#1257 = DIRECTION('',(-0.,0.,-1.));
#1258 = DIRECTION('',(-0.,-1.,0.));
#1259 = FACE_BOUND('',#1260,.F.);
#1260 = EDGE_LOOP('',(#1261));
#1261 = ORIENTED_EDGE('',*,*,#1262,.T.);
#1262 = EDGE_CURVE('',#1263,#1263,#1265,.T.);
#1263 = VERTEX_POINT('',#1264);
#1264 = CARTESIAN_POINT('',(176.,-71.6,0.));
#1265 = CIRCLE('',#1266,1.6);
#1266 = AXIS2_PLACEMENT_3D('',#1267,#1268,#1269);
#1267 = CARTESIAN_POINT('',(176.,-70.,0.));
#1268 = DIRECTION('',(-0.,0.,-1.));
#1269 = DIRECTION('',(-0.,-1.,0.));
#1270 = FACE_BOUND('',#1271,.F.);
#1271 = EDGE_LOOP('',(#1272));
#1272 = ORIENTED_EDGE('',*,*,#1273,.T.);
#1273 = EDGE_CURVE('',#1274,#1274,#1276,.T.);
#1274 = VERTEX_POINT('',#1275);
#1275 = CARTESIAN_POINT('',(95.42,-25.045,0.));
#1276 = CIRCLE('',#1277,0.445);
#1277 = AXIS2_PLACEMENT_3D('',#1278,#1279,#1280);
#1278 = CARTESIAN_POINT('',(95.42,-24.6,0.));
#1279 = DIRECTION('',(-0.,0.,-1.));
#1280 = DIRECTION('',(3.193450497798E-14,-1.,-0.));
#1281 = FACE_BOUND('',#1282,.F.);
#1282 = EDGE_LOOP('',(#1283));
#1283 = ORIENTED_EDGE('',*,*,#1284,.T.);
#1284 = EDGE_CURVE('',#1285,#1285,#1287,.T.);
#1285 = VERTEX_POINT('',#1286);
#1286 = CARTESIAN_POINT('',(101.7,-25.045,0.));
#1287 = CIRCLE('',#1288,0.445);
#1288 = AXIS2_PLACEMENT_3D('',#1289,#1290,#1291);
#1289 = CARTESIAN_POINT('',(101.7,-24.6,0.));
#1290 = DIRECTION('',(-0.,0.,-1.));
#1291 = DIRECTION('',(3.193450497798E-14,-1.,-0.));
#1292 = FACE_BOUND('',#1293,.F.);
#1293 = EDGE_LOOP('',(#1294));
#1294 = ORIENTED_EDGE('',*,*,#1295,.T.);
#1295 = EDGE_CURVE('',#1296,#1296,#1298,.T.);
#1296 = VERTEX_POINT('',#1297);
#1297 = CARTESIAN_POINT('',(103.99,-25.045,0.));
#1298 = CIRCLE('',#1299,0.445);
#1299 = AXIS2_PLACEMENT_3D('',#1300,#1301,#1302);
#1300 = CARTESIAN_POINT('',(103.99,-24.6,0.));
#1301 = DIRECTION('',(-0.,0.,-1.));
#1302 = DIRECTION('',(-3.193450497798E-14,-1.,0.));
#1303 = FACE_BOUND('',#1304,.F.);
#1304 = EDGE_LOOP('',(#1305));
#1305 = ORIENTED_EDGE('',*,*,#1306,.T.);
#1306 = EDGE_CURVE('',#1307,#1307,#1309,.T.);
#1307 = VERTEX_POINT('',#1308);
#1308 = CARTESIAN_POINT('',(113.13,-25.045,0.));
#1309 = CIRCLE('',#1310,0.445);
#1310 = AXIS2_PLACEMENT_3D('',#1311,#1312,#1313);
#1311 = CARTESIAN_POINT('',(113.13,-24.6,0.));
#1312 = DIRECTION('',(-0.,0.,-1.));
#1313 = DIRECTION('',(-0.,-1.,0.));
#1314 = FACE_BOUND('',#1315,.F.);
#1315 = EDGE_LOOP('',(#1316));
#1316 = ORIENTED_EDGE('',*,*,#1317,.T.);
#1317 = EDGE_CURVE('',#1318,#1318,#1320,.T.);
#1318 = VERTEX_POINT('',#1319);
#1319 = CARTESIAN_POINT('',(115.42,-25.045,0.));
#1320 = CIRCLE('',#1321,0.445);
#1321 = AXIS2_PLACEMENT_3D('',#1322,#1323,#1324);
#1322 = CARTESIAN_POINT('',(115.42,-24.6,0.));
#1323 = DIRECTION('',(-0.,0.,-1.));
#1324 = DIRECTION('',(3.193450497798E-14,-1.,-0.));
#1325 = FACE_BOUND('',#1326,.F.);
#1326 = EDGE_LOOP('',(#1327));
#1327 = ORIENTED_EDGE('',*,*,#1328,.T.);
#1328 = EDGE_CURVE('',#1329,#1329,#1331,.T.);
#1329 = VERTEX_POINT('',#1330);
#1330 = CARTESIAN_POINT('',(96.69,-19.675,0.));
#1331 = CIRCLE('',#1332,0.785);
#1332 = AXIS2_PLACEMENT_3D('',#1333,#1334,#1335);
#1333 = CARTESIAN_POINT('',(96.69,-18.89,0.));
#1334 = DIRECTION('',(-0.,0.,-1.));
#1335 = DIRECTION('',(-0.,-1.,0.));
#1336 = FACE_BOUND('',#1337,.F.);
#1337 = EDGE_LOOP('',(#1338));
#1338 = ORIENTED_EDGE('',*,*,#1339,.T.);
#1339 = EDGE_CURVE('',#1340,#1340,#1342,.T.);
#1340 = VERTEX_POINT('',#1341);
#1341 = CARTESIAN_POINT('',(100.43,-19.675,0.));
#1342 = CIRCLE('',#1343,0.785);
#1343 = AXIS2_PLACEMENT_3D('',#1344,#1345,#1346);
#1344 = CARTESIAN_POINT('',(100.43,-18.89,0.));
#1345 = DIRECTION('',(-0.,0.,-1.));
#1346 = DIRECTION('',(-0.,-1.,0.));
#1347 = FACE_BOUND('',#1348,.F.);
#1348 = EDGE_LOOP('',(#1349));
#1349 = ORIENTED_EDGE('',*,*,#1350,.T.);
#1350 = EDGE_CURVE('',#1351,#1351,#1353,.T.);
#1351 = VERTEX_POINT('',#1352);
#1352 = CARTESIAN_POINT('',(105.,-18.445,0.));
#1353 = CIRCLE('',#1354,0.445);
#1354 = AXIS2_PLACEMENT_3D('',#1355,#1356,#1357);
#1355 = CARTESIAN_POINT('',(105.,-18.,0.));
#1356 = DIRECTION('',(-0.,0.,-1.));
#1357 = DIRECTION('',(-0.,-1.,0.));
#1358 = FACE_BOUND('',#1359,.F.);
#1359 = EDGE_LOOP('',(#1360));
#1360 = ORIENTED_EDGE('',*,*,#1361,.T.);
#1361 = EDGE_CURVE('',#1362,#1362,#1364,.T.);
#1362 = VERTEX_POINT('',#1363);
#1363 = CARTESIAN_POINT('',(102.21,-17.085,0.));
#1364 = CIRCLE('',#1365,1.625);
#1365 = AXIS2_PLACEMENT_3D('',#1366,#1367,#1368);
#1366 = CARTESIAN_POINT('',(102.21,-15.46,0.));
#1367 = DIRECTION('',(-0.,0.,-1.));
#1368 = DIRECTION('',(-0.,-1.,0.));
#1369 = FACE_BOUND('',#1370,.F.);
#1370 = EDGE_LOOP('',(#1371));
#1371 = ORIENTED_EDGE('',*,*,#1372,.T.);
#1372 = EDGE_CURVE('',#1373,#1373,#1375,.T.);
#1373 = VERTEX_POINT('',#1374);
#1374 = CARTESIAN_POINT('',(106.016,-20.225,0.));
#1375 = CIRCLE('',#1376,0.445);
#1376 = AXIS2_PLACEMENT_3D('',#1377,#1378,#1379);
#1377 = CARTESIAN_POINT('',(106.016,-19.78,0.));
#1378 = DIRECTION('',(-0.,0.,-1.));
#1379 = DIRECTION('',(3.193450497798E-14,-1.,-0.));
#1380 = FACE_BOUND('',#1381,.F.);
#1381 = EDGE_LOOP('',(#1382));
#1382 = ORIENTED_EDGE('',*,*,#1383,.T.);
#1383 = EDGE_CURVE('',#1384,#1384,#1386,.T.);
#1384 = VERTEX_POINT('',#1385);
#1385 = CARTESIAN_POINT('',(108.048,-20.225,0.));
#1386 = CIRCLE('',#1387,0.445);
#1387 = AXIS2_PLACEMENT_3D('',#1388,#1389,#1390);
#1388 = CARTESIAN_POINT('',(108.048,-19.78,0.));
#1389 = DIRECTION('',(-0.,0.,-1.));
#1390 = DIRECTION('',(-0.,-1.,0.));
#1391 = FACE_BOUND('',#1392,.F.);
#1392 = EDGE_LOOP('',(#1393));
#1393 = ORIENTED_EDGE('',*,*,#1394,.T.);
#1394 = EDGE_CURVE('',#1395,#1395,#1397,.T.);
#1395 = VERTEX_POINT('',#1396);
#1396 = CARTESIAN_POINT('',(110.08,-20.225,0.));
#1397 = CIRCLE('',#1398,0.445);
#1398 = AXIS2_PLACEMENT_3D('',#1399,#1400,#1401);
#1399 = CARTESIAN_POINT('',(110.08,-19.78,0.));
#1400 = DIRECTION('',(-0.,0.,-1.));
#1401 = DIRECTION('',(-3.193450497798E-14,-1.,0.));
#1402 = FACE_BOUND('',#1403,.F.);
#1403 = EDGE_LOOP('',(#1404));
#1404 = ORIENTED_EDGE('',*,*,#1405,.T.);
#1405 = EDGE_CURVE('',#1406,#1406,#1408,.T.);
#1406 = VERTEX_POINT('',#1407);
#1407 = CARTESIAN_POINT('',(107.032,-18.445,0.));
#1408 = CIRCLE('',#1409,0.445);
#1409 = AXIS2_PLACEMENT_3D('',#1410,#1411,#1412);
#1410 = CARTESIAN_POINT('',(107.032,-18.,0.));
#1411 = DIRECTION('',(-0.,0.,-1.));
#1412 = DIRECTION('',(-3.193450497798E-14,-1.,0.));
#1413 = FACE_BOUND('',#1414,.F.);
#1414 = EDGE_LOOP('',(#1415));
#1415 = ORIENTED_EDGE('',*,*,#1416,.T.);
#1416 = EDGE_CURVE('',#1417,#1417,#1419,.T.);
#1417 = VERTEX_POINT('',#1418);
#1418 = CARTESIAN_POINT('',(109.064,-18.445,0.));
#1419 = CIRCLE('',#1420,0.445);
#1420 = AXIS2_PLACEMENT_3D('',#1421,#1422,#1423);
#1421 = CARTESIAN_POINT('',(109.064,-18.,0.));
#1422 = DIRECTION('',(-0.,0.,-1.));
#1423 = DIRECTION('',(-0.,-1.,0.));
#1424 = FACE_BOUND('',#1425,.F.);
#1425 = EDGE_LOOP('',(#1426));
#1426 = ORIENTED_EDGE('',*,*,#1427,.T.);
#1427 = EDGE_CURVE('',#1428,#1428,#1430,.T.);
#1428 = VERTEX_POINT('',#1429);
#1429 = CARTESIAN_POINT('',(112.112,-20.225,0.));
#1430 = CIRCLE('',#1431,0.445);
#1431 = AXIS2_PLACEMENT_3D('',#1432,#1433,#1434);
#1432 = CARTESIAN_POINT('',(112.112,-19.78,0.));
#1433 = DIRECTION('',(-0.,0.,-1.));
#1434 = DIRECTION('',(-0.,-1.,0.));
#1435 = FACE_BOUND('',#1436,.F.);
#1436 = EDGE_LOOP('',(#1437));
#1437 = ORIENTED_EDGE('',*,*,#1438,.T.);
#1438 = EDGE_CURVE('',#1439,#1439,#1441,.T.);
#1439 = VERTEX_POINT('',#1440);
#1440 = CARTESIAN_POINT('',(111.096,-18.445,0.));
#1441 = CIRCLE('',#1442,0.445);
#1442 = AXIS2_PLACEMENT_3D('',#1443,#1444,#1445);
#1443 = CARTESIAN_POINT('',(111.096,-18.,0.));
#1444 = DIRECTION('',(-0.,0.,-1.));
#1445 = DIRECTION('',(-0.,-1.,0.));
#1446 = FACE_BOUND('',#1447,.F.);
#1447 = EDGE_LOOP('',(#1448));
#1448 = ORIENTED_EDGE('',*,*,#1449,.T.);
#1449 = EDGE_CURVE('',#1450,#1450,#1452,.T.);
#1450 = VERTEX_POINT('',#1451);
#1451 = CARTESIAN_POINT('',(114.91,-17.085,0.));
#1452 = CIRCLE('',#1453,1.625);
#1453 = AXIS2_PLACEMENT_3D('',#1454,#1455,#1456);
#1454 = CARTESIAN_POINT('',(114.91,-15.46,0.));
#1455 = DIRECTION('',(-0.,0.,-1.));
#1456 = DIRECTION('',(-0.,-1.,0.));
#1457 = FACE_BOUND('',#1458,.F.);
#1458 = EDGE_LOOP('',(#1459));
#1459 = ORIENTED_EDGE('',*,*,#1460,.T.);
#1460 = EDGE_CURVE('',#1461,#1461,#1463,.T.);
#1461 = VERTEX_POINT('',#1462);
#1462 = CARTESIAN_POINT('',(121.7,-25.045,0.));
#1463 = CIRCLE('',#1464,0.445);
#1464 = AXIS2_PLACEMENT_3D('',#1465,#1466,#1467);
#1465 = CARTESIAN_POINT('',(121.7,-24.6,0.));
#1466 = DIRECTION('',(-0.,0.,-1.));
#1467 = DIRECTION('',(3.193450497798E-14,-1.,-0.));
#1468 = FACE_BOUND('',#1469,.F.);
#1469 = EDGE_LOOP('',(#1470));
#1470 = ORIENTED_EDGE('',*,*,#1471,.T.);
#1471 = EDGE_CURVE('',#1472,#1472,#1474,.T.);
#1472 = VERTEX_POINT('',#1473);
#1473 = CARTESIAN_POINT('',(123.99,-25.045,0.));
#1474 = CIRCLE('',#1475,0.445);
#1475 = AXIS2_PLACEMENT_3D('',#1476,#1477,#1478);
#1476 = CARTESIAN_POINT('',(123.99,-24.6,0.));
#1477 = DIRECTION('',(-0.,0.,-1.));
#1478 = DIRECTION('',(-3.193450497798E-14,-1.,0.));
#1479 = FACE_BOUND('',#1480,.F.);
#1480 = EDGE_LOOP('',(#1481));
#1481 = ORIENTED_EDGE('',*,*,#1482,.T.);
#1482 = EDGE_CURVE('',#1483,#1483,#1485,.T.);
#1483 = VERTEX_POINT('',#1484);
#1484 = CARTESIAN_POINT('',(133.13,-25.045,0.));
#1485 = CIRCLE('',#1486,0.445);
#1486 = AXIS2_PLACEMENT_3D('',#1487,#1488,#1489);
#1487 = CARTESIAN_POINT('',(133.13,-24.6,0.));
#1488 = DIRECTION('',(-0.,0.,-1.));
#1489 = DIRECTION('',(-0.,-1.,0.));
#1490 = FACE_BOUND('',#1491,.F.);
#1491 = EDGE_LOOP('',(#1492));
#1492 = ORIENTED_EDGE('',*,*,#1493,.T.);
#1493 = EDGE_CURVE('',#1494,#1494,#1496,.T.);
#1494 = VERTEX_POINT('',#1495);
#1495 = CARTESIAN_POINT('',(135.42,-25.045,0.));
#1496 = CIRCLE('',#1497,0.445);
#1497 = AXIS2_PLACEMENT_3D('',#1498,#1499,#1500);
#1498 = CARTESIAN_POINT('',(135.42,-24.6,0.));
#1499 = DIRECTION('',(-0.,0.,-1.));
#1500 = DIRECTION('',(-6.386900995597E-14,-1.,0.));
#1501 = FACE_BOUND('',#1502,.F.);
#1502 = EDGE_LOOP('',(#1503));
#1503 = ORIENTED_EDGE('',*,*,#1504,.T.);
#1504 = EDGE_CURVE('',#1505,#1505,#1507,.T.);
#1505 = VERTEX_POINT('',#1506);
#1506 = CARTESIAN_POINT('',(116.69,-19.675,0.));
#1507 = CIRCLE('',#1508,0.785);
#1508 = AXIS2_PLACEMENT_3D('',#1509,#1510,#1511);
#1509 = CARTESIAN_POINT('',(116.69,-18.89,0.));
#1510 = DIRECTION('',(-0.,0.,-1.));
#1511 = DIRECTION('',(-0.,-1.,0.));
#1512 = FACE_BOUND('',#1513,.F.);
#1513 = EDGE_LOOP('',(#1514));
#1514 = ORIENTED_EDGE('',*,*,#1515,.T.);
#1515 = EDGE_CURVE('',#1516,#1516,#1518,.T.);
#1516 = VERTEX_POINT('',#1517);
#1517 = CARTESIAN_POINT('',(120.43,-19.675,0.));
#1518 = CIRCLE('',#1519,0.785);
#1519 = AXIS2_PLACEMENT_3D('',#1520,#1521,#1522);
#1520 = CARTESIAN_POINT('',(120.43,-18.89,0.));
#1521 = DIRECTION('',(-0.,0.,-1.));
#1522 = DIRECTION('',(-0.,-1.,0.));
#1523 = FACE_BOUND('',#1524,.F.);
#1524 = EDGE_LOOP('',(#1525));
#1525 = ORIENTED_EDGE('',*,*,#1526,.T.);
#1526 = EDGE_CURVE('',#1527,#1527,#1529,.T.);
#1527 = VERTEX_POINT('',#1528);
#1528 = CARTESIAN_POINT('',(125.,-18.445,0.));
#1529 = CIRCLE('',#1530,0.445);
#1530 = AXIS2_PLACEMENT_3D('',#1531,#1532,#1533);
#1531 = CARTESIAN_POINT('',(125.,-18.,0.));
#1532 = DIRECTION('',(-0.,0.,-1.));
#1533 = DIRECTION('',(-0.,-1.,0.));
#1534 = FACE_BOUND('',#1535,.F.);
#1535 = EDGE_LOOP('',(#1536));
#1536 = ORIENTED_EDGE('',*,*,#1537,.T.);
#1537 = EDGE_CURVE('',#1538,#1538,#1540,.T.);
#1538 = VERTEX_POINT('',#1539);
#1539 = CARTESIAN_POINT('',(122.21,-17.085,0.));
#1540 = CIRCLE('',#1541,1.625);
#1541 = AXIS2_PLACEMENT_3D('',#1542,#1543,#1544);
#1542 = CARTESIAN_POINT('',(122.21,-15.46,0.));
#1543 = DIRECTION('',(-0.,0.,-1.));
#1544 = DIRECTION('',(-0.,-1.,0.));
#1545 = FACE_BOUND('',#1546,.F.);
#1546 = EDGE_LOOP('',(#1547));
#1547 = ORIENTED_EDGE('',*,*,#1548,.T.);
#1548 = EDGE_CURVE('',#1549,#1549,#1551,.T.);
#1549 = VERTEX_POINT('',#1550);
#1550 = CARTESIAN_POINT('',(126.016,-20.225,0.));
#1551 = CIRCLE('',#1552,0.445);
#1552 = AXIS2_PLACEMENT_3D('',#1553,#1554,#1555);
#1553 = CARTESIAN_POINT('',(126.016,-19.78,0.));
#1554 = DIRECTION('',(-0.,0.,-1.));
#1555 = DIRECTION('',(3.193450497798E-14,-1.,-0.));
#1556 = FACE_BOUND('',#1557,.F.);
#1557 = EDGE_LOOP('',(#1558));
#1558 = ORIENTED_EDGE('',*,*,#1559,.T.);
#1559 = EDGE_CURVE('',#1560,#1560,#1562,.T.);
#1560 = VERTEX_POINT('',#1561);
#1561 = CARTESIAN_POINT('',(128.048,-20.225,0.));
#1562 = CIRCLE('',#1563,0.445);
#1563 = AXIS2_PLACEMENT_3D('',#1564,#1565,#1566);
#1564 = CARTESIAN_POINT('',(128.048,-19.78,0.));
#1565 = DIRECTION('',(-0.,0.,-1.));
#1566 = DIRECTION('',(-0.,-1.,0.));
#1567 = FACE_BOUND('',#1568,.F.);
#1568 = EDGE_LOOP('',(#1569));
#1569 = ORIENTED_EDGE('',*,*,#1570,.T.);
#1570 = EDGE_CURVE('',#1571,#1571,#1573,.T.);
#1571 = VERTEX_POINT('',#1572);
#1572 = CARTESIAN_POINT('',(130.08,-20.225,0.));
#1573 = CIRCLE('',#1574,0.445);
#1574 = AXIS2_PLACEMENT_3D('',#1575,#1576,#1577);
#1575 = CARTESIAN_POINT('',(130.08,-19.78,0.));
#1576 = DIRECTION('',(-0.,0.,-1.));
#1577 = DIRECTION('',(6.386900995596E-14,-1.,-0.));
#1578 = FACE_BOUND('',#1579,.F.);
#1579 = EDGE_LOOP('',(#1580));
#1580 = ORIENTED_EDGE('',*,*,#1581,.T.);
#1581 = EDGE_CURVE('',#1582,#1582,#1584,.T.);
#1582 = VERTEX_POINT('',#1583);
#1583 = CARTESIAN_POINT('',(127.032,-18.445,0.));
#1584 = CIRCLE('',#1585,0.445);
#1585 = AXIS2_PLACEMENT_3D('',#1586,#1587,#1588);
#1586 = CARTESIAN_POINT('',(127.032,-18.,0.));
#1587 = DIRECTION('',(-0.,0.,-1.));
#1588 = DIRECTION('',(-3.193450497798E-14,-1.,0.));
#1589 = FACE_BOUND('',#1590,.F.);
#1590 = EDGE_LOOP('',(#1591));
#1591 = ORIENTED_EDGE('',*,*,#1592,.T.);
#1592 = EDGE_CURVE('',#1593,#1593,#1595,.T.);
#1593 = VERTEX_POINT('',#1594);
#1594 = CARTESIAN_POINT('',(129.064,-18.445,0.));
#1595 = CIRCLE('',#1596,0.445);
#1596 = AXIS2_PLACEMENT_3D('',#1597,#1598,#1599);
#1597 = CARTESIAN_POINT('',(129.064,-18.,0.));
#1598 = DIRECTION('',(-0.,0.,-1.));
#1599 = DIRECTION('',(-0.,-1.,0.));
#1600 = FACE_BOUND('',#1601,.F.);
#1601 = EDGE_LOOP('',(#1602));
#1602 = ORIENTED_EDGE('',*,*,#1603,.T.);
#1603 = EDGE_CURVE('',#1604,#1604,#1606,.T.);
#1604 = VERTEX_POINT('',#1605);
#1605 = CARTESIAN_POINT('',(131.096,-18.445,0.));
#1606 = CIRCLE('',#1607,0.445);
#1607 = AXIS2_PLACEMENT_3D('',#1608,#1609,#1610);
#1608 = CARTESIAN_POINT('',(131.096,-18.,0.));
#1609 = DIRECTION('',(-0.,0.,-1.));
#1610 = DIRECTION('',(-0.,-1.,0.));
#1611 = FACE_BOUND('',#1612,.F.);
#1612 = EDGE_LOOP('',(#1613));
#1613 = ORIENTED_EDGE('',*,*,#1614,.T.);
#1614 = EDGE_CURVE('',#1615,#1615,#1617,.T.);
#1615 = VERTEX_POINT('',#1616);
#1616 = CARTESIAN_POINT('',(132.112,-20.225,0.));
#1617 = CIRCLE('',#1618,0.445);
#1618 = AXIS2_PLACEMENT_3D('',#1619,#1620,#1621);
#1619 = CARTESIAN_POINT('',(132.112,-19.78,0.));
#1620 = DIRECTION('',(-0.,0.,-1.));
#1621 = DIRECTION('',(-0.,-1.,0.));
#1622 = FACE_BOUND('',#1623,.F.);
#1623 = EDGE_LOOP('',(#1624));
#1624 = ORIENTED_EDGE('',*,*,#1625,.T.);
#1625 = EDGE_CURVE('',#1626,#1626,#1628,.T.);
#1626 = VERTEX_POINT('',#1627);
#1627 = CARTESIAN_POINT('',(134.91,-17.085,0.));
#1628 = CIRCLE('',#1629,1.625);
#1629 = AXIS2_PLACEMENT_3D('',#1630,#1631,#1632);
#1630 = CARTESIAN_POINT('',(134.91,-15.46,0.));
#1631 = DIRECTION('',(-0.,0.,-1.));
#1632 = DIRECTION('',(-0.,-1.,0.));
#1633 = FACE_BOUND('',#1634,.F.);
#1634 = EDGE_LOOP('',(#1635));
#1635 = ORIENTED_EDGE('',*,*,#1636,.T.);
#1636 = EDGE_CURVE('',#1637,#1637,#1639,.T.);
#1637 = VERTEX_POINT('',#1638);
#1638 = CARTESIAN_POINT('',(141.7,-25.045,0.));
#1639 = CIRCLE('',#1640,0.445);
#1640 = AXIS2_PLACEMENT_3D('',#1641,#1642,#1643);
#1641 = CARTESIAN_POINT('',(141.7,-24.6,0.));
#1642 = DIRECTION('',(-0.,0.,-1.));
#1643 = DIRECTION('',(-0.,-1.,0.));
#1644 = FACE_BOUND('',#1645,.F.);
#1645 = EDGE_LOOP('',(#1646));
#1646 = ORIENTED_EDGE('',*,*,#1647,.T.);
#1647 = EDGE_CURVE('',#1648,#1648,#1650,.T.);
#1648 = VERTEX_POINT('',#1649);
#1649 = CARTESIAN_POINT('',(143.99,-25.045,0.));
#1650 = CIRCLE('',#1651,0.445);
#1651 = AXIS2_PLACEMENT_3D('',#1652,#1653,#1654);
#1652 = CARTESIAN_POINT('',(143.99,-24.6,0.));
#1653 = DIRECTION('',(-0.,0.,-1.));
#1654 = DIRECTION('',(-0.,-1.,0.));
#1655 = FACE_BOUND('',#1656,.F.);
#1656 = EDGE_LOOP('',(#1657));
#1657 = ORIENTED_EDGE('',*,*,#1658,.T.);
#1658 = EDGE_CURVE('',#1659,#1659,#1661,.T.);
#1659 = VERTEX_POINT('',#1660);
#1660 = CARTESIAN_POINT('',(153.13,-25.045,0.));
#1661 = CIRCLE('',#1662,0.445);
#1662 = AXIS2_PLACEMENT_3D('',#1663,#1664,#1665);
#1663 = CARTESIAN_POINT('',(153.13,-24.6,0.));
#1664 = DIRECTION('',(-0.,0.,-1.));
#1665 = DIRECTION('',(-0.,-1.,0.));
#1666 = FACE_BOUND('',#1667,.F.);
#1667 = EDGE_LOOP('',(#1668));
#1668 = ORIENTED_EDGE('',*,*,#1669,.T.);
#1669 = EDGE_CURVE('',#1670,#1670,#1672,.T.);
#1670 = VERTEX_POINT('',#1671);
#1671 = CARTESIAN_POINT('',(155.42,-25.045,0.));
#1672 = CIRCLE('',#1673,0.445);
#1673 = AXIS2_PLACEMENT_3D('',#1674,#1675,#1676);
#1674 = CARTESIAN_POINT('',(155.42,-24.6,0.));
#1675 = DIRECTION('',(-0.,0.,-1.));
#1676 = DIRECTION('',(-6.386900995597E-14,-1.,0.));
#1677 = FACE_BOUND('',#1678,.F.);
#1678 = EDGE_LOOP('',(#1679));
#1679 = ORIENTED_EDGE('',*,*,#1680,.T.);
#1680 = EDGE_CURVE('',#1681,#1681,#1683,.T.);
#1681 = VERTEX_POINT('',#1682);
#1682 = CARTESIAN_POINT('',(136.69,-19.675,0.));
#1683 = CIRCLE('',#1684,0.785);
#1684 = AXIS2_PLACEMENT_3D('',#1685,#1686,#1687);
#1685 = CARTESIAN_POINT('',(136.69,-18.89,0.));
#1686 = DIRECTION('',(-0.,0.,-1.));
#1687 = DIRECTION('',(-0.,-1.,0.));
#1688 = FACE_BOUND('',#1689,.F.);
#1689 = EDGE_LOOP('',(#1690));
#1690 = ORIENTED_EDGE('',*,*,#1691,.T.);
#1691 = EDGE_CURVE('',#1692,#1692,#1694,.T.);
#1692 = VERTEX_POINT('',#1693);
#1693 = CARTESIAN_POINT('',(140.43,-19.675,0.));
#1694 = CIRCLE('',#1695,0.785);
#1695 = AXIS2_PLACEMENT_3D('',#1696,#1697,#1698);
#1696 = CARTESIAN_POINT('',(140.43,-18.89,0.));
#1697 = DIRECTION('',(-0.,0.,-1.));
#1698 = DIRECTION('',(-0.,-1.,0.));
#1699 = FACE_BOUND('',#1700,.F.);
#1700 = EDGE_LOOP('',(#1701));
#1701 = ORIENTED_EDGE('',*,*,#1702,.T.);
#1702 = EDGE_CURVE('',#1703,#1703,#1705,.T.);
#1703 = VERTEX_POINT('',#1704);
#1704 = CARTESIAN_POINT('',(146.016,-20.225,0.));
#1705 = CIRCLE('',#1706,0.445);
#1706 = AXIS2_PLACEMENT_3D('',#1707,#1708,#1709);
#1707 = CARTESIAN_POINT('',(146.016,-19.78,0.));
#1708 = DIRECTION('',(-0.,0.,-1.));
#1709 = DIRECTION('',(-6.386900995597E-14,-1.,0.));
#1710 = FACE_BOUND('',#1711,.F.);
#1711 = EDGE_LOOP('',(#1712));
#1712 = ORIENTED_EDGE('',*,*,#1713,.T.);
#1713 = EDGE_CURVE('',#1714,#1714,#1716,.T.);
#1714 = VERTEX_POINT('',#1715);
#1715 = CARTESIAN_POINT('',(145.,-18.445,0.));
#1716 = CIRCLE('',#1717,0.445);
#1717 = AXIS2_PLACEMENT_3D('',#1718,#1719,#1720);
#1718 = CARTESIAN_POINT('',(145.,-18.,0.));
#1719 = DIRECTION('',(-0.,0.,-1.));
#1720 = DIRECTION('',(-0.,-1.,0.));
#1721 = FACE_BOUND('',#1722,.F.);
#1722 = EDGE_LOOP('',(#1723));
#1723 = ORIENTED_EDGE('',*,*,#1724,.T.);
#1724 = EDGE_CURVE('',#1725,#1725,#1727,.T.);
#1725 = VERTEX_POINT('',#1726);
#1726 = CARTESIAN_POINT('',(142.21,-17.085,0.));
#1727 = CIRCLE('',#1728,1.625);
#1728 = AXIS2_PLACEMENT_3D('',#1729,#1730,#1731);
#1729 = CARTESIAN_POINT('',(142.21,-15.46,0.));
#1730 = DIRECTION('',(-0.,0.,-1.));
#1731 = DIRECTION('',(-0.,-1.,0.));
#1732 = FACE_BOUND('',#1733,.F.);
#1733 = EDGE_LOOP('',(#1734));
#1734 = ORIENTED_EDGE('',*,*,#1735,.T.);
#1735 = EDGE_CURVE('',#1736,#1736,#1738,.T.);
#1736 = VERTEX_POINT('',#1737);
#1737 = CARTESIAN_POINT('',(148.048,-20.225,0.));
#1738 = CIRCLE('',#1739,0.445);
#1739 = AXIS2_PLACEMENT_3D('',#1740,#1741,#1742);
#1740 = CARTESIAN_POINT('',(148.048,-19.78,0.));
#1741 = DIRECTION('',(-0.,0.,-1.));
#1742 = DIRECTION('',(-0.,-1.,0.));
#1743 = FACE_BOUND('',#1744,.F.);
#1744 = EDGE_LOOP('',(#1745));
#1745 = ORIENTED_EDGE('',*,*,#1746,.T.);
#1746 = EDGE_CURVE('',#1747,#1747,#1749,.T.);
#1747 = VERTEX_POINT('',#1748);
#1748 = CARTESIAN_POINT('',(150.08,-20.225,0.));
#1749 = CIRCLE('',#1750,0.445);
#1750 = AXIS2_PLACEMENT_3D('',#1751,#1752,#1753);
#1751 = CARTESIAN_POINT('',(150.08,-19.78,0.));
#1752 = DIRECTION('',(-0.,0.,-1.));
#1753 = DIRECTION('',(6.386900995596E-14,-1.,-0.));
#1754 = FACE_BOUND('',#1755,.F.);
#1755 = EDGE_LOOP('',(#1756));
#1756 = ORIENTED_EDGE('',*,*,#1757,.T.);
#1757 = EDGE_CURVE('',#1758,#1758,#1760,.T.);
#1758 = VERTEX_POINT('',#1759);
#1759 = CARTESIAN_POINT('',(147.032,-18.445,0.));
#1760 = CIRCLE('',#1761,0.445);
#1761 = AXIS2_PLACEMENT_3D('',#1762,#1763,#1764);
#1762 = CARTESIAN_POINT('',(147.032,-18.,0.));
#1763 = DIRECTION('',(-0.,0.,-1.));
#1764 = DIRECTION('',(6.386900995596E-14,-1.,-0.));
#1765 = FACE_BOUND('',#1766,.F.);
#1766 = EDGE_LOOP('',(#1767));
#1767 = ORIENTED_EDGE('',*,*,#1768,.T.);
#1768 = EDGE_CURVE('',#1769,#1769,#1771,.T.);
#1769 = VERTEX_POINT('',#1770);
#1770 = CARTESIAN_POINT('',(149.064,-18.445,0.));
#1771 = CIRCLE('',#1772,0.445);
#1772 = AXIS2_PLACEMENT_3D('',#1773,#1774,#1775);
#1773 = CARTESIAN_POINT('',(149.064,-18.,0.));
#1774 = DIRECTION('',(-0.,0.,-1.));
#1775 = DIRECTION('',(-0.,-1.,0.));
#1776 = FACE_BOUND('',#1777,.F.);
#1777 = EDGE_LOOP('',(#1778));
#1778 = ORIENTED_EDGE('',*,*,#1779,.T.);
#1779 = EDGE_CURVE('',#1780,#1780,#1782,.T.);
#1780 = VERTEX_POINT('',#1781);
#1781 = CARTESIAN_POINT('',(151.096,-18.445,0.));
#1782 = CIRCLE('',#1783,0.445);
#1783 = AXIS2_PLACEMENT_3D('',#1784,#1785,#1786);
#1784 = CARTESIAN_POINT('',(151.096,-18.,0.));
#1785 = DIRECTION('',(-0.,0.,-1.));
#1786 = DIRECTION('',(-0.,-1.,0.));
#1787 = FACE_BOUND('',#1788,.F.);
#1788 = EDGE_LOOP('',(#1789));
#1789 = ORIENTED_EDGE('',*,*,#1790,.T.);
#1790 = EDGE_CURVE('',#1791,#1791,#1793,.T.);
#1791 = VERTEX_POINT('',#1792);
#1792 = CARTESIAN_POINT('',(152.112,-20.225,0.));
#1793 = CIRCLE('',#1794,0.445);
#1794 = AXIS2_PLACEMENT_3D('',#1795,#1796,#1797);
#1795 = CARTESIAN_POINT('',(152.112,-19.78,0.));
#1796 = DIRECTION('',(-0.,0.,-1.));
#1797 = DIRECTION('',(-0.,-1.,0.));
#1798 = FACE_BOUND('',#1799,.F.);
#1799 = EDGE_LOOP('',(#1800));
#1800 = ORIENTED_EDGE('',*,*,#1801,.T.);
#1801 = EDGE_CURVE('',#1802,#1802,#1804,.T.);
#1802 = VERTEX_POINT('',#1803);
#1803 = CARTESIAN_POINT('',(156.69,-19.675,0.));
#1804 = CIRCLE('',#1805,0.785);
#1805 = AXIS2_PLACEMENT_3D('',#1806,#1807,#1808);
#1806 = CARTESIAN_POINT('',(156.69,-18.89,0.));
#1807 = DIRECTION('',(-0.,0.,-1.));
#1808 = DIRECTION('',(-0.,-1.,0.));
#1809 = FACE_BOUND('',#1810,.F.);
#1810 = EDGE_LOOP('',(#1811));
#1811 = ORIENTED_EDGE('',*,*,#1812,.T.);
#1812 = EDGE_CURVE('',#1813,#1813,#1815,.T.);
#1813 = VERTEX_POINT('',#1814);
#1814 = CARTESIAN_POINT('',(154.91,-17.085,0.));
#1815 = CIRCLE('',#1816,1.625);
#1816 = AXIS2_PLACEMENT_3D('',#1817,#1818,#1819);
#1817 = CARTESIAN_POINT('',(154.91,-15.46,0.));
#1818 = DIRECTION('',(-0.,0.,-1.));
#1819 = DIRECTION('',(-0.,-1.,0.));
#1820 = FACE_BOUND('',#1821,.F.);
#1821 = EDGE_LOOP('',(#1822));
#1822 = ORIENTED_EDGE('',*,*,#1823,.T.);
#1823 = EDGE_CURVE('',#1824,#1824,#1826,.T.);
#1824 = VERTEX_POINT('',#1825);
#1825 = CARTESIAN_POINT('',(161.7,-25.045,0.));
#1826 = CIRCLE('',#1827,0.445);
#1827 = AXIS2_PLACEMENT_3D('',#1828,#1829,#1830);
#1828 = CARTESIAN_POINT('',(161.7,-24.6,0.));
#1829 = DIRECTION('',(-0.,0.,-1.));
#1830 = DIRECTION('',(-0.,-1.,0.));
#1831 = FACE_BOUND('',#1832,.F.);
#1832 = EDGE_LOOP('',(#1833));
#1833 = ORIENTED_EDGE('',*,*,#1834,.T.);
#1834 = EDGE_CURVE('',#1835,#1835,#1837,.T.);
#1835 = VERTEX_POINT('',#1836);
#1836 = CARTESIAN_POINT('',(163.99,-25.045,0.));
#1837 = CIRCLE('',#1838,0.445);
#1838 = AXIS2_PLACEMENT_3D('',#1839,#1840,#1841);
#1839 = CARTESIAN_POINT('',(163.99,-24.6,0.));
#1840 = DIRECTION('',(-0.,0.,-1.));
#1841 = DIRECTION('',(-0.,-1.,0.));
#1842 = FACE_BOUND('',#1843,.F.);
#1843 = EDGE_LOOP('',(#1844));
#1844 = ORIENTED_EDGE('',*,*,#1845,.T.);
#1845 = EDGE_CURVE('',#1846,#1846,#1848,.T.);
#1846 = VERTEX_POINT('',#1847);
#1847 = CARTESIAN_POINT('',(173.13,-25.045,0.));
#1848 = CIRCLE('',#1849,0.445);
#1849 = AXIS2_PLACEMENT_3D('',#1850,#1851,#1852);
#1850 = CARTESIAN_POINT('',(173.13,-24.6,0.));
#1851 = DIRECTION('',(-0.,0.,-1.));
#1852 = DIRECTION('',(-0.,-1.,0.));
#1853 = FACE_BOUND('',#1854,.F.);
#1854 = EDGE_LOOP('',(#1855));
#1855 = ORIENTED_EDGE('',*,*,#1856,.T.);
#1856 = EDGE_CURVE('',#1857,#1857,#1859,.T.);
#1857 = VERTEX_POINT('',#1858);
#1858 = CARTESIAN_POINT('',(175.42,-25.045,0.));
#1859 = CIRCLE('',#1860,0.445);
#1860 = AXIS2_PLACEMENT_3D('',#1861,#1862,#1863);
#1861 = CARTESIAN_POINT('',(175.42,-24.6,0.));
#1862 = DIRECTION('',(-0.,0.,-1.));
#1863 = DIRECTION('',(-6.386900995597E-14,-1.,0.));
#1864 = FACE_BOUND('',#1865,.F.);
#1865 = EDGE_LOOP('',(#1866));
#1866 = ORIENTED_EDGE('',*,*,#1867,.T.);
#1867 = EDGE_CURVE('',#1868,#1868,#1870,.T.);
#1868 = VERTEX_POINT('',#1869);
#1869 = CARTESIAN_POINT('',(160.43,-19.675,0.));
#1870 = CIRCLE('',#1871,0.785);
#1871 = AXIS2_PLACEMENT_3D('',#1872,#1873,#1874);
#1872 = CARTESIAN_POINT('',(160.43,-18.89,0.));
#1873 = DIRECTION('',(-0.,0.,-1.));
#1874 = DIRECTION('',(-0.,-1.,0.));
#1875 = FACE_BOUND('',#1876,.F.);
#1876 = EDGE_LOOP('',(#1877));
#1877 = ORIENTED_EDGE('',*,*,#1878,.T.);
#1878 = EDGE_CURVE('',#1879,#1879,#1881,.T.);
#1879 = VERTEX_POINT('',#1880);
#1880 = CARTESIAN_POINT('',(166.016,-20.225,0.));
#1881 = CIRCLE('',#1882,0.445);
#1882 = AXIS2_PLACEMENT_3D('',#1883,#1884,#1885);
#1883 = CARTESIAN_POINT('',(166.016,-19.78,0.));
#1884 = DIRECTION('',(-0.,0.,-1.));
#1885 = DIRECTION('',(-6.386900995597E-14,-1.,0.));
#1886 = FACE_BOUND('',#1887,.F.);
#1887 = EDGE_LOOP('',(#1888));
#1888 = ORIENTED_EDGE('',*,*,#1889,.T.);
#1889 = EDGE_CURVE('',#1890,#1890,#1892,.T.);
#1890 = VERTEX_POINT('',#1891);
#1891 = CARTESIAN_POINT('',(165.,-18.445,0.));
#1892 = CIRCLE('',#1893,0.445);
#1893 = AXIS2_PLACEMENT_3D('',#1894,#1895,#1896);
#1894 = CARTESIAN_POINT('',(165.,-18.,0.));
#1895 = DIRECTION('',(-0.,0.,-1.));
#1896 = DIRECTION('',(-0.,-1.,0.));
#1897 = FACE_BOUND('',#1898,.F.);
#1898 = EDGE_LOOP('',(#1899));
#1899 = ORIENTED_EDGE('',*,*,#1900,.T.);
#1900 = EDGE_CURVE('',#1901,#1901,#1903,.T.);
#1901 = VERTEX_POINT('',#1902);
#1902 = CARTESIAN_POINT('',(167.032,-18.445,0.));
#1903 = CIRCLE('',#1904,0.445);
#1904 = AXIS2_PLACEMENT_3D('',#1905,#1906,#1907);
#1905 = CARTESIAN_POINT('',(167.032,-18.,0.));
#1906 = DIRECTION('',(-0.,0.,-1.));
#1907 = DIRECTION('',(6.386900995596E-14,-1.,-0.));
#1908 = FACE_BOUND('',#1909,.F.);
#1909 = EDGE_LOOP('',(#1910));
#1910 = ORIENTED_EDGE('',*,*,#1911,.T.);
#1911 = EDGE_CURVE('',#1912,#1912,#1914,.T.);
#1912 = VERTEX_POINT('',#1913);
#1913 = CARTESIAN_POINT('',(162.21,-17.085,0.));
#1914 = CIRCLE('',#1915,1.625);
#1915 = AXIS2_PLACEMENT_3D('',#1916,#1917,#1918);
#1916 = CARTESIAN_POINT('',(162.21,-15.46,0.));
#1917 = DIRECTION('',(-0.,0.,-1.));
#1918 = DIRECTION('',(-0.,-1.,0.));
#1919 = FACE_BOUND('',#1920,.F.);
#1920 = EDGE_LOOP('',(#1921));
#1921 = ORIENTED_EDGE('',*,*,#1922,.T.);
#1922 = EDGE_CURVE('',#1923,#1923,#1925,.T.);
#1923 = VERTEX_POINT('',#1924);
#1924 = CARTESIAN_POINT('',(168.048,-20.225,0.));
#1925 = CIRCLE('',#1926,0.445);
#1926 = AXIS2_PLACEMENT_3D('',#1927,#1928,#1929);
#1927 = CARTESIAN_POINT('',(168.048,-19.78,0.));
#1928 = DIRECTION('',(-0.,0.,-1.));
#1929 = DIRECTION('',(-0.,-1.,0.));
#1930 = FACE_BOUND('',#1931,.F.);
#1931 = EDGE_LOOP('',(#1932));
#1932 = ORIENTED_EDGE('',*,*,#1933,.T.);
#1933 = EDGE_CURVE('',#1934,#1934,#1936,.T.);
#1934 = VERTEX_POINT('',#1935);
#1935 = CARTESIAN_POINT('',(170.08,-20.225,0.));
#1936 = CIRCLE('',#1937,0.445);
#1937 = AXIS2_PLACEMENT_3D('',#1938,#1939,#1940);
#1938 = CARTESIAN_POINT('',(170.08,-19.78,0.));
#1939 = DIRECTION('',(-0.,0.,-1.));
#1940 = DIRECTION('',(6.386900995596E-14,-1.,-0.));
#1941 = FACE_BOUND('',#1942,.F.);
#1942 = EDGE_LOOP('',(#1943));
#1943 = ORIENTED_EDGE('',*,*,#1944,.T.);
#1944 = EDGE_CURVE('',#1945,#1945,#1947,.T.);
#1945 = VERTEX_POINT('',#1946);
#1946 = CARTESIAN_POINT('',(172.112,-20.225,0.));
#1947 = CIRCLE('',#1948,0.445);
#1948 = AXIS2_PLACEMENT_3D('',#1949,#1950,#1951);
#1949 = CARTESIAN_POINT('',(172.112,-19.78,0.));
#1950 = DIRECTION('',(-0.,0.,-1.));
#1951 = DIRECTION('',(-0.,-1.,0.));
#1952 = FACE_BOUND('',#1953,.F.);
#1953 = EDGE_LOOP('',(#1954));
#1954 = ORIENTED_EDGE('',*,*,#1955,.T.);
#1955 = EDGE_CURVE('',#1956,#1956,#1958,.T.);
#1956 = VERTEX_POINT('',#1957);
#1957 = CARTESIAN_POINT('',(169.064,-18.445,0.));
#1958 = CIRCLE('',#1959,0.445);
#1959 = AXIS2_PLACEMENT_3D('',#1960,#1961,#1962);
#1960 = CARTESIAN_POINT('',(169.064,-18.,0.));
#1961 = DIRECTION('',(-0.,0.,-1.));
#1962 = DIRECTION('',(-0.,-1.,0.));
#1963 = FACE_BOUND('',#1964,.F.);
#1964 = EDGE_LOOP('',(#1965));
#1965 = ORIENTED_EDGE('',*,*,#1966,.T.);
#1966 = EDGE_CURVE('',#1967,#1967,#1969,.T.);
#1967 = VERTEX_POINT('',#1968);
#1968 = CARTESIAN_POINT('',(171.096,-18.445,0.));
#1969 = CIRCLE('',#1970,0.445);
#1970 = AXIS2_PLACEMENT_3D('',#1971,#1972,#1973);
#1971 = CARTESIAN_POINT('',(171.096,-18.,0.));
#1972 = DIRECTION('',(-0.,0.,-1.));
#1973 = DIRECTION('',(-0.,-1.,0.));
#1974 = FACE_BOUND('',#1975,.F.);
#1975 = EDGE_LOOP('',(#1976));
#1976 = ORIENTED_EDGE('',*,*,#1977,.T.);
#1977 = EDGE_CURVE('',#1978,#1978,#1980,.T.);
#1978 = VERTEX_POINT('',#1979);
#1979 = CARTESIAN_POINT('',(176.69,-19.675,0.));
#1980 = CIRCLE('',#1981,0.785);
#1981 = AXIS2_PLACEMENT_3D('',#1982,#1983,#1984);
#1982 = CARTESIAN_POINT('',(176.69,-18.89,0.));
#1983 = DIRECTION('',(-0.,0.,-1.));
#1984 = DIRECTION('',(-0.,-1.,0.));
#1985 = FACE_BOUND('',#1986,.F.);
#1986 = EDGE_LOOP('',(#1987));
#1987 = ORIENTED_EDGE('',*,*,#1988,.T.);
#1988 = EDGE_CURVE('',#1989,#1989,#1991,.T.);
#1989 = VERTEX_POINT('',#1990);
#1990 = CARTESIAN_POINT('',(174.91,-17.085,0.));
#1991 = CIRCLE('',#1992,1.625);
#1992 = AXIS2_PLACEMENT_3D('',#1993,#1994,#1995);
#1993 = CARTESIAN_POINT('',(174.91,-15.46,0.));
#1994 = DIRECTION('',(-0.,0.,-1.));
#1995 = DIRECTION('',(-0.,-1.,0.));
#1996 = PLANE('',#1997);
#1997 = AXIS2_PLACEMENT_3D('',#1998,#1999,#2000);
#1998 = CARTESIAN_POINT('',(0.,0.,0.));
#1999 = DIRECTION('',(0.,0.,1.));
#2000 = DIRECTION('',(1.,0.,-0.));
#2001 = ADVANCED_FACE('',(#2002,#2013,#2024,#2060,#2096,#2132,#2168,
    #2204,#2215,#2251,#2262,#2298,#2309,#2320,#2331,#2342,#2353,#2364,
    #2375,#2386,#2397,#2408,#2419,#2430,#2441,#2452,#2463,#2474,#2485,
    #2496,#2507,#2518,#2529,#2540,#2551,#2562,#2573,#2584,#2595,#2606,
    #2617,#2628,#2639,#2650,#2661,#2672,#2683,#2694,#2705,#2716,#2727,
    #2738,#2749,#2760,#2771,#2782,#2793,#2804,#2815,#2826,#2837,#2848,
    #2859,#2870,#2881,#2892,#2903,#2914,#2925,#2936,#2947,#2958,#2969,
    #2980,#2991,#3002,#3013,#3024,#3035,#3046,#3057,#3068,#3079,#3090,
    #3101,#3112,#3123,#3134,#3145,#3156,#3167,#3178,#3189,#3200,#3211,
    #3222,#3233,#3244,#3255,#3266,#3277,#3288,#3299,#3310,#3321,#3332,
    #3343,#3354,#3365,#3376,#3387,#3398,#3409,#3420,#3431,#3442,#3453,
    #3464,#3475,#3486,#3497,#3508,#3519,#3530,#3541,#3552,#3563,#3574,
    #3585,#3596,#3607,#3618,#3629,#3640,#3651,#3662,#3673,#3684,#3695,
    #3706,#3717,#3728,#3739,#3750,#3761,#3772,#3783,#3794,#3805,#3816,
    #3827,#3838,#3849),#3860,.T.);
#2002 = FACE_BOUND('',#2003,.T.);
#2003 = EDGE_LOOP('',(#2004,#2005,#2006,#2012));
#2004 = ORIENTED_EDGE('',*,*,#49,.F.);
#2005 = ORIENTED_EDGE('',*,*,#89,.F.);
#2006 = ORIENTED_EDGE('',*,*,#2007,.F.);
#2007 = EDGE_CURVE('',#112,#82,#2008,.T.);
#2008 = LINE('',#2009,#2010);
#2009 = CARTESIAN_POINT('',(10.,-10.,1.51));
#2010 = VECTOR('',#2011,1.);
#2011 = DIRECTION('',(1.,0.,0.));
#2012 = ORIENTED_EDGE('',*,*,#111,.F.);
#2013 = FACE_BOUND('',#2014,.T.);
#2014 = EDGE_LOOP('',(#2015));
#2015 = ORIENTED_EDGE('',*,*,#2016,.T.);
#2016 = EDGE_CURVE('',#2017,#2017,#2019,.T.);
#2017 = VERTEX_POINT('',#2018);
#2018 = CARTESIAN_POINT('',(20.,-125.6,1.51));
#2019 = CIRCLE('',#2020,1.6);
#2020 = AXIS2_PLACEMENT_3D('',#2021,#2022,#2023);
#2021 = CARTESIAN_POINT('',(20.,-124.,1.51));
#2022 = DIRECTION('',(-0.,0.,-1.));
#2023 = DIRECTION('',(-0.,-1.,0.));
#2024 = FACE_BOUND('',#2025,.T.);
#2025 = EDGE_LOOP('',(#2026,#2037,#2045,#2054));
#2026 = ORIENTED_EDGE('',*,*,#2027,.T.);
#2027 = EDGE_CURVE('',#2028,#2030,#2032,.T.);
#2028 = VERTEX_POINT('',#2029);
#2029 = CARTESIAN_POINT('',(22.,-106.2,1.51));
#2030 = VERTEX_POINT('',#2031);
#2031 = CARTESIAN_POINT('',(22.,-107.2,1.51));
#2032 = CIRCLE('',#2033,0.5);
#2033 = AXIS2_PLACEMENT_3D('',#2034,#2035,#2036);
#2034 = CARTESIAN_POINT('',(22.,-106.7,1.51));
#2035 = DIRECTION('',(-0.,0.,-1.));
#2036 = DIRECTION('',(-0.,-1.,0.));
#2037 = ORIENTED_EDGE('',*,*,#2038,.T.);
#2038 = EDGE_CURVE('',#2030,#2039,#2041,.T.);
#2039 = VERTEX_POINT('',#2040);
#2040 = CARTESIAN_POINT('',(20.,-107.2,1.51));
#2041 = LINE('',#2042,#2043);
#2042 = CARTESIAN_POINT('',(10.,-107.2,1.51));
#2043 = VECTOR('',#2044,1.);
#2044 = DIRECTION('',(-1.,0.,0.));
#2045 = ORIENTED_EDGE('',*,*,#2046,.T.);
#2046 = EDGE_CURVE('',#2039,#2047,#2049,.T.);
#2047 = VERTEX_POINT('',#2048);
#2048 = CARTESIAN_POINT('',(20.,-106.2,1.51));
#2049 = CIRCLE('',#2050,0.5);
#2050 = AXIS2_PLACEMENT_3D('',#2051,#2052,#2053);
#2051 = CARTESIAN_POINT('',(20.,-106.7,1.51));
#2052 = DIRECTION('',(-0.,0.,-1.));
#2053 = DIRECTION('',(0.,1.,0.));
#2054 = ORIENTED_EDGE('',*,*,#2055,.T.);
#2055 = EDGE_CURVE('',#2047,#2028,#2056,.T.);
#2056 = LINE('',#2057,#2058);
#2057 = CARTESIAN_POINT('',(11.,-106.2,1.51));
#2058 = VECTOR('',#2059,1.);
#2059 = DIRECTION('',(1.,0.,-0.));
#2060 = FACE_BOUND('',#2061,.T.);
#2061 = EDGE_LOOP('',(#2062,#2073,#2081,#2090));
#2062 = ORIENTED_EDGE('',*,*,#2063,.T.);
#2063 = EDGE_CURVE('',#2064,#2066,#2068,.T.);
#2064 = VERTEX_POINT('',#2065);
#2065 = CARTESIAN_POINT('',(18.5,-103.,1.51));
#2066 = VERTEX_POINT('',#2067);
#2067 = CARTESIAN_POINT('',(17.5,-103.,1.51));
#2068 = CIRCLE('',#2069,0.5);
#2069 = AXIS2_PLACEMENT_3D('',#2070,#2071,#2072);
#2070 = CARTESIAN_POINT('',(18.,-103.,1.51));
#2071 = DIRECTION('',(-0.,0.,-1.));
#2072 = DIRECTION('',(-1.,0.,0.));
#2073 = ORIENTED_EDGE('',*,*,#2074,.T.);
#2074 = EDGE_CURVE('',#2066,#2075,#2077,.T.);
#2075 = VERTEX_POINT('',#2076);
#2076 = CARTESIAN_POINT('',(17.5,-101.,1.51));
#2077 = LINE('',#2078,#2079);
#2078 = CARTESIAN_POINT('',(17.5,-50.5,1.51));
#2079 = VECTOR('',#2080,1.);
#2080 = DIRECTION('',(-0.,1.,0.));
#2081 = ORIENTED_EDGE('',*,*,#2082,.T.);
#2082 = EDGE_CURVE('',#2075,#2083,#2085,.T.);
#2083 = VERTEX_POINT('',#2084);
#2084 = CARTESIAN_POINT('',(18.5,-101.,1.51));
#2085 = CIRCLE('',#2086,0.5);
#2086 = AXIS2_PLACEMENT_3D('',#2087,#2088,#2089);
#2087 = CARTESIAN_POINT('',(18.,-101.,1.51));
#2088 = DIRECTION('',(0.,-0.,-1.));
#2089 = DIRECTION('',(1.,0.,-0.));
#2090 = ORIENTED_EDGE('',*,*,#2091,.T.);
#2091 = EDGE_CURVE('',#2083,#2064,#2092,.T.);
#2092 = LINE('',#2093,#2094);
#2093 = CARTESIAN_POINT('',(18.5,-51.5,1.51));
#2094 = VECTOR('',#2095,1.);
#2095 = DIRECTION('',(0.,-1.,0.));
#2096 = FACE_BOUND('',#2097,.T.);
#2097 = EDGE_LOOP('',(#2098,#2109,#2117,#2126));
#2098 = ORIENTED_EDGE('',*,*,#2099,.T.);
#2099 = EDGE_CURVE('',#2100,#2102,#2104,.T.);
#2100 = VERTEX_POINT('',#2101);
#2101 = CARTESIAN_POINT('',(24.5,-103.,1.51));
#2102 = VERTEX_POINT('',#2103);
#2103 = CARTESIAN_POINT('',(23.5,-103.,1.51));
#2104 = CIRCLE('',#2105,0.5);
#2105 = AXIS2_PLACEMENT_3D('',#2106,#2107,#2108);
#2106 = CARTESIAN_POINT('',(24.,-103.,1.51));
#2107 = DIRECTION('',(-0.,0.,-1.));
#2108 = DIRECTION('',(-1.,0.,0.));
#2109 = ORIENTED_EDGE('',*,*,#2110,.T.);
#2110 = EDGE_CURVE('',#2102,#2111,#2113,.T.);
#2111 = VERTEX_POINT('',#2112);
#2112 = CARTESIAN_POINT('',(23.5,-101.,1.51));
#2113 = LINE('',#2114,#2115);
#2114 = CARTESIAN_POINT('',(23.5,-50.5,1.51));
#2115 = VECTOR('',#2116,1.);
#2116 = DIRECTION('',(-0.,1.,0.));
#2117 = ORIENTED_EDGE('',*,*,#2118,.T.);
#2118 = EDGE_CURVE('',#2111,#2119,#2121,.T.);
#2119 = VERTEX_POINT('',#2120);
#2120 = CARTESIAN_POINT('',(24.5,-101.,1.51));
#2121 = CIRCLE('',#2122,0.5);
#2122 = AXIS2_PLACEMENT_3D('',#2123,#2124,#2125);
#2123 = CARTESIAN_POINT('',(24.,-101.,1.51));
#2124 = DIRECTION('',(0.,-0.,-1.));
#2125 = DIRECTION('',(1.,0.,-0.));
#2126 = ORIENTED_EDGE('',*,*,#2127,.T.);
#2127 = EDGE_CURVE('',#2119,#2100,#2128,.T.);
#2128 = LINE('',#2129,#2130);
#2129 = CARTESIAN_POINT('',(24.5,-51.5,1.51));
#2130 = VECTOR('',#2131,1.);
#2131 = DIRECTION('',(0.,-1.,0.));
#2132 = FACE_BOUND('',#2133,.T.);
#2133 = EDGE_LOOP('',(#2134,#2145,#2153,#2162));
#2134 = ORIENTED_EDGE('',*,*,#2135,.T.);
#2135 = EDGE_CURVE('',#2136,#2138,#2140,.T.);
#2136 = VERTEX_POINT('',#2137);
#2137 = CARTESIAN_POINT('',(85.98,-127.475,1.51));
#2138 = VERTEX_POINT('',#2139);
#2139 = CARTESIAN_POINT('',(85.38,-127.475,1.51));
#2140 = CIRCLE('',#2141,0.3);
#2141 = AXIS2_PLACEMENT_3D('',#2142,#2143,#2144);
#2142 = CARTESIAN_POINT('',(85.68,-127.475,1.51));
#2143 = DIRECTION('',(-0.,0.,-1.));
#2144 = DIRECTION('',(-1.,0.,0.));
#2145 = ORIENTED_EDGE('',*,*,#2146,.T.);
#2146 = EDGE_CURVE('',#2138,#2147,#2149,.T.);
#2147 = VERTEX_POINT('',#2148);
#2148 = CARTESIAN_POINT('',(85.38,-126.675,1.51));
#2149 = LINE('',#2150,#2151);
#2150 = CARTESIAN_POINT('',(85.38,-63.3375,1.51));
#2151 = VECTOR('',#2152,1.);
#2152 = DIRECTION('',(-0.,1.,0.));
#2153 = ORIENTED_EDGE('',*,*,#2154,.T.);
#2154 = EDGE_CURVE('',#2147,#2155,#2157,.T.);
#2155 = VERTEX_POINT('',#2156);
#2156 = CARTESIAN_POINT('',(85.98,-126.675,1.51));
#2157 = CIRCLE('',#2158,0.3);
#2158 = AXIS2_PLACEMENT_3D('',#2159,#2160,#2161);
#2159 = CARTESIAN_POINT('',(85.68,-126.675,1.51));
#2160 = DIRECTION('',(0.,-0.,-1.));
#2161 = DIRECTION('',(1.,4.736951571734E-14,-0.));
#2162 = ORIENTED_EDGE('',*,*,#2163,.T.);
#2163 = EDGE_CURVE('',#2155,#2136,#2164,.T.);
#2164 = LINE('',#2165,#2166);
#2165 = CARTESIAN_POINT('',(85.98,-63.7375,1.51));
#2166 = VECTOR('',#2167,1.);
#2167 = DIRECTION('',(0.,-1.,0.));
#2168 = FACE_BOUND('',#2169,.T.);
#2169 = EDGE_LOOP('',(#2170,#2181,#2189,#2198));
#2170 = ORIENTED_EDGE('',*,*,#2171,.T.);
#2171 = EDGE_CURVE('',#2172,#2174,#2176,.T.);
#2172 = VERTEX_POINT('',#2173);
#2173 = CARTESIAN_POINT('',(94.62,-127.475,1.51));
#2174 = VERTEX_POINT('',#2175);
#2175 = CARTESIAN_POINT('',(94.02,-127.475,1.51));
#2176 = CIRCLE('',#2177,0.3);
#2177 = AXIS2_PLACEMENT_3D('',#2178,#2179,#2180);
#2178 = CARTESIAN_POINT('',(94.32,-127.475,1.51));
#2179 = DIRECTION('',(-0.,0.,-1.));
#2180 = DIRECTION('',(-1.,0.,0.));
#2181 = ORIENTED_EDGE('',*,*,#2182,.T.);
#2182 = EDGE_CURVE('',#2174,#2183,#2185,.T.);
#2183 = VERTEX_POINT('',#2184);
#2184 = CARTESIAN_POINT('',(94.02,-126.675,1.51));
#2185 = LINE('',#2186,#2187);
#2186 = CARTESIAN_POINT('',(94.02,-63.3375,1.51));
#2187 = VECTOR('',#2188,1.);
#2188 = DIRECTION('',(-0.,1.,0.));
#2189 = ORIENTED_EDGE('',*,*,#2190,.T.);
#2190 = EDGE_CURVE('',#2183,#2191,#2193,.T.);
#2191 = VERTEX_POINT('',#2192);
#2192 = CARTESIAN_POINT('',(94.62,-126.675,1.51));
#2193 = CIRCLE('',#2194,0.3);
#2194 = AXIS2_PLACEMENT_3D('',#2195,#2196,#2197);
#2195 = CARTESIAN_POINT('',(94.32,-126.675,1.51));
#2196 = DIRECTION('',(0.,-0.,-1.));
#2197 = DIRECTION('',(1.,4.736951571734E-14,-0.));
#2198 = ORIENTED_EDGE('',*,*,#2199,.T.);
#2199 = EDGE_CURVE('',#2191,#2172,#2200,.T.);
#2200 = LINE('',#2201,#2202);
#2201 = CARTESIAN_POINT('',(94.62,-63.7375,1.51));
#2202 = VECTOR('',#2203,1.);
#2203 = DIRECTION('',(0.,-1.,0.));
#2204 = FACE_BOUND('',#2205,.T.);
#2205 = EDGE_LOOP('',(#2206));
#2206 = ORIENTED_EDGE('',*,*,#2207,.T.);
#2207 = EDGE_CURVE('',#2208,#2208,#2210,.T.);
#2208 = VERTEX_POINT('',#2209);
#2209 = CARTESIAN_POINT('',(87.11,-123.72,1.51));
#2210 = CIRCLE('',#2211,0.325);
#2211 = AXIS2_PLACEMENT_3D('',#2212,#2213,#2214);
#2212 = CARTESIAN_POINT('',(87.11,-123.395,1.51));
#2213 = DIRECTION('',(-0.,0.,-1.));
#2214 = DIRECTION('',(-0.,-1.,0.));
#2215 = FACE_BOUND('',#2216,.T.);
#2216 = EDGE_LOOP('',(#2217,#2228,#2236,#2245));
#2217 = ORIENTED_EDGE('',*,*,#2218,.T.);
#2218 = EDGE_CURVE('',#2219,#2221,#2223,.T.);
#2219 = VERTEX_POINT('',#2220);
#2220 = CARTESIAN_POINT('',(85.98,-123.445,1.51));
#2221 = VERTEX_POINT('',#2222);
#2222 = CARTESIAN_POINT('',(85.38,-123.445,1.51));
#2223 = CIRCLE('',#2224,0.3);
#2224 = AXIS2_PLACEMENT_3D('',#2225,#2226,#2227);
#2225 = CARTESIAN_POINT('',(85.68,-123.445,1.51));
#2226 = DIRECTION('',(-0.,0.,-1.));
#2227 = DIRECTION('',(-1.,0.,0.));
#2228 = ORIENTED_EDGE('',*,*,#2229,.T.);
#2229 = EDGE_CURVE('',#2221,#2230,#2232,.T.);
#2230 = VERTEX_POINT('',#2231);
#2231 = CARTESIAN_POINT('',(85.38,-122.345,1.51));
#2232 = LINE('',#2233,#2234);
#2233 = CARTESIAN_POINT('',(85.38,-61.1725,1.51));
#2234 = VECTOR('',#2235,1.);
#2235 = DIRECTION('',(-0.,1.,0.));
#2236 = ORIENTED_EDGE('',*,*,#2237,.T.);
#2237 = EDGE_CURVE('',#2230,#2238,#2240,.T.);
#2238 = VERTEX_POINT('',#2239);
#2239 = CARTESIAN_POINT('',(85.98,-122.345,1.51));
#2240 = CIRCLE('',#2241,0.3);
#2241 = AXIS2_PLACEMENT_3D('',#2242,#2243,#2244);
#2242 = CARTESIAN_POINT('',(85.68,-122.345,1.51));
#2243 = DIRECTION('',(0.,-0.,-1.));
#2244 = DIRECTION('',(1.,0.,-0.));
#2245 = ORIENTED_EDGE('',*,*,#2246,.T.);
#2246 = EDGE_CURVE('',#2238,#2219,#2247,.T.);
#2247 = LINE('',#2248,#2249);
#2248 = CARTESIAN_POINT('',(85.98,-61.7225,1.51));
#2249 = VECTOR('',#2250,1.);
#2250 = DIRECTION('',(0.,-1.,0.));
#2251 = FACE_BOUND('',#2252,.T.);
#2252 = EDGE_LOOP('',(#2253));
#2253 = ORIENTED_EDGE('',*,*,#2254,.T.);
#2254 = EDGE_CURVE('',#2255,#2255,#2257,.T.);
#2255 = VERTEX_POINT('',#2256);
#2256 = CARTESIAN_POINT('',(92.89,-123.72,1.51));
#2257 = CIRCLE('',#2258,0.325);
#2258 = AXIS2_PLACEMENT_3D('',#2259,#2260,#2261);
#2259 = CARTESIAN_POINT('',(92.89,-123.395,1.51));
#2260 = DIRECTION('',(-0.,0.,-1.));
#2261 = DIRECTION('',(-0.,-1.,0.));
#2262 = FACE_BOUND('',#2263,.T.);
#2263 = EDGE_LOOP('',(#2264,#2275,#2283,#2292));
#2264 = ORIENTED_EDGE('',*,*,#2265,.T.);
#2265 = EDGE_CURVE('',#2266,#2268,#2270,.T.);
#2266 = VERTEX_POINT('',#2267);
#2267 = CARTESIAN_POINT('',(94.62,-123.445,1.51));
#2268 = VERTEX_POINT('',#2269);
#2269 = CARTESIAN_POINT('',(94.02,-123.445,1.51));
#2270 = CIRCLE('',#2271,0.3);
#2271 = AXIS2_PLACEMENT_3D('',#2272,#2273,#2274);
#2272 = CARTESIAN_POINT('',(94.32,-123.445,1.51));
#2273 = DIRECTION('',(-0.,0.,-1.));
#2274 = DIRECTION('',(-1.,0.,0.));
#2275 = ORIENTED_EDGE('',*,*,#2276,.T.);
#2276 = EDGE_CURVE('',#2268,#2277,#2279,.T.);
#2277 = VERTEX_POINT('',#2278);
#2278 = CARTESIAN_POINT('',(94.02,-122.345,1.51));
#2279 = LINE('',#2280,#2281);
#2280 = CARTESIAN_POINT('',(94.02,-61.1725,1.51));
#2281 = VECTOR('',#2282,1.);
#2282 = DIRECTION('',(-0.,1.,0.));
#2283 = ORIENTED_EDGE('',*,*,#2284,.T.);
#2284 = EDGE_CURVE('',#2277,#2285,#2287,.T.);
#2285 = VERTEX_POINT('',#2286);
#2286 = CARTESIAN_POINT('',(94.62,-122.345,1.51));
#2287 = CIRCLE('',#2288,0.3);
#2288 = AXIS2_PLACEMENT_3D('',#2289,#2290,#2291);
#2289 = CARTESIAN_POINT('',(94.32,-122.345,1.51));
#2290 = DIRECTION('',(0.,-0.,-1.));
#2291 = DIRECTION('',(1.,0.,-0.));
#2292 = ORIENTED_EDGE('',*,*,#2293,.T.);
#2293 = EDGE_CURVE('',#2285,#2266,#2294,.T.);
#2294 = LINE('',#2295,#2296);
#2295 = CARTESIAN_POINT('',(94.62,-61.7225,1.51));
#2296 = VECTOR('',#2297,1.);
#2297 = DIRECTION('',(0.,-1.,0.));
#2298 = FACE_BOUND('',#2299,.T.);
#2299 = EDGE_LOOP('',(#2300));
#2300 = ORIENTED_EDGE('',*,*,#2301,.T.);
#2301 = EDGE_CURVE('',#2302,#2302,#2304,.T.);
#2302 = VERTEX_POINT('',#2303);
#2303 = CARTESIAN_POINT('',(140.,-118.5,1.51));
#2304 = CIRCLE('',#2305,0.5);
#2305 = AXIS2_PLACEMENT_3D('',#2306,#2307,#2308);
#2306 = CARTESIAN_POINT('',(140.,-118.,1.51));
#2307 = DIRECTION('',(-0.,0.,-1.));
#2308 = DIRECTION('',(-0.,-1.,0.));
#2309 = FACE_BOUND('',#2310,.T.);
#2310 = EDGE_LOOP('',(#2311));
#2311 = ORIENTED_EDGE('',*,*,#2312,.T.);
#2312 = EDGE_CURVE('',#2313,#2313,#2315,.T.);
#2313 = VERTEX_POINT('',#2314);
#2314 = CARTESIAN_POINT('',(142.54,-118.5,1.51));
#2315 = CIRCLE('',#2316,0.5);
#2316 = AXIS2_PLACEMENT_3D('',#2317,#2318,#2319);
#2317 = CARTESIAN_POINT('',(142.54,-118.,1.51));
#2318 = DIRECTION('',(-0.,0.,-1.));
#2319 = DIRECTION('',(-0.,-1.,0.));
#2320 = FACE_BOUND('',#2321,.T.);
#2321 = EDGE_LOOP('',(#2322));
#2322 = ORIENTED_EDGE('',*,*,#2323,.T.);
#2323 = EDGE_CURVE('',#2324,#2324,#2326,.T.);
#2324 = VERTEX_POINT('',#2325);
#2325 = CARTESIAN_POINT('',(145.08,-118.5,1.51));
#2326 = CIRCLE('',#2327,0.5);
#2327 = AXIS2_PLACEMENT_3D('',#2328,#2329,#2330);
#2328 = CARTESIAN_POINT('',(145.08,-118.,1.51));
#2329 = DIRECTION('',(-0.,0.,-1.));
#2330 = DIRECTION('',(-0.,-1.,0.));
#2331 = FACE_BOUND('',#2332,.T.);
#2332 = EDGE_LOOP('',(#2333));
#2333 = ORIENTED_EDGE('',*,*,#2334,.T.);
#2334 = EDGE_CURVE('',#2335,#2335,#2337,.T.);
#2335 = VERTEX_POINT('',#2336);
#2336 = CARTESIAN_POINT('',(147.62,-118.5,1.51));
#2337 = CIRCLE('',#2338,0.5);
#2338 = AXIS2_PLACEMENT_3D('',#2339,#2340,#2341);
#2339 = CARTESIAN_POINT('',(147.62,-118.,1.51));
#2340 = DIRECTION('',(-0.,0.,-1.));
#2341 = DIRECTION('',(-0.,-1.,0.));
#2342 = FACE_BOUND('',#2343,.T.);
#2343 = EDGE_LOOP('',(#2344));
#2344 = ORIENTED_EDGE('',*,*,#2345,.T.);
#2345 = EDGE_CURVE('',#2346,#2346,#2348,.T.);
#2346 = VERTEX_POINT('',#2347);
#2347 = CARTESIAN_POINT('',(150.16,-118.5,1.51));
#2348 = CIRCLE('',#2349,0.5);
#2349 = AXIS2_PLACEMENT_3D('',#2350,#2351,#2352);
#2350 = CARTESIAN_POINT('',(150.16,-118.,1.51));
#2351 = DIRECTION('',(-0.,0.,-1.));
#2352 = DIRECTION('',(-0.,-1.,0.));
#2353 = FACE_BOUND('',#2354,.T.);
#2354 = EDGE_LOOP('',(#2355));
#2355 = ORIENTED_EDGE('',*,*,#2356,.T.);
#2356 = EDGE_CURVE('',#2357,#2357,#2359,.T.);
#2357 = VERTEX_POINT('',#2358);
#2358 = CARTESIAN_POINT('',(152.7,-118.5,1.51));
#2359 = CIRCLE('',#2360,0.5);
#2360 = AXIS2_PLACEMENT_3D('',#2361,#2362,#2363);
#2361 = CARTESIAN_POINT('',(152.7,-118.,1.51));
#2362 = DIRECTION('',(-0.,0.,-1.));
#2363 = DIRECTION('',(-0.,-1.,0.));
#2364 = FACE_BOUND('',#2365,.T.);
#2365 = EDGE_LOOP('',(#2366));
#2366 = ORIENTED_EDGE('',*,*,#2367,.T.);
#2367 = EDGE_CURVE('',#2368,#2368,#2370,.T.);
#2368 = VERTEX_POINT('',#2369);
#2369 = CARTESIAN_POINT('',(155.24,-118.5,1.51));
#2370 = CIRCLE('',#2371,0.5);
#2371 = AXIS2_PLACEMENT_3D('',#2372,#2373,#2374);
#2372 = CARTESIAN_POINT('',(155.24,-118.,1.51));
#2373 = DIRECTION('',(-0.,0.,-1.));
#2374 = DIRECTION('',(-0.,-1.,0.));
#2375 = FACE_BOUND('',#2376,.T.);
#2376 = EDGE_LOOP('',(#2377));
#2377 = ORIENTED_EDGE('',*,*,#2378,.T.);
#2378 = EDGE_CURVE('',#2379,#2379,#2381,.T.);
#2379 = VERTEX_POINT('',#2380);
#2380 = CARTESIAN_POINT('',(170.,-125.6,1.51));
#2381 = CIRCLE('',#2382,1.6);
#2382 = AXIS2_PLACEMENT_3D('',#2383,#2384,#2385);
#2383 = CARTESIAN_POINT('',(170.,-124.,1.51));
#2384 = DIRECTION('',(-0.,0.,-1.));
#2385 = DIRECTION('',(-0.,-1.,0.));
#2386 = FACE_BOUND('',#2387,.T.);
#2387 = EDGE_LOOP('',(#2388));
#2388 = ORIENTED_EDGE('',*,*,#2389,.T.);
#2389 = EDGE_CURVE('',#2390,#2390,#2392,.T.);
#2390 = VERTEX_POINT('',#2391);
#2391 = CARTESIAN_POINT('',(157.78,-118.5,1.51));
#2392 = CIRCLE('',#2393,0.5);
#2393 = AXIS2_PLACEMENT_3D('',#2394,#2395,#2396);
#2394 = CARTESIAN_POINT('',(157.78,-118.,1.51));
#2395 = DIRECTION('',(-0.,0.,-1.));
#2396 = DIRECTION('',(-0.,-1.,0.));
#2397 = FACE_BOUND('',#2398,.T.);
#2398 = EDGE_LOOP('',(#2399));
#2399 = ORIENTED_EDGE('',*,*,#2400,.T.);
#2400 = EDGE_CURVE('',#2401,#2401,#2403,.T.);
#2401 = VERTEX_POINT('',#2402);
#2402 = CARTESIAN_POINT('',(14.,-71.6,1.51));
#2403 = CIRCLE('',#2404,1.6);
#2404 = AXIS2_PLACEMENT_3D('',#2405,#2406,#2407);
#2405 = CARTESIAN_POINT('',(14.,-70.,1.51));
#2406 = DIRECTION('',(-0.,0.,-1.));
#2407 = DIRECTION('',(-0.,-1.,0.));
#2408 = FACE_BOUND('',#2409,.T.);
#2409 = EDGE_LOOP('',(#2410));
#2410 = ORIENTED_EDGE('',*,*,#2411,.T.);
#2411 = EDGE_CURVE('',#2412,#2412,#2414,.T.);
#2412 = VERTEX_POINT('',#2413);
#2413 = CARTESIAN_POINT('',(21.7,-25.045,1.51));
#2414 = CIRCLE('',#2415,0.445);
#2415 = AXIS2_PLACEMENT_3D('',#2416,#2417,#2418);
#2416 = CARTESIAN_POINT('',(21.7,-24.6,1.51));
#2417 = DIRECTION('',(-0.,0.,-1.));
#2418 = DIRECTION('',(-0.,-1.,0.));
#2419 = FACE_BOUND('',#2420,.T.);
#2420 = EDGE_LOOP('',(#2421));
#2421 = ORIENTED_EDGE('',*,*,#2422,.T.);
#2422 = EDGE_CURVE('',#2423,#2423,#2425,.T.);
#2423 = VERTEX_POINT('',#2424);
#2424 = CARTESIAN_POINT('',(23.99,-25.045,1.51));
#2425 = CIRCLE('',#2426,0.445);
#2426 = AXIS2_PLACEMENT_3D('',#2427,#2428,#2429);
#2427 = CARTESIAN_POINT('',(23.99,-24.6,1.51));
#2428 = DIRECTION('',(-0.,0.,-1.));
#2429 = DIRECTION('',(-7.983626244496E-15,-1.,0.));
#2430 = FACE_BOUND('',#2431,.T.);
#2431 = EDGE_LOOP('',(#2432));
#2432 = ORIENTED_EDGE('',*,*,#2433,.T.);
#2433 = EDGE_CURVE('',#2434,#2434,#2436,.T.);
#2434 = VERTEX_POINT('',#2435);
#2435 = CARTESIAN_POINT('',(20.43,-19.675,1.51));
#2436 = CIRCLE('',#2437,0.785);
#2437 = AXIS2_PLACEMENT_3D('',#2438,#2439,#2440);
#2438 = CARTESIAN_POINT('',(20.43,-18.89,1.51));
#2439 = DIRECTION('',(-0.,0.,-1.));
#2440 = DIRECTION('',(-0.,-1.,0.));
#2441 = FACE_BOUND('',#2442,.T.);
#2442 = EDGE_LOOP('',(#2443));
#2443 = ORIENTED_EDGE('',*,*,#2444,.T.);
#2444 = EDGE_CURVE('',#2445,#2445,#2447,.T.);
#2445 = VERTEX_POINT('',#2446);
#2446 = CARTESIAN_POINT('',(22.21,-17.085,1.51));
#2447 = CIRCLE('',#2448,1.625);
#2448 = AXIS2_PLACEMENT_3D('',#2449,#2450,#2451);
#2449 = CARTESIAN_POINT('',(22.21,-15.46,1.51));
#2450 = DIRECTION('',(-0.,0.,-1.));
#2451 = DIRECTION('',(-0.,-1.,0.));
#2452 = FACE_BOUND('',#2453,.T.);
#2453 = EDGE_LOOP('',(#2454));
#2454 = ORIENTED_EDGE('',*,*,#2455,.T.);
#2455 = EDGE_CURVE('',#2456,#2456,#2458,.T.);
#2456 = VERTEX_POINT('',#2457);
#2457 = CARTESIAN_POINT('',(26.016,-20.225,1.51));
#2458 = CIRCLE('',#2459,0.445);
#2459 = AXIS2_PLACEMENT_3D('',#2460,#2461,#2462);
#2460 = CARTESIAN_POINT('',(26.016,-19.78,1.51));
#2461 = DIRECTION('',(-0.,0.,-1.));
#2462 = DIRECTION('',(-0.,-1.,0.));
#2463 = FACE_BOUND('',#2464,.T.);
#2464 = EDGE_LOOP('',(#2465));
#2465 = ORIENTED_EDGE('',*,*,#2466,.T.);
#2466 = EDGE_CURVE('',#2467,#2467,#2469,.T.);
#2467 = VERTEX_POINT('',#2468);
#2468 = CARTESIAN_POINT('',(25.,-18.445,1.51));
#2469 = CIRCLE('',#2470,0.445);
#2470 = AXIS2_PLACEMENT_3D('',#2471,#2472,#2473);
#2471 = CARTESIAN_POINT('',(25.,-18.,1.51));
#2472 = DIRECTION('',(-0.,0.,-1.));
#2473 = DIRECTION('',(-0.,-1.,0.));
#2474 = FACE_BOUND('',#2475,.T.);
#2475 = EDGE_LOOP('',(#2476));
#2476 = ORIENTED_EDGE('',*,*,#2477,.T.);
#2477 = EDGE_CURVE('',#2478,#2478,#2480,.T.);
#2478 = VERTEX_POINT('',#2479);
#2479 = CARTESIAN_POINT('',(27.032,-18.445,1.51));
#2480 = CIRCLE('',#2481,0.445);
#2481 = AXIS2_PLACEMENT_3D('',#2482,#2483,#2484);
#2482 = CARTESIAN_POINT('',(27.032,-18.,1.51));
#2483 = DIRECTION('',(-0.,0.,-1.));
#2484 = DIRECTION('',(-0.,-1.,0.));
#2485 = FACE_BOUND('',#2486,.T.);
#2486 = EDGE_LOOP('',(#2487));
#2487 = ORIENTED_EDGE('',*,*,#2488,.T.);
#2488 = EDGE_CURVE('',#2489,#2489,#2491,.T.);
#2489 = VERTEX_POINT('',#2490);
#2490 = CARTESIAN_POINT('',(28.048,-20.225,1.51));
#2491 = CIRCLE('',#2492,0.445);
#2492 = AXIS2_PLACEMENT_3D('',#2493,#2494,#2495);
#2493 = CARTESIAN_POINT('',(28.048,-19.78,1.51));
#2494 = DIRECTION('',(-0.,0.,-1.));
#2495 = DIRECTION('',(-7.983626244496E-15,-1.,0.));
#2496 = FACE_BOUND('',#2497,.T.);
#2497 = EDGE_LOOP('',(#2498));
#2498 = ORIENTED_EDGE('',*,*,#2499,.T.);
#2499 = EDGE_CURVE('',#2500,#2500,#2502,.T.);
#2500 = VERTEX_POINT('',#2501);
#2501 = CARTESIAN_POINT('',(30.08,-20.225,1.51));
#2502 = CIRCLE('',#2503,0.445);
#2503 = AXIS2_PLACEMENT_3D('',#2504,#2505,#2506);
#2504 = CARTESIAN_POINT('',(30.08,-19.78,1.51));
#2505 = DIRECTION('',(-0.,0.,-1.));
#2506 = DIRECTION('',(-0.,-1.,0.));
#2507 = FACE_BOUND('',#2508,.T.);
#2508 = EDGE_LOOP('',(#2509));
#2509 = ORIENTED_EDGE('',*,*,#2510,.T.);
#2510 = EDGE_CURVE('',#2511,#2511,#2513,.T.);
#2511 = VERTEX_POINT('',#2512);
#2512 = CARTESIAN_POINT('',(32.112,-20.225,1.51));
#2513 = CIRCLE('',#2514,0.445);
#2514 = AXIS2_PLACEMENT_3D('',#2515,#2516,#2517);
#2515 = CARTESIAN_POINT('',(32.112,-19.78,1.51));
#2516 = DIRECTION('',(-0.,0.,-1.));
#2517 = DIRECTION('',(-0.,-1.,0.));
#2518 = FACE_BOUND('',#2519,.T.);
#2519 = EDGE_LOOP('',(#2520));
#2520 = ORIENTED_EDGE('',*,*,#2521,.T.);
#2521 = EDGE_CURVE('',#2522,#2522,#2524,.T.);
#2522 = VERTEX_POINT('',#2523);
#2523 = CARTESIAN_POINT('',(29.064,-18.445,1.51));
#2524 = CIRCLE('',#2525,0.445);
#2525 = AXIS2_PLACEMENT_3D('',#2526,#2527,#2528);
#2526 = CARTESIAN_POINT('',(29.064,-18.,1.51));
#2527 = DIRECTION('',(-0.,0.,-1.));
#2528 = DIRECTION('',(-0.,-1.,0.));
#2529 = FACE_BOUND('',#2530,.T.);
#2530 = EDGE_LOOP('',(#2531));
#2531 = ORIENTED_EDGE('',*,*,#2532,.T.);
#2532 = EDGE_CURVE('',#2533,#2533,#2535,.T.);
#2533 = VERTEX_POINT('',#2534);
#2534 = CARTESIAN_POINT('',(31.096,-18.445,1.51));
#2535 = CIRCLE('',#2536,0.445);
#2536 = AXIS2_PLACEMENT_3D('',#2537,#2538,#2539);
#2537 = CARTESIAN_POINT('',(31.096,-18.,1.51));
#2538 = DIRECTION('',(-0.,0.,-1.));
#2539 = DIRECTION('',(-0.,-1.,0.));
#2540 = FACE_BOUND('',#2541,.T.);
#2541 = EDGE_LOOP('',(#2542));
#2542 = ORIENTED_EDGE('',*,*,#2543,.T.);
#2543 = EDGE_CURVE('',#2544,#2544,#2546,.T.);
#2544 = VERTEX_POINT('',#2545);
#2545 = CARTESIAN_POINT('',(33.13,-25.045,1.51));
#2546 = CIRCLE('',#2547,0.445);
#2547 = AXIS2_PLACEMENT_3D('',#2548,#2549,#2550);
#2548 = CARTESIAN_POINT('',(33.13,-24.6,1.51));
#2549 = DIRECTION('',(-0.,0.,-1.));
#2550 = DIRECTION('',(-0.,-1.,0.));
#2551 = FACE_BOUND('',#2552,.T.);
#2552 = EDGE_LOOP('',(#2553));
#2553 = ORIENTED_EDGE('',*,*,#2554,.T.);
#2554 = EDGE_CURVE('',#2555,#2555,#2557,.T.);
#2555 = VERTEX_POINT('',#2556);
#2556 = CARTESIAN_POINT('',(35.42,-25.045,1.51));
#2557 = CIRCLE('',#2558,0.445);
#2558 = AXIS2_PLACEMENT_3D('',#2559,#2560,#2561);
#2559 = CARTESIAN_POINT('',(35.42,-24.6,1.51));
#2560 = DIRECTION('',(-0.,0.,-1.));
#2561 = DIRECTION('',(-0.,-1.,0.));
#2562 = FACE_BOUND('',#2563,.T.);
#2563 = EDGE_LOOP('',(#2564));
#2564 = ORIENTED_EDGE('',*,*,#2565,.T.);
#2565 = EDGE_CURVE('',#2566,#2566,#2568,.T.);
#2566 = VERTEX_POINT('',#2567);
#2567 = CARTESIAN_POINT('',(41.7,-25.045,1.51));
#2568 = CIRCLE('',#2569,0.445);
#2569 = AXIS2_PLACEMENT_3D('',#2570,#2571,#2572);
#2570 = CARTESIAN_POINT('',(41.7,-24.6,1.51));
#2571 = DIRECTION('',(-0.,0.,-1.));
#2572 = DIRECTION('',(-0.,-1.,0.));
#2573 = FACE_BOUND('',#2574,.T.);
#2574 = EDGE_LOOP('',(#2575));
#2575 = ORIENTED_EDGE('',*,*,#2576,.T.);
#2576 = EDGE_CURVE('',#2577,#2577,#2579,.T.);
#2577 = VERTEX_POINT('',#2578);
#2578 = CARTESIAN_POINT('',(43.99,-25.045,1.51));
#2579 = CIRCLE('',#2580,0.445);
#2580 = AXIS2_PLACEMENT_3D('',#2581,#2582,#2583);
#2581 = CARTESIAN_POINT('',(43.99,-24.6,1.51));
#2582 = DIRECTION('',(-0.,0.,-1.));
#2583 = DIRECTION('',(-0.,-1.,0.));
#2584 = FACE_BOUND('',#2585,.T.);
#2585 = EDGE_LOOP('',(#2586));
#2586 = ORIENTED_EDGE('',*,*,#2587,.T.);
#2587 = EDGE_CURVE('',#2588,#2588,#2590,.T.);
#2588 = VERTEX_POINT('',#2589);
#2589 = CARTESIAN_POINT('',(53.13,-25.045,1.51));
#2590 = CIRCLE('',#2591,0.445);
#2591 = AXIS2_PLACEMENT_3D('',#2592,#2593,#2594);
#2592 = CARTESIAN_POINT('',(53.13,-24.6,1.51));
#2593 = DIRECTION('',(-0.,0.,-1.));
#2594 = DIRECTION('',(-0.,-1.,0.));
#2595 = FACE_BOUND('',#2596,.T.);
#2596 = EDGE_LOOP('',(#2597));
#2597 = ORIENTED_EDGE('',*,*,#2598,.T.);
#2598 = EDGE_CURVE('',#2599,#2599,#2601,.T.);
#2599 = VERTEX_POINT('',#2600);
#2600 = CARTESIAN_POINT('',(36.69,-19.675,1.51));
#2601 = CIRCLE('',#2602,0.785);
#2602 = AXIS2_PLACEMENT_3D('',#2603,#2604,#2605);
#2603 = CARTESIAN_POINT('',(36.69,-18.89,1.51));
#2604 = DIRECTION('',(-0.,0.,-1.));
#2605 = DIRECTION('',(-0.,-1.,0.));
#2606 = FACE_BOUND('',#2607,.T.);
#2607 = EDGE_LOOP('',(#2608));
#2608 = ORIENTED_EDGE('',*,*,#2609,.T.);
#2609 = EDGE_CURVE('',#2610,#2610,#2612,.T.);
#2610 = VERTEX_POINT('',#2611);
#2611 = CARTESIAN_POINT('',(40.43,-19.675,1.51));
#2612 = CIRCLE('',#2613,0.785);
#2613 = AXIS2_PLACEMENT_3D('',#2614,#2615,#2616);
#2614 = CARTESIAN_POINT('',(40.43,-18.89,1.51));
#2615 = DIRECTION('',(-0.,0.,-1.));
#2616 = DIRECTION('',(-9.0514998186E-15,-1.,0.));
#2617 = FACE_BOUND('',#2618,.T.);
#2618 = EDGE_LOOP('',(#2619));
#2619 = ORIENTED_EDGE('',*,*,#2620,.T.);
#2620 = EDGE_CURVE('',#2621,#2621,#2623,.T.);
#2621 = VERTEX_POINT('',#2622);
#2622 = CARTESIAN_POINT('',(34.91,-17.085,1.51));
#2623 = CIRCLE('',#2624,1.625);
#2624 = AXIS2_PLACEMENT_3D('',#2625,#2626,#2627);
#2625 = CARTESIAN_POINT('',(34.91,-15.46,1.51));
#2626 = DIRECTION('',(-0.,0.,-1.));
#2627 = DIRECTION('',(-0.,-1.,0.));
#2628 = FACE_BOUND('',#2629,.T.);
#2629 = EDGE_LOOP('',(#2630));
#2630 = ORIENTED_EDGE('',*,*,#2631,.T.);
#2631 = EDGE_CURVE('',#2632,#2632,#2634,.T.);
#2632 = VERTEX_POINT('',#2633);
#2633 = CARTESIAN_POINT('',(42.21,-17.085,1.51));
#2634 = CIRCLE('',#2635,1.625);
#2635 = AXIS2_PLACEMENT_3D('',#2636,#2637,#2638);
#2636 = CARTESIAN_POINT('',(42.21,-15.46,1.51));
#2637 = DIRECTION('',(-0.,0.,-1.));
#2638 = DIRECTION('',(-0.,-1.,0.));
#2639 = FACE_BOUND('',#2640,.T.);
#2640 = EDGE_LOOP('',(#2641));
#2641 = ORIENTED_EDGE('',*,*,#2642,.T.);
#2642 = EDGE_CURVE('',#2643,#2643,#2645,.T.);
#2643 = VERTEX_POINT('',#2644);
#2644 = CARTESIAN_POINT('',(46.016,-20.225,1.51));
#2645 = CIRCLE('',#2646,0.445);
#2646 = AXIS2_PLACEMENT_3D('',#2647,#2648,#2649);
#2647 = CARTESIAN_POINT('',(46.016,-19.78,1.51));
#2648 = DIRECTION('',(-0.,0.,-1.));
#2649 = DIRECTION('',(-0.,-1.,0.));
#2650 = FACE_BOUND('',#2651,.T.);
#2651 = EDGE_LOOP('',(#2652));
#2652 = ORIENTED_EDGE('',*,*,#2653,.T.);
#2653 = EDGE_CURVE('',#2654,#2654,#2656,.T.);
#2654 = VERTEX_POINT('',#2655);
#2655 = CARTESIAN_POINT('',(48.048,-20.225,1.51));
#2656 = CIRCLE('',#2657,0.445);
#2657 = AXIS2_PLACEMENT_3D('',#2658,#2659,#2660);
#2658 = CARTESIAN_POINT('',(48.048,-19.78,1.51));
#2659 = DIRECTION('',(-0.,0.,-1.));
#2660 = DIRECTION('',(-0.,-1.,0.));
#2661 = FACE_BOUND('',#2662,.T.);
#2662 = EDGE_LOOP('',(#2663));
#2663 = ORIENTED_EDGE('',*,*,#2664,.T.);
#2664 = EDGE_CURVE('',#2665,#2665,#2667,.T.);
#2665 = VERTEX_POINT('',#2666);
#2666 = CARTESIAN_POINT('',(45.,-18.445,1.51));
#2667 = CIRCLE('',#2668,0.445);
#2668 = AXIS2_PLACEMENT_3D('',#2669,#2670,#2671);
#2669 = CARTESIAN_POINT('',(45.,-18.,1.51));
#2670 = DIRECTION('',(-0.,0.,-1.));
#2671 = DIRECTION('',(-0.,-1.,0.));
#2672 = FACE_BOUND('',#2673,.T.);
#2673 = EDGE_LOOP('',(#2674));
#2674 = ORIENTED_EDGE('',*,*,#2675,.T.);
#2675 = EDGE_CURVE('',#2676,#2676,#2678,.T.);
#2676 = VERTEX_POINT('',#2677);
#2677 = CARTESIAN_POINT('',(47.032,-18.445,1.51));
#2678 = CIRCLE('',#2679,0.445);
#2679 = AXIS2_PLACEMENT_3D('',#2680,#2681,#2682);
#2680 = CARTESIAN_POINT('',(47.032,-18.,1.51));
#2681 = DIRECTION('',(-0.,0.,-1.));
#2682 = DIRECTION('',(-0.,-1.,0.));
#2683 = FACE_BOUND('',#2684,.T.);
#2684 = EDGE_LOOP('',(#2685));
#2685 = ORIENTED_EDGE('',*,*,#2686,.T.);
#2686 = EDGE_CURVE('',#2687,#2687,#2689,.T.);
#2687 = VERTEX_POINT('',#2688);
#2688 = CARTESIAN_POINT('',(50.08,-20.225,1.51));
#2689 = CIRCLE('',#2690,0.445);
#2690 = AXIS2_PLACEMENT_3D('',#2691,#2692,#2693);
#2691 = CARTESIAN_POINT('',(50.08,-19.78,1.51));
#2692 = DIRECTION('',(-0.,0.,-1.));
#2693 = DIRECTION('',(-0.,-1.,0.));
#2694 = FACE_BOUND('',#2695,.T.);
#2695 = EDGE_LOOP('',(#2696));
#2696 = ORIENTED_EDGE('',*,*,#2697,.T.);
#2697 = EDGE_CURVE('',#2698,#2698,#2700,.T.);
#2698 = VERTEX_POINT('',#2699);
#2699 = CARTESIAN_POINT('',(52.112,-20.225,1.51));
#2700 = CIRCLE('',#2701,0.445);
#2701 = AXIS2_PLACEMENT_3D('',#2702,#2703,#2704);
#2702 = CARTESIAN_POINT('',(52.112,-19.78,1.51));
#2703 = DIRECTION('',(-0.,0.,-1.));
#2704 = DIRECTION('',(-0.,-1.,0.));
#2705 = FACE_BOUND('',#2706,.T.);
#2706 = EDGE_LOOP('',(#2707));
#2707 = ORIENTED_EDGE('',*,*,#2708,.T.);
#2708 = EDGE_CURVE('',#2709,#2709,#2711,.T.);
#2709 = VERTEX_POINT('',#2710);
#2710 = CARTESIAN_POINT('',(49.064,-18.445,1.51));
#2711 = CIRCLE('',#2712,0.445);
#2712 = AXIS2_PLACEMENT_3D('',#2713,#2714,#2715);
#2713 = CARTESIAN_POINT('',(49.064,-18.,1.51));
#2714 = DIRECTION('',(-0.,0.,-1.));
#2715 = DIRECTION('',(-0.,-1.,0.));
#2716 = FACE_BOUND('',#2717,.T.);
#2717 = EDGE_LOOP('',(#2718));
#2718 = ORIENTED_EDGE('',*,*,#2719,.T.);
#2719 = EDGE_CURVE('',#2720,#2720,#2722,.T.);
#2720 = VERTEX_POINT('',#2721);
#2721 = CARTESIAN_POINT('',(51.096,-18.445,1.51));
#2722 = CIRCLE('',#2723,0.445);
#2723 = AXIS2_PLACEMENT_3D('',#2724,#2725,#2726);
#2724 = CARTESIAN_POINT('',(51.096,-18.,1.51));
#2725 = DIRECTION('',(-0.,0.,-1.));
#2726 = DIRECTION('',(-1.596725248899E-14,-1.,0.));
#2727 = FACE_BOUND('',#2728,.T.);
#2728 = EDGE_LOOP('',(#2729));
#2729 = ORIENTED_EDGE('',*,*,#2730,.T.);
#2730 = EDGE_CURVE('',#2731,#2731,#2733,.T.);
#2731 = VERTEX_POINT('',#2732);
#2732 = CARTESIAN_POINT('',(55.42,-25.045,1.51));
#2733 = CIRCLE('',#2734,0.445);
#2734 = AXIS2_PLACEMENT_3D('',#2735,#2736,#2737);
#2735 = CARTESIAN_POINT('',(55.42,-24.6,1.51));
#2736 = DIRECTION('',(-0.,0.,-1.));
#2737 = DIRECTION('',(-0.,-1.,0.));
#2738 = FACE_BOUND('',#2739,.T.);
#2739 = EDGE_LOOP('',(#2740));
#2740 = ORIENTED_EDGE('',*,*,#2741,.T.);
#2741 = EDGE_CURVE('',#2742,#2742,#2744,.T.);
#2742 = VERTEX_POINT('',#2743);
#2743 = CARTESIAN_POINT('',(61.7,-25.045,1.51));
#2744 = CIRCLE('',#2745,0.445);
#2745 = AXIS2_PLACEMENT_3D('',#2746,#2747,#2748);
#2746 = CARTESIAN_POINT('',(61.7,-24.6,1.51));
#2747 = DIRECTION('',(-0.,0.,-1.));
#2748 = DIRECTION('',(-0.,-1.,0.));
#2749 = FACE_BOUND('',#2750,.T.);
#2750 = EDGE_LOOP('',(#2751));
#2751 = ORIENTED_EDGE('',*,*,#2752,.T.);
#2752 = EDGE_CURVE('',#2753,#2753,#2755,.T.);
#2753 = VERTEX_POINT('',#2754);
#2754 = CARTESIAN_POINT('',(63.99,-25.045,1.51));
#2755 = CIRCLE('',#2756,0.445);
#2756 = AXIS2_PLACEMENT_3D('',#2757,#2758,#2759);
#2757 = CARTESIAN_POINT('',(63.99,-24.6,1.51));
#2758 = DIRECTION('',(-0.,0.,-1.));
#2759 = DIRECTION('',(-0.,-1.,0.));
#2760 = FACE_BOUND('',#2761,.T.);
#2761 = EDGE_LOOP('',(#2762));
#2762 = ORIENTED_EDGE('',*,*,#2763,.T.);
#2763 = EDGE_CURVE('',#2764,#2764,#2766,.T.);
#2764 = VERTEX_POINT('',#2765);
#2765 = CARTESIAN_POINT('',(73.13,-25.045,1.51));
#2766 = CIRCLE('',#2767,0.445);
#2767 = AXIS2_PLACEMENT_3D('',#2768,#2769,#2770);
#2768 = CARTESIAN_POINT('',(73.13,-24.6,1.51));
#2769 = DIRECTION('',(-0.,0.,-1.));
#2770 = DIRECTION('',(-0.,-1.,0.));
#2771 = FACE_BOUND('',#2772,.T.);
#2772 = EDGE_LOOP('',(#2773));
#2773 = ORIENTED_EDGE('',*,*,#2774,.T.);
#2774 = EDGE_CURVE('',#2775,#2775,#2777,.T.);
#2775 = VERTEX_POINT('',#2776);
#2776 = CARTESIAN_POINT('',(56.69,-19.675,1.51));
#2777 = CIRCLE('',#2778,0.785);
#2778 = AXIS2_PLACEMENT_3D('',#2779,#2780,#2781);
#2779 = CARTESIAN_POINT('',(56.69,-18.89,1.51));
#2780 = DIRECTION('',(-0.,0.,-1.));
#2781 = DIRECTION('',(-0.,-1.,0.));
#2782 = FACE_BOUND('',#2783,.T.);
#2783 = EDGE_LOOP('',(#2784));
#2784 = ORIENTED_EDGE('',*,*,#2785,.T.);
#2785 = EDGE_CURVE('',#2786,#2786,#2788,.T.);
#2786 = VERTEX_POINT('',#2787);
#2787 = CARTESIAN_POINT('',(60.43,-19.675,1.51));
#2788 = CIRCLE('',#2789,0.785);
#2789 = AXIS2_PLACEMENT_3D('',#2790,#2791,#2792);
#2790 = CARTESIAN_POINT('',(60.43,-18.89,1.51));
#2791 = DIRECTION('',(-0.,0.,-1.));
#2792 = DIRECTION('',(-9.0514998186E-15,-1.,0.));
#2793 = FACE_BOUND('',#2794,.T.);
#2794 = EDGE_LOOP('',(#2795));
#2795 = ORIENTED_EDGE('',*,*,#2796,.T.);
#2796 = EDGE_CURVE('',#2797,#2797,#2799,.T.);
#2797 = VERTEX_POINT('',#2798);
#2798 = CARTESIAN_POINT('',(54.91,-17.085,1.51));
#2799 = CIRCLE('',#2800,1.625);
#2800 = AXIS2_PLACEMENT_3D('',#2801,#2802,#2803);
#2801 = CARTESIAN_POINT('',(54.91,-15.46,1.51));
#2802 = DIRECTION('',(-0.,0.,-1.));
#2803 = DIRECTION('',(-0.,-1.,0.));
#2804 = FACE_BOUND('',#2805,.T.);
#2805 = EDGE_LOOP('',(#2806));
#2806 = ORIENTED_EDGE('',*,*,#2807,.T.);
#2807 = EDGE_CURVE('',#2808,#2808,#2810,.T.);
#2808 = VERTEX_POINT('',#2809);
#2809 = CARTESIAN_POINT('',(62.21,-17.085,1.51));
#2810 = CIRCLE('',#2811,1.625);
#2811 = AXIS2_PLACEMENT_3D('',#2812,#2813,#2814);
#2812 = CARTESIAN_POINT('',(62.21,-15.46,1.51));
#2813 = DIRECTION('',(-0.,0.,-1.));
#2814 = DIRECTION('',(-0.,-1.,0.));
#2815 = FACE_BOUND('',#2816,.T.);
#2816 = EDGE_LOOP('',(#2817));
#2817 = ORIENTED_EDGE('',*,*,#2818,.T.);
#2818 = EDGE_CURVE('',#2819,#2819,#2821,.T.);
#2819 = VERTEX_POINT('',#2820);
#2820 = CARTESIAN_POINT('',(66.016,-20.225,1.51));
#2821 = CIRCLE('',#2822,0.445);
#2822 = AXIS2_PLACEMENT_3D('',#2823,#2824,#2825);
#2823 = CARTESIAN_POINT('',(66.016,-19.78,1.51));
#2824 = DIRECTION('',(-0.,0.,-1.));
#2825 = DIRECTION('',(3.193450497798E-14,-1.,-0.));
#2826 = FACE_BOUND('',#2827,.T.);
#2827 = EDGE_LOOP('',(#2828));
#2828 = ORIENTED_EDGE('',*,*,#2829,.T.);
#2829 = EDGE_CURVE('',#2830,#2830,#2832,.T.);
#2830 = VERTEX_POINT('',#2831);
#2831 = CARTESIAN_POINT('',(68.048,-20.225,1.51));
#2832 = CIRCLE('',#2833,0.445);
#2833 = AXIS2_PLACEMENT_3D('',#2834,#2835,#2836);
#2834 = CARTESIAN_POINT('',(68.048,-19.78,1.51));
#2835 = DIRECTION('',(-0.,0.,-1.));
#2836 = DIRECTION('',(-0.,-1.,0.));
#2837 = FACE_BOUND('',#2838,.T.);
#2838 = EDGE_LOOP('',(#2839));
#2839 = ORIENTED_EDGE('',*,*,#2840,.T.);
#2840 = EDGE_CURVE('',#2841,#2841,#2843,.T.);
#2841 = VERTEX_POINT('',#2842);
#2842 = CARTESIAN_POINT('',(65.,-18.445,1.51));
#2843 = CIRCLE('',#2844,0.445);
#2844 = AXIS2_PLACEMENT_3D('',#2845,#2846,#2847);
#2845 = CARTESIAN_POINT('',(65.,-18.,1.51));
#2846 = DIRECTION('',(-0.,0.,-1.));
#2847 = DIRECTION('',(-0.,-1.,0.));
#2848 = FACE_BOUND('',#2849,.T.);
#2849 = EDGE_LOOP('',(#2850));
#2850 = ORIENTED_EDGE('',*,*,#2851,.T.);
#2851 = EDGE_CURVE('',#2852,#2852,#2854,.T.);
#2852 = VERTEX_POINT('',#2853);
#2853 = CARTESIAN_POINT('',(67.032,-18.445,1.51));
#2854 = CIRCLE('',#2855,0.445);
#2855 = AXIS2_PLACEMENT_3D('',#2856,#2857,#2858);
#2856 = CARTESIAN_POINT('',(67.032,-18.,1.51));
#2857 = DIRECTION('',(-0.,0.,-1.));
#2858 = DIRECTION('',(-3.193450497798E-14,-1.,0.));
#2859 = FACE_BOUND('',#2860,.T.);
#2860 = EDGE_LOOP('',(#2861));
#2861 = ORIENTED_EDGE('',*,*,#2862,.T.);
#2862 = EDGE_CURVE('',#2863,#2863,#2865,.T.);
#2863 = VERTEX_POINT('',#2864);
#2864 = CARTESIAN_POINT('',(69.064,-18.445,1.51));
#2865 = CIRCLE('',#2866,0.445);
#2866 = AXIS2_PLACEMENT_3D('',#2867,#2868,#2869);
#2867 = CARTESIAN_POINT('',(69.064,-18.,1.51));
#2868 = DIRECTION('',(-0.,0.,-1.));
#2869 = DIRECTION('',(-0.,-1.,0.));
#2870 = FACE_BOUND('',#2871,.T.);
#2871 = EDGE_LOOP('',(#2872));
#2872 = ORIENTED_EDGE('',*,*,#2873,.T.);
#2873 = EDGE_CURVE('',#2874,#2874,#2876,.T.);
#2874 = VERTEX_POINT('',#2875);
#2875 = CARTESIAN_POINT('',(70.08,-20.225,1.51));
#2876 = CIRCLE('',#2877,0.445);
#2877 = AXIS2_PLACEMENT_3D('',#2878,#2879,#2880);
#2878 = CARTESIAN_POINT('',(70.08,-19.78,1.51));
#2879 = DIRECTION('',(-0.,0.,-1.));
#2880 = DIRECTION('',(-3.193450497798E-14,-1.,0.));
#2881 = FACE_BOUND('',#2882,.T.);
#2882 = EDGE_LOOP('',(#2883));
#2883 = ORIENTED_EDGE('',*,*,#2884,.T.);
#2884 = EDGE_CURVE('',#2885,#2885,#2887,.T.);
#2885 = VERTEX_POINT('',#2886);
#2886 = CARTESIAN_POINT('',(72.112,-20.225,1.51));
#2887 = CIRCLE('',#2888,0.445);
#2888 = AXIS2_PLACEMENT_3D('',#2889,#2890,#2891);
#2889 = CARTESIAN_POINT('',(72.112,-19.78,1.51));
#2890 = DIRECTION('',(-0.,0.,-1.));
#2891 = DIRECTION('',(-0.,-1.,0.));
#2892 = FACE_BOUND('',#2893,.T.);
#2893 = EDGE_LOOP('',(#2894));
#2894 = ORIENTED_EDGE('',*,*,#2895,.T.);
#2895 = EDGE_CURVE('',#2896,#2896,#2898,.T.);
#2896 = VERTEX_POINT('',#2897);
#2897 = CARTESIAN_POINT('',(71.096,-18.445,1.51));
#2898 = CIRCLE('',#2899,0.445);
#2899 = AXIS2_PLACEMENT_3D('',#2900,#2901,#2902);
#2900 = CARTESIAN_POINT('',(71.096,-18.,1.51));
#2901 = DIRECTION('',(-0.,0.,-1.));
#2902 = DIRECTION('',(-0.,-1.,0.));
#2903 = FACE_BOUND('',#2904,.T.);
#2904 = EDGE_LOOP('',(#2905));
#2905 = ORIENTED_EDGE('',*,*,#2906,.T.);
#2906 = EDGE_CURVE('',#2907,#2907,#2909,.T.);
#2907 = VERTEX_POINT('',#2908);
#2908 = CARTESIAN_POINT('',(75.42,-25.045,1.51));
#2909 = CIRCLE('',#2910,0.445);
#2910 = AXIS2_PLACEMENT_3D('',#2911,#2912,#2913);
#2911 = CARTESIAN_POINT('',(75.42,-24.6,1.51));
#2912 = DIRECTION('',(-0.,0.,-1.));
#2913 = DIRECTION('',(3.193450497798E-14,-1.,-0.));
#2914 = FACE_BOUND('',#2915,.T.);
#2915 = EDGE_LOOP('',(#2916));
#2916 = ORIENTED_EDGE('',*,*,#2917,.T.);
#2917 = EDGE_CURVE('',#2918,#2918,#2920,.T.);
#2918 = VERTEX_POINT('',#2919);
#2919 = CARTESIAN_POINT('',(81.7,-25.045,1.51));
#2920 = CIRCLE('',#2921,0.445);
#2921 = AXIS2_PLACEMENT_3D('',#2922,#2923,#2924);
#2922 = CARTESIAN_POINT('',(81.7,-24.6,1.51));
#2923 = DIRECTION('',(-0.,0.,-1.));
#2924 = DIRECTION('',(3.193450497798E-14,-1.,-0.));
#2925 = FACE_BOUND('',#2926,.T.);
#2926 = EDGE_LOOP('',(#2927));
#2927 = ORIENTED_EDGE('',*,*,#2928,.T.);
#2928 = EDGE_CURVE('',#2929,#2929,#2931,.T.);
#2929 = VERTEX_POINT('',#2930);
#2930 = CARTESIAN_POINT('',(83.99,-25.045,1.51));
#2931 = CIRCLE('',#2932,0.445);
#2932 = AXIS2_PLACEMENT_3D('',#2933,#2934,#2935);
#2933 = CARTESIAN_POINT('',(83.99,-24.6,1.51));
#2934 = DIRECTION('',(-0.,0.,-1.));
#2935 = DIRECTION('',(-3.193450497798E-14,-1.,0.));
#2936 = FACE_BOUND('',#2937,.T.);
#2937 = EDGE_LOOP('',(#2938));
#2938 = ORIENTED_EDGE('',*,*,#2939,.T.);
#2939 = EDGE_CURVE('',#2940,#2940,#2942,.T.);
#2940 = VERTEX_POINT('',#2941);
#2941 = CARTESIAN_POINT('',(93.13,-25.045,1.51));
#2942 = CIRCLE('',#2943,0.445);
#2943 = AXIS2_PLACEMENT_3D('',#2944,#2945,#2946);
#2944 = CARTESIAN_POINT('',(93.13,-24.6,1.51));
#2945 = DIRECTION('',(-0.,0.,-1.));
#2946 = DIRECTION('',(-0.,-1.,0.));
#2947 = FACE_BOUND('',#2948,.T.);
#2948 = EDGE_LOOP('',(#2949));
#2949 = ORIENTED_EDGE('',*,*,#2950,.T.);
#2950 = EDGE_CURVE('',#2951,#2951,#2953,.T.);
#2951 = VERTEX_POINT('',#2952);
#2952 = CARTESIAN_POINT('',(76.69,-19.675,1.51));
#2953 = CIRCLE('',#2954,0.785);
#2954 = AXIS2_PLACEMENT_3D('',#2955,#2956,#2957);
#2955 = CARTESIAN_POINT('',(76.69,-18.89,1.51));
#2956 = DIRECTION('',(-0.,0.,-1.));
#2957 = DIRECTION('',(-0.,-1.,0.));
#2958 = FACE_BOUND('',#2959,.T.);
#2959 = EDGE_LOOP('',(#2960));
#2960 = ORIENTED_EDGE('',*,*,#2961,.T.);
#2961 = EDGE_CURVE('',#2962,#2962,#2964,.T.);
#2962 = VERTEX_POINT('',#2963);
#2963 = CARTESIAN_POINT('',(80.43,-19.675,1.51));
#2964 = CIRCLE('',#2965,0.785);
#2965 = AXIS2_PLACEMENT_3D('',#2966,#2967,#2968);
#2966 = CARTESIAN_POINT('',(80.43,-18.89,1.51));
#2967 = DIRECTION('',(-0.,0.,-1.));
#2968 = DIRECTION('',(-0.,-1.,0.));
#2969 = FACE_BOUND('',#2970,.T.);
#2970 = EDGE_LOOP('',(#2971));
#2971 = ORIENTED_EDGE('',*,*,#2972,.T.);
#2972 = EDGE_CURVE('',#2973,#2973,#2975,.T.);
#2973 = VERTEX_POINT('',#2974);
#2974 = CARTESIAN_POINT('',(74.91,-17.085,1.51));
#2975 = CIRCLE('',#2976,1.625);
#2976 = AXIS2_PLACEMENT_3D('',#2977,#2978,#2979);
#2977 = CARTESIAN_POINT('',(74.91,-15.46,1.51));
#2978 = DIRECTION('',(-0.,0.,-1.));
#2979 = DIRECTION('',(-0.,-1.,0.));
#2980 = FACE_BOUND('',#2981,.T.);
#2981 = EDGE_LOOP('',(#2982));
#2982 = ORIENTED_EDGE('',*,*,#2983,.T.);
#2983 = EDGE_CURVE('',#2984,#2984,#2986,.T.);
#2984 = VERTEX_POINT('',#2985);
#2985 = CARTESIAN_POINT('',(82.21,-17.085,1.51));
#2986 = CIRCLE('',#2987,1.625);
#2987 = AXIS2_PLACEMENT_3D('',#2988,#2989,#2990);
#2988 = CARTESIAN_POINT('',(82.21,-15.46,1.51));
#2989 = DIRECTION('',(-0.,0.,-1.));
#2990 = DIRECTION('',(-0.,-1.,0.));
#2991 = FACE_BOUND('',#2992,.T.);
#2992 = EDGE_LOOP('',(#2993));
#2993 = ORIENTED_EDGE('',*,*,#2994,.T.);
#2994 = EDGE_CURVE('',#2995,#2995,#2997,.T.);
#2995 = VERTEX_POINT('',#2996);
#2996 = CARTESIAN_POINT('',(86.016,-20.225,1.51));
#2997 = CIRCLE('',#2998,0.445);
#2998 = AXIS2_PLACEMENT_3D('',#2999,#3000,#3001);
#2999 = CARTESIAN_POINT('',(86.016,-19.78,1.51));
#3000 = DIRECTION('',(-0.,0.,-1.));
#3001 = DIRECTION('',(3.193450497798E-14,-1.,-0.));
#3002 = FACE_BOUND('',#3003,.T.);
#3003 = EDGE_LOOP('',(#3004));
#3004 = ORIENTED_EDGE('',*,*,#3005,.T.);
#3005 = EDGE_CURVE('',#3006,#3006,#3008,.T.);
#3006 = VERTEX_POINT('',#3007);
#3007 = CARTESIAN_POINT('',(88.048,-20.225,1.51));
#3008 = CIRCLE('',#3009,0.445);
#3009 = AXIS2_PLACEMENT_3D('',#3010,#3011,#3012);
#3010 = CARTESIAN_POINT('',(88.048,-19.78,1.51));
#3011 = DIRECTION('',(-0.,0.,-1.));
#3012 = DIRECTION('',(-0.,-1.,0.));
#3013 = FACE_BOUND('',#3014,.T.);
#3014 = EDGE_LOOP('',(#3015));
#3015 = ORIENTED_EDGE('',*,*,#3016,.T.);
#3016 = EDGE_CURVE('',#3017,#3017,#3019,.T.);
#3017 = VERTEX_POINT('',#3018);
#3018 = CARTESIAN_POINT('',(85.,-18.445,1.51));
#3019 = CIRCLE('',#3020,0.445);
#3020 = AXIS2_PLACEMENT_3D('',#3021,#3022,#3023);
#3021 = CARTESIAN_POINT('',(85.,-18.,1.51));
#3022 = DIRECTION('',(-0.,0.,-1.));
#3023 = DIRECTION('',(-0.,-1.,0.));
#3024 = FACE_BOUND('',#3025,.T.);
#3025 = EDGE_LOOP('',(#3026));
#3026 = ORIENTED_EDGE('',*,*,#3027,.T.);
#3027 = EDGE_CURVE('',#3028,#3028,#3030,.T.);
#3028 = VERTEX_POINT('',#3029);
#3029 = CARTESIAN_POINT('',(87.032,-18.445,1.51));
#3030 = CIRCLE('',#3031,0.445);
#3031 = AXIS2_PLACEMENT_3D('',#3032,#3033,#3034);
#3032 = CARTESIAN_POINT('',(87.032,-18.,1.51));
#3033 = DIRECTION('',(-0.,0.,-1.));
#3034 = DIRECTION('',(-3.193450497798E-14,-1.,0.));
#3035 = FACE_BOUND('',#3036,.T.);
#3036 = EDGE_LOOP('',(#3037));
#3037 = ORIENTED_EDGE('',*,*,#3038,.T.);
#3038 = EDGE_CURVE('',#3039,#3039,#3041,.T.);
#3039 = VERTEX_POINT('',#3040);
#3040 = CARTESIAN_POINT('',(89.064,-18.445,1.51));
#3041 = CIRCLE('',#3042,0.445);
#3042 = AXIS2_PLACEMENT_3D('',#3043,#3044,#3045);
#3043 = CARTESIAN_POINT('',(89.064,-18.,1.51));
#3044 = DIRECTION('',(-0.,0.,-1.));
#3045 = DIRECTION('',(-0.,-1.,0.));
#3046 = FACE_BOUND('',#3047,.T.);
#3047 = EDGE_LOOP('',(#3048));
#3048 = ORIENTED_EDGE('',*,*,#3049,.T.);
#3049 = EDGE_CURVE('',#3050,#3050,#3052,.T.);
#3050 = VERTEX_POINT('',#3051);
#3051 = CARTESIAN_POINT('',(90.08,-20.225,1.51));
#3052 = CIRCLE('',#3053,0.445);
#3053 = AXIS2_PLACEMENT_3D('',#3054,#3055,#3056);
#3054 = CARTESIAN_POINT('',(90.08,-19.78,1.51));
#3055 = DIRECTION('',(-0.,0.,-1.));
#3056 = DIRECTION('',(-3.193450497798E-14,-1.,0.));
#3057 = FACE_BOUND('',#3058,.T.);
#3058 = EDGE_LOOP('',(#3059));
#3059 = ORIENTED_EDGE('',*,*,#3060,.T.);
#3060 = EDGE_CURVE('',#3061,#3061,#3063,.T.);
#3061 = VERTEX_POINT('',#3062);
#3062 = CARTESIAN_POINT('',(92.112,-20.225,1.51));
#3063 = CIRCLE('',#3064,0.445);
#3064 = AXIS2_PLACEMENT_3D('',#3065,#3066,#3067);
#3065 = CARTESIAN_POINT('',(92.112,-19.78,1.51));
#3066 = DIRECTION('',(-0.,0.,-1.));
#3067 = DIRECTION('',(-0.,-1.,0.));
#3068 = FACE_BOUND('',#3069,.T.);
#3069 = EDGE_LOOP('',(#3070));
#3070 = ORIENTED_EDGE('',*,*,#3071,.T.);
#3071 = EDGE_CURVE('',#3072,#3072,#3074,.T.);
#3072 = VERTEX_POINT('',#3073);
#3073 = CARTESIAN_POINT('',(91.096,-18.445,1.51));
#3074 = CIRCLE('',#3075,0.445);
#3075 = AXIS2_PLACEMENT_3D('',#3076,#3077,#3078);
#3076 = CARTESIAN_POINT('',(91.096,-18.,1.51));
#3077 = DIRECTION('',(-0.,0.,-1.));
#3078 = DIRECTION('',(-0.,-1.,0.));
#3079 = FACE_BOUND('',#3080,.T.);
#3080 = EDGE_LOOP('',(#3081));
#3081 = ORIENTED_EDGE('',*,*,#3082,.T.);
#3082 = EDGE_CURVE('',#3083,#3083,#3085,.T.);
#3083 = VERTEX_POINT('',#3084);
#3084 = CARTESIAN_POINT('',(94.91,-17.085,1.51));
#3085 = CIRCLE('',#3086,1.625);
#3086 = AXIS2_PLACEMENT_3D('',#3087,#3088,#3089);
#3087 = CARTESIAN_POINT('',(94.91,-15.46,1.51));
#3088 = DIRECTION('',(-0.,0.,-1.));
#3089 = DIRECTION('',(-0.,-1.,0.));
#3090 = FACE_BOUND('',#3091,.T.);
#3091 = EDGE_LOOP('',(#3092));
#3092 = ORIENTED_EDGE('',*,*,#3093,.T.);
#3093 = EDGE_CURVE('',#3094,#3094,#3096,.T.);
#3094 = VERTEX_POINT('',#3095);
#3095 = CARTESIAN_POINT('',(95.,-54.58,1.51));
#3096 = CIRCLE('',#3097,0.5);
#3097 = AXIS2_PLACEMENT_3D('',#3098,#3099,#3100);
#3098 = CARTESIAN_POINT('',(95.,-54.08,1.51));
#3099 = DIRECTION('',(-0.,0.,-1.));
#3100 = DIRECTION('',(-0.,-1.,0.));
#3101 = FACE_BOUND('',#3102,.T.);
#3102 = EDGE_LOOP('',(#3103));
#3103 = ORIENTED_EDGE('',*,*,#3104,.T.);
#3104 = EDGE_CURVE('',#3105,#3105,#3107,.T.);
#3105 = VERTEX_POINT('',#3106);
#3106 = CARTESIAN_POINT('',(95.,-52.04,1.51));
#3107 = CIRCLE('',#3108,0.5);
#3108 = AXIS2_PLACEMENT_3D('',#3109,#3110,#3111);
#3109 = CARTESIAN_POINT('',(95.,-51.54,1.51));
#3110 = DIRECTION('',(-0.,0.,-1.));
#3111 = DIRECTION('',(-0.,-1.,0.));
#3112 = FACE_BOUND('',#3113,.T.);
#3113 = EDGE_LOOP('',(#3114));
#3114 = ORIENTED_EDGE('',*,*,#3115,.T.);
#3115 = EDGE_CURVE('',#3116,#3116,#3118,.T.);
#3116 = VERTEX_POINT('',#3117);
#3117 = CARTESIAN_POINT('',(95.,-49.5,1.51));
#3118 = CIRCLE('',#3119,0.5);
#3119 = AXIS2_PLACEMENT_3D('',#3120,#3121,#3122);
#3120 = CARTESIAN_POINT('',(95.,-49.,1.51));
#3121 = DIRECTION('',(-0.,0.,-1.));
#3122 = DIRECTION('',(-0.,-1.,0.));
#3123 = FACE_BOUND('',#3124,.T.);
#3124 = EDGE_LOOP('',(#3125));
#3125 = ORIENTED_EDGE('',*,*,#3126,.T.);
#3126 = EDGE_CURVE('',#3127,#3127,#3129,.T.);
#3127 = VERTEX_POINT('',#3128);
#3128 = CARTESIAN_POINT('',(176.,-71.6,1.51));
#3129 = CIRCLE('',#3130,1.6);
#3130 = AXIS2_PLACEMENT_3D('',#3131,#3132,#3133);
#3131 = CARTESIAN_POINT('',(176.,-70.,1.51));
#3132 = DIRECTION('',(-0.,0.,-1.));
#3133 = DIRECTION('',(-0.,-1.,0.));
#3134 = FACE_BOUND('',#3135,.T.);
#3135 = EDGE_LOOP('',(#3136));
#3136 = ORIENTED_EDGE('',*,*,#3137,.T.);
#3137 = EDGE_CURVE('',#3138,#3138,#3140,.T.);
#3138 = VERTEX_POINT('',#3139);
#3139 = CARTESIAN_POINT('',(95.42,-25.045,1.51));
#3140 = CIRCLE('',#3141,0.445);
#3141 = AXIS2_PLACEMENT_3D('',#3142,#3143,#3144);
#3142 = CARTESIAN_POINT('',(95.42,-24.6,1.51));
#3143 = DIRECTION('',(-0.,0.,-1.));
#3144 = DIRECTION('',(3.193450497798E-14,-1.,-0.));
#3145 = FACE_BOUND('',#3146,.T.);
#3146 = EDGE_LOOP('',(#3147));
#3147 = ORIENTED_EDGE('',*,*,#3148,.T.);
#3148 = EDGE_CURVE('',#3149,#3149,#3151,.T.);
#3149 = VERTEX_POINT('',#3150);
#3150 = CARTESIAN_POINT('',(101.7,-25.045,1.51));
#3151 = CIRCLE('',#3152,0.445);
#3152 = AXIS2_PLACEMENT_3D('',#3153,#3154,#3155);
#3153 = CARTESIAN_POINT('',(101.7,-24.6,1.51));
#3154 = DIRECTION('',(-0.,0.,-1.));
#3155 = DIRECTION('',(3.193450497798E-14,-1.,-0.));
#3156 = FACE_BOUND('',#3157,.T.);
#3157 = EDGE_LOOP('',(#3158));
#3158 = ORIENTED_EDGE('',*,*,#3159,.T.);
#3159 = EDGE_CURVE('',#3160,#3160,#3162,.T.);
#3160 = VERTEX_POINT('',#3161);
#3161 = CARTESIAN_POINT('',(103.99,-25.045,1.51));
#3162 = CIRCLE('',#3163,0.445);
#3163 = AXIS2_PLACEMENT_3D('',#3164,#3165,#3166);
#3164 = CARTESIAN_POINT('',(103.99,-24.6,1.51));
#3165 = DIRECTION('',(-0.,0.,-1.));
#3166 = DIRECTION('',(-3.193450497798E-14,-1.,0.));
#3167 = FACE_BOUND('',#3168,.T.);
#3168 = EDGE_LOOP('',(#3169));
#3169 = ORIENTED_EDGE('',*,*,#3170,.T.);
#3170 = EDGE_CURVE('',#3171,#3171,#3173,.T.);
#3171 = VERTEX_POINT('',#3172);
#3172 = CARTESIAN_POINT('',(113.13,-25.045,1.51));
#3173 = CIRCLE('',#3174,0.445);
#3174 = AXIS2_PLACEMENT_3D('',#3175,#3176,#3177);
#3175 = CARTESIAN_POINT('',(113.13,-24.6,1.51));
#3176 = DIRECTION('',(-0.,0.,-1.));
#3177 = DIRECTION('',(-0.,-1.,0.));
#3178 = FACE_BOUND('',#3179,.T.);
#3179 = EDGE_LOOP('',(#3180));
#3180 = ORIENTED_EDGE('',*,*,#3181,.T.);
#3181 = EDGE_CURVE('',#3182,#3182,#3184,.T.);
#3182 = VERTEX_POINT('',#3183);
#3183 = CARTESIAN_POINT('',(115.42,-25.045,1.51));
#3184 = CIRCLE('',#3185,0.445);
#3185 = AXIS2_PLACEMENT_3D('',#3186,#3187,#3188);
#3186 = CARTESIAN_POINT('',(115.42,-24.6,1.51));
#3187 = DIRECTION('',(-0.,0.,-1.));
#3188 = DIRECTION('',(3.193450497798E-14,-1.,-0.));
#3189 = FACE_BOUND('',#3190,.T.);
#3190 = EDGE_LOOP('',(#3191));
#3191 = ORIENTED_EDGE('',*,*,#3192,.T.);
#3192 = EDGE_CURVE('',#3193,#3193,#3195,.T.);
#3193 = VERTEX_POINT('',#3194);
#3194 = CARTESIAN_POINT('',(96.69,-19.675,1.51));
#3195 = CIRCLE('',#3196,0.785);
#3196 = AXIS2_PLACEMENT_3D('',#3197,#3198,#3199);
#3197 = CARTESIAN_POINT('',(96.69,-18.89,1.51));
#3198 = DIRECTION('',(-0.,0.,-1.));
#3199 = DIRECTION('',(-0.,-1.,0.));
#3200 = FACE_BOUND('',#3201,.T.);
#3201 = EDGE_LOOP('',(#3202));
#3202 = ORIENTED_EDGE('',*,*,#3203,.T.);
#3203 = EDGE_CURVE('',#3204,#3204,#3206,.T.);
#3204 = VERTEX_POINT('',#3205);
#3205 = CARTESIAN_POINT('',(100.43,-19.675,1.51));
#3206 = CIRCLE('',#3207,0.785);
#3207 = AXIS2_PLACEMENT_3D('',#3208,#3209,#3210);
#3208 = CARTESIAN_POINT('',(100.43,-18.89,1.51));
#3209 = DIRECTION('',(-0.,0.,-1.));
#3210 = DIRECTION('',(-0.,-1.,0.));
#3211 = FACE_BOUND('',#3212,.T.);
#3212 = EDGE_LOOP('',(#3213));
#3213 = ORIENTED_EDGE('',*,*,#3214,.T.);
#3214 = EDGE_CURVE('',#3215,#3215,#3217,.T.);
#3215 = VERTEX_POINT('',#3216);
#3216 = CARTESIAN_POINT('',(105.,-18.445,1.51));
#3217 = CIRCLE('',#3218,0.445);
#3218 = AXIS2_PLACEMENT_3D('',#3219,#3220,#3221);
#3219 = CARTESIAN_POINT('',(105.,-18.,1.51));
#3220 = DIRECTION('',(-0.,0.,-1.));
#3221 = DIRECTION('',(-0.,-1.,0.));
#3222 = FACE_BOUND('',#3223,.T.);
#3223 = EDGE_LOOP('',(#3224));
#3224 = ORIENTED_EDGE('',*,*,#3225,.T.);
#3225 = EDGE_CURVE('',#3226,#3226,#3228,.T.);
#3226 = VERTEX_POINT('',#3227);
#3227 = CARTESIAN_POINT('',(102.21,-17.085,1.51));
#3228 = CIRCLE('',#3229,1.625);
#3229 = AXIS2_PLACEMENT_3D('',#3230,#3231,#3232);
#3230 = CARTESIAN_POINT('',(102.21,-15.46,1.51));
#3231 = DIRECTION('',(-0.,0.,-1.));
#3232 = DIRECTION('',(-0.,-1.,0.));
#3233 = FACE_BOUND('',#3234,.T.);
#3234 = EDGE_LOOP('',(#3235));
#3235 = ORIENTED_EDGE('',*,*,#3236,.T.);
#3236 = EDGE_CURVE('',#3237,#3237,#3239,.T.);
#3237 = VERTEX_POINT('',#3238);
#3238 = CARTESIAN_POINT('',(106.016,-20.225,1.51));
#3239 = CIRCLE('',#3240,0.445);
#3240 = AXIS2_PLACEMENT_3D('',#3241,#3242,#3243);
#3241 = CARTESIAN_POINT('',(106.016,-19.78,1.51));
#3242 = DIRECTION('',(-0.,0.,-1.));
#3243 = DIRECTION('',(3.193450497798E-14,-1.,-0.));
#3244 = FACE_BOUND('',#3245,.T.);
#3245 = EDGE_LOOP('',(#3246));
#3246 = ORIENTED_EDGE('',*,*,#3247,.T.);
#3247 = EDGE_CURVE('',#3248,#3248,#3250,.T.);
#3248 = VERTEX_POINT('',#3249);
#3249 = CARTESIAN_POINT('',(108.048,-20.225,1.51));
#3250 = CIRCLE('',#3251,0.445);
#3251 = AXIS2_PLACEMENT_3D('',#3252,#3253,#3254);
#3252 = CARTESIAN_POINT('',(108.048,-19.78,1.51));
#3253 = DIRECTION('',(-0.,0.,-1.));
#3254 = DIRECTION('',(-0.,-1.,0.));
#3255 = FACE_BOUND('',#3256,.T.);
#3256 = EDGE_LOOP('',(#3257));
#3257 = ORIENTED_EDGE('',*,*,#3258,.T.);
#3258 = EDGE_CURVE('',#3259,#3259,#3261,.T.);
#3259 = VERTEX_POINT('',#3260);
#3260 = CARTESIAN_POINT('',(110.08,-20.225,1.51));
#3261 = CIRCLE('',#3262,0.445);
#3262 = AXIS2_PLACEMENT_3D('',#3263,#3264,#3265);
#3263 = CARTESIAN_POINT('',(110.08,-19.78,1.51));
#3264 = DIRECTION('',(-0.,0.,-1.));
#3265 = DIRECTION('',(-3.193450497798E-14,-1.,0.));
#3266 = FACE_BOUND('',#3267,.T.);
#3267 = EDGE_LOOP('',(#3268));
#3268 = ORIENTED_EDGE('',*,*,#3269,.T.);
#3269 = EDGE_CURVE('',#3270,#3270,#3272,.T.);
#3270 = VERTEX_POINT('',#3271);
#3271 = CARTESIAN_POINT('',(107.032,-18.445,1.51));
#3272 = CIRCLE('',#3273,0.445);
#3273 = AXIS2_PLACEMENT_3D('',#3274,#3275,#3276);
#3274 = CARTESIAN_POINT('',(107.032,-18.,1.51));
#3275 = DIRECTION('',(-0.,0.,-1.));
#3276 = DIRECTION('',(-3.193450497798E-14,-1.,0.));
#3277 = FACE_BOUND('',#3278,.T.);
#3278 = EDGE_LOOP('',(#3279));
#3279 = ORIENTED_EDGE('',*,*,#3280,.T.);
#3280 = EDGE_CURVE('',#3281,#3281,#3283,.T.);
#3281 = VERTEX_POINT('',#3282);
#3282 = CARTESIAN_POINT('',(109.064,-18.445,1.51));
#3283 = CIRCLE('',#3284,0.445);
#3284 = AXIS2_PLACEMENT_3D('',#3285,#3286,#3287);
#3285 = CARTESIAN_POINT('',(109.064,-18.,1.51));
#3286 = DIRECTION('',(-0.,0.,-1.));
#3287 = DIRECTION('',(-0.,-1.,0.));
#3288 = FACE_BOUND('',#3289,.T.);
#3289 = EDGE_LOOP('',(#3290));
#3290 = ORIENTED_EDGE('',*,*,#3291,.T.);
#3291 = EDGE_CURVE('',#3292,#3292,#3294,.T.);
#3292 = VERTEX_POINT('',#3293);
#3293 = CARTESIAN_POINT('',(112.112,-20.225,1.51));
#3294 = CIRCLE('',#3295,0.445);
#3295 = AXIS2_PLACEMENT_3D('',#3296,#3297,#3298);
#3296 = CARTESIAN_POINT('',(112.112,-19.78,1.51));
#3297 = DIRECTION('',(-0.,0.,-1.));
#3298 = DIRECTION('',(-0.,-1.,0.));
#3299 = FACE_BOUND('',#3300,.T.);
#3300 = EDGE_LOOP('',(#3301));
#3301 = ORIENTED_EDGE('',*,*,#3302,.T.);
#3302 = EDGE_CURVE('',#3303,#3303,#3305,.T.);
#3303 = VERTEX_POINT('',#3304);
#3304 = CARTESIAN_POINT('',(111.096,-18.445,1.51));
#3305 = CIRCLE('',#3306,0.445);
#3306 = AXIS2_PLACEMENT_3D('',#3307,#3308,#3309);
#3307 = CARTESIAN_POINT('',(111.096,-18.,1.51));
#3308 = DIRECTION('',(-0.,0.,-1.));
#3309 = DIRECTION('',(-0.,-1.,0.));
#3310 = FACE_BOUND('',#3311,.T.);
#3311 = EDGE_LOOP('',(#3312));
#3312 = ORIENTED_EDGE('',*,*,#3313,.T.);
#3313 = EDGE_CURVE('',#3314,#3314,#3316,.T.);
#3314 = VERTEX_POINT('',#3315);
#3315 = CARTESIAN_POINT('',(114.91,-17.085,1.51));
#3316 = CIRCLE('',#3317,1.625);
#3317 = AXIS2_PLACEMENT_3D('',#3318,#3319,#3320);
#3318 = CARTESIAN_POINT('',(114.91,-15.46,1.51));
#3319 = DIRECTION('',(-0.,0.,-1.));
#3320 = DIRECTION('',(-0.,-1.,0.));
#3321 = FACE_BOUND('',#3322,.T.);
#3322 = EDGE_LOOP('',(#3323));
#3323 = ORIENTED_EDGE('',*,*,#3324,.T.);
#3324 = EDGE_CURVE('',#3325,#3325,#3327,.T.);
#3325 = VERTEX_POINT('',#3326);
#3326 = CARTESIAN_POINT('',(121.7,-25.045,1.51));
#3327 = CIRCLE('',#3328,0.445);
#3328 = AXIS2_PLACEMENT_3D('',#3329,#3330,#3331);
#3329 = CARTESIAN_POINT('',(121.7,-24.6,1.51));
#3330 = DIRECTION('',(-0.,0.,-1.));
#3331 = DIRECTION('',(3.193450497798E-14,-1.,-0.));
#3332 = FACE_BOUND('',#3333,.T.);
#3333 = EDGE_LOOP('',(#3334));
#3334 = ORIENTED_EDGE('',*,*,#3335,.T.);
#3335 = EDGE_CURVE('',#3336,#3336,#3338,.T.);
#3336 = VERTEX_POINT('',#3337);
#3337 = CARTESIAN_POINT('',(123.99,-25.045,1.51));
#3338 = CIRCLE('',#3339,0.445);
#3339 = AXIS2_PLACEMENT_3D('',#3340,#3341,#3342);
#3340 = CARTESIAN_POINT('',(123.99,-24.6,1.51));
#3341 = DIRECTION('',(-0.,0.,-1.));
#3342 = DIRECTION('',(-3.193450497798E-14,-1.,0.));
#3343 = FACE_BOUND('',#3344,.T.);
#3344 = EDGE_LOOP('',(#3345));
#3345 = ORIENTED_EDGE('',*,*,#3346,.T.);
#3346 = EDGE_CURVE('',#3347,#3347,#3349,.T.);
#3347 = VERTEX_POINT('',#3348);
#3348 = CARTESIAN_POINT('',(133.13,-25.045,1.51));
#3349 = CIRCLE('',#3350,0.445);
#3350 = AXIS2_PLACEMENT_3D('',#3351,#3352,#3353);
#3351 = CARTESIAN_POINT('',(133.13,-24.6,1.51));
#3352 = DIRECTION('',(-0.,0.,-1.));
#3353 = DIRECTION('',(-0.,-1.,0.));
#3354 = FACE_BOUND('',#3355,.T.);
#3355 = EDGE_LOOP('',(#3356));
#3356 = ORIENTED_EDGE('',*,*,#3357,.T.);
#3357 = EDGE_CURVE('',#3358,#3358,#3360,.T.);
#3358 = VERTEX_POINT('',#3359);
#3359 = CARTESIAN_POINT('',(135.42,-25.045,1.51));
#3360 = CIRCLE('',#3361,0.445);
#3361 = AXIS2_PLACEMENT_3D('',#3362,#3363,#3364);
#3362 = CARTESIAN_POINT('',(135.42,-24.6,1.51));
#3363 = DIRECTION('',(-0.,0.,-1.));
#3364 = DIRECTION('',(-6.386900995597E-14,-1.,0.));
#3365 = FACE_BOUND('',#3366,.T.);
#3366 = EDGE_LOOP('',(#3367));
#3367 = ORIENTED_EDGE('',*,*,#3368,.T.);
#3368 = EDGE_CURVE('',#3369,#3369,#3371,.T.);
#3369 = VERTEX_POINT('',#3370);
#3370 = CARTESIAN_POINT('',(116.69,-19.675,1.51));
#3371 = CIRCLE('',#3372,0.785);
#3372 = AXIS2_PLACEMENT_3D('',#3373,#3374,#3375);
#3373 = CARTESIAN_POINT('',(116.69,-18.89,1.51));
#3374 = DIRECTION('',(-0.,0.,-1.));
#3375 = DIRECTION('',(-0.,-1.,0.));
#3376 = FACE_BOUND('',#3377,.T.);
#3377 = EDGE_LOOP('',(#3378));
#3378 = ORIENTED_EDGE('',*,*,#3379,.T.);
#3379 = EDGE_CURVE('',#3380,#3380,#3382,.T.);
#3380 = VERTEX_POINT('',#3381);
#3381 = CARTESIAN_POINT('',(120.43,-19.675,1.51));
#3382 = CIRCLE('',#3383,0.785);
#3383 = AXIS2_PLACEMENT_3D('',#3384,#3385,#3386);
#3384 = CARTESIAN_POINT('',(120.43,-18.89,1.51));
#3385 = DIRECTION('',(-0.,0.,-1.));
#3386 = DIRECTION('',(-0.,-1.,0.));
#3387 = FACE_BOUND('',#3388,.T.);
#3388 = EDGE_LOOP('',(#3389));
#3389 = ORIENTED_EDGE('',*,*,#3390,.T.);
#3390 = EDGE_CURVE('',#3391,#3391,#3393,.T.);
#3391 = VERTEX_POINT('',#3392);
#3392 = CARTESIAN_POINT('',(125.,-18.445,1.51));
#3393 = CIRCLE('',#3394,0.445);
#3394 = AXIS2_PLACEMENT_3D('',#3395,#3396,#3397);
#3395 = CARTESIAN_POINT('',(125.,-18.,1.51));
#3396 = DIRECTION('',(-0.,0.,-1.));
#3397 = DIRECTION('',(-0.,-1.,0.));
#3398 = FACE_BOUND('',#3399,.T.);
#3399 = EDGE_LOOP('',(#3400));
#3400 = ORIENTED_EDGE('',*,*,#3401,.T.);
#3401 = EDGE_CURVE('',#3402,#3402,#3404,.T.);
#3402 = VERTEX_POINT('',#3403);
#3403 = CARTESIAN_POINT('',(122.21,-17.085,1.51));
#3404 = CIRCLE('',#3405,1.625);
#3405 = AXIS2_PLACEMENT_3D('',#3406,#3407,#3408);
#3406 = CARTESIAN_POINT('',(122.21,-15.46,1.51));
#3407 = DIRECTION('',(-0.,0.,-1.));
#3408 = DIRECTION('',(-0.,-1.,0.));
#3409 = FACE_BOUND('',#3410,.T.);
#3410 = EDGE_LOOP('',(#3411));
#3411 = ORIENTED_EDGE('',*,*,#3412,.T.);
#3412 = EDGE_CURVE('',#3413,#3413,#3415,.T.);
#3413 = VERTEX_POINT('',#3414);
#3414 = CARTESIAN_POINT('',(126.016,-20.225,1.51));
#3415 = CIRCLE('',#3416,0.445);
#3416 = AXIS2_PLACEMENT_3D('',#3417,#3418,#3419);
#3417 = CARTESIAN_POINT('',(126.016,-19.78,1.51));
#3418 = DIRECTION('',(-0.,0.,-1.));
#3419 = DIRECTION('',(3.193450497798E-14,-1.,-0.));
#3420 = FACE_BOUND('',#3421,.T.);
#3421 = EDGE_LOOP('',(#3422));
#3422 = ORIENTED_EDGE('',*,*,#3423,.T.);
#3423 = EDGE_CURVE('',#3424,#3424,#3426,.T.);
#3424 = VERTEX_POINT('',#3425);
#3425 = CARTESIAN_POINT('',(128.048,-20.225,1.51));
#3426 = CIRCLE('',#3427,0.445);
#3427 = AXIS2_PLACEMENT_3D('',#3428,#3429,#3430);
#3428 = CARTESIAN_POINT('',(128.048,-19.78,1.51));
#3429 = DIRECTION('',(-0.,0.,-1.));
#3430 = DIRECTION('',(-0.,-1.,0.));
#3431 = FACE_BOUND('',#3432,.T.);
#3432 = EDGE_LOOP('',(#3433));
#3433 = ORIENTED_EDGE('',*,*,#3434,.T.);
#3434 = EDGE_CURVE('',#3435,#3435,#3437,.T.);
#3435 = VERTEX_POINT('',#3436);
#3436 = CARTESIAN_POINT('',(130.08,-20.225,1.51));
#3437 = CIRCLE('',#3438,0.445);
#3438 = AXIS2_PLACEMENT_3D('',#3439,#3440,#3441);
#3439 = CARTESIAN_POINT('',(130.08,-19.78,1.51));
#3440 = DIRECTION('',(-0.,0.,-1.));
#3441 = DIRECTION('',(6.386900995596E-14,-1.,-0.));
#3442 = FACE_BOUND('',#3443,.T.);
#3443 = EDGE_LOOP('',(#3444));
#3444 = ORIENTED_EDGE('',*,*,#3445,.T.);
#3445 = EDGE_CURVE('',#3446,#3446,#3448,.T.);
#3446 = VERTEX_POINT('',#3447);
#3447 = CARTESIAN_POINT('',(127.032,-18.445,1.51));
#3448 = CIRCLE('',#3449,0.445);
#3449 = AXIS2_PLACEMENT_3D('',#3450,#3451,#3452);
#3450 = CARTESIAN_POINT('',(127.032,-18.,1.51));
#3451 = DIRECTION('',(-0.,0.,-1.));
#3452 = DIRECTION('',(-3.193450497798E-14,-1.,0.));
#3453 = FACE_BOUND('',#3454,.T.);
#3454 = EDGE_LOOP('',(#3455));
#3455 = ORIENTED_EDGE('',*,*,#3456,.T.);
#3456 = EDGE_CURVE('',#3457,#3457,#3459,.T.);
#3457 = VERTEX_POINT('',#3458);
#3458 = CARTESIAN_POINT('',(129.064,-18.445,1.51));
#3459 = CIRCLE('',#3460,0.445);
#3460 = AXIS2_PLACEMENT_3D('',#3461,#3462,#3463);
#3461 = CARTESIAN_POINT('',(129.064,-18.,1.51));
#3462 = DIRECTION('',(-0.,0.,-1.));
#3463 = DIRECTION('',(-0.,-1.,0.));
#3464 = FACE_BOUND('',#3465,.T.);
#3465 = EDGE_LOOP('',(#3466));
#3466 = ORIENTED_EDGE('',*,*,#3467,.T.);
#3467 = EDGE_CURVE('',#3468,#3468,#3470,.T.);
#3468 = VERTEX_POINT('',#3469);
#3469 = CARTESIAN_POINT('',(131.096,-18.445,1.51));
#3470 = CIRCLE('',#3471,0.445);
#3471 = AXIS2_PLACEMENT_3D('',#3472,#3473,#3474);
#3472 = CARTESIAN_POINT('',(131.096,-18.,1.51));
#3473 = DIRECTION('',(-0.,0.,-1.));
#3474 = DIRECTION('',(-0.,-1.,0.));
#3475 = FACE_BOUND('',#3476,.T.);
#3476 = EDGE_LOOP('',(#3477));
#3477 = ORIENTED_EDGE('',*,*,#3478,.T.);
#3478 = EDGE_CURVE('',#3479,#3479,#3481,.T.);
#3479 = VERTEX_POINT('',#3480);
#3480 = CARTESIAN_POINT('',(132.112,-20.225,1.51));
#3481 = CIRCLE('',#3482,0.445);
#3482 = AXIS2_PLACEMENT_3D('',#3483,#3484,#3485);
#3483 = CARTESIAN_POINT('',(132.112,-19.78,1.51));
#3484 = DIRECTION('',(-0.,0.,-1.));
#3485 = DIRECTION('',(-0.,-1.,0.));
#3486 = FACE_BOUND('',#3487,.T.);
#3487 = EDGE_LOOP('',(#3488));
#3488 = ORIENTED_EDGE('',*,*,#3489,.T.);
#3489 = EDGE_CURVE('',#3490,#3490,#3492,.T.);
#3490 = VERTEX_POINT('',#3491);
#3491 = CARTESIAN_POINT('',(134.91,-17.085,1.51));
#3492 = CIRCLE('',#3493,1.625);
#3493 = AXIS2_PLACEMENT_3D('',#3494,#3495,#3496);
#3494 = CARTESIAN_POINT('',(134.91,-15.46,1.51));
#3495 = DIRECTION('',(-0.,0.,-1.));
#3496 = DIRECTION('',(-0.,-1.,0.));
#3497 = FACE_BOUND('',#3498,.T.);
#3498 = EDGE_LOOP('',(#3499));
#3499 = ORIENTED_EDGE('',*,*,#3500,.T.);
#3500 = EDGE_CURVE('',#3501,#3501,#3503,.T.);
#3501 = VERTEX_POINT('',#3502);
#3502 = CARTESIAN_POINT('',(141.7,-25.045,1.51));
#3503 = CIRCLE('',#3504,0.445);
#3504 = AXIS2_PLACEMENT_3D('',#3505,#3506,#3507);
#3505 = CARTESIAN_POINT('',(141.7,-24.6,1.51));
#3506 = DIRECTION('',(-0.,0.,-1.));
#3507 = DIRECTION('',(-0.,-1.,0.));
#3508 = FACE_BOUND('',#3509,.T.);
#3509 = EDGE_LOOP('',(#3510));
#3510 = ORIENTED_EDGE('',*,*,#3511,.T.);
#3511 = EDGE_CURVE('',#3512,#3512,#3514,.T.);
#3512 = VERTEX_POINT('',#3513);
#3513 = CARTESIAN_POINT('',(143.99,-25.045,1.51));
#3514 = CIRCLE('',#3515,0.445);
#3515 = AXIS2_PLACEMENT_3D('',#3516,#3517,#3518);
#3516 = CARTESIAN_POINT('',(143.99,-24.6,1.51));
#3517 = DIRECTION('',(-0.,0.,-1.));
#3518 = DIRECTION('',(-0.,-1.,0.));
#3519 = FACE_BOUND('',#3520,.T.);
#3520 = EDGE_LOOP('',(#3521));
#3521 = ORIENTED_EDGE('',*,*,#3522,.T.);
#3522 = EDGE_CURVE('',#3523,#3523,#3525,.T.);
#3523 = VERTEX_POINT('',#3524);
#3524 = CARTESIAN_POINT('',(153.13,-25.045,1.51));
#3525 = CIRCLE('',#3526,0.445);
#3526 = AXIS2_PLACEMENT_3D('',#3527,#3528,#3529);
#3527 = CARTESIAN_POINT('',(153.13,-24.6,1.51));
#3528 = DIRECTION('',(-0.,0.,-1.));
#3529 = DIRECTION('',(-0.,-1.,0.));
#3530 = FACE_BOUND('',#3531,.T.);
#3531 = EDGE_LOOP('',(#3532));
#3532 = ORIENTED_EDGE('',*,*,#3533,.T.);
#3533 = EDGE_CURVE('',#3534,#3534,#3536,.T.);
#3534 = VERTEX_POINT('',#3535);
#3535 = CARTESIAN_POINT('',(155.42,-25.045,1.51));
#3536 = CIRCLE('',#3537,0.445);
#3537 = AXIS2_PLACEMENT_3D('',#3538,#3539,#3540);
#3538 = CARTESIAN_POINT('',(155.42,-24.6,1.51));
#3539 = DIRECTION('',(-0.,0.,-1.));
#3540 = DIRECTION('',(-6.386900995597E-14,-1.,0.));
#3541 = FACE_BOUND('',#3542,.T.);
#3542 = EDGE_LOOP('',(#3543));
#3543 = ORIENTED_EDGE('',*,*,#3544,.T.);
#3544 = EDGE_CURVE('',#3545,#3545,#3547,.T.);
#3545 = VERTEX_POINT('',#3546);
#3546 = CARTESIAN_POINT('',(136.69,-19.675,1.51));
#3547 = CIRCLE('',#3548,0.785);
#3548 = AXIS2_PLACEMENT_3D('',#3549,#3550,#3551);
#3549 = CARTESIAN_POINT('',(136.69,-18.89,1.51));
#3550 = DIRECTION('',(-0.,0.,-1.));
#3551 = DIRECTION('',(-0.,-1.,0.));
#3552 = FACE_BOUND('',#3553,.T.);
#3553 = EDGE_LOOP('',(#3554));
#3554 = ORIENTED_EDGE('',*,*,#3555,.T.);
#3555 = EDGE_CURVE('',#3556,#3556,#3558,.T.);
#3556 = VERTEX_POINT('',#3557);
#3557 = CARTESIAN_POINT('',(140.43,-19.675,1.51));
#3558 = CIRCLE('',#3559,0.785);
#3559 = AXIS2_PLACEMENT_3D('',#3560,#3561,#3562);
#3560 = CARTESIAN_POINT('',(140.43,-18.89,1.51));
#3561 = DIRECTION('',(-0.,0.,-1.));
#3562 = DIRECTION('',(-0.,-1.,0.));
#3563 = FACE_BOUND('',#3564,.T.);
#3564 = EDGE_LOOP('',(#3565));
#3565 = ORIENTED_EDGE('',*,*,#3566,.T.);
#3566 = EDGE_CURVE('',#3567,#3567,#3569,.T.);
#3567 = VERTEX_POINT('',#3568);
#3568 = CARTESIAN_POINT('',(146.016,-20.225,1.51));
#3569 = CIRCLE('',#3570,0.445);
#3570 = AXIS2_PLACEMENT_3D('',#3571,#3572,#3573);
#3571 = CARTESIAN_POINT('',(146.016,-19.78,1.51));
#3572 = DIRECTION('',(-0.,0.,-1.));
#3573 = DIRECTION('',(-6.386900995597E-14,-1.,0.));
#3574 = FACE_BOUND('',#3575,.T.);
#3575 = EDGE_LOOP('',(#3576));
#3576 = ORIENTED_EDGE('',*,*,#3577,.T.);
#3577 = EDGE_CURVE('',#3578,#3578,#3580,.T.);
#3578 = VERTEX_POINT('',#3579);
#3579 = CARTESIAN_POINT('',(145.,-18.445,1.51));
#3580 = CIRCLE('',#3581,0.445);
#3581 = AXIS2_PLACEMENT_3D('',#3582,#3583,#3584);
#3582 = CARTESIAN_POINT('',(145.,-18.,1.51));
#3583 = DIRECTION('',(-0.,0.,-1.));
#3584 = DIRECTION('',(-0.,-1.,0.));
#3585 = FACE_BOUND('',#3586,.T.);
#3586 = EDGE_LOOP('',(#3587));
#3587 = ORIENTED_EDGE('',*,*,#3588,.T.);
#3588 = EDGE_CURVE('',#3589,#3589,#3591,.T.);
#3589 = VERTEX_POINT('',#3590);
#3590 = CARTESIAN_POINT('',(142.21,-17.085,1.51));
#3591 = CIRCLE('',#3592,1.625);
#3592 = AXIS2_PLACEMENT_3D('',#3593,#3594,#3595);
#3593 = CARTESIAN_POINT('',(142.21,-15.46,1.51));
#3594 = DIRECTION('',(-0.,0.,-1.));
#3595 = DIRECTION('',(-0.,-1.,0.));
#3596 = FACE_BOUND('',#3597,.T.);
#3597 = EDGE_LOOP('',(#3598));
#3598 = ORIENTED_EDGE('',*,*,#3599,.T.);
#3599 = EDGE_CURVE('',#3600,#3600,#3602,.T.);
#3600 = VERTEX_POINT('',#3601);
#3601 = CARTESIAN_POINT('',(148.048,-20.225,1.51));
#3602 = CIRCLE('',#3603,0.445);
#3603 = AXIS2_PLACEMENT_3D('',#3604,#3605,#3606);
#3604 = CARTESIAN_POINT('',(148.048,-19.78,1.51));
#3605 = DIRECTION('',(-0.,0.,-1.));
#3606 = DIRECTION('',(-0.,-1.,0.));
#3607 = FACE_BOUND('',#3608,.T.);
#3608 = EDGE_LOOP('',(#3609));
#3609 = ORIENTED_EDGE('',*,*,#3610,.T.);
#3610 = EDGE_CURVE('',#3611,#3611,#3613,.T.);
#3611 = VERTEX_POINT('',#3612);
#3612 = CARTESIAN_POINT('',(150.08,-20.225,1.51));
#3613 = CIRCLE('',#3614,0.445);
#3614 = AXIS2_PLACEMENT_3D('',#3615,#3616,#3617);
#3615 = CARTESIAN_POINT('',(150.08,-19.78,1.51));
#3616 = DIRECTION('',(-0.,0.,-1.));
#3617 = DIRECTION('',(6.386900995596E-14,-1.,-0.));
#3618 = FACE_BOUND('',#3619,.T.);
#3619 = EDGE_LOOP('',(#3620));
#3620 = ORIENTED_EDGE('',*,*,#3621,.T.);
#3621 = EDGE_CURVE('',#3622,#3622,#3624,.T.);
#3622 = VERTEX_POINT('',#3623);
#3623 = CARTESIAN_POINT('',(147.032,-18.445,1.51));
#3624 = CIRCLE('',#3625,0.445);
#3625 = AXIS2_PLACEMENT_3D('',#3626,#3627,#3628);
#3626 = CARTESIAN_POINT('',(147.032,-18.,1.51));
#3627 = DIRECTION('',(-0.,0.,-1.));
#3628 = DIRECTION('',(6.386900995596E-14,-1.,-0.));
#3629 = FACE_BOUND('',#3630,.T.);
#3630 = EDGE_LOOP('',(#3631));
#3631 = ORIENTED_EDGE('',*,*,#3632,.T.);
#3632 = EDGE_CURVE('',#3633,#3633,#3635,.T.);
#3633 = VERTEX_POINT('',#3634);
#3634 = CARTESIAN_POINT('',(149.064,-18.445,1.51));
#3635 = CIRCLE('',#3636,0.445);
#3636 = AXIS2_PLACEMENT_3D('',#3637,#3638,#3639);
#3637 = CARTESIAN_POINT('',(149.064,-18.,1.51));
#3638 = DIRECTION('',(-0.,0.,-1.));
#3639 = DIRECTION('',(-0.,-1.,0.));
#3640 = FACE_BOUND('',#3641,.T.);
#3641 = EDGE_LOOP('',(#3642));
#3642 = ORIENTED_EDGE('',*,*,#3643,.T.);
#3643 = EDGE_CURVE('',#3644,#3644,#3646,.T.);
#3644 = VERTEX_POINT('',#3645);
#3645 = CARTESIAN_POINT('',(151.096,-18.445,1.51));
#3646 = CIRCLE('',#3647,0.445);
#3647 = AXIS2_PLACEMENT_3D('',#3648,#3649,#3650);
#3648 = CARTESIAN_POINT('',(151.096,-18.,1.51));
#3649 = DIRECTION('',(-0.,0.,-1.));
#3650 = DIRECTION('',(-0.,-1.,0.));
#3651 = FACE_BOUND('',#3652,.T.);
#3652 = EDGE_LOOP('',(#3653));
#3653 = ORIENTED_EDGE('',*,*,#3654,.T.);
#3654 = EDGE_CURVE('',#3655,#3655,#3657,.T.);
#3655 = VERTEX_POINT('',#3656);
#3656 = CARTESIAN_POINT('',(152.112,-20.225,1.51));
#3657 = CIRCLE('',#3658,0.445);
#3658 = AXIS2_PLACEMENT_3D('',#3659,#3660,#3661);
#3659 = CARTESIAN_POINT('',(152.112,-19.78,1.51));
#3660 = DIRECTION('',(-0.,0.,-1.));
#3661 = DIRECTION('',(-0.,-1.,0.));
#3662 = FACE_BOUND('',#3663,.T.);
#3663 = EDGE_LOOP('',(#3664));
#3664 = ORIENTED_EDGE('',*,*,#3665,.T.);
#3665 = EDGE_CURVE('',#3666,#3666,#3668,.T.);
#3666 = VERTEX_POINT('',#3667);
#3667 = CARTESIAN_POINT('',(156.69,-19.675,1.51));
#3668 = CIRCLE('',#3669,0.785);
#3669 = AXIS2_PLACEMENT_3D('',#3670,#3671,#3672);
#3670 = CARTESIAN_POINT('',(156.69,-18.89,1.51));
#3671 = DIRECTION('',(-0.,0.,-1.));
#3672 = DIRECTION('',(-0.,-1.,0.));
#3673 = FACE_BOUND('',#3674,.T.);
#3674 = EDGE_LOOP('',(#3675));
#3675 = ORIENTED_EDGE('',*,*,#3676,.T.);
#3676 = EDGE_CURVE('',#3677,#3677,#3679,.T.);
#3677 = VERTEX_POINT('',#3678);
#3678 = CARTESIAN_POINT('',(154.91,-17.085,1.51));
#3679 = CIRCLE('',#3680,1.625);
#3680 = AXIS2_PLACEMENT_3D('',#3681,#3682,#3683);
#3681 = CARTESIAN_POINT('',(154.91,-15.46,1.51));
#3682 = DIRECTION('',(-0.,0.,-1.));
#3683 = DIRECTION('',(-0.,-1.,0.));
#3684 = FACE_BOUND('',#3685,.T.);
#3685 = EDGE_LOOP('',(#3686));
#3686 = ORIENTED_EDGE('',*,*,#3687,.T.);
#3687 = EDGE_CURVE('',#3688,#3688,#3690,.T.);
#3688 = VERTEX_POINT('',#3689);
#3689 = CARTESIAN_POINT('',(161.7,-25.045,1.51));
#3690 = CIRCLE('',#3691,0.445);
#3691 = AXIS2_PLACEMENT_3D('',#3692,#3693,#3694);
#3692 = CARTESIAN_POINT('',(161.7,-24.6,1.51));
#3693 = DIRECTION('',(-0.,0.,-1.));
#3694 = DIRECTION('',(-0.,-1.,0.));
#3695 = FACE_BOUND('',#3696,.T.);
#3696 = EDGE_LOOP('',(#3697));
#3697 = ORIENTED_EDGE('',*,*,#3698,.T.);
#3698 = EDGE_CURVE('',#3699,#3699,#3701,.T.);
#3699 = VERTEX_POINT('',#3700);
#3700 = CARTESIAN_POINT('',(163.99,-25.045,1.51));
#3701 = CIRCLE('',#3702,0.445);
#3702 = AXIS2_PLACEMENT_3D('',#3703,#3704,#3705);
#3703 = CARTESIAN_POINT('',(163.99,-24.6,1.51));
#3704 = DIRECTION('',(-0.,0.,-1.));
#3705 = DIRECTION('',(-0.,-1.,0.));
#3706 = FACE_BOUND('',#3707,.T.);
#3707 = EDGE_LOOP('',(#3708));
#3708 = ORIENTED_EDGE('',*,*,#3709,.T.);
#3709 = EDGE_CURVE('',#3710,#3710,#3712,.T.);
#3710 = VERTEX_POINT('',#3711);
#3711 = CARTESIAN_POINT('',(173.13,-25.045,1.51));
#3712 = CIRCLE('',#3713,0.445);
#3713 = AXIS2_PLACEMENT_3D('',#3714,#3715,#3716);
#3714 = CARTESIAN_POINT('',(173.13,-24.6,1.51));
#3715 = DIRECTION('',(-0.,0.,-1.));
#3716 = DIRECTION('',(-0.,-1.,0.));
#3717 = FACE_BOUND('',#3718,.T.);
#3718 = EDGE_LOOP('',(#3719));
#3719 = ORIENTED_EDGE('',*,*,#3720,.T.);
#3720 = EDGE_CURVE('',#3721,#3721,#3723,.T.);
#3721 = VERTEX_POINT('',#3722);
#3722 = CARTESIAN_POINT('',(175.42,-25.045,1.51));
#3723 = CIRCLE('',#3724,0.445);
#3724 = AXIS2_PLACEMENT_3D('',#3725,#3726,#3727);
#3725 = CARTESIAN_POINT('',(175.42,-24.6,1.51));
#3726 = DIRECTION('',(-0.,0.,-1.));
#3727 = DIRECTION('',(-6.386900995597E-14,-1.,0.));
#3728 = FACE_BOUND('',#3729,.T.);
#3729 = EDGE_LOOP('',(#3730));
#3730 = ORIENTED_EDGE('',*,*,#3731,.T.);
#3731 = EDGE_CURVE('',#3732,#3732,#3734,.T.);
#3732 = VERTEX_POINT('',#3733);
#3733 = CARTESIAN_POINT('',(160.43,-19.675,1.51));
#3734 = CIRCLE('',#3735,0.785);
#3735 = AXIS2_PLACEMENT_3D('',#3736,#3737,#3738);
#3736 = CARTESIAN_POINT('',(160.43,-18.89,1.51));
#3737 = DIRECTION('',(-0.,0.,-1.));
#3738 = DIRECTION('',(-0.,-1.,0.));
#3739 = FACE_BOUND('',#3740,.T.);
#3740 = EDGE_LOOP('',(#3741));
#3741 = ORIENTED_EDGE('',*,*,#3742,.T.);
#3742 = EDGE_CURVE('',#3743,#3743,#3745,.T.);
#3743 = VERTEX_POINT('',#3744);
#3744 = CARTESIAN_POINT('',(166.016,-20.225,1.51));
#3745 = CIRCLE('',#3746,0.445);
#3746 = AXIS2_PLACEMENT_3D('',#3747,#3748,#3749);
#3747 = CARTESIAN_POINT('',(166.016,-19.78,1.51));
#3748 = DIRECTION('',(-0.,0.,-1.));
#3749 = DIRECTION('',(-6.386900995597E-14,-1.,0.));
#3750 = FACE_BOUND('',#3751,.T.);
#3751 = EDGE_LOOP('',(#3752));
#3752 = ORIENTED_EDGE('',*,*,#3753,.T.);
#3753 = EDGE_CURVE('',#3754,#3754,#3756,.T.);
#3754 = VERTEX_POINT('',#3755);
#3755 = CARTESIAN_POINT('',(165.,-18.445,1.51));
#3756 = CIRCLE('',#3757,0.445);
#3757 = AXIS2_PLACEMENT_3D('',#3758,#3759,#3760);
#3758 = CARTESIAN_POINT('',(165.,-18.,1.51));
#3759 = DIRECTION('',(-0.,0.,-1.));
#3760 = DIRECTION('',(-0.,-1.,0.));
#3761 = FACE_BOUND('',#3762,.T.);
#3762 = EDGE_LOOP('',(#3763));
#3763 = ORIENTED_EDGE('',*,*,#3764,.T.);
#3764 = EDGE_CURVE('',#3765,#3765,#3767,.T.);
#3765 = VERTEX_POINT('',#3766);
#3766 = CARTESIAN_POINT('',(167.032,-18.445,1.51));
#3767 = CIRCLE('',#3768,0.445);
#3768 = AXIS2_PLACEMENT_3D('',#3769,#3770,#3771);
#3769 = CARTESIAN_POINT('',(167.032,-18.,1.51));
#3770 = DIRECTION('',(-0.,0.,-1.));
#3771 = DIRECTION('',(6.386900995596E-14,-1.,-0.));
#3772 = FACE_BOUND('',#3773,.T.);
#3773 = EDGE_LOOP('',(#3774));
#3774 = ORIENTED_EDGE('',*,*,#3775,.T.);
#3775 = EDGE_CURVE('',#3776,#3776,#3778,.T.);
#3776 = VERTEX_POINT('',#3777);
#3777 = CARTESIAN_POINT('',(162.21,-17.085,1.51));
#3778 = CIRCLE('',#3779,1.625);
#3779 = AXIS2_PLACEMENT_3D('',#3780,#3781,#3782);
#3780 = CARTESIAN_POINT('',(162.21,-15.46,1.51));
#3781 = DIRECTION('',(-0.,0.,-1.));
#3782 = DIRECTION('',(-0.,-1.,0.));
#3783 = FACE_BOUND('',#3784,.T.);
#3784 = EDGE_LOOP('',(#3785));
#3785 = ORIENTED_EDGE('',*,*,#3786,.T.);
#3786 = EDGE_CURVE('',#3787,#3787,#3789,.T.);
#3787 = VERTEX_POINT('',#3788);
#3788 = CARTESIAN_POINT('',(168.048,-20.225,1.51));
#3789 = CIRCLE('',#3790,0.445);
#3790 = AXIS2_PLACEMENT_3D('',#3791,#3792,#3793);
#3791 = CARTESIAN_POINT('',(168.048,-19.78,1.51));
#3792 = DIRECTION('',(-0.,0.,-1.));
#3793 = DIRECTION('',(-0.,-1.,0.));
#3794 = FACE_BOUND('',#3795,.T.);
#3795 = EDGE_LOOP('',(#3796));
#3796 = ORIENTED_EDGE('',*,*,#3797,.T.);
#3797 = EDGE_CURVE('',#3798,#3798,#3800,.T.);
#3798 = VERTEX_POINT('',#3799);
#3799 = CARTESIAN_POINT('',(170.08,-20.225,1.51));
#3800 = CIRCLE('',#3801,0.445);
#3801 = AXIS2_PLACEMENT_3D('',#3802,#3803,#3804);
#3802 = CARTESIAN_POINT('',(170.08,-19.78,1.51));
#3803 = DIRECTION('',(-0.,0.,-1.));
#3804 = DIRECTION('',(6.386900995596E-14,-1.,-0.));
#3805 = FACE_BOUND('',#3806,.T.);
#3806 = EDGE_LOOP('',(#3807));
#3807 = ORIENTED_EDGE('',*,*,#3808,.T.);
#3808 = EDGE_CURVE('',#3809,#3809,#3811,.T.);
#3809 = VERTEX_POINT('',#3810);
#3810 = CARTESIAN_POINT('',(172.112,-20.225,1.51));
#3811 = CIRCLE('',#3812,0.445);
#3812 = AXIS2_PLACEMENT_3D('',#3813,#3814,#3815);
#3813 = CARTESIAN_POINT('',(172.112,-19.78,1.51));
#3814 = DIRECTION('',(-0.,0.,-1.));
#3815 = DIRECTION('',(-0.,-1.,0.));
#3816 = FACE_BOUND('',#3817,.T.);
#3817 = EDGE_LOOP('',(#3818));
#3818 = ORIENTED_EDGE('',*,*,#3819,.T.);
#3819 = EDGE_CURVE('',#3820,#3820,#3822,.T.);
#3820 = VERTEX_POINT('',#3821);
#3821 = CARTESIAN_POINT('',(169.064,-18.445,1.51));
#3822 = CIRCLE('',#3823,0.445);
#3823 = AXIS2_PLACEMENT_3D('',#3824,#3825,#3826);
#3824 = CARTESIAN_POINT('',(169.064,-18.,1.51));
#3825 = DIRECTION('',(-0.,0.,-1.));
#3826 = DIRECTION('',(-0.,-1.,0.));
#3827 = FACE_BOUND('',#3828,.T.);
#3828 = EDGE_LOOP('',(#3829));
#3829 = ORIENTED_EDGE('',*,*,#3830,.T.);
#3830 = EDGE_CURVE('',#3831,#3831,#3833,.T.);
#3831 = VERTEX_POINT('',#3832);
#3832 = CARTESIAN_POINT('',(171.096,-18.445,1.51));
#3833 = CIRCLE('',#3834,0.445);
#3834 = AXIS2_PLACEMENT_3D('',#3835,#3836,#3837);
#3835 = CARTESIAN_POINT('',(171.096,-18.,1.51));
#3836 = DIRECTION('',(-0.,0.,-1.));
#3837 = DIRECTION('',(-0.,-1.,0.));
#3838 = FACE_BOUND('',#3839,.T.);
#3839 = EDGE_LOOP('',(#3840));
#3840 = ORIENTED_EDGE('',*,*,#3841,.T.);
#3841 = EDGE_CURVE('',#3842,#3842,#3844,.T.);
#3842 = VERTEX_POINT('',#3843);
#3843 = CARTESIAN_POINT('',(176.69,-19.675,1.51));
#3844 = CIRCLE('',#3845,0.785);
#3845 = AXIS2_PLACEMENT_3D('',#3846,#3847,#3848);
#3846 = CARTESIAN_POINT('',(176.69,-18.89,1.51));
#3847 = DIRECTION('',(-0.,0.,-1.));
#3848 = DIRECTION('',(-0.,-1.,0.));
#3849 = FACE_BOUND('',#3850,.T.);
#3850 = EDGE_LOOP('',(#3851));
#3851 = ORIENTED_EDGE('',*,*,#3852,.T.);
#3852 = EDGE_CURVE('',#3853,#3853,#3855,.T.);
#3853 = VERTEX_POINT('',#3854);
#3854 = CARTESIAN_POINT('',(174.91,-17.085,1.51));
#3855 = CIRCLE('',#3856,1.625);
#3856 = AXIS2_PLACEMENT_3D('',#3857,#3858,#3859);
#3857 = CARTESIAN_POINT('',(174.91,-15.46,1.51));
#3858 = DIRECTION('',(-0.,0.,-1.));
#3859 = DIRECTION('',(-0.,-1.,0.));
#3860 = PLANE('',#3861);
#3861 = AXIS2_PLACEMENT_3D('',#3862,#3863,#3864);
#3862 = CARTESIAN_POINT('',(0.,0.,1.51));
#3863 = DIRECTION('',(0.,0.,1.));
#3864 = DIRECTION('',(1.,0.,-0.));
#3865 = ADVANCED_FACE('',(#3866),#3872,.T.);
#3866 = FACE_BOUND('',#3867,.T.);
#3867 = EDGE_LOOP('',(#3868,#3869,#3870,#3871));
#3868 = ORIENTED_EDGE('',*,*,#119,.T.);
#3869 = ORIENTED_EDGE('',*,*,#2007,.T.);
#3870 = ORIENTED_EDGE('',*,*,#79,.F.);
#3871 = ORIENTED_EDGE('',*,*,#143,.F.);
#3872 = PLANE('',#3873);
#3873 = AXIS2_PLACEMENT_3D('',#3874,#3875,#3876);
#3874 = CARTESIAN_POINT('',(10.,-10.,0.));
#3875 = DIRECTION('',(0.,1.,0.));
#3876 = DIRECTION('',(1.,0.,0.));
#3877 = ADVANCED_FACE('',(#3878),#3889,.F.);
#3878 = FACE_BOUND('',#3879,.T.);
#3879 = EDGE_LOOP('',(#3880,#3881,#3887,#3888));
#3880 = ORIENTED_EDGE('',*,*,#152,.T.);
#3881 = ORIENTED_EDGE('',*,*,#3882,.T.);
#3882 = EDGE_CURVE('',#153,#2017,#3883,.T.);
#3883 = LINE('',#3884,#3885);
#3884 = CARTESIAN_POINT('',(20.,-125.6,-4.6E-02));
#3885 = VECTOR('',#3886,1.);
#3886 = DIRECTION('',(0.,0.,1.));
#3887 = ORIENTED_EDGE('',*,*,#2016,.F.);
#3888 = ORIENTED_EDGE('',*,*,#3882,.F.);
#3889 = CYLINDRICAL_SURFACE('',#3890,1.6);
#3890 = AXIS2_PLACEMENT_3D('',#3891,#3892,#3893);
#3891 = CARTESIAN_POINT('',(20.,-124.,-4.6E-02));
#3892 = DIRECTION('',(-0.,-0.,-1.));
#3893 = DIRECTION('',(-0.,-1.,0.));
#3894 = ADVANCED_FACE('',(#3895),#3911,.F.);
#3895 = FACE_BOUND('',#3896,.T.);
#3896 = EDGE_LOOP('',(#3897,#3898,#3904,#3905));
#3897 = ORIENTED_EDGE('',*,*,#163,.T.);
#3898 = ORIENTED_EDGE('',*,*,#3899,.T.);
#3899 = EDGE_CURVE('',#166,#2030,#3900,.T.);
#3900 = LINE('',#3901,#3902);
#3901 = CARTESIAN_POINT('',(22.,-107.2,-4.6E-02));
#3902 = VECTOR('',#3903,1.);
#3903 = DIRECTION('',(0.,0.,1.));
#3904 = ORIENTED_EDGE('',*,*,#2027,.F.);
#3905 = ORIENTED_EDGE('',*,*,#3906,.F.);
#3906 = EDGE_CURVE('',#164,#2028,#3907,.T.);
#3907 = LINE('',#3908,#3909);
#3908 = CARTESIAN_POINT('',(22.,-106.2,-4.6E-02));
#3909 = VECTOR('',#3910,1.);
#3910 = DIRECTION('',(0.,0.,1.));
#3911 = CYLINDRICAL_SURFACE('',#3912,0.5);
#3912 = AXIS2_PLACEMENT_3D('',#3913,#3914,#3915);
#3913 = CARTESIAN_POINT('',(22.,-106.7,-4.6E-02));
#3914 = DIRECTION('',(-0.,-0.,-1.));
#3915 = DIRECTION('',(-0.,-1.,0.));
#3916 = ADVANCED_FACE('',(#3917),#3928,.T.);
#3917 = FACE_BOUND('',#3918,.T.);
#3918 = EDGE_LOOP('',(#3919,#3920,#3921,#3922));
#3919 = ORIENTED_EDGE('',*,*,#191,.T.);
#3920 = ORIENTED_EDGE('',*,*,#3906,.T.);
#3921 = ORIENTED_EDGE('',*,*,#2055,.F.);
#3922 = ORIENTED_EDGE('',*,*,#3923,.F.);
#3923 = EDGE_CURVE('',#183,#2047,#3924,.T.);
#3924 = LINE('',#3925,#3926);
#3925 = CARTESIAN_POINT('',(20.,-106.2,-4.6E-02));
#3926 = VECTOR('',#3927,1.);
#3927 = DIRECTION('',(0.,0.,1.));
#3928 = PLANE('',#3929);
#3929 = AXIS2_PLACEMENT_3D('',#3930,#3931,#3932);
#3930 = CARTESIAN_POINT('',(22.,-106.2,-4.6E-02));
#3931 = DIRECTION('',(0.,-1.,0.));
#3932 = DIRECTION('',(-1.,0.,0.));
#3933 = ADVANCED_FACE('',(#3934),#3945,.F.);
#3934 = FACE_BOUND('',#3935,.T.);
#3935 = EDGE_LOOP('',(#3936,#3937,#3938,#3939));
#3936 = ORIENTED_EDGE('',*,*,#182,.T.);
#3937 = ORIENTED_EDGE('',*,*,#3923,.T.);
#3938 = ORIENTED_EDGE('',*,*,#2046,.F.);
#3939 = ORIENTED_EDGE('',*,*,#3940,.F.);
#3940 = EDGE_CURVE('',#175,#2039,#3941,.T.);
#3941 = LINE('',#3942,#3943);
#3942 = CARTESIAN_POINT('',(20.,-107.2,-4.6E-02));
#3943 = VECTOR('',#3944,1.);
#3944 = DIRECTION('',(0.,0.,1.));
#3945 = CYLINDRICAL_SURFACE('',#3946,0.5);
#3946 = AXIS2_PLACEMENT_3D('',#3947,#3948,#3949);
#3947 = CARTESIAN_POINT('',(20.,-106.7,-4.6E-02));
#3948 = DIRECTION('',(-0.,0.,-1.));
#3949 = DIRECTION('',(0.,1.,0.));
#3950 = ADVANCED_FACE('',(#3951),#3957,.T.);
#3951 = FACE_BOUND('',#3952,.T.);
#3952 = EDGE_LOOP('',(#3953,#3954,#3955,#3956));
#3953 = ORIENTED_EDGE('',*,*,#174,.T.);
#3954 = ORIENTED_EDGE('',*,*,#3940,.T.);
#3955 = ORIENTED_EDGE('',*,*,#2038,.F.);
#3956 = ORIENTED_EDGE('',*,*,#3899,.F.);
#3957 = PLANE('',#3958);
#3958 = AXIS2_PLACEMENT_3D('',#3959,#3960,#3961);
#3959 = CARTESIAN_POINT('',(20.,-107.2,-4.6E-02));
#3960 = DIRECTION('',(0.,1.,0.));
#3961 = DIRECTION('',(1.,0.,0.));
#3962 = ADVANCED_FACE('',(#3963),#3979,.F.);
#3963 = FACE_BOUND('',#3964,.T.);
#3964 = EDGE_LOOP('',(#3965,#3966,#3972,#3973));
#3965 = ORIENTED_EDGE('',*,*,#199,.T.);
#3966 = ORIENTED_EDGE('',*,*,#3967,.T.);
#3967 = EDGE_CURVE('',#202,#2066,#3968,.T.);
#3968 = LINE('',#3969,#3970);
#3969 = CARTESIAN_POINT('',(17.5,-103.,-4.6E-02));
#3970 = VECTOR('',#3971,1.);
#3971 = DIRECTION('',(0.,0.,1.));
#3972 = ORIENTED_EDGE('',*,*,#2063,.F.);
#3973 = ORIENTED_EDGE('',*,*,#3974,.F.);
#3974 = EDGE_CURVE('',#200,#2064,#3975,.T.);
#3975 = LINE('',#3976,#3977);
#3976 = CARTESIAN_POINT('',(18.5,-103.,-4.6E-02));
#3977 = VECTOR('',#3978,1.);
#3978 = DIRECTION('',(0.,0.,1.));
#3979 = CYLINDRICAL_SURFACE('',#3980,0.5);
#3980 = AXIS2_PLACEMENT_3D('',#3981,#3982,#3983);
#3981 = CARTESIAN_POINT('',(18.,-103.,-4.6E-02));
#3982 = DIRECTION('',(-0.,-0.,-1.));
#3983 = DIRECTION('',(-1.,0.,-0.));
#3984 = ADVANCED_FACE('',(#3985),#3996,.T.);
#3985 = FACE_BOUND('',#3986,.T.);
#3986 = EDGE_LOOP('',(#3987,#3988,#3989,#3990));
#3987 = ORIENTED_EDGE('',*,*,#227,.T.);
#3988 = ORIENTED_EDGE('',*,*,#3974,.T.);
#3989 = ORIENTED_EDGE('',*,*,#2091,.F.);
#3990 = ORIENTED_EDGE('',*,*,#3991,.F.);
#3991 = EDGE_CURVE('',#219,#2083,#3992,.T.);
#3992 = LINE('',#3993,#3994);
#3993 = CARTESIAN_POINT('',(18.5,-101.,-4.6E-02));
#3994 = VECTOR('',#3995,1.);
#3995 = DIRECTION('',(0.,0.,1.));
#3996 = PLANE('',#3997);
#3997 = AXIS2_PLACEMENT_3D('',#3998,#3999,#4000);
#3998 = CARTESIAN_POINT('',(18.5,-103.,-4.6E-02));
#3999 = DIRECTION('',(-1.,0.,0.));
#4000 = DIRECTION('',(0.,1.,0.));
#4001 = ADVANCED_FACE('',(#4002),#4013,.F.);
#4002 = FACE_BOUND('',#4003,.T.);
#4003 = EDGE_LOOP('',(#4004,#4005,#4006,#4007));
#4004 = ORIENTED_EDGE('',*,*,#218,.T.);
#4005 = ORIENTED_EDGE('',*,*,#3991,.T.);
#4006 = ORIENTED_EDGE('',*,*,#2082,.F.);
#4007 = ORIENTED_EDGE('',*,*,#4008,.F.);
#4008 = EDGE_CURVE('',#211,#2075,#4009,.T.);
#4009 = LINE('',#4010,#4011);
#4010 = CARTESIAN_POINT('',(17.5,-101.,-4.6E-02));
#4011 = VECTOR('',#4012,1.);
#4012 = DIRECTION('',(0.,0.,1.));
#4013 = CYLINDRICAL_SURFACE('',#4014,0.5);
#4014 = AXIS2_PLACEMENT_3D('',#4015,#4016,#4017);
#4015 = CARTESIAN_POINT('',(18.,-101.,-4.6E-02));
#4016 = DIRECTION('',(-0.,-0.,-1.));
#4017 = DIRECTION('',(1.,0.,-0.));
#4018 = ADVANCED_FACE('',(#4019),#4025,.T.);
#4019 = FACE_BOUND('',#4020,.T.);
#4020 = EDGE_LOOP('',(#4021,#4022,#4023,#4024));
#4021 = ORIENTED_EDGE('',*,*,#210,.T.);
#4022 = ORIENTED_EDGE('',*,*,#4008,.T.);
#4023 = ORIENTED_EDGE('',*,*,#2074,.F.);
#4024 = ORIENTED_EDGE('',*,*,#3967,.F.);
#4025 = PLANE('',#4026);
#4026 = AXIS2_PLACEMENT_3D('',#4027,#4028,#4029);
#4027 = CARTESIAN_POINT('',(17.5,-101.,-4.6E-02));
#4028 = DIRECTION('',(1.,0.,-0.));
#4029 = DIRECTION('',(0.,-1.,0.));
#4030 = ADVANCED_FACE('',(#4031),#4047,.F.);
#4031 = FACE_BOUND('',#4032,.T.);
#4032 = EDGE_LOOP('',(#4033,#4034,#4040,#4041));
#4033 = ORIENTED_EDGE('',*,*,#235,.T.);
#4034 = ORIENTED_EDGE('',*,*,#4035,.T.);
#4035 = EDGE_CURVE('',#238,#2102,#4036,.T.);
#4036 = LINE('',#4037,#4038);
#4037 = CARTESIAN_POINT('',(23.5,-103.,-4.6E-02));
#4038 = VECTOR('',#4039,1.);
#4039 = DIRECTION('',(0.,0.,1.));
#4040 = ORIENTED_EDGE('',*,*,#2099,.F.);
#4041 = ORIENTED_EDGE('',*,*,#4042,.F.);
#4042 = EDGE_CURVE('',#236,#2100,#4043,.T.);
#4043 = LINE('',#4044,#4045);
#4044 = CARTESIAN_POINT('',(24.5,-103.,-4.6E-02));
#4045 = VECTOR('',#4046,1.);
#4046 = DIRECTION('',(0.,0.,1.));
#4047 = CYLINDRICAL_SURFACE('',#4048,0.5);
#4048 = AXIS2_PLACEMENT_3D('',#4049,#4050,#4051);
#4049 = CARTESIAN_POINT('',(24.,-103.,-4.6E-02));
#4050 = DIRECTION('',(-0.,-0.,-1.));
#4051 = DIRECTION('',(-1.,0.,-0.));
#4052 = ADVANCED_FACE('',(#4053),#4064,.T.);
#4053 = FACE_BOUND('',#4054,.T.);
#4054 = EDGE_LOOP('',(#4055,#4056,#4057,#4058));
#4055 = ORIENTED_EDGE('',*,*,#263,.T.);
#4056 = ORIENTED_EDGE('',*,*,#4042,.T.);
#4057 = ORIENTED_EDGE('',*,*,#2127,.F.);
#4058 = ORIENTED_EDGE('',*,*,#4059,.F.);
#4059 = EDGE_CURVE('',#255,#2119,#4060,.T.);
#4060 = LINE('',#4061,#4062);
#4061 = CARTESIAN_POINT('',(24.5,-101.,-4.6E-02));
#4062 = VECTOR('',#4063,1.);
#4063 = DIRECTION('',(0.,0.,1.));
#4064 = PLANE('',#4065);
#4065 = AXIS2_PLACEMENT_3D('',#4066,#4067,#4068);
#4066 = CARTESIAN_POINT('',(24.5,-103.,-4.6E-02));
#4067 = DIRECTION('',(-1.,0.,0.));
#4068 = DIRECTION('',(0.,1.,0.));
#4069 = ADVANCED_FACE('',(#4070),#4081,.F.);
#4070 = FACE_BOUND('',#4071,.T.);
#4071 = EDGE_LOOP('',(#4072,#4073,#4074,#4075));
#4072 = ORIENTED_EDGE('',*,*,#254,.T.);
#4073 = ORIENTED_EDGE('',*,*,#4059,.T.);
#4074 = ORIENTED_EDGE('',*,*,#2118,.F.);
#4075 = ORIENTED_EDGE('',*,*,#4076,.F.);
#4076 = EDGE_CURVE('',#247,#2111,#4077,.T.);
#4077 = LINE('',#4078,#4079);
#4078 = CARTESIAN_POINT('',(23.5,-101.,-4.6E-02));
#4079 = VECTOR('',#4080,1.);
#4080 = DIRECTION('',(0.,0.,1.));
#4081 = CYLINDRICAL_SURFACE('',#4082,0.5);
#4082 = AXIS2_PLACEMENT_3D('',#4083,#4084,#4085);
#4083 = CARTESIAN_POINT('',(24.,-101.,-4.6E-02));
#4084 = DIRECTION('',(-0.,-0.,-1.));
#4085 = DIRECTION('',(1.,0.,-0.));
#4086 = ADVANCED_FACE('',(#4087),#4093,.T.);
#4087 = FACE_BOUND('',#4088,.T.);
#4088 = EDGE_LOOP('',(#4089,#4090,#4091,#4092));
#4089 = ORIENTED_EDGE('',*,*,#246,.T.);
#4090 = ORIENTED_EDGE('',*,*,#4076,.T.);
#4091 = ORIENTED_EDGE('',*,*,#2110,.F.);
#4092 = ORIENTED_EDGE('',*,*,#4035,.F.);
#4093 = PLANE('',#4094);
#4094 = AXIS2_PLACEMENT_3D('',#4095,#4096,#4097);
#4095 = CARTESIAN_POINT('',(23.5,-101.,-4.6E-02));
#4096 = DIRECTION('',(1.,0.,-0.));
#4097 = DIRECTION('',(0.,-1.,0.));
#4098 = ADVANCED_FACE('',(#4099),#4115,.F.);
#4099 = FACE_BOUND('',#4100,.T.);
#4100 = EDGE_LOOP('',(#4101,#4102,#4108,#4109));
#4101 = ORIENTED_EDGE('',*,*,#271,.T.);
#4102 = ORIENTED_EDGE('',*,*,#4103,.T.);
#4103 = EDGE_CURVE('',#274,#2138,#4104,.T.);
#4104 = LINE('',#4105,#4106);
#4105 = CARTESIAN_POINT('',(85.38,-127.475,-4.6E-02));
#4106 = VECTOR('',#4107,1.);
#4107 = DIRECTION('',(0.,0.,1.));
#4108 = ORIENTED_EDGE('',*,*,#2135,.F.);
#4109 = ORIENTED_EDGE('',*,*,#4110,.F.);
#4110 = EDGE_CURVE('',#272,#2136,#4111,.T.);
#4111 = LINE('',#4112,#4113);
#4112 = CARTESIAN_POINT('',(85.98,-127.475,-4.6E-02));
#4113 = VECTOR('',#4114,1.);
#4114 = DIRECTION('',(0.,0.,1.));
#4115 = CYLINDRICAL_SURFACE('',#4116,0.3);
#4116 = AXIS2_PLACEMENT_3D('',#4117,#4118,#4119);
#4117 = CARTESIAN_POINT('',(85.68,-127.475,-4.6E-02));
#4118 = DIRECTION('',(-0.,-0.,-1.));
#4119 = DIRECTION('',(-1.,0.,-0.));
#4120 = ADVANCED_FACE('',(#4121),#4132,.T.);
#4121 = FACE_BOUND('',#4122,.T.);
#4122 = EDGE_LOOP('',(#4123,#4124,#4125,#4126));
#4123 = ORIENTED_EDGE('',*,*,#299,.T.);
#4124 = ORIENTED_EDGE('',*,*,#4110,.T.);
#4125 = ORIENTED_EDGE('',*,*,#2163,.F.);
#4126 = ORIENTED_EDGE('',*,*,#4127,.F.);
#4127 = EDGE_CURVE('',#291,#2155,#4128,.T.);
#4128 = LINE('',#4129,#4130);
#4129 = CARTESIAN_POINT('',(85.98,-126.675,-4.6E-02));
#4130 = VECTOR('',#4131,1.);
#4131 = DIRECTION('',(0.,0.,1.));
#4132 = PLANE('',#4133);
#4133 = AXIS2_PLACEMENT_3D('',#4134,#4135,#4136);
#4134 = CARTESIAN_POINT('',(85.98,-127.475,-4.6E-02));
#4135 = DIRECTION('',(-1.,0.,0.));
#4136 = DIRECTION('',(0.,1.,0.));
#4137 = ADVANCED_FACE('',(#4138),#4149,.F.);
#4138 = FACE_BOUND('',#4139,.T.);
#4139 = EDGE_LOOP('',(#4140,#4141,#4142,#4143));
#4140 = ORIENTED_EDGE('',*,*,#290,.T.);
#4141 = ORIENTED_EDGE('',*,*,#4127,.T.);
#4142 = ORIENTED_EDGE('',*,*,#2154,.F.);
#4143 = ORIENTED_EDGE('',*,*,#4144,.F.);
#4144 = EDGE_CURVE('',#283,#2147,#4145,.T.);
#4145 = LINE('',#4146,#4147);
#4146 = CARTESIAN_POINT('',(85.38,-126.675,-4.6E-02));
#4147 = VECTOR('',#4148,1.);
#4148 = DIRECTION('',(0.,0.,1.));
#4149 = CYLINDRICAL_SURFACE('',#4150,0.3);
#4150 = AXIS2_PLACEMENT_3D('',#4151,#4152,#4153);
#4151 = CARTESIAN_POINT('',(85.68,-126.675,-4.6E-02));
#4152 = DIRECTION('',(-0.,-0.,-1.));
#4153 = DIRECTION('',(1.,4.736951571734E-14,-0.));
#4154 = ADVANCED_FACE('',(#4155),#4161,.T.);
#4155 = FACE_BOUND('',#4156,.T.);
#4156 = EDGE_LOOP('',(#4157,#4158,#4159,#4160));
#4157 = ORIENTED_EDGE('',*,*,#282,.T.);
#4158 = ORIENTED_EDGE('',*,*,#4144,.T.);
#4159 = ORIENTED_EDGE('',*,*,#2146,.F.);
#4160 = ORIENTED_EDGE('',*,*,#4103,.F.);
#4161 = PLANE('',#4162);
#4162 = AXIS2_PLACEMENT_3D('',#4163,#4164,#4165);
#4163 = CARTESIAN_POINT('',(85.38,-126.675,-4.6E-02));
#4164 = DIRECTION('',(1.,0.,-0.));
#4165 = DIRECTION('',(0.,-1.,0.));
#4166 = ADVANCED_FACE('',(#4167),#4183,.F.);
#4167 = FACE_BOUND('',#4168,.T.);
#4168 = EDGE_LOOP('',(#4169,#4170,#4176,#4177));
#4169 = ORIENTED_EDGE('',*,*,#307,.T.);
#4170 = ORIENTED_EDGE('',*,*,#4171,.T.);
#4171 = EDGE_CURVE('',#310,#2174,#4172,.T.);
#4172 = LINE('',#4173,#4174);
#4173 = CARTESIAN_POINT('',(94.02,-127.475,-4.6E-02));
#4174 = VECTOR('',#4175,1.);
#4175 = DIRECTION('',(0.,0.,1.));
#4176 = ORIENTED_EDGE('',*,*,#2171,.F.);
#4177 = ORIENTED_EDGE('',*,*,#4178,.F.);
#4178 = EDGE_CURVE('',#308,#2172,#4179,.T.);
#4179 = LINE('',#4180,#4181);
#4180 = CARTESIAN_POINT('',(94.62,-127.475,-4.6E-02));
#4181 = VECTOR('',#4182,1.);
#4182 = DIRECTION('',(0.,0.,1.));
#4183 = CYLINDRICAL_SURFACE('',#4184,0.3);
#4184 = AXIS2_PLACEMENT_3D('',#4185,#4186,#4187);
#4185 = CARTESIAN_POINT('',(94.32,-127.475,-4.6E-02));
#4186 = DIRECTION('',(-0.,-0.,-1.));
#4187 = DIRECTION('',(-1.,0.,-0.));
#4188 = ADVANCED_FACE('',(#4189),#4200,.T.);
#4189 = FACE_BOUND('',#4190,.T.);
#4190 = EDGE_LOOP('',(#4191,#4192,#4193,#4194));
#4191 = ORIENTED_EDGE('',*,*,#335,.T.);
#4192 = ORIENTED_EDGE('',*,*,#4178,.T.);
#4193 = ORIENTED_EDGE('',*,*,#2199,.F.);
#4194 = ORIENTED_EDGE('',*,*,#4195,.F.);
#4195 = EDGE_CURVE('',#327,#2191,#4196,.T.);
#4196 = LINE('',#4197,#4198);
#4197 = CARTESIAN_POINT('',(94.62,-126.675,-4.6E-02));
#4198 = VECTOR('',#4199,1.);
#4199 = DIRECTION('',(0.,0.,1.));
#4200 = PLANE('',#4201);
#4201 = AXIS2_PLACEMENT_3D('',#4202,#4203,#4204);
#4202 = CARTESIAN_POINT('',(94.62,-127.475,-4.6E-02));
#4203 = DIRECTION('',(-1.,0.,0.));
#4204 = DIRECTION('',(0.,1.,0.));
#4205 = ADVANCED_FACE('',(#4206),#4217,.F.);
#4206 = FACE_BOUND('',#4207,.T.);
#4207 = EDGE_LOOP('',(#4208,#4209,#4210,#4211));
#4208 = ORIENTED_EDGE('',*,*,#326,.T.);
#4209 = ORIENTED_EDGE('',*,*,#4195,.T.);
#4210 = ORIENTED_EDGE('',*,*,#2190,.F.);
#4211 = ORIENTED_EDGE('',*,*,#4212,.F.);
#4212 = EDGE_CURVE('',#319,#2183,#4213,.T.);
#4213 = LINE('',#4214,#4215);
#4214 = CARTESIAN_POINT('',(94.02,-126.675,-4.6E-02));
#4215 = VECTOR('',#4216,1.);
#4216 = DIRECTION('',(0.,0.,1.));
#4217 = CYLINDRICAL_SURFACE('',#4218,0.3);
#4218 = AXIS2_PLACEMENT_3D('',#4219,#4220,#4221);
#4219 = CARTESIAN_POINT('',(94.32,-126.675,-4.6E-02));
#4220 = DIRECTION('',(-0.,-0.,-1.));
#4221 = DIRECTION('',(1.,4.736951571734E-14,-0.));
#4222 = ADVANCED_FACE('',(#4223),#4229,.T.);
#4223 = FACE_BOUND('',#4224,.T.);
#4224 = EDGE_LOOP('',(#4225,#4226,#4227,#4228));
#4225 = ORIENTED_EDGE('',*,*,#318,.T.);
#4226 = ORIENTED_EDGE('',*,*,#4212,.T.);
#4227 = ORIENTED_EDGE('',*,*,#2182,.F.);
#4228 = ORIENTED_EDGE('',*,*,#4171,.F.);
#4229 = PLANE('',#4230);
#4230 = AXIS2_PLACEMENT_3D('',#4231,#4232,#4233);
#4231 = CARTESIAN_POINT('',(94.02,-126.675,-4.6E-02));
#4232 = DIRECTION('',(1.,0.,-0.));
#4233 = DIRECTION('',(0.,-1.,0.));
#4234 = ADVANCED_FACE('',(#4235),#4246,.F.);
#4235 = FACE_BOUND('',#4236,.T.);
#4236 = EDGE_LOOP('',(#4237,#4238,#4244,#4245));
#4237 = ORIENTED_EDGE('',*,*,#343,.T.);
#4238 = ORIENTED_EDGE('',*,*,#4239,.T.);
#4239 = EDGE_CURVE('',#344,#2208,#4240,.T.);
#4240 = LINE('',#4241,#4242);
#4241 = CARTESIAN_POINT('',(87.11,-123.72,-4.6E-02));
#4242 = VECTOR('',#4243,1.);
#4243 = DIRECTION('',(0.,0.,1.));
#4244 = ORIENTED_EDGE('',*,*,#2207,.F.);
#4245 = ORIENTED_EDGE('',*,*,#4239,.F.);
#4246 = CYLINDRICAL_SURFACE('',#4247,0.325);
#4247 = AXIS2_PLACEMENT_3D('',#4248,#4249,#4250);
#4248 = CARTESIAN_POINT('',(87.11,-123.395,-4.6E-02));
#4249 = DIRECTION('',(-0.,-0.,-1.));
#4250 = DIRECTION('',(-0.,-1.,0.));
#4251 = ADVANCED_FACE('',(#4252),#4268,.F.);
#4252 = FACE_BOUND('',#4253,.T.);
#4253 = EDGE_LOOP('',(#4254,#4255,#4261,#4262));
#4254 = ORIENTED_EDGE('',*,*,#354,.T.);
#4255 = ORIENTED_EDGE('',*,*,#4256,.T.);
#4256 = EDGE_CURVE('',#357,#2221,#4257,.T.);
#4257 = LINE('',#4258,#4259);
#4258 = CARTESIAN_POINT('',(85.38,-123.445,-4.6E-02));
#4259 = VECTOR('',#4260,1.);
#4260 = DIRECTION('',(0.,0.,1.));
#4261 = ORIENTED_EDGE('',*,*,#2218,.F.);
#4262 = ORIENTED_EDGE('',*,*,#4263,.F.);
#4263 = EDGE_CURVE('',#355,#2219,#4264,.T.);
#4264 = LINE('',#4265,#4266);
#4265 = CARTESIAN_POINT('',(85.98,-123.445,-4.6E-02));
#4266 = VECTOR('',#4267,1.);
#4267 = DIRECTION('',(0.,0.,1.));
#4268 = CYLINDRICAL_SURFACE('',#4269,0.3);
#4269 = AXIS2_PLACEMENT_3D('',#4270,#4271,#4272);
#4270 = CARTESIAN_POINT('',(85.68,-123.445,-4.6E-02));
#4271 = DIRECTION('',(-0.,-0.,-1.));
#4272 = DIRECTION('',(-1.,0.,-0.));
#4273 = ADVANCED_FACE('',(#4274),#4285,.T.);
#4274 = FACE_BOUND('',#4275,.T.);
#4275 = EDGE_LOOP('',(#4276,#4277,#4278,#4279));
#4276 = ORIENTED_EDGE('',*,*,#382,.T.);
#4277 = ORIENTED_EDGE('',*,*,#4263,.T.);
#4278 = ORIENTED_EDGE('',*,*,#2246,.F.);
#4279 = ORIENTED_EDGE('',*,*,#4280,.F.);
#4280 = EDGE_CURVE('',#374,#2238,#4281,.T.);
#4281 = LINE('',#4282,#4283);
#4282 = CARTESIAN_POINT('',(85.98,-122.345,-4.6E-02));
#4283 = VECTOR('',#4284,1.);
#4284 = DIRECTION('',(0.,0.,1.));
#4285 = PLANE('',#4286);
#4286 = AXIS2_PLACEMENT_3D('',#4287,#4288,#4289);
#4287 = CARTESIAN_POINT('',(85.98,-123.445,-4.6E-02));
#4288 = DIRECTION('',(-1.,0.,0.));
#4289 = DIRECTION('',(0.,1.,0.));
#4290 = ADVANCED_FACE('',(#4291),#4302,.F.);
#4291 = FACE_BOUND('',#4292,.T.);
#4292 = EDGE_LOOP('',(#4293,#4294,#4295,#4296));
#4293 = ORIENTED_EDGE('',*,*,#373,.T.);
#4294 = ORIENTED_EDGE('',*,*,#4280,.T.);
#4295 = ORIENTED_EDGE('',*,*,#2237,.F.);
#4296 = ORIENTED_EDGE('',*,*,#4297,.F.);
#4297 = EDGE_CURVE('',#366,#2230,#4298,.T.);
#4298 = LINE('',#4299,#4300);
#4299 = CARTESIAN_POINT('',(85.38,-122.345,-4.6E-02));
#4300 = VECTOR('',#4301,1.);
#4301 = DIRECTION('',(0.,0.,1.));
#4302 = CYLINDRICAL_SURFACE('',#4303,0.3);
#4303 = AXIS2_PLACEMENT_3D('',#4304,#4305,#4306);
#4304 = CARTESIAN_POINT('',(85.68,-122.345,-4.6E-02));
#4305 = DIRECTION('',(-0.,-0.,-1.));
#4306 = DIRECTION('',(1.,0.,-0.));
#4307 = ADVANCED_FACE('',(#4308),#4314,.T.);
#4308 = FACE_BOUND('',#4309,.T.);
#4309 = EDGE_LOOP('',(#4310,#4311,#4312,#4313));
#4310 = ORIENTED_EDGE('',*,*,#365,.T.);
#4311 = ORIENTED_EDGE('',*,*,#4297,.T.);
#4312 = ORIENTED_EDGE('',*,*,#2229,.F.);
#4313 = ORIENTED_EDGE('',*,*,#4256,.F.);
#4314 = PLANE('',#4315);
#4315 = AXIS2_PLACEMENT_3D('',#4316,#4317,#4318);
#4316 = CARTESIAN_POINT('',(85.38,-122.345,-4.6E-02));
#4317 = DIRECTION('',(1.,0.,-0.));
#4318 = DIRECTION('',(0.,-1.,0.));
#4319 = ADVANCED_FACE('',(#4320),#4331,.F.);
#4320 = FACE_BOUND('',#4321,.T.);
#4321 = EDGE_LOOP('',(#4322,#4323,#4329,#4330));
#4322 = ORIENTED_EDGE('',*,*,#390,.T.);
#4323 = ORIENTED_EDGE('',*,*,#4324,.T.);
#4324 = EDGE_CURVE('',#391,#2255,#4325,.T.);
#4325 = LINE('',#4326,#4327);
#4326 = CARTESIAN_POINT('',(92.89,-123.72,-4.6E-02));
#4327 = VECTOR('',#4328,1.);
#4328 = DIRECTION('',(0.,0.,1.));
#4329 = ORIENTED_EDGE('',*,*,#2254,.F.);
#4330 = ORIENTED_EDGE('',*,*,#4324,.F.);
#4331 = CYLINDRICAL_SURFACE('',#4332,0.325);
#4332 = AXIS2_PLACEMENT_3D('',#4333,#4334,#4335);
#4333 = CARTESIAN_POINT('',(92.89,-123.395,-4.6E-02));
#4334 = DIRECTION('',(-0.,-0.,-1.));
#4335 = DIRECTION('',(-0.,-1.,0.));
#4336 = ADVANCED_FACE('',(#4337),#4353,.F.);
#4337 = FACE_BOUND('',#4338,.T.);
#4338 = EDGE_LOOP('',(#4339,#4340,#4346,#4347));
#4339 = ORIENTED_EDGE('',*,*,#401,.T.);
#4340 = ORIENTED_EDGE('',*,*,#4341,.T.);
#4341 = EDGE_CURVE('',#404,#2268,#4342,.T.);
#4342 = LINE('',#4343,#4344);
#4343 = CARTESIAN_POINT('',(94.02,-123.445,-4.6E-02));
#4344 = VECTOR('',#4345,1.);
#4345 = DIRECTION('',(0.,0.,1.));
#4346 = ORIENTED_EDGE('',*,*,#2265,.F.);
#4347 = ORIENTED_EDGE('',*,*,#4348,.F.);
#4348 = EDGE_CURVE('',#402,#2266,#4349,.T.);
#4349 = LINE('',#4350,#4351);
#4350 = CARTESIAN_POINT('',(94.62,-123.445,-4.6E-02));
#4351 = VECTOR('',#4352,1.);
#4352 = DIRECTION('',(0.,0.,1.));
#4353 = CYLINDRICAL_SURFACE('',#4354,0.3);
#4354 = AXIS2_PLACEMENT_3D('',#4355,#4356,#4357);
#4355 = CARTESIAN_POINT('',(94.32,-123.445,-4.6E-02));
#4356 = DIRECTION('',(-0.,-0.,-1.));
#4357 = DIRECTION('',(-1.,0.,-0.));
#4358 = ADVANCED_FACE('',(#4359),#4370,.T.);
#4359 = FACE_BOUND('',#4360,.T.);
#4360 = EDGE_LOOP('',(#4361,#4362,#4363,#4364));
#4361 = ORIENTED_EDGE('',*,*,#429,.T.);
#4362 = ORIENTED_EDGE('',*,*,#4348,.T.);
#4363 = ORIENTED_EDGE('',*,*,#2293,.F.);
#4364 = ORIENTED_EDGE('',*,*,#4365,.F.);
#4365 = EDGE_CURVE('',#421,#2285,#4366,.T.);
#4366 = LINE('',#4367,#4368);
#4367 = CARTESIAN_POINT('',(94.62,-122.345,-4.6E-02));
#4368 = VECTOR('',#4369,1.);
#4369 = DIRECTION('',(0.,0.,1.));
#4370 = PLANE('',#4371);
#4371 = AXIS2_PLACEMENT_3D('',#4372,#4373,#4374);
#4372 = CARTESIAN_POINT('',(94.62,-123.445,-4.6E-02));
#4373 = DIRECTION('',(-1.,0.,0.));
#4374 = DIRECTION('',(0.,1.,0.));
#4375 = ADVANCED_FACE('',(#4376),#4387,.F.);
#4376 = FACE_BOUND('',#4377,.T.);
#4377 = EDGE_LOOP('',(#4378,#4379,#4380,#4381));
#4378 = ORIENTED_EDGE('',*,*,#420,.T.);
#4379 = ORIENTED_EDGE('',*,*,#4365,.T.);
#4380 = ORIENTED_EDGE('',*,*,#2284,.F.);
#4381 = ORIENTED_EDGE('',*,*,#4382,.F.);
#4382 = EDGE_CURVE('',#413,#2277,#4383,.T.);
#4383 = LINE('',#4384,#4385);
#4384 = CARTESIAN_POINT('',(94.02,-122.345,-4.6E-02));
#4385 = VECTOR('',#4386,1.);
#4386 = DIRECTION('',(0.,0.,1.));
#4387 = CYLINDRICAL_SURFACE('',#4388,0.3);
#4388 = AXIS2_PLACEMENT_3D('',#4389,#4390,#4391);
#4389 = CARTESIAN_POINT('',(94.32,-122.345,-4.6E-02));
#4390 = DIRECTION('',(-0.,-0.,-1.));
#4391 = DIRECTION('',(1.,0.,-0.));
#4392 = ADVANCED_FACE('',(#4393),#4399,.T.);
#4393 = FACE_BOUND('',#4394,.T.);
#4394 = EDGE_LOOP('',(#4395,#4396,#4397,#4398));
#4395 = ORIENTED_EDGE('',*,*,#412,.T.);
#4396 = ORIENTED_EDGE('',*,*,#4382,.T.);
#4397 = ORIENTED_EDGE('',*,*,#2276,.F.);
#4398 = ORIENTED_EDGE('',*,*,#4341,.F.);
#4399 = PLANE('',#4400);
#4400 = AXIS2_PLACEMENT_3D('',#4401,#4402,#4403);
#4401 = CARTESIAN_POINT('',(94.02,-122.345,-4.6E-02));
#4402 = DIRECTION('',(1.,0.,-0.));
#4403 = DIRECTION('',(0.,-1.,0.));
#4404 = ADVANCED_FACE('',(#4405),#4416,.F.);
#4405 = FACE_BOUND('',#4406,.T.);
#4406 = EDGE_LOOP('',(#4407,#4408,#4414,#4415));
#4407 = ORIENTED_EDGE('',*,*,#437,.T.);
#4408 = ORIENTED_EDGE('',*,*,#4409,.T.);
#4409 = EDGE_CURVE('',#438,#2302,#4410,.T.);
#4410 = LINE('',#4411,#4412);
#4411 = CARTESIAN_POINT('',(140.,-118.5,-4.6E-02));
#4412 = VECTOR('',#4413,1.);
#4413 = DIRECTION('',(0.,0.,1.));
#4414 = ORIENTED_EDGE('',*,*,#2301,.F.);
#4415 = ORIENTED_EDGE('',*,*,#4409,.F.);
#4416 = CYLINDRICAL_SURFACE('',#4417,0.5);
#4417 = AXIS2_PLACEMENT_3D('',#4418,#4419,#4420);
#4418 = CARTESIAN_POINT('',(140.,-118.,-4.6E-02));
#4419 = DIRECTION('',(-0.,-0.,-1.));
#4420 = DIRECTION('',(-0.,-1.,0.));
#4421 = ADVANCED_FACE('',(#4422),#4433,.F.);
#4422 = FACE_BOUND('',#4423,.T.);
#4423 = EDGE_LOOP('',(#4424,#4425,#4431,#4432));
#4424 = ORIENTED_EDGE('',*,*,#448,.T.);
#4425 = ORIENTED_EDGE('',*,*,#4426,.T.);
#4426 = EDGE_CURVE('',#449,#2313,#4427,.T.);
#4427 = LINE('',#4428,#4429);
#4428 = CARTESIAN_POINT('',(142.54,-118.5,-4.6E-02));
#4429 = VECTOR('',#4430,1.);
#4430 = DIRECTION('',(0.,0.,1.));
#4431 = ORIENTED_EDGE('',*,*,#2312,.F.);
#4432 = ORIENTED_EDGE('',*,*,#4426,.F.);
#4433 = CYLINDRICAL_SURFACE('',#4434,0.5);
#4434 = AXIS2_PLACEMENT_3D('',#4435,#4436,#4437);
#4435 = CARTESIAN_POINT('',(142.54,-118.,-4.6E-02));
#4436 = DIRECTION('',(-0.,-0.,-1.));
#4437 = DIRECTION('',(-0.,-1.,0.));
#4438 = ADVANCED_FACE('',(#4439),#4450,.F.);
#4439 = FACE_BOUND('',#4440,.T.);
#4440 = EDGE_LOOP('',(#4441,#4442,#4448,#4449));
#4441 = ORIENTED_EDGE('',*,*,#459,.T.);
#4442 = ORIENTED_EDGE('',*,*,#4443,.T.);
#4443 = EDGE_CURVE('',#460,#2324,#4444,.T.);
#4444 = LINE('',#4445,#4446);
#4445 = CARTESIAN_POINT('',(145.08,-118.5,-4.6E-02));
#4446 = VECTOR('',#4447,1.);
#4447 = DIRECTION('',(0.,0.,1.));
#4448 = ORIENTED_EDGE('',*,*,#2323,.F.);
#4449 = ORIENTED_EDGE('',*,*,#4443,.F.);
#4450 = CYLINDRICAL_SURFACE('',#4451,0.5);
#4451 = AXIS2_PLACEMENT_3D('',#4452,#4453,#4454);
#4452 = CARTESIAN_POINT('',(145.08,-118.,-4.6E-02));
#4453 = DIRECTION('',(-0.,-0.,-1.));
#4454 = DIRECTION('',(-0.,-1.,0.));
#4455 = ADVANCED_FACE('',(#4456),#4467,.F.);
#4456 = FACE_BOUND('',#4457,.T.);
#4457 = EDGE_LOOP('',(#4458,#4459,#4465,#4466));
#4458 = ORIENTED_EDGE('',*,*,#470,.T.);
#4459 = ORIENTED_EDGE('',*,*,#4460,.T.);
#4460 = EDGE_CURVE('',#471,#2335,#4461,.T.);
#4461 = LINE('',#4462,#4463);
#4462 = CARTESIAN_POINT('',(147.62,-118.5,-4.6E-02));
#4463 = VECTOR('',#4464,1.);
#4464 = DIRECTION('',(0.,0.,1.));
#4465 = ORIENTED_EDGE('',*,*,#2334,.F.);
#4466 = ORIENTED_EDGE('',*,*,#4460,.F.);
#4467 = CYLINDRICAL_SURFACE('',#4468,0.5);
#4468 = AXIS2_PLACEMENT_3D('',#4469,#4470,#4471);
#4469 = CARTESIAN_POINT('',(147.62,-118.,-4.6E-02));
#4470 = DIRECTION('',(-0.,-0.,-1.));
#4471 = DIRECTION('',(-0.,-1.,0.));
#4472 = ADVANCED_FACE('',(#4473),#4484,.F.);
#4473 = FACE_BOUND('',#4474,.T.);
#4474 = EDGE_LOOP('',(#4475,#4476,#4482,#4483));
#4475 = ORIENTED_EDGE('',*,*,#481,.T.);
#4476 = ORIENTED_EDGE('',*,*,#4477,.T.);
#4477 = EDGE_CURVE('',#482,#2346,#4478,.T.);
#4478 = LINE('',#4479,#4480);
#4479 = CARTESIAN_POINT('',(150.16,-118.5,-4.6E-02));
#4480 = VECTOR('',#4481,1.);
#4481 = DIRECTION('',(0.,0.,1.));
#4482 = ORIENTED_EDGE('',*,*,#2345,.F.);
#4483 = ORIENTED_EDGE('',*,*,#4477,.F.);
#4484 = CYLINDRICAL_SURFACE('',#4485,0.5);
#4485 = AXIS2_PLACEMENT_3D('',#4486,#4487,#4488);
#4486 = CARTESIAN_POINT('',(150.16,-118.,-4.6E-02));
#4487 = DIRECTION('',(-0.,-0.,-1.));
#4488 = DIRECTION('',(-0.,-1.,0.));
#4489 = ADVANCED_FACE('',(#4490),#4501,.F.);
#4490 = FACE_BOUND('',#4491,.T.);
#4491 = EDGE_LOOP('',(#4492,#4493,#4499,#4500));
#4492 = ORIENTED_EDGE('',*,*,#492,.T.);
#4493 = ORIENTED_EDGE('',*,*,#4494,.T.);
#4494 = EDGE_CURVE('',#493,#2357,#4495,.T.);
#4495 = LINE('',#4496,#4497);
#4496 = CARTESIAN_POINT('',(152.7,-118.5,-4.6E-02));
#4497 = VECTOR('',#4498,1.);
#4498 = DIRECTION('',(0.,0.,1.));
#4499 = ORIENTED_EDGE('',*,*,#2356,.F.);
#4500 = ORIENTED_EDGE('',*,*,#4494,.F.);
#4501 = CYLINDRICAL_SURFACE('',#4502,0.5);
#4502 = AXIS2_PLACEMENT_3D('',#4503,#4504,#4505);
#4503 = CARTESIAN_POINT('',(152.7,-118.,-4.6E-02));
#4504 = DIRECTION('',(-0.,-0.,-1.));
#4505 = DIRECTION('',(-0.,-1.,0.));
#4506 = ADVANCED_FACE('',(#4507),#4518,.F.);
#4507 = FACE_BOUND('',#4508,.T.);
#4508 = EDGE_LOOP('',(#4509,#4510,#4516,#4517));
#4509 = ORIENTED_EDGE('',*,*,#503,.T.);
#4510 = ORIENTED_EDGE('',*,*,#4511,.T.);
#4511 = EDGE_CURVE('',#504,#2368,#4512,.T.);
#4512 = LINE('',#4513,#4514);
#4513 = CARTESIAN_POINT('',(155.24,-118.5,-4.6E-02));
#4514 = VECTOR('',#4515,1.);
#4515 = DIRECTION('',(0.,0.,1.));
#4516 = ORIENTED_EDGE('',*,*,#2367,.F.);
#4517 = ORIENTED_EDGE('',*,*,#4511,.F.);
#4518 = CYLINDRICAL_SURFACE('',#4519,0.5);
#4519 = AXIS2_PLACEMENT_3D('',#4520,#4521,#4522);
#4520 = CARTESIAN_POINT('',(155.24,-118.,-4.6E-02));
#4521 = DIRECTION('',(-0.,-0.,-1.));
#4522 = DIRECTION('',(-0.,-1.,0.));
#4523 = ADVANCED_FACE('',(#4524),#4535,.F.);
#4524 = FACE_BOUND('',#4525,.T.);
#4525 = EDGE_LOOP('',(#4526,#4527,#4533,#4534));
#4526 = ORIENTED_EDGE('',*,*,#514,.T.);
#4527 = ORIENTED_EDGE('',*,*,#4528,.T.);
#4528 = EDGE_CURVE('',#515,#2379,#4529,.T.);
#4529 = LINE('',#4530,#4531);
#4530 = CARTESIAN_POINT('',(170.,-125.6,-4.6E-02));
#4531 = VECTOR('',#4532,1.);
#4532 = DIRECTION('',(0.,0.,1.));
#4533 = ORIENTED_EDGE('',*,*,#2378,.F.);
#4534 = ORIENTED_EDGE('',*,*,#4528,.F.);
#4535 = CYLINDRICAL_SURFACE('',#4536,1.6);
#4536 = AXIS2_PLACEMENT_3D('',#4537,#4538,#4539);
#4537 = CARTESIAN_POINT('',(170.,-124.,-4.6E-02));
#4538 = DIRECTION('',(-0.,-0.,-1.));
#4539 = DIRECTION('',(-0.,-1.,0.));
#4540 = ADVANCED_FACE('',(#4541),#4552,.F.);
#4541 = FACE_BOUND('',#4542,.T.);
#4542 = EDGE_LOOP('',(#4543,#4544,#4550,#4551));
#4543 = ORIENTED_EDGE('',*,*,#525,.T.);
#4544 = ORIENTED_EDGE('',*,*,#4545,.T.);
#4545 = EDGE_CURVE('',#526,#2390,#4546,.T.);
#4546 = LINE('',#4547,#4548);
#4547 = CARTESIAN_POINT('',(157.78,-118.5,-4.6E-02));
#4548 = VECTOR('',#4549,1.);
#4549 = DIRECTION('',(0.,0.,1.));
#4550 = ORIENTED_EDGE('',*,*,#2389,.F.);
#4551 = ORIENTED_EDGE('',*,*,#4545,.F.);
#4552 = CYLINDRICAL_SURFACE('',#4553,0.5);
#4553 = AXIS2_PLACEMENT_3D('',#4554,#4555,#4556);
#4554 = CARTESIAN_POINT('',(157.78,-118.,-4.6E-02));
#4555 = DIRECTION('',(-0.,-0.,-1.));
#4556 = DIRECTION('',(-0.,-1.,0.));
#4557 = ADVANCED_FACE('',(#4558),#4569,.F.);
#4558 = FACE_BOUND('',#4559,.T.);
#4559 = EDGE_LOOP('',(#4560,#4561,#4567,#4568));
#4560 = ORIENTED_EDGE('',*,*,#536,.T.);
#4561 = ORIENTED_EDGE('',*,*,#4562,.T.);
#4562 = EDGE_CURVE('',#537,#2401,#4563,.T.);
#4563 = LINE('',#4564,#4565);
#4564 = CARTESIAN_POINT('',(14.,-71.6,-4.6E-02));
#4565 = VECTOR('',#4566,1.);
#4566 = DIRECTION('',(0.,0.,1.));
#4567 = ORIENTED_EDGE('',*,*,#2400,.F.);
#4568 = ORIENTED_EDGE('',*,*,#4562,.F.);
#4569 = CYLINDRICAL_SURFACE('',#4570,1.6);
#4570 = AXIS2_PLACEMENT_3D('',#4571,#4572,#4573);
#4571 = CARTESIAN_POINT('',(14.,-70.,-4.6E-02));
#4572 = DIRECTION('',(-0.,-0.,-1.));
#4573 = DIRECTION('',(-0.,-1.,0.));
#4574 = ADVANCED_FACE('',(#4575),#4586,.F.);
#4575 = FACE_BOUND('',#4576,.T.);
#4576 = EDGE_LOOP('',(#4577,#4578,#4584,#4585));
#4577 = ORIENTED_EDGE('',*,*,#547,.T.);
#4578 = ORIENTED_EDGE('',*,*,#4579,.T.);
#4579 = EDGE_CURVE('',#548,#2412,#4580,.T.);
#4580 = LINE('',#4581,#4582);
#4581 = CARTESIAN_POINT('',(21.7,-25.045,-4.6E-02));
#4582 = VECTOR('',#4583,1.);
#4583 = DIRECTION('',(0.,0.,1.));
#4584 = ORIENTED_EDGE('',*,*,#2411,.F.);
#4585 = ORIENTED_EDGE('',*,*,#4579,.F.);
#4586 = CYLINDRICAL_SURFACE('',#4587,0.445);
#4587 = AXIS2_PLACEMENT_3D('',#4588,#4589,#4590);
#4588 = CARTESIAN_POINT('',(21.7,-24.6,-4.6E-02));
#4589 = DIRECTION('',(-0.,-0.,-1.));
#4590 = DIRECTION('',(-0.,-1.,0.));
#4591 = ADVANCED_FACE('',(#4592),#4603,.F.);
#4592 = FACE_BOUND('',#4593,.T.);
#4593 = EDGE_LOOP('',(#4594,#4595,#4601,#4602));
#4594 = ORIENTED_EDGE('',*,*,#558,.T.);
#4595 = ORIENTED_EDGE('',*,*,#4596,.T.);
#4596 = EDGE_CURVE('',#559,#2423,#4597,.T.);
#4597 = LINE('',#4598,#4599);
#4598 = CARTESIAN_POINT('',(23.99,-25.045,-4.6E-02));
#4599 = VECTOR('',#4600,1.);
#4600 = DIRECTION('',(0.,0.,1.));
#4601 = ORIENTED_EDGE('',*,*,#2422,.F.);
#4602 = ORIENTED_EDGE('',*,*,#4596,.F.);
#4603 = CYLINDRICAL_SURFACE('',#4604,0.445);
#4604 = AXIS2_PLACEMENT_3D('',#4605,#4606,#4607);
#4605 = CARTESIAN_POINT('',(23.99,-24.6,-4.6E-02));
#4606 = DIRECTION('',(-0.,-0.,-1.));
#4607 = DIRECTION('',(-7.983626244496E-15,-1.,0.));
#4608 = ADVANCED_FACE('',(#4609),#4620,.F.);
#4609 = FACE_BOUND('',#4610,.T.);
#4610 = EDGE_LOOP('',(#4611,#4612,#4618,#4619));
#4611 = ORIENTED_EDGE('',*,*,#569,.T.);
#4612 = ORIENTED_EDGE('',*,*,#4613,.T.);
#4613 = EDGE_CURVE('',#570,#2434,#4614,.T.);
#4614 = LINE('',#4615,#4616);
#4615 = CARTESIAN_POINT('',(20.43,-19.675,-4.6E-02));
#4616 = VECTOR('',#4617,1.);
#4617 = DIRECTION('',(0.,0.,1.));
#4618 = ORIENTED_EDGE('',*,*,#2433,.F.);
#4619 = ORIENTED_EDGE('',*,*,#4613,.F.);
#4620 = CYLINDRICAL_SURFACE('',#4621,0.785);
#4621 = AXIS2_PLACEMENT_3D('',#4622,#4623,#4624);
#4622 = CARTESIAN_POINT('',(20.43,-18.89,-4.6E-02));
#4623 = DIRECTION('',(-0.,-0.,-1.));
#4624 = DIRECTION('',(-0.,-1.,0.));
#4625 = ADVANCED_FACE('',(#4626),#4637,.F.);
#4626 = FACE_BOUND('',#4627,.T.);
#4627 = EDGE_LOOP('',(#4628,#4629,#4635,#4636));
#4628 = ORIENTED_EDGE('',*,*,#580,.T.);
#4629 = ORIENTED_EDGE('',*,*,#4630,.T.);
#4630 = EDGE_CURVE('',#581,#2445,#4631,.T.);
#4631 = LINE('',#4632,#4633);
#4632 = CARTESIAN_POINT('',(22.21,-17.085,-4.6E-02));
#4633 = VECTOR('',#4634,1.);
#4634 = DIRECTION('',(0.,0.,1.));
#4635 = ORIENTED_EDGE('',*,*,#2444,.F.);
#4636 = ORIENTED_EDGE('',*,*,#4630,.F.);
#4637 = CYLINDRICAL_SURFACE('',#4638,1.625);
#4638 = AXIS2_PLACEMENT_3D('',#4639,#4640,#4641);
#4639 = CARTESIAN_POINT('',(22.21,-15.46,-4.6E-02));
#4640 = DIRECTION('',(-0.,-0.,-1.));
#4641 = DIRECTION('',(-0.,-1.,0.));
#4642 = ADVANCED_FACE('',(#4643),#4654,.F.);
#4643 = FACE_BOUND('',#4644,.T.);
#4644 = EDGE_LOOP('',(#4645,#4646,#4652,#4653));
#4645 = ORIENTED_EDGE('',*,*,#591,.T.);
#4646 = ORIENTED_EDGE('',*,*,#4647,.T.);
#4647 = EDGE_CURVE('',#592,#2456,#4648,.T.);
#4648 = LINE('',#4649,#4650);
#4649 = CARTESIAN_POINT('',(26.016,-20.225,-4.6E-02));
#4650 = VECTOR('',#4651,1.);
#4651 = DIRECTION('',(0.,0.,1.));
#4652 = ORIENTED_EDGE('',*,*,#2455,.F.);
#4653 = ORIENTED_EDGE('',*,*,#4647,.F.);
#4654 = CYLINDRICAL_SURFACE('',#4655,0.445);
#4655 = AXIS2_PLACEMENT_3D('',#4656,#4657,#4658);
#4656 = CARTESIAN_POINT('',(26.016,-19.78,-4.6E-02));
#4657 = DIRECTION('',(-0.,-0.,-1.));
#4658 = DIRECTION('',(-0.,-1.,0.));
#4659 = ADVANCED_FACE('',(#4660),#4671,.F.);
#4660 = FACE_BOUND('',#4661,.T.);
#4661 = EDGE_LOOP('',(#4662,#4663,#4669,#4670));
#4662 = ORIENTED_EDGE('',*,*,#602,.T.);
#4663 = ORIENTED_EDGE('',*,*,#4664,.T.);
#4664 = EDGE_CURVE('',#603,#2467,#4665,.T.);
#4665 = LINE('',#4666,#4667);
#4666 = CARTESIAN_POINT('',(25.,-18.445,-4.6E-02));
#4667 = VECTOR('',#4668,1.);
#4668 = DIRECTION('',(0.,0.,1.));
#4669 = ORIENTED_EDGE('',*,*,#2466,.F.);
#4670 = ORIENTED_EDGE('',*,*,#4664,.F.);
#4671 = CYLINDRICAL_SURFACE('',#4672,0.445);
#4672 = AXIS2_PLACEMENT_3D('',#4673,#4674,#4675);
#4673 = CARTESIAN_POINT('',(25.,-18.,-4.6E-02));
#4674 = DIRECTION('',(-0.,-0.,-1.));
#4675 = DIRECTION('',(-0.,-1.,0.));
#4676 = ADVANCED_FACE('',(#4677),#4688,.F.);
#4677 = FACE_BOUND('',#4678,.T.);
#4678 = EDGE_LOOP('',(#4679,#4680,#4686,#4687));
#4679 = ORIENTED_EDGE('',*,*,#613,.T.);
#4680 = ORIENTED_EDGE('',*,*,#4681,.T.);
#4681 = EDGE_CURVE('',#614,#2478,#4682,.T.);
#4682 = LINE('',#4683,#4684);
#4683 = CARTESIAN_POINT('',(27.032,-18.445,-4.6E-02));
#4684 = VECTOR('',#4685,1.);
#4685 = DIRECTION('',(0.,0.,1.));
#4686 = ORIENTED_EDGE('',*,*,#2477,.F.);
#4687 = ORIENTED_EDGE('',*,*,#4681,.F.);
#4688 = CYLINDRICAL_SURFACE('',#4689,0.445);
#4689 = AXIS2_PLACEMENT_3D('',#4690,#4691,#4692);
#4690 = CARTESIAN_POINT('',(27.032,-18.,-4.6E-02));
#4691 = DIRECTION('',(-0.,-0.,-1.));
#4692 = DIRECTION('',(-0.,-1.,0.));
#4693 = ADVANCED_FACE('',(#4694),#4705,.F.);
#4694 = FACE_BOUND('',#4695,.T.);
#4695 = EDGE_LOOP('',(#4696,#4697,#4703,#4704));
#4696 = ORIENTED_EDGE('',*,*,#624,.T.);
#4697 = ORIENTED_EDGE('',*,*,#4698,.T.);
#4698 = EDGE_CURVE('',#625,#2489,#4699,.T.);
#4699 = LINE('',#4700,#4701);
#4700 = CARTESIAN_POINT('',(28.048,-20.225,-4.6E-02));
#4701 = VECTOR('',#4702,1.);
#4702 = DIRECTION('',(0.,0.,1.));
#4703 = ORIENTED_EDGE('',*,*,#2488,.F.);
#4704 = ORIENTED_EDGE('',*,*,#4698,.F.);
#4705 = CYLINDRICAL_SURFACE('',#4706,0.445);
#4706 = AXIS2_PLACEMENT_3D('',#4707,#4708,#4709);
#4707 = CARTESIAN_POINT('',(28.048,-19.78,-4.6E-02));
#4708 = DIRECTION('',(-0.,-0.,-1.));
#4709 = DIRECTION('',(-7.983626244496E-15,-1.,0.));
#4710 = ADVANCED_FACE('',(#4711),#4722,.F.);
#4711 = FACE_BOUND('',#4712,.T.);
#4712 = EDGE_LOOP('',(#4713,#4714,#4720,#4721));
#4713 = ORIENTED_EDGE('',*,*,#635,.T.);
#4714 = ORIENTED_EDGE('',*,*,#4715,.T.);
#4715 = EDGE_CURVE('',#636,#2500,#4716,.T.);
#4716 = LINE('',#4717,#4718);
#4717 = CARTESIAN_POINT('',(30.08,-20.225,-4.6E-02));
#4718 = VECTOR('',#4719,1.);
#4719 = DIRECTION('',(0.,0.,1.));
#4720 = ORIENTED_EDGE('',*,*,#2499,.F.);
#4721 = ORIENTED_EDGE('',*,*,#4715,.F.);
#4722 = CYLINDRICAL_SURFACE('',#4723,0.445);
#4723 = AXIS2_PLACEMENT_3D('',#4724,#4725,#4726);
#4724 = CARTESIAN_POINT('',(30.08,-19.78,-4.6E-02));
#4725 = DIRECTION('',(-0.,-0.,-1.));
#4726 = DIRECTION('',(-0.,-1.,0.));
#4727 = ADVANCED_FACE('',(#4728),#4739,.F.);
#4728 = FACE_BOUND('',#4729,.T.);
#4729 = EDGE_LOOP('',(#4730,#4731,#4737,#4738));
#4730 = ORIENTED_EDGE('',*,*,#646,.T.);
#4731 = ORIENTED_EDGE('',*,*,#4732,.T.);
#4732 = EDGE_CURVE('',#647,#2511,#4733,.T.);
#4733 = LINE('',#4734,#4735);
#4734 = CARTESIAN_POINT('',(32.112,-20.225,-4.6E-02));
#4735 = VECTOR('',#4736,1.);
#4736 = DIRECTION('',(0.,0.,1.));
#4737 = ORIENTED_EDGE('',*,*,#2510,.F.);
#4738 = ORIENTED_EDGE('',*,*,#4732,.F.);
#4739 = CYLINDRICAL_SURFACE('',#4740,0.445);
#4740 = AXIS2_PLACEMENT_3D('',#4741,#4742,#4743);
#4741 = CARTESIAN_POINT('',(32.112,-19.78,-4.6E-02));
#4742 = DIRECTION('',(-0.,-0.,-1.));
#4743 = DIRECTION('',(-0.,-1.,0.));
#4744 = ADVANCED_FACE('',(#4745),#4756,.F.);
#4745 = FACE_BOUND('',#4746,.T.);
#4746 = EDGE_LOOP('',(#4747,#4748,#4754,#4755));
#4747 = ORIENTED_EDGE('',*,*,#657,.T.);
#4748 = ORIENTED_EDGE('',*,*,#4749,.T.);
#4749 = EDGE_CURVE('',#658,#2522,#4750,.T.);
#4750 = LINE('',#4751,#4752);
#4751 = CARTESIAN_POINT('',(29.064,-18.445,-4.6E-02));
#4752 = VECTOR('',#4753,1.);
#4753 = DIRECTION('',(0.,0.,1.));
#4754 = ORIENTED_EDGE('',*,*,#2521,.F.);
#4755 = ORIENTED_EDGE('',*,*,#4749,.F.);
#4756 = CYLINDRICAL_SURFACE('',#4757,0.445);
#4757 = AXIS2_PLACEMENT_3D('',#4758,#4759,#4760);
#4758 = CARTESIAN_POINT('',(29.064,-18.,-4.6E-02));
#4759 = DIRECTION('',(-0.,-0.,-1.));
#4760 = DIRECTION('',(-0.,-1.,0.));
#4761 = ADVANCED_FACE('',(#4762),#4773,.F.);
#4762 = FACE_BOUND('',#4763,.T.);
#4763 = EDGE_LOOP('',(#4764,#4765,#4771,#4772));
#4764 = ORIENTED_EDGE('',*,*,#668,.T.);
#4765 = ORIENTED_EDGE('',*,*,#4766,.T.);
#4766 = EDGE_CURVE('',#669,#2533,#4767,.T.);
#4767 = LINE('',#4768,#4769);
#4768 = CARTESIAN_POINT('',(31.096,-18.445,-4.6E-02));
#4769 = VECTOR('',#4770,1.);
#4770 = DIRECTION('',(0.,0.,1.));
#4771 = ORIENTED_EDGE('',*,*,#2532,.F.);
#4772 = ORIENTED_EDGE('',*,*,#4766,.F.);
#4773 = CYLINDRICAL_SURFACE('',#4774,0.445);
#4774 = AXIS2_PLACEMENT_3D('',#4775,#4776,#4777);
#4775 = CARTESIAN_POINT('',(31.096,-18.,-4.6E-02));
#4776 = DIRECTION('',(-0.,-0.,-1.));
#4777 = DIRECTION('',(-0.,-1.,0.));
#4778 = ADVANCED_FACE('',(#4779),#4790,.F.);
#4779 = FACE_BOUND('',#4780,.T.);
#4780 = EDGE_LOOP('',(#4781,#4782,#4788,#4789));
#4781 = ORIENTED_EDGE('',*,*,#679,.T.);
#4782 = ORIENTED_EDGE('',*,*,#4783,.T.);
#4783 = EDGE_CURVE('',#680,#2544,#4784,.T.);
#4784 = LINE('',#4785,#4786);
#4785 = CARTESIAN_POINT('',(33.13,-25.045,-4.6E-02));
#4786 = VECTOR('',#4787,1.);
#4787 = DIRECTION('',(0.,0.,1.));
#4788 = ORIENTED_EDGE('',*,*,#2543,.F.);
#4789 = ORIENTED_EDGE('',*,*,#4783,.F.);
#4790 = CYLINDRICAL_SURFACE('',#4791,0.445);
#4791 = AXIS2_PLACEMENT_3D('',#4792,#4793,#4794);
#4792 = CARTESIAN_POINT('',(33.13,-24.6,-4.6E-02));
#4793 = DIRECTION('',(-0.,-0.,-1.));
#4794 = DIRECTION('',(-0.,-1.,0.));
#4795 = ADVANCED_FACE('',(#4796),#4807,.F.);
#4796 = FACE_BOUND('',#4797,.T.);
#4797 = EDGE_LOOP('',(#4798,#4799,#4805,#4806));
#4798 = ORIENTED_EDGE('',*,*,#690,.T.);
#4799 = ORIENTED_EDGE('',*,*,#4800,.T.);
#4800 = EDGE_CURVE('',#691,#2555,#4801,.T.);
#4801 = LINE('',#4802,#4803);
#4802 = CARTESIAN_POINT('',(35.42,-25.045,-4.6E-02));
#4803 = VECTOR('',#4804,1.);
#4804 = DIRECTION('',(0.,0.,1.));
#4805 = ORIENTED_EDGE('',*,*,#2554,.F.);
#4806 = ORIENTED_EDGE('',*,*,#4800,.F.);
#4807 = CYLINDRICAL_SURFACE('',#4808,0.445);
#4808 = AXIS2_PLACEMENT_3D('',#4809,#4810,#4811);
#4809 = CARTESIAN_POINT('',(35.42,-24.6,-4.6E-02));
#4810 = DIRECTION('',(-0.,-0.,-1.));
#4811 = DIRECTION('',(-0.,-1.,0.));
#4812 = ADVANCED_FACE('',(#4813),#4824,.F.);
#4813 = FACE_BOUND('',#4814,.T.);
#4814 = EDGE_LOOP('',(#4815,#4816,#4822,#4823));
#4815 = ORIENTED_EDGE('',*,*,#701,.T.);
#4816 = ORIENTED_EDGE('',*,*,#4817,.T.);
#4817 = EDGE_CURVE('',#702,#2566,#4818,.T.);
#4818 = LINE('',#4819,#4820);
#4819 = CARTESIAN_POINT('',(41.7,-25.045,-4.6E-02));
#4820 = VECTOR('',#4821,1.);
#4821 = DIRECTION('',(0.,0.,1.));
#4822 = ORIENTED_EDGE('',*,*,#2565,.F.);
#4823 = ORIENTED_EDGE('',*,*,#4817,.F.);
#4824 = CYLINDRICAL_SURFACE('',#4825,0.445);
#4825 = AXIS2_PLACEMENT_3D('',#4826,#4827,#4828);
#4826 = CARTESIAN_POINT('',(41.7,-24.6,-4.6E-02));
#4827 = DIRECTION('',(-0.,-0.,-1.));
#4828 = DIRECTION('',(-0.,-1.,0.));
#4829 = ADVANCED_FACE('',(#4830),#4841,.F.);
#4830 = FACE_BOUND('',#4831,.T.);
#4831 = EDGE_LOOP('',(#4832,#4833,#4839,#4840));
#4832 = ORIENTED_EDGE('',*,*,#712,.T.);
#4833 = ORIENTED_EDGE('',*,*,#4834,.T.);
#4834 = EDGE_CURVE('',#713,#2577,#4835,.T.);
#4835 = LINE('',#4836,#4837);
#4836 = CARTESIAN_POINT('',(43.99,-25.045,-4.6E-02));
#4837 = VECTOR('',#4838,1.);
#4838 = DIRECTION('',(0.,0.,1.));
#4839 = ORIENTED_EDGE('',*,*,#2576,.F.);
#4840 = ORIENTED_EDGE('',*,*,#4834,.F.);
#4841 = CYLINDRICAL_SURFACE('',#4842,0.445);
#4842 = AXIS2_PLACEMENT_3D('',#4843,#4844,#4845);
#4843 = CARTESIAN_POINT('',(43.99,-24.6,-4.6E-02));
#4844 = DIRECTION('',(-0.,-0.,-1.));
#4845 = DIRECTION('',(-0.,-1.,0.));
#4846 = ADVANCED_FACE('',(#4847),#4858,.F.);
#4847 = FACE_BOUND('',#4848,.T.);
#4848 = EDGE_LOOP('',(#4849,#4850,#4856,#4857));
#4849 = ORIENTED_EDGE('',*,*,#723,.T.);
#4850 = ORIENTED_EDGE('',*,*,#4851,.T.);
#4851 = EDGE_CURVE('',#724,#2588,#4852,.T.);
#4852 = LINE('',#4853,#4854);
#4853 = CARTESIAN_POINT('',(53.13,-25.045,-4.6E-02));
#4854 = VECTOR('',#4855,1.);
#4855 = DIRECTION('',(0.,0.,1.));
#4856 = ORIENTED_EDGE('',*,*,#2587,.F.);
#4857 = ORIENTED_EDGE('',*,*,#4851,.F.);
#4858 = CYLINDRICAL_SURFACE('',#4859,0.445);
#4859 = AXIS2_PLACEMENT_3D('',#4860,#4861,#4862);
#4860 = CARTESIAN_POINT('',(53.13,-24.6,-4.6E-02));
#4861 = DIRECTION('',(-0.,-0.,-1.));
#4862 = DIRECTION('',(-0.,-1.,0.));
#4863 = ADVANCED_FACE('',(#4864),#4875,.F.);
#4864 = FACE_BOUND('',#4865,.T.);
#4865 = EDGE_LOOP('',(#4866,#4867,#4873,#4874));
#4866 = ORIENTED_EDGE('',*,*,#734,.T.);
#4867 = ORIENTED_EDGE('',*,*,#4868,.T.);
#4868 = EDGE_CURVE('',#735,#2599,#4869,.T.);
#4869 = LINE('',#4870,#4871);
#4870 = CARTESIAN_POINT('',(36.69,-19.675,-4.6E-02));
#4871 = VECTOR('',#4872,1.);
#4872 = DIRECTION('',(0.,0.,1.));
#4873 = ORIENTED_EDGE('',*,*,#2598,.F.);
#4874 = ORIENTED_EDGE('',*,*,#4868,.F.);
#4875 = CYLINDRICAL_SURFACE('',#4876,0.785);
#4876 = AXIS2_PLACEMENT_3D('',#4877,#4878,#4879);
#4877 = CARTESIAN_POINT('',(36.69,-18.89,-4.6E-02));
#4878 = DIRECTION('',(-0.,-0.,-1.));
#4879 = DIRECTION('',(-0.,-1.,0.));
#4880 = ADVANCED_FACE('',(#4881),#4892,.F.);
#4881 = FACE_BOUND('',#4882,.T.);
#4882 = EDGE_LOOP('',(#4883,#4884,#4890,#4891));
#4883 = ORIENTED_EDGE('',*,*,#745,.T.);
#4884 = ORIENTED_EDGE('',*,*,#4885,.T.);
#4885 = EDGE_CURVE('',#746,#2610,#4886,.T.);
#4886 = LINE('',#4887,#4888);
#4887 = CARTESIAN_POINT('',(40.43,-19.675,-4.6E-02));
#4888 = VECTOR('',#4889,1.);
#4889 = DIRECTION('',(0.,0.,1.));
#4890 = ORIENTED_EDGE('',*,*,#2609,.F.);
#4891 = ORIENTED_EDGE('',*,*,#4885,.F.);
#4892 = CYLINDRICAL_SURFACE('',#4893,0.785);
#4893 = AXIS2_PLACEMENT_3D('',#4894,#4895,#4896);
#4894 = CARTESIAN_POINT('',(40.43,-18.89,-4.6E-02));
#4895 = DIRECTION('',(-0.,-0.,-1.));
#4896 = DIRECTION('',(-9.0514998186E-15,-1.,0.));
#4897 = ADVANCED_FACE('',(#4898),#4909,.F.);
#4898 = FACE_BOUND('',#4899,.T.);
#4899 = EDGE_LOOP('',(#4900,#4901,#4907,#4908));
#4900 = ORIENTED_EDGE('',*,*,#756,.T.);
#4901 = ORIENTED_EDGE('',*,*,#4902,.T.);
#4902 = EDGE_CURVE('',#757,#2621,#4903,.T.);
#4903 = LINE('',#4904,#4905);
#4904 = CARTESIAN_POINT('',(34.91,-17.085,-4.6E-02));
#4905 = VECTOR('',#4906,1.);
#4906 = DIRECTION('',(0.,0.,1.));
#4907 = ORIENTED_EDGE('',*,*,#2620,.F.);
#4908 = ORIENTED_EDGE('',*,*,#4902,.F.);
#4909 = CYLINDRICAL_SURFACE('',#4910,1.625);
#4910 = AXIS2_PLACEMENT_3D('',#4911,#4912,#4913);
#4911 = CARTESIAN_POINT('',(34.91,-15.46,-4.6E-02));
#4912 = DIRECTION('',(-0.,-0.,-1.));
#4913 = DIRECTION('',(-0.,-1.,0.));
#4914 = ADVANCED_FACE('',(#4915),#4926,.F.);
#4915 = FACE_BOUND('',#4916,.T.);
#4916 = EDGE_LOOP('',(#4917,#4918,#4924,#4925));
#4917 = ORIENTED_EDGE('',*,*,#767,.T.);
#4918 = ORIENTED_EDGE('',*,*,#4919,.T.);
#4919 = EDGE_CURVE('',#768,#2632,#4920,.T.);
#4920 = LINE('',#4921,#4922);
#4921 = CARTESIAN_POINT('',(42.21,-17.085,-4.6E-02));
#4922 = VECTOR('',#4923,1.);
#4923 = DIRECTION('',(0.,0.,1.));
#4924 = ORIENTED_EDGE('',*,*,#2631,.F.);
#4925 = ORIENTED_EDGE('',*,*,#4919,.F.);
#4926 = CYLINDRICAL_SURFACE('',#4927,1.625);
#4927 = AXIS2_PLACEMENT_3D('',#4928,#4929,#4930);
#4928 = CARTESIAN_POINT('',(42.21,-15.46,-4.6E-02));
#4929 = DIRECTION('',(-0.,-0.,-1.));
#4930 = DIRECTION('',(-0.,-1.,0.));
#4931 = ADVANCED_FACE('',(#4932),#4943,.F.);
#4932 = FACE_BOUND('',#4933,.T.);
#4933 = EDGE_LOOP('',(#4934,#4935,#4941,#4942));
#4934 = ORIENTED_EDGE('',*,*,#778,.T.);
#4935 = ORIENTED_EDGE('',*,*,#4936,.T.);
#4936 = EDGE_CURVE('',#779,#2643,#4937,.T.);
#4937 = LINE('',#4938,#4939);
#4938 = CARTESIAN_POINT('',(46.016,-20.225,-4.6E-02));
#4939 = VECTOR('',#4940,1.);
#4940 = DIRECTION('',(0.,0.,1.));
#4941 = ORIENTED_EDGE('',*,*,#2642,.F.);
#4942 = ORIENTED_EDGE('',*,*,#4936,.F.);
#4943 = CYLINDRICAL_SURFACE('',#4944,0.445);
#4944 = AXIS2_PLACEMENT_3D('',#4945,#4946,#4947);
#4945 = CARTESIAN_POINT('',(46.016,-19.78,-4.6E-02));
#4946 = DIRECTION('',(-0.,-0.,-1.));
#4947 = DIRECTION('',(-0.,-1.,0.));
#4948 = ADVANCED_FACE('',(#4949),#4960,.F.);
#4949 = FACE_BOUND('',#4950,.T.);
#4950 = EDGE_LOOP('',(#4951,#4952,#4958,#4959));
#4951 = ORIENTED_EDGE('',*,*,#789,.T.);
#4952 = ORIENTED_EDGE('',*,*,#4953,.T.);
#4953 = EDGE_CURVE('',#790,#2654,#4954,.T.);
#4954 = LINE('',#4955,#4956);
#4955 = CARTESIAN_POINT('',(48.048,-20.225,-4.6E-02));
#4956 = VECTOR('',#4957,1.);
#4957 = DIRECTION('',(0.,0.,1.));
#4958 = ORIENTED_EDGE('',*,*,#2653,.F.);
#4959 = ORIENTED_EDGE('',*,*,#4953,.F.);
#4960 = CYLINDRICAL_SURFACE('',#4961,0.445);
#4961 = AXIS2_PLACEMENT_3D('',#4962,#4963,#4964);
#4962 = CARTESIAN_POINT('',(48.048,-19.78,-4.6E-02));
#4963 = DIRECTION('',(-0.,-0.,-1.));
#4964 = DIRECTION('',(-0.,-1.,0.));
#4965 = ADVANCED_FACE('',(#4966),#4977,.F.);
#4966 = FACE_BOUND('',#4967,.T.);
#4967 = EDGE_LOOP('',(#4968,#4969,#4975,#4976));
#4968 = ORIENTED_EDGE('',*,*,#800,.T.);
#4969 = ORIENTED_EDGE('',*,*,#4970,.T.);
#4970 = EDGE_CURVE('',#801,#2665,#4971,.T.);
#4971 = LINE('',#4972,#4973);
#4972 = CARTESIAN_POINT('',(45.,-18.445,-4.6E-02));
#4973 = VECTOR('',#4974,1.);
#4974 = DIRECTION('',(0.,0.,1.));
#4975 = ORIENTED_EDGE('',*,*,#2664,.F.);
#4976 = ORIENTED_EDGE('',*,*,#4970,.F.);
#4977 = CYLINDRICAL_SURFACE('',#4978,0.445);
#4978 = AXIS2_PLACEMENT_3D('',#4979,#4980,#4981);
#4979 = CARTESIAN_POINT('',(45.,-18.,-4.6E-02));
#4980 = DIRECTION('',(-0.,-0.,-1.));
#4981 = DIRECTION('',(-0.,-1.,0.));
#4982 = ADVANCED_FACE('',(#4983),#4994,.F.);
#4983 = FACE_BOUND('',#4984,.T.);
#4984 = EDGE_LOOP('',(#4985,#4986,#4992,#4993));
#4985 = ORIENTED_EDGE('',*,*,#811,.T.);
#4986 = ORIENTED_EDGE('',*,*,#4987,.T.);
#4987 = EDGE_CURVE('',#812,#2676,#4988,.T.);
#4988 = LINE('',#4989,#4990);
#4989 = CARTESIAN_POINT('',(47.032,-18.445,-4.6E-02));
#4990 = VECTOR('',#4991,1.);
#4991 = DIRECTION('',(0.,0.,1.));
#4992 = ORIENTED_EDGE('',*,*,#2675,.F.);
#4993 = ORIENTED_EDGE('',*,*,#4987,.F.);
#4994 = CYLINDRICAL_SURFACE('',#4995,0.445);
#4995 = AXIS2_PLACEMENT_3D('',#4996,#4997,#4998);
#4996 = CARTESIAN_POINT('',(47.032,-18.,-4.6E-02));
#4997 = DIRECTION('',(-0.,-0.,-1.));
#4998 = DIRECTION('',(-0.,-1.,0.));
#4999 = ADVANCED_FACE('',(#5000),#5011,.F.);
#5000 = FACE_BOUND('',#5001,.T.);
#5001 = EDGE_LOOP('',(#5002,#5003,#5009,#5010));
#5002 = ORIENTED_EDGE('',*,*,#822,.T.);
#5003 = ORIENTED_EDGE('',*,*,#5004,.T.);
#5004 = EDGE_CURVE('',#823,#2687,#5005,.T.);
#5005 = LINE('',#5006,#5007);
#5006 = CARTESIAN_POINT('',(50.08,-20.225,-4.6E-02));
#5007 = VECTOR('',#5008,1.);
#5008 = DIRECTION('',(0.,0.,1.));
#5009 = ORIENTED_EDGE('',*,*,#2686,.F.);
#5010 = ORIENTED_EDGE('',*,*,#5004,.F.);
#5011 = CYLINDRICAL_SURFACE('',#5012,0.445);
#5012 = AXIS2_PLACEMENT_3D('',#5013,#5014,#5015);
#5013 = CARTESIAN_POINT('',(50.08,-19.78,-4.6E-02));
#5014 = DIRECTION('',(-0.,-0.,-1.));
#5015 = DIRECTION('',(-0.,-1.,0.));
#5016 = ADVANCED_FACE('',(#5017),#5028,.F.);
#5017 = FACE_BOUND('',#5018,.T.);
#5018 = EDGE_LOOP('',(#5019,#5020,#5026,#5027));
#5019 = ORIENTED_EDGE('',*,*,#833,.T.);
#5020 = ORIENTED_EDGE('',*,*,#5021,.T.);
#5021 = EDGE_CURVE('',#834,#2698,#5022,.T.);
#5022 = LINE('',#5023,#5024);
#5023 = CARTESIAN_POINT('',(52.112,-20.225,-4.6E-02));
#5024 = VECTOR('',#5025,1.);
#5025 = DIRECTION('',(0.,0.,1.));
#5026 = ORIENTED_EDGE('',*,*,#2697,.F.);
#5027 = ORIENTED_EDGE('',*,*,#5021,.F.);
#5028 = CYLINDRICAL_SURFACE('',#5029,0.445);
#5029 = AXIS2_PLACEMENT_3D('',#5030,#5031,#5032);
#5030 = CARTESIAN_POINT('',(52.112,-19.78,-4.6E-02));
#5031 = DIRECTION('',(-0.,-0.,-1.));
#5032 = DIRECTION('',(-0.,-1.,0.));
#5033 = ADVANCED_FACE('',(#5034),#5045,.F.);
#5034 = FACE_BOUND('',#5035,.T.);
#5035 = EDGE_LOOP('',(#5036,#5037,#5043,#5044));
#5036 = ORIENTED_EDGE('',*,*,#844,.T.);
#5037 = ORIENTED_EDGE('',*,*,#5038,.T.);
#5038 = EDGE_CURVE('',#845,#2709,#5039,.T.);
#5039 = LINE('',#5040,#5041);
#5040 = CARTESIAN_POINT('',(49.064,-18.445,-4.6E-02));
#5041 = VECTOR('',#5042,1.);
#5042 = DIRECTION('',(0.,0.,1.));
#5043 = ORIENTED_EDGE('',*,*,#2708,.F.);
#5044 = ORIENTED_EDGE('',*,*,#5038,.F.);
#5045 = CYLINDRICAL_SURFACE('',#5046,0.445);
#5046 = AXIS2_PLACEMENT_3D('',#5047,#5048,#5049);
#5047 = CARTESIAN_POINT('',(49.064,-18.,-4.6E-02));
#5048 = DIRECTION('',(-0.,-0.,-1.));
#5049 = DIRECTION('',(-0.,-1.,0.));
#5050 = ADVANCED_FACE('',(#5051),#5062,.F.);
#5051 = FACE_BOUND('',#5052,.T.);
#5052 = EDGE_LOOP('',(#5053,#5054,#5060,#5061));
#5053 = ORIENTED_EDGE('',*,*,#855,.T.);
#5054 = ORIENTED_EDGE('',*,*,#5055,.T.);
#5055 = EDGE_CURVE('',#856,#2720,#5056,.T.);
#5056 = LINE('',#5057,#5058);
#5057 = CARTESIAN_POINT('',(51.096,-18.445,-4.6E-02));
#5058 = VECTOR('',#5059,1.);
#5059 = DIRECTION('',(0.,0.,1.));
#5060 = ORIENTED_EDGE('',*,*,#2719,.F.);
#5061 = ORIENTED_EDGE('',*,*,#5055,.F.);
#5062 = CYLINDRICAL_SURFACE('',#5063,0.445);
#5063 = AXIS2_PLACEMENT_3D('',#5064,#5065,#5066);
#5064 = CARTESIAN_POINT('',(51.096,-18.,-4.6E-02));
#5065 = DIRECTION('',(-0.,-0.,-1.));
#5066 = DIRECTION('',(-1.596725248899E-14,-1.,0.));
#5067 = ADVANCED_FACE('',(#5068),#5079,.F.);
#5068 = FACE_BOUND('',#5069,.T.);
#5069 = EDGE_LOOP('',(#5070,#5071,#5077,#5078));
#5070 = ORIENTED_EDGE('',*,*,#866,.T.);
#5071 = ORIENTED_EDGE('',*,*,#5072,.T.);
#5072 = EDGE_CURVE('',#867,#2731,#5073,.T.);
#5073 = LINE('',#5074,#5075);
#5074 = CARTESIAN_POINT('',(55.42,-25.045,-4.6E-02));
#5075 = VECTOR('',#5076,1.);
#5076 = DIRECTION('',(0.,0.,1.));
#5077 = ORIENTED_EDGE('',*,*,#2730,.F.);
#5078 = ORIENTED_EDGE('',*,*,#5072,.F.);
#5079 = CYLINDRICAL_SURFACE('',#5080,0.445);
#5080 = AXIS2_PLACEMENT_3D('',#5081,#5082,#5083);
#5081 = CARTESIAN_POINT('',(55.42,-24.6,-4.6E-02));
#5082 = DIRECTION('',(-0.,-0.,-1.));
#5083 = DIRECTION('',(-0.,-1.,0.));
#5084 = ADVANCED_FACE('',(#5085),#5096,.F.);
#5085 = FACE_BOUND('',#5086,.T.);
#5086 = EDGE_LOOP('',(#5087,#5088,#5094,#5095));
#5087 = ORIENTED_EDGE('',*,*,#877,.T.);
#5088 = ORIENTED_EDGE('',*,*,#5089,.T.);
#5089 = EDGE_CURVE('',#878,#2742,#5090,.T.);
#5090 = LINE('',#5091,#5092);
#5091 = CARTESIAN_POINT('',(61.7,-25.045,-4.6E-02));
#5092 = VECTOR('',#5093,1.);
#5093 = DIRECTION('',(0.,0.,1.));
#5094 = ORIENTED_EDGE('',*,*,#2741,.F.);
#5095 = ORIENTED_EDGE('',*,*,#5089,.F.);
#5096 = CYLINDRICAL_SURFACE('',#5097,0.445);
#5097 = AXIS2_PLACEMENT_3D('',#5098,#5099,#5100);
#5098 = CARTESIAN_POINT('',(61.7,-24.6,-4.6E-02));
#5099 = DIRECTION('',(-0.,-0.,-1.));
#5100 = DIRECTION('',(-0.,-1.,0.));
#5101 = ADVANCED_FACE('',(#5102),#5113,.F.);
#5102 = FACE_BOUND('',#5103,.T.);
#5103 = EDGE_LOOP('',(#5104,#5105,#5111,#5112));
#5104 = ORIENTED_EDGE('',*,*,#888,.T.);
#5105 = ORIENTED_EDGE('',*,*,#5106,.T.);
#5106 = EDGE_CURVE('',#889,#2753,#5107,.T.);
#5107 = LINE('',#5108,#5109);
#5108 = CARTESIAN_POINT('',(63.99,-25.045,-4.6E-02));
#5109 = VECTOR('',#5110,1.);
#5110 = DIRECTION('',(0.,0.,1.));
#5111 = ORIENTED_EDGE('',*,*,#2752,.F.);
#5112 = ORIENTED_EDGE('',*,*,#5106,.F.);
#5113 = CYLINDRICAL_SURFACE('',#5114,0.445);
#5114 = AXIS2_PLACEMENT_3D('',#5115,#5116,#5117);
#5115 = CARTESIAN_POINT('',(63.99,-24.6,-4.6E-02));
#5116 = DIRECTION('',(-0.,-0.,-1.));
#5117 = DIRECTION('',(-0.,-1.,0.));
#5118 = ADVANCED_FACE('',(#5119),#5130,.F.);
#5119 = FACE_BOUND('',#5120,.T.);
#5120 = EDGE_LOOP('',(#5121,#5122,#5128,#5129));
#5121 = ORIENTED_EDGE('',*,*,#899,.T.);
#5122 = ORIENTED_EDGE('',*,*,#5123,.T.);
#5123 = EDGE_CURVE('',#900,#2764,#5124,.T.);
#5124 = LINE('',#5125,#5126);
#5125 = CARTESIAN_POINT('',(73.13,-25.045,-4.6E-02));
#5126 = VECTOR('',#5127,1.);
#5127 = DIRECTION('',(0.,0.,1.));
#5128 = ORIENTED_EDGE('',*,*,#2763,.F.);
#5129 = ORIENTED_EDGE('',*,*,#5123,.F.);
#5130 = CYLINDRICAL_SURFACE('',#5131,0.445);
#5131 = AXIS2_PLACEMENT_3D('',#5132,#5133,#5134);
#5132 = CARTESIAN_POINT('',(73.13,-24.6,-4.6E-02));
#5133 = DIRECTION('',(-0.,-0.,-1.));
#5134 = DIRECTION('',(-0.,-1.,0.));
#5135 = ADVANCED_FACE('',(#5136),#5147,.F.);
#5136 = FACE_BOUND('',#5137,.T.);
#5137 = EDGE_LOOP('',(#5138,#5139,#5145,#5146));
#5138 = ORIENTED_EDGE('',*,*,#910,.T.);
#5139 = ORIENTED_EDGE('',*,*,#5140,.T.);
#5140 = EDGE_CURVE('',#911,#2775,#5141,.T.);
#5141 = LINE('',#5142,#5143);
#5142 = CARTESIAN_POINT('',(56.69,-19.675,-4.6E-02));
#5143 = VECTOR('',#5144,1.);
#5144 = DIRECTION('',(0.,0.,1.));
#5145 = ORIENTED_EDGE('',*,*,#2774,.F.);
#5146 = ORIENTED_EDGE('',*,*,#5140,.F.);
#5147 = CYLINDRICAL_SURFACE('',#5148,0.785);
#5148 = AXIS2_PLACEMENT_3D('',#5149,#5150,#5151);
#5149 = CARTESIAN_POINT('',(56.69,-18.89,-4.6E-02));
#5150 = DIRECTION('',(-0.,-0.,-1.));
#5151 = DIRECTION('',(-0.,-1.,0.));
#5152 = ADVANCED_FACE('',(#5153),#5164,.F.);
#5153 = FACE_BOUND('',#5154,.T.);
#5154 = EDGE_LOOP('',(#5155,#5156,#5162,#5163));
#5155 = ORIENTED_EDGE('',*,*,#921,.T.);
#5156 = ORIENTED_EDGE('',*,*,#5157,.T.);
#5157 = EDGE_CURVE('',#922,#2786,#5158,.T.);
#5158 = LINE('',#5159,#5160);
#5159 = CARTESIAN_POINT('',(60.43,-19.675,-4.6E-02));
#5160 = VECTOR('',#5161,1.);
#5161 = DIRECTION('',(0.,0.,1.));
#5162 = ORIENTED_EDGE('',*,*,#2785,.F.);
#5163 = ORIENTED_EDGE('',*,*,#5157,.F.);
#5164 = CYLINDRICAL_SURFACE('',#5165,0.785);
#5165 = AXIS2_PLACEMENT_3D('',#5166,#5167,#5168);
#5166 = CARTESIAN_POINT('',(60.43,-18.89,-4.6E-02));
#5167 = DIRECTION('',(-0.,-0.,-1.));
#5168 = DIRECTION('',(-9.0514998186E-15,-1.,0.));
#5169 = ADVANCED_FACE('',(#5170),#5181,.F.);
#5170 = FACE_BOUND('',#5171,.T.);
#5171 = EDGE_LOOP('',(#5172,#5173,#5179,#5180));
#5172 = ORIENTED_EDGE('',*,*,#932,.T.);
#5173 = ORIENTED_EDGE('',*,*,#5174,.T.);
#5174 = EDGE_CURVE('',#933,#2797,#5175,.T.);
#5175 = LINE('',#5176,#5177);
#5176 = CARTESIAN_POINT('',(54.91,-17.085,-4.6E-02));
#5177 = VECTOR('',#5178,1.);
#5178 = DIRECTION('',(0.,0.,1.));
#5179 = ORIENTED_EDGE('',*,*,#2796,.F.);
#5180 = ORIENTED_EDGE('',*,*,#5174,.F.);
#5181 = CYLINDRICAL_SURFACE('',#5182,1.625);
#5182 = AXIS2_PLACEMENT_3D('',#5183,#5184,#5185);
#5183 = CARTESIAN_POINT('',(54.91,-15.46,-4.6E-02));
#5184 = DIRECTION('',(-0.,-0.,-1.));
#5185 = DIRECTION('',(-0.,-1.,0.));
#5186 = ADVANCED_FACE('',(#5187),#5198,.F.);
#5187 = FACE_BOUND('',#5188,.T.);
#5188 = EDGE_LOOP('',(#5189,#5190,#5196,#5197));
#5189 = ORIENTED_EDGE('',*,*,#943,.T.);
#5190 = ORIENTED_EDGE('',*,*,#5191,.T.);
#5191 = EDGE_CURVE('',#944,#2808,#5192,.T.);
#5192 = LINE('',#5193,#5194);
#5193 = CARTESIAN_POINT('',(62.21,-17.085,-4.6E-02));
#5194 = VECTOR('',#5195,1.);
#5195 = DIRECTION('',(0.,0.,1.));
#5196 = ORIENTED_EDGE('',*,*,#2807,.F.);
#5197 = ORIENTED_EDGE('',*,*,#5191,.F.);
#5198 = CYLINDRICAL_SURFACE('',#5199,1.625);
#5199 = AXIS2_PLACEMENT_3D('',#5200,#5201,#5202);
#5200 = CARTESIAN_POINT('',(62.21,-15.46,-4.6E-02));
#5201 = DIRECTION('',(-0.,-0.,-1.));
#5202 = DIRECTION('',(-0.,-1.,0.));
#5203 = ADVANCED_FACE('',(#5204),#5215,.F.);
#5204 = FACE_BOUND('',#5205,.T.);
#5205 = EDGE_LOOP('',(#5206,#5207,#5213,#5214));
#5206 = ORIENTED_EDGE('',*,*,#954,.T.);
#5207 = ORIENTED_EDGE('',*,*,#5208,.T.);
#5208 = EDGE_CURVE('',#955,#2819,#5209,.T.);
#5209 = LINE('',#5210,#5211);
#5210 = CARTESIAN_POINT('',(66.016,-20.225,-4.6E-02));
#5211 = VECTOR('',#5212,1.);
#5212 = DIRECTION('',(0.,0.,1.));
#5213 = ORIENTED_EDGE('',*,*,#2818,.F.);
#5214 = ORIENTED_EDGE('',*,*,#5208,.F.);
#5215 = CYLINDRICAL_SURFACE('',#5216,0.445);
#5216 = AXIS2_PLACEMENT_3D('',#5217,#5218,#5219);
#5217 = CARTESIAN_POINT('',(66.016,-19.78,-4.6E-02));
#5218 = DIRECTION('',(-0.,0.,-1.));
#5219 = DIRECTION('',(3.193450497798E-14,-1.,-0.));
#5220 = ADVANCED_FACE('',(#5221),#5232,.F.);
#5221 = FACE_BOUND('',#5222,.T.);
#5222 = EDGE_LOOP('',(#5223,#5224,#5230,#5231));
#5223 = ORIENTED_EDGE('',*,*,#965,.T.);
#5224 = ORIENTED_EDGE('',*,*,#5225,.T.);
#5225 = EDGE_CURVE('',#966,#2830,#5226,.T.);
#5226 = LINE('',#5227,#5228);
#5227 = CARTESIAN_POINT('',(68.048,-20.225,-4.6E-02));
#5228 = VECTOR('',#5229,1.);
#5229 = DIRECTION('',(0.,0.,1.));
#5230 = ORIENTED_EDGE('',*,*,#2829,.F.);
#5231 = ORIENTED_EDGE('',*,*,#5225,.F.);
#5232 = CYLINDRICAL_SURFACE('',#5233,0.445);
#5233 = AXIS2_PLACEMENT_3D('',#5234,#5235,#5236);
#5234 = CARTESIAN_POINT('',(68.048,-19.78,-4.6E-02));
#5235 = DIRECTION('',(-0.,-0.,-1.));
#5236 = DIRECTION('',(-0.,-1.,0.));
#5237 = ADVANCED_FACE('',(#5238),#5249,.F.);
#5238 = FACE_BOUND('',#5239,.T.);
#5239 = EDGE_LOOP('',(#5240,#5241,#5247,#5248));
#5240 = ORIENTED_EDGE('',*,*,#976,.T.);
#5241 = ORIENTED_EDGE('',*,*,#5242,.T.);
#5242 = EDGE_CURVE('',#977,#2841,#5243,.T.);
#5243 = LINE('',#5244,#5245);
#5244 = CARTESIAN_POINT('',(65.,-18.445,-4.6E-02));
#5245 = VECTOR('',#5246,1.);
#5246 = DIRECTION('',(0.,0.,1.));
#5247 = ORIENTED_EDGE('',*,*,#2840,.F.);
#5248 = ORIENTED_EDGE('',*,*,#5242,.F.);
#5249 = CYLINDRICAL_SURFACE('',#5250,0.445);
#5250 = AXIS2_PLACEMENT_3D('',#5251,#5252,#5253);
#5251 = CARTESIAN_POINT('',(65.,-18.,-4.6E-02));
#5252 = DIRECTION('',(-0.,-0.,-1.));
#5253 = DIRECTION('',(-0.,-1.,0.));
#5254 = ADVANCED_FACE('',(#5255),#5266,.F.);
#5255 = FACE_BOUND('',#5256,.T.);
#5256 = EDGE_LOOP('',(#5257,#5258,#5264,#5265));
#5257 = ORIENTED_EDGE('',*,*,#987,.T.);
#5258 = ORIENTED_EDGE('',*,*,#5259,.T.);
#5259 = EDGE_CURVE('',#988,#2852,#5260,.T.);
#5260 = LINE('',#5261,#5262);
#5261 = CARTESIAN_POINT('',(67.032,-18.445,-4.6E-02));
#5262 = VECTOR('',#5263,1.);
#5263 = DIRECTION('',(0.,0.,1.));
#5264 = ORIENTED_EDGE('',*,*,#2851,.F.);
#5265 = ORIENTED_EDGE('',*,*,#5259,.F.);
#5266 = CYLINDRICAL_SURFACE('',#5267,0.445);
#5267 = AXIS2_PLACEMENT_3D('',#5268,#5269,#5270);
#5268 = CARTESIAN_POINT('',(67.032,-18.,-4.6E-02));
#5269 = DIRECTION('',(-0.,-0.,-1.));
#5270 = DIRECTION('',(-3.193450497798E-14,-1.,0.));
#5271 = ADVANCED_FACE('',(#5272),#5283,.F.);
#5272 = FACE_BOUND('',#5273,.T.);
#5273 = EDGE_LOOP('',(#5274,#5275,#5281,#5282));
#5274 = ORIENTED_EDGE('',*,*,#998,.T.);
#5275 = ORIENTED_EDGE('',*,*,#5276,.T.);
#5276 = EDGE_CURVE('',#999,#2863,#5277,.T.);
#5277 = LINE('',#5278,#5279);
#5278 = CARTESIAN_POINT('',(69.064,-18.445,-4.6E-02));
#5279 = VECTOR('',#5280,1.);
#5280 = DIRECTION('',(0.,0.,1.));
#5281 = ORIENTED_EDGE('',*,*,#2862,.F.);
#5282 = ORIENTED_EDGE('',*,*,#5276,.F.);
#5283 = CYLINDRICAL_SURFACE('',#5284,0.445);
#5284 = AXIS2_PLACEMENT_3D('',#5285,#5286,#5287);
#5285 = CARTESIAN_POINT('',(69.064,-18.,-4.6E-02));
#5286 = DIRECTION('',(-0.,-0.,-1.));
#5287 = DIRECTION('',(-0.,-1.,0.));
#5288 = ADVANCED_FACE('',(#5289),#5300,.F.);
#5289 = FACE_BOUND('',#5290,.T.);
#5290 = EDGE_LOOP('',(#5291,#5292,#5298,#5299));
#5291 = ORIENTED_EDGE('',*,*,#1009,.T.);
#5292 = ORIENTED_EDGE('',*,*,#5293,.T.);
#5293 = EDGE_CURVE('',#1010,#2874,#5294,.T.);
#5294 = LINE('',#5295,#5296);
#5295 = CARTESIAN_POINT('',(70.08,-20.225,-4.6E-02));
#5296 = VECTOR('',#5297,1.);
#5297 = DIRECTION('',(0.,0.,1.));
#5298 = ORIENTED_EDGE('',*,*,#2873,.F.);
#5299 = ORIENTED_EDGE('',*,*,#5293,.F.);
#5300 = CYLINDRICAL_SURFACE('',#5301,0.445);
#5301 = AXIS2_PLACEMENT_3D('',#5302,#5303,#5304);
#5302 = CARTESIAN_POINT('',(70.08,-19.78,-4.6E-02));
#5303 = DIRECTION('',(-0.,-0.,-1.));
#5304 = DIRECTION('',(-3.193450497798E-14,-1.,0.));
#5305 = ADVANCED_FACE('',(#5306),#5317,.F.);
#5306 = FACE_BOUND('',#5307,.T.);
#5307 = EDGE_LOOP('',(#5308,#5309,#5315,#5316));
#5308 = ORIENTED_EDGE('',*,*,#1020,.T.);
#5309 = ORIENTED_EDGE('',*,*,#5310,.T.);
#5310 = EDGE_CURVE('',#1021,#2885,#5311,.T.);
#5311 = LINE('',#5312,#5313);
#5312 = CARTESIAN_POINT('',(72.112,-20.225,-4.6E-02));
#5313 = VECTOR('',#5314,1.);
#5314 = DIRECTION('',(0.,0.,1.));
#5315 = ORIENTED_EDGE('',*,*,#2884,.F.);
#5316 = ORIENTED_EDGE('',*,*,#5310,.F.);
#5317 = CYLINDRICAL_SURFACE('',#5318,0.445);
#5318 = AXIS2_PLACEMENT_3D('',#5319,#5320,#5321);
#5319 = CARTESIAN_POINT('',(72.112,-19.78,-4.6E-02));
#5320 = DIRECTION('',(-0.,-0.,-1.));
#5321 = DIRECTION('',(-0.,-1.,0.));
#5322 = ADVANCED_FACE('',(#5323),#5334,.F.);
#5323 = FACE_BOUND('',#5324,.T.);
#5324 = EDGE_LOOP('',(#5325,#5326,#5332,#5333));
#5325 = ORIENTED_EDGE('',*,*,#1031,.T.);
#5326 = ORIENTED_EDGE('',*,*,#5327,.T.);
#5327 = EDGE_CURVE('',#1032,#2896,#5328,.T.);
#5328 = LINE('',#5329,#5330);
#5329 = CARTESIAN_POINT('',(71.096,-18.445,-4.6E-02));
#5330 = VECTOR('',#5331,1.);
#5331 = DIRECTION('',(0.,0.,1.));
#5332 = ORIENTED_EDGE('',*,*,#2895,.F.);
#5333 = ORIENTED_EDGE('',*,*,#5327,.F.);
#5334 = CYLINDRICAL_SURFACE('',#5335,0.445);
#5335 = AXIS2_PLACEMENT_3D('',#5336,#5337,#5338);
#5336 = CARTESIAN_POINT('',(71.096,-18.,-4.6E-02));
#5337 = DIRECTION('',(-0.,-0.,-1.));
#5338 = DIRECTION('',(-0.,-1.,0.));
#5339 = ADVANCED_FACE('',(#5340),#5351,.F.);
#5340 = FACE_BOUND('',#5341,.T.);
#5341 = EDGE_LOOP('',(#5342,#5343,#5349,#5350));
#5342 = ORIENTED_EDGE('',*,*,#1042,.T.);
#5343 = ORIENTED_EDGE('',*,*,#5344,.T.);
#5344 = EDGE_CURVE('',#1043,#2907,#5345,.T.);
#5345 = LINE('',#5346,#5347);
#5346 = CARTESIAN_POINT('',(75.42,-25.045,-4.6E-02));
#5347 = VECTOR('',#5348,1.);
#5348 = DIRECTION('',(0.,0.,1.));
#5349 = ORIENTED_EDGE('',*,*,#2906,.F.);
#5350 = ORIENTED_EDGE('',*,*,#5344,.F.);
#5351 = CYLINDRICAL_SURFACE('',#5352,0.445);
#5352 = AXIS2_PLACEMENT_3D('',#5353,#5354,#5355);
#5353 = CARTESIAN_POINT('',(75.42,-24.6,-4.6E-02));
#5354 = DIRECTION('',(-0.,0.,-1.));
#5355 = DIRECTION('',(3.193450497798E-14,-1.,-0.));
#5356 = ADVANCED_FACE('',(#5357),#5368,.F.);
#5357 = FACE_BOUND('',#5358,.T.);
#5358 = EDGE_LOOP('',(#5359,#5360,#5366,#5367));
#5359 = ORIENTED_EDGE('',*,*,#1053,.T.);
#5360 = ORIENTED_EDGE('',*,*,#5361,.T.);
#5361 = EDGE_CURVE('',#1054,#2918,#5362,.T.);
#5362 = LINE('',#5363,#5364);
#5363 = CARTESIAN_POINT('',(81.7,-25.045,-4.6E-02));
#5364 = VECTOR('',#5365,1.);
#5365 = DIRECTION('',(0.,0.,1.));
#5366 = ORIENTED_EDGE('',*,*,#2917,.F.);
#5367 = ORIENTED_EDGE('',*,*,#5361,.F.);
#5368 = CYLINDRICAL_SURFACE('',#5369,0.445);
#5369 = AXIS2_PLACEMENT_3D('',#5370,#5371,#5372);
#5370 = CARTESIAN_POINT('',(81.7,-24.6,-4.6E-02));
#5371 = DIRECTION('',(-0.,0.,-1.));
#5372 = DIRECTION('',(3.193450497798E-14,-1.,-0.));
#5373 = ADVANCED_FACE('',(#5374),#5385,.F.);
#5374 = FACE_BOUND('',#5375,.T.);
#5375 = EDGE_LOOP('',(#5376,#5377,#5383,#5384));
#5376 = ORIENTED_EDGE('',*,*,#1064,.T.);
#5377 = ORIENTED_EDGE('',*,*,#5378,.T.);
#5378 = EDGE_CURVE('',#1065,#2929,#5379,.T.);
#5379 = LINE('',#5380,#5381);
#5380 = CARTESIAN_POINT('',(83.99,-25.045,-4.6E-02));
#5381 = VECTOR('',#5382,1.);
#5382 = DIRECTION('',(0.,0.,1.));
#5383 = ORIENTED_EDGE('',*,*,#2928,.F.);
#5384 = ORIENTED_EDGE('',*,*,#5378,.F.);
#5385 = CYLINDRICAL_SURFACE('',#5386,0.445);
#5386 = AXIS2_PLACEMENT_3D('',#5387,#5388,#5389);
#5387 = CARTESIAN_POINT('',(83.99,-24.6,-4.6E-02));
#5388 = DIRECTION('',(-0.,-0.,-1.));
#5389 = DIRECTION('',(-3.193450497798E-14,-1.,0.));
#5390 = ADVANCED_FACE('',(#5391),#5402,.F.);
#5391 = FACE_BOUND('',#5392,.T.);
#5392 = EDGE_LOOP('',(#5393,#5394,#5400,#5401));
#5393 = ORIENTED_EDGE('',*,*,#1075,.T.);
#5394 = ORIENTED_EDGE('',*,*,#5395,.T.);
#5395 = EDGE_CURVE('',#1076,#2940,#5396,.T.);
#5396 = LINE('',#5397,#5398);
#5397 = CARTESIAN_POINT('',(93.13,-25.045,-4.6E-02));
#5398 = VECTOR('',#5399,1.);
#5399 = DIRECTION('',(0.,0.,1.));
#5400 = ORIENTED_EDGE('',*,*,#2939,.F.);
#5401 = ORIENTED_EDGE('',*,*,#5395,.F.);
#5402 = CYLINDRICAL_SURFACE('',#5403,0.445);
#5403 = AXIS2_PLACEMENT_3D('',#5404,#5405,#5406);
#5404 = CARTESIAN_POINT('',(93.13,-24.6,-4.6E-02));
#5405 = DIRECTION('',(-0.,-0.,-1.));
#5406 = DIRECTION('',(-0.,-1.,0.));
#5407 = ADVANCED_FACE('',(#5408),#5419,.F.);
#5408 = FACE_BOUND('',#5409,.T.);
#5409 = EDGE_LOOP('',(#5410,#5411,#5417,#5418));
#5410 = ORIENTED_EDGE('',*,*,#1086,.T.);
#5411 = ORIENTED_EDGE('',*,*,#5412,.T.);
#5412 = EDGE_CURVE('',#1087,#2951,#5413,.T.);
#5413 = LINE('',#5414,#5415);
#5414 = CARTESIAN_POINT('',(76.69,-19.675,-4.6E-02));
#5415 = VECTOR('',#5416,1.);
#5416 = DIRECTION('',(0.,0.,1.));
#5417 = ORIENTED_EDGE('',*,*,#2950,.F.);
#5418 = ORIENTED_EDGE('',*,*,#5412,.F.);
#5419 = CYLINDRICAL_SURFACE('',#5420,0.785);
#5420 = AXIS2_PLACEMENT_3D('',#5421,#5422,#5423);
#5421 = CARTESIAN_POINT('',(76.69,-18.89,-4.6E-02));
#5422 = DIRECTION('',(-0.,-0.,-1.));
#5423 = DIRECTION('',(-0.,-1.,0.));
#5424 = ADVANCED_FACE('',(#5425),#5436,.F.);
#5425 = FACE_BOUND('',#5426,.T.);
#5426 = EDGE_LOOP('',(#5427,#5428,#5434,#5435));
#5427 = ORIENTED_EDGE('',*,*,#1097,.T.);
#5428 = ORIENTED_EDGE('',*,*,#5429,.T.);
#5429 = EDGE_CURVE('',#1098,#2962,#5430,.T.);
#5430 = LINE('',#5431,#5432);
#5431 = CARTESIAN_POINT('',(80.43,-19.675,-4.6E-02));
#5432 = VECTOR('',#5433,1.);
#5433 = DIRECTION('',(0.,0.,1.));
#5434 = ORIENTED_EDGE('',*,*,#2961,.F.);
#5435 = ORIENTED_EDGE('',*,*,#5429,.F.);
#5436 = CYLINDRICAL_SURFACE('',#5437,0.785);
#5437 = AXIS2_PLACEMENT_3D('',#5438,#5439,#5440);
#5438 = CARTESIAN_POINT('',(80.43,-18.89,-4.6E-02));
#5439 = DIRECTION('',(-0.,-0.,-1.));
#5440 = DIRECTION('',(-0.,-1.,0.));
#5441 = ADVANCED_FACE('',(#5442),#5453,.F.);
#5442 = FACE_BOUND('',#5443,.T.);
#5443 = EDGE_LOOP('',(#5444,#5445,#5451,#5452));
#5444 = ORIENTED_EDGE('',*,*,#1108,.T.);
#5445 = ORIENTED_EDGE('',*,*,#5446,.T.);
#5446 = EDGE_CURVE('',#1109,#2973,#5447,.T.);
#5447 = LINE('',#5448,#5449);
#5448 = CARTESIAN_POINT('',(74.91,-17.085,-4.6E-02));
#5449 = VECTOR('',#5450,1.);
#5450 = DIRECTION('',(0.,0.,1.));
#5451 = ORIENTED_EDGE('',*,*,#2972,.F.);
#5452 = ORIENTED_EDGE('',*,*,#5446,.F.);
#5453 = CYLINDRICAL_SURFACE('',#5454,1.625);
#5454 = AXIS2_PLACEMENT_3D('',#5455,#5456,#5457);
#5455 = CARTESIAN_POINT('',(74.91,-15.46,-4.6E-02));
#5456 = DIRECTION('',(-0.,-0.,-1.));
#5457 = DIRECTION('',(-0.,-1.,0.));
#5458 = ADVANCED_FACE('',(#5459),#5470,.F.);
#5459 = FACE_BOUND('',#5460,.T.);
#5460 = EDGE_LOOP('',(#5461,#5462,#5468,#5469));
#5461 = ORIENTED_EDGE('',*,*,#1119,.T.);
#5462 = ORIENTED_EDGE('',*,*,#5463,.T.);
#5463 = EDGE_CURVE('',#1120,#2984,#5464,.T.);
#5464 = LINE('',#5465,#5466);
#5465 = CARTESIAN_POINT('',(82.21,-17.085,-4.6E-02));
#5466 = VECTOR('',#5467,1.);
#5467 = DIRECTION('',(0.,0.,1.));
#5468 = ORIENTED_EDGE('',*,*,#2983,.F.);
#5469 = ORIENTED_EDGE('',*,*,#5463,.F.);
#5470 = CYLINDRICAL_SURFACE('',#5471,1.625);
#5471 = AXIS2_PLACEMENT_3D('',#5472,#5473,#5474);
#5472 = CARTESIAN_POINT('',(82.21,-15.46,-4.6E-02));
#5473 = DIRECTION('',(-0.,-0.,-1.));
#5474 = DIRECTION('',(-0.,-1.,0.));
#5475 = ADVANCED_FACE('',(#5476),#5487,.F.);
#5476 = FACE_BOUND('',#5477,.T.);
#5477 = EDGE_LOOP('',(#5478,#5479,#5485,#5486));
#5478 = ORIENTED_EDGE('',*,*,#1130,.T.);
#5479 = ORIENTED_EDGE('',*,*,#5480,.T.);
#5480 = EDGE_CURVE('',#1131,#2995,#5481,.T.);
#5481 = LINE('',#5482,#5483);
#5482 = CARTESIAN_POINT('',(86.016,-20.225,-4.6E-02));
#5483 = VECTOR('',#5484,1.);
#5484 = DIRECTION('',(0.,0.,1.));
#5485 = ORIENTED_EDGE('',*,*,#2994,.F.);
#5486 = ORIENTED_EDGE('',*,*,#5480,.F.);
#5487 = CYLINDRICAL_SURFACE('',#5488,0.445);
#5488 = AXIS2_PLACEMENT_3D('',#5489,#5490,#5491);
#5489 = CARTESIAN_POINT('',(86.016,-19.78,-4.6E-02));
#5490 = DIRECTION('',(-0.,0.,-1.));
#5491 = DIRECTION('',(3.193450497798E-14,-1.,-0.));
#5492 = ADVANCED_FACE('',(#5493),#5504,.F.);
#5493 = FACE_BOUND('',#5494,.T.);
#5494 = EDGE_LOOP('',(#5495,#5496,#5502,#5503));
#5495 = ORIENTED_EDGE('',*,*,#1141,.T.);
#5496 = ORIENTED_EDGE('',*,*,#5497,.T.);
#5497 = EDGE_CURVE('',#1142,#3006,#5498,.T.);
#5498 = LINE('',#5499,#5500);
#5499 = CARTESIAN_POINT('',(88.048,-20.225,-4.6E-02));
#5500 = VECTOR('',#5501,1.);
#5501 = DIRECTION('',(0.,0.,1.));
#5502 = ORIENTED_EDGE('',*,*,#3005,.F.);
#5503 = ORIENTED_EDGE('',*,*,#5497,.F.);
#5504 = CYLINDRICAL_SURFACE('',#5505,0.445);
#5505 = AXIS2_PLACEMENT_3D('',#5506,#5507,#5508);
#5506 = CARTESIAN_POINT('',(88.048,-19.78,-4.6E-02));
#5507 = DIRECTION('',(-0.,-0.,-1.));
#5508 = DIRECTION('',(-0.,-1.,0.));
#5509 = ADVANCED_FACE('',(#5510),#5521,.F.);
#5510 = FACE_BOUND('',#5511,.T.);
#5511 = EDGE_LOOP('',(#5512,#5513,#5519,#5520));
#5512 = ORIENTED_EDGE('',*,*,#1152,.T.);
#5513 = ORIENTED_EDGE('',*,*,#5514,.T.);
#5514 = EDGE_CURVE('',#1153,#3017,#5515,.T.);
#5515 = LINE('',#5516,#5517);
#5516 = CARTESIAN_POINT('',(85.,-18.445,-4.6E-02));
#5517 = VECTOR('',#5518,1.);
#5518 = DIRECTION('',(0.,0.,1.));
#5519 = ORIENTED_EDGE('',*,*,#3016,.F.);
#5520 = ORIENTED_EDGE('',*,*,#5514,.F.);
#5521 = CYLINDRICAL_SURFACE('',#5522,0.445);
#5522 = AXIS2_PLACEMENT_3D('',#5523,#5524,#5525);
#5523 = CARTESIAN_POINT('',(85.,-18.,-4.6E-02));
#5524 = DIRECTION('',(-0.,-0.,-1.));
#5525 = DIRECTION('',(-0.,-1.,0.));
#5526 = ADVANCED_FACE('',(#5527),#5538,.F.);
#5527 = FACE_BOUND('',#5528,.T.);
#5528 = EDGE_LOOP('',(#5529,#5530,#5536,#5537));
#5529 = ORIENTED_EDGE('',*,*,#1163,.T.);
#5530 = ORIENTED_EDGE('',*,*,#5531,.T.);
#5531 = EDGE_CURVE('',#1164,#3028,#5532,.T.);
#5532 = LINE('',#5533,#5534);
#5533 = CARTESIAN_POINT('',(87.032,-18.445,-4.6E-02));
#5534 = VECTOR('',#5535,1.);
#5535 = DIRECTION('',(0.,0.,1.));
#5536 = ORIENTED_EDGE('',*,*,#3027,.F.);
#5537 = ORIENTED_EDGE('',*,*,#5531,.F.);
#5538 = CYLINDRICAL_SURFACE('',#5539,0.445);
#5539 = AXIS2_PLACEMENT_3D('',#5540,#5541,#5542);
#5540 = CARTESIAN_POINT('',(87.032,-18.,-4.6E-02));
#5541 = DIRECTION('',(-0.,-0.,-1.));
#5542 = DIRECTION('',(-3.193450497798E-14,-1.,0.));
#5543 = ADVANCED_FACE('',(#5544),#5555,.F.);
#5544 = FACE_BOUND('',#5545,.T.);
#5545 = EDGE_LOOP('',(#5546,#5547,#5553,#5554));
#5546 = ORIENTED_EDGE('',*,*,#1174,.T.);
#5547 = ORIENTED_EDGE('',*,*,#5548,.T.);
#5548 = EDGE_CURVE('',#1175,#3039,#5549,.T.);
#5549 = LINE('',#5550,#5551);
#5550 = CARTESIAN_POINT('',(89.064,-18.445,-4.6E-02));
#5551 = VECTOR('',#5552,1.);
#5552 = DIRECTION('',(0.,0.,1.));
#5553 = ORIENTED_EDGE('',*,*,#3038,.F.);
#5554 = ORIENTED_EDGE('',*,*,#5548,.F.);
#5555 = CYLINDRICAL_SURFACE('',#5556,0.445);
#5556 = AXIS2_PLACEMENT_3D('',#5557,#5558,#5559);
#5557 = CARTESIAN_POINT('',(89.064,-18.,-4.6E-02));
#5558 = DIRECTION('',(-0.,-0.,-1.));
#5559 = DIRECTION('',(-0.,-1.,0.));
#5560 = ADVANCED_FACE('',(#5561),#5572,.F.);
#5561 = FACE_BOUND('',#5562,.T.);
#5562 = EDGE_LOOP('',(#5563,#5564,#5570,#5571));
#5563 = ORIENTED_EDGE('',*,*,#1185,.T.);
#5564 = ORIENTED_EDGE('',*,*,#5565,.T.);
#5565 = EDGE_CURVE('',#1186,#3050,#5566,.T.);
#5566 = LINE('',#5567,#5568);
#5567 = CARTESIAN_POINT('',(90.08,-20.225,-4.6E-02));
#5568 = VECTOR('',#5569,1.);
#5569 = DIRECTION('',(0.,0.,1.));
#5570 = ORIENTED_EDGE('',*,*,#3049,.F.);
#5571 = ORIENTED_EDGE('',*,*,#5565,.F.);
#5572 = CYLINDRICAL_SURFACE('',#5573,0.445);
#5573 = AXIS2_PLACEMENT_3D('',#5574,#5575,#5576);
#5574 = CARTESIAN_POINT('',(90.08,-19.78,-4.6E-02));
#5575 = DIRECTION('',(-0.,-0.,-1.));
#5576 = DIRECTION('',(-3.193450497798E-14,-1.,0.));
#5577 = ADVANCED_FACE('',(#5578),#5589,.F.);
#5578 = FACE_BOUND('',#5579,.T.);
#5579 = EDGE_LOOP('',(#5580,#5581,#5587,#5588));
#5580 = ORIENTED_EDGE('',*,*,#1196,.T.);
#5581 = ORIENTED_EDGE('',*,*,#5582,.T.);
#5582 = EDGE_CURVE('',#1197,#3061,#5583,.T.);
#5583 = LINE('',#5584,#5585);
#5584 = CARTESIAN_POINT('',(92.112,-20.225,-4.6E-02));
#5585 = VECTOR('',#5586,1.);
#5586 = DIRECTION('',(0.,0.,1.));
#5587 = ORIENTED_EDGE('',*,*,#3060,.F.);
#5588 = ORIENTED_EDGE('',*,*,#5582,.F.);
#5589 = CYLINDRICAL_SURFACE('',#5590,0.445);
#5590 = AXIS2_PLACEMENT_3D('',#5591,#5592,#5593);
#5591 = CARTESIAN_POINT('',(92.112,-19.78,-4.6E-02));
#5592 = DIRECTION('',(-0.,-0.,-1.));
#5593 = DIRECTION('',(-0.,-1.,0.));
#5594 = ADVANCED_FACE('',(#5595),#5606,.F.);
#5595 = FACE_BOUND('',#5596,.T.);
#5596 = EDGE_LOOP('',(#5597,#5598,#5604,#5605));
#5597 = ORIENTED_EDGE('',*,*,#1207,.T.);
#5598 = ORIENTED_EDGE('',*,*,#5599,.T.);
#5599 = EDGE_CURVE('',#1208,#3072,#5600,.T.);
#5600 = LINE('',#5601,#5602);
#5601 = CARTESIAN_POINT('',(91.096,-18.445,-4.6E-02));
#5602 = VECTOR('',#5603,1.);
#5603 = DIRECTION('',(0.,0.,1.));
#5604 = ORIENTED_EDGE('',*,*,#3071,.F.);
#5605 = ORIENTED_EDGE('',*,*,#5599,.F.);
#5606 = CYLINDRICAL_SURFACE('',#5607,0.445);
#5607 = AXIS2_PLACEMENT_3D('',#5608,#5609,#5610);
#5608 = CARTESIAN_POINT('',(91.096,-18.,-4.6E-02));
#5609 = DIRECTION('',(-0.,-0.,-1.));
#5610 = DIRECTION('',(-0.,-1.,0.));
#5611 = ADVANCED_FACE('',(#5612),#5623,.F.);
#5612 = FACE_BOUND('',#5613,.T.);
#5613 = EDGE_LOOP('',(#5614,#5615,#5621,#5622));
#5614 = ORIENTED_EDGE('',*,*,#1218,.T.);
#5615 = ORIENTED_EDGE('',*,*,#5616,.T.);
#5616 = EDGE_CURVE('',#1219,#3083,#5617,.T.);
#5617 = LINE('',#5618,#5619);
#5618 = CARTESIAN_POINT('',(94.91,-17.085,-4.6E-02));
#5619 = VECTOR('',#5620,1.);
#5620 = DIRECTION('',(0.,0.,1.));
#5621 = ORIENTED_EDGE('',*,*,#3082,.F.);
#5622 = ORIENTED_EDGE('',*,*,#5616,.F.);
#5623 = CYLINDRICAL_SURFACE('',#5624,1.625);
#5624 = AXIS2_PLACEMENT_3D('',#5625,#5626,#5627);
#5625 = CARTESIAN_POINT('',(94.91,-15.46,-4.6E-02));
#5626 = DIRECTION('',(-0.,-0.,-1.));
#5627 = DIRECTION('',(-0.,-1.,0.));
#5628 = ADVANCED_FACE('',(#5629),#5640,.F.);
#5629 = FACE_BOUND('',#5630,.T.);
#5630 = EDGE_LOOP('',(#5631,#5632,#5638,#5639));
#5631 = ORIENTED_EDGE('',*,*,#1229,.T.);
#5632 = ORIENTED_EDGE('',*,*,#5633,.T.);
#5633 = EDGE_CURVE('',#1230,#3094,#5634,.T.);
#5634 = LINE('',#5635,#5636);
#5635 = CARTESIAN_POINT('',(95.,-54.58,-4.6E-02));
#5636 = VECTOR('',#5637,1.);
#5637 = DIRECTION('',(0.,0.,1.));
#5638 = ORIENTED_EDGE('',*,*,#3093,.F.);
#5639 = ORIENTED_EDGE('',*,*,#5633,.F.);
#5640 = CYLINDRICAL_SURFACE('',#5641,0.5);
#5641 = AXIS2_PLACEMENT_3D('',#5642,#5643,#5644);
#5642 = CARTESIAN_POINT('',(95.,-54.08,-4.6E-02));
#5643 = DIRECTION('',(-0.,-0.,-1.));
#5644 = DIRECTION('',(-0.,-1.,0.));
#5645 = ADVANCED_FACE('',(#5646),#5657,.F.);
#5646 = FACE_BOUND('',#5647,.T.);
#5647 = EDGE_LOOP('',(#5648,#5649,#5655,#5656));
#5648 = ORIENTED_EDGE('',*,*,#1240,.T.);
#5649 = ORIENTED_EDGE('',*,*,#5650,.T.);
#5650 = EDGE_CURVE('',#1241,#3105,#5651,.T.);
#5651 = LINE('',#5652,#5653);
#5652 = CARTESIAN_POINT('',(95.,-52.04,-4.6E-02));
#5653 = VECTOR('',#5654,1.);
#5654 = DIRECTION('',(0.,0.,1.));
#5655 = ORIENTED_EDGE('',*,*,#3104,.F.);
#5656 = ORIENTED_EDGE('',*,*,#5650,.F.);
#5657 = CYLINDRICAL_SURFACE('',#5658,0.5);
#5658 = AXIS2_PLACEMENT_3D('',#5659,#5660,#5661);
#5659 = CARTESIAN_POINT('',(95.,-51.54,-4.6E-02));
#5660 = DIRECTION('',(-0.,-0.,-1.));
#5661 = DIRECTION('',(-0.,-1.,0.));
#5662 = ADVANCED_FACE('',(#5663),#5674,.F.);
#5663 = FACE_BOUND('',#5664,.T.);
#5664 = EDGE_LOOP('',(#5665,#5666,#5672,#5673));
#5665 = ORIENTED_EDGE('',*,*,#1251,.T.);
#5666 = ORIENTED_EDGE('',*,*,#5667,.T.);
#5667 = EDGE_CURVE('',#1252,#3116,#5668,.T.);
#5668 = LINE('',#5669,#5670);
#5669 = CARTESIAN_POINT('',(95.,-49.5,-4.6E-02));
#5670 = VECTOR('',#5671,1.);
#5671 = DIRECTION('',(0.,0.,1.));
#5672 = ORIENTED_EDGE('',*,*,#3115,.F.);
#5673 = ORIENTED_EDGE('',*,*,#5667,.F.);
#5674 = CYLINDRICAL_SURFACE('',#5675,0.5);
#5675 = AXIS2_PLACEMENT_3D('',#5676,#5677,#5678);
#5676 = CARTESIAN_POINT('',(95.,-49.,-4.6E-02));
#5677 = DIRECTION('',(-0.,-0.,-1.));
#5678 = DIRECTION('',(-0.,-1.,0.));
#5679 = ADVANCED_FACE('',(#5680),#5691,.F.);
#5680 = FACE_BOUND('',#5681,.T.);
#5681 = EDGE_LOOP('',(#5682,#5683,#5689,#5690));
#5682 = ORIENTED_EDGE('',*,*,#1262,.T.);
#5683 = ORIENTED_EDGE('',*,*,#5684,.T.);
#5684 = EDGE_CURVE('',#1263,#3127,#5685,.T.);
#5685 = LINE('',#5686,#5687);
#5686 = CARTESIAN_POINT('',(176.,-71.6,-4.6E-02));
#5687 = VECTOR('',#5688,1.);
#5688 = DIRECTION('',(0.,0.,1.));
#5689 = ORIENTED_EDGE('',*,*,#3126,.F.);
#5690 = ORIENTED_EDGE('',*,*,#5684,.F.);
#5691 = CYLINDRICAL_SURFACE('',#5692,1.6);
#5692 = AXIS2_PLACEMENT_3D('',#5693,#5694,#5695);
#5693 = CARTESIAN_POINT('',(176.,-70.,-4.6E-02));
#5694 = DIRECTION('',(-0.,-0.,-1.));
#5695 = DIRECTION('',(-0.,-1.,0.));
#5696 = ADVANCED_FACE('',(#5697),#5708,.F.);
#5697 = FACE_BOUND('',#5698,.T.);
#5698 = EDGE_LOOP('',(#5699,#5700,#5706,#5707));
#5699 = ORIENTED_EDGE('',*,*,#1273,.T.);
#5700 = ORIENTED_EDGE('',*,*,#5701,.T.);
#5701 = EDGE_CURVE('',#1274,#3138,#5702,.T.);
#5702 = LINE('',#5703,#5704);
#5703 = CARTESIAN_POINT('',(95.42,-25.045,-4.6E-02));
#5704 = VECTOR('',#5705,1.);
#5705 = DIRECTION('',(0.,0.,1.));
#5706 = ORIENTED_EDGE('',*,*,#3137,.F.);
#5707 = ORIENTED_EDGE('',*,*,#5701,.F.);
#5708 = CYLINDRICAL_SURFACE('',#5709,0.445);
#5709 = AXIS2_PLACEMENT_3D('',#5710,#5711,#5712);
#5710 = CARTESIAN_POINT('',(95.42,-24.6,-4.6E-02));
#5711 = DIRECTION('',(-0.,0.,-1.));
#5712 = DIRECTION('',(3.193450497798E-14,-1.,-0.));
#5713 = ADVANCED_FACE('',(#5714),#5725,.F.);
#5714 = FACE_BOUND('',#5715,.T.);
#5715 = EDGE_LOOP('',(#5716,#5717,#5723,#5724));
#5716 = ORIENTED_EDGE('',*,*,#1284,.T.);
#5717 = ORIENTED_EDGE('',*,*,#5718,.T.);
#5718 = EDGE_CURVE('',#1285,#3149,#5719,.T.);
#5719 = LINE('',#5720,#5721);
#5720 = CARTESIAN_POINT('',(101.7,-25.045,-4.6E-02));
#5721 = VECTOR('',#5722,1.);
#5722 = DIRECTION('',(0.,0.,1.));
#5723 = ORIENTED_EDGE('',*,*,#3148,.F.);
#5724 = ORIENTED_EDGE('',*,*,#5718,.F.);
#5725 = CYLINDRICAL_SURFACE('',#5726,0.445);
#5726 = AXIS2_PLACEMENT_3D('',#5727,#5728,#5729);
#5727 = CARTESIAN_POINT('',(101.7,-24.6,-4.6E-02));
#5728 = DIRECTION('',(-0.,0.,-1.));
#5729 = DIRECTION('',(3.193450497798E-14,-1.,-0.));
#5730 = ADVANCED_FACE('',(#5731),#5742,.F.);
#5731 = FACE_BOUND('',#5732,.T.);
#5732 = EDGE_LOOP('',(#5733,#5734,#5740,#5741));
#5733 = ORIENTED_EDGE('',*,*,#1295,.T.);
#5734 = ORIENTED_EDGE('',*,*,#5735,.T.);
#5735 = EDGE_CURVE('',#1296,#3160,#5736,.T.);
#5736 = LINE('',#5737,#5738);
#5737 = CARTESIAN_POINT('',(103.99,-25.045,-4.6E-02));
#5738 = VECTOR('',#5739,1.);
#5739 = DIRECTION('',(0.,0.,1.));
#5740 = ORIENTED_EDGE('',*,*,#3159,.F.);
#5741 = ORIENTED_EDGE('',*,*,#5735,.F.);
#5742 = CYLINDRICAL_SURFACE('',#5743,0.445);
#5743 = AXIS2_PLACEMENT_3D('',#5744,#5745,#5746);
#5744 = CARTESIAN_POINT('',(103.99,-24.6,-4.6E-02));
#5745 = DIRECTION('',(-0.,-0.,-1.));
#5746 = DIRECTION('',(-3.193450497798E-14,-1.,0.));
#5747 = ADVANCED_FACE('',(#5748),#5759,.F.);
#5748 = FACE_BOUND('',#5749,.T.);
#5749 = EDGE_LOOP('',(#5750,#5751,#5757,#5758));
#5750 = ORIENTED_EDGE('',*,*,#1306,.T.);
#5751 = ORIENTED_EDGE('',*,*,#5752,.T.);
#5752 = EDGE_CURVE('',#1307,#3171,#5753,.T.);
#5753 = LINE('',#5754,#5755);
#5754 = CARTESIAN_POINT('',(113.13,-25.045,-4.6E-02));
#5755 = VECTOR('',#5756,1.);
#5756 = DIRECTION('',(0.,0.,1.));
#5757 = ORIENTED_EDGE('',*,*,#3170,.F.);
#5758 = ORIENTED_EDGE('',*,*,#5752,.F.);
#5759 = CYLINDRICAL_SURFACE('',#5760,0.445);
#5760 = AXIS2_PLACEMENT_3D('',#5761,#5762,#5763);
#5761 = CARTESIAN_POINT('',(113.13,-24.6,-4.6E-02));
#5762 = DIRECTION('',(-0.,-0.,-1.));
#5763 = DIRECTION('',(-0.,-1.,0.));
#5764 = ADVANCED_FACE('',(#5765),#5776,.F.);
#5765 = FACE_BOUND('',#5766,.T.);
#5766 = EDGE_LOOP('',(#5767,#5768,#5774,#5775));
#5767 = ORIENTED_EDGE('',*,*,#1317,.T.);
#5768 = ORIENTED_EDGE('',*,*,#5769,.T.);
#5769 = EDGE_CURVE('',#1318,#3182,#5770,.T.);
#5770 = LINE('',#5771,#5772);
#5771 = CARTESIAN_POINT('',(115.42,-25.045,-4.6E-02));
#5772 = VECTOR('',#5773,1.);
#5773 = DIRECTION('',(0.,0.,1.));
#5774 = ORIENTED_EDGE('',*,*,#3181,.F.);
#5775 = ORIENTED_EDGE('',*,*,#5769,.F.);
#5776 = CYLINDRICAL_SURFACE('',#5777,0.445);
#5777 = AXIS2_PLACEMENT_3D('',#5778,#5779,#5780);
#5778 = CARTESIAN_POINT('',(115.42,-24.6,-4.6E-02));
#5779 = DIRECTION('',(-0.,0.,-1.));
#5780 = DIRECTION('',(3.193450497798E-14,-1.,-0.));
#5781 = ADVANCED_FACE('',(#5782),#5793,.F.);
#5782 = FACE_BOUND('',#5783,.T.);
#5783 = EDGE_LOOP('',(#5784,#5785,#5791,#5792));
#5784 = ORIENTED_EDGE('',*,*,#1328,.T.);
#5785 = ORIENTED_EDGE('',*,*,#5786,.T.);
#5786 = EDGE_CURVE('',#1329,#3193,#5787,.T.);
#5787 = LINE('',#5788,#5789);
#5788 = CARTESIAN_POINT('',(96.69,-19.675,-4.6E-02));
#5789 = VECTOR('',#5790,1.);
#5790 = DIRECTION('',(0.,0.,1.));
#5791 = ORIENTED_EDGE('',*,*,#3192,.F.);
#5792 = ORIENTED_EDGE('',*,*,#5786,.F.);
#5793 = CYLINDRICAL_SURFACE('',#5794,0.785);
#5794 = AXIS2_PLACEMENT_3D('',#5795,#5796,#5797);
#5795 = CARTESIAN_POINT('',(96.69,-18.89,-4.6E-02));
#5796 = DIRECTION('',(-0.,-0.,-1.));
#5797 = DIRECTION('',(-0.,-1.,0.));
#5798 = ADVANCED_FACE('',(#5799),#5810,.F.);
#5799 = FACE_BOUND('',#5800,.T.);
#5800 = EDGE_LOOP('',(#5801,#5802,#5808,#5809));
#5801 = ORIENTED_EDGE('',*,*,#1339,.T.);
#5802 = ORIENTED_EDGE('',*,*,#5803,.T.);
#5803 = EDGE_CURVE('',#1340,#3204,#5804,.T.);
#5804 = LINE('',#5805,#5806);
#5805 = CARTESIAN_POINT('',(100.43,-19.675,-4.6E-02));
#5806 = VECTOR('',#5807,1.);
#5807 = DIRECTION('',(0.,0.,1.));
#5808 = ORIENTED_EDGE('',*,*,#3203,.F.);
#5809 = ORIENTED_EDGE('',*,*,#5803,.F.);
#5810 = CYLINDRICAL_SURFACE('',#5811,0.785);
#5811 = AXIS2_PLACEMENT_3D('',#5812,#5813,#5814);
#5812 = CARTESIAN_POINT('',(100.43,-18.89,-4.6E-02));
#5813 = DIRECTION('',(-0.,-0.,-1.));
#5814 = DIRECTION('',(-0.,-1.,0.));
#5815 = ADVANCED_FACE('',(#5816),#5827,.F.);
#5816 = FACE_BOUND('',#5817,.T.);
#5817 = EDGE_LOOP('',(#5818,#5819,#5825,#5826));
#5818 = ORIENTED_EDGE('',*,*,#1350,.T.);
#5819 = ORIENTED_EDGE('',*,*,#5820,.T.);
#5820 = EDGE_CURVE('',#1351,#3215,#5821,.T.);
#5821 = LINE('',#5822,#5823);
#5822 = CARTESIAN_POINT('',(105.,-18.445,-4.6E-02));
#5823 = VECTOR('',#5824,1.);
#5824 = DIRECTION('',(0.,0.,1.));
#5825 = ORIENTED_EDGE('',*,*,#3214,.F.);
#5826 = ORIENTED_EDGE('',*,*,#5820,.F.);
#5827 = CYLINDRICAL_SURFACE('',#5828,0.445);
#5828 = AXIS2_PLACEMENT_3D('',#5829,#5830,#5831);
#5829 = CARTESIAN_POINT('',(105.,-18.,-4.6E-02));
#5830 = DIRECTION('',(-0.,-0.,-1.));
#5831 = DIRECTION('',(-0.,-1.,0.));
#5832 = ADVANCED_FACE('',(#5833),#5844,.F.);
#5833 = FACE_BOUND('',#5834,.T.);
#5834 = EDGE_LOOP('',(#5835,#5836,#5842,#5843));
#5835 = ORIENTED_EDGE('',*,*,#1361,.T.);
#5836 = ORIENTED_EDGE('',*,*,#5837,.T.);
#5837 = EDGE_CURVE('',#1362,#3226,#5838,.T.);
#5838 = LINE('',#5839,#5840);
#5839 = CARTESIAN_POINT('',(102.21,-17.085,-4.6E-02));
#5840 = VECTOR('',#5841,1.);
#5841 = DIRECTION('',(0.,0.,1.));
#5842 = ORIENTED_EDGE('',*,*,#3225,.F.);
#5843 = ORIENTED_EDGE('',*,*,#5837,.F.);
#5844 = CYLINDRICAL_SURFACE('',#5845,1.625);
#5845 = AXIS2_PLACEMENT_3D('',#5846,#5847,#5848);
#5846 = CARTESIAN_POINT('',(102.21,-15.46,-4.6E-02));
#5847 = DIRECTION('',(-0.,-0.,-1.));
#5848 = DIRECTION('',(-0.,-1.,0.));
#5849 = ADVANCED_FACE('',(#5850),#5861,.F.);
#5850 = FACE_BOUND('',#5851,.T.);
#5851 = EDGE_LOOP('',(#5852,#5853,#5859,#5860));
#5852 = ORIENTED_EDGE('',*,*,#1372,.T.);
#5853 = ORIENTED_EDGE('',*,*,#5854,.T.);
#5854 = EDGE_CURVE('',#1373,#3237,#5855,.T.);
#5855 = LINE('',#5856,#5857);
#5856 = CARTESIAN_POINT('',(106.016,-20.225,-4.6E-02));
#5857 = VECTOR('',#5858,1.);
#5858 = DIRECTION('',(0.,0.,1.));
#5859 = ORIENTED_EDGE('',*,*,#3236,.F.);
#5860 = ORIENTED_EDGE('',*,*,#5854,.F.);
#5861 = CYLINDRICAL_SURFACE('',#5862,0.445);
#5862 = AXIS2_PLACEMENT_3D('',#5863,#5864,#5865);
#5863 = CARTESIAN_POINT('',(106.016,-19.78,-4.6E-02));
#5864 = DIRECTION('',(-0.,0.,-1.));
#5865 = DIRECTION('',(3.193450497798E-14,-1.,-0.));
#5866 = ADVANCED_FACE('',(#5867),#5878,.F.);
#5867 = FACE_BOUND('',#5868,.T.);
#5868 = EDGE_LOOP('',(#5869,#5870,#5876,#5877));
#5869 = ORIENTED_EDGE('',*,*,#1383,.T.);
#5870 = ORIENTED_EDGE('',*,*,#5871,.T.);
#5871 = EDGE_CURVE('',#1384,#3248,#5872,.T.);
#5872 = LINE('',#5873,#5874);
#5873 = CARTESIAN_POINT('',(108.048,-20.225,-4.6E-02));
#5874 = VECTOR('',#5875,1.);
#5875 = DIRECTION('',(0.,0.,1.));
#5876 = ORIENTED_EDGE('',*,*,#3247,.F.);
#5877 = ORIENTED_EDGE('',*,*,#5871,.F.);
#5878 = CYLINDRICAL_SURFACE('',#5879,0.445);
#5879 = AXIS2_PLACEMENT_3D('',#5880,#5881,#5882);
#5880 = CARTESIAN_POINT('',(108.048,-19.78,-4.6E-02));
#5881 = DIRECTION('',(-0.,-0.,-1.));
#5882 = DIRECTION('',(-0.,-1.,0.));
#5883 = ADVANCED_FACE('',(#5884),#5895,.F.);
#5884 = FACE_BOUND('',#5885,.T.);
#5885 = EDGE_LOOP('',(#5886,#5887,#5893,#5894));
#5886 = ORIENTED_EDGE('',*,*,#1394,.T.);
#5887 = ORIENTED_EDGE('',*,*,#5888,.T.);
#5888 = EDGE_CURVE('',#1395,#3259,#5889,.T.);
#5889 = LINE('',#5890,#5891);
#5890 = CARTESIAN_POINT('',(110.08,-20.225,-4.6E-02));
#5891 = VECTOR('',#5892,1.);
#5892 = DIRECTION('',(0.,0.,1.));
#5893 = ORIENTED_EDGE('',*,*,#3258,.F.);
#5894 = ORIENTED_EDGE('',*,*,#5888,.F.);
#5895 = CYLINDRICAL_SURFACE('',#5896,0.445);
#5896 = AXIS2_PLACEMENT_3D('',#5897,#5898,#5899);
#5897 = CARTESIAN_POINT('',(110.08,-19.78,-4.6E-02));
#5898 = DIRECTION('',(-0.,-0.,-1.));
#5899 = DIRECTION('',(-3.193450497798E-14,-1.,0.));
#5900 = ADVANCED_FACE('',(#5901),#5912,.F.);
#5901 = FACE_BOUND('',#5902,.T.);
#5902 = EDGE_LOOP('',(#5903,#5904,#5910,#5911));
#5903 = ORIENTED_EDGE('',*,*,#1405,.T.);
#5904 = ORIENTED_EDGE('',*,*,#5905,.T.);
#5905 = EDGE_CURVE('',#1406,#3270,#5906,.T.);
#5906 = LINE('',#5907,#5908);
#5907 = CARTESIAN_POINT('',(107.032,-18.445,-4.6E-02));
#5908 = VECTOR('',#5909,1.);
#5909 = DIRECTION('',(0.,0.,1.));
#5910 = ORIENTED_EDGE('',*,*,#3269,.F.);
#5911 = ORIENTED_EDGE('',*,*,#5905,.F.);
#5912 = CYLINDRICAL_SURFACE('',#5913,0.445);
#5913 = AXIS2_PLACEMENT_3D('',#5914,#5915,#5916);
#5914 = CARTESIAN_POINT('',(107.032,-18.,-4.6E-02));
#5915 = DIRECTION('',(-0.,-0.,-1.));
#5916 = DIRECTION('',(-3.193450497798E-14,-1.,0.));
#5917 = ADVANCED_FACE('',(#5918),#5929,.F.);
#5918 = FACE_BOUND('',#5919,.T.);
#5919 = EDGE_LOOP('',(#5920,#5921,#5927,#5928));
#5920 = ORIENTED_EDGE('',*,*,#1416,.T.);
#5921 = ORIENTED_EDGE('',*,*,#5922,.T.);
#5922 = EDGE_CURVE('',#1417,#3281,#5923,.T.);
#5923 = LINE('',#5924,#5925);
#5924 = CARTESIAN_POINT('',(109.064,-18.445,-4.6E-02));
#5925 = VECTOR('',#5926,1.);
#5926 = DIRECTION('',(0.,0.,1.));
#5927 = ORIENTED_EDGE('',*,*,#3280,.F.);
#5928 = ORIENTED_EDGE('',*,*,#5922,.F.);
#5929 = CYLINDRICAL_SURFACE('',#5930,0.445);
#5930 = AXIS2_PLACEMENT_3D('',#5931,#5932,#5933);
#5931 = CARTESIAN_POINT('',(109.064,-18.,-4.6E-02));
#5932 = DIRECTION('',(-0.,-0.,-1.));
#5933 = DIRECTION('',(-0.,-1.,0.));
#5934 = ADVANCED_FACE('',(#5935),#5946,.F.);
#5935 = FACE_BOUND('',#5936,.T.);
#5936 = EDGE_LOOP('',(#5937,#5938,#5944,#5945));
#5937 = ORIENTED_EDGE('',*,*,#1427,.T.);
#5938 = ORIENTED_EDGE('',*,*,#5939,.T.);
#5939 = EDGE_CURVE('',#1428,#3292,#5940,.T.);
#5940 = LINE('',#5941,#5942);
#5941 = CARTESIAN_POINT('',(112.112,-20.225,-4.6E-02));
#5942 = VECTOR('',#5943,1.);
#5943 = DIRECTION('',(0.,0.,1.));
#5944 = ORIENTED_EDGE('',*,*,#3291,.F.);
#5945 = ORIENTED_EDGE('',*,*,#5939,.F.);
#5946 = CYLINDRICAL_SURFACE('',#5947,0.445);
#5947 = AXIS2_PLACEMENT_3D('',#5948,#5949,#5950);
#5948 = CARTESIAN_POINT('',(112.112,-19.78,-4.6E-02));
#5949 = DIRECTION('',(-0.,-0.,-1.));
#5950 = DIRECTION('',(-0.,-1.,0.));
#5951 = ADVANCED_FACE('',(#5952),#5963,.F.);
#5952 = FACE_BOUND('',#5953,.T.);
#5953 = EDGE_LOOP('',(#5954,#5955,#5961,#5962));
#5954 = ORIENTED_EDGE('',*,*,#1438,.T.);
#5955 = ORIENTED_EDGE('',*,*,#5956,.T.);
#5956 = EDGE_CURVE('',#1439,#3303,#5957,.T.);
#5957 = LINE('',#5958,#5959);
#5958 = CARTESIAN_POINT('',(111.096,-18.445,-4.6E-02));
#5959 = VECTOR('',#5960,1.);
#5960 = DIRECTION('',(0.,0.,1.));
#5961 = ORIENTED_EDGE('',*,*,#3302,.F.);
#5962 = ORIENTED_EDGE('',*,*,#5956,.F.);
#5963 = CYLINDRICAL_SURFACE('',#5964,0.445);
#5964 = AXIS2_PLACEMENT_3D('',#5965,#5966,#5967);
#5965 = CARTESIAN_POINT('',(111.096,-18.,-4.6E-02));
#5966 = DIRECTION('',(-0.,-0.,-1.));
#5967 = DIRECTION('',(-0.,-1.,0.));
#5968 = ADVANCED_FACE('',(#5969),#5980,.F.);
#5969 = FACE_BOUND('',#5970,.T.);
#5970 = EDGE_LOOP('',(#5971,#5972,#5978,#5979));
#5971 = ORIENTED_EDGE('',*,*,#1449,.T.);
#5972 = ORIENTED_EDGE('',*,*,#5973,.T.);
#5973 = EDGE_CURVE('',#1450,#3314,#5974,.T.);
#5974 = LINE('',#5975,#5976);
#5975 = CARTESIAN_POINT('',(114.91,-17.085,-4.6E-02));
#5976 = VECTOR('',#5977,1.);
#5977 = DIRECTION('',(0.,0.,1.));
#5978 = ORIENTED_EDGE('',*,*,#3313,.F.);
#5979 = ORIENTED_EDGE('',*,*,#5973,.F.);
#5980 = CYLINDRICAL_SURFACE('',#5981,1.625);
#5981 = AXIS2_PLACEMENT_3D('',#5982,#5983,#5984);
#5982 = CARTESIAN_POINT('',(114.91,-15.46,-4.6E-02));
#5983 = DIRECTION('',(-0.,-0.,-1.));
#5984 = DIRECTION('',(-0.,-1.,0.));
#5985 = ADVANCED_FACE('',(#5986),#5997,.F.);
#5986 = FACE_BOUND('',#5987,.T.);
#5987 = EDGE_LOOP('',(#5988,#5989,#5995,#5996));
#5988 = ORIENTED_EDGE('',*,*,#1460,.T.);
#5989 = ORIENTED_EDGE('',*,*,#5990,.T.);
#5990 = EDGE_CURVE('',#1461,#3325,#5991,.T.);
#5991 = LINE('',#5992,#5993);
#5992 = CARTESIAN_POINT('',(121.7,-25.045,-4.6E-02));
#5993 = VECTOR('',#5994,1.);
#5994 = DIRECTION('',(0.,0.,1.));
#5995 = ORIENTED_EDGE('',*,*,#3324,.F.);
#5996 = ORIENTED_EDGE('',*,*,#5990,.F.);
#5997 = CYLINDRICAL_SURFACE('',#5998,0.445);
#5998 = AXIS2_PLACEMENT_3D('',#5999,#6000,#6001);
#5999 = CARTESIAN_POINT('',(121.7,-24.6,-4.6E-02));
#6000 = DIRECTION('',(-0.,0.,-1.));
#6001 = DIRECTION('',(3.193450497798E-14,-1.,-0.));
#6002 = ADVANCED_FACE('',(#6003),#6014,.F.);
#6003 = FACE_BOUND('',#6004,.T.);
#6004 = EDGE_LOOP('',(#6005,#6006,#6012,#6013));
#6005 = ORIENTED_EDGE('',*,*,#1471,.T.);
#6006 = ORIENTED_EDGE('',*,*,#6007,.T.);
#6007 = EDGE_CURVE('',#1472,#3336,#6008,.T.);
#6008 = LINE('',#6009,#6010);
#6009 = CARTESIAN_POINT('',(123.99,-25.045,-4.6E-02));
#6010 = VECTOR('',#6011,1.);
#6011 = DIRECTION('',(0.,0.,1.));
#6012 = ORIENTED_EDGE('',*,*,#3335,.F.);
#6013 = ORIENTED_EDGE('',*,*,#6007,.F.);
#6014 = CYLINDRICAL_SURFACE('',#6015,0.445);
#6015 = AXIS2_PLACEMENT_3D('',#6016,#6017,#6018);
#6016 = CARTESIAN_POINT('',(123.99,-24.6,-4.6E-02));
#6017 = DIRECTION('',(-0.,-0.,-1.));
#6018 = DIRECTION('',(-3.193450497798E-14,-1.,0.));
#6019 = ADVANCED_FACE('',(#6020),#6031,.F.);
#6020 = FACE_BOUND('',#6021,.T.);
#6021 = EDGE_LOOP('',(#6022,#6023,#6029,#6030));
#6022 = ORIENTED_EDGE('',*,*,#1482,.T.);
#6023 = ORIENTED_EDGE('',*,*,#6024,.T.);
#6024 = EDGE_CURVE('',#1483,#3347,#6025,.T.);
#6025 = LINE('',#6026,#6027);
#6026 = CARTESIAN_POINT('',(133.13,-25.045,-4.6E-02));
#6027 = VECTOR('',#6028,1.);
#6028 = DIRECTION('',(0.,0.,1.));
#6029 = ORIENTED_EDGE('',*,*,#3346,.F.);
#6030 = ORIENTED_EDGE('',*,*,#6024,.F.);
#6031 = CYLINDRICAL_SURFACE('',#6032,0.445);
#6032 = AXIS2_PLACEMENT_3D('',#6033,#6034,#6035);
#6033 = CARTESIAN_POINT('',(133.13,-24.6,-4.6E-02));
#6034 = DIRECTION('',(-0.,-0.,-1.));
#6035 = DIRECTION('',(-0.,-1.,0.));
#6036 = ADVANCED_FACE('',(#6037),#6048,.F.);
#6037 = FACE_BOUND('',#6038,.T.);
#6038 = EDGE_LOOP('',(#6039,#6040,#6046,#6047));
#6039 = ORIENTED_EDGE('',*,*,#1493,.T.);
#6040 = ORIENTED_EDGE('',*,*,#6041,.T.);
#6041 = EDGE_CURVE('',#1494,#3358,#6042,.T.);
#6042 = LINE('',#6043,#6044);
#6043 = CARTESIAN_POINT('',(135.42,-25.045,-4.6E-02));
#6044 = VECTOR('',#6045,1.);
#6045 = DIRECTION('',(0.,0.,1.));
#6046 = ORIENTED_EDGE('',*,*,#3357,.F.);
#6047 = ORIENTED_EDGE('',*,*,#6041,.F.);
#6048 = CYLINDRICAL_SURFACE('',#6049,0.445);
#6049 = AXIS2_PLACEMENT_3D('',#6050,#6051,#6052);
#6050 = CARTESIAN_POINT('',(135.42,-24.6,-4.6E-02));
#6051 = DIRECTION('',(-0.,-0.,-1.));
#6052 = DIRECTION('',(-6.386900995597E-14,-1.,0.));
#6053 = ADVANCED_FACE('',(#6054),#6065,.F.);
#6054 = FACE_BOUND('',#6055,.T.);
#6055 = EDGE_LOOP('',(#6056,#6057,#6063,#6064));
#6056 = ORIENTED_EDGE('',*,*,#1504,.T.);
#6057 = ORIENTED_EDGE('',*,*,#6058,.T.);
#6058 = EDGE_CURVE('',#1505,#3369,#6059,.T.);
#6059 = LINE('',#6060,#6061);
#6060 = CARTESIAN_POINT('',(116.69,-19.675,-4.6E-02));
#6061 = VECTOR('',#6062,1.);
#6062 = DIRECTION('',(0.,0.,1.));
#6063 = ORIENTED_EDGE('',*,*,#3368,.F.);
#6064 = ORIENTED_EDGE('',*,*,#6058,.F.);
#6065 = CYLINDRICAL_SURFACE('',#6066,0.785);
#6066 = AXIS2_PLACEMENT_3D('',#6067,#6068,#6069);
#6067 = CARTESIAN_POINT('',(116.69,-18.89,-4.6E-02));
#6068 = DIRECTION('',(-0.,-0.,-1.));
#6069 = DIRECTION('',(-0.,-1.,0.));
#6070 = ADVANCED_FACE('',(#6071),#6082,.F.);
#6071 = FACE_BOUND('',#6072,.T.);
#6072 = EDGE_LOOP('',(#6073,#6074,#6080,#6081));
#6073 = ORIENTED_EDGE('',*,*,#1515,.T.);
#6074 = ORIENTED_EDGE('',*,*,#6075,.T.);
#6075 = EDGE_CURVE('',#1516,#3380,#6076,.T.);
#6076 = LINE('',#6077,#6078);
#6077 = CARTESIAN_POINT('',(120.43,-19.675,-4.6E-02));
#6078 = VECTOR('',#6079,1.);
#6079 = DIRECTION('',(0.,0.,1.));
#6080 = ORIENTED_EDGE('',*,*,#3379,.F.);
#6081 = ORIENTED_EDGE('',*,*,#6075,.F.);
#6082 = CYLINDRICAL_SURFACE('',#6083,0.785);
#6083 = AXIS2_PLACEMENT_3D('',#6084,#6085,#6086);
#6084 = CARTESIAN_POINT('',(120.43,-18.89,-4.6E-02));
#6085 = DIRECTION('',(-0.,-0.,-1.));
#6086 = DIRECTION('',(-0.,-1.,0.));
#6087 = ADVANCED_FACE('',(#6088),#6099,.F.);
#6088 = FACE_BOUND('',#6089,.T.);
#6089 = EDGE_LOOP('',(#6090,#6091,#6097,#6098));
#6090 = ORIENTED_EDGE('',*,*,#1526,.T.);
#6091 = ORIENTED_EDGE('',*,*,#6092,.T.);
#6092 = EDGE_CURVE('',#1527,#3391,#6093,.T.);
#6093 = LINE('',#6094,#6095);
#6094 = CARTESIAN_POINT('',(125.,-18.445,-4.6E-02));
#6095 = VECTOR('',#6096,1.);
#6096 = DIRECTION('',(0.,0.,1.));
#6097 = ORIENTED_EDGE('',*,*,#3390,.F.);
#6098 = ORIENTED_EDGE('',*,*,#6092,.F.);
#6099 = CYLINDRICAL_SURFACE('',#6100,0.445);
#6100 = AXIS2_PLACEMENT_3D('',#6101,#6102,#6103);
#6101 = CARTESIAN_POINT('',(125.,-18.,-4.6E-02));
#6102 = DIRECTION('',(-0.,-0.,-1.));
#6103 = DIRECTION('',(-0.,-1.,0.));
#6104 = ADVANCED_FACE('',(#6105),#6116,.F.);
#6105 = FACE_BOUND('',#6106,.T.);
#6106 = EDGE_LOOP('',(#6107,#6108,#6114,#6115));
#6107 = ORIENTED_EDGE('',*,*,#1537,.T.);
#6108 = ORIENTED_EDGE('',*,*,#6109,.T.);
#6109 = EDGE_CURVE('',#1538,#3402,#6110,.T.);
#6110 = LINE('',#6111,#6112);
#6111 = CARTESIAN_POINT('',(122.21,-17.085,-4.6E-02));
#6112 = VECTOR('',#6113,1.);
#6113 = DIRECTION('',(0.,0.,1.));
#6114 = ORIENTED_EDGE('',*,*,#3401,.F.);
#6115 = ORIENTED_EDGE('',*,*,#6109,.F.);
#6116 = CYLINDRICAL_SURFACE('',#6117,1.625);
#6117 = AXIS2_PLACEMENT_3D('',#6118,#6119,#6120);
#6118 = CARTESIAN_POINT('',(122.21,-15.46,-4.6E-02));
#6119 = DIRECTION('',(-0.,-0.,-1.));
#6120 = DIRECTION('',(-0.,-1.,0.));
#6121 = ADVANCED_FACE('',(#6122),#6133,.F.);
#6122 = FACE_BOUND('',#6123,.T.);
#6123 = EDGE_LOOP('',(#6124,#6125,#6131,#6132));
#6124 = ORIENTED_EDGE('',*,*,#1548,.T.);
#6125 = ORIENTED_EDGE('',*,*,#6126,.T.);
#6126 = EDGE_CURVE('',#1549,#3413,#6127,.T.);
#6127 = LINE('',#6128,#6129);
#6128 = CARTESIAN_POINT('',(126.016,-20.225,-4.6E-02));
#6129 = VECTOR('',#6130,1.);
#6130 = DIRECTION('',(0.,0.,1.));
#6131 = ORIENTED_EDGE('',*,*,#3412,.F.);
#6132 = ORIENTED_EDGE('',*,*,#6126,.F.);
#6133 = CYLINDRICAL_SURFACE('',#6134,0.445);
#6134 = AXIS2_PLACEMENT_3D('',#6135,#6136,#6137);
#6135 = CARTESIAN_POINT('',(126.016,-19.78,-4.6E-02));
#6136 = DIRECTION('',(-0.,0.,-1.));
#6137 = DIRECTION('',(3.193450497798E-14,-1.,-0.));
#6138 = ADVANCED_FACE('',(#6139),#6150,.F.);
#6139 = FACE_BOUND('',#6140,.T.);
#6140 = EDGE_LOOP('',(#6141,#6142,#6148,#6149));
#6141 = ORIENTED_EDGE('',*,*,#1559,.T.);
#6142 = ORIENTED_EDGE('',*,*,#6143,.T.);
#6143 = EDGE_CURVE('',#1560,#3424,#6144,.T.);
#6144 = LINE('',#6145,#6146);
#6145 = CARTESIAN_POINT('',(128.048,-20.225,-4.6E-02));
#6146 = VECTOR('',#6147,1.);
#6147 = DIRECTION('',(0.,0.,1.));
#6148 = ORIENTED_EDGE('',*,*,#3423,.F.);
#6149 = ORIENTED_EDGE('',*,*,#6143,.F.);
#6150 = CYLINDRICAL_SURFACE('',#6151,0.445);
#6151 = AXIS2_PLACEMENT_3D('',#6152,#6153,#6154);
#6152 = CARTESIAN_POINT('',(128.048,-19.78,-4.6E-02));
#6153 = DIRECTION('',(-0.,-0.,-1.));
#6154 = DIRECTION('',(-0.,-1.,0.));
#6155 = ADVANCED_FACE('',(#6156),#6167,.F.);
#6156 = FACE_BOUND('',#6157,.T.);
#6157 = EDGE_LOOP('',(#6158,#6159,#6165,#6166));
#6158 = ORIENTED_EDGE('',*,*,#1570,.T.);
#6159 = ORIENTED_EDGE('',*,*,#6160,.T.);
#6160 = EDGE_CURVE('',#1571,#3435,#6161,.T.);
#6161 = LINE('',#6162,#6163);
#6162 = CARTESIAN_POINT('',(130.08,-20.225,-4.6E-02));
#6163 = VECTOR('',#6164,1.);
#6164 = DIRECTION('',(0.,0.,1.));
#6165 = ORIENTED_EDGE('',*,*,#3434,.F.);
#6166 = ORIENTED_EDGE('',*,*,#6160,.F.);
#6167 = CYLINDRICAL_SURFACE('',#6168,0.445);
#6168 = AXIS2_PLACEMENT_3D('',#6169,#6170,#6171);
#6169 = CARTESIAN_POINT('',(130.08,-19.78,-4.6E-02));
#6170 = DIRECTION('',(-0.,0.,-1.));
#6171 = DIRECTION('',(6.386900995596E-14,-1.,-0.));
#6172 = ADVANCED_FACE('',(#6173),#6184,.F.);
#6173 = FACE_BOUND('',#6174,.T.);
#6174 = EDGE_LOOP('',(#6175,#6176,#6182,#6183));
#6175 = ORIENTED_EDGE('',*,*,#1581,.T.);
#6176 = ORIENTED_EDGE('',*,*,#6177,.T.);
#6177 = EDGE_CURVE('',#1582,#3446,#6178,.T.);
#6178 = LINE('',#6179,#6180);
#6179 = CARTESIAN_POINT('',(127.032,-18.445,-4.6E-02));
#6180 = VECTOR('',#6181,1.);
#6181 = DIRECTION('',(0.,0.,1.));
#6182 = ORIENTED_EDGE('',*,*,#3445,.F.);
#6183 = ORIENTED_EDGE('',*,*,#6177,.F.);
#6184 = CYLINDRICAL_SURFACE('',#6185,0.445);
#6185 = AXIS2_PLACEMENT_3D('',#6186,#6187,#6188);
#6186 = CARTESIAN_POINT('',(127.032,-18.,-4.6E-02));
#6187 = DIRECTION('',(-0.,-0.,-1.));
#6188 = DIRECTION('',(-3.193450497798E-14,-1.,0.));
#6189 = ADVANCED_FACE('',(#6190),#6201,.F.);
#6190 = FACE_BOUND('',#6191,.T.);
#6191 = EDGE_LOOP('',(#6192,#6193,#6199,#6200));
#6192 = ORIENTED_EDGE('',*,*,#1592,.T.);
#6193 = ORIENTED_EDGE('',*,*,#6194,.T.);
#6194 = EDGE_CURVE('',#1593,#3457,#6195,.T.);
#6195 = LINE('',#6196,#6197);
#6196 = CARTESIAN_POINT('',(129.064,-18.445,-4.6E-02));
#6197 = VECTOR('',#6198,1.);
#6198 = DIRECTION('',(0.,0.,1.));
#6199 = ORIENTED_EDGE('',*,*,#3456,.F.);
#6200 = ORIENTED_EDGE('',*,*,#6194,.F.);
#6201 = CYLINDRICAL_SURFACE('',#6202,0.445);
#6202 = AXIS2_PLACEMENT_3D('',#6203,#6204,#6205);
#6203 = CARTESIAN_POINT('',(129.064,-18.,-4.6E-02));
#6204 = DIRECTION('',(-0.,-0.,-1.));
#6205 = DIRECTION('',(-0.,-1.,0.));
#6206 = ADVANCED_FACE('',(#6207),#6218,.F.);
#6207 = FACE_BOUND('',#6208,.T.);
#6208 = EDGE_LOOP('',(#6209,#6210,#6216,#6217));
#6209 = ORIENTED_EDGE('',*,*,#1603,.T.);
#6210 = ORIENTED_EDGE('',*,*,#6211,.T.);
#6211 = EDGE_CURVE('',#1604,#3468,#6212,.T.);
#6212 = LINE('',#6213,#6214);
#6213 = CARTESIAN_POINT('',(131.096,-18.445,-4.6E-02));
#6214 = VECTOR('',#6215,1.);
#6215 = DIRECTION('',(0.,0.,1.));
#6216 = ORIENTED_EDGE('',*,*,#3467,.F.);
#6217 = ORIENTED_EDGE('',*,*,#6211,.F.);
#6218 = CYLINDRICAL_SURFACE('',#6219,0.445);
#6219 = AXIS2_PLACEMENT_3D('',#6220,#6221,#6222);
#6220 = CARTESIAN_POINT('',(131.096,-18.,-4.6E-02));
#6221 = DIRECTION('',(-0.,-0.,-1.));
#6222 = DIRECTION('',(-0.,-1.,0.));
#6223 = ADVANCED_FACE('',(#6224),#6235,.F.);
#6224 = FACE_BOUND('',#6225,.T.);
#6225 = EDGE_LOOP('',(#6226,#6227,#6233,#6234));
#6226 = ORIENTED_EDGE('',*,*,#1614,.T.);
#6227 = ORIENTED_EDGE('',*,*,#6228,.T.);
#6228 = EDGE_CURVE('',#1615,#3479,#6229,.T.);
#6229 = LINE('',#6230,#6231);
#6230 = CARTESIAN_POINT('',(132.112,-20.225,-4.6E-02));
#6231 = VECTOR('',#6232,1.);
#6232 = DIRECTION('',(0.,0.,1.));
#6233 = ORIENTED_EDGE('',*,*,#3478,.F.);
#6234 = ORIENTED_EDGE('',*,*,#6228,.F.);
#6235 = CYLINDRICAL_SURFACE('',#6236,0.445);
#6236 = AXIS2_PLACEMENT_3D('',#6237,#6238,#6239);
#6237 = CARTESIAN_POINT('',(132.112,-19.78,-4.6E-02));
#6238 = DIRECTION('',(-0.,-0.,-1.));
#6239 = DIRECTION('',(-0.,-1.,0.));
#6240 = ADVANCED_FACE('',(#6241),#6252,.F.);
#6241 = FACE_BOUND('',#6242,.T.);
#6242 = EDGE_LOOP('',(#6243,#6244,#6250,#6251));
#6243 = ORIENTED_EDGE('',*,*,#1625,.T.);
#6244 = ORIENTED_EDGE('',*,*,#6245,.T.);
#6245 = EDGE_CURVE('',#1626,#3490,#6246,.T.);
#6246 = LINE('',#6247,#6248);
#6247 = CARTESIAN_POINT('',(134.91,-17.085,-4.6E-02));
#6248 = VECTOR('',#6249,1.);
#6249 = DIRECTION('',(0.,0.,1.));
#6250 = ORIENTED_EDGE('',*,*,#3489,.F.);
#6251 = ORIENTED_EDGE('',*,*,#6245,.F.);
#6252 = CYLINDRICAL_SURFACE('',#6253,1.625);
#6253 = AXIS2_PLACEMENT_3D('',#6254,#6255,#6256);
#6254 = CARTESIAN_POINT('',(134.91,-15.46,-4.6E-02));
#6255 = DIRECTION('',(-0.,-0.,-1.));
#6256 = DIRECTION('',(-0.,-1.,0.));
#6257 = ADVANCED_FACE('',(#6258),#6269,.F.);
#6258 = FACE_BOUND('',#6259,.T.);
#6259 = EDGE_LOOP('',(#6260,#6261,#6267,#6268));
#6260 = ORIENTED_EDGE('',*,*,#1636,.T.);
#6261 = ORIENTED_EDGE('',*,*,#6262,.T.);
#6262 = EDGE_CURVE('',#1637,#3501,#6263,.T.);
#6263 = LINE('',#6264,#6265);
#6264 = CARTESIAN_POINT('',(141.7,-25.045,-4.6E-02));
#6265 = VECTOR('',#6266,1.);
#6266 = DIRECTION('',(0.,0.,1.));
#6267 = ORIENTED_EDGE('',*,*,#3500,.F.);
#6268 = ORIENTED_EDGE('',*,*,#6262,.F.);
#6269 = CYLINDRICAL_SURFACE('',#6270,0.445);
#6270 = AXIS2_PLACEMENT_3D('',#6271,#6272,#6273);
#6271 = CARTESIAN_POINT('',(141.7,-24.6,-4.6E-02));
#6272 = DIRECTION('',(-0.,-0.,-1.));
#6273 = DIRECTION('',(-0.,-1.,0.));
#6274 = ADVANCED_FACE('',(#6275),#6286,.F.);
#6275 = FACE_BOUND('',#6276,.T.);
#6276 = EDGE_LOOP('',(#6277,#6278,#6284,#6285));
#6277 = ORIENTED_EDGE('',*,*,#1647,.T.);
#6278 = ORIENTED_EDGE('',*,*,#6279,.T.);
#6279 = EDGE_CURVE('',#1648,#3512,#6280,.T.);
#6280 = LINE('',#6281,#6282);
#6281 = CARTESIAN_POINT('',(143.99,-25.045,-4.6E-02));
#6282 = VECTOR('',#6283,1.);
#6283 = DIRECTION('',(0.,0.,1.));
#6284 = ORIENTED_EDGE('',*,*,#3511,.F.);
#6285 = ORIENTED_EDGE('',*,*,#6279,.F.);
#6286 = CYLINDRICAL_SURFACE('',#6287,0.445);
#6287 = AXIS2_PLACEMENT_3D('',#6288,#6289,#6290);
#6288 = CARTESIAN_POINT('',(143.99,-24.6,-4.6E-02));
#6289 = DIRECTION('',(-0.,-0.,-1.));
#6290 = DIRECTION('',(-0.,-1.,0.));
#6291 = ADVANCED_FACE('',(#6292),#6303,.F.);
#6292 = FACE_BOUND('',#6293,.T.);
#6293 = EDGE_LOOP('',(#6294,#6295,#6301,#6302));
#6294 = ORIENTED_EDGE('',*,*,#1658,.T.);
#6295 = ORIENTED_EDGE('',*,*,#6296,.T.);
#6296 = EDGE_CURVE('',#1659,#3523,#6297,.T.);
#6297 = LINE('',#6298,#6299);
#6298 = CARTESIAN_POINT('',(153.13,-25.045,-4.6E-02));
#6299 = VECTOR('',#6300,1.);
#6300 = DIRECTION('',(0.,0.,1.));
#6301 = ORIENTED_EDGE('',*,*,#3522,.F.);
#6302 = ORIENTED_EDGE('',*,*,#6296,.F.);
#6303 = CYLINDRICAL_SURFACE('',#6304,0.445);
#6304 = AXIS2_PLACEMENT_3D('',#6305,#6306,#6307);
#6305 = CARTESIAN_POINT('',(153.13,-24.6,-4.6E-02));
#6306 = DIRECTION('',(-0.,-0.,-1.));
#6307 = DIRECTION('',(-0.,-1.,0.));
#6308 = ADVANCED_FACE('',(#6309),#6320,.F.);
#6309 = FACE_BOUND('',#6310,.T.);
#6310 = EDGE_LOOP('',(#6311,#6312,#6318,#6319));
#6311 = ORIENTED_EDGE('',*,*,#1669,.T.);
#6312 = ORIENTED_EDGE('',*,*,#6313,.T.);
#6313 = EDGE_CURVE('',#1670,#3534,#6314,.T.);
#6314 = LINE('',#6315,#6316);
#6315 = CARTESIAN_POINT('',(155.42,-25.045,-4.6E-02));
#6316 = VECTOR('',#6317,1.);
#6317 = DIRECTION('',(0.,0.,1.));
#6318 = ORIENTED_EDGE('',*,*,#3533,.F.);
#6319 = ORIENTED_EDGE('',*,*,#6313,.F.);
#6320 = CYLINDRICAL_SURFACE('',#6321,0.445);
#6321 = AXIS2_PLACEMENT_3D('',#6322,#6323,#6324);
#6322 = CARTESIAN_POINT('',(155.42,-24.6,-4.6E-02));
#6323 = DIRECTION('',(-0.,-0.,-1.));
#6324 = DIRECTION('',(-6.386900995597E-14,-1.,0.));
#6325 = ADVANCED_FACE('',(#6326),#6337,.F.);
#6326 = FACE_BOUND('',#6327,.T.);
#6327 = EDGE_LOOP('',(#6328,#6329,#6335,#6336));
#6328 = ORIENTED_EDGE('',*,*,#1680,.T.);
#6329 = ORIENTED_EDGE('',*,*,#6330,.T.);
#6330 = EDGE_CURVE('',#1681,#3545,#6331,.T.);
#6331 = LINE('',#6332,#6333);
#6332 = CARTESIAN_POINT('',(136.69,-19.675,-4.6E-02));
#6333 = VECTOR('',#6334,1.);
#6334 = DIRECTION('',(0.,0.,1.));
#6335 = ORIENTED_EDGE('',*,*,#3544,.F.);
#6336 = ORIENTED_EDGE('',*,*,#6330,.F.);
#6337 = CYLINDRICAL_SURFACE('',#6338,0.785);
#6338 = AXIS2_PLACEMENT_3D('',#6339,#6340,#6341);
#6339 = CARTESIAN_POINT('',(136.69,-18.89,-4.6E-02));
#6340 = DIRECTION('',(-0.,-0.,-1.));
#6341 = DIRECTION('',(-0.,-1.,0.));
#6342 = ADVANCED_FACE('',(#6343),#6354,.F.);
#6343 = FACE_BOUND('',#6344,.T.);
#6344 = EDGE_LOOP('',(#6345,#6346,#6352,#6353));
#6345 = ORIENTED_EDGE('',*,*,#1691,.T.);
#6346 = ORIENTED_EDGE('',*,*,#6347,.T.);
#6347 = EDGE_CURVE('',#1692,#3556,#6348,.T.);
#6348 = LINE('',#6349,#6350);
#6349 = CARTESIAN_POINT('',(140.43,-19.675,-4.6E-02));
#6350 = VECTOR('',#6351,1.);
#6351 = DIRECTION('',(0.,0.,1.));
#6352 = ORIENTED_EDGE('',*,*,#3555,.F.);
#6353 = ORIENTED_EDGE('',*,*,#6347,.F.);
#6354 = CYLINDRICAL_SURFACE('',#6355,0.785);
#6355 = AXIS2_PLACEMENT_3D('',#6356,#6357,#6358);
#6356 = CARTESIAN_POINT('',(140.43,-18.89,-4.6E-02));
#6357 = DIRECTION('',(-0.,-0.,-1.));
#6358 = DIRECTION('',(-0.,-1.,0.));
#6359 = ADVANCED_FACE('',(#6360),#6371,.F.);
#6360 = FACE_BOUND('',#6361,.T.);
#6361 = EDGE_LOOP('',(#6362,#6363,#6369,#6370));
#6362 = ORIENTED_EDGE('',*,*,#1702,.T.);
#6363 = ORIENTED_EDGE('',*,*,#6364,.T.);
#6364 = EDGE_CURVE('',#1703,#3567,#6365,.T.);
#6365 = LINE('',#6366,#6367);
#6366 = CARTESIAN_POINT('',(146.016,-20.225,-4.6E-02));
#6367 = VECTOR('',#6368,1.);
#6368 = DIRECTION('',(0.,0.,1.));
#6369 = ORIENTED_EDGE('',*,*,#3566,.F.);
#6370 = ORIENTED_EDGE('',*,*,#6364,.F.);
#6371 = CYLINDRICAL_SURFACE('',#6372,0.445);
#6372 = AXIS2_PLACEMENT_3D('',#6373,#6374,#6375);
#6373 = CARTESIAN_POINT('',(146.016,-19.78,-4.6E-02));
#6374 = DIRECTION('',(-0.,-0.,-1.));
#6375 = DIRECTION('',(-6.386900995597E-14,-1.,0.));
#6376 = ADVANCED_FACE('',(#6377),#6388,.F.);
#6377 = FACE_BOUND('',#6378,.T.);
#6378 = EDGE_LOOP('',(#6379,#6380,#6386,#6387));
#6379 = ORIENTED_EDGE('',*,*,#1713,.T.);
#6380 = ORIENTED_EDGE('',*,*,#6381,.T.);
#6381 = EDGE_CURVE('',#1714,#3578,#6382,.T.);
#6382 = LINE('',#6383,#6384);
#6383 = CARTESIAN_POINT('',(145.,-18.445,-4.6E-02));
#6384 = VECTOR('',#6385,1.);
#6385 = DIRECTION('',(0.,0.,1.));
#6386 = ORIENTED_EDGE('',*,*,#3577,.F.);
#6387 = ORIENTED_EDGE('',*,*,#6381,.F.);
#6388 = CYLINDRICAL_SURFACE('',#6389,0.445);
#6389 = AXIS2_PLACEMENT_3D('',#6390,#6391,#6392);
#6390 = CARTESIAN_POINT('',(145.,-18.,-4.6E-02));
#6391 = DIRECTION('',(-0.,-0.,-1.));
#6392 = DIRECTION('',(-0.,-1.,0.));
#6393 = ADVANCED_FACE('',(#6394),#6405,.F.);
#6394 = FACE_BOUND('',#6395,.T.);
#6395 = EDGE_LOOP('',(#6396,#6397,#6403,#6404));
#6396 = ORIENTED_EDGE('',*,*,#1724,.T.);
#6397 = ORIENTED_EDGE('',*,*,#6398,.T.);
#6398 = EDGE_CURVE('',#1725,#3589,#6399,.T.);
#6399 = LINE('',#6400,#6401);
#6400 = CARTESIAN_POINT('',(142.21,-17.085,-4.6E-02));
#6401 = VECTOR('',#6402,1.);
#6402 = DIRECTION('',(0.,0.,1.));
#6403 = ORIENTED_EDGE('',*,*,#3588,.F.);
#6404 = ORIENTED_EDGE('',*,*,#6398,.F.);
#6405 = CYLINDRICAL_SURFACE('',#6406,1.625);
#6406 = AXIS2_PLACEMENT_3D('',#6407,#6408,#6409);
#6407 = CARTESIAN_POINT('',(142.21,-15.46,-4.6E-02));
#6408 = DIRECTION('',(-0.,-0.,-1.));
#6409 = DIRECTION('',(-0.,-1.,0.));
#6410 = ADVANCED_FACE('',(#6411),#6422,.F.);
#6411 = FACE_BOUND('',#6412,.T.);
#6412 = EDGE_LOOP('',(#6413,#6414,#6420,#6421));
#6413 = ORIENTED_EDGE('',*,*,#1735,.T.);
#6414 = ORIENTED_EDGE('',*,*,#6415,.T.);
#6415 = EDGE_CURVE('',#1736,#3600,#6416,.T.);
#6416 = LINE('',#6417,#6418);
#6417 = CARTESIAN_POINT('',(148.048,-20.225,-4.6E-02));
#6418 = VECTOR('',#6419,1.);
#6419 = DIRECTION('',(0.,0.,1.));
#6420 = ORIENTED_EDGE('',*,*,#3599,.F.);
#6421 = ORIENTED_EDGE('',*,*,#6415,.F.);
#6422 = CYLINDRICAL_SURFACE('',#6423,0.445);
#6423 = AXIS2_PLACEMENT_3D('',#6424,#6425,#6426);
#6424 = CARTESIAN_POINT('',(148.048,-19.78,-4.6E-02));
#6425 = DIRECTION('',(-0.,-0.,-1.));
#6426 = DIRECTION('',(-0.,-1.,0.));
#6427 = ADVANCED_FACE('',(#6428),#6439,.F.);
#6428 = FACE_BOUND('',#6429,.T.);
#6429 = EDGE_LOOP('',(#6430,#6431,#6437,#6438));
#6430 = ORIENTED_EDGE('',*,*,#1746,.T.);
#6431 = ORIENTED_EDGE('',*,*,#6432,.T.);
#6432 = EDGE_CURVE('',#1747,#3611,#6433,.T.);
#6433 = LINE('',#6434,#6435);
#6434 = CARTESIAN_POINT('',(150.08,-20.225,-4.6E-02));
#6435 = VECTOR('',#6436,1.);
#6436 = DIRECTION('',(0.,0.,1.));
#6437 = ORIENTED_EDGE('',*,*,#3610,.F.);
#6438 = ORIENTED_EDGE('',*,*,#6432,.F.);
#6439 = CYLINDRICAL_SURFACE('',#6440,0.445);
#6440 = AXIS2_PLACEMENT_3D('',#6441,#6442,#6443);
#6441 = CARTESIAN_POINT('',(150.08,-19.78,-4.6E-02));
#6442 = DIRECTION('',(-0.,0.,-1.));
#6443 = DIRECTION('',(6.386900995596E-14,-1.,-0.));
#6444 = ADVANCED_FACE('',(#6445),#6456,.F.);
#6445 = FACE_BOUND('',#6446,.T.);
#6446 = EDGE_LOOP('',(#6447,#6448,#6454,#6455));
#6447 = ORIENTED_EDGE('',*,*,#1757,.T.);
#6448 = ORIENTED_EDGE('',*,*,#6449,.T.);
#6449 = EDGE_CURVE('',#1758,#3622,#6450,.T.);
#6450 = LINE('',#6451,#6452);
#6451 = CARTESIAN_POINT('',(147.032,-18.445,-4.6E-02));
#6452 = VECTOR('',#6453,1.);
#6453 = DIRECTION('',(0.,0.,1.));
#6454 = ORIENTED_EDGE('',*,*,#3621,.F.);
#6455 = ORIENTED_EDGE('',*,*,#6449,.F.);
#6456 = CYLINDRICAL_SURFACE('',#6457,0.445);
#6457 = AXIS2_PLACEMENT_3D('',#6458,#6459,#6460);
#6458 = CARTESIAN_POINT('',(147.032,-18.,-4.6E-02));
#6459 = DIRECTION('',(-0.,0.,-1.));
#6460 = DIRECTION('',(6.386900995596E-14,-1.,-0.));
#6461 = ADVANCED_FACE('',(#6462),#6473,.F.);
#6462 = FACE_BOUND('',#6463,.T.);
#6463 = EDGE_LOOP('',(#6464,#6465,#6471,#6472));
#6464 = ORIENTED_EDGE('',*,*,#1768,.T.);
#6465 = ORIENTED_EDGE('',*,*,#6466,.T.);
#6466 = EDGE_CURVE('',#1769,#3633,#6467,.T.);
#6467 = LINE('',#6468,#6469);
#6468 = CARTESIAN_POINT('',(149.064,-18.445,-4.6E-02));
#6469 = VECTOR('',#6470,1.);
#6470 = DIRECTION('',(0.,0.,1.));
#6471 = ORIENTED_EDGE('',*,*,#3632,.F.);
#6472 = ORIENTED_EDGE('',*,*,#6466,.F.);
#6473 = CYLINDRICAL_SURFACE('',#6474,0.445);
#6474 = AXIS2_PLACEMENT_3D('',#6475,#6476,#6477);
#6475 = CARTESIAN_POINT('',(149.064,-18.,-4.6E-02));
#6476 = DIRECTION('',(-0.,-0.,-1.));
#6477 = DIRECTION('',(-0.,-1.,0.));
#6478 = ADVANCED_FACE('',(#6479),#6490,.F.);
#6479 = FACE_BOUND('',#6480,.T.);
#6480 = EDGE_LOOP('',(#6481,#6482,#6488,#6489));
#6481 = ORIENTED_EDGE('',*,*,#1779,.T.);
#6482 = ORIENTED_EDGE('',*,*,#6483,.T.);
#6483 = EDGE_CURVE('',#1780,#3644,#6484,.T.);
#6484 = LINE('',#6485,#6486);
#6485 = CARTESIAN_POINT('',(151.096,-18.445,-4.6E-02));
#6486 = VECTOR('',#6487,1.);
#6487 = DIRECTION('',(0.,0.,1.));
#6488 = ORIENTED_EDGE('',*,*,#3643,.F.);
#6489 = ORIENTED_EDGE('',*,*,#6483,.F.);
#6490 = CYLINDRICAL_SURFACE('',#6491,0.445);
#6491 = AXIS2_PLACEMENT_3D('',#6492,#6493,#6494);
#6492 = CARTESIAN_POINT('',(151.096,-18.,-4.6E-02));
#6493 = DIRECTION('',(-0.,-0.,-1.));
#6494 = DIRECTION('',(-0.,-1.,0.));
#6495 = ADVANCED_FACE('',(#6496),#6507,.F.);
#6496 = FACE_BOUND('',#6497,.T.);
#6497 = EDGE_LOOP('',(#6498,#6499,#6505,#6506));
#6498 = ORIENTED_EDGE('',*,*,#1790,.T.);
#6499 = ORIENTED_EDGE('',*,*,#6500,.T.);
#6500 = EDGE_CURVE('',#1791,#3655,#6501,.T.);
#6501 = LINE('',#6502,#6503);
#6502 = CARTESIAN_POINT('',(152.112,-20.225,-4.6E-02));
#6503 = VECTOR('',#6504,1.);
#6504 = DIRECTION('',(0.,0.,1.));
#6505 = ORIENTED_EDGE('',*,*,#3654,.F.);
#6506 = ORIENTED_EDGE('',*,*,#6500,.F.);
#6507 = CYLINDRICAL_SURFACE('',#6508,0.445);
#6508 = AXIS2_PLACEMENT_3D('',#6509,#6510,#6511);
#6509 = CARTESIAN_POINT('',(152.112,-19.78,-4.6E-02));
#6510 = DIRECTION('',(-0.,-0.,-1.));
#6511 = DIRECTION('',(-0.,-1.,0.));
#6512 = ADVANCED_FACE('',(#6513),#6524,.F.);
#6513 = FACE_BOUND('',#6514,.T.);
#6514 = EDGE_LOOP('',(#6515,#6516,#6522,#6523));
#6515 = ORIENTED_EDGE('',*,*,#1801,.T.);
#6516 = ORIENTED_EDGE('',*,*,#6517,.T.);
#6517 = EDGE_CURVE('',#1802,#3666,#6518,.T.);
#6518 = LINE('',#6519,#6520);
#6519 = CARTESIAN_POINT('',(156.69,-19.675,-4.6E-02));
#6520 = VECTOR('',#6521,1.);
#6521 = DIRECTION('',(0.,0.,1.));
#6522 = ORIENTED_EDGE('',*,*,#3665,.F.);
#6523 = ORIENTED_EDGE('',*,*,#6517,.F.);
#6524 = CYLINDRICAL_SURFACE('',#6525,0.785);
#6525 = AXIS2_PLACEMENT_3D('',#6526,#6527,#6528);
#6526 = CARTESIAN_POINT('',(156.69,-18.89,-4.6E-02));
#6527 = DIRECTION('',(-0.,-0.,-1.));
#6528 = DIRECTION('',(-0.,-1.,0.));
#6529 = ADVANCED_FACE('',(#6530),#6541,.F.);
#6530 = FACE_BOUND('',#6531,.T.);
#6531 = EDGE_LOOP('',(#6532,#6533,#6539,#6540));
#6532 = ORIENTED_EDGE('',*,*,#1812,.T.);
#6533 = ORIENTED_EDGE('',*,*,#6534,.T.);
#6534 = EDGE_CURVE('',#1813,#3677,#6535,.T.);
#6535 = LINE('',#6536,#6537);
#6536 = CARTESIAN_POINT('',(154.91,-17.085,-4.6E-02));
#6537 = VECTOR('',#6538,1.);
#6538 = DIRECTION('',(0.,0.,1.));
#6539 = ORIENTED_EDGE('',*,*,#3676,.F.);
#6540 = ORIENTED_EDGE('',*,*,#6534,.F.);
#6541 = CYLINDRICAL_SURFACE('',#6542,1.625);
#6542 = AXIS2_PLACEMENT_3D('',#6543,#6544,#6545);
#6543 = CARTESIAN_POINT('',(154.91,-15.46,-4.6E-02));
#6544 = DIRECTION('',(-0.,-0.,-1.));
#6545 = DIRECTION('',(-0.,-1.,0.));
#6546 = ADVANCED_FACE('',(#6547),#6558,.F.);
#6547 = FACE_BOUND('',#6548,.T.);
#6548 = EDGE_LOOP('',(#6549,#6550,#6556,#6557));
#6549 = ORIENTED_EDGE('',*,*,#1823,.T.);
#6550 = ORIENTED_EDGE('',*,*,#6551,.T.);
#6551 = EDGE_CURVE('',#1824,#3688,#6552,.T.);
#6552 = LINE('',#6553,#6554);
#6553 = CARTESIAN_POINT('',(161.7,-25.045,-4.6E-02));
#6554 = VECTOR('',#6555,1.);
#6555 = DIRECTION('',(0.,0.,1.));
#6556 = ORIENTED_EDGE('',*,*,#3687,.F.);
#6557 = ORIENTED_EDGE('',*,*,#6551,.F.);
#6558 = CYLINDRICAL_SURFACE('',#6559,0.445);
#6559 = AXIS2_PLACEMENT_3D('',#6560,#6561,#6562);
#6560 = CARTESIAN_POINT('',(161.7,-24.6,-4.6E-02));
#6561 = DIRECTION('',(-0.,-0.,-1.));
#6562 = DIRECTION('',(-0.,-1.,0.));
#6563 = ADVANCED_FACE('',(#6564),#6575,.F.);
#6564 = FACE_BOUND('',#6565,.T.);
#6565 = EDGE_LOOP('',(#6566,#6567,#6573,#6574));
#6566 = ORIENTED_EDGE('',*,*,#1834,.T.);
#6567 = ORIENTED_EDGE('',*,*,#6568,.T.);
#6568 = EDGE_CURVE('',#1835,#3699,#6569,.T.);
#6569 = LINE('',#6570,#6571);
#6570 = CARTESIAN_POINT('',(163.99,-25.045,-4.6E-02));
#6571 = VECTOR('',#6572,1.);
#6572 = DIRECTION('',(0.,0.,1.));
#6573 = ORIENTED_EDGE('',*,*,#3698,.F.);
#6574 = ORIENTED_EDGE('',*,*,#6568,.F.);
#6575 = CYLINDRICAL_SURFACE('',#6576,0.445);
#6576 = AXIS2_PLACEMENT_3D('',#6577,#6578,#6579);
#6577 = CARTESIAN_POINT('',(163.99,-24.6,-4.6E-02));
#6578 = DIRECTION('',(-0.,-0.,-1.));
#6579 = DIRECTION('',(-0.,-1.,0.));
#6580 = ADVANCED_FACE('',(#6581),#6592,.F.);
#6581 = FACE_BOUND('',#6582,.T.);
#6582 = EDGE_LOOP('',(#6583,#6584,#6590,#6591));
#6583 = ORIENTED_EDGE('',*,*,#1845,.T.);
#6584 = ORIENTED_EDGE('',*,*,#6585,.T.);
#6585 = EDGE_CURVE('',#1846,#3710,#6586,.T.);
#6586 = LINE('',#6587,#6588);
#6587 = CARTESIAN_POINT('',(173.13,-25.045,-4.6E-02));
#6588 = VECTOR('',#6589,1.);
#6589 = DIRECTION('',(0.,0.,1.));
#6590 = ORIENTED_EDGE('',*,*,#3709,.F.);
#6591 = ORIENTED_EDGE('',*,*,#6585,.F.);
#6592 = CYLINDRICAL_SURFACE('',#6593,0.445);
#6593 = AXIS2_PLACEMENT_3D('',#6594,#6595,#6596);
#6594 = CARTESIAN_POINT('',(173.13,-24.6,-4.6E-02));
#6595 = DIRECTION('',(-0.,-0.,-1.));
#6596 = DIRECTION('',(-0.,-1.,0.));
#6597 = ADVANCED_FACE('',(#6598),#6609,.F.);
#6598 = FACE_BOUND('',#6599,.T.);
#6599 = EDGE_LOOP('',(#6600,#6601,#6607,#6608));
#6600 = ORIENTED_EDGE('',*,*,#1856,.T.);
#6601 = ORIENTED_EDGE('',*,*,#6602,.T.);
#6602 = EDGE_CURVE('',#1857,#3721,#6603,.T.);
#6603 = LINE('',#6604,#6605);
#6604 = CARTESIAN_POINT('',(175.42,-25.045,-4.6E-02));
#6605 = VECTOR('',#6606,1.);
#6606 = DIRECTION('',(0.,0.,1.));
#6607 = ORIENTED_EDGE('',*,*,#3720,.F.);
#6608 = ORIENTED_EDGE('',*,*,#6602,.F.);
#6609 = CYLINDRICAL_SURFACE('',#6610,0.445);
#6610 = AXIS2_PLACEMENT_3D('',#6611,#6612,#6613);
#6611 = CARTESIAN_POINT('',(175.42,-24.6,-4.6E-02));
#6612 = DIRECTION('',(-0.,-0.,-1.));
#6613 = DIRECTION('',(-6.386900995597E-14,-1.,0.));
#6614 = ADVANCED_FACE('',(#6615),#6626,.F.);
#6615 = FACE_BOUND('',#6616,.T.);
#6616 = EDGE_LOOP('',(#6617,#6618,#6624,#6625));
#6617 = ORIENTED_EDGE('',*,*,#1867,.T.);
#6618 = ORIENTED_EDGE('',*,*,#6619,.T.);
#6619 = EDGE_CURVE('',#1868,#3732,#6620,.T.);
#6620 = LINE('',#6621,#6622);
#6621 = CARTESIAN_POINT('',(160.43,-19.675,-4.6E-02));
#6622 = VECTOR('',#6623,1.);
#6623 = DIRECTION('',(0.,0.,1.));
#6624 = ORIENTED_EDGE('',*,*,#3731,.F.);
#6625 = ORIENTED_EDGE('',*,*,#6619,.F.);
#6626 = CYLINDRICAL_SURFACE('',#6627,0.785);
#6627 = AXIS2_PLACEMENT_3D('',#6628,#6629,#6630);
#6628 = CARTESIAN_POINT('',(160.43,-18.89,-4.6E-02));
#6629 = DIRECTION('',(-0.,-0.,-1.));
#6630 = DIRECTION('',(-0.,-1.,0.));
#6631 = ADVANCED_FACE('',(#6632),#6643,.F.);
#6632 = FACE_BOUND('',#6633,.T.);
#6633 = EDGE_LOOP('',(#6634,#6635,#6641,#6642));
#6634 = ORIENTED_EDGE('',*,*,#1878,.T.);
#6635 = ORIENTED_EDGE('',*,*,#6636,.T.);
#6636 = EDGE_CURVE('',#1879,#3743,#6637,.T.);
#6637 = LINE('',#6638,#6639);
#6638 = CARTESIAN_POINT('',(166.016,-20.225,-4.6E-02));
#6639 = VECTOR('',#6640,1.);
#6640 = DIRECTION('',(0.,0.,1.));
#6641 = ORIENTED_EDGE('',*,*,#3742,.F.);
#6642 = ORIENTED_EDGE('',*,*,#6636,.F.);
#6643 = CYLINDRICAL_SURFACE('',#6644,0.445);
#6644 = AXIS2_PLACEMENT_3D('',#6645,#6646,#6647);
#6645 = CARTESIAN_POINT('',(166.016,-19.78,-4.6E-02));
#6646 = DIRECTION('',(-0.,-0.,-1.));
#6647 = DIRECTION('',(-6.386900995597E-14,-1.,0.));
#6648 = ADVANCED_FACE('',(#6649),#6660,.F.);
#6649 = FACE_BOUND('',#6650,.T.);
#6650 = EDGE_LOOP('',(#6651,#6652,#6658,#6659));
#6651 = ORIENTED_EDGE('',*,*,#1889,.T.);
#6652 = ORIENTED_EDGE('',*,*,#6653,.T.);
#6653 = EDGE_CURVE('',#1890,#3754,#6654,.T.);
#6654 = LINE('',#6655,#6656);
#6655 = CARTESIAN_POINT('',(165.,-18.445,-4.6E-02));
#6656 = VECTOR('',#6657,1.);
#6657 = DIRECTION('',(0.,0.,1.));
#6658 = ORIENTED_EDGE('',*,*,#3753,.F.);
#6659 = ORIENTED_EDGE('',*,*,#6653,.F.);
#6660 = CYLINDRICAL_SURFACE('',#6661,0.445);
#6661 = AXIS2_PLACEMENT_3D('',#6662,#6663,#6664);
#6662 = CARTESIAN_POINT('',(165.,-18.,-4.6E-02));
#6663 = DIRECTION('',(-0.,-0.,-1.));
#6664 = DIRECTION('',(-0.,-1.,0.));
#6665 = ADVANCED_FACE('',(#6666),#6677,.F.);
#6666 = FACE_BOUND('',#6667,.T.);
#6667 = EDGE_LOOP('',(#6668,#6669,#6675,#6676));
#6668 = ORIENTED_EDGE('',*,*,#1900,.T.);
#6669 = ORIENTED_EDGE('',*,*,#6670,.T.);
#6670 = EDGE_CURVE('',#1901,#3765,#6671,.T.);
#6671 = LINE('',#6672,#6673);
#6672 = CARTESIAN_POINT('',(167.032,-18.445,-4.6E-02));
#6673 = VECTOR('',#6674,1.);
#6674 = DIRECTION('',(0.,0.,1.));
#6675 = ORIENTED_EDGE('',*,*,#3764,.F.);
#6676 = ORIENTED_EDGE('',*,*,#6670,.F.);
#6677 = CYLINDRICAL_SURFACE('',#6678,0.445);
#6678 = AXIS2_PLACEMENT_3D('',#6679,#6680,#6681);
#6679 = CARTESIAN_POINT('',(167.032,-18.,-4.6E-02));
#6680 = DIRECTION('',(-0.,0.,-1.));
#6681 = DIRECTION('',(6.386900995596E-14,-1.,-0.));
#6682 = ADVANCED_FACE('',(#6683),#6694,.F.);
#6683 = FACE_BOUND('',#6684,.T.);
#6684 = EDGE_LOOP('',(#6685,#6686,#6692,#6693));
#6685 = ORIENTED_EDGE('',*,*,#1911,.T.);
#6686 = ORIENTED_EDGE('',*,*,#6687,.T.);
#6687 = EDGE_CURVE('',#1912,#3776,#6688,.T.);
#6688 = LINE('',#6689,#6690);
#6689 = CARTESIAN_POINT('',(162.21,-17.085,-4.6E-02));
#6690 = VECTOR('',#6691,1.);
#6691 = DIRECTION('',(0.,0.,1.));
#6692 = ORIENTED_EDGE('',*,*,#3775,.F.);
#6693 = ORIENTED_EDGE('',*,*,#6687,.F.);
#6694 = CYLINDRICAL_SURFACE('',#6695,1.625);
#6695 = AXIS2_PLACEMENT_3D('',#6696,#6697,#6698);
#6696 = CARTESIAN_POINT('',(162.21,-15.46,-4.6E-02));
#6697 = DIRECTION('',(-0.,-0.,-1.));
#6698 = DIRECTION('',(-0.,-1.,0.));
#6699 = ADVANCED_FACE('',(#6700),#6711,.F.);
#6700 = FACE_BOUND('',#6701,.T.);
#6701 = EDGE_LOOP('',(#6702,#6703,#6709,#6710));
#6702 = ORIENTED_EDGE('',*,*,#1922,.T.);
#6703 = ORIENTED_EDGE('',*,*,#6704,.T.);
#6704 = EDGE_CURVE('',#1923,#3787,#6705,.T.);
#6705 = LINE('',#6706,#6707);
#6706 = CARTESIAN_POINT('',(168.048,-20.225,-4.6E-02));
#6707 = VECTOR('',#6708,1.);
#6708 = DIRECTION('',(0.,0.,1.));
#6709 = ORIENTED_EDGE('',*,*,#3786,.F.);
#6710 = ORIENTED_EDGE('',*,*,#6704,.F.);
#6711 = CYLINDRICAL_SURFACE('',#6712,0.445);
#6712 = AXIS2_PLACEMENT_3D('',#6713,#6714,#6715);
#6713 = CARTESIAN_POINT('',(168.048,-19.78,-4.6E-02));
#6714 = DIRECTION('',(-0.,-0.,-1.));
#6715 = DIRECTION('',(-0.,-1.,0.));
#6716 = ADVANCED_FACE('',(#6717),#6728,.F.);
#6717 = FACE_BOUND('',#6718,.T.);
#6718 = EDGE_LOOP('',(#6719,#6720,#6726,#6727));
#6719 = ORIENTED_EDGE('',*,*,#1933,.T.);
#6720 = ORIENTED_EDGE('',*,*,#6721,.T.);
#6721 = EDGE_CURVE('',#1934,#3798,#6722,.T.);
#6722 = LINE('',#6723,#6724);
#6723 = CARTESIAN_POINT('',(170.08,-20.225,-4.6E-02));
#6724 = VECTOR('',#6725,1.);
#6725 = DIRECTION('',(0.,0.,1.));
#6726 = ORIENTED_EDGE('',*,*,#3797,.F.);
#6727 = ORIENTED_EDGE('',*,*,#6721,.F.);
#6728 = CYLINDRICAL_SURFACE('',#6729,0.445);
#6729 = AXIS2_PLACEMENT_3D('',#6730,#6731,#6732);
#6730 = CARTESIAN_POINT('',(170.08,-19.78,-4.6E-02));
#6731 = DIRECTION('',(-0.,0.,-1.));
#6732 = DIRECTION('',(6.386900995596E-14,-1.,-0.));
#6733 = ADVANCED_FACE('',(#6734),#6745,.F.);
#6734 = FACE_BOUND('',#6735,.T.);
#6735 = EDGE_LOOP('',(#6736,#6737,#6743,#6744));
#6736 = ORIENTED_EDGE('',*,*,#1944,.T.);
#6737 = ORIENTED_EDGE('',*,*,#6738,.T.);
#6738 = EDGE_CURVE('',#1945,#3809,#6739,.T.);
#6739 = LINE('',#6740,#6741);
#6740 = CARTESIAN_POINT('',(172.112,-20.225,-4.6E-02));
#6741 = VECTOR('',#6742,1.);
#6742 = DIRECTION('',(0.,0.,1.));
#6743 = ORIENTED_EDGE('',*,*,#3808,.F.);
#6744 = ORIENTED_EDGE('',*,*,#6738,.F.);
#6745 = CYLINDRICAL_SURFACE('',#6746,0.445);
#6746 = AXIS2_PLACEMENT_3D('',#6747,#6748,#6749);
#6747 = CARTESIAN_POINT('',(172.112,-19.78,-4.6E-02));
#6748 = DIRECTION('',(-0.,-0.,-1.));
#6749 = DIRECTION('',(-0.,-1.,0.));
#6750 = ADVANCED_FACE('',(#6751),#6762,.F.);
#6751 = FACE_BOUND('',#6752,.T.);
#6752 = EDGE_LOOP('',(#6753,#6754,#6760,#6761));
#6753 = ORIENTED_EDGE('',*,*,#1955,.T.);
#6754 = ORIENTED_EDGE('',*,*,#6755,.T.);
#6755 = EDGE_CURVE('',#1956,#3820,#6756,.T.);
#6756 = LINE('',#6757,#6758);
#6757 = CARTESIAN_POINT('',(169.064,-18.445,-4.6E-02));
#6758 = VECTOR('',#6759,1.);
#6759 = DIRECTION('',(0.,0.,1.));
#6760 = ORIENTED_EDGE('',*,*,#3819,.F.);
#6761 = ORIENTED_EDGE('',*,*,#6755,.F.);
#6762 = CYLINDRICAL_SURFACE('',#6763,0.445);
#6763 = AXIS2_PLACEMENT_3D('',#6764,#6765,#6766);
#6764 = CARTESIAN_POINT('',(169.064,-18.,-4.6E-02));
#6765 = DIRECTION('',(-0.,-0.,-1.));
#6766 = DIRECTION('',(-0.,-1.,0.));
#6767 = ADVANCED_FACE('',(#6768),#6779,.F.);
#6768 = FACE_BOUND('',#6769,.T.);
#6769 = EDGE_LOOP('',(#6770,#6771,#6777,#6778));
#6770 = ORIENTED_EDGE('',*,*,#1966,.T.);
#6771 = ORIENTED_EDGE('',*,*,#6772,.T.);
#6772 = EDGE_CURVE('',#1967,#3831,#6773,.T.);
#6773 = LINE('',#6774,#6775);
#6774 = CARTESIAN_POINT('',(171.096,-18.445,-4.6E-02));
#6775 = VECTOR('',#6776,1.);
#6776 = DIRECTION('',(0.,0.,1.));
#6777 = ORIENTED_EDGE('',*,*,#3830,.F.);
#6778 = ORIENTED_EDGE('',*,*,#6772,.F.);
#6779 = CYLINDRICAL_SURFACE('',#6780,0.445);
#6780 = AXIS2_PLACEMENT_3D('',#6781,#6782,#6783);
#6781 = CARTESIAN_POINT('',(171.096,-18.,-4.6E-02));
#6782 = DIRECTION('',(-0.,-0.,-1.));
#6783 = DIRECTION('',(-0.,-1.,0.));
#6784 = ADVANCED_FACE('',(#6785),#6796,.F.);
#6785 = FACE_BOUND('',#6786,.T.);
#6786 = EDGE_LOOP('',(#6787,#6788,#6794,#6795));
#6787 = ORIENTED_EDGE('',*,*,#1977,.T.);
#6788 = ORIENTED_EDGE('',*,*,#6789,.T.);
#6789 = EDGE_CURVE('',#1978,#3842,#6790,.T.);
#6790 = LINE('',#6791,#6792);
#6791 = CARTESIAN_POINT('',(176.69,-19.675,-4.6E-02));
#6792 = VECTOR('',#6793,1.);
#6793 = DIRECTION('',(0.,0.,1.));
#6794 = ORIENTED_EDGE('',*,*,#3841,.F.);
#6795 = ORIENTED_EDGE('',*,*,#6789,.F.);
#6796 = CYLINDRICAL_SURFACE('',#6797,0.785);
#6797 = AXIS2_PLACEMENT_3D('',#6798,#6799,#6800);
#6798 = CARTESIAN_POINT('',(176.69,-18.89,-4.6E-02));
#6799 = DIRECTION('',(-0.,-0.,-1.));
#6800 = DIRECTION('',(-0.,-1.,0.));
#6801 = ADVANCED_FACE('',(#6802),#6813,.F.);
#6802 = FACE_BOUND('',#6803,.T.);
#6803 = EDGE_LOOP('',(#6804,#6805,#6811,#6812));
#6804 = ORIENTED_EDGE('',*,*,#1988,.T.);
#6805 = ORIENTED_EDGE('',*,*,#6806,.T.);
#6806 = EDGE_CURVE('',#1989,#3853,#6807,.T.);
#6807 = LINE('',#6808,#6809);
#6808 = CARTESIAN_POINT('',(174.91,-17.085,-4.6E-02));
#6809 = VECTOR('',#6810,1.);
#6810 = DIRECTION('',(0.,0.,1.));
#6811 = ORIENTED_EDGE('',*,*,#3852,.F.);
#6812 = ORIENTED_EDGE('',*,*,#6806,.F.);
#6813 = CYLINDRICAL_SURFACE('',#6814,1.625);
#6814 = AXIS2_PLACEMENT_3D('',#6815,#6816,#6817);
#6815 = CARTESIAN_POINT('',(174.91,-15.46,-4.6E-02));
#6816 = DIRECTION('',(-0.,-0.,-1.));
#6817 = DIRECTION('',(-0.,-1.,0.));
#6818 = ( GEOMETRIC_REPRESENTATION_CONTEXT(3) 
GLOBAL_UNCERTAINTY_ASSIGNED_CONTEXT((#6822)) 
GLOBAL_UNIT_ASSIGNED_CONTEXT((#6819,#6820,#6821)) REPRESENTATION_CONTEXT
('Context #1','3D Context with UNIT and UNCERTAINTY') );
#6819 = ( LENGTH_UNIT() NAMED_UNIT(*) SI_UNIT(.MILLI.,.METRE.) );
#6820 = ( NAMED_UNIT(*) PLANE_ANGLE_UNIT() SI_UNIT($,.RADIAN.) );
#6821 = ( NAMED_UNIT(*) SI_UNIT($,.STERADIAN.) SOLID_ANGLE_UNIT() );
#6822 = UNCERTAINTY_MEASURE_WITH_UNIT(LENGTH_MEASURE(1.E-07),#6819,
  'distance_accuracy_value','confusion accuracy');
#6823 = CONTEXT_DEPENDENT_SHAPE_REPRESENTATION(#6824,#6826);
#6824 = ( REPRESENTATION_RELATIONSHIP('','',#32,#10) 
REPRESENTATION_RELATIONSHIP_WITH_TRANSFORMATION(#6825) 
SHAPE_REPRESENTATION_RELATIONSHIP() );
#6825 = ITEM_DEFINED_TRANSFORMATION('','',#11,#15);
#6826 = PRODUCT_DEFINITION_SHAPE('Placement','Placement of an item',
  #6827);
#6827 = NEXT_ASSEMBLY_USAGE_OCCURRENCE('1','=>[0:1:1:2]','',#5,#27,$);
#6828 = PRODUCT_RELATED_PRODUCT_CATEGORY('part',$,(#29));
#6829 = MECHANICAL_DESIGN_GEOMETRIC_PRESENTATION_REPRESENTATION('',(
    #6830),#6818);
#6830 = STYLED_ITEM('color',(#6831),#33);
#6831 = PRESENTATION_STYLE_ASSIGNMENT((#6832));
#6832 = SURFACE_STYLE_USAGE(.BOTH.,#6833);
#6833 = SURFACE_SIDE_STYLE('',(#6834));
#6834 = SURFACE_STYLE_FILL_AREA(#6835);
#6835 = FILL_AREA_STYLE('',(#6836));
#6836 = FILL_AREA_STYLE_COLOUR('',#6837);
#6837 = COLOUR_RGB('',0.313304153717,0.484529207832,0.410020903123);
ENDSEC;
END-ISO-10303-21;
