ERC report (2026-07-23T09:07:19, Encoding UTF8)
Report includes: Errors, Warnings, Exclusions

***** Sheet /
[endpoint_off_grid]: Symbol pin or wire end off connection grid
    ; warning
    @(25.40 mm, 184.785 mm): Symbol TP7 Pin 1 [Passive, Line]
[endpoint_off_grid]: Symbol pin or wire end off connection grid
    ; warning
    @(35.56 mm, 282.575 mm): Vertical Wire, length 9.525 mm
[endpoint_off_grid]: Symbol pin or wire end off connection grid
    ; warning
    @(37.465 mm, 212.09 mm): Symbol R_mck2 Pin 1 [Passive, Line]
[footprint_link_issues]: The current configuration does not include the footprint library 'TestPoint'
    ; warning
    @(38.10 mm, 184.785 mm): Symbol TP7 [SYM_TP7]
[lib_symbol_issues]: The current configuration does not include the symbol library 'elt'
    ; warning
    @(38.10 mm, 184.785 mm): Symbol TP7 [SYM_TP7]
[endpoint_off_grid]: Symbol pin or wire end off connection grid
    ; warning
    @(38.10 mm, 282.575 mm): Symbol Rf Pin 1 [Passive, Line]
[endpoint_off_grid]: Symbol pin or wire end off connection grid
    ; warning
    @(38.10 mm, 282.575 mm): Horizontal Wire, length 2.54 mm
[endpoint_off_grid]: Symbol pin or wire end off connection grid
    ; warning
    @(40.64 mm, 227.965 mm): Vertical Wire, length 2.54 mm
[endpoint_off_grid]: Symbol pin or wire end off connection grid
    ; warning
    @(40.64 mm, 230.505 mm): Vertical Wire, length 1.27 mm
[endpoint_off_grid]: Symbol pin or wire end off connection grid
    ; warning
    @(40.64 mm, 231.775 mm): Symbol CL2 Pin 1 [Passive, Line]
[footprint_link_issues]: The current configuration does not include the footprint library 'Capacitor_SMD'
    ; warning
    @(40.64 mm, 235.585 mm): Symbol CL2 [SYM_CL2]
[lib_symbol_issues]: The current configuration does not include the symbol library 'elt'
    ; warning
    @(40.64 mm, 235.585 mm): Symbol CL2 [SYM_CL2]
[endpoint_off_grid]: Symbol pin or wire end off connection grid
    ; warning
    @(40.64 mm, 239.395 mm): Symbol #PWR65 Hidden pin 1 [GND, Power input, Line]
[lib_symbol_issues]: The current configuration does not include the symbol library 'elt'
    ; warning
    @(40.64 mm, 239.395 mm): Symbol #PWR65 [GND]
[footprint_link_issues]: The current configuration does not include the footprint library 'Resistor_SMD'
    ; warning
    @(41.275 mm, 212.09 mm): Symbol R_mck2 [SYM_R_mck2]
[lib_symbol_issues]: The current configuration does not include the symbol library 'elt'
    ; warning
    @(41.275 mm, 212.09 mm): Symbol R_mck2 [SYM_R_mck2]
[footprint_link_issues]: The current configuration does not include the footprint library 'Resistor_SMD'
    ; warning
    @(41.91 mm, 259.08 mm): Symbol Rd [SYM_Rd]
[lib_symbol_issues]: The current configuration does not include the symbol library 'elt'
    ; warning
    @(41.91 mm, 259.08 mm): Symbol Rd [SYM_Rd]
[footprint_link_issues]: The current configuration does not include the footprint library 'Resistor_SMD'
    ; warning
    @(41.91 mm, 282.575 mm): Symbol Rf [SYM_Rf]
[lib_symbol_issues]: The current configuration does not include the symbol library 'elt'
    ; warning
    @(41.91 mm, 282.575 mm): Symbol Rf [SYM_Rf]
[endpoint_off_grid]: Symbol pin or wire end off connection grid
    ; warning
    @(41.91 mm, 301.625 mm): Vertical Wire, length 0.635 mm
[endpoint_off_grid]: Symbol pin or wire end off connection grid
    ; warning
    @(41.91 mm, 292.10 mm): Vertical Wire, length 9.525 mm
[footprint_link_issues]: The current configuration does not include the footprint library 'Capacitor_SMD'
    ; warning
    @(41.91 mm, 306.07 mm): Symbol CL1 [SYM_CL1]
[lib_symbol_issues]: The current configuration does not include the symbol library 'elt'
    ; warning
    @(41.91 mm, 306.07 mm): Symbol CL1 [SYM_CL1]
[lib_symbol_issues]: The current configuration does not include the symbol library 'elt'
    ; warning
    @(41.91 mm, 309.88 mm): Symbol #PWR64 [GND]
[lib_symbol_issues]: The current configuration does not include the symbol library 'elt'
    ; warning
    @(41.91 mm, 309.88 mm): Symbol #FLG01 [PWR_FLAG]
[footprint_link_issues]: The current configuration does not include the footprint library 'Capacitor_SMD'
    ; warning
    @(45.72 mm, 109.22 mm): Symbol C_iovdd2 [SYM_C_iovdd2]
[lib_symbol_issues]: The current configuration does not include the symbol library 'elt'
    ; warning
    @(45.72 mm, 109.22 mm): Symbol C_iovdd2 [SYM_C_iovdd2]
[lib_symbol_issues]: The current configuration does not include the symbol library 'elt'
    ; warning
    @(45.72 mm, 113.03 mm): Symbol #PWR82 [GND]
[endpoint_off_grid]: Symbol pin or wire end off connection grid
    ; warning
    @(45.72 mm, 282.575 mm): Horizontal Wire, length 2.54 mm
[endpoint_off_grid]: Symbol pin or wire end off connection grid
    ; warning
    @(48.26 mm, 259.08 mm): Vertical Wire, length 31.115 mm
[endpoint_off_grid]: Symbol pin or wire end off connection grid
    ; warning
    @(48.26 mm, 227.965 mm): Horizontal Wire, length 7.62 mm
[endpoint_off_grid]: Symbol pin or wire end off connection grid
    ; warning
    @(48.26 mm, 282.575 mm): Vertical Wire, length 12.065 mm
[endpoint_off_grid]: Symbol pin or wire end off connection grid
    ; warning
    @(60.96 mm, 196.215 mm): Horizontal Wire, length 5.08 mm
[endpoint_off_grid]: Symbol pin or wire end off connection grid
    ; warning
    @(60.96 mm, 222.25 mm): Vertical Wire, length 26.035 mm
[endpoint_off_grid]: Symbol pin or wire end off connection grid
    ; warning
    @(60.96 mm, 196.215 mm): Vertical Wire, length 23.495 mm
[endpoint_off_grid]: Symbol pin or wire end off connection grid
    ; warning
    @(60.96 mm, 273.685 mm): Vertical Wire, length 24.765 mm
[endpoint_off_grid]: Symbol pin or wire end off connection grid
    ; warning
    @(61.595 mm, 297.18 mm): Horizontal Wire, length 6.35 mm
[endpoint_off_grid]: Symbol pin or wire end off connection grid
    ; warning
    @(61.595 mm, 321.31 mm): Vertical Wire, length 24.13 mm
[endpoint_off_grid]: Symbol pin or wire end off connection grid
    ; warning
    @(62.23 mm, 321.31 mm): Horizontal Wire, length 0.635 mm
[endpoint_off_grid]: Symbol pin or wire end off connection grid
    ; warning
    @(62.865 mm, 346.075 mm): Horizontal Wire, length 5.08 mm
[endpoint_off_grid]: Symbol pin or wire end off connection grid
    ; warning
    @(62.865 mm, 370.205 mm): Vertical Wire, length 24.13 mm
[endpoint_off_grid]: Symbol pin or wire end off connection grid
    ; warning
    @(64.77 mm, 102.235 mm): Vertical Wire, length 24.765 mm
[footprint_link_issues]: The current configuration does not include the footprint library 'Capacitor_SMD'
    ; warning
    @(66.04 mm, 180.34 mm): Symbol C_d1 [SYM_C_d1]
[lib_symbol_issues]: The current configuration does not include the symbol library 'elt'
    ; warning
    @(66.04 mm, 180.34 mm): Symbol C_d1 [SYM_C_d1]
[lib_symbol_issues]: The current configuration does not include the symbol library 'elt'
    ; warning
    @(66.04 mm, 184.15 mm): Symbol #PWR44 [GND]
[endpoint_off_grid]: Symbol pin or wire end off connection grid
    ; warning
    @(66.04 mm, 196.215 mm): Horizontal Wire, length 5.08 mm
[endpoint_off_grid]: Symbol pin or wire end off connection grid
    ; warning
    @(66.04 mm, 196.215 mm): Vertical Wire, length 2.54 mm
[endpoint_off_grid]: Symbol pin or wire end off connection grid
    ; warning
    @(66.04 mm, 198.755 mm): Vertical Wire, length 2.54 mm
[endpoint_off_grid]: Symbol pin or wire end off connection grid
    ; warning
    @(66.04 mm, 198.755 mm): Vertical Wire, length 1.27 mm
[endpoint_off_grid]: Symbol pin or wire end off connection grid
    ; warning
    @(66.04 mm, 200.025 mm): Vertical Wire, length 1.27 mm
[endpoint_off_grid]: Symbol pin or wire end off connection grid
    ; warning
    @(66.04 mm, 200.025 mm): Symbol Cin_U9 Pin 1 [Passive, Line]
[footprint_link_issues]: The current configuration does not include the footprint library 'Capacitor_SMD'
    ; warning
    @(66.04 mm, 203.835 mm): Symbol Cin_U9 [SYM_Cin_U9]
[lib_symbol_issues]: The current configuration does not include the symbol library 'elt'
    ; warning
    @(66.04 mm, 203.835 mm): Symbol Cin_U9 [SYM_Cin_U9]
[endpoint_off_grid]: Symbol pin or wire end off connection grid
    ; warning
    @(66.04 mm, 207.645 mm): Symbol #PWR21 Hidden pin 1 [GND, Power input, Line]
[lib_symbol_issues]: The current configuration does not include the symbol library 'elt'
    ; warning
    @(66.04 mm, 207.645 mm): Symbol #PWR21 [GND]
[footprint_link_issues]: The current configuration does not include the footprint library 'Capacitor_SMD'
    ; warning
    @(66.04 mm, 229.87 mm): Symbol Couth_U7 [SYM_Couth_U7]
[lib_symbol_issues]: The current configuration does not include the symbol library 'elt'
    ; warning
    @(66.04 mm, 229.87 mm): Symbol Couth_U7 [SYM_Couth_U7]
[lib_symbol_issues]: The current configuration does not include the symbol library 'elt'
    ; warning
    @(66.04 mm, 233.68 mm): Symbol #PWR12 [GND]
[footprint_link_issues]: The current configuration does not include the footprint library 'Capacitor_SMD'
    ; warning
    @(66.04 mm, 256.54 mm): Symbol Cout_U7 [SYM_Cout_U7]
[lib_symbol_issues]: The current configuration does not include the symbol library 'elt'
    ; warning
    @(66.04 mm, 256.54 mm): Symbol Cout_U7 [SYM_Cout_U7]
[lib_symbol_issues]: The current configuration does not include the symbol library 'elt'
    ; warning
    @(66.04 mm, 260.35 mm): Symbol #PWR11 [GND]
[endpoint_off_grid]: Symbol pin or wire end off connection grid
    ; warning
    @(66.04 mm, 273.685 mm): Horizontal Wire, length 5.08 mm
[endpoint_off_grid]: Symbol pin or wire end off connection grid
    ; warning
    @(66.04 mm, 276.225 mm): Vertical Wire, length 2.54 mm
[endpoint_off_grid]: Symbol pin or wire end off connection grid
    ; warning
    @(66.04 mm, 276.86 mm): Vertical Wire, length 0.635 mm
[footprint_link_issues]: The current configuration does not include the footprint library 'Capacitor_SMD'
    ; warning
    @(66.04 mm, 280.67 mm): Symbol C_d2 [SYM_C_d2]
[lib_symbol_issues]: The current configuration does not include the symbol library 'elt'
    ; warning
    @(66.04 mm, 280.67 mm): Symbol C_d2 [SYM_C_d2]
[lib_symbol_issues]: The current configuration does not include the symbol library 'elt'
    ; warning
    @(66.04 mm, 284.48 mm): Symbol #PWR45 [GND]
[endpoint_off_grid]: Symbol pin or wire end off connection grid
    ; warning
    @(67.945 mm, 297.18 mm): Vertical Wire, length 2.54 mm
[endpoint_off_grid]: Symbol pin or wire end off connection grid
    ; warning
    @(67.945 mm, 299.72 mm): Vertical Wire, length 1.27 mm
[endpoint_off_grid]: Symbol pin or wire end off connection grid
    ; warning
    @(67.945 mm, 300.99 mm): Symbol C_pll1 Pin 1 [Passive, Line]
[footprint_link_issues]: The current configuration does not include the footprint library 'Capacitor_SMD'
    ; warning
    @(67.945 mm, 304.80 mm): Symbol C_pll1 [SYM_C_pll1]
[lib_symbol_issues]: The current configuration does not include the symbol library 'elt'
    ; warning
    @(67.945 mm, 304.80 mm): Symbol C_pll1 [SYM_C_pll1]
[endpoint_off_grid]: Symbol pin or wire end off connection grid
    ; warning
    @(67.945 mm, 308.61 mm): Symbol #PWR55 Hidden pin 1 [GND, Power input, Line]
[lib_symbol_issues]: The current configuration does not include the symbol library 'elt'
    ; warning
    @(67.945 mm, 308.61 mm): Symbol #PWR55 [GND]
[endpoint_off_grid]: Symbol pin or wire end off connection grid
    ; warning
    @(67.945 mm, 321.31 mm): Horizontal Wire, length 5.715 mm
[endpoint_off_grid]: Symbol pin or wire end off connection grid
    ; warning
    @(67.945 mm, 323.85 mm): Vertical Wire, length 2.54 mm
[endpoint_off_grid]: Symbol pin or wire end off connection grid
    ; warning
    @(67.945 mm, 325.12 mm): Symbol C_pll2 Pin 1 [Passive, Line]
[endpoint_off_grid]: Symbol pin or wire end off connection grid
    ; warning
    @(67.945 mm, 325.12 mm): Vertical Wire, length 1.27 mm
[footprint_link_issues]: The current configuration does not include the footprint library 'Capacitor_SMD'
    ; warning
    @(67.945 mm, 328.93 mm): Symbol C_pll2 [SYM_C_pll2]
[lib_symbol_issues]: The current configuration does not include the symbol library 'elt'
    ; warning
    @(67.945 mm, 328.93 mm): Symbol C_pll2 [SYM_C_pll2]
[endpoint_off_grid]: Symbol pin or wire end off connection grid
    ; warning
    @(67.945 mm, 332.74 mm): Symbol #PWR56 Hidden pin 1 [GND, Power input, Line]
[lib_symbol_issues]: The current configuration does not include the symbol library 'elt'
    ; warning
    @(67.945 mm, 332.74 mm): Symbol #PWR56 [GND]
[endpoint_off_grid]: Symbol pin or wire end off connection grid
    ; warning
    @(67.945 mm, 346.075 mm): Vertical Wire, length 2.54 mm
[endpoint_off_grid]: Symbol pin or wire end off connection grid
    ; warning
    @(67.945 mm, 348.615 mm): Vertical Wire, length 0.635 mm
[endpoint_off_grid]: Symbol pin or wire end off connection grid
    ; warning
    @(67.945 mm, 349.25 mm): Symbol C_u33a Pin 1 [Passive, Line]
[footprint_link_issues]: The current configuration does not include the footprint library 'Capacitor_SMD'
    ; warning
    @(67.945 mm, 353.06 mm): Symbol C_u33a [SYM_C_u33a]
[lib_symbol_issues]: The current configuration does not include the symbol library 'elt'
    ; warning
    @(67.945 mm, 353.06 mm): Symbol C_u33a [SYM_C_u33a]
[endpoint_off_grid]: Symbol pin or wire end off connection grid
    ; warning
    @(67.945 mm, 356.87 mm): Symbol #PWR57 Hidden pin 1 [GND, Power input, Line]
[lib_symbol_issues]: The current configuration does not include the symbol library 'elt'
    ; warning
    @(67.945 mm, 356.87 mm): Symbol #PWR57 [GND]
[endpoint_off_grid]: Symbol pin or wire end off connection grid
    ; warning
    @(67.945 mm, 370.205 mm): Horizontal Wire, length 5.08 mm
[endpoint_off_grid]: Symbol pin or wire end off connection grid
    ; warning
    @(67.945 mm, 372.745 mm): Vertical Wire, length 2.54 mm
[endpoint_off_grid]: Symbol pin or wire end off connection grid
    ; warning
    @(67.945 mm, 374.015 mm): Symbol C_u33b Pin 1 [Passive, Line]
[endpoint_off_grid]: Symbol pin or wire end off connection grid
    ; warning
    @(67.945 mm, 374.015 mm): Vertical Wire, length 1.27 mm
[footprint_link_issues]: The current configuration does not include the footprint library 'Capacitor_SMD'
    ; warning
    @(67.945 mm, 377.825 mm): Symbol C_u33b [SYM_C_u33b]
[lib_symbol_issues]: The current configuration does not include the symbol library 'elt'
    ; warning
    @(67.945 mm, 377.825 mm): Symbol C_u33b [SYM_C_u33b]
[endpoint_off_grid]: Symbol pin or wire end off connection grid
    ; warning
    @(67.945 mm, 381.635 mm): Symbol #PWR58 Hidden pin 1 [GND, Power input, Line]
[lib_symbol_issues]: The current configuration does not include the symbol library 'elt'
    ; warning
    @(67.945 mm, 381.635 mm): Symbol #PWR58 [GND]
[endpoint_off_grid]: Symbol pin or wire end off connection grid
    ; warning
    @(71.12 mm, 102.235 mm): Horizontal Wire, length 6.35 mm
[endpoint_off_grid]: Symbol pin or wire end off connection grid
    ; warning
    @(71.12 mm, 104.775 mm): Vertical Wire, length 2.54 mm
[endpoint_off_grid]: Symbol pin or wire end off connection grid
    ; warning
    @(71.12 mm, 101.60 mm): Vertical Wire, length 3.175 mm
[endpoint_off_grid]: Symbol pin or wire end off connection grid
    ; warning
    @(71.12 mm, 104.775 mm): Vertical Wire, length 1.27 mm
[endpoint_off_grid]: Symbol pin or wire end off connection grid
    ; warning
    @(71.12 mm, 106.045 mm): Symbol C_dvdd2 Pin 1 [Passive, Line]
[endpoint_off_grid]: Symbol pin or wire end off connection grid
    ; warning
    @(71.12 mm, 106.045 mm): Vertical Wire, length 1.27 mm
[footprint_link_issues]: The current configuration does not include the footprint library 'Capacitor_SMD'
    ; warning
    @(71.12 mm, 109.855 mm): Symbol C_dvdd2 [SYM_C_dvdd2]
[lib_symbol_issues]: The current configuration does not include the symbol library 'elt'
    ; warning
    @(71.12 mm, 109.855 mm): Symbol C_dvdd2 [SYM_C_dvdd2]
[endpoint_off_grid]: Symbol pin or wire end off connection grid
    ; warning
    @(71.12 mm, 113.665 mm): Symbol #PWR81 Hidden pin 1 [GND, Power input, Line]
[lib_symbol_issues]: The current configuration does not include the symbol library 'elt'
    ; warning
    @(71.12 mm, 113.665 mm): Symbol #PWR81 [GND]
[endpoint_off_grid]: Symbol pin or wire end off connection grid
    ; warning
    @(71.12 mm, 130.175 mm): Vertical Wire, length 0.635 mm
[endpoint_off_grid]: Symbol pin or wire end off connection grid
    ; warning
    @(71.12 mm, 130.175 mm): Symbol C_u4 Pin 1 [Passive, Line]
[endpoint_off_grid]: Symbol pin or wire end off connection grid
    ; warning
    @(71.12 mm, 129.54 mm): Vertical Wire, length 0.635 mm
[footprint_link_issues]: The current configuration does not include the footprint library 'Capacitor_SMD'
    ; warning
    @(71.12 mm, 133.985 mm): Symbol C_u4 [SYM_C_u4]
[lib_symbol_issues]: The current configuration does not include the symbol library 'elt'
    ; warning
    @(71.12 mm, 133.985 mm): Symbol C_u4 [SYM_C_u4]
[endpoint_off_grid]: Symbol pin or wire end off connection grid
    ; warning
    @(71.12 mm, 137.795 mm): Symbol #PWR73 Hidden pin 1 [GND, Power input, Line]
[lib_symbol_issues]: The current configuration does not include the symbol library 'elt'
    ; warning
    @(71.12 mm, 137.795 mm): Symbol #PWR73 [GND]
[endpoint_off_grid]: Symbol pin or wire end off connection grid
    ; warning
    @(71.12 mm, 153.035 mm): Symbol C_sht Pin 1 [Passive, Line]
[endpoint_off_grid]: Symbol pin or wire end off connection grid
    ; warning
    @(71.12 mm, 152.40 mm): Vertical Wire, length 0.635 mm
[endpoint_off_grid]: Symbol pin or wire end off connection grid
    ; warning
    @(71.12 mm, 153.035 mm): Vertical Wire, length 0.635 mm
[footprint_link_issues]: The current configuration does not include the footprint library 'Capacitor_SMD'
    ; warning
    @(71.12 mm, 156.845 mm): Symbol C_sht [SYM_C_sht]
[lib_symbol_issues]: The current configuration does not include the symbol library 'elt'
    ; warning
    @(71.12 mm, 156.845 mm): Symbol C_sht [SYM_C_sht]
[endpoint_off_grid]: Symbol pin or wire end off connection grid
    ; warning
    @(71.12 mm, 160.655 mm): Symbol #PWR71 Hidden pin 1 [GND, Power input, Line]
[lib_symbol_issues]: The current configuration does not include the symbol library 'elt'
    ; warning
    @(71.12 mm, 160.655 mm): Symbol #PWR71 [GND]
[endpoint_off_grid]: Symbol pin or wire end off connection grid
    ; warning
    @(84.455 mm, 198.12 mm): Horizontal Wire, length 2.54 mm
[endpoint_off_grid]: Symbol pin or wire end off connection grid
    ; warning
    @(84.455 mm, 203.20 mm): Vertical Wire, length 5.08 mm
[endpoint_off_grid]: Symbol pin or wire end off connection grid
    ; warning
    @(84.455 mm, 236.22 mm): Horizontal Wire, length 2.54 mm
[endpoint_off_grid]: Symbol pin or wire end off connection grid
    ; warning
    @(84.455 mm, 241.30 mm): Vertical Wire, length 5.08 mm
[endpoint_off_grid]: Symbol pin or wire end off connection grid
    ; warning
    @(86.36 mm, 354.33 mm): Vertical Wire, length 10.795 mm
[endpoint_off_grid]: Symbol pin or wire end off connection grid
    ; warning
    @(86.36 mm, 365.125 mm): Horizontal Wire, length 7.62 mm
[endpoint_off_grid]: Symbol pin or wire end off connection grid
    ; warning
    @(86.995 mm, 198.12 mm): Symbol U4 Pin 1 [Passive, Line]
[endpoint_off_grid]: Symbol pin or wire end off connection grid
    ; warning
    @(86.995 mm, 203.20 mm): Horizontal Wire, length 2.54 mm
[endpoint_off_grid]: Symbol pin or wire end off connection grid
    ; warning
    @(86.995 mm, 205.74 mm): Symbol #PWR72 Hidden pin 1 [GND, Power input, Line]
[lib_symbol_issues]: The current configuration does not include the symbol library 'elt'
    ; warning
    @(86.995 mm, 205.74 mm): Symbol #PWR72 [GND]
[endpoint_off_grid]: Symbol pin or wire end off connection grid
    ; warning
    @(86.995 mm, 236.22 mm): Symbol U9 Pin 1 [Passive, Line]
[endpoint_off_grid]: Symbol pin or wire end off connection grid
    ; warning
    @(86.995 mm, 238.76 mm): Symbol #PWR20 Hidden pin 1 [GND, Power input, Line]
[lib_symbol_issues]: The current configuration does not include the symbol library 'elt'
    ; warning
    @(86.995 mm, 238.76 mm): Symbol #PWR20 [GND]
[endpoint_off_grid]: Symbol pin or wire end off connection grid
    ; warning
    @(86.995 mm, 241.30 mm): Horizontal Wire, length 2.54 mm
[endpoint_off_grid]: Symbol pin or wire end off connection grid
    ; warning
    @(86.995 mm, 271.78 mm): Symbol Y1 Pin 1 [Passive, Line]
[endpoint_off_grid]: Symbol pin or wire end off connection grid
    ; warning
    @(86.995 mm, 274.32 mm): Symbol #PWR62 Hidden pin 1 [GND, Power input, Line]
[lib_symbol_issues]: The current configuration does not include the symbol library 'elt'
    ; warning
    @(86.995 mm, 274.32 mm): Symbol #PWR62 [GND]
[endpoint_off_grid]: Symbol pin or wire end off connection grid
    ; warning
    @(88.90 mm, 305.435 mm): Symbol L_pll Pin 1 [Passive, Line]
[endpoint_off_grid]: Symbol pin or wire end off connection grid
    ; warning
    @(92.075 mm, 132.715 mm): Symbol R_sda Pin 1 [Passive, Line]
[endpoint_off_grid]: Symbol pin or wire end off connection grid
    ; warning
    @(92.075 mm, 156.845 mm): Symbol R_cs Pin 1 [Passive, Line]
[endpoint_off_grid]: Symbol pin or wire end off connection grid
    ; warning
    @(93.98 mm, 365.125 mm): Vertical Wire, length 10.16 mm
[endpoint_off_grid]: Symbol pin or wire end off connection grid
    ; warning
    @(93.98 mm, 375.285 mm): Vertical Wire, length 1.27 mm
[endpoint_off_grid]: Symbol pin or wire end off connection grid
    ; warning
    @(93.98 mm, 376.555 mm): Symbol C_flash Pin 1 [Passive, Line]
[footprint_link_issues]: The current configuration does not include the footprint library 'Capacitor_SMD'
    ; warning
    @(93.98 mm, 380.365 mm): Symbol C_flash [SYM_C_flash]
[lib_symbol_issues]: The current configuration does not include the symbol library 'elt'
    ; warning
    @(93.98 mm, 380.365 mm): Symbol C_flash [SYM_C_flash]
[endpoint_off_grid]: Symbol pin or wire end off connection grid
    ; warning
    @(93.98 mm, 384.175 mm): Symbol #PWR69 Hidden pin 1 [GND, Power input, Line]
[lib_symbol_issues]: The current configuration does not include the symbol library 'elt'
    ; warning
    @(93.98 mm, 384.175 mm): Symbol #PWR69 [GND]
[footprint_link_issues]: The current configuration does not include the footprint library 'crow_recorder_central_v2'
    ; warning
    @(94.615 mm, 201.93 mm): Symbol U4 [SYM_U4]
[lib_symbol_issues]: The current configuration does not include the symbol library 'elt'
    ; warning
    @(94.615 mm, 201.93 mm): Symbol U4 [SYM_U4]
[footprint_link_issues]: The current configuration does not include the footprint library 'Package_TO_SOT_SMD'
    ; warning
    @(94.615 mm, 238.76 mm): Symbol U9 [SYM_U9]
[lib_symbol_issues]: The current configuration does not include the symbol library 'elt'
    ; warning
    @(94.615 mm, 238.76 mm): Symbol U9 [SYM_U9]
[footprint_link_issues]: The current configuration does not include the footprint library 'Crystal'
    ; warning
    @(94.615 mm, 273.05 mm): Symbol Y1 [SYM_Y1]
[lib_symbol_issues]: The current configuration does not include the symbol library 'elt'
    ; warning
    @(94.615 mm, 273.05 mm): Symbol Y1 [SYM_Y1]
[footprint_link_issues]: The current configuration does not include the footprint library 'Capacitor_SMD'
    ; warning
    @(95.25 mm, 305.435 mm): Symbol L_pll [SYM_L_pll]
[lib_symbol_issues]: The current configuration does not include the symbol library 'elt'
    ; warning
    @(95.25 mm, 305.435 mm): Symbol L_pll [SYM_L_pll]
[footprint_link_issues]: The current configuration does not include the footprint library 'Capacitor_SMD'
    ; warning
    @(95.25 mm, 354.33 mm): Symbol FB_u33 [SYM_FB_u33]
[lib_symbol_issues]: The current configuration does not include the symbol library 'elt'
    ; warning
    @(95.25 mm, 354.33 mm): Symbol FB_u33 [SYM_FB_u33]
[footprint_link_issues]: The current configuration does not include the footprint library 'Resistor_SMD'
    ; warning
    @(95.885 mm, 132.715 mm): Symbol R_sda [SYM_R_sda]
[lib_symbol_issues]: The current configuration does not include the symbol library 'elt'
    ; warning
    @(95.885 mm, 132.715 mm): Symbol R_sda [SYM_R_sda]
[footprint_link_issues]: The current configuration does not include the footprint library 'Resistor_SMD'
    ; warning
    @(95.885 mm, 156.845 mm): Symbol R_cs [SYM_R_cs]
[lib_symbol_issues]: The current configuration does not include the symbol library 'elt'
    ; warning
    @(95.885 mm, 156.845 mm): Symbol R_cs [SYM_R_cs]
[endpoint_off_grid]: Symbol pin or wire end off connection grid
    ; warning
    @(97.155 mm, 109.22 mm): Symbol R_scl Pin 1 [Passive, Line]
[endpoint_off_grid]: Symbol pin or wire end off connection grid
    ; warning
    @(99.695 mm, 132.715 mm): Horizontal Wire, length 2.54 mm
[footprint_link_issues]: The current configuration does not include the footprint library 'Resistor_SMD'
    ; warning
    @(100.965 mm, 109.22 mm): Symbol R_scl [SYM_R_scl]
[lib_symbol_issues]: The current configuration does not include the symbol library 'elt'
    ; warning
    @(100.965 mm, 109.22 mm): Symbol R_scl [SYM_R_scl]
[endpoint_off_grid]: Symbol pin or wire end off connection grid
    ; warning
    @(102.235 mm, 132.715 mm): Vertical Wire, length 24.13 mm
[endpoint_off_grid]: Symbol pin or wire end off connection grid
    ; warning
    @(102.235 mm, 132.715 mm): Horizontal Wire, length 2.54 mm
[endpoint_off_grid]: Symbol pin or wire end off connection grid
    ; warning
    @(102.235 mm, 156.845 mm): Horizontal Wire, length 2.54 mm
[endpoint_off_grid]: Symbol pin or wire end off connection grid
    ; warning
    @(102.235 mm, 271.78 mm): Symbol #PWR63 Hidden pin 1 [GND, Power input, Line]
[lib_symbol_issues]: The current configuration does not include the symbol library 'elt'
    ; warning
    @(102.235 mm, 271.78 mm): Symbol #PWR63 [GND]
[endpoint_off_grid]: Symbol pin or wire end off connection grid
    ; warning
    @(102.235 mm, 354.33 mm): Symbol FB_u33 Pin 2 [Passive, Line]
[endpoint_off_grid]: Symbol pin or wire end off connection grid
    ; warning
    @(104.775 mm, 109.22 mm): Horizontal Wire, length 2.54 mm
[endpoint_off_grid]: Symbol pin or wire end off connection grid
    ; warning
    @(107.315 mm, 109.22 mm): Vertical Wire, length 23.495 mm
[endpoint_off_grid]: Symbol pin or wire end off connection grid
    ; warning
    @(107.315 mm, 132.715 mm): Horizontal Wire, length 5.08 mm
[endpoint_off_grid]: Symbol pin or wire end off connection grid
    ; warning
    @(107.315 mm, 132.715 mm): Horizontal Wire, length 7.62 mm
[endpoint_off_grid]: Symbol pin or wire end off connection grid
    ; warning
    @(107.315 mm, 137.16 mm): Vertical Wire, length 4.445 mm
[endpoint_off_grid]: Symbol pin or wire end off connection grid
    ; warning
    @(109.855 mm, 77.47 mm): Symbol TP10 Pin 1 [Passive, Line]
[endpoint_off_grid]: Symbol pin or wire end off connection grid
    ; warning
    @(112.395 mm, 137.16 mm): Horizontal Wire, length 5.08 mm
[endpoint_off_grid]: Symbol pin or wire end off connection grid
    ; warning
    @(114.935 mm, 132.08 mm): Symbol U6 Pin 1 [Passive, Line]
[endpoint_off_grid]: Symbol pin or wire end off connection grid
    ; warning
    @(114.935 mm, 137.16 mm): Horizontal Wire, length 2.54 mm
[endpoint_off_grid]: Symbol pin or wire end off connection grid
    ; warning
    @(114.935 mm, 167.64 mm): Symbol U5 Pin 1 [Passive, Line]
[endpoint_off_grid]: Symbol pin or wire end off connection grid
    ; warning
    @(114.935 mm, 175.26 mm): Symbol #PWR68 Hidden pin 1 [GND, Power input, Line]
[lib_symbol_issues]: The current configuration does not include the symbol library 'elt'
    ; warning
    @(114.935 mm, 175.26 mm): Symbol #PWR68 [GND]
[endpoint_off_grid]: Symbol pin or wire end off connection grid
    ; warning
    @(117.475 mm, 259.715 mm): Symbol Cc7P Pin 1 [Passive, Line]
[endpoint_off_grid]: Symbol pin or wire end off connection grid
    ; warning
    @(117.475 mm, 372.11 mm): Symbol Cc1P Pin 1 [Passive, Line]
[endpoint_off_grid]: Symbol pin or wire end off connection grid
    ; warning
    @(117.475 mm, 431.165 mm): Symbol TP11 Pin 1 [Passive, Line]
[endpoint_off_grid]: Symbol pin or wire end off connection grid
    ; warning
    @(120.015 mm, 234.95 mm): Horizontal Wire, length 2.54 mm
[endpoint_off_grid]: Symbol pin or wire end off connection grid
    ; warning
    @(120.015 mm, 247.015 mm): Vertical Wire, length 12.065 mm
[endpoint_off_grid]: Symbol pin or wire end off connection grid
    ; warning
    @(120.015 mm, 347.345 mm): Horizontal Wire, length 2.54 mm
[endpoint_off_grid]: Symbol pin or wire end off connection grid
    ; warning
    @(120.015 mm, 360.045 mm): Vertical Wire, length 12.70 mm
[footprint_link_issues]: The current configuration does not include the footprint library 'Capacitor_SMD'
    ; warning
    @(121.285 mm, 259.715 mm): Symbol Cc7P [SYM_Cc7P]
[lib_symbol_issues]: The current configuration does not include the symbol library 'elt'
    ; warning
    @(121.285 mm, 259.715 mm): Symbol Cc7P [SYM_Cc7P]
[footprint_link_issues]: The current configuration does not include the footprint library 'Capacitor_SMD'
    ; warning
    @(121.285 mm, 372.11 mm): Symbol Cc1P [SYM_Cc1P]
[lib_symbol_issues]: The current configuration does not include the symbol library 'elt'
    ; warning
    @(121.285 mm, 372.11 mm): Symbol Cc1P [SYM_Cc1P]
[endpoint_off_grid]: Symbol pin or wire end off connection grid
    ; warning
    @(121.92 mm, 104.775 mm): Symbol R_mck1 Pin 1 [Passive, Line]
[footprint_link_issues]: The current configuration does not include the footprint library 'TestPoint'
    ; warning
    @(122.555 mm, 77.47 mm): Symbol TP10 [SYM_TP10]
[lib_symbol_issues]: The current configuration does not include the symbol library 'elt'
    ; warning
    @(122.555 mm, 77.47 mm): Symbol TP10 [SYM_TP10]
[footprint_link_issues]: The current configuration does not include the footprint library 'crow-recorder-central-v2'
    ; warning
    @(122.555 mm, 134.62 mm): Symbol U6 [SYM_U6]
[lib_symbol_issues]: The current configuration does not include the symbol library 'elt'
    ; warning
    @(122.555 mm, 134.62 mm): Symbol U6 [SYM_U6]
[footprint_link_issues]: The current configuration does not include the footprint library 'Package_SO'
    ; warning
    @(122.555 mm, 171.45 mm): Symbol U5 [SYM_U5]
[lib_symbol_issues]: The current configuration does not include the symbol library 'elt'
    ; warning
    @(122.555 mm, 171.45 mm): Symbol U5 [SYM_U5]
[endpoint_off_grid]: Symbol pin or wire end off connection grid
    ; warning
    @(122.555 mm, 234.95 mm): Symbol Rs7P Pin 1 [Passive, Line]
[endpoint_off_grid]: Symbol pin or wire end off connection grid
    ; warning
    @(122.555 mm, 347.345 mm): Symbol Rs1P Pin 1 [Passive, Line]
[endpoint_off_grid]: Symbol pin or wire end off connection grid
    ; warning
    @(125.095 mm, 259.715 mm): Horizontal Wire, length 2.54 mm
[endpoint_off_grid]: Symbol pin or wire end off connection grid
    ; warning
    @(125.095 mm, 372.11 mm): Horizontal Wire, length 2.54 mm
[footprint_link_issues]: The current configuration does not include the footprint library 'Resistor_SMD'
    ; warning
    @(125.73 mm, 104.775 mm): Symbol R_mck1 [SYM_R_mck1]
[lib_symbol_issues]: The current configuration does not include the symbol library 'elt'
    ; warning
    @(125.73 mm, 104.775 mm): Symbol R_mck1 [SYM_R_mck1]
[footprint_link_issues]: The current configuration does not include the footprint library 'Resistor_SMD'
    ; warning
    @(126.365 mm, 234.95 mm): Symbol Rs7P [SYM_Rs7P]
[lib_symbol_issues]: The current configuration does not include the symbol library 'elt'
    ; warning
    @(126.365 mm, 234.95 mm): Symbol Rs7P [SYM_Rs7P]
[footprint_link_issues]: The current configuration does not include the footprint library 'Resistor_SMD'
    ; warning
    @(126.365 mm, 347.345 mm): Symbol Rs1P [SYM_Rs1P]
[lib_symbol_issues]: The current configuration does not include the symbol library 'elt'
    ; warning
    @(126.365 mm, 347.345 mm): Symbol Rs1P [SYM_Rs1P]
[endpoint_off_grid]: Symbol pin or wire end off connection grid
    ; warning
    @(127.00 mm, 372.745 mm): Horizontal Wire, length 10.795 mm
[endpoint_off_grid]: Symbol pin or wire end off connection grid
    ; warning
    @(127.00 mm, 377.825 mm): Vertical Wire, length 5.08 mm
[endpoint_off_grid]: Symbol pin or wire end off connection grid
    ; warning
    @(127.635 mm, 247.015 mm): Horizontal Wire, length 7.62 mm
[endpoint_off_grid]: Symbol pin or wire end off connection grid
    ; warning
    @(127.635 mm, 259.715 mm): Vertical Wire, length 12.70 mm
[endpoint_off_grid]: Symbol pin or wire end off connection grid
    ; warning
    @(127.635 mm, 360.045 mm): Horizontal Wire, length 7.62 mm
[endpoint_off_grid]: Symbol pin or wire end off connection grid
    ; warning
    @(127.635 mm, 372.11 mm): Vertical Wire, length 12.065 mm
[endpoint_off_grid]: Symbol pin or wire end off connection grid
    ; warning
    @(130.175 mm, 135.89 mm): Symbol #PWR70 Hidden pin 1 [GND, Power input, Line]
[lib_symbol_issues]: The current configuration does not include the symbol library 'elt'
    ; warning
    @(130.175 mm, 135.89 mm): Symbol #PWR70 [GND]
[endpoint_off_grid]: Symbol pin or wire end off connection grid
    ; warning
    @(130.175 mm, 167.64 mm): Horizontal Wire, length 15.24 mm
[endpoint_off_grid]: Symbol pin or wire end off connection grid
    ; warning
    @(130.175 mm, 234.95 mm): Horizontal Wire, length 11.43 mm
[footprint_link_issues]: The current configuration does not include the footprint library 'TestPoint'
    ; warning
    @(130.175 mm, 431.165 mm): Symbol TP11 [SYM_TP11]
[lib_symbol_issues]: The current configuration does not include the symbol library 'elt'
    ; warning
    @(130.175 mm, 431.165 mm): Symbol TP11 [SYM_TP11]
[endpoint_off_grid]: Symbol pin or wire end off connection grid
    ; warning
    @(132.715 mm, 177.80 mm): Vertical Wire, length 20.32 mm
[endpoint_off_grid]: Symbol pin or wire end off connection grid
    ; warning
    @(132.715 mm, 198.12 mm): Horizontal Wire, length 30.48 mm
[endpoint_off_grid]: Symbol pin or wire end off connection grid
    ; warning
    @(137.795 mm, 292.735 mm): Horizontal Wire, length 7.62 mm
[endpoint_off_grid]: Symbol pin or wire end off connection grid
    ; warning
    @(137.795 mm, 344.805 mm): Vertical Wire, length 52.07 mm
[endpoint_off_grid]: Symbol pin or wire end off connection grid
    ; warning
    @(137.795 mm, 349.885 mm): Horizontal Wire, length 3.175 mm
[endpoint_off_grid]: Symbol pin or wire end off connection grid
    ; warning
    @(137.795 mm, 372.745 mm): Vertical Wire, length 22.86 mm
[endpoint_off_grid]: Symbol pin or wire end off connection grid
    ; warning
    @(137.795 mm, 377.825 mm): Horizontal Wire, length 10.795 mm
[endpoint_off_grid]: Symbol pin or wire end off connection grid
    ; warning
    @(137.795 mm, 405.765 mm): Vertical Wire, length 27.94 mm
[endpoint_off_grid]: Symbol pin or wire end off connection grid
    ; warning
    @(139.70 mm, 226.695 mm): Horizontal Wire, length 1.905 mm
[endpoint_off_grid]: Symbol pin or wire end off connection grid
    ; warning
    @(139.70 mm, 231.775 mm): Vertical Wire, length 5.08 mm
[endpoint_off_grid]: Symbol pin or wire end off connection grid
    ; warning
    @(140.335 mm, 257.175 mm): Symbol Dp7 Pin 1 [Passive, Line]
[endpoint_off_grid]: Symbol pin or wire end off connection grid
    ; warning
    @(140.335 mm, 370.205 mm): Symbol Dp1 Pin 1 [Passive, Line]
[endpoint_off_grid]: Symbol pin or wire end off connection grid
    ; warning
    @(140.97 mm, 344.805 mm): Horizontal Wire, length 3.175 mm
[endpoint_off_grid]: Symbol pin or wire end off connection grid
    ; warning
    @(140.97 mm, 349.885 mm): Vertical Wire, length 5.08 mm
[endpoint_off_grid]: Symbol pin or wire end off connection grid
    ; warning
    @(141.605 mm, 203.20 mm): Horizontal Wire, length 11.43 mm
[endpoint_off_grid]: Symbol pin or wire end off connection grid
    ; warning
    @(141.605 mm, 226.695 mm): Vertical Wire, length 23.495 mm
[endpoint_off_grid]: Symbol pin or wire end off connection grid
    ; warning
    @(141.605 mm, 231.775 mm): Horizontal Wire, length 1.905 mm
[endpoint_off_grid]: Symbol pin or wire end off connection grid
    ; warning
    @(141.605 mm, 234.95 mm): Vertical Wire, length 3.175 mm
[endpoint_off_grid]: Symbol pin or wire end off connection grid
    ; warning
    @(145.415 mm, 146.685 mm): Symbol Cc6P Pin 1 [Passive, Line]
[endpoint_off_grid]: Symbol pin or wire end off connection grid
    ; warning
    @(145.415 mm, 167.64 mm): Vertical Wire, length 10.16 mm
[endpoint_off_grid]: Symbol pin or wire end off connection grid
    ; warning
    @(145.415 mm, 177.80 mm): Horizontal Wire, length 12.70 mm
[endpoint_off_grid]: Symbol pin or wire end off connection grid
    ; warning
    @(145.415 mm, 292.735 mm): Symbol F7 Pin 1 [Passive, Line]
[endpoint_off_grid]: Symbol pin or wire end off connection grid
    ; warning
    @(145.415 mm, 405.765 mm): Horizontal Wire, length 7.62 mm
[endpoint_off_grid]: Symbol pin or wire end off connection grid
    ; warning
    @(145.415 mm, 405.765 mm): Symbol F1 Pin 1 [Passive, Line]
[endpoint_off_grid]: Symbol pin or wire end off connection grid
    ; warning
    @(147.955 mm, 121.92 mm): Horizontal Wire, length 2.54 mm
[endpoint_off_grid]: Symbol pin or wire end off connection grid
    ; warning
    @(147.955 mm, 134.62 mm): Vertical Wire, length 12.70 mm
[footprint_link_issues]: The current configuration does not include the footprint library 'Package_TO_SOT_SMD'
    ; warning
    @(147.955 mm, 259.715 mm): Symbol Dp7 [SYM_Dp7]
[lib_symbol_issues]: The current configuration does not include the symbol library 'elt'
    ; warning
    @(147.955 mm, 259.715 mm): Symbol Dp7 [SYM_Dp7]
[footprint_link_issues]: The current configuration does not include the footprint library 'Package_TO_SOT_SMD'
    ; warning
    @(147.955 mm, 372.745 mm): Symbol Dp1 [SYM_Dp1]
[lib_symbol_issues]: The current configuration does not include the symbol library 'elt'
    ; warning
    @(147.955 mm, 372.745 mm): Symbol Dp1 [SYM_Dp1]
[footprint_link_issues]: The current configuration does not include the footprint library 'Capacitor_SMD'
    ; warning
    @(149.225 mm, 146.685 mm): Symbol Cc6P [SYM_Cc6P]
[lib_symbol_issues]: The current configuration does not include the symbol library 'elt'
    ; warning
    @(149.225 mm, 146.685 mm): Symbol Cc6P [SYM_Cc6P]
[endpoint_off_grid]: Symbol pin or wire end off connection grid
    ; warning
    @(150.495 mm, 121.92 mm): Symbol Rs6P Pin 1 [Passive, Line]
[endpoint_off_grid]: Symbol pin or wire end off connection grid
    ; warning
    @(153.035 mm, 146.685 mm): Horizontal Wire, length 2.54 mm
[endpoint_off_grid]: Symbol pin or wire end off connection grid
    ; warning
    @(153.035 mm, 203.20 mm): Symbol Cd7 Pin 1 [Passive, Line]
[endpoint_off_grid]: Symbol pin or wire end off connection grid
    ; warning
    @(153.035 mm, 229.235 mm): Symbol Cc7M Pin 1 [Passive, Line]
[footprint_link_issues]: The current configuration does not include the footprint library 'Fuse'
    ; warning
    @(153.035 mm, 292.735 mm): Symbol F7 [SYM_F7]
[lib_symbol_issues]: The current configuration does not include the symbol library 'elt'
    ; warning
    @(153.035 mm, 292.735 mm): Symbol F7 [SYM_F7]
[endpoint_off_grid]: Symbol pin or wire end off connection grid
    ; warning
    @(153.035 mm, 316.23 mm): Symbol Cd1 Pin 1 [Passive, Line]
[endpoint_off_grid]: Symbol pin or wire end off connection grid
    ; warning
    @(153.035 mm, 342.265 mm): Symbol Cc1M Pin 1 [Passive, Line]
[footprint_link_issues]: The current configuration does not include the footprint library 'Fuse'
    ; warning
    @(153.035 mm, 405.765 mm): Symbol F1 [SYM_F1]
[lib_symbol_issues]: The current configuration does not include the symbol library 'elt'
    ; warning
    @(153.035 mm, 405.765 mm): Symbol F1 [SYM_F1]
[footprint_link_issues]: The current configuration does not include the footprint library 'Resistor_SMD'
    ; warning
    @(154.305 mm, 121.92 mm): Symbol Rs6P [SYM_Rs6P]
[lib_symbol_issues]: The current configuration does not include the symbol library 'elt'
    ; warning
    @(154.305 mm, 121.92 mm): Symbol Rs6P [SYM_Rs6P]
[endpoint_off_grid]: Symbol pin or wire end off connection grid
    ; warning
    @(154.94 mm, 56.515 mm): Horizontal Wire, length 25.40 mm
[endpoint_off_grid]: Symbol pin or wire end off connection grid
    ; warning
    @(154.94 mm, 59.055 mm): Vertical Wire, length 2.54 mm
[endpoint_off_grid]: Symbol pin or wire end off connection grid
    ; warning
    @(154.94 mm, 60.325 mm): Vertical Wire, length 1.27 mm
[endpoint_off_grid]: Symbol pin or wire end off connection grid
    ; warning
    @(154.94 mm, 60.325 mm): Symbol C_vref2b Pin 1 [Passive, Line]
[footprint_link_issues]: The current configuration does not include the footprint library 'Capacitor_SMD'
    ; warning
    @(154.94 mm, 64.135 mm): Symbol C_vref2b [SYM_C_vref2b]
[lib_symbol_issues]: The current configuration does not include the symbol library 'elt'
    ; warning
    @(154.94 mm, 64.135 mm): Symbol C_vref2b [SYM_C_vref2b]
[endpoint_off_grid]: Symbol pin or wire end off connection grid
    ; warning
    @(154.94 mm, 67.945 mm): Symbol #PWR85 Hidden pin 1 [GND, Power input, Line]
[lib_symbol_issues]: The current configuration does not include the symbol library 'elt'
    ; warning
    @(154.94 mm, 67.945 mm): Symbol #PWR85 [GND]
[endpoint_off_grid]: Symbol pin or wire end off connection grid
    ; warning
    @(155.575 mm, 134.62 mm): Horizontal Wire, length 7.62 mm
[endpoint_off_grid]: Symbol pin or wire end off connection grid
    ; warning
    @(155.575 mm, 146.685 mm): Vertical Wire, length 12.065 mm
[endpoint_off_grid]: Symbol pin or wire end off connection grid
    ; warning
    @(155.575 mm, 260.985 mm): Symbol #PWR138 Hidden pin 1 [GND, Power input, Line]
[lib_symbol_issues]: The current configuration does not include the symbol library 'elt'
    ; warning
    @(155.575 mm, 260.985 mm): Symbol #PWR138 [GND]
[endpoint_off_grid]: Symbol pin or wire end off connection grid
    ; warning
    @(155.575 mm, 374.015 mm): Symbol #PWR114 Hidden pin 1 [GND, Power input, Line]
[lib_symbol_issues]: The current configuration does not include the symbol library 'elt'
    ; warning
    @(155.575 mm, 374.015 mm): Symbol #PWR114 [GND]
[footprint_link_issues]: The current configuration does not include the footprint library 'Capacitor_SMD'
    ; warning
    @(156.845 mm, 203.20 mm): Symbol Cd7 [SYM_Cd7]
[lib_symbol_issues]: The current configuration does not include the symbol library 'elt'
    ; warning
    @(156.845 mm, 203.20 mm): Symbol Cd7 [SYM_Cd7]
[footprint_link_issues]: The current configuration does not include the footprint library 'Capacitor_SMD'
    ; warning
    @(156.845 mm, 229.235 mm): Symbol Cc7M [SYM_Cc7M]
[lib_symbol_issues]: The current configuration does not include the symbol library 'elt'
    ; warning
    @(156.845 mm, 229.235 mm): Symbol Cc7M [SYM_Cc7M]
[footprint_link_issues]: The current configuration does not include the footprint library 'Capacitor_SMD'
    ; warning
    @(156.845 mm, 316.23 mm): Symbol Cd1 [SYM_Cd1]
[lib_symbol_issues]: The current configuration does not include the symbol library 'elt'
    ; warning
    @(156.845 mm, 316.23 mm): Symbol Cd1 [SYM_Cd1]
[footprint_link_issues]: The current configuration does not include the footprint library 'Capacitor_SMD'
    ; warning
    @(156.845 mm, 342.265 mm): Symbol Cc1M [SYM_Cc1M]
[lib_symbol_issues]: The current configuration does not include the symbol library 'elt'
    ; warning
    @(156.845 mm, 342.265 mm): Symbol Cc1M [SYM_Cc1M]
[endpoint_off_grid]: Symbol pin or wire end off connection grid
    ; warning
    @(158.115 mm, 121.92 mm): Horizontal Wire, length 11.43 mm
[endpoint_off_grid]: Symbol pin or wire end off connection grid
    ; warning
    @(158.115 mm, 258.445 mm): Horizontal Wire, length 2.54 mm
[endpoint_off_grid]: Symbol pin or wire end off connection grid
    ; warning
    @(158.115 mm, 371.475 mm): Horizontal Wire, length 2.54 mm
[endpoint_off_grid]: Symbol pin or wire end off connection grid
    ; warning
    @(158.115 mm, 427.99 mm): Vertical Wire, length 13.97 mm
[endpoint_off_grid]: Symbol pin or wire end off connection grid
    ; warning
    @(158.115 mm, 441.96 mm): Vertical Wire, length 1.27 mm
[endpoint_off_grid]: Symbol pin or wire end off connection grid
    ; warning
    @(158.115 mm, 443.23 mm): Symbol C_vb Pin 1 [Passive, Line]
[footprint_link_issues]: The current configuration does not include the footprint library 'Capacitor_SMD'
    ; warning
    @(158.115 mm, 447.04 mm): Symbol C_vb [SYM_C_vb]
[lib_symbol_issues]: The current configuration does not include the symbol library 'elt'
    ; warning
    @(158.115 mm, 447.04 mm): Symbol C_vb [SYM_C_vb]
[endpoint_off_grid]: Symbol pin or wire end off connection grid
    ; warning
    @(158.115 mm, 450.85 mm): Symbol #PWR109 Hidden pin 1 [GND, Power input, Line]
[lib_symbol_issues]: The current configuration does not include the symbol library 'elt'
    ; warning
    @(158.115 mm, 450.85 mm): Symbol #PWR109 [GND]
[endpoint_off_grid]: Symbol pin or wire end off connection grid
    ; warning
    @(160.02 mm, 466.725 mm): Symbol R_vbld Pin 1 [Passive, Line]
[footprint_link_issues]: The current configuration does not include the footprint library 'Resistor_SMD'
    ; warning
    @(160.02 mm, 470.535 mm): Symbol R_vbld [SYM_R_vbld]
[lib_symbol_issues]: The current configuration does not include the symbol library 'elt'
    ; warning
    @(160.02 mm, 470.535 mm): Symbol R_vbld [SYM_R_vbld]
[endpoint_off_grid]: Symbol pin or wire end off connection grid
    ; warning
    @(160.02 mm, 474.345 mm): Symbol #PWR110 Hidden pin 1 [GND, Power input, Line]
[lib_symbol_issues]: The current configuration does not include the symbol library 'elt'
    ; warning
    @(160.02 mm, 474.345 mm): Symbol #PWR110 [GND]
[endpoint_off_grid]: Symbol pin or wire end off connection grid
    ; warning
    @(160.655 mm, 229.235 mm): Horizontal Wire, length 15.24 mm
[endpoint_off_grid]: Symbol pin or wire end off connection grid
    ; warning
    @(160.655 mm, 342.265 mm): Horizontal Wire, length 15.24 mm
[endpoint_off_grid]: Symbol pin or wire end off connection grid
    ; warning
    @(163.195 mm, 258.445 mm): Horizontal Wire, length 5.08 mm
[endpoint_off_grid]: Symbol pin or wire end off connection grid
    ; warning
    @(163.195 mm, 259.08 mm): Vertical Wire, length 0.635 mm
[endpoint_off_grid]: Symbol pin or wire end off connection grid
    ; warning
    @(163.195 mm, 371.475 mm): Horizontal Wire, length 5.08 mm
[endpoint_off_grid]: Symbol pin or wire end off connection grid
    ; warning
    @(163.195 mm, 372.11 mm): Vertical Wire, length 0.635 mm
[endpoint_off_grid]: Symbol pin or wire end off connection grid
    ; warning
    @(167.64 mm, 113.665 mm): Horizontal Wire, length 1.905 mm
[endpoint_off_grid]: Symbol pin or wire end off connection grid
    ; warning
    @(167.64 mm, 118.745 mm): Vertical Wire, length 5.08 mm
[endpoint_off_grid]: Symbol pin or wire end off connection grid
    ; warning
    @(168.275 mm, 144.78 mm): Symbol Dp6 Pin 1 [Passive, Line]
[endpoint_off_grid]: Symbol pin or wire end off connection grid
    ; warning
    @(168.275 mm, 259.08 mm): Horizontal Wire, length 5.08 mm
[endpoint_off_grid]: Symbol pin or wire end off connection grid
    ; warning
    @(168.275 mm, 264.16 mm): Horizontal Wire, length 2.54 mm
[endpoint_off_grid]: Symbol pin or wire end off connection grid
    ; warning
    @(168.275 mm, 271.78 mm): Vertical Wire, length 7.62 mm
[endpoint_off_grid]: Symbol pin or wire end off connection grid
    ; warning
    @(168.275 mm, 372.11 mm): Horizontal Wire, length 5.08 mm
[endpoint_off_grid]: Symbol pin or wire end off connection grid
    ; warning
    @(168.275 mm, 377.19 mm): Horizontal Wire, length 2.54 mm
[endpoint_off_grid]: Symbol pin or wire end off connection grid
    ; warning
    @(168.275 mm, 384.81 mm): Vertical Wire, length 7.62 mm
[endpoint_off_grid]: Symbol pin or wire end off connection grid
    ; warning
    @(169.545 mm, 90.805 mm): Horizontal Wire, length 11.43 mm
[endpoint_off_grid]: Symbol pin or wire end off connection grid
    ; warning
    @(169.545 mm, 113.665 mm): Vertical Wire, length 22.86 mm
[endpoint_off_grid]: Symbol pin or wire end off connection grid
    ; warning
    @(169.545 mm, 118.745 mm): Horizontal Wire, length 1.905 mm
[endpoint_off_grid]: Symbol pin or wire end off connection grid
    ; warning
    @(169.545 mm, 121.92 mm): Vertical Wire, length 3.175 mm
[endpoint_off_grid]: Symbol pin or wire end off connection grid
    ; warning
    @(170.815 mm, 180.34 mm): Horizontal Wire, length 2.54 mm
[endpoint_off_grid]: Symbol pin or wire end off connection grid
    ; warning
    @(170.815 mm, 183.515 mm): Vertical Wire, length 3.175 mm
[endpoint_off_grid]: Symbol pin or wire end off connection grid
    ; warning
    @(170.815 mm, 256.54 mm): Symbol J9 Pin 1 [Passive, Line]
[endpoint_off_grid]: Symbol pin or wire end off connection grid
    ; warning
    @(170.815 mm, 259.08 mm): Horizontal Wire, length 2.54 mm
[endpoint_off_grid]: Symbol pin or wire end off connection grid
    ; warning
    @(170.815 mm, 266.70 mm): Symbol #PWR135 Hidden pin 1 [GND, Power input, Line]
[lib_symbol_issues]: The current configuration does not include the symbol library 'elt'
    ; warning
    @(170.815 mm, 266.70 mm): Symbol #PWR135 [GND]
[endpoint_off_grid]: Symbol pin or wire end off connection grid
    ; warning
    @(170.815 mm, 271.78 mm): Horizontal Wire, length 2.54 mm
[endpoint_off_grid]: Symbol pin or wire end off connection grid
    ; warning
    @(170.815 mm, 369.57 mm): Symbol J3 Pin 1 [Passive, Line]
[endpoint_off_grid]: Symbol pin or wire end off connection grid
    ; warning
    @(170.815 mm, 372.11 mm): Horizontal Wire, length 2.54 mm
[endpoint_off_grid]: Symbol pin or wire end off connection grid
    ; warning
    @(170.815 mm, 379.73 mm): Symbol #PWR111 Hidden pin 1 [GND, Power input, Line]
[lib_symbol_issues]: The current configuration does not include the symbol library 'elt'
    ; warning
    @(170.815 mm, 379.73 mm): Symbol #PWR111 [GND]
[endpoint_off_grid]: Symbol pin or wire end off connection grid
    ; warning
    @(170.815 mm, 384.81 mm): Horizontal Wire, length 2.54 mm
[endpoint_off_grid]: Symbol pin or wire end off connection grid
    ; warning
    @(173.355 mm, 180.34 mm): Symbol F6 Pin 1 [Passive, Line]
[lib_symbol_issues]: The current configuration does not include the symbol library 'elt'
    ; warning
    @(173.99 mm, 487.68 mm): Symbol #PWR143 [GND]
[footprint_link_issues]: The current configuration does not include the footprint library 'Package_TO_SOT_SMD'
    ; warning
    @(175.895 mm, 147.32 mm): Symbol Dp6 [SYM_Dp6]
[lib_symbol_issues]: The current configuration does not include the symbol library 'elt'
    ; warning
    @(175.895 mm, 147.32 mm): Symbol Dp6 [SYM_Dp6]
[endpoint_off_grid]: Symbol pin or wire end off connection grid
    ; warning
    @(175.895 mm, 229.235 mm): Symbol Rs7M Pin 1 [Passive, Line]
[endpoint_off_grid]: Symbol pin or wire end off connection grid
    ; warning
    @(175.895 mm, 342.265 mm): Symbol Rs1M Pin 1 [Passive, Line]
[footprint_link_issues]: The current configuration does not include the footprint library 'Connector_RJ'
    ; warning
    @(178.435 mm, 264.16 mm): Symbol J9 [SYM_J9]
[lib_symbol_issues]: The current configuration does not include the symbol library 'elt'
    ; warning
    @(178.435 mm, 264.16 mm): Symbol J9 [SYM_J9]
[footprint_link_issues]: The current configuration does not include the footprint library 'Connector_RJ'
    ; warning
    @(178.435 mm, 377.19 mm): Symbol J3 [SYM_J3]
[lib_symbol_issues]: The current configuration does not include the symbol library 'elt'
    ; warning
    @(178.435 mm, 377.19 mm): Symbol J3 [SYM_J3]
[endpoint_off_grid]: Symbol pin or wire end off connection grid
    ; warning
    @(178.435 mm, 427.99 mm): Symbol R_vb1 Pin 1 [Passive, Line]
[endpoint_off_grid]: Symbol pin or wire end off connection grid
    ; warning
    @(178.435 mm, 427.99 mm): Horizontal Wire, length 20.32 mm
[footprint_link_issues]: The current configuration does not include the footprint library 'Resistor_SMD'
    ; warning
    @(179.705 mm, 229.235 mm): Symbol Rs7M [SYM_Rs7M]
[lib_symbol_issues]: The current configuration does not include the symbol library 'elt'
    ; warning
    @(179.705 mm, 229.235 mm): Symbol Rs7M [SYM_Rs7M]
[footprint_link_issues]: The current configuration does not include the footprint library 'Resistor_SMD'
    ; warning
    @(179.705 mm, 342.265 mm): Symbol Rs1M [SYM_Rs1M]
[lib_symbol_issues]: The current configuration does not include the symbol library 'elt'
    ; warning
    @(179.705 mm, 342.265 mm): Symbol Rs1M [SYM_Rs1M]
[endpoint_off_grid]: Symbol pin or wire end off connection grid
    ; warning
    @(180.34 mm, 56.515 mm): Vertical Wire, length 2.54 mm
[endpoint_off_grid]: Symbol pin or wire end off connection grid
    ; warning
    @(180.34 mm, 59.055 mm): Vertical Wire, length 1.27 mm
[endpoint_off_grid]: Symbol pin or wire end off connection grid
    ; warning
    @(180.34 mm, 60.325 mm): Symbol C_vref2a Pin 1 [Passive, Line]
[footprint_link_issues]: The current configuration does not include the footprint library 'Capacitor_SMD'
    ; warning
    @(180.34 mm, 64.135 mm): Symbol C_vref2a [SYM_C_vref2a]
[lib_symbol_issues]: The current configuration does not include the symbol library 'elt'
    ; warning
    @(180.34 mm, 64.135 mm): Symbol C_vref2a [SYM_C_vref2a]
[endpoint_off_grid]: Symbol pin or wire end off connection grid
    ; warning
    @(180.34 mm, 67.945 mm): Symbol #PWR84 Hidden pin 1 [GND, Power input, Line]
[lib_symbol_issues]: The current configuration does not include the symbol library 'elt'
    ; warning
    @(180.34 mm, 67.945 mm): Symbol #PWR84 [GND]
[endpoint_off_grid]: Symbol pin or wire end off connection grid
    ; warning
    @(180.975 mm, 90.805 mm): Symbol Cd6 Pin 1 [Passive, Line]
[endpoint_off_grid]: Symbol pin or wire end off connection grid
    ; warning
    @(180.975 mm, 116.205 mm): Symbol Cc6M Pin 1 [Passive, Line]
[footprint_link_issues]: The current configuration does not include the footprint library 'Fuse'
    ; warning
    @(180.975 mm, 180.34 mm): Symbol F6 [SYM_F6]
[lib_symbol_issues]: The current configuration does not include the symbol library 'elt'
    ; warning
    @(180.975 mm, 180.34 mm): Symbol F6 [SYM_F6]
[footprint_link_issues]: The current configuration does not include the footprint library 'Resistor_SMD'
    ; warning
    @(182.245 mm, 427.99 mm): Symbol R_vb1 [SYM_R_vb1]
[lib_symbol_issues]: The current configuration does not include the symbol library 'elt'
    ; warning
    @(182.245 mm, 427.99 mm): Symbol R_vb1 [SYM_R_vb1]
[endpoint_off_grid]: Symbol pin or wire end off connection grid
    ; warning
    @(183.515 mm, 148.59 mm): Symbol #PWR134 Hidden pin 1 [GND, Power input, Line]
[lib_symbol_issues]: The current configuration does not include the symbol library 'elt'
    ; warning
    @(183.515 mm, 148.59 mm): Symbol #PWR134 [GND]
[endpoint_off_grid]: Symbol pin or wire end off connection grid
    ; warning
    @(183.515 mm, 229.235 mm): Horizontal Wire, length 2.54 mm
[endpoint_off_grid]: Symbol pin or wire end off connection grid
    ; warning
    @(183.515 mm, 342.265 mm): Horizontal Wire, length 2.54 mm
[endpoint_off_grid]: Symbol pin or wire end off connection grid
    ; warning
    @(183.515 mm, 437.515 mm): Horizontal Wire, length 5.08 mm
[endpoint_off_grid]: Symbol pin or wire end off connection grid
    ; warning
    @(183.515 mm, 447.675 mm): Symbol R_vb2 Pin 1 [Passive, Line]
[endpoint_off_grid]: Symbol pin or wire end off connection grid
    ; warning
    @(183.515 mm, 447.675 mm): Vertical Wire, length 10.16 mm
[footprint_link_issues]: The current configuration does not include the footprint library 'Resistor_SMD'
    ; warning
    @(183.515 mm, 451.485 mm): Symbol R_vb2 [SYM_R_vb2]
[lib_symbol_issues]: The current configuration does not include the symbol library 'elt'
    ; warning
    @(183.515 mm, 451.485 mm): Symbol R_vb2 [SYM_R_vb2]
[endpoint_off_grid]: Symbol pin or wire end off connection grid
    ; warning
    @(183.515 mm, 455.295 mm): Symbol #PWR108 Hidden pin 1 [GND, Power input, Line]
[lib_symbol_issues]: The current configuration does not include the symbol library 'elt'
    ; warning
    @(183.515 mm, 455.295 mm): Symbol #PWR108 [GND]
[footprint_link_issues]: The current configuration does not include the footprint library 'Capacitor_SMD'
    ; warning
    @(184.785 mm, 90.805 mm): Symbol Cd6 [SYM_Cd6]
[lib_symbol_issues]: The current configuration does not include the symbol library 'elt'
    ; warning
    @(184.785 mm, 90.805 mm): Symbol Cd6 [SYM_Cd6]
[footprint_link_issues]: The current configuration does not include the footprint library 'Capacitor_SMD'
    ; warning
    @(184.785 mm, 116.205 mm): Symbol Cc6M [SYM_Cc6M]
[lib_symbol_issues]: The current configuration does not include the symbol library 'elt'
    ; warning
    @(184.785 mm, 116.205 mm): Symbol Cc6M [SYM_Cc6M]
[endpoint_off_grid]: Symbol pin or wire end off connection grid
    ; warning
    @(186.055 mm, 146.05 mm): Horizontal Wire, length 2.54 mm
[endpoint_off_grid]: Symbol pin or wire end off connection grid
    ; warning
    @(186.055 mm, 203.20 mm): Horizontal Wire, length 25.40 mm
[endpoint_off_grid]: Symbol pin or wire end off connection grid
    ; warning
    @(186.055 mm, 229.235 mm): Vertical Wire, length 26.035 mm
[endpoint_off_grid]: Symbol pin or wire end off connection grid
    ; warning
    @(186.055 mm, 257.81 mm): Symbol #PWR137 Hidden pin 1 [GND, Power input, Line]
[lib_symbol_issues]: The current configuration does not include the symbol library 'elt'
    ; warning
    @(186.055 mm, 257.81 mm): Symbol #PWR137 [GND]
[endpoint_off_grid]: Symbol pin or wire end off connection grid
    ; warning
    @(186.055 mm, 270.51 mm): Symbol #PWR136 Hidden pin 1 [GND, Power input, Line]
[lib_symbol_issues]: The current configuration does not include the symbol library 'elt'
    ; warning
    @(186.055 mm, 270.51 mm): Symbol #PWR136 [GND]
[endpoint_off_grid]: Symbol pin or wire end off connection grid
    ; warning
    @(186.055 mm, 316.23 mm): Horizontal Wire, length 25.40 mm
[endpoint_off_grid]: Symbol pin or wire end off connection grid
    ; warning
    @(186.055 mm, 342.265 mm): Vertical Wire, length 26.035 mm
[endpoint_off_grid]: Symbol pin or wire end off connection grid
    ; warning
    @(186.055 mm, 370.84 mm): Symbol #PWR113 Hidden pin 1 [GND, Power input, Line]
[lib_symbol_issues]: The current configuration does not include the symbol library 'elt'
    ; warning
    @(186.055 mm, 370.84 mm): Symbol #PWR113 [GND]
[endpoint_off_grid]: Symbol pin or wire end off connection grid
    ; warning
    @(186.055 mm, 383.54 mm): Symbol #PWR112 Hidden pin 1 [GND, Power input, Line]
[lib_symbol_issues]: The current configuration does not include the symbol library 'elt'
    ; warning
    @(186.055 mm, 383.54 mm): Symbol #PWR112 [GND]
[footprint_link_issues]: The current configuration does not include the footprint library 'TestPoint'
    ; warning
    @(186.69 mm, 487.68 mm): Symbol TP6 [SYM_TP6]
[lib_symbol_issues]: The current configuration does not include the symbol library 'elt'
    ; warning
    @(186.69 mm, 487.68 mm): Symbol TP6 [SYM_TP6]
[endpoint_off_grid]: Symbol pin or wire end off connection grid
    ; warning
    @(188.595 mm, 116.205 mm): Horizontal Wire, length 15.875 mm
[endpoint_off_grid]: Symbol pin or wire end off connection grid
    ; warning
    @(188.595 mm, 427.99 mm): Horizontal Wire, length 2.54 mm
[endpoint_off_grid]: Symbol pin or wire end off connection grid
    ; warning
    @(188.595 mm, 437.515 mm): Vertical Wire, length 9.525 mm
[endpoint_off_grid]: Symbol pin or wire end off connection grid
    ; warning
    @(199.39 mm, 396.24 mm): Horizontal Wire, length 9.525 mm
[endpoint_off_grid]: Symbol pin or wire end off connection grid
    ; warning
    @(189.865 mm, 396.24 mm): Vertical Wire, length 5.08 mm
[endpoint_off_grid]: Symbol pin or wire end off connection grid
    ; warning
    @(189.865 mm, 401.32 mm): Horizontal Wire, length 12.065 mm
[endpoint_off_grid]: Symbol pin or wire end off connection grid
    ; warning
    @(191.135 mm, 146.05 mm): Horizontal Wire, length 5.08 mm
[endpoint_off_grid]: Symbol pin or wire end off connection grid
    ; warning
    @(191.135 mm, 146.685 mm): Vertical Wire, length 0.635 mm
[endpoint_off_grid]: Symbol pin or wire end off connection grid
    ; warning
    @(196.215 mm, 146.685 mm): Horizontal Wire, length 5.08 mm
[endpoint_off_grid]: Symbol pin or wire end off connection grid
    ; warning
    @(196.215 mm, 151.13 mm): Horizontal Wire, length 2.54 mm
[endpoint_off_grid]: Symbol pin or wire end off connection grid
    ; warning
    @(196.215 mm, 159.385 mm): Vertical Wire, length 8.255 mm
[endpoint_off_grid]: Symbol pin or wire end off connection grid
    ; warning
    @(198.755 mm, 144.145 mm): Symbol J8 Pin 1 [Passive, Line]
[endpoint_off_grid]: Symbol pin or wire end off connection grid
    ; warning
    @(198.755 mm, 146.685 mm): Horizontal Wire, length 2.54 mm
[endpoint_off_grid]: Symbol pin or wire end off connection grid
    ; warning
    @(198.755 mm, 154.305 mm): Symbol #PWR131 Hidden pin 1 [GND, Power input, Line]
[lib_symbol_issues]: The current configuration does not include the symbol library 'elt'
    ; warning
    @(198.755 mm, 154.305 mm): Symbol #PWR131 [GND]
[endpoint_off_grid]: Symbol pin or wire end off connection grid
    ; warning
    @(198.755 mm, 159.385 mm): Horizontal Wire, length 2.54 mm
[endpoint_off_grid]: Symbol pin or wire end off connection grid
    ; warning
    @(200.025 mm, 228.60 mm): Horizontal Wire, length 0.635 mm
[endpoint_off_grid]: Symbol pin or wire end off connection grid
    ; warning
    @(198.12 mm, 228.60 mm): Horizontal Wire, length 1.905 mm
[endpoint_off_grid]: Symbol pin or wire end off connection grid
    ; warning
    @(200.025 mm, 246.38 mm): Horizontal Wire, length 1.905 mm
[endpoint_off_grid]: Symbol pin or wire end off connection grid
    ; warning
    @(200.66 mm, 246.38 mm): Horizontal Wire, length 0.635 mm
[endpoint_off_grid]: Symbol pin or wire end off connection grid
    ; warning
    @(200.025 mm, 304.80 mm): Horizontal Wire, length 0.635 mm
[endpoint_off_grid]: Symbol pin or wire end off connection grid
    ; warning
    @(186.69 mm, 304.80 mm): Horizontal Wire, length 13.335 mm
[endpoint_off_grid]: Symbol pin or wire end off connection grid
    ; warning
    @(198.12 mm, 312.42 mm): Horizontal Wire, length 1.905 mm
[endpoint_off_grid]: Symbol pin or wire end off connection grid
    ; warning
    @(200.66 mm, 312.42 mm): Horizontal Wire, length 0.635 mm
[endpoint_off_grid]: Symbol pin or wire end off connection grid
    ; warning
    @(200.025 mm, 312.42 mm): Horizontal Wire, length 13.335 mm
[endpoint_off_grid]: Symbol pin or wire end off connection grid
    ; warning
    @(200.025 mm, 312.42 mm): Horizontal Wire, length 0.635 mm
[endpoint_off_grid]: Symbol pin or wire end off connection grid
    ; warning
    @(200.66 mm, 335.28 mm): Horizontal Wire, length 0.635 mm
[endpoint_off_grid]: Symbol pin or wire end off connection grid
    ; warning
    @(200.025 mm, 335.28 mm): Horizontal Wire, length 1.905 mm
[lib_symbol_issues]: The current configuration does not include the symbol library 'elt'
    ; warning
    @(201.93 mm, 264.16 mm): Symbol #PWR31 [GND]
[lib_symbol_issues]: The current configuration does not include the symbol library 'elt'
    ; warning
    @(201.93 mm, 271.78 mm): Symbol #PWR32 [GND]
[lib_symbol_issues]: The current configuration does not include the symbol library 'elt'
    ; warning
    @(201.93 mm, 279.40 mm): Symbol #PWR33 [GND]
[lib_symbol_issues]: The current configuration does not include the symbol library 'elt'
    ; warning
    @(201.93 mm, 309.88 mm): Symbol #PWR34 [GND]
[lib_symbol_issues]: The current configuration does not include the symbol library 'elt'
    ; warning
    @(201.93 mm, 403.86 mm): Symbol #PWR106 [GND]
[endpoint_off_grid]: Symbol pin or wire end off connection grid
    ; warning
    @(204.47 mm, 116.205 mm): Symbol Rs6M Pin 1 [Passive, Line]
[endpoint_off_grid]: Symbol pin or wire end off connection grid
    ; warning
    @(206.375 mm, 61.595 mm): Symbol C_ldo2 Pin 1 [Passive, Line]
[footprint_link_issues]: The current configuration does not include the footprint library 'Capacitor_SMD'
    ; warning
    @(206.375 mm, 65.405 mm): Symbol C_ldo2 [SYM_C_ldo2]
[lib_symbol_issues]: The current configuration does not include the symbol library 'elt'
    ; warning
    @(206.375 mm, 65.405 mm): Symbol C_ldo2 [SYM_C_ldo2]
[endpoint_off_grid]: Symbol pin or wire end off connection grid
    ; warning
    @(206.375 mm, 69.215 mm): Symbol #PWR83 Hidden pin 1 [GND, Power input, Line]
[lib_symbol_issues]: The current configuration does not include the symbol library 'elt'
    ; warning
    @(206.375 mm, 69.215 mm): Symbol #PWR83 [GND]
[footprint_link_issues]: The current configuration does not include the footprint library 'Connector_RJ'
    ; warning
    @(206.375 mm, 151.13 mm): Symbol J8 [SYM_J8]
[lib_symbol_issues]: The current configuration does not include the symbol library 'elt'
    ; warning
    @(206.375 mm, 151.13 mm): Symbol J8 [SYM_J8]
[endpoint_off_grid]: Symbol pin or wire end off connection grid
    ; warning
    @(207.645 mm, 431.80 mm): Symbol R_cc1 Pin 1 [Passive, Line]
[footprint_link_issues]: The current configuration does not include the footprint library 'Resistor_SMD'
    ; warning
    @(207.645 mm, 435.61 mm): Symbol R_cc1 [SYM_R_cc1]
[lib_symbol_issues]: The current configuration does not include the symbol library 'elt'
    ; warning
    @(207.645 mm, 435.61 mm): Symbol R_cc1 [SYM_R_cc1]
[endpoint_off_grid]: Symbol pin or wire end off connection grid
    ; warning
    @(207.645 mm, 439.42 mm): Symbol #PWR104 Hidden pin 1 [GND, Power input, Line]
[lib_symbol_issues]: The current configuration does not include the symbol library 'elt'
    ; warning
    @(207.645 mm, 439.42 mm): Symbol #PWR104 [GND]
[footprint_link_issues]: The current configuration does not include the footprint library 'Resistor_SMD'
    ; warning
    @(208.28 mm, 116.205 mm): Symbol Rs6M [SYM_Rs6M]
[lib_symbol_issues]: The current configuration does not include the symbol library 'elt'
    ; warning
    @(208.28 mm, 116.205 mm): Symbol Rs6M [SYM_Rs6M]
[footprint_link_issues]: The current configuration does not include the footprint library 'Package_QFP'
    ; warning
    @(209.55 mm, 287.02 mm): Symbol U1 [SYM_U1]
[lib_symbol_issues]: The current configuration does not include the symbol library 'elt'
    ; warning
    @(209.55 mm, 287.02 mm): Symbol U1 [SYM_U1]
[footprint_link_issues]: The current configuration does not include the footprint library 'Package_SON'
    ; warning
    @(209.55 mm, 403.86 mm): Symbol D_USB [SYM_D_USB]
[lib_symbol_issues]: The current configuration does not include the symbol library 'elt'
    ; warning
    @(209.55 mm, 403.86 mm): Symbol D_USB [SYM_D_USB]
[endpoint_off_grid]: Symbol pin or wire end off connection grid
    ; warning
    @(212.09 mm, 116.205 mm): Horizontal Wire, length 2.54 mm
[endpoint_off_grid]: Symbol pin or wire end off connection grid
    ; warning
    @(213.995 mm, 145.415 mm): Symbol #PWR133 Hidden pin 1 [GND, Power input, Line]
[lib_symbol_issues]: The current configuration does not include the symbol library 'elt'
    ; warning
    @(213.995 mm, 145.415 mm): Symbol #PWR133 [GND]
[endpoint_off_grid]: Symbol pin or wire end off connection grid
    ; warning
    @(213.995 mm, 158.115 mm): Symbol #PWR132 Hidden pin 1 [GND, Power input, Line]
[lib_symbol_issues]: The current configuration does not include the symbol library 'elt'
    ; warning
    @(213.995 mm, 158.115 mm): Symbol #PWR132 [GND]
[endpoint_off_grid]: Symbol pin or wire end off connection grid
    ; warning
    @(214.63 mm, 90.805 mm): Horizontal Wire, length 26.035 mm
[endpoint_off_grid]: Symbol pin or wire end off connection grid
    ; warning
    @(214.63 mm, 116.205 mm): Vertical Wire, length 25.40 mm
[lib_symbol_issues]: The current configuration does not include the symbol library 'elt'
    ; warning
    @(217.17 mm, 207.01 mm): Symbol #PWR35 [GND]
[lib_symbol_issues]: The current configuration does not include the symbol library 'elt'
    ; warning
    @(217.17 mm, 403.86 mm): Symbol #PWR107 [GND]
[footprint_link_issues]: The current configuration does not include the footprint library 'Resistor_SMD'
    ; warning
    @(217.17 mm, 461.01 mm): Symbol R_cc2 [SYM_R_cc2]
[lib_symbol_issues]: The current configuration does not include the symbol library 'elt'
    ; warning
    @(217.17 mm, 461.01 mm): Symbol R_cc2 [SYM_R_cc2]
[lib_symbol_issues]: The current configuration does not include the symbol library 'elt'
    ; warning
    @(217.17 mm, 464.82 mm): Symbol #PWR105 [GND]
[endpoint_off_grid]: Symbol pin or wire end off connection grid
    ; warning
    @(217.805 mm, 227.33 mm): Horizontal Wire, length 0.635 mm
[endpoint_off_grid]: Symbol pin or wire end off connection grid
    ; warning
    @(217.805 mm, 239.395 mm): Vertical Wire, length 12.065 mm
[endpoint_off_grid]: Symbol pin or wire end off connection grid
    ; warning
    @(217.805 mm, 247.65 mm): Horizontal Wire, length 0.635 mm
[endpoint_off_grid]: Symbol pin or wire end off connection grid
    ; warning
    @(217.17 mm, 247.65 mm): Horizontal Wire, length 0.635 mm
[endpoint_off_grid]: Symbol pin or wire end off connection grid
    ; warning
    @(227.33 mm, 69.215 mm): Symbol R_bck Pin 1 [Passive, Line]
[endpoint_off_grid]: Symbol pin or wire end off connection grid
    ; warning
    @(227.33 mm, 436.245 mm): Symbol FB_u18 Pin 1 [Passive, Line]
[endpoint_off_grid]: Symbol pin or wire end off connection grid
    ; warning
    @(229.87 mm, 239.395 mm): Horizontal Wire, length 2.54 mm
[endpoint_off_grid]: Symbol pin or wire end off connection grid
    ; warning
    @(229.87 mm, 241.935 mm): Vertical Wire, length 2.54 mm
[footprint_link_issues]: The current configuration does not include the footprint library 'Resistor_SMD'
    ; warning
    @(231.14 mm, 69.215 mm): Symbol R_bck [SYM_R_bck]
[lib_symbol_issues]: The current configuration does not include the symbol library 'elt'
    ; warning
    @(231.14 mm, 69.215 mm): Symbol R_bck [SYM_R_bck]
[endpoint_off_grid]: Symbol pin or wire end off connection grid
    ; warning
    @(231.14 mm, 390.525 mm): Horizontal Wire, length 1.27 mm
[endpoint_off_grid]: Symbol pin or wire end off connection grid
    ; warning
    @(231.14 mm, 403.225 mm): Vertical Wire, length 12.70 mm
[endpoint_off_grid]: Symbol pin or wire end off connection grid
    ; warning
    @(232.41 mm, 40.005 mm): Symbol C_micb2 Pin 1 [Passive, Line]
[footprint_link_issues]: The current configuration does not include the footprint library 'Capacitor_SMD'
    ; warning
    @(232.41 mm, 43.815 mm): Symbol C_micb2 [SYM_C_micb2]
[lib_symbol_issues]: The current configuration does not include the symbol library 'elt'
    ; warning
    @(232.41 mm, 43.815 mm): Symbol C_micb2 [SYM_C_micb2]
[endpoint_off_grid]: Symbol pin or wire end off connection grid
    ; warning
    @(232.41 mm, 47.625 mm): Symbol #PWR86 Hidden pin 1 [GND, Power input, Line]
[lib_symbol_issues]: The current configuration does not include the symbol library 'elt'
    ; warning
    @(232.41 mm, 47.625 mm): Symbol #PWR86 [GND]
[endpoint_off_grid]: Symbol pin or wire end off connection grid
    ; warning
    @(232.41 mm, 125.095 mm): Horizontal Wire, length 2.54 mm
[endpoint_off_grid]: Symbol pin or wire end off connection grid
    ; warning
    @(232.41 mm, 137.795 mm): Vertical Wire, length 12.70 mm
[endpoint_off_grid]: Symbol pin or wire end off connection grid
    ; warning
    @(232.41 mm, 208.915 mm): Symbol U2 Pin 1 [Passive, Line]
[endpoint_off_grid]: Symbol pin or wire end off connection grid
    ; warning
    @(232.41 mm, 224.155 mm): Symbol #PWR74 Hidden pin 1 [GND, Power input, Line]
[lib_symbol_issues]: The current configuration does not include the symbol library 'elt'
    ; warning
    @(232.41 mm, 224.155 mm): Symbol #PWR74 [GND]
[endpoint_off_grid]: Symbol pin or wire end off connection grid
    ; warning
    @(232.41 mm, 231.775 mm): Symbol #PWR75 Hidden pin 1 [GND, Power input, Line]
[lib_symbol_issues]: The current configuration does not include the symbol library 'elt'
    ; warning
    @(232.41 mm, 231.775 mm): Symbol #PWR75 [GND]
[endpoint_off_grid]: Symbol pin or wire end off connection grid
    ; warning
    @(232.41 mm, 236.855 mm): Symbol #PWR76 Hidden pin 1 [GND, Power input, Line]
[lib_symbol_issues]: The current configuration does not include the symbol library 'elt'
    ; warning
    @(232.41 mm, 236.855 mm): Symbol #PWR76 [GND]
[endpoint_off_grid]: Symbol pin or wire end off connection grid
    ; warning
    @(232.41 mm, 239.395 mm): Horizontal Wire, length 14.605 mm
[endpoint_off_grid]: Symbol pin or wire end off connection grid
    ; warning
    @(232.41 mm, 241.935 mm): Horizontal Wire, length 2.54 mm
[endpoint_off_grid]: Symbol pin or wire end off connection grid
    ; warning
    @(232.41 mm, 387.985 mm): Symbol J2 Pin 1 [Passive, Line]
[endpoint_off_grid]: Symbol pin or wire end off connection grid
    ; warning
    @(232.41 mm, 387.985 mm): Symbol #PWR99 Hidden pin 1 [GND, Power input, Line]
[lib_symbol_issues]: The current configuration does not include the symbol library 'elt'
    ; warning
    @(232.41 mm, 387.985 mm): Symbol #PWR99 [GND]
[endpoint_off_grid]: Symbol pin or wire end off connection grid
    ; warning
    @(232.41 mm, 403.225 mm): Horizontal Wire, length 1.27 mm
[endpoint_off_grid]: Symbol pin or wire end off connection grid
    ; warning
    @(232.41 mm, 405.765 mm): Symbol #PWR100 Hidden pin 1 [GND, Power input, Line]
[lib_symbol_issues]: The current configuration does not include the symbol library 'elt'
    ; warning
    @(232.41 mm, 405.765 mm): Symbol #PWR100 [GND]
[endpoint_off_grid]: Symbol pin or wire end off connection grid
    ; warning
    @(232.41 mm, 408.305 mm): Symbol #PWR101 Hidden pin 1 [GND, Power input, Line]
[lib_symbol_issues]: The current configuration does not include the symbol library 'elt'
    ; warning
    @(232.41 mm, 408.305 mm): Symbol #PWR101 [GND]
[footprint_link_issues]: The current configuration does not include the footprint library 'Capacitor_SMD'
    ; warning
    @(233.68 mm, 149.86 mm): Symbol Cc4P [SYM_Cc4P]
[lib_symbol_issues]: The current configuration does not include the symbol library 'elt'
    ; warning
    @(233.68 mm, 149.86 mm): Symbol Cc4P [SYM_Cc4P]
[footprint_link_issues]: The current configuration does not include the footprint library 'Capacitor_SMD'
    ; warning
    @(233.68 mm, 436.245 mm): Symbol FB_u18 [SYM_FB_u18]
[lib_symbol_issues]: The current configuration does not include the symbol library 'elt'
    ; warning
    @(233.68 mm, 436.245 mm): Symbol FB_u18 [SYM_FB_u18]
[endpoint_off_grid]: Symbol pin or wire end off connection grid
    ; warning
    @(234.95 mm, 69.215 mm): Horizontal Wire, length 2.54 mm
[endpoint_off_grid]: Symbol pin or wire end off connection grid
    ; warning
    @(234.95 mm, 125.095 mm): Symbol Rs4P Pin 1 [Passive, Line]
[endpoint_off_grid]: Symbol pin or wire end off connection grid
    ; warning
    @(236.855 mm, 454.66 mm): Horizontal Wire, length 5.715 mm
[endpoint_off_grid]: Symbol pin or wire end off connection grid
    ; warning
    @(236.855 mm, 478.79 mm): Vertical Wire, length 24.13 mm
[endpoint_off_grid]: Symbol pin or wire end off connection grid
    ; warning
    @(242.57 mm, 478.79 mm): Horizontal Wire, length 5.715 mm
[endpoint_off_grid]: Symbol pin or wire end off connection grid
    ; warning
    @(237.49 mm, 69.215 mm): Horizontal Wire, length 9.525 mm
[endpoint_off_grid]: Symbol pin or wire end off connection grid
    ; warning
    @(237.49 mm, 316.23 mm): Vertical Wire, length 12.065 mm
[endpoint_off_grid]: Symbol pin or wire end off connection grid
    ; warning
    @(237.49 mm, 304.165 mm): Horizontal Wire, length 2.54 mm
[footprint_link_issues]: The current configuration does not include the footprint library 'Resistor_SMD'
    ; warning
    @(238.76 mm, 125.095 mm): Symbol Rs4P [SYM_Rs4P]
[lib_symbol_issues]: The current configuration does not include the symbol library 'elt'
    ; warning
    @(238.76 mm, 125.095 mm): Symbol Rs4P [SYM_Rs4P]
[footprint_link_issues]: The current configuration does not include the footprint library 'Capacitor_SMD'
    ; warning
    @(238.76 mm, 328.93 mm): Symbol Cc2P [SYM_Cc2P]
[lib_symbol_issues]: The current configuration does not include the symbol library 'elt'
    ; warning
    @(238.76 mm, 328.93 mm): Symbol Cc2P [SYM_Cc2P]
[endpoint_off_grid]: Symbol pin or wire end off connection grid
    ; warning
    @(240.03 mm, 149.86 mm): Vertical Wire, length 12.065 mm
[endpoint_off_grid]: Symbol pin or wire end off connection grid
    ; warning
    @(240.03 mm, 137.795 mm): Horizontal Wire, length 7.62 mm
[footprint_link_issues]: The current configuration does not include the footprint library 'crow_recorder_central_v2'
    ; warning
    @(240.03 mm, 226.695 mm): Symbol U2 [SYM_U2]
[lib_symbol_issues]: The current configuration does not include the symbol library 'elt'
    ; warning
    @(240.03 mm, 226.695 mm): Symbol U2 [SYM_U2]
[endpoint_off_grid]: Symbol pin or wire end off connection grid
    ; warning
    @(240.03 mm, 304.165 mm): Symbol Rs2P Pin 1 [Passive, Line]
[footprint_link_issues]: The current configuration does not include the footprint library 'Connector_USB'
    ; warning
    @(240.03 mm, 398.145 mm): Symbol J2 [SYM_J2]
[lib_symbol_issues]: The current configuration does not include the symbol library 'elt'
    ; warning
    @(240.03 mm, 398.145 mm): Symbol J2 [SYM_J2]
[endpoint_off_grid]: Symbol pin or wire end off connection grid
    ; warning
    @(240.665 mm, 436.245 mm): Horizontal Wire, length 1.905 mm
[endpoint_off_grid]: Symbol pin or wire end off connection grid
    ; warning
    @(242.57 mm, 125.095 mm): Horizontal Wire, length 11.43 mm
[endpoint_off_grid]: Symbol pin or wire end off connection grid
    ; warning
    @(242.57 mm, 436.245 mm): Vertical Wire, length 20.955 mm
[endpoint_off_grid]: Symbol pin or wire end off connection grid
    ; warning
    @(242.57 mm, 457.20 mm): Vertical Wire, length 0.635 mm
[endpoint_off_grid]: Symbol pin or wire end off connection grid
    ; warning
    @(242.57 mm, 457.835 mm): Symbol C_u18a Pin 1 [Passive, Line]
[endpoint_off_grid]: Symbol pin or wire end off connection grid
    ; warning
    @(242.57 mm, 457.20 mm): Vertical Wire, length 0.635 mm
[footprint_link_issues]: The current configuration does not include the footprint library 'Capacitor_SMD'
    ; warning
    @(242.57 mm, 461.645 mm): Symbol C_u18a [SYM_C_u18a]
[lib_symbol_issues]: The current configuration does not include the symbol library 'elt'
    ; warning
    @(242.57 mm, 461.645 mm): Symbol C_u18a [SYM_C_u18a]
[endpoint_off_grid]: Symbol pin or wire end off connection grid
    ; warning
    @(242.57 mm, 465.455 mm): Symbol #PWR59 Hidden pin 1 [GND, Power input, Line]
[lib_symbol_issues]: The current configuration does not include the symbol library 'elt'
    ; warning
    @(242.57 mm, 465.455 mm): Symbol #PWR59 [GND]
[footprint_link_issues]: The current configuration does not include the footprint library 'Capacitor_SMD'
    ; warning
    @(242.57 mm, 486.41 mm): Symbol C_u18b [SYM_C_u18b]
[lib_symbol_issues]: The current configuration does not include the symbol library 'elt'
    ; warning
    @(242.57 mm, 486.41 mm): Symbol C_u18b [SYM_C_u18b]
[lib_symbol_issues]: The current configuration does not include the symbol library 'elt'
    ; warning
    @(242.57 mm, 490.22 mm): Symbol #PWR60 [GND]
[footprint_link_issues]: The current configuration does not include the footprint library 'Resistor_SMD'
    ; warning
    @(243.84 mm, 304.165 mm): Symbol Rs2P [SYM_Rs2P]
[lib_symbol_issues]: The current configuration does not include the symbol library 'elt'
    ; warning
    @(243.84 mm, 304.165 mm): Symbol Rs2P [SYM_Rs2P]
[endpoint_off_grid]: Symbol pin or wire end off connection grid
    ; warning
    @(244.475 mm, 329.565 mm): Horizontal Wire, length 10.795 mm
[endpoint_off_grid]: Symbol pin or wire end off connection grid
    ; warning
    @(244.475 mm, 334.645 mm): Vertical Wire, length 5.08 mm
[endpoint_off_grid]: Symbol pin or wire end off connection grid
    ; warning
    @(247.015 mm, 41.275 mm): Horizontal Wire, length 3.81 mm
[endpoint_off_grid]: Symbol pin or wire end off connection grid
    ; warning
    @(247.015 mm, 69.215 mm): Vertical Wire, length 27.94 mm
[endpoint_off_grid]: Symbol pin or wire end off connection grid
    ; warning
    @(247.65 mm, 219.075 mm): Symbol #PWR78 Hidden pin 1 [GND, Power input, Line]
[lib_symbol_issues]: The current configuration does not include the symbol library 'elt'
    ; warning
    @(247.65 mm, 219.075 mm): Symbol #PWR78 [GND]
[endpoint_off_grid]: Symbol pin or wire end off connection grid
    ; warning
    @(247.65 mm, 221.615 mm): Symbol #PWR77 Hidden pin 1 [GND, Power input, Line]
[lib_symbol_issues]: The current configuration does not include the symbol library 'elt'
    ; warning
    @(247.65 mm, 221.615 mm): Symbol #PWR77 [GND]
[endpoint_off_grid]: Symbol pin or wire end off connection grid
    ; warning
    @(247.65 mm, 239.395 mm): Horizontal Wire, length 8.89 mm
[endpoint_off_grid]: Symbol pin or wire end off connection grid
    ; warning
    @(247.65 mm, 304.165 mm): Horizontal Wire, length 11.43 mm
[endpoint_off_grid]: Symbol pin or wire end off connection grid
    ; warning
    @(247.65 mm, 389.255 mm): Symbol #PWR103 Hidden pin 1 [GND, Power input, Line]
[lib_symbol_issues]: The current configuration does not include the symbol library 'elt'
    ; warning
    @(247.65 mm, 389.255 mm): Symbol #PWR103 [GND]
[endpoint_off_grid]: Symbol pin or wire end off connection grid
    ; warning
    @(247.65 mm, 391.795 mm): Symbol #PWR102 Hidden pin 1 [GND, Power input, Line]
[lib_symbol_issues]: The current configuration does not include the symbol library 'elt'
    ; warning
    @(247.65 mm, 391.795 mm): Symbol #PWR102 [GND]
[endpoint_off_grid]: Symbol pin or wire end off connection grid
    ; warning
    @(247.65 mm, 394.335 mm): Horizontal Wire, length 2.54 mm
[endpoint_off_grid]: Symbol pin or wire end off connection grid
    ; warning
    @(250.19 mm, 247.015 mm): Vertical Wire, length 2.54 mm
[endpoint_off_grid]: Symbol pin or wire end off connection grid
    ; warning
    @(250.19 mm, 249.555 mm): Horizontal Wire, length 30.48 mm
[endpoint_off_grid]: Symbol pin or wire end off connection grid
    ; warning
    @(250.19 mm, 394.335 mm): Vertical Wire, length 2.54 mm
[endpoint_off_grid]: Symbol pin or wire end off connection grid
    ; warning
    @(250.19 mm, 396.875 mm): Horizontal Wire, length 9.525 mm
[endpoint_off_grid]: Symbol pin or wire end off connection grid
    ; warning
    @(250.825 mm, 41.275 mm): Horizontal Wire, length 2.54 mm
[endpoint_off_grid]: Symbol pin or wire end off connection grid
    ; warning
    @(250.825 mm, 69.215 mm): Symbol R_lrck Pin 1 [Passive, Line]
[endpoint_off_grid]: Symbol pin or wire end off connection grid
    ; warning
    @(252.095 mm, 117.475 mm): Horizontal Wire, length 1.905 mm
[endpoint_off_grid]: Symbol pin or wire end off connection grid
    ; warning
    @(252.095 mm, 122.555 mm): Vertical Wire, length 5.08 mm
[endpoint_off_grid]: Symbol pin or wire end off connection grid
    ; warning
    @(252.73 mm, 147.955 mm): Symbol Dp4 Pin 1 [Passive, Line]
[endpoint_off_grid]: Symbol pin or wire end off connection grid
    ; warning
    @(253.365 mm, 41.275 mm): Symbol TP8 Pin 1 [Passive, Line]
[endpoint_off_grid]: Symbol pin or wire end off connection grid
    ; warning
    @(254.00 mm, 117.475 mm): Vertical Wire, length 23.495 mm
[endpoint_off_grid]: Symbol pin or wire end off connection grid
    ; warning
    @(254.00 mm, 122.555 mm): Horizontal Wire, length 1.905 mm
[endpoint_off_grid]: Symbol pin or wire end off connection grid
    ; warning
    @(254.00 mm, 125.095 mm): Vertical Wire, length 2.54 mm
[footprint_link_issues]: The current configuration does not include the footprint library 'Resistor_SMD'
    ; warning
    @(254.635 mm, 69.215 mm): Symbol R_lrck [SYM_R_lrck]
[lib_symbol_issues]: The current configuration does not include the symbol library 'elt'
    ; warning
    @(254.635 mm, 69.215 mm): Symbol R_lrck [SYM_R_lrck]
[endpoint_off_grid]: Symbol pin or wire end off connection grid
    ; warning
    @(255.27 mm, 311.785 mm): Horizontal Wire, length 88.90 mm
[endpoint_off_grid]: Symbol pin or wire end off connection grid
    ; warning
    @(255.27 mm, 329.565 mm): Vertical Wire, length 17.78 mm
[endpoint_off_grid]: Symbol pin or wire end off connection grid
    ; warning
    @(255.27 mm, 334.645 mm): Horizontal Wire, length 10.795 mm
[endpoint_off_grid]: Symbol pin or wire end off connection grid
    ; warning
    @(255.27 mm, 362.585 mm): Vertical Wire, length 27.94 mm
[endpoint_off_grid]: Symbol pin or wire end off connection grid
    ; warning
    @(256.54 mm, 239.395 mm): Vertical Wire, length 7.62 mm
[endpoint_off_grid]: Symbol pin or wire end off connection grid
    ; warning
    @(256.54 mm, 247.015 mm): Horizontal Wire, length 6.35 mm
[endpoint_off_grid]: Symbol pin or wire end off connection grid
    ; warning
    @(257.175 mm, 295.91 mm): Horizontal Wire, length 1.905 mm
[endpoint_off_grid]: Symbol pin or wire end off connection grid
    ; warning
    @(257.175 mm, 300.99 mm): Vertical Wire, length 5.08 mm
[endpoint_off_grid]: Symbol pin or wire end off connection grid
    ; warning
    @(259.08 mm, 300.99 mm): Horizontal Wire, length 1.905 mm
[endpoint_off_grid]: Symbol pin or wire end off connection grid
    ; warning
    @(257.81 mm, 183.515 mm): Horizontal Wire, length 86.995 mm
[endpoint_off_grid]: Symbol pin or wire end off connection grid
    ; warning
    @(257.81 mm, 183.515 mm): Symbol F4 Pin 1 [Passive, Line]
[endpoint_off_grid]: Symbol pin or wire end off connection grid
    ; warning
    @(257.81 mm, 327.025 mm): Symbol Dp2 Pin 1 [Passive, Line]
[endpoint_off_grid]: Symbol pin or wire end off connection grid
    ; warning
    @(258.445 mm, 69.215 mm): Horizontal Wire, length 0.635 mm
[endpoint_off_grid]: Symbol pin or wire end off connection grid
    ; warning
    @(259.08 mm, 69.215 mm): Horizontal Wire, length 2.54 mm
[endpoint_off_grid]: Symbol pin or wire end off connection grid
    ; warning
    @(259.08 mm, 295.91 mm): Vertical Wire, length 23.495 mm
[endpoint_off_grid]: Symbol pin or wire end off connection grid
    ; warning
    @(259.08 mm, 272.415 mm): Horizontal Wire, length 11.43 mm
[endpoint_off_grid]: Symbol pin or wire end off connection grid
    ; warning
    @(259.08 mm, 304.165 mm): Vertical Wire, length 3.175 mm
[endpoint_off_grid]: Symbol pin or wire end off connection grid
    ; warning
    @(259.715 mm, 396.875 mm): Vertical Wire, length 10.16 mm
[endpoint_off_grid]: Symbol pin or wire end off connection grid
    ; warning
    @(259.715 mm, 407.035 mm): Horizontal Wire, length 12.065 mm
[footprint_link_issues]: The current configuration does not include the footprint library 'Package_TO_SOT_SMD'
    ; warning
    @(260.35 mm, 150.495 mm): Symbol Dp4 [SYM_Dp4]
[lib_symbol_issues]: The current configuration does not include the symbol library 'elt'
    ; warning
    @(260.35 mm, 150.495 mm): Symbol Dp4 [SYM_Dp4]
[endpoint_off_grid]: Symbol pin or wire end off connection grid
    ; warning
    @(260.35 mm, 200.025 mm): Horizontal Wire, length 68.58 mm
[endpoint_off_grid]: Symbol pin or wire end off connection grid
    ; warning
    @(260.35 mm, 213.995 mm): Vertical Wire, length 13.97 mm
[endpoint_off_grid]: Symbol pin or wire end off connection grid
    ; warning
    @(260.35 mm, 239.395 mm): Horizontal Wire, length 2.54 mm
[endpoint_off_grid]: Symbol pin or wire end off connection grid
    ; warning
    @(260.35 mm, 241.935 mm): Vertical Wire, length 2.54 mm
[endpoint_off_grid]: Symbol pin or wire end off connection grid
    ; warning
    @(261.62 mm, 69.215 mm): Horizontal Wire, length 19.685 mm
[endpoint_off_grid]: Symbol pin or wire end off connection grid
    ; warning
    @(262.89 mm, 208.915 mm): Symbol U3 Pin 1 [Passive, Line]
[endpoint_off_grid]: Symbol pin or wire end off connection grid
    ; warning
    @(262.89 mm, 213.995 mm): Horizontal Wire, length 2.54 mm
[endpoint_off_grid]: Symbol pin or wire end off connection grid
    ; warning
    @(262.89 mm, 224.155 mm): Symbol #PWR87 Hidden pin 1 [GND, Power input, Line]
[lib_symbol_issues]: The current configuration does not include the symbol library 'elt'
    ; warning
    @(262.89 mm, 224.155 mm): Symbol #PWR87 [GND]
[endpoint_off_grid]: Symbol pin or wire end off connection grid
    ; warning
    @(262.89 mm, 231.775 mm): Symbol #PWR88 Hidden pin 1 [GND, Power input, Line]
[lib_symbol_issues]: The current configuration does not include the symbol library 'elt'
    ; warning
    @(262.89 mm, 231.775 mm): Symbol #PWR88 [GND]
[endpoint_off_grid]: Symbol pin or wire end off connection grid
    ; warning
    @(262.89 mm, 236.855 mm): Symbol #PWR89 Hidden pin 1 [GND, Power input, Line]
[lib_symbol_issues]: The current configuration does not include the symbol library 'elt'
    ; warning
    @(262.89 mm, 236.855 mm): Symbol #PWR89 [GND]
[endpoint_off_grid]: Symbol pin or wire end off connection grid
    ; warning
    @(262.89 mm, 241.935 mm): Horizontal Wire, length 2.54 mm
[endpoint_off_grid]: Symbol pin or wire end off connection grid
    ; warning
    @(262.89 mm, 362.585 mm): Horizontal Wire, length 7.62 mm
[endpoint_off_grid]: Symbol pin or wire end off connection grid
    ; warning
    @(262.89 mm, 362.585 mm): Symbol F2 Pin 1 [Passive, Line]
[endpoint_off_grid]: Symbol pin or wire end off connection grid
    ; warning
    @(262.89 mm, 387.985 mm): Symbol J_DBG Pin 1 [Passive, Line]
[endpoint_off_grid]: Symbol pin or wire end off connection grid
    ; warning
    @(262.89 mm, 390.525 mm): Symbol #PWR66 Hidden pin 1 [GND, Power input, Line]
[lib_symbol_issues]: The current configuration does not include the symbol library 'elt'
    ; warning
    @(262.89 mm, 390.525 mm): Symbol #PWR66 [GND]
[endpoint_off_grid]: Symbol pin or wire end off connection grid
    ; warning
    @(262.89 mm, 415.925 mm): Vertical Wire, length 24.765 mm
[endpoint_off_grid]: Symbol pin or wire end off connection grid
    ; warning
    @(262.89 mm, 464.185 mm): Horizontal Wire, length 5.08 mm
[endpoint_off_grid]: Symbol pin or wire end off connection grid
    ; warning
    @(262.89 mm, 440.69 mm): Vertical Wire, length 23.495 mm
[endpoint_off_grid]: Symbol pin or wire end off connection grid
    ; warning
    @(265.43 mm, 120.015 mm): Symbol Cc4M Pin 1 [Passive, Line]
[footprint_link_issues]: The current configuration does not include the footprint library 'Fuse'
    ; warning
    @(265.43 mm, 183.515 mm): Symbol F4 [SYM_F4]
[lib_symbol_issues]: The current configuration does not include the symbol library 'elt'
    ; warning
    @(265.43 mm, 183.515 mm): Symbol F4 [SYM_F4]
[footprint_link_issues]: The current configuration does not include the footprint library 'Package_TO_SOT_SMD'
    ; warning
    @(265.43 mm, 329.565 mm): Symbol Dp2 [SYM_Dp2]
[lib_symbol_issues]: The current configuration does not include the symbol library 'elt'
    ; warning
    @(265.43 mm, 329.565 mm): Symbol Dp2 [SYM_Dp2]
[footprint_link_issues]: The current configuration does not include the footprint library 'TestPoint'
    ; warning
    @(266.065 mm, 41.275 mm): Symbol TP8 [SYM_TP8]
[lib_symbol_issues]: The current configuration does not include the symbol library 'elt'
    ; warning
    @(266.065 mm, 41.275 mm): Symbol TP8 [SYM_TP8]
[endpoint_off_grid]: Symbol pin or wire end off connection grid
    ; warning
    @(267.97 mm, 151.765 mm): Symbol #PWR126 Hidden pin 1 [GND, Power input, Line]
[lib_symbol_issues]: The current configuration does not include the symbol library 'elt'
    ; warning
    @(267.97 mm, 151.765 mm): Symbol #PWR126 [GND]
[endpoint_off_grid]: Symbol pin or wire end off connection grid
    ; warning
    @(267.97 mm, 415.925 mm): Horizontal Wire, length 5.08 mm
[endpoint_off_grid]: Symbol pin or wire end off connection grid
    ; warning
    @(267.97 mm, 418.465 mm): Vertical Wire, length 2.54 mm
[endpoint_off_grid]: Symbol pin or wire end off connection grid
    ; warning
    @(267.97 mm, 419.735 mm): Symbol Cout_U9 Pin 1 [Passive, Line]
[endpoint_off_grid]: Symbol pin or wire end off connection grid
    ; warning
    @(267.97 mm, 419.735 mm): Vertical Wire, length 1.27 mm
[footprint_link_issues]: The current configuration does not include the footprint library 'Capacitor_SMD'
    ; warning
    @(267.97 mm, 423.545 mm): Symbol Cout_U9 [SYM_Cout_U9]
[lib_symbol_issues]: The current configuration does not include the symbol library 'elt'
    ; warning
    @(267.97 mm, 423.545 mm): Symbol Cout_U9 [SYM_Cout_U9]
[endpoint_off_grid]: Symbol pin or wire end off connection grid
    ; warning
    @(267.97 mm, 427.355 mm): Symbol #PWR22 Hidden pin 1 [GND, Power input, Line]
[lib_symbol_issues]: The current configuration does not include the symbol library 'elt'
    ; warning
    @(267.97 mm, 427.355 mm): Symbol #PWR22 [GND]
[footprint_link_issues]: The current configuration does not include the footprint library 'Capacitor_SMD'
    ; warning
    @(267.97 mm, 448.31 mm): Symbol C_e1 [SYM_C_e1]
[lib_symbol_issues]: The current configuration does not include the symbol library 'elt'
    ; warning
    @(267.97 mm, 448.31 mm): Symbol C_e1 [SYM_C_e1]
[lib_symbol_issues]: The current configuration does not include the symbol library 'elt'
    ; warning
    @(267.97 mm, 452.12 mm): Symbol #PWR50 [GND]
[endpoint_off_grid]: Symbol pin or wire end off connection grid
    ; warning
    @(267.97 mm, 464.185 mm): Vertical Wire, length 2.54 mm
[endpoint_off_grid]: Symbol pin or wire end off connection grid
    ; warning
    @(267.97 mm, 466.725 mm): Vertical Wire, length 1.27 mm
[endpoint_off_grid]: Symbol pin or wire end off connection grid
    ; warning
    @(267.97 mm, 467.995 mm): Symbol C_b1v8 Pin 1 [Passive, Line]
[footprint_link_issues]: The current configuration does not include the footprint library 'Capacitor_SMD'
    ; warning
    @(267.97 mm, 471.805 mm): Symbol C_b1v8 [SYM_C_b1v8]
[lib_symbol_issues]: The current configuration does not include the symbol library 'elt'
    ; warning
    @(267.97 mm, 471.805 mm): Symbol C_b1v8 [SYM_C_b1v8]
[endpoint_off_grid]: Symbol pin or wire end off connection grid
    ; warning
    @(267.97 mm, 475.615 mm): Symbol #PWR54 Hidden pin 1 [GND, Power input, Line]
[lib_symbol_issues]: The current configuration does not include the symbol library 'elt'
    ; warning
    @(267.97 mm, 475.615 mm): Symbol #PWR54 [GND]
[footprint_link_issues]: The current configuration does not include the footprint library 'Capacitor_SMD'
    ; warning
    @(269.24 mm, 93.98 mm): Symbol Cd4 [SYM_Cd4]
[lib_symbol_issues]: The current configuration does not include the symbol library 'elt'
    ; warning
    @(269.24 mm, 93.98 mm): Symbol Cd4 [SYM_Cd4]
[footprint_link_issues]: The current configuration does not include the footprint library 'Capacitor_SMD'
    ; warning
    @(269.24 mm, 120.015 mm): Symbol Cc4M [SYM_Cc4M]
[lib_symbol_issues]: The current configuration does not include the symbol library 'elt'
    ; warning
    @(269.24 mm, 120.015 mm): Symbol Cc4M [SYM_Cc4M]
[endpoint_off_grid]: Symbol pin or wire end off connection grid
    ; warning
    @(270.51 mm, 149.225 mm): Horizontal Wire, length 2.54 mm
[footprint_link_issues]: The current configuration does not include the footprint library 'crow_recorder_central_v2'
    ; warning
    @(270.51 mm, 226.695 mm): Symbol U3 [SYM_U3]
[lib_symbol_issues]: The current configuration does not include the symbol library 'elt'
    ; warning
    @(270.51 mm, 226.695 mm): Symbol U3 [SYM_U3]
[endpoint_off_grid]: Symbol pin or wire end off connection grid
    ; warning
    @(270.51 mm, 272.415 mm): Symbol Cd2 Pin 1 [Passive, Line]
[footprint_link_issues]: The current configuration does not include the footprint library 'Fuse'
    ; warning
    @(270.51 mm, 362.585 mm): Symbol F2 [SYM_F2]
[lib_symbol_issues]: The current configuration does not include the symbol library 'elt'
    ; warning
    @(270.51 mm, 362.585 mm): Symbol F2 [SYM_F2]
[footprint_link_issues]: The current configuration does not include the footprint library 'Connector_PinHeader_2.54mm'
    ; warning
    @(270.51 mm, 391.795 mm): Symbol J_DBG [SYM_J_DBG]
[lib_symbol_issues]: The current configuration does not include the symbol library 'elt'
    ; warning
    @(270.51 mm, 391.795 mm): Symbol J_DBG [SYM_J_DBG]
[endpoint_off_grid]: Symbol pin or wire end off connection grid
    ; warning
    @(273.05 mm, 120.015 mm): Horizontal Wire, length 15.24 mm
[endpoint_off_grid]: Symbol pin or wire end off connection grid
    ; warning
    @(273.05 mm, 330.835 mm): Symbol #PWR118 Hidden pin 1 [GND, Power input, Line]
[lib_symbol_issues]: The current configuration does not include the symbol library 'elt'
    ; warning
    @(273.05 mm, 330.835 mm): Symbol #PWR118 [GND]
[footprint_link_issues]: The current configuration does not include the footprint library 'Capacitor_SMD'
    ; warning
    @(274.32 mm, 272.415 mm): Symbol Cd2 [SYM_Cd2]
[lib_symbol_issues]: The current configuration does not include the symbol library 'elt'
    ; warning
    @(274.32 mm, 272.415 mm): Symbol Cd2 [SYM_Cd2]
[footprint_link_issues]: The current configuration does not include the footprint library 'Capacitor_SMD'
    ; warning
    @(274.32 mm, 298.45 mm): Symbol Cc2M [SYM_Cc2M]
[lib_symbol_issues]: The current configuration does not include the symbol library 'elt'
    ; warning
    @(274.32 mm, 298.45 mm): Symbol Cc2M [SYM_Cc2M]
[endpoint_off_grid]: Symbol pin or wire end off connection grid
    ; warning
    @(275.59 mm, 149.225 mm): Horizontal Wire, length 5.08 mm
[endpoint_off_grid]: Symbol pin or wire end off connection grid
    ; warning
    @(275.59 mm, 149.86 mm): Vertical Wire, length 0.635 mm
[endpoint_off_grid]: Symbol pin or wire end off connection grid
    ; warning
    @(275.59 mm, 328.295 mm): Horizontal Wire, length 2.54 mm
[footprint_link_issues]: The current configuration does not include the footprint library 'TestPoint'
    ; warning
    @(275.59 mm, 499.11 mm): Symbol TP4 [SYM_TP4]
[lib_symbol_issues]: The current configuration does not include the symbol library 'elt'
    ; warning
    @(275.59 mm, 499.11 mm): Symbol TP4 [SYM_TP4]
[endpoint_off_grid]: Symbol pin or wire end off connection grid
    ; warning
    @(278.13 mm, 219.075 mm): Symbol #PWR90 Hidden pin 1 [GND, Power input, Line]
[lib_symbol_issues]: The current configuration does not include the symbol library 'elt'
    ; warning
    @(278.13 mm, 219.075 mm): Symbol #PWR90 [GND]
[endpoint_off_grid]: Symbol pin or wire end off connection grid
    ; warning
    @(278.13 mm, 387.985 mm): Symbol #PWR67 Hidden pin 1 [GND, Power input, Line]
[lib_symbol_issues]: The current configuration does not include the symbol library 'elt'
    ; warning
    @(278.13 mm, 387.985 mm): Symbol #PWR67 [GND]
[multiple_net_names]: Both AUDIO4M and P5VA_4 are attached to the same items; AUDIO4M will be used in the netlist
    ; warning
    @(280.67 mm, 149.86 mm): Global Label 'AUDIO4M'
    @(280.67 mm, 162.56 mm): Global Label 'P5VA_4'
[endpoint_off_grid]: Symbol pin or wire end off connection grid
    ; warning
    @(280.67 mm, 247.015 mm): Horizontal Wire, length 6.35 mm
[endpoint_off_grid]: Symbol pin or wire end off connection grid
    ; warning
    @(280.67 mm, 249.555 mm): Vertical Wire, length 2.54 mm
[endpoint_off_grid]: Symbol pin or wire end off connection grid
    ; warning
    @(280.67 mm, 328.295 mm): Horizontal Wire, length 5.08 mm
[endpoint_off_grid]: Symbol pin or wire end off connection grid
    ; warning
    @(281.305 mm, 27.94 mm): Horizontal Wire, length 5.08 mm
[endpoint_off_grid]: Symbol pin or wire end off connection grid
    ; warning
    @(281.305 mm, 69.215 mm): Vertical Wire, length 41.275 mm
[lib_symbol_issues]: The current configuration does not include the symbol library 'elt'
    ; warning
    @(283.21 mm, 157.48 mm): Symbol #PWR123 [GND]
[endpoint_off_grid]: Symbol pin or wire end off connection grid
    ; warning
    @(285.75 mm, 328.295 mm): Horizontal Wire, length 5.08 mm
[endpoint_off_grid]: Symbol pin or wire end off connection grid
    ; warning
    @(285.75 mm, 333.375 mm): Horizontal Wire, length 2.54 mm
[endpoint_off_grid]: Symbol pin or wire end off connection grid
    ; warning
    @(285.75 mm, 340.995 mm): Vertical Wire, length 7.62 mm
[endpoint_off_grid]: Symbol pin or wire end off connection grid
    ; warning
    @(286.385 mm, 27.94 mm): Horizontal Wire, length 2.54 mm
[endpoint_off_grid]: Symbol pin or wire end off connection grid
    ; warning
    @(287.02 mm, 239.395 mm): Horizontal Wire, length 8.89 mm
[endpoint_off_grid]: Symbol pin or wire end off connection grid
    ; warning
    @(287.02 mm, 247.015 mm): Vertical Wire, length 7.62 mm
[endpoint_off_grid]: Symbol pin or wire end off connection grid
    ; warning
    @(288.29 mm, 120.015 mm): Symbol Rs4M Pin 1 [Passive, Line]
[endpoint_off_grid]: Symbol pin or wire end off connection grid
    ; warning
    @(288.29 mm, 325.755 mm): Symbol J4 Pin 1 [Passive, Line]
[endpoint_off_grid]: Symbol pin or wire end off connection grid
    ; warning
    @(288.29 mm, 328.295 mm): Horizontal Wire, length 2.54 mm
[endpoint_off_grid]: Symbol pin or wire end off connection grid
    ; warning
    @(288.29 mm, 335.915 mm): Symbol #PWR115 Hidden pin 1 [GND, Power input, Line]
[lib_symbol_issues]: The current configuration does not include the symbol library 'elt'
    ; warning
    @(288.29 mm, 335.915 mm): Symbol #PWR115 [GND]
[endpoint_off_grid]: Symbol pin or wire end off connection grid
    ; warning
    @(288.29 mm, 340.995 mm): Horizontal Wire, length 2.54 mm
[endpoint_off_grid]: Symbol pin or wire end off connection grid
    ; warning
    @(288.925 mm, 27.94 mm): Symbol TP9 Pin 1 [Passive, Line]
[endpoint_off_grid]: Symbol pin or wire end off connection grid
    ; warning
    @(288.925 mm, 415.925 mm): Symbol FB_BEEP Pin 1 [Passive, Line]
[footprint_link_issues]: The current configuration does not include the footprint library 'Capacitor_SMD'
    ; warning
    @(290.83 mm, 68.58 mm): Symbol C_ldo3 [SYM_C_ldo3]
[lib_symbol_issues]: The current configuration does not include the symbol library 'elt'
    ; warning
    @(290.83 mm, 68.58 mm): Symbol C_ldo3 [SYM_C_ldo3]
[lib_symbol_issues]: The current configuration does not include the symbol library 'elt'
    ; warning
    @(290.83 mm, 72.39 mm): Symbol #PWR95 [GND]
[footprint_link_issues]: The current configuration does not include the footprint library 'Connector_RJ'
    ; warning
    @(290.83 mm, 154.94 mm): Symbol J6 [SYM_J6]
[lib_symbol_issues]: The current configuration does not include the symbol library 'elt'
    ; warning
    @(290.83 mm, 154.94 mm): Symbol J6 [SYM_J6]
[footprint_link_issues]: The current configuration does not include the footprint library 'Resistor_SMD'
    ; warning
    @(292.10 mm, 120.015 mm): Symbol Rs4M [SYM_Rs4M]
[lib_symbol_issues]: The current configuration does not include the symbol library 'elt'
    ; warning
    @(292.10 mm, 120.015 mm): Symbol Rs4M [SYM_Rs4M]
[endpoint_off_grid]: Symbol pin or wire end off connection grid
    ; warning
    @(304.80 mm, 426.72 mm): Horizontal Wire, length 10.795 mm
[endpoint_off_grid]: Symbol pin or wire end off connection grid
    ; warning
    @(294.005 mm, 426.72 mm): Vertical Wire, length 10.16 mm
[endpoint_off_grid]: Symbol pin or wire end off connection grid
    ; warning
    @(294.005 mm, 436.88 mm): Vertical Wire, length 0.635 mm
[endpoint_off_grid]: Symbol pin or wire end off connection grid
    ; warning
    @(294.005 mm, 437.515 mm): Symbol C_BEEP Pin 1 [Passive, Line]
[footprint_link_issues]: The current configuration does not include the footprint library 'Capacitor_SMD'
    ; warning
    @(294.005 mm, 441.325 mm): Symbol C_BEEP [SYM_C_BEEP]
[lib_symbol_issues]: The current configuration does not include the symbol library 'elt'
    ; warning
    @(294.005 mm, 441.325 mm): Symbol C_BEEP [SYM_C_BEEP]
[endpoint_off_grid]: Symbol pin or wire end off connection grid
    ; warning
    @(294.005 mm, 445.135 mm): Symbol #PWR27 Hidden pin 1 [GND, Power input, Line]
[lib_symbol_issues]: The current configuration does not include the symbol library 'elt'
    ; warning
    @(294.005 mm, 445.135 mm): Symbol #PWR27 [GND]
[endpoint_off_grid]: Symbol pin or wire end off connection grid
    ; warning
    @(294.005 mm, 461.645 mm): Symbol C_e2 Pin 1 [Passive, Line]
[footprint_link_issues]: The current configuration does not include the footprint library 'Capacitor_SMD'
    ; warning
    @(294.005 mm, 465.455 mm): Symbol C_e2 [SYM_C_e2]
[lib_symbol_issues]: The current configuration does not include the symbol library 'elt'
    ; warning
    @(294.005 mm, 465.455 mm): Symbol C_e2 [SYM_C_e2]
[endpoint_off_grid]: Symbol pin or wire end off connection grid
    ; warning
    @(294.005 mm, 469.265 mm): Symbol #PWR51 Hidden pin 1 [GND, Power input, Line]
[lib_symbol_issues]: The current configuration does not include the symbol library 'elt'
    ; warning
    @(294.005 mm, 469.265 mm): Symbol #PWR51 [GND]
[footprint_link_issues]: The current configuration does not include the footprint library 'Capacitor_SMD'
    ; warning
    @(295.275 mm, 415.925 mm): Symbol FB_BEEP [SYM_FB_BEEP]
[lib_symbol_issues]: The current configuration does not include the symbol library 'elt'
    ; warning
    @(295.275 mm, 415.925 mm): Symbol FB_BEEP [SYM_FB_BEEP]
[endpoint_off_grid]: Symbol pin or wire end off connection grid
    ; warning
    @(295.91 mm, 120.015 mm): Horizontal Wire, length 2.54 mm
[footprint_link_issues]: The current configuration does not include the footprint library 'Connector_RJ'
    ; warning
    @(295.91 mm, 333.375 mm): Symbol J4 [SYM_J4]
[lib_symbol_issues]: The current configuration does not include the symbol library 'elt'
    ; warning
    @(295.91 mm, 333.375 mm): Symbol J4 [SYM_J4]
[footprint_link_issues]: The current configuration does not include the footprint library 'Resistor_SMD'
    ; warning
    @(297.18 mm, 298.45 mm): Symbol Rs2M [SYM_Rs2M]
[lib_symbol_issues]: The current configuration does not include the symbol library 'elt'
    ; warning
    @(297.18 mm, 298.45 mm): Symbol Rs2M [SYM_Rs2M]
[endpoint_off_grid]: Symbol pin or wire end off connection grid
    ; warning
    @(298.45 mm, 120.015 mm): Vertical Wire, length 26.035 mm
[lib_symbol_issues]: The current configuration does not include the symbol library 'elt'
    ; warning
    @(298.45 mm, 148.59 mm): Symbol #PWR125 [GND]
[lib_symbol_issues]: The current configuration does not include the symbol library 'elt'
    ; warning
    @(298.45 mm, 161.29 mm): Symbol #PWR124 [GND]
[footprint_link_issues]: The current configuration does not include the footprint library 'TestPoint'
    ; warning
    @(301.625 mm, 27.94 mm): Symbol TP9 [SYM_TP9]
[lib_symbol_issues]: The current configuration does not include the symbol library 'elt'
    ; warning
    @(301.625 mm, 27.94 mm): Symbol TP9 [SYM_TP9]
[endpoint_off_grid]: Symbol pin or wire end off connection grid
    ; warning
    @(302.26 mm, 415.925 mm): Horizontal Wire, length 2.54 mm
[endpoint_off_grid]: Symbol pin or wire end off connection grid
    ; warning
    @(303.53 mm, 298.45 mm): Vertical Wire, length 26.035 mm
[endpoint_off_grid]: Symbol pin or wire end off connection grid
    ; warning
    @(303.53 mm, 272.415 mm): Horizontal Wire, length 25.40 mm
[endpoint_off_grid]: Symbol pin or wire end off connection grid
    ; warning
    @(303.53 mm, 327.025 mm): Symbol #PWR117 Hidden pin 1 [GND, Power input, Line]
[lib_symbol_issues]: The current configuration does not include the symbol library 'elt'
    ; warning
    @(303.53 mm, 327.025 mm): Symbol #PWR117 [GND]
[endpoint_off_grid]: Symbol pin or wire end off connection grid
    ; warning
    @(303.53 mm, 339.725 mm): Symbol #PWR116 Hidden pin 1 [GND, Power input, Line]
[lib_symbol_issues]: The current configuration does not include the symbol library 'elt'
    ; warning
    @(303.53 mm, 339.725 mm): Symbol #PWR116 [GND]
[endpoint_off_grid]: Symbol pin or wire end off connection grid
    ; warning
    @(304.80 mm, 415.925 mm): Vertical Wire, length 10.795 mm
[endpoint_off_grid]: Symbol pin or wire end off connection grid
    ; warning
    @(311.15 mm, 84.455 mm): Symbol R_bg1 Pin 1 [Passive, Line]
[endpoint_off_grid]: Symbol pin or wire end off connection grid
    ; warning
    @(313.69 mm, 165.735 mm): Symbol Cc5P Pin 1 [Passive, Line]
[footprint_link_issues]: The current configuration does not include the footprint library 'Resistor_SMD'
    ; warning
    @(314.96 mm, 84.455 mm): Symbol R_bg1 [SYM_R_bg1]
[lib_symbol_issues]: The current configuration does not include the symbol library 'elt'
    ; warning
    @(314.96 mm, 84.455 mm): Symbol R_bg1 [SYM_R_bg1]
[footprint_link_issues]: The current configuration does not include the footprint library 'Capacitor_SMD'
    ; warning
    @(316.23 mm, 55.88 mm): Symbol C_micb3 [SYM_C_micb3]
[lib_symbol_issues]: The current configuration does not include the symbol library 'elt'
    ; warning
    @(316.23 mm, 55.88 mm): Symbol C_micb3 [SYM_C_micb3]
[lib_symbol_issues]: The current configuration does not include the symbol library 'elt'
    ; warning
    @(316.23 mm, 59.69 mm): Symbol #PWR98 [GND]
[endpoint_off_grid]: Symbol pin or wire end off connection grid
    ; warning
    @(316.23 mm, 153.035 mm): Vertical Wire, length 12.065 mm
[endpoint_off_grid]: Symbol pin or wire end off connection grid
    ; warning
    @(316.23 mm, 278.765 mm): Symbol Cc3P Pin 1 [Passive, Line]
[footprint_link_issues]: The current configuration does not include the footprint library 'Capacitor_SMD'
    ; warning
    @(317.50 mm, 165.735 mm): Symbol Cc5P [SYM_Cc5P]
[lib_symbol_issues]: The current configuration does not include the symbol library 'elt'
    ; warning
    @(317.50 mm, 165.735 mm): Symbol Cc5P [SYM_Cc5P]
[endpoint_off_grid]: Symbol pin or wire end off connection grid
    ; warning
    @(318.77 mm, 84.455 mm): Horizontal Wire, length 8.255 mm
[endpoint_off_grid]: Symbol pin or wire end off connection grid
    ; warning
    @(318.77 mm, 253.365 mm): Horizontal Wire, length 2.54 mm
[endpoint_off_grid]: Symbol pin or wire end off connection grid
    ; warning
    @(318.77 mm, 266.065 mm): Vertical Wire, length 12.70 mm
[footprint_link_issues]: The current configuration does not include the footprint library 'Resistor_SMD'
    ; warning
    @(318.77 mm, 447.04 mm): Symbol R_rst [SYM_R_rst]
[lib_symbol_issues]: The current configuration does not include the symbol library 'elt'
    ; warning
    @(318.77 mm, 447.04 mm): Symbol R_rst [SYM_R_rst]
[footprint_link_issues]: The current configuration does not include the footprint library 'Capacitor_SMD'
    ; warning
    @(320.04 mm, 278.765 mm): Symbol Cc3P [SYM_Cc3P]
[lib_symbol_issues]: The current configuration does not include the symbol library 'elt'
    ; warning
    @(320.04 mm, 278.765 mm): Symbol Cc3P [SYM_Cc3P]
[endpoint_off_grid]: Symbol pin or wire end off connection grid
    ; warning
    @(320.04 mm, 455.93 mm): Vertical Wire, length 9.525 mm
[endpoint_off_grid]: Symbol pin or wire end off connection grid
    ; warning
    @(320.04 mm, 465.455 mm): Vertical Wire, length 1.27 mm
[endpoint_off_grid]: Symbol pin or wire end off connection grid
    ; warning
    @(320.04 mm, 466.725 mm): Symbol C_rst Pin 1 [Passive, Line]
[footprint_link_issues]: The current configuration does not include the footprint library 'Capacitor_SMD'
    ; warning
    @(320.04 mm, 470.535 mm): Symbol C_rst [SYM_C_rst]
[lib_symbol_issues]: The current configuration does not include the symbol library 'elt'
    ; warning
    @(320.04 mm, 470.535 mm): Symbol C_rst [SYM_C_rst]
[endpoint_off_grid]: Symbol pin or wire end off connection grid
    ; warning
    @(320.04 mm, 474.345 mm): Symbol #PWR61 Hidden pin 1 [GND, Power input, Line]
[lib_symbol_issues]: The current configuration does not include the symbol library 'elt'
    ; warning
    @(320.04 mm, 474.345 mm): Symbol #PWR61 [GND]
[endpoint_off_grid]: Symbol pin or wire end off connection grid
    ; warning
    @(321.31 mm, 165.735 mm): Horizontal Wire, length 2.54 mm
[endpoint_off_grid]: Symbol pin or wire end off connection grid
    ; warning
    @(321.31 mm, 253.365 mm): Symbol Rs3P Pin 1 [Passive, Line]
[endpoint_off_grid]: Symbol pin or wire end off connection grid
    ; warning
    @(321.31 mm, 366.395 mm): Horizontal Wire, length 2.54 mm
[endpoint_off_grid]: Symbol pin or wire end off connection grid
    ; warning
    @(321.31 mm, 379.095 mm): Vertical Wire, length 12.70 mm
[footprint_link_issues]: The current configuration does not include the footprint library 'Resistor_SMD'
    ; warning
    @(322.58 mm, 140.97 mm): Symbol Rs5P [SYM_Rs5P]
[lib_symbol_issues]: The current configuration does not include the symbol library 'elt'
    ; warning
    @(322.58 mm, 140.97 mm): Symbol Rs5P [SYM_Rs5P]
[footprint_link_issues]: The current configuration does not include the footprint library 'Capacitor_SMD'
    ; warning
    @(322.58 mm, 391.16 mm): Symbol Cc8P [SYM_Cc8P]
[lib_symbol_issues]: The current configuration does not include the symbol library 'elt'
    ; warning
    @(322.58 mm, 391.16 mm): Symbol Cc8P [SYM_Cc8P]
[endpoint_off_grid]: Symbol pin or wire end off connection grid
    ; warning
    @(323.215 mm, 166.37 mm): Horizontal Wire, length 5.715 mm
[endpoint_off_grid]: Symbol pin or wire end off connection grid
    ; warning
    @(328.93 mm, 171.45 mm): Horizontal Wire, length 5.715 mm
[endpoint_off_grid]: Symbol pin or wire end off connection grid
    ; warning
    @(323.215 mm, 171.45 mm): Vertical Wire, length 5.08 mm
[endpoint_off_grid]: Symbol pin or wire end off connection grid
    ; warning
    @(323.85 mm, 153.035 mm): Horizontal Wire, length 7.62 mm
[endpoint_off_grid]: Symbol pin or wire end off connection grid
    ; warning
    @(323.85 mm, 165.735 mm): Vertical Wire, length 12.70 mm
[endpoint_off_grid]: Symbol pin or wire end off connection grid
    ; warning
    @(323.85 mm, 278.765 mm): Horizontal Wire, length 2.54 mm
[endpoint_off_grid]: Symbol pin or wire end off connection grid
    ; warning
    @(323.85 mm, 366.395 mm): Symbol Rs8P Pin 1 [Passive, Line]
[footprint_link_issues]: The current configuration does not include the footprint library 'Resistor_SMD'
    ; warning
    @(325.12 mm, 253.365 mm): Symbol Rs3P [SYM_Rs3P]
[lib_symbol_issues]: The current configuration does not include the symbol library 'elt'
    ; warning
    @(325.12 mm, 253.365 mm): Symbol Rs3P [SYM_Rs3P]
[endpoint_off_grid]: Symbol pin or wire end off connection grid
    ; warning
    @(326.39 mm, 266.065 mm): Horizontal Wire, length 7.62 mm
[endpoint_off_grid]: Symbol pin or wire end off connection grid
    ; warning
    @(326.39 mm, 278.765 mm): Vertical Wire, length 12.70 mm
[endpoint_off_grid]: Symbol pin or wire end off connection grid
    ; warning
    @(327.025 mm, 84.455 mm): Vertical Wire, length 35.56 mm
[endpoint_off_grid]: Symbol pin or wire end off connection grid
    ; warning
    @(327.025 mm, 120.015 mm): Horizontal Wire, length 73.66 mm
[footprint_link_issues]: The current configuration does not include the footprint library 'Resistor_SMD'
    ; warning
    @(327.66 mm, 366.395 mm): Symbol Rs8P [SYM_Rs8P]
[lib_symbol_issues]: The current configuration does not include the symbol library 'elt'
    ; warning
    @(327.66 mm, 366.395 mm): Symbol Rs8P [SYM_Rs8P]
[endpoint_off_grid]: Symbol pin or wire end off connection grid
    ; warning
    @(328.93 mm, 200.025 mm): Vertical Wire, length 28.575 mm
[endpoint_off_grid]: Symbol pin or wire end off connection grid
    ; warning
    @(328.93 mm, 391.16 mm): Vertical Wire, length 12.065 mm
[endpoint_off_grid]: Symbol pin or wire end off connection grid
    ; warning
    @(328.93 mm, 379.095 mm): Horizontal Wire, length 7.62 mm
[endpoint_off_grid]: Symbol pin or wire end off connection grid
    ; warning
    @(331.47 mm, 366.395 mm): Horizontal Wire, length 11.43 mm
[endpoint_off_grid]: Symbol pin or wire end off connection grid
    ; warning
    @(335.28 mm, 440.055 mm): Vertical Wire, length 6.985 mm
[endpoint_off_grid]: Symbol pin or wire end off connection grid
    ; warning
    @(335.28 mm, 447.04 mm): Horizontal Wire, length 3.175 mm
[endpoint_off_grid]: Symbol pin or wire end off connection grid
    ; warning
    @(338.455 mm, 447.04 mm): Symbol R_inj1 Pin 1 [Passive, Line]
[endpoint_off_grid]: Symbol pin or wire end off connection grid
    ; warning
    @(339.09 mm, 240.665 mm): Horizontal Wire, length 59.055 mm
[endpoint_off_grid]: Symbol pin or wire end off connection grid
    ; warning
    @(339.09 mm, 199.39 mm): Vertical Wire, length 41.275 mm
[endpoint_off_grid]: Symbol pin or wire end off connection grid
    ; warning
    @(339.09 mm, 276.225 mm): Symbol Dp3 Pin 1 [Passive, Line]
[endpoint_off_grid]: Symbol pin or wire end off connection grid
    ; warning
    @(339.725 mm, 75.565 mm): Vertical Wire, length 2.54 mm
[endpoint_off_grid]: Symbol pin or wire end off connection grid
    ; warning
    @(339.725 mm, 78.105 mm): Vertical Wire, length 0.635 mm
[endpoint_off_grid]: Symbol pin or wire end off connection grid
    ; warning
    @(339.725 mm, 78.74 mm): Symbol C_vref3a Pin 1 [Passive, Line]
[footprint_link_issues]: The current configuration does not include the footprint library 'Capacitor_SMD'
    ; warning
    @(339.725 mm, 82.55 mm): Symbol C_vref3a [SYM_C_vref3a]
[lib_symbol_issues]: The current configuration does not include the symbol library 'elt'
    ; warning
    @(339.725 mm, 82.55 mm): Symbol C_vref3a [SYM_C_vref3a]
[endpoint_off_grid]: Symbol pin or wire end off connection grid
    ; warning
    @(339.725 mm, 86.36 mm): Symbol #PWR96 Hidden pin 1 [GND, Power input, Line]
[lib_symbol_issues]: The current configuration does not include the symbol library 'elt'
    ; warning
    @(339.725 mm, 86.36 mm): Symbol #PWR96 [GND]
[endpoint_off_grid]: Symbol pin or wire end off connection grid
    ; warning
    @(340.36 mm, 474.345 mm): Symbol TP12 Pin 1 [Passive, Line]
[endpoint_off_grid]: Symbol pin or wire end off connection grid
    ; warning
    @(340.995 mm, 358.14 mm): Horizontal Wire, length 1.905 mm
[endpoint_off_grid]: Symbol pin or wire end off connection grid
    ; warning
    @(342.90 mm, 363.22 mm): Horizontal Wire, length 1.905 mm
[endpoint_off_grid]: Symbol pin or wire end off connection grid
    ; warning
    @(340.995 mm, 363.22 mm): Vertical Wire, length 5.08 mm
[endpoint_off_grid]: Symbol pin or wire end off connection grid
    ; warning
    @(341.63 mm, 389.255 mm): Symbol Dp8 Pin 1 [Passive, Line]
[footprint_link_issues]: The current configuration does not include the footprint library 'Resistor_SMD'
    ; warning
    @(342.265 mm, 447.04 mm): Symbol R_inj1 [SYM_R_inj1]
[lib_symbol_issues]: The current configuration does not include the symbol library 'elt'
    ; warning
    @(342.265 mm, 447.04 mm): Symbol R_inj1 [SYM_R_inj1]
[endpoint_off_grid]: Symbol pin or wire end off connection grid
    ; warning
    @(342.90 mm, 366.395 mm): Vertical Wire, length 3.175 mm
[footprint_link_issues]: The current configuration does not include the footprint library 'Package_TO_SOT_SMD'
    ; warning
    @(344.17 mm, 166.37 mm): Symbol Dp5 [SYM_Dp5]
[lib_symbol_issues]: The current configuration does not include the symbol library 'elt'
    ; warning
    @(344.17 mm, 166.37 mm): Symbol Dp5 [SYM_Dp5]
[endpoint_off_grid]: Symbol pin or wire end off connection grid
    ; warning
    @(344.17 mm, 311.785 mm): Symbol F3 Pin 1 [Passive, Line]
[footprint_link_issues]: The current configuration does not include the footprint library 'Package_TO_SOT_SMD'
    ; warning
    @(346.71 mm, 278.765 mm): Symbol Dp3 [SYM_Dp3]
[lib_symbol_issues]: The current configuration does not include the symbol library 'elt'
    ; warning
    @(346.71 mm, 278.765 mm): Symbol Dp3 [SYM_Dp3]
[endpoint_off_grid]: Symbol pin or wire end off connection grid
    ; warning
    @(346.71 mm, 424.815 mm): Symbol F8 Pin 1 [Passive, Line]
[endpoint_off_grid]: Symbol pin or wire end off connection grid
    ; warning
    @(349.25 mm, 135.255 mm): Symbol Cc5M Pin 1 [Passive, Line]
[footprint_link_issues]: The current configuration does not include the footprint library 'Fuse'
    ; warning
    @(349.25 mm, 199.39 mm): Symbol F5 [SYM_F5]
[lib_symbol_issues]: The current configuration does not include the symbol library 'elt'
    ; warning
    @(349.25 mm, 199.39 mm): Symbol F5 [SYM_F5]
[footprint_link_issues]: The current configuration does not include the footprint library 'Package_TO_SOT_SMD'
    ; warning
    @(349.25 mm, 391.795 mm): Symbol Dp8 [SYM_Dp8]
[lib_symbol_issues]: The current configuration does not include the symbol library 'elt'
    ; warning
    @(349.25 mm, 391.795 mm): Symbol Dp8 [SYM_Dp8]
[lib_symbol_issues]: The current configuration does not include the symbol library 'elt'
    ; warning
    @(351.79 mm, 167.64 mm): Symbol #PWR130 [GND]
[endpoint_off_grid]: Symbol pin or wire end off connection grid
    ; warning
    @(351.79 mm, 248.285 mm): Symbol Cc3M Pin 1 [Passive, Line]
[footprint_link_issues]: The current configuration does not include the footprint library 'Fuse'
    ; warning
    @(351.79 mm, 311.785 mm): Symbol F3 [SYM_F3]
[lib_symbol_issues]: The current configuration does not include the symbol library 'elt'
    ; warning
    @(351.79 mm, 311.785 mm): Symbol F3 [SYM_F3]
[footprint_link_issues]: The current configuration does not include the footprint library 'Capacitor_SMD'
    ; warning
    @(353.06 mm, 109.22 mm): Symbol Cd5 [SYM_Cd5]
[lib_symbol_issues]: The current configuration does not include the symbol library 'elt'
    ; warning
    @(353.06 mm, 109.22 mm): Symbol Cd5 [SYM_Cd5]
[footprint_link_issues]: The current configuration does not include the footprint library 'Capacitor_SMD'
    ; warning
    @(353.06 mm, 135.255 mm): Symbol Cc5M [SYM_Cc5M]
[lib_symbol_issues]: The current configuration does not include the symbol library 'elt'
    ; warning
    @(353.06 mm, 135.255 mm): Symbol Cc5M [SYM_Cc5M]
[footprint_link_issues]: The current configuration does not include the footprint library 'TestPoint'
    ; warning
    @(353.06 mm, 474.345 mm): Symbol TP12 [SYM_TP12]
[lib_symbol_issues]: The current configuration does not include the symbol library 'elt'
    ; warning
    @(353.06 mm, 474.345 mm): Symbol TP12 [SYM_TP12]
[endpoint_off_grid]: Symbol pin or wire end off connection grid
    ; warning
    @(354.33 mm, 280.035 mm): Symbol #PWR122 Hidden pin 1 [GND, Power input, Line]
[lib_symbol_issues]: The current configuration does not include the symbol library 'elt'
    ; warning
    @(354.33 mm, 280.035 mm): Symbol #PWR122 [GND]
[footprint_link_issues]: The current configuration does not include the footprint library 'Fuse'
    ; warning
    @(354.33 mm, 424.815 mm): Symbol F8 [SYM_F8]
[lib_symbol_issues]: The current configuration does not include the symbol library 'elt'
    ; warning
    @(354.33 mm, 424.815 mm): Symbol F8 [SYM_F8]
[footprint_link_issues]: The current configuration does not include the footprint library 'Capacitor_SMD'
    ; warning
    @(355.60 mm, 222.25 mm): Symbol Cd3 [SYM_Cd3]
[lib_symbol_issues]: The current configuration does not include the symbol library 'elt'
    ; warning
    @(355.60 mm, 222.25 mm): Symbol Cd3 [SYM_Cd3]
[footprint_link_issues]: The current configuration does not include the footprint library 'Capacitor_SMD'
    ; warning
    @(355.60 mm, 248.285 mm): Symbol Cc3M [SYM_Cc3M]
[lib_symbol_issues]: The current configuration does not include the symbol library 'elt'
    ; warning
    @(355.60 mm, 248.285 mm): Symbol Cc3M [SYM_Cc3M]
[endpoint_off_grid]: Symbol pin or wire end off connection grid
    ; warning
    @(356.87 mm, 135.255 mm): Horizontal Wire, length 15.875 mm
[endpoint_off_grid]: Symbol pin or wire end off connection grid
    ; warning
    @(356.87 mm, 277.495 mm): Horizontal Wire, length 2.54 mm
[endpoint_off_grid]: Symbol pin or wire end off connection grid
    ; warning
    @(356.87 mm, 393.065 mm): Symbol #PWR142 Hidden pin 1 [GND, Power input, Line]
[lib_symbol_issues]: The current configuration does not include the symbol library 'elt'
    ; warning
    @(356.87 mm, 393.065 mm): Symbol #PWR142 [GND]
[footprint_link_issues]: The current configuration does not include the footprint library 'Capacitor_SMD'
    ; warning
    @(358.14 mm, 335.28 mm): Symbol Cd8 [SYM_Cd8]
[lib_symbol_issues]: The current configuration does not include the symbol library 'elt'
    ; warning
    @(358.14 mm, 335.28 mm): Symbol Cd8 [SYM_Cd8]
[footprint_link_issues]: The current configuration does not include the footprint library 'Capacitor_SMD'
    ; warning
    @(358.14 mm, 360.68 mm): Symbol Cc8M [SYM_Cc8M]
[lib_symbol_issues]: The current configuration does not include the symbol library 'elt'
    ; warning
    @(358.14 mm, 360.68 mm): Symbol Cc8M [SYM_Cc8M]
[endpoint_off_grid]: Symbol pin or wire end off connection grid
    ; warning
    @(359.41 mm, 248.285 mm): Horizontal Wire, length 15.875 mm
[endpoint_off_grid]: Symbol pin or wire end off connection grid
    ; warning
    @(359.41 mm, 390.525 mm): Horizontal Wire, length 2.54 mm
[endpoint_off_grid]: Symbol pin or wire end off connection grid
    ; warning
    @(359.41 mm, 447.04 mm): Vertical Wire, length 6.985 mm
[endpoint_off_grid]: Symbol pin or wire end off connection grid
    ; warning
    @(359.41 mm, 440.055 mm): Horizontal Wire, length 24.13 mm
[endpoint_off_grid]: Symbol pin or wire end off connection grid
    ; warning
    @(361.95 mm, 277.495 mm): Horizontal Wire, length 5.08 mm
[endpoint_off_grid]: Symbol pin or wire end off connection grid
    ; warning
    @(361.95 mm, 278.13 mm): Vertical Wire, length 0.635 mm
[endpoint_off_grid]: Symbol pin or wire end off connection grid
    ; warning
    @(362.585 mm, 447.04 mm): Horizontal Wire, length 3.175 mm
[endpoint_off_grid]: Symbol pin or wire end off connection grid
    ; warning
    @(362.585 mm, 447.04 mm): Symbol R_inj2 Pin 1 [Passive, Line]
[endpoint_off_grid]: Symbol pin or wire end off connection grid
    ; warning
    @(364.49 mm, 390.525 mm): Horizontal Wire, length 5.08 mm
[endpoint_off_grid]: Symbol pin or wire end off connection grid
    ; warning
    @(365.125 mm, 75.565 mm): Horizontal Wire, length 25.40 mm
[endpoint_off_grid]: Symbol pin or wire end off connection grid
    ; warning
    @(365.125 mm, 78.105 mm): Vertical Wire, length 2.54 mm
[endpoint_off_grid]: Symbol pin or wire end off connection grid
    ; warning
    @(365.125 mm, 78.74 mm): Symbol C_vref3b Pin 1 [Passive, Line]
[endpoint_off_grid]: Symbol pin or wire end off connection grid
    ; warning
    @(365.125 mm, 78.74 mm): Vertical Wire, length 0.635 mm
[footprint_link_issues]: The current configuration does not include the footprint library 'Capacitor_SMD'
    ; warning
    @(365.125 mm, 82.55 mm): Symbol C_vref3b [SYM_C_vref3b]
[lib_symbol_issues]: The current configuration does not include the symbol library 'elt'
    ; warning
    @(365.125 mm, 82.55 mm): Symbol C_vref3b [SYM_C_vref3b]
[endpoint_off_grid]: Symbol pin or wire end off connection grid
    ; warning
    @(365.125 mm, 86.36 mm): Symbol #PWR97 Hidden pin 1 [GND, Power input, Line]
[lib_symbol_issues]: The current configuration does not include the symbol library 'elt'
    ; warning
    @(365.125 mm, 86.36 mm): Symbol #PWR97 [GND]
[footprint_link_issues]: The current configuration does not include the footprint library 'Resistor_SMD'
    ; warning
    @(366.395 mm, 447.04 mm): Symbol R_inj2 [SYM_R_inj2]
[lib_symbol_issues]: The current configuration does not include the symbol library 'elt'
    ; warning
    @(366.395 mm, 447.04 mm): Symbol R_inj2 [SYM_R_inj2]
[lib_symbol_issues]: The current configuration does not include the symbol library 'elt'
    ; warning
    @(367.03 mm, 172.72 mm): Symbol #PWR127 [GND]
[endpoint_off_grid]: Symbol pin or wire end off connection grid
    ; warning
    @(367.665 mm, 278.13 mm): Horizontal Wire, length 5.715 mm
[endpoint_off_grid]: Symbol pin or wire end off connection grid
    ; warning
    @(367.665 mm, 283.21 mm): Horizontal Wire, length 2.54 mm
[endpoint_off_grid]: Symbol pin or wire end off connection grid
    ; warning
    @(367.665 mm, 290.83 mm): Vertical Wire, length 7.62 mm
[endpoint_off_grid]: Symbol pin or wire end off connection grid
    ; warning
    @(370.205 mm, 275.59 mm): Symbol J5 Pin 1 [Passive, Line]
[endpoint_off_grid]: Symbol pin or wire end off connection grid
    ; warning
    @(370.205 mm, 278.13 mm): Horizontal Wire, length 2.54 mm
[endpoint_off_grid]: Symbol pin or wire end off connection grid
    ; warning
    @(370.205 mm, 285.75 mm): Symbol #PWR119 Hidden pin 1 [GND, Power input, Line]
[lib_symbol_issues]: The current configuration does not include the symbol library 'elt'
    ; warning
    @(370.205 mm, 285.75 mm): Symbol #PWR119 [GND]
[endpoint_off_grid]: Symbol pin or wire end off connection grid
    ; warning
    @(370.205 mm, 290.83 mm): Horizontal Wire, length 2.54 mm
[endpoint_off_grid]: Symbol pin or wire end off connection grid
    ; warning
    @(370.205 mm, 390.525 mm): Horizontal Wire, length 5.715 mm
[endpoint_off_grid]: Symbol pin or wire end off connection grid
    ; warning
    @(370.205 mm, 395.605 mm): Horizontal Wire, length 2.54 mm
[endpoint_off_grid]: Symbol pin or wire end off connection grid
    ; warning
    @(370.205 mm, 403.225 mm): Vertical Wire, length 7.62 mm
[endpoint_off_grid]: Symbol pin or wire end off connection grid
    ; warning
    @(372.745 mm, 135.255 mm): Symbol Rs5M Pin 1 [Passive, Line]
[endpoint_off_grid]: Symbol pin or wire end off connection grid
    ; warning
    @(372.745 mm, 387.985 mm): Symbol J10 Pin 1 [Passive, Line]
[endpoint_off_grid]: Symbol pin or wire end off connection grid
    ; warning
    @(372.745 mm, 390.525 mm): Horizontal Wire, length 2.54 mm
[endpoint_off_grid]: Symbol pin or wire end off connection grid
    ; warning
    @(372.745 mm, 398.145 mm): Symbol #PWR139 Hidden pin 1 [GND, Power input, Line]
[lib_symbol_issues]: The current configuration does not include the symbol library 'elt'
    ; warning
    @(372.745 mm, 398.145 mm): Symbol #PWR139 [GND]
[endpoint_off_grid]: Symbol pin or wire end off connection grid
    ; warning
    @(372.745 mm, 403.225 mm): Horizontal Wire, length 2.54 mm
[footprint_link_issues]: The current configuration does not include the footprint library 'Connector_RJ'
    ; warning
    @(374.65 mm, 170.18 mm): Symbol J7 [SYM_J7]
[lib_symbol_issues]: The current configuration does not include the symbol library 'elt'
    ; warning
    @(374.65 mm, 170.18 mm): Symbol J7 [SYM_J7]
[endpoint_off_grid]: Symbol pin or wire end off connection grid
    ; warning
    @(375.285 mm, 248.285 mm): Symbol Rs3M Pin 1 [Passive, Line]
[footprint_link_issues]: The current configuration does not include the footprint library 'Resistor_SMD'
    ; warning
    @(376.555 mm, 135.255 mm): Symbol Rs5M [SYM_Rs5M]
[lib_symbol_issues]: The current configuration does not include the symbol library 'elt'
    ; warning
    @(376.555 mm, 135.255 mm): Symbol Rs5M [SYM_Rs5M]
[footprint_link_issues]: The current configuration does not include the footprint library 'Connector_RJ'
    ; warning
    @(377.825 mm, 283.21 mm): Symbol J5 [SYM_J5]
[lib_symbol_issues]: The current configuration does not include the symbol library 'elt'
    ; warning
    @(377.825 mm, 283.21 mm): Symbol J5 [SYM_J5]
[endpoint_off_grid]: Symbol pin or wire end off connection grid
    ; warning
    @(377.825 mm, 360.68 mm): Symbol Rs8M Pin 1 [Passive, Line]
[endpoint_off_grid]: Symbol pin or wire end off connection grid
    ; warning
    @(361.95 mm, 360.68 mm): Horizontal Wire, length 15.875 mm
[footprint_link_issues]: The current configuration does not include the footprint library 'Resistor_SMD'
    ; warning
    @(379.095 mm, 248.285 mm): Symbol Rs3M [SYM_Rs3M]
[lib_symbol_issues]: The current configuration does not include the symbol library 'elt'
    ; warning
    @(379.095 mm, 248.285 mm): Symbol Rs3M [SYM_Rs3M]
[footprint_link_issues]: The current configuration does not include the footprint library 'Connector_RJ'
    ; warning
    @(380.365 mm, 395.605 mm): Symbol J10 [SYM_J10]
[lib_symbol_issues]: The current configuration does not include the symbol library 'elt'
    ; warning
    @(380.365 mm, 395.605 mm): Symbol J10 [SYM_J10]
[footprint_link_issues]: The current configuration does not include the footprint library 'Resistor_SMD'
    ; warning
    @(381.635 mm, 360.68 mm): Symbol Rs8M [SYM_Rs8M]
[lib_symbol_issues]: The current configuration does not include the symbol library 'elt'
    ; warning
    @(381.635 mm, 360.68 mm): Symbol Rs8M [SYM_Rs8M]
[lib_symbol_issues]: The current configuration does not include the symbol library 'elt'
    ; warning
    @(382.27 mm, 163.83 mm): Symbol #PWR129 [GND]
[lib_symbol_issues]: The current configuration does not include the symbol library 'elt'
    ; warning
    @(382.27 mm, 176.53 mm): Symbol #PWR128 [GND]
[endpoint_off_grid]: Symbol pin or wire end off connection grid
    ; warning
    @(385.445 mm, 276.86 mm): Symbol #PWR121 Hidden pin 1 [GND, Power input, Line]
[lib_symbol_issues]: The current configuration does not include the symbol library 'elt'
    ; warning
    @(385.445 mm, 276.86 mm): Symbol #PWR121 [GND]
[endpoint_off_grid]: Symbol pin or wire end off connection grid
    ; warning
    @(385.445 mm, 289.56 mm): Symbol #PWR120 Hidden pin 1 [GND, Power input, Line]
[lib_symbol_issues]: The current configuration does not include the symbol library 'elt'
    ; warning
    @(385.445 mm, 289.56 mm): Symbol #PWR120 [GND]
[endpoint_off_grid]: Symbol pin or wire end off connection grid
    ; warning
    @(385.445 mm, 360.68 mm): Horizontal Wire, length 2.54 mm
[endpoint_off_grid]: Symbol pin or wire end off connection grid
    ; warning
    @(387.985 mm, 335.28 mm): Horizontal Wire, length 26.035 mm
[endpoint_off_grid]: Symbol pin or wire end off connection grid
    ; warning
    @(387.985 mm, 360.68 mm): Vertical Wire, length 25.40 mm
[endpoint_off_grid]: Symbol pin or wire end off connection grid
    ; warning
    @(387.985 mm, 389.255 mm): Symbol #PWR141 Hidden pin 1 [GND, Power input, Line]
[lib_symbol_issues]: The current configuration does not include the symbol library 'elt'
    ; warning
    @(387.985 mm, 389.255 mm): Symbol #PWR141 [GND]
[endpoint_off_grid]: Symbol pin or wire end off connection grid
    ; warning
    @(387.985 mm, 401.955 mm): Symbol #PWR140 Hidden pin 1 [GND, Power input, Line]
[lib_symbol_issues]: The current configuration does not include the symbol library 'elt'
    ; warning
    @(387.985 mm, 401.955 mm): Symbol #PWR140 [GND]
[endpoint_off_grid]: Symbol pin or wire end off connection grid
    ; warning
    @(391.16 mm, 196.85 mm): Horizontal Wire, length 4.445 mm
[endpoint_off_grid]: Symbol pin or wire end off connection grid
    ; warning
    @(395.605 mm, 196.85 mm): Vertical Wire, length 15.875 mm
[endpoint_off_grid]: Symbol pin or wire end off connection grid
    ; warning
    @(395.605 mm, 212.725 mm): Horizontal Wire, length 33.02 mm
[endpoint_off_grid]: Symbol pin or wire end off connection grid
    ; warning
    @(398.145 mm, 158.75 mm): Symbol Q2 Pin 1 [Passive, Line]
[endpoint_off_grid]: Symbol pin or wire end off connection grid
    ; warning
    @(398.145 mm, 161.29 mm): Symbol #PWR28 Hidden pin 1 [GND, Power input, Line]
[lib_symbol_issues]: The current configuration does not include the symbol library 'elt'
    ; warning
    @(398.145 mm, 161.29 mm): Symbol #PWR28 [GND]
[endpoint_off_grid]: Symbol pin or wire end off connection grid
    ; warning
    @(398.145 mm, 191.77 mm): Symbol J1 Pin 1 [Passive, Line]
[endpoint_off_grid]: Symbol pin or wire end off connection grid
    ; warning
    @(398.145 mm, 191.77 mm): Horizontal Wire, length 6.985 mm
[endpoint_off_grid]: Symbol pin or wire end off connection grid
    ; warning
    @(398.145 mm, 194.31 mm): Symbol #PWR01 Hidden pin 1 [GND, Power input, Line]
[lib_symbol_issues]: The current configuration does not include the symbol library 'elt'
    ; warning
    @(398.145 mm, 194.31 mm): Symbol #PWR01 [GND]
[endpoint_off_grid]: Symbol pin or wire end off connection grid
    ; warning
    @(398.145 mm, 240.665 mm): Symbol U10 Pin 1 [Passive, Line]
[endpoint_off_grid]: Symbol pin or wire end off connection grid
    ; warning
    @(398.145 mm, 243.205 mm): Symbol #PWR23 Hidden pin 1 [GND, Power input, Line]
[lib_symbol_issues]: The current configuration does not include the symbol library 'elt'
    ; warning
    @(398.145 mm, 243.205 mm): Symbol #PWR23 [GND]
[endpoint_off_grid]: Symbol pin or wire end off connection grid
    ; warning
    @(399.415 mm, 104.775 mm): Symbol R_bg2 Pin 1 [Passive, Line]
[footprint_link_issues]: The current configuration does not include the footprint library 'Resistor_SMD'
    ; warning
    @(399.415 mm, 108.585 mm): Symbol R_bg2 [SYM_R_bg2]
[lib_symbol_issues]: The current configuration does not include the symbol library 'elt'
    ; warning
    @(399.415 mm, 108.585 mm): Symbol R_bg2 [SYM_R_bg2]
[endpoint_off_grid]: Symbol pin or wire end off connection grid
    ; warning
    @(399.415 mm, 112.395 mm): Symbol #PWR30 Hidden pin 1 [GND, Power input, Line]
[lib_symbol_issues]: The current configuration does not include the symbol library 'elt'
    ; warning
    @(399.415 mm, 112.395 mm): Symbol #PWR30 [GND]
[endpoint_off_grid]: Symbol pin or wire end off connection grid
    ; warning
    @(400.685 mm, 120.015 mm): Vertical Wire, length 6.985 mm
[endpoint_off_grid]: Symbol pin or wire end off connection grid
    ; warning
    @(400.685 mm, 127.00 mm): Vertical Wire, length 1.27 mm
[endpoint_off_grid]: Symbol pin or wire end off connection grid
    ; warning
    @(400.685 mm, 128.27 mm): Symbol C_bg Pin 1 [Passive, Line]
[footprint_link_issues]: The current configuration does not include the footprint library 'Capacitor_SMD'
    ; warning
    @(400.685 mm, 132.08 mm): Symbol C_bg [SYM_C_bg]
[lib_symbol_issues]: The current configuration does not include the symbol library 'elt'
    ; warning
    @(400.685 mm, 132.08 mm): Symbol C_bg [SYM_C_bg]
[endpoint_off_grid]: Symbol pin or wire end off connection grid
    ; warning
    @(400.685 mm, 135.89 mm): Symbol #PWR29 Hidden pin 1 [GND, Power input, Line]
[lib_symbol_issues]: The current configuration does not include the symbol library 'elt'
    ; warning
    @(400.685 mm, 135.89 mm): Symbol #PWR29 [GND]
[endpoint_off_grid]: Symbol pin or wire end off connection grid
    ; warning
    @(400.685 mm, 280.035 mm): Symbol U8 Pin 1 [Passive, Line]
[endpoint_off_grid]: Symbol pin or wire end off connection grid
    ; warning
    @(400.685 mm, 282.575 mm): Symbol #PWR14 Hidden pin 1 [GND, Power input, Line]
[lib_symbol_issues]: The current configuration does not include the symbol library 'elt'
    ; warning
    @(400.685 mm, 282.575 mm): Symbol #PWR14 [GND]
[endpoint_off_grid]: Symbol pin or wire end off connection grid
    ; warning
    @(400.685 mm, 332.74 mm): Symbol L1 Pin 1 [Passive, Line]
[endpoint_off_grid]: Symbol pin or wire end off connection grid
    ; warning
    @(400.685 mm, 419.735 mm): Horizontal Wire, length 5.08 mm
[endpoint_off_grid]: Symbol pin or wire end off connection grid
    ; warning
    @(400.685 mm, 445.135 mm): Vertical Wire, length 25.40 mm
[endpoint_off_grid]: Symbol pin or wire end off connection grid
    ; warning
    @(403.225 mm, 374.015 mm): Horizontal Wire, length 5.08 mm
[endpoint_off_grid]: Symbol pin or wire end off connection grid
    ; warning
    @(403.225 mm, 396.875 mm): Vertical Wire, length 22.86 mm
[footprint_link_issues]: The current configuration does not include the footprint library 'Package_TO_SOT_SMD'
    ; warning
    @(405.765 mm, 160.02 mm): Symbol Q2 [SYM_Q2]
[lib_symbol_issues]: The current configuration does not include the symbol library 'elt'
    ; warning
    @(405.765 mm, 160.02 mm): Symbol Q2 [SYM_Q2]
[footprint_link_issues]: The current configuration does not include the footprint library 'Connector_BarrelJack'
    ; warning
    @(405.765 mm, 193.04 mm): Symbol J1 [SYM_J1]
[lib_symbol_issues]: The current configuration does not include the symbol library 'elt'
    ; warning
    @(405.765 mm, 193.04 mm): Symbol J1 [SYM_J1]
[footprint_link_issues]: The current configuration does not include the footprint library 'Package_TO_SOT_SMD'
    ; warning
    @(405.765 mm, 243.205 mm): Symbol U10 [SYM_U10]
[lib_symbol_issues]: The current configuration does not include the symbol library 'elt'
    ; warning
    @(405.765 mm, 243.205 mm): Symbol U10 [SYM_U10]
[endpoint_off_grid]: Symbol pin or wire end off connection grid
    ; warning
    @(405.765 mm, 419.735 mm): Vertical Wire, length 2.54 mm
[endpoint_off_grid]: Symbol pin or wire end off connection grid
    ; warning
    @(405.765 mm, 422.275 mm): Vertical Wire, length 1.27 mm
[endpoint_off_grid]: Symbol pin or wire end off connection grid
    ; warning
    @(405.765 mm, 423.545 mm): Symbol C_d5 Pin 1 [Passive, Line]
[footprint_link_issues]: The current configuration does not include the footprint library 'Capacitor_SMD'
    ; warning
    @(405.765 mm, 427.355 mm): Symbol C_d5 [SYM_C_d5]
[lib_symbol_issues]: The current configuration does not include the symbol library 'elt'
    ; warning
    @(405.765 mm, 427.355 mm): Symbol C_d5 [SYM_C_d5]
[endpoint_off_grid]: Symbol pin or wire end off connection grid
    ; warning
    @(405.765 mm, 431.165 mm): Symbol #PWR48 Hidden pin 1 [GND, Power input, Line]
[lib_symbol_issues]: The current configuration does not include the symbol library 'elt'
    ; warning
    @(405.765 mm, 431.165 mm): Symbol #PWR48 [GND]
[endpoint_off_grid]: Symbol pin or wire end off connection grid
    ; warning
    @(405.765 mm, 445.135 mm): Horizontal Wire, length 5.08 mm
[endpoint_off_grid]: Symbol pin or wire end off connection grid
    ; warning
    @(405.765 mm, 447.675 mm): Vertical Wire, length 2.54 mm
[endpoint_off_grid]: Symbol pin or wire end off connection grid
    ; warning
    @(405.765 mm, 448.31 mm): Vertical Wire, length 0.635 mm
[endpoint_off_grid]: Symbol pin or wire end off connection grid
    ; warning
    @(405.765 mm, 448.31 mm): Symbol C_iovdd3 Pin 1 [Passive, Line]
[footprint_link_issues]: The current configuration does not include the footprint library 'Capacitor_SMD'
    ; warning
    @(405.765 mm, 452.12 mm): Symbol C_iovdd3 [SYM_C_iovdd3]
[lib_symbol_issues]: The current configuration does not include the symbol library 'elt'
    ; warning
    @(405.765 mm, 452.12 mm): Symbol C_iovdd3 [SYM_C_iovdd3]
[endpoint_off_grid]: Symbol pin or wire end off connection grid
    ; warning
    @(405.765 mm, 455.93 mm): Symbol #PWR94 Hidden pin 1 [GND, Power input, Line]
[lib_symbol_issues]: The current configuration does not include the symbol library 'elt'
    ; warning
    @(405.765 mm, 455.93 mm): Symbol #PWR94 [GND]
[endpoint_off_grid]: Symbol pin or wire end off connection grid
    ; warning
    @(406.40 mm, 357.505 mm): Symbol R_pg Pin 1 [Passive, Line]
[footprint_link_issues]: The current configuration does not include the footprint library 'Capacitor_SMD'
    ; warning
    @(407.035 mm, 332.74 mm): Symbol L1 [SYM_L1]
[lib_symbol_issues]: The current configuration does not include the symbol library 'elt'
    ; warning
    @(407.035 mm, 332.74 mm): Symbol L1 [SYM_L1]
[footprint_link_issues]: The current configuration does not include the footprint library 'Package_TO_SOT_SMD'
    ; warning
    @(408.305 mm, 282.575 mm): Symbol U8 [SYM_U8]
[lib_symbol_issues]: The current configuration does not include the symbol library 'elt'
    ; warning
    @(408.305 mm, 282.575 mm): Symbol U8 [SYM_U8]
[endpoint_off_grid]: Symbol pin or wire end off connection grid
    ; warning
    @(408.305 mm, 367.03 mm): Horizontal Wire, length 8.255 mm
[endpoint_off_grid]: Symbol pin or wire end off connection grid
    ; warning
    @(408.305 mm, 374.015 mm): Vertical Wire, length 2.54 mm
[endpoint_off_grid]: Symbol pin or wire end off connection grid
    ; warning
    @(408.305 mm, 376.555 mm): Vertical Wire, length 0.635 mm
[endpoint_off_grid]: Symbol pin or wire end off connection grid
    ; warning
    @(408.305 mm, 376.555 mm): Vertical Wire, length 9.525 mm
[endpoint_off_grid]: Symbol pin or wire end off connection grid
    ; warning
    @(408.305 mm, 377.19 mm): Symbol C_d3 Pin 1 [Passive, Line]
[endpoint_off_grid]: Symbol pin or wire end off connection grid
    ; warning
    @(408.305 mm, 377.19 mm): Vertical Wire, length 0.635 mm
[footprint_link_issues]: The current configuration does not include the footprint library 'Capacitor_SMD'
    ; warning
    @(408.305 mm, 381.00 mm): Symbol C_d3 [SYM_C_d3]
[lib_symbol_issues]: The current configuration does not include the symbol library 'elt'
    ; warning
    @(408.305 mm, 381.00 mm): Symbol C_d3 [SYM_C_d3]
[endpoint_off_grid]: Symbol pin or wire end off connection grid
    ; warning
    @(408.305 mm, 384.81 mm): Symbol #PWR46 Hidden pin 1 [GND, Power input, Line]
[lib_symbol_issues]: The current configuration does not include the symbol library 'elt'
    ; warning
    @(408.305 mm, 384.81 mm): Symbol #PWR46 [GND]
[endpoint_off_grid]: Symbol pin or wire end off connection grid
    ; warning
    @(408.305 mm, 396.875 mm): Horizontal Wire, length 5.08 mm
[endpoint_off_grid]: Symbol pin or wire end off connection grid
    ; warning
    @(408.305 mm, 399.415 mm): Vertical Wire, length 2.54 mm
[endpoint_off_grid]: Symbol pin or wire end off connection grid
    ; warning
    @(408.305 mm, 400.685 mm): Vertical Wire, length 1.27 mm
[endpoint_off_grid]: Symbol pin or wire end off connection grid
    ; warning
    @(408.305 mm, 400.685 mm): Symbol C_d4 Pin 1 [Passive, Line]
[footprint_link_issues]: The current configuration does not include the footprint library 'Capacitor_SMD'
    ; warning
    @(408.305 mm, 404.495 mm): Symbol C_d4 [SYM_C_d4]
[lib_symbol_issues]: The current configuration does not include the symbol library 'elt'
    ; warning
    @(408.305 mm, 404.495 mm): Symbol C_d4 [SYM_C_d4]
[endpoint_off_grid]: Symbol pin or wire end off connection grid
    ; warning
    @(408.305 mm, 408.305 mm): Symbol #PWR47 Hidden pin 1 [GND, Power input, Line]
[lib_symbol_issues]: The current configuration does not include the symbol library 'elt'
    ; warning
    @(408.305 mm, 408.305 mm): Symbol #PWR47 [GND]
[footprint_link_issues]: The current configuration does not include the footprint library 'Resistor_SMD'
    ; warning
    @(410.21 mm, 357.505 mm): Symbol R_pg [SYM_R_pg]
[lib_symbol_issues]: The current configuration does not include the symbol library 'elt'
    ; warning
    @(410.21 mm, 357.505 mm): Symbol R_pg [SYM_R_pg]
[endpoint_off_grid]: Symbol pin or wire end off connection grid
    ; warning
    @(413.385 mm, 244.475 mm): Horizontal Wire, length 2.54 mm
[endpoint_off_grid]: Symbol pin or wire end off connection grid
    ; warning
    @(414.02 mm, 357.505 mm): Horizontal Wire, length 2.54 mm
[endpoint_off_grid]: Symbol pin or wire end off connection grid
    ; warning
    @(415.925 mm, 244.475 mm): Horizontal Wire, length 5.08 mm
[endpoint_off_grid]: Symbol pin or wire end off connection grid
    ; warning
    @(416.56 mm, 367.03 mm): Vertical Wire, length 9.525 mm
[endpoint_off_grid]: Symbol pin or wire end off connection grid
    ; warning
    @(416.56 mm, 357.505 mm): Horizontal Wire, length 5.08 mm
[endpoint_off_grid]: Symbol pin or wire end off connection grid
    ; warning
    @(416.56 mm, 332.74 mm): Vertical Wire, length 24.765 mm
[endpoint_off_grid]: Symbol pin or wire end off connection grid
    ; warning
    @(416.56 mm, 357.505 mm): Horizontal Wire, length 2.54 mm
[endpoint_off_grid]: Symbol pin or wire end off connection grid
    ; warning
    @(416.56 mm, 357.505 mm): Horizontal Wire, length 2.54 mm
[endpoint_off_grid]: Symbol pin or wire end off connection grid
    ; warning
    @(421.005 mm, 244.475 mm): Vertical Wire, length 1.27 mm
[endpoint_off_grid]: Symbol pin or wire end off connection grid
    ; warning
    @(421.005 mm, 245.745 mm): Horizontal Wire, length 5.08 mm
[endpoint_off_grid]: Symbol pin or wire end off connection grid
    ; warning
    @(421.64 mm, 357.505 mm): Horizontal Wire, length 5.08 mm
[endpoint_off_grid]: Symbol pin or wire end off connection grid
    ; warning
    @(426.085 mm, 234.315 mm): Horizontal Wire, length 47.625 mm
[endpoint_off_grid]: Symbol pin or wire end off connection grid
    ; warning
    @(426.085 mm, 243.205 mm): Vertical Wire, length 8.89 mm
[endpoint_off_grid]: Symbol pin or wire end off connection grid
    ; warning
    @(426.085 mm, 245.745 mm): Horizontal Wire, length 2.54 mm
[endpoint_off_grid]: Symbol pin or wire end off connection grid
    ; warning
    @(426.72 mm, 357.505 mm): Vertical Wire, length 9.525 mm
[endpoint_off_grid]: Symbol pin or wire end off connection grid
    ; warning
    @(426.72 mm, 357.505 mm): Horizontal Wire, length 3.175 mm
[endpoint_off_grid]: Symbol pin or wire end off connection grid
    ; warning
    @(428.625 mm, 184.15 mm): Symbol L2 Pin 1 [Passive, Line]
[endpoint_off_grid]: Symbol pin or wire end off connection grid
    ; warning
    @(428.625 mm, 212.725 mm): Symbol F_IN Pin 1 [Passive, Line]
[endpoint_off_grid]: Symbol pin or wire end off connection grid
    ; warning
    @(428.625 mm, 243.205 mm): Symbol Q1 Pin 1 [G, Passive, Line]
[endpoint_off_grid]: Symbol pin or wire end off connection grid
    ; warning
    @(428.625 mm, 243.205 mm): Horizontal Wire, length 2.54 mm
[endpoint_off_grid]: Symbol pin or wire end off connection grid
    ; warning
    @(428.625 mm, 281.305 mm): Vertical Wire, length 19.685 mm
[endpoint_off_grid]: Symbol pin or wire end off connection grid
    ; warning
    @(428.625 mm, 300.99 mm): Horizontal Wire, length 2.54 mm
[endpoint_off_grid]: Symbol pin or wire end off connection grid
    ; warning
    @(428.625 mm, 374.015 mm): Vertical Wire, length 23.495 mm
[endpoint_off_grid]: Symbol pin or wire end off connection grid
    ; warning
    @(428.625 mm, 397.51 mm): Horizontal Wire, length 5.715 mm
[endpoint_off_grid]: Symbol pin or wire end off connection grid
    ; warning
    @(429.895 mm, 357.505 mm): Horizontal Wire, length 3.175 mm
[endpoint_off_grid]: Symbol pin or wire end off connection grid
    ; warning
    @(429.895 mm, 357.505 mm): Symbol R_fb1a Pin 1 [Passive, Line]
[endpoint_off_grid]: Symbol pin or wire end off connection grid
    ; warning
    @(431.165 mm, 276.225 mm): Symbol U7 Pin 1 [Passive, Line]
[endpoint_off_grid]: Symbol pin or wire end off connection grid
    ; warning
    @(431.165 mm, 278.765 mm): Symbol #PWR08 Hidden pin 1 [GND, Power input, Line]
[lib_symbol_issues]: The current configuration does not include the symbol library 'elt'
    ; warning
    @(431.165 mm, 278.765 mm): Symbol #PWR08 [GND]
[endpoint_off_grid]: Symbol pin or wire end off connection grid
    ; warning
    @(431.165 mm, 281.305 mm): Horizontal Wire, length 2.54 mm
[endpoint_off_grid]: Symbol pin or wire end off connection grid
    ; warning
    @(431.165 mm, 300.99 mm): Vertical Wire, length 2.54 mm
[endpoint_off_grid]: Symbol pin or wire end off connection grid
    ; warning
    @(431.165 mm, 300.99 mm): Vertical Wire, length 2.54 mm
[endpoint_off_grid]: Symbol pin or wire end off connection grid
    ; warning
    @(457.20 mm, 300.99 mm): Horizontal Wire, length 26.035 mm
[endpoint_off_grid]: Symbol pin or wire end off connection grid
    ; warning
    @(431.165 mm, 303.53 mm): Vertical Wire, length 0.635 mm
[endpoint_off_grid]: Symbol pin or wire end off connection grid
    ; warning
    @(431.165 mm, 303.53 mm): Vertical Wire, length 0.635 mm
[endpoint_off_grid]: Symbol pin or wire end off connection grid
    ; warning
    @(431.165 mm, 304.165 mm): Symbol C_5V1 Pin 1 [Passive, Line]
[footprint_link_issues]: The current configuration does not include the footprint library 'Capacitor_SMD'
    ; warning
    @(431.165 mm, 307.975 mm): Symbol C_5V1 [SYM_C_5V1]
[lib_symbol_issues]: The current configuration does not include the symbol library 'elt'
    ; warning
    @(431.165 mm, 307.975 mm): Symbol C_5V1 [SYM_C_5V1]
[endpoint_off_grid]: Symbol pin or wire end off connection grid
    ; warning
    @(431.165 mm, 311.785 mm): Symbol #PWR04 Hidden pin 1 [GND, Power input, Line]
[lib_symbol_issues]: The current configuration does not include the symbol library 'elt'
    ; warning
    @(431.165 mm, 311.785 mm): Symbol #PWR04 [GND]
[endpoint_off_grid]: Symbol pin or wire end off connection grid
    ; warning
    @(431.80 mm, 426.085 mm): Symbol C_dvdd3 Pin 1 [Passive, Line]
[footprint_link_issues]: The current configuration does not include the footprint library 'Capacitor_SMD'
    ; warning
    @(431.80 mm, 429.895 mm): Symbol C_dvdd3 [SYM_C_dvdd3]
[lib_symbol_issues]: The current configuration does not include the symbol library 'elt'
    ; warning
    @(431.80 mm, 429.895 mm): Symbol C_dvdd3 [SYM_C_dvdd3]
[endpoint_off_grid]: Symbol pin or wire end off connection grid
    ; warning
    @(431.80 mm, 433.705 mm): Symbol #PWR93 Hidden pin 1 [GND, Power input, Line]
[lib_symbol_issues]: The current configuration does not include the symbol library 'elt'
    ; warning
    @(431.80 mm, 433.705 mm): Symbol #PWR93 [GND]
[footprint_link_issues]: The current configuration does not include the footprint library 'Resistor_SMD'
    ; warning
    @(433.705 mm, 357.505 mm): Symbol R_fb1a [SYM_R_fb1a]
[lib_symbol_issues]: The current configuration does not include the symbol library 'elt'
    ; warning
    @(433.705 mm, 357.505 mm): Symbol R_fb1a [SYM_R_fb1a]
[endpoint_off_grid]: Symbol pin or wire end off connection grid
    ; warning
    @(434.34 mm, 374.015 mm): Horizontal Wire, length 5.715 mm
[endpoint_off_grid]: Symbol pin or wire end off connection grid
    ; warning
    @(434.34 mm, 376.555 mm): Vertical Wire, length 2.54 mm
[endpoint_off_grid]: Symbol pin or wire end off connection grid
    ; warning
    @(434.34 mm, 376.555 mm): Vertical Wire, length 1.27 mm
[endpoint_off_grid]: Symbol pin or wire end off connection grid
    ; warning
    @(434.34 mm, 367.03 mm): Vertical Wire, length 9.525 mm
[endpoint_off_grid]: Symbol pin or wire end off connection grid
    ; warning
    @(434.34 mm, 377.825 mm): Symbol C_d6 Pin 1 [Passive, Line]
[endpoint_off_grid]: Symbol pin or wire end off connection grid
    ; warning
    @(434.34 mm, 377.825 mm): Vertical Wire, length 1.27 mm
[footprint_link_issues]: The current configuration does not include the footprint library 'Capacitor_SMD'
    ; warning
    @(434.34 mm, 381.635 mm): Symbol C_d6 [SYM_C_d6]
[lib_symbol_issues]: The current configuration does not include the symbol library 'elt'
    ; warning
    @(434.34 mm, 381.635 mm): Symbol C_d6 [SYM_C_d6]
[endpoint_off_grid]: Symbol pin or wire end off connection grid
    ; warning
    @(434.34 mm, 385.445 mm): Symbol #PWR49 Hidden pin 1 [GND, Power input, Line]
[lib_symbol_issues]: The current configuration does not include the symbol library 'elt'
    ; warning
    @(434.34 mm, 385.445 mm): Symbol #PWR49 [GND]
[footprint_link_issues]: The current configuration does not include the footprint library 'Capacitor_SMD'
    ; warning
    @(434.34 mm, 405.13 mm): Symbol C_b3v3 [SYM_C_b3v3]
[lib_symbol_issues]: The current configuration does not include the symbol library 'elt'
    ; warning
    @(434.34 mm, 405.13 mm): Symbol C_b3v3 [SYM_C_b3v3]
[lib_symbol_issues]: The current configuration does not include the symbol library 'elt'
    ; warning
    @(434.34 mm, 408.94 mm): Symbol #PWR53 [GND]
[footprint_link_issues]: The current configuration does not include the footprint library 'Capacitor_SMD'
    ; warning
    @(434.975 mm, 184.15 mm): Symbol L2 [SYM_L2]
[lib_symbol_issues]: The current configuration does not include the symbol library 'elt'
    ; warning
    @(434.975 mm, 184.15 mm): Symbol L2 [SYM_L2]
[footprint_link_issues]: The current configuration does not include the footprint library 'Fuse'
    ; warning
    @(436.245 mm, 212.725 mm): Symbol F_IN [SYM_F_IN]
[lib_symbol_issues]: The current configuration does not include the symbol library 'elt'
    ; warning
    @(436.245 mm, 212.725 mm): Symbol F_IN [SYM_F_IN]
[footprint_link_issues]: The current configuration does not include the footprint library 'Package_TO_SOT_SMD'
    ; warning
    @(438.785 mm, 278.765 mm): Symbol U7 [SYM_U7]
[lib_symbol_issues]: The current configuration does not include the symbol library 'elt'
    ; warning
    @(438.785 mm, 278.765 mm): Symbol U7 [SYM_U7]
[footprint_link_issues]: The current configuration does not include the footprint library 'Package_TO_SOT_SMD'
    ; warning
    @(441.325 mm, 244.475 mm): Symbol Q1 [SYM_Q1]
[lib_symbol_issues]: The current configuration does not include the symbol library 'elt'
    ; warning
    @(441.325 mm, 244.475 mm): Symbol Q1 [SYM_Q1]
[endpoint_off_grid]: Symbol pin or wire end off connection grid
    ; warning
    @(443.865 mm, 212.725 mm): Horizontal Wire, length 10.16 mm
[endpoint_off_grid]: Symbol pin or wire end off connection grid
    ; warning
    @(448.31 mm, 351.155 mm): Vertical Wire, length 6.35 mm
[endpoint_off_grid]: Symbol pin or wire end off connection grid
    ; warning
    @(448.31 mm, 357.505 mm): Horizontal Wire, length 10.795 mm
[endpoint_off_grid]: Symbol pin or wire end off connection grid
    ; warning
    @(449.58 mm, 401.955 mm): Vertical Wire, length 4.445 mm
[endpoint_off_grid]: Symbol pin or wire end off connection grid
    ; warning
    @(452.12 mm, 432.435 mm): Symbol JP_INJ Pin 1 [Passive, Line]
[endpoint_off_grid]: Symbol pin or wire end off connection grid
    ; warning
    @(452.12 mm, 434.975 mm): Symbol #PWR144 Hidden pin 1 [GND, Power input, Line]
[lib_symbol_issues]: The current configuration does not include the symbol library 'elt'
    ; warning
    @(452.12 mm, 434.975 mm): Symbol #PWR144 [GND]
[endpoint_off_grid]: Symbol pin or wire end off connection grid
    ; warning
    @(454.025 mm, 184.15 mm): Horizontal Wire, length 1.27 mm
[endpoint_off_grid]: Symbol pin or wire end off connection grid
    ; warning
    @(441.96 mm, 184.15 mm): Horizontal Wire, length 12.065 mm
[endpoint_off_grid]: Symbol pin or wire end off connection grid
    ; warning
    @(454.025 mm, 208.28 mm): Horizontal Wire, length 10.16 mm
[endpoint_off_grid]: Symbol pin or wire end off connection grid
    ; warning
    @(454.025 mm, 212.725 mm): Vertical Wire, length 4.445 mm
[endpoint_off_grid]: Symbol pin or wire end off connection grid
    ; warning
    @(454.66 mm, 401.955 mm): Symbol TP2 Pin 1 [Passive, Line]
[endpoint_off_grid]: Symbol pin or wire end off connection grid
    ; warning
    @(454.66 mm, 401.955 mm): Horizontal Wire, length 5.08 mm
[endpoint_off_grid]: Symbol pin or wire end off connection grid
    ; warning
    @(455.295 mm, 184.15 mm): Horizontal Wire, length 7.62 mm
[endpoint_off_grid]: Symbol pin or wire end off connection grid
    ; warning
    @(456.565 mm, 244.475 mm): Horizontal Wire, length 2.54 mm
[endpoint_off_grid]: Symbol pin or wire end off connection grid
    ; warning
    @(457.20 mm, 183.515 mm): Vertical Wire, length 24.765 mm
[endpoint_off_grid]: Symbol pin or wire end off connection grid
    ; warning
    @(457.20 mm, 304.165 mm): Symbol C_5V2 Pin 1 [Passive, Line]
[endpoint_off_grid]: Symbol pin or wire end off connection grid
    ; warning
    @(457.20 mm, 303.53 mm): Vertical Wire, length 0.635 mm
[endpoint_off_grid]: Symbol pin or wire end off connection grid
    ; warning
    @(457.20 mm, 304.165 mm): Vertical Wire, length 0.635 mm
[footprint_link_issues]: The current configuration does not include the footprint library 'Capacitor_SMD'
    ; warning
    @(457.20 mm, 307.975 mm): Symbol C_5V2 [SYM_C_5V2]
[lib_symbol_issues]: The current configuration does not include the symbol library 'elt'
    ; warning
    @(457.20 mm, 307.975 mm): Symbol C_5V2 [SYM_C_5V2]
[endpoint_off_grid]: Symbol pin or wire end off connection grid
    ; warning
    @(457.20 mm, 311.785 mm): Symbol #PWR05 Hidden pin 1 [GND, Power input, Line]
[lib_symbol_issues]: The current configuration does not include the symbol library 'elt'
    ; warning
    @(457.20 mm, 311.785 mm): Symbol #PWR05 [GND]
[footprint_link_issues]: The current configuration does not include the footprint library 'Capacitor_SMD'
    ; warning
    @(457.20 mm, 332.74 mm): Symbol Cinh_U7 [SYM_Cinh_U7]
[lib_symbol_issues]: The current configuration does not include the symbol library 'elt'
    ; warning
    @(457.20 mm, 332.74 mm): Symbol Cinh_U7 [SYM_Cinh_U7]
[lib_symbol_issues]: The current configuration does not include the symbol library 'elt'
    ; warning
    @(457.20 mm, 336.55 mm): Symbol #PWR10 [GND]
[endpoint_off_grid]: Symbol pin or wire end off connection grid
    ; warning
    @(457.835 mm, 351.155 mm): Horizontal Wire, length 9.525 mm
[endpoint_off_grid]: Symbol pin or wire end off connection grid
    ; warning
    @(457.835 mm, 353.695 mm): Vertical Wire, length 2.54 mm
[endpoint_off_grid]: Symbol pin or wire end off connection grid
    ; warning
    @(457.835 mm, 353.695 mm): Symbol R_fb1b Pin 1 [Passive, Line]
[footprint_link_issues]: The current configuration does not include the footprint library 'Resistor_SMD'
    ; warning
    @(457.835 mm, 357.505 mm): Symbol R_fb1b [SYM_R_fb1b]
[lib_symbol_issues]: The current configuration does not include the symbol library 'elt'
    ; warning
    @(457.835 mm, 357.505 mm): Symbol R_fb1b [SYM_R_fb1b]
[endpoint_off_grid]: Symbol pin or wire end off connection grid
    ; warning
    @(457.835 mm, 361.315 mm): Symbol #PWR13 Hidden pin 1 [GND, Power input, Line]
[lib_symbol_issues]: The current configuration does not include the symbol library 'elt'
    ; warning
    @(457.835 mm, 361.315 mm): Symbol #PWR13 [GND]
[endpoint_off_grid]: Symbol pin or wire end off connection grid
    ; warning
    @(459.105 mm, 244.475 mm): Horizontal Wire, length 2.54 mm
[endpoint_off_grid]: Symbol pin or wire end off connection grid
    ; warning
    @(459.105 mm, 267.335 mm): Vertical Wire, length 22.86 mm
[footprint_link_issues]: The current configuration does not include the footprint library 'Connector_PinHeader_2.54mm'
    ; warning
    @(459.74 mm, 433.705 mm): Symbol JP_INJ [SYM_JP_INJ]
[lib_symbol_issues]: The current configuration does not include the symbol library 'elt'
    ; warning
    @(459.74 mm, 433.705 mm): Symbol JP_INJ [SYM_JP_INJ]
[endpoint_off_grid]: Symbol pin or wire end off connection grid
    ; warning
    @(461.645 mm, 267.335 mm): Horizontal Wire, length 2.54 mm
[endpoint_off_grid]: Symbol pin or wire end off connection grid
    ; warning
    @(462.915 mm, 66.04 mm): Vertical Wire, length 2.54 mm
[endpoint_off_grid]: Symbol pin or wire end off connection grid
    ; warning
    @(457.20 mm, 66.04 mm): Horizontal Wire, length 5.715 mm
[endpoint_off_grid]: Symbol pin or wire end off connection grid
    ; warning
    @(462.915 mm, 68.58 mm): Vertical Wire, length 1.27 mm
[endpoint_off_grid]: Symbol pin or wire end off connection grid
    ; warning
    @(462.915 mm, 68.58 mm): Vertical Wire, length 1.27 mm
[endpoint_off_grid]: Symbol pin or wire end off connection grid
    ; warning
    @(462.915 mm, 69.85 mm): Symbol C_b0v9 Pin 1 [Passive, Line]
[footprint_link_issues]: The current configuration does not include the footprint library 'Capacitor_SMD'
    ; warning
    @(462.915 mm, 73.66 mm): Symbol C_b0v9 [SYM_C_b0v9]
[lib_symbol_issues]: The current configuration does not include the symbol library 'elt'
    ; warning
    @(462.915 mm, 73.66 mm): Symbol C_b0v9 [SYM_C_b0v9]
[endpoint_off_grid]: Symbol pin or wire end off connection grid
    ; warning
    @(462.915 mm, 77.47 mm): Symbol #PWR52 Hidden pin 1 [GND, Power input, Line]
[lib_symbol_issues]: The current configuration does not include the symbol library 'elt'
    ; warning
    @(462.915 mm, 77.47 mm): Symbol #PWR52 [GND]
[endpoint_off_grid]: Symbol pin or wire end off connection grid
    ; warning
    @(462.915 mm, 90.17 mm): Vertical Wire, length 2.54 mm
[endpoint_off_grid]: Symbol pin or wire end off connection grid
    ; warning
    @(462.915 mm, 90.17 mm): Horizontal Wire, length 5.715 mm
[endpoint_off_grid]: Symbol pin or wire end off connection grid
    ; warning
    @(457.20 mm, 90.17 mm): Horizontal Wire, length 5.715 mm
[endpoint_off_grid]: Symbol pin or wire end off connection grid
    ; warning
    @(462.915 mm, 92.71 mm): Vertical Wire, length 2.54 mm
[endpoint_off_grid]: Symbol pin or wire end off connection grid
    ; warning
    @(462.915 mm, 92.71 mm): Vertical Wire, length 0.635 mm
[endpoint_off_grid]: Symbol pin or wire end off connection grid
    ; warning
    @(462.915 mm, 93.345 mm): Symbol C_c7 Pin 1 [Passive, Line]
[endpoint_off_grid]: Symbol pin or wire end off connection grid
    ; warning
    @(462.915 mm, 93.345 mm): Vertical Wire, length 0.635 mm
[footprint_link_issues]: The current configuration does not include the footprint library 'Capacitor_SMD'
    ; warning
    @(462.915 mm, 97.155 mm): Symbol C_c7 [SYM_C_c7]
[lib_symbol_issues]: The current configuration does not include the symbol library 'elt'
    ; warning
    @(462.915 mm, 97.155 mm): Symbol C_c7 [SYM_C_c7]
[endpoint_off_grid]: Symbol pin or wire end off connection grid
    ; warning
    @(462.915 mm, 100.965 mm): Symbol #PWR42 Hidden pin 1 [GND, Power input, Line]
[lib_symbol_issues]: The current configuration does not include the symbol library 'elt'
    ; warning
    @(462.915 mm, 100.965 mm): Symbol #PWR42 [GND]
[endpoint_off_grid]: Symbol pin or wire end off connection grid
    ; warning
    @(462.915 mm, 113.03 mm): Vertical Wire, length 2.54 mm
[endpoint_off_grid]: Symbol pin or wire end off connection grid
    ; warning
    @(462.915 mm, 113.03 mm): Horizontal Wire, length 5.715 mm
[endpoint_off_grid]: Symbol pin or wire end off connection grid
    ; warning
    @(457.20 mm, 113.03 mm): Horizontal Wire, length 5.715 mm
[endpoint_off_grid]: Symbol pin or wire end off connection grid
    ; warning
    @(462.915 mm, 115.57 mm): Vertical Wire, length 0.635 mm
[endpoint_off_grid]: Symbol pin or wire end off connection grid
    ; warning
    @(462.915 mm, 115.57 mm): Vertical Wire, length 2.54 mm
[endpoint_off_grid]: Symbol pin or wire end off connection grid
    ; warning
    @(462.915 mm, 116.205 mm): Vertical Wire, length 0.635 mm
[endpoint_off_grid]: Symbol pin or wire end off connection grid
    ; warning
    @(462.915 mm, 116.205 mm): Symbol C_c5 Pin 1 [Passive, Line]
[footprint_link_issues]: The current configuration does not include the footprint library 'Capacitor_SMD'
    ; warning
    @(462.915 mm, 120.015 mm): Symbol C_c5 [SYM_C_c5]
[lib_symbol_issues]: The current configuration does not include the symbol library 'elt'
    ; warning
    @(462.915 mm, 120.015 mm): Symbol C_c5 [SYM_C_c5]
[endpoint_off_grid]: Symbol pin or wire end off connection grid
    ; warning
    @(462.915 mm, 123.825 mm): Symbol #PWR40 Hidden pin 1 [GND, Power input, Line]
[lib_symbol_issues]: The current configuration does not include the symbol library 'elt'
    ; warning
    @(462.915 mm, 123.825 mm): Symbol #PWR40 [GND]
[endpoint_off_grid]: Symbol pin or wire end off connection grid
    ; warning
    @(462.915 mm, 135.89 mm): Horizontal Wire, length 5.715 mm
[endpoint_off_grid]: Symbol pin or wire end off connection grid
    ; warning
    @(462.915 mm, 135.89 mm): Vertical Wire, length 2.54 mm
[endpoint_off_grid]: Symbol pin or wire end off connection grid
    ; warning
    @(457.20 mm, 135.89 mm): Horizontal Wire, length 5.715 mm
[endpoint_off_grid]: Symbol pin or wire end off connection grid
    ; warning
    @(462.915 mm, 138.43 mm): Vertical Wire, length 1.27 mm
[endpoint_off_grid]: Symbol pin or wire end off connection grid
    ; warning
    @(462.915 mm, 138.43 mm): Vertical Wire, length 2.54 mm
[endpoint_off_grid]: Symbol pin or wire end off connection grid
    ; warning
    @(462.915 mm, 139.70 mm): Vertical Wire, length 1.27 mm
[endpoint_off_grid]: Symbol pin or wire end off connection grid
    ; warning
    @(462.915 mm, 139.70 mm): Symbol C_c3 Pin 1 [Passive, Line]
[footprint_link_issues]: The current configuration does not include the footprint library 'Capacitor_SMD'
    ; warning
    @(462.915 mm, 143.51 mm): Symbol C_c3 [SYM_C_c3]
[lib_symbol_issues]: The current configuration does not include the symbol library 'elt'
    ; warning
    @(462.915 mm, 143.51 mm): Symbol C_c3 [SYM_C_c3]
[endpoint_off_grid]: Symbol pin or wire end off connection grid
    ; warning
    @(462.915 mm, 147.32 mm): Symbol #PWR38 Hidden pin 1 [GND, Power input, Line]
[lib_symbol_issues]: The current configuration does not include the symbol library 'elt'
    ; warning
    @(462.915 mm, 147.32 mm): Symbol #PWR38 [GND]
[endpoint_off_grid]: Symbol pin or wire end off connection grid
    ; warning
    @(462.915 mm, 158.75 mm): Horizontal Wire, length 5.715 mm
[endpoint_off_grid]: Symbol pin or wire end off connection grid
    ; warning
    @(462.915 mm, 158.75 mm): Vertical Wire, length 2.54 mm
[endpoint_off_grid]: Symbol pin or wire end off connection grid
    ; warning
    @(457.20 mm, 158.75 mm): Horizontal Wire, length 5.715 mm
[endpoint_off_grid]: Symbol pin or wire end off connection grid
    ; warning
    @(462.915 mm, 161.29 mm): Vertical Wire, length 2.54 mm
[endpoint_off_grid]: Symbol pin or wire end off connection grid
    ; warning
    @(462.915 mm, 161.29 mm): Vertical Wire, length 1.27 mm
[endpoint_off_grid]: Symbol pin or wire end off connection grid
    ; warning
    @(462.915 mm, 162.56 mm): Vertical Wire, length 1.27 mm
[endpoint_off_grid]: Symbol pin or wire end off connection grid
    ; warning
    @(462.915 mm, 162.56 mm): Symbol C_c1 Pin 1 [Passive, Line]
[footprint_link_issues]: The current configuration does not include the footprint library 'Capacitor_SMD'
    ; warning
    @(462.915 mm, 166.37 mm): Symbol C_c1 [SYM_C_c1]
[lib_symbol_issues]: The current configuration does not include the symbol library 'elt'
    ; warning
    @(462.915 mm, 166.37 mm): Symbol C_c1 [SYM_C_c1]
[endpoint_off_grid]: Symbol pin or wire end off connection grid
    ; warning
    @(462.915 mm, 170.18 mm): Symbol #PWR36 Hidden pin 1 [GND, Power input, Line]
[lib_symbol_issues]: The current configuration does not include the symbol library 'elt'
    ; warning
    @(462.915 mm, 170.18 mm): Symbol #PWR36 [GND]
[endpoint_off_grid]: Symbol pin or wire end off connection grid
    ; warning
    @(462.915 mm, 182.245 mm): Vertical Wire, length 3.81 mm
[endpoint_off_grid]: Symbol pin or wire end off connection grid
    ; warning
    @(462.915 mm, 183.515 mm): Horizontal Wire, length 5.715 mm
[endpoint_off_grid]: Symbol pin or wire end off connection grid
    ; warning
    @(462.915 mm, 184.15 mm): Vertical Wire, length 1.905 mm
[endpoint_off_grid]: Symbol pin or wire end off connection grid
    ; warning
    @(462.915 mm, 186.055 mm): Vertical Wire, length 0.635 mm
[endpoint_off_grid]: Symbol pin or wire end off connection grid
    ; warning
    @(462.915 mm, 186.055 mm): Vertical Wire, length 0.635 mm
[endpoint_off_grid]: Symbol pin or wire end off connection grid
    ; warning
    @(462.915 mm, 186.055 mm): Vertical Wire, length 2.54 mm
[endpoint_off_grid]: Symbol pin or wire end off connection grid
    ; warning
    @(462.915 mm, 186.69 mm): Symbol Cout_U8 Pin 1 [Passive, Line]
[endpoint_off_grid]: Symbol pin or wire end off connection grid
    ; warning
    @(462.915 mm, 186.69 mm): Vertical Wire, length 0.635 mm
[footprint_link_issues]: The current configuration does not include the footprint library 'Capacitor_SMD'
    ; warning
    @(462.915 mm, 190.50 mm): Symbol Cout_U8 [SYM_Cout_U8]
[lib_symbol_issues]: The current configuration does not include the symbol library 'elt'
    ; warning
    @(462.915 mm, 190.50 mm): Symbol Cout_U8 [SYM_Cout_U8]
[endpoint_off_grid]: Symbol pin or wire end off connection grid
    ; warning
    @(462.915 mm, 194.31 mm): Symbol #PWR17 Hidden pin 1 [GND, Power input, Line]
[lib_symbol_issues]: The current configuration does not include the symbol library 'elt'
    ; warning
    @(462.915 mm, 194.31 mm): Symbol #PWR17 [GND]
[endpoint_off_grid]: Symbol pin or wire end off connection grid
    ; warning
    @(464.185 mm, 208.28 mm): Vertical Wire, length 2.54 mm
[endpoint_off_grid]: Symbol pin or wire end off connection grid
    ; warning
    @(464.185 mm, 210.82 mm): Vertical Wire, length 1.27 mm
[endpoint_off_grid]: Symbol pin or wire end off connection grid
    ; warning
    @(464.185 mm, 212.09 mm): Symbol C_VINR Pin 1 [Passive, Line]
[footprint_link_issues]: The current configuration does not include the footprint library 'Capacitor_SMD'
    ; warning
    @(464.185 mm, 215.90 mm): Symbol C_VINR [SYM_C_VINR]
[lib_symbol_issues]: The current configuration does not include the symbol library 'elt'
    ; warning
    @(464.185 mm, 215.90 mm): Symbol C_VINR [SYM_C_VINR]
[endpoint_off_grid]: Symbol pin or wire end off connection grid
    ; warning
    @(464.185 mm, 219.71 mm): Symbol #PWR07 Hidden pin 1 [GND, Power input, Line]
[lib_symbol_issues]: The current configuration does not include the symbol library 'elt'
    ; warning
    @(464.185 mm, 219.71 mm): Symbol #PWR07 [GND]
[endpoint_off_grid]: Symbol pin or wire end off connection grid
    ; warning
    @(464.185 mm, 267.335 mm): Symbol D1 Pin 1 [Passive, Line]
[endpoint_off_grid]: Symbol pin or wire end off connection grid
    ; warning
    @(464.185 mm, 267.335 mm): Horizontal Wire, length 2.54 mm
[footprint_link_issues]: The current configuration does not include the footprint library 'TestPoint'
    ; warning
    @(467.36 mm, 401.955 mm): Symbol TP2 [SYM_TP2]
[lib_symbol_issues]: The current configuration does not include the symbol library 'elt'
    ; warning
    @(467.36 mm, 401.955 mm): Symbol TP2 [SYM_TP2]
[footprint_link_issues]: The current configuration does not include the footprint library 'Diode_SMD'
    ; warning
    @(471.805 mm, 267.335 mm): Symbol D1 [SYM_D1]
[lib_symbol_issues]: The current configuration does not include the symbol library 'elt'
    ; warning
    @(471.805 mm, 267.335 mm): Symbol D1 [SYM_D1]
[endpoint_off_grid]: Symbol pin or wire end off connection grid
    ; warning
    @(473.71 mm, 234.315 mm): Vertical Wire, length 2.54 mm
[endpoint_off_grid]: Symbol pin or wire end off connection grid
    ; warning
    @(473.71 mm, 236.855 mm): Symbol RG1 Pin 1 [Passive, Line]
[footprint_link_issues]: The current configuration does not include the footprint library 'Resistor_SMD'
    ; warning
    @(473.71 mm, 240.665 mm): Symbol RG1 [SYM_RG1]
[lib_symbol_issues]: The current configuration does not include the symbol library 'elt'
    ; warning
    @(473.71 mm, 240.665 mm): Symbol RG1 [SYM_RG1]
[endpoint_off_grid]: Symbol pin or wire end off connection grid
    ; warning
    @(473.71 mm, 244.475 mm): Symbol #PWR03 Hidden pin 1 [GND, Power input, Line]
[lib_symbol_issues]: The current configuration does not include the symbol library 'elt'
    ; warning
    @(473.71 mm, 244.475 mm): Symbol #PWR03 [GND]
[endpoint_off_grid]: Symbol pin or wire end off connection grid
    ; warning
    @(477.52 mm, 310.515 mm): Vertical Wire, length 23.495 mm
[endpoint_off_grid]: Symbol pin or wire end off connection grid
    ; warning
    @(477.52 mm, 310.515 mm): Horizontal Wire, length 5.715 mm
[endpoint_off_grid]: Symbol pin or wire end off connection grid
    ; warning
    @(477.52 mm, 334.645 mm): Vertical Wire, length 24.13 mm
[endpoint_off_grid]: Symbol pin or wire end off connection grid
    ; warning
    @(479.425 mm, 267.335 mm): Symbol #PWR02 Hidden pin 1 [GND, Power input, Line]
[lib_symbol_issues]: The current configuration does not include the symbol library 'elt'
    ; warning
    @(479.425 mm, 267.335 mm): Symbol #PWR02 [GND]
[endpoint_off_grid]: Symbol pin or wire end off connection grid
    ; warning
    @(480.06 mm, 182.245 mm): Horizontal Wire, length 17.145 mm
[endpoint_off_grid]: Symbol pin or wire end off connection grid
    ; warning
    @(480.695 mm, 68.58 mm): Horizontal Wire, length 17.78 mm
[endpoint_off_grid]: Symbol pin or wire end off connection grid
    ; warning
    @(480.695 mm, 69.215 mm): Vertical Wire, length 0.635 mm
[endpoint_off_grid]: Symbol pin or wire end off connection grid
    ; warning
    @(481.33 mm, 182.245 mm): Horizontal Wire, length 1.27 mm
[endpoint_off_grid]: Symbol pin or wire end off connection grid
    ; warning
    @(482.60 mm, 360.045 mm): Vertical Wire, length 2.54 mm
[endpoint_off_grid]: Symbol pin or wire end off connection grid
    ; warning
    @(482.60 mm, 362.585 mm): Vertical Wire, length 1.27 mm
[endpoint_off_grid]: Symbol pin or wire end off connection grid
    ; warning
    @(482.60 mm, 363.855 mm): Symbol Cinh_U8 Pin 1 [Passive, Line]
[footprint_link_issues]: The current configuration does not include the footprint library 'Capacitor_SMD'
    ; warning
    @(482.60 mm, 367.665 mm): Symbol Cinh_U8 [SYM_Cinh_U8]
[lib_symbol_issues]: The current configuration does not include the symbol library 'elt'
    ; warning
    @(482.60 mm, 367.665 mm): Symbol Cinh_U8 [SYM_Cinh_U8]
[endpoint_off_grid]: Symbol pin or wire end off connection grid
    ; warning
    @(482.60 mm, 371.475 mm): Symbol #PWR16 Hidden pin 1 [GND, Power input, Line]
[lib_symbol_issues]: The current configuration does not include the symbol library 'elt'
    ; warning
    @(482.60 mm, 371.475 mm): Symbol #PWR16 [GND]
[endpoint_off_grid]: Symbol pin or wire end off connection grid
    ; warning
    @(483.235 mm, 69.215 mm): Symbol TP3 Pin 1 [Passive, Line]
[endpoint_off_grid]: Symbol pin or wire end off connection grid
    ; warning
    @(483.235 mm, 69.215 mm): Horizontal Wire, length 2.54 mm
[endpoint_off_grid]: Symbol pin or wire end off connection grid
    ; warning
    @(483.235 mm, 88.265 mm): Vertical Wire, length 22.86 mm
[endpoint_off_grid]: Symbol pin or wire end off connection grid
    ; warning
    @(483.235 mm, 111.125 mm): Vertical Wire, length 23.495 mm
[endpoint_off_grid]: Symbol pin or wire end off connection grid
    ; warning
    @(483.235 mm, 111.125 mm): Horizontal Wire, length 5.08 mm
[endpoint_off_grid]: Symbol pin or wire end off connection grid
    ; warning
    @(483.235 mm, 134.62 mm): Vertical Wire, length 22.86 mm
[endpoint_off_grid]: Symbol pin or wire end off connection grid
    ; warning
    @(483.235 mm, 134.62 mm): Horizontal Wire, length 5.08 mm
[endpoint_off_grid]: Symbol pin or wire end off connection grid
    ; warning
    @(483.235 mm, 157.48 mm): Vertical Wire, length 24.765 mm
[endpoint_off_grid]: Symbol pin or wire end off connection grid
    ; warning
    @(483.235 mm, 157.48 mm): Horizontal Wire, length 5.08 mm
[endpoint_off_grid]: Symbol pin or wire end off connection grid
    ; warning
    @(483.235 mm, 182.245 mm): Horizontal Wire, length 5.08 mm
[endpoint_off_grid]: Symbol pin or wire end off connection grid
    ; warning
    @(477.52 mm, 287.02 mm): Horizontal Wire, length 5.715 mm
[endpoint_off_grid]: Symbol pin or wire end off connection grid
    ; warning
    @(483.235 mm, 287.02 mm): Vertical Wire, length 2.54 mm
[endpoint_off_grid]: Symbol pin or wire end off connection grid
    ; warning
    @(483.235 mm, 289.56 mm): Vertical Wire, length 0.635 mm
[endpoint_off_grid]: Symbol pin or wire end off connection grid
    ; warning
    @(483.235 mm, 290.195 mm): Symbol C_5V3 Pin 1 [Passive, Line]
[footprint_link_issues]: The current configuration does not include the footprint library 'Capacitor_SMD'
    ; warning
    @(483.235 mm, 294.005 mm): Symbol C_5V3 [SYM_C_5V3]
[lib_symbol_issues]: The current configuration does not include the symbol library 'elt'
    ; warning
    @(483.235 mm, 294.005 mm): Symbol C_5V3 [SYM_C_5V3]
[endpoint_off_grid]: Symbol pin or wire end off connection grid
    ; warning
    @(483.235 mm, 297.815 mm): Symbol #PWR06 Hidden pin 1 [GND, Power input, Line]
[lib_symbol_issues]: The current configuration does not include the symbol library 'elt'
    ; warning
    @(483.235 mm, 297.815 mm): Symbol #PWR06 [GND]
[endpoint_off_grid]: Symbol pin or wire end off connection grid
    ; warning
    @(483.235 mm, 310.515 mm): Vertical Wire, length 2.54 mm
[endpoint_off_grid]: Symbol pin or wire end off connection grid
    ; warning
    @(483.235 mm, 310.515 mm): Horizontal Wire, length 5.715 mm
[endpoint_off_grid]: Symbol pin or wire end off connection grid
    ; warning
    @(483.235 mm, 313.055 mm): Vertical Wire, length 2.54 mm
[endpoint_off_grid]: Symbol pin or wire end off connection grid
    ; warning
    @(483.235 mm, 313.055 mm): Vertical Wire, length 1.27 mm
[endpoint_off_grid]: Symbol pin or wire end off connection grid
    ; warning
    @(483.235 mm, 314.325 mm): Vertical Wire, length 1.27 mm
[endpoint_off_grid]: Symbol pin or wire end off connection grid
    ; warning
    @(483.235 mm, 314.325 mm): Symbol Cin_U7 Pin 1 [Passive, Line]
[footprint_link_issues]: The current configuration does not include the footprint library 'Capacitor_SMD'
    ; warning
    @(483.235 mm, 318.135 mm): Symbol Cin_U7 [SYM_Cin_U7]
[lib_symbol_issues]: The current configuration does not include the symbol library 'elt'
    ; warning
    @(483.235 mm, 318.135 mm): Symbol Cin_U7 [SYM_Cin_U7]
[endpoint_off_grid]: Symbol pin or wire end off connection grid
    ; warning
    @(483.235 mm, 321.945 mm): Symbol #PWR09 Hidden pin 1 [GND, Power input, Line]
[lib_symbol_issues]: The current configuration does not include the symbol library 'elt'
    ; warning
    @(483.235 mm, 321.945 mm): Symbol #PWR09 [GND]
[endpoint_off_grid]: Symbol pin or wire end off connection grid
    ; warning
    @(483.235 mm, 334.645 mm): Horizontal Wire, length 5.715 mm
[endpoint_off_grid]: Symbol pin or wire end off connection grid
    ; warning
    @(483.235 mm, 334.645 mm): Vertical Wire, length 2.54 mm
[endpoint_off_grid]: Symbol pin or wire end off connection grid
    ; warning
    @(483.235 mm, 337.185 mm): Vertical Wire, length 1.27 mm
[endpoint_off_grid]: Symbol pin or wire end off connection grid
    ; warning
    @(483.235 mm, 337.185 mm): Vertical Wire, length 2.54 mm
[endpoint_off_grid]: Symbol pin or wire end off connection grid
    ; warning
    @(483.235 mm, 338.455 mm): Symbol Cin_U8 Pin 1 [Passive, Line]
[endpoint_off_grid]: Symbol pin or wire end off connection grid
    ; warning
    @(483.235 mm, 338.455 mm): Vertical Wire, length 1.27 mm
[footprint_link_issues]: The current configuration does not include the footprint library 'Capacitor_SMD'
    ; warning
    @(483.235 mm, 342.265 mm): Symbol Cin_U8 [SYM_Cin_U8]
[lib_symbol_issues]: The current configuration does not include the symbol library 'elt'
    ; warning
    @(483.235 mm, 342.265 mm): Symbol Cin_U8 [SYM_Cin_U8]
[endpoint_off_grid]: Symbol pin or wire end off connection grid
    ; warning
    @(483.235 mm, 346.075 mm): Symbol #PWR15 Hidden pin 1 [GND, Power input, Line]
[lib_symbol_issues]: The current configuration does not include the symbol library 'elt'
    ; warning
    @(483.235 mm, 346.075 mm): Symbol #PWR15 [GND]
[endpoint_off_grid]: Symbol pin or wire end off connection grid
    ; warning
    @(485.775 mm, 217.17 mm): Symbol R_fb2a Pin 1 [Passive, Line]
[endpoint_off_grid]: Symbol pin or wire end off connection grid
    ; warning
    @(488.315 mm, 88.265 mm): Horizontal Wire, length 5.08 mm
[endpoint_off_grid]: Symbol pin or wire end off connection grid
    ; warning
    @(488.315 mm, 90.805 mm): Vertical Wire, length 2.54 mm
[endpoint_off_grid]: Symbol pin or wire end off connection grid
    ; warning
    @(488.315 mm, 92.075 mm): Symbol C_c8 Pin 1 [Passive, Line]
[endpoint_off_grid]: Symbol pin or wire end off connection grid
    ; warning
    @(488.315 mm, 92.075 mm): Vertical Wire, length 1.27 mm
[footprint_link_issues]: The current configuration does not include the footprint library 'Capacitor_SMD'
    ; warning
    @(488.315 mm, 95.885 mm): Symbol C_c8 [SYM_C_c8]
[lib_symbol_issues]: The current configuration does not include the symbol library 'elt'
    ; warning
    @(488.315 mm, 95.885 mm): Symbol C_c8 [SYM_C_c8]
[endpoint_off_grid]: Symbol pin or wire end off connection grid
    ; warning
    @(488.315 mm, 99.695 mm): Symbol #PWR43 Hidden pin 1 [GND, Power input, Line]
[lib_symbol_issues]: The current configuration does not include the symbol library 'elt'
    ; warning
    @(488.315 mm, 99.695 mm): Symbol #PWR43 [GND]
[endpoint_off_grid]: Symbol pin or wire end off connection grid
    ; warning
    @(488.315 mm, 111.125 mm): Vertical Wire, length 2.54 mm
[endpoint_off_grid]: Symbol pin or wire end off connection grid
    ; warning
    @(488.315 mm, 111.125 mm): Horizontal Wire, length 5.08 mm
[endpoint_off_grid]: Symbol pin or wire end off connection grid
    ; warning
    @(488.315 mm, 113.665 mm): Vertical Wire, length 1.27 mm
[endpoint_off_grid]: Symbol pin or wire end off connection grid
    ; warning
    @(488.315 mm, 113.665 mm): Vertical Wire, length 2.54 mm
[endpoint_off_grid]: Symbol pin or wire end off connection grid
    ; warning
    @(488.315 mm, 114.935 mm): Vertical Wire, length 1.27 mm
[endpoint_off_grid]: Symbol pin or wire end off connection grid
    ; warning
    @(488.315 mm, 114.935 mm): Symbol C_c6 Pin 1 [Passive, Line]
[footprint_link_issues]: The current configuration does not include the footprint library 'Capacitor_SMD'
    ; warning
    @(488.315 mm, 118.745 mm): Symbol C_c6 [SYM_C_c6]
[lib_symbol_issues]: The current configuration does not include the symbol library 'elt'
    ; warning
    @(488.315 mm, 118.745 mm): Symbol C_c6 [SYM_C_c6]
[endpoint_off_grid]: Symbol pin or wire end off connection grid
    ; warning
    @(488.315 mm, 122.555 mm): Symbol #PWR41 Hidden pin 1 [GND, Power input, Line]
[lib_symbol_issues]: The current configuration does not include the symbol library 'elt'
    ; warning
    @(488.315 mm, 122.555 mm): Symbol #PWR41 [GND]
[endpoint_off_grid]: Symbol pin or wire end off connection grid
    ; warning
    @(488.315 mm, 134.62 mm): Horizontal Wire, length 5.08 mm
[endpoint_off_grid]: Symbol pin or wire end off connection grid
    ; warning
    @(488.315 mm, 134.62 mm): Vertical Wire, length 2.54 mm
[endpoint_off_grid]: Symbol pin or wire end off connection grid
    ; warning
    @(488.315 mm, 137.16 mm): Vertical Wire, length 2.54 mm
[endpoint_off_grid]: Symbol pin or wire end off connection grid
    ; warning
    @(488.315 mm, 137.16 mm): Vertical Wire, length 0.635 mm
[endpoint_off_grid]: Symbol pin or wire end off connection grid
    ; warning
    @(488.315 mm, 137.795 mm): Symbol C_c4 Pin 1 [Passive, Line]
[endpoint_off_grid]: Symbol pin or wire end off connection grid
    ; warning
    @(488.315 mm, 137.795 mm): Vertical Wire, length 0.635 mm
[footprint_link_issues]: The current configuration does not include the footprint library 'Capacitor_SMD'
    ; warning
    @(488.315 mm, 141.605 mm): Symbol C_c4 [SYM_C_c4]
[lib_symbol_issues]: The current configuration does not include the symbol library 'elt'
    ; warning
    @(488.315 mm, 141.605 mm): Symbol C_c4 [SYM_C_c4]
[endpoint_off_grid]: Symbol pin or wire end off connection grid
    ; warning
    @(488.315 mm, 145.415 mm): Symbol #PWR39 Hidden pin 1 [GND, Power input, Line]
[lib_symbol_issues]: The current configuration does not include the symbol library 'elt'
    ; warning
    @(488.315 mm, 145.415 mm): Symbol #PWR39 [GND]
[endpoint_off_grid]: Symbol pin or wire end off connection grid
    ; warning
    @(488.315 mm, 157.48 mm): Horizontal Wire, length 5.08 mm
[endpoint_off_grid]: Symbol pin or wire end off connection grid
    ; warning
    @(488.315 mm, 157.48 mm): Vertical Wire, length 2.54 mm
[endpoint_off_grid]: Symbol pin or wire end off connection grid
    ; warning
    @(488.315 mm, 160.02 mm): Vertical Wire, length 2.54 mm
[endpoint_off_grid]: Symbol pin or wire end off connection grid
    ; warning
    @(488.315 mm, 160.02 mm): Vertical Wire, length 0.635 mm
[endpoint_off_grid]: Symbol pin or wire end off connection grid
    ; warning
    @(488.315 mm, 160.655 mm): Vertical Wire, length 0.635 mm
[endpoint_off_grid]: Symbol pin or wire end off connection grid
    ; warning
    @(488.315 mm, 160.655 mm): Symbol C_c2 Pin 1 [Passive, Line]
[footprint_link_issues]: The current configuration does not include the footprint library 'Capacitor_SMD'
    ; warning
    @(488.315 mm, 164.465 mm): Symbol C_c2 [SYM_C_c2]
[lib_symbol_issues]: The current configuration does not include the symbol library 'elt'
    ; warning
    @(488.315 mm, 164.465 mm): Symbol C_c2 [SYM_C_c2]
[endpoint_off_grid]: Symbol pin or wire end off connection grid
    ; warning
    @(488.315 mm, 168.275 mm): Symbol #PWR37 Hidden pin 1 [GND, Power input, Line]
[lib_symbol_issues]: The current configuration does not include the symbol library 'elt'
    ; warning
    @(488.315 mm, 168.275 mm): Symbol #PWR37 [GND]
[endpoint_off_grid]: Symbol pin or wire end off connection grid
    ; warning
    @(488.315 mm, 182.245 mm): Horizontal Wire, length 6.985 mm
[endpoint_off_grid]: Symbol pin or wire end off connection grid
    ; warning
    @(488.315 mm, 182.245 mm): Vertical Wire, length 2.54 mm
[endpoint_off_grid]: Symbol pin or wire end off connection grid
    ; warning
    @(488.315 mm, 184.785 mm): Vertical Wire, length 1.27 mm
[endpoint_off_grid]: Symbol pin or wire end off connection grid
    ; warning
    @(488.315 mm, 184.785 mm): Vertical Wire, length 2.54 mm
[endpoint_off_grid]: Symbol pin or wire end off connection grid
    ; warning
    @(488.315 mm, 186.055 mm): Symbol Couth_U8 Pin 1 [Passive, Line]
[endpoint_off_grid]: Symbol pin or wire end off connection grid
    ; warning
    @(488.315 mm, 186.055 mm): Vertical Wire, length 1.27 mm
[footprint_link_issues]: The current configuration does not include the footprint library 'Capacitor_SMD'
    ; warning
    @(488.315 mm, 189.865 mm): Symbol Couth_U8 [SYM_Couth_U8]
[lib_symbol_issues]: The current configuration does not include the symbol library 'elt'
    ; warning
    @(488.315 mm, 189.865 mm): Symbol Couth_U8 [SYM_Couth_U8]
[endpoint_off_grid]: Symbol pin or wire end off connection grid
    ; warning
    @(488.315 mm, 193.675 mm): Symbol #PWR18 Hidden pin 1 [GND, Power input, Line]
[lib_symbol_issues]: The current configuration does not include the symbol library 'elt'
    ; warning
    @(488.315 mm, 193.675 mm): Symbol #PWR18 [GND]
[footprint_link_issues]: The current configuration does not include the footprint library 'Resistor_SMD'
    ; warning
    @(489.585 mm, 217.17 mm): Symbol R_fb2a [SYM_R_fb2a]
[lib_symbol_issues]: The current configuration does not include the symbol library 'elt'
    ; warning
    @(489.585 mm, 217.17 mm): Symbol R_fb2a [SYM_R_fb2a]
[endpoint_off_grid]: Symbol pin or wire end off connection grid
    ; warning
    @(499.11 mm, 217.17 mm): Horizontal Wire, length 5.715 mm
[footprint_link_issues]: The current configuration does not include the footprint library 'TestPoint'
    ; warning
    @(495.935 mm, 69.215 mm): Symbol TP3 [SYM_TP3]
[lib_symbol_issues]: The current configuration does not include the symbol library 'elt'
    ; warning
    @(495.935 mm, 69.215 mm): Symbol TP3 [SYM_TP3]
[endpoint_off_grid]: Symbol pin or wire end off connection grid
    ; warning
    @(498.475 mm, 334.645 mm): Horizontal Wire, length 15.24 mm
[endpoint_off_grid]: Symbol pin or wire end off connection grid
    ; warning
    @(498.475 mm, 339.09 mm): Vertical Wire, length 4.445 mm
[footprint_link_issues]: The current configuration does not include the footprint library 'Resistor_SMD'
    ; warning
    @(499.11 mm, 241.30 mm): Symbol R_fb2b [SYM_R_fb2b]
[lib_symbol_issues]: The current configuration does not include the symbol library 'elt'
    ; warning
    @(499.11 mm, 241.30 mm): Symbol R_fb2b [SYM_R_fb2b]
[lib_symbol_issues]: The current configuration does not include the symbol library 'elt'
    ; warning
    @(499.11 mm, 245.11 mm): Symbol #PWR19 [GND]
[footprint_link_issues]: The current configuration does not include the footprint library 'Capacitor_SMD'
    ; warning
    @(500.38 mm, 269.24 mm): Symbol Cout_U10 [SYM_Cout_U10]
[lib_symbol_issues]: The current configuration does not include the symbol library 'elt'
    ; warning
    @(500.38 mm, 269.24 mm): Symbol Cout_U10 [SYM_Cout_U10]
[lib_symbol_issues]: The current configuration does not include the symbol library 'elt'
    ; warning
    @(500.38 mm, 273.05 mm): Symbol #PWR25 [GND]
[endpoint_off_grid]: Symbol pin or wire end off connection grid
    ; warning
    @(503.555 mm, 339.09 mm): Horizontal Wire, length 5.08 mm
[endpoint_off_grid]: Symbol pin or wire end off connection grid
    ; warning
    @(503.555 mm, 339.09 mm): Symbol TP1 Pin 1 [Passive, Line]
[endpoint_off_grid]: Symbol pin or wire end off connection grid
    ; warning
    @(508.635 mm, 360.045 mm): Horizontal Wire, length 26.035 mm
[endpoint_off_grid]: Symbol pin or wire end off connection grid
    ; warning
    @(508.635 mm, 362.585 mm): Vertical Wire, length 2.54 mm
[endpoint_off_grid]: Symbol pin or wire end off connection grid
    ; warning
    @(508.635 mm, 363.855 mm): Symbol Cin_U10 Pin 1 [Passive, Line]
[endpoint_off_grid]: Symbol pin or wire end off connection grid
    ; warning
    @(508.635 mm, 363.855 mm): Vertical Wire, length 1.27 mm
[footprint_link_issues]: The current configuration does not include the footprint library 'Capacitor_SMD'
    ; warning
    @(508.635 mm, 367.665 mm): Symbol Cin_U10 [SYM_Cin_U10]
[lib_symbol_issues]: The current configuration does not include the symbol library 'elt'
    ; warning
    @(508.635 mm, 367.665 mm): Symbol Cin_U10 [SYM_Cin_U10]
[endpoint_off_grid]: Symbol pin or wire end off connection grid
    ; warning
    @(508.635 mm, 371.475 mm): Symbol #PWR24 Hidden pin 1 [GND, Power input, Line]
[lib_symbol_issues]: The current configuration does not include the symbol library 'elt'
    ; warning
    @(508.635 mm, 371.475 mm): Symbol #PWR24 [GND]
[endpoint_off_grid]: Symbol pin or wire end off connection grid
    ; warning
    @(513.08 mm, 291.465 mm): Symbol Couth_U10 Pin 1 [Passive, Line]
[footprint_link_issues]: The current configuration does not include the footprint library 'Capacitor_SMD'
    ; warning
    @(513.08 mm, 295.275 mm): Symbol Couth_U10 [SYM_Couth_U10]
[lib_symbol_issues]: The current configuration does not include the symbol library 'elt'
    ; warning
    @(513.08 mm, 295.275 mm): Symbol Couth_U10 [SYM_Couth_U10]
[endpoint_off_grid]: Symbol pin or wire end off connection grid
    ; warning
    @(513.08 mm, 299.085 mm): Symbol #PWR26 Hidden pin 1 [GND, Power input, Line]
[lib_symbol_issues]: The current configuration does not include the symbol library 'elt'
    ; warning
    @(513.08 mm, 299.085 mm): Symbol #PWR26 [GND]
[footprint_link_issues]: The current configuration does not include the footprint library 'TestPoint'
    ; warning
    @(516.255 mm, 339.09 mm): Symbol TP1 [SYM_TP1]
[lib_symbol_issues]: The current configuration does not include the symbol library 'elt'
    ; warning
    @(516.255 mm, 339.09 mm): Symbol TP1 [SYM_TP1]
[endpoint_off_grid]: Symbol pin or wire end off connection grid
    ; warning
    @(523.875 mm, 234.315 mm): Horizontal Wire, length 26.035 mm
[endpoint_off_grid]: Symbol pin or wire end off connection grid
    ; warning
    @(523.875 mm, 236.855 mm): Vertical Wire, length 2.54 mm
[endpoint_off_grid]: Symbol pin or wire end off connection grid
    ; warning
    @(523.875 mm, 237.49 mm): Vertical Wire, length 0.635 mm
[endpoint_off_grid]: Symbol pin or wire end off connection grid
    ; warning
    @(523.875 mm, 237.49 mm): Symbol C_avdd2b Pin 1 [Passive, Line]
[footprint_link_issues]: The current configuration does not include the footprint library 'Capacitor_SMD'
    ; warning
    @(523.875 mm, 241.30 mm): Symbol C_avdd2b [SYM_C_avdd2b]
[lib_symbol_issues]: The current configuration does not include the symbol library 'elt'
    ; warning
    @(523.875 mm, 241.30 mm): Symbol C_avdd2b [SYM_C_avdd2b]
[endpoint_off_grid]: Symbol pin or wire end off connection grid
    ; warning
    @(523.875 mm, 245.11 mm): Symbol #PWR80 Hidden pin 1 [GND, Power input, Line]
[lib_symbol_issues]: The current configuration does not include the symbol library 'elt'
    ; warning
    @(523.875 mm, 245.11 mm): Symbol #PWR80 [GND]
[footprint_link_issues]: The current configuration does not include the footprint library 'Capacitor_SMD'
    ; warning
    @(525.78 mm, 269.24 mm): Symbol C_avdd2a [SYM_C_avdd2a]
[lib_symbol_issues]: The current configuration does not include the symbol library 'elt'
    ; warning
    @(525.78 mm, 269.24 mm): Symbol C_avdd2a [SYM_C_avdd2a]
[lib_symbol_issues]: The current configuration does not include the symbol library 'elt'
    ; warning
    @(525.78 mm, 273.05 mm): Symbol #PWR79 [GND]
[endpoint_off_grid]: Symbol pin or wire end off connection grid
    ; warning
    @(549.91 mm, 234.315 mm): Vertical Wire, length 2.54 mm
[endpoint_off_grid]: Symbol pin or wire end off connection grid
    ; warning
    @(549.91 mm, 234.315 mm): Vertical Wire, length 2.54 mm
[endpoint_off_grid]: Symbol pin or wire end off connection grid
    ; warning
    @(549.91 mm, 236.855 mm): Vertical Wire, length 0.635 mm
[endpoint_off_grid]: Symbol pin or wire end off connection grid
    ; warning
    @(549.91 mm, 236.855 mm): Vertical Wire, length 0.635 mm
[footprint_link_issues]: The current configuration does not include the footprint library 'Capacitor_SMD'
    ; warning
    @(549.91 mm, 241.30 mm): Symbol C_avdd3a [SYM_C_avdd3a]
[lib_symbol_issues]: The current configuration does not include the symbol library 'elt'
    ; warning
    @(549.91 mm, 241.30 mm): Symbol C_avdd3a [SYM_C_avdd3a]
[lib_symbol_issues]: The current configuration does not include the symbol library 'elt'
    ; warning
    @(549.91 mm, 245.11 mm): Symbol #PWR91 [GND]
[endpoint_off_grid]: Symbol pin or wire end off connection grid
    ; warning
    @(551.815 mm, 261.62 mm): Horizontal Wire, length 26.035 mm
[endpoint_off_grid]: Symbol pin or wire end off connection grid
    ; warning
    @(551.815 mm, 264.16 mm): Vertical Wire, length 2.54 mm
[endpoint_off_grid]: Symbol pin or wire end off connection grid
    ; warning
    @(551.815 mm, 265.43 mm): Vertical Wire, length 1.27 mm
[endpoint_off_grid]: Symbol pin or wire end off connection grid
    ; warning
    @(551.815 mm, 265.43 mm): Symbol C_avdd3b Pin 1 [Passive, Line]
[footprint_link_issues]: The current configuration does not include the footprint library 'Capacitor_SMD'
    ; warning
    @(551.815 mm, 269.24 mm): Symbol C_avdd3b [SYM_C_avdd3b]
[lib_symbol_issues]: The current configuration does not include the symbol library 'elt'
    ; warning
    @(551.815 mm, 269.24 mm): Symbol C_avdd3b [SYM_C_avdd3b]
[endpoint_off_grid]: Symbol pin or wire end off connection grid
    ; warning
    @(551.815 mm, 273.05 mm): Symbol #PWR92 Hidden pin 1 [GND, Power input, Line]
[lib_symbol_issues]: The current configuration does not include the symbol library 'elt'
    ; warning
    @(551.815 mm, 273.05 mm): Symbol #PWR92 [GND]
[endpoint_off_grid]: Symbol pin or wire end off connection grid
    ; warning
    @(564.515 mm, 234.315 mm): Horizontal Wire, length 14.605 mm
[endpoint_off_grid]: Symbol pin or wire end off connection grid
    ; warning
    @(564.515 mm, 240.03 mm): Vertical Wire, length 5.715 mm
[endpoint_off_grid]: Symbol pin or wire end off connection grid
    ; warning
    @(570.865 mm, 240.03 mm): Symbol TP5 Pin 1 [Passive, Line]
[endpoint_off_grid]: Symbol pin or wire end off connection grid
    ; warning
    @(570.865 mm, 240.03 mm): Horizontal Wire, length 6.35 mm
[footprint_link_issues]: The current configuration does not include the footprint library 'TestPoint'
    ; warning
    @(582.93 mm, 240.03 mm): Symbol TP5 [SYM_TP5]
[lib_symbol_issues]: The current configuration does not include the symbol library 'elt'
    ; warning
    @(582.93 mm, 240.03 mm): Symbol TP5 [SYM_TP5]

 ** ERC messages: 1332  Errors 0  Warnings 1332

 ** Ignored checks:
    - Global label only appears once in the schematic
    - Four connection points are joined together
    - SPICE model issue
    - Assigned footprint doesn't match footprint filters
