ERC report (2026-07-20T11:39:05, Encoding UTF8)
Report includes: Errors, Warnings, Exclusions

***** Sheet /
[endpoint_off_grid]: Symbol pin or wire end off connection grid
    ; warning
    @(29.845 mm, 353.695 mm): Horizontal Wire, length 4.445 mm
[endpoint_off_grid]: Symbol pin or wire end off connection grid
    ; warning
    @(29.845 mm, 354.965 mm): Vertical Wire, length 1.27 mm
[endpoint_off_grid]: Symbol pin or wire end off connection grid
    ; warning
    @(29.845 mm, 356.235 mm): Symbol C2 Pin 1 [Passive, Line]
[endpoint_off_grid]: Symbol pin or wire end off connection grid
    ; warning
    @(29.845 mm, 356.235 mm): Vertical Wire, length 1.27 mm
[footprint_link_issues]: The current configuration does not include the footprint library 'Capacitor_SMD'
    ; warning
    @(29.845 mm, 360.045 mm): Symbol C2 [SYM_C2]
[lib_symbol_issues]: The current configuration does not include the symbol library 'elt'
    ; warning
    @(29.845 mm, 360.045 mm): Symbol C2 [SYM_C2]
[endpoint_off_grid]: Symbol pin or wire end off connection grid
    ; warning
    @(29.845 mm, 363.855 mm): Symbol #FLG01 Hidden pin 1 [pwr, Power output, Line]
[endpoint_off_grid]: Symbol pin or wire end off connection grid
    ; warning
    @(29.845 mm, 363.855 mm): Symbol #PWR08 Hidden pin 1 [GND, Power input, Line]
[lib_symbol_issues]: The current configuration does not include the symbol library 'elt'
    ; warning
    @(29.845 mm, 363.855 mm): Symbol #FLG01 [PWR_FLAG]
[lib_symbol_issues]: The current configuration does not include the symbol library 'elt'
    ; warning
    @(29.845 mm, 363.855 mm): Symbol #PWR08 [GND]
[endpoint_off_grid]: Symbol pin or wire end off connection grid
    ; warning
    @(31.75 mm, 381.635 mm): Horizontal Wire, length 4.445 mm
[endpoint_off_grid]: Symbol pin or wire end off connection grid
    ; warning
    @(31.75 mm, 382.905 mm): Vertical Wire, length 1.27 mm
[endpoint_off_grid]: Symbol pin or wire end off connection grid
    ; warning
    @(31.75 mm, 384.175 mm): Symbol C16 Pin 1 [Passive, Line]
[endpoint_off_grid]: Symbol pin or wire end off connection grid
    ; warning
    @(31.75 mm, 384.175 mm): Vertical Wire, length 1.27 mm
[footprint_link_issues]: The current configuration does not include the footprint library 'Capacitor_SMD'
    ; warning
    @(31.75 mm, 387.985 mm): Symbol C16 [SYM_C16]
[lib_symbol_issues]: The current configuration does not include the symbol library 'elt'
    ; warning
    @(31.75 mm, 387.985 mm): Symbol C16 [SYM_C16]
[endpoint_off_grid]: Symbol pin or wire end off connection grid
    ; warning
    @(31.75 mm, 391.795 mm): Symbol #PWR07 Hidden pin 1 [GND, Power input, Line]
[lib_symbol_issues]: The current configuration does not include the symbol library 'elt'
    ; warning
    @(31.75 mm, 391.795 mm): Symbol #PWR07 [GND]
[endpoint_off_grid]: Symbol pin or wire end off connection grid
    ; warning
    @(40.005 mm, 191.135 mm): Horizontal Wire, length 2.54 mm
[endpoint_off_grid]: Symbol pin or wire end off connection grid
    ; warning
    @(40.005 mm, 203.20 mm): Vertical Wire, length 12.065 mm
[endpoint_off_grid]: Symbol pin or wire end off connection grid
    ; warning
    @(42.545 mm, 191.135 mm): Symbol R33 Pin 1 [Passive, Line]
[endpoint_off_grid]: Symbol pin or wire end off connection grid
    ; warning
    @(42.545 mm, 215.265 mm): Symbol R21 Pin 1 [Passive, Line]
[endpoint_off_grid]: Symbol pin or wire end off connection grid
    ; warning
    @(45.085 mm, 314.325 mm): Symbol C1 Pin 1 [Passive, Line]
[footprint_link_issues]: The current configuration does not include the footprint library 'Resistor_SMD'
    ; warning
    @(46.355 mm, 191.135 mm): Symbol R33 [SYM_R33]
[lib_symbol_issues]: The current configuration does not include the symbol library 'elt'
    ; warning
    @(46.355 mm, 191.135 mm): Symbol R33 [SYM_R33]
[footprint_link_issues]: The current configuration does not include the footprint library 'Resistor_SMD'
    ; warning
    @(46.355 mm, 215.265 mm): Symbol R21 [SYM_R21]
[lib_symbol_issues]: The current configuration does not include the symbol library 'elt'
    ; warning
    @(46.355 mm, 215.265 mm): Symbol R21 [SYM_R21]
[endpoint_off_grid]: Symbol pin or wire end off connection grid
    ; warning
    @(46.355 mm, 227.33 mm): Vertical Wire, length 8.255 mm
[endpoint_off_grid]: Symbol pin or wire end off connection grid
    ; warning
    @(46.355 mm, 235.585 mm): Symbol R34 Pin 1 [Passive, Line]
[footprint_link_issues]: The current configuration does not include the footprint library 'Resistor_SMD'
    ; warning
    @(46.355 mm, 239.395 mm): Symbol R34 [SYM_R34]
[lib_symbol_issues]: The current configuration does not include the symbol library 'elt'
    ; warning
    @(46.355 mm, 239.395 mm): Symbol R34 [SYM_R34]
[endpoint_off_grid]: Symbol pin or wire end off connection grid
    ; warning
    @(46.355 mm, 243.205 mm): Symbol #PWR30 Hidden pin 1 [GND, Power input, Line]
[lib_symbol_issues]: The current configuration does not include the symbol library 'elt'
    ; warning
    @(46.355 mm, 243.205 mm): Symbol #PWR30 [GND]
[footprint_link_issues]: The current configuration does not include the footprint library 'Capacitor_SMD'
    ; warning
    @(48.895 mm, 314.325 mm): Symbol C1 [SYM_C1]
[lib_symbol_issues]: The current configuration does not include the symbol library 'elt'
    ; warning
    @(48.895 mm, 314.325 mm): Symbol C1 [SYM_C1]
[endpoint_off_grid]: Symbol pin or wire end off connection grid
    ; warning
    @(49.53 mm, 352.425 mm): Horizontal Wire, length 10.795 mm
[endpoint_off_grid]: Symbol pin or wire end off connection grid
    ; warning
    @(49.53 mm, 364.49 mm): Vertical Wire, length 12.065 mm
[endpoint_off_grid]: Symbol pin or wire end off connection grid
    ; warning
    @(50.165 mm, 191.135 mm): Horizontal Wire, length 3.81 mm
[endpoint_off_grid]: Symbol pin or wire end off connection grid
    ; warning
    @(50.165 mm, 215.265 mm): Horizontal Wire, length 1.27 mm
[endpoint_off_grid]: Symbol pin or wire end off connection grid
    ; warning
    @(50.165 mm, 340.36 mm): Symbol R1 Pin 1 [Passive, Line]
[endpoint_off_grid]: Symbol pin or wire end off connection grid
    ; warning
    @(51.435 mm, 203.20 mm): Horizontal Wire, length 11.43 mm
[endpoint_off_grid]: Symbol pin or wire end off connection grid
    ; warning
    @(51.435 mm, 215.265 mm): Vertical Wire, length 12.065 mm
[endpoint_off_grid]: Symbol pin or wire end off connection grid
    ; warning
    @(52.705 mm, 364.49 mm): Symbol R2 Pin 1 [Passive, Line]
[endpoint_off_grid]: Symbol pin or wire end off connection grid
    ; warning
    @(52.705 mm, 364.49 mm): Horizontal Wire, length 3.175 mm
[endpoint_off_grid]: Symbol pin or wire end off connection grid
    ; warning
    @(53.975 mm, 191.135 mm): Vertical Wire, length 36.195 mm
[endpoint_off_grid]: Symbol pin or wire end off connection grid
    ; warning
    @(53.975 mm, 227.33 mm): Horizontal Wire, length 7.62 mm
[footprint_link_issues]: The current configuration does not include the footprint library 'Resistor_SMD'
    ; warning
    @(53.975 mm, 340.36 mm): Symbol R1 [SYM_R1]
[lib_symbol_issues]: The current configuration does not include the symbol library 'elt'
    ; warning
    @(53.975 mm, 340.36 mm): Symbol R1 [SYM_R1]
[footprint_link_issues]: The current configuration does not include the footprint library 'Resistor_SMD'
    ; warning
    @(56.515 mm, 364.49 mm): Symbol R2 [SYM_R2]
[lib_symbol_issues]: The current configuration does not include the symbol library 'elt'
    ; warning
    @(56.515 mm, 364.49 mm): Symbol R2 [SYM_R2]
[footprint_link_issues]: The current configuration does not include the footprint library 'Resistor_SMD'
    ; warning
    @(57.15 mm, 388.62 mm): Symbol R3 [SYM_R3]
[lib_symbol_issues]: The current configuration does not include the symbol library 'elt'
    ; warning
    @(57.15 mm, 388.62 mm): Symbol R3 [SYM_R3]
[lib_symbol_issues]: The current configuration does not include the symbol library 'elt'
    ; warning
    @(57.15 mm, 392.43 mm): Symbol #PWR06 [GND]
[endpoint_off_grid]: Symbol pin or wire end off connection grid
    ; warning
    @(60.325 mm, 340.36 mm): Horizontal Wire, length 2.54 mm
[endpoint_off_grid]: Symbol pin or wire end off connection grid
    ; warning
    @(60.325 mm, 352.425 mm): Vertical Wire, length 12.065 mm
[endpoint_off_grid]: Symbol pin or wire end off connection grid
    ; warning
    @(63.50 mm, 364.49 mm): Horizontal Wire, length 3.175 mm
[endpoint_off_grid]: Symbol pin or wire end off connection grid
    ; warning
    @(62.23 mm, 409.575 mm): Vertical Wire, length 2.54 mm
[endpoint_off_grid]: Symbol pin or wire end off connection grid
    ; warning
    @(62.23 mm, 412.115 mm): Symbol R5 Pin 1 [Passive, Line]
[footprint_link_issues]: The current configuration does not include the footprint library 'Resistor_SMD'
    ; warning
    @(62.23 mm, 415.925 mm): Symbol R5 [SYM_R5]
[lib_symbol_issues]: The current configuration does not include the symbol library 'elt'
    ; warning
    @(62.23 mm, 415.925 mm): Symbol R5 [SYM_R5]
[endpoint_off_grid]: Symbol pin or wire end off connection grid
    ; warning
    @(62.23 mm, 419.735 mm): Symbol #PWR09 Hidden pin 1 [GND, Power input, Line]
[lib_symbol_issues]: The current configuration does not include the symbol library 'elt'
    ; warning
    @(62.23 mm, 419.735 mm): Symbol #PWR09 [GND]
[endpoint_off_grid]: Symbol pin or wire end off connection grid
    ; warning
    @(65.405 mm, 76.835 mm): Symbol CA9 Pin 1 [Passive, Line]
[endpoint_off_grid]: Symbol pin or wire end off connection grid
    ; warning
    @(65.405 mm, 217.805 mm): Symbol CB9 Pin 1 [Passive, Line]
[footprint_link_issues]: The current configuration does not include the footprint library 'Capacitor_SMD'
    ; warning
    @(69.215 mm, 76.835 mm): Symbol CA9 [SYM_CA9]
[lib_symbol_issues]: The current configuration does not include the symbol library 'elt'
    ; warning
    @(69.215 mm, 76.835 mm): Symbol CA9 [SYM_CA9]
[footprint_link_issues]: The current configuration does not include the footprint library 'Capacitor_SMD'
    ; warning
    @(69.215 mm, 217.805 mm): Symbol CB9 [SYM_CB9]
[lib_symbol_issues]: The current configuration does not include the symbol library 'elt'
    ; warning
    @(69.215 mm, 217.805 mm): Symbol CB9 [SYM_CB9]
[endpoint_off_grid]: Symbol pin or wire end off connection grid
    ; warning
    @(74.295 mm, 409.575 mm): Horizontal Wire, length 12.065 mm
[endpoint_off_grid]: Symbol pin or wire end off connection grid
    ; warning
    @(86.36 mm, 421.64 mm): Horizontal Wire, length 12.065 mm
[endpoint_off_grid]: Symbol pin or wire end off connection grid
    ; warning
    @(74.295 mm, 421.64 mm): Vertical Wire, length 12.065 mm
[footprint_link_issues]: The current configuration does not include the footprint library 'Package_SON'
    ; warning
    @(76.20 mm, 323.85 mm): Symbol Q1 [SYM_Q1]
[lib_symbol_issues]: The current configuration does not include the symbol library 'elt'
    ; warning
    @(76.20 mm, 323.85 mm): Symbol Q1 [SYM_Q1]
[footprint_link_issues]: The current configuration does not include the footprint library 'Capacitor_SMD'
    ; warning
    @(81.915 mm, 392.43 mm): Symbol C3 [SYM_C3]
[lib_symbol_issues]: The current configuration does not include the symbol library 'elt'
    ; warning
    @(81.915 mm, 392.43 mm): Symbol C3 [SYM_C3]
[endpoint_off_grid]: Symbol pin or wire end off connection grid
    ; warning
    @(81.915 mm, 396.24 mm): Symbol C3 Pin 1 [Passive, Line]
[endpoint_off_grid]: Symbol pin or wire end off connection grid
    ; warning
    @(81.915 mm, 396.24 mm): Vertical Wire, length 1.27 mm
[endpoint_off_grid]: Symbol pin or wire end off connection grid
    ; warning
    @(81.915 mm, 397.51 mm): Vertical Wire, length 1.27 mm
[endpoint_off_grid]: Symbol pin or wire end off connection grid
    ; warning
    @(81.915 mm, 398.78 mm): Horizontal Wire, length 4.445 mm
[endpoint_off_grid]: Symbol pin or wire end off connection grid
    ; warning
    @(83.185 mm, 360.045 mm): Symbol CE1 Pin 1 [Passive, Line]
[footprint_link_issues]: The current configuration does not include the footprint library 'Capacitor_SMD'
    ; warning
    @(83.185 mm, 366.395 mm): Symbol CE1 [SYM_CE1]
[lib_symbol_issues]: The current configuration does not include the symbol library 'elt'
    ; warning
    @(83.185 mm, 366.395 mm): Symbol CE1 [SYM_CE1]
[endpoint_off_grid]: Symbol pin or wire end off connection grid
    ; warning
    @(83.185 mm, 373.38 mm): Symbol #PWR04 Hidden pin 1 [GND, Power input, Line]
[lib_symbol_issues]: The current configuration does not include the symbol library 'elt'
    ; warning
    @(83.185 mm, 373.38 mm): Symbol #PWR04 [GND]
[endpoint_off_grid]: Symbol pin or wire end off connection grid
    ; warning
    @(86.36 mm, 314.325 mm): Horizontal Wire, length 33.655 mm
[endpoint_off_grid]: Symbol pin or wire end off connection grid
    ; warning
    @(86.36 mm, 322.58 mm): Vertical Wire, length 8.255 mm
[footprint_link_issues]: The current configuration does not include the footprint library 'Resistor_SMD'
    ; warning
    @(86.36 mm, 415.29 mm): Symbol R4 [SYM_R4]
[lib_symbol_issues]: The current configuration does not include the symbol library 'elt'
    ; warning
    @(86.36 mm, 415.29 mm): Symbol R4 [SYM_R4]
[footprint_link_issues]: The current configuration does not include the footprint library 'Capacitor_SMD'
    ; warning
    @(87.63 mm, 102.87 mm): Symbol CA8 [SYM_CA8]
[lib_symbol_issues]: The current configuration does not include the symbol library 'elt'
    ; warning
    @(87.63 mm, 102.87 mm): Symbol CA8 [SYM_CA8]
[footprint_link_issues]: The current configuration does not include the footprint library 'Capacitor_SMD'
    ; warning
    @(87.63 mm, 243.84 mm): Symbol CB8 [SYM_CB8]
[lib_symbol_issues]: The current configuration does not include the symbol library 'elt'
    ; warning
    @(87.63 mm, 243.84 mm): Symbol CB8 [SYM_CB8]
[endpoint_off_grid]: Symbol pin or wire end off connection grid
    ; warning
    @(88.90 mm, 78.105 mm): Symbol RA5 Pin 1 [Passive, Line]
[footprint_link_issues]: The current configuration does not include the footprint library 'Resistor_SMD'
    ; warning
    @(92.71 mm, 78.105 mm): Symbol RA5 [SYM_RA5]
[lib_symbol_issues]: The current configuration does not include the symbol library 'elt'
    ; warning
    @(92.71 mm, 78.105 mm): Symbol RA5 [SYM_RA5]
[footprint_link_issues]: The current configuration does not include the footprint library 'Resistor_SMD'
    ; warning
    @(92.71 mm, 218.44 mm): Symbol RB5 [SYM_RB5]
[lib_symbol_issues]: The current configuration does not include the symbol library 'elt'
    ; warning
    @(92.71 mm, 218.44 mm): Symbol RB5 [SYM_RB5]
[endpoint_off_grid]: Symbol pin or wire end off connection grid
    ; warning
    @(96.52 mm, 78.105 mm): Horizontal Wire, length 2.54 mm
[endpoint_off_grid]: Symbol pin or wire end off connection grid
    ; warning
    @(96.52 mm, 332.105 mm): Horizontal Wire, length 2.54 mm
[endpoint_off_grid]: Symbol pin or wire end off connection grid
    ; warning
    @(96.52 mm, 334.645 mm): Horizontal Wire, length 2.54 mm
[endpoint_off_grid]: Symbol pin or wire end off connection grid
    ; warning
    @(96.52 mm, 334.645 mm): Vertical Wire, length 2.54 mm
[endpoint_off_grid]: Symbol pin or wire end off connection grid
    ; warning
    @(96.52 mm, 334.645 mm): Horizontal Wire, length 3.81 mm
[endpoint_off_grid]: Symbol pin or wire end off connection grid
    ; warning
    @(96.52 mm, 337.185 mm): Vertical Wire, length 2.54 mm
[endpoint_off_grid]: Symbol pin or wire end off connection grid
    ; warning
    @(99.06 mm, 78.105 mm): Vertical Wire, length 12.065 mm
[endpoint_off_grid]: Symbol pin or wire end off connection grid
    ; warning
    @(99.06 mm, 332.105 mm): Symbol Q2 Pin 1 [Passive, Line]
[endpoint_off_grid]: Symbol pin or wire end off connection grid
    ; warning
    @(99.06 mm, 334.645 mm): Horizontal Wire, length 2.54 mm
[endpoint_off_grid]: Symbol pin or wire end off connection grid
    ; warning
    @(99.06 mm, 337.185 mm): Horizontal Wire, length 2.54 mm
[lib_symbol_issues]: The current configuration does not include the symbol library 'elt'
    ; warning
    @(106.68 mm, 97.79 mm): Symbol #PWR14 [GND]
[lib_symbol_issues]: The current configuration does not include the symbol library 'elt'
    ; warning
    @(106.68 mm, 100.33 mm): Symbol #PWR15 [GND]
[lib_symbol_issues]: The current configuration does not include the symbol library 'elt'
    ; warning
    @(106.68 mm, 102.87 mm): Symbol #PWR16 [GND]
[endpoint_off_grid]: Symbol pin or wire end off connection grid
    ; warning
    @(106.68 mm, 238.125 mm): Symbol #PWR35 Hidden pin 1 [GND, Power input, Line]
[endpoint_off_grid]: Symbol pin or wire end off connection grid
    ; warning
    @(106.68 mm, 238.125 mm): Symbol QB2 Pin 1 [Passive, Line]
[lib_symbol_issues]: The current configuration does not include the symbol library 'elt'
    ; warning
    @(106.68 mm, 238.125 mm): Symbol #PWR35 [GND]
[endpoint_off_grid]: Symbol pin or wire end off connection grid
    ; warning
    @(106.68 mm, 240.665 mm): Symbol #PWR36 Hidden pin 1 [GND, Power input, Line]
[lib_symbol_issues]: The current configuration does not include the symbol library 'elt'
    ; warning
    @(106.68 mm, 240.665 mm): Symbol #PWR36 [GND]
[endpoint_off_grid]: Symbol pin or wire end off connection grid
    ; warning
    @(106.68 mm, 243.205 mm): Symbol #PWR37 Hidden pin 1 [GND, Power input, Line]
[lib_symbol_issues]: The current configuration does not include the symbol library 'elt'
    ; warning
    @(106.68 mm, 243.205 mm): Symbol #PWR37 [GND]
[endpoint_off_grid]: Symbol pin or wire end off connection grid
    ; warning
    @(106.68 mm, 316.865 mm): Vertical Wire, length 8.255 mm
[footprint_link_issues]: The current configuration does not include the footprint library 'Package_SON'
    ; warning
    @(106.68 mm, 334.645 mm): Symbol Q2 [SYM_Q2]
[lib_symbol_issues]: The current configuration does not include the symbol library 'elt'
    ; warning
    @(106.68 mm, 334.645 mm): Symbol Q2 [SYM_Q2]
[endpoint_off_grid]: Symbol pin or wire end off connection grid
    ; warning
    @(109.855 mm, 381.635 mm): Vertical Wire, length 2.54 mm
[endpoint_off_grid]: Symbol pin or wire end off connection grid
    ; warning
    @(109.855 mm, 384.175 mm): Symbol R16 Pin 1 [Passive, Line]
[footprint_link_issues]: The current configuration does not include the footprint library 'Resistor_SMD'
    ; warning
    @(109.855 mm, 387.985 mm): Symbol R16 [SYM_R16]
[lib_symbol_issues]: The current configuration does not include the symbol library 'elt'
    ; warning
    @(109.855 mm, 387.985 mm): Symbol R16 [SYM_R16]
[endpoint_off_grid]: Symbol pin or wire end off connection grid
    ; warning
    @(109.855 mm, 391.795 mm): Symbol #PWR53 Hidden pin 1 [GND, Power input, Line]
[lib_symbol_issues]: The current configuration does not include the symbol library 'elt'
    ; warning
    @(109.855 mm, 391.795 mm): Symbol #PWR53 [GND]
[endpoint_off_grid]: Symbol pin or wire end off connection grid
    ; warning
    @(109.855 mm, 455.93 mm): Vertical Wire, length 2.54 mm
[endpoint_off_grid]: Symbol pin or wire end off connection grid
    ; warning
    @(109.855 mm, 458.47 mm): Symbol R17 Pin 1 [Passive, Line]
[footprint_link_issues]: The current configuration does not include the footprint library 'Resistor_SMD'
    ; warning
    @(109.855 mm, 462.28 mm): Symbol R17 [SYM_R17]
[lib_symbol_issues]: The current configuration does not include the symbol library 'elt'
    ; warning
    @(109.855 mm, 462.28 mm): Symbol R17 [SYM_R17]
[endpoint_off_grid]: Symbol pin or wire end off connection grid
    ; warning
    @(109.855 mm, 466.09 mm): Symbol #PWR60 Hidden pin 1 [GND, Power input, Line]
[lib_symbol_issues]: The current configuration does not include the symbol library 'elt'
    ; warning
    @(109.855 mm, 466.09 mm): Symbol #PWR60 [GND]
[endpoint_off_grid]: Symbol pin or wire end off connection grid
    ; warning
    @(114.30 mm, 494.03 mm): Horizontal Wire, length 4.445 mm
[endpoint_off_grid]: Symbol pin or wire end off connection grid
    ; warning
    @(109.855 mm, 530.225 mm): Vertical Wire, length 2.54 mm
[endpoint_off_grid]: Symbol pin or wire end off connection grid
    ; warning
    @(109.855 mm, 532.765 mm): Symbol R18 Pin 1 [Passive, Line]
[footprint_link_issues]: The current configuration does not include the footprint library 'Resistor_SMD'
    ; warning
    @(109.855 mm, 536.575 mm): Symbol R18 [SYM_R18]
[lib_symbol_issues]: The current configuration does not include the symbol library 'elt'
    ; warning
    @(109.855 mm, 536.575 mm): Symbol R18 [SYM_R18]
[endpoint_off_grid]: Symbol pin or wire end off connection grid
    ; warning
    @(109.855 mm, 540.385 mm): Symbol #PWR67 Hidden pin 1 [GND, Power input, Line]
[lib_symbol_issues]: The current configuration does not include the symbol library 'elt'
    ; warning
    @(109.855 mm, 540.385 mm): Symbol #PWR67 [GND]
[footprint_link_issues]: The current configuration does not include the footprint library 'Package_SON'
    ; warning
    @(114.30 mm, 100.33 mm): Symbol QA2 [SYM_QA2]
[lib_symbol_issues]: The current configuration does not include the symbol library 'elt'
    ; warning
    @(114.30 mm, 100.33 mm): Symbol QA2 [SYM_QA2]
[footprint_link_issues]: The current configuration does not include the footprint library 'Package_SON'
    ; warning
    @(114.30 mm, 240.665 mm): Symbol QB2 [SYM_QB2]
[lib_symbol_issues]: The current configuration does not include the symbol library 'elt'
    ; warning
    @(114.30 mm, 240.665 mm): Symbol QB2 [SYM_QB2]
[endpoint_off_grid]: Symbol pin or wire end off connection grid
    ; warning
    @(114.30 mm, 358.775 mm): Horizontal Wire, length 4.445 mm
[endpoint_off_grid]: Symbol pin or wire end off connection grid
    ; warning
    @(114.30 mm, 360.045 mm): Vertical Wire, length 1.27 mm
[endpoint_off_grid]: Symbol pin or wire end off connection grid
    ; warning
    @(114.30 mm, 360.68 mm): Vertical Wire, length 0.635 mm
[footprint_link_issues]: The current configuration does not include the footprint library 'Capacitor_SMD'
    ; warning
    @(114.30 mm, 364.49 mm): Symbol C20 [SYM_C20]
[lib_symbol_issues]: The current configuration does not include the symbol library 'elt'
    ; warning
    @(114.30 mm, 364.49 mm): Symbol C20 [SYM_C20]
[lib_symbol_issues]: The current configuration does not include the symbol library 'elt'
    ; warning
    @(114.30 mm, 368.30 mm): Symbol #PWR54 [GND]
[footprint_link_issues]: The current configuration does not include the footprint library 'Capacitor_SMD'
    ; warning
    @(114.30 mm, 414.02 mm): Symbol C30 [SYM_C30]
[lib_symbol_issues]: The current configuration does not include the symbol library 'elt'
    ; warning
    @(114.30 mm, 414.02 mm): Symbol C30 [SYM_C30]
[lib_symbol_issues]: The current configuration does not include the symbol library 'elt'
    ; warning
    @(114.30 mm, 417.83 mm): Symbol #PWR55 [GND]
[endpoint_off_grid]: Symbol pin or wire end off connection grid
    ; warning
    @(114.30 mm, 419.735 mm): Horizontal Wire, length 4.445 mm
[endpoint_off_grid]: Symbol pin or wire end off connection grid
    ; warning
    @(114.30 mm, 433.705 mm): Vertical Wire, length 13.97 mm
[endpoint_off_grid]: Symbol pin or wire end off connection grid
    ; warning
    @(114.30 mm, 434.975 mm): Symbol C21 Pin 1 [Passive, Line]
[endpoint_off_grid]: Symbol pin or wire end off connection grid
    ; warning
    @(114.30 mm, 434.975 mm): Vertical Wire, length 1.27 mm
[footprint_link_issues]: The current configuration does not include the footprint library 'Capacitor_SMD'
    ; warning
    @(114.30 mm, 438.785 mm): Symbol C21 [SYM_C21]
[lib_symbol_issues]: The current configuration does not include the symbol library 'elt'
    ; warning
    @(114.30 mm, 438.785 mm): Symbol C21 [SYM_C21]
[endpoint_off_grid]: Symbol pin or wire end off connection grid
    ; warning
    @(114.30 mm, 442.595 mm): Symbol #PWR61 Hidden pin 1 [GND, Power input, Line]
[lib_symbol_issues]: The current configuration does not include the symbol library 'elt'
    ; warning
    @(114.30 mm, 442.595 mm): Symbol #PWR61 [GND]
[footprint_link_issues]: The current configuration does not include the footprint library 'Capacitor_SMD'
    ; warning
    @(114.30 mm, 487.68 mm): Symbol C31 [SYM_C31]
[lib_symbol_issues]: The current configuration does not include the symbol library 'elt'
    ; warning
    @(114.30 mm, 487.68 mm): Symbol C31 [SYM_C31]
[lib_symbol_issues]: The current configuration does not include the symbol library 'elt'
    ; warning
    @(114.30 mm, 491.49 mm): Symbol #PWR62 [GND]
[footprint_link_issues]: The current configuration does not include the footprint library 'Capacitor_SMD'
    ; warning
    @(114.30 mm, 513.08 mm): Symbol C22 [SYM_C22]
[lib_symbol_issues]: The current configuration does not include the symbol library 'elt'
    ; warning
    @(114.30 mm, 513.08 mm): Symbol C22 [SYM_C22]
[lib_symbol_issues]: The current configuration does not include the symbol library 'elt'
    ; warning
    @(114.30 mm, 516.89 mm): Symbol #PWR68 [GND]
[endpoint_off_grid]: Symbol pin or wire end off connection grid
    ; warning
    @(114.30 mm, 558.165 mm): Symbol C32 Pin 1 [Passive, Line]
[footprint_link_issues]: The current configuration does not include the footprint library 'Capacitor_SMD'
    ; warning
    @(114.30 mm, 561.975 mm): Symbol C32 [SYM_C32]
[lib_symbol_issues]: The current configuration does not include the symbol library 'elt'
    ; warning
    @(114.30 mm, 561.975 mm): Symbol C32 [SYM_C32]
[endpoint_off_grid]: Symbol pin or wire end off connection grid
    ; warning
    @(114.30 mm, 565.785 mm): Symbol #PWR69 Hidden pin 1 [GND, Power input, Line]
[lib_symbol_issues]: The current configuration does not include the symbol library 'elt'
    ; warning
    @(114.30 mm, 565.785 mm): Symbol #PWR69 [GND]
[endpoint_off_grid]: Symbol pin or wire end off connection grid
    ; warning
    @(134.62 mm, 107.95 mm): Horizontal Wire, length 18.415 mm
[endpoint_off_grid]: Symbol pin or wire end off connection grid
    ; warning
    @(116.205 mm, 107.95 mm): Vertical Wire, length 16.51 mm
[endpoint_off_grid]: Symbol pin or wire end off connection grid
    ; warning
    @(116.205 mm, 124.46 mm): Vertical Wire, length 1.27 mm
[endpoint_off_grid]: Symbol pin or wire end off connection grid
    ; warning
    @(116.205 mm, 125.73 mm): Symbol CA1 Pin 1 [Passive, Line]
[footprint_link_issues]: The current configuration does not include the footprint library 'Capacitor_SMD'
    ; warning
    @(116.205 mm, 129.54 mm): Symbol CA1 [SYM_CA1]
[lib_symbol_issues]: The current configuration does not include the symbol library 'elt'
    ; warning
    @(116.205 mm, 129.54 mm): Symbol CA1 [SYM_CA1]
[endpoint_off_grid]: Symbol pin or wire end off connection grid
    ; warning
    @(116.205 mm, 133.35 mm): Symbol #PWR18 Hidden pin 1 [GND, Power input, Line]
[lib_symbol_issues]: The current configuration does not include the symbol library 'elt'
    ; warning
    @(116.205 mm, 133.35 mm): Symbol #PWR18 [GND]
[endpoint_off_grid]: Symbol pin or wire end off connection grid
    ; warning
    @(116.205 mm, 255.905 mm): Vertical Wire, length 9.525 mm
[endpoint_off_grid]: Symbol pin or wire end off connection grid
    ; warning
    @(116.205 mm, 265.43 mm): Vertical Wire, length 0.635 mm
[endpoint_off_grid]: Symbol pin or wire end off connection grid
    ; warning
    @(116.205 mm, 266.065 mm): Symbol CB1 Pin 1 [Passive, Line]
[footprint_link_issues]: The current configuration does not include the footprint library 'Capacitor_SMD'
    ; warning
    @(116.205 mm, 269.875 mm): Symbol CB1 [SYM_CB1]
[lib_symbol_issues]: The current configuration does not include the symbol library 'elt'
    ; warning
    @(116.205 mm, 269.875 mm): Symbol CB1 [SYM_CB1]
[endpoint_off_grid]: Symbol pin or wire end off connection grid
    ; warning
    @(116.205 mm, 273.685 mm): Symbol #PWR39 Hidden pin 1 [GND, Power input, Line]
[lib_symbol_issues]: The current configuration does not include the symbol library 'elt'
    ; warning
    @(116.205 mm, 273.685 mm): Symbol #PWR39 [GND]
[endpoint_off_grid]: Symbol pin or wire end off connection grid
    ; warning
    @(117.475 mm, 64.135 mm): Vertical Wire, length 2.54 mm
[endpoint_off_grid]: Symbol pin or wire end off connection grid
    ; warning
    @(117.475 mm, 66.675 mm): Symbol RA1 Pin 1 [Passive, Line]
[footprint_link_issues]: The current configuration does not include the footprint library 'Resistor_SMD'
    ; warning
    @(117.475 mm, 70.485 mm): Symbol RA1 [SYM_RA1]
[lib_symbol_issues]: The current configuration does not include the symbol library 'elt'
    ; warning
    @(117.475 mm, 70.485 mm): Symbol RA1 [SYM_RA1]
[endpoint_off_grid]: Symbol pin or wire end off connection grid
    ; warning
    @(117.475 mm, 74.295 mm): Symbol #PWR17 Hidden pin 1 [GND, Power input, Line]
[lib_symbol_issues]: The current configuration does not include the symbol library 'elt'
    ; warning
    @(117.475 mm, 74.295 mm): Symbol #PWR17 [GND]
[endpoint_off_grid]: Symbol pin or wire end off connection grid
    ; warning
    @(117.475 mm, 204.47 mm): Vertical Wire, length 2.54 mm
[endpoint_off_grid]: Symbol pin or wire end off connection grid
    ; warning
    @(117.475 mm, 207.01 mm): Symbol RB1 Pin 1 [Passive, Line]
[footprint_link_issues]: The current configuration does not include the footprint library 'Resistor_SMD'
    ; warning
    @(117.475 mm, 210.82 mm): Symbol RB1 [SYM_RB1]
[lib_symbol_issues]: The current configuration does not include the symbol library 'elt'
    ; warning
    @(117.475 mm, 210.82 mm): Symbol RB1 [SYM_RB1]
[endpoint_off_grid]: Symbol pin or wire end off connection grid
    ; warning
    @(117.475 mm, 214.63 mm): Symbol #PWR38 Hidden pin 1 [GND, Power input, Line]
[lib_symbol_issues]: The current configuration does not include the symbol library 'elt'
    ; warning
    @(117.475 mm, 214.63 mm): Symbol #PWR38 [GND]
[endpoint_off_grid]: Symbol pin or wire end off connection grid
    ; warning
    @(123.825 mm, 217.805 mm): Horizontal Wire, length 8.89 mm
[endpoint_off_grid]: Symbol pin or wire end off connection grid
    ; warning
    @(137.16 mm, 231.14 mm): Horizontal Wire, length 13.335 mm
[endpoint_off_grid]: Symbol pin or wire end off connection grid
    ; warning
    @(123.825 mm, 231.14 mm): Vertical Wire, length 13.335 mm
[endpoint_off_grid]: Symbol pin or wire end off connection grid
    ; warning
    @(123.825 mm, 381.635 mm): Horizontal Wire, length 13.97 mm
[endpoint_off_grid]: Symbol pin or wire end off connection grid
    ; warning
    @(123.825 mm, 393.065 mm): Vertical Wire, length 11.43 mm
[endpoint_off_grid]: Symbol pin or wire end off connection grid
    ; warning
    @(123.825 mm, 455.93 mm): Horizontal Wire, length 13.97 mm
[endpoint_off_grid]: Symbol pin or wire end off connection grid
    ; warning
    @(123.825 mm, 467.36 mm): Vertical Wire, length 11.43 mm
[endpoint_off_grid]: Symbol pin or wire end off connection grid
    ; warning
    @(123.825 mm, 530.225 mm): Horizontal Wire, length 13.97 mm
[endpoint_off_grid]: Symbol pin or wire end off connection grid
    ; warning
    @(123.825 mm, 541.655 mm): Vertical Wire, length 11.43 mm
[endpoint_off_grid]: Symbol pin or wire end off connection grid
    ; warning
    @(124.46 mm, 233.68 mm): Vertical Wire, length 22.225 mm
[endpoint_off_grid]: Symbol pin or wire end off connection grid
    ; warning
    @(124.46 mm, 255.905 mm): Horizontal Wire, length 8.255 mm
[endpoint_off_grid]: Symbol pin or wire end off connection grid
    ; warning
    @(125.095 mm, 393.065 mm): Horizontal Wire, length 1.27 mm
[endpoint_off_grid]: Symbol pin or wire end off connection grid
    ; warning
    @(125.095 mm, 467.36 mm): Horizontal Wire, length 1.27 mm
[endpoint_off_grid]: Symbol pin or wire end off connection grid
    ; warning
    @(125.73 mm, 467.36 mm): Horizontal Wire, length 0.635 mm
[endpoint_off_grid]: Symbol pin or wire end off connection grid
    ; warning
    @(125.095 mm, 541.655 mm): Horizontal Wire, length 1.27 mm
[endpoint_off_grid]: Symbol pin or wire end off connection grid
    ; warning
    @(125.73 mm, 393.065 mm): Horizontal Wire, length 0.635 mm
[endpoint_off_grid]: Symbol pin or wire end off connection grid
    ; warning
    @(125.73 mm, 541.655 mm): Horizontal Wire, length 0.635 mm
[endpoint_off_grid]: Symbol pin or wire end off connection grid
    ; warning
    @(127.00 mm, 319.405 mm): Horizontal Wire, length 2.54 mm
[endpoint_off_grid]: Symbol pin or wire end off connection grid
    ; warning
    @(127.00 mm, 321.945 mm): Vertical Wire, length 2.54 mm
[endpoint_off_grid]: Symbol pin or wire end off connection grid
    ; warning
    @(127.00 mm, 386.715 mm): Horizontal Wire, length 2.54 mm
[endpoint_off_grid]: Symbol pin or wire end off connection grid
    ; warning
    @(127.00 mm, 389.255 mm): Vertical Wire, length 2.54 mm
[endpoint_off_grid]: Symbol pin or wire end off connection grid
    ; warning
    @(127.00 mm, 389.255 mm): Horizontal Wire, length 2.54 mm
[endpoint_off_grid]: Symbol pin or wire end off connection grid
    ; warning
    @(127.00 mm, 391.795 mm): Vertical Wire, length 2.54 mm
[endpoint_off_grid]: Symbol pin or wire end off connection grid
    ; warning
    @(127.00 mm, 535.305 mm): Horizontal Wire, length 2.54 mm
[endpoint_off_grid]: Symbol pin or wire end off connection grid
    ; warning
    @(127.00 mm, 537.845 mm): Vertical Wire, length 2.54 mm
[endpoint_off_grid]: Symbol pin or wire end off connection grid
    ; warning
    @(127.00 mm, 537.845 mm): Horizontal Wire, length 2.54 mm
[endpoint_off_grid]: Symbol pin or wire end off connection grid
    ; warning
    @(127.00 mm, 540.385 mm): Vertical Wire, length 2.54 mm
[endpoint_off_grid]: Symbol pin or wire end off connection grid
    ; warning
    @(128.27 mm, 393.065 mm): Horizontal Wire, length 2.54 mm
[endpoint_off_grid]: Symbol pin or wire end off connection grid
    ; warning
    @(128.27 mm, 394.335 mm): Vertical Wire, length 1.27 mm
[endpoint_off_grid]: Symbol pin or wire end off connection grid
    ; warning
    @(128.27 mm, 541.655 mm): Horizontal Wire, length 2.54 mm
[endpoint_off_grid]: Symbol pin or wire end off connection grid
    ; warning
    @(128.27 mm, 542.925 mm): Vertical Wire, length 1.27 mm
[endpoint_off_grid]: Symbol pin or wire end off connection grid
    ; warning
    @(129.54 mm, 316.865 mm): Horizontal Wire, length 22.86 mm
[endpoint_off_grid]: Symbol pin or wire end off connection grid
    ; warning
    @(129.54 mm, 316.865 mm): Symbol U1 Pin 1 [Passive, Line]
[endpoint_off_grid]: Symbol pin or wire end off connection grid
    ; warning
    @(129.54 mm, 321.945 mm): Horizontal Wire, length 2.54 mm
[endpoint_off_grid]: Symbol pin or wire end off connection grid
    ; warning
    @(129.54 mm, 384.175 mm): Symbol U4 Pin 1 [Passive, Line]
[endpoint_off_grid]: Symbol pin or wire end off connection grid
    ; warning
    @(129.54 mm, 384.175 mm): Symbol #PWR51 Hidden pin 1 [GND, Power input, Line]
[lib_symbol_issues]: The current configuration does not include the symbol library 'elt'
    ; warning
    @(129.54 mm, 384.175 mm): Symbol #PWR51 [GND]
[endpoint_off_grid]: Symbol pin or wire end off connection grid
    ; warning
    @(129.54 mm, 389.255 mm): Horizontal Wire, length 2.54 mm
[endpoint_off_grid]: Symbol pin or wire end off connection grid
    ; warning
    @(129.54 mm, 391.795 mm): Horizontal Wire, length 2.54 mm
[endpoint_off_grid]: Symbol pin or wire end off connection grid
    ; warning
    @(129.54 mm, 394.335 mm): Horizontal Wire, length 1.27 mm
[lib_symbol_issues]: The current configuration does not include the symbol library 'elt'
    ; warning
    @(129.54 mm, 458.47 mm): Symbol #PWR58 [GND]
[endpoint_off_grid]: Symbol pin or wire end off connection grid
    ; warning
    @(129.54 mm, 532.765 mm): Symbol U6 Pin 1 [Passive, Line]
[endpoint_off_grid]: Symbol pin or wire end off connection grid
    ; warning
    @(129.54 mm, 532.765 mm): Symbol #PWR65 Hidden pin 1 [GND, Power input, Line]
[lib_symbol_issues]: The current configuration does not include the symbol library 'elt'
    ; warning
    @(129.54 mm, 532.765 mm): Symbol #PWR65 [GND]
[endpoint_off_grid]: Symbol pin or wire end off connection grid
    ; warning
    @(129.54 mm, 537.845 mm): Horizontal Wire, length 2.54 mm
[endpoint_off_grid]: Symbol pin or wire end off connection grid
    ; warning
    @(129.54 mm, 540.385 mm): Horizontal Wire, length 2.54 mm
[endpoint_off_grid]: Symbol pin or wire end off connection grid
    ; warning
    @(129.54 mm, 542.925 mm): Horizontal Wire, length 1.27 mm
[endpoint_off_grid]: Symbol pin or wire end off connection grid
    ; warning
    @(131.445 mm, 64.135 mm): Horizontal Wire, length 13.97 mm
[endpoint_off_grid]: Symbol pin or wire end off connection grid
    ; warning
    @(128.27 mm, 85.09 mm): Horizontal Wire, length 3.175 mm
[endpoint_off_grid]: Symbol pin or wire end off connection grid
    ; warning
    @(131.445 mm, 85.09 mm): Vertical Wire, length 20.955 mm
[endpoint_off_grid]: Symbol pin or wire end off connection grid
    ; warning
    @(132.715 mm, 204.47 mm): Horizontal Wire, length 15.24 mm
[endpoint_off_grid]: Symbol pin or wire end off connection grid
    ; warning
    @(132.715 mm, 217.805 mm): Vertical Wire, length 13.335 mm
[lib_symbol_issues]: The current configuration does not include the symbol library 'elt'
    ; warning
    @(137.16 mm, 100.33 mm): Symbol #PWR10 [GND]
[lib_symbol_issues]: The current configuration does not include the symbol library 'elt'
    ; warning
    @(137.16 mm, 105.41 mm): Symbol #PWR11 [GND]
[lib_symbol_issues]: The current configuration does not include the symbol library 'elt'
    ; warning
    @(137.16 mm, 241.30 mm): Symbol #PWR31 [GND]
[lib_symbol_issues]: The current configuration does not include the symbol library 'elt'
    ; warning
    @(137.16 mm, 246.38 mm): Symbol #PWR32 [GND]
[isolated_pin_label]: Label connected to only one pin
    ; warning
    @(137.16 mm, 251.46 mm): Global Label 'PGOOD_B'
[footprint_link_issues]: The current configuration does not include the footprint library 'lipo3s_usb_hub'
    ; warning
    @(137.16 mm, 323.215 mm): Symbol U1 [SYM_U1]
[lib_symbol_issues]: The current configuration does not include the symbol library 'elt'
    ; warning
    @(137.16 mm, 323.215 mm): Symbol U1 [SYM_U1]
[footprint_link_issues]: The current configuration does not include the footprint library 'Package_SON'
    ; warning
    @(137.16 mm, 389.255 mm): Symbol U4 [SYM_U4]
[lib_symbol_issues]: The current configuration does not include the symbol library 'elt'
    ; warning
    @(137.16 mm, 389.255 mm): Symbol U4 [SYM_U4]
[footprint_link_issues]: The current configuration does not include the footprint library 'Package_SON'
    ; warning
    @(137.16 mm, 463.55 mm): Symbol U5 [SYM_U5]
[lib_symbol_issues]: The current configuration does not include the symbol library 'elt'
    ; warning
    @(137.16 mm, 463.55 mm): Symbol U5 [SYM_U5]
[footprint_link_issues]: The current configuration does not include the footprint library 'Package_SON'
    ; warning
    @(137.16 mm, 537.845 mm): Symbol U6 [SYM_U6]
[lib_symbol_issues]: The current configuration does not include the symbol library 'elt'
    ; warning
    @(137.16 mm, 537.845 mm): Symbol U6 [SYM_U6]
[endpoint_off_grid]: Symbol pin or wire end off connection grid
    ; warning
    @(142.24 mm, 136.525 mm): Symbol CA2 Pin 1 [Passive, Line]
[footprint_link_issues]: The current configuration does not include the footprint library 'Capacitor_SMD'
    ; warning
    @(142.24 mm, 140.335 mm): Symbol CA2 [SYM_CA2]
[lib_symbol_issues]: The current configuration does not include the symbol library 'elt'
    ; warning
    @(142.24 mm, 140.335 mm): Symbol CA2 [SYM_CA2]
[endpoint_off_grid]: Symbol pin or wire end off connection grid
    ; warning
    @(142.24 mm, 144.145 mm): Symbol #PWR19 Hidden pin 1 [GND, Power input, Line]
[lib_symbol_issues]: The current configuration does not include the symbol library 'elt'
    ; warning
    @(142.24 mm, 144.145 mm): Symbol #PWR19 [GND]
[footprint_link_issues]: The current configuration does not include the footprint library 'Capacitor_SMD'
    ; warning
    @(142.24 mm, 280.67 mm): Symbol CB2 [SYM_CB2]
[lib_symbol_issues]: The current configuration does not include the symbol library 'elt'
    ; warning
    @(142.24 mm, 280.67 mm): Symbol CB2 [SYM_CB2]
[lib_symbol_issues]: The current configuration does not include the symbol library 'elt'
    ; warning
    @(142.24 mm, 284.48 mm): Symbol #PWR40 [GND]
[footprint_link_issues]: The current configuration does not include the footprint library 'Capacitor_SMD'
    ; warning
    @(143.51 mm, 59.69 mm): Symbol CA3 [SYM_CA3]
[lib_symbol_issues]: The current configuration does not include the symbol library 'elt'
    ; warning
    @(143.51 mm, 59.69 mm): Symbol CA3 [SYM_CA3]
[footprint_link_issues]: The current configuration does not include the footprint library 'Capacitor_SMD'
    ; warning
    @(143.51 mm, 200.66 mm): Symbol CB3 [SYM_CB3]
[lib_symbol_issues]: The current configuration does not include the symbol library 'elt'
    ; warning
    @(143.51 mm, 200.66 mm): Symbol CB3 [SYM_CB3]
[footprint_link_issues]: The current configuration does not include the footprint library 'lipo3s_usb_hub'
    ; warning
    @(144.78 mm, 100.33 mm): Symbol U2 [SYM_U2]
[lib_symbol_issues]: The current configuration does not include the symbol library 'elt'
    ; warning
    @(144.78 mm, 100.33 mm): Symbol U2 [SYM_U2]
[footprint_link_issues]: The current configuration does not include the footprint library 'lipo3s_usb_hub'
    ; warning
    @(144.78 mm, 241.30 mm): Symbol U3 [SYM_U3]
[lib_symbol_issues]: The current configuration does not include the symbol library 'elt'
    ; warning
    @(144.78 mm, 241.30 mm): Symbol U3 [SYM_U3]
[endpoint_off_grid]: Symbol pin or wire end off connection grid
    ; warning
    @(144.78 mm, 316.865 mm): Horizontal Wire, length 2.54 mm
[endpoint_off_grid]: Symbol pin or wire end off connection grid
    ; warning
    @(144.78 mm, 329.565 mm): Symbol #PWR05 Hidden pin 1 [GND, Power input, Line]
[lib_symbol_issues]: The current configuration does not include the symbol library 'elt'
    ; warning
    @(144.78 mm, 329.565 mm): Symbol #PWR05 [GND]
[endpoint_off_grid]: Symbol pin or wire end off connection grid
    ; warning
    @(144.78 mm, 385.445 mm): Symbol #PWR52 Hidden pin 1 [GND, Power input, Line]
[lib_symbol_issues]: The current configuration does not include the symbol library 'elt'
    ; warning
    @(144.78 mm, 385.445 mm): Symbol #PWR52 [GND]
[endpoint_off_grid]: Symbol pin or wire end off connection grid
    ; warning
    @(144.78 mm, 390.525 mm): Horizontal Wire, length 2.54 mm
[endpoint_off_grid]: Symbol pin or wire end off connection grid
    ; warning
    @(144.78 mm, 393.065 mm): Horizontal Wire, length 2.54 mm
[lib_symbol_issues]: The current configuration does not include the symbol library 'elt'
    ; warning
    @(144.78 mm, 459.74 mm): Symbol #PWR59 [GND]
[endpoint_off_grid]: Symbol pin or wire end off connection grid
    ; warning
    @(144.78 mm, 534.035 mm): Symbol #PWR66 Hidden pin 1 [GND, Power input, Line]
[lib_symbol_issues]: The current configuration does not include the symbol library 'elt'
    ; warning
    @(144.78 mm, 534.035 mm): Symbol #PWR66 [GND]
[endpoint_off_grid]: Symbol pin or wire end off connection grid
    ; warning
    @(144.78 mm, 539.115 mm): Horizontal Wire, length 2.54 mm
[endpoint_off_grid]: Symbol pin or wire end off connection grid
    ; warning
    @(144.78 mm, 541.655 mm): Horizontal Wire, length 2.54 mm
[endpoint_off_grid]: Symbol pin or wire end off connection grid
    ; warning
    @(147.32 mm, 316.865 mm): Vertical Wire, length 5.08 mm
[endpoint_off_grid]: Symbol pin or wire end off connection grid
    ; warning
    @(147.32 mm, 321.945 mm): Horizontal Wire, length 2.54 mm
[endpoint_off_grid]: Symbol pin or wire end off connection grid
    ; warning
    @(147.32 mm, 387.985 mm): Horizontal Wire, length 12.70 mm
[endpoint_off_grid]: Symbol pin or wire end off connection grid
    ; warning
    @(147.32 mm, 390.525 mm): Horizontal Wire, length 2.54 mm
[endpoint_off_grid]: Symbol pin or wire end off connection grid
    ; warning
    @(147.32 mm, 390.525 mm): Vertical Wire, length 2.54 mm
[endpoint_off_grid]: Symbol pin or wire end off connection grid
    ; warning
    @(147.32 mm, 393.065 mm): Vertical Wire, length 2.54 mm
[endpoint_off_grid]: Symbol pin or wire end off connection grid
    ; warning
    @(147.32 mm, 536.575 mm): Horizontal Wire, length 12.70 mm
[endpoint_off_grid]: Symbol pin or wire end off connection grid
    ; warning
    @(147.32 mm, 539.115 mm): Vertical Wire, length 2.54 mm
[endpoint_off_grid]: Symbol pin or wire end off connection grid
    ; warning
    @(147.32 mm, 539.115 mm): Horizontal Wire, length 2.54 mm
[endpoint_off_grid]: Symbol pin or wire end off connection grid
    ; warning
    @(147.32 mm, 541.655 mm): Vertical Wire, length 2.54 mm
[lib_symbol_issues]: The current configuration does not include the symbol library 'elt'
    ; warning
    @(152.40 mm, 88.90 mm): Symbol #PWR13 [GND]
[lib_symbol_issues]: The current configuration does not include the symbol library 'elt'
    ; warning
    @(152.40 mm, 111.76 mm): Symbol #PWR12 [GND]
[lib_symbol_issues]: The current configuration does not include the symbol library 'elt'
    ; warning
    @(152.40 mm, 229.87 mm): Symbol #PWR34 [GND]
[lib_symbol_issues]: The current configuration does not include the symbol library 'elt'
    ; warning
    @(152.40 mm, 252.73 mm): Symbol #PWR33 [GND]
[endpoint_off_grid]: Symbol pin or wire end off connection grid
    ; warning
    @(154.94 mm, 64.135 mm): Vertical Wire, length 4.445 mm
[endpoint_off_grid]: Symbol pin or wire end off connection grid
    ; warning
    @(154.94 mm, 205.105 mm): Vertical Wire, length 4.445 mm
[endpoint_off_grid]: Symbol pin or wire end off connection grid
    ; warning
    @(152.40 mm, 91.44 mm): Horizontal Wire, length 3.175 mm
[endpoint_off_grid]: Symbol pin or wire end off connection grid
    ; warning
    @(155.575 mm, 91.44 mm): Vertical Wire, length 6.35 mm
[endpoint_off_grid]: Symbol pin or wire end off connection grid
    ; warning
    @(157.48 mm, 324.485 mm): Horizontal Wire, length 0.635 mm
[endpoint_off_grid]: Symbol pin or wire end off connection grid
    ; warning
    @(157.48 mm, 327.025 mm): Vertical Wire, length 2.54 mm
[endpoint_off_grid]: Symbol pin or wire end off connection grid
    ; warning
    @(157.48 mm, 390.525 mm): Vertical Wire, length 2.54 mm
[endpoint_off_grid]: Symbol pin or wire end off connection grid
    ; warning
    @(157.48 mm, 393.065 mm): Horizontal Wire, length 2.54 mm
[endpoint_off_grid]: Symbol pin or wire end off connection grid
    ; warning
    @(157.48 mm, 539.115 mm): Vertical Wire, length 2.54 mm
[endpoint_off_grid]: Symbol pin or wire end off connection grid
    ; warning
    @(157.48 mm, 541.655 mm): Horizontal Wire, length 2.54 mm
[endpoint_off_grid]: Symbol pin or wire end off connection grid
    ; warning
    @(158.115 mm, 324.485 mm): Horizontal Wire, length 1.27 mm
[endpoint_off_grid]: Symbol pin or wire end off connection grid
    ; warning
    @(158.115 mm, 327.025 mm): Horizontal Wire, length 0.635 mm
[endpoint_off_grid]: Symbol pin or wire end off connection grid
    ; warning
    @(158.75 mm, 319.405 mm): Horizontal Wire, length 1.27 mm
[endpoint_off_grid]: Symbol pin or wire end off connection grid
    ; warning
    @(158.75 mm, 332.105 mm): Vertical Wire, length 12.70 mm
[endpoint_off_grid]: Symbol pin or wire end off connection grid
    ; warning
    @(152.40 mm, 247.65 mm): Horizontal Wire, length 6.985 mm
[endpoint_off_grid]: Symbol pin or wire end off connection grid
    ; warning
    @(159.385 mm, 247.65 mm): Vertical Wire, length 0.635 mm
[endpoint_off_grid]: Symbol pin or wire end off connection grid
    ; warning
    @(159.385 mm, 324.485 mm): Horizontal Wire, length 0.635 mm
[endpoint_off_grid]: Symbol pin or wire end off connection grid
    ; warning
    @(159.385 mm, 327.025 mm): Horizontal Wire, length 1.27 mm
[endpoint_off_grid]: Symbol pin or wire end off connection grid
    ; warning
    @(160.02 mm, 51.435 mm): Vertical Wire, length 12.065 mm
[endpoint_off_grid]: Symbol pin or wire end off connection grid
    ; warning
    @(160.02 mm, 179.705 mm): Horizontal Wire, length 2.54 mm
[endpoint_off_grid]: Symbol pin or wire end off connection grid
    ; warning
    @(160.02 mm, 192.405 mm): Vertical Wire, length 12.70 mm
[endpoint_off_grid]: Symbol pin or wire end off connection grid
    ; warning
    @(160.02 mm, 234.95 mm): Vertical Wire, length 0.635 mm
[endpoint_off_grid]: Symbol pin or wire end off connection grid
    ; warning
    @(160.02 mm, 235.585 mm): Horizontal Wire, length 6.35 mm
[endpoint_off_grid]: Symbol pin or wire end off connection grid
    ; warning
    @(160.02 mm, 316.865 mm): Symbol J5 Pin A1 [Passive, Line]
[endpoint_off_grid]: Symbol pin or wire end off connection grid
    ; warning
    @(160.02 mm, 316.865 mm): Symbol #PWR72 Hidden pin 1 [GND, Power input, Line]
[lib_symbol_issues]: The current configuration does not include the symbol library 'elt'
    ; warning
    @(160.02 mm, 316.865 mm): Symbol #PWR72 [GND]
[endpoint_off_grid]: Symbol pin or wire end off connection grid
    ; warning
    @(160.02 mm, 327.025 mm): Horizontal Wire, length 0.635 mm
[endpoint_off_grid]: Symbol pin or wire end off connection grid
    ; warning
    @(160.02 mm, 332.105 mm): Horizontal Wire, length 1.27 mm
[endpoint_off_grid]: Symbol pin or wire end off connection grid
    ; warning
    @(160.02 mm, 334.645 mm): Symbol #PWR73 Hidden pin 1 [GND, Power input, Line]
[lib_symbol_issues]: The current configuration does not include the symbol library 'elt'
    ; warning
    @(160.02 mm, 334.645 mm): Symbol #PWR73 [GND]
[endpoint_off_grid]: Symbol pin or wire end off connection grid
    ; warning
    @(160.02 mm, 337.185 mm): Symbol #PWR74 Hidden pin 1 [GND, Power input, Line]
[lib_symbol_issues]: The current configuration does not include the symbol library 'elt'
    ; warning
    @(160.02 mm, 337.185 mm): Symbol #PWR74 [GND]
[endpoint_off_grid]: Symbol pin or wire end off connection grid
    ; warning
    @(160.02 mm, 387.985 mm): Symbol J2 Pin 1 [Passive, Line]
[endpoint_off_grid]: Symbol pin or wire end off connection grid
    ; warning
    @(160.02 mm, 390.525 mm): Horizontal Wire, length 2.54 mm
[endpoint_off_grid]: Symbol pin or wire end off connection grid
    ; warning
    @(160.02 mm, 536.575 mm): Symbol J4 Pin 1 [Passive, Line]
[endpoint_off_grid]: Symbol pin or wire end off connection grid
    ; warning
    @(160.02 mm, 539.115 mm): Horizontal Wire, length 2.54 mm
[endpoint_off_grid]: Symbol pin or wire end off connection grid
    ; warning
    @(162.56 mm, 64.135 mm): Horizontal Wire, length 7.62 mm
[endpoint_off_grid]: Symbol pin or wire end off connection grid
    ; warning
    @(162.56 mm, 64.135 mm): Symbol LA1 Pin 1 [Passive, Line]
[endpoint_off_grid]: Symbol pin or wire end off connection grid
    ; warning
    @(162.56 mm, 179.705 mm): Symbol RB3 Pin 1 [Passive, Line]
[endpoint_off_grid]: Symbol pin or wire end off connection grid
    ; warning
    @(162.56 mm, 205.105 mm): Horizontal Wire, length 7.62 mm
[endpoint_off_grid]: Symbol pin or wire end off connection grid
    ; warning
    @(162.56 mm, 205.105 mm): Symbol LB1 Pin 1 [Passive, Line]
[endpoint_off_grid]: Symbol pin or wire end off connection grid
    ; warning
    @(162.56 mm, 95.25 mm): Horizontal Wire, length 0.635 mm
[endpoint_off_grid]: Symbol pin or wire end off connection grid
    ; warning
    @(163.195 mm, 95.25 mm): Horizontal Wire, length 4.445 mm
[endpoint_off_grid]: Symbol pin or wire end off connection grid
    ; warning
    @(163.195 mm, 106.68 mm): Horizontal Wire, length 4.445 mm
[endpoint_off_grid]: Symbol pin or wire end off connection grid
    ; warning
    @(162.56 mm, 106.68 mm): Horizontal Wire, length 0.635 mm
[endpoint_off_grid]: Symbol pin or wire end off connection grid
    ; warning
    @(165.10 mm, 125.095 mm): Vertical Wire, length 8.89 mm
[endpoint_off_grid]: Symbol pin or wire end off connection grid
    ; warning
    @(165.10 mm, 133.985 mm): Horizontal Wire, length 3.175 mm
[endpoint_off_grid]: Symbol pin or wire end off connection grid
    ; warning
    @(165.10 mm, 233.045 mm): Horizontal Wire, length 1.27 mm
[endpoint_off_grid]: Symbol pin or wire end off connection grid
    ; warning
    @(165.10 mm, 235.585 mm): Horizontal Wire, length 1.27 mm
[endpoint_off_grid]: Symbol pin or wire end off connection grid
    ; warning
    @(165.10 mm, 235.585 mm): Vertical Wire, length 2.54 mm
[endpoint_off_grid]: Symbol pin or wire end off connection grid
    ; warning
    @(165.10 mm, 238.125 mm): Vertical Wire, length 2.54 mm
[endpoint_off_grid]: Symbol pin or wire end off connection grid
    ; warning
    @(165.10 mm, 265.43 mm): Vertical Wire, length 9.525 mm
[endpoint_off_grid]: Symbol pin or wire end off connection grid
    ; warning
    @(165.10 mm, 274.955 mm): Horizontal Wire, length 3.175 mm
[footprint_link_issues]: The current configuration does not include the footprint library 'Resistor_SMD'
    ; warning
    @(166.37 mm, 39.37 mm): Symbol RA3 [SYM_RA3]
[lib_symbol_issues]: The current configuration does not include the symbol library 'elt'
    ; warning
    @(166.37 mm, 39.37 mm): Symbol RA3 [SYM_RA3]
[footprint_link_issues]: The current configuration does not include the footprint library 'Resistor_SMD'
    ; warning
    @(166.37 mm, 179.705 mm): Symbol RB3 [SYM_RB3]
[lib_symbol_issues]: The current configuration does not include the symbol library 'elt'
    ; warning
    @(166.37 mm, 179.705 mm): Symbol RB3 [SYM_RB3]
[endpoint_off_grid]: Symbol pin or wire end off connection grid
    ; warning
    @(166.37 mm, 233.045 mm): Horizontal Wire, length 1.27 mm
[endpoint_off_grid]: Symbol pin or wire end off connection grid
    ; warning
    @(166.37 mm, 235.585 mm): Horizontal Wire, length 1.27 mm
[endpoint_off_grid]: Symbol pin or wire end off connection grid
    ; warning
    @(166.37 mm, 235.585 mm): Horizontal Wire, length 1.27 mm
[endpoint_off_grid]: Symbol pin or wire end off connection grid
    ; warning
    @(166.37 mm, 235.585 mm): Horizontal Wire, length 1.27 mm
[endpoint_off_grid]: Symbol pin or wire end off connection grid
    ; warning
    @(166.37 mm, 238.125 mm): Horizontal Wire, length 1.27 mm
[endpoint_off_grid]: Symbol pin or wire end off connection grid
    ; warning
    @(167.64 mm, 106.68 mm): Vertical Wire, length 0.635 mm
[endpoint_off_grid]: Symbol pin or wire end off connection grid
    ; warning
    @(167.64 mm, 125.095 mm): Symbol RA2 Pin 1 [Passive, Line]
[endpoint_off_grid]: Symbol pin or wire end off connection grid
    ; warning
    @(167.64 mm, 125.095 mm): Horizontal Wire, length 2.54 mm
[endpoint_off_grid]: Symbol pin or wire end off connection grid
    ; warning
    @(167.64 mm, 233.045 mm): Symbol QB1 Pin 1 [Passive, Line]
[endpoint_off_grid]: Symbol pin or wire end off connection grid
    ; warning
    @(167.64 mm, 235.585 mm): Horizontal Wire, length 1.27 mm
[endpoint_off_grid]: Symbol pin or wire end off connection grid
    ; warning
    @(167.64 mm, 238.125 mm): Horizontal Wire, length 1.27 mm
[endpoint_off_grid]: Symbol pin or wire end off connection grid
    ; warning
    @(168.275 mm, 133.985 mm): Vertical Wire, length 9.525 mm
[endpoint_off_grid]: Symbol pin or wire end off connection grid
    ; warning
    @(168.275 mm, 143.51 mm): Vertical Wire, length 1.27 mm
[endpoint_off_grid]: Symbol pin or wire end off connection grid
    ; warning
    @(168.275 mm, 144.78 mm): Symbol CA4 Pin 1 [Passive, Line]
[footprint_link_issues]: The current configuration does not include the footprint library 'Capacitor_SMD'
    ; warning
    @(168.275 mm, 148.59 mm): Symbol CA4 [SYM_CA4]
[lib_symbol_issues]: The current configuration does not include the symbol library 'elt'
    ; warning
    @(168.275 mm, 148.59 mm): Symbol CA4 [SYM_CA4]
[endpoint_off_grid]: Symbol pin or wire end off connection grid
    ; warning
    @(168.275 mm, 152.40 mm): Symbol #PWR20 Hidden pin 1 [GND, Power input, Line]
[lib_symbol_issues]: The current configuration does not include the symbol library 'elt'
    ; warning
    @(168.275 mm, 152.40 mm): Symbol #PWR20 [GND]
[endpoint_off_grid]: Symbol pin or wire end off connection grid
    ; warning
    @(168.275 mm, 274.955 mm): Vertical Wire, length 8.89 mm
[endpoint_off_grid]: Symbol pin or wire end off connection grid
    ; warning
    @(168.275 mm, 283.845 mm): Vertical Wire, length 1.27 mm
[endpoint_off_grid]: Symbol pin or wire end off connection grid
    ; warning
    @(168.275 mm, 285.115 mm): Symbol CB4 Pin 1 [Passive, Line]
[footprint_link_issues]: The current configuration does not include the footprint library 'Capacitor_SMD'
    ; warning
    @(168.275 mm, 288.925 mm): Symbol CB4 [SYM_CB4]
[lib_symbol_issues]: The current configuration does not include the symbol library 'elt'
    ; warning
    @(168.275 mm, 288.925 mm): Symbol CB4 [SYM_CB4]
[endpoint_off_grid]: Symbol pin or wire end off connection grid
    ; warning
    @(168.275 mm, 292.735 mm): Symbol #PWR41 Hidden pin 1 [GND, Power input, Line]
[lib_symbol_issues]: The current configuration does not include the symbol library 'elt'
    ; warning
    @(168.275 mm, 292.735 mm): Symbol #PWR41 [GND]
[footprint_link_issues]: The current configuration does not include the footprint library 'Inductor_SMD'
    ; warning
    @(169.545 mm, 64.135 mm): Symbol LA1 [SYM_LA1]
[lib_symbol_issues]: The current configuration does not include the symbol library 'elt'
    ; warning
    @(169.545 mm, 64.135 mm): Symbol LA1 [SYM_LA1]
[footprint_link_issues]: The current configuration does not include the footprint library 'Inductor_SMD'
    ; warning
    @(169.545 mm, 205.105 mm): Symbol LB1 [SYM_LB1]
[lib_symbol_issues]: The current configuration does not include the symbol library 'elt'
    ; warning
    @(169.545 mm, 205.105 mm): Symbol LB1 [SYM_LB1]
[endpoint_off_grid]: Symbol pin or wire end off connection grid
    ; warning
    @(170.18 mm, 179.705 mm): Horizontal Wire, length 9.525 mm
[footprint_link_issues]: The current configuration does not include the footprint library 'Resistor_SMD'
    ; warning
    @(171.45 mm, 125.095 mm): Symbol RA2 [SYM_RA2]
[lib_symbol_issues]: The current configuration does not include the symbol library 'elt'
    ; warning
    @(171.45 mm, 125.095 mm): Symbol RA2 [SYM_RA2]
[footprint_link_issues]: The current configuration does not include the footprint library 'Resistor_SMD'
    ; warning
    @(171.45 mm, 265.43 mm): Symbol RB2 [SYM_RB2]
[lib_symbol_issues]: The current configuration does not include the symbol library 'elt'
    ; warning
    @(171.45 mm, 265.43 mm): Symbol RB2 [SYM_RB2]
[footprint_link_issues]: The current configuration does not include the footprint library 'Connector_USB'
    ; warning
    @(173.355 mm, 390.525 mm): Symbol J2 [SYM_J2]
[lib_symbol_issues]: The current configuration does not include the symbol library 'elt'
    ; warning
    @(173.355 mm, 390.525 mm): Symbol J2 [SYM_J2]
[footprint_link_issues]: The current configuration does not include the footprint library 'Connector_USB'
    ; warning
    @(173.355 mm, 464.82 mm): Symbol J3 [SYM_J3]
[lib_symbol_issues]: The current configuration does not include the symbol library 'elt'
    ; warning
    @(173.355 mm, 464.82 mm): Symbol J3 [SYM_J3]
[footprint_link_issues]: The current configuration does not include the footprint library 'Connector_USB'
    ; warning
    @(173.355 mm, 539.115 mm): Symbol J4 [SYM_J4]
[lib_symbol_issues]: The current configuration does not include the symbol library 'elt'
    ; warning
    @(173.355 mm, 539.115 mm): Symbol J4 [SYM_J4]
[footprint_link_issues]: The current configuration does not include the footprint library 'Connector_USB'
    ; warning
    @(173.99 mm, 327.025 mm): Symbol J5 [SYM_J5]
[lib_symbol_issues]: The current configuration does not include the symbol library 'elt'
    ; warning
    @(173.99 mm, 327.025 mm): Symbol J5 [SYM_J5]
[footprint_link_issues]: The current configuration does not include the footprint library 'Package_SON'
    ; warning
    @(175.26 mm, 95.25 mm): Symbol QA1 [SYM_QA1]
[lib_symbol_issues]: The current configuration does not include the symbol library 'elt'
    ; warning
    @(175.26 mm, 95.25 mm): Symbol QA1 [SYM_QA1]
[footprint_link_issues]: The current configuration does not include the footprint library 'Package_SON'
    ; warning
    @(175.26 mm, 235.585 mm): Symbol QB1 [SYM_QB1]
[lib_symbol_issues]: The current configuration does not include the symbol library 'elt'
    ; warning
    @(175.26 mm, 235.585 mm): Symbol QB1 [SYM_QB1]
[endpoint_off_grid]: Symbol pin or wire end off connection grid
    ; warning
    @(175.895 mm, 64.135 mm): Horizontal Wire, length 2.54 mm
[endpoint_off_grid]: Symbol pin or wire end off connection grid
    ; warning
    @(175.895 mm, 205.105 mm): Horizontal Wire, length 2.54 mm
[endpoint_off_grid]: Symbol pin or wire end off connection grid
    ; warning
    @(178.435 mm, 51.435 mm): Horizontal Wire, length 18.415 mm
[endpoint_off_grid]: Symbol pin or wire end off connection grid
    ; warning
    @(178.435 mm, 64.135 mm): Vertical Wire, length 12.70 mm
[endpoint_off_grid]: Symbol pin or wire end off connection grid
    ; warning
    @(178.435 mm, 192.405 mm): Horizontal Wire, length 18.415 mm
[endpoint_off_grid]: Symbol pin or wire end off connection grid
    ; warning
    @(178.435 mm, 205.105 mm): Vertical Wire, length 12.70 mm
[endpoint_off_grid]: Symbol pin or wire end off connection grid
    ; warning
    @(179.705 mm, 25.40 mm): Horizontal Wire, length 10.16 mm
[endpoint_off_grid]: Symbol pin or wire end off connection grid
    ; warning
    @(179.705 mm, 39.37 mm): Vertical Wire, length 13.97 mm
[endpoint_off_grid]: Symbol pin or wire end off connection grid
    ; warning
    @(170.18 mm, 39.37 mm): Horizontal Wire, length 9.525 mm
[endpoint_off_grid]: Symbol pin or wire end off connection grid
    ; warning
    @(179.705 mm, 165.735 mm): Horizontal Wire, length 10.16 mm
[endpoint_off_grid]: Symbol pin or wire end off connection grid
    ; warning
    @(179.705 mm, 179.705 mm): Vertical Wire, length 13.97 mm
[endpoint_off_grid]: Symbol pin or wire end off connection grid
    ; warning
    @(182.88 mm, 234.315 mm): Horizontal Wire, length 12.065 mm
[endpoint_off_grid]: Symbol pin or wire end off connection grid
    ; warning
    @(186.69 mm, 389.255 mm): Symbol #PWR57 Hidden pin 1 [GND, Power input, Line]
[lib_symbol_issues]: The current configuration does not include the symbol library 'elt'
    ; warning
    @(186.69 mm, 389.255 mm): Symbol #PWR57 [GND]
[endpoint_off_grid]: Symbol pin or wire end off connection grid
    ; warning
    @(186.69 mm, 391.795 mm): Symbol #PWR56 Hidden pin 1 [GND, Power input, Line]
[lib_symbol_issues]: The current configuration does not include the symbol library 'elt'
    ; warning
    @(186.69 mm, 391.795 mm): Symbol #PWR56 [GND]
[lib_symbol_issues]: The current configuration does not include the symbol library 'elt'
    ; warning
    @(186.69 mm, 463.55 mm): Symbol #PWR64 [GND]
[lib_symbol_issues]: The current configuration does not include the symbol library 'elt'
    ; warning
    @(186.69 mm, 466.09 mm): Symbol #PWR63 [GND]
[endpoint_off_grid]: Symbol pin or wire end off connection grid
    ; warning
    @(186.69 mm, 537.845 mm): Symbol #PWR71 Hidden pin 1 [GND, Power input, Line]
[lib_symbol_issues]: The current configuration does not include the symbol library 'elt'
    ; warning
    @(186.69 mm, 537.845 mm): Symbol #PWR71 [GND]
[endpoint_off_grid]: Symbol pin or wire end off connection grid
    ; warning
    @(186.69 mm, 540.385 mm): Symbol #PWR70 Hidden pin 1 [GND, Power input, Line]
[lib_symbol_issues]: The current configuration does not include the symbol library 'elt'
    ; warning
    @(186.69 mm, 540.385 mm): Symbol #PWR70 [GND]
[endpoint_off_grid]: Symbol pin or wire end off connection grid
    ; warning
    @(187.96 mm, 318.135 mm): Symbol #PWR76 Hidden pin 1 [GND, Power input, Line]
[lib_symbol_issues]: The current configuration does not include the symbol library 'elt'
    ; warning
    @(187.96 mm, 318.135 mm): Symbol #PWR76 [GND]
[endpoint_off_grid]: Symbol pin or wire end off connection grid
    ; warning
    @(187.96 mm, 320.675 mm): Symbol #PWR75 Hidden pin 1 [GND, Power input, Line]
[lib_symbol_issues]: The current configuration does not include the symbol library 'elt'
    ; warning
    @(187.96 mm, 320.675 mm): Symbol #PWR75 [GND]
[endpoint_off_grid]: Symbol pin or wire end off connection grid
    ; warning
    @(187.96 mm, 323.215 mm): Horizontal Wire, length 7.62 mm
[endpoint_off_grid]: Symbol pin or wire end off connection grid
    ; warning
    @(187.96 mm, 328.295 mm): Horizontal Wire, length 1.27 mm
[endpoint_off_grid]: Symbol pin or wire end off connection grid
    ; warning
    @(189.23 mm, 328.295 mm): Vertical Wire, length 2.54 mm
[endpoint_off_grid]: Symbol pin or wire end off connection grid
    ; warning
    @(189.23 mm, 330.835 mm): Horizontal Wire, length 1.27 mm
[endpoint_off_grid]: Symbol pin or wire end off connection grid
    ; warning
    @(189.865 mm, 25.40 mm): Vertical Wire, length 2.54 mm
[endpoint_off_grid]: Symbol pin or wire end off connection grid
    ; warning
    @(189.865 mm, 27.94 mm): Symbol RA4 Pin 1 [Passive, Line]
[footprint_link_issues]: The current configuration does not include the footprint library 'Resistor_SMD'
    ; warning
    @(189.865 mm, 31.75 mm): Symbol RA4 [SYM_RA4]
[lib_symbol_issues]: The current configuration does not include the symbol library 'elt'
    ; warning
    @(189.865 mm, 31.75 mm): Symbol RA4 [SYM_RA4]
[endpoint_off_grid]: Symbol pin or wire end off connection grid
    ; warning
    @(189.865 mm, 35.56 mm): Symbol #PWR29 Hidden pin 1 [GND, Power input, Line]
[lib_symbol_issues]: The current configuration does not include the symbol library 'elt'
    ; warning
    @(189.865 mm, 35.56 mm): Symbol #PWR29 [GND]
[endpoint_off_grid]: Symbol pin or wire end off connection grid
    ; warning
    @(189.865 mm, 165.735 mm): Vertical Wire, length 2.54 mm
[endpoint_off_grid]: Symbol pin or wire end off connection grid
    ; warning
    @(189.865 mm, 168.275 mm): Symbol RB4 Pin 1 [Passive, Line]
[footprint_link_issues]: The current configuration does not include the footprint library 'Resistor_SMD'
    ; warning
    @(189.865 mm, 172.085 mm): Symbol RB4 [SYM_RB4]
[lib_symbol_issues]: The current configuration does not include the symbol library 'elt'
    ; warning
    @(189.865 mm, 172.085 mm): Symbol RB4 [SYM_RB4]
[endpoint_off_grid]: Symbol pin or wire end off connection grid
    ; warning
    @(189.865 mm, 176.53 mm): Symbol #PWR50 Hidden pin 1 [GND, Power input, Line]
[lib_symbol_issues]: The current configuration does not include the symbol library 'elt'
    ; warning
    @(189.865 mm, 176.53 mm): Symbol #PWR50 [GND]
[endpoint_off_grid]: Symbol pin or wire end off connection grid
    ; warning
    @(182.88 mm, 93.98 mm): Horizontal Wire, length 12.065 mm
[endpoint_off_grid]: Symbol pin or wire end off connection grid
    ; warning
    @(194.945 mm, 93.98 mm): Horizontal Wire, length 1.27 mm
[endpoint_off_grid]: Symbol pin or wire end off connection grid
    ; warning
    @(194.945 mm, 234.315 mm): Horizontal Wire, length 1.27 mm
[endpoint_off_grid]: Symbol pin or wire end off connection grid
    ; warning
    @(195.58 mm, 323.215 mm): Vertical Wire, length 12.70 mm
[endpoint_off_grid]: Symbol pin or wire end off connection grid
    ; warning
    @(195.58 mm, 335.915 mm): Horizontal Wire, length 7.62 mm
[endpoint_off_grid]: Symbol pin or wire end off connection grid
    ; warning
    @(196.215 mm, 93.98 mm): Horizontal Wire, length 7.62 mm
[endpoint_off_grid]: Symbol pin or wire end off connection grid
    ; warning
    @(196.215 mm, 120.65 mm): Symbol CA51 Pin 1 [Passive, Line]
[footprint_link_issues]: The current configuration does not include the footprint library 'Capacitor_SMD'
    ; warning
    @(196.215 mm, 124.46 mm): Symbol CA51 [SYM_CA51]
[lib_symbol_issues]: The current configuration does not include the symbol library 'elt'
    ; warning
    @(196.215 mm, 124.46 mm): Symbol CA51 [SYM_CA51]
[endpoint_off_grid]: Symbol pin or wire end off connection grid
    ; warning
    @(196.215 mm, 128.27 mm): Symbol #PWR21 Hidden pin 1 [GND, Power input, Line]
[lib_symbol_issues]: The current configuration does not include the symbol library 'elt'
    ; warning
    @(196.215 mm, 128.27 mm): Symbol #PWR21 [GND]
[endpoint_off_grid]: Symbol pin or wire end off connection grid
    ; warning
    @(196.215 mm, 234.315 mm): Horizontal Wire, length 7.62 mm
[endpoint_off_grid]: Symbol pin or wire end off connection grid
    ; warning
    @(196.215 mm, 260.985 mm): Symbol CB51 Pin 1 [Passive, Line]
[footprint_link_issues]: The current configuration does not include the footprint library 'Capacitor_SMD'
    ; warning
    @(196.215 mm, 264.795 mm): Symbol CB51 [SYM_CB51]
[lib_symbol_issues]: The current configuration does not include the symbol library 'elt'
    ; warning
    @(196.215 mm, 264.795 mm): Symbol CB51 [SYM_CB51]
[endpoint_off_grid]: Symbol pin or wire end off connection grid
    ; warning
    @(196.215 mm, 268.605 mm): Symbol #PWR42 Hidden pin 1 [GND, Power input, Line]
[lib_symbol_issues]: The current configuration does not include the symbol library 'elt'
    ; warning
    @(196.215 mm, 268.605 mm): Symbol #PWR42 [GND]
[endpoint_off_grid]: Symbol pin or wire end off connection grid
    ; warning
    @(196.85 mm, 51.435 mm): Vertical Wire, length 0.635 mm
[endpoint_off_grid]: Symbol pin or wire end off connection grid
    ; warning
    @(196.85 mm, 51.435 mm): Symbol CA61 Pin 1 [Passive, Line]
[footprint_link_issues]: The current configuration does not include the footprint library 'Capacitor_SMD'
    ; warning
    @(196.85 mm, 55.245 mm): Symbol CA61 [SYM_CA61]
[lib_symbol_issues]: The current configuration does not include the symbol library 'elt'
    ; warning
    @(196.85 mm, 55.245 mm): Symbol CA61 [SYM_CA61]
[endpoint_off_grid]: Symbol pin or wire end off connection grid
    ; warning
    @(196.85 mm, 59.055 mm): Symbol #PWR24 Hidden pin 1 [GND, Power input, Line]
[lib_symbol_issues]: The current configuration does not include the symbol library 'elt'
    ; warning
    @(196.85 mm, 59.055 mm): Symbol #PWR24 [GND]
[endpoint_off_grid]: Symbol pin or wire end off connection grid
    ; warning
    @(196.85 mm, 188.595 mm): Horizontal Wire, length 25.40 mm
[endpoint_off_grid]: Symbol pin or wire end off connection grid
    ; warning
    @(196.85 mm, 191.135 mm): Vertical Wire, length 2.54 mm
[endpoint_off_grid]: Symbol pin or wire end off connection grid
    ; warning
    @(196.85 mm, 192.405 mm): Vertical Wire, length 1.27 mm
[endpoint_off_grid]: Symbol pin or wire end off connection grid
    ; warning
    @(196.85 mm, 192.405 mm): Symbol CB61 Pin 1 [Passive, Line]
[footprint_link_issues]: The current configuration does not include the footprint library 'Capacitor_SMD'
    ; warning
    @(196.85 mm, 196.215 mm): Symbol CB61 [SYM_CB61]
[lib_symbol_issues]: The current configuration does not include the symbol library 'elt'
    ; warning
    @(196.85 mm, 196.215 mm): Symbol CB61 [SYM_CB61]
[endpoint_off_grid]: Symbol pin or wire end off connection grid
    ; warning
    @(196.85 mm, 200.025 mm): Symbol #PWR45 Hidden pin 1 [GND, Power input, Line]
[lib_symbol_issues]: The current configuration does not include the symbol library 'elt'
    ; warning
    @(196.85 mm, 200.025 mm): Symbol #PWR45 [GND]
[endpoint_off_grid]: Symbol pin or wire end off connection grid
    ; warning
    @(198.12 mm, 211.455 mm): Vertical Wire, length 23.495 mm
[endpoint_off_grid]: Symbol pin or wire end off connection grid
    ; warning
    @(199.39 mm, 374.015 mm): Horizontal Wire, length 2.54 mm
[endpoint_off_grid]: Symbol pin or wire end off connection grid
    ; warning
    @(199.39 mm, 379.73 mm): Vertical Wire, length 5.715 mm
[endpoint_off_grid]: Symbol pin or wire end off connection grid
    ; warning
    @(200.66 mm, 332.105 mm): Vertical Wire, length 15.24 mm
[endpoint_off_grid]: Symbol pin or wire end off connection grid
    ; warning
    @(200.66 mm, 347.345 mm): Horizontal Wire, length 2.54 mm
[footprint_link_issues]: The current configuration does not include the footprint library 'Resistor_SMD'
    ; warning
    @(200.66 mm, 560.07 mm): Symbol R22 [SYM_R22]
[lib_symbol_issues]: The current configuration does not include the symbol library 'elt'
    ; warning
    @(200.66 mm, 560.07 mm): Symbol R22 [SYM_R22]
[endpoint_off_grid]: Symbol pin or wire end off connection grid
    ; warning
    @(201.93 mm, 374.015 mm): Symbol R19 Pin 1 [Passive, Line]
[endpoint_off_grid]: Symbol pin or wire end off connection grid
    ; warning
    @(203.20 mm, 316.865 mm): Symbol #PWR01 Hidden pin 1 [GND, Power input, Line]
[endpoint_off_grid]: Symbol pin or wire end off connection grid
    ; warning
    @(203.20 mm, 316.865 mm): Symbol J1 Pin 1 [Passive, Line]
[lib_symbol_issues]: The current configuration does not include the symbol library 'elt'
    ; warning
    @(203.20 mm, 316.865 mm): Symbol #PWR01 [GND]
[endpoint_off_grid]: Symbol pin or wire end off connection grid
    ; warning
    @(203.20 mm, 347.345 mm): Symbol F1 Pin 1 [Passive, Line]
[endpoint_off_grid]: Symbol pin or wire end off connection grid
    ; warning
    @(203.835 mm, 71.12 mm): Horizontal Wire, length 5.715 mm
[endpoint_off_grid]: Symbol pin or wire end off connection grid
    ; warning
    @(203.835 mm, 73.66 mm): Vertical Wire, length 2.54 mm
[endpoint_off_grid]: Symbol pin or wire end off connection grid
    ; warning
    @(203.835 mm, 74.93 mm): Symbol CA53 Pin 1 [Passive, Line]
[endpoint_off_grid]: Symbol pin or wire end off connection grid
    ; warning
    @(203.835 mm, 74.93 mm): Vertical Wire, length 1.27 mm
[footprint_link_issues]: The current configuration does not include the footprint library 'Capacitor_SMD'
    ; warning
    @(203.835 mm, 78.74 mm): Symbol CA53 [SYM_CA53]
[lib_symbol_issues]: The current configuration does not include the symbol library 'elt'
    ; warning
    @(203.835 mm, 78.74 mm): Symbol CA53 [SYM_CA53]
[endpoint_off_grid]: Symbol pin or wire end off connection grid
    ; warning
    @(203.835 mm, 81.915 mm): Symbol #PWR23 Hidden pin 1 [GND, Power input, Line]
[lib_symbol_issues]: The current configuration does not include the symbol library 'elt'
    ; warning
    @(203.835 mm, 81.915 mm): Symbol #PWR23 [GND]
[endpoint_off_grid]: Symbol pin or wire end off connection grid
    ; warning
    @(203.835 mm, 93.98 mm): Vertical Wire, length 2.54 mm
[endpoint_off_grid]: Symbol pin or wire end off connection grid
    ; warning
    @(198.12 mm, 93.98 mm): Horizontal Wire, length 5.715 mm
[endpoint_off_grid]: Symbol pin or wire end off connection grid
    ; warning
    @(203.835 mm, 93.98 mm): Vertical Wire, length 2.54 mm
[endpoint_off_grid]: Symbol pin or wire end off connection grid
    ; warning
    @(203.835 mm, 96.52 mm): Vertical Wire, length 1.27 mm
[endpoint_off_grid]: Symbol pin or wire end off connection grid
    ; warning
    @(203.835 mm, 96.52 mm): Vertical Wire, length 1.27 mm
[endpoint_off_grid]: Symbol pin or wire end off connection grid
    ; warning
    @(203.835 mm, 97.79 mm): Symbol CA52 Pin 1 [Passive, Line]
[footprint_link_issues]: The current configuration does not include the footprint library 'Capacitor_SMD'
    ; warning
    @(203.835 mm, 101.60 mm): Symbol CA52 [SYM_CA52]
[lib_symbol_issues]: The current configuration does not include the symbol library 'elt'
    ; warning
    @(203.835 mm, 101.60 mm): Symbol CA52 [SYM_CA52]
[endpoint_off_grid]: Symbol pin or wire end off connection grid
    ; warning
    @(203.835 mm, 105.41 mm): Symbol #PWR22 Hidden pin 1 [GND, Power input, Line]
[lib_symbol_issues]: The current configuration does not include the symbol library 'elt'
    ; warning
    @(203.835 mm, 105.41 mm): Symbol #PWR22 [GND]
[endpoint_off_grid]: Symbol pin or wire end off connection grid
    ; warning
    @(203.835 mm, 211.455 mm): Horizontal Wire, length 5.715 mm
[endpoint_off_grid]: Symbol pin or wire end off connection grid
    ; warning
    @(203.835 mm, 213.995 mm): Vertical Wire, length 2.54 mm
[endpoint_off_grid]: Symbol pin or wire end off connection grid
    ; warning
    @(203.835 mm, 215.265 mm): Symbol CB53 Pin 1 [Passive, Line]
[endpoint_off_grid]: Symbol pin or wire end off connection grid
    ; warning
    @(203.835 mm, 215.265 mm): Vertical Wire, length 1.27 mm
[footprint_link_issues]: The current configuration does not include the footprint library 'Capacitor_SMD'
    ; warning
    @(203.835 mm, 219.075 mm): Symbol CB53 [SYM_CB53]
[lib_symbol_issues]: The current configuration does not include the symbol library 'elt'
    ; warning
    @(203.835 mm, 219.075 mm): Symbol CB53 [SYM_CB53]
[endpoint_off_grid]: Symbol pin or wire end off connection grid
    ; warning
    @(203.835 mm, 222.885 mm): Symbol #PWR44 Hidden pin 1 [GND, Power input, Line]
[lib_symbol_issues]: The current configuration does not include the symbol library 'elt'
    ; warning
    @(203.835 mm, 222.885 mm): Symbol #PWR44 [GND]
[endpoint_off_grid]: Symbol pin or wire end off connection grid
    ; warning
    @(203.835 mm, 234.315 mm): Vertical Wire, length 3.175 mm
[endpoint_off_grid]: Symbol pin or wire end off connection grid
    ; warning
    @(203.835 mm, 234.95 mm): Vertical Wire, length 2.54 mm
[endpoint_off_grid]: Symbol pin or wire end off connection grid
    ; warning
    @(198.12 mm, 234.95 mm): Horizontal Wire, length 5.715 mm
[endpoint_off_grid]: Symbol pin or wire end off connection grid
    ; warning
    @(203.835 mm, 237.49 mm): Vertical Wire, length 0.635 mm
[endpoint_off_grid]: Symbol pin or wire end off connection grid
    ; warning
    @(203.835 mm, 237.49 mm): Vertical Wire, length 0.635 mm
[endpoint_off_grid]: Symbol pin or wire end off connection grid
    ; warning
    @(203.835 mm, 238.125 mm): Symbol CB52 Pin 1 [Passive, Line]
[footprint_link_issues]: The current configuration does not include the footprint library 'Capacitor_SMD'
    ; warning
    @(203.835 mm, 241.935 mm): Symbol CB52 [SYM_CB52]
[lib_symbol_issues]: The current configuration does not include the symbol library 'elt'
    ; warning
    @(203.835 mm, 241.935 mm): Symbol CB52 [SYM_CB52]
[endpoint_off_grid]: Symbol pin or wire end off connection grid
    ; warning
    @(203.835 mm, 245.745 mm): Symbol #PWR43 Hidden pin 1 [GND, Power input, Line]
[lib_symbol_issues]: The current configuration does not include the symbol library 'elt'
    ; warning
    @(203.835 mm, 245.745 mm): Symbol #PWR43 [GND]
[footprint_link_issues]: The current configuration does not include the footprint library 'Resistor_SMD'
    ; warning
    @(205.74 mm, 374.015 mm): Symbol R19 [SYM_R19]
[lib_symbol_issues]: The current configuration does not include the symbol library 'elt'
    ; warning
    @(205.74 mm, 374.015 mm): Symbol R19 [SYM_R19]
[endpoint_off_grid]: Symbol pin or wire end off connection grid
    ; warning
    @(207.645 mm, 523.24 mm): Vertical Wire, length 3.175 mm
[endpoint_off_grid]: Symbol pin or wire end off connection grid
    ; warning
    @(215.90 mm, 523.24 mm): Horizontal Wire, length 8.255 mm
[footprint_link_issues]: The current configuration does not include the footprint library 'LED_SMD'
    ; warning
    @(207.645 mm, 533.40 mm): Symbol D4 [SYM_D4]
[lib_symbol_issues]: The current configuration does not include the symbol library 'elt'
    ; warning
    @(207.645 mm, 533.40 mm): Symbol D4 [SYM_D4]
[endpoint_off_grid]: Symbol pin or wire end off connection grid
    ; warning
    @(207.645 mm, 540.385 mm): Symbol D4 Pin 1 [Passive, Line]
[endpoint_off_grid]: Symbol pin or wire end off connection grid
    ; warning
    @(207.645 mm, 540.385 mm): Symbol #PWR81 Hidden pin 1 [GND, Power input, Line]
[lib_symbol_issues]: The current configuration does not include the symbol library 'elt'
    ; warning
    @(207.645 mm, 540.385 mm): Symbol #PWR81 [GND]
[footprint_link_issues]: The current configuration does not include the footprint library 'lipo3s_usb_hub'
    ; warning
    @(210.82 mm, 316.865 mm): Symbol J1 [SYM_J1]
[lib_symbol_issues]: The current configuration does not include the symbol library 'elt'
    ; warning
    @(210.82 mm, 316.865 mm): Symbol J1 [SYM_J1]
[footprint_link_issues]: The current configuration does not include the footprint library 'lipo3s_usb_hub'
    ; warning
    @(210.82 mm, 347.345 mm): Symbol F1 [SYM_F1]
[lib_symbol_issues]: The current configuration does not include the symbol library 'elt'
    ; warning
    @(210.82 mm, 347.345 mm): Symbol F1 [SYM_F1]
[endpoint_off_grid]: Symbol pin or wire end off connection grid
    ; warning
    @(216.535 mm, 31.75 mm): Horizontal Wire, length 2.54 mm
[endpoint_off_grid]: Symbol pin or wire end off connection grid
    ; warning
    @(216.535 mm, 43.18 mm): Vertical Wire, length 11.43 mm
[endpoint_off_grid]: Symbol pin or wire end off connection grid
    ; warning
    @(216.535 mm, 172.72 mm): Horizontal Wire, length 2.54 mm
[endpoint_off_grid]: Symbol pin or wire end off connection grid
    ; warning
    @(216.535 mm, 183.515 mm): Vertical Wire, length 10.795 mm
[endpoint_off_grid]: Symbol pin or wire end off connection grid
    ; warning
    @(218.44 mm, 316.865 mm): Horizontal Wire, length 2.54 mm
[endpoint_off_grid]: Symbol pin or wire end off connection grid
    ; warning
    @(218.44 mm, 347.345 mm): Horizontal Wire, length 20.955 mm
[endpoint_off_grid]: Symbol pin or wire end off connection grid
    ; warning
    @(219.075 mm, 31.75 mm): Horizontal Wire, length 0.635 mm
[endpoint_off_grid]: Symbol pin or wire end off connection grid
    ; warning
    @(219.075 mm, 172.72 mm): Horizontal Wire, length 0.635 mm
[endpoint_off_grid]: Symbol pin or wire end off connection grid
    ; warning
    @(220.98 mm, 316.865 mm): Vertical Wire, length 15.24 mm
[endpoint_off_grid]: Symbol pin or wire end off connection grid
    ; warning
    @(220.98 mm, 332.105 mm): Horizontal Wire, length 20.32 mm
[endpoint_off_grid]: Symbol pin or wire end off connection grid
    ; warning
    @(222.25 mm, 50.80 mm): Vertical Wire, length 0.635 mm
[endpoint_off_grid]: Symbol pin or wire end off connection grid
    ; warning
    @(222.25 mm, 51.435 mm): Vertical Wire, length 0.635 mm
[endpoint_off_grid]: Symbol pin or wire end off connection grid
    ; warning
    @(222.25 mm, 51.435 mm): Symbol CA62 Pin 1 [Passive, Line]
[footprint_link_issues]: The current configuration does not include the footprint library 'Capacitor_SMD'
    ; warning
    @(222.25 mm, 55.245 mm): Symbol CA62 [SYM_CA62]
[lib_symbol_issues]: The current configuration does not include the symbol library 'elt'
    ; warning
    @(222.25 mm, 55.245 mm): Symbol CA62 [SYM_CA62]
[endpoint_off_grid]: Symbol pin or wire end off connection grid
    ; warning
    @(222.25 mm, 59.055 mm): Symbol #PWR25 Hidden pin 1 [GND, Power input, Line]
[lib_symbol_issues]: The current configuration does not include the symbol library 'elt'
    ; warning
    @(222.25 mm, 59.055 mm): Symbol #PWR25 [GND]
[endpoint_off_grid]: Symbol pin or wire end off connection grid
    ; warning
    @(222.25 mm, 188.595 mm): Horizontal Wire, length 10.795 mm
[endpoint_off_grid]: Symbol pin or wire end off connection grid
    ; warning
    @(222.25 mm, 188.595 mm): Vertical Wire, length 2.54 mm
[endpoint_off_grid]: Symbol pin or wire end off connection grid
    ; warning
    @(222.25 mm, 191.135 mm): Vertical Wire, length 1.27 mm
[endpoint_off_grid]: Symbol pin or wire end off connection grid
    ; warning
    @(222.25 mm, 191.135 mm): Vertical Wire, length 2.54 mm
[endpoint_off_grid]: Symbol pin or wire end off connection grid
    ; warning
    @(222.25 mm, 192.405 mm): Symbol CB62 Pin 1 [Passive, Line]
[endpoint_off_grid]: Symbol pin or wire end off connection grid
    ; warning
    @(222.25 mm, 192.405 mm): Vertical Wire, length 1.27 mm
[footprint_link_issues]: The current configuration does not include the footprint library 'Capacitor_SMD'
    ; warning
    @(222.25 mm, 196.215 mm): Symbol CB62 [SYM_CB62]
[lib_symbol_issues]: The current configuration does not include the symbol library 'elt'
    ; warning
    @(222.25 mm, 196.215 mm): Symbol CB62 [SYM_CB62]
[endpoint_off_grid]: Symbol pin or wire end off connection grid
    ; warning
    @(222.25 mm, 200.025 mm): Symbol #PWR46 Hidden pin 1 [GND, Power input, Line]
[lib_symbol_issues]: The current configuration does not include the symbol library 'elt'
    ; warning
    @(222.25 mm, 200.025 mm): Symbol #PWR46 [GND]
[footprint_link_issues]: The current configuration does not include the footprint library 'Resistor_SMD'
    ; warning
    @(223.52 mm, 31.75 mm): Symbol RA6 [SYM_RA6]
[lib_symbol_issues]: The current configuration does not include the symbol library 'elt'
    ; warning
    @(223.52 mm, 31.75 mm): Symbol RA6 [SYM_RA6]
[footprint_link_issues]: The current configuration does not include the footprint library 'Capacitor_SMD'
    ; warning
    @(223.52 mm, 127.00 mm): Symbol CA7 [SYM_CA7]
[lib_symbol_issues]: The current configuration does not include the symbol library 'elt'
    ; warning
    @(223.52 mm, 127.00 mm): Symbol CA7 [SYM_CA7]
[endpoint_off_grid]: Symbol pin or wire end off connection grid
    ; warning
    @(223.52 mm, 133.985 mm): Symbol CA7 Pin 2 [Passive, Line]
[endpoint_off_grid]: Symbol pin or wire end off connection grid
    ; warning
    @(223.52 mm, 133.985 mm): Symbol #PWR28 Hidden pin 1 [GND, Power input, Line]
[lib_symbol_issues]: The current configuration does not include the symbol library 'elt'
    ; warning
    @(223.52 mm, 133.985 mm): Symbol #PWR28 [GND]
[footprint_link_issues]: The current configuration does not include the footprint library 'Resistor_SMD'
    ; warning
    @(223.52 mm, 172.72 mm): Symbol RB6 [SYM_RB6]
[lib_symbol_issues]: The current configuration does not include the symbol library 'elt'
    ; warning
    @(223.52 mm, 172.72 mm): Symbol RB6 [SYM_RB6]
[endpoint_off_grid]: Symbol pin or wire end off connection grid
    ; warning
    @(223.52 mm, 260.985 mm): Symbol CB7 Pin 1 [Passive, Line]
[endpoint_off_grid]: Symbol pin or wire end off connection grid
    ; warning
    @(223.52 mm, 260.985 mm): Vertical Wire, length 26.035 mm
[footprint_link_issues]: The current configuration does not include the footprint library 'Capacitor_SMD'
    ; warning
    @(223.52 mm, 267.97 mm): Symbol CB7 [SYM_CB7]
[lib_symbol_issues]: The current configuration does not include the symbol library 'elt'
    ; warning
    @(223.52 mm, 267.97 mm): Symbol CB7 [SYM_CB7]
[endpoint_off_grid]: Symbol pin or wire end off connection grid
    ; warning
    @(223.52 mm, 274.955 mm): Symbol #PWR49 Hidden pin 1 [GND, Power input, Line]
[lib_symbol_issues]: The current configuration does not include the symbol library 'elt'
    ; warning
    @(223.52 mm, 274.955 mm): Symbol #PWR49 [GND]
[endpoint_off_grid]: Symbol pin or wire end off connection grid
    ; warning
    @(224.155 mm, 71.12 mm): Horizontal Wire, length 5.08 mm
[endpoint_off_grid]: Symbol pin or wire end off connection grid
    ; warning
    @(224.155 mm, 93.98 mm): Vertical Wire, length 22.86 mm
[endpoint_off_grid]: Symbol pin or wire end off connection grid
    ; warning
    @(224.155 mm, 211.455 mm): Horizontal Wire, length 5.08 mm
[endpoint_off_grid]: Symbol pin or wire end off connection grid
    ; warning
    @(224.155 mm, 234.95 mm): Vertical Wire, length 23.495 mm
[endpoint_off_grid]: Symbol pin or wire end off connection grid
    ; warning
    @(225.425 mm, 379.73 mm): Horizontal Wire, length 26.035 mm
[endpoint_off_grid]: Symbol pin or wire end off connection grid
    ; warning
    @(225.425 mm, 379.73 mm): Symbol R20 Pin 1 [Passive, Line]
[endpoint_off_grid]: Symbol pin or wire end off connection grid
    ; warning
    @(228.60 mm, 398.145 mm): Horizontal Wire, length 3.81 mm
[endpoint_off_grid]: Symbol pin or wire end off connection grid
    ; warning
    @(228.60 mm, 399.415 mm): Vertical Wire, length 1.27 mm
[endpoint_off_grid]: Symbol pin or wire end off connection grid
    ; warning
    @(228.60 mm, 399.415 mm): Symbol D2 Pin 1 [Passive, Line]
[footprint_link_issues]: The current configuration does not include the footprint library 'Diode_SMD'
    ; warning
    @(228.60 mm, 406.40 mm): Symbol D2 [SYM_D2]
[lib_symbol_issues]: The current configuration does not include the symbol library 'elt'
    ; warning
    @(228.60 mm, 406.40 mm): Symbol D2 [SYM_D2]
[lib_symbol_issues]: The current configuration does not include the symbol library 'elt'
    ; warning
    @(228.60 mm, 412.75 mm): Symbol #PWR79 [GND]
[endpoint_off_grid]: Symbol pin or wire end off connection grid
    ; warning
    @(229.235 mm, 71.12 mm): Vertical Wire, length 2.54 mm
[endpoint_off_grid]: Symbol pin or wire end off connection grid
    ; warning
    @(229.235 mm, 73.66 mm): Vertical Wire, length 1.27 mm
[endpoint_off_grid]: Symbol pin or wire end off connection grid
    ; warning
    @(229.235 mm, 74.93 mm): Symbol CA63 Pin 1 [Passive, Line]
[footprint_link_issues]: The current configuration does not include the footprint library 'Capacitor_SMD'
    ; warning
    @(229.235 mm, 78.74 mm): Symbol CA63 [SYM_CA63]
[lib_symbol_issues]: The current configuration does not include the symbol library 'elt'
    ; warning
    @(229.235 mm, 78.74 mm): Symbol CA63 [SYM_CA63]
[endpoint_off_grid]: Symbol pin or wire end off connection grid
    ; warning
    @(229.235 mm, 82.55 mm): Symbol #PWR26 Hidden pin 1 [GND, Power input, Line]
[lib_symbol_issues]: The current configuration does not include the symbol library 'elt'
    ; warning
    @(229.235 mm, 82.55 mm): Symbol #PWR26 [GND]
[endpoint_off_grid]: Symbol pin or wire end off connection grid
    ; warning
    @(223.52 mm, 93.98 mm): Horizontal Wire, length 5.715 mm
[endpoint_off_grid]: Symbol pin or wire end off connection grid
    ; warning
    @(229.235 mm, 93.98 mm): Vertical Wire, length 2.54 mm
[endpoint_off_grid]: Symbol pin or wire end off connection grid
    ; warning
    @(229.235 mm, 93.98 mm): Horizontal Wire, length 5.08 mm
[endpoint_off_grid]: Symbol pin or wire end off connection grid
    ; warning
    @(229.235 mm, 96.52 mm): Vertical Wire, length 1.27 mm
[endpoint_off_grid]: Symbol pin or wire end off connection grid
    ; warning
    @(229.235 mm, 96.52 mm): Vertical Wire, length 2.54 mm
[endpoint_off_grid]: Symbol pin or wire end off connection grid
    ; warning
    @(229.235 mm, 97.79 mm): Vertical Wire, length 1.27 mm
[endpoint_off_grid]: Symbol pin or wire end off connection grid
    ; warning
    @(229.235 mm, 97.79 mm): Symbol CA64 Pin 1 [Passive, Line]
[footprint_link_issues]: The current configuration does not include the footprint library 'Capacitor_SMD'
    ; warning
    @(229.235 mm, 101.60 mm): Symbol CA64 [SYM_CA64]
[lib_symbol_issues]: The current configuration does not include the symbol library 'elt'
    ; warning
    @(229.235 mm, 101.60 mm): Symbol CA64 [SYM_CA64]
[endpoint_off_grid]: Symbol pin or wire end off connection grid
    ; warning
    @(229.235 mm, 105.41 mm): Symbol #PWR27 Hidden pin 1 [GND, Power input, Line]
[lib_symbol_issues]: The current configuration does not include the symbol library 'elt'
    ; warning
    @(229.235 mm, 105.41 mm): Symbol #PWR27 [GND]
[endpoint_off_grid]: Symbol pin or wire end off connection grid
    ; warning
    @(229.235 mm, 211.455 mm): Vertical Wire, length 2.54 mm
[endpoint_off_grid]: Symbol pin or wire end off connection grid
    ; warning
    @(229.235 mm, 213.995 mm): Vertical Wire, length 1.27 mm
[endpoint_off_grid]: Symbol pin or wire end off connection grid
    ; warning
    @(229.235 mm, 215.265 mm): Symbol CB63 Pin 1 [Passive, Line]
[footprint_link_issues]: The current configuration does not include the footprint library 'Capacitor_SMD'
    ; warning
    @(229.235 mm, 219.075 mm): Symbol CB63 [SYM_CB63]
[lib_symbol_issues]: The current configuration does not include the symbol library 'elt'
    ; warning
    @(229.235 mm, 219.075 mm): Symbol CB63 [SYM_CB63]
[endpoint_off_grid]: Symbol pin or wire end off connection grid
    ; warning
    @(229.235 mm, 222.885 mm): Symbol #PWR47 Hidden pin 1 [GND, Power input, Line]
[lib_symbol_issues]: The current configuration does not include the symbol library 'elt'
    ; warning
    @(229.235 mm, 222.885 mm): Symbol #PWR47 [GND]
[endpoint_off_grid]: Symbol pin or wire end off connection grid
    ; warning
    @(229.235 mm, 234.95 mm): Vertical Wire, length 2.54 mm
[endpoint_off_grid]: Symbol pin or wire end off connection grid
    ; warning
    @(229.235 mm, 234.95 mm): Horizontal Wire, length 5.08 mm
[endpoint_off_grid]: Symbol pin or wire end off connection grid
    ; warning
    @(223.52 mm, 234.95 mm): Horizontal Wire, length 5.715 mm
[endpoint_off_grid]: Symbol pin or wire end off connection grid
    ; warning
    @(229.235 mm, 237.49 mm): Vertical Wire, length 0.635 mm
[endpoint_off_grid]: Symbol pin or wire end off connection grid
    ; warning
    @(229.235 mm, 237.49 mm): Vertical Wire, length 2.54 mm
[endpoint_off_grid]: Symbol pin or wire end off connection grid
    ; warning
    @(229.235 mm, 238.125 mm): Vertical Wire, length 0.635 mm
[endpoint_off_grid]: Symbol pin or wire end off connection grid
    ; warning
    @(229.235 mm, 238.125 mm): Symbol CB64 Pin 1 [Passive, Line]
[footprint_link_issues]: The current configuration does not include the footprint library 'Capacitor_SMD'
    ; warning
    @(229.235 mm, 241.935 mm): Symbol CB64 [SYM_CB64]
[lib_symbol_issues]: The current configuration does not include the symbol library 'elt'
    ; warning
    @(229.235 mm, 241.935 mm): Symbol CB64 [SYM_CB64]
[endpoint_off_grid]: Symbol pin or wire end off connection grid
    ; warning
    @(229.235 mm, 245.745 mm): Symbol #PWR48 Hidden pin 1 [GND, Power input, Line]
[lib_symbol_issues]: The current configuration does not include the symbol library 'elt'
    ; warning
    @(229.235 mm, 245.745 mm): Symbol #PWR48 [GND]
[footprint_link_issues]: The current configuration does not include the footprint library 'Resistor_SMD'
    ; warning
    @(229.235 mm, 379.73 mm): Symbol R20 [SYM_R20]
[lib_symbol_issues]: The current configuration does not include the symbol library 'elt'
    ; warning
    @(229.235 mm, 379.73 mm): Symbol R20 [SYM_R20]
[endpoint_off_grid]: Symbol pin or wire end off connection grid
    ; warning
    @(222.25 mm, 48.26 mm): Horizontal Wire, length 10.795 mm
[endpoint_off_grid]: Symbol pin or wire end off connection grid
    ; warning
    @(233.045 mm, 48.26 mm): Vertical Wire, length 5.715 mm
[endpoint_off_grid]: Symbol pin or wire end off connection grid
    ; warning
    @(233.045 mm, 53.975 mm): Horizontal Wire, length 10.16 mm
[endpoint_off_grid]: Symbol pin or wire end off connection grid
    ; warning
    @(233.045 mm, 188.595 mm): Vertical Wire, length 6.35 mm
[endpoint_off_grid]: Symbol pin or wire end off connection grid
    ; warning
    @(233.045 mm, 194.945 mm): Horizontal Wire, length 10.16 mm
[endpoint_off_grid]: Symbol pin or wire end off connection grid
    ; warning
    @(239.395 mm, 347.345 mm): Vertical Wire, length 4.445 mm
[endpoint_off_grid]: Symbol pin or wire end off connection grid
    ; warning
    @(239.395 mm, 351.79 mm): Vertical Wire, length 0.635 mm
[endpoint_off_grid]: Symbol pin or wire end off connection grid
    ; warning
    @(239.395 mm, 352.425 mm): Symbol C15 Pin 1 [Passive, Line]
[footprint_link_issues]: The current configuration does not include the footprint library 'Capacitor_SMD'
    ; warning
    @(239.395 mm, 356.235 mm): Symbol C15 [SYM_C15]
[lib_symbol_issues]: The current configuration does not include the symbol library 'elt'
    ; warning
    @(239.395 mm, 356.235 mm): Symbol C15 [SYM_C15]
[endpoint_off_grid]: Symbol pin or wire end off connection grid
    ; warning
    @(239.395 mm, 360.045 mm): Symbol #PWR03 Hidden pin 1 [GND, Power input, Line]
[lib_symbol_issues]: The current configuration does not include the symbol library 'elt'
    ; warning
    @(239.395 mm, 360.045 mm): Symbol #PWR03 [GND]
[footprint_link_issues]: The current configuration does not include the footprint library 'Diode_SMD'
    ; warning
    @(242.57 mm, 330.835 mm): Symbol D1 [SYM_D1]
[lib_symbol_issues]: The current configuration does not include the symbol library 'elt'
    ; warning
    @(242.57 mm, 330.835 mm): Symbol D1 [SYM_D1]
[endpoint_off_grid]: Symbol pin or wire end off connection grid
    ; warning
    @(242.57 mm, 337.185 mm): Symbol #PWR02 Hidden pin 1 [GND, Power input, Line]
[endpoint_off_grid]: Symbol pin or wire end off connection grid
    ; warning
    @(242.57 mm, 337.185 mm): Symbol D1 Pin 2 [Passive, Line]
[lib_symbol_issues]: The current configuration does not include the symbol library 'elt'
    ; warning
    @(242.57 mm, 337.185 mm): Symbol #PWR02 [GND]
[endpoint_off_grid]: Symbol pin or wire end off connection grid
    ; warning
    @(243.205 mm, 53.975 mm): Symbol CA10 Pin 1 [Passive, Line]
[endpoint_off_grid]: Symbol pin or wire end off connection grid
    ; warning
    @(243.205 mm, 194.945 mm): Symbol CB10 Pin 1 [Passive, Line]
[footprint_link_issues]: The current configuration does not include the footprint library 'Capacitor_SMD'
    ; warning
    @(247.015 mm, 53.975 mm): Symbol CA10 [SYM_CA10]
[lib_symbol_issues]: The current configuration does not include the symbol library 'elt'
    ; warning
    @(247.015 mm, 53.975 mm): Symbol CA10 [SYM_CA10]
[footprint_link_issues]: The current configuration does not include the footprint library 'Capacitor_SMD'
    ; warning
    @(247.015 mm, 194.945 mm): Symbol CB10 [SYM_CB10]
[lib_symbol_issues]: The current configuration does not include the symbol library 'elt'
    ; warning
    @(247.015 mm, 194.945 mm): Symbol CB10 [SYM_CB10]
[endpoint_off_grid]: Symbol pin or wire end off connection grid
    ; warning
    @(247.015 mm, 372.11 mm): Horizontal Wire, length 6.35 mm
[endpoint_off_grid]: Symbol pin or wire end off connection grid
    ; warning
    @(247.015 mm, 394.97 mm): Vertical Wire, length 22.86 mm
[endpoint_off_grid]: Symbol pin or wire end off connection grid
    ; warning
    @(250.825 mm, 53.975 mm): Horizontal Wire, length 2.54 mm
[endpoint_off_grid]: Symbol pin or wire end off connection grid
    ; warning
    @(250.825 mm, 194.945 mm): Horizontal Wire, length 2.54 mm
[endpoint_off_grid]: Symbol pin or wire end off connection grid
    ; warning
    @(253.365 mm, 43.18 mm): Horizontal Wire, length 36.83 mm
[endpoint_off_grid]: Symbol pin or wire end off connection grid
    ; warning
    @(253.365 mm, 53.975 mm): Vertical Wire, length 10.795 mm
[endpoint_off_grid]: Symbol pin or wire end off connection grid
    ; warning
    @(253.365 mm, 183.515 mm): Horizontal Wire, length 36.83 mm
[endpoint_off_grid]: Symbol pin or wire end off connection grid
    ; warning
    @(253.365 mm, 194.945 mm): Vertical Wire, length 11.43 mm
[endpoint_off_grid]: Symbol pin or wire end off connection grid
    ; warning
    @(271.78 mm, 372.11 mm): Horizontal Wire, length 18.415 mm
[endpoint_off_grid]: Symbol pin or wire end off connection grid
    ; warning
    @(253.365 mm, 372.11 mm): Vertical Wire, length 2.54 mm
[endpoint_off_grid]: Symbol pin or wire end off connection grid
    ; warning
    @(253.365 mm, 372.11 mm): Vertical Wire, length 2.54 mm
[endpoint_off_grid]: Symbol pin or wire end off connection grid
    ; warning
    @(253.365 mm, 374.65 mm): Vertical Wire, length 1.27 mm
[endpoint_off_grid]: Symbol pin or wire end off connection grid
    ; warning
    @(253.365 mm, 374.65 mm): Vertical Wire, length 1.27 mm
[endpoint_off_grid]: Symbol pin or wire end off connection grid
    ; warning
    @(253.365 mm, 375.92 mm): Symbol C33 Pin 1 [Passive, Line]
[footprint_link_issues]: The current configuration does not include the footprint library 'Capacitor_SMD'
    ; warning
    @(253.365 mm, 379.73 mm): Symbol C33 [SYM_C33]
[lib_symbol_issues]: The current configuration does not include the symbol library 'elt'
    ; warning
    @(253.365 mm, 379.73 mm): Symbol C33 [SYM_C33]
[endpoint_off_grid]: Symbol pin or wire end off connection grid
    ; warning
    @(253.365 mm, 383.54 mm): Symbol #PWR77 Hidden pin 1 [GND, Power input, Line]
[lib_symbol_issues]: The current configuration does not include the symbol library 'elt'
    ; warning
    @(253.365 mm, 383.54 mm): Symbol #PWR77 [GND]
[endpoint_off_grid]: Symbol pin or wire end off connection grid
    ; warning
    @(253.365 mm, 394.97 mm): Horizontal Wire, length 6.35 mm
[endpoint_off_grid]: Symbol pin or wire end off connection grid
    ; warning
    @(253.365 mm, 397.51 mm): Vertical Wire, length 2.54 mm
[endpoint_off_grid]: Symbol pin or wire end off connection grid
    ; warning
    @(253.365 mm, 398.78 mm): Symbol C34 Pin 1 [Passive, Line]
[endpoint_off_grid]: Symbol pin or wire end off connection grid
    ; warning
    @(253.365 mm, 398.78 mm): Vertical Wire, length 1.27 mm
[footprint_link_issues]: The current configuration does not include the footprint library 'Capacitor_SMD'
    ; warning
    @(253.365 mm, 402.59 mm): Symbol C34 [SYM_C34]
[lib_symbol_issues]: The current configuration does not include the symbol library 'elt'
    ; warning
    @(253.365 mm, 402.59 mm): Symbol C34 [SYM_C34]
[endpoint_off_grid]: Symbol pin or wire end off connection grid
    ; warning
    @(253.365 mm, 406.40 mm): Symbol #PWR78 Hidden pin 1 [GND, Power input, Line]
[lib_symbol_issues]: The current configuration does not include the symbol library 'elt'
    ; warning
    @(253.365 mm, 406.40 mm): Symbol #PWR78 [GND]
[endpoint_off_grid]: Symbol pin or wire end off connection grid
    ; warning
    @(271.78 mm, 379.095 mm): Vertical Wire, length 6.985 mm
[endpoint_off_grid]: Symbol pin or wire end off connection grid
    ; warning
    @(271.78 mm, 379.095 mm): Horizontal Wire, length 2.54 mm
[endpoint_off_grid]: Symbol pin or wire end off connection grid
    ; warning
    @(271.78 mm, 388.62 mm): Vertical Wire, length 9.525 mm
[endpoint_off_grid]: Symbol pin or wire end off connection grid
    ; warning
    @(274.32 mm, 379.095 mm): Symbol R23 Pin 1 [Passive, Line]
[endpoint_off_grid]: Symbol pin or wire end off connection grid
    ; warning
    @(274.32 mm, 379.095 mm): Horizontal Wire, length 2.54 mm
[footprint_link_issues]: The current configuration does not include the footprint library 'Resistor_SMD'
    ; warning
    @(278.13 mm, 379.095 mm): Symbol R23 [SYM_R23]
[lib_symbol_issues]: The current configuration does not include the symbol library 'elt'
    ; warning
    @(278.13 mm, 379.095 mm): Symbol R23 [SYM_R23]
[footprint_link_issues]: The current configuration does not include the footprint library 'Diode_SMD'
    ; warning
    @(278.13 mm, 405.13 mm): Symbol D3 [SYM_D3]
[lib_symbol_issues]: The current configuration does not include the symbol library 'elt'
    ; warning
    @(278.13 mm, 405.13 mm): Symbol D3 [SYM_D3]
[endpoint_off_grid]: Symbol pin or wire end off connection grid
    ; warning
    @(278.13 mm, 412.115 mm): Symbol D3 Pin 2 [Passive, Line]
[endpoint_off_grid]: Symbol pin or wire end off connection grid
    ; warning
    @(278.13 mm, 412.115 mm): Symbol #PWR80 Hidden pin 1 [GND, Power input, Line]
[lib_symbol_issues]: The current configuration does not include the symbol library 'elt'
    ; warning
    @(278.13 mm, 412.115 mm): Symbol #PWR80 [GND]
[endpoint_off_grid]: Symbol pin or wire end off connection grid
    ; warning
    @(281.94 mm, 379.095 mm): Horizontal Wire, length 10.16 mm
[endpoint_off_grid]: Symbol pin or wire end off connection grid
    ; warning
    @(292.10 mm, 366.395 mm): Horizontal Wire, length 10.795 mm
[endpoint_off_grid]: Symbol pin or wire end off connection grid
    ; warning
    @(292.10 mm, 379.095 mm): Vertical Wire, length 12.70 mm
[endpoint_off_grid]: Symbol pin or wire end off connection grid
    ; warning
    @(302.895 mm, 366.395 mm): Vertical Wire, length 3.175 mm
[footprint_link_issues]: The current configuration does not include the footprint library 'LED_SMD'
    ; warning
    @(302.895 mm, 375.92 mm): Symbol D5 [SYM_D5]
[lib_symbol_issues]: The current configuration does not include the symbol library 'elt'
    ; warning
    @(302.895 mm, 375.92 mm): Symbol D5 [SYM_D5]
[endpoint_off_grid]: Symbol pin or wire end off connection grid
    ; warning
    @(302.895 mm, 382.905 mm): Symbol D5 Pin 1 [Passive, Line]
[endpoint_off_grid]: Symbol pin or wire end off connection grid
    ; warning
    @(302.895 mm, 382.905 mm): Symbol #PWR82 Hidden pin 1 [GND, Power input, Line]
[lib_symbol_issues]: The current configuration does not include the symbol library 'elt'
    ; warning
    @(302.895 mm, 382.905 mm): Symbol #PWR82 [GND]

 ** ERC messages: 704  Errors 0  Warnings 704

 ** Ignored checks:
    - Global label only appears once in the schematic
    - Four connection points are joined together
    - SPICE model issue
    - Assigned footprint doesn't match footprint filters
