v 1.75 -1.875 0.02
v 1.75 -1.625 0.02
v 1.474 -1.875 0.02
newmtl 1
Ka 0.9686274509803922 0.8784313725490196 0.6
Kd 0.9686274509803922 0.8784313725490196 0.6
Ks 0.6784313725490196 0.615686274509804 0.4196078431372549
d 0.0
endmtl
v 1.474 -1.625 0.02
v 1.35 -1.749 0.02
v 1.35 -1.751 0.02
v 1.351061 -1.767185 0.02
v 1.354225 -1.783094 0.02
v 1.386319 -1.838681 0.02
v 1.398514 -1.849376 0.02
v 1.457815 -1.873939 0.02
v 1.457815 -1.626061 0.02
v 1.441906 -1.629225 0.02
v 1.426547 -1.634439 0.02
v 1.412 -1.641613 0.02
v 1.398514 -1.650624 0.02
v 1.386319 -1.661319 0.02
v 1.375624 -1.673514 0.02
v 1.366613 -1.687 0.02
v 1.359439 -1.701547 0.02
v 1.354225 -1.716906 0.02
v 1.351061 -1.732815 0.02
v 1.359439 -1.798453 0.02
v 1.366613 -1.813 0.02
v 1.375624 -1.826486 0.02
v 1.412 -1.858387 0.02
v 1.426547 -1.865561 0.02
v 1.441906 -1.870775 0.02
v 1.35 -1.749 0.0
v 1.35 -1.751 0.0
v 1.351061 -1.767185 0.0
v 1.354225 -1.783094 0.0
v 1.359439 -1.798453 0.0
v 1.366613 -1.813 0.0
v 1.375624 -1.826486 0.0
v 1.386319 -1.838681 0.0
v 1.398514 -1.849376 0.0
v 1.412 -1.858387 0.0
v 1.426547 -1.865561 0.0
v 1.441906 -1.870775 0.0
v 1.457815 -1.873939 0.0
v 1.474 -1.875 0.0
v 1.474 -1.625 0.0
v 1.75 -1.625 0.0
v 1.75 -1.875 0.0
v 1.351061 -1.732815 0.0
v 1.457815 -1.626061 0.0
v 1.354225 -1.716906 0.0
v 1.359439 -1.701547 0.0
v 1.366613 -1.687 0.0
v 1.375624 -1.673514 0.0
v 1.398514 -1.650624 0.0
v 1.412 -1.641613 0.0
v 1.426547 -1.634439 0.0
v 1.386319 -1.661319 0.0
v 1.441906 -1.629225 0.0
v 1.75 0.125 0.02
v 1.75 0.375 0.02
v 1.474 0.125 0.02
v 1.474 0.375 0.02
v 1.351061 0.267185 0.02
v 1.35 0.251 0.02
v 1.375624 0.173514 0.02
v 1.386319 0.161319 0.02
v 1.35 0.249 0.02
v 1.351061 0.232815 0.02
v 1.354225 0.216906 0.02
v 1.359439 0.201547 0.02
v 1.366613 0.187 0.02
v 1.426547 0.134439 0.02
v 1.441906 0.129225 0.02
v 1.457815 0.126061 0.02
v 1.386319 0.338681 0.02
v 1.441906 0.370775 0.02
v 1.398514 0.349376 0.02
v 1.426547 0.365561 0.02
v 1.412 0.358387 0.02
v 1.375624 0.326486 0.02
v 1.366613 0.313 0.02
v 1.359439 0.298453 0.02
v 1.457815 0.373939 0.02
v 1.354225 0.283094 0.02
v 1.398514 0.150624 0.02
v 1.412 0.141613 0.02
v 1.35 0.251 0.0
v 1.35 0.249 0.0
v 1.351061 0.232815 0.0
v 1.354225 0.216906 0.0
v 1.359439 0.201547 0.0
v 1.366613 0.187 0.0
v 1.375624 0.173514 0.0
v 1.386319 0.161319 0.0
v 1.398514 0.150624 0.0
v 1.412 0.141613 0.0
v 1.426547 0.134439 0.0
v 1.441906 0.129225 0.0
v 1.457815 0.126061 0.0
v 1.474 0.125 0.0
v 1.474 0.375 0.0
v 1.351061 0.267185 0.0
v 1.75 0.375 0.0
v 1.75 0.125 0.0
v 1.354225 0.283094 0.0
v 1.441906 0.370775 0.0
v 1.457815 0.373939 0.0
v 1.359439 0.298453 0.0
v 1.366613 0.313 0.0
v 1.375624 0.326486 0.0
v 1.386319 0.338681 0.0
v 1.398514 0.349376 0.0
v 1.426547 0.365561 0.0
v 1.412 0.358387 0.0
v 1.75 1.375 0.02
v 1.75 1.125 0.02
v 1.474 1.375 0.02
v 1.474 1.125 0.02
v 1.359439 1.201547 0.02
v 1.354225 1.216906 0.02
v 1.351061 1.232815 0.02
v 1.35 1.249 0.02
v 1.457815 1.126061 0.02
v 1.441906 1.129225 0.02
v 1.426547 1.134439 0.02
v 1.412 1.141613 0.02
v 1.398514 1.150624 0.02
v 1.386319 1.161319 0.02
v 1.375624 1.173514 0.02
v 1.366613 1.187 0.02
v 1.35 1.251 0.02
v 1.351061 1.267185 0.02
v 1.457815 1.373939 0.02
v 1.354225 1.283094 0.02
v 1.359439 1.298453 0.02
v 1.366613 1.313 0.02
v 1.375624 1.326486 0.02
v 1.398514 1.349376 0.02
v 1.412 1.358387 0.02
v 1.426547 1.365561 0.02
v 1.386319 1.338681 0.02
v 1.441906 1.370775 0.02
v 1.75 1.125 0.2
v 1.474 1.125 0.2
v 1.474 1.375 0.2
v 1.75 1.375 0.2
v 1.457815 1.373939 0.2
v 1.441906 1.370775 0.2
v 1.426547 1.365561 0.2
v 1.412 1.358387 0.2
v 1.398514 1.349376 0.2
v 1.386319 1.338681 0.2
v 1.375624 1.326486 0.2
v 1.366613 1.313 0.2
v 1.359439 1.298453 0.2
v 1.354225 1.283094 0.2
v 1.351061 1.267185 0.2
v 1.35 1.251 0.2
v 1.35 1.249 0.2
v 1.351061 1.232815 0.2
v 1.354225 1.216906 0.2
v 1.398514 1.150624 0.2
v 1.412 1.141613 0.2
v 1.426547 1.134439 0.2
v 1.359439 1.201547 0.2
v 1.366613 1.187 0.2
v 1.457815 1.126061 0.2
v 1.375624 1.173514 0.2
v 1.386319 1.161319 0.2
v 1.441906 1.129225 0.2
v 0.767185 1.851061 0.02
v 0.783094 1.854225 0.02
v 0.875 1.974 0.02
v 0.625 2.25 0.02
v 0.625 1.974 0.02
v 0.875 2.25 0.02
v 0.626061 1.957815 0.02
v 0.716906 1.854225 0.02
v 0.732815 1.851061 0.02
v 0.749 1.85 0.02
v 0.751 1.85 0.02
v 0.629225 1.941906 0.02
v 0.634439 1.926547 0.02
v 0.641613 1.912 0.02
v 0.650624 1.898514 0.02
v 0.661319 1.886319 0.02
v 0.673514 1.875624 0.02
v 0.687 1.866613 0.02
v 0.701547 1.859439 0.02
v 0.838681 1.886319 0.02
v 0.826486 1.875624 0.02
v 0.798453 1.859439 0.02
v 0.813 1.866613 0.02
v 0.849376 1.898514 0.02
v 0.858387 1.912 0.02
v 0.865561 1.926547 0.02
v 0.870775 1.941906 0.02
v 0.873939 1.957815 0.02
v 0.875 2.25 0.0
v 0.625 2.25 0.0
v 0.625 1.974 0.0
v 0.732815 1.851061 0.0
v 0.716906 1.854225 0.0
v 0.650624 1.898514 0.0
v 0.634439 1.926547 0.0
v 0.629225 1.941906 0.0
v 0.749 1.85 0.0
v 0.875 1.974 0.0
v 0.873939 1.957815 0.0
v 0.858387 1.912 0.0
v 0.849376 1.898514 0.0
v 0.838681 1.886319 0.0
v 0.826486 1.875624 0.0
v 0.701547 1.859439 0.0
v 0.687 1.866613 0.0
v 0.673514 1.875624 0.0
v 0.783094 1.854225 0.0
v 0.767185 1.851061 0.0
v 0.751 1.85 0.0
v 0.626061 1.957815 0.0
v 0.870775 1.941906 0.0
v 0.865561 1.926547 0.0
v 0.813 1.866613 0.0
v 0.798453 1.859439 0.0
v 0.661319 1.886319 0.0
v 0.641613 1.912 0.0
v -1.75 -0.625 0.02
v -1.75 -0.875 0.02
v -1.474 -0.625 0.02
v -1.474 -0.875 0.02
v -1.359439 -0.798453 0.02
v -1.354225 -0.783094 0.02
v -1.351061 -0.767185 0.02
v -1.35 -0.751 0.02
v -1.35 -0.749 0.02
v -1.351061 -0.732815 0.02
v -1.354225 -0.716906 0.02
v -1.457815 -0.626061 0.02
v -1.366613 -0.687 0.02
v -1.375624 -0.673514 0.02
v -1.386319 -0.661319 0.02
v -1.457815 -0.873939 0.02
v -1.441906 -0.870775 0.02
v -1.426547 -0.865561 0.02
v -1.412 -0.858387 0.02
v -1.398514 -0.849376 0.02
v -1.386319 -0.838681 0.02
v -1.375624 -0.826486 0.02
v -1.366613 -0.813 0.02
v -1.359439 -0.701547 0.02
v -1.398514 -0.650624 0.02
v -1.412 -0.641613 0.02
v -1.426547 -0.634439 0.02
v -1.441906 -0.629225 0.02
v -1.75 -0.625 0.0
v -1.75 -0.875 0.0
v -1.474 -0.875 0.0
v -1.457815 -0.873939 0.0
v -1.441906 -0.870775 0.0
v -1.426547 -0.865561 0.0
v -1.412 -0.858387 0.0
v -1.398514 -0.849376 0.0
v -1.386319 -0.838681 0.0
v -1.375624 -0.826486 0.0
v -1.366613 -0.813 0.0
v -1.359439 -0.798453 0.0
v -1.354225 -0.783094 0.0
v -1.351061 -0.767185 0.0
v -1.35 -0.751 0.0
v -1.351061 -0.732815 0.0
v -1.35 -0.749 0.0
v -1.474 -0.625 0.0
v -1.457815 -0.626061 0.0
v -1.441906 -0.629225 0.0
v -1.426547 -0.634439 0.0
v -1.412 -0.641613 0.0
v -1.398514 -0.650624 0.0
v -1.386319 -0.661319 0.0
v -1.375624 -0.673514 0.0
v -1.366613 -0.687 0.0
v -1.359439 -0.701547 0.0
v -1.354225 -0.716906 0.0
v 1.75 0.625 0.02
v 1.75 0.875 0.02
v 1.474 0.625 0.02
v 1.474 0.875 0.02
v 1.386319 0.838681 0.02
v 1.375624 0.826486 0.02
v 1.366613 0.813 0.02
v 1.359439 0.798453 0.02
v 1.354225 0.783094 0.02
v 1.351061 0.767185 0.02
v 1.35 0.751 0.02
v 1.359439 0.701547 0.02
v 1.366613 0.687 0.02
v 1.457815 0.626061 0.02
v 1.457815 0.873939 0.02
v 1.441906 0.870775 0.02
v 1.426547 0.865561 0.02
v 1.412 0.858387 0.02
v 1.398514 0.849376 0.02
v 1.35 0.749 0.02
v 1.351061 0.732815 0.02
v 1.354225 0.716906 0.02
v 1.375624 0.673514 0.02
v 1.386319 0.661319 0.02
v 1.398514 0.650624 0.02
v 1.412 0.641613 0.02
v 1.426547 0.634439 0.02
v 1.441906 0.629225 0.02
v 1.35 0.751 0.0
v 1.35 0.749 0.0
v 1.351061 0.732815 0.0
v 1.354225 0.716906 0.0
v 1.359439 0.701547 0.0
v 1.366613 0.687 0.0
v 1.375624 0.673514 0.0
v 1.386319 0.661319 0.0
v 1.398514 0.650624 0.0
v 1.412 0.641613 0.0
v 1.426547 0.634439 0.0
v 1.441906 0.629225 0.0
v 1.457815 0.626061 0.0
v 1.474 0.625 0.0
v 1.474 0.875 0.0
v 1.75 0.875 0.0
v 1.75 0.625 0.0
v 1.351061 0.767185 0.0
v 1.354225 0.783094 0.0
v 1.359439 0.798453 0.0
v 1.366613 0.813 0.0
v 1.375624 0.826486 0.0
v 1.457815 0.873939 0.0
v 1.412 0.858387 0.0
v 1.426547 0.865561 0.0
v 1.398514 0.849376 0.0
v 1.386319 0.838681 0.0
v 1.441906 0.870775 0.0
v 1.75 1.625 0.02
v 1.75 1.875 0.02
v 1.474 1.625 0.02
v 1.474 1.875 0.02
v 1.457815 1.873939 0.02
v 1.441906 1.870775 0.02
v 1.426547 1.865561 0.02
v 1.412 1.858387 0.02
v 1.398514 1.849376 0.02
v 1.386319 1.838681 0.02
v 1.35 1.751 0.02
v 1.35 1.749 0.02
v 1.351061 1.732815 0.02
v 1.354225 1.716906 0.02
v 1.398514 1.650624 0.02
v 1.412 1.641613 0.02
v 1.426547 1.634439 0.02
v 1.375624 1.826486 0.02
v 1.366613 1.813 0.02
v 1.359439 1.798453 0.02
v 1.354225 1.783094 0.02
v 1.351061 1.767185 0.02
v 1.359439 1.701547 0.02
v 1.366613 1.687 0.02
v 1.457815 1.626061 0.02
v 1.375624 1.673514 0.02
v 1.386319 1.661319 0.02
v 1.441906 1.629225 0.02
v 1.35 1.751 0.0
v 1.35 1.749 0.0
v 1.351061 1.732815 0.0
v 1.354225 1.716906 0.0
v 1.359439 1.701547 0.0
v 1.366613 1.687 0.0
v 1.375624 1.673514 0.0
v 1.386319 1.661319 0.0
v 1.398514 1.650624 0.0
v 1.412 1.641613 0.0
v 1.426547 1.634439 0.0
v 1.441906 1.629225 0.0
v 1.457815 1.626061 0.0
v 1.474 1.625 0.0
v 1.75 1.875 0.0
v 1.75 1.625 0.0
v 1.474 1.875 0.0
v 1.351061 1.767185 0.0
v 1.457815 1.873939 0.0
v 1.354225 1.783094 0.0
v 1.359439 1.798453 0.0
v 1.366613 1.813 0.0
v 1.375624 1.826486 0.0
v 1.398514 1.849376 0.0
v 1.412 1.858387 0.0
v 1.426547 1.865561 0.0
v 1.386319 1.838681 0.0
v 1.441906 1.870775 0.0
v -1.75 1.625 0.02
v -1.75 1.875 0.02
v -1.474 1.625 0.02
v -1.474 1.875 0.02
v -1.351061 1.767185 0.02
v -1.35 1.751 0.02
v -1.354225 1.783094 0.02
v -1.35 1.749 0.02
v -1.351061 1.732815 0.02
v -1.354225 1.716906 0.02
v -1.412 1.641613 0.02
v -1.426547 1.634439 0.02
v -1.441906 1.629225 0.02
v -1.457815 1.626061 0.02
v -1.359439 1.701547 0.02
v -1.366613 1.687 0.02
v -1.375624 1.673514 0.02
v -1.457815 1.873939 0.02
v -1.398514 1.849376 0.02
v -1.386319 1.838681 0.02
v -1.386319 1.661319 0.02
v -1.398514 1.650624 0.02
v -1.441906 1.870775 0.02
v -1.426547 1.865561 0.02
v -1.412 1.858387 0.02
v -1.375624 1.826486 0.02
v -1.366613 1.813 0.02
v -1.359439 1.798453 0.02
v -1.35 1.751 0.2
v -1.351061 1.767185 0.2
v -1.354225 1.783094 0.2
v -1.359439 1.798453 0.2
v -1.366613 1.813 0.2
v -1.375624 1.826486 0.2
v -1.386319 1.838681 0.2
v -1.398514 1.849376 0.2
v -1.412 1.858387 0.2
v -1.426547 1.865561 0.2
v -1.441906 1.870775 0.2
v -1.457815 1.873939 0.2
v -1.474 1.875 0.2
v -1.75 1.875 0.2
v -1.75 1.625 0.2
v -1.366613 1.687 0.2
v -1.359439 1.701547 0.2
v -1.354225 1.716906 0.2
v -1.351061 1.732815 0.2
v -1.35 1.749 0.2
v -1.474 1.625 0.2
v -1.457815 1.626061 0.2
v -1.441906 1.629225 0.2
v -1.426547 1.634439 0.2
v -1.412 1.641613 0.2
v -1.398514 1.650624 0.2
v -1.386319 1.661319 0.2
v -1.375624 1.673514 0.2
v 1.75 -0.875 0.02
v 1.75 -0.625 0.02
v 1.474 -0.875 0.02
v 1.474 -0.625 0.02
v 1.386319 -0.661319 0.02
v 1.375624 -0.673514 0.02
v 1.366613 -0.687 0.02
v 1.359439 -0.701547 0.02
v 1.354225 -0.716906 0.02
v 1.351061 -0.732815 0.02
v 1.35 -0.749 0.02
v 1.359439 -0.798453 0.02
v 1.366613 -0.813 0.02
v 1.457815 -0.873939 0.02
v 1.457815 -0.626061 0.02
v 1.441906 -0.629225 0.02
v 1.426547 -0.634439 0.02
v 1.412 -0.641613 0.02
v 1.398514 -0.650624 0.02
v 1.35 -0.751 0.02
v 1.351061 -0.767185 0.02
v 1.354225 -0.783094 0.02
v 1.375624 -0.826486 0.02
v 1.386319 -0.838681 0.02
v 1.398514 -0.849376 0.02
v 1.412 -0.858387 0.02
v 1.426547 -0.865561 0.02
v 1.441906 -0.870775 0.02
v 1.35 -0.749 0.0
v 1.35 -0.751 0.0
v 1.351061 -0.767185 0.0
v 1.354225 -0.783094 0.0
v 1.359439 -0.798453 0.0
v 1.366613 -0.813 0.0
v 1.375624 -0.826486 0.0
v 1.386319 -0.838681 0.0
v 1.398514 -0.849376 0.0
v 1.412 -0.858387 0.0
v 1.426547 -0.865561 0.0
v 1.441906 -0.870775 0.0
v 1.457815 -0.873939 0.0
v 1.474 -0.875 0.0
v 1.474 -0.625 0.0
v 1.75 -0.625 0.0
v 1.75 -0.875 0.0
v 1.351061 -0.732815 0.0
v 1.354225 -0.716906 0.0
v 1.359439 -0.701547 0.0
v 1.366613 -0.687 0.0
v 1.375624 -0.673514 0.0
v 1.457815 -0.626061 0.0
v 1.412 -0.641613 0.0
v 1.426547 -0.634439 0.0
v 1.398514 -0.650624 0.0
v 1.386319 -0.661319 0.0
v 1.441906 -0.629225 0.0
v -1.474 0.375 0.02
v -1.75 0.375 0.02
v -1.75 0.125 0.02
v -1.398514 0.150624 0.02
v -1.386319 0.161319 0.02
v -1.359439 0.201547 0.02
v -1.354225 0.216906 0.02
v -1.351061 0.232815 0.02
v -1.35 0.249 0.02
v -1.474 0.125 0.02
v -1.457815 0.126061 0.02
v -1.441906 0.129225 0.02
v -1.375624 0.173514 0.02
v -1.366613 0.187 0.02
v -1.35 0.251 0.02
v -1.351061 0.267185 0.02
v -1.354225 0.283094 0.02
v -1.359439 0.298453 0.02
v -1.366613 0.313 0.02
v -1.457815 0.373939 0.02
v -1.412 0.358387 0.02
v -1.426547 0.365561 0.02
v -1.398514 0.349376 0.02
v -1.441906 0.370775 0.02
v -1.386319 0.338681 0.02
v -1.426547 0.134439 0.02
v -1.412 0.141613 0.02
v -1.375624 0.326486 0.02
v -1.75 0.375 0.0
v -1.75 0.125 0.0
v -1.474 0.125 0.0
v -1.457815 0.126061 0.0
v -1.441906 0.129225 0.0
v -1.426547 0.134439 0.0
v -1.412 0.141613 0.0
v -1.398514 0.150624 0.0
v -1.386319 0.161319 0.0
v -1.375624 0.173514 0.0
v -1.366613 0.187 0.0
v -1.359439 0.201547 0.0
v -1.354225 0.216906 0.0
v -1.351061 0.232815 0.0
v -1.35 0.249 0.0
v -1.474 0.375 0.0
v -1.359439 0.298453 0.0
v -1.354225 0.283094 0.0
v -1.351061 0.267185 0.0
v -1.35 0.251 0.0
v -1.457815 0.373939 0.0
v -1.441906 0.370775 0.0
v -1.426547 0.365561 0.0
v -1.412 0.358387 0.0
v -1.398514 0.349376 0.0
v -1.386319 0.338681 0.0
v -1.375624 0.326486 0.0
v -1.366613 0.313 0.0
v -0.625 2.25 0.02
v -0.875 2.25 0.02
v -0.875 1.974 0.02
v -0.798453 1.859439 0.02
v -0.783094 1.854225 0.02
v -0.732815 1.851061 0.02
v -0.716906 1.854225 0.02
v -0.625 1.974 0.02
v -0.767185 1.851061 0.02
v -0.751 1.85 0.02
v -0.749 1.85 0.02
v -0.865561 1.926547 0.02
v -0.858387 1.912 0.02
v -0.849376 1.898514 0.02
v -0.838681 1.886319 0.02
v -0.826486 1.875624 0.02
v -0.813 1.866613 0.02
v -0.661319 1.886319 0.02
v -0.673514 1.875624 0.02
v -0.701547 1.859439 0.02
v -0.687 1.866613 0.02
v -0.650624 1.898514 0.02
v -0.641613 1.912 0.02
v -0.634439 1.926547 0.02
v -0.873939 1.957815 0.02
v -0.870775 1.941906 0.02
v -0.629225 1.941906 0.02
v -0.626061 1.957815 0.02
v -0.875 2.25 0.0
v -0.875 1.974 0.0
v -0.873939 1.957815 0.0
v -0.870775 1.941906 0.0
v -0.865561 1.926547 0.0
v -0.858387 1.912 0.0
v -0.849376 1.898514 0.0
v -0.838681 1.886319 0.0
v -0.826486 1.875624 0.0
v -0.813 1.866613 0.0
v -0.798453 1.859439 0.0
v -0.783094 1.854225 0.0
v -0.767185 1.851061 0.0
v -0.751 1.85 0.0
v -0.749 1.85 0.0
v -0.625 2.25 0.0
v -0.625 1.974 0.0
v -0.732815 1.851061 0.0
v -0.716906 1.854225 0.0
v -0.634439 1.926547 0.0
v -0.641613 1.912 0.0
v -0.650624 1.898514 0.0
v -0.661319 1.886319 0.0
v -0.673514 1.875624 0.0
v -0.626061 1.957815 0.0
v -0.629225 1.941906 0.0
v -0.687 1.866613 0.0
v -0.701547 1.859439 0.0
v 0.875 -2.25 0.02
v 0.875 -1.974 0.02
v 0.625 -2.25 0.02
v 0.873939 -1.957815 0.02
v 0.858387 -1.912 0.02
v 0.849376 -1.898514 0.02
v 0.838681 -1.886319 0.02
v 0.826486 -1.875624 0.02
v 0.870775 -1.941906 0.02
v 0.865561 -1.926547 0.02
v 0.813 -1.866613 0.02
v 0.798453 -1.859439 0.02
v 0.783094 -1.854225 0.02
v 0.749 -1.85 0.02
v 0.732815 -1.851061 0.02
v 0.629225 -1.941906 0.02
v 0.716906 -1.854225 0.02
v 0.701547 -1.859439 0.02
v 0.626061 -1.957815 0.02
v 0.625 -1.974 0.02
v 0.751 -1.85 0.02
v 0.767185 -1.851061 0.02
v 0.687 -1.866613 0.02
v 0.673514 -1.875624 0.02
v 0.661319 -1.886319 0.02
v 0.650624 -1.898514 0.02
v 0.641613 -1.912 0.02
v 0.634439 -1.926547 0.02
v 0.875 -2.25 0.0
v 0.875 -1.974 0.0
v 0.873939 -1.957815 0.0
v 0.870775 -1.941906 0.0
v 0.865561 -1.926547 0.0
v 0.858387 -1.912 0.0
v 0.849376 -1.898514 0.0
v 0.838681 -1.886319 0.0
v 0.826486 -1.875624 0.0
v 0.813 -1.866613 0.0
v 0.798453 -1.859439 0.0
v 0.783094 -1.854225 0.0
v 0.767185 -1.851061 0.0
v 0.751 -1.85 0.0
v 0.749 -1.85 0.0
v 0.625 -2.25 0.0
v 0.625 -1.974 0.0
v 0.626061 -1.957815 0.0
v 0.716906 -1.854225 0.0
v 0.732815 -1.851061 0.0
v 0.629225 -1.941906 0.0
v 0.634439 -1.926547 0.0
v 0.641613 -1.912 0.0
v 0.650624 -1.898514 0.0
v 0.661319 -1.886319 0.0
v 0.673514 -1.875624 0.0
v 0.687 -1.866613 0.0
v 0.701547 -1.859439 0.0
v 1.474 -0.125 0.02
v 1.35 -0.251 0.02
v 1.351061 -0.267185 0.02
v 1.354225 -0.216906 0.02
v 1.351061 -0.232815 0.02
v 1.35 -0.249 0.02
v 1.354225 -0.283094 0.02
v 1.359439 -0.298453 0.02
v 1.366613 -0.313 0.02
v 1.375624 -0.173514 0.02
v 1.366613 -0.187 0.02
v 1.359439 -0.201547 0.02
v 1.375624 -0.326486 0.02
v 1.386319 -0.338681 0.02
v 1.398514 -0.349376 0.02
v 1.412 -0.358387 0.02
v 1.426547 -0.365561 0.02
v 1.441906 -0.370775 0.02
v 1.75 -0.375 0.02
v 1.75 -0.125 0.02
v 1.474 -0.375 0.02
v 1.457815 -0.373939 0.02
v 1.457815 -0.126061 0.02
v 1.441906 -0.129225 0.02
v 1.386319 -0.161319 0.02
v 1.426547 -0.134439 0.02
v 1.398514 -0.150624 0.02
v 1.412 -0.141613 0.02
v 1.35 -0.249 0.0
v 1.35 -0.251 0.0
v 1.351061 -0.267185 0.0
v 1.354225 -0.283094 0.0
v 1.359439 -0.298453 0.0
v 1.366613 -0.313 0.0
v 1.375624 -0.326486 0.0
v 1.386319 -0.338681 0.0
v 1.398514 -0.349376 0.0
v 1.412 -0.358387 0.0
v 1.426547 -0.365561 0.0
v 1.441906 -0.370775 0.0
v 1.457815 -0.373939 0.0
v 1.474 -0.375 0.0
v 1.75 -0.125 0.0
v 1.75 -0.375 0.0
v 1.474 -0.125 0.0
v 1.351061 -0.232815 0.0
v 1.354225 -0.216906 0.0
v 1.359439 -0.201547 0.0
v 1.366613 -0.187 0.0
v 1.375624 -0.173514 0.0
v 1.386319 -0.161319 0.0
v 1.412 -0.141613 0.0
v 1.426547 -0.134439 0.0
v 1.398514 -0.150624 0.0
v 1.441906 -0.129225 0.0
v 1.457815 -0.126061 0.0
v 1.75 -1.375 0.02
v 1.75 -1.125 0.02
v 1.474 -1.125 0.02
v 1.35 -1.249 0.02
v 1.35 -1.251 0.02
v 1.457815 -1.126061 0.02
v 1.441906 -1.129225 0.02
v 1.426547 -1.134439 0.02
v 1.412 -1.141613 0.02
v 1.398514 -1.150624 0.02
v 1.386319 -1.161319 0.02
v 1.474 -1.375 0.02
v 1.351061 -1.267185 0.02
v 1.354225 -1.283094 0.02
v 1.398514 -1.349376 0.02
v 1.412 -1.358387 0.02
v 1.426547 -1.365561 0.02
v 1.375624 -1.173514 0.02
v 1.366613 -1.187 0.02
v 1.359439 -1.201547 0.02
v 1.354225 -1.216906 0.02
v 1.351061 -1.232815 0.02
v 1.359439 -1.298453 0.02
v 1.366613 -1.313 0.02
v 1.457815 -1.373939 0.02
v 1.375624 -1.326486 0.02
v 1.386319 -1.338681 0.02
v 1.441906 -1.370775 0.02
v 1.35 -1.249 0.0
v 1.35 -1.251 0.0
v 1.351061 -1.267185 0.0
v 1.354225 -1.283094 0.0
v 1.359439 -1.298453 0.0
v 1.366613 -1.313 0.0
v 1.375624 -1.326486 0.0
v 1.386319 -1.338681 0.0
v 1.398514 -1.349376 0.0
v 1.412 -1.358387 0.0
v 1.426547 -1.365561 0.0
v 1.441906 -1.370775 0.0
v 1.457815 -1.373939 0.0
v 1.474 -1.375 0.0
v 1.75 -1.125 0.0
v 1.75 -1.375 0.0
v 1.474 -1.125 0.0
v 1.351061 -1.232815 0.0
v 1.457815 -1.126061 0.0
v 1.354225 -1.216906 0.0
v 1.359439 -1.201547 0.0
v 1.366613 -1.187 0.0
v 1.375624 -1.173514 0.0
v 1.398514 -1.150624 0.0
v 1.412 -1.141613 0.0
v 1.426547 -1.134439 0.0
v 1.386319 -1.161319 0.0
v 1.441906 -1.129225 0.0
v -1.351061 -0.232815 0.02
v -1.35 -0.249 0.02
v -1.474 -0.125 0.02
v -1.35 -0.251 0.02
v -1.351061 -0.267185 0.02
v -1.354225 -0.283094 0.02
v -1.359439 -0.298453 0.02
v -1.366613 -0.313 0.02
v -1.366613 -0.187 0.02
v -1.359439 -0.201547 0.02
v -1.354225 -0.216906 0.02
v -1.375624 -0.326486 0.02
v -1.386319 -0.338681 0.02
v -1.398514 -0.349376 0.02
v -1.412 -0.358387 0.02
v -1.426547 -0.365561 0.02
v -1.441906 -0.370775 0.02
v -1.75 -0.375 0.02
v -1.75 -0.125 0.02
v -1.474 -0.375 0.02
v -1.457815 -0.373939 0.02
v -1.457815 -0.126061 0.02
v -1.386319 -0.161319 0.02
v -1.375624 -0.173514 0.02
v -1.441906 -0.129225 0.02
v -1.426547 -0.134439 0.02
v -1.398514 -0.150624 0.02
v -1.412 -0.141613 0.02
v -1.35 -0.249 0.2
v -1.351061 -0.232815 0.2
v -1.354225 -0.216906 0.2
v -1.359439 -0.201547 0.2
v -1.366613 -0.187 0.2
v -1.375624 -0.173514 0.2
v -1.386319 -0.161319 0.2
v -1.398514 -0.150624 0.2
v -1.412 -0.141613 0.2
v -1.426547 -0.134439 0.2
v -1.441906 -0.129225 0.2
v -1.457815 -0.126061 0.2
v -1.474 -0.125 0.2
v -1.75 -0.125 0.2
v -1.474 -0.375 0.2
v -1.359439 -0.298453 0.2
v -1.354225 -0.283094 0.2
v -1.398514 -0.349376 0.2
v -1.386319 -0.338681 0.2
v -1.351061 -0.267185 0.2
v -1.35 -0.251 0.2
v -1.375624 -0.326486 0.2
v -1.366613 -0.313 0.2
v -1.75 -0.375 0.2
v -1.457815 -0.373939 0.2
v -1.441906 -0.370775 0.2
v -1.412 -0.358387 0.2
v -1.426547 -0.365561 0.2
v -1.35 0.251 0.2
v -1.351061 0.267185 0.2
v -1.354225 0.283094 0.2
v -1.359439 0.298453 0.2
v -1.366613 0.313 0.2
v -1.375624 0.326486 0.2
v -1.386319 0.338681 0.2
v -1.398514 0.349376 0.2
v -1.412 0.358387 0.2
v -1.426547 0.365561 0.2
v -1.441906 0.370775 0.2
v -1.457815 0.373939 0.2
v -1.474 0.375 0.2
v -1.75 0.375 0.2
v -1.359439 0.201547 0.2
v -1.354225 0.216906 0.2
v -1.474 0.125 0.2
v -1.75 0.125 0.2
v -1.398514 0.150624 0.2
v -1.386319 0.161319 0.2
v -1.351061 0.232815 0.2
v -1.35 0.249 0.2
v -1.375624 0.173514 0.2
v -1.366613 0.187 0.2
v -1.457815 0.126061 0.2
v -1.441906 0.129225 0.2
v -1.412 0.141613 0.2
v -1.426547 0.134439 0.2
v -1.75 0.875 0.02
v -1.75 0.625 0.02
v -1.474 0.875 0.02
v -1.474 0.625 0.02
v -1.359439 0.701547 0.02
v -1.354225 0.716906 0.02
v -1.351061 0.732815 0.02
v -1.35 0.749 0.02
v -1.35 0.751 0.02
v -1.351061 0.767185 0.02
v -1.354225 0.783094 0.02
v -1.457815 0.873939 0.02
v -1.366613 0.813 0.02
v -1.375624 0.826486 0.02
v -1.386319 0.838681 0.02
v -1.457815 0.626061 0.02
v -1.441906 0.629225 0.02
v -1.426547 0.634439 0.02
v -1.412 0.641613 0.02
v -1.398514 0.650624 0.02
v -1.386319 0.661319 0.02
v -1.375624 0.673514 0.02
v -1.366613 0.687 0.02
v -1.359439 0.798453 0.02
v -1.398514 0.849376 0.02
v -1.412 0.858387 0.02
v -1.426547 0.865561 0.02
v -1.441906 0.870775 0.02
v -1.75 0.875 0.0
v -1.75 0.625 0.0
v -1.474 0.625 0.0
v -1.457815 0.626061 0.0
v -1.441906 0.629225 0.0
v -1.426547 0.634439 0.0
v -1.412 0.641613 0.0
v -1.398514 0.650624 0.0
v -1.386319 0.661319 0.0
v -1.375624 0.673514 0.0
v -1.366613 0.687 0.0
v -1.359439 0.701547 0.0
v -1.354225 0.716906 0.0
v -1.351061 0.732815 0.0
v -1.35 0.749 0.0
v -1.351061 0.767185 0.0
v -1.35 0.751 0.0
v -1.474 0.875 0.0
v -1.457815 0.873939 0.0
v -1.441906 0.870775 0.0
v -1.426547 0.865561 0.0
v -1.412 0.858387 0.0
v -1.398514 0.849376 0.0
v -1.386319 0.838681 0.0
v -1.375624 0.826486 0.0
v -1.366613 0.813 0.0
v -1.359439 0.798453 0.0
v -1.354225 0.783094 0.0
v 1.75 -1.875 0.2
v 1.474 -1.875 0.2
v 1.474 -1.625 0.2
v 1.75 -1.625 0.2
v 1.457815 -1.626061 0.2
v 1.441906 -1.629225 0.2
v 1.426547 -1.634439 0.2
v 1.412 -1.641613 0.2
v 1.398514 -1.650624 0.2
v 1.386319 -1.661319 0.2
v 1.375624 -1.673514 0.2
v 1.366613 -1.687 0.2
v 1.359439 -1.701547 0.2
v 1.354225 -1.716906 0.2
v 1.351061 -1.732815 0.2
v 1.35 -1.749 0.2
v 1.35 -1.751 0.2
v 1.351061 -1.767185 0.2
v 1.354225 -1.783094 0.2
v 1.386319 -1.838681 0.2
v 1.398514 -1.849376 0.2
v 1.457815 -1.873939 0.2
v 1.359439 -1.798453 0.2
v 1.366613 -1.813 0.2
v 1.375624 -1.826486 0.2
v 1.412 -1.858387 0.2
v 1.426547 -1.865561 0.2
v 1.441906 -1.870775 0.2
v -0.625 -2.25 0.02
v -0.625 -1.974 0.02
v -0.875 -2.25 0.02
v -0.626061 -1.957815 0.02
v -0.641613 -1.912 0.02
v -0.650624 -1.898514 0.02
v -0.661319 -1.886319 0.02
v -0.673514 -1.875624 0.02
v -0.629225 -1.941906 0.02
v -0.634439 -1.926547 0.02
v -0.687 -1.866613 0.02
v -0.701547 -1.859439 0.02
v -0.716906 -1.854225 0.02
v -0.751 -1.85 0.02
v -0.767185 -1.851061 0.02
v -0.870775 -1.941906 0.02
v -0.783094 -1.854225 0.02
v -0.798453 -1.859439 0.02
v -0.873939 -1.957815 0.02
v -0.875 -1.974 0.02
v -0.749 -1.85 0.02
v -0.732815 -1.851061 0.02
v -0.813 -1.866613 0.02
v -0.826486 -1.875624 0.02
v -0.838681 -1.886319 0.02
v -0.849376 -1.898514 0.02
v -0.858387 -1.912 0.02
v -0.865561 -1.926547 0.02
v -0.625 -2.25 0.0
v -0.625 -1.974 0.0
v -0.626061 -1.957815 0.0
v -0.629225 -1.941906 0.0
v -0.634439 -1.926547 0.0
v -0.641613 -1.912 0.0
v -0.650624 -1.898514 0.0
v -0.661319 -1.886319 0.0
v -0.673514 -1.875624 0.0
v -0.687 -1.866613 0.0
v -0.701547 -1.859439 0.0
v -0.716906 -1.854225 0.0
v -0.732815 -1.851061 0.0
v -0.749 -1.85 0.0
v -0.751 -1.85 0.0
v -0.875 -2.25 0.0
v -0.875 -1.974 0.0
v -0.873939 -1.957815 0.0
v -0.783094 -1.854225 0.0
v -0.767185 -1.851061 0.0
v -0.870775 -1.941906 0.0
v -0.865561 -1.926547 0.0
v -0.858387 -1.912 0.0
v -0.849376 -1.898514 0.0
v -0.838681 -1.886319 0.0
v -0.826486 -1.875624 0.0
v -0.813 -1.866613 0.0
v -0.798453 -1.859439 0.0
v -0.875 -2.25 0.2
v -0.875 -1.974 0.2
v -0.625 -2.25 0.2
v -0.625 -1.974 0.2
v -0.634439 -1.926547 0.2
v -0.641613 -1.912 0.2
v -0.650624 -1.898514 0.2
v -0.661319 -1.886319 0.2
v -0.673514 -1.875624 0.2
v -0.626061 -1.957815 0.2
v -0.629225 -1.941906 0.2
v -0.687 -1.866613 0.2
v -0.701547 -1.859439 0.2
v -0.716906 -1.854225 0.2
v -0.751 -1.85 0.2
v -0.767185 -1.851061 0.2
v -0.870775 -1.941906 0.2
v -0.783094 -1.854225 0.2
v -0.798453 -1.859439 0.2
v -0.873939 -1.957815 0.2
v -0.749 -1.85 0.2
v -0.732815 -1.851061 0.2
v -0.813 -1.866613 0.2
v -0.826486 -1.875624 0.2
v -0.838681 -1.886319 0.2
v -0.849376 -1.898514 0.2
v -0.858387 -1.912 0.2
v -0.865561 -1.926547 0.2
v -1.75 1.125 0.02
v -1.75 1.375 0.02
v -1.474 1.125 0.02
v -1.474 1.375 0.02
v -1.351061 1.267185 0.02
v -1.35 1.251 0.02
v -1.354225 1.283094 0.02
v -1.35 1.249 0.02
v -1.351061 1.232815 0.02
v -1.354225 1.216906 0.02
v -1.412 1.141613 0.02
v -1.426547 1.134439 0.02
v -1.441906 1.129225 0.02
v -1.457815 1.126061 0.02
v -1.359439 1.201547 0.02
v -1.366613 1.187 0.02
v -1.375624 1.173514 0.02
v -1.457815 1.373939 0.02
v -1.398514 1.349376 0.02
v -1.386319 1.338681 0.02
v -1.386319 1.161319 0.02
v -1.398514 1.150624 0.02
v -1.441906 1.370775 0.02
v -1.426547 1.365561 0.02
v -1.412 1.358387 0.02
v -1.375624 1.326486 0.02
v -1.366613 1.313 0.02
v -1.359439 1.298453 0.02
v -1.35 1.251 0.2
v -1.351061 1.267185 0.2
v -1.354225 1.283094 0.2
v -1.359439 1.298453 0.2
v -1.366613 1.313 0.2
v -1.375624 1.326486 0.2
v -1.386319 1.338681 0.2
v -1.398514 1.349376 0.2
v -1.412 1.358387 0.2
v -1.426547 1.365561 0.2
v -1.441906 1.370775 0.2
v -1.457815 1.373939 0.2
v -1.474 1.375 0.2
v -1.75 1.375 0.2
v -1.75 1.125 0.2
v -1.366613 1.187 0.2
v -1.359439 1.201547 0.2
v -1.354225 1.216906 0.2
v -1.351061 1.232815 0.2
v -1.35 1.249 0.2
v -1.474 1.125 0.2
v -1.457815 1.126061 0.2
v -1.441906 1.129225 0.2
v -1.426547 1.134439 0.2
v -1.412 1.141613 0.2
v -1.398514 1.150624 0.2
v -1.386319 1.161319 0.2
v -1.375624 1.173514 0.2
v -1.75 -0.125 0.0
v -1.75 -0.375 0.0
v -1.474 -0.375 0.0
v -1.457815 -0.373939 0.0
v -1.441906 -0.370775 0.0
v -1.426547 -0.365561 0.0
v -1.412 -0.358387 0.0
v -1.398514 -0.349376 0.0
v -1.386319 -0.338681 0.0
v -1.375624 -0.326486 0.0
v -1.366613 -0.313 0.0
v -1.359439 -0.298453 0.0
v -1.354225 -0.283094 0.0
v -1.351061 -0.267185 0.0
v -1.35 -0.251 0.0
v -1.474 -0.125 0.0
v -1.359439 -0.201547 0.0
v -1.354225 -0.216906 0.0
v -1.351061 -0.232815 0.0
v -1.35 -0.249 0.0
v -1.386319 -0.161319 0.0
v -1.375624 -0.173514 0.0
v -1.366613 -0.187 0.0
v -1.457815 -0.126061 0.0
v -1.441906 -0.129225 0.0
v -1.426547 -0.134439 0.0
v -1.412 -0.141613 0.0
v -1.398514 -0.150624 0.0
v 1.75 -0.875 0.2
v 1.474 -0.875 0.2
v 1.474 -0.625 0.2
v 1.75 -0.625 0.2
v 1.457815 -0.626061 0.2
v 1.441906 -0.629225 0.2
v 1.426547 -0.634439 0.2
v 1.412 -0.641613 0.2
v 1.398514 -0.650624 0.2
v 1.386319 -0.661319 0.2
v 1.375624 -0.673514 0.2
v 1.366613 -0.687 0.2
v 1.359439 -0.701547 0.2
v 1.354225 -0.716906 0.2
v 1.351061 -0.732815 0.2
v 1.35 -0.749 0.2
v 1.359439 -0.798453 0.2
v 1.366613 -0.813 0.2
v 1.457815 -0.873939 0.2
v 1.35 -0.751 0.2
v 1.351061 -0.767185 0.2
v 1.354225 -0.783094 0.2
v 1.375624 -0.826486 0.2
v 1.386319 -0.838681 0.2
v 1.398514 -0.849376 0.2
v 1.412 -0.858387 0.2
v 1.426547 -0.865561 0.2
v 1.441906 -0.870775 0.2
v 1.35 1.251 0.0
v 1.35 1.249 0.0
v 1.351061 1.232815 0.0
v 1.354225 1.216906 0.0
v 1.359439 1.201547 0.0
v 1.366613 1.187 0.0
v 1.375624 1.173514 0.0
v 1.386319 1.161319 0.0
v 1.398514 1.150624 0.0
v 1.412 1.141613 0.0
v 1.426547 1.134439 0.0
v 1.441906 1.129225 0.0
v 1.457815 1.126061 0.0
v 1.474 1.125 0.0
v 1.75 1.375 0.0
v 1.75 1.125 0.0
v 1.474 1.375 0.0
v 1.351061 1.267185 0.0
v 1.457815 1.373939 0.0
v 1.354225 1.283094 0.0
v 1.359439 1.298453 0.0
v 1.366613 1.313 0.0
v 1.375624 1.326486 0.0
v 1.398514 1.349376 0.0
v 1.412 1.358387 0.0
v 1.426547 1.365561 0.0
v 1.386319 1.338681 0.0
v 1.441906 1.370775 0.0
v 1.75 -0.375 0.2
v 1.474 -0.375 0.2
v 1.474 -0.125 0.2
v 1.75 -0.125 0.2
v 1.457815 -0.126061 0.2
v 1.441906 -0.129225 0.2
v 1.426547 -0.134439 0.2
v 1.412 -0.141613 0.2
v 1.398514 -0.150624 0.2
v 1.386319 -0.161319 0.2
v 1.375624 -0.173514 0.2
v 1.366613 -0.187 0.2
v 1.359439 -0.201547 0.2
v 1.354225 -0.216906 0.2
v 1.351061 -0.232815 0.2
v 1.35 -0.249 0.2
v 1.35 -0.251 0.2
v 1.351061 -0.267185 0.2
v 1.354225 -0.283094 0.2
v 1.359439 -0.298453 0.2
v 1.366613 -0.313 0.2
v 1.375624 -0.326486 0.2
v 1.386319 -0.338681 0.2
v 1.398514 -0.349376 0.2
v 1.412 -0.358387 0.2
v 1.426547 -0.365561 0.2
v 1.441906 -0.370775 0.2
v 1.457815 -0.373939 0.2
v 1.75 0.625 0.2
v 1.474 0.625 0.2
v 1.474 0.875 0.2
v 1.75 0.875 0.2
v 1.457815 0.873939 0.2
v 1.441906 0.870775 0.2
v 1.426547 0.865561 0.2
v 1.412 0.858387 0.2
v 1.398514 0.849376 0.2
v 1.386319 0.838681 0.2
v 1.375624 0.826486 0.2
v 1.366613 0.813 0.2
v 1.359439 0.798453 0.2
v 1.354225 0.783094 0.2
v 1.351061 0.767185 0.2
v 1.35 0.751 0.2
v 1.359439 0.701547 0.2
v 1.366613 0.687 0.2
v 1.457815 0.626061 0.2
v 1.35 0.749 0.2
v 1.351061 0.732815 0.2
v 1.354225 0.716906 0.2
v 1.375624 0.673514 0.2
v 1.386319 0.661319 0.2
v 1.398514 0.650624 0.2
v 1.412 0.641613 0.2
v 1.426547 0.634439 0.2
v 1.441906 0.629225 0.2
v -1.75 -1.875 0.02
v -1.75 -1.625 0.02
v -1.474 -1.875 0.02
v -1.474 -1.625 0.02
v -1.354225 -1.716906 0.02
v -1.351061 -1.732815 0.02
v -1.35 -1.749 0.02
v -1.35 -1.751 0.02
v -1.426547 -1.865561 0.02
v -1.441906 -1.870775 0.02
v -1.457815 -1.873939 0.02
v -1.351061 -1.767185 0.02
v -1.354225 -1.783094 0.02
v -1.359439 -1.798453 0.02
v -1.366613 -1.813 0.02
v -1.375624 -1.826486 0.02
v -1.386319 -1.838681 0.02
v -1.398514 -1.849376 0.02
v -1.412 -1.858387 0.02
v -1.457815 -1.626061 0.02
v -1.398514 -1.650624 0.02
v -1.386319 -1.661319 0.02
v -1.441906 -1.629225 0.02
v -1.426547 -1.634439 0.02
v -1.412 -1.641613 0.02
v -1.375624 -1.673514 0.02
v -1.366613 -1.687 0.02
v -1.359439 -1.701547 0.02
v -1.75 -1.625 0.2
v -1.474 -1.625 0.2
v -1.75 -1.875 0.2
v -1.474 -1.875 0.2
v -1.457815 -1.873939 0.2
v -1.441906 -1.870775 0.2
v -1.426547 -1.865561 0.2
v -1.412 -1.858387 0.2
v -1.398514 -1.849376 0.2
v -1.386319 -1.838681 0.2
v -1.375624 -1.826486 0.2
v -1.366613 -1.813 0.2
v -1.359439 -1.798453 0.2
v -1.354225 -1.783094 0.2
v -1.351061 -1.767185 0.2
v -1.35 -1.751 0.2
v -1.35 -1.749 0.2
v -1.351061 -1.732815 0.2
v -1.354225 -1.716906 0.2
v -1.398514 -1.650624 0.2
v -1.412 -1.641613 0.2
v -1.426547 -1.634439 0.2
v -1.359439 -1.701547 0.2
v -1.366613 -1.687 0.2
v -1.457815 -1.626061 0.2
v -1.375624 -1.673514 0.2
v -1.386319 -1.661319 0.2
v -1.441906 -1.629225 0.2
v 1.75 -1.375 0.2
v 1.474 -1.375 0.2
v 1.474 -1.125 0.2
v 1.75 -1.125 0.2
v 1.457815 -1.126061 0.2
v 1.441906 -1.129225 0.2
v 1.426547 -1.134439 0.2
v 1.412 -1.141613 0.2
v 1.398514 -1.150624 0.2
v 1.386319 -1.161319 0.2
v 1.375624 -1.173514 0.2
v 1.366613 -1.187 0.2
v 1.359439 -1.201547 0.2
v 1.354225 -1.216906 0.2
v 1.351061 -1.232815 0.2
v 1.35 -1.249 0.2
v 1.35 -1.251 0.2
v 1.351061 -1.267185 0.2
v 1.354225 -1.283094 0.2
v 1.398514 -1.349376 0.2
v 1.412 -1.358387 0.2
v 1.426547 -1.365561 0.2
v 1.359439 -1.298453 0.2
v 1.366613 -1.313 0.2
v 1.457815 -1.373939 0.2
v 1.375624 -1.326486 0.2
v 1.386319 -1.338681 0.2
v 1.441906 -1.370775 0.2
v 1.75 0.125 0.2
v 1.474 0.125 0.2
v 1.474 0.375 0.2
v 1.75 0.375 0.2
v 1.457815 0.373939 0.2
v 1.441906 0.370775 0.2
v 1.426547 0.365561 0.2
v 1.412 0.358387 0.2
v 1.398514 0.349376 0.2
v 1.386319 0.338681 0.2
v 1.375624 0.326486 0.2
v 1.366613 0.313 0.2
v 1.359439 0.298453 0.2
v 1.354225 0.283094 0.2
v 1.351061 0.267185 0.2
v 1.35 0.251 0.2
v 1.375624 0.173514 0.2
v 1.386319 0.161319 0.2
v 1.35 0.249 0.2
v 1.351061 0.232815 0.2
v 1.354225 0.216906 0.2
v 1.359439 0.201547 0.2
v 1.366613 0.187 0.2
v 1.426547 0.134439 0.2
v 1.441906 0.129225 0.2
v 1.457815 0.126061 0.2
v 1.398514 0.150624 0.2
v 1.412 0.141613 0.2
v 0.625 -2.25 0.2
v 0.625 -1.974 0.2
v 0.875 -2.25 0.2
v 0.875 -1.974 0.2
v 0.865561 -1.926547 0.2
v 0.858387 -1.912 0.2
v 0.849376 -1.898514 0.2
v 0.838681 -1.886319 0.2
v 0.826486 -1.875624 0.2
v 0.873939 -1.957815 0.2
v 0.870775 -1.941906 0.2
v 0.813 -1.866613 0.2
v 0.798453 -1.859439 0.2
v 0.783094 -1.854225 0.2
v 0.749 -1.85 0.2
v 0.732815 -1.851061 0.2
v 0.629225 -1.941906 0.2
v 0.716906 -1.854225 0.2
v 0.701547 -1.859439 0.2
v 0.626061 -1.957815 0.2
v 0.751 -1.85 0.2
v 0.767185 -1.851061 0.2
v 0.687 -1.866613 0.2
v 0.673514 -1.875624 0.2
v 0.661319 -1.886319 0.2
v 0.650624 -1.898514 0.2
v 0.641613 -1.912 0.2
v 0.634439 -1.926547 0.2
v -1.35 0.751 0.2
v -1.351061 0.767185 0.2
v -1.354225 0.783094 0.2
v -1.359439 0.798453 0.2
v -1.366613 0.813 0.2
v -1.375624 0.826486 0.2
v -1.386319 0.838681 0.2
v -1.398514 0.849376 0.2
v -1.412 0.858387 0.2
v -1.426547 0.865561 0.2
v -1.441906 0.870775 0.2
v -1.457815 0.873939 0.2
v -1.474 0.875 0.2
v -1.75 0.875 0.2
v -1.75 0.625 0.2
v -1.474 0.625 0.2
v -1.354225 0.716906 0.2
v -1.351061 0.732815 0.2
v -1.35 0.749 0.2
v -1.457815 0.626061 0.2
v -1.441906 0.629225 0.2
v -1.426547 0.634439 0.2
v -1.412 0.641613 0.2
v -1.398514 0.650624 0.2
v -1.386319 0.661319 0.2
v -1.375624 0.673514 0.2
v -1.366613 0.687 0.2
v -1.359439 0.701547 0.2
v -1.474 -1.375 0.02
v -1.75 -1.375 0.02
v -1.75 -1.125 0.02
v -1.354225 -1.216906 0.02
v -1.351061 -1.232815 0.02
v -1.474 -1.125 0.02
v -1.35 -1.249 0.02
v -1.35 -1.251 0.02
v -1.351061 -1.267185 0.02
v -1.354225 -1.283094 0.02
v -1.412 -1.358387 0.02
v -1.426547 -1.365561 0.02
v -1.441906 -1.370775 0.02
v -1.457815 -1.373939 0.02
v -1.359439 -1.298453 0.02
v -1.366613 -1.313 0.02
v -1.375624 -1.326486 0.02
v -1.457815 -1.126061 0.02
v -1.398514 -1.150624 0.02
v -1.386319 -1.161319 0.02
v -1.386319 -1.338681 0.02
v -1.398514 -1.349376 0.02
v -1.441906 -1.129225 0.02
v -1.426547 -1.134439 0.02
v -1.412 -1.141613 0.02
v -1.375624 -1.173514 0.02
v -1.366613 -1.187 0.02
v -1.359439 -1.201547 0.02
v -1.35 -1.249 0.2
v -1.351061 -1.232815 0.2
v -1.354225 -1.216906 0.2
v -1.359439 -1.201547 0.2
v -1.366613 -1.187 0.2
v -1.375624 -1.173514 0.2
v -1.386319 -1.161319 0.2
v -1.398514 -1.150624 0.2
v -1.412 -1.141613 0.2
v -1.426547 -1.134439 0.2
v -1.441906 -1.129225 0.2
v -1.457815 -1.126061 0.2
v -1.474 -1.125 0.2
v -1.75 -1.125 0.2
v -1.75 -1.375 0.2
v -1.366613 -1.313 0.2
v -1.359439 -1.298453 0.2
v -1.354225 -1.283094 0.2
v -1.351061 -1.267185 0.2
v -1.35 -1.251 0.2
v -1.474 -1.375 0.2
v -1.457815 -1.373939 0.2
v -1.441906 -1.370775 0.2
v -1.426547 -1.365561 0.2
v -1.412 -1.358387 0.2
v -1.398514 -1.349376 0.2
v -1.386319 -1.338681 0.2
v -1.375624 -1.326486 0.2
v -0.625 2.25 0.2
v -0.625 1.974 0.2
v -0.875 2.25 0.2
v -0.875 1.974 0.2
v -0.798453 1.859439 0.2
v -0.783094 1.854225 0.2
v -0.732815 1.851061 0.2
v -0.716906 1.854225 0.2
v -0.767185 1.851061 0.2
v -0.751 1.85 0.2
v -0.749 1.85 0.2
v -0.865561 1.926547 0.2
v -0.858387 1.912 0.2
v -0.849376 1.898514 0.2
v -0.838681 1.886319 0.2
v -0.826486 1.875624 0.2
v -0.813 1.866613 0.2
v -0.661319 1.886319 0.2
v -0.673514 1.875624 0.2
v -0.701547 1.859439 0.2
v -0.687 1.866613 0.2
v -0.650624 1.898514 0.2
v -0.641613 1.912 0.2
v -0.634439 1.926547 0.2
v -0.873939 1.957815 0.2
v -0.870775 1.941906 0.2
v -0.629225 1.941906 0.2
v -0.626061 1.957815 0.2
v -1.75 1.875 0.0
v -1.75 1.625 0.0
v -1.474 1.625 0.0
v -1.457815 1.626061 0.0
v -1.441906 1.629225 0.0
v -1.426547 1.634439 0.0
v -1.412 1.641613 0.0
v -1.398514 1.650624 0.0
v -1.386319 1.661319 0.0
v -1.375624 1.673514 0.0
v -1.366613 1.687 0.0
v -1.359439 1.701547 0.0
v -1.354225 1.716906 0.0
v -1.351061 1.732815 0.0
v -1.35 1.749 0.0
v -1.474 1.875 0.0
v -1.351061 1.767185 0.0
v -1.354225 1.783094 0.0
v -1.359439 1.798453 0.0
v -1.35 1.751 0.0
v -1.457815 1.873939 0.0
v -1.441906 1.870775 0.0
v -1.426547 1.865561 0.0
v -1.412 1.858387 0.0
v -1.398514 1.849376 0.0
v -1.386319 1.838681 0.0
v -1.375624 1.826486 0.0
v -1.366613 1.813 0.0
v 1.75 1.625 0.2
v 1.474 1.625 0.2
v 1.474 1.875 0.2
v 1.75 1.875 0.2
v 1.457815 1.873939 0.2
v 1.441906 1.870775 0.2
v 1.426547 1.865561 0.2
v 1.412 1.858387 0.2
v 1.398514 1.849376 0.2
v 1.386319 1.838681 0.2
v 1.375624 1.826486 0.2
v 1.366613 1.813 0.2
v 1.359439 1.798453 0.2
v 1.354225 1.783094 0.2
v 1.351061 1.767185 0.2
v 1.35 1.751 0.2
v 1.35 1.749 0.2
v 1.351061 1.732815 0.2
v 1.354225 1.716906 0.2
v 1.398514 1.650624 0.2
v 1.412 1.641613 0.2
v 1.426547 1.634439 0.2
v 1.359439 1.701547 0.2
v 1.366613 1.687 0.2
v 1.457815 1.626061 0.2
v 1.375624 1.673514 0.2
v 1.386319 1.661319 0.2
v 1.441906 1.629225 0.2
v -1.75 1.375 0.0
v -1.75 1.125 0.0
v -1.474 1.125 0.0
v -1.457815 1.126061 0.0
v -1.441906 1.129225 0.0
v -1.426547 1.134439 0.0
v -1.412 1.141613 0.0
v -1.398514 1.150624 0.0
v -1.386319 1.161319 0.0
v -1.375624 1.173514 0.0
v -1.366613 1.187 0.0
v -1.359439 1.201547 0.0
v -1.354225 1.216906 0.0
v -1.351061 1.232815 0.0
v -1.35 1.249 0.0
v -1.474 1.375 0.0
v -1.351061 1.267185 0.0
v -1.354225 1.283094 0.0
v -1.359439 1.298453 0.0
v -1.35 1.251 0.0
v -1.457815 1.373939 0.0
v -1.441906 1.370775 0.0
v -1.426547 1.365561 0.0
v -1.412 1.358387 0.0
v -1.398514 1.349376 0.0
v -1.386319 1.338681 0.0
v -1.375624 1.326486 0.0
v -1.366613 1.313 0.0
v -1.75 -1.875 0.0
v -1.474 -1.875 0.0
v -1.457815 -1.873939 0.0
v -1.441906 -1.870775 0.0
v -1.426547 -1.865561 0.0
v -1.412 -1.858387 0.0
v -1.398514 -1.849376 0.0
v -1.386319 -1.838681 0.0
v -1.375624 -1.826486 0.0
v -1.366613 -1.813 0.0
v -1.359439 -1.798453 0.0
v -1.354225 -1.783094 0.0
v -1.351061 -1.767185 0.0
v -1.35 -1.751 0.0
v -1.35 -1.749 0.0
v -1.75 -1.625 0.0
v -1.474 -1.625 0.0
v -1.359439 -1.701547 0.0
v -1.354225 -1.716906 0.0
v -1.351061 -1.732815 0.0
v -1.457815 -1.626061 0.0
v -1.441906 -1.629225 0.0
v -1.426547 -1.634439 0.0
v -1.412 -1.641613 0.0
v -1.398514 -1.650624 0.0
v -1.386319 -1.661319 0.0
v -1.375624 -1.673514 0.0
v -1.366613 -1.687 0.0
v -1.75 -1.125 0.0
v -1.75 -1.375 0.0
v -1.474 -1.375 0.0
v -1.457815 -1.373939 0.0
v -1.441906 -1.370775 0.0
v -1.426547 -1.365561 0.0
v -1.412 -1.358387 0.0
v -1.398514 -1.349376 0.0
v -1.386319 -1.338681 0.0
v -1.375624 -1.326486 0.0
v -1.366613 -1.313 0.0
v -1.359439 -1.298453 0.0
v -1.354225 -1.283094 0.0
v -1.351061 -1.267185 0.0
v -1.35 -1.251 0.0
v -1.474 -1.125 0.0
v -1.351061 -1.232815 0.0
v -1.354225 -1.216906 0.0
v -1.359439 -1.201547 0.0
v -1.35 -1.249 0.0
v -1.457815 -1.126061 0.0
v -1.441906 -1.129225 0.0
v -1.426547 -1.134439 0.0
v -1.412 -1.141613 0.0
v -1.398514 -1.150624 0.0
v -1.386319 -1.161319 0.0
v -1.375624 -1.173514 0.0
v -1.366613 -1.187 0.0
v -1.35 -0.749 0.2
v -1.351061 -0.732815 0.2
v -1.354225 -0.716906 0.2
v -1.359439 -0.701547 0.2
v -1.366613 -0.687 0.2
v -1.375624 -0.673514 0.2
v -1.386319 -0.661319 0.2
v -1.398514 -0.650624 0.2
v -1.412 -0.641613 0.2
v -1.426547 -0.634439 0.2
v -1.441906 -0.629225 0.2
v -1.457815 -0.626061 0.2
v -1.474 -0.625 0.2
v -1.75 -0.625 0.2
v -1.75 -0.875 0.2
v -1.474 -0.875 0.2
v -1.354225 -0.783094 0.2
v -1.351061 -0.767185 0.2
v -1.35 -0.751 0.2
v -1.457815 -0.873939 0.2
v -1.441906 -0.870775 0.2
v -1.426547 -0.865561 0.2
v -1.412 -0.858387 0.2
v -1.398514 -0.849376 0.2
v -1.386319 -0.838681 0.2
v -1.375624 -0.826486 0.2
v -1.366613 -0.813 0.2
v -1.359439 -0.798453 0.2
v 0.875 2.25 0.2
v 0.875 1.974 0.2
v 0.751 1.85 0.2
v 0.749 1.85 0.2
v 0.767185 1.851061 0.2
v 0.783094 1.854225 0.2
v 0.798453 1.859439 0.2
v 0.813 1.866613 0.2
v 0.826486 1.875624 0.2
v 0.838681 1.886319 0.2
v 0.849376 1.898514 0.2
v 0.858387 1.912 0.2
v 0.865561 1.926547 0.2
v 0.870775 1.941906 0.2
v 0.873939 1.957815 0.2
v 0.625 2.25 0.2
v 0.625 1.974 0.2
v 0.626061 1.957815 0.2
v 0.629225 1.941906 0.2
v 0.634439 1.926547 0.2
v 0.716906 1.854225 0.2
v 0.732815 1.851061 0.2
v 0.650624 1.898514 0.2
v 0.641613 1.912 0.2
v 0.661319 1.886319 0.2
v 0.673514 1.875624 0.2
v 0.701547 1.859439 0.2
v 0.687 1.866613 0.2
newmtl 2
Ka 0.10980392156862745 0.10980392156862745 0.10980392156862745
Kd 0.10980392156862745 0.10980392156862745 0.10980392156862745
Ks 0.0784313725490196 0.0784313725490196 0.0784313725490196
d 0.0
endmtl
v 1.75 -2.02 0.17
v 1.75 -2.25 1.0
v 1.75 -2.17 0.17
v 1.75 -2.25 0.02
v 1.75 -2.17 0.07
v 1.75 -2.02 0.07
v 1.75 2.25 1.0
v 1.75 2.02 0.17
v 1.75 2.02 0.07
v 1.75 2.17 0.07
v 1.75 2.25 0.02
v 1.75 2.17 0.17
v -1.75 -1.602229 0.02
v -1.75 2.02 0.17
v -1.75 2.25 1.0
v -1.75 2.17 0.17
v -1.75 2.25 0.02
v -1.75 2.17 0.07
v -1.75 2.02 0.07
v -1.75 -2.25 1.0
v -1.75 -2.02 0.17
v -1.75 -2.02 0.07
v -1.75 -2.17 0.07
v -1.75 -2.25 0.02
v -1.75 -2.17 0.17
v 1.6 -2.25 0.07
v 1.4 -2.25 0.07
v -1.6 -2.25 0.17
v -1.4 -2.25 0.17
v -1.4 -2.25 0.07
v -1.6 -2.25 0.07
v 0.016063 -2.25 0.02
v 1.6 -2.25 0.17
v 1.4 -2.25 0.17
v 0.016063 2.25 0.02
v -1.4 2.25 0.17
v -1.4 2.25 0.07
v 1.6 2.25 0.17
v 1.4 2.25 0.17
v -1.6 2.25 0.17
v -1.6 2.25 0.07
v 1.4 2.25 0.07
v 1.6 2.25 0.07
v 1.446407 1.128109 0.2
v 1.420198 1.13728 0.2
v 1.396687 1.152053 0.2
v 1.377053 1.171687 0.2
v 1.353109 1.278593 0.2
v 1.36228 1.304802 0.2
v 1.36228 1.195198 0.2
v 1.353109 1.221407 0.2
v 1.377053 1.328313 0.2
v 1.396687 1.347947 0.2
v 1.446407 1.371891 0.2
v 1.420198 1.36272 0.2
v 1.446407 1.128109 0.02
v 1.420198 1.13728 0.02
v 1.396687 1.152053 0.02
v 1.377053 1.171687 0.02
v 1.36228 1.195198 0.02
v 1.353109 1.221407 0.02
v 1.353109 1.278593 0.02
v 1.36228 1.304802 0.02
v 1.377053 1.328313 0.02
v 1.396687 1.347947 0.02
v 1.420198 1.36272 0.02
v 1.446407 1.371891 0.02
v -0.671687 1.877053 0.2
v -0.695198 1.86228 0.2
v -0.721407 1.853109 0.2
v -0.628109 1.946407 0.2
v -0.778593 1.853109 0.2
v -0.804802 1.86228 0.2
v -0.828313 1.877053 0.2
v -0.63728 1.920198 0.2
v -0.652053 1.896687 0.2
v -0.847947 1.896687 0.2
v -0.86272 1.920198 0.2
v -0.871891 1.946407 0.2
v -0.628109 1.946407 0.02
v -0.63728 1.920198 0.02
v -0.652053 1.896687 0.02
v -0.671687 1.877053 0.02
v -0.695198 1.86228 0.02
v -0.721407 1.853109 0.02
v -0.778593 1.853109 0.02
v -0.804802 1.86228 0.02
v -0.828313 1.877053 0.02
v -0.847947 1.896687 0.02
v -0.86272 1.920198 0.02
v -0.871891 1.946407 0.02
v 1.446407 -0.871891 0.2
v 1.420198 -0.86272 0.2
v 1.353109 -0.721407 0.2
v 1.36228 -0.695198 0.2
v 1.396687 -0.847947 0.2
v 1.377053 -0.828313 0.2
v 1.36228 -0.804802 0.2
v 1.353109 -0.778593 0.2
v 1.377053 -0.671687 0.2
v 1.396687 -0.652053 0.2
v 1.446407 -0.628109 0.2
v 1.420198 -0.63728 0.2
v 1.446407 -0.871891 0.02
v 1.420198 -0.86272 0.02
v 1.396687 -0.847947 0.02
v 1.377053 -0.828313 0.02
v 1.36228 -0.804802 0.02
v 1.353109 -0.778593 0.02
v 1.353109 -0.721407 0.02
v 1.36228 -0.695198 0.02
v 1.377053 -0.671687 0.02
v 1.396687 -0.652053 0.02
v 1.420198 -0.63728 0.02
v 1.446407 -0.628109 0.02
v -1.353109 -1.221407 0.2
v -1.446407 -1.371891 0.2
v -1.446407 -1.128109 0.2
v -1.420198 -1.13728 0.2
v -1.396687 -1.152053 0.2
v -1.377053 -1.171687 0.2
v -1.36228 -1.195198 0.2
v -1.36228 -1.304802 0.2
v -1.377053 -1.328313 0.2
v -1.353109 -1.278593 0.2
v -1.396687 -1.347947 0.2
v -1.420198 -1.36272 0.2
v -1.446407 -1.128109 0.02
v -1.420198 -1.13728 0.02
v -1.396687 -1.152053 0.02
v -1.377053 -1.171687 0.02
v -1.36228 -1.195198 0.02
v -1.353109 -1.221407 0.02
v -1.353109 -1.278593 0.02
v -1.36228 -1.304802 0.02
v -1.377053 -1.328313 0.02
v -1.396687 -1.347947 0.02
v -1.420198 -1.36272 0.02
v -1.446407 -1.371891 0.02
v -1.446407 0.871891 0.2
v -1.420198 0.86272 0.2
v -1.396687 0.847947 0.2
v -1.377053 0.828313 0.2
v -1.36228 0.804802 0.2
v -1.353109 0.778593 0.2
v -1.446407 0.628109 0.2
v -1.36228 0.695198 0.2
v -1.377053 0.671687 0.2
v -1.353109 0.721407 0.2
v -1.396687 0.652053 0.2
v -1.420198 0.63728 0.2
v -1.446407 0.871891 0.02
v -1.420198 0.86272 0.02
v -1.396687 0.847947 0.02
v -1.377053 0.828313 0.02
v -1.36228 0.804802 0.02
v -1.353109 0.778593 0.02
v -1.353109 0.721407 0.02
v -1.36228 0.695198 0.02
v -1.377053 0.671687 0.02
v -1.396687 0.652053 0.02
v -1.420198 0.63728 0.02
v -1.446407 0.628109 0.02
v 1.446407 0.628109 0.2
v 1.420198 0.63728 0.2
v 1.353109 0.778593 0.2
v 1.36228 0.804802 0.2
v 1.396687 0.652053 0.2
v 1.377053 0.671687 0.2
v 1.36228 0.695198 0.2
v 1.353109 0.721407 0.2
v 1.377053 0.828313 0.2
v 1.396687 0.847947 0.2
v 1.446407 0.871891 0.2
v 1.420198 0.86272 0.2
v 1.446407 0.628109 0.02
v 1.420198 0.63728 0.02
v 1.396687 0.652053 0.02
v 1.377053 0.671687 0.02
v 1.36228 0.695198 0.02
v 1.353109 0.721407 0.02
v 1.353109 0.778593 0.02
v 1.36228 0.804802 0.02
v 1.377053 0.828313 0.02
v 1.396687 0.847947 0.02
v 1.420198 0.86272 0.02
v 1.446407 0.871891 0.02
v 0.778593 1.853109 0.2
v 0.721407 1.853109 0.2
v 0.871891 1.946407 0.2
v 0.86272 1.920198 0.2
v 0.847947 1.896687 0.2
v 0.828313 1.877053 0.2
v 0.804802 1.86228 0.2
v 0.695198 1.86228 0.2
v 0.671687 1.877053 0.2
v 0.628109 1.946407 0.2
v 0.652053 1.896687 0.2
v 0.63728 1.920198 0.2
v 0.721407 1.853109 0.02
v 0.695198 1.86228 0.02
v 0.671687 1.877053 0.02
v 0.652053 1.896687 0.02
v 0.63728 1.920198 0.02
v 0.628109 1.946407 0.02
v 0.871891 1.946407 0.02
v 0.86272 1.920198 0.02
v 0.847947 1.896687 0.02
v 0.828313 1.877053 0.02
v 0.804802 1.86228 0.02
v 0.778593 1.853109 0.02
v 1.446407 -1.371891 0.2
v 1.420198 -1.36272 0.2
v 1.396687 -1.347947 0.2
v 1.377053 -1.328313 0.2
v 1.353109 -1.221407 0.2
v 1.36228 -1.195198 0.2
v 1.36228 -1.304802 0.2
v 1.353109 -1.278593 0.2
v 1.377053 -1.171687 0.2
v 1.396687 -1.152053 0.2
v 1.446407 -1.128109 0.2
v 1.420198 -1.13728 0.2
v 1.446407 -1.371891 0.02
v 1.420198 -1.36272 0.02
v 1.396687 -1.347947 0.02
v 1.377053 -1.328313 0.02
v 1.36228 -1.304802 0.02
v 1.353109 -1.278593 0.02
v 1.353109 -1.221407 0.02
v 1.36228 -1.195198 0.02
v 1.377053 -1.171687 0.02
v 1.396687 -1.152053 0.02
v 1.420198 -1.13728 0.02
v 1.446407 -1.128109 0.02
v -1.446407 -0.628109 0.2
v -1.420198 -0.63728 0.2
v -1.396687 -0.652053 0.2
v -1.377053 -0.671687 0.2
v -1.36228 -0.695198 0.2
v -1.353109 -0.721407 0.2
v -1.446407 -0.871891 0.2
v -1.36228 -0.804802 0.2
v -1.377053 -0.828313 0.2
v -1.353109 -0.778593 0.2
v -1.396687 -0.847947 0.2
v -1.420198 -0.86272 0.2
v -1.446407 -0.628109 0.02
v -1.420198 -0.63728 0.02
v -1.396687 -0.652053 0.02
v -1.377053 -0.671687 0.02
v -1.36228 -0.695198 0.02
v -1.353109 -0.721407 0.02
v -1.353109 -0.778593 0.02
v -1.36228 -0.804802 0.02
v -1.377053 -0.828313 0.02
v -1.396687 -0.847947 0.02
v -1.420198 -0.86272 0.02
v -1.446407 -0.871891 0.02
v -1.353109 1.278593 0.2
v -1.446407 1.128109 0.2
v -1.446407 1.371891 0.2
v -1.420198 1.36272 0.2
v -1.396687 1.347947 0.2
v -1.377053 1.328313 0.2
v -1.36228 1.304802 0.2
v -1.36228 1.195198 0.2
v -1.377053 1.171687 0.2
v -1.353109 1.221407 0.2
v -1.396687 1.152053 0.2
v -1.420198 1.13728 0.2
v -1.446407 1.371891 0.02
v -1.420198 1.36272 0.02
v -1.396687 1.347947 0.02
v -1.377053 1.328313 0.02
v -1.36228 1.304802 0.02
v -1.353109 1.278593 0.02
v -1.353109 1.221407 0.02
v -1.36228 1.195198 0.02
v -1.377053 1.171687 0.02
v -1.396687 1.152053 0.02
v -1.420198 1.13728 0.02
v -1.446407 1.128109 0.02
v -0.778593 -1.853109 0.2
v -0.721407 -1.853109 0.2
v -0.695198 -1.86228 0.2
v -0.871891 -1.946407 0.2
v -0.86272 -1.920198 0.2
v -0.847947 -1.896687 0.2
v -0.828313 -1.877053 0.2
v -0.804802 -1.86228 0.2
v -0.671687 -1.877053 0.2
v -0.652053 -1.896687 0.2
v -0.628109 -1.946407 0.2
v -0.63728 -1.920198 0.2
v -0.871891 -1.946407 0.02
v -0.86272 -1.920198 0.02
v -0.847947 -1.896687 0.02
v -0.828313 -1.877053 0.02
v -0.804802 -1.86228 0.02
v -0.778593 -1.853109 0.02
v -0.721407 -1.853109 0.02
v -0.695198 -1.86228 0.02
v -0.671687 -1.877053 0.02
v -0.652053 -1.896687 0.02
v -0.63728 -1.920198 0.02
v -0.628109 -1.946407 0.02
v 1.396687 0.152053 0.2
v 1.377053 0.171687 0.2
v 1.446407 0.128109 0.2
v 1.420198 0.13728 0.2
v 1.36228 0.195198 0.2
v 1.353109 0.221407 0.2
v 1.420198 0.36272 0.2
v 1.36228 0.304802 0.2
v 1.396687 0.347947 0.2
v 1.377053 0.328313 0.2
v 1.353109 0.278593 0.2
v 1.446407 0.371891 0.2
v 1.446407 0.128109 0.02
v 1.420198 0.13728 0.02
v 1.396687 0.152053 0.02
v 1.377053 0.171687 0.02
v 1.36228 0.195198 0.02
v 1.353109 0.221407 0.02
v 1.353109 0.278593 0.02
v 1.36228 0.304802 0.02
v 1.377053 0.328313 0.02
v 1.396687 0.347947 0.02
v 1.420198 0.36272 0.02
v 1.446407 0.371891 0.02
v -1.446407 -1.628109 0.2
v -1.420198 -1.63728 0.2
v -1.396687 -1.652053 0.2
v -1.353109 -1.721407 0.2
v -1.353109 -1.778593 0.2
v -1.377053 -1.828313 0.2
v -1.396687 -1.847947 0.2
v -1.420198 -1.86272 0.2
v -1.377053 -1.671687 0.2
v -1.36228 -1.695198 0.2
v -1.36228 -1.804802 0.2
v -1.446407 -1.871891 0.2
v -1.446407 -1.628109 0.02
v -1.420198 -1.63728 0.02
v -1.396687 -1.652053 0.02
v -1.377053 -1.671687 0.02
v -1.36228 -1.695198 0.02
v -1.353109 -1.721407 0.02
v -1.353109 -1.778593 0.02
v -1.36228 -1.804802 0.02
v -1.377053 -1.828313 0.02
v -1.396687 -1.847947 0.02
v -1.420198 -1.86272 0.02
v -1.446407 -1.871891 0.02
v 1.353109 -1.778593 0.2
v 1.353109 -1.721407 0.2
v 1.36228 -1.695198 0.2
v 1.377053 -1.671687 0.2
v 1.396687 -1.652053 0.2
v 1.420198 -1.86272 0.2
v 1.396687 -1.847947 0.2
v 1.446407 -1.871891 0.2
v 1.377053 -1.828313 0.2
v 1.36228 -1.804802 0.2
v 1.420198 -1.63728 0.2
v 1.446407 -1.628109 0.2
v 1.446407 -1.871891 0.02
v 1.420198 -1.86272 0.02
v 1.396687 -1.847947 0.02
v 1.377053 -1.828313 0.02
v 1.36228 -1.804802 0.02
v 1.353109 -1.778593 0.02
v 1.353109 -1.721407 0.02
v 1.36228 -1.695198 0.02
v 1.377053 -1.671687 0.02
v 1.396687 -1.652053 0.02
v 1.420198 -1.63728 0.02
v 1.446407 -1.628109 0.02
v -1.446407 -0.128109 0.2
v -1.353109 -0.278593 0.2
v -1.377053 -0.171687 0.2
v -1.36228 -0.195198 0.2
v -1.353109 -0.221407 0.2
v -1.420198 -0.13728 0.2
v -1.396687 -0.152053 0.2
v -1.396687 -0.347947 0.2
v -1.446407 -0.371891 0.2
v -1.420198 -0.36272 0.2
v -1.36228 -0.304802 0.2
v -1.377053 -0.328313 0.2
v -1.446407 -0.128109 0.02
v -1.420198 -0.13728 0.02
v -1.396687 -0.152053 0.02
v -1.377053 -0.171687 0.02
v -1.36228 -0.195198 0.02
v -1.353109 -0.221407 0.02
v -1.353109 -0.278593 0.02
v -1.36228 -0.304802 0.02
v -1.377053 -0.328313 0.02
v -1.396687 -0.347947 0.02
v -1.420198 -0.36272 0.02
v -1.446407 -0.371891 0.02
v -1.353109 1.778593 0.2
v -1.446407 1.628109 0.2
v -1.446407 1.871891 0.2
v -1.420198 1.86272 0.2
v -1.396687 1.847947 0.2
v -1.377053 1.828313 0.2
v -1.36228 1.804802 0.2
v -1.36228 1.695198 0.2
v -1.377053 1.671687 0.2
v -1.353109 1.721407 0.2
v -1.396687 1.652053 0.2
v -1.420198 1.63728 0.2
v -1.446407 1.871891 0.02
v -1.420198 1.86272 0.02
v -1.396687 1.847947 0.02
v -1.377053 1.828313 0.02
v -1.36228 1.804802 0.02
v -1.353109 1.778593 0.02
v -1.353109 1.721407 0.02
v -1.36228 1.695198 0.02
v -1.377053 1.671687 0.02
v -1.396687 1.652053 0.02
v -1.420198 1.63728 0.02
v -1.446407 1.628109 0.02
v 0.721407 -1.853109 0.2
v 0.778593 -1.853109 0.2
v 0.804802 -1.86228 0.2
v 0.628109 -1.946407 0.2
v 0.63728 -1.920198 0.2
v 0.652053 -1.896687 0.2
v 0.671687 -1.877053 0.2
v 0.695198 -1.86228 0.2
v 0.828313 -1.877053 0.2
v 0.847947 -1.896687 0.2
v 0.871891 -1.946407 0.2
v 0.86272 -1.920198 0.2
v 0.628109 -1.946407 0.02
v 0.63728 -1.920198 0.02
v 0.652053 -1.896687 0.02
v 0.671687 -1.877053 0.02
v 0.695198 -1.86228 0.02
v 0.721407 -1.853109 0.02
v 0.778593 -1.853109 0.02
v 0.804802 -1.86228 0.02
v 0.828313 -1.877053 0.02
v 0.847947 -1.896687 0.02
v 0.86272 -1.920198 0.02
v 0.871891 -1.946407 0.02
v 1.446407 -0.371891 0.2
v 1.420198 -0.36272 0.2
v 1.396687 -0.347947 0.2
v 1.377053 -0.328313 0.2
v 1.36228 -0.304802 0.2
v 1.353109 -0.278593 0.2
v 1.420198 -0.13728 0.2
v 1.36228 -0.195198 0.2
v 1.396687 -0.152053 0.2
v 1.377053 -0.171687 0.2
v 1.353109 -0.221407 0.2
v 1.446407 -0.128109 0.2
v 1.446407 -0.371891 0.02
v 1.420198 -0.36272 0.02
v 1.396687 -0.347947 0.02
v 1.377053 -0.328313 0.02
v 1.36228 -0.304802 0.02
v 1.353109 -0.278593 0.02
v 1.353109 -0.221407 0.02
v 1.36228 -0.195198 0.02
v 1.377053 -0.171687 0.02
v 1.396687 -0.152053 0.02
v 1.420198 -0.13728 0.02
v 1.446407 -0.128109 0.02
v 1.446407 1.628109 0.2
v 1.420198 1.63728 0.2
v 1.396687 1.652053 0.2
v 1.377053 1.671687 0.2
v 1.353109 1.778593 0.2
v 1.36228 1.804802 0.2
v 1.36228 1.695198 0.2
v 1.353109 1.721407 0.2
v 1.377053 1.828313 0.2
v 1.396687 1.847947 0.2
v 1.446407 1.871891 0.2
v 1.420198 1.86272 0.2
v 1.446407 1.628109 0.02
v 1.420198 1.63728 0.02
v 1.396687 1.652053 0.02
v 1.377053 1.671687 0.02
v 1.36228 1.695198 0.02
v 1.353109 1.721407 0.02
v 1.353109 1.778593 0.02
v 1.36228 1.804802 0.02
v 1.377053 1.828313 0.02
v 1.396687 1.847947 0.02
v 1.420198 1.86272 0.02
v 1.446407 1.871891 0.02
v -1.446407 0.371891 0.2
v -1.377053 0.328313 0.2
v -1.36228 0.304802 0.2
v -1.353109 0.221407 0.2
v -1.353109 0.278593 0.2
v -1.420198 0.36272 0.2
v -1.396687 0.347947 0.2
v -1.396687 0.152053 0.2
v -1.446407 0.128109 0.2
v -1.420198 0.13728 0.2
v -1.36228 0.195198 0.2
v -1.377053 0.171687 0.2
v -1.446407 0.371891 0.02
v -1.420198 0.36272 0.02
v -1.396687 0.347947 0.02
v -1.377053 0.328313 0.02
v -1.36228 0.304802 0.02
v -1.353109 0.278593 0.02
v -1.353109 0.221407 0.02
v -1.36228 0.195198 0.02
v -1.377053 0.171687 0.02
v -1.396687 0.152053 0.02
v -1.420198 0.13728 0.02
v -1.446407 0.128109 0.02
v -0.046494 -1.582412 0.02
v -0.063215 -1.582412 0.02
v -0.053954 -1.561528 0.02
v -0.055688 -1.561528 0.02
v -0.054435 -1.559793 0.02
v -0.055243 -1.559788 0.02
v -0.054754 -1.558022 0.02
v -0.054916 -1.558022 0.02
v 0.004478 -1.557412 0.02
v 0.004478 -1.596436 0.02
v -0.002896 -1.557412 0.02
v -0.00262 -1.596436 0.02
v -0.007895 -1.595945 0.02
v -0.022352 -1.576438 0.02
v -0.021927 -1.571462 0.02
v -0.02076 -1.567507 0.02
v -0.008814 -1.558041 0.02
v -0.012103 -1.594632 0.02
v -0.015513 -1.592607 0.02
v -0.018317 -1.589837 0.02
v -0.020426 -1.58639 0.02
v -0.021892 -1.58169 0.02
v -0.019023 -1.564423 0.02
v -0.016594 -1.561845 0.02
v -0.012942 -1.559485 0.02
v -0.933494 1.525 0.98
v -0.908519 1.585295 0.98
v -1.15 1.65 0.98
newmtl 3
Ka 0.4117647058823529 0.4117647058823529 0.4117647058823529
Kd 0.4117647058823529 0.4117647058823529 0.4117647058823529
Ks 0.20392156862745098 0.20392156862745098 0.20392156862745098
d 0.0
endmtl
v -0.9 1.65 0.98
v -0.908519 1.714705 0.98
v -1.085295 1.408519 0.98
v -1.025 1.433494 0.98
v -0.973223 1.473223 0.98
v -1.275 1.433494 0.98
v -1.214705 1.408519 0.98
v -1.15 1.4 0.98
v -1.391482 1.585295 0.98
v -1.366506 1.525 0.98
v -1.326777 1.473223 0.98
v -1.366506 1.775 0.98
v -1.391482 1.714705 0.98
v -1.4 1.65 0.98
v -1.214705 1.891481 0.98
v -1.275 1.866506 0.98
v -1.326777 1.826777 0.98
v -1.025 1.866506 0.98
v -1.085295 1.891481 0.98
v -1.15 1.9 0.98
v -0.933494 1.775 0.98
v -0.973223 1.826777 0.98
v -0.055688 -1.561528 0.03
v -0.055243 -1.559788 0.03
newmtl 4
Ka 0.792156862745098 0.8196078431372549 0.9333333333333333
Kd 0.792156862745098 0.8196078431372549 0.9333333333333333
Ks 0.396078431372549 0.4117647058823529 0.4666666666666667
d 0.0
endmtl
v -0.054916 -1.558022 0.03
v -0.054754 -1.558022 0.03
v -0.054435 -1.559793 0.03
v -0.053954 -1.561528 0.03
v -0.046494 -1.582412 0.03
v -0.063215 -1.582412 0.03
v -0.00262 -1.596436 0.03
v -0.007895 -1.595945 0.03
v -0.012103 -1.594632 0.03
v -0.015513 -1.592607 0.03
v -0.018317 -1.589837 0.03
v -0.020426 -1.58639 0.03
v -0.021892 -1.58169 0.03
v -0.022352 -1.576438 0.03
v -0.021927 -1.571462 0.03
v -0.02076 -1.567507 0.03
v -0.019023 -1.564423 0.03
v -0.016594 -1.561845 0.03
v -0.012942 -1.559485 0.03
v -0.008814 -1.558041 0.03
v -0.002896 -1.557412 0.03
v 0.004478 -1.557412 0.03
v 0.004478 -1.596436 0.03
v -0.9 1.65 1.0
v -0.908519 1.714705 1.0
v -0.933494 1.775 1.0
v -0.973223 1.826777 1.0
v -1.025 1.866506 1.0
v -1.085295 1.891481 1.0
v -1.15 1.9 1.0
v -1.214705 1.891481 1.0
v -1.275 1.866506 1.0
v -1.326777 1.826777 1.0
v -1.366506 1.775 1.0
v -1.391482 1.714705 1.0
v -1.4 1.65 1.0
v -1.391482 1.585295 1.0
v -1.366506 1.525 1.0
v -1.326777 1.473223 1.0
v -1.275 1.433494 1.0
v -1.214705 1.408519 1.0
v -1.15 1.4 1.0
v -1.085295 1.408519 1.0
v -1.025 1.433494 1.0
v -0.973223 1.473223 1.0
v -0.933494 1.525 1.0
v -0.908519 1.585295 1.0
v -0.044808 -1.5879 0.03
v -0.065463 -1.5879 0.03
v -0.05162 -1.551924 0.03
v -0.032717 -1.601924 0.03
v -0.040034 -1.601924 0.03
v -0.058327 -1.551924 0.03
v -0.077839 -1.601924 0.03
v -0.070522 -1.601924 0.03
v -0.027353 -1.566664 0.03
v -0.025029 -1.562364 0.03
v -0.021493 -1.558443 0.03
v -0.021441 -1.558397 0.03
v -0.015999 -1.55475 0.03
v -0.010149 -1.552696 0.03
v -0.002925 -1.551924 0.03
v 0.011185 -1.551924 0.03
v 0.011185 -1.601924 0.03
v -0.002411 -1.601924 0.03
v -0.008597 -1.601384 0.03
v -0.014359 -1.599667 0.03
v -0.019579 -1.596633 0.03
v -0.023695 -1.592692 0.03
v -0.026562 -1.58822 0.03
v -0.028357 -1.582987 0.03
v -0.029059 -1.576295 0.03
v -0.028695 -1.57159 0.03
v 0.04777 -1.601924 0.03
v 0.020941 -1.601924 0.03
v 0.020941 -1.596436 0.03
v 0.041063 -1.596436 0.03
v 0.041063 -1.579363 0.03
v 0.04777 -1.551924 0.03
v 0.022161 -1.557412 0.03
v 0.022161 -1.551924 0.03
v 0.041063 -1.557412 0.03
v 0.041063 -1.573875 0.03
v 0.02338 -1.573875 0.03
v 0.02338 -1.579363 0.03
v 0.075024 -1.596523 0.03
v 0.071284 -1.602534 0.03
v 0.07036 -1.597046 0.03
v 0.069917 -1.60251 0.03
v 0.063723 -1.596309 0.03
v 0.062856 -1.601521 0.03
v 0.058423 -1.594341 0.03
v 0.057527 -1.599332 0.03
v 0.057527 -1.593845 0.03
v 0.057527 -1.560003 0.03
v 0.057527 -1.553296 0.03
v 0.063159 -1.557592 0.03
v 0.063307 -1.551727 0.03
v 0.069236 -1.556802 0.03
v 0.069293 -1.551314 0.03
v 0.074159 -1.557355 0.03
v 0.074315 -1.551724 0.03
v 0.077902 -1.558706 0.03
v 0.079889 -1.553344 0.03
v 0.081362 -1.561021 0.03
v 0.084638 -1.556077 0.03
v 0.084382 -1.564354 0.03
v 0.089152 -1.560418 0.03
v 0.086443 -1.568215 0.03
v 0.092083 -1.565093 0.03
v 0.087776 -1.573567 0.03
v 0.094002 -1.570759 0.03
v 0.088014 -1.577458 0.03
v 0.094722 -1.577867 0.03
v 0.087508 -1.58287 0.03
v 0.094238 -1.583658 0.03
v 0.08615 -1.587171 0.03
v 0.092733 -1.58895 0.03
v 0.084082 -1.590638 0.03
v 0.09007 -1.593705 0.03
v 0.081735 -1.593113 0.03
v 0.086314 -1.597658 0.03
v 0.078667 -1.595182 0.03
v 0.082292 -1.600227 0.03
v 0.077446 -1.601895 0.03
v 0.117892 -1.551924 0.03
v 0.1246 -1.551924 0.03
v 0.117892 -1.596436 0.03
v 0.1246 -1.601924 0.03
v 0.09899 -1.596436 0.03
v 0.09899 -1.601924 0.03
v -0.077839 -1.601924 0.02
v -0.058327 -1.551924 0.02
v -0.05162 -1.551924 0.02
v -0.032717 -1.601924 0.02
v -0.040034 -1.601924 0.02
v -0.044808 -1.5879 0.02
v -0.065463 -1.5879 0.02
v -0.070522 -1.601924 0.02
v 0.011185 -1.601924 0.02
v -0.002411 -1.601924 0.02
v -0.029059 -1.576295 0.02
v -0.028357 -1.582987 0.02
v -0.026562 -1.58822 0.02
v -0.023695 -1.592692 0.02
v -0.019579 -1.596633 0.02
v -0.014359 -1.599667 0.02
v -0.008597 -1.601384 0.02
v -0.002925 -1.551924 0.02
v -0.010149 -1.552696 0.02
v -0.015999 -1.55475 0.02
v -0.021441 -1.558397 0.02
v -0.021493 -1.558443 0.02
v -0.025029 -1.562364 0.02
v -0.027353 -1.566664 0.02
v -0.028695 -1.57159 0.02
v 0.011185 -1.551924 0.02
v 0.020941 -1.601924 0.02
v 0.020941 -1.596436 0.02
v 0.041063 -1.596436 0.02
v 0.041063 -1.579363 0.02
v 0.02338 -1.579363 0.02
v 0.02338 -1.573875 0.02
v 0.041063 -1.573875 0.02
v 0.041063 -1.557412 0.02
v 0.022161 -1.557412 0.02
v 0.022161 -1.551924 0.02
v 0.04777 -1.551924 0.02
v 0.04777 -1.601924 0.02
v 0.057527 -1.599332 0.02
v 0.057527 -1.593845 0.02
v 0.07036 -1.597046 0.02
v 0.063723 -1.596309 0.02
v 0.058423 -1.594341 0.02
v 0.088014 -1.577458 0.02
v 0.087508 -1.58287 0.02
v 0.08615 -1.587171 0.02
v 0.084082 -1.590638 0.02
v 0.081735 -1.593113 0.02
v 0.078667 -1.595182 0.02
v 0.075024 -1.596523 0.02
v 0.069236 -1.556802 0.02
v 0.074159 -1.557355 0.02
v 0.077902 -1.558706 0.02
v 0.081362 -1.561021 0.02
v 0.084382 -1.564354 0.02
v 0.086443 -1.568215 0.02
v 0.087776 -1.573567 0.02
v 0.057527 -1.560003 0.02
v 0.063159 -1.557592 0.02
v 0.057527 -1.553296 0.02
v 0.069293 -1.551314 0.02
v 0.063307 -1.551727 0.02
v 0.094722 -1.577867 0.02
v 0.094002 -1.570759 0.02
v 0.092083 -1.565093 0.02
v 0.089152 -1.560418 0.02
v 0.084638 -1.556077 0.02
v 0.079889 -1.553344 0.02
v 0.074315 -1.551724 0.02
v 0.071284 -1.602534 0.02
v 0.074225 -1.602229 0.02
v 0.077446 -1.601895 0.02
v 0.082292 -1.600227 0.02
v 0.086314 -1.597658 0.02
v 0.09007 -1.593705 0.02
v 0.092733 -1.58895 0.02
v 0.094238 -1.583658 0.02
v 0.062856 -1.601521 0.02
v 0.067909 -1.602229 0.02
v 0.069917 -1.60251 0.02
v 0.09899 -1.601924 0.02
v 0.09899 -1.596436 0.02
v 0.117892 -1.596436 0.02
v 0.117892 -1.551924 0.02
v 0.1246 -1.551924 0.02
v 0.1246 -1.601924 0.02
v 0.016063 -1.602229 0.02
v 1.75 -1.602229 0.02
v 0.85 1.35 0.2
v 0.85 -1.35 0.2
v 0.85 1.35 0.0
v 0.85 -1.35 0.0
v -0.5 1.35 0.2
v -0.5 1.35 0.0
v -0.85 1.0 0.2
v -0.85 1.0 0.0
v -0.85 -1.35 0.2
v -0.85 -1.35 0.0
usemtl 1
f 1// 2// 3//
f 3// 2// 4//
f 5// 6// 3//
f 3// 6// 7//
f 3// 7// 8//
f 9// 10// 11//
f 4// 12// 3//
f 3// 12// 13//
f 3// 13// 14//
f 14// 15// 3//
f 3// 15// 16//
f 3// 16// 17//
f 17// 18// 3//
f 3// 18// 19//
f 3// 19// 20//
f 20// 21// 3//
f 3// 21// 22//
f 3// 22// 5//
f 8// 23// 3//
f 3// 23// 24//
f 3// 24// 11//
f 11// 24// 25//
f 11// 25// 9//
f 10// 26// 11//
f 11// 26// 27//
f 11// 27// 28//
f 5// 29// 6//
f 6// 29// 30//
f 6// 30// 31//
f 6// 31// 7//
f 7// 31// 32//
f 7// 32// 8//
f 8// 32// 33//
f 8// 33// 23//
f 23// 33// 34//
f 23// 34// 24//
f 24// 34// 35//
f 24// 35// 25//
f 25// 35// 36//
f 25// 36// 9//
f 9// 36// 37//
f 9// 37// 10//
f 10// 37// 38//
f 10// 38// 26//
f 26// 38// 39//
f 26// 39// 27//
f 27// 39// 40//
f 27// 40// 28//
f 28// 40// 41//
f 28// 41// 11//
f 11// 41// 42//
f 11// 42// 3//
f 43// 44// 45//
f 43// 34// 33//
f 33// 32// 43//
f 43// 32// 31//
f 43// 31// 30//
f 45// 42// 43//
f 43// 42// 41//
f 43// 41// 40//
f 40// 39// 43//
f 43// 39// 38//
f 43// 38// 37//
f 37// 36// 43//
f 43// 36// 35//
f 43// 35// 34//
f 30// 29// 43//
f 43// 29// 46//
f 43// 46// 47//
f 47// 46// 48//
f 48// 49// 47//
f 47// 49// 50//
f 47// 50// 51//
f 52// 53// 54//
f 51// 55// 47//
f 47// 55// 52//
f 47// 52// 56//
f 56// 52// 54//
f 45// 44// 1//
f 1// 44// 2//
f 4// 43// 47//
f 4// 47// 12//
f 12// 47// 56//
f 12// 56// 13//
f 13// 56// 54//
f 13// 54// 14//
f 14// 54// 53//
f 14// 53// 15//
f 15// 53// 52//
f 15// 52// 16//
f 16// 52// 55//
f 16// 55// 17//
f 17// 55// 51//
f 17// 51// 18//
f 18// 51// 50//
f 18// 50// 19//
f 19// 50// 49//
f 19// 49// 20//
f 20// 49// 48//
f 20// 48// 21//
f 21// 48// 46//
f 21// 46// 22//
f 22// 46// 29//
f 22// 29// 5//
f 2// 44// 4//
f 4// 44// 43//
f 3// 42// 1//
f 1// 42// 45//
f 57// 58// 59//
f 59// 58// 60//
f 61// 62// 60//
f 63// 64// 60//
f 62// 65// 60//
f 60// 65// 66//
f 60// 66// 67//
f 67// 68// 60//
f 60// 68// 69//
f 60// 69// 63//
f 70// 71// 60//
f 60// 71// 72//
f 60// 72// 59//
f 73// 74// 75//
f 75// 74// 76//
f 75// 76// 77//
f 73// 78// 74//
f 74// 78// 79//
f 74// 79// 80//
f 60// 81// 61//
f 61// 81// 74//
f 61// 74// 82//
f 82// 74// 80//
f 64// 83// 60//
f 60// 83// 84//
f 60// 84// 70//
f 62// 85// 65//
f 65// 85// 86//
f 65// 86// 87//
f 65// 87// 66//
f 66// 87// 88//
f 66// 88// 67//
f 67// 88// 89//
f 67// 89// 68//
f 68// 89// 90//
f 68// 90// 69//
f 69// 90// 91//
f 69// 91// 63//
f 63// 91// 92//
f 63// 92// 64//
f 64// 92// 93//
f 64// 93// 83//
f 83// 93// 94//
f 83// 94// 84//
f 84// 94// 95//
f 84// 95// 70//
f 70// 95// 96//
f 70// 96// 71//
f 71// 96// 97//
f 71// 97// 72//
f 72// 97// 98//
f 72// 98// 59//
f 91// 90// 99//
f 87// 86// 99//
f 99// 86// 85//
f 99// 85// 100//
f 101// 102// 99//
f 99// 102// 98//
f 99// 98// 97//
f 90// 89// 99//
f 99// 89// 88//
f 99// 88// 87//
f 97// 96// 99//
f 99// 96// 95//
f 99// 95// 94//
f 103// 104// 100//
f 100// 104// 105//
f 100// 105// 99//
f 103// 106// 104//
f 104// 106// 107//
f 104// 107// 108//
f 108// 109// 104//
f 104// 109// 110//
f 104// 110// 111//
f 111// 110// 112//
f 94// 93// 99//
f 99// 93// 92//
f 99// 92// 91//
f 102// 101// 57//
f 57// 101// 58//
f 60// 99// 105//
f 60// 105// 81//
f 81// 105// 104//
f 81// 104// 74//
f 74// 104// 111//
f 74// 111// 76//
f 76// 111// 112//
f 76// 112// 77//
f 77// 112// 110//
f 77// 110// 75//
f 75// 110// 109//
f 75// 109// 73//
f 73// 109// 108//
f 73// 108// 78//
f 78// 108// 107//
f 78// 107// 79//
f 79// 107// 106//
f 79// 106// 80//
f 80// 106// 103//
f 80// 103// 82//
f 82// 103// 100//
f 82// 100// 61//
f 61// 100// 85//
f 61// 85// 62//
f 58// 101// 60//
f 60// 101// 99//
f 59// 98// 57//
f 57// 98// 102//
f 113// 114// 115//
f 115// 114// 116//
f 117// 118// 115//
f 115// 118// 119//
f 115// 119// 120//
f 116// 121// 115//
f 115// 121// 122//
f 115// 122// 123//
f 123// 124// 115//
f 115// 124// 125//
f 115// 125// 126//
f 126// 127// 115//
f 115// 127// 128//
f 115// 128// 117//
f 120// 129// 115//
f 115// 129// 130//
f 115// 130// 131//
f 131// 130// 132//
f 132// 133// 131//
f 131// 133// 134//
f 131// 134// 135//
f 136// 137// 138//
f 135// 139// 131//
f 131// 139// 136//
f 131// 136// 140//
f 140// 136// 138//
f 141// 142// 114//
f 114// 142// 116//
f 143// 144// 115//
f 115// 144// 113//
f 143// 115// 131//
f 143// 131// 145//
f 145// 131// 140//
f 145// 140// 146//
f 146// 140// 138//
f 146// 138// 147//
f 147// 138// 137//
f 147// 137// 148//
f 148// 137// 136//
f 148// 136// 149//
f 149// 136// 139//
f 149// 139// 150//
f 150// 139// 135//
f 150// 135// 151//
f 151// 135// 134//
f 151// 134// 152//
f 152// 134// 133//
f 152// 133// 153//
f 153// 133// 132//
f 153// 132// 154//
f 154// 132// 130//
f 154// 130// 155//
f 155// 130// 129//
f 155// 129// 156//
f 141// 144// 143//
f 141// 156// 157//
f 143// 145// 141//
f 141// 145// 146//
f 141// 146// 147//
f 147// 148// 141//
f 141// 148// 149//
f 141// 149// 150//
f 141// 157// 142//
f 142// 157// 158//
f 142// 158// 159//
f 160// 161// 162//
f 150// 151// 141//
f 141// 151// 152//
f 141// 152// 153//
f 153// 154// 141//
f 141// 154// 155//
f 141// 155// 156//
f 159// 163// 142//
f 142// 163// 164//
f 142// 164// 165//
f 165// 164// 166//
f 166// 167// 165//
f 165// 167// 160//
f 165// 160// 168//
f 168// 160// 162//
f 157// 120// 119//
f 157// 119// 158//
f 158// 119// 118//
f 158// 118// 159//
f 159// 118// 117//
f 159// 117// 163//
f 163// 117// 128//
f 163// 128// 164//
f 164// 128// 127//
f 164// 127// 166//
f 166// 127// 126//
f 166// 126// 167//
f 167// 126// 125//
f 167// 125// 160//
f 160// 125// 124//
f 160// 124// 161//
f 161// 124// 123//
f 161// 123// 162//
f 162// 123// 122//
f 162// 122// 168//
f 168// 122// 121//
f 168// 121// 165//
f 165// 121// 116//
f 165// 116// 142//
f 157// 156// 120//
f 120// 156// 129//
f 141// 114// 144//
f 144// 114// 113//
f 169// 170// 171//
f 172// 173// 174//
f 174// 173// 175//
f 176// 177// 174//
f 174// 177// 178//
f 174// 178// 171//
f 171// 178// 179//
f 171// 179// 169//
f 175// 180// 174//
f 174// 180// 181//
f 174// 181// 182//
f 182// 183// 174//
f 174// 183// 184//
f 174// 184// 185//
f 185// 186// 174//
f 174// 186// 187//
f 174// 187// 176//
f 188// 170// 189//
f 189// 170// 190//
f 189// 190// 191//
f 188// 192// 170//
f 170// 192// 193//
f 170// 193// 194//
f 194// 195// 170//
f 170// 195// 196//
f 170// 196// 171//
f 197// 198// 174//
f 174// 198// 172//
f 172// 198// 173//
f 173// 198// 199//
f 200// 201// 202//
f 203// 204// 205//
f 197// 206// 198//
f 198// 206// 207//
f 208// 209// 198//
f 198// 209// 210//
f 198// 210// 211//
f 212// 213// 214//
f 215// 216// 198//
f 198// 216// 217//
f 198// 217// 199//
f 199// 217// 205//
f 199// 205// 218//
f 218// 205// 204//
f 207// 219// 198//
f 198// 219// 220//
f 198// 220// 208//
f 211// 221// 198//
f 198// 221// 222//
f 198// 222// 215//
f 212// 214// 201//
f 201// 214// 223//
f 201// 223// 202//
f 200// 202// 205//
f 205// 202// 224//
f 205// 224// 203//
f 173// 199// 218//
f 173// 218// 175//
f 175// 218// 204//
f 175// 204// 180//
f 180// 204// 203//
f 180// 203// 181//
f 181// 203// 224//
f 181// 224// 182//
f 182// 224// 202//
f 182// 202// 183//
f 183// 202// 223//
f 183// 223// 184//
f 184// 223// 214//
f 184// 214// 185//
f 185// 214// 213//
f 185// 213// 186//
f 186// 213// 212//
f 186// 212// 187//
f 187// 212// 201//
f 187// 201// 176//
f 176// 201// 200//
f 176// 200// 177//
f 177// 200// 205//
f 177// 205// 178//
f 179// 217// 216//
f 179// 216// 169//
f 169// 216// 215//
f 169// 215// 170//
f 170// 215// 222//
f 170// 222// 190//
f 190// 222// 221//
f 190// 221// 191//
f 191// 221// 211//
f 191// 211// 189//
f 189// 211// 210//
f 189// 210// 188//
f 188// 210// 209//
f 188// 209// 192//
f 192// 209// 208//
f 192// 208// 193//
f 193// 208// 220//
f 193// 220// 194//
f 194// 220// 219//
f 194// 219// 195//
f 195// 219// 207//
f 195// 207// 196//
f 196// 207// 206//
f 196// 206// 171//
f 178// 205// 179//
f 179// 205// 217//
f 171// 206// 174//
f 174// 206// 197//
f 225// 226// 227//
f 227// 226// 228//
f 229// 230// 227//
f 230// 231// 227//
f 227// 231// 232//
f 227// 232// 233//
f 233// 234// 227//
f 227// 234// 235//
f 227// 235// 236//
f 237// 238// 239//
f 228// 240// 227//
f 227// 240// 241//
f 227// 241// 242//
f 242// 243// 227//
f 227// 243// 244//
f 227// 244// 245//
f 245// 246// 227//
f 227// 246// 247//
f 227// 247// 229//
f 237// 239// 248//
f 248// 239// 235//
f 235// 239// 249//
f 235// 249// 250//
f 250// 251// 235//
f 235// 251// 252//
f 235// 252// 236//
f 253// 254// 225//
f 225// 254// 226//
f 226// 254// 228//
f 228// 254// 255//
f 228// 255// 256//
f 228// 256// 240//
f 240// 256// 257//
f 240// 257// 241//
f 241// 257// 258//
f 241// 258// 242//
f 242// 258// 259//
f 242// 259// 243//
f 243// 259// 260//
f 243// 260// 244//
f 244// 260// 261//
f 244// 261// 245//
f 245// 261// 262//
f 245// 262// 246//
f 246// 262// 263//
f 246// 263// 247//
f 247// 263// 264//
f 247// 264// 229//
f 229// 264// 265//
f 229// 265// 230//
f 230// 265// 266//
f 230// 266// 231//
f 231// 266// 267//
f 231// 267// 232//
f 268// 269// 254//
f 253// 270// 254//
f 254// 270// 271//
f 254// 271// 272//
f 266// 265// 255//
f 254// 269// 255//
f 255// 269// 267//
f 255// 267// 266//
f 261// 260// 256//
f 272// 273// 254//
f 254// 273// 274//
f 254// 274// 275//
f 275// 276// 254//
f 254// 276// 277//
f 254// 277// 278//
f 278// 279// 254//
f 254// 279// 280//
f 254// 280// 268//
f 265// 264// 255//
f 255// 264// 263//
f 255// 263// 256//
f 256// 263// 262//
f 256// 262// 261//
f 260// 259// 256//
f 256// 259// 258//
f 256// 258// 257//
f 232// 267// 233//
f 233// 267// 269//
f 227// 270// 225//
f 225// 270// 253//
f 233// 269// 268//
f 233// 268// 234//
f 234// 268// 280//
f 234// 280// 235//
f 235// 280// 279//
f 235// 279// 248//
f 248// 279// 278//
f 248// 278// 237//
f 237// 278// 277//
f 237// 277// 238//
f 238// 277// 276//
f 238// 276// 239//
f 239// 276// 275//
f 239// 275// 249//
f 249// 275// 274//
f 249// 274// 250//
f 250// 274// 273//
f 250// 273// 251//
f 251// 273// 272//
f 251// 272// 252//
f 252// 272// 271//
f 252// 271// 236//
f 236// 271// 270//
f 236// 270// 227//
f 281// 282// 283//
f 283// 282// 284//
f 285// 286// 283//
f 283// 286// 287//
f 283// 287// 288//
f 288// 289// 283//
f 283// 289// 290//
f 283// 290// 291//
f 292// 293// 294//
f 284// 295// 283//
f 283// 295// 296//
f 283// 296// 297//
f 297// 298// 283//
f 283// 298// 299//
f 283// 299// 285//
f 291// 300// 283//
f 283// 300// 301//
f 283// 301// 294//
f 294// 301// 302//
f 294// 302// 292//
f 293// 303// 294//
f 294// 303// 304//
f 294// 304// 305//
f 305// 306// 294//
f 294// 306// 307//
f 294// 307// 308//
f 291// 309// 300//
f 300// 309// 310//
f 300// 310// 311//
f 300// 311// 301//
f 301// 311// 312//
f 301// 312// 302//
f 302// 312// 313//
f 302// 313// 292//
f 292// 313// 314//
f 292// 314// 293//
f 293// 314// 315//
f 293// 315// 303//
f 303// 315// 316//
f 303// 316// 304//
f 304// 316// 317//
f 304// 317// 305//
f 305// 317// 318//
f 305// 318// 306//
f 306// 318// 319//
f 306// 319// 307//
f 307// 319// 320//
f 307// 320// 308//
f 308// 320// 321//
f 308// 321// 294//
f 294// 321// 322//
f 294// 322// 283//
f 323// 310// 309//
f 324// 325// 323//
f 323// 325// 322//
f 323// 322// 321//
f 315// 314// 323//
f 323// 314// 313//
f 313// 312// 323//
f 323// 312// 311//
f 323// 311// 310//
f 309// 326// 323//
f 323// 326// 327//
f 323// 327// 328//
f 328// 329// 323//
f 323// 329// 330//
f 323// 330// 331//
f 318// 317// 323//
f 323// 317// 316//
f 323// 316// 315//
f 332// 333// 334//
f 334// 333// 335//
f 335// 333// 330//
f 330// 333// 336//
f 330// 336// 331//
f 321// 320// 323//
f 323// 320// 319//
f 323// 319// 318//
f 325// 324// 281//
f 281// 324// 282//
f 284// 323// 331//
f 284// 331// 295//
f 295// 331// 336//
f 295// 336// 296//
f 296// 336// 333//
f 296// 333// 297//
f 297// 333// 332//
f 297// 332// 298//
f 298// 332// 334//
f 298// 334// 299//
f 299// 334// 335//
f 299// 335// 285//
f 285// 335// 330//
f 285// 330// 286//
f 286// 330// 329//
f 286// 329// 287//
f 287// 329// 328//
f 287// 328// 288//
f 288// 328// 327//
f 288// 327// 289//
f 289// 327// 326//
f 289// 326// 290//
f 290// 326// 309//
f 290// 309// 291//
f 282// 324// 284//
f 284// 324// 323//
f 283// 322// 281//
f 281// 322// 325//
f 337// 338// 339//
f 339// 338// 340//
f 340// 341// 339//
f 339// 341// 342//
f 339// 342// 343//
f 343// 344// 339//
f 339// 344// 345//
f 339// 345// 346//
f 347// 348// 339//
f 339// 348// 349//
f 339// 349// 350//
f 351// 352// 353//
f 346// 354// 339//
f 339// 354// 355//
f 339// 355// 356//
f 356// 357// 339//
f 339// 357// 358//
f 339// 358// 347//
f 350// 359// 339//
f 339// 359// 360//
f 339// 360// 361//
f 361// 360// 362//
f 362// 363// 361//
f 361// 363// 351//
f 361// 351// 364//
f 364// 351// 353//
f 347// 365// 348//
f 348// 365// 366//
f 348// 366// 367//
f 348// 367// 349//
f 349// 367// 368//
f 349// 368// 350//
f 350// 368// 369//
f 350// 369// 359//
f 359// 369// 370//
f 359// 370// 360//
f 360// 370// 371//
f 360// 371// 362//
f 362// 371// 372//
f 362// 372// 363//
f 363// 372// 373//
f 363// 373// 351//
f 351// 373// 374//
f 351// 374// 352//
f 352// 374// 375//
f 352// 375// 353//
f 353// 375// 376//
f 353// 376// 364//
f 364// 376// 377//
f 364// 377// 361//
f 361// 377// 378//
f 361// 378// 339//
f 379// 380// 381//
f 381// 380// 378//
f 369// 368// 381//
f 381// 368// 367//
f 381// 367// 366//
f 378// 377// 381//
f 381// 377// 376//
f 381// 376// 375//
f 375// 374// 381//
f 381// 374// 373//
f 381// 373// 372//
f 372// 371// 381//
f 381// 371// 370//
f 381// 370// 369//
f 366// 365// 381//
f 381// 365// 382//
f 381// 382// 383//
f 383// 382// 384//
f 384// 385// 383//
f 383// 385// 386//
f 383// 386// 387//
f 388// 389// 390//
f 387// 391// 383//
f 383// 391// 388//
f 383// 388// 392//
f 392// 388// 390//
f 380// 379// 337//
f 337// 379// 338//
f 340// 381// 383//
f 340// 383// 341//
f 341// 383// 392//
f 341// 392// 342//
f 342// 392// 390//
f 342// 390// 343//
f 343// 390// 389//
f 343// 389// 344//
f 344// 389// 388//
f 344// 388// 345//
f 345// 388// 391//
f 345// 391// 346//
f 346// 391// 387//
f 346// 387// 354//
f 354// 387// 386//
f 354// 386// 355//
f 355// 386// 385//
f 355// 385// 356//
f 356// 385// 384//
f 356// 384// 357//
f 357// 384// 382//
f 357// 382// 358//
f 358// 382// 365//
f 358// 365// 347//
f 338// 379// 340//
f 340// 379// 381//
f 339// 378// 337//
f 337// 378// 380//
f 393// 394// 395//
f 395// 394// 396//
f 397// 398// 396//
f 397// 396// 399//
f 398// 400// 396//
f 396// 400// 401//
f 396// 401// 402//
f 403// 404// 396//
f 404// 405// 396//
f 396// 405// 406//
f 396// 406// 395//
f 402// 407// 396//
f 396// 407// 408//
f 396// 408// 409//
f 410// 411// 412//
f 409// 413// 396//
f 396// 413// 414//
f 396// 414// 403//
f 410// 415// 411//
f 411// 415// 416//
f 411// 416// 417//
f 412// 418// 410//
f 410// 418// 419//
f 410// 419// 396//
f 396// 419// 420//
f 396// 420// 399//
f 421// 398// 397//
f 421// 397// 422//
f 422// 397// 399//
f 422// 399// 423//
f 423// 399// 420//
f 423// 420// 424//
f 424// 420// 419//
f 424// 419// 425//
f 425// 419// 418//
f 425// 418// 426//
f 426// 418// 412//
f 426// 412// 427//
f 427// 412// 411//
f 427// 411// 428//
f 428// 411// 417//
f 428// 417// 429//
f 429// 417// 416//
f 429// 416// 430//
f 430// 416// 415//
f 430// 415// 431//
f 431// 415// 410//
f 431// 410// 432//
f 432// 410// 396//
f 432// 396// 433//
f 434// 433// 394//
f 394// 433// 396//
f 433// 434// 435//
f 433// 436// 437//
f 437// 438// 433//
f 433// 438// 439//
f 433// 439// 440//
f 435// 441// 433//
f 433// 441// 442//
f 433// 442// 443//
f 443// 444// 433//
f 433// 444// 445//
f 433// 445// 446//
f 440// 421// 433//
f 433// 421// 422//
f 433// 422// 423//
f 428// 429// 430//
f 446// 447// 433//
f 433// 447// 448//
f 433// 448// 436//
f 423// 424// 433//
f 433// 424// 425//
f 433// 425// 432//
f 432// 425// 426//
f 426// 427// 432//
f 432// 427// 428//
f 432// 428// 431//
f 431// 428// 430//
f 421// 440// 398//
f 398// 440// 400//
f 441// 395// 406//
f 441// 406// 442//
f 442// 406// 405//
f 442// 405// 443//
f 443// 405// 404//
f 443// 404// 444//
f 444// 404// 403//
f 444// 403// 445//
f 445// 403// 414//
f 445// 414// 446//
f 446// 414// 413//
f 446// 413// 447//
f 447// 413// 409//
f 447// 409// 448//
f 448// 409// 408//
f 448// 408// 436//
f 436// 408// 407//
f 436// 407// 437//
f 437// 407// 402//
f 437// 402// 438//
f 438// 402// 401//
f 438// 401// 439//
f 439// 401// 400//
f 439// 400// 440//
f 441// 435// 395//
f 395// 435// 393//
f 434// 394// 435//
f 435// 394// 393//
f 449// 450// 451//
f 451// 450// 452//
f 453// 454// 451//
f 451// 454// 455//
f 451// 455// 456//
f 456// 457// 451//
f 451// 457// 458//
f 451// 458// 459//
f 460// 461// 462//
f 452// 463// 451//
f 451// 463// 464//
f 451// 464// 465//
f 465// 466// 451//
f 451// 466// 467//
f 451// 467// 453//
f 459// 468// 451//
f 451// 468// 469//
f 451// 469// 462//
f 462// 469// 470//
f 462// 470// 460//
f 461// 471// 462//
f 462// 471// 472//
f 462// 472// 473//
f 473// 474// 462//
f 462// 474// 475//
f 462// 475// 476//
f 459// 477// 468//
f 468// 477// 478//
f 468// 478// 479//
f 468// 479// 469//
f 469// 479// 480//
f 469// 480// 470//
f 470// 480// 481//
f 470// 481// 460//
f 460// 481// 482//
f 460// 482// 461//
f 461// 482// 483//
f 461// 483// 471//
f 471// 483// 484//
f 471// 484// 472//
f 472// 484// 485//
f 472// 485// 473//
f 473// 485// 486//
f 473// 486// 474//
f 474// 486// 487//
f 474// 487// 475//
f 475// 487// 488//
f 475// 488// 476//
f 476// 488// 489//
f 476// 489// 462//
f 462// 489// 490//
f 462// 490// 451//
f 491// 478// 477//
f 492// 493// 491//
f 491// 493// 490//
f 491// 490// 489//
f 483// 482// 491//
f 491// 482// 481//
f 481// 480// 491//
f 491// 480// 479//
f 491// 479// 478//
f 477// 494// 491//
f 491// 494// 495//
f 491// 495// 496//
f 496// 497// 491//
f 491// 497// 498//
f 491// 498// 499//
f 486// 485// 491//
f 491// 485// 484//
f 491// 484// 483//
f 500// 501// 502//
f 502// 501// 503//
f 503// 501// 498//
f 498// 501// 504//
f 498// 504// 499//
f 489// 488// 491//
f 491// 488// 487//
f 491// 487// 486//
f 493// 492// 449//
f 449// 492// 450//
f 452// 491// 499//
f 452// 499// 463//
f 463// 499// 504//
f 463// 504// 464//
f 464// 504// 501//
f 464// 501// 465//
f 465// 501// 500//
f 465// 500// 466//
f 466// 500// 502//
f 466// 502// 467//
f 467// 502// 503//
f 467// 503// 453//
f 453// 503// 498//
f 453// 498// 454//
f 454// 498// 497//
f 454// 497// 455//
f 455// 497// 496//
f 455// 496// 456//
f 456// 496// 495//
f 456// 495// 457//
f 457// 495// 494//
f 457// 494// 458//
f 458// 494// 477//
f 458// 477// 459//
f 450// 492// 452//
f 452// 492// 491//
f 451// 490// 449//
f 449// 490// 493//
f 505// 506// 507//
f 505// 508// 509//
f 510// 511// 505//
f 505// 511// 512//
f 505// 512// 513//
f 507// 514// 505//
f 505// 514// 515//
f 505// 515// 516//
f 509// 517// 505//
f 505// 517// 518//
f 505// 518// 510//
f 513// 519// 505//
f 505// 519// 520//
f 505// 520// 521//
f 521// 522// 505//
f 505// 522// 523//
f 505// 523// 524//
f 525// 526// 527//
f 527// 526// 528//
f 527// 528// 529//
f 516// 530// 505//
f 505// 530// 531//
f 505// 531// 508//
f 524// 523// 528//
f 528// 523// 532//
f 528// 532// 529//
f 533// 534// 506//
f 506// 534// 507//
f 507// 534// 514//
f 514// 534// 535//
f 514// 535// 536//
f 514// 536// 515//
f 515// 536// 537//
f 515// 537// 516//
f 516// 537// 538//
f 516// 538// 530//
f 530// 538// 539//
f 530// 539// 531//
f 531// 539// 540//
f 531// 540// 508//
f 508// 540// 541//
f 508// 541// 509//
f 509// 541// 542//
f 509// 542// 517//
f 517// 542// 543//
f 517// 543// 518//
f 518// 543// 544//
f 518// 544// 510//
f 510// 544// 545//
f 510// 545// 511//
f 511// 545// 546//
f 511// 546// 512//
f 512// 546// 547//
f 512// 547// 513//
f 534// 533// 535//
f 535// 533// 548//
f 549// 550// 535//
f 550// 551// 535//
f 535// 551// 552//
f 535// 552// 547//
f 548// 553// 535//
f 535// 553// 554//
f 535// 554// 555//
f 547// 546// 535//
f 535// 546// 545//
f 535// 545// 544//
f 555// 556// 535//
f 535// 556// 557//
f 535// 557// 558//
f 558// 559// 535//
f 535// 559// 560//
f 535// 560// 549//
f 544// 543// 535//
f 535// 543// 542//
f 535// 542// 541//
f 539// 538// 537//
f 541// 540// 535//
f 535// 540// 539//
f 535// 539// 536//
f 536// 539// 537//
f 513// 547// 519//
f 519// 547// 552//
f 505// 548// 506//
f 506// 548// 533//
f 519// 552// 551//
f 519// 551// 520//
f 520// 551// 550//
f 520// 550// 521//
f 521// 550// 549//
f 521// 549// 522//
f 522// 549// 560//
f 522// 560// 523//
f 523// 560// 559//
f 523// 559// 532//
f 532// 559// 558//
f 532// 558// 529//
f 529// 558// 557//
f 529// 557// 527//
f 527// 557// 556//
f 527// 556// 525//
f 525// 556// 555//
f 525// 555// 526//
f 526// 555// 554//
f 526// 554// 528//
f 528// 554// 553//
f 528// 553// 524//
f 524// 553// 548//
f 524// 548// 505//
f 561// 562// 563//
f 564// 565// 561//
f 566// 567// 568//
f 565// 569// 561//
f 561// 569// 570//
f 561// 570// 568//
f 568// 570// 571//
f 568// 571// 566//
f 572// 573// 561//
f 561// 573// 574//
f 561// 574// 575//
f 575// 576// 561//
f 561// 576// 577//
f 561// 577// 564//
f 578// 567// 579//
f 579// 567// 580//
f 579// 580// 581//
f 578// 582// 567//
f 567// 582// 583//
f 567// 583// 584//
f 563// 585// 561//
f 561// 585// 586//
f 561// 586// 572//
f 584// 587// 567//
f 567// 587// 588//
f 567// 588// 568//
f 562// 589// 563//
f 563// 589// 590//
f 563// 590// 591//
f 563// 591// 585//
f 585// 591// 592//
f 585// 592// 586//
f 586// 592// 593//
f 586// 593// 572//
f 572// 593// 594//
f 572// 594// 573//
f 573// 594// 595//
f 573// 595// 574//
f 574// 595// 596//
f 574// 596// 575//
f 575// 596// 597//
f 575// 597// 576//
f 576// 597// 598//
f 576// 598// 577//
f 577// 598// 599//
f 577// 599// 564//
f 564// 599// 600//
f 564// 600// 565//
f 565// 600// 601//
f 565// 601// 569//
f 569// 601// 602//
f 569// 602// 570//
f 570// 602// 571//
f 571// 602// 603//
f 589// 604// 590//
f 590// 604// 605//
f 603// 590// 606//
f 606// 590// 607//
f 603// 602// 590//
f 590// 602// 601//
f 590// 601// 600//
f 590// 608// 609//
f 609// 610// 590//
f 590// 610// 611//
f 590// 611// 612//
f 605// 613// 590//
f 590// 613// 614//
f 590// 614// 608//
f 612// 615// 590//
f 590// 615// 616//
f 590// 616// 607//
f 597// 596// 598//
f 598// 596// 595//
f 595// 594// 598//
f 598// 594// 593//
f 598// 593// 592//
f 600// 599// 590//
f 590// 599// 598//
f 590// 598// 591//
f 591// 598// 592//
f 571// 603// 606//
f 571// 606// 566//
f 566// 606// 607//
f 566// 607// 567//
f 567// 607// 616//
f 567// 616// 580//
f 580// 616// 615//
f 580// 615// 581//
f 581// 615// 612//
f 581// 612// 579//
f 579// 612// 611//
f 579// 611// 578//
f 578// 611// 610//
f 578// 610// 582//
f 582// 610// 609//
f 582// 609// 583//
f 583// 609// 608//
f 583// 608// 584//
f 584// 608// 614//
f 584// 614// 587//
f 587// 614// 613//
f 587// 613// 588//
f 588// 613// 605//
f 588// 605// 568//
f 604// 589// 561//
f 561// 589// 562//
f 568// 605// 561//
f 561// 605// 604//
f 617// 618// 619//
f 619// 618// 620//
f 621// 622// 619//
f 619// 622// 623//
f 619// 623// 624//
f 620// 625// 619//
f 619// 625// 626//
f 619// 626// 621//
f 624// 627// 619//
f 619// 627// 628//
f 619// 628// 629//
f 630// 631// 632//
f 632// 631// 633//
f 632// 633// 634//
f 632// 635// 630//
f 630// 635// 636//
f 630// 636// 637//
f 637// 636// 619//
f 637// 619// 638//
f 638// 619// 629//
f 639// 640// 634//
f 634// 640// 641//
f 634// 641// 642//
f 642// 643// 634//
f 634// 643// 644//
f 634// 644// 632//
f 617// 645// 618//
f 618// 645// 646//
f 618// 646// 647//
f 618// 647// 620//
f 620// 647// 648//
f 620// 648// 625//
f 625// 648// 649//
f 625// 649// 626//
f 626// 649// 650//
f 626// 650// 621//
f 621// 650// 651//
f 621// 651// 622//
f 622// 651// 652//
f 622// 652// 623//
f 623// 652// 653//
f 623// 653// 624//
f 624// 653// 654//
f 624// 654// 627//
f 627// 654// 655//
f 627// 655// 628//
f 628// 655// 656//
f 628// 656// 629//
f 629// 656// 657//
f 629// 657// 638//
f 638// 657// 658//
f 638// 658// 637//
f 637// 658// 630//
f 630// 658// 659//
f 645// 660// 646//
f 646// 660// 661//
f 646// 661// 662//
f 652// 651// 658//
f 646// 663// 664//
f 651// 650// 658//
f 658// 650// 649//
f 658// 649// 648//
f 655// 658// 656//
f 656// 658// 657//
f 655// 654// 658//
f 658// 654// 653//
f 658// 653// 652//
f 664// 659// 646//
f 646// 659// 658//
f 646// 658// 647//
f 647// 658// 648//
f 662// 665// 646//
f 646// 665// 666//
f 646// 666// 667//
f 667// 668// 646//
f 646// 668// 669//
f 646// 669// 670//
f 670// 671// 646//
f 646// 671// 672//
f 646// 672// 663//
f 630// 659// 664//
f 630// 664// 631//
f 631// 664// 663//
f 631// 663// 633//
f 633// 663// 672//
f 633// 672// 634//
f 634// 672// 671//
f 634// 671// 639//
f 639// 671// 670//
f 639// 670// 640//
f 640// 670// 669//
f 640// 669// 641//
f 641// 669// 668//
f 641// 668// 642//
f 642// 668// 667//
f 642// 667// 643//
f 643// 667// 666//
f 643// 666// 644//
f 644// 666// 665//
f 644// 665// 632//
f 632// 665// 662//
f 632// 662// 635//
f 635// 662// 661//
f 635// 661// 636//
f 660// 645// 619//
f 619// 645// 617//
f 636// 661// 619//
f 619// 661// 660//
f 673// 674// 675//
f 676// 677// 673//
f 673// 677// 678//
f 673// 678// 674//
f 675// 679// 673//
f 673// 679// 680//
f 673// 680// 681//
f 682// 683// 673//
f 673// 683// 684//
f 673// 684// 676//
f 681// 685// 673//
f 673// 685// 686//
f 673// 686// 687//
f 687// 688// 673//
f 673// 688// 689//
f 673// 689// 690//
f 691// 692// 693//
f 693// 692// 673//
f 693// 673// 694//
f 694// 673// 690//
f 673// 695// 682//
f 682// 695// 696//
f 682// 696// 697//
f 697// 696// 698//
f 697// 698// 699//
f 699// 698// 700//
f 678// 701// 674//
f 674// 701// 702//
f 674// 702// 703//
f 674// 703// 675//
f 675// 703// 704//
f 675// 704// 679//
f 679// 704// 705//
f 679// 705// 680//
f 680// 705// 706//
f 680// 706// 681//
f 681// 706// 707//
f 681// 707// 685//
f 685// 707// 708//
f 685// 708// 686//
f 686// 708// 709//
f 686// 709// 687//
f 687// 709// 710//
f 687// 710// 688//
f 688// 710// 711//
f 688// 711// 689//
f 689// 711// 712//
f 689// 712// 690//
f 690// 712// 713//
f 690// 713// 694//
f 694// 713// 714//
f 694// 714// 693//
f 715// 716// 717//
f 717// 716// 714//
f 717// 702// 701//
f 705// 704// 717//
f 717// 704// 703//
f 717// 703// 702//
f 701// 718// 717//
f 717// 718// 719//
f 717// 719// 720//
f 714// 713// 717//
f 717// 713// 712//
f 717// 712// 711//
f 711// 710// 717//
f 717// 710// 709//
f 717// 709// 708//
f 708// 707// 717//
f 717// 707// 706//
f 717// 706// 705//
f 720// 721// 717//
f 717// 721// 722//
f 717// 722// 723//
f 724// 725// 726//
f 726// 725// 727//
f 726// 727// 723//
f 723// 727// 728//
f 723// 728// 717//
f 716// 715// 691//
f 691// 715// 692//
f 673// 717// 728//
f 673// 728// 695//
f 695// 728// 727//
f 695// 727// 696//
f 696// 727// 725//
f 696// 725// 698//
f 698// 725// 724//
f 698// 724// 700//
f 700// 724// 726//
f 700// 726// 699//
f 699// 726// 723//
f 699// 723// 697//
f 697// 723// 722//
f 697// 722// 682//
f 682// 722// 721//
f 682// 721// 683//
f 683// 721// 720//
f 683// 720// 684//
f 684// 720// 719//
f 684// 719// 676//
f 676// 719// 718//
f 676// 718// 677//
f 677// 718// 701//
f 677// 701// 678//
f 692// 715// 673//
f 673// 715// 717//
f 693// 714// 691//
f 691// 714// 716//
f 729// 730// 731//
f 729// 732// 733//
f 731// 734// 729//
f 729// 734// 735//
f 729// 735// 736//
f 736// 737// 729//
f 729// 737// 738//
f 729// 738// 739//
f 729// 733// 740//
f 740// 733// 741//
f 740// 741// 742//
f 743// 744// 745//
f 739// 746// 729//
f 729// 746// 747//
f 729// 747// 748//
f 748// 749// 729//
f 729// 749// 750//
f 729// 750// 732//
f 742// 751// 740//
f 740// 751// 752//
f 740// 752// 753//
f 753// 752// 754//
f 754// 755// 753//
f 753// 755// 743//
f 753// 743// 756//
f 756// 743// 745//
f 732// 757// 733//
f 733// 757// 758//
f 733// 758// 759//
f 733// 759// 741//
f 741// 759// 760//
f 741// 760// 742//
f 742// 760// 761//
f 742// 761// 751//
f 751// 761// 762//
f 751// 762// 752//
f 752// 762// 763//
f 752// 763// 754//
f 754// 763// 764//
f 754// 764// 755//
f 755// 764// 765//
f 755// 765// 743//
f 743// 765// 766//
f 743// 766// 744//
f 744// 766// 767//
f 744// 767// 745//
f 745// 767// 768//
f 745// 768// 756//
f 756// 768// 769//
f 756// 769// 753//
f 753// 769// 770//
f 753// 770// 740//
f 771// 772// 773//
f 773// 772// 770//
f 761// 760// 773//
f 773// 760// 759//
f 773// 759// 758//
f 770// 769// 773//
f 773// 769// 768//
f 773// 768// 767//
f 767// 766// 773//
f 773// 766// 765//
f 773// 765// 764//
f 764// 763// 773//
f 773// 763// 762//
f 773// 762// 761//
f 758// 757// 773//
f 773// 757// 774//
f 773// 774// 775//
f 775// 774// 776//
f 776// 777// 775//
f 775// 777// 778//
f 775// 778// 779//
f 780// 781// 782//
f 779// 783// 775//
f 775// 783// 780//
f 775// 780// 784//
f 784// 780// 782//
f 772// 771// 729//
f 729// 771// 730//
f 731// 773// 775//
f 731// 775// 734//
f 734// 775// 784//
f 734// 784// 735//
f 735// 784// 782//
f 735// 782// 736//
f 736// 782// 781//
f 736// 781// 737//
f 737// 781// 780//
f 737// 780// 738//
f 738// 780// 783//
f 738// 783// 739//
f 739// 783// 779//
f 739// 779// 746//
f 746// 779// 778//
f 746// 778// 747//
f 747// 778// 777//
f 747// 777// 748//
f 748// 777// 776//
f 748// 776// 749//
f 749// 776// 774//
f 749// 774// 750//
f 750// 774// 757//
f 750// 757// 732//
f 730// 771// 731//
f 731// 771// 773//
f 740// 770// 729//
f 729// 770// 772//
f 785// 786// 787//
f 787// 786// 788//
f 787// 788// 789//
f 789// 790// 787//
f 787// 790// 791//
f 787// 791// 792//
f 793// 794// 787//
f 787// 794// 795//
f 787// 795// 785//
f 792// 796// 787//
f 787// 796// 797//
f 787// 797// 798//
f 798// 799// 787//
f 787// 799// 800//
f 787// 800// 801//
f 802// 803// 804//
f 804// 803// 787//
f 804// 787// 805//
f 805// 787// 801//
f 806// 807// 787//
f 787// 807// 808//
f 787// 808// 793//
f 806// 809// 807//
f 807// 809// 810//
f 807// 810// 811//
f 811// 810// 812//
f 813// 786// 785//
f 813// 785// 814//
f 814// 785// 795//
f 814// 795// 815//
f 815// 795// 794//
f 815// 794// 816//
f 816// 794// 793//
f 816// 793// 817//
f 817// 793// 808//
f 817// 808// 818//
f 818// 808// 807//
f 818// 807// 819//
f 819// 807// 811//
f 819// 811// 820//
f 820// 811// 812//
f 820// 812// 821//
f 821// 812// 810//
f 821// 810// 822//
f 822// 810// 809//
f 822// 809// 823//
f 823// 809// 806//
f 823// 806// 824//
f 824// 806// 787//
f 824// 787// 825//
f 826// 825// 803//
f 803// 825// 787//
f 827// 813// 814//
f 828// 829// 827//
f 814// 815// 827//
f 827// 815// 816//
f 827// 816// 817//
f 827// 830// 831//
f 829// 832// 827//
f 827// 832// 833//
f 827// 833// 813//
f 831// 834// 827//
f 827// 834// 835//
f 827// 835// 828//
f 817// 818// 827//
f 827// 818// 819//
f 827// 819// 820//
f 826// 836// 825//
f 825// 836// 827//
f 825// 827// 824//
f 824// 827// 823//
f 827// 837// 830//
f 830// 837// 838//
f 830// 838// 839//
f 839// 838// 840//
f 820// 821// 827//
f 827// 821// 822//
f 827// 822// 823//
f 813// 833// 786//
f 786// 833// 788//
f 827// 804// 805//
f 827// 805// 837//
f 837// 805// 801//
f 837// 801// 838//
f 838// 801// 800//
f 838// 800// 840//
f 840// 800// 799//
f 840// 799// 839//
f 839// 799// 798//
f 839// 798// 830//
f 830// 798// 797//
f 830// 797// 831//
f 831// 797// 796//
f 831// 796// 834//
f 834// 796// 792//
f 834// 792// 835//
f 835// 792// 791//
f 835// 791// 828//
f 828// 791// 790//
f 828// 790// 829//
f 829// 790// 789//
f 829// 789// 832//
f 832// 789// 788//
f 832// 788// 833//
f 827// 836// 804//
f 804// 836// 802//
f 826// 803// 836//
f 836// 803// 802//
f 505// 513// 512//
f 512// 511// 505//
f 505// 511// 510//
f 505// 510// 518//
f 521// 505// 522//
f 522// 505// 523//
f 521// 520// 505//
f 505// 520// 519//
f 505// 519// 513//
f 518// 517// 505//
f 505// 517// 509//
f 505// 509// 508//
f 529// 528// 527//
f 527// 528// 526//
f 527// 526// 525//
f 508// 531// 505//
f 505// 531// 530//
f 505// 530// 516//
f 507// 506// 514//
f 514// 506// 505//
f 514// 505// 515//
f 515// 505// 516//
f 505// 524// 523//
f 523// 524// 528//
f 523// 528// 532//
f 532// 528// 529//
f 841// 519// 520//
f 841// 520// 842//
f 842// 520// 521//
f 842// 521// 843//
f 843// 521// 522//
f 843// 522// 844//
f 844// 522// 523//
f 844// 523// 845//
f 845// 523// 532//
f 845// 532// 846//
f 846// 532// 529//
f 846// 529// 847//
f 847// 529// 527//
f 847// 527// 848//
f 848// 527// 525//
f 848// 525// 849//
f 849// 525// 526//
f 849// 526// 850//
f 850// 526// 528//
f 850// 528// 851//
f 851// 528// 524//
f 851// 524// 852//
f 852// 524// 505//
f 852// 505// 853//
f 854// 853// 506//
f 506// 853// 505//
f 855// 856// 857//
f 857// 841// 842//
f 842// 843// 857//
f 857// 843// 844//
f 857// 844// 845//
f 854// 858// 853//
f 853// 858// 857//
f 853// 857// 852//
f 852// 857// 851//
f 857// 859// 860//
f 856// 861// 857//
f 857// 861// 862//
f 857// 862// 841//
f 860// 863// 857//
f 857// 863// 864//
f 857// 864// 855//
f 845// 846// 857//
f 857// 846// 847//
f 857// 847// 848//
f 848// 849// 857//
f 857// 849// 850//
f 857// 850// 851//
f 857// 865// 859//
f 859// 865// 866//
f 859// 866// 867//
f 867// 866// 868//
f 841// 862// 519//
f 519// 862// 513//
f 857// 514// 515//
f 857// 515// 865//
f 865// 515// 516//
f 865// 516// 866//
f 866// 516// 530//
f 866// 530// 868//
f 868// 530// 531//
f 868// 531// 867//
f 867// 531// 508//
f 867// 508// 859//
f 859// 508// 509//
f 859// 509// 860//
f 860// 509// 517//
f 860// 517// 863//
f 863// 517// 518//
f 863// 518// 864//
f 864// 518// 510//
f 864// 510// 855//
f 855// 510// 511//
f 855// 511// 856//
f 856// 511// 512//
f 856// 512// 861//
f 861// 512// 513//
f 861// 513// 862//
f 857// 858// 514//
f 514// 858// 507//
f 854// 506// 858//
f 858// 506// 507//
f 869// 870// 871//
f 871// 870// 872//
f 873// 874// 871//
f 874// 875// 871//
f 871// 875// 876//
f 871// 876// 877//
f 877// 878// 871//
f 871// 878// 879//
f 871// 879// 880//
f 881// 882// 883//
f 872// 884// 871//
f 871// 884// 885//
f 871// 885// 886//
f 886// 887// 871//
f 871// 887// 888//
f 871// 888// 889//
f 889// 890// 871//
f 871// 890// 891//
f 871// 891// 873//
f 881// 883// 892//
f 892// 883// 879//
f 879// 883// 893//
f 879// 893// 894//
f 894// 895// 879//
f 879// 895// 896//
f 879// 896// 880//
f 897// 898// 869//
f 869// 898// 870//
f 870// 898// 872//
f 872// 898// 899//
f 872// 899// 900//
f 872// 900// 884//
f 884// 900// 901//
f 884// 901// 885//
f 885// 901// 902//
f 885// 902// 886//
f 886// 902// 903//
f 886// 903// 887//
f 887// 903// 904//
f 887// 904// 888//
f 888// 904// 905//
f 888// 905// 889//
f 889// 905// 906//
f 889// 906// 890//
f 890// 906// 907//
f 890// 907// 891//
f 891// 907// 908//
f 891// 908// 873//
f 873// 908// 909//
f 873// 909// 874//
f 874// 909// 910//
f 874// 910// 875//
f 875// 910// 911//
f 875// 911// 876//
f 912// 913// 898//
f 897// 914// 898//
f 898// 914// 915//
f 898// 915// 916//
f 910// 909// 899//
f 898// 913// 899//
f 899// 913// 911//
f 899// 911// 910//
f 905// 904// 900//
f 916// 917// 898//
f 898// 917// 918//
f 898// 918// 919//
f 919// 920// 898//
f 898// 920// 921//
f 898// 921// 922//
f 922// 923// 898//
f 898// 923// 924//
f 898// 924// 912//
f 909// 908// 899//
f 899// 908// 907//
f 899// 907// 900//
f 900// 907// 906//
f 900// 906// 905//
f 904// 903// 900//
f 900// 903// 902//
f 900// 902// 901//
f 876// 911// 877//
f 877// 911// 913//
f 871// 914// 869//
f 869// 914// 897//
f 877// 913// 912//
f 877// 912// 878//
f 878// 912// 924//
f 878// 924// 879//
f 879// 924// 923//
f 879// 923// 892//
f 892// 923// 922//
f 892// 922// 881//
f 881// 922// 921//
f 881// 921// 882//
f 882// 921// 920//
f 882// 920// 883//
f 883// 920// 919//
f 883// 919// 893//
f 893// 919// 918//
f 893// 918// 894//
f 894// 918// 917//
f 894// 917// 895//
f 895// 917// 916//
f 895// 916// 896//
f 896// 916// 915//
f 896// 915// 880//
f 880// 915// 914//
f 880// 914// 871//
f 4// 2// 1//
f 4// 24// 23//
f 23// 8// 4//
f 4// 8// 7//
f 4// 7// 6//
f 1// 3// 4//
f 4// 3// 11//
f 4// 11// 28//
f 28// 27// 4//
f 4// 27// 26//
f 4// 26// 10//
f 10// 9// 4//
f 4// 9// 25//
f 4// 25// 24//
f 6// 5// 4//
f 4// 5// 22//
f 4// 22// 12//
f 12// 22// 21//
f 21// 20// 12//
f 12// 20// 19//
f 12// 19// 18//
f 16// 15// 14//
f 18// 17// 12//
f 12// 17// 16//
f 12// 16// 13//
f 13// 16// 14//
f 925// 926// 1//
f 1// 926// 3//
f 927// 928// 4//
f 4// 928// 2//
f 927// 4// 12//
f 927// 12// 929//
f 929// 12// 13//
f 929// 13// 930//
f 930// 13// 14//
f 930// 14// 931//
f 931// 14// 15//
f 931// 15// 932//
f 932// 15// 16//
f 932// 16// 933//
f 933// 16// 17//
f 933// 17// 934//
f 934// 17// 18//
f 934// 18// 935//
f 935// 18// 19//
f 935// 19// 936//
f 936// 19// 20//
f 936// 20// 937//
f 937// 20// 21//
f 937// 21// 938//
f 938// 21// 22//
f 938// 22// 939//
f 939// 22// 5//
f 939// 5// 940//
f 925// 928// 927//
f 925// 940// 941//
f 925// 941// 926//
f 926// 941// 942//
f 926// 942// 943//
f 944// 945// 946//
f 927// 929// 925//
f 925// 929// 930//
f 925// 930// 931//
f 931// 932// 925//
f 925// 932// 933//
f 925// 933// 934//
f 934// 935// 925//
f 925// 935// 936//
f 925// 936// 937//
f 937// 938// 925//
f 925// 938// 939//
f 925// 939// 940//
f 943// 947// 926//
f 926// 947// 948//
f 926// 948// 946//
f 946// 948// 949//
f 946// 949// 944//
f 945// 950// 946//
f 946// 950// 951//
f 946// 951// 952//
f 941// 6// 7//
f 941// 7// 942//
f 942// 7// 8//
f 942// 8// 943//
f 943// 8// 23//
f 943// 23// 947//
f 947// 23// 24//
f 947// 24// 948//
f 948// 24// 25//
f 948// 25// 949//
f 949// 25// 9//
f 949// 9// 944//
f 944// 9// 10//
f 944// 10// 945//
f 945// 10// 26//
f 945// 26// 950//
f 950// 26// 27//
f 950// 27// 951//
f 951// 27// 28//
f 951// 28// 952//
f 952// 28// 11//
f 952// 11// 946//
f 946// 11// 3//
f 946// 3// 926//
f 941// 940// 6//
f 6// 940// 5//
f 925// 1// 928//
f 928// 1// 2//
f 953// 954// 955//
f 955// 954// 956//
f 957// 958// 955//
f 955// 958// 959//
f 955// 959// 960//
f 956// 961// 955//
f 955// 961// 962//
f 955// 962// 957//
f 960// 963// 955//
f 955// 963// 964//
f 955// 964// 965//
f 966// 967// 968//
f 968// 967// 969//
f 968// 969// 970//
f 968// 971// 966//
f 966// 971// 972//
f 966// 972// 973//
f 973// 972// 955//
f 973// 955// 974//
f 974// 955// 965//
f 975// 976// 970//
f 970// 976// 977//
f 970// 977// 978//
f 978// 979// 970//
f 970// 979// 980//
f 970// 980// 968//
f 953// 981// 954//
f 954// 981// 982//
f 954// 982// 983//
f 954// 983// 956//
f 956// 983// 984//
f 956// 984// 961//
f 961// 984// 985//
f 961// 985// 962//
f 962// 985// 986//
f 962// 986// 957//
f 957// 986// 987//
f 957// 987// 958//
f 958// 987// 988//
f 958// 988// 959//
f 959// 988// 989//
f 959// 989// 960//
f 960// 989// 990//
f 960// 990// 963//
f 963// 990// 991//
f 963// 991// 964//
f 964// 991// 992//
f 964// 992// 965//
f 965// 992// 993//
f 965// 993// 974//
f 974// 993// 994//
f 974// 994// 973//
f 973// 994// 966//
f 966// 994// 995//
f 981// 996// 982//
f 982// 996// 997//
f 982// 997// 998//
f 988// 987// 994//
f 982// 999// 1000//
f 987// 986// 994//
f 994// 986// 985//
f 994// 985// 984//
f 991// 994// 992//
f 992// 994// 993//
f 991// 990// 994//
f 994// 990// 989//
f 994// 989// 988//
f 1000// 995// 982//
f 982// 995// 994//
f 982// 994// 983//
f 983// 994// 984//
f 998// 1001// 982//
f 982// 1001// 1002//
f 982// 1002// 1003//
f 1003// 1004// 982//
f 982// 1004// 1005//
f 982// 1005// 1006//
f 1006// 1007// 982//
f 982// 1007// 1008//
f 982// 1008// 999//
f 966// 995// 1000//
f 966// 1000// 967//
f 967// 1000// 999//
f 967// 999// 969//
f 969// 999// 1008//
f 969// 1008// 970//
f 970// 1008// 1007//
f 970// 1007// 975//
f 975// 1007// 1006//
f 975// 1006// 976//
f 976// 1006// 1005//
f 976// 1005// 977//
f 977// 1005// 1004//
f 977// 1004// 978//
f 978// 1004// 1003//
f 978// 1003// 979//
f 979// 1003// 1002//
f 979// 1002// 980//
f 980// 1002// 1001//
f 980// 1001// 968//
f 968// 1001// 998//
f 968// 998// 971//
f 971// 998// 997//
f 971// 997// 972//
f 996// 981// 955//
f 955// 981// 953//
f 972// 997// 955//
f 955// 997// 996//
f 954// 953// 955//
f 965// 964// 955//
f 959// 958// 955//
f 955// 958// 957//
f 955// 957// 962//
f 969// 967// 968//
f 968// 967// 966//
f 968// 966// 971//
f 964// 963// 955//
f 955// 963// 960//
f 955// 960// 959//
f 962// 961// 955//
f 955// 961// 956//
f 955// 956// 954//
f 979// 978// 970//
f 971// 966// 972//
f 972// 966// 973//
f 972// 973// 955//
f 955// 973// 974//
f 955// 974// 965//
f 969// 968// 970//
f 970// 968// 980//
f 970// 980// 979//
f 978// 977// 970//
f 970// 977// 976//
f 970// 976// 975//
f 1009// 1010// 955//
f 955// 1010// 972//
f 1009// 1011// 1012//
f 1009// 1013// 1014//
f 1014// 1015// 1009//
f 1009// 1015// 1016//
f 1009// 1016// 1017//
f 1012// 1018// 1009//
f 1009// 1018// 1019//
f 1009// 1019// 1013//
f 1017// 1020// 1009//
f 1009// 1020// 1021//
f 1009// 1021// 1022//
f 1023// 1024// 1025//
f 1025// 1024// 1026//
f 1025// 1026// 1027//
f 1025// 1028// 1023//
f 1023// 1028// 1010//
f 1023// 1010// 1029//
f 1029// 1010// 1009//
f 1029// 1009// 1030//
f 1030// 1009// 1022//
f 1031// 1032// 1027//
f 1027// 1032// 1033//
f 1027// 1033// 1034//
f 1034// 1035// 1027//
f 1027// 1035// 1036//
f 1027// 1036// 1025//
f 1023// 966// 967//
f 1023// 967// 1024//
f 1024// 967// 969//
f 1024// 969// 1026//
f 1026// 969// 970//
f 1026// 970// 1027//
f 1027// 970// 975//
f 1027// 975// 1031//
f 1031// 975// 976//
f 1031// 976// 1032//
f 1032// 976// 977//
f 1032// 977// 1033//
f 1033// 977// 978//
f 1033// 978// 1034//
f 1034// 978// 979//
f 1034// 979// 1035//
f 1035// 979// 980//
f 1035// 980// 1036//
f 1036// 980// 968//
f 1036// 968// 1025//
f 1025// 968// 971//
f 1025// 971// 1028//
f 1028// 971// 972//
f 1028// 972// 1010//
f 1023// 1029// 966//
f 966// 1029// 973//
f 1012// 954// 956//
f 1012// 956// 1018//
f 1018// 956// 961//
f 1018// 961// 1019//
f 1019// 961// 962//
f 1019// 962// 1013//
f 1013// 962// 957//
f 1013// 957// 1014//
f 1014// 957// 958//
f 1014// 958// 1015//
f 1015// 958// 959//
f 1015// 959// 1016//
f 1016// 959// 960//
f 1016// 960// 1017//
f 1017// 960// 963//
f 1017// 963// 1020//
f 1020// 963// 964//
f 1020// 964// 1021//
f 1021// 964// 965//
f 1021// 965// 1022//
f 1022// 965// 974//
f 1022// 974// 1030//
f 1030// 974// 973//
f 1030// 973// 1029//
f 1012// 1011// 954//
f 954// 1011// 953//
f 1009// 955// 1011//
f 1011// 955// 953//
f 1037// 1038// 1039//
f 1039// 1038// 1040//
f 1041// 1042// 1040//
f 1041// 1040// 1043//
f 1042// 1044// 1040//
f 1040// 1044// 1045//
f 1040// 1045// 1046//
f 1047// 1048// 1040//
f 1048// 1049// 1040//
f 1040// 1049// 1050//
f 1040// 1050// 1039//
f 1046// 1051// 1040//
f 1040// 1051// 1052//
f 1040// 1052// 1053//
f 1054// 1055// 1056//
f 1053// 1057// 1040//
f 1040// 1057// 1058//
f 1040// 1058// 1047//
f 1054// 1059// 1055//
f 1055// 1059// 1060//
f 1055// 1060// 1061//
f 1056// 1062// 1054//
f 1054// 1062// 1063//
f 1054// 1063// 1040//
f 1040// 1063// 1064//
f 1040// 1064// 1043//
f 1065// 1042// 1041//
f 1065// 1041// 1066//
f 1066// 1041// 1043//
f 1066// 1043// 1067//
f 1067// 1043// 1064//
f 1067// 1064// 1068//
f 1068// 1064// 1063//
f 1068// 1063// 1069//
f 1069// 1063// 1062//
f 1069// 1062// 1070//
f 1070// 1062// 1056//
f 1070// 1056// 1071//
f 1071// 1056// 1055//
f 1071// 1055// 1072//
f 1072// 1055// 1061//
f 1072// 1061// 1073//
f 1073// 1061// 1060//
f 1073// 1060// 1074//
f 1074// 1060// 1059//
f 1074// 1059// 1075//
f 1075// 1059// 1054//
f 1075// 1054// 1076//
f 1076// 1054// 1040//
f 1076// 1040// 1077//
f 1078// 1077// 1038//
f 1038// 1077// 1040//
f 1077// 1078// 1079//
f 1077// 1080// 1081//
f 1081// 1082// 1077//
f 1077// 1082// 1083//
f 1077// 1083// 1084//
f 1079// 1085// 1077//
f 1077// 1085// 1086//
f 1077// 1086// 1087//
f 1087// 1088// 1077//
f 1077// 1088// 1089//
f 1077// 1089// 1090//
f 1084// 1065// 1077//
f 1077// 1065// 1066//
f 1077// 1066// 1067//
f 1072// 1073// 1074//
f 1090// 1091// 1077//
f 1077// 1091// 1092//
f 1077// 1092// 1080//
f 1067// 1068// 1077//
f 1077// 1068// 1069//
f 1077// 1069// 1076//
f 1076// 1069// 1070//
f 1070// 1071// 1076//
f 1076// 1071// 1072//
f 1076// 1072// 1075//
f 1075// 1072// 1074//
f 1065// 1084// 1042//
f 1042// 1084// 1044//
f 1085// 1039// 1050//
f 1085// 1050// 1086//
f 1086// 1050// 1049//
f 1086// 1049// 1087//
f 1087// 1049// 1048//
f 1087// 1048// 1088//
f 1088// 1048// 1047//
f 1088// 1047// 1089//
f 1089// 1047// 1058//
f 1089// 1058// 1090//
f 1090// 1058// 1057//
f 1090// 1057// 1091//
f 1091// 1057// 1053//
f 1091// 1053// 1092//
f 1092// 1053// 1052//
f 1092// 1052// 1080//
f 1080// 1052// 1051//
f 1080// 1051// 1081//
f 1081// 1051// 1046//
f 1081// 1046// 1082//
f 1082// 1046// 1045//
f 1082// 1045// 1083//
f 1083// 1045// 1044//
f 1083// 1044// 1084//
f 1085// 1079// 1039//
f 1039// 1079// 1037//
f 1078// 1038// 1079//
f 1079// 1038// 1037//
f 787// 803// 802//
f 791// 790// 787//
f 787// 798// 797//
f 790// 789// 787//
f 787// 789// 788//
f 787// 788// 786//
f 802// 804// 787//
f 787// 804// 805//
f 787// 805// 801//
f 797// 796// 787//
f 787// 796// 792//
f 787// 792// 791//
f 786// 785// 787//
f 787// 785// 795//
f 787// 795// 794//
f 794// 793// 787//
f 787// 793// 808//
f 787// 808// 807//
f 801// 800// 787//
f 787// 800// 799//
f 787// 799// 798//
f 812// 810// 811//
f 811// 810// 809//
f 811// 809// 807//
f 807// 809// 806//
f 807// 806// 787//
f 1093// 1094// 803//
f 803// 1094// 802//
f 802// 1094// 804//
f 804// 1094// 1095//
f 804// 1095// 1096//
f 804// 1096// 805//
f 805// 1096// 1097//
f 805// 1097// 801//
f 801// 1097// 1098//
f 801// 1098// 800//
f 800// 1098// 1099//
f 800// 1099// 799//
f 799// 1099// 1100//
f 799// 1100// 798//
f 798// 1100// 1101//
f 798// 1101// 797//
f 797// 1101// 1102//
f 797// 1102// 796//
f 796// 1102// 1103//
f 796// 1103// 792//
f 792// 1103// 1104//
f 792// 1104// 791//
f 791// 1104// 1105//
f 791// 1105// 790//
f 790// 1105// 1106//
f 790// 1106// 789//
f 789// 1106// 1107//
f 789// 1107// 788//
f 1094// 1093// 1095//
f 1095// 1093// 1108//
f 1109// 1110// 1095//
f 1110// 1111// 1095//
f 1095// 1111// 1112//
f 1095// 1112// 1107//
f 1113// 1114// 1095//
f 1095// 1114// 1115//
f 1095// 1115// 1109//
f 1107// 1106// 1095//
f 1095// 1106// 1105//
f 1095// 1105// 1104//
f 1108// 1116// 1095//
f 1095// 1116// 1117//
f 1095// 1117// 1118//
f 1104// 1103// 1095//
f 1095// 1103// 1102//
f 1095// 1102// 1101//
f 1099// 1098// 1097//
f 1101// 1100// 1095//
f 1095// 1100// 1099//
f 1095// 1099// 1096//
f 1096// 1099// 1097//
f 1118// 1119// 1095//
f 1095// 1119// 1120//
f 1095// 1120// 1113//
f 788// 1107// 786//
f 786// 1107// 1112//
f 787// 1108// 803//
f 803// 1108// 1093//
f 786// 1112// 1111//
f 786// 1111// 785//
f 785// 1111// 1110//
f 785// 1110// 795//
f 795// 1110// 1109//
f 795// 1109// 794//
f 794// 1109// 1115//
f 794// 1115// 793//
f 793// 1115// 1114//
f 793// 1114// 808//
f 808// 1114// 1113//
f 808// 1113// 807//
f 807// 1113// 1120//
f 807// 1120// 811//
f 811// 1120// 1119//
f 811// 1119// 812//
f 812// 1119// 1118//
f 812// 1118// 810//
f 810// 1118// 1117//
f 810// 1117// 809//
f 809// 1117// 1116//
f 809// 1116// 806//
f 806// 1116// 1108//
f 806// 1108// 787//
f 452// 468// 459//
f 450// 449// 452//
f 452// 449// 451//
f 452// 451// 462//
f 471// 461// 452//
f 452// 461// 460//
f 460// 470// 452//
f 452// 470// 469//
f 452// 469// 468//
f 459// 458// 452//
f 452// 458// 457//
f 452// 457// 456//
f 456// 455// 452//
f 452// 455// 454//
f 452// 454// 463//
f 474// 473// 452//
f 452// 473// 472//
f 452// 472// 471//
f 466// 465// 467//
f 467// 465// 453//
f 453// 465// 454//
f 454// 465// 464//
f 454// 464// 463//
f 462// 476// 452//
f 452// 476// 475//
f 452// 475// 474//
f 1121// 1122// 449//
f 449// 1122// 451//
f 1123// 1124// 452//
f 452// 1124// 450//
f 1123// 452// 463//
f 1123// 463// 1125//
f 1125// 463// 464//
f 1125// 464// 1126//
f 1126// 464// 465//
f 1126// 465// 1127//
f 1127// 465// 466//
f 1127// 466// 1128//
f 1128// 466// 467//
f 1128// 467// 1129//
f 1129// 467// 453//
f 1129// 453// 1130//
f 1130// 453// 454//
f 1130// 454// 1131//
f 1131// 454// 455//
f 1131// 455// 1132//
f 1132// 455// 456//
f 1132// 456// 1133//
f 1133// 456// 457//
f 1133// 457// 1134//
f 1134// 457// 458//
f 1134// 458// 1135//
f 1135// 458// 459//
f 1135// 459// 1136//
f 1121// 1124// 1123//
f 1130// 1131// 1121//
f 1121// 1131// 1132//
f 1132// 1133// 1121//
f 1121// 1133// 1134//
f 1121// 1134// 1135//
f 1137// 1138// 1139//
f 1123// 1125// 1121//
f 1121// 1125// 1126//
f 1121// 1126// 1127//
f 1127// 1128// 1121//
f 1121// 1128// 1129//
f 1121// 1129// 1130//
f 1135// 1136// 1121//
f 1121// 1136// 1140//
f 1121// 1140// 1122//
f 1122// 1140// 1141//
f 1122// 1141// 1139//
f 1139// 1141// 1142//
f 1139// 1142// 1137//
f 1138// 1143// 1139//
f 1139// 1143// 1144//
f 1139// 1144// 1145//
f 1145// 1146// 1139//
f 1139// 1146// 1147//
f 1139// 1147// 1148//
f 1140// 468// 469//
f 1140// 469// 1141//
f 1141// 469// 470//
f 1141// 470// 1142//
f 1142// 470// 460//
f 1142// 460// 1137//
f 1137// 460// 461//
f 1137// 461// 1138//
f 1138// 461// 471//
f 1138// 471// 1143//
f 1143// 471// 472//
f 1143// 472// 1144//
f 1144// 472// 473//
f 1144// 473// 1145//
f 1145// 473// 474//
f 1145// 474// 1146//
f 1146// 474// 475//
f 1146// 475// 1147//
f 1147// 475// 476//
f 1147// 476// 1148//
f 1148// 476// 462//
f 1148// 462// 1139//
f 1139// 462// 451//
f 1139// 451// 1122//
f 1140// 1136// 468//
f 468// 1136// 459//
f 1121// 449// 1124//
f 1124// 449// 450//
f 114// 113// 116//
f 116// 113// 115//
f 115// 131// 116//
f 116// 131// 140//
f 116// 140// 138//
f 138// 137// 116//
f 116// 137// 136//
f 116// 136// 139//
f 129// 120// 116//
f 116// 120// 119//
f 116// 119// 118//
f 125// 124// 123//
f 139// 135// 116//
f 116// 135// 134//
f 116// 134// 133//
f 133// 132// 116//
f 116// 132// 130//
f 116// 130// 129//
f 118// 117// 116//
f 116// 117// 128//
f 116// 128// 121//
f 121// 128// 127//
f 127// 126// 121//
f 121// 126// 125//
f 121// 125// 122//
f 122// 125// 123//
f 129// 1149// 120//
f 120// 1149// 1150//
f 120// 1150// 1151//
f 120// 1151// 119//
f 119// 1151// 1152//
f 119// 1152// 118//
f 118// 1152// 1153//
f 118// 1153// 117//
f 117// 1153// 1154//
f 117// 1154// 128//
f 128// 1154// 1155//
f 128// 1155// 127//
f 127// 1155// 1156//
f 127// 1156// 126//
f 126// 1156// 1157//
f 126// 1157// 125//
f 125// 1157// 1158//
f 125// 1158// 124//
f 124// 1158// 1159//
f 124// 1159// 123//
f 123// 1159// 1160//
f 123// 1160// 122//
f 122// 1160// 1161//
f 122// 1161// 121//
f 121// 1161// 1162//
f 121// 1162// 116//
f 1163// 1164// 1165//
f 1165// 1164// 1162//
f 1153// 1152// 1165//
f 1165// 1152// 1151//
f 1165// 1151// 1150//
f 1162// 1161// 1165//
f 1165// 1161// 1160//
f 1165// 1160// 1159//
f 1159// 1158// 1165//
f 1165// 1158// 1157//
f 1165// 1157// 1156//
f 1156// 1155// 1165//
f 1165// 1155// 1154//
f 1165// 1154// 1153//
f 1150// 1149// 1165//
f 1165// 1149// 1166//
f 1165// 1166// 1167//
f 1167// 1166// 1168//
f 1168// 1169// 1167//
f 1167// 1169// 1170//
f 1167// 1170// 1171//
f 1172// 1173// 1174//
f 1171// 1175// 1167//
f 1167// 1175// 1172//
f 1167// 1172// 1176//
f 1176// 1172// 1174//
f 1164// 1163// 114//
f 114// 1163// 113//
f 115// 1165// 1167//
f 115// 1167// 131//
f 131// 1167// 1176//
f 131// 1176// 140//
f 140// 1176// 1174//
f 140// 1174// 138//
f 138// 1174// 1173//
f 138// 1173// 137//
f 137// 1173// 1172//
f 137// 1172// 136//
f 136// 1172// 1175//
f 136// 1175// 139//
f 139// 1175// 1171//
f 139// 1171// 135//
f 135// 1171// 1170//
f 135// 1170// 134//
f 134// 1170// 1169//
f 134// 1169// 133//
f 133// 1169// 1168//
f 133// 1168// 132//
f 132// 1168// 1166//
f 132// 1166// 130//
f 130// 1166// 1149//
f 130// 1149// 129//
f 113// 1163// 115//
f 115// 1163// 1165//
f 116// 1162// 114//
f 114// 1162// 1164//
f 692// 691// 673//
f 673// 691// 693//
f 673// 674// 678//
f 680// 679// 673//
f 673// 679// 675//
f 673// 675// 674//
f 678// 677// 673//
f 673// 677// 676//
f 673// 676// 684//
f 693// 694// 673//
f 673// 694// 690//
f 673// 690// 689//
f 689// 688// 673//
f 673// 688// 687//
f 673// 687// 686//
f 686// 685// 673//
f 673// 685// 681//
f 673// 681// 680//
f 684// 683// 673//
f 673// 683// 682//
f 673// 682// 697//
f 700// 698// 699//
f 699// 698// 696//
f 699// 696// 697//
f 697// 696// 695//
f 697// 695// 673//
f 1177// 1178// 691//
f 691// 1178// 693//
f 1179// 1180// 673//
f 673// 1180// 692//
f 1179// 673// 695//
f 1179// 695// 1181//
f 1181// 695// 696//
f 1181// 696// 1182//
f 1182// 696// 698//
f 1182// 698// 1183//
f 1183// 698// 700//
f 1183// 700// 1184//
f 1184// 700// 699//
f 1184// 699// 1185//
f 1185// 699// 697//
f 1185// 697// 1186//
f 1186// 697// 682//
f 1186// 682// 1187//
f 1187// 682// 683//
f 1187// 683// 1188//
f 1188// 683// 684//
f 1188// 684// 1189//
f 1189// 684// 676//
f 1189// 676// 1190//
f 1190// 676// 677//
f 1190// 677// 1191//
f 1191// 677// 678//
f 1191// 678// 1192//
f 1179// 1193// 1194//
f 1190// 1191// 1179//
f 1179// 1191// 1192//
f 1179// 1192// 1193//
f 1194// 1195// 1179//
f 1179// 1195// 1196//
f 1179// 1196// 1197//
f 1187// 1188// 1179//
f 1179// 1188// 1189//
f 1179// 1189// 1190//
f 1197// 1198// 1179//
f 1179// 1198// 1199//
f 1179// 1199// 1200//
f 1200// 1201// 1179//
f 1179// 1201// 1202//
f 1179// 1202// 1203//
f 1177// 1180// 1178//
f 1178// 1180// 1179//
f 1178// 1179// 1204//
f 1204// 1179// 1203//
f 1179// 1181// 1187//
f 1187// 1181// 1182//
f 1187// 1182// 1186//
f 1186// 1182// 1183//
f 1186// 1183// 1185//
f 1185// 1183// 1184//
f 1193// 674// 675//
f 1193// 675// 1194//
f 1194// 675// 679//
f 1194// 679// 1195//
f 1195// 679// 680//
f 1195// 680// 1196//
f 1196// 680// 681//
f 1196// 681// 1197//
f 1197// 681// 685//
f 1197// 685// 1198//
f 1198// 685// 686//
f 1198// 686// 1199//
f 1199// 686// 687//
f 1199// 687// 1200//
f 1200// 687// 688//
f 1200// 688// 1201//
f 1201// 688// 689//
f 1201// 689// 1202//
f 1202// 689// 690//
f 1202// 690// 1203//
f 1203// 690// 694//
f 1203// 694// 1204//
f 1204// 694// 693//
f 1204// 693// 1178//
f 1193// 1192// 674//
f 674// 1192// 678//
f 1177// 691// 1180//
f 1180// 691// 692//
f 284// 300// 291//
f 282// 281// 284//
f 284// 281// 283//
f 284// 283// 294//
f 303// 293// 284//
f 284// 293// 292//
f 292// 302// 284//
f 284// 302// 301//
f 284// 301// 300//
f 291// 290// 284//
f 284// 290// 289//
f 284// 289// 288//
f 288// 287// 284//
f 284// 287// 286//
f 284// 286// 295//
f 306// 305// 284//
f 284// 305// 304//
f 284// 304// 303//
f 298// 297// 299//
f 299// 297// 285//
f 285// 297// 286//
f 286// 297// 296//
f 286// 296// 295//
f 294// 308// 284//
f 284// 308// 307//
f 284// 307// 306//
f 1205// 1206// 281//
f 281// 1206// 283//
f 1207// 1208// 284//
f 284// 1208// 282//
f 1207// 284// 295//
f 1207// 295// 1209//
f 1209// 295// 296//
f 1209// 296// 1210//
f 1210// 296// 297//
f 1210// 297// 1211//
f 1211// 297// 298//
f 1211// 298// 1212//
f 1212// 298// 299//
f 1212// 299// 1213//
f 1213// 299// 285//
f 1213// 285// 1214//
f 1214// 285// 286//
f 1214// 286// 1215//
f 1215// 286// 287//
f 1215// 287// 1216//
f 1216// 287// 288//
f 1216// 288// 1217//
f 1217// 288// 289//
f 1217// 289// 1218//
f 1218// 289// 290//
f 1218// 290// 1219//
f 1219// 290// 291//
f 1219// 291// 1220//
f 1205// 1208// 1207//
f 1214// 1215// 1205//
f 1205// 1215// 1216//
f 1216// 1217// 1205//
f 1205// 1217// 1218//
f 1205// 1218// 1219//
f 1221// 1222// 1223//
f 1207// 1209// 1205//
f 1205// 1209// 1210//
f 1205// 1210// 1211//
f 1211// 1212// 1205//
f 1205// 1212// 1213//
f 1205// 1213// 1214//
f 1219// 1220// 1205//
f 1205// 1220// 1224//
f 1205// 1224// 1206//
f 1206// 1224// 1225//
f 1206// 1225// 1223//
f 1223// 1225// 1226//
f 1223// 1226// 1221//
f 1222// 1227// 1223//
f 1223// 1227// 1228//
f 1223// 1228// 1229//
f 1229// 1230// 1223//
f 1223// 1230// 1231//
f 1223// 1231// 1232//
f 1224// 300// 301//
f 1224// 301// 1225//
f 1225// 301// 302//
f 1225// 302// 1226//
f 1226// 302// 292//
f 1226// 292// 1221//
f 1221// 292// 293//
f 1221// 293// 1222//
f 1222// 293// 303//
f 1222// 303// 1227//
f 1227// 303// 304//
f 1227// 304// 1228//
f 1228// 304// 305//
f 1228// 305// 1229//
f 1229// 305// 306//
f 1229// 306// 1230//
f 1230// 306// 307//
f 1230// 307// 1231//
f 1231// 307// 308//
f 1231// 308// 1232//
f 1232// 308// 294//
f 1232// 294// 1223//
f 1223// 294// 283//
f 1223// 283// 1206//
f 1224// 1220// 300//
f 300// 1220// 291//
f 1205// 281// 1208//
f 1208// 281// 282//
f 1233// 1234// 1235//
f 1235// 1234// 1236//
f 1237// 1238// 1236//
f 1236// 1238// 1239//
f 1236// 1239// 1240//
f 1241// 1242// 1236//
f 1236// 1242// 1243//
f 1236// 1243// 1235//
f 1240// 1244// 1236//
f 1236// 1244// 1245//
f 1236// 1245// 1246//
f 1246// 1247// 1236//
f 1236// 1247// 1248//
f 1236// 1248// 1249//
f 1249// 1250// 1236//
f 1236// 1250// 1251//
f 1236// 1251// 1241//
f 1252// 1253// 1254//
f 1252// 1255// 1253//
f 1253// 1255// 1256//
f 1253// 1256// 1257//
f 1254// 1258// 1252//
f 1252// 1258// 1259//
f 1252// 1259// 1236//
f 1236// 1259// 1260//
f 1236// 1260// 1237//
f 1261// 1262// 1234//
f 1234// 1262// 1236//
f 1261// 1263// 1262//
f 1262// 1263// 1264//
f 1264// 1265// 1262//
f 1262// 1265// 1266//
f 1262// 1266// 1267//
f 1267// 1268// 1262//
f 1262// 1268// 1269//
f 1262// 1269// 1270//
f 1270// 1271// 1262//
f 1262// 1271// 1272//
f 1262// 1272// 1273//
f 1273// 1274// 1262//
f 1262// 1274// 1275//
f 1262// 1275// 1276//
f 1276// 1277// 1262//
f 1262// 1277// 1278//
f 1262// 1278// 1279//
f 1280// 1281// 1282//
f 1279// 1283// 1262//
f 1262// 1283// 1284//
f 1262// 1284// 1285//
f 1285// 1284// 1286//
f 1286// 1287// 1285//
f 1285// 1287// 1280//
f 1285// 1280// 1288//
f 1288// 1280// 1282//
f 1277// 1239// 1238//
f 1277// 1238// 1278//
f 1278// 1238// 1237//
f 1278// 1237// 1279//
f 1279// 1237// 1260//
f 1279// 1260// 1283//
f 1283// 1260// 1259//
f 1283// 1259// 1284//
f 1284// 1259// 1258//
f 1284// 1258// 1286//
f 1286// 1258// 1254//
f 1286// 1254// 1287//
f 1287// 1254// 1253//
f 1287// 1253// 1280//
f 1280// 1253// 1257//
f 1280// 1257// 1281//
f 1281// 1257// 1256//
f 1281// 1256// 1282//
f 1282// 1256// 1255//
f 1282// 1255// 1288//
f 1288// 1255// 1252//
f 1288// 1252// 1285//
f 1285// 1252// 1236//
f 1285// 1236// 1262//
f 1277// 1276// 1239//
f 1239// 1276// 1240//
f 1264// 1235// 1243//
f 1264// 1243// 1265//
f 1265// 1243// 1242//
f 1265// 1242// 1266//
f 1266// 1242// 1241//
f 1266// 1241// 1267//
f 1267// 1241// 1251//
f 1267// 1251// 1268//
f 1268// 1251// 1250//
f 1268// 1250// 1269//
f 1269// 1250// 1249//
f 1269// 1249// 1270//
f 1270// 1249// 1248//
f 1270// 1248// 1271//
f 1271// 1248// 1247//
f 1271// 1247// 1272//
f 1272// 1247// 1246//
f 1272// 1246// 1273//
f 1273// 1246// 1245//
f 1273// 1245// 1274//
f 1274// 1245// 1244//
f 1274// 1244// 1275//
f 1275// 1244// 1240//
f 1275// 1240// 1276//
f 1264// 1263// 1235//
f 1235// 1263// 1233//
f 1261// 1234// 1263//
f 1263// 1234// 1233//
f 730// 729// 731//
f 731// 729// 740//
f 751// 742// 731//
f 731// 742// 741//
f 731// 741// 733//
f 740// 753// 731//
f 731// 753// 756//
f 731// 756// 745//
f 745// 744// 731//
f 731// 744// 743//
f 731// 743// 755//
f 755// 754// 731//
f 731// 754// 752//
f 731// 752// 751//
f 733// 732// 731//
f 731// 732// 750//
f 731// 750// 734//
f 734// 750// 749//
f 749// 748// 734//
f 734// 748// 747//
f 734// 747// 746//
f 738// 737// 736//
f 746// 739// 734//
f 734// 739// 738//
f 734// 738// 735//
f 735// 738// 736//
f 1289// 1290// 729//
f 729// 1290// 740//
f 1291// 1292// 731//
f 731// 1292// 730//
f 1291// 731// 734//
f 1291// 734// 1293//
f 1293// 734// 735//
f 1293// 735// 1294//
f 1294// 735// 736//
f 1294// 736// 1295//
f 1295// 736// 737//
f 1295// 737// 1296//
f 1296// 737// 738//
f 1296// 738// 1297//
f 1297// 738// 739//
f 1297// 739// 1298//
f 1298// 739// 746//
f 1298// 746// 1299//
f 1299// 746// 747//
f 1299// 747// 1300//
f 1300// 747// 748//
f 1300// 748// 1301//
f 1301// 748// 749//
f 1301// 749// 1302//
f 1302// 749// 750//
f 1302// 750// 1303//
f 1303// 750// 732//
f 1303// 732// 1304//
f 1289// 1292// 1291//
f 1289// 1304// 1305//
f 1291// 1293// 1289//
f 1289// 1293// 1294//
f 1289// 1294// 1295//
f 1295// 1296// 1289//
f 1289// 1296// 1297//
f 1289// 1297// 1298//
f 1289// 1305// 1290//
f 1290// 1305// 1306//
f 1290// 1306// 1307//
f 1308// 1309// 1310//
f 1298// 1299// 1289//
f 1289// 1299// 1300//
f 1289// 1300// 1301//
f 1301// 1302// 1289//
f 1289// 1302// 1303//
f 1289// 1303// 1304//
f 1307// 1311// 1290//
f 1290// 1311// 1312//
f 1290// 1312// 1313//
f 1313// 1312// 1314//
f 1314// 1315// 1313//
f 1313// 1315// 1308//
f 1313// 1308// 1316//
f 1316// 1308// 1310//
f 1305// 733// 741//
f 1305// 741// 1306//
f 1306// 741// 742//
f 1306// 742// 1307//
f 1307// 742// 751//
f 1307// 751// 1311//
f 1311// 751// 752//
f 1311// 752// 1312//
f 1312// 752// 754//
f 1312// 754// 1314//
f 1314// 754// 755//
f 1314// 755// 1315//
f 1315// 755// 743//
f 1315// 743// 1308//
f 1308// 743// 744//
f 1308// 744// 1309//
f 1309// 744// 745//
f 1309// 745// 1310//
f 1310// 745// 756//
f 1310// 756// 1316//
f 1316// 756// 753//
f 1316// 753// 1313//
f 1313// 753// 740//
f 1313// 740// 1290//
f 1305// 1304// 733//
f 733// 1304// 732//
f 1289// 729// 1292//
f 1292// 729// 730//
f 63// 69// 60//
f 66// 65// 60//
f 60// 65// 62//
f 60// 62// 61//
f 58// 57// 60//
f 60// 57// 59//
f 60// 59// 72//
f 69// 68// 60//
f 60// 68// 67//
f 60// 67// 66//
f 72// 71// 60//
f 60// 71// 70//
f 60// 70// 84//
f 82// 74// 61//
f 61// 74// 81//
f 61// 81// 60//
f 82// 80// 74//
f 74// 80// 79//
f 74// 79// 78//
f 78// 73// 74//
f 74// 73// 75//
f 74// 75// 76//
f 76// 75// 77//
f 84// 83// 60//
f 60// 83// 64//
f 60// 64// 63//
f 1317// 1318// 57//
f 57// 1318// 59//
f 1319// 1320// 60//
f 60// 1320// 58//
f 1319// 60// 81//
f 1319// 81// 1321//
f 1321// 81// 74//
f 1321// 74// 1322//
f 1322// 74// 76//
f 1322// 76// 1323//
f 1323// 76// 77//
f 1323// 77// 1324//
f 1324// 77// 75//
f 1324// 75// 1325//
f 1325// 75// 73//
f 1325// 73// 1326//
f 1326// 73// 78//
f 1326// 78// 1327//
f 1327// 78// 79//
f 1327// 79// 1328//
f 1328// 79// 80//
f 1328// 80// 1329//
f 1329// 80// 82//
f 1329// 82// 1330//
f 1330// 82// 61//
f 1330// 61// 1331//
f 1331// 61// 62//
f 1331// 62// 1332//
f 1317// 1320// 1318//
f 1318// 1320// 1319//
f 1331// 1332// 1319//
f 1333// 1334// 1319//
f 1332// 1335// 1319//
f 1319// 1335// 1336//
f 1319// 1336// 1337//
f 1337// 1338// 1319//
f 1319// 1338// 1339//
f 1319// 1339// 1333//
f 1340// 1341// 1319//
f 1319// 1341// 1342//
f 1319// 1342// 1318//
f 1326// 1322// 1325//
f 1325// 1322// 1323//
f 1325// 1323// 1324//
f 1326// 1327// 1322//
f 1322// 1327// 1328//
f 1322// 1328// 1329//
f 1319// 1321// 1331//
f 1331// 1321// 1322//
f 1331// 1322// 1330//
f 1330// 1322// 1329//
f 1334// 1343// 1319//
f 1319// 1343// 1344//
f 1319// 1344// 1340//
f 1335// 65// 66//
f 1335// 66// 1336//
f 1336// 66// 67//
f 1336// 67// 1337//
f 1337// 67// 68//
f 1337// 68// 1338//
f 1338// 68// 69//
f 1338// 69// 1339//
f 1339// 69// 63//
f 1339// 63// 1333//
f 1333// 63// 64//
f 1333// 64// 1334//
f 1334// 64// 83//
f 1334// 83// 1343//
f 1343// 83// 84//
f 1343// 84// 1344//
f 1344// 84// 70//
f 1344// 70// 1340//
f 1340// 70// 71//
f 1340// 71// 1341//
f 1341// 71// 72//
f 1341// 72// 1342//
f 1342// 72// 59//
f 1342// 59// 1318//
f 1335// 1332// 65//
f 65// 1332// 62//
f 1317// 57// 1320//
f 1320// 57// 58//
f 618// 617// 619//
f 629// 628// 619//
f 623// 622// 619//
f 619// 622// 621//
f 619// 621// 626//
f 633// 631// 632//
f 632// 631// 630//
f 632// 630// 635//
f 628// 627// 619//
f 619// 627// 624//
f 619// 624// 623//
f 626// 625// 619//
f 619// 625// 620//
f 619// 620// 618//
f 643// 642// 634//
f 635// 630// 636//
f 636// 630// 637//
f 636// 637// 619//
f 619// 637// 638//
f 619// 638// 629//
f 633// 632// 634//
f 634// 632// 644//
f 634// 644// 643//
f 642// 641// 634//
f 634// 641// 640//
f 634// 640// 639//
f 1345// 1346// 619//
f 619// 1346// 636//
f 1345// 1347// 1348//
f 1345// 1349// 1350//
f 1350// 1351// 1345//
f 1345// 1351// 1352//
f 1345// 1352// 1353//
f 1348// 1354// 1345//
f 1345// 1354// 1355//
f 1345// 1355// 1349//
f 1353// 1356// 1345//
f 1345// 1356// 1357//
f 1345// 1357// 1358//
f 1359// 1360// 1361//
f 1361// 1360// 1362//
f 1361// 1362// 1363//
f 1361// 1364// 1359//
f 1359// 1364// 1346//
f 1359// 1346// 1365//
f 1365// 1346// 1345//
f 1365// 1345// 1366//
f 1366// 1345// 1358//
f 1367// 1368// 1363//
f 1363// 1368// 1369//
f 1363// 1369// 1370//
f 1370// 1371// 1363//
f 1363// 1371// 1372//
f 1363// 1372// 1361//
f 1359// 630// 631//
f 1359// 631// 1360//
f 1360// 631// 633//
f 1360// 633// 1362//
f 1362// 633// 634//
f 1362// 634// 1363//
f 1363// 634// 639//
f 1363// 639// 1367//
f 1367// 639// 640//
f 1367// 640// 1368//
f 1368// 640// 641//
f 1368// 641// 1369//
f 1369// 641// 642//
f 1369// 642// 1370//
f 1370// 642// 643//
f 1370// 643// 1371//
f 1371// 643// 644//
f 1371// 644// 1372//
f 1372// 644// 632//
f 1372// 632// 1361//
f 1361// 632// 635//
f 1361// 635// 1364//
f 1364// 635// 636//
f 1364// 636// 1346//
f 1359// 1365// 630//
f 630// 1365// 637//
f 1348// 618// 620//
f 1348// 620// 1354//
f 1354// 620// 625//
f 1354// 625// 1355//
f 1355// 625// 626//
f 1355// 626// 1349//
f 1349// 626// 621//
f 1349// 621// 1350//
f 1350// 621// 622//
f 1350// 622// 1351//
f 1351// 622// 623//
f 1351// 623// 1352//
f 1352// 623// 624//
f 1352// 624// 1353//
f 1353// 624// 627//
f 1353// 627// 1356//
f 1356// 627// 628//
f 1356// 628// 1357//
f 1357// 628// 629//
f 1357// 629// 1358//
f 1358// 629// 638//
f 1358// 638// 1366//
f 1366// 638// 637//
f 1366// 637// 1365//
f 1348// 1347// 618//
f 618// 1347// 617//
f 1345// 619// 1347//
f 1347// 619// 617//
f 870// 869// 872//
f 872// 869// 871//
f 877// 876// 871//
f 876// 875// 871//
f 871// 875// 874//
f 871// 874// 873//
f 880// 879// 871//
f 871// 879// 878//
f 871// 878// 877//
f 883// 882// 881//
f 873// 891// 871//
f 871// 891// 890//
f 871// 890// 889//
f 889// 888// 871//
f 871// 888// 887//
f 871// 887// 886//
f 886// 885// 871//
f 871// 885// 884//
f 871// 884// 872//
f 880// 896// 879//
f 879// 896// 895//
f 879// 895// 894//
f 894// 893// 879//
f 879// 893// 883//
f 879// 883// 892//
f 892// 883// 881//
f 1373// 877// 878//
f 1373// 878// 1374//
f 1374// 878// 879//
f 1374// 879// 1375//
f 1375// 879// 892//
f 1375// 892// 1376//
f 1376// 892// 881//
f 1376// 881// 1377//
f 1377// 881// 882//
f 1377// 882// 1378//
f 1378// 882// 883//
f 1378// 883// 1379//
f 1379// 883// 893//
f 1379// 893// 1380//
f 1380// 893// 894//
f 1380// 894// 1381//
f 1381// 894// 895//
f 1381// 895// 1382//
f 1382// 895// 896//
f 1382// 896// 1383//
f 1383// 896// 880//
f 1383// 880// 1384//
f 1384// 880// 871//
f 1384// 871// 1385//
f 1386// 1385// 869//
f 869// 1385// 871//
f 1386// 1387// 1385//
f 1385// 1387// 1388//
f 1385// 1388// 1384//
f 1375// 1388// 1374//
f 1374// 1388// 1373//
f 1389// 1390// 1388//
f 1388// 1390// 1391//
f 1388// 1391// 1373//
f 1392// 1393// 1394//
f 1375// 1376// 1388//
f 1388// 1376// 1377//
f 1388// 1377// 1378//
f 1378// 1379// 1388//
f 1388// 1379// 1380//
f 1388// 1380// 1381//
f 1381// 1382// 1388//
f 1388// 1382// 1383//
f 1388// 1383// 1384//
f 1394// 1395// 1392//
f 1392// 1395// 1396//
f 1392// 1396// 1397//
f 1397// 1398// 1392//
f 1392// 1398// 1399//
f 1392// 1399// 1388//
f 1388// 1399// 1400//
f 1388// 1400// 1389//
f 1373// 1391// 877//
f 877// 1391// 876//
f 1388// 872// 884//
f 1388// 884// 1392//
f 1392// 884// 885//
f 1392// 885// 1393//
f 1393// 885// 886//
f 1393// 886// 1394//
f 1394// 886// 887//
f 1394// 887// 1395//
f 1395// 887// 888//
f 1395// 888// 1396//
f 1396// 888// 889//
f 1396// 889// 1397//
f 1397// 889// 890//
f 1397// 890// 1398//
f 1398// 890// 891//
f 1398// 891// 1399//
f 1399// 891// 873//
f 1399// 873// 1400//
f 1400// 873// 874//
f 1400// 874// 1389//
f 1389// 874// 875//
f 1389// 875// 1390//
f 1390// 875// 876//
f 1390// 876// 1391//
f 1388// 1387// 872//
f 872// 1387// 870//
f 1386// 869// 1387//
f 1387// 869// 870//
f 1401// 1402// 1403//
f 1404// 1405// 1406//
f 1405// 1407// 1406//
f 1406// 1407// 1408//
f 1406// 1408// 1403//
f 1403// 1408// 1409//
f 1403// 1409// 1410//
f 1411// 1412// 1403//
f 1412// 1413// 1403//
f 1403// 1413// 1414//
f 1403// 1414// 1401//
f 1410// 1415// 1403//
f 1403// 1415// 1416//
f 1403// 1416// 1417//
f 1418// 1419// 1420//
f 1417// 1421// 1403//
f 1403// 1421// 1422//
f 1403// 1422// 1411//
f 1418// 1423// 1419//
f 1419// 1423// 1424//
f 1419// 1424// 1425//
f 1420// 1426// 1418//
f 1418// 1426// 1427//
f 1418// 1427// 1406//
f 1406// 1427// 1428//
f 1406// 1428// 1404//
f 1429// 1407// 1405//
f 1429// 1405// 1430//
f 1430// 1405// 1404//
f 1430// 1404// 1431//
f 1431// 1404// 1428//
f 1431// 1428// 1432//
f 1432// 1428// 1427//
f 1432// 1427// 1433//
f 1433// 1427// 1426//
f 1433// 1426// 1434//
f 1434// 1426// 1420//
f 1434// 1420// 1435//
f 1435// 1420// 1419//
f 1435// 1419// 1436//
f 1436// 1419// 1425//
f 1436// 1425// 1437//
f 1437// 1425// 1424//
f 1437// 1424// 1438//
f 1438// 1424// 1423//
f 1438// 1423// 1439//
f 1439// 1423// 1418//
f 1439// 1418// 1440//
f 1440// 1418// 1406//
f 1440// 1406// 1441//
f 1442// 1441// 1403//
f 1403// 1441// 1406//
f 1441// 1442// 1443//
f 1441// 1444// 1445//
f 1445// 1446// 1441//
f 1441// 1446// 1447//
f 1441// 1447// 1448//
f 1443// 1449// 1441//
f 1441// 1449// 1450//
f 1441// 1450// 1451//
f 1451// 1452// 1441//
f 1441// 1452// 1453//
f 1441// 1453// 1454//
f 1448// 1429// 1441//
f 1441// 1429// 1430//
f 1441// 1430// 1431//
f 1436// 1437// 1438//
f 1454// 1455// 1441//
f 1441// 1455// 1456//
f 1441// 1456// 1444//
f 1431// 1432// 1441//
f 1441// 1432// 1433//
f 1441// 1433// 1440//
f 1440// 1433// 1434//
f 1434// 1435// 1440//
f 1440// 1435// 1436//
f 1440// 1436// 1439//
f 1439// 1436// 1438//
f 1429// 1448// 1407//
f 1407// 1448// 1408//
f 1449// 1401// 1414//
f 1449// 1414// 1450//
f 1450// 1414// 1413//
f 1450// 1413// 1451//
f 1451// 1413// 1412//
f 1451// 1412// 1452//
f 1452// 1412// 1411//
f 1452// 1411// 1453//
f 1453// 1411// 1422//
f 1453// 1422// 1454//
f 1454// 1422// 1421//
f 1454// 1421// 1455//
f 1455// 1421// 1417//
f 1455// 1417// 1456//
f 1456// 1417// 1416//
f 1456// 1416// 1444//
f 1444// 1416// 1415//
f 1444// 1415// 1445//
f 1445// 1415// 1410//
f 1445// 1410// 1446//
f 1446// 1410// 1409//
f 1446// 1409// 1447//
f 1447// 1409// 1408//
f 1447// 1408// 1448//
f 1449// 1443// 1401//
f 1401// 1443// 1402//
f 1442// 1403// 1443//
f 1443// 1403// 1402//
f 568// 570// 561//
f 561// 570// 569//
f 567// 566// 568//
f 568// 566// 571//
f 568// 571// 570//
f 569// 565// 561//
f 561// 565// 564//
f 561// 564// 577//
f 588// 587// 568//
f 568// 587// 584//
f 568// 584// 583//
f 583// 582// 568//
f 568// 582// 578//
f 568// 578// 579//
f 577// 576// 561//
f 561// 576// 575//
f 561// 575// 574//
f 574// 573// 561//
f 561// 573// 572//
f 561// 572// 586//
f 579// 581// 568//
f 568// 581// 580//
f 568// 580// 567//
f 586// 585// 561//
f 561// 585// 563//
f 561// 563// 562//
f 1457// 1458// 561//
f 561// 1458// 568//
f 1457// 1459// 1460//
f 1461// 1462// 1457//
f 1463// 1464// 1458//
f 1462// 1465// 1457//
f 1457// 1465// 1466//
f 1457// 1466// 1458//
f 1458// 1466// 1467//
f 1458// 1467// 1463//
f 1468// 1469// 1457//
f 1457// 1469// 1470//
f 1457// 1470// 1471//
f 1471// 1472// 1457//
f 1457// 1472// 1473//
f 1457// 1473// 1461//
f 1474// 1464// 1475//
f 1475// 1464// 1476//
f 1475// 1476// 1477//
f 1474// 1478// 1464//
f 1464// 1478// 1479//
f 1464// 1479// 1480//
f 1460// 1481// 1457//
f 1457// 1481// 1482//
f 1457// 1482// 1468//
f 1480// 1483// 1464//
f 1464// 1483// 1484//
f 1464// 1484// 1458//
f 1467// 571// 566//
f 1467// 566// 1463//
f 1463// 566// 567//
f 1463// 567// 1464//
f 1464// 567// 580//
f 1464// 580// 1476//
f 1476// 580// 581//
f 1476// 581// 1477//
f 1477// 581// 579//
f 1477// 579// 1475//
f 1475// 579// 578//
f 1475// 578// 1474//
f 1474// 578// 582//
f 1474// 582// 1478//
f 1478// 582// 583//
f 1478// 583// 1479//
f 1479// 583// 584//
f 1479// 584// 1480//
f 1480// 584// 587//
f 1480// 587// 1483//
f 1483// 587// 588//
f 1483// 588// 1484//
f 1484// 588// 568//
f 1484// 568// 1458//
f 1467// 1466// 571//
f 571// 1466// 570//
f 1460// 563// 585//
f 1460// 585// 1481//
f 1481// 585// 586//
f 1481// 586// 1482//
f 1482// 586// 572//
f 1482// 572// 1468//
f 1468// 572// 573//
f 1468// 573// 1469//
f 1469// 573// 574//
f 1469// 574// 1470//
f 1470// 574// 575//
f 1470// 575// 1471//
f 1471// 575// 576//
f 1471// 576// 1472//
f 1472// 576// 577//
f 1472// 577// 1473//
f 1473// 577// 564//
f 1473// 564// 1461//
f 1461// 564// 565//
f 1461// 565// 1462//
f 1462// 565// 569//
f 1462// 569// 1465//
f 1465// 569// 570//
f 1465// 570// 1466//
f 1460// 1459// 563//
f 563// 1459// 562//
f 1457// 561// 1459//
f 1459// 561// 562//
f 396// 394// 393//
f 396// 408// 407//
f 407// 402// 396//
f 396// 402// 401//
f 396// 401// 400//
f 393// 395// 396//
f 396// 395// 406//
f 396// 406// 405//
f 405// 404// 396//
f 396// 404// 403//
f 396// 403// 414//
f 400// 398// 396//
f 396// 398// 397//
f 396// 397// 399//
f 414// 413// 396//
f 396// 413// 409//
f 396// 409// 408//
f 411// 417// 416//
f 399// 420// 396//
f 396// 420// 419//
f 396// 419// 410//
f 410// 419// 418//
f 418// 412// 410//
f 410// 412// 411//
f 410// 411// 415//
f 415// 411// 416//
f 1485// 1486// 394//
f 394// 1486// 393//
f 393// 1486// 395//
f 395// 1486// 1487//
f 395// 1487// 1488//
f 395// 1488// 406//
f 406// 1488// 1489//
f 406// 1489// 405//
f 405// 1489// 1490//
f 405// 1490// 404//
f 404// 1490// 1491//
f 404// 1491// 403//
f 403// 1491// 1492//
f 403// 1492// 414//
f 414// 1492// 1493//
f 414// 1493// 413//
f 413// 1493// 1494//
f 413// 1494// 409//
f 409// 1494// 1495//
f 409// 1495// 408//
f 408// 1495// 1496//
f 408// 1496// 407//
f 407// 1496// 1497//
f 407// 1497// 402//
f 402// 1497// 1498//
f 402// 1498// 401//
f 401// 1498// 1499//
f 401// 1499// 400//
f 1486// 1485// 1487//
f 1487// 1485// 1500//
f 1501// 1487// 1502//
f 1502// 1487// 1503//
f 1501// 1504// 1487//
f 1487// 1504// 1499//
f 1487// 1499// 1498//
f 1498// 1497// 1487//
f 1487// 1497// 1496//
f 1487// 1496// 1495//
f 1500// 1505// 1487//
f 1487// 1505// 1506//
f 1487// 1506// 1507//
f 1507// 1508// 1487//
f 1487// 1508// 1509//
f 1487// 1509// 1510//
f 1510// 1511// 1487//
f 1487// 1511// 1512//
f 1487// 1512// 1503//
f 1494// 1493// 1492//
f 1490// 1489// 1495//
f 1495// 1489// 1488//
f 1495// 1488// 1487//
f 1494// 1492// 1495//
f 1495// 1492// 1491//
f 1495// 1491// 1490//
f 400// 1499// 398//
f 398// 1499// 1504//
f 396// 1500// 394//
f 394// 1500// 1485//
f 398// 1504// 1501//
f 398// 1501// 397//
f 397// 1501// 1502//
f 397// 1502// 399//
f 399// 1502// 1503//
f 399// 1503// 420//
f 420// 1503// 1512//
f 420// 1512// 419//
f 419// 1512// 1511//
f 419// 1511// 418//
f 418// 1511// 1510//
f 418// 1510// 412//
f 412// 1510// 1509//
f 412// 1509// 411//
f 411// 1509// 1508//
f 411// 1508// 417//
f 417// 1508// 1507//
f 417// 1507// 416//
f 416// 1507// 1506//
f 416// 1506// 415//
f 415// 1506// 1505//
f 415// 1505// 410//
f 410// 1505// 1500//
f 410// 1500// 396//
f 338// 337// 340//
f 340// 337// 339//
f 359// 350// 340//
f 340// 350// 349//
f 340// 349// 348//
f 339// 361// 340//
f 340// 361// 364//
f 340// 364// 353//
f 353// 352// 340//
f 340// 352// 351//
f 340// 351// 363//
f 363// 362// 340//
f 340// 362// 360//
f 340// 360// 359//
f 348// 347// 340//
f 340// 347// 358//
f 340// 358// 341//
f 341// 358// 357//
f 357// 356// 341//
f 341// 356// 355//
f 341// 355// 354//
f 345// 344// 343//
f 354// 346// 341//
f 341// 346// 345//
f 341// 345// 342//
f 342// 345// 343//
f 1513// 1514// 337//
f 337// 1514// 339//
f 1515// 1516// 340//
f 340// 1516// 338//
f 1515// 340// 341//
f 1515// 341// 1517//
f 1517// 341// 342//
f 1517// 342// 1518//
f 1518// 342// 343//
f 1518// 343// 1519//
f 1519// 343// 344//
f 1519// 344// 1520//
f 1520// 344// 345//
f 1520// 345// 1521//
f 1521// 345// 346//
f 1521// 346// 1522//
f 1522// 346// 354//
f 1522// 354// 1523//
f 1523// 354// 355//
f 1523// 355// 1524//
f 1524// 355// 356//
f 1524// 356// 1525//
f 1525// 356// 357//
f 1525// 357// 1526//
f 1526// 357// 358//
f 1526// 358// 1527//
f 1527// 358// 347//
f 1527// 347// 1528//
f 1513// 1516// 1515//
f 1513// 1528// 1529//
f 1515// 1517// 1513//
f 1513// 1517// 1518//
f 1513// 1518// 1519//
f 1519// 1520// 1513//
f 1513// 1520// 1521//
f 1513// 1521// 1522//
f 1513// 1529// 1514//
f 1514// 1529// 1530//
f 1514// 1530// 1531//
f 1532// 1533// 1534//
f 1522// 1523// 1513//
f 1513// 1523// 1524//
f 1513// 1524// 1525//
f 1525// 1526// 1513//
f 1513// 1526// 1527//
f 1513// 1527// 1528//
f 1531// 1535// 1514//
f 1514// 1535// 1536//
f 1514// 1536// 1537//
f 1537// 1536// 1538//
f 1538// 1539// 1537//
f 1537// 1539// 1532//
f 1537// 1532// 1540//
f 1540// 1532// 1534//
f 1529// 348// 349//
f 1529// 349// 1530//
f 1530// 349// 350//
f 1530// 350// 1531//
f 1531// 350// 359//
f 1531// 359// 1535//
f 1535// 359// 360//
f 1535// 360// 1536//
f 1536// 360// 362//
f 1536// 362// 1538//
f 1538// 362// 363//
f 1538// 363// 1539//
f 1539// 363// 351//
f 1539// 351// 1532//
f 1532// 351// 352//
f 1532// 352// 1533//
f 1533// 352// 353//
f 1533// 353// 1534//
f 1534// 353// 364//
f 1534// 364// 1540//
f 1540// 364// 361//
f 1540// 361// 1537//
f 1537// 361// 339//
f 1537// 339// 1514//
f 1529// 1528// 348//
f 348// 1528// 347//
f 1513// 337// 1516//
f 1516// 337// 338//
f 1040// 1038// 1037//
f 1040// 1052// 1051//
f 1051// 1046// 1040//
f 1040// 1046// 1045//
f 1040// 1045// 1044//
f 1037// 1039// 1040//
f 1040// 1039// 1050//
f 1040// 1050// 1049//
f 1049// 1048// 1040//
f 1040// 1048// 1047//
f 1040// 1047// 1058//
f 1044// 1042// 1040//
f 1040// 1042// 1041//
f 1040// 1041// 1043//
f 1058// 1057// 1040//
f 1040// 1057// 1053//
f 1040// 1053// 1052//
f 1055// 1061// 1060//
f 1043// 1064// 1040//
f 1040// 1064// 1063//
f 1040// 1063// 1054//
f 1054// 1063// 1062//
f 1062// 1056// 1054//
f 1054// 1056// 1055//
f 1054// 1055// 1059//
f 1059// 1055// 1060//
f 1541// 1542// 1038//
f 1038// 1542// 1037//
f 1037// 1542// 1039//
f 1039// 1542// 1543//
f 1039// 1543// 1544//
f 1039// 1544// 1050//
f 1050// 1544// 1545//
f 1050// 1545// 1049//
f 1049// 1545// 1546//
f 1049// 1546// 1048//
f 1048// 1546// 1547//
f 1048// 1547// 1047//
f 1047// 1547// 1548//
f 1047// 1548// 1058//
f 1058// 1548// 1549//
f 1058// 1549// 1057//
f 1057// 1549// 1550//
f 1057// 1550// 1053//
f 1053// 1550// 1551//
f 1053// 1551// 1052//
f 1052// 1551// 1552//
f 1052// 1552// 1051//
f 1051// 1552// 1553//
f 1051// 1553// 1046//
f 1046// 1553// 1554//
f 1046// 1554// 1045//
f 1045// 1554// 1555//
f 1045// 1555// 1044//
f 1542// 1541// 1543//
f 1543// 1541// 1556//
f 1557// 1543// 1558//
f 1558// 1543// 1559//
f 1557// 1560// 1543//
f 1543// 1560// 1555//
f 1543// 1555// 1554//
f 1554// 1553// 1543//
f 1543// 1553// 1552//
f 1543// 1552// 1551//
f 1556// 1561// 1543//
f 1543// 1561// 1562//
f 1543// 1562// 1563//
f 1563// 1564// 1543//
f 1543// 1564// 1565//
f 1543// 1565// 1566//
f 1566// 1567// 1543//
f 1543// 1567// 1568//
f 1543// 1568// 1559//
f 1550// 1549// 1548//
f 1546// 1545// 1551//
f 1551// 1545// 1544//
f 1551// 1544// 1543//
f 1550// 1548// 1551//
f 1551// 1548// 1547//
f 1551// 1547// 1546//
f 1044// 1555// 1042//
f 1042// 1555// 1560//
f 1040// 1556// 1038//
f 1038// 1556// 1541//
f 1042// 1560// 1557//
f 1042// 1557// 1041//
f 1041// 1557// 1558//
f 1041// 1558// 1043//
f 1043// 1558// 1559//
f 1043// 1559// 1064//
f 1064// 1559// 1568//
f 1064// 1568// 1063//
f 1063// 1568// 1567//
f 1063// 1567// 1062//
f 1062// 1567// 1566//
f 1062// 1566// 1056//
f 1056// 1566// 1565//
f 1056// 1565// 1055//
f 1055// 1565// 1564//
f 1055// 1564// 1061//
f 1061// 1564// 1563//
f 1061// 1563// 1060//
f 1060// 1563// 1562//
f 1060// 1562// 1059//
f 1059// 1562// 1561//
f 1059// 1561// 1054//
f 1054// 1561// 1556//
f 1054// 1556// 1040//
f 1234// 1233// 1236//
f 1236// 1233// 1235//
f 1235// 1243// 1236//
f 1236// 1243// 1242//
f 1236// 1242// 1241//
f 1241// 1251// 1236//
f 1236// 1251// 1250//
f 1236// 1250// 1249//
f 1249// 1248// 1236//
f 1236// 1248// 1247//
f 1236// 1247// 1246//
f 1246// 1245// 1236//
f 1236// 1245// 1244//
f 1236// 1244// 1240//
f 1240// 1239// 1236//
f 1236// 1239// 1238//
f 1236// 1238// 1237//
f 1253// 1257// 1256//
f 1237// 1260// 1236//
f 1236// 1260// 1259//
f 1236// 1259// 1252//
f 1252// 1259// 1258//
f 1258// 1254// 1252//
f 1252// 1254// 1253//
f 1252// 1253// 1255//
f 1255// 1253// 1256//
f 1233// 1569// 1235//
f 1235// 1569// 1570//
f 1235// 1570// 1571//
f 1235// 1571// 1243//
f 1243// 1571// 1572//
f 1243// 1572// 1242//
f 1242// 1572// 1573//
f 1242// 1573// 1241//
f 1241// 1573// 1574//
f 1241// 1574// 1251//
f 1251// 1574// 1575//
f 1251// 1575// 1250//
f 1250// 1575// 1576//
f 1250// 1576// 1249//
f 1249// 1576// 1577//
f 1249// 1577// 1248//
f 1248// 1577// 1578//
f 1248// 1578// 1247//
f 1247// 1578// 1579//
f 1247// 1579// 1246//
f 1246// 1579// 1580//
f 1246// 1580// 1245//
f 1245// 1580// 1581//
f 1245// 1581// 1244//
f 1244// 1581// 1582//
f 1244// 1582// 1240//
f 1240// 1582// 1239//
f 1239// 1582// 1583//
f 1569// 1584// 1570//
f 1570// 1584// 1585//
f 1572// 1571// 1582//
f 1582// 1571// 1570//
f 1582// 1570// 1583//
f 1586// 1587// 1570//
f 1570// 1587// 1588//
f 1570// 1588// 1583//
f 1585// 1589// 1570//
f 1570// 1589// 1590//
f 1570// 1590// 1591//
f 1591// 1592// 1570//
f 1570// 1592// 1593//
f 1570// 1593// 1594//
f 1594// 1595// 1570//
f 1570// 1595// 1596//
f 1570// 1596// 1586//
f 1581// 1577// 1576//
f 1581// 1580// 1577//
f 1577// 1580// 1579//
f 1577// 1579// 1578//
f 1576// 1575// 1581//
f 1581// 1575// 1574//
f 1581// 1574// 1582//
f 1582// 1574// 1573//
f 1582// 1573// 1572//
f 1239// 1583// 1588//
f 1239// 1588// 1238//
f 1238// 1588// 1587//
f 1238// 1587// 1237//
f 1237// 1587// 1586//
f 1237// 1586// 1260//
f 1260// 1586// 1596//
f 1260// 1596// 1259//
f 1259// 1596// 1595//
f 1259// 1595// 1258//
f 1258// 1595// 1594//
f 1258// 1594// 1254//
f 1254// 1594// 1593//
f 1254// 1593// 1253//
f 1253// 1593// 1592//
f 1253// 1592// 1257//
f 1257// 1592// 1591//
f 1257// 1591// 1256//
f 1256// 1591// 1590//
f 1256// 1590// 1255//
f 1255// 1590// 1589//
f 1255// 1589// 1252//
f 1252// 1589// 1585//
f 1252// 1585// 1236//
f 1584// 1569// 1234//
f 1234// 1569// 1233//
f 1236// 1585// 1234//
f 1234// 1585// 1584//
f 1406// 1403// 1402//
f 1406// 1416// 1415//
f 1415// 1410// 1406//
f 1406// 1410// 1409//
f 1406// 1409// 1408//
f 1402// 1401// 1406//
f 1406// 1401// 1414//
f 1406// 1414// 1413//
f 1413// 1412// 1406//
f 1406// 1412// 1411//
f 1406// 1411// 1422//
f 1408// 1407// 1406//
f 1406// 1407// 1405//
f 1406// 1405// 1404//
f 1422// 1421// 1406//
f 1406// 1421// 1417//
f 1406// 1417// 1416//
f 1419// 1425// 1424//
f 1404// 1428// 1406//
f 1406// 1428// 1427//
f 1406// 1427// 1418//
f 1418// 1427// 1426//
f 1426// 1420// 1418//
f 1418// 1420// 1419//
f 1418// 1419// 1423//
f 1423// 1419// 1424//
f 1597// 1598// 1403//
f 1403// 1598// 1402//
f 1402// 1598// 1401//
f 1401// 1598// 1599//
f 1401// 1599// 1600//
f 1401// 1600// 1414//
f 1414// 1600// 1601//
f 1414// 1601// 1413//
f 1413// 1601// 1602//
f 1413// 1602// 1412//
f 1412// 1602// 1603//
f 1412// 1603// 1411//
f 1411// 1603// 1604//
f 1411// 1604// 1422//
f 1422// 1604// 1605//
f 1422// 1605// 1421//
f 1421// 1605// 1606//
f 1421// 1606// 1417//
f 1417// 1606// 1607//
f 1417// 1607// 1416//
f 1416// 1607// 1608//
f 1416// 1608// 1415//
f 1415// 1608// 1609//
f 1415// 1609// 1410//
f 1410// 1609// 1610//
f 1410// 1610// 1409//
f 1409// 1610// 1611//
f 1409// 1611// 1408//
f 1598// 1597// 1599//
f 1599// 1597// 1612//
f 1613// 1599// 1614//
f 1614// 1599// 1615//
f 1613// 1616// 1599//
f 1599// 1616// 1611//
f 1599// 1611// 1610//
f 1610// 1609// 1599//
f 1599// 1609// 1608//
f 1599// 1608// 1607//
f 1612// 1617// 1599//
f 1599// 1617// 1618//
f 1599// 1618// 1619//
f 1619// 1620// 1599//
f 1599// 1620// 1621//
f 1599// 1621// 1622//
f 1622// 1623// 1599//
f 1599// 1623// 1624//
f 1599// 1624// 1615//
f 1606// 1605// 1604//
f 1602// 1601// 1607//
f 1607// 1601// 1600//
f 1607// 1600// 1599//
f 1606// 1604// 1607//
f 1607// 1604// 1603//
f 1607// 1603// 1602//
f 1408// 1611// 1407//
f 1407// 1611// 1616//
f 1406// 1612// 1403//
f 1403// 1612// 1597//
f 1407// 1616// 1613//
f 1407// 1613// 1405//
f 1405// 1613// 1614//
f 1405// 1614// 1404//
f 1404// 1614// 1615//
f 1404// 1615// 1428//
f 1428// 1615// 1624//
f 1428// 1624// 1427//
f 1427// 1624// 1623//
f 1427// 1623// 1426//
f 1426// 1623// 1622//
f 1426// 1622// 1420//
f 1420// 1622// 1621//
f 1420// 1621// 1419//
f 1419// 1621// 1620//
f 1419// 1620// 1425//
f 1425// 1620// 1619//
f 1425// 1619// 1424//
f 1424// 1619// 1618//
f 1424// 1618// 1423//
f 1423// 1618// 1617//
f 1423// 1617// 1418//
f 1418// 1617// 1612//
f 1418// 1612// 1406//
f 226// 225// 228//
f 228// 225// 227//
f 233// 232// 227//
f 232// 231// 227//
f 227// 231// 230//
f 227// 230// 229//
f 236// 235// 227//
f 227// 235// 234//
f 227// 234// 233//
f 239// 238// 237//
f 229// 247// 227//
f 227// 247// 246//
f 227// 246// 245//
f 245// 244// 227//
f 227// 244// 243//
f 227// 243// 242//
f 242// 241// 227//
f 227// 241// 240//
f 227// 240// 228//
f 236// 252// 235//
f 235// 252// 251//
f 235// 251// 250//
f 250// 249// 235//
f 235// 249// 239//
f 235// 239// 248//
f 248// 239// 237//
f 1625// 233// 234//
f 1625// 234// 1626//
f 1626// 234// 235//
f 1626// 235// 1627//
f 1627// 235// 248//
f 1627// 248// 1628//
f 1628// 248// 237//
f 1628// 237// 1629//
f 1629// 237// 238//
f 1629// 238// 1630//
f 1630// 238// 239//
f 1630// 239// 1631//
f 1631// 239// 249//
f 1631// 249// 1632//
f 1632// 249// 250//
f 1632// 250// 1633//
f 1633// 250// 251//
f 1633// 251// 1634//
f 1634// 251// 252//
f 1634// 252// 1635//
f 1635// 252// 236//
f 1635// 236// 1636//
f 1636// 236// 227//
f 1636// 227// 1637//
f 1638// 1637// 225//
f 225// 1637// 227//
f 1638// 1639// 1637//
f 1637// 1639// 1640//
f 1637// 1640// 1636//
f 1627// 1640// 1626//
f 1626// 1640// 1625//
f 1641// 1642// 1640//
f 1640// 1642// 1643//
f 1640// 1643// 1625//
f 1644// 1645// 1646//
f 1627// 1628// 1640//
f 1640// 1628// 1629//
f 1640// 1629// 1630//
f 1630// 1631// 1640//
f 1640// 1631// 1632//
f 1640// 1632// 1633//
f 1633// 1634// 1640//
f 1640// 1634// 1635//
f 1640// 1635// 1636//
f 1646// 1647// 1644//
f 1644// 1647// 1648//
f 1644// 1648// 1649//
f 1649// 1650// 1644//
f 1644// 1650// 1651//
f 1644// 1651// 1640//
f 1640// 1651// 1652//
f 1640// 1652// 1641//
f 1625// 1643// 233//
f 233// 1643// 232//
f 1640// 228// 240//
f 1640// 240// 1644//
f 1644// 240// 241//
f 1644// 241// 1645//
f 1645// 241// 242//
f 1645// 242// 1646//
f 1646// 242// 243//
f 1646// 243// 1647//
f 1647// 243// 244//
f 1647// 244// 1648//
f 1648// 244// 245//
f 1648// 245// 1649//
f 1649// 245// 246//
f 1649// 246// 1650//
f 1650// 246// 247//
f 1650// 247// 1651//
f 1651// 247// 229//
f 1651// 229// 1652//
f 1652// 229// 230//
f 1652// 230// 1641//
f 1641// 230// 231//
f 1641// 231// 1642//
f 1642// 231// 232//
f 1642// 232// 1643//
f 1640// 1639// 228//
f 228// 1639// 226//
f 1638// 225// 1639//
f 1639// 225// 226//
f 177// 176// 183//
f 181// 180// 178//
f 174// 171// 172//
f 172// 171// 196//
f 193// 192// 172//
f 172// 192// 188//
f 172// 188// 189//
f 187// 186// 185//
f 170// 169// 172//
f 172// 169// 179//
f 172// 179// 173//
f 173// 179// 178//
f 173// 178// 175//
f 175// 178// 180//
f 196// 195// 172//
f 172// 195// 194//
f 172// 194// 193//
f 189// 191// 172//
f 172// 191// 190//
f 172// 190// 170//
f 187// 185// 176//
f 176// 185// 184//
f 176// 184// 183//
f 177// 183// 178//
f 178// 183// 182//
f 178// 182// 181//
f 1653// 1654// 174//
f 174// 1654// 171//
f 1655// 1656// 179//
f 179// 1656// 178//
f 1655// 179// 169//
f 1655// 169// 1657//
f 1657// 169// 170//
f 1657// 170// 1658//
f 1658// 170// 190//
f 1658// 190// 1659//
f 1659// 190// 191//
f 1659// 191// 1660//
f 1660// 191// 189//
f 1660// 189// 1661//
f 1661// 189// 188//
f 1661// 188// 1662//
f 1662// 188// 192//
f 1662// 192// 1663//
f 1663// 192// 193//
f 1663// 193// 1664//
f 1664// 193// 194//
f 1664// 194// 1665//
f 1665// 194// 195//
f 1665// 195// 1666//
f 1666// 195// 196//
f 1666// 196// 1667//
f 1667// 196// 171//
f 1667// 171// 1654//
f 1654// 1653// 1668//
f 1656// 1655// 1669//
f 1669// 1655// 1668//
f 1669// 1670// 1656//
f 1656// 1670// 1671//
f 1656// 1671// 1672//
f 1655// 1657// 1668//
f 1668// 1657// 1658//
f 1668// 1658// 1659//
f 1662// 1663// 1668//
f 1668// 1663// 1664//
f 1668// 1664// 1665//
f 1673// 1674// 1675//
f 1675// 1674// 1656//
f 1675// 1656// 1676//
f 1676// 1656// 1672//
f 1675// 1677// 1673//
f 1673// 1677// 1678//
f 1673// 1678// 1679//
f 1679// 1678// 1680//
f 1659// 1660// 1668//
f 1668// 1660// 1661//
f 1668// 1661// 1662//
f 1665// 1666// 1668//
f 1668// 1666// 1667//
f 1668// 1667// 1654//
f 1669// 173// 175//
f 1669// 175// 1670//
f 1670// 175// 180//
f 1670// 180// 1671//
f 1671// 180// 181//
f 1671// 181// 1672//
f 1672// 181// 182//
f 1672// 182// 1676//
f 1676// 182// 183//
f 1676// 183// 1675//
f 1675// 183// 184//
f 1675// 184// 1677//
f 1677// 184// 185//
f 1677// 185// 1678//
f 1678// 185// 186//
f 1678// 186// 1680//
f 1680// 186// 187//
f 1680// 187// 1679//
f 1679// 187// 176//
f 1679// 176// 1673//
f 1673// 176// 177//
f 1673// 177// 1674//
f 1674// 177// 178//
f 1674// 178// 1656//
f 1669// 1668// 173//
f 173// 1668// 172//
f 1653// 174// 1668//
f 1668// 174// 172//
usemtl 2
f 2// 729// 928//
f 928// 729// 1289//
f 1681// 1682// 1683//
f 1683// 1682// 1684//
f 1683// 1684// 1685//
f 1685// 1684// 1686//
f 1686// 1684// 1//
f 1686// 1// 1681//
f 1681// 1// 925//
f 1681// 925// 1682//
f 1682// 925// 928//
f 1682// 928// 1687//
f 1687// 928// 1289//
f 1687// 1289// 1292//
f 1124// 450// 691//
f 1177// 1180// 1687//
f 691// 1177// 1124//
f 1124// 1177// 1687//
f 1124// 1687// 1121//
f 1121// 1687// 1292//
f 1121// 1292// 449//
f 449// 1292// 730//
f 1320// 58// 281//
f 1205// 1208// 1687//
f 281// 1205// 1320//
f 1320// 1205// 1687//
f 1320// 1687// 1317//
f 1317// 1687// 1180//
f 1317// 1180// 57//
f 57// 1180// 692//
f 144// 113// 337//
f 1513// 1516// 1687//
f 337// 1513// 144//
f 144// 1513// 1687//
f 144// 1687// 141//
f 141// 1687// 1208//
f 141// 1208// 114//
f 114// 1208// 282//
f 1688// 1516// 1689//
f 1689// 1516// 338//
f 1689// 338// 1690//
f 1690// 338// 1691//
f 1690// 1691// 1692//
f 1692// 1691// 1687//
f 1692// 1687// 1688//
f 1688// 1687// 1516//
usemtl 1
f 1688// 1689// 1692//
f 1692// 1689// 1690//
usemtl 2
f 1443// 1402// 1693//
f 393// 1038// 435//
f 435// 1038// 1078//
f 1694// 1695// 1696//
f 1696// 1695// 1697//
f 1696// 1697// 1698//
f 1698// 1697// 1699//
f 1699// 1697// 394//
f 1699// 394// 1694//
f 1694// 394// 434//
f 1694// 434// 1695//
f 1695// 434// 435//
f 1695// 435// 1700//
f 1700// 435// 1078//
f 1700// 1078// 1079//
f 1387// 870// 506//
f 854// 858// 1700//
f 506// 854// 1387//
f 1387// 854// 1700//
f 1387// 1700// 1386//
f 1386// 1700// 1079//
f 1386// 1079// 869//
f 869// 1079// 1037//
f 836// 802// 225//
f 1638// 1639// 1700//
f 225// 1638// 836//
f 836// 1638// 1700//
f 836// 1700// 826//
f 826// 1700// 858//
f 826// 858// 803//
f 803// 858// 507//
f 1261// 1263// 1700//
f 1701// 1263// 1702//
f 1702// 1263// 1233//
f 1702// 1233// 1703//
f 1703// 1233// 1704//
f 1703// 1704// 1705//
f 1705// 1704// 1700//
f 1705// 1700// 1701//
f 1701// 1700// 1263//
f 226// 1403// 1639//
f 1639// 1403// 1442//
f 1639// 1442// 1700//
f 1700// 1442// 1443//
f 1700// 1443// 1261//
f 1261// 1443// 1693//
f 1261// 1693// 1234//
usemtl 1
f 1699// 1694// 1698//
f 1698// 1694// 1696//
usemtl 2
f 1684// 1706// 1707//
f 1708// 1700// 1704//
f 1009// 1709// 955//
f 955// 1709// 1710//
f 955// 1710// 1704//
f 1704// 1710// 1711//
f 1704// 1711// 1708//
f 1345// 1347// 1682//
f 1011// 953// 1712//
f 1708// 1709// 1700//
f 1700// 1709// 1009//
f 1700// 1009// 1682//
f 1682// 1009// 1011//
f 1682// 1011// 1345//
f 1345// 1011// 1712//
f 1345// 1712// 619//
f 1706// 1684// 1713//
f 1713// 1684// 1682//
f 1713// 1682// 1714//
f 1714// 1682// 1347//
f 1714// 1347// 1707//
f 1707// 1347// 617//
f 1707// 617// 1684//
usemtl 1
f 1709// 1708// 1710//
f 1710// 1708// 1711//
usemtl 2
f 1715// 561// 1457//
f 1668// 172// 1715//
f 1716// 1459// 1717//
f 1717// 1459// 562//
f 1717// 562// 1697//
f 1691// 1718// 1687//
f 1687// 1718// 1719//
f 1457// 1459// 1687//
f 1687// 1459// 1716//
f 1687// 1716// 1695//
f 1695// 1716// 1720//
f 1695// 1720// 1697//
f 1697// 1720// 1721//
f 1697// 1721// 1717//
f 1715// 1457// 1668//
f 1668// 1457// 1687//
f 1668// 1687// 1653//
f 1653// 1687// 1719//
f 1653// 1719// 174//
f 174// 1719// 1722//
f 174// 1722// 1691//
f 1691// 1722// 1723//
f 1691// 1723// 1718//
usemtl 1
f 1723// 1722// 1718//
f 1718// 1722// 1719//
f 144// 141// 143//
f 143// 141// 142//
f 143// 142// 1724//
f 1724// 1725// 143//
f 143// 1725// 1726//
f 143// 1726// 1727//
f 157// 156// 143//
f 143// 156// 1728//
f 143// 1728// 1729//
f 1727// 1730// 143//
f 143// 1730// 1731//
f 143// 1731// 157//
f 1729// 1732// 143//
f 143// 1732// 1733//
f 143// 1733// 1734//
f 1734// 1733// 1735//
f 144// 143// 113//
f 113// 143// 115//
f 142// 141// 116//
f 116// 141// 114//
f 142// 116// 1724//
f 1724// 116// 1736//
f 1724// 1736// 1725//
f 1725// 1736// 1737//
f 1725// 1737// 1726//
f 1726// 1737// 1738//
f 1726// 1738// 1727//
f 1727// 1738// 1739//
f 1727// 1739// 1730//
f 1730// 1739// 1740//
f 1730// 1740// 1731//
f 1731// 1740// 1741//
f 1731// 1741// 157//
f 157// 1741// 120//
f 156// 157// 129//
f 129// 157// 120//
f 156// 129// 1728//
f 1728// 129// 1742//
f 1728// 1742// 1729//
f 1729// 1742// 1743//
f 1729// 1743// 1732//
f 1732// 1743// 1744//
f 1732// 1744// 1733//
f 1733// 1744// 1745//
f 1733// 1745// 1735//
f 1735// 1745// 1746//
f 1735// 1746// 1734//
f 1734// 1746// 1747//
f 1734// 1747// 143//
f 143// 1747// 115//
f 1748// 1749// 1460//
f 1749// 1750// 1460//
f 1460// 1750// 1467//
f 1460// 1467// 1466//
f 1459// 1457// 1460//
f 1460// 1457// 1458//
f 1460// 1458// 1751//
f 1466// 1752// 1460//
f 1460// 1752// 1753//
f 1460// 1753// 1754//
f 1751// 1755// 1460//
f 1460// 1755// 1756//
f 1460// 1756// 1748//
f 1754// 1757// 1460//
f 1460// 1757// 1758//
f 1460// 1758// 1759//
f 1458// 1457// 568//
f 568// 1457// 561//
f 1458// 568// 1751//
f 1751// 568// 1760//
f 1751// 1760// 1755//
f 1755// 1760// 1761//
f 1755// 1761// 1756//
f 1756// 1761// 1762//
f 1756// 1762// 1748//
f 1748// 1762// 1763//
f 1748// 1763// 1749//
f 1749// 1763// 1764//
f 1749// 1764// 1750//
f 1750// 1764// 1765//
f 1750// 1765// 1467//
f 1467// 1765// 571//
f 1466// 1467// 570//
f 570// 1467// 571//
f 1466// 570// 1752//
f 1752// 570// 1766//
f 1752// 1766// 1753//
f 1753// 1766// 1767//
f 1753// 1767// 1754//
f 1754// 1767// 1768//
f 1754// 1768// 1757//
f 1757// 1768// 1769//
f 1757// 1769// 1758//
f 1758// 1769// 1770//
f 1758// 1770// 1759//
f 1759// 1770// 1771//
f 1759// 1771// 1460//
f 1460// 1771// 563//
f 1459// 1460// 562//
f 562// 1460// 563//
f 1121// 1122// 1124//
f 1124// 1122// 1772//
f 1124// 1772// 1773//
f 1774// 1775// 1123//
f 1773// 1776// 1124//
f 1124// 1776// 1777//
f 1124// 1777// 1778//
f 1778// 1779// 1124//
f 1124// 1779// 1140//
f 1124// 1140// 1123//
f 1123// 1140// 1136//
f 1123// 1136// 1774//
f 1775// 1780// 1123//
f 1123// 1780// 1781//
f 1123// 1781// 1782//
f 1782// 1781// 1783//
f 1124// 1123// 450//
f 450// 1123// 452//
f 1122// 1121// 451//
f 451// 1121// 449//
f 1122// 451// 1772//
f 1772// 451// 1784//
f 1772// 1784// 1773//
f 1773// 1784// 1785//
f 1773// 1785// 1776//
f 1776// 1785// 1786//
f 1776// 1786// 1777//
f 1777// 1786// 1787//
f 1777// 1787// 1778//
f 1778// 1787// 1788//
f 1778// 1788// 1779//
f 1779// 1788// 1789//
f 1779// 1789// 1140//
f 1140// 1789// 468//
f 1136// 1140// 459//
f 459// 1140// 468//
f 1136// 459// 1774//
f 1774// 459// 1790//
f 1774// 1790// 1775//
f 1775// 1790// 1791//
f 1775// 1791// 1780//
f 1780// 1791// 1792//
f 1780// 1792// 1781//
f 1781// 1792// 1793//
f 1781// 1793// 1783//
f 1783// 1793// 1794//
f 1783// 1794// 1782//
f 1782// 1794// 1795//
f 1782// 1795// 1123//
f 1123// 1795// 452//
f 1443// 1442// 1449//
f 1449// 1442// 1441//
f 1796// 1429// 1449//
f 1449// 1429// 1448//
f 1449// 1448// 1797//
f 1441// 1798// 1449//
f 1449// 1798// 1799//
f 1449// 1799// 1800//
f 1800// 1801// 1449//
f 1449// 1801// 1802//
f 1449// 1802// 1796//
f 1803// 1804// 1805//
f 1805// 1804// 1806//
f 1805// 1806// 1448//
f 1448// 1806// 1807//
f 1448// 1807// 1797//
f 1441// 1406// 1798//
f 1798// 1406// 1808//
f 1798// 1808// 1799//
f 1799// 1808// 1809//
f 1799// 1809// 1800//
f 1800// 1809// 1810//
f 1800// 1810// 1801//
f 1801// 1810// 1811//
f 1801// 1811// 1802//
f 1802// 1811// 1812//
f 1802// 1812// 1796//
f 1796// 1812// 1813//
f 1796// 1813// 1429//
f 1429// 1813// 1407//
f 1448// 1429// 1408//
f 1408// 1429// 1407//
f 1448// 1408// 1805//
f 1805// 1408// 1814//
f 1805// 1814// 1803//
f 1803// 1814// 1815//
f 1803// 1815// 1804//
f 1804// 1815// 1816//
f 1804// 1816// 1806//
f 1806// 1816// 1817//
f 1806// 1817// 1807//
f 1807// 1817// 1818//
f 1807// 1818// 1797//
f 1797// 1818// 1819//
f 1797// 1819// 1449//
f 1449// 1819// 1401//
f 1443// 1449// 1402//
f 1402// 1449// 1401//
f 1441// 1442// 1406//
f 1406// 1442// 1403//
f 1386// 1385// 1387//
f 1387// 1385// 1820//
f 1387// 1820// 1821//
f 1821// 1822// 1387//
f 1387// 1822// 1823//
f 1387// 1823// 1824//
f 1824// 1825// 1387//
f 1387// 1825// 1373//
f 1387// 1373// 1388//
f 1388// 1373// 1391//
f 1388// 1391// 1826//
f 1827// 1828// 1829//
f 1829// 1828// 1830//
f 1829// 1830// 1391//
f 1391// 1830// 1831//
f 1391// 1831// 1826//
f 1385// 871// 1820//
f 1820// 871// 1832//
f 1820// 1832// 1821//
f 1821// 1832// 1833//
f 1821// 1833// 1822//
f 1822// 1833// 1834//
f 1822// 1834// 1823//
f 1823// 1834// 1835//
f 1823// 1835// 1824//
f 1824// 1835// 1836//
f 1824// 1836// 1825//
f 1825// 1836// 1837//
f 1825// 1837// 1373//
f 1373// 1837// 877//
f 1391// 1373// 876//
f 876// 1373// 877//
f 1391// 876// 1829//
f 1829// 876// 1838//
f 1829// 1838// 1827//
f 1827// 1838// 1839//
f 1827// 1839// 1828//
f 1828// 1839// 1840//
f 1828// 1840// 1830//
f 1830// 1840// 1841//
f 1830// 1841// 1831//
f 1831// 1841// 1842//
f 1831// 1842// 1826//
f 1826// 1842// 1843//
f 1826// 1843// 1388//
f 1388// 1843// 872//
f 1387// 1388// 870//
f 870// 1388// 872//
f 1385// 1386// 871//
f 871// 1386// 869//
f 1205// 1206// 1208//
f 1208// 1206// 1844//
f 1208// 1844// 1845//
f 1846// 1847// 1207//
f 1845// 1848// 1208//
f 1208// 1848// 1849//
f 1208// 1849// 1850//
f 1850// 1851// 1208//
f 1208// 1851// 1224//
f 1208// 1224// 1207//
f 1207// 1224// 1220//
f 1207// 1220// 1846//
f 1847// 1852// 1207//
f 1207// 1852// 1853//
f 1207// 1853// 1854//
f 1854// 1853// 1855//
f 1208// 1207// 282//
f 282// 1207// 284//
f 1206// 1205// 283//
f 283// 1205// 281//
f 1206// 283// 1844//
f 1844// 283// 1856//
f 1844// 1856// 1845//
f 1845// 1856// 1857//
f 1845// 1857// 1848//
f 1848// 1857// 1858//
f 1848// 1858// 1849//
f 1849// 1858// 1859//
f 1849// 1859// 1850//
f 1850// 1859// 1860//
f 1850// 1860// 1851//
f 1851// 1860// 1861//
f 1851// 1861// 1224//
f 1224// 1861// 300//
f 1220// 1224// 291//
f 291// 1224// 300//
f 1220// 291// 1846//
f 1846// 291// 1862//
f 1846// 1862// 1847//
f 1847// 1862// 1863//
f 1847// 1863// 1852//
f 1852// 1863// 1864//
f 1852// 1864// 1853//
f 1853// 1864// 1865//
f 1853// 1865// 1855//
f 1855// 1865// 1866//
f 1855// 1866// 1854//
f 1854// 1866// 1867//
f 1854// 1867// 1207//
f 1207// 1867// 284//
f 1868// 1655// 1668//
f 1668// 1653// 1654//
f 1668// 1655// 1669//
f 1669// 1655// 1656//
f 1669// 1656// 1869//
f 1654// 1870// 1668//
f 1668// 1870// 1871//
f 1668// 1871// 1872//
f 1872// 1873// 1668//
f 1668// 1873// 1874//
f 1668// 1874// 1868//
f 1869// 1875// 1669//
f 1669// 1875// 1876//
f 1669// 1876// 1877//
f 1877// 1876// 1878//
f 1877// 1878// 1879//
f 1656// 1655// 178//
f 178// 1655// 179//
f 1656// 178// 1869//
f 1869// 178// 1880//
f 1869// 1880// 1875//
f 1875// 1880// 1881//
f 1875// 1881// 1876//
f 1876// 1881// 1882//
f 1876// 1882// 1878//
f 1878// 1882// 1883//
f 1878// 1883// 1879//
f 1879// 1883// 1884//
f 1879// 1884// 1877//
f 1877// 1884// 1885//
f 1877// 1885// 1669//
f 1669// 1885// 173//
f 1668// 1669// 172//
f 172// 1669// 173//
f 1654// 1653// 171//
f 171// 1653// 174//
f 1654// 171// 1870//
f 1870// 171// 1886//
f 1870// 1886// 1871//
f 1871// 1886// 1887//
f 1871// 1887// 1872//
f 1872// 1887// 1888//
f 1872// 1888// 1873//
f 1873// 1888// 1889//
f 1873// 1889// 1874//
f 1874// 1889// 1890//
f 1874// 1890// 1868//
f 1868// 1890// 1891//
f 1868// 1891// 1655//
f 1655// 1891// 179//
f 1292// 1289// 1291//
f 1291// 1289// 1290//
f 1291// 1290// 1892//
f 1892// 1893// 1291//
f 1291// 1893// 1894//
f 1291// 1894// 1895//
f 1305// 1304// 1291//
f 1291// 1304// 1896//
f 1291// 1896// 1897//
f 1895// 1898// 1291//
f 1291// 1898// 1899//
f 1291// 1899// 1305//
f 1897// 1900// 1291//
f 1291// 1900// 1901//
f 1291// 1901// 1902//
f 1902// 1901// 1903//
f 1292// 1291// 730//
f 730// 1291// 731//
f 1290// 1289// 740//
f 740// 1289// 729//
f 1290// 740// 1892//
f 1892// 740// 1904//
f 1892// 1904// 1893//
f 1893// 1904// 1905//
f 1893// 1905// 1894//
f 1894// 1905// 1906//
f 1894// 1906// 1895//
f 1895// 1906// 1907//
f 1895// 1907// 1898//
f 1898// 1907// 1908//
f 1898// 1908// 1899//
f 1899// 1908// 1909//
f 1899// 1909// 1305//
f 1305// 1909// 733//
f 1304// 1305// 732//
f 732// 1305// 733//
f 1304// 732// 1896//
f 1896// 732// 1910//
f 1896// 1910// 1897//
f 1897// 1910// 1911//
f 1897// 1911// 1900//
f 1900// 1911// 1912//
f 1900// 1912// 1901//
f 1901// 1912// 1913//
f 1901// 1913// 1903//
f 1903// 1913// 1914//
f 1903// 1914// 1902//
f 1902// 1914// 1915//
f 1902// 1915// 1291//
f 1291// 1915// 731//
f 1638// 1637// 1639//
f 1639// 1637// 1916//
f 1639// 1916// 1917//
f 1917// 1918// 1639//
f 1639// 1918// 1919//
f 1639// 1919// 1920//
f 1920// 1921// 1639//
f 1639// 1921// 1625//
f 1639// 1625// 1640//
f 1640// 1625// 1643//
f 1640// 1643// 1922//
f 1923// 1924// 1925//
f 1925// 1924// 1926//
f 1925// 1926// 1643//
f 1643// 1926// 1927//
f 1643// 1927// 1922//
f 1637// 227// 1916//
f 1916// 227// 1928//
f 1916// 1928// 1917//
f 1917// 1928// 1929//
f 1917// 1929// 1918//
f 1918// 1929// 1930//
f 1918// 1930// 1919//
f 1919// 1930// 1931//
f 1919// 1931// 1920//
f 1920// 1931// 1932//
f 1920// 1932// 1921//
f 1921// 1932// 1933//
f 1921// 1933// 1625//
f 1625// 1933// 233//
f 1643// 1625// 232//
f 232// 1625// 233//
f 1643// 232// 1925//
f 1925// 232// 1934//
f 1925// 1934// 1923//
f 1923// 1934// 1935//
f 1923// 1935// 1924//
f 1924// 1935// 1936//
f 1924// 1936// 1926//
f 1926// 1936// 1937//
f 1926// 1937// 1927//
f 1927// 1937// 1938//
f 1927// 1938// 1922//
f 1922// 1938// 1939//
f 1922// 1939// 1640//
f 1640// 1939// 228//
f 1639// 1640// 226//
f 226// 1640// 228//
f 1637// 1638// 227//
f 227// 1638// 225//
f 1079// 1078// 1085//
f 1085// 1078// 1077//
f 1940// 1065// 1085//
f 1085// 1065// 1084//
f 1085// 1084// 1941//
f 1077// 1942// 1085//
f 1085// 1942// 1943//
f 1085// 1943// 1944//
f 1944// 1945// 1085//
f 1085// 1945// 1946//
f 1085// 1946// 1940//
f 1947// 1948// 1949//
f 1949// 1948// 1950//
f 1949// 1950// 1084//
f 1084// 1950// 1951//
f 1084// 1951// 1941//
f 1077// 1040// 1942//
f 1942// 1040// 1952//
f 1942// 1952// 1943//
f 1943// 1952// 1953//
f 1943// 1953// 1944//
f 1944// 1953// 1954//
f 1944// 1954// 1945//
f 1945// 1954// 1955//
f 1945// 1955// 1946//
f 1946// 1955// 1956//
f 1946// 1956// 1940//
f 1940// 1956// 1957//
f 1940// 1957// 1065//
f 1065// 1957// 1042//
f 1084// 1065// 1044//
f 1044// 1065// 1042//
f 1084// 1044// 1949//
f 1949// 1044// 1958//
f 1949// 1958// 1947//
f 1947// 1958// 1959//
f 1947// 1959// 1948//
f 1948// 1959// 1960//
f 1948// 1960// 1950//
f 1950// 1960// 1961//
f 1950// 1961// 1951//
f 1951// 1961// 1962//
f 1951// 1962// 1941//
f 1941// 1962// 1963//
f 1941// 1963// 1085//
f 1085// 1963// 1039//
f 1079// 1085// 1037//
f 1037// 1085// 1039//
f 1077// 1078// 1040//
f 1040// 1078// 1038//
f 1964// 1023// 1012//
f 1011// 1009// 1012//
f 1012// 1009// 1010//
f 1023// 1029// 1012//
f 1012// 1029// 1965//
f 1012// 1965// 1966//
f 1010// 1967// 1012//
f 1012// 1967// 1968//
f 1012// 1968// 1969//
f 1969// 1970// 1012//
f 1012// 1970// 1971//
f 1012// 1971// 1964//
f 1966// 1972// 1012//
f 1012// 1972// 1973//
f 1012// 1973// 1974//
f 1974// 1973// 1975//
f 1010// 1009// 972//
f 972// 1009// 955//
f 1010// 972// 1967//
f 1967// 972// 1976//
f 1967// 1976// 1968//
f 1968// 1976// 1977//
f 1968// 1977// 1969//
f 1969// 1977// 1978//
f 1969// 1978// 1970//
f 1970// 1978// 1979//
f 1970// 1979// 1971//
f 1971// 1979// 1980//
f 1971// 1980// 1964//
f 1964// 1980// 1981//
f 1964// 1981// 1023//
f 1023// 1981// 966//
f 1029// 1023// 973//
f 973// 1023// 966//
f 1029// 973// 1965//
f 1965// 973// 1982//
f 1965// 1982// 1966//
f 1966// 1982// 1983//
f 1966// 1983// 1972//
f 1972// 1983// 1984//
f 1972// 1984// 1973//
f 1973// 1984// 1985//
f 1973// 1985// 1975//
f 1975// 1985// 1986//
f 1975// 1986// 1974//
f 1974// 1986// 1987//
f 1974// 1987// 1012//
f 1012// 1987// 954//
f 1011// 1012// 953//
f 953// 1012// 954//
f 1320// 1317// 1319//
f 1319// 1317// 1318//
f 1319// 1335// 1332//
f 1319// 1988// 1989//
f 1318// 1990// 1319//
f 1319// 1990// 1991//
f 1319// 1991// 1988//
f 1989// 1992// 1319//
f 1319// 1992// 1993//
f 1319// 1993// 1335//
f 1994// 1995// 1996//
f 1996// 1995// 1997//
f 1332// 1998// 1319//
f 1319// 1998// 1995//
f 1319// 1995// 1999//
f 1999// 1995// 1994//
f 1320// 1319// 58//
f 58// 1319// 60//
f 1318// 1317// 59//
f 59// 1317// 57//
f 1318// 59// 1990//
f 1990// 59// 2000//
f 1990// 2000// 1991//
f 1991// 2000// 2001//
f 1991// 2001// 1988//
f 1988// 2001// 2002//
f 1988// 2002// 1989//
f 1989// 2002// 2003//
f 1989// 2003// 1992//
f 1992// 2003// 2004//
f 1992// 2004// 1993//
f 1993// 2004// 2005//
f 1993// 2005// 1335//
f 1335// 2005// 65//
f 1332// 1335// 62//
f 62// 1335// 65//
f 1332// 62// 1998//
f 1998// 62// 2006//
f 1998// 2006// 1995//
f 1995// 2006// 2007//
f 1995// 2007// 1997//
f 1997// 2007// 2008//
f 1997// 2008// 1996//
f 1996// 2008// 2009//
f 1996// 2009// 1994//
f 1994// 2009// 2010//
f 1994// 2010// 1999//
f 1999// 2010// 2011//
f 1999// 2011// 1319//
f 1319// 2011// 60//
f 1263// 1261// 1264//
f 1264// 1261// 1262//
f 1262// 2012// 1264//
f 1264// 2012// 2013//
f 1264// 2013// 2014//
f 2015// 1277// 1264//
f 1264// 1277// 1276//
f 1264// 1276// 2016//
f 2017// 2018// 2019//
f 2014// 2020// 1264//
f 1264// 2020// 2021//
f 1264// 2021// 2015//
f 2016// 2022// 1264//
f 1264// 2022// 2017//
f 1264// 2017// 2023//
f 2023// 2017// 2019//
f 1262// 1261// 1236//
f 1236// 1261// 1234//
f 1262// 1236// 2012//
f 2012// 1236// 2024//
f 2012// 2024// 2013//
f 2013// 2024// 2025//
f 2013// 2025// 2014//
f 2014// 2025// 2026//
f 2014// 2026// 2020//
f 2020// 2026// 2027//
f 2020// 2027// 2021//
f 2021// 2027// 2028//
f 2021// 2028// 2015//
f 2015// 2028// 2029//
f 2015// 2029// 1277//
f 1277// 2029// 1239//
f 1276// 1277// 1240//
f 1240// 1277// 1239//
f 1276// 1240// 2016//
f 2016// 1240// 2030//
f 2016// 2030// 2022//
f 2022// 2030// 2031//
f 2022// 2031// 2017//
f 2017// 2031// 2032//
f 2017// 2032// 2018//
f 2018// 2032// 2033//
f 2018// 2033// 2019//
f 2019// 2033// 2034//
f 2019// 2034// 2023//
f 2023// 2034// 2035//
f 2023// 2035// 1264//
f 1264// 2035// 1235//
f 1263// 1264// 1233//
f 1233// 1264// 1235//
f 928// 925// 927//
f 927// 925// 926//
f 2036// 941// 926//
f 926// 941// 940//
f 926// 940// 2037//
f 2037// 2038// 926//
f 926// 2038// 2039//
f 926// 2039// 2040//
f 2041// 2042// 2043//
f 2043// 2042// 2044//
f 2043// 2044// 926//
f 926// 2044// 2045//
f 926// 2045// 2036//
f 2040// 2046// 926//
f 926// 2046// 2047//
f 926// 2047// 927//
f 928// 927// 2//
f 2// 927// 4//
f 926// 925// 3//
f 3// 925// 1//
f 926// 3// 2043//
f 2043// 3// 2048//
f 2043// 2048// 2041//
f 2041// 2048// 2049//
f 2041// 2049// 2042//
f 2042// 2049// 2050//
f 2042// 2050// 2044//
f 2044// 2050// 2051//
f 2044// 2051// 2045//
f 2045// 2051// 2052//
f 2045// 2052// 2036//
f 2036// 2052// 2053//
f 2036// 2053// 941//
f 941// 2053// 6//
f 940// 941// 5//
f 5// 941// 6//
f 940// 5// 2037//
f 2037// 5// 2054//
f 2037// 2054// 2038//
f 2038// 2054// 2055//
f 2038// 2055// 2039//
f 2039// 2055// 2056//
f 2039// 2056// 2040//
f 2040// 2056// 2057//
f 2040// 2057// 2046//
f 2046// 2057// 2058//
f 2046// 2058// 2047//
f 2047// 2058// 2059//
f 2047// 2059// 927//
f 927// 2059// 4//
f 836// 826// 827//
f 827// 826// 825//
f 827// 825// 2060//
f 813// 833// 827//
f 827// 833// 2061//
f 2062// 2063// 827//
f 827// 2063// 2064//
f 827// 2064// 813//
f 2060// 2065// 827//
f 827// 2065// 2066//
f 827// 2066// 2062//
f 827// 2067// 2068//
f 2068// 2067// 2069//
f 2061// 2070// 827//
f 827// 2070// 2071//
f 827// 2071// 2067//
f 825// 787// 2060//
f 2060// 787// 2072//
f 2060// 2072// 2065//
f 2065// 2072// 2073//
f 2065// 2073// 2066//
f 2066// 2073// 2074//
f 2066// 2074// 2062//
f 2062// 2074// 2075//
f 2062// 2075// 2063//
f 2063// 2075// 2076//
f 2063// 2076// 2064//
f 2064// 2076// 2077//
f 2064// 2077// 813//
f 813// 2077// 786//
f 833// 813// 788//
f 788// 813// 786//
f 833// 788// 2061//
f 2061// 788// 2078//
f 2061// 2078// 2070//
f 2070// 2078// 2079//
f 2070// 2079// 2071//
f 2071// 2079// 2080//
f 2071// 2080// 2067//
f 2067// 2080// 2081//
f 2067// 2081// 2069//
f 2069// 2081// 2082//
f 2069// 2082// 2068//
f 2068// 2082// 2083//
f 2068// 2083// 827//
f 827// 2083// 804//
f 836// 827// 802//
f 802// 827// 804//
f 825// 826// 787//
f 787// 826// 803//
f 435// 434// 441//
f 441// 434// 433//
f 2084// 421// 441//
f 441// 421// 440//
f 441// 440// 2085//
f 433// 2086// 441//
f 441// 2086// 2087//
f 441// 2087// 2088//
f 2088// 2089// 441//
f 441// 2089// 2090//
f 441// 2090// 2084//
f 2091// 2092// 2093//
f 2093// 2092// 2094//
f 2093// 2094// 440//
f 440// 2094// 2095//
f 440// 2095// 2085//
f 433// 396// 2086//
f 2086// 396// 2096//
f 2086// 2096// 2087//
f 2087// 2096// 2097//
f 2087// 2097// 2088//
f 2088// 2097// 2098//
f 2088// 2098// 2089//
f 2089// 2098// 2099//
f 2089// 2099// 2090//
f 2090// 2099// 2100//
f 2090// 2100// 2084//
f 2084// 2100// 2101//
f 2084// 2101// 421//
f 421// 2101// 398//
f 440// 421// 400//
f 400// 421// 398//
f 440// 400// 2093//
f 2093// 400// 2102//
f 2093// 2102// 2091//
f 2091// 2102// 2103//
f 2091// 2103// 2092//
f 2092// 2103// 2104//
f 2092// 2104// 2094//
f 2094// 2104// 2105//
f 2094// 2105// 2095//
f 2095// 2105// 2106//
f 2095// 2106// 2085//
f 2085// 2106// 2107//
f 2085// 2107// 441//
f 441// 2107// 395//
f 435// 441// 393//
f 393// 441// 395//
f 433// 434// 396//
f 396// 434// 394//
f 2108// 1359// 1348//
f 1347// 1345// 1348//
f 1348// 1345// 1346//
f 1359// 1365// 1348//
f 1348// 1365// 2109//
f 1348// 2109// 2110//
f 1346// 2111// 1348//
f 1348// 2111// 2112//
f 1348// 2112// 2113//
f 2113// 2114// 1348//
f 1348// 2114// 2115//
f 1348// 2115// 2108//
f 2110// 2116// 1348//
f 1348// 2116// 2117//
f 1348// 2117// 2118//
f 2118// 2117// 2119//
f 1346// 1345// 636//
f 636// 1345// 619//
f 1346// 636// 2111//
f 2111// 636// 2120//
f 2111// 2120// 2112//
f 2112// 2120// 2121//
f 2112// 2121// 2113//
f 2113// 2121// 2122//
f 2113// 2122// 2114//
f 2114// 2122// 2123//
f 2114// 2123// 2115//
f 2115// 2123// 2124//
f 2115// 2124// 2108//
f 2108// 2124// 2125//
f 2108// 2125// 1359//
f 1359// 2125// 630//
f 1365// 1359// 637//
f 637// 1359// 630//
f 1365// 637// 2109//
f 2109// 637// 2126//
f 2109// 2126// 2110//
f 2110// 2126// 2127//
f 2110// 2127// 2116//
f 2116// 2127// 2128//
f 2116// 2128// 2117//
f 2117// 2128// 2129//
f 2117// 2129// 2119//
f 2119// 2129// 2130//
f 2119// 2130// 2118//
f 2118// 2130// 2131//
f 2118// 2131// 1348//
f 1348// 2131// 618//
f 1347// 1348// 617//
f 617// 1348// 618//
f 1179// 1180// 1192//
f 1192// 1180// 1193//
f 1177// 1178// 1180//
f 1180// 1178// 2132//
f 2132// 2133// 1180//
f 1180// 2133// 2134//
f 1180// 2134// 2135//
f 2135// 2136// 1180//
f 1180// 2136// 2137//
f 1180// 2137// 1193//
f 2138// 2139// 2140//
f 2140// 2139// 2141//
f 1192// 2142// 1179//
f 1179// 2142// 2139//
f 1179// 2139// 2143//
f 2143// 2139// 2138//
f 1180// 1179// 692//
f 692// 1179// 673//
f 1178// 1177// 693//
f 693// 1177// 691//
f 1178// 693// 2132//
f 2132// 693// 2144//
f 2132// 2144// 2133//
f 2133// 2144// 2145//
f 2133// 2145// 2134//
f 2134// 2145// 2146//
f 2134// 2146// 2135//
f 2135// 2146// 2147//
f 2135// 2147// 2136//
f 2136// 2147// 2148//
f 2136// 2148// 2137//
f 2137// 2148// 2149//
f 2137// 2149// 1193//
f 1193// 2149// 674//
f 1192// 1193// 678//
f 678// 1193// 674//
f 1192// 678// 2142//
f 2142// 678// 2150//
f 2142// 2150// 2139//
f 2139// 2150// 2151//
f 2139// 2151// 2141//
f 2141// 2151// 2152//
f 2141// 2152// 2140//
f 2140// 2152// 2153//
f 2140// 2153// 2138//
f 2138// 2153// 2154//
f 2138// 2154// 2143//
f 2143// 2154// 2155//
f 2143// 2155// 1179//
f 1179// 2155// 673//
f 1516// 1513// 1515//
f 1515// 1513// 1514//
f 1515// 1514// 2156//
f 2156// 2157// 1515//
f 1515// 2157// 2158//
f 1515// 2158// 2159//
f 1529// 1528// 1515//
f 1515// 1528// 2160//
f 1515// 2160// 2161//
f 2159// 2162// 1515//
f 1515// 2162// 2163//
f 1515// 2163// 1529//
f 2161// 2164// 1515//
f 1515// 2164// 2165//
f 1515// 2165// 2166//
f 2166// 2165// 2167//
f 1516// 1515// 338//
f 338// 1515// 340//
f 1514// 1513// 339//
f 339// 1513// 337//
f 1514// 339// 2156//
f 2156// 339// 2168//
f 2156// 2168// 2157//
f 2157// 2168// 2169//
f 2157// 2169// 2158//
f 2158// 2169// 2170//
f 2158// 2170// 2159//
f 2159// 2170// 2171//
f 2159// 2171// 2162//
f 2162// 2171// 2172//
f 2162// 2172// 2163//
f 2163// 2172// 2173//
f 2163// 2173// 1529//
f 1529// 2173// 348//
f 1528// 1529// 347//
f 347// 1529// 348//
f 1528// 347// 2160//
f 2160// 347// 2174//
f 2160// 2174// 2161//
f 2161// 2174// 2175//
f 2161// 2175// 2164//
f 2164// 2175// 2176//
f 2164// 2176// 2165//
f 2165// 2176// 2177//
f 2165// 2177// 2167//
f 2167// 2177// 2178//
f 2167// 2178// 2166//
f 2166// 2178// 2179//
f 2166// 2179// 1515//
f 1515// 2179// 340//
f 858// 854// 857//
f 857// 854// 853//
f 857// 853// 2180//
f 857// 2181// 2182//
f 857// 862// 2183//
f 2182// 2184// 857//
f 857// 2184// 841//
f 857// 841// 862//
f 2180// 2185// 857//
f 857// 2185// 2186//
f 857// 2186// 2181//
f 857// 2187// 2188//
f 2188// 2187// 2189//
f 2183// 2190// 857//
f 857// 2190// 2191//
f 857// 2191// 2187//
f 853// 505// 2180//
f 2180// 505// 2192//
f 2180// 2192// 2185//
f 2185// 2192// 2193//
f 2185// 2193// 2186//
f 2186// 2193// 2194//
f 2186// 2194// 2181//
f 2181// 2194// 2195//
f 2181// 2195// 2182//
f 2182// 2195// 2196//
f 2182// 2196// 2184//
f 2184// 2196// 2197//
f 2184// 2197// 841//
f 841// 2197// 519//
f 862// 841// 513//
f 513// 841// 519//
f 862// 513// 2183//
f 2183// 513// 2198//
f 2183// 2198// 2190//
f 2190// 2198// 2199//
f 2190// 2199// 2191//
f 2191// 2199// 2200//
f 2191// 2200// 2187//
f 2187// 2200// 2201//
f 2187// 2201// 2189//
f 2189// 2201// 2202//
f 2189// 2202// 2188//
f 2188// 2202// 2203//
f 2188// 2203// 857//
f 857// 2203// 514//
f 858// 857// 507//
f 507// 857// 514//
f 853// 854// 505//
f 505// 854// 506//
usemtl 2
f 2204// 2205// 2206//
f 2206// 2205// 2207//
f 2206// 2207// 2208//
f 2208// 2207// 2209//
f 2208// 2209// 2210//
f 2210// 2209// 2211//
f 2212// 2213// 2214//
f 2214// 2213// 2215//
f 2214// 2215// 2216//
f 2217// 2218// 2214//
f 2214// 2218// 2219//
f 2214// 2219// 2220//
f 2216// 2221// 2214//
f 2214// 2221// 2222//
f 2214// 2222// 2223//
f 2223// 2224// 2214//
f 2214// 2224// 2225//
f 2214// 2225// 2217//
f 2226// 2227// 2219//
f 2219// 2227// 2228//
f 2219// 2228// 2220//
usemtl 3
f 2229// 2230// 2231//
f 2231// 2230// 2232//
f 2231// 2232// 2233//
f 2234// 2235// 2231//
f 2231// 2235// 2236//
f 2231// 2236// 2229//
f 2237// 2238// 2231//
f 2231// 2238// 2239//
f 2231// 2239// 2234//
f 2240// 2241// 2231//
f 2231// 2241// 2242//
f 2231// 2242// 2237//
f 2243// 2244// 2231//
f 2231// 2244// 2245//
f 2231// 2245// 2240//
f 2246// 2247// 2231//
f 2231// 2247// 2248//
f 2231// 2248// 2243//
f 2249// 2250// 2231//
f 2231// 2250// 2251//
f 2231// 2251// 2246//
f 2233// 2252// 2231//
f 2231// 2252// 2253//
f 2231// 2253// 2249//
usemtl 4
f 2207// 2254// 2255//
f 2207// 2255// 2209//
f 2209// 2255// 2256//
f 2209// 2256// 2211//
f 2257// 2210// 2256//
f 2256// 2210// 2211//
f 2210// 2257// 2258//
f 2210// 2258// 2208//
f 2208// 2258// 2259//
f 2208// 2259// 2206//
f 2260// 2204// 2259//
f 2259// 2204// 2206//
f 2261// 2205// 2260//
f 2260// 2205// 2204//
f 2207// 2205// 2254//
f 2254// 2205// 2261//
f 2215// 2262// 2263//
f 2215// 2263// 2216//
f 2216// 2263// 2264//
f 2216// 2264// 2221//
f 2221// 2264// 2265//
f 2221// 2265// 2222//
f 2222// 2265// 2266//
f 2222// 2266// 2223//
f 2223// 2266// 2267//
f 2223// 2267// 2224//
f 2224// 2267// 2268//
f 2224// 2268// 2225//
f 2225// 2268// 2269//
f 2225// 2269// 2217//
f 2217// 2269// 2270//
f 2217// 2270// 2218//
f 2218// 2270// 2271//
f 2218// 2271// 2219//
f 2219// 2271// 2272//
f 2219// 2272// 2226//
f 2226// 2272// 2273//
f 2226// 2273// 2227//
f 2227// 2273// 2274//
f 2227// 2274// 2228//
f 2228// 2274// 2275//
f 2228// 2275// 2220//
f 2220// 2275// 2276//
f 2220// 2276// 2214//
f 2277// 2212// 2276//
f 2276// 2212// 2214//
f 2213// 2212// 2278//
f 2278// 2212// 2277//
f 2262// 2215// 2278//
f 2278// 2215// 2213//
usemtl 3
f 2232// 2279// 2233//
f 2233// 2279// 2280//
f 2233// 2280// 2252//
f 2252// 2280// 2281//
f 2252// 2281// 2253//
f 2253// 2281// 2282//
f 2253// 2282// 2249//
f 2249// 2282// 2283//
f 2249// 2283// 2250//
f 2250// 2283// 2284//
f 2250// 2284// 2251//
f 2251// 2284// 2285//
f 2251// 2285// 2246//
f 2246// 2285// 2286//
f 2246// 2286// 2247//
f 2247// 2286// 2287//
f 2247// 2287// 2248//
f 2248// 2287// 2288//
f 2248// 2288// 2243//
f 2243// 2288// 2289//
f 2243// 2289// 2244//
f 2244// 2289// 2290//
f 2244// 2290// 2245//
f 2245// 2290// 2291//
f 2245// 2291// 2240//
f 2240// 2291// 2292//
f 2240// 2292// 2241//
f 2241// 2292// 2293//
f 2241// 2293// 2242//
f 2242// 2293// 2294//
f 2242// 2294// 2237//
f 2237// 2294// 2295//
f 2237// 2295// 2238//
f 2238// 2295// 2296//
f 2238// 2296// 2239//
f 2239// 2296// 2297//
f 2239// 2297// 2234//
f 2234// 2297// 2298//
f 2234// 2298// 2235//
f 2235// 2298// 2299//
f 2235// 2299// 2236//
f 2236// 2299// 2300//
f 2236// 2300// 2229//
f 2229// 2300// 2301//
f 2229// 2301// 2230//
f 2230// 2301// 2302//
f 2230// 2302// 2232//
f 2232// 2302// 2279//
usemtl 4
f 2260// 2303// 2261//
f 2261// 2303// 2304//
f 2259// 2305// 2260//
f 2260// 2305// 2306//
f 2260// 2306// 2303//
f 2303// 2306// 2307//
f 2259// 2258// 2305//
f 2305// 2258// 2257//
f 2305// 2257// 2308//
f 2308// 2257// 2256//
f 2308// 2256// 2255//
f 2255// 2254// 2308//
f 2308// 2254// 2261//
f 2308// 2261// 2309//
f 2309// 2261// 2304//
f 2309// 2304// 2310//
f 2311// 2312// 2272//
f 2272// 2312// 2313//
f 2272// 2313// 2273//
f 2273// 2313// 2314//
f 2273// 2314// 2274//
f 2274// 2314// 2315//
f 2274// 2315// 2275//
f 2275// 2315// 2316//
f 2275// 2316// 2276//
f 2276// 2316// 2317//
f 2276// 2317// 2277//
f 2277// 2317// 2318//
f 2277// 2318// 2278//
f 2278// 2318// 2319//
f 2278// 2319// 2262//
f 2262// 2319// 2320//
f 2262// 2320// 2263//
f 2263// 2320// 2321//
f 2263// 2321// 2264//
f 2264// 2321// 2322//
f 2264// 2322// 2265//
f 2265// 2322// 2323//
f 2265// 2323// 2266//
f 2266// 2323// 2324//
f 2266// 2324// 2267//
f 2267// 2324// 2325//
f 2267// 2325// 2268//
f 2268// 2325// 2326//
f 2268// 2326// 2269//
f 2269// 2326// 2327//
f 2269// 2327// 2270//
f 2270// 2327// 2328//
f 2270// 2328// 2271//
f 2271// 2328// 2311//
f 2271// 2311// 2272//
f 2329// 2330// 2331//
f 2331// 2332// 2329//
f 2329// 2332// 2333//
f 2329// 2333// 2334//
f 2335// 2336// 2337//
f 2337// 2336// 2334//
f 2337// 2334// 2338//
f 2338// 2334// 2333//
f 2338// 2333// 2339//
f 2339// 2333// 2340//
f 2341// 2342// 2343//
f 2343// 2342// 2344//
f 2343// 2344// 2345//
f 2345// 2344// 2346//
f 2345// 2346// 2347//
f 2347// 2346// 2348//
f 2347// 2348// 2349//
f 2350// 2351// 2352//
f 2352// 2351// 2353//
f 2352// 2353// 2354//
f 2354// 2353// 2355//
f 2354// 2355// 2356//
f 2356// 2355// 2357//
f 2356// 2357// 2358//
f 2358// 2357// 2359//
f 2358// 2359// 2360//
f 2360// 2359// 2361//
f 2360// 2361// 2362//
f 2362// 2361// 2363//
f 2362// 2363// 2364//
f 2364// 2363// 2365//
f 2364// 2365// 2366//
f 2366// 2365// 2367//
f 2366// 2367// 2368//
f 2368// 2367// 2369//
f 2368// 2369// 2370//
f 2370// 2369// 2371//
f 2370// 2371// 2372//
f 2372// 2371// 2373//
f 2372// 2373// 2374//
f 2374// 2373// 2375//
f 2374// 2375// 2376//
f 2376// 2375// 2377//
f 2376// 2377// 2378//
f 2378// 2377// 2379//
f 2378// 2379// 2341//
f 2341// 2379// 2380//
f 2341// 2380// 2342//
f 2381// 2382// 2383//
f 2383// 2382// 2384//
f 2383// 2384// 2385//
f 2385// 2384// 2386//
usemtl 2
f 2282// 2281// 1687//
f 1687// 2281// 2280//
f 2280// 2279// 1687//
f 1687// 2279// 2302//
f 1687// 2302// 1682//
f 1682// 2302// 2301//
f 1682// 2301// 2300//
f 1695// 2290// 2289//
f 2289// 2288// 1695//
f 1695// 2288// 2287//
f 1695// 2287// 2286//
f 2297// 1700// 2298//
f 2298// 1700// 1682//
f 2298// 1682// 2299//
f 2299// 1682// 2300//
f 2297// 2296// 1700//
f 1700// 2296// 2295//
f 1700// 2295// 2294//
f 2294// 2293// 1700//
f 1700// 2293// 2292//
f 1700// 2292// 1695//
f 1695// 2292// 2291//
f 1695// 2291// 2290//
f 2286// 2285// 1695//
f 1695// 2285// 2284//
f 1695// 2284// 1687//
f 1687// 2284// 2283//
f 1687// 2283// 2282//
usemtl 4
f 2309// 2387// 2308//
f 2308// 2387// 2388//
f 2308// 2388// 2305//
f 2305// 2388// 2389//
f 2305// 2389// 2306//
f 2306// 2389// 2390//
f 2306// 2390// 2307//
f 2307// 2390// 2391//
f 2307// 2391// 2303//
f 2303// 2391// 2392//
f 2303// 2392// 2304//
f 2304// 2392// 2393//
f 2304// 2393// 2310//
f 2310// 2393// 2394//
f 2309// 2310// 2387//
f 2387// 2310// 2394//
f 2319// 2395// 2320//
f 2320// 2395// 2396//
f 2397// 2327// 2326//
f 2397// 2326// 2398//
f 2398// 2326// 2325//
f 2398// 2325// 2399//
f 2399// 2325// 2324//
f 2399// 2324// 2400//
f 2400// 2324// 2323//
f 2400// 2323// 2401//
f 2401// 2323// 2322//
f 2401// 2322// 2402//
f 2402// 2322// 2321//
f 2402// 2321// 2403//
f 2403// 2321// 2320//
f 2403// 2320// 2396//
f 2404// 2317// 2316//
f 2404// 2316// 2405//
f 2405// 2316// 2315//
f 2405// 2315// 2406//
f 2406// 2315// 2314//
f 2406// 2314// 2407//
f 2407// 2314// 2313//
f 2407// 2313// 2408//
f 2408// 2313// 2312//
f 2408// 2312// 2409//
f 2409// 2312// 2311//
f 2409// 2311// 2410//
f 2410// 2311// 2328//
f 2410// 2328// 2411//
f 2411// 2328// 2327//
f 2411// 2327// 2397//
f 2317// 2404// 2318//
f 2318// 2404// 2412//
f 2319// 2318// 2395//
f 2395// 2318// 2412//
f 2330// 2413// 2331//
f 2331// 2413// 2414//
f 2331// 2414// 2332//
f 2332// 2414// 2415//
f 2332// 2415// 2333//
f 2333// 2415// 2416//
f 2333// 2416// 2340//
f 2340// 2416// 2417//
f 2340// 2417// 2339//
f 2339// 2417// 2418//
f 2339// 2418// 2338//
f 2338// 2418// 2419//
f 2338// 2419// 2337//
f 2337// 2419// 2420//
f 2337// 2420// 2335//
f 2335// 2420// 2421//
f 2335// 2421// 2336//
f 2336// 2421// 2422//
f 2336// 2422// 2334//
f 2334// 2422// 2423//
f 2334// 2423// 2329//
f 2329// 2423// 2424//
f 2330// 2329// 2413//
f 2413// 2329// 2424//
f 2348// 2425// 2349//
f 2349// 2425// 2426//
f 2427// 2343// 2345//
f 2427// 2345// 2428//
f 2428// 2345// 2347//
f 2428// 2347// 2429//
f 2429// 2347// 2349//
f 2429// 2349// 2426//
f 2430// 2368// 2370//
f 2430// 2370// 2431//
f 2431// 2370// 2372//
f 2431// 2372// 2432//
f 2432// 2372// 2374//
f 2432// 2374// 2433//
f 2433// 2374// 2376//
f 2433// 2376// 2434//
f 2434// 2376// 2378//
f 2434// 2378// 2435//
f 2435// 2378// 2341//
f 2435// 2341// 2436//
f 2436// 2341// 2343//
f 2436// 2343// 2427//
f 2437// 2354// 2356//
f 2437// 2356// 2438//
f 2438// 2356// 2358//
f 2438// 2358// 2439//
f 2439// 2358// 2360//
f 2439// 2360// 2440//
f 2440// 2360// 2362//
f 2440// 2362// 2441//
f 2441// 2362// 2364//
f 2441// 2364// 2442//
f 2442// 2364// 2366//
f 2442// 2366// 2443//
f 2443// 2366// 2368//
f 2443// 2368// 2430//
f 2444// 2350// 2352//
f 2444// 2352// 2445//
f 2445// 2352// 2354//
f 2445// 2354// 2437//
f 2350// 2444// 2351//
f 2351// 2444// 2446//
f 2447// 2355// 2353//
f 2447// 2353// 2448//
f 2448// 2353// 2351//
f 2448// 2351// 2446//
f 2449// 2369// 2367//
f 2449// 2367// 2450//
f 2450// 2367// 2365//
f 2450// 2365// 2451//
f 2451// 2365// 2363//
f 2451// 2363// 2452//
f 2452// 2363// 2361//
f 2452// 2361// 2453//
f 2453// 2361// 2359//
f 2453// 2359// 2454//
f 2454// 2359// 2357//
f 2454// 2357// 2455//
f 2455// 2357// 2355//
f 2455// 2355// 2447//
f 2456// 2342// 2457//
f 2457// 2342// 2380//
f 2457// 2380// 2458//
f 2458// 2380// 2379//
f 2458// 2379// 2459//
f 2459// 2379// 2377//
f 2459// 2377// 2460//
f 2460// 2377// 2375//
f 2460// 2375// 2461//
f 2461// 2375// 2373//
f 2461// 2373// 2462//
f 2462// 2373// 2371//
f 2462// 2371// 2463//
f 2463// 2371// 2369//
f 2463// 2369// 2449//
f 2464// 2425// 2346//
f 2346// 2425// 2348//
f 2464// 2346// 2465//
f 2465// 2346// 2344//
f 2465// 2344// 2466//
f 2466// 2344// 2342//
f 2466// 2342// 2456//
f 2386// 2467// 2385//
f 2385// 2467// 2468//
f 2385// 2468// 2383//
f 2383// 2468// 2469//
f 2383// 2469// 2381//
f 2381// 2469// 2470//
f 2381// 2470// 2382//
f 2382// 2470// 2471//
f 2382// 2471// 2384//
f 2384// 2471// 2472//
f 2386// 2384// 2467//
f 2467// 2384// 2472//
usemtl 1
f 1720// 1716// 1721//
f 1721// 1716// 1717//
f 1703// 1705// 1702//
f 1702// 1705// 1701//
f 1707// 1706// 1714//
f 1714// 1706// 1713//
f 1683// 1685// 1681//
f 1681// 1685// 1686//
usemtl 2
f 2437// 2438// 2429//
f 2414// 2413// 2473//
f 2422// 2421// 2473//
f 2424// 2423// 2426//
f 2426// 2425// 2424//
f 2424// 2425// 2464//
f 2424// 2464// 2465//
f 2437// 2429// 2445//
f 2445// 2429// 2426//
f 2445// 2426// 2444//
f 2444// 2426// 2423//
f 2444// 2423// 2446//
f 2417// 2416// 2415//
f 2469// 2468// 2470//
f 2470// 2468// 1715//
f 2415// 2414// 2417//
f 2417// 2414// 2473//
f 2417// 2473// 2418//
f 2418// 2473// 2421//
f 2418// 2421// 2419//
f 2419// 2421// 2420//
f 2438// 2439// 2429//
f 2429// 2439// 2440//
f 2429// 2440// 2441//
f 2430// 2431// 2429//
f 2429// 2431// 2432//
f 2436// 2427// 2435//
f 2435// 2427// 2434//
f 2432// 2433// 2429//
f 2429// 2433// 2434//
f 2429// 2434// 2428//
f 2428// 2434// 2427//
f 2147// 2146// 2472//
f 2472// 2146// 2145//
f 2472// 2145// 2144//
f 2147// 2472// 2148//
f 2148// 2472// 2471//
f 2148// 2471// 2149//
f 2179// 2178// 174//
f 2441// 2442// 2429//
f 2429// 2442// 2443//
f 2429// 2443// 2430//
f 1715// 172// 173//
f 173// 1885// 1715//
f 1715// 1885// 1884//
f 1715// 1884// 2470//
f 2470// 1884// 1883//
f 2470// 1883// 1882//
f 1882// 1881// 2470//
f 2470// 1881// 1880//
f 2470// 1880// 2471//
f 2153// 2152// 2000//
f 1747// 1887// 115//
f 115// 1887// 113//
f 2459// 2467// 2458//
f 2458// 2467// 2457//
f 1745// 1744// 1889//
f 2179// 174// 340//
f 340// 174// 1691//
f 340// 1691// 338//
f 2459// 2460// 2467//
f 2467// 2460// 2461//
f 2467// 2461// 2468//
f 2468// 2461// 2462//
f 2468// 2462// 2463//
f 1864// 1738// 1865//
f 1865// 1738// 1866//
f 1862// 1891// 1863//
f 1863// 1891// 1864//
f 1861// 1860// 2008//
f 2153// 2000// 2154//
f 2152// 2151// 1891//
f 1891// 2151// 2150//
f 1891// 2150// 678//
f 1747// 1746// 1887//
f 1887// 1746// 1745//
f 1887// 1745// 1888//
f 1888// 1745// 1889//
f 1791// 2472// 1792//
f 1792// 2472// 1793//
f 2144// 693// 2472//
f 2472// 693// 691//
f 2472// 691// 1793//
f 1793// 691// 1794//
f 1744// 1743// 1889//
f 1889// 1743// 1742//
f 1889// 1742// 1890//
f 1890// 1742// 129//
f 129// 120// 1890//
f 1890// 120// 1741//
f 1890// 1741// 1891//
f 1891// 1741// 1740//
f 1891// 1740// 1864//
f 1864// 1740// 1739//
f 1864// 1739// 1738//
f 1862// 291// 1891//
f 1891// 291// 300//
f 1891// 300// 1861//
f 2152// 2004// 2003//
f 1880// 178// 2471//
f 2471// 178// 179//
f 2471// 179// 2149//
f 2149// 179// 1891//
f 2149// 1891// 674//
f 674// 1891// 678//
f 2175// 2174// 1887//
f 1887// 2174// 347//
f 337// 113// 339//
f 339// 113// 2168//
f 450// 452// 691//
f 691// 452// 1795//
f 691// 1795// 1794//
f 1860// 1859// 2008//
f 2008// 1859// 1858//
f 2008// 1858// 2009//
f 2009// 1858// 1857//
f 2009// 1857// 1856//
f 2178// 2177// 174//
f 174// 2177// 2176//
f 174// 2176// 171//
f 171// 2176// 2175//
f 171// 2175// 1886//
f 1886// 2175// 1887//
f 347// 348// 1887//
f 1887// 348// 2173//
f 1887// 2173// 2172//
f 2172// 2171// 1887//
f 1887// 2171// 2170//
f 1887// 2170// 113//
f 113// 2170// 2169//
f 113// 2169// 2168//
f 1715// 2452// 2453//
f 116// 114// 282//
f 1861// 2008// 1891//
f 1891// 2008// 2007//
f 1891// 2007// 2006//
f 2003// 2002// 2152//
f 2152// 2002// 2001//
f 2152// 2001// 2000//
f 2463// 2449// 2468//
f 2468// 2449// 2450//
f 2468// 2450// 1715//
f 1715// 2450// 2451//
f 1715// 2451// 2452//
f 2453// 2454// 1715//
f 1715// 2454// 2455//
f 1715// 2455// 2447//
f 1791// 1790// 2472//
f 2472// 1790// 459//
f 2472// 459// 468//
f 1738// 1737// 1866//
f 1866// 1737// 1736//
f 1866// 1736// 1867//
f 1867// 1736// 116//
f 1867// 116// 284//
f 284// 116// 282//
f 283// 281// 58//
f 57// 692// 59//
f 59// 692// 673//
f 59// 673// 2000//
f 2000// 673// 2155//
f 2000// 2155// 2154//
f 468// 1789// 2472//
f 2472// 1789// 1788//
f 2472// 1788// 1787//
f 58// 60// 283//
f 283// 60// 2011//
f 283// 2011// 1856//
f 1856// 2011// 2010//
f 1856// 2010// 2009//
f 2006// 62// 1891//
f 1891// 62// 65//
f 1891// 65// 2152//
f 2152// 65// 2005//
f 2152// 2005// 2004//
f 1787// 1786// 2472//
f 2472// 1786// 1785//
f 2472// 1785// 1784//
f 2472// 1914// 1913//
f 1915// 449// 731//
f 731// 449// 730//
f 1784// 451// 2472//
f 2472// 451// 449//
f 2472// 449// 1914//
f 1914// 449// 1915//
f 1913// 1912// 2472//
f 2472// 1912// 1911//
f 2472// 1911// 1910//
f 1910// 732// 2472//
f 2472// 732// 733//
f 2472// 733// 1909//
f 1909// 1908// 2472//
f 2472// 1908// 1907//
f 2472// 1907// 1906//
f 1906// 1905// 2472//
f 2472// 1905// 1904//
f 2472// 1904// 2474//
f 2474// 1904// 740//
f 2474// 740// 729//
f 2128// 2058// 2057//
f 2051// 2050// 617//
f 4// 2059// 2457//
f 2054// 2130// 2055//
f 2055// 2130// 2056//
f 2125// 2124// 2457//
f 2457// 2124// 2123//
f 2457// 2123// 2122//
f 2473// 2121// 2120//
f 2056// 2130// 2057//
f 2057// 2130// 2129//
f 2057// 2129// 2128//
f 2051// 617// 2052//
f 2050// 2049// 617//
f 617// 2049// 2048//
f 617// 2048// 1684//
f 1684// 2048// 3//
f 1684// 3// 1//
f 2467// 2472// 2457//
f 2457// 2472// 2474//
f 2457// 2474// 4//
f 4// 2474// 2//
f 617// 618// 2052//
f 2052// 618// 2131//
f 2052// 2131// 2053//
f 2053// 2131// 2130//
f 2128// 2127// 2058//
f 2058// 2127// 2126//
f 2058// 2126// 2059//
f 2059// 2126// 637//
f 2059// 637// 2457//
f 2457// 637// 630//
f 2457// 630// 2125//
f 2473// 2120// 1712//
f 1712// 2120// 636//
f 1712// 636// 619//
f 2054// 5// 2130//
f 2130// 5// 6//
f 2130// 6// 2053//
f 2413// 2424// 2473//
f 2473// 2424// 2465//
f 2473// 2465// 2121//
f 2121// 2465// 2466//
f 2121// 2466// 2122//
f 2122// 2466// 2456//
f 2122// 2456// 2457//
f 2396// 2395// 2473//
f 2390// 2399// 2400//
f 1819// 1818// 2412//
f 2473// 2387// 2394//
f 2400// 2401// 2390//
f 2390// 2401// 2402//
f 2390// 2402// 2403//
f 2405// 2406// 2389//
f 2389// 2406// 2407//
f 2405// 2389// 2404//
f 2404// 2389// 1402//
f 2404// 1402// 2412//
f 2412// 1402// 1401//
f 2412// 1401// 1819//
f 2403// 2396// 2390//
f 2390// 2396// 2473//
f 2390// 2473// 2391//
f 2391// 2473// 2394//
f 2391// 2394// 2392//
f 2392// 2394// 2393//
f 1818// 1817// 2412//
f 2412// 1817// 1816//
f 2412// 1816// 1815//
f 2407// 2408// 2389//
f 2389// 2408// 2409//
f 2389// 2409// 2410//
f 2410// 2411// 2389//
f 2389// 2411// 2397//
f 2389// 2397// 2390//
f 2390// 2397// 2398//
f 2390// 2398// 2399//
f 1815// 1814// 2412//
f 2412// 1814// 1408//
f 2412// 1408// 1407//
f 1407// 1813// 2412//
f 2412// 1813// 1812//
f 2412// 1812// 1811//
f 1406// 1403// 226//
f 226// 228// 2412//
f 2412// 228// 1939//
f 1811// 1810// 2412//
f 2412// 1810// 1809//
f 2412// 1809// 226//
f 226// 1809// 1808//
f 226// 1808// 1406//
f 1939// 1938// 2412//
f 2412// 1938// 1937//
f 2412// 1937// 1936//
f 1936// 1935// 2412//
f 2412// 1935// 1934//
f 2412// 1934// 232//
f 232// 233// 2412//
f 2412// 233// 1933//
f 2412// 1933// 1932//
f 1932// 1931// 2412//
f 2412// 1931// 1930//
f 2412// 1930// 802//
f 802// 1930// 1929//
f 802// 804// 2412//
f 2412// 804// 2083//
f 2412// 2083// 2082//
f 1929// 1928// 802//
f 802// 1928// 227//
f 802// 227// 225//
f 2082// 2081// 2412//
f 2412// 2081// 2080//
f 2412// 2080// 2079//
f 2079// 2078// 2412//
f 2412// 2078// 788//
f 2412// 788// 786//
f 514// 2203// 2412//
f 2412// 2203// 2202//
f 2074// 2073// 514//
f 803// 507// 787//
f 787// 507// 514//
f 787// 514// 2072//
f 2072// 514// 2073//
f 2202// 2201// 2412//
f 2412// 2201// 2200//
f 2412// 2200// 2199//
f 786// 2077// 2412//
f 2412// 2077// 2076//
f 2412// 2076// 514//
f 514// 2076// 2075//
f 514// 2075// 2074//
f 2199// 2198// 2412//
f 2412// 2198// 513//
f 2412// 513// 519//
f 872// 1843// 2412//
f 2412// 1843// 1842//
f 2194// 2193// 872//
f 519// 2197// 2412//
f 2412// 2197// 2196//
f 2412// 2196// 872//
f 872// 2196// 2195//
f 872// 2195// 2194//
f 1842// 1841// 2412//
f 2412// 1841// 1840//
f 2412// 1840// 1839//
f 506// 870// 505//
f 505// 870// 872//
f 505// 872// 2192//
f 2192// 872// 2193//
f 1839// 1838// 2412//
f 2412// 1838// 876//
f 2412// 876// 877//
f 1039// 1963// 2412//
f 2412// 1963// 1962//
f 2412// 1962// 1961//
f 877// 1837// 2412//
f 2412// 1837// 1836//
f 2412// 1836// 1039//
f 1836// 1835// 1039//
f 1039// 1835// 1834//
f 1039// 1834// 1833//
f 869// 1037// 871//
f 871// 1037// 1039//
f 871// 1039// 1832//
f 1832// 1039// 1833//
f 1961// 1960// 2412//
f 2412// 1960// 1959//
f 2412// 1959// 1958//
f 2107// 2106// 2412//
f 2412// 2106// 2105//
f 1958// 1044// 2412//
f 2412// 1044// 1042//
f 2412// 1042// 1957//
f 1957// 1956// 2412//
f 2412// 1956// 395//
f 2412// 395// 2107//
f 1956// 1955// 395//
f 395// 1955// 1954//
f 395// 1954// 1953//
f 1038// 393// 1040//
f 1040// 393// 395//
f 1040// 395// 1952//
f 1952// 395// 1953//
f 2105// 2104// 2412//
f 2412// 2104// 2103//
f 2412// 2103// 2102//
f 568// 561// 1715//
f 1764// 1763// 2412//
f 2102// 400// 2412//
f 2412// 400// 398//
f 2412// 398// 2101//
f 2101// 2100// 1771//
f 562// 2099// 2098//
f 2099// 562// 2100//
f 2100// 562// 563//
f 2100// 563// 1771//
f 1763// 1762// 2412//
f 2412// 1762// 1761//
f 2412// 1761// 1715//
f 1715// 1761// 1760//
f 1715// 1760// 568//
f 1769// 1768// 2412//
f 1768// 1767// 2412//
f 2412// 1767// 1766//
f 2412// 1766// 570//
f 570// 571// 2412//
f 2412// 571// 1765//
f 2412// 1765// 1764//
f 2395// 2412// 2473//
f 2473// 2412// 1715//
f 2473// 1715// 2422//
f 2422// 1715// 2447//
f 2422// 2447// 2423//
f 2423// 2447// 2448//
f 2423// 2448// 2446//
f 2098// 2097// 562//
f 562// 2097// 2096//
f 562// 2096// 1697//
f 1697// 2096// 396//
f 1697// 396// 394//
f 2101// 1771// 2412//
f 2412// 1771// 1770//
f 2412// 1770// 1769//
f 1987// 1986// 2473//
f 2473// 1986// 1985//
f 1985// 1984// 2473//
f 2473// 1984// 1983//
f 2473// 1983// 1982//
f 1987// 2473// 954//
f 954// 2473// 1712//
f 954// 1712// 953//
f 1236// 1234// 1693//
f 2389// 2388// 1402//
f 1402// 2388// 2387//
f 1402// 2387// 1693//
f 1693// 2387// 2473//
f 1693// 2473// 1236//
f 1236// 2473// 2024//
f 1982// 973// 2473//
f 2473// 973// 966//
f 2473// 966// 2024//
f 2024// 966// 1981//
f 2024// 1981// 2025//
f 1981// 1980// 2025//
f 2025// 1980// 1979//
f 2025// 1979// 2026//
f 2026// 1979// 1978//
f 2026// 1978// 2027//
f 2027// 1978// 1977//
f 2027// 1977// 2028//
f 955// 2035// 2034//
f 2035// 955// 1235//
f 1235// 955// 1704//
f 1235// 1704// 1233//
f 2034// 2033// 955//
f 955// 2033// 2032//
f 955// 2032// 972//
f 972// 2032// 2031//
f 972// 2031// 1976//
f 1240// 1239// 1977//
f 1977// 1239// 2029//
f 1977// 2029// 2028//
f 1976// 2031// 1977//
f 1977// 2031// 2030//
f 1977// 2030// 1240//
usemtl 1
f 2475// 2476// 2477//
f 2477// 2476// 2478//
f 2479// 2475// 2480//
f 2480// 2475// 2477//
f 2481// 2479// 2482//
f 2482// 2479// 2480//
f 2483// 2481// 2484//
f 2484// 2481// 2482//
f 2476// 2483// 2478//
f 2478// 2483// 2484//
f 2475// 2479// 2476//
f 2476// 2479// 2481//
f 2476// 2481// 2483//
f 2480// 2477// 2482//
f 2482// 2477// 2478//
f 2482// 2478// 2484//
