v -3.5 -2.7 5.0
v -3.5 2.094226 8.6
v -3.5 -2.7 0.0
newmtl 1
Ka 0.39215686274509803 0.7058823529411765 0.39215686274509803
Kd 0.27450980392156865 0.49411764705882355 0.27450980392156865
Ks 0.0196078431372549 0.03529411764705882 0.0196078431372549
d 0.0
endmtl
v -3.5 3.7 3.0
v -3.5 3.7 0.0
v -3.5 -3.469325 0.0
v -3.5 -3.7 0.0
v -3.5 -3.7 5.0
v -3.5 -3.45 5.433013
v -3.5 -3.2 5.0
v -3.5 -3.553554 5.353553
v -3.5 -3.2 0.0
v -3.5 -3.458989 0.0
v -3.5 -2.269357 8.6
v -3.5 -3.1 5.5
v -3.5 -3.2 5.5
v -3.5 -3.32941 5.482963
v -3.5 -3.633013 5.25
v -3.5 -3.682963 5.129409
v -0.764098 -0.337566 8.3224
v -2.735902 -0.337566 8.3224
v -2.70081 -0.448764 8.3224
newmtl 2
Ka 0.6470588235294118 0.6196078431372549 0.5882352941176471
Kd 0.6470588235294118 0.6196078431372549 0.5882352941176471
Ks 0.45098039215686275 0.43529411764705883 0.4117647058823529
d 0.0
endmtl
v -2.522581 -0.749097 8.3224
v -1.924618 -1.08957 8.3224
v -1.75 -1.104671 8.3224
v -1.40595 -1.044714 8.3224
v -1.246734 -0.971436 8.3224
v -1.102463 -0.871912 8.3224
v -0.97742 -0.749097 8.3224
v -0.875318 -0.606637 8.3224
v -0.79919 -0.448764 8.3224
v -2.397537 -0.871912 8.3224
v -2.253266 -0.971436 8.3224
v -2.09405 -1.044714 8.3224
v -2.624682 -0.606637 8.3224
v -1.575382 -1.08957 8.3224
v -2.880425 -0.535028 8.122399
v -2.796676 -0.708706 8.122399
v -2.790816 -0.705228 8.174163
v -2.525739 -1.025287 8.122399
v -2.524867 -1.026143 8.122399
v -2.520528 -1.020888 8.174163
v -2.266344 -1.184764 8.122399
v -2.161703 -1.232925 8.122399
v -2.159398 -1.226511 8.174163
v -1.977674 -1.281644 8.122399
v -1.958954 -1.2866 8.122399
v -1.957784 -1.279887 8.174163
v -1.673939 -1.298093 8.122399
v -1.541046 -1.2866 8.122399
v -1.542216 -1.279887 8.174163
v -1.099903 -1.112214 8.122399
v -0.975133 -1.026143 8.122399
v -0.979472 -1.020888 8.174163
v -2.864624 -0.337566 8.278356
v -2.880203 -0.337566 8.262848
v -2.833013 -0.498986 8.263821
v -0.738958 -0.337566 8.320908
v -0.7508 -0.467147 8.315584
v -0.66178 -0.337566 8.294821
v -0.670371 -0.337566 8.300451
v -0.705708 -0.484277 8.295605
v -0.690789 -0.337566 8.309294
v -0.71116 -0.337566 8.314205
v -0.629971 -0.337566 8.273971
v -0.666987 -0.498986 8.263821
v -0.618957 -0.337566 8.263632
v -0.613748 -0.337566 8.258742
v -0.637275 -0.510274 8.222401
v -0.58542 -0.337566 8.221
v -0.575637 -0.337566 8.201778
v -0.618597 -0.517369 8.174163
v -0.567046 -0.337566 8.173801
v -0.574031 -0.389399 8.122399
v -0.558847 -0.337566 8.122399
v -0.55938 -0.337566 8.136836
v -0.561987 -0.337566 8.157323
v -0.612226 -0.519789 8.122399
v -0.68596 -0.672697 8.122399
v -2.941153 -0.337566 8.122399
v -2.887774 -0.519789 8.122399
v -2.939531 -0.337566 8.147552
v -2.881403 -0.517369 8.174163
v -2.910265 -0.337566 8.228099
v -2.913143 -0.337566 8.222116
v -2.862725 -0.510274 8.222401
v -2.93061 -0.337566 8.185804
v -2.933367 -0.337566 8.173981
v -2.898552 -0.337566 8.244582
v -2.848945 -0.337566 8.289487
v -2.794292 -0.484277 8.295605
v -2.838272 -0.337566 8.294658
v -2.804795 -0.337566 8.310875
v -2.7492 -0.467147 8.315584
v -2.789187 -0.337566 8.315482
v -2.786515 -0.337566 8.316271
v -0.9381 -0.782764 8.315584
v -1.069507 -0.91183 8.315584
v -0.901461 -0.814137 8.295605
v -1.038798 -0.949027 8.295605
v -0.869998 -0.841078 8.263821
v -1.012427 -0.98097 8.263821
v -0.845855 -0.86175 8.222401
v -0.992192 -1.00548 8.222401
v -0.830679 -0.874745 8.174163
v -1.38844 -1.093427 8.315584
v -1.566496 -1.140565 8.315584
v -1.372124 -1.138819 8.295605
v -1.558214 -1.188085 8.295605
v -1.358112 -1.177799 8.263821
v -1.551103 -1.228891 8.263821
v -1.347361 -1.207709 8.222401
v -1.545646 -1.260203 8.222401
v -1.340602 -1.226511 8.174163
v -2.5619 -0.782764 8.315584
v -2.669197 -0.633055 8.315584
v -2.598539 -0.814137 8.295605
v -2.710679 -0.657671 8.295605
v -2.630002 -0.841078 8.263821
v -2.7463 -0.678811 8.263821
v -2.654145 -0.86175 8.222401
v -2.773633 -0.695031 8.222401
v -2.669321 -0.874745 8.174163
v -0.703324 -0.708706 8.122399
v -0.709184 -0.705228 8.174163
v -0.726367 -0.695031 8.222401
v -0.7537 -0.678811 8.263821
v -0.789321 -0.657671 8.295605
v -0.830803 -0.633055 8.315584
v -0.825502 -0.879178 8.122399
v -0.865244 -0.918211 8.122399
v -1.147774 -1.145237 8.122399
v -1.151146 -1.139315 8.174163
v -1.161032 -1.121953 8.222401
v -1.176759 -1.094332 8.263821
v -1.197254 -1.058337 8.295605
v -1.221121 -1.016419 8.315584
v -1.338297 -1.232925 8.122399
v -1.374575 -1.242529 8.122399
v -1.75 -1.304671 8.122399
v -1.75 -1.297856 8.174163
v -1.75 -1.277876 8.222401
v -1.75 -1.246093 8.263821
v -1.75 -1.204671 8.295605
v -1.75 -1.156435 8.315584
v -1.933504 -1.140565 8.315584
v -1.941786 -1.188085 8.295605
v -1.948897 -1.228891 8.263821
v -1.954354 -1.260203 8.222401
v -2.152639 -1.207709 8.222401
v -2.141888 -1.177799 8.263821
v -2.127876 -1.138819 8.295605
v -2.11156 -1.093427 8.315584
v -2.352226 -1.145237 8.122399
v -2.348854 -1.139315 8.174163
v -2.338968 -1.121953 8.222401
v -2.323241 -1.094332 8.263821
v -2.302746 -1.058337 8.295605
v -2.278879 -1.016419 8.315584
v -2.430493 -0.91183 8.315584
v -2.461202 -0.949027 8.295605
v -2.487573 -0.98097 8.263821
v -2.507808 -1.00548 8.222401
v -2.674498 -0.879178 8.122399
v -2.731001 -0.800341 8.122399
v -2.311956 -2.988707 0.0
v -3.8 -2.988707 0.0
v -3.8 -2.90031 0.0
v -0.868723 -3.469325 0.0
v -1.120382 -3.469325 0.0
v -1.120382 -3.458989 0.0
v 2.631277 -3.469325 0.0
v 2.379618 -3.469325 0.0
v 2.379618 -3.458989 0.0
v -1.617812 -3.468559 0.0
v -1.617692 -3.469325 0.0
v -2.311956 -3.469325 0.0
v -1.608075 -3.458989 0.0
v -1.429688 -3.458989 0.0
v -1.427136 -3.469325 0.0
v 1.891925 -3.458989 0.0
v 2.070312 -3.458989 0.0
v 2.072865 -3.469325 0.0
v 3.5 3.7 0.0
v 3.5 -2.7 0.0
v 3.2 -2.7 0.0
v 3.0 -2.824911 0.0
v 3.0 2.925001 0.0
v 2.887595 3.7 0.0
v 2.887595 2.925001 0.0
v 2.631277 3.7 0.0
v 2.631277 2.925001 0.0
v 2.379618 3.7 0.0
v 2.379618 2.925001 0.0
v 2.111879 3.7 0.0
v 2.111879 2.925001 0.0
v 1.188044 3.7 0.0
v 1.188044 2.925001 0.0
v 0.037748 3.7 0.0
v 0.5 2.925001 0.0
v 0.037748 -2.90031 0.0
v 0.5 -2.824911 0.0
v 1.188044 -2.90031 0.0
v 1.188044 -2.824911 0.0
v 2.111879 -2.90031 0.0
v 2.111879 -2.824911 0.0
v 2.379618 -2.90031 0.0
v 2.379618 -2.824911 0.0
v 2.631277 -2.90031 0.0
v 2.631277 -2.824911 0.0
v 2.887595 -2.90031 0.0
v 2.887595 -2.824911 0.0
v 3.2 -2.90031 0.0
v 1.937204 -3.267739 0.0
v 2.03501 -3.291392 0.0
v 1.894801 -3.442467 0.0
v 2.058023 -3.398572 0.0
v 2.06889 -3.453228 0.0
v 1.883612 -3.475023 0.0
v 1.884001 -3.475561 0.0
v 1.188044 -3.7 0.0
v 2.111879 -3.469325 0.0
v 2.080799 -3.475195 0.0
v 2.081261 -3.473494 0.0
v 1.883261 -3.474232 0.0
v 2.079206 -3.477329 0.0
v 2.079574 -3.477071 0.0
v 2.080063 -3.47652 0.0
v 1.884445 -3.47594 0.0
v 1.885006 -3.476225 0.0
v 2.111879 -3.7 0.0
v 1.885532 -3.476348 0.0
v 1.886086 -3.476341 0.0
v 1.88857 -3.474494 0.0
v 1.889342 -3.472766 0.0
v 1.886651 -3.476204 0.0
v 1.887258 -3.475908 0.0
v 1.887877 -3.475404 0.0
v 2.077233 -3.477179 0.0
v 2.077896 -3.477426 0.0
v 2.078429 -3.477499 0.0
v 2.078882 -3.477452 0.0
v 1.889793 -3.471234 0.0
v 1.890126 -3.469325 0.0
v 1.882308 -3.469325 0.0
v 1.88261 -3.471251 0.0
v 1.882953 -3.473094 0.0
v 2.074143 -3.473028 0.0
v 2.074981 -3.474751 0.0
v 2.075757 -3.475919 0.0
v 2.076516 -3.476703 0.0
v 2.073152 -3.470488 0.0
v 1.881909 -3.464735 0.0
v 1.882188 -3.468559 0.0
v 1.188044 -3.469325 0.0
v 1.876711 -3.399443 0.0
v 1.876366 -3.400523 0.0
v 1.188044 -3.458989 0.0
v 1.87627 -3.402159 0.0
v 1.876885 -3.409472 0.0
v 1.877085 -3.412436 0.0
v 1.877541 -3.4202 0.0
v 1.880418 -3.452482 0.0
v 1.88121 -3.458989 0.0
v 1.979715 -2.98583 0.0
v 1.979064 -2.988707 0.0
v 1.188044 -2.988707 0.0
v 1.90993 -3.294268 0.0
v 1.9013 -3.330279 0.0
v 1.897478 -3.347295 0.0
v 1.89267 -3.364053 0.0
v 1.887662 -3.37769 0.0
v 1.883045 -3.390599 0.0
v 1.880005 -3.395125 0.0
v 1.877473 -3.398171 0.0
v 2.083273 -3.456105 0.0
v 2.086789 -3.425953 0.0
v 2.111879 -3.458989 0.0
v 2.081036 -3.392073 0.0
v 2.071632 -3.360669 0.0
v 2.084658 -3.398572 0.0
v 2.085951 -3.401049 0.0
v 2.063776 -3.328788 0.0
v 2.111879 -2.988707 0.0
v 2.087465 -3.405419 0.0
v 2.087764 -3.411986 0.0
v 2.081805 -3.469325 0.0
v 2.082254 -3.465869 0.0
v 2.082972 -3.458989 0.0
v 2.213593 -3.003033 0.0
v 2.196893 -3.007222 0.0
v 2.184412 -3.0137 0.0
v 2.352697 -3.024607 0.0
v 2.353296 -3.022467 0.0
v 2.379618 -2.988707 0.0
v 2.173543 -3.023031 0.0
v 2.162155 -3.03858 0.0
v 2.151643 -3.06394 0.0
v 2.235947 -3.001598 0.0
v 2.251891 -3.002908 0.0
v 2.157024 -3.382859 0.0
v 2.171655 -3.409176 0.0
v 2.352076 -3.425201 0.0
v 2.352726 -3.426755 0.0
v 2.352827 -3.427424 0.0
v 2.352763 -3.428075 0.0
v 2.351554 -3.026618 0.0
v 2.351411 -3.424214 0.0
v 2.351766 -3.424652 0.0
v 2.353351 -3.020528 0.0
v 2.352918 -3.018533 0.0
v 2.352315 -3.017282 0.0
v 2.35103 -3.423931 0.0
v 2.350428 -3.423681 0.0
v 2.324377 -3.046878 0.0
v 2.350232 -3.42363 0.0
v 2.348746 -3.423468 0.0
v 2.345898 -3.423716 0.0
v 2.335883 -3.423716 0.0
v 2.324377 -3.423716 0.0
v 2.183889 -3.423983 0.0
v 2.196105 -3.433533 0.0
v 2.205076 -3.437981 0.0
v 2.351153 -3.431088 0.0
v 2.351997 -3.429836 0.0
v 2.352512 -3.428855 0.0
v 2.139962 -3.13773 0.0
v 2.135905 -3.250479 0.0
v 2.143528 -3.336741 0.0
v 2.309994 -3.015235 0.0
v 2.294865 -3.01385 0.0
v 2.26759 -3.005966 0.0
v 2.224303 -3.442888 0.0
v 2.263968 -3.448221 0.0
v 2.29561 -3.451843 0.0
v 2.333752 -3.041871 0.0
v 2.346644 -3.03111 0.0
v 2.349696 -3.028678 0.0
v 2.351328 -3.016126 0.0
v 2.350266 -3.015235 0.0
v 2.337268 -3.017473 0.0
v 2.329191 -3.044607 0.0
v 2.322246 -3.017473 0.0
v 2.316122 -3.016347 0.0
v 2.33288 -3.450696 0.0
v 2.339506 -3.443852 0.0
v 2.348135 -3.434583 0.0
v 2.349925 -3.432623 0.0
v 2.319515 -3.461041 0.0
v 2.317878 -3.461112 0.0
v 2.31726 -3.460908 0.0
v 2.307358 -3.454988 0.0
v 2.314 -3.458989 0.0
v 2.314916 -3.459541 0.0
v 2.320474 -3.460732 0.0
v 2.322897 -3.45922 0.0
v 2.323167 -3.458989 0.0
v 2.687344 -3.425662 0.0
v 2.699673 -3.440488 0.0
v 2.631277 -3.458989 0.0
v 2.631277 -2.988707 0.0
v 2.672129 -3.002344 0.0
v 2.672129 -3.194332 0.0
v 2.715514 -3.451655 0.0
v 2.732922 -3.458133 0.0
v 2.739296 -3.458989 0.0
v 2.717805 -3.008602 0.0
v 2.682889 -3.002344 0.0
v 2.733962 -2.999912 0.0
v 2.754805 -2.99446 0.0
v 2.838073 -3.072017 0.0
v 2.820459 -3.034489 0.0
v 2.887595 -2.988707 0.0
v 2.661368 -3.282762 0.0
v 2.666941 -3.368952 0.0
v 2.675644 -3.402511 0.0
v 2.702308 -3.022622 0.0
v 2.694396 -3.033241 0.0
v 2.688004 -3.044748 0.0
v 2.672875 -3.282122 0.0
v 2.830068 -3.110591 0.0
v 2.836145 -3.14612 0.0
v 2.805213 -3.016246 0.0
v 2.785944 -3.001885 0.0
v 2.775165 -2.996689 0.0
v 2.795141 -3.415925 0.0
v 2.784664 -3.425828 0.0
v 2.68105 -3.350499 0.0
v 2.78491 -3.452065 0.0
v 2.799498 -3.443017 0.0
v 2.887595 -3.458989 0.0
v 2.811738 -3.430179 0.0
v 2.82717 -3.40465 0.0
v 2.764742 -2.994532 0.0
v 2.809911 -3.394779 0.0
v 2.754805 -3.435968 0.0
v 2.691032 -3.391801 0.0
v 2.700219 -3.408916 0.0
v 2.749052 -3.018112 0.0
v 2.764094 -3.019038 0.0
v 2.776836 -3.023432 0.0
v 2.741403 -3.019619 0.0
v 2.813441 -3.062601 0.0
v 2.801003 -3.042965 0.0
v 2.676497 -3.320158 0.0
v 2.838973 -3.261986 0.0
v 2.82118 -3.364747 0.0
v 2.775356 -3.431652 0.0
v 2.76602 -3.434773 0.0
v 2.738499 -3.434679 0.0
v 2.722954 -3.428905 0.0
v 2.710385 -3.420302 0.0
v 2.691843 -3.093075 0.0
v 2.700857 -3.060316 0.0
v 2.710447 -3.041847 0.0
v 2.789033 -3.031009 0.0
v 2.719278 -3.031579 0.0
v 2.730597 -3.0237 0.0
v 2.846966 -3.346457 0.0
v 2.855981 -3.288507 0.0
v 2.855487 -3.150437 0.0
v 2.74479 -3.459727 0.0
v 2.887595 -3.469325 0.0
v 2.759413 -3.458989 0.0
v 2.765428 -3.458685 0.0
v 3.049606 -3.060622 0.0
v 2.945623 -3.407228 0.0
v 2.942531 -3.405817 0.0
v 3.068357 -3.058385 0.0
v 3.068878 -3.023302 0.0
v 3.074111 -2.988707 0.0
v 3.070488 -2.975708 0.0
v 3.060082 -2.988707 0.0
v 3.038845 -3.015235 0.0
v 3.072202 -3.450307 0.0
v 3.072037 -3.446082 0.0
v 3.068357 -3.382058 0.0
v 3.069831 -3.4256 0.0
v 3.069742 -3.424462 0.0
v 3.049606 -3.427339 0.0
v 2.99425 -3.422795 0.0
v 2.967871 -3.418655 0.0
v 3.046487 -3.031327 0.0
v 3.0494 -3.051765 0.0
v 2.917883 -3.427922 0.0
v 2.915452 -3.430395 0.0
v 2.91433 -3.432281 0.0
v 2.91337 -3.435475 0.0
v 2.913019 -3.438099 0.0
v 2.913864 -3.439734 0.0
v 2.91449 -3.440422 0.0
v 3.067262 -3.456443 0.0
v 3.068363 -3.456157 0.0
v 3.5 -3.458989 0.0
v 2.925765 -3.420629 0.0
v 3.065493 -3.456519 0.0
v 3.069198 -3.455722 0.0
v 3.06994 -3.45507 0.0
v 3.5 -3.2 0.0
v 2.958443 -3.416346 0.0
v 2.952952 -3.413481 0.0
v 3.070811 -3.453923 0.0
v 3.071824 -3.451994 0.0
v 3.2 -3.2 0.0
v 3.2 -2.988707 0.0
v 2.915558 -3.441131 0.0
v 2.917453 -3.441833 0.0
v 2.918937 -3.442086 0.0
v 2.929568 -3.442128 0.0
v 2.959366 -3.44623 0.0
v 2.971867 -3.447567 0.0
v 3.060473 -3.455359 0.0
v 3.043853 -3.453974 0.0
v 3.013701 -3.451097 0.0
v -3.8 -2.7 0.0
v -0.612404 -2.90031 0.0
v -0.612404 -2.824911 0.0
v -0.5 -2.824911 0.0
v -0.868723 -2.824911 0.0
v -0.868723 -2.90031 0.0
v -1.120382 -2.824911 0.0
v -1.120382 -2.90031 0.0
v -1.388121 -2.824911 0.0
v -1.388121 -2.90031 0.0
v -2.311956 -2.824911 0.0
v -1.562796 -3.267739 0.0
v -1.46499 -3.291392 0.0
v -1.605199 -3.442467 0.0
v -1.441978 -3.398572 0.0
v -1.43111 -3.453228 0.0
v -1.388121 -3.469325 0.0
v -1.419201 -3.475195 0.0
v -1.418738 -3.473494 0.0
v -1.420794 -3.477329 0.0
v -1.420426 -3.477071 0.0
v -1.419937 -3.47652 0.0
v -1.617047 -3.473094 0.0
v -1.616739 -3.474232 0.0
v -2.311956 -3.7 0.0
v -1.616388 -3.475023 0.0
v -1.615999 -3.475561 0.0
v -1.615555 -3.47594 0.0
v -1.614994 -3.476225 0.0
v -1.388121 -3.7 0.0
v -1.614468 -3.476348 0.0
v -1.613914 -3.476341 0.0
v -1.61143 -3.474494 0.0
v -1.610658 -3.472766 0.0
v -1.613349 -3.476204 0.0
v -1.612742 -3.475908 0.0
v -1.612123 -3.475404 0.0
v -1.422768 -3.477179 0.0
v -1.422104 -3.477426 0.0
v -1.42157 -3.477499 0.0
v -1.421118 -3.477452 0.0
v -1.610207 -3.471234 0.0
v -1.609874 -3.469325 0.0
v -1.61739 -3.471251 0.0
v -1.425857 -3.473028 0.0
v -1.425019 -3.474751 0.0
v -1.424243 -3.475919 0.0
v -1.423484 -3.476703 0.0
v -1.426848 -3.470488 0.0
v -1.618091 -3.464735 0.0
v -2.311956 -3.458989 0.0
v -1.61879 -3.458989 0.0
v -1.623289 -3.399443 0.0
v -1.623634 -3.400523 0.0
v -1.62373 -3.402159 0.0
v -1.623115 -3.409472 0.0
v -1.622915 -3.412436 0.0
v -1.622459 -3.4202 0.0
v -1.619582 -3.452482 0.0
v -1.520285 -2.98583 0.0
v -1.520936 -2.988707 0.0
v -1.59007 -3.294268 0.0
v -1.5987 -3.330279 0.0
v -1.602522 -3.347295 0.0
v -1.60733 -3.364053 0.0
v -1.612338 -3.37769 0.0
v -1.616955 -3.390599 0.0
v -1.619995 -3.395125 0.0
v -1.622527 -3.398171 0.0
v -1.50965 -2.988707 0.0
v -1.510271 -2.98583 0.0
v -3.0 -2.824911 0.0
v -2.311956 -2.90031 0.0
v -1.416727 -3.456105 0.0
v -1.413211 -3.425953 0.0
v -1.388121 -3.458989 0.0
v -1.418965 -3.392073 0.0
v -1.428368 -3.360669 0.0
v -1.415342 -3.398572 0.0
v -1.414049 -3.401049 0.0
v -1.436224 -3.328788 0.0
v -1.388121 -2.988707 0.0
v -1.412535 -3.405419 0.0
v -1.412236 -3.411986 0.0
v -1.418196 -3.469325 0.0
v -1.417745 -3.465869 0.0
v -1.417028 -3.458989 0.0
v -1.286407 -3.003033 0.0
v -1.303107 -3.007222 0.0
v -1.315588 -3.0137 0.0
v -1.147303 -3.024607 0.0
v -1.146704 -3.022467 0.0
v -1.120382 -2.988707 0.0
v -1.326457 -3.023031 0.0
v -1.337845 -3.03858 0.0
v -1.348357 -3.06394 0.0
v -1.264053 -3.001598 0.0
v -1.248109 -3.002908 0.0
v -1.342976 -3.382859 0.0
v -1.328345 -3.409176 0.0
v -1.147924 -3.425201 0.0
v -1.147274 -3.426755 0.0
v -1.147173 -3.427424 0.0
v -1.147237 -3.428075 0.0
v -1.148446 -3.026618 0.0
v -1.148589 -3.424214 0.0
v -1.148233 -3.424652 0.0
v -1.146649 -3.020528 0.0
v -1.147082 -3.018533 0.0
v -1.147685 -3.017282 0.0
v -1.14897 -3.423931 0.0
v -1.149572 -3.423681 0.0
v -1.175623 -3.046878 0.0
v -1.149768 -3.42363 0.0
v -1.151254 -3.423468 0.0
v -1.154102 -3.423716 0.0
v -1.164117 -3.423716 0.0
v -1.175623 -3.423716 0.0
v -1.316111 -3.423983 0.0
v -1.303895 -3.433533 0.0
v -1.294924 -3.437981 0.0
v -1.148847 -3.431088 0.0
v -1.148003 -3.429836 0.0
v -1.147488 -3.428855 0.0
v -1.360038 -3.13773 0.0
v -1.364095 -3.250479 0.0
v -1.356472 -3.336741 0.0
v -1.190006 -3.015235 0.0
v -1.205135 -3.01385 0.0
v -1.23241 -3.005966 0.0
v -1.275697 -3.442888 0.0
v -1.236032 -3.448221 0.0
v -1.204389 -3.451843 0.0
v -1.166248 -3.041871 0.0
v -1.153356 -3.03111 0.0
v -1.150304 -3.028678 0.0
v -1.148672 -3.016126 0.0
v -1.149734 -3.015235 0.0
v -1.162732 -3.017473 0.0
v -1.170809 -3.044607 0.0
v -1.177754 -3.017473 0.0
v -1.183879 -3.016347 0.0
v -1.16712 -3.450696 0.0
v -1.160494 -3.443852 0.0
v -1.151865 -3.434583 0.0
v -1.150075 -3.432623 0.0
v -1.180484 -3.461041 0.0
v -1.182122 -3.461112 0.0
v -1.18274 -3.460908 0.0
v -1.192642 -3.454988 0.0
v -1.186 -3.458989 0.0
v -1.185084 -3.459541 0.0
v -1.179526 -3.460732 0.0
v -1.177103 -3.45922 0.0
v -1.176833 -3.458989 0.0
v -0.812656 -3.425662 0.0
v -0.800327 -3.440488 0.0
v -0.868723 -3.458989 0.0
v -0.868723 -2.988707 0.0
v -0.827871 -3.002344 0.0
v -0.827871 -3.194332 0.0
v -0.784486 -3.451655 0.0
v -0.767078 -3.458133 0.0
v -0.760704 -3.458989 0.0
v -0.782195 -3.008602 0.0
v -0.817111 -3.002344 0.0
v -0.766038 -2.999912 0.0
v -0.745195 -2.99446 0.0
v -0.71509 -3.452065 0.0
v -0.612404 -3.458989 0.0
v -0.734572 -3.458685 0.0
v -0.740587 -3.458989 0.0
v -0.661928 -3.072017 0.0
v -0.679541 -3.034489 0.0
v -0.612404 -2.988707 0.0
v -0.838632 -3.282762 0.0
v -0.833059 -3.368952 0.0
v -0.824356 -3.402511 0.0
v -0.797692 -3.022622 0.0
v -0.805604 -3.033241 0.0
v -0.811997 -3.044748 0.0
v -0.827125 -3.282122 0.0
v -0.669932 -3.110591 0.0
v -0.663855 -3.14612 0.0
v -0.694787 -3.016246 0.0
v -0.714056 -3.001885 0.0
v -0.724835 -2.996689 0.0
v -0.704859 -3.415925 0.0
v -0.715336 -3.425828 0.0
v -0.81895 -3.350499 0.0
v -0.700502 -3.443017 0.0
v -0.688262 -3.430179 0.0
v -0.67283 -3.40465 0.0
v -0.735258 -2.994532 0.0
v -0.690089 -3.394779 0.0
v -0.745195 -3.435968 0.0
v -0.808968 -3.391801 0.0
v -0.799781 -3.408916 0.0
v -0.750948 -3.018112 0.0
v -0.735906 -3.019038 0.0
v -0.723163 -3.023432 0.0
v -0.758597 -3.019619 0.0
v -0.68656 -3.062601 0.0
v -0.698997 -3.042965 0.0
v -0.823503 -3.320158 0.0
v -0.661027 -3.261986 0.0
v -0.678821 -3.364747 0.0
v -0.724644 -3.431652 0.0
v -0.73398 -3.434773 0.0
v -0.761501 -3.434679 0.0
v -0.777047 -3.428905 0.0
v -0.789615 -3.420302 0.0
v -0.808157 -3.093075 0.0
v -0.799143 -3.060316 0.0
v -0.789553 -3.041847 0.0
v -0.710967 -3.031009 0.0
v -0.780722 -3.031579 0.0
v -0.769403 -3.0237 0.0
v -0.653034 -3.346457 0.0
v -0.644019 -3.288507 0.0
v -0.644513 -3.150437 0.0
v -0.612404 -3.469325 0.0
v -0.75521 -3.459727 0.0
v -0.42589 -2.988707 0.0
v -0.424505 -2.981462 0.0
v -0.429512 -2.975708 0.0
v -0.450394 -3.060622 0.0
v -0.554377 -3.407228 0.0
v -0.557469 -3.405817 0.0
v -0.456147 -3.453974 0.0
v -0.439527 -3.455359 0.0
v -0.434507 -3.456519 0.0
v -0.450394 -3.427339 0.0
v -0.50575 -3.422795 0.0
v -0.532129 -3.418655 0.0
v -0.461155 -3.015235 0.0
v -0.453513 -3.031327 0.0
v -0.4506 -3.051765 0.0
v -0.582116 -3.427922 0.0
v -0.584549 -3.430395 0.0
v -0.58567 -3.432281 0.0
v -0.58663 -3.435475 0.0
v -0.586981 -3.438099 0.0
v -0.574235 -3.420629 0.0
v -0.586136 -3.439734 0.0
v -0.58551 -3.440422 0.0
v -0.584441 -3.441131 0.0
v -0.431643 -3.058385 0.0
v -0.431122 -3.023302 0.0
v -0.541557 -3.416346 0.0
v -0.547048 -3.413481 0.0
v -0.431637 -3.456157 0.0
v -0.430802 -3.455722 0.0
v 0.037748 -3.458989 0.0
v -0.43006 -3.45507 0.0
v -0.429189 -3.453923 0.0
v -0.428176 -3.451994 0.0
v -0.427798 -3.450307 0.0
v 0.037748 -2.988707 0.0
v -0.582547 -3.441833 0.0
v -0.581063 -3.442086 0.0
v -0.570432 -3.442128 0.0
v -0.540634 -3.44623 0.0
v -0.528133 -3.447567 0.0
v -0.486299 -3.451097 0.0
v -0.432738 -3.456443 0.0
v -3.8 -3.2 0.0
v 2.379618 -3.7 0.0
v 2.631277 -3.7 0.0
v 2.887595 -3.7 0.0
v -1.120382 -3.7 0.0
v -0.868723 -3.7 0.0
v -0.612404 -3.7 0.0
v 0.037748 -3.7 0.0
v 0.037748 -3.469325 0.0
v 3.5 -3.469325 0.0
v 3.5 -3.7 0.0
v 2.4075 -3.430468 0.0
v 2.408003 -3.430858 0.0
v 2.428894 -3.397827 0.0
v 2.408758 -3.4202 0.0
v 2.406773 -3.422827 0.0
v 2.406092 -3.424363 0.0
v 2.405827 -3.425816 0.0
v 2.405894 -3.427094 0.0
v 2.600389 -3.023689 0.0
v 2.601156 -3.020804 0.0
v 2.562604 -3.203708 0.0
v 2.502195 -3.195824 0.0
v 2.562604 -3.045493 0.0
v 2.477261 -3.190762 0.0
v 2.447539 -3.177072 0.0
v 2.426657 -3.024611 0.0
v 2.438163 -3.026103 0.0
v 2.587733 -3.455186 0.0
v 2.588832 -3.453829 0.0
v 2.589763 -3.451832 0.0
v 2.601323 -3.015877 0.0
v 2.6012 -3.015408 0.0
v 2.600977 -3.015002 0.0
v 2.600555 -3.014543 0.0
v 2.4613 -3.185095 0.0
v 2.454038 -3.180695 0.0
v 2.472044 -3.030365 0.0
v 2.455096 -3.028301 0.0
v 2.443916 -2.991583 0.0
v 2.423141 -3.013105 0.0
v 2.581547 -3.457649 0.0
v 2.584081 -3.457248 0.0
v 2.586063 -3.456422 0.0
v 2.685766 -3.194332 0.0
v 2.601241 -3.01881 0.0
v 2.601302 -3.017383 0.0
v 2.599813 -3.014051 0.0
v 2.598781 -3.013675 0.0
v 2.597466 -3.013541 0.0
v 2.424056 -3.206926 0.0
v 2.42483 -3.208081 0.0
v 2.425909 -3.209061 0.0
v 2.426779 -3.209569 0.0
v 2.406313 -3.42847 0.0
v 2.407032 -3.429875 0.0
v 2.594993 -3.01385 0.0
v 2.581355 -3.015981 0.0
v 2.569132 -3.017486 0.0
v 2.420426 -3.018494 0.0
v 2.420265 -3.019551 0.0
v 2.420356 -3.020539 0.0
v 2.420689 -3.021518 0.0
v 2.425127 -3.19998 0.0
v 2.424173 -3.20163 0.0
v 2.424697 -3.024432 0.0
v 2.42362 -3.203181 0.0
v 2.423315 -3.023998 0.0
v 2.423454 -3.204464 0.0
v 2.422074 -3.023225 0.0
v 2.421264 -3.02242 0.0
v 2.562604 -3.228852 0.0
v 2.562604 -3.423716 0.0
v 2.455423 -3.408694 0.0
v 2.426657 -3.197954 0.0
v 2.590319 -3.449023 0.0
v 2.58999 -3.44325 0.0
v 2.589985 -3.443213 0.0
v 2.421754 -3.01547 0.0
v 2.420896 -3.017193 0.0
v 2.428148 -3.210015 0.0
v 2.430279 -3.210207 0.0
v 2.435287 -3.401449 0.0
v 2.445026 -3.405996 0.0
v 2.578096 -3.457403 0.0
v 2.556851 -3.017473 0.0
v 2.55472 -3.017473 0.0
v 2.540632 -3.017228 0.0
v 2.526699 -3.015235 0.0
v 2.498572 -3.010228 0.0
v 2.473805 -3.005217 0.0
v 2.585333 -3.42509 0.0
v 2.583486 -3.406456 0.0
v 2.583486 -3.392819 0.0
v 2.591216 -3.036546 0.0
v 2.595835 -3.030802 0.0
v 2.598778 -3.026913 0.0
v 2.453948 -2.997985 0.0
v 2.450415 -2.995845 0.0
v 2.423612 -3.205756 0.0
v 2.408808 -3.431208 0.0
v 2.411168 -3.431619 0.0
v 2.413019 -3.431707 0.0
v 2.583486 -3.045493 0.0
v 2.58274 -3.374814 0.0
v 2.583047 -3.383818 0.0
v 2.532453 -3.447475 0.0
v 2.56548 -3.453228 0.0
v 2.573347 -3.456134 0.0
v 2.42378 -3.432346 0.0
v 2.478236 -3.439031 0.0
v -1.0925 -3.430468 0.0
v -1.091997 -3.430858 0.0
v -1.071106 -3.397827 0.0
v -1.091242 -3.4202 0.0
v -1.093227 -3.422827 0.0
v -1.093908 -3.424363 0.0
v -1.094173 -3.425816 0.0
v -1.094106 -3.427094 0.0
v -0.899611 -3.023689 0.0
v -0.898844 -3.020804 0.0
v -0.937396 -3.203708 0.0
v -0.997805 -3.195824 0.0
v -0.937396 -3.045493 0.0
v -1.022739 -3.190762 0.0
v -1.052461 -3.177072 0.0
v -1.073343 -3.024611 0.0
v -1.061837 -3.026103 0.0
v -0.912267 -3.455186 0.0
v -0.911169 -3.453829 0.0
v -0.910237 -3.451832 0.0
v -0.898677 -3.015877 0.0
v -0.8988 -3.015408 0.0
v -0.899023 -3.015002 0.0
v -0.899445 -3.014543 0.0
v -1.0387 -3.185095 0.0
v -1.045962 -3.180695 0.0
v -1.027956 -3.030365 0.0
v -1.044905 -3.028301 0.0
v -1.056083 -2.991583 0.0
v -1.076859 -3.013105 0.0
v -0.918454 -3.457649 0.0
v -0.915919 -3.457248 0.0
v -0.913937 -3.456422 0.0
v -0.814234 -3.194332 0.0
v -0.898759 -3.01881 0.0
v -0.898698 -3.017383 0.0
v -0.900187 -3.014051 0.0
v -0.901219 -3.013675 0.0
v -0.902533 -3.013541 0.0
v -1.075944 -3.206926 0.0
v -1.07517 -3.208081 0.0
v -1.074091 -3.209061 0.0
v -1.073221 -3.209569 0.0
v -1.093687 -3.42847 0.0
v -1.092968 -3.429875 0.0
v -0.905007 -3.01385 0.0
v -0.918645 -3.015981 0.0
v -0.930868 -3.017486 0.0
v -1.079574 -3.018494 0.0
v -1.079735 -3.019551 0.0
v -1.079644 -3.020539 0.0
v -1.079311 -3.021518 0.0
v -1.074873 -3.19998 0.0
v -1.075827 -3.20163 0.0
v -1.075303 -3.024432 0.0
v -1.07638 -3.203181 0.0
v -1.076685 -3.023998 0.0
v -1.076546 -3.204464 0.0
v -1.077926 -3.023225 0.0
v -1.078736 -3.02242 0.0
v -0.937396 -3.228852 0.0
v -0.937396 -3.423716 0.0
v -1.044577 -3.408694 0.0
v -1.073343 -3.197954 0.0
v -0.909681 -3.449023 0.0
v -0.91001 -3.44325 0.0
v -0.910015 -3.443213 0.0
v -1.078246 -3.01547 0.0
v -1.079104 -3.017193 0.0
v -1.071852 -3.210015 0.0
v -1.069721 -3.210207 0.0
v -1.064713 -3.401449 0.0
v -1.054975 -3.405996 0.0
v -0.921904 -3.457403 0.0
v -0.943149 -3.017473 0.0
v -0.94528 -3.017473 0.0
v -0.959368 -3.017228 0.0
v -0.973301 -3.015235 0.0
v -1.001428 -3.010228 0.0
v -1.026195 -3.005217 0.0
v -0.914667 -3.42509 0.0
v -0.916514 -3.406456 0.0
v -0.916514 -3.392819 0.0
v -0.908785 -3.036546 0.0
v -0.904165 -3.030802 0.0
v -0.901222 -3.026913 0.0
v -1.046052 -2.997985 0.0
v -1.049585 -2.995845 0.0
v -1.076388 -3.205756 0.0
v -1.091192 -3.431208 0.0
v -1.088832 -3.431619 0.0
v -1.086981 -3.431707 0.0
v -0.916514 -3.045493 0.0
v -0.91726 -3.374814 0.0
v -0.916953 -3.383818 0.0
v -0.967547 -3.447475 0.0
v -0.93452 -3.453228 0.0
v -0.926653 -3.456134 0.0
v -1.07622 -3.432346 0.0
v -1.021764 -3.439031 0.0
v 1.99035 -2.988707 0.0
v 3.075495 -2.981462 0.0
v 1.98973 -2.98583 0.0
v -0.427963 -3.446082 0.0
v -0.431643 -3.382058 0.0
v -0.430169 -3.4256 0.0
v -0.430258 -3.424462 0.0
v -3.0 2.925001 0.0
v -2.311956 2.925001 0.0
v -2.311956 3.7 0.0
v -1.388121 2.925001 0.0
v -1.388121 3.7 0.0
v -1.120382 2.925001 0.0
v -1.120382 3.7 0.0
v -0.868723 2.925001 0.0
v -0.868723 3.7 0.0
v -0.612404 2.925001 0.0
v -0.612404 3.7 0.0
v -0.5 2.925001 0.0
v -0.439918 -2.988707 0.0
v -0.65 -3.7 4.588989
v 3.5 -3.7 5.0
v -0.65 -3.7 1.035984
v -2.85 -3.7 1.035984
v -2.85 -3.7 4.588989
v 0.65 -3.7 1.035984
v 2.85 -3.7 1.035984
v 0.65 -3.7 4.588989
v 2.85 -3.7 4.588989
v 2.35 3.7 2.0
v 2.35 3.7 3.0
v 3.5 3.7 3.0
v -1.15 3.7 3.0
v 1.15 3.7 3.0
v -1.15 3.7 2.0
v 1.15 3.7 2.0
v -2.35 3.7 3.0
v -2.35 3.7 2.0
v 3.5 2.094226 8.6
v 2.35 2.925001 5.702743
v 1.15 2.925001 5.702743
v -2.35 2.925001 5.702743
v -1.15 2.925001 5.702743
v 2.916239 -0.699655 8.6
v 2.735868 -0.960968 8.6
v 3.5 -2.269357 8.6
v 2.498201 -1.171522 8.6
v 2.217052 -1.319081 8.6
v -1.908759 -1.395068 8.6
v -2.217052 -1.319081 8.6
v -1.591241 -1.395068 8.6
v -1.282948 -1.319081 8.6
v 0.583761 0.524524 8.6
v 0.764132 0.785837 8.6
v -0.583761 0.524524 8.6
v -2.498201 -1.171522 8.6
v -2.735868 -0.960968 8.6
v -2.916239 -0.699655 8.6
v -3.028833 -0.40277 8.6
v -3.067106 -0.087566 8.6
v -3.028833 0.227638 8.6
v -2.916239 0.524524 8.6
v 1.908759 1.219936 8.6
v 2.217052 1.143949 8.6
v -2.735868 0.785837 8.6
v -2.498201 0.996391 8.6
v -2.217052 1.143949 8.6
v -0.764132 0.785837 8.6
v -1.001799 0.996391 8.6
v 1.908759 -1.395068 8.6
v 1.591241 -1.395068 8.6
v 1.282948 -1.319081 8.6
v 1.001799 -1.171522 8.6
v -1.908759 1.219936 8.6
v -1.591241 1.219936 8.6
v -1.282948 1.143949 8.6
v 2.498201 0.996391 8.6
v 2.735868 0.785837 8.6
v 2.916239 0.524524 8.6
v -0.764132 -0.960968 8.6
v -1.001799 -1.171522 8.6
v 0.583761 -0.699655 8.6
v 0.764132 -0.960968 8.6
v 0.471167 0.227638 8.6
v -0.471167 0.227638 8.6
v 0.432894 -0.087566 8.6
v -0.432894 -0.087566 8.6
v 0.471167 -0.40277 8.6
v -0.471167 -0.40277 8.6
v -0.583761 -0.699655 8.6
v 1.001799 0.996391 8.6
v 1.282948 1.143949 8.6
v 1.591241 1.219936 8.6
v 3.028833 0.227638 8.6
v 3.067106 -0.087566 8.6
v 3.028833 -0.40277 8.6
v 3.5 -3.1 5.5
v 3.5 -3.2 5.5
v 3.5 -3.32941 5.482963
v 3.5 -3.45 5.433013
v 3.5 -3.553554 5.353553
v 3.5 -3.633013 5.25
v 3.5 -3.682963 5.129409
v -0.5 -2.728931 0.538851
v -3.0 -2.728931 0.538851
v -1.15 -2.728931 3.026037
v -0.5 -2.728931 3.724382
v -1.15 -2.728931 1.407071
v -2.35 -2.728931 1.407071
v -2.35 -2.728931 3.026037
v -3.0 -2.728931 3.724382
v -3.0 -2.181479 3.724382
v -0.5 -2.181479 3.724382
v -3.0 -2.181479 6.382322
v -0.5 -2.181479 6.382322
v -2.651002 0.153857 6.382322
v -2.682786 -0.087566 6.382322
v -3.0 1.779099 6.382322
v -0.848998 0.153857 6.382322
v -0.5 1.779099 6.382322
v -0.817214 -0.087566 6.382322
v -0.848998 -0.328989 6.382322
v -0.942184 0.378827 6.382322
v -1.090421 0.572013 6.382322
v -1.283607 0.720251 6.382322
v -1.283607 -0.895382 6.382322
v -1.090421 -0.747145 6.382322
v -0.942184 -0.553959 6.382322
v -2.651002 -0.328989 6.382322
v -2.557817 -0.553959 6.382322
v -2.409579 -0.747145 6.382322
v -1.75 -1.020352 6.382322
v -1.508577 -0.988568 6.382322
v -1.508577 0.813436 6.382322
v -1.75 0.84522 6.382322
v -1.991423 0.813436 6.382322
v -2.216393 0.720251 6.382322
v -2.216393 -0.895382 6.382322
v -1.991423 -0.988568 6.382322
v -2.409579 0.572013 6.382322
v -2.557817 0.378827 6.382322
v -1.5 1.779099 3.646256
v -0.5 1.779099 3.646256
v -1.5 1.779099 3.65
v -2.0 1.779099 3.65
v -2.0 1.779099 3.646256
v -3.0 1.779099 3.646256
v -2.0 1.989053 3.646256
v -3.0 2.398976 3.646256
v -1.5 1.989053 3.646256
v -0.5 2.398976 3.646256
v -3.0 2.398976 5.138717
v -0.5 2.398976 5.138717
v -3.0 2.925001 5.138717
v -2.35 2.925001 5.138717
v -1.15 2.925001 5.138717
v -0.5 2.925001 5.138717
v -2.35 2.925001 2.0
v -1.15 2.925001 2.0
v -0.817214 -0.087566 6.758103
v -0.848998 0.153857 6.758103
v -0.942184 0.378827 6.758103
v -1.090421 0.572013 6.758103
v -1.283607 0.720251 6.758103
v -1.508577 0.813436 6.758103
v -1.75 0.84522 6.758103
v -1.991423 0.813436 6.758103
v -2.216393 0.720251 6.758103
v -2.409579 0.572013 6.758103
v -2.557817 0.378827 6.758103
v -2.651002 0.153857 6.758103
v -2.682786 -0.087566 6.758103
v -2.651002 -0.328989 6.758103
v -2.557817 -0.553959 6.758103
v -2.409579 -0.747145 6.758103
v -2.216393 -0.895382 6.758103
v -1.991423 -0.988568 6.758103
v -1.75 -1.020352 6.758103
v -1.508577 -0.988568 6.758103
v -1.283607 -0.895382 6.758103
v -1.090421 -0.747145 6.758103
v -0.942184 -0.553959 6.758103
v -0.848998 -0.328989 6.758103
v -1.591241 -1.395068 6.758103
v -1.282948 -1.319081 6.758103
v -1.001799 -1.171522 6.758103
v -0.764132 -0.960968 6.758103
v -0.583761 -0.699655 6.758103
v -0.471167 -0.40277 6.758103
v -0.432894 -0.087566 6.758103
v -0.471167 0.227638 6.758103
v -0.583761 0.524524 6.758103
v -0.764132 0.785837 6.758103
v -1.001799 0.996391 6.758103
v -1.282948 1.143949 6.758103
v -1.591241 1.219936 6.758103
v -1.908759 1.219936 6.758103
v -2.217052 1.143949 6.758103
v -2.498201 0.996391 6.758103
v -2.735868 0.785837 6.758103
v -2.916239 0.524524 6.758103
v -3.028833 0.227638 6.758103
v -3.067106 -0.087566 6.758103
v -3.028833 -0.40277 6.758103
v -2.916239 -0.699655 6.758103
v -2.735868 -0.960968 6.758103
v -2.498201 -1.171522 6.758103
v -2.217052 -1.319081 6.758103
v -1.908759 -1.395068 6.758103
v -2.35 -2.975126 3.026037
v -1.15 -2.975126 3.026037
v -2.35 -3.2 3.510904
v -1.15 -3.2 3.510904
v -2.35 -2.975126 1.407071
v -1.15 -2.975126 1.407071
v -1.15 -3.2 1.291951
v -2.35 -3.2 1.291951
v -1.5 1.710313 3.65
v -2.0 1.710313 3.65
v -1.5 2.61675 2.95
v -2.0 2.61675 2.95
v -2.0 2.595922 3.119486
v -1.5 2.595922 3.119486
v -2.0 2.534677 3.278887
v -1.5 2.534677 3.278887
v -2.0 2.43666 3.418715
v -1.5 2.43666 3.418715
v -2.0 2.307703 3.530651
v -1.5 2.307703 3.530651
v -2.0 2.155482 3.608033
v -1.5 2.155482 3.608033
v -1.5 -0.821249 3.626617
v -1.5 -0.821249 3.15
v -1.5 1.710313 3.626617
v -1.5 1.91675 3.15
v -1.5 1.968514 3.143185
v -1.5 -0.15 -2.8
v -1.5 0.35 -2.8
v -1.5 -0.15 -0.178606
v -1.5 0.35 -0.178606
v -1.5 -0.126148 0.002568
v -1.5 0.356815 -0.126842
v -1.5 -0.056218 0.171394
v -1.5 0.376795 -0.078606
v -1.5 0.055025 0.316369
v -1.5 0.408579 -0.037184
v -1.5 0.2 0.427612
v -1.5 0.45 -0.005401
v -1.5 0.368827 0.497542
v -1.5 0.498236 0.014579
v -1.5 0.55 0.521394
v -1.5 0.55 0.021394
v -1.5 1.91675 0.521394
v -1.5 1.91675 0.021394
v -1.5 1.968514 0.528209
v -1.5 2.097924 0.045246
v -1.5 2.01675 0.548189
v -1.5 2.26675 0.115176
v -1.5 2.058172 0.579973
v -1.5 2.411725 0.22642
v -1.5 2.089955 0.621394
v -1.5 2.522968 0.371394
v -1.5 2.109936 0.66963
v -1.5 2.592898 0.540221
v -1.5 2.11675 0.721394
v -1.5 2.61675 0.721394
v -1.5 2.11675 2.95
v -1.5 2.109936 3.001764
v -1.5 2.089955 3.05
v -1.5 2.058172 3.091421
v -1.5 2.01675 3.123205
v -2.0 1.710313 3.626617
v -2.0 2.109936 3.001764
v -2.0 2.089955 3.05
v -2.0 2.058172 3.091421
v -2.0 2.01675 3.123205
v -2.0 -0.821249 3.15
v -2.0 -0.821249 3.626617
v -2.0 1.91675 3.15
v -2.0 1.968514 3.143185
v -2.0 0.35 -2.8
v -2.0 -0.15 -2.8
v -2.0 0.35 -0.178606
v -2.0 -0.15 -0.178606
v -2.0 0.356815 -0.126842
v -2.0 -0.126148 0.002568
v -2.0 0.376795 -0.078606
v -2.0 -0.056218 0.171394
v -2.0 0.408579 -0.037184
v -2.0 0.055025 0.316369
v -2.0 0.45 -0.005401
v -2.0 0.2 0.427612
v -2.0 0.498236 0.014579
v -2.0 0.368827 0.497542
v -2.0 0.55 0.021394
v -2.0 0.55 0.521394
v -2.0 1.91675 0.021394
v -2.0 1.91675 0.521394
v -2.0 2.097924 0.045246
v -2.0 1.968514 0.528209
v -2.0 2.26675 0.115176
v -2.0 2.01675 0.548189
v -2.0 2.411725 0.22642
v -2.0 2.058172 0.579973
v -2.0 2.522968 0.371394
v -2.0 2.089955 0.621394
v -2.0 2.592898 0.540221
v -2.0 2.109936 0.66963
v -2.0 2.61675 0.721394
v -2.0 2.11675 0.721394
v -2.0 2.11675 2.95
v -1.9 -0.05 -3.8
v -1.9 0.25 -3.8
v -1.6 -0.05 -3.8
v -1.6 0.25 -3.8
v -2.75 -2.101473 0.850953
v -2.5 -2.101473 1.49734
v -2.5 -2.101473 3.626617
v -1.0 -2.101473 1.49734
v -0.75 -2.101473 0.850953
v -1.0 -2.101473 3.626617
v -0.75 -2.101473 4.919393
v -2.75 -2.101473 4.919393
v -1.0 1.710313 3.626617
v -2.5 1.710313 3.626617
v -2.75 1.710313 4.919393
v -2.75 1.710313 0.850953
v -2.5 1.710313 1.49734
v -0.75 1.710313 0.850953
v -1.0 1.710313 1.49734
v -0.75 1.710313 4.919393
v -0.888488 -0.087566 7.298719
v -0.917843 0.13541 4.919393
v -0.917843 0.13541 7.298719
v -1.003909 0.34319 4.919393
v -1.003909 0.34319 7.298719
v -1.140819 0.521615 4.919393
v -1.140819 0.521615 7.298719
v -1.319244 0.658526 4.919393
v -1.319244 0.658526 7.298719
v -1.527024 0.744591 4.919393
v -1.527024 0.744591 7.298719
v -1.75 0.773947 4.919393
v -1.75 0.773947 7.298719
v -1.972976 0.744591 4.919393
v -1.972976 0.744591 7.298719
v -2.180756 0.658526 4.919393
v -2.180756 0.658526 7.298719
v -2.359181 0.521615 4.919393
v -2.359181 0.521615 7.298719
v -2.496092 0.34319 4.919393
v -2.496092 0.34319 7.298719
v -2.582157 0.13541 4.919393
v -2.582157 0.13541 7.298719
v -2.611512 -0.087566 4.919393
v -2.611512 -0.087566 7.298719
v -2.582157 -0.310542 4.919393
v -2.582157 -0.310542 7.298719
v -2.496092 -0.518322 4.919393
v -2.496092 -0.518322 7.298719
v -2.359181 -0.696747 4.919393
v -2.359181 -0.696747 7.298719
v -2.180756 -0.833657 4.919393
v -2.180756 -0.833657 7.298719
v -1.972976 -0.919723 4.919393
v -1.972976 -0.919723 7.298719
v -1.75 -0.949078 4.919393
v -1.75 -0.949078 7.298719
v -1.527024 -0.919723 4.919393
v -1.527024 -0.919723 7.298719
v -1.319244 -0.833657 4.919393
v -1.319244 -0.833657 7.298719
v -1.140819 -0.696747 4.919393
v -1.140819 -0.696747 7.298719
v -1.003909 -0.518322 4.919393
v -1.003909 -0.518322 7.298719
v -0.917843 -0.310542 4.919393
v -0.917843 -0.310542 7.298719
v -0.888488 -0.087566 4.919393
v -2.734659 -0.802962 7.298719
v -2.881636 -0.535612 7.298719
v -2.957508 -0.24011 7.298719
v -2.957508 0.064978 7.298719
v -2.881636 0.360481 7.298719
v -2.734659 0.627831 7.298719
v -2.525812 0.85023 7.298719
v -2.268218 1.013704 7.298719
v -1.978063 1.107981 7.298719
v -1.673577 1.127138 7.298719
v -1.373894 1.06997 7.298719
v -1.097842 0.94007 7.298719
v -0.862768 0.7456 7.298719
v -0.683442 0.498779 7.298719
v -0.571132 0.215116 7.298719
v -0.532894 -0.087566 7.298719
v -0.571132 -0.390248 7.298719
v -0.683442 -0.673911 7.298719
v -0.862768 -0.920732 7.298719
v -1.097842 -1.115202 7.298719
v -1.373894 -1.245102 7.298719
v -1.673577 -1.30227 7.298719
v -1.978063 -1.283113 7.298719
v -2.268218 -1.188836 7.298719
v -2.525812 -1.025362 7.298719
v -2.957508 -0.24011 7.8224
v -2.957508 0.064978 7.8224
v -0.558847 -0.337566 7.8224
v -0.532894 -0.087566 7.8224
v -0.558847 0.162434 7.8224
v -2.941153 0.162434 7.8224
v -2.941153 0.162434 8.122399
v -2.887774 0.344657 8.122399
v -2.941153 -0.337566 7.8224
v -2.880425 0.359897 8.122399
v -2.796676 0.533574 8.122399
v -2.731001 0.625209 8.122399
v -2.674498 0.704046 8.122399
v -2.525739 0.850155 8.122399
v -2.524867 0.851011 8.122399
v -2.352226 0.970106 8.122399
v -1.977674 1.106513 8.122399
v -2.161703 1.057793 8.122399
v -2.266344 1.009632 8.122399
v -1.958954 1.111469 8.122399
v -1.75 1.12954 8.122399
v -1.374575 1.067397 8.122399
v -1.541046 1.111469 8.122399
v -1.673939 1.122962 8.122399
v -1.338297 1.057793 8.122399
v -1.147774 0.970106 8.122399
v -0.865244 0.74308 8.122399
v -0.975133 0.851011 8.122399
v -1.099903 0.937083 8.122399
v -0.825502 0.704046 8.122399
v -0.703324 0.533574 8.122399
v -0.558847 0.162434 8.122399
v -0.574031 0.214267 8.122399
v -0.612226 0.344657 8.122399
v -0.68596 0.497565 8.122399
v -1.40595 0.869583 8.3224
v -1.575382 0.914438 8.3224
v -0.79919 0.273633 8.3224
v -2.735902 0.162434 8.3224
v -0.764098 0.162434 8.3224
v -2.70081 0.273633 8.3224
v -2.624682 0.431506 8.3224
v -2.522581 0.573965 8.3224
v -0.97742 0.573965 8.3224
v -1.102463 0.69678 8.3224
v -1.246734 0.796305 8.3224
v -0.875318 0.431506 8.3224
v -1.75 0.92954 8.3224
v -1.924618 0.914438 8.3224
v -2.09405 0.869583 8.3224
v -2.253266 0.796305 8.3224
v -2.397537 0.69678 8.3224
v -0.979472 0.845756 8.174163
v -1.542216 1.104755 8.174163
v -2.159398 1.05138 8.174163
v -2.669321 0.699614 8.174163
v -2.790816 0.530096 8.174163
v -2.881403 0.342237 8.174163
v -0.562967 0.162434 8.162356
v -0.566827 0.162434 8.173838
v -0.618597 0.342237 8.174163
v -0.577835 0.162434 8.206576
v -0.637275 0.335142 8.222401
v -0.666987 0.323855 8.263821
v -0.616015 0.162434 8.26108
v -0.586941 0.162434 8.223578
v -0.670562 0.162434 8.300547
v -0.661792 0.162434 8.294803
v -0.705708 0.309145 8.295605
v -0.62992 0.162434 8.273928
v -0.61887 0.162434 8.263719
v -0.7508 0.292015 8.315584
v -0.755413 0.162434 8.322222
v -0.736086 0.162434 8.320545
v -0.711193 0.162434 8.314166
v -0.687892 0.162434 8.308194
v -2.785432 0.162434 8.316535
v -2.7492 0.292015 8.315584
v -2.794292 0.309145 8.295605
v -2.804685 0.162434 8.310913
v -2.789175 0.162434 8.315442
v -2.880234 0.162434 8.262899
v -2.866768 0.162434 8.276652
v -2.833013 0.323855 8.263821
v -2.848614 0.162434 8.289699
v -2.838288 0.162434 8.294685
v -2.900051 0.162434 8.242661
v -2.862725 0.335142 8.222401
v -2.912428 0.162434 8.224625
v -2.93061 0.162434 8.185804
v -2.933148 0.162434 8.17395
v -2.940317 0.162434 8.140468
v -2.278879 0.841288 8.315584
v -2.11156 0.918295 8.315584
v -2.302746 0.883205 8.295605
v -2.127876 0.963688 8.295605
v -2.323241 0.919201 8.263821
v -2.141888 1.002667 8.263821
v -2.338968 0.946821 8.222401
v -2.152639 1.032578 8.222401
v -2.348854 0.964184 8.174163
v -1.75 0.981304 8.315584
v -1.566496 0.965434 8.315584
v -1.75 1.02954 8.295605
v -1.558214 1.012954 8.295605
v -1.75 1.070961 8.263821
v -1.551103 1.05376 8.263821
v -1.75 1.102745 8.222401
v -1.545646 1.085072 8.222401
v -1.75 1.122725 8.174163
v -1.221121 0.841288 8.315584
v -1.069507 0.736698 8.315584
v -1.197254 0.883205 8.295605
v -1.038798 0.773896 8.295605
v -1.176759 0.919201 8.263821
v -1.012427 0.805838 8.263821
v -1.161032 0.946821 8.222401
v -0.992192 0.830348 8.222401
v -1.151146 0.964184 8.174163
v -0.830803 0.457923 8.315584
v -0.789321 0.48254 8.295605
v -0.7537 0.503679 8.263821
v -0.726367 0.519899 8.222401
v -0.709184 0.530096 8.174163
v -2.773633 0.519899 8.222401
v -2.7463 0.503679 8.263821
v -2.710679 0.48254 8.295605
v -2.669197 0.457923 8.315584
v -2.654145 0.686619 8.222401
v -2.630002 0.665946 8.263821
v -2.598539 0.639005 8.295605
v -2.5619 0.607632 8.315584
v -2.520528 0.845756 8.174163
v -2.507808 0.830348 8.222401
v -2.487573 0.805838 8.263821
v -2.461202 0.773896 8.295605
v -2.430493 0.736698 8.315584
v -1.957784 1.104755 8.174163
v -1.954354 1.085072 8.222401
v -1.948897 1.05376 8.263821
v -1.941786 1.012954 8.295605
v -1.933504 0.965434 8.315584
v -1.340602 1.05138 8.174163
v -1.347361 1.032578 8.222401
v -1.358112 1.002667 8.263821
v -1.372124 0.963688 8.295605
v -1.38844 0.918295 8.315584
v -0.830679 0.699614 8.174163
v -0.845855 0.686619 8.222401
v -0.869998 0.665946 8.263821
v -0.901461 0.639005 8.295605
v -0.9381 0.607632 8.315584
v -1.441978 -3.398572 0.01
v -1.46499 -3.291392 0.01
newmtl 3
Ka 1.0 0.9490196078431372 0.8980392156862745
Kd 1.0 0.9490196078431372 0.8980392156862745
Ks 0.011764705882352941 0.00784313725490196 0.00784313725490196
d 0.0
endmtl
v -1.43111 -3.453228 0.01
v -1.426848 -3.470488 0.01
v -1.425857 -3.473028 0.01
v -1.425019 -3.474751 0.01
v -1.424243 -3.475919 0.01
v -1.423484 -3.476703 0.01
v -1.422768 -3.477179 0.01
v -1.422104 -3.477426 0.01
v -1.42157 -3.477499 0.01
v -1.421118 -3.477452 0.01
v -1.420794 -3.477329 0.01
v -1.420426 -3.477071 0.01
v -1.419937 -3.47652 0.01
v -1.419201 -3.475195 0.01
v -1.418738 -3.473494 0.01
v -1.417745 -3.465869 0.01
v -1.416727 -3.456105 0.01
v -1.413211 -3.425953 0.01
v -1.412236 -3.411986 0.01
v -1.412535 -3.405419 0.01
v -1.414049 -3.401049 0.01
v -1.415342 -3.398572 0.01
v -1.418965 -3.392073 0.01
v -1.428368 -3.360669 0.01
v -1.436224 -3.328788 0.01
v -1.510271 -2.98583 0.01
v -1.520285 -2.98583 0.01
v -1.59007 -3.294268 0.01
v -1.5987 -3.330279 0.01
v -1.602522 -3.347295 0.01
v -1.60733 -3.364053 0.01
v -1.612338 -3.37769 0.01
v -1.616955 -3.390599 0.01
v -1.619995 -3.395125 0.01
v -1.622527 -3.398171 0.01
v -1.623289 -3.399443 0.01
v -1.623634 -3.400523 0.01
v -1.62373 -3.402159 0.01
v -1.623115 -3.409472 0.01
v -1.622915 -3.412436 0.01
v -1.622459 -3.4202 0.01
v -1.619582 -3.452482 0.01
v -1.618091 -3.464735 0.01
v -1.617812 -3.468559 0.01
v -1.61739 -3.471251 0.01
v -1.617047 -3.473094 0.01
v -1.616739 -3.474232 0.01
v -1.616388 -3.475023 0.01
v -1.615999 -3.475561 0.01
v -1.615555 -3.47594 0.01
v -1.614994 -3.476225 0.01
v -1.614468 -3.476348 0.01
v -1.613914 -3.476341 0.01
v -1.613349 -3.476204 0.01
v -1.612742 -3.475908 0.01
v -1.612123 -3.475404 0.01
v -1.61143 -3.474494 0.01
v -1.610658 -3.472766 0.01
v -1.610207 -3.471234 0.01
v -1.605199 -3.442467 0.01
v -1.562796 -3.267739 0.01
v -1.515278 -3.054869 0.01
v -1.468506 -3.266248 0.01
v -1.561304 -3.256872 0.01
v -1.541914 -3.238227 0.01
v -1.523908 -3.250479 0.01
v -1.517272 -3.253962 0.01
v -1.496818 -3.26034 0.01
v -1.468506 -3.266248 0.0
v -1.515278 -3.054869 0.0
v -1.496818 -3.26034 0.0
v -1.517272 -3.253962 0.0
v -1.523908 -3.250479 0.0
v -1.541914 -3.238227 0.0
v -1.561304 -3.256872 0.0
v -1.153356 -3.03111 0.01
v -1.166248 -3.041871 0.01
v -1.150304 -3.028678 0.01
v -1.148446 -3.026618 0.01
v -1.147303 -3.024607 0.01
v -1.146704 -3.022467 0.01
v -1.146649 -3.020528 0.01
v -1.147082 -3.018533 0.01
v -1.147685 -3.017282 0.01
v -1.148672 -3.016126 0.01
v -1.149734 -3.015235 0.01
v -1.162732 -3.017473 0.01
v -1.177754 -3.017473 0.01
v -1.183879 -3.016347 0.01
v -1.190006 -3.015235 0.01
v -1.205135 -3.01385 0.01
v -1.23241 -3.005966 0.01
v -1.248109 -3.002908 0.01
v -1.264053 -3.001598 0.01
v -1.286407 -3.003033 0.01
v -1.303107 -3.007222 0.01
v -1.315588 -3.0137 0.01
v -1.326457 -3.023031 0.01
v -1.337845 -3.03858 0.01
v -1.348357 -3.06394 0.01
v -1.360038 -3.13773 0.01
v -1.364095 -3.250479 0.01
v -1.356472 -3.336741 0.01
v -1.342976 -3.382859 0.01
v -1.328345 -3.409176 0.01
v -1.316111 -3.423983 0.01
v -1.303895 -3.433533 0.01
v -1.294924 -3.437981 0.01
v -1.275697 -3.442888 0.01
v -1.236032 -3.448221 0.01
v -1.204389 -3.451843 0.01
v -1.192642 -3.454988 0.01
v -1.185084 -3.459541 0.01
v -1.18274 -3.460908 0.01
v -1.182122 -3.461112 0.01
v -1.180484 -3.461041 0.01
v -1.179526 -3.460732 0.01
v -1.177103 -3.45922 0.01
v -1.16712 -3.450696 0.01
v -1.160494 -3.443852 0.01
v -1.151865 -3.434583 0.01
v -1.150075 -3.432623 0.01
v -1.148847 -3.431088 0.01
v -1.148003 -3.429836 0.01
v -1.147488 -3.428855 0.01
v -1.147237 -3.428075 0.01
v -1.147173 -3.427424 0.01
v -1.147274 -3.426755 0.01
v -1.147924 -3.425201 0.01
v -1.148233 -3.424652 0.01
v -1.148589 -3.424214 0.01
v -1.14897 -3.423931 0.01
v -1.149572 -3.423681 0.01
v -1.149768 -3.42363 0.01
v -1.151254 -3.423468 0.01
v -1.154102 -3.423716 0.01
v -1.164117 -3.423716 0.01
v -1.175623 -3.423716 0.01
v -1.175623 -3.046878 0.01
v -1.170809 -3.044607 0.01
v -1.19576 -3.041871 0.01
v -1.287865 -3.411745 0.01
v -1.299481 -3.406622 0.01
v -1.308167 -3.399741 0.01
v -1.31638 -3.389218 0.01
v -1.331359 -3.355076 0.01
v -1.218027 -3.422331 0.01
v -1.206895 -3.422651 0.01
v -1.19576 -3.422331 0.01
v -1.209397 -3.036118 0.01
v -1.240011 -3.029149 0.01
v -1.271298 -3.026742 0.01
v -1.24967 -3.418709 0.01
v -1.2718 -3.415808 0.01
v -1.288963 -3.030033 0.01
v -1.343104 -3.282346 0.01
v -1.343959 -3.187194 0.01
v -1.335551 -3.089445 0.01
v -1.303465 -3.03549 0.01
v -1.311798 -3.041346 0.01
v -1.321109 -3.052252 0.01
v -1.329196 -3.067747 0.01
v -1.24967 -3.418709 0.0
v -1.218027 -3.422331 0.0
v -1.2718 -3.415808 0.0
v -1.287865 -3.411745 0.0
v -1.299481 -3.406622 0.0
v -1.308167 -3.399741 0.0
v -1.31638 -3.389218 0.0
v -1.331359 -3.355076 0.0
v -1.343104 -3.282346 0.0
v -1.343959 -3.187194 0.0
v -1.335551 -3.089445 0.0
v -1.329196 -3.067747 0.0
v -1.321109 -3.052252 0.0
v -1.311798 -3.041346 0.0
v -1.303465 -3.03549 0.0
v -1.288963 -3.030033 0.0
v -1.271298 -3.026742 0.0
v -1.240011 -3.029149 0.0
v -1.209397 -3.036118 0.0
v -1.19576 -3.041871 0.0
v -1.19576 -3.422331 0.0
v -1.206895 -3.422651 0.0
v -0.997805 -3.195824 0.01
v -0.937396 -3.203708 0.01
v -1.022739 -3.190762 0.01
v -1.0387 -3.185095 0.01
v -1.045962 -3.180695 0.01
v -1.052461 -3.177072 0.01
v -1.073343 -3.197954 0.01
v -1.074873 -3.19998 0.01
v -1.075827 -3.20163 0.01
v -1.07638 -3.203181 0.01
v -1.076546 -3.204464 0.01
v -1.076388 -3.205756 0.01
v -1.075944 -3.206926 0.01
v -1.07517 -3.208081 0.01
v -1.074091 -3.209061 0.01
v -1.073221 -3.209569 0.01
v -1.071852 -3.210015 0.01
v -1.069721 -3.210207 0.01
v -0.937396 -3.228852 0.01
v -0.937396 -3.423716 0.01
v -1.044577 -3.408694 0.01
v -1.054975 -3.405996 0.01
v -1.064713 -3.401449 0.01
v -1.071106 -3.397827 0.01
v -1.091242 -3.4202 0.01
v -1.093227 -3.422827 0.01
v -1.093908 -3.424363 0.01
v -1.094173 -3.425816 0.01
v -1.094106 -3.427094 0.01
v -1.093687 -3.42847 0.01
v -1.092968 -3.429875 0.01
v -1.0925 -3.430468 0.01
v -1.091997 -3.430858 0.01
v -1.091192 -3.431208 0.01
v -1.088832 -3.431619 0.01
v -1.086981 -3.431707 0.01
v -1.07622 -3.432346 0.01
v -1.021764 -3.439031 0.01
v -0.967547 -3.447475 0.01
v -0.93452 -3.453228 0.01
v -0.926653 -3.456134 0.01
v -0.921904 -3.457403 0.01
v -0.918454 -3.457649 0.01
v -0.915919 -3.457248 0.01
v -0.913937 -3.456422 0.01
v -0.912267 -3.455186 0.01
v -0.911169 -3.453829 0.01
v -0.910237 -3.451832 0.01
v -0.909681 -3.449023 0.01
v -0.91001 -3.44325 0.01
v -0.910015 -3.443213 0.01
v -0.914667 -3.42509 0.01
v -0.916514 -3.406456 0.01
v -0.916514 -3.392819 0.01
v -0.916953 -3.383818 0.01
v -0.91726 -3.374814 0.01
v -0.916514 -3.045493 0.01
v -0.908785 -3.036546 0.01
v -0.904165 -3.030802 0.01
v -0.901222 -3.026913 0.01
v -0.899611 -3.023689 0.01
v -0.898844 -3.020804 0.01
v -0.898759 -3.01881 0.01
v -0.898698 -3.017383 0.01
v -0.898677 -3.015877 0.01
v -0.8988 -3.015408 0.01
v -0.899023 -3.015002 0.01
v -0.899445 -3.014543 0.01
v -0.900187 -3.014051 0.01
v -0.901219 -3.013675 0.01
v -0.902533 -3.013541 0.01
v -0.905007 -3.01385 0.01
v -0.918645 -3.015981 0.01
v -0.930868 -3.017486 0.01
v -0.943149 -3.017473 0.01
v -0.94528 -3.017473 0.01
v -0.959368 -3.017228 0.01
v -0.973301 -3.015235 0.01
v -1.001428 -3.010228 0.01
v -1.026195 -3.005217 0.01
v -1.046052 -2.997985 0.01
v -1.049585 -2.995845 0.01
v -1.056083 -2.991583 0.01
v -1.076859 -3.013105 0.01
v -1.078246 -3.01547 0.01
v -1.079104 -3.017193 0.01
v -1.079574 -3.018494 0.01
v -1.079735 -3.019551 0.01
v -1.079644 -3.020539 0.01
v -1.079311 -3.021518 0.01
v -1.078736 -3.02242 0.01
v -1.077926 -3.023225 0.01
v -1.076685 -3.023998 0.01
v -1.075303 -3.024432 0.01
v -1.073343 -3.024611 0.01
v -1.061837 -3.026103 0.01
v -1.044905 -3.028301 0.01
v -1.027956 -3.030365 0.01
v -0.937396 -3.045493 0.01
v -0.827871 -3.002344 0.01
v -0.817111 -3.002344 0.01
v -0.827871 -3.194332 0.01
v -0.814234 -3.194332 0.01
v -0.808157 -3.093075 0.01
v -0.799143 -3.060316 0.01
v -0.789553 -3.041847 0.01
v -0.780722 -3.031579 0.01
v -0.769403 -3.0237 0.01
v -0.758597 -3.019619 0.01
v -0.750948 -3.018112 0.01
v -0.735906 -3.019038 0.01
v -0.723163 -3.023432 0.01
v -0.710967 -3.031009 0.01
v -0.698997 -3.042965 0.01
v -0.68656 -3.062601 0.01
v -0.669932 -3.110591 0.01
v -0.663855 -3.14612 0.01
v -0.661027 -3.261986 0.01
v -0.678821 -3.364747 0.01
v -0.690089 -3.394779 0.01
v -0.704859 -3.415925 0.01
v -0.715336 -3.425828 0.01
v -0.724644 -3.431652 0.01
v -0.73398 -3.434773 0.01
v -0.745195 -3.435968 0.01
v -0.761501 -3.434679 0.01
v -0.777047 -3.428905 0.01
v -0.789615 -3.420302 0.01
v -0.799781 -3.408916 0.01
v -0.808968 -3.391801 0.01
v -0.81895 -3.350499 0.01
v -0.823503 -3.320158 0.01
v -0.827125 -3.282122 0.01
v -0.838632 -3.282762 0.01
v -0.833059 -3.368952 0.01
v -0.824356 -3.402511 0.01
v -0.812656 -3.425662 0.01
v -0.800327 -3.440488 0.01
v -0.784486 -3.451655 0.01
v -0.767078 -3.458133 0.01
v -0.75521 -3.459727 0.01
v -0.734572 -3.458685 0.01
v -0.71509 -3.452065 0.01
v -0.700502 -3.443017 0.01
v -0.688262 -3.430179 0.01
v -0.67283 -3.40465 0.01
v -0.653034 -3.346457 0.01
v -0.644019 -3.288507 0.01
v -0.644513 -3.150437 0.01
v -0.661928 -3.072017 0.01
v -0.679541 -3.034489 0.01
v -0.694787 -3.016246 0.01
v -0.714056 -3.001885 0.01
v -0.724835 -2.996689 0.01
v -0.735258 -2.994532 0.01
v -0.745195 -2.99446 0.01
v -0.766038 -2.999912 0.01
v -0.782195 -3.008602 0.01
v -0.797692 -3.022622 0.01
v -0.805604 -3.033241 0.01
v -0.811997 -3.044748 0.01
v -0.461155 -3.015235 0.01
v -0.429512 -2.975708 0.01
v -0.453513 -3.031327 0.01
v -0.4506 -3.051765 0.01
v -0.450394 -3.060622 0.01
v -0.450394 -3.427339 0.01
v -0.50575 -3.422795 0.01
v -0.532129 -3.418655 0.01
v -0.541557 -3.416346 0.01
v -0.547048 -3.413481 0.01
v -0.554377 -3.407228 0.01
v -0.557469 -3.405817 0.01
v -0.574235 -3.420629 0.01
v -0.582116 -3.427922 0.01
v -0.584549 -3.430395 0.01
v -0.58567 -3.432281 0.01
v -0.58663 -3.435475 0.01
v -0.586981 -3.438099 0.01
v -0.586136 -3.439734 0.01
v -0.58551 -3.440422 0.01
v -0.584441 -3.441131 0.01
v -0.582547 -3.441833 0.01
v -0.581063 -3.442086 0.01
v -0.570432 -3.442128 0.01
v -0.540634 -3.44623 0.01
v -0.528133 -3.447567 0.01
v -0.486299 -3.451097 0.01
v -0.456147 -3.453974 0.01
v -0.439527 -3.455359 0.01
v -0.434507 -3.456519 0.01
v -0.432738 -3.456443 0.01
v -0.431637 -3.456157 0.01
v -0.430802 -3.455722 0.01
v -0.43006 -3.45507 0.01
v -0.429189 -3.453923 0.01
v -0.428176 -3.451994 0.01
v -0.427798 -3.450307 0.01
v -0.427963 -3.446082 0.01
v -0.430169 -3.4256 0.01
v -0.430258 -3.424462 0.01
v -0.431643 -3.382058 0.01
v -0.431643 -3.058385 0.01
v -0.431122 -3.023302 0.01
v -0.42589 -2.988707 0.01
v -0.424505 -2.981462 0.01
v -3.8 -3.2 5.0
v -3.8 -2.7 5.0
v 2.735902 -0.337566 8.3224
v 0.764098 -0.337566 8.3224
v 0.79919 -0.448764 8.3224
v 2.397537 -0.871912 8.3224
v 2.522581 -0.749097 8.3224
v 2.624682 -0.606637 8.3224
v 2.70081 -0.448764 8.3224
v 1.75 -1.104671 8.3224
v 0.875318 -0.606637 8.3224
v 1.575382 -1.08957 8.3224
v 0.97742 -0.749097 8.3224
v 1.102463 -0.871912 8.3224
v 1.246734 -0.971436 8.3224
v 1.40595 -1.044714 8.3224
v 1.924618 -1.08957 8.3224
v 2.09405 -1.044714 8.3224
v 2.253266 -0.971436 8.3224
v 0.619575 -0.535028 8.122399
v 0.703324 -0.708706 8.122399
v 0.709184 -0.705228 8.174163
v 0.974261 -1.025287 8.122399
v 0.975133 -1.026143 8.122399
v 0.979472 -1.020888 8.174163
v 1.233656 -1.184764 8.122399
v 1.338297 -1.232925 8.122399
v 1.340602 -1.226511 8.174163
v 1.522326 -1.281644 8.122399
v 1.541046 -1.2866 8.122399
v 1.542216 -1.279887 8.174163
v 1.826061 -1.298093 8.122399
v 1.958954 -1.2866 8.122399
v 1.957784 -1.279887 8.174163
v 2.400097 -1.112214 8.122399
v 2.524867 -1.026143 8.122399
v 2.520528 -1.020888 8.174163
v 0.635376 -0.337566 8.278356
v 0.619797 -0.337566 8.262848
v 0.666987 -0.498986 8.263821
v 2.761042 -0.337566 8.320908
v 2.7492 -0.467147 8.315584
v 2.83822 -0.337566 8.294821
v 2.829629 -0.337566 8.300451
v 2.794292 -0.484277 8.295605
v 2.809211 -0.337566 8.309294
v 2.78884 -0.337566 8.314205
v 2.870029 -0.337566 8.273971
v 2.833013 -0.498986 8.263821
v 2.881043 -0.337566 8.263632
v 2.886251 -0.337566 8.258742
v 2.862725 -0.510274 8.222401
v 2.91458 -0.337566 8.221
v 2.924363 -0.337566 8.201778
v 2.881403 -0.517369 8.174163
v 2.932954 -0.337566 8.173801
v 2.925969 -0.389399 8.122399
v 2.941153 -0.337566 8.122399
v 2.94062 -0.337566 8.136836
v 2.938013 -0.337566 8.157323
v 2.887774 -0.519789 8.122399
v 2.81404 -0.672697 8.122399
v 0.558847 -0.337566 8.122399
v 0.612226 -0.519789 8.122399
v 0.560469 -0.337566 8.147552
v 0.618597 -0.517369 8.174163
v 0.589735 -0.337566 8.228099
v 0.586857 -0.337566 8.222116
v 0.637275 -0.510274 8.222401
v 0.56939 -0.337566 8.185804
v 0.566633 -0.337566 8.173981
v 0.601448 -0.337566 8.244582
v 0.651055 -0.337566 8.289487
v 0.705708 -0.484277 8.295605
v 0.661728 -0.337566 8.294658
v 0.695205 -0.337566 8.310875
v 0.7508 -0.467147 8.315584
v 0.710813 -0.337566 8.315482
v 0.713485 -0.337566 8.316271
v 2.5619 -0.782764 8.315584
v 2.430493 -0.91183 8.315584
v 2.598539 -0.814137 8.295605
v 2.461202 -0.949027 8.295605
v 2.630002 -0.841078 8.263821
v 2.487573 -0.98097 8.263821
v 2.654145 -0.86175 8.222401
v 2.507808 -1.00548 8.222401
v 2.669321 -0.874745 8.174163
v 2.11156 -1.093427 8.315584
v 1.933504 -1.140565 8.315584
v 2.127876 -1.138819 8.295605
v 1.941786 -1.188085 8.295605
v 2.141888 -1.177799 8.263821
v 1.948897 -1.228891 8.263821
v 2.152639 -1.207709 8.222401
v 1.954354 -1.260203 8.222401
v 2.159398 -1.226511 8.174163
v 0.9381 -0.782764 8.315584
v 0.830803 -0.633055 8.315584
v 0.901461 -0.814137 8.295605
v 0.789321 -0.657671 8.295605
v 0.869998 -0.841078 8.263821
v 0.7537 -0.678811 8.263821
v 0.845855 -0.86175 8.222401
v 0.726367 -0.695031 8.222401
v 0.830679 -0.874745 8.174163
v 2.796676 -0.708706 8.122399
v 2.790816 -0.705228 8.174163
v 2.773633 -0.695031 8.222401
v 2.7463 -0.678811 8.263821
v 2.710679 -0.657671 8.295605
v 2.669197 -0.633055 8.315584
v 2.674498 -0.879178 8.122399
v 2.634756 -0.918211 8.122399
v 2.352226 -1.145237 8.122399
v 2.348854 -1.139315 8.174163
v 2.338968 -1.121953 8.222401
v 2.323241 -1.094332 8.263821
v 2.302746 -1.058337 8.295605
v 2.278879 -1.016419 8.315584
v 2.161703 -1.232925 8.122399
v 2.125425 -1.242529 8.122399
v 1.75 -1.304671 8.122399
v 1.75 -1.297856 8.174163
v 1.75 -1.277876 8.222401
v 1.75 -1.246093 8.263821
v 1.75 -1.204671 8.295605
v 1.75 -1.156435 8.315584
v 1.566496 -1.140565 8.315584
v 1.558214 -1.188085 8.295605
v 1.551103 -1.228891 8.263821
v 1.545646 -1.260203 8.222401
v 1.347361 -1.207709 8.222401
v 1.358112 -1.177799 8.263821
v 1.372124 -1.138819 8.295605
v 1.38844 -1.093427 8.315584
v 1.147774 -1.145237 8.122399
v 1.151146 -1.139315 8.174163
v 1.161032 -1.121953 8.222401
v 1.176759 -1.094332 8.263821
v 1.197254 -1.058337 8.295605
v 1.221121 -1.016419 8.315584
v 1.069507 -0.91183 8.315584
v 1.038798 -0.949027 8.295605
v 1.012427 -0.98097 8.263821
v 0.992192 -1.00548 8.222401
v 0.825502 -0.879178 8.122399
v 0.768999 -0.800341 8.122399
v 3.5 -3.2 5.0
v 3.5 -2.7 5.0
v 3.0 -2.728931 0.538851
v 0.5 -2.728931 0.538851
v 2.35 -2.728931 3.026037
v 3.0 -2.728931 3.724382
v 2.35 -2.728931 1.407071
v 1.15 -2.728931 1.407071
v 1.15 -2.728931 3.026037
v 0.5 -2.728931 3.724382
v 0.5 -2.181479 3.724382
v 3.0 -2.181479 3.724382
v 0.5 -2.181479 6.382322
v 3.0 -2.181479 6.382322
v 0.848998 -0.328989 6.382322
v 0.817214 -0.087566 6.382322
v 0.5 1.779099 6.382322
v 0.848998 0.153857 6.382322
v 2.557817 -0.553959 6.382322
v 2.409579 -0.747145 6.382322
v 2.216393 -0.895382 6.382322
v 2.651002 -0.328989 6.382322
v 2.682786 -0.087566 6.382322
v 3.0 1.779099 6.382322
v 2.651002 0.153857 6.382322
v 2.557817 0.378827 6.382322
v 2.409579 0.572013 6.382322
v 2.216393 0.720251 6.382322
v 0.942184 -0.553959 6.382322
v 1.090421 -0.747145 6.382322
v 1.283607 -0.895382 6.382322
v 1.508577 -0.988568 6.382322
v 1.75 -1.020352 6.382322
v 1.991423 -0.988568 6.382322
v 1.991423 0.813436 6.382322
v 1.75 0.84522 6.382322
v 1.508577 0.813436 6.382322
v 1.283607 0.720251 6.382322
v 1.090421 0.572013 6.382322
v 0.942184 0.378827 6.382322
v 2.0 1.779099 3.646256
v 3.0 1.779099 3.646256
v 2.0 1.779099 3.65
v 1.5 1.779099 3.65
v 1.5 1.779099 3.646256
v 0.5 1.779099 3.646256
v 1.5 1.989053 3.646256
v 0.5 2.398976 3.646256
v 2.0 1.989053 3.646256
v 3.0 2.398976 3.646256
v 0.5 2.398976 5.138717
v 3.0 2.398976 5.138717
v 0.5 2.925001 5.138717
v 1.15 2.925001 5.138717
v 2.35 2.925001 5.138717
v 3.0 2.925001 5.138717
v 1.15 2.925001 2.0
v 2.35 2.925001 2.0
v 2.682786 -0.087566 6.758103
v 2.651002 0.153857 6.758103
v 2.557817 0.378827 6.758103
v 2.409579 0.572013 6.758103
v 2.216393 0.720251 6.758103
v 1.991423 0.813436 6.758103
v 1.75 0.84522 6.758103
v 1.508577 0.813436 6.758103
v 1.283607 0.720251 6.758103
v 1.090421 0.572013 6.758103
v 0.942184 0.378827 6.758103
v 0.848998 0.153857 6.758103
v 0.817214 -0.087566 6.758103
v 0.848998 -0.328989 6.758103
v 0.942184 -0.553959 6.758103
v 1.090421 -0.747145 6.758103
v 1.283607 -0.895382 6.758103
v 1.508577 -0.988568 6.758103
v 1.75 -1.020352 6.758103
v 1.991423 -0.988568 6.758103
v 2.216393 -0.895382 6.758103
v 2.409579 -0.747145 6.758103
v 2.557817 -0.553959 6.758103
v 2.651002 -0.328989 6.758103
v 1.908759 -1.395068 6.758103
v 2.217052 -1.319081 6.758103
v 2.498201 -1.171522 6.758103
v 2.735868 -0.960968 6.758103
v 2.916239 -0.699655 6.758103
v 3.028833 -0.40277 6.758103
v 3.067106 -0.087566 6.758103
v 3.028833 0.227638 6.758103
v 2.916239 0.524524 6.758103
v 2.735868 0.785837 6.758103
v 2.498201 0.996391 6.758103
v 2.217052 1.143949 6.758103
v 1.908759 1.219936 6.758103
v 1.591241 1.219936 6.758103
v 1.282948 1.143949 6.758103
v 1.001799 0.996391 6.758103
v 0.764132 0.785837 6.758103
v 0.583761 0.524524 6.758103
v 0.471167 0.227638 6.758103
v 0.432894 -0.087566 6.758103
v 0.471167 -0.40277 6.758103
v 0.583761 -0.699655 6.758103
v 0.764132 -0.960968 6.758103
v 1.001799 -1.171522 6.758103
v 1.282948 -1.319081 6.758103
v 1.591241 -1.395068 6.758103
v 1.15 -2.975126 3.026037
v 2.35 -2.975126 3.026037
v 1.15 -3.2 3.510904
v 2.35 -3.2 3.510904
v 1.15 -2.975126 1.407071
v 2.35 -2.975126 1.407071
v 2.35 -3.2 1.291951
v 1.15 -3.2 1.291951
v 2.0 1.710313 3.65
v 1.5 1.710313 3.65
v 2.0 2.61675 2.95
v 1.5 2.61675 2.95
v 1.5 2.595922 3.119486
v 2.0 2.595922 3.119486
v 1.5 2.534677 3.278887
v 2.0 2.534677 3.278887
v 1.5 2.43666 3.418715
v 2.0 2.43666 3.418715
v 1.5 2.307703 3.530651
v 2.0 2.307703 3.530651
v 1.5 2.155482 3.608033
v 2.0 2.155482 3.608033
v 2.0 -0.821249 3.626617
v 2.0 -0.821249 3.15
v 2.0 1.710313 3.626617
v 2.0 1.91675 3.15
v 2.0 1.968514 3.143185
v 2.0 -0.15 -2.8
v 2.0 0.35 -2.8
v 2.0 -0.15 -0.178606
v 2.0 0.35 -0.178606
v 2.0 -0.126148 0.002568
v 2.0 0.356815 -0.126842
v 2.0 -0.056218 0.171394
v 2.0 0.376795 -0.078606
v 2.0 0.055025 0.316369
v 2.0 0.408579 -0.037184
v 2.0 0.2 0.427612
v 2.0 0.45 -0.005401
v 2.0 0.368827 0.497542
v 2.0 0.498236 0.014579
v 2.0 0.55 0.521394
v 2.0 0.55 0.021394
v 2.0 1.91675 0.521394
v 2.0 1.91675 0.021394
v 2.0 1.968514 0.528209
v 2.0 2.097924 0.045246
v 2.0 2.01675 0.548189
v 2.0 2.26675 0.115176
v 2.0 2.058172 0.579973
v 2.0 2.411725 0.22642
v 2.0 2.089955 0.621394
v 2.0 2.522968 0.371394
v 2.0 2.109936 0.66963
v 2.0 2.592898 0.540221
v 2.0 2.11675 0.721394
v 2.0 2.61675 0.721394
v 2.0 2.11675 2.95
v 2.0 2.109936 3.001764
v 2.0 2.089955 3.05
v 2.0 2.058172 3.091421
v 2.0 2.01675 3.123205
v 1.5 1.710313 3.626617
v 1.5 2.109936 3.001764
v 1.5 2.089955 3.05
v 1.5 2.058172 3.091421
v 1.5 2.01675 3.123205
v 1.5 -0.821249 3.15
v 1.5 -0.821249 3.626617
v 1.5 1.91675 3.15
v 1.5 1.968514 3.143185
v 1.5 0.35 -2.8
v 1.5 -0.15 -2.8
v 1.5 0.35 -0.178606
v 1.5 -0.15 -0.178606
v 1.5 0.356815 -0.126842
v 1.5 -0.126148 0.002568
v 1.5 0.376795 -0.078606
v 1.5 -0.056218 0.171394
v 1.5 0.408579 -0.037184
v 1.5 0.055025 0.316369
v 1.5 0.45 -0.005401
v 1.5 0.2 0.427612
v 1.5 0.498236 0.014579
v 1.5 0.368827 0.497542
v 1.5 0.55 0.021394
v 1.5 0.55 0.521394
v 1.5 1.91675 0.021394
v 1.5 1.91675 0.521394
v 1.5 2.097924 0.045246
v 1.5 1.968514 0.528209
v 1.5 2.26675 0.115176
v 1.5 2.01675 0.548189
v 1.5 2.411725 0.22642
v 1.5 2.058172 0.579973
v 1.5 2.522968 0.371394
v 1.5 2.089955 0.621394
v 1.5 2.592898 0.540221
v 1.5 2.109936 0.66963
v 1.5 2.61675 0.721394
v 1.5 2.11675 0.721394
v 1.5 2.11675 2.95
v 1.6 -0.05 -3.8
v 1.6 0.25 -3.8
v 1.9 -0.05 -3.8
v 1.9 0.25 -3.8
v 0.75 -2.101473 0.850953
v 1.0 -2.101473 1.49734
v 1.0 -2.101473 3.626617
v 2.5 -2.101473 1.49734
v 2.75 -2.101473 0.850953
v 2.5 -2.101473 3.626617
v 2.75 -2.101473 4.919393
v 0.75 -2.101473 4.919393
v 2.5 1.710313 3.626617
v 1.0 1.710313 3.626617
v 0.75 1.710313 4.919393
v 0.75 1.710313 0.850953
v 1.0 1.710313 1.49734
v 2.75 1.710313 0.850953
v 2.5 1.710313 1.49734
v 2.75 1.710313 4.919393
v 2.611512 -0.087566 7.298719
v 2.582157 0.13541 4.919393
v 2.582157 0.13541 7.298719
v 2.496092 0.34319 4.919393
v 2.496092 0.34319 7.298719
v 2.359181 0.521615 4.919393
v 2.359181 0.521615 7.298719
v 2.180756 0.658526 4.919393
v 2.180756 0.658526 7.298719
v 1.972976 0.744591 4.919393
v 1.972976 0.744591 7.298719
v 1.75 0.773947 4.919393
v 1.75 0.773947 7.298719
v 1.527024 0.744591 4.919393
v 1.527024 0.744591 7.298719
v 1.319244 0.658526 4.919393
v 1.319244 0.658526 7.298719
v 1.140819 0.521615 4.919393
v 1.140819 0.521615 7.298719
v 1.003909 0.34319 4.919393
v 1.003909 0.34319 7.298719
v 0.917843 0.13541 4.919393
v 0.917843 0.13541 7.298719
v 0.888488 -0.087566 4.919393
v 0.888488 -0.087566 7.298719
v 0.917843 -0.310542 4.919393
v 0.917843 -0.310542 7.298719
v 1.003909 -0.518322 4.919393
v 1.003909 -0.518322 7.298719
v 1.140819 -0.696747 4.919393
v 1.140819 -0.696747 7.298719
v 1.319244 -0.833657 4.919393
v 1.319244 -0.833657 7.298719
v 1.527024 -0.919723 4.919393
v 1.527024 -0.919723 7.298719
v 1.75 -0.949078 4.919393
v 1.75 -0.949078 7.298719
v 1.972976 -0.919723 4.919393
v 1.972976 -0.919723 7.298719
v 2.180756 -0.833657 4.919393
v 2.180756 -0.833657 7.298719
v 2.359181 -0.696747 4.919393
v 2.359181 -0.696747 7.298719
v 2.496092 -0.518322 4.919393
v 2.496092 -0.518322 7.298719
v 2.582157 -0.310542 4.919393
v 2.582157 -0.310542 7.298719
v 2.611512 -0.087566 4.919393
v 0.765341 -0.802962 7.298719
v 0.618364 -0.535612 7.298719
v 0.542492 -0.24011 7.298719
v 0.542492 0.064978 7.298719
v 0.618364 0.360481 7.298719
v 0.765341 0.627831 7.298719
v 0.974188 0.85023 7.298719
v 1.231782 1.013704 7.298719
v 1.521937 1.107981 7.298719
v 1.826423 1.127138 7.298719
v 2.126106 1.06997 7.298719
v 2.402158 0.94007 7.298719
v 2.637232 0.7456 7.298719
v 2.816558 0.498779 7.298719
v 2.928868 0.215116 7.298719
v 2.967105 -0.087566 7.298719
v 2.928868 -0.390248 7.298719
v 2.816558 -0.673911 7.298719
v 2.637232 -0.920732 7.298719
v 2.402158 -1.115202 7.298719
v 2.126106 -1.245102 7.298719
v 1.826423 -1.30227 7.298719
v 1.521937 -1.283113 7.298719
v 1.231782 -1.188836 7.298719
v 0.974188 -1.025362 7.298719
v 0.542492 -0.24011 7.8224
v 0.542492 0.064978 7.8224
v 2.941153 -0.337566 7.8224
v 2.967105 -0.087566 7.8224
v 2.941153 0.162434 7.8224
v 0.558847 0.162434 7.8224
v 0.558847 0.162434 8.122399
v 0.612226 0.344657 8.122399
v 0.558847 -0.337566 7.8224
v 0.619575 0.359897 8.122399
v 0.703324 0.533574 8.122399
v 0.768999 0.625209 8.122399
v 0.825502 0.704046 8.122399
v 0.974261 0.850155 8.122399
v 0.975133 0.851011 8.122399
v 1.147774 0.970106 8.122399
v 1.522326 1.106513 8.122399
v 1.338297 1.057793 8.122399
v 1.233656 1.009632 8.122399
v 1.541046 1.111469 8.122399
v 1.75 1.12954 8.122399
v 2.125425 1.067397 8.122399
v 1.958954 1.111469 8.122399
v 1.826061 1.122962 8.122399
v 2.161703 1.057793 8.122399
v 2.352226 0.970106 8.122399
v 2.634756 0.74308 8.122399
v 2.524867 0.851011 8.122399
v 2.400097 0.937083 8.122399
v 2.674498 0.704046 8.122399
v 2.796676 0.533574 8.122399
v 2.941153 0.162434 8.122399
v 2.925969 0.214267 8.122399
v 2.887774 0.344657 8.122399
v 2.81404 0.497565 8.122399
v 2.624682 0.431506 8.3224
v 0.79919 0.273633 8.3224
v 2.70081 0.273633 8.3224
v 0.764098 0.162434 8.3224
v 2.735902 0.162434 8.3224
v 2.522581 0.573965 8.3224
v 2.397537 0.69678 8.3224
v 2.253266 0.796305 8.3224
v 2.09405 0.869583 8.3224
v 1.924618 0.914438 8.3224
v 1.75 0.92954 8.3224
v 1.575382 0.914438 8.3224
v 1.40595 0.869583 8.3224
v 1.246734 0.796305 8.3224
v 1.102463 0.69678 8.3224
v 0.97742 0.573965 8.3224
v 0.875318 0.431506 8.3224
v 2.520528 0.845756 8.174163
v 1.957784 1.104755 8.174163
v 1.340602 1.05138 8.174163
v 0.830679 0.699614 8.174163
v 0.709184 0.530096 8.174163
v 0.618597 0.342237 8.174163
v 2.937033 0.162434 8.162356
v 2.933173 0.162434 8.173838
v 2.881403 0.342237 8.174163
v 2.922165 0.162434 8.206576
v 2.862725 0.335142 8.222401
v 2.833013 0.323855 8.263821
v 2.883985 0.162434 8.26108
v 2.913059 0.162434 8.223578
v 2.829438 0.162434 8.300547
v 2.838208 0.162434 8.294803
v 2.794292 0.309145 8.295605
v 2.87008 0.162434 8.273928
v 2.88113 0.162434 8.263719
v 2.7492 0.292015 8.315584
v 2.744587 0.162434 8.322222
v 2.763914 0.162434 8.320545
v 2.788807 0.162434 8.314166
v 2.812108 0.162434 8.308194
v 0.714568 0.162434 8.316535
v 0.7508 0.292015 8.315584
v 0.705708 0.309145 8.295605
v 0.695315 0.162434 8.310913
v 0.710825 0.162434 8.315442
v 0.619766 0.162434 8.262899
v 0.633232 0.162434 8.276652
v 0.666987 0.323855 8.263821
v 0.651385 0.162434 8.289699
v 0.661712 0.162434 8.294685
v 0.599949 0.162434 8.242661
v 0.637275 0.335142 8.222401
v 0.587572 0.162434 8.224625
v 0.56939 0.162434 8.185804
v 0.566852 0.162434 8.17395
v 0.559683 0.162434 8.140468
v 1.221121 0.841288 8.315584
v 1.38844 0.918295 8.315584
v 1.197254 0.883205 8.295605
v 1.372124 0.963688 8.295605
v 1.176759 0.919201 8.263821
v 1.358112 1.002667 8.263821
v 1.161032 0.946821 8.222401
v 1.347361 1.032578 8.222401
v 1.151146 0.964184 8.174163
v 1.75 0.981304 8.315584
v 1.933504 0.965434 8.315584
v 1.75 1.02954 8.295605
v 1.941786 1.012954 8.295605
v 1.75 1.070961 8.263821
v 1.948897 1.05376 8.263821
v 1.75 1.102745 8.222401
v 1.954354 1.085072 8.222401
v 1.75 1.122725 8.174163
v 2.278879 0.841288 8.315584
v 2.430493 0.736698 8.315584
v 2.302746 0.883205 8.295605
v 2.461202 0.773896 8.295605
v 2.323241 0.919201 8.263821
v 2.487573 0.805838 8.263821
v 2.338968 0.946821 8.222401
v 2.507808 0.830348 8.222401
v 2.348854 0.964184 8.174163
v 2.669197 0.457923 8.315584
v 2.710679 0.48254 8.295605
v 2.7463 0.503679 8.263821
v 2.773633 0.519899 8.222401
v 2.790816 0.530096 8.174163
v 0.726367 0.519899 8.222401
v 0.7537 0.503679 8.263821
v 0.789321 0.48254 8.295605
v 0.830803 0.457923 8.315584
v 0.845855 0.686619 8.222401
v 0.869998 0.665946 8.263821
v 0.901461 0.639005 8.295605
v 0.9381 0.607632 8.315584
v 0.979472 0.845756 8.174163
v 0.992192 0.830348 8.222401
v 1.012427 0.805838 8.263821
v 1.038798 0.773896 8.295605
v 1.069507 0.736698 8.315584
v 1.542216 1.104755 8.174163
v 1.545646 1.085072 8.222401
v 1.551103 1.05376 8.263821
v 1.558214 1.012954 8.295605
v 1.566496 0.965434 8.315584
v 2.159398 1.05138 8.174163
v 2.152639 1.032578 8.222401
v 2.141888 1.002667 8.263821
v 2.127876 0.963688 8.295605
v 2.11156 0.918295 8.315584
v 2.669321 0.699614 8.174163
v 2.654145 0.686619 8.222401
v 2.630002 0.665946 8.263821
v 2.598539 0.639005 8.295605
v 2.5619 0.607632 8.315584
v 2.058023 -3.398572 0.01
v 2.03501 -3.291392 0.01
v 2.06889 -3.453228 0.01
v 2.073152 -3.470488 0.01
v 2.074143 -3.473028 0.01
v 2.074981 -3.474751 0.01
v 2.075757 -3.475919 0.01
v 2.076516 -3.476703 0.01
v 2.077233 -3.477179 0.01
v 2.077896 -3.477426 0.01
v 2.078429 -3.477499 0.01
v 2.078882 -3.477452 0.01
v 2.079206 -3.477329 0.01
v 2.079574 -3.477071 0.01
v 2.080063 -3.47652 0.01
v 2.080799 -3.475195 0.01
v 2.081261 -3.473494 0.01
v 2.082254 -3.465869 0.01
v 2.083273 -3.456105 0.01
v 2.086789 -3.425953 0.01
v 2.087764 -3.411986 0.01
v 2.087465 -3.405419 0.01
v 2.085951 -3.401049 0.01
v 2.084658 -3.398572 0.01
v 2.081036 -3.392073 0.01
v 2.071632 -3.360669 0.01
v 2.063776 -3.328788 0.01
v 1.98973 -2.98583 0.01
v 1.979715 -2.98583 0.01
v 1.90993 -3.294268 0.01
v 1.9013 -3.330279 0.01
v 1.897478 -3.347295 0.01
v 1.89267 -3.364053 0.01
v 1.887662 -3.37769 0.01
v 1.883045 -3.390599 0.01
v 1.880005 -3.395125 0.01
v 1.877473 -3.398171 0.01
v 1.876711 -3.399443 0.01
v 1.876366 -3.400523 0.01
v 1.87627 -3.402159 0.01
v 1.876885 -3.409472 0.01
v 1.877085 -3.412436 0.01
v 1.877541 -3.4202 0.01
v 1.880418 -3.452482 0.01
v 1.881909 -3.464735 0.01
v 1.882188 -3.468559 0.01
v 1.88261 -3.471251 0.01
v 1.882953 -3.473094 0.01
v 1.883261 -3.474232 0.01
v 1.883612 -3.475023 0.01
v 1.884001 -3.475561 0.01
v 1.884445 -3.47594 0.01
v 1.885006 -3.476225 0.01
v 1.885532 -3.476348 0.01
v 1.886086 -3.476341 0.01
v 1.886651 -3.476204 0.01
v 1.887258 -3.475908 0.01
v 1.887877 -3.475404 0.01
v 1.88857 -3.474494 0.01
v 1.889342 -3.472766 0.01
v 1.889793 -3.471234 0.01
v 1.894801 -3.442467 0.01
v 1.937204 -3.267739 0.01
v 1.984722 -3.054869 0.01
v 2.031494 -3.266248 0.01
v 1.938696 -3.256872 0.01
v 1.958087 -3.238227 0.01
v 1.976092 -3.250479 0.01
v 1.982728 -3.253962 0.01
v 2.003182 -3.26034 0.01
v 2.031494 -3.266248 0.0
v 1.984722 -3.054869 0.0
v 2.003182 -3.26034 0.0
v 1.982728 -3.253962 0.0
v 1.976092 -3.250479 0.0
v 1.958087 -3.238227 0.0
v 1.938696 -3.256872 0.0
v 2.346644 -3.03111 0.01
v 2.333752 -3.041871 0.01
v 2.349696 -3.028678 0.01
v 2.351554 -3.026618 0.01
v 2.352697 -3.024607 0.01
v 2.353296 -3.022467 0.01
v 2.353351 -3.020528 0.01
v 2.352918 -3.018533 0.01
v 2.352315 -3.017282 0.01
v 2.351328 -3.016126 0.01
v 2.350266 -3.015235 0.01
v 2.337268 -3.017473 0.01
v 2.322246 -3.017473 0.01
v 2.316122 -3.016347 0.01
v 2.309994 -3.015235 0.01
v 2.294865 -3.01385 0.01
v 2.26759 -3.005966 0.01
v 2.251891 -3.002908 0.01
v 2.235947 -3.001598 0.01
v 2.213593 -3.003033 0.01
v 2.196893 -3.007222 0.01
v 2.184412 -3.0137 0.01
v 2.173543 -3.023031 0.01
v 2.162155 -3.03858 0.01
v 2.151643 -3.06394 0.01
v 2.139962 -3.13773 0.01
v 2.135905 -3.250479 0.01
v 2.143528 -3.336741 0.01
v 2.157024 -3.382859 0.01
v 2.171655 -3.409176 0.01
v 2.183889 -3.423983 0.01
v 2.196105 -3.433533 0.01
v 2.205076 -3.437981 0.01
v 2.224303 -3.442888 0.01
v 2.263968 -3.448221 0.01
v 2.29561 -3.451843 0.01
v 2.307358 -3.454988 0.01
v 2.314916 -3.459541 0.01
v 2.31726 -3.460908 0.01
v 2.317878 -3.461112 0.01
v 2.319515 -3.461041 0.01
v 2.320474 -3.460732 0.01
v 2.322897 -3.45922 0.01
v 2.33288 -3.450696 0.01
v 2.339506 -3.443852 0.01
v 2.348135 -3.434583 0.01
v 2.349925 -3.432623 0.01
v 2.351153 -3.431088 0.01
v 2.351997 -3.429836 0.01
v 2.352512 -3.428855 0.01
v 2.352763 -3.428075 0.01
v 2.352827 -3.427424 0.01
v 2.352726 -3.426755 0.01
v 2.352076 -3.425201 0.01
v 2.351766 -3.424652 0.01
v 2.351411 -3.424214 0.01
v 2.35103 -3.423931 0.01
v 2.350428 -3.423681 0.01
v 2.350232 -3.42363 0.01
v 2.348746 -3.423468 0.01
v 2.345898 -3.423716 0.01
v 2.335883 -3.423716 0.01
v 2.324377 -3.423716 0.01
v 2.324377 -3.046878 0.01
v 2.329191 -3.044607 0.01
v 2.30424 -3.041871 0.01
v 2.212135 -3.411745 0.01
v 2.200519 -3.406622 0.01
v 2.191833 -3.399741 0.01
v 2.18362 -3.389218 0.01
v 2.168641 -3.355076 0.01
v 2.281973 -3.422331 0.01
v 2.293105 -3.422651 0.01
v 2.30424 -3.422331 0.01
v 2.290603 -3.036118 0.01
v 2.259989 -3.029149 0.01
v 2.228702 -3.026742 0.01
v 2.25033 -3.418709 0.01
v 2.2282 -3.415808 0.01
v 2.211037 -3.030033 0.01
v 2.156896 -3.282346 0.01
v 2.156041 -3.187194 0.01
v 2.164448 -3.089445 0.01
v 2.196535 -3.03549 0.01
v 2.188202 -3.041346 0.01
v 2.178891 -3.052252 0.01
v 2.170804 -3.067747 0.01
v 2.25033 -3.418709 0.0
v 2.281973 -3.422331 0.0
v 2.2282 -3.415808 0.0
v 2.212135 -3.411745 0.0
v 2.200519 -3.406622 0.0
v 2.191833 -3.399741 0.0
v 2.18362 -3.389218 0.0
v 2.168641 -3.355076 0.0
v 2.156896 -3.282346 0.0
v 2.156041 -3.187194 0.0
v 2.164448 -3.089445 0.0
v 2.170804 -3.067747 0.0
v 2.178891 -3.052252 0.0
v 2.188202 -3.041346 0.0
v 2.196535 -3.03549 0.0
v 2.211037 -3.030033 0.0
v 2.228702 -3.026742 0.0
v 2.259989 -3.029149 0.0
v 2.290603 -3.036118 0.0
v 2.30424 -3.041871 0.0
v 2.30424 -3.422331 0.0
v 2.293105 -3.422651 0.0
v 2.502195 -3.195824 0.01
v 2.562604 -3.203708 0.01
v 2.477261 -3.190762 0.01
v 2.4613 -3.185095 0.01
v 2.454038 -3.180695 0.01
v 2.447539 -3.177072 0.01
v 2.426657 -3.197954 0.01
v 2.425127 -3.19998 0.01
v 2.424173 -3.20163 0.01
v 2.42362 -3.203181 0.01
v 2.423454 -3.204464 0.01
v 2.423612 -3.205756 0.01
v 2.424056 -3.206926 0.01
v 2.42483 -3.208081 0.01
v 2.425909 -3.209061 0.01
v 2.426779 -3.209569 0.01
v 2.428148 -3.210015 0.01
v 2.430279 -3.210207 0.01
v 2.562604 -3.228852 0.01
v 2.562604 -3.423716 0.01
v 2.455423 -3.408694 0.01
v 2.445026 -3.405996 0.01
v 2.435287 -3.401449 0.01
v 2.428894 -3.397827 0.01
v 2.408758 -3.4202 0.01
v 2.406773 -3.422827 0.01
v 2.406092 -3.424363 0.01
v 2.405827 -3.425816 0.01
v 2.405894 -3.427094 0.01
v 2.406313 -3.42847 0.01
v 2.407032 -3.429875 0.01
v 2.4075 -3.430468 0.01
v 2.408003 -3.430858 0.01
v 2.408808 -3.431208 0.01
v 2.411168 -3.431619 0.01
v 2.413019 -3.431707 0.01
v 2.42378 -3.432346 0.01
v 2.478236 -3.439031 0.01
v 2.532453 -3.447475 0.01
v 2.56548 -3.453228 0.01
v 2.573347 -3.456134 0.01
v 2.578096 -3.457403 0.01
v 2.581547 -3.457649 0.01
v 2.584081 -3.457248 0.01
v 2.586063 -3.456422 0.01
v 2.587733 -3.455186 0.01
v 2.588832 -3.453829 0.01
v 2.589763 -3.451832 0.01
v 2.590319 -3.449023 0.01
v 2.58999 -3.44325 0.01
v 2.589985 -3.443213 0.01
v 2.585333 -3.42509 0.01
v 2.583486 -3.406456 0.01
v 2.583486 -3.392819 0.01
v 2.583047 -3.383818 0.01
v 2.58274 -3.374814 0.01
v 2.583486 -3.045493 0.01
v 2.591216 -3.036546 0.01
v 2.595835 -3.030802 0.01
v 2.598778 -3.026913 0.01
v 2.600389 -3.023689 0.01
v 2.601156 -3.020804 0.01
v 2.601241 -3.01881 0.01
v 2.601302 -3.017383 0.01
v 2.601323 -3.015877 0.01
v 2.6012 -3.015408 0.01
v 2.600977 -3.015002 0.01
v 2.600555 -3.014543 0.01
v 2.599813 -3.014051 0.01
v 2.598781 -3.013675 0.01
v 2.597466 -3.013541 0.01
v 2.594993 -3.01385 0.01
v 2.581355 -3.015981 0.01
v 2.569132 -3.017486 0.01
v 2.556851 -3.017473 0.01
v 2.55472 -3.017473 0.01
v 2.540632 -3.017228 0.01
v 2.526699 -3.015235 0.01
v 2.498572 -3.010228 0.01
v 2.473805 -3.005217 0.01
v 2.453948 -2.997985 0.01
v 2.450415 -2.995845 0.01
v 2.443916 -2.991583 0.01
v 2.423141 -3.013105 0.01
v 2.421754 -3.01547 0.01
v 2.420896 -3.017193 0.01
v 2.420426 -3.018494 0.01
v 2.420265 -3.019551 0.01
v 2.420356 -3.020539 0.01
v 2.420689 -3.021518 0.01
v 2.421264 -3.02242 0.01
v 2.422074 -3.023225 0.01
v 2.423315 -3.023998 0.01
v 2.424697 -3.024432 0.01
v 2.426657 -3.024611 0.01
v 2.438163 -3.026103 0.01
v 2.455096 -3.028301 0.01
v 2.472044 -3.030365 0.01
v 2.562604 -3.045493 0.01
v 2.672129 -3.002344 0.01
v 2.682889 -3.002344 0.01
v 2.672129 -3.194332 0.01
v 2.685766 -3.194332 0.01
v 2.691843 -3.093075 0.01
v 2.700857 -3.060316 0.01
v 2.710447 -3.041847 0.01
v 2.719278 -3.031579 0.01
v 2.730597 -3.0237 0.01
v 2.741403 -3.019619 0.01
v 2.749052 -3.018112 0.01
v 2.764094 -3.019038 0.01
v 2.776836 -3.023432 0.01
v 2.789033 -3.031009 0.01
v 2.801003 -3.042965 0.01
v 2.813441 -3.062601 0.01
v 2.830068 -3.110591 0.01
v 2.836145 -3.14612 0.01
v 2.838973 -3.261986 0.01
v 2.82118 -3.364747 0.01
v 2.809911 -3.394779 0.01
v 2.795141 -3.415925 0.01
v 2.784664 -3.425828 0.01
v 2.775356 -3.431652 0.01
v 2.76602 -3.434773 0.01
v 2.754805 -3.435968 0.01
v 2.738499 -3.434679 0.01
v 2.722954 -3.428905 0.01
v 2.710385 -3.420302 0.01
v 2.700219 -3.408916 0.01
v 2.691032 -3.391801 0.01
v 2.68105 -3.350499 0.01
v 2.676497 -3.320158 0.01
v 2.672875 -3.282122 0.01
v 2.661368 -3.282762 0.01
v 2.666941 -3.368952 0.01
v 2.675644 -3.402511 0.01
v 2.687344 -3.425662 0.01
v 2.699673 -3.440488 0.01
v 2.715514 -3.451655 0.01
v 2.732922 -3.458133 0.01
v 2.74479 -3.459727 0.01
v 2.765428 -3.458685 0.01
v 2.78491 -3.452065 0.01
v 2.799498 -3.443017 0.01
v 2.811738 -3.430179 0.01
v 2.82717 -3.40465 0.01
v 2.846966 -3.346457 0.01
v 2.855981 -3.288507 0.01
v 2.855487 -3.150437 0.01
v 2.838073 -3.072017 0.01
v 2.820459 -3.034489 0.01
v 2.805213 -3.016246 0.01
v 2.785944 -3.001885 0.01
v 2.775165 -2.996689 0.01
v 2.764742 -2.994532 0.01
v 2.754805 -2.99446 0.01
v 2.733962 -2.999912 0.01
v 2.717805 -3.008602 0.01
v 2.702308 -3.022622 0.01
v 2.694396 -3.033241 0.01
v 2.688004 -3.044748 0.01
v 3.038845 -3.015235 0.01
v 3.070488 -2.975708 0.01
v 3.046487 -3.031327 0.01
v 3.0494 -3.051765 0.01
v 3.049606 -3.060622 0.01
v 3.049606 -3.427339 0.01
v 2.99425 -3.422795 0.01
v 2.967871 -3.418655 0.01
v 2.958443 -3.416346 0.01
v 2.952952 -3.413481 0.01
v 2.945623 -3.407228 0.01
v 2.942531 -3.405817 0.01
v 2.925765 -3.420629 0.01
v 2.917883 -3.427922 0.01
v 2.915452 -3.430395 0.01
v 2.91433 -3.432281 0.01
v 2.91337 -3.435475 0.01
v 2.913019 -3.438099 0.01
v 2.913864 -3.439734 0.01
v 2.91449 -3.440422 0.01
v 2.915558 -3.441131 0.01
v 2.917453 -3.441833 0.01
v 2.918937 -3.442086 0.01
v 2.929568 -3.442128 0.01
v 2.959366 -3.44623 0.01
v 2.971867 -3.447567 0.01
v 3.013701 -3.451097 0.01
v 3.043853 -3.453974 0.01
v 3.060473 -3.455359 0.01
v 3.065493 -3.456519 0.01
v 3.067262 -3.456443 0.01
v 3.068363 -3.456157 0.01
v 3.069198 -3.455722 0.01
v 3.06994 -3.45507 0.01
v 3.070811 -3.453923 0.01
v 3.071824 -3.451994 0.01
v 3.072202 -3.450307 0.01
v 3.072037 -3.446082 0.01
v 3.069831 -3.4256 0.01
v 3.069742 -3.424462 0.01
v 3.068357 -3.382058 0.01
v 3.068357 -3.058385 0.01
v 3.068878 -3.023302 0.01
v 3.074111 -2.988707 0.01
v 3.075495 -2.981462 0.01
v 3.2 -3.2 5.0
v 3.2 -2.7 5.0
usemtl 1
f 1// 2// 3//
f 3// 2// 4//
f 3// 4// 5//
f 6// 7// 8//
f 9// 10// 11//
f 11// 10// 12//
f 11// 12// 13//
f 14// 2// 15//
f 15// 2// 1//
f 15// 1// 16//
f 16// 1// 10//
f 16// 10// 17//
f 17// 10// 9//
f 13// 6// 11//
f 11// 6// 8//
f 11// 8// 18//
f 18// 8// 19//
usemtl 2
f 20// 21// 22//
f 23// 24// 25//
f 26// 27// 22//
f 22// 27// 28//
f 22// 28// 29//
f 29// 30// 22//
f 22// 30// 31//
f 22// 31// 20//
f 23// 32// 24//
f 24// 32// 33//
f 24// 33// 34//
f 22// 35// 26//
f 26// 35// 23//
f 26// 23// 36//
f 36// 23// 25//
f 37// 38// 39//
f 40// 41// 42//
f 43// 44// 45//
f 46// 47// 48//
f 49// 50// 51//
f 52// 53// 54//
f 55// 56// 57//
f 20// 31// 58//
f 58// 31// 59//
f 60// 61// 62//
f 62// 61// 63//
f 62// 63// 59//
f 59// 63// 64//
f 59// 64// 58//
f 60// 62// 65//
f 65// 62// 66//
f 65// 66// 67//
f 67// 66// 68//
f 68// 66// 69//
f 68// 69// 70//
f 70// 69// 71//
f 71// 69// 72//
f 71// 72// 73//
f 74// 75// 76//
f 76// 77// 74//
f 74// 77// 73//
f 74// 73// 78//
f 78// 73// 72//
f 78// 72// 79//
f 80// 81// 82//
f 82// 81// 83//
f 84// 85// 86//
f 86// 85// 87//
f 86// 87// 83//
f 83// 87// 88//
f 83// 88// 82//
f 57// 56// 86//
f 86// 56// 89//
f 86// 89// 84//
f 55// 57// 90//
f 90// 57// 91//
f 90// 91// 92//
f 92// 91// 93//
f 93// 91// 94//
f 93// 94// 95//
f 95// 94// 96//
f 96// 94// 22//
f 96// 22// 21//
f 29// 28// 97//
f 97// 28// 98//
f 97// 98// 99//
f 99// 98// 100//
f 99// 100// 101//
f 101// 100// 102//
f 101// 102// 103//
f 103// 102// 104//
f 103// 104// 105//
f 105// 104// 54//
f 26// 36// 106//
f 106// 36// 107//
f 106// 107// 108//
f 108// 107// 109//
f 108// 109// 110//
f 110// 109// 111//
f 110// 111// 112//
f 112// 111// 113//
f 112// 113// 114//
f 114// 113// 51//
f 23// 35// 115//
f 115// 35// 116//
f 115// 116// 117//
f 117// 116// 118//
f 117// 118// 119//
f 119// 118// 120//
f 119// 120// 121//
f 121// 120// 122//
f 121// 122// 123//
f 123// 122// 39//
f 124// 79// 125//
f 125// 79// 72//
f 125// 72// 126//
f 126// 72// 69//
f 126// 69// 127//
f 127// 69// 66//
f 127// 66// 128//
f 128// 66// 62//
f 128// 62// 129//
f 129// 62// 59//
f 129// 59// 30//
f 30// 59// 31//
f 30// 29// 129//
f 129// 29// 97//
f 129// 97// 128//
f 128// 97// 99//
f 128// 99// 127//
f 127// 99// 101//
f 127// 101// 126//
f 126// 101// 103//
f 126// 103// 125//
f 125// 103// 105//
f 125// 105// 124//
f 124// 105// 130//
f 54// 53// 105//
f 105// 53// 131//
f 105// 131// 130//
f 132// 52// 133//
f 133// 52// 54//
f 133// 54// 134//
f 134// 54// 104//
f 134// 104// 135//
f 135// 104// 102//
f 135// 102// 136//
f 136// 102// 100//
f 136// 100// 137//
f 137// 100// 98//
f 137// 98// 27//
f 27// 98// 28//
f 27// 26// 137//
f 137// 26// 106//
f 137// 106// 136//
f 136// 106// 108//
f 136// 108// 135//
f 135// 108// 110//
f 135// 110// 134//
f 134// 110// 112//
f 134// 112// 133//
f 133// 112// 114//
f 133// 114// 132//
f 132// 114// 138//
f 51// 50// 114//
f 114// 50// 139//
f 114// 139// 138//
f 140// 49// 141//
f 141// 49// 51//
f 141// 51// 142//
f 142// 51// 113//
f 142// 113// 143//
f 143// 113// 111//
f 143// 111// 144//
f 144// 111// 109//
f 144// 109// 145//
f 145// 109// 107//
f 145// 107// 25//
f 25// 107// 36//
f 25// 24// 145//
f 145// 24// 146//
f 145// 146// 144//
f 144// 146// 147//
f 144// 147// 143//
f 143// 147// 148//
f 143// 148// 142//
f 142// 148// 149//
f 142// 149// 141//
f 141// 149// 48//
f 141// 48// 140//
f 140// 48// 47//
f 44// 46// 45//
f 45// 46// 48//
f 45// 48// 150//
f 150// 48// 149//
f 150// 149// 151//
f 151// 149// 148//
f 151// 148// 152//
f 152// 148// 147//
f 152// 147// 153//
f 153// 147// 146//
f 153// 146// 34//
f 34// 146// 24//
f 154// 43// 155//
f 155// 43// 45//
f 155// 45// 156//
f 156// 45// 150//
f 156// 150// 157//
f 157// 150// 151//
f 157// 151// 158//
f 158// 151// 152//
f 158// 152// 159//
f 159// 152// 153//
f 159// 153// 33//
f 33// 153// 34//
f 33// 32// 159//
f 159// 32// 160//
f 159// 160// 158//
f 158// 160// 161//
f 158// 161// 157//
f 157// 161// 162//
f 157// 162// 156//
f 156// 162// 163//
f 156// 163// 155//
f 155// 163// 42//
f 155// 42// 154//
f 154// 42// 41//
f 164// 40// 123//
f 123// 40// 42//
f 123// 42// 121//
f 121// 42// 163//
f 121// 163// 119//
f 119// 163// 162//
f 119// 162// 117//
f 117// 162// 161//
f 117// 161// 115//
f 115// 161// 160//
f 115// 160// 23//
f 23// 160// 32//
f 39// 38// 123//
f 123// 38// 165//
f 123// 165// 164//
f 81// 37// 83//
f 83// 37// 39//
f 83// 39// 86//
f 86// 39// 122//
f 86// 122// 57//
f 57// 122// 120//
f 57// 120// 91//
f 91// 120// 118//
f 91// 118// 94//
f 94// 118// 116//
f 94// 116// 22//
f 22// 116// 35//
usemtl 1
f 166// 167// 168//
f 169// 170// 171//
f 172// 173// 174//
f 175// 176// 177//
f 178// 179// 180//
f 181// 182// 183//
f 184// 185// 186//
f 186// 187// 184//
f 184// 187// 188//
f 184// 188// 189//
f 189// 188// 190//
f 189// 190// 191//
f 191// 190// 192//
f 191// 192// 193//
f 193// 192// 194//
f 193// 194// 195//
f 195// 194// 196//
f 195// 196// 197//
f 197// 196// 198//
f 197// 198// 199//
f 199// 198// 200//
f 199// 200// 201//
f 201// 200// 202//
f 201// 202// 203//
f 203// 202// 204//
f 203// 204// 205//
f 205// 204// 206//
f 205// 206// 207//
f 207// 206// 208//
f 207// 208// 209//
f 209// 208// 210//
f 209// 210// 211//
f 211// 210// 212//
f 211// 212// 213//
f 213// 212// 187//
f 213// 187// 186//
f 214// 215// 216//
f 216// 215// 217//
f 216// 217// 181//
f 181// 217// 218//
f 181// 218// 182//
f 219// 220// 221//
f 222// 223// 224//
f 219// 221// 225//
f 226// 227// 222//
f 222// 227// 228//
f 222// 228// 223//
f 220// 229// 221//
f 221// 229// 230//
f 221// 230// 231//
f 231// 230// 232//
f 231// 232// 233//
f 183// 234// 235//
f 233// 236// 231//
f 231// 236// 237//
f 231// 237// 238//
f 239// 240// 231//
f 231// 240// 241//
f 231// 241// 242//
f 235// 243// 183//
f 183// 243// 244//
f 183// 244// 181//
f 245// 246// 221//
f 221// 246// 247//
f 221// 247// 225//
f 248// 249// 238//
f 238// 249// 250//
f 238// 250// 231//
f 231// 250// 251//
f 231// 251// 239//
f 234// 183// 238//
f 238// 183// 252//
f 238// 252// 248//
f 253// 254// 255//
f 256// 257// 258//
f 258// 257// 259//
f 260// 261// 259//
f 259// 261// 262//
f 259// 262// 258//
f 258// 262// 263//
f 258// 263// 264//
f 265// 266// 267//
f 267// 266// 268//
f 267// 268// 269//
f 269// 270// 267//
f 267// 270// 271//
f 267// 271// 272//
f 272// 273// 267//
f 267// 273// 274//
f 267// 274// 275//
f 276// 277// 278//
f 279// 280// 281//
f 281// 280// 282//
f 280// 283// 282//
f 282// 283// 284//
f 282// 284// 285//
f 285// 284// 278//
f 285// 278// 286//
f 286// 278// 277//
f 224// 287// 222//
f 222// 287// 288//
f 222// 288// 278//
f 278// 288// 289//
f 278// 289// 276//
f 290// 291// 284//
f 284// 291// 292//
f 293// 294// 295//
f 292// 296// 284//
f 284// 296// 297//
f 284// 297// 298//
f 290// 284// 299//
f 299// 284// 295//
f 299// 295// 300//
f 278// 301// 302//
f 303// 295// 304//
f 304// 295// 174//
f 304// 174// 305//
f 305// 174// 306//
f 307// 293// 308//
f 308// 293// 295//
f 308// 295// 309//
f 309// 295// 303//
f 294// 310// 295//
f 295// 310// 311//
f 295// 311// 312//
f 313// 314// 315//
f 315// 314// 316//
f 315// 316// 317//
f 317// 318// 315//
f 315// 318// 319//
f 315// 319// 320//
f 302// 321// 278//
f 278// 321// 322//
f 278// 322// 323//
f 324// 325// 174//
f 174// 325// 326//
f 174// 326// 306//
f 298// 327// 284//
f 284// 327// 328//
f 284// 328// 278//
f 278// 328// 329//
f 278// 329// 301//
f 330// 331// 295//
f 295// 331// 332//
f 295// 332// 300//
f 323// 333// 278//
f 278// 333// 334//
f 278// 334// 335//
f 336// 337// 308//
f 308// 337// 338//
f 308// 338// 307//
f 312// 339// 295//
f 295// 339// 340//
f 295// 340// 341//
f 313// 315// 308//
f 308// 315// 342//
f 308// 342// 336//
f 341// 343// 295//
f 295// 343// 344//
f 295// 344// 330//
f 174// 345// 346//
f 346// 347// 174//
f 174// 347// 348//
f 174// 348// 324//
f 349// 173// 350//
f 350// 173// 222//
f 350// 222// 351//
f 335// 352// 278//
f 278// 352// 353//
f 278// 353// 222//
f 222// 353// 354//
f 222// 354// 351//
f 349// 355// 173//
f 173// 355// 356//
f 173// 356// 174//
f 174// 356// 357//
f 174// 357// 345//
f 358// 359// 360//
f 361// 362// 363//
f 359// 364// 360//
f 360// 364// 365//
f 360// 365// 366//
f 367// 368// 369//
f 369// 368// 370//
f 371// 372// 373//
f 374// 375// 360//
f 360// 375// 376//
f 360// 376// 358//
f 367// 377// 368//
f 368// 377// 378//
f 368// 378// 379//
f 380// 381// 382//
f 372// 383// 373//
f 373// 383// 384//
f 373// 384// 385//
f 386// 387// 388//
f 389// 390// 391//
f 391// 390// 392//
f 391// 392// 393//
f 385// 394// 373//
f 373// 394// 370//
f 373// 370// 361//
f 361// 370// 368//
f 361// 368// 362//
f 386// 388// 395//
f 388// 396// 397//
f 397// 396// 398//
f 399// 400// 401//
f 381// 402// 403//
f 403// 402// 404//
f 380// 382// 405//
f 405// 382// 406//
f 405// 406// 388//
f 388// 406// 407//
f 388// 407// 395//
f 387// 408// 388//
f 388// 408// 409//
f 388// 409// 396//
f 410// 411// 396//
f 396// 411// 412//
f 396// 412// 398//
f 413// 414// 381//
f 381// 414// 415//
f 399// 401// 402//
f 402// 401// 416//
f 402// 416// 404//
f 415// 417// 381//
f 381// 417// 418//
f 381// 418// 402//
f 393// 419// 391//
f 391// 419// 420//
f 391// 420// 373//
f 373// 420// 421//
f 373// 421// 371//
f 172// 422// 423//
f 423// 422// 424//
f 423// 424// 391//
f 391// 424// 425//
f 391// 425// 389//
f 426// 427// 428//
f 429// 430// 431//
f 432// 433// 373//
f 373// 433// 434//
f 431// 435// 429//
f 429// 435// 436//
f 429// 436// 437//
f 437// 436// 438//
f 437// 438// 439//
f 440// 441// 426//
f 426// 441// 442//
f 434// 443// 373//
f 373// 443// 444//
f 373// 444// 426//
f 445// 446// 373//
f 373// 446// 447//
f 373// 447// 391//
f 391// 447// 448//
f 448// 449// 391//
f 391// 449// 450//
f 391// 450// 451//
f 452// 453// 454//
f 426// 428// 373//
f 373// 428// 455//
f 373// 455// 445//
f 452// 454// 456//
f 453// 457// 454//
f 454// 457// 458//
f 454// 458// 459//
f 442// 460// 426//
f 426// 460// 461//
f 426// 461// 427//
f 458// 462// 459//
f 459// 462// 463//
f 459// 463// 464//
f 464// 463// 435//
f 464// 435// 465//
f 465// 435// 431//
f 465// 431// 213//
f 451// 466// 391//
f 391// 466// 467//
f 391// 467// 468//
f 468// 469// 391//
f 391// 469// 470//
f 391// 470// 471//
f 472// 456// 473//
f 473// 456// 391//
f 473// 391// 474//
f 474// 391// 471//
f 168// 475// 3//
f 476// 477// 478//
f 477// 476// 479//
f 479// 476// 480//
f 479// 480// 481//
f 481// 480// 482//
f 481// 482// 483//
f 483// 482// 484//
f 483// 484// 485//
f 486// 487// 488//
f 488// 487// 489//
f 488// 489// 178//
f 178// 489// 490//
f 178// 490// 179//
f 491// 492// 493//
f 494// 495// 491//
f 491// 495// 496//
f 491// 496// 492//
f 497// 498// 499//
f 499// 498// 500//
f 499// 500// 501//
f 501// 502// 499//
f 499// 502// 503//
f 499// 503// 504//
f 504// 503// 505//
f 504// 505// 506//
f 180// 507// 508//
f 506// 509// 504//
f 504// 509// 510//
f 504// 510// 511//
f 512// 513// 504//
f 504// 513// 514//
f 504// 514// 515//
f 508// 516// 180//
f 180// 516// 517//
f 180// 517// 178//
f 177// 176// 499//
f 499// 176// 518//
f 499// 518// 497//
f 519// 520// 511//
f 511// 520// 521//
f 511// 521// 504//
f 504// 521// 522//
f 504// 522// 512//
f 507// 180// 511//
f 511// 180// 523//
f 511// 523// 519//
f 175// 177// 524//
f 524// 177// 525//
f 524// 525// 526//
f 527// 528// 525//
f 525// 528// 529//
f 530// 531// 529//
f 529// 531// 532//
f 529// 532// 525//
f 525// 532// 533//
f 525// 533// 526//
f 534// 535// 166//
f 166// 535// 536//
f 166// 536// 537//
f 537// 538// 166//
f 166// 538// 539//
f 166// 539// 540//
f 540// 541// 166//
f 166// 541// 542//
f 166// 542// 543//
f 544// 545// 484//
f 546// 485// 547//
f 547// 485// 484//
f 547// 484// 534//
f 534// 484// 545//
f 548// 549// 550//
f 551// 552// 553//
f 553// 552// 554//
f 552// 555// 554//
f 554// 555// 556//
f 554// 556// 557//
f 557// 556// 550//
f 557// 550// 558//
f 558// 550// 549//
f 493// 559// 491//
f 491// 559// 560//
f 491// 560// 550//
f 550// 560// 561//
f 550// 561// 548//
f 562// 563// 556//
f 556// 563// 564//
f 565// 566// 567//
f 564// 568// 556//
f 556// 568// 569//
f 556// 569// 570//
f 562// 556// 571//
f 571// 556// 567//
f 571// 567// 572//
f 550// 573// 574//
f 575// 567// 576//
f 576// 567// 171//
f 576// 171// 577//
f 577// 171// 578//
f 579// 565// 580//
f 580// 565// 567//
f 580// 567// 581//
f 581// 567// 575//
f 566// 582// 567//
f 567// 582// 583//
f 567// 583// 584//
f 585// 586// 587//
f 587// 586// 588//
f 587// 588// 589//
f 589// 590// 587//
f 587// 590// 591//
f 587// 591// 592//
f 574// 593// 550//
f 550// 593// 594//
f 550// 594// 595//
f 596// 597// 171//
f 171// 597// 598//
f 171// 598// 578//
f 570// 599// 556//
f 556// 599// 600//
f 556// 600// 550//
f 550// 600// 601//
f 550// 601// 573//
f 602// 603// 567//
f 567// 603// 604//
f 567// 604// 572//
f 595// 605// 550//
f 550// 605// 606//
f 550// 606// 607//
f 608// 609// 580//
f 580// 609// 610//
f 580// 610// 579//
f 584// 611// 567//
f 567// 611// 612//
f 567// 612// 613//
f 585// 587// 580//
f 580// 587// 614//
f 580// 614// 608//
f 613// 615// 567//
f 567// 615// 616//
f 567// 616// 602//
f 171// 617// 618//
f 618// 619// 171//
f 171// 619// 620//
f 171// 620// 596//
f 621// 170// 622//
f 622// 170// 491//
f 622// 491// 623//
f 607// 624// 550//
f 550// 624// 625//
f 550// 625// 491//
f 491// 625// 626//
f 491// 626// 623//
f 621// 627// 170//
f 170// 627// 628//
f 170// 628// 171//
f 171// 628// 629//
f 171// 629// 617//
f 630// 631// 632//
f 633// 634// 635//
f 631// 636// 632//
f 632// 636// 637//
f 632// 637// 638//
f 639// 640// 641//
f 641// 640// 642//
f 643// 644// 645//
f 645// 644// 646//
f 647// 648// 649//
f 650// 651// 632//
f 632// 651// 652//
f 632// 652// 630//
f 639// 653// 640//
f 640// 653// 654//
f 640// 654// 655//
f 656// 657// 658//
f 648// 659// 649//
f 649// 659// 660//
f 649// 660// 661//
f 662// 663// 664//
f 643// 665// 644//
f 644// 665// 666//
f 644// 666// 667//
f 661// 668// 649//
f 649// 668// 642//
f 649// 642// 633//
f 633// 642// 640//
f 633// 640// 634//
f 662// 664// 669//
f 664// 670// 671//
f 671// 670// 672//
f 673// 674// 675//
f 657// 676// 677//
f 677// 676// 678//
f 656// 658// 679//
f 679// 658// 680//
f 679// 680// 664//
f 664// 680// 681//
f 664// 681// 669//
f 663// 682// 664//
f 664// 682// 683//
f 664// 683// 670//
f 684// 685// 670//
f 670// 685// 686//
f 670// 686// 672//
f 687// 688// 657//
f 657// 688// 689//
f 673// 675// 676//
f 676// 675// 690//
f 676// 690// 678//
f 689// 691// 657//
f 657// 691// 692//
f 657// 692// 676//
f 667// 693// 644//
f 644// 693// 694//
f 644// 694// 649//
f 649// 694// 695//
f 649// 695// 647//
f 696// 169// 697//
f 698// 699// 201//
f 201// 699// 700//
f 701// 702// 703//
f 704// 705// 706//
f 707// 708// 701//
f 701// 708// 709//
f 710// 711// 649//
f 649// 711// 712//
f 649// 712// 701//
f 713// 714// 649//
f 649// 714// 715//
f 649// 715// 644//
f 644// 715// 716//
f 644// 716// 717//
f 701// 703// 649//
f 649// 703// 718//
f 649// 718// 713//
f 717// 719// 644//
f 644// 719// 720//
f 644// 720// 721//
f 722// 723// 698//
f 709// 724// 701//
f 701// 724// 725//
f 701// 725// 702//
f 726// 727// 728//
f 728// 727// 729//
f 728// 729// 730//
f 731// 732// 733//
f 721// 734// 644//
f 644// 734// 735//
f 644// 735// 736//
f 736// 737// 644//
f 644// 737// 738//
f 644// 738// 739//
f 739// 704// 644//
f 644// 704// 706//
f 644// 706// 728//
f 728// 706// 740//
f 728// 740// 726//
f 741// 167// 12//
f 12// 167// 166//
f 12// 166// 13//
f 543// 527// 166//
f 166// 527// 525//
f 166// 525// 13//
f 13// 525// 177//
f 13// 177// 6//
f 6// 177// 499//
f 6// 499// 7//
f 242// 226// 231//
f 231// 226// 222//
f 231// 222// 742//
f 742// 222// 173//
f 742// 173// 743//
f 743// 173// 172//
f 743// 172// 744//
f 744// 172// 423//
f 515// 494// 504//
f 504// 494// 491//
f 504// 491// 745//
f 745// 491// 170//
f 745// 170// 746//
f 746// 170// 169//
f 746// 169// 747//
f 747// 169// 696//
f 747// 696// 748//
f 748// 696// 749//
f 748// 749// 221//
f 221// 749// 255//
f 221// 255// 245//
f 245// 255// 254//
f 456// 454// 391//
f 391// 454// 750//
f 391// 750// 423//
f 423// 750// 751//
f 423// 751// 744//
f 697// 646// 696//
f 696// 646// 644//
f 696// 644// 749//
f 749// 644// 728//
f 749// 728// 255//
f 255// 728// 258//
f 255// 258// 253//
f 253// 258// 264//
f 752// 753// 174//
f 295// 754// 755//
f 755// 756// 295//
f 295// 756// 757//
f 295// 757// 174//
f 174// 757// 758//
f 174// 758// 759//
f 760// 761// 361//
f 762// 763// 764//
f 764// 763// 765//
f 766// 767// 768//
f 769// 770// 360//
f 360// 770// 771//
f 772// 773// 361//
f 361// 773// 774//
f 361// 774// 775//
f 765// 776// 764//
f 764// 776// 777//
f 764// 777// 778//
f 778// 777// 766//
f 778// 766// 779//
f 779// 766// 768//
f 361// 780// 295//
f 295// 780// 781//
f 782// 783// 360//
f 360// 783// 784//
f 360// 784// 769//
f 413// 381// 785//
f 785// 381// 380//
f 785// 380// 363//
f 363// 380// 374//
f 363// 374// 361//
f 361// 374// 360//
f 361// 360// 760//
f 761// 786// 361//
f 361// 786// 787//
f 361// 787// 772//
f 775// 788// 361//
f 361// 788// 789//
f 361// 789// 790//
f 791// 792// 754//
f 754// 792// 793//
f 754// 793// 794//
f 759// 795// 174//
f 174// 795// 796//
f 174// 796// 752//
f 790// 797// 361//
f 361// 797// 798//
f 361// 798// 799//
f 800// 801// 295//
f 295// 801// 802//
f 295// 802// 803//
f 804// 805// 806//
f 806// 805// 807//
f 806// 807// 808//
f 808// 807// 809//
f 808// 809// 810//
f 810// 809// 811//
f 812// 813// 814//
f 767// 766// 806//
f 806// 766// 815//
f 806// 815// 804//
f 771// 816// 360//
f 360// 816// 817//
f 360// 817// 818//
f 781// 819// 295//
f 295// 819// 820//
f 295// 820// 800//
f 794// 821// 754//
f 754// 821// 822//
f 754// 822// 823//
f 823// 822// 812//
f 823// 812// 824//
f 824// 812// 814//
f 825// 782// 174//
f 174// 782// 360//
f 174// 360// 172//
f 172// 360// 366//
f 172// 366// 422//
f 799// 826// 361//
f 361// 826// 827//
f 361// 827// 828//
f 828// 829// 361//
f 361// 829// 830//
f 361// 830// 831//
f 818// 832// 360//
f 360// 832// 833//
f 360// 833// 834//
f 835// 836// 360//
f 360// 836// 837//
f 360// 837// 760//
f 831// 838// 361//
f 361// 838// 839//
f 361// 839// 780//
f 803// 811// 295//
f 295// 811// 809//
f 295// 809// 754//
f 754// 809// 840//
f 754// 840// 791//
f 753// 841// 174//
f 174// 841// 842//
f 174// 842// 843//
f 844// 835// 845//
f 845// 835// 360//
f 845// 360// 846//
f 846// 360// 834//
f 847// 848// 174//
f 174// 848// 849//
f 174// 849// 825//
f 843// 850// 174//
f 174// 850// 851//
f 174// 851// 847//
f 730// 731// 728//
f 728// 731// 733//
f 728// 733// 258//
f 258// 733// 267//
f 258// 267// 256//
f 256// 267// 275//
f 852// 853// 171//
f 567// 854// 855//
f 855// 856// 567//
f 567// 856// 857//
f 567// 857// 171//
f 171// 857// 858//
f 171// 858// 859//
f 860// 861// 633//
f 862// 863// 864//
f 864// 863// 865//
f 866// 867// 868//
f 869// 870// 632//
f 632// 870// 871//
f 872// 873// 633//
f 633// 873// 874//
f 633// 874// 875//
f 865// 876// 864//
f 864// 876// 877//
f 864// 877// 878//
f 878// 877// 866//
f 878// 866// 879//
f 879// 866// 868//
f 633// 880// 567//
f 567// 880// 881//
f 882// 883// 632//
f 632// 883// 884//
f 632// 884// 869//
f 687// 657// 885//
f 885// 657// 656//
f 885// 656// 635//
f 635// 656// 650//
f 635// 650// 633//
f 633// 650// 632//
f 633// 632// 860//
f 861// 886// 633//
f 633// 886// 887//
f 633// 887// 872//
f 875// 888// 633//
f 633// 888// 889//
f 633// 889// 890//
f 891// 892// 854//
f 854// 892// 893//
f 854// 893// 894//
f 859// 895// 171//
f 171// 895// 896//
f 171// 896// 852//
f 890// 897// 633//
f 633// 897// 898//
f 633// 898// 899//
f 900// 901// 567//
f 567// 901// 902//
f 567// 902// 903//
f 904// 905// 906//
f 906// 905// 907//
f 906// 907// 908//
f 908// 907// 909//
f 908// 909// 910//
f 910// 909// 911//
f 912// 913// 914//
f 867// 866// 906//
f 906// 866// 915//
f 906// 915// 904//
f 871// 916// 632//
f 632// 916// 917//
f 632// 917// 918//
f 881// 919// 567//
f 567// 919// 920//
f 567// 920// 900//
f 894// 921// 854//
f 854// 921// 922//
f 854// 922// 923//
f 923// 922// 912//
f 923// 912// 924//
f 924// 912// 914//
f 925// 882// 171//
f 171// 882// 632//
f 171// 632// 169//
f 169// 632// 638//
f 169// 638// 697//
f 899// 926// 633//
f 633// 926// 927//
f 633// 927// 928//
f 928// 929// 633//
f 633// 929// 930//
f 633// 930// 931//
f 918// 932// 632//
f 632// 932// 933//
f 632// 933// 934//
f 935// 936// 632//
f 632// 936// 937//
f 632// 937// 860//
f 931// 938// 633//
f 633// 938// 939//
f 633// 939// 880//
f 903// 911// 567//
f 567// 911// 909//
f 567// 909// 854//
f 854// 909// 940//
f 854// 940// 891//
f 853// 941// 171//
f 171// 941// 942//
f 171// 942// 943//
f 944// 935// 945//
f 945// 935// 632//
f 945// 632// 946//
f 946// 632// 934//
f 947// 948// 171//
f 171// 948// 949//
f 171// 949// 925//
f 943// 950// 171//
f 171// 950// 951//
f 171// 951// 947//
f 283// 952// 284//
f 284// 952// 205//
f 284// 205// 295//
f 295// 205// 207//
f 295// 207// 361//
f 361// 207// 209//
f 361// 209// 373//
f 373// 209// 211//
f 373// 211// 432//
f 432// 211// 213//
f 432// 213// 953//
f 953// 213// 431//
f 952// 954// 205//
f 205// 954// 265//
f 205// 265// 203//
f 203// 265// 267//
f 203// 267// 201//
f 201// 267// 733//
f 201// 733// 698//
f 698// 733// 732//
f 698// 732// 722//
f 722// 732// 955//
f 722// 955// 956//
f 956// 955// 957//
f 956// 957// 958//
f 555// 544// 556//
f 556// 544// 484//
f 556// 484// 567//
f 567// 484// 482//
f 567// 482// 633//
f 633// 482// 480//
f 633// 480// 649//
f 649// 480// 476//
f 534// 166// 547//
f 547// 166// 168//
f 547// 168// 546//
f 546// 168// 3//
f 546// 3// 959//
f 959// 3// 5//
f 959// 5// 960//
f 960// 5// 961//
f 960// 961// 962//
f 962// 961// 963//
f 962// 963// 964//
f 964// 963// 965//
f 964// 965// 966//
f 966// 965// 967//
f 966// 967// 968//
f 968// 967// 969//
f 968// 969// 970//
f 970// 969// 199//
f 970// 199// 478//
f 478// 199// 201//
f 478// 201// 476//
f 476// 201// 700//
f 476// 700// 649//
f 649// 700// 971//
f 649// 971// 710//
f 972// 973// 8//
f 504// 974// 499//
f 499// 974// 975//
f 499// 975// 7//
f 7// 975// 8//
f 8// 975// 976//
f 8// 976// 972//
f 977// 748// 221//
f 504// 745// 974//
f 974// 745// 746//
f 974// 746// 747//
f 977// 221// 978//
f 221// 231// 978//
f 978// 231// 742//
f 978// 742// 743//
f 747// 748// 974//
f 974// 748// 977//
f 974// 977// 972//
f 972// 977// 979//
f 972// 979// 973//
f 973// 979// 980//
f 973// 980// 751//
f 751// 980// 978//
f 751// 978// 744//
f 744// 978// 743//
f 981// 982// 983//
f 984// 985// 986//
f 986// 985// 987//
f 969// 967// 986//
f 986// 967// 965//
f 983// 184// 981//
f 981// 184// 189//
f 981// 189// 191//
f 4// 988// 5//
f 5// 988// 989//
f 5// 989// 961//
f 961// 989// 986//
f 961// 986// 963//
f 963// 986// 965//
f 191// 193// 981//
f 981// 193// 195//
f 981// 195// 987//
f 987// 195// 197//
f 987// 197// 986//
f 986// 197// 199//
f 986// 199// 969//
f 983// 982// 990//
f 990// 982// 991//
f 990// 991// 2//
f 2// 991// 992//
f 988// 4// 993//
f 993// 4// 2//
f 993// 2// 994//
f 994// 2// 992//
f 994// 992// 984//
f 984// 992// 985//
f 995// 996// 997//
f 997// 996// 998//
f 997// 998// 999//
f 14// 1000// 1001//
f 1000// 14// 1002//
f 1002// 14// 997//
f 1002// 997// 1003//
f 1004// 1005// 1006//
f 1001// 1007// 14//
f 14// 1007// 1008//
f 14// 1008// 1009//
f 1009// 1010// 14//
f 14// 1010// 1011//
f 14// 1011// 2//
f 2// 1011// 1012//
f 2// 1012// 1013//
f 1014// 1015// 990//
f 1013// 1016// 2//
f 2// 1016// 1017//
f 2// 1017// 1018//
f 1006// 990// 1019//
f 1019// 990// 1020//
f 999// 1021// 997//
f 997// 1021// 1022//
f 997// 1022// 1003//
f 1003// 1022// 1023//
f 1003// 1023// 1024//
f 1018// 1025// 2//
f 2// 1025// 1026//
f 2// 1026// 990//
f 990// 1026// 1027//
f 990// 1027// 1020//
f 1015// 1028// 990//
f 990// 1028// 1029//
f 990// 1029// 1030//
f 1031// 1032// 1033//
f 1033// 1032// 1003//
f 1033// 1003// 1034//
f 1034// 1003// 1024//
f 1004// 1006// 1035//
f 1035// 1006// 1036//
f 1035// 1036// 1037//
f 1037// 1036// 1038//
f 1037// 1038// 1039//
f 1039// 1038// 1040//
f 1039// 1040// 1033//
f 1033// 1040// 1041//
f 1033// 1041// 1031//
f 1005// 1042// 1006//
f 1006// 1042// 1043//
f 1006// 1043// 990//
f 990// 1043// 1044//
f 990// 1044// 1014//
f 1030// 1045// 990//
f 990// 1045// 1046//
f 990// 1046// 997//
f 997// 1046// 1047//
f 997// 1047// 995//
f 1048// 997// 15//
f 15// 997// 14//
f 1049// 1048// 16//
f 16// 1048// 15//
f 1049// 16// 17//
f 1049// 17// 1050//
f 1050// 17// 9//
f 1050// 9// 1051//
f 1051// 9// 11//
f 1051// 11// 1052//
f 1052// 11// 18//
f 1052// 18// 1053//
f 1053// 18// 19//
f 1053// 19// 1054//
f 1054// 19// 8//
f 1054// 8// 973//
f 478// 477// 1055//
f 1055// 477// 479//
f 479// 481// 1055//
f 1055// 481// 483//
f 1055// 483// 1056//
f 1056// 483// 485//
f 1056// 485// 546//
f 1057// 1058// 1059//
f 1059// 1058// 1055//
f 1059// 1055// 1060//
f 1060// 1055// 1056//
f 1060// 1056// 1061//
f 1061// 1056// 1062//
f 1061// 1062// 1057//
f 1057// 1062// 1058//
f 1062// 1063// 1058//
f 1058// 1063// 1064//
f 1063// 1065// 1064//
f 1064// 1065// 1066//
f 1067// 1068// 1069//
f 1069// 1068// 1065//
f 1070// 1071// 1072//
f 1072// 1071// 1066//
f 1072// 1066// 1073//
f 1070// 1074// 1071//
f 1071// 1074// 1075//
f 1071// 1075// 1076//
f 1077// 1078// 1066//
f 1066// 1078// 1079//
f 1066// 1079// 1073//
f 1068// 1080// 1065//
f 1065// 1080// 1081//
f 1065// 1081// 1082//
f 1065// 1083// 1066//
f 1066// 1083// 1084//
f 1066// 1084// 1077//
f 1076// 1085// 1071//
f 1071// 1085// 1086//
f 1071// 1086// 1069//
f 1069// 1086// 1087//
f 1069// 1087// 1088//
f 1082// 1089// 1065//
f 1065// 1089// 1090//
f 1065// 1090// 1083//
f 1088// 1091// 1069//
f 1069// 1091// 1092//
f 1069// 1092// 1067//
f 1093// 1094// 1095//
f 1095// 1094// 1071//
f 1095// 1071// 1096//
f 1096// 1071// 1069//
f 1096// 1069// 1097//
f 1097// 1069// 1098//
f 1097// 1098// 1099//
f 1099// 1098// 1100//
f 1099// 1100// 1101//
f 1101// 1100// 1102//
f 1101// 1102// 1093//
f 1093// 1102// 1094//
f 1100// 1103// 1102//
f 1102// 1103// 1104//
f 1103// 1105// 1106//
f 1103// 1106// 1104//
f 1104// 1106// 1107//
f 1104// 1107// 1108//
f 1109// 1106// 1105//
f 1105// 959// 1109//
f 1109// 959// 960//
f 1109// 960// 1110//
f 960// 962// 1110//
f 1110// 962// 964//
f 1110// 964// 966//
f 1108// 1107// 970//
f 970// 1107// 1110//
f 970// 1110// 968//
f 968// 1110// 966//
f 959// 1105// 1100//
f 1100// 1105// 1103//
f 1069// 1065// 1098//
f 1098// 1065// 1063//
f 959// 1100// 546//
f 546// 1100// 1098//
f 546// 1098// 1056//
f 1056// 1098// 1063//
f 1056// 1063// 1062//
f 1058// 1064// 1055//
f 1055// 1064// 970//
f 1055// 970// 478//
f 1104// 1108// 1102//
f 1102// 1108// 970//
f 1102// 970// 1094//
f 1094// 970// 1064//
f 1094// 1064// 1071//
f 1071// 1064// 1066//
f 1072// 1111// 1070//
f 1070// 1111// 1112//
f 1070// 1112// 1074//
f 1074// 1112// 1113//
f 1074// 1113// 1075//
f 1075// 1113// 1114//
f 1075// 1114// 1076//
f 1076// 1114// 1115//
f 1076// 1115// 1085//
f 1085// 1115// 1116//
f 1085// 1116// 1086//
f 1086// 1116// 1117//
f 1086// 1117// 1087//
f 1087// 1117// 1118//
f 1087// 1118// 1088//
f 1088// 1118// 1119//
f 1088// 1119// 1091//
f 1091// 1119// 1120//
f 1091// 1120// 1092//
f 1092// 1120// 1121//
f 1092// 1121// 1067//
f 1067// 1121// 1122//
f 1067// 1122// 1068//
f 1068// 1122// 1123//
f 1068// 1123// 1080//
f 1080// 1123// 1124//
f 1080// 1124// 1081//
f 1081// 1124// 1125//
f 1081// 1125// 1082//
f 1082// 1125// 1126//
f 1082// 1126// 1089//
f 1089// 1126// 1127//
f 1089// 1127// 1090//
f 1090// 1127// 1128//
f 1090// 1128// 1083//
f 1083// 1128// 1129//
f 1083// 1129// 1084//
f 1084// 1129// 1130//
f 1084// 1130// 1077//
f 1077// 1130// 1131//
f 1077// 1131// 1078//
f 1078// 1131// 1132//
f 1078// 1132// 1079//
f 1079// 1132// 1133//
f 1079// 1133// 1073//
f 1073// 1133// 1134//
f 1073// 1134// 1072//
f 1072// 1134// 1111//
f 1129// 1135// 1130//
f 1130// 1135// 1136//
f 1130// 1136// 1131//
f 1131// 1136// 1137//
f 1131// 1137// 1132//
f 1132// 1137// 1138//
f 1132// 1138// 1133//
f 1133// 1138// 1139//
f 1133// 1139// 1134//
f 1134// 1139// 1140//
f 1134// 1140// 1111//
f 1111// 1140// 1141//
f 1111// 1141// 1112//
f 1112// 1141// 1142//
f 1112// 1142// 1113//
f 1113// 1142// 1143//
f 1113// 1143// 1114//
f 1114// 1143// 1144//
f 1114// 1144// 1115//
f 1115// 1144// 1145//
f 1115// 1145// 1116//
f 1116// 1145// 1146//
f 1116// 1146// 1117//
f 1146// 1147// 1117//
f 1117// 1147// 1148//
f 1117// 1148// 1118//
f 1118// 1148// 1149//
f 1118// 1149// 1119//
f 1119// 1149// 1150//
f 1119// 1150// 1120//
f 1120// 1150// 1151//
f 1120// 1151// 1121//
f 1121// 1151// 1152//
f 1121// 1152// 1122//
f 1122// 1152// 1153//
f 1122// 1153// 1123//
f 1123// 1153// 1154//
f 1123// 1154// 1124//
f 1124// 1154// 1155//
f 1124// 1155// 1125//
f 1125// 1155// 1156//
f 1125// 1156// 1126//
f 1126// 1156// 1157//
f 1126// 1157// 1127//
f 1127// 1157// 1158//
f 1127// 1158// 1128//
f 1128// 1158// 1159//
f 1128// 1159// 1129//
f 1129// 1159// 1160//
f 1129// 1160// 1135//
f 1141// 1038// 1142//
f 1142// 1038// 1036//
f 1142// 1036// 1143//
f 1143// 1036// 1006//
f 1143// 1006// 1144//
f 1144// 1006// 1019//
f 1144// 1019// 1145//
f 1145// 1019// 1020//
f 1145// 1020// 1146//
f 1146// 1020// 1027//
f 1146// 1027// 1147//
f 1147// 1027// 1026//
f 1147// 1026// 1148//
f 1148// 1026// 1025//
f 1148// 1025// 1149//
f 1149// 1025// 1018//
f 1149// 1018// 1150//
f 1150// 1018// 1017//
f 1150// 1017// 1151//
f 1151// 1017// 1016//
f 1151// 1016// 1152//
f 1152// 1016// 1013//
f 1152// 1013// 1153//
f 1153// 1013// 1012//
f 1153// 1012// 1154//
f 1154// 1012// 1011//
f 1154// 1011// 1155//
f 1155// 1011// 1010//
f 1155// 1010// 1156//
f 1156// 1010// 1009//
f 1156// 1009// 1157//
f 1157// 1009// 1008//
f 1157// 1008// 1158//
f 1158// 1008// 1007//
f 1158// 1007// 1159//
f 1159// 1007// 1001//
f 1159// 1001// 1160//
f 1160// 1001// 1000//
f 1160// 1000// 1135//
f 1135// 1000// 1002//
f 1135// 1002// 1136//
f 1136// 1002// 1003//
f 1136// 1003// 1137//
f 1137// 1003// 1032//
f 1137// 1032// 1138//
f 1138// 1032// 1031//
f 1138// 1031// 1139//
f 1139// 1031// 1041//
f 1139// 1041// 1140//
f 1140// 1041// 1040//
f 1140// 1040// 1141//
f 1141// 1040// 1038//
f 1161// 1162// 1163//
f 1163// 1162// 1164//
f 1163// 1164// 976//
f 976// 1164// 972//
f 1161// 1061// 1162//
f 1162// 1061// 1057//
f 1060// 1165// 1059//
f 1059// 1165// 1166//
f 1166// 1165// 1167//
f 1167// 1165// 1168//
f 1167// 1168// 974//
f 974// 1168// 975//
f 1060// 1061// 1165//
f 1165// 1061// 1161//
f 1165// 1161// 1168//
f 1168// 1161// 1163//
f 1167// 1164// 1162//
f 1057// 1059// 1162//
f 1162// 1059// 1166//
f 1162// 1166// 1167//
usemtl 2
f 1169// 1095// 1170//
f 1170// 1095// 1096//
f 1171// 1172// 1173//
f 1171// 1173// 1174//
f 1174// 1173// 1175//
f 1174// 1175// 1176//
f 1176// 1175// 1177//
f 1176// 1177// 1178//
f 1178// 1177// 1179//
f 1178// 1179// 1180//
f 1180// 1179// 1181//
f 1180// 1181// 1182//
f 1182// 1181// 1099//
f 1182// 1099// 1101//
f 1093// 1095// 1169//
f 1183// 1184// 1185//
f 1185// 1184// 1186//
f 1169// 1185// 1093//
f 1093// 1185// 1186//
f 1093// 1186// 1101//
f 1101// 1186// 1187//
f 1188// 1189// 1190//
f 1190// 1189// 1191//
f 1190// 1191// 1192//
f 1192// 1191// 1193//
f 1192// 1193// 1194//
f 1194// 1193// 1195//
f 1194// 1195// 1196//
f 1196// 1195// 1197//
f 1196// 1197// 1198//
f 1198// 1197// 1199//
f 1198// 1199// 1200//
f 1200// 1199// 1201//
f 1200// 1201// 1202//
f 1202// 1201// 1203//
f 1202// 1203// 1204//
f 1204// 1203// 1205//
f 1204// 1205// 1206//
f 1206// 1205// 1207//
f 1206// 1207// 1208//
f 1208// 1207// 1209//
f 1208// 1209// 1210//
f 1210// 1209// 1211//
f 1210// 1211// 1212//
f 1212// 1211// 1213//
f 1212// 1213// 1214//
f 1214// 1213// 1215//
f 1214// 1215// 1216//
f 1216// 1215// 1217//
f 1216// 1217// 1218//
f 1218// 1217// 1171//
f 1218// 1171// 1219//
f 1219// 1171// 1174//
f 1219// 1174// 1220//
f 1220// 1174// 1176//
f 1220// 1176// 1221//
f 1221// 1176// 1178//
f 1221// 1178// 1222//
f 1222// 1178// 1180//
f 1222// 1180// 1187//
f 1187// 1180// 1182//
f 1187// 1182// 1101//
f 1170// 1096// 1223//
f 1223// 1096// 1097//
f 1223// 1097// 1172//
f 1172// 1097// 1099//
f 1172// 1099// 1173//
f 1181// 1179// 1177//
f 1181// 1177// 1099//
f 1099// 1177// 1175//
f 1099// 1175// 1173//
f 1224// 1225// 1172//
f 1172// 1225// 1226//
f 1172// 1226// 1223//
f 1223// 1226// 1227//
f 1228// 1229// 1230//
f 1230// 1229// 1223//
f 1230// 1223// 1231//
f 1231// 1223// 1227//
f 1232// 1233// 1234//
f 1234// 1233// 1235//
f 1234// 1235// 1236//
f 1236// 1235// 1237//
f 1236// 1237// 1238//
f 1238// 1237// 1239//
f 1238// 1239// 1240//
f 1240// 1239// 1241//
f 1240// 1241// 1242//
f 1242// 1241// 1243//
f 1242// 1243// 1244//
f 1244// 1243// 1245//
f 1244// 1245// 1246//
f 1246// 1245// 1247//
f 1246// 1247// 1248//
f 1248// 1247// 1249//
f 1248// 1249// 1250//
f 1250// 1249// 1251//
f 1250// 1251// 1252//
f 1252// 1251// 1253//
f 1252// 1253// 1254//
f 1254// 1253// 1255//
f 1254// 1255// 1256//
f 1256// 1255// 1257//
f 1256// 1257// 1258//
f 1258// 1257// 1259//
f 1258// 1259// 1260//
f 1260// 1259// 1261//
f 1260// 1261// 1172//
f 1172// 1261// 1262//
f 1172// 1262// 1224//
f 1228// 1184// 1229//
f 1229// 1184// 1183//
f 1186// 1184// 1230//
f 1230// 1184// 1228//
f 1186// 1230// 1187//
f 1187// 1230// 1231//
f 1187// 1231// 1222//
f 1222// 1231// 1227//
f 1222// 1227// 1221//
f 1221// 1227// 1226//
f 1221// 1226// 1220//
f 1220// 1226// 1225//
f 1220// 1225// 1219//
f 1219// 1225// 1224//
f 1219// 1224// 1218//
f 1218// 1224// 1262//
f 1216// 1218// 1261//
f 1261// 1218// 1262//
f 1216// 1261// 1214//
f 1214// 1261// 1259//
f 1214// 1259// 1212//
f 1212// 1259// 1257//
f 1212// 1257// 1210//
f 1210// 1257// 1255//
f 1210// 1255// 1208//
f 1208// 1255// 1253//
f 1208// 1253// 1206//
f 1206// 1253// 1251//
f 1206// 1251// 1204//
f 1204// 1251// 1249//
f 1202// 1204// 1247//
f 1247// 1204// 1249//
f 1202// 1247// 1245//
f 1202// 1245// 1200//
f 1200// 1245// 1243//
f 1200// 1243// 1198//
f 1198// 1243// 1241//
f 1198// 1241// 1196//
f 1196// 1241// 1239//
f 1196// 1239// 1194//
f 1194// 1239// 1237//
f 1194// 1237// 1192//
f 1192// 1237// 1235//
f 1192// 1235// 1190//
f 1188// 1190// 1233//
f 1233// 1190// 1235//
f 1263// 1264// 1265//
f 1265// 1264// 1266//
f 1232// 1234// 1189//
f 1189// 1234// 1191//
f 1191// 1234// 1193//
f 1193// 1234// 1236//
f 1193// 1236// 1195//
f 1195// 1236// 1238//
f 1195// 1238// 1197//
f 1197// 1238// 1240//
f 1197// 1240// 1199//
f 1199// 1240// 1242//
f 1199// 1242// 1201//
f 1201// 1242// 1244//
f 1201// 1244// 1203//
f 1203// 1244// 1246//
f 1205// 1203// 1248//
f 1248// 1203// 1246//
f 1205// 1248// 1250//
f 1205// 1250// 1207//
f 1207// 1250// 1252//
f 1207// 1252// 1209//
f 1209// 1252// 1254//
f 1209// 1254// 1211//
f 1211// 1254// 1256//
f 1211// 1256// 1213//
f 1213// 1256// 1258//
f 1213// 1258// 1215//
f 1215// 1258// 1260//
f 1215// 1260// 1217//
f 1171// 1217// 1172//
f 1172// 1217// 1260//
f 1267// 1268// 1269//
f 1268// 1267// 1270//
f 1270// 1267// 1271//
f 1270// 1271// 1272//
f 1272// 1271// 1273//
f 1272// 1273// 1269//
f 1269// 1273// 1274//
f 1269// 1274// 1267//
f 1275// 1185// 1169//
f 1223// 1276// 1277//
f 1277// 1276// 1278//
f 1278// 1276// 1279//
f 1278// 1279// 1280//
f 1279// 1281// 1280//
f 1280// 1281// 1275//
f 1280// 1275// 1282//
f 1282// 1275// 1169//
f 1282// 1169// 1277//
f 1277// 1169// 1170//
f 1277// 1170// 1223//
f 1283// 1284// 1285//
f 1285// 1284// 1286//
f 1285// 1286// 1287//
f 1287// 1286// 1288//
f 1287// 1288// 1289//
f 1289// 1288// 1290//
f 1289// 1290// 1291//
f 1291// 1290// 1292//
f 1291// 1292// 1293//
f 1293// 1292// 1294//
f 1293// 1294// 1295//
f 1295// 1294// 1296//
f 1295// 1296// 1297//
f 1297// 1296// 1298//
f 1297// 1298// 1299//
f 1299// 1298// 1300//
f 1299// 1300// 1301//
f 1301// 1300// 1302//
f 1301// 1302// 1303//
f 1303// 1302// 1304//
f 1303// 1304// 1305//
f 1305// 1304// 1306//
f 1305// 1306// 1307//
f 1307// 1306// 1308//
f 1307// 1308// 1309//
f 1309// 1308// 1310//
f 1309// 1310// 1311//
f 1311// 1310// 1312//
f 1311// 1312// 1313//
f 1313// 1312// 1314//
f 1313// 1314// 1315//
f 1315// 1314// 1316//
f 1315// 1316// 1317//
f 1317// 1316// 1318//
f 1317// 1318// 1319//
f 1319// 1318// 1320//
f 1319// 1320// 1321//
f 1321// 1320// 1322//
f 1321// 1322// 1323//
f 1323// 1322// 1324//
f 1323// 1324// 1325//
f 1325// 1324// 1326//
f 1325// 1326// 1327//
f 1327// 1326// 1328//
f 1327// 1328// 1329//
f 1329// 1328// 1330//
f 1329// 1330// 1283//
f 1283// 1330// 1284//
f 1331// 1332// 1309//
f 1309// 1332// 1333//
f 1309// 1333// 1307//
f 1307// 1333// 1334//
f 1307// 1334// 1305//
f 1305// 1334// 1335//
f 1305// 1335// 1303//
f 1303// 1335// 1336//
f 1303// 1336// 1301//
f 1301// 1336// 1337//
f 1301// 1337// 1299//
f 1299// 1337// 1338//
f 1299// 1338// 1297//
f 1297// 1338// 1339//
f 1297// 1339// 1295//
f 1295// 1339// 1340//
f 1295// 1340// 1293//
f 1293// 1340// 1341//
f 1293// 1341// 1291//
f 1291// 1341// 1342//
f 1291// 1342// 1289//
f 1289// 1342// 1343//
f 1289// 1343// 1287//
f 1287// 1343// 1344//
f 1287// 1344// 1285//
f 1285// 1344// 1345//
f 1285// 1345// 1283//
f 1283// 1345// 1346//
f 1283// 1346// 1329//
f 1329// 1346// 1347//
f 1329// 1347// 1327//
f 1327// 1347// 1348//
f 1327// 1348// 1325//
f 1325// 1348// 1349//
f 1325// 1349// 1323//
f 1323// 1349// 1350//
f 1323// 1350// 1321//
f 1321// 1350// 1351//
f 1321// 1351// 1319//
f 1319// 1351// 1352//
f 1319// 1352// 1317//
f 1317// 1352// 1353//
f 1317// 1353// 1315//
f 1315// 1353// 1354//
f 1315// 1354// 1313//
f 1313// 1354// 1355//
f 1313// 1355// 1311//
f 1311// 1355// 1331//
f 1311// 1331// 1309//
f 1333// 1356// 1357//
f 1358// 1347// 1359//
f 1359// 1347// 1346//
f 1359// 1346// 1360//
f 1360// 1346// 1345//
f 1361// 1362// 1335//
f 1335// 1362// 1363//
f 1361// 1335// 1357//
f 1357// 1335// 1334//
f 1357// 1334// 1333//
f 81// 80// 1364//
f 1356// 1333// 1364//
f 1364// 1333// 1332//
f 1364// 1332// 81//
f 79// 1348// 78//
f 78// 1348// 1347//
f 78// 1347// 74//
f 74// 1347// 1358//
f 74// 1358// 75//
f 79// 124// 1348//
f 1348// 124// 130//
f 1348// 130// 1349//
f 52// 1350// 53//
f 53// 1350// 1349//
f 53// 1349// 131//
f 131// 1349// 130//
f 52// 132// 1350//
f 1350// 132// 138//
f 1350// 138// 1351//
f 49// 1352// 50//
f 50// 1352// 1351//
f 50// 1351// 139//
f 139// 1351// 138//
f 49// 140// 1352//
f 1352// 140// 47//
f 1352// 47// 1353//
f 43// 1354// 44//
f 44// 1354// 1353//
f 44// 1353// 46//
f 46// 1353// 47//
f 43// 154// 1354//
f 1354// 154// 41//
f 1354// 41// 1355//
f 41// 40// 1355//
f 1355// 40// 164//
f 1355// 164// 1331//
f 164// 165// 1331//
f 1331// 165// 38//
f 1331// 38// 1332//
f 1332// 38// 37//
f 1332// 37// 81//
f 1363// 1365// 1335//
f 1335// 1365// 1366//
f 1335// 1366// 1336//
f 1366// 1367// 1336//
f 1336// 1367// 1368//
f 1336// 1368// 1337//
f 1337// 1368// 1369//
f 1337// 1369// 1338//
f 1338// 1369// 1370//
f 1338// 1370// 1371//
f 1372// 1339// 1373//
f 1373// 1339// 1338//
f 1373// 1338// 1374//
f 1374// 1338// 1371//
f 1372// 1375// 1339//
f 1339// 1375// 1376//
f 1339// 1376// 1340//
f 1377// 1341// 1378//
f 1378// 1341// 1340//
f 1378// 1340// 1379//
f 1379// 1340// 1376//
f 1377// 1380// 1341//
f 1341// 1380// 1381//
f 1341// 1381// 1342//
f 1382// 1343// 1383//
f 1383// 1343// 1342//
f 1383// 1342// 1384//
f 1384// 1342// 1381//
f 1382// 1385// 1343//
f 1343// 1385// 1386//
f 1343// 1386// 1344//
f 1387// 1360// 1388//
f 1388// 1360// 1345//
f 1388// 1345// 1389//
f 1389// 1345// 1344//
f 1389// 1344// 1390//
f 1390// 1344// 1386//
f 1391// 1392// 1393//
f 1394// 1395// 1396//
f 1396// 1395// 1393//
f 1396// 1393// 1397//
f 1397// 1393// 1398//
f 1399// 1400// 1401//
f 1391// 1393// 1401//
f 1401// 1393// 1402//
f 1401// 1402// 1399//
f 1392// 1403// 1393//
f 1393// 1403// 1404//
f 1393// 1404// 1405//
f 1405// 1406// 1393//
f 1393// 1406// 1407//
f 1393// 1407// 1398//
f 1280// 1271// 1278//
f 1278// 1271// 1267//
f 1302// 1300// 1277//
f 1273// 1282// 1330//
f 1330// 1328// 1273//
f 1273// 1328// 1326//
f 1273// 1326// 1324//
f 1292// 1290// 1282//
f 1282// 1290// 1288//
f 1310// 1308// 1274//
f 1274// 1308// 1306//
f 1274// 1306// 1277//
f 1277// 1306// 1304//
f 1277// 1304// 1302//
f 1300// 1298// 1277//
f 1277// 1298// 1296//
f 1277// 1296// 1282//
f 1282// 1296// 1294//
f 1282// 1294// 1292//
f 1288// 1286// 1282//
f 1282// 1286// 1284//
f 1282// 1284// 1330//
f 1316// 1314// 1274//
f 1274// 1314// 1312//
f 1274// 1312// 1310//
f 1324// 1322// 1273//
f 1273// 1322// 1320//
f 1273// 1320// 1274//
f 1274// 1320// 1318//
f 1274// 1318// 1316//
f 1280// 1282// 1271//
f 1271// 1282// 1273//
f 1277// 1278// 1274//
f 1274// 1278// 1267//
f 1185// 1275// 1183//
f 1183// 1275// 1272//
f 1183// 1272// 1229//
f 1229// 1272// 1269//
f 1229// 1269// 1223//
f 1223// 1269// 1276//
f 1279// 1268// 1281//
f 1281// 1268// 1270//
f 1279// 1276// 1268//
f 1268// 1276// 1269//
f 1275// 1281// 1272//
f 1272// 1281// 1270//
usemtl 1
f 1167// 974// 1164//
f 1164// 974// 972//
f 975// 1168// 976//
f 976// 1168// 1163//
usemtl 2
f 1382// 1383// 1408//
f 1377// 1378// 1409//
f 1372// 1373// 1410//
f 1369// 1368// 1411//
f 1367// 1366// 1412//
f 1365// 1363// 1413//
f 1387// 1388// 1414//
f 1414// 1388// 1415//
f 1415// 1416// 1417//
f 1417// 1416// 1418//
f 1419// 1420// 1418//
f 1418// 1420// 1421//
f 1418// 1421// 1417//
f 1422// 1423// 1424//
f 1424// 1423// 1425//
f 1424// 1425// 1419//
f 1419// 1425// 1426//
f 1419// 1426// 1420//
f 1393// 1395// 1427//
f 1427// 1395// 1428//
f 1428// 1429// 1427//
f 1427// 1429// 1430//
f 1427// 1430// 1424//
f 1424// 1430// 1431//
f 1424// 1431// 1422//
f 1394// 1396// 1432//
f 1432// 1396// 1433//
f 1434// 1435// 1433//
f 1433// 1435// 1436//
f 1433// 1436// 1432//
f 1437// 1438// 1439//
f 1439// 1438// 1440//
f 1439// 1440// 1434//
f 1434// 1440// 1441//
f 1434// 1441// 1435//
f 1437// 1439// 1442//
f 1442// 1439// 1443//
f 1442// 1443// 1444//
f 1444// 1443// 1445//
f 1445// 1443// 1413//
f 1445// 1413// 1446//
f 1446// 1413// 1447//
f 1447// 1413// 1363//
f 1447// 1363// 1362//
f 1406// 1405// 1448//
f 1448// 1405// 1449//
f 1448// 1449// 1450//
f 1450// 1449// 1451//
f 1450// 1451// 1452//
f 1452// 1451// 1453//
f 1452// 1453// 1454//
f 1454// 1453// 1455//
f 1454// 1455// 1456//
f 1456// 1455// 1410//
f 1403// 1392// 1457//
f 1457// 1392// 1458//
f 1457// 1458// 1459//
f 1459// 1458// 1460//
f 1459// 1460// 1461//
f 1461// 1460// 1462//
f 1461// 1462// 1463//
f 1463// 1462// 1464//
f 1463// 1464// 1465//
f 1465// 1464// 1409//
f 1401// 1400// 1466//
f 1466// 1400// 1467//
f 1466// 1467// 1468//
f 1468// 1467// 1469//
f 1468// 1469// 1470//
f 1470// 1469// 1471//
f 1470// 1471// 1472//
f 1472// 1471// 1473//
f 1472// 1473// 1474//
f 1474// 1473// 1408//
f 1402// 1393// 1475//
f 1475// 1393// 1427//
f 1475// 1427// 1476//
f 1476// 1427// 1424//
f 1476// 1424// 1477//
f 1477// 1424// 1419//
f 1477// 1419// 1478//
f 1478// 1419// 1418//
f 1478// 1418// 1479//
f 1479// 1418// 1416//
f 1366// 1365// 1412//
f 1412// 1365// 1413//
f 1412// 1413// 1480//
f 1480// 1413// 1443//
f 1480// 1443// 1481//
f 1481// 1443// 1439//
f 1481// 1439// 1482//
f 1482// 1439// 1434//
f 1482// 1434// 1483//
f 1483// 1434// 1433//
f 1483// 1433// 1397//
f 1397// 1433// 1396//
f 1368// 1367// 1411//
f 1411// 1367// 1412//
f 1411// 1412// 1484//
f 1484// 1412// 1480//
f 1484// 1480// 1485//
f 1485// 1480// 1481//
f 1485// 1481// 1486//
f 1486// 1481// 1482//
f 1486// 1482// 1487//
f 1487// 1482// 1483//
f 1487// 1483// 1398//
f 1398// 1483// 1397//
f 1370// 1369// 1488//
f 1488// 1369// 1411//
f 1488// 1411// 1489//
f 1489// 1411// 1484//
f 1489// 1484// 1490//
f 1490// 1484// 1485//
f 1490// 1485// 1491//
f 1491// 1485// 1486//
f 1491// 1486// 1492//
f 1492// 1486// 1487//
f 1492// 1487// 1407//
f 1407// 1487// 1398//
f 1407// 1406// 1492//
f 1492// 1406// 1448//
f 1492// 1448// 1491//
f 1491// 1448// 1450//
f 1491// 1450// 1490//
f 1490// 1450// 1452//
f 1490// 1452// 1489//
f 1489// 1452// 1454//
f 1489// 1454// 1488//
f 1488// 1454// 1456//
f 1488// 1456// 1370//
f 1370// 1456// 1371//
f 1410// 1373// 1456//
f 1456// 1373// 1374//
f 1456// 1374// 1371//
f 1375// 1372// 1493//
f 1493// 1372// 1410//
f 1493// 1410// 1494//
f 1494// 1410// 1455//
f 1494// 1455// 1495//
f 1495// 1455// 1453//
f 1495// 1453// 1496//
f 1496// 1453// 1451//
f 1496// 1451// 1497//
f 1497// 1451// 1449//
f 1497// 1449// 1404//
f 1404// 1449// 1405//
f 1404// 1403// 1497//
f 1497// 1403// 1457//
f 1497// 1457// 1496//
f 1496// 1457// 1459//
f 1496// 1459// 1495//
f 1495// 1459// 1461//
f 1495// 1461// 1494//
f 1494// 1461// 1463//
f 1494// 1463// 1493//
f 1493// 1463// 1465//
f 1493// 1465// 1375//
f 1375// 1465// 1376//
f 1409// 1378// 1465//
f 1465// 1378// 1379//
f 1465// 1379// 1376//
f 1380// 1377// 1498//
f 1498// 1377// 1409//
f 1498// 1409// 1499//
f 1499// 1409// 1464//
f 1499// 1464// 1500//
f 1500// 1464// 1462//
f 1500// 1462// 1501//
f 1501// 1462// 1460//
f 1501// 1460// 1502//
f 1502// 1460// 1458//
f 1502// 1458// 1391//
f 1391// 1458// 1392//
f 1391// 1401// 1502//
f 1502// 1401// 1466//
f 1502// 1466// 1501//
f 1501// 1466// 1468//
f 1501// 1468// 1500//
f 1500// 1468// 1470//
f 1500// 1470// 1499//
f 1499// 1470// 1472//
f 1499// 1472// 1498//
f 1498// 1472// 1474//
f 1498// 1474// 1380//
f 1380// 1474// 1381//
f 1408// 1383// 1474//
f 1474// 1383// 1384//
f 1474// 1384// 1381//
f 1385// 1382// 1503//
f 1503// 1382// 1408//
f 1503// 1408// 1504//
f 1504// 1408// 1473//
f 1504// 1473// 1505//
f 1505// 1473// 1471//
f 1505// 1471// 1506//
f 1506// 1471// 1469//
f 1506// 1469// 1507//
f 1507// 1469// 1467//
f 1507// 1467// 1399//
f 1399// 1467// 1400//
f 1399// 1402// 1507//
f 1507// 1402// 1475//
f 1507// 1475// 1506//
f 1506// 1475// 1476//
f 1506// 1476// 1505//
f 1505// 1476// 1477//
f 1505// 1477// 1504//
f 1504// 1477// 1478//
f 1504// 1478// 1503//
f 1503// 1478// 1479//
f 1503// 1479// 1385//
f 1385// 1479// 1386//
f 1415// 1388// 1416//
f 1416// 1388// 1389//
f 1416// 1389// 1479//
f 1479// 1389// 1390//
f 1479// 1390// 1386//
f 75// 1358// 85//
f 85// 1358// 87//
f 1358// 1364// 80//
f 71// 73// 85//
f 80// 82// 1358//
f 1358// 82// 88//
f 1358// 88// 87//
f 89// 56// 95//
f 67// 85// 65//
f 65// 85// 60//
f 55// 90// 92//
f 64// 63// 85//
f 85// 63// 61//
f 85// 61// 60//
f 67// 68// 85//
f 85// 68// 70//
f 85// 70// 71//
f 73// 77// 85//
f 85// 77// 76//
f 85// 76// 75//
f 55// 92// 56//
f 56// 92// 93//
f 56// 93// 95//
f 96// 85// 95//
f 95// 85// 84//
f 95// 84// 89//
f 96// 21// 85//
f 85// 21// 20//
f 85// 20// 64//
f 64// 20// 58//
f 1435// 1441// 1361//
f 1361// 1360// 1387//
f 1423// 1361// 1425//
f 1425// 1361// 1426//
f 1387// 1414// 1361//
f 1361// 1414// 1415//
f 1361// 1415// 1417//
f 1441// 1440// 1361//
f 1361// 1440// 1438//
f 1361// 1438// 1437//
f 1417// 1421// 1361//
f 1361// 1421// 1420//
f 1361// 1420// 1426//
f 1423// 1422// 1361//
f 1361// 1422// 1431//
f 1361// 1431// 1430//
f 1361// 1395// 1394//
f 1442// 1444// 1437//
f 1437// 1444// 1445//
f 1437// 1445// 1446//
f 1446// 1447// 1437//
f 1437// 1447// 1362//
f 1437// 1362// 1361//
f 1430// 1429// 1361//
f 1361// 1429// 1428//
f 1361// 1428// 1395//
f 1394// 1432// 1361//
f 1361// 1432// 1436//
f 1361// 1436// 1435//
f 1364// 1358// 1356//
f 1356// 1358// 1359//
f 1356// 1359// 1357//
f 1357// 1359// 1360//
f 1357// 1360// 1361//
usemtl 3
f 1508// 489// 1509//
f 1509// 489// 487//
f 1510// 490// 1508//
f 1508// 490// 489//
f 1511// 523// 180//
f 1511// 180// 1510//
f 1510// 180// 179//
f 1510// 179// 490//
f 523// 1511// 1512//
f 523// 1512// 519//
f 519// 1512// 1513//
f 519// 1513// 520//
f 520// 1513// 1514//
f 520// 1514// 521//
f 521// 1514// 1515//
f 521// 1515// 522//
f 522// 1515// 1516//
f 522// 1516// 512//
f 512// 1516// 1517//
f 512// 1517// 513//
f 513// 1517// 1518//
f 513// 1518// 514//
f 514// 1518// 1519//
f 514// 1519// 515//
f 515// 1519// 1520//
f 515// 1520// 494//
f 494// 1520// 1521//
f 494// 1521// 495//
f 495// 1521// 1522//
f 495// 1522// 496//
f 496// 1522// 1523//
f 496// 1523// 492//
f 492// 1523// 1524//
f 492// 1524// 493//
f 493// 1524// 559//
f 559// 1524// 1525//
f 559// 1525// 560//
f 560// 1525// 561//
f 561// 1525// 1526//
f 561// 1526// 548//
f 1527// 549// 1526//
f 1526// 549// 548//
f 549// 1527// 1528//
f 549// 1528// 558//
f 558// 1528// 1529//
f 558// 1529// 557//
f 557// 1529// 1530//
f 557// 1530// 554//
f 554// 1530// 1531//
f 554// 1531// 553//
f 1532// 551// 1531//
f 1531// 551// 553//
f 551// 1532// 1533//
f 551// 1533// 552//
f 552// 1533// 1534//
f 552// 1534// 555//
f 555// 1534// 544//
f 544// 1534// 1535//
f 544// 1535// 545//
f 1536// 534// 1535//
f 1535// 534// 545//
f 534// 1536// 535//
f 535// 1536// 1537//
f 535// 1537// 536//
f 1538// 537// 1537//
f 1537// 537// 536//
f 537// 1538// 1539//
f 537// 1539// 538//
f 538// 1539// 1540//
f 538// 1540// 539//
f 1541// 540// 1540//
f 1540// 540// 539//
f 540// 1541// 1542//
f 540// 1542// 541//
f 541// 1542// 1543//
f 541// 1543// 542//
f 542// 1543// 1544//
f 542// 1544// 543//
f 543// 1544// 1545//
f 543// 1545// 527//
f 527// 1545// 1546//
f 527// 1546// 528//
f 528// 1546// 1547//
f 528// 1547// 529//
f 529// 1547// 1548//
f 529// 1548// 530//
f 530// 1548// 1549//
f 530// 1549// 531//
f 531// 1549// 1550//
f 531// 1550// 532//
f 1551// 533// 1550//
f 1550// 533// 532//
f 533// 1551// 526//
f 526// 1551// 1552//
f 526// 1552// 524//
f 175// 524// 1553//
f 1553// 524// 1552//
f 175// 1553// 176//
f 176// 1553// 1554//
f 176// 1554// 518//
f 518// 1554// 1555//
f 518// 1555// 497//
f 497// 1555// 1556//
f 497// 1556// 498//
f 498// 1556// 1557//
f 498// 1557// 500//
f 500// 1557// 1558//
f 500// 1558// 501//
f 501// 1558// 1559//
f 501// 1559// 502//
f 502// 1559// 1560//
f 502// 1560// 503//
f 503// 1560// 1561//
f 503// 1561// 505//
f 505// 1561// 1562//
f 505// 1562// 506//
f 506// 1562// 1563//
f 506// 1563// 509//
f 509// 1563// 1564//
f 509// 1564// 510//
f 510// 1564// 1565//
f 510// 1565// 511//
f 511// 1565// 1566//
f 511// 1566// 507//
f 507// 1566// 1567//
f 507// 1567// 508//
f 508// 1567// 1568//
f 508// 1568// 516//
f 1568// 1569// 488//
f 488// 178// 1568//
f 1568// 178// 517//
f 1568// 517// 516//
f 1570// 486// 1569//
f 1569// 486// 488//
f 1570// 1509// 486//
f 486// 1509// 487//
f 1571// 1535// 1572//
f 1572// 1535// 1534//
f 1570// 1573// 1574//
f 1543// 1542// 1569//
f 1569// 1542// 1541//
f 1574// 1575// 1570//
f 1570// 1575// 1576//
f 1570// 1576// 1509//
f 1509// 1576// 1577//
f 1533// 1508// 1534//
f 1534// 1508// 1509//
f 1534// 1509// 1572//
f 1572// 1509// 1577//
f 1541// 1540// 1569//
f 1569// 1540// 1539//
f 1569// 1539// 1570//
f 1570// 1539// 1538//
f 1570// 1538// 1573//
f 1573// 1538// 1537//
f 1573// 1537// 1571//
f 1571// 1537// 1536//
f 1571// 1536// 1535//
f 1508// 1527// 1510//
f 1510// 1527// 1526//
f 1510// 1526// 1511//
f 1511// 1526// 1525//
f 1511// 1525// 1512//
f 1554// 1568// 1555//
f 1555// 1568// 1567//
f 1555// 1567// 1556//
f 1550// 1549// 1569//
f 1569// 1549// 1548//
f 1569// 1548// 1543//
f 1543// 1548// 1547//
f 1533// 1532// 1508//
f 1508// 1532// 1531//
f 1508// 1531// 1530//
f 1512// 1525// 1513//
f 1513// 1525// 1524//
f 1513// 1524// 1514//
f 1546// 1545// 1547//
f 1547// 1545// 1544//
f 1547// 1544// 1543//
f 1530// 1529// 1508//
f 1508// 1529// 1528//
f 1508// 1528// 1527//
f 1516// 1515// 1522//
f 1554// 1553// 1568//
f 1568// 1553// 1552//
f 1568// 1552// 1569//
f 1569// 1552// 1551//
f 1569// 1551// 1550//
f 1514// 1524// 1515//
f 1515// 1524// 1523//
f 1515// 1523// 1522//
f 1565// 1564// 1557//
f 1556// 1567// 1557//
f 1557// 1567// 1566//
f 1557// 1566// 1565//
f 1559// 1562// 1560//
f 1560// 1562// 1561//
f 1564// 1563// 1557//
f 1557// 1563// 1562//
f 1557// 1562// 1558//
f 1558// 1562// 1559//
f 1516// 1522// 1517//
f 1517// 1522// 1521//
f 1517// 1521// 1518//
f 1518// 1521// 1520//
f 1518// 1520// 1519//
f 1572// 1578// 1571//
f 1571// 1578// 1579//
f 1578// 1572// 1577//
f 1578// 1577// 1580//
f 1580// 1577// 1576//
f 1580// 1576// 1581//
f 1581// 1576// 1575//
f 1581// 1575// 1582//
f 1574// 1583// 1575//
f 1575// 1583// 1582//
f 1573// 1584// 1574//
f 1574// 1584// 1583//
f 1579// 1584// 1571//
f 1571// 1584// 1573//
f 1585// 609// 1586//
f 1586// 609// 608//
f 609// 1585// 1587//
f 609// 1587// 610//
f 610// 1587// 1588//
f 610// 1588// 579//
f 579// 1588// 1589//
f 579// 1589// 565//
f 565// 1589// 1590//
f 565// 1590// 566//
f 566// 1590// 1591//
f 566// 1591// 582//
f 582// 1591// 1592//
f 582// 1592// 583//
f 583// 1592// 1593//
f 583// 1593// 584//
f 584// 1593// 1594//
f 584// 1594// 611//
f 611// 1594// 1595//
f 611// 1595// 612//
f 1596// 613// 1595//
f 1595// 613// 612//
f 1597// 615// 1596//
f 1596// 615// 613//
f 615// 1597// 1598//
f 615// 1598// 616//
f 616// 1598// 1599//
f 616// 1599// 602//
f 1600// 603// 1599//
f 1599// 603// 602//
f 1601// 604// 1600//
f 1600// 604// 603//
f 604// 1601// 1602//
f 604// 1602// 572//
f 572// 1602// 1603//
f 572// 1603// 571//
f 571// 1603// 1604//
f 571// 1604// 562//
f 562// 1604// 1605//
f 562// 1605// 563//
f 563// 1605// 1606//
f 563// 1606// 564//
f 564// 1606// 1607//
f 564// 1607// 568//
f 568// 1607// 1608//
f 568// 1608// 569//
f 569// 1608// 1609//
f 569// 1609// 570//
f 570// 1609// 1610//
f 570// 1610// 599//
f 599// 1610// 1611//
f 599// 1611// 600//
f 600// 1611// 1612//
f 600// 1612// 601//
f 601// 1612// 1613//
f 601// 1613// 573//
f 573// 1613// 1614//
f 573// 1614// 574//
f 574// 1614// 1615//
f 574// 1615// 593//
f 593// 1615// 1616//
f 593// 1616// 594//
f 594// 1616// 1617//
f 594// 1617// 595//
f 595// 1617// 1618//
f 595// 1618// 605//
f 605// 1618// 1619//
f 605// 1619// 606//
f 1620// 607// 1619//
f 1619// 607// 606//
f 624// 607// 1621//
f 1621// 607// 1620//
f 624// 1621// 625//
f 625// 1621// 1622//
f 625// 1622// 626//
f 626// 1622// 1623//
f 626// 1623// 623//
f 623// 1623// 1624//
f 623// 1624// 622//
f 622// 1624// 1625//
f 622// 1625// 621//
f 621// 1625// 1626//
f 621// 1626// 627//
f 627// 1626// 1627//
f 627// 1627// 628//
f 628// 1627// 629//
f 629// 1627// 1628//
f 629// 1628// 617//
f 617// 1628// 1629//
f 617// 1629// 618//
f 1630// 619// 1629//
f 1629// 619// 618//
f 619// 1630// 1631//
f 619// 1631// 620//
f 620// 1631// 1632//
f 620// 1632// 596//
f 596// 1632// 1633//
f 596// 1633// 597//
f 597// 1633// 1634//
f 597// 1634// 598//
f 598// 1634// 1635//
f 598// 1635// 578//
f 578// 1635// 1636//
f 578// 1636// 577//
f 577// 1636// 1637//
f 577// 1637// 576//
f 576// 1637// 1638//
f 576// 1638// 575//
f 575// 1638// 1639//
f 575// 1639// 581//
f 581// 1639// 1640//
f 581// 1640// 580//
f 580// 1640// 1641//
f 580// 1641// 585//
f 585// 1641// 1642//
f 585// 1642// 586//
f 586// 1642// 1643//
f 586// 1643// 588//
f 588// 1643// 1644//
f 588// 1644// 589//
f 589// 1644// 1645//
f 589// 1645// 590//
f 1646// 591// 1645//
f 1645// 591// 590//
f 1647// 592// 1646//
f 1646// 592// 591//
f 1648// 587// 1647//
f 1647// 587// 592//
f 587// 1648// 1649//
f 587// 1649// 614//
f 614// 1649// 1586//
f 614// 1586// 608//
f 1597// 1596// 1650//
f 1587// 1585// 1596//
f 1646// 1645// 1630//
f 1633// 1632// 1645//
f 1645// 1632// 1631//
f 1645// 1631// 1630//
f 1647// 1646// 1622//
f 1651// 1616// 1652//
f 1652// 1616// 1615//
f 1652// 1615// 1653//
f 1653// 1615// 1614//
f 1653// 1614// 1654//
f 1654// 1614// 1655//
f 1620// 1656// 1657//
f 1647// 1658// 1648//
f 1648// 1658// 1650//
f 1648// 1650// 1649//
f 1649// 1650// 1596//
f 1649// 1596// 1586//
f 1586// 1596// 1585//
f 1659// 1660// 1601//
f 1601// 1660// 1602//
f 1602// 1660// 1661//
f 1602// 1661// 1603//
f 1625// 1624// 1623//
f 1656// 1620// 1662//
f 1662// 1620// 1619//
f 1662// 1619// 1663//
f 1663// 1619// 1618//
f 1663// 1618// 1651//
f 1651// 1618// 1617//
f 1651// 1617// 1616//
f 1622// 1621// 1647//
f 1647// 1621// 1620//
f 1647// 1620// 1658//
f 1658// 1620// 1657//
f 1601// 1600// 1659//
f 1659// 1600// 1599//
f 1659// 1599// 1650//
f 1650// 1599// 1598//
f 1650// 1598// 1597//
f 1603// 1661// 1604//
f 1604// 1661// 1664//
f 1604// 1664// 1605//
f 1614// 1613// 1655//
f 1655// 1613// 1612//
f 1655// 1612// 1665//
f 1665// 1612// 1611//
f 1665// 1611// 1666//
f 1666// 1611// 1610//
f 1666// 1610// 1667//
f 1667// 1610// 1609//
f 1630// 1629// 1646//
f 1646// 1629// 1628//
f 1646// 1628// 1622//
f 1622// 1628// 1627//
f 1622// 1627// 1623//
f 1623// 1627// 1626//
f 1623// 1626// 1625//
f 1636// 1635// 1645//
f 1645// 1635// 1634//
f 1645// 1634// 1633//
f 1596// 1595// 1587//
f 1587// 1595// 1594//
f 1587// 1594// 1588//
f 1588// 1594// 1593//
f 1605// 1664// 1606//
f 1606// 1664// 1668//
f 1606// 1668// 1607//
f 1607// 1668// 1669//
f 1607// 1669// 1608//
f 1608// 1669// 1670//
f 1608// 1670// 1609//
f 1609// 1670// 1671//
f 1609// 1671// 1667//
f 1644// 1643// 1638//
f 1638// 1643// 1642//
f 1638// 1642// 1639//
f 1639// 1642// 1641//
f 1639// 1641// 1640//
f 1593// 1592// 1588//
f 1588// 1592// 1591//
f 1588// 1591// 1589//
f 1589// 1591// 1590//
f 1644// 1638// 1645//
f 1645// 1638// 1637//
f 1645// 1637// 1636//
f 1662// 1672// 1656//
f 1656// 1672// 1673//
f 1672// 1662// 1663//
f 1672// 1663// 1674//
f 1674// 1663// 1651//
f 1674// 1651// 1675//
f 1675// 1651// 1652//
f 1675// 1652// 1676//
f 1676// 1652// 1653//
f 1676// 1653// 1677//
f 1677// 1653// 1654//
f 1677// 1654// 1678//
f 1678// 1654// 1655//
f 1678// 1655// 1679//
f 1679// 1655// 1665//
f 1679// 1665// 1680//
f 1680// 1665// 1666//
f 1680// 1666// 1681//
f 1681// 1666// 1667//
f 1681// 1667// 1682//
f 1682// 1667// 1671//
f 1682// 1671// 1683//
f 1683// 1671// 1670//
f 1683// 1670// 1684//
f 1684// 1670// 1669//
f 1684// 1669// 1685//
f 1685// 1669// 1668//
f 1685// 1668// 1686//
f 1686// 1668// 1664//
f 1686// 1664// 1687//
f 1687// 1664// 1661//
f 1687// 1661// 1688//
f 1688// 1661// 1660//
f 1688// 1660// 1689//
f 1689// 1660// 1659//
f 1689// 1659// 1690//
f 1650// 1691// 1659//
f 1659// 1691// 1690//
f 1658// 1692// 1650//
f 1650// 1692// 1691//
f 1692// 1658// 1657//
f 1692// 1657// 1693//
f 1693// 1657// 1656//
f 1693// 1656// 1673//
f 1694// 863// 1695//
f 1695// 863// 862//
f 863// 1694// 1696//
f 863// 1696// 865//
f 865// 1696// 1697//
f 865// 1697// 876//
f 876// 1697// 1698//
f 876// 1698// 877//
f 1699// 866// 1698//
f 1698// 866// 877//
f 1700// 915// 1699//
f 1699// 915// 866//
f 915// 1700// 1701//
f 915// 1701// 904//
f 904// 1701// 1702//
f 904// 1702// 905//
f 905// 1702// 1703//
f 905// 1703// 907//
f 907// 1703// 1704//
f 907// 1704// 909//
f 909// 1704// 1705//
f 909// 1705// 940//
f 940// 1705// 1706//
f 940// 1706// 891//
f 891// 1706// 1707//
f 891// 1707// 892//
f 892// 1707// 1708//
f 892// 1708// 893//
f 893// 1708// 1709//
f 893// 1709// 894//
f 894// 1709// 1710//
f 894// 1710// 921//
f 921// 1710// 1711//
f 921// 1711// 922//
f 1712// 912// 1711//
f 1711// 912// 922//
f 1713// 913// 1712//
f 1712// 913// 912//
f 1714// 914// 1713//
f 1713// 914// 913//
f 914// 1714// 1715//
f 914// 1715// 924//
f 924// 1715// 1716//
f 924// 1716// 923//
f 1717// 854// 1716//
f 1716// 854// 923//
f 1718// 855// 1717//
f 1717// 855// 854//
f 855// 1718// 1719//
f 855// 1719// 856//
f 856// 1719// 1720//
f 856// 1720// 857//
f 857// 1720// 1721//
f 857// 1721// 858//
f 858// 1721// 1722//
f 858// 1722// 859//
f 859// 1722// 1723//
f 859// 1723// 895//
f 895// 1723// 1724//
f 895// 1724// 896//
f 896// 1724// 1725//
f 896// 1725// 852//
f 852// 1725// 1726//
f 852// 1726// 853//
f 853// 1726// 1727//
f 853// 1727// 941//
f 941// 1727// 1728//
f 941// 1728// 942//
f 942// 1728// 1729//
f 942// 1729// 943//
f 1730// 950// 1729//
f 1729// 950// 943//
f 950// 1730// 1731//
f 950// 1731// 951//
f 951// 1731// 1732//
f 951// 1732// 947//
f 1733// 948// 1732//
f 1732// 948// 947//
f 948// 1733// 1734//
f 948// 1734// 949//
f 949// 1734// 1735//
f 949// 1735// 925//
f 925// 1735// 1736//
f 925// 1736// 882//
f 882// 1736// 1737//
f 882// 1737// 883//
f 883// 1737// 1738//
f 883// 1738// 884//
f 884// 1738// 1739//
f 884// 1739// 869//
f 869// 1739// 1740//
f 869// 1740// 870//
f 870// 1740// 1741//
f 870// 1741// 871//
f 871// 1741// 1742//
f 871// 1742// 916//
f 916// 1742// 1743//
f 916// 1743// 917//
f 917// 1743// 1744//
f 917// 1744// 918//
f 918// 1744// 1745//
f 918// 1745// 932//
f 932// 1745// 1746//
f 932// 1746// 933//
f 1747// 934// 1746//
f 1746// 934// 933//
f 934// 1747// 1748//
f 934// 1748// 946//
f 946// 1748// 1749//
f 946// 1749// 945//
f 1750// 944// 1749//
f 1749// 944// 945//
f 944// 1750// 1751//
f 944// 1751// 935//
f 935// 1751// 1752//
f 935// 1752// 936//
f 936// 1752// 1753//
f 936// 1753// 937//
f 937// 1753// 1754//
f 937// 1754// 860//
f 860// 1754// 1755//
f 860// 1755// 861//
f 861// 1755// 1756//
f 861// 1756// 886//
f 886// 1756// 1757//
f 886// 1757// 887//
f 887// 1757// 1758//
f 887// 1758// 872//
f 872// 1758// 1759//
f 872// 1759// 873//
f 873// 1759// 1760//
f 873// 1760// 874//
f 874// 1760// 1761//
f 874// 1761// 875//
f 875// 1761// 1762//
f 875// 1762// 888//
f 888// 1762// 1763//
f 888// 1763// 889//
f 889// 1763// 1764//
f 889// 1764// 890//
f 890// 1764// 1765//
f 890// 1765// 897//
f 1766// 898// 1765//
f 1765// 898// 897//
f 898// 1766// 1767//
f 898// 1767// 899//
f 899// 1767// 1768//
f 899// 1768// 926//
f 1769// 927// 1768//
f 1768// 927// 926//
f 927// 1769// 1770//
f 927// 1770// 928//
f 928// 1770// 1771//
f 928// 1771// 929//
f 1772// 930// 1771//
f 1771// 930// 929//
f 930// 1772// 1773//
f 930// 1773// 931//
f 931// 1773// 1774//
f 931// 1774// 938//
f 938// 1774// 1775//
f 938// 1775// 939//
f 1776// 880// 1775//
f 1775// 880// 939//
f 1777// 881// 1776//
f 1776// 881// 880//
f 881// 1777// 1778//
f 881// 1778// 919//
f 919// 1778// 1779//
f 919// 1779// 920//
f 920// 1779// 1780//
f 920// 1780// 900//
f 900// 1780// 1781//
f 900// 1781// 901//
f 901// 1781// 1782//
f 901// 1782// 902//
f 902// 1782// 1783//
f 902// 1783// 903//
f 903// 1783// 1784//
f 903// 1784// 911//
f 911// 1784// 1785//
f 911// 1785// 910//
f 910// 1785// 1786//
f 910// 1786// 908//
f 908// 1786// 1787//
f 908// 1787// 906//
f 906// 1787// 1788//
f 906// 1788// 867//
f 1789// 868// 1788//
f 1788// 868// 867//
f 868// 1789// 1790//
f 868// 1790// 879//
f 879// 1790// 1791//
f 879// 1791// 878//
f 1792// 864// 1791//
f 1791// 864// 878//
f 1792// 1695// 864//
f 864// 1695// 862//
f 1716// 1715// 1730//
f 1730// 1715// 1714//
f 1737// 1736// 1713//
f 1713// 1736// 1735//
f 1713// 1735// 1734//
f 1743// 1713// 1744//
f 1744// 1713// 1745//
f 1753// 1752// 1792//
f 1724// 1723// 1718//
f 1734// 1733// 1713//
f 1713// 1733// 1732//
f 1713// 1732// 1714//
f 1714// 1732// 1731//
f 1714// 1731// 1730//
f 1749// 1748// 1713//
f 1748// 1747// 1713//
f 1713// 1747// 1746//
f 1713// 1746// 1745//
f 1743// 1742// 1713//
f 1713// 1742// 1741//
f 1713// 1741// 1740//
f 1695// 1712// 1694//
f 1694// 1712// 1711//
f 1694// 1711// 1696//
f 1696// 1711// 1697//
f 1779// 1778// 1788//
f 1788// 1778// 1777//
f 1752// 1751// 1792//
f 1792// 1751// 1750//
f 1792// 1750// 1695//
f 1695// 1750// 1749//
f 1695// 1749// 1712//
f 1712// 1749// 1713//
f 1697// 1711// 1698//
f 1698// 1711// 1700//
f 1698// 1700// 1699//
f 1716// 1730// 1717//
f 1717// 1730// 1729//
f 1717// 1729// 1718//
f 1718// 1729// 1728//
f 1718// 1728// 1727//
f 1723// 1722// 1721//
f 1740// 1739// 1713//
f 1713// 1739// 1738//
f 1713// 1738// 1737//
f 1761// 1760// 1792//
f 1792// 1760// 1759//
f 1756// 1755// 1792//
f 1792// 1755// 1754//
f 1792// 1754// 1753//
f 1777// 1776// 1788//
f 1788// 1776// 1775//
f 1788// 1775// 1789//
f 1789// 1775// 1774//
f 1789// 1774// 1790//
f 1790// 1774// 1773//
f 1790// 1773// 1791//
f 1791// 1773// 1772//
f 1791// 1772// 1792//
f 1792// 1772// 1771//
f 1792// 1771// 1770//
f 1770// 1769// 1792//
f 1792// 1769// 1768//
f 1792// 1768// 1767//
f 1721// 1720// 1723//
f 1723// 1720// 1719//
f 1723// 1719// 1718//
f 1710// 1702// 1711//
f 1711// 1702// 1701//
f 1711// 1701// 1700//
f 1759// 1758// 1792//
f 1792// 1758// 1757//
f 1792// 1757// 1756//
f 1785// 1784// 1780//
f 1767// 1766// 1792//
f 1792// 1766// 1765//
f 1792// 1765// 1764//
f 1727// 1726// 1718//
f 1718// 1726// 1725//
f 1718// 1725// 1724//
f 1710// 1709// 1702//
f 1702// 1709// 1708//
f 1702// 1708// 1703//
f 1703// 1708// 1707//
f 1707// 1706// 1703//
f 1703// 1706// 1705//
f 1703// 1705// 1704//
f 1785// 1780// 1786//
f 1764// 1763// 1792//
f 1792// 1763// 1762//
f 1792// 1762// 1761//
f 1779// 1788// 1780//
f 1780// 1788// 1787//
f 1780// 1787// 1786//
f 1784// 1783// 1780//
f 1780// 1783// 1782//
f 1780// 1782// 1781//
f 1793// 634// 1794//
f 1794// 634// 640//
f 1795// 635// 1793//
f 1793// 635// 634//
f 1796// 885// 1795//
f 1795// 885// 635//
f 885// 1796// 1797//
f 885// 1797// 687//
f 687// 1797// 1798//
f 687// 1798// 688//
f 688// 1798// 1799//
f 688// 1799// 689//
f 689// 1799// 1800//
f 689// 1800// 691//
f 691// 1800// 1801//
f 691// 1801// 692//
f 692// 1801// 1802//
f 692// 1802// 676//
f 676// 1802// 1803//
f 676// 1803// 673//
f 673// 1803// 1804//
f 673// 1804// 674//
f 674// 1804// 1805//
f 674// 1805// 675//
f 675// 1805// 1806//
f 675// 1806// 690//
f 690// 1806// 1807//
f 690// 1807// 678//
f 678// 1807// 1808//
f 678// 1808// 677//
f 677// 1808// 1809//
f 677// 1809// 657//
f 657// 1809// 1810//
f 657// 1810// 658//
f 658// 1810// 1811//
f 658// 1811// 680//
f 680// 1811// 1812//
f 680// 1812// 681//
f 681// 1812// 1813//
f 681// 1813// 669//
f 669// 1813// 1814//
f 669// 1814// 662//
f 662// 1814// 1815//
f 662// 1815// 663//
f 663// 1815// 1816//
f 663// 1816// 682//
f 682// 1816// 1817//
f 682// 1817// 683//
f 683// 1817// 1818//
f 683// 1818// 670//
f 670// 1818// 1819//
f 670// 1819// 684//
f 684// 1819// 1820//
f 684// 1820// 685//
f 685// 1820// 1821//
f 685// 1821// 686//
f 686// 1821// 1822//
f 686// 1822// 672//
f 672// 1822// 1823//
f 672// 1823// 671//
f 671// 1823// 1824//
f 671// 1824// 664//
f 664// 1824// 1825//
f 664// 1825// 679//
f 1826// 656// 1825//
f 1825// 656// 679//
f 1827// 650// 1826//
f 1826// 650// 656//
f 650// 1827// 1828//
f 650// 1828// 651//
f 651// 1828// 1829//
f 651// 1829// 652//
f 652// 1829// 1830//
f 652// 1830// 630//
f 630// 1830// 1831//
f 630// 1831// 631//
f 631// 1831// 1832//
f 631// 1832// 636//
f 636// 1832// 1833//
f 636// 1833// 637//
f 637// 1833// 638//
f 638// 1833// 1834//
f 638// 1834// 697//
f 697// 1834// 646//
f 646// 1834// 1835//
f 646// 1835// 645//
f 645// 1835// 1836//
f 645// 1836// 643//
f 643// 1836// 1837//
f 643// 1837// 665//
f 665// 1837// 1838//
f 665// 1838// 666//
f 666// 1838// 1839//
f 666// 1839// 667//
f 667// 1839// 1840//
f 667// 1840// 693//
f 693// 1840// 1841//
f 693// 1841// 694//
f 694// 1841// 1842//
f 694// 1842// 695//
f 695// 1842// 1843//
f 695// 1843// 647//
f 647// 1843// 1844//
f 647// 1844// 648//
f 648// 1844// 1845//
f 648// 1845// 659//
f 659// 1845// 1846//
f 659// 1846// 660//
f 660// 1846// 1847//
f 660// 1847// 661//
f 661// 1847// 1848//
f 661// 1848// 668//
f 668// 1848// 1849//
f 668// 1849// 642//
f 642// 1849// 1850//
f 642// 1850// 641//
f 641// 1850// 1851//
f 641// 1851// 639//
f 639// 1851// 1852//
f 639// 1852// 653//
f 653// 1852// 1853//
f 653// 1853// 654//
f 1854// 655// 1853//
f 1853// 655// 654//
f 1854// 1794// 655//
f 655// 1794// 640//
f 1795// 1793// 1854//
f 1854// 1793// 1794//
f 1827// 1826// 1825//
f 1796// 1795// 1797//
f 1797// 1795// 1854//
f 1797// 1854// 1798//
f 1798// 1854// 1799//
f 1853// 1801// 1854//
f 1854// 1801// 1800//
f 1854// 1800// 1799//
f 1853// 1852// 1801//
f 1801// 1852// 1851//
f 1801// 1851// 1802//
f 1802// 1851// 1850//
f 1802// 1850// 1803//
f 1803// 1850// 1849//
f 1803// 1849// 1804//
f 1827// 1825// 1828//
f 1828// 1825// 1824//
f 1828// 1824// 1829//
f 1829// 1824// 1823//
f 1829// 1823// 1830//
f 1830// 1823// 1822//
f 1830// 1822// 1831//
f 1831// 1822// 1821//
f 1831// 1821// 1832//
f 1832// 1821// 1820//
f 1832// 1820// 1833//
f 1833// 1820// 1819//
f 1833// 1819// 1834//
f 1834// 1819// 1818//
f 1834// 1818// 1835//
f 1835// 1818// 1817//
f 1835// 1817// 1836//
f 1836// 1817// 1816//
f 1836// 1816// 1837//
f 1837// 1816// 1815//
f 1837// 1815// 1838//
f 1838// 1815// 1814//
f 1838// 1814// 1839//
f 1839// 1814// 1813//
f 1839// 1813// 1840//
f 1840// 1813// 1812//
f 1840// 1812// 1841//
f 1841// 1812// 1811//
f 1841// 1811// 1842//
f 1842// 1811// 1810//
f 1842// 1810// 1843//
f 1810// 1809// 1843//
f 1843// 1809// 1808//
f 1843// 1808// 1844//
f 1844// 1808// 1807//
f 1844// 1807// 1845//
f 1845// 1807// 1806//
f 1845// 1806// 1846//
f 1846// 1806// 1805//
f 1846// 1805// 1847//
f 1847// 1805// 1804//
f 1847// 1804// 1848//
f 1848// 1804// 1849//
f 1855// 710// 1856//
f 1856// 710// 971//
f 1856// 971// 700//
f 710// 1855// 1857//
f 710// 1857// 711//
f 711// 1857// 1858//
f 711// 1858// 712//
f 712// 1858// 1859//
f 712// 1859// 701//
f 1860// 707// 1859//
f 1859// 707// 701//
f 707// 1860// 1861//
f 707// 1861// 708//
f 708// 1861// 1862//
f 708// 1862// 709//
f 709// 1862// 1863//
f 709// 1863// 724//
f 724// 1863// 1864//
f 724// 1864// 725//
f 725// 1864// 1865//
f 725// 1865// 702//
f 702// 1865// 1866//
f 702// 1866// 703//
f 703// 1866// 1867//
f 703// 1867// 718//
f 718// 1867// 1868//
f 718// 1868// 713//
f 713// 1868// 1869//
f 713// 1869// 714//
f 714// 1869// 1870//
f 714// 1870// 715//
f 715// 1870// 1871//
f 715// 1871// 716//
f 716// 1871// 1872//
f 716// 1872// 717//
f 717// 1872// 1873//
f 717// 1873// 719//
f 719// 1873// 1874//
f 719// 1874// 720//
f 720// 1874// 1875//
f 720// 1875// 721//
f 721// 1875// 1876//
f 721// 1876// 734//
f 734// 1876// 1877//
f 734// 1877// 735//
f 735// 1877// 1878//
f 735// 1878// 736//
f 736// 1878// 1879//
f 736// 1879// 737//
f 737// 1879// 1880//
f 737// 1880// 738//
f 738// 1880// 1881//
f 738// 1881// 739//
f 1882// 704// 1881//
f 1881// 704// 739//
f 1883// 705// 1882//
f 1882// 705// 704//
f 705// 1883// 1884//
f 705// 1884// 706//
f 706// 1884// 1885//
f 706// 1885// 740//
f 740// 1885// 1886//
f 740// 1886// 726//
f 726// 1886// 1887//
f 726// 1887// 727//
f 727// 1887// 1888//
f 727// 1888// 729//
f 729// 1888// 1889//
f 729// 1889// 730//
f 730// 1889// 1890//
f 730// 1890// 731//
f 731// 1890// 1891//
f 731// 1891// 732//
f 732// 1891// 1892//
f 732// 1892// 955//
f 955// 1892// 1893//
f 955// 1893// 957//
f 957// 1893// 1894//
f 957// 1894// 958//
f 1895// 956// 1894//
f 1894// 956// 958//
f 1896// 722// 1895//
f 1895// 722// 956//
f 722// 1896// 1897//
f 722// 1897// 723//
f 723// 1897// 1898//
f 723// 1898// 698//
f 1899// 699// 1898//
f 1898// 699// 698//
f 1899// 1856// 699//
f 699// 1856// 700//
f 1868// 1867// 1878//
f 1879// 1878// 1864//
f 1860// 1889// 1888//
f 1867// 1866// 1878//
f 1878// 1866// 1865//
f 1878// 1865// 1864//
f 1864// 1863// 1879//
f 1879// 1863// 1862//
f 1879// 1862// 1880//
f 1880// 1862// 1861//
f 1896// 1895// 1860//
f 1895// 1894// 1860//
f 1860// 1894// 1893//
f 1860// 1893// 1892//
f 1860// 1885// 1884//
f 1856// 1899// 1855//
f 1855// 1899// 1898//
f 1855// 1898// 1857//
f 1857// 1898// 1897//
f 1857// 1897// 1858//
f 1858// 1897// 1896//
f 1858// 1896// 1859//
f 1859// 1896// 1860//
f 1892// 1891// 1860//
f 1860// 1891// 1890//
f 1860// 1890// 1889//
f 1871// 1870// 1878//
f 1878// 1870// 1869//
f 1878// 1869// 1868//
f 1888// 1887// 1860//
f 1860// 1887// 1886//
f 1860// 1886// 1885//
f 1884// 1883// 1860//
f 1860// 1883// 1882//
f 1860// 1882// 1861//
f 1861// 1882// 1881//
f 1861// 1881// 1880//
f 1878// 1877// 1871//
f 1871// 1877// 1876//
f 1871// 1876// 1875//
f 1875// 1874// 1871//
f 1871// 1874// 1873//
f 1871// 1873// 1872//
usemtl 1
f 1583// 1584// 1579//
f 1579// 1578// 1580//
f 1580// 1581// 1579//
f 1579// 1581// 1582//
f 1579// 1582// 1583//
f 1689// 1690// 1681//
f 1691// 1692// 1690//
f 1690// 1692// 1693//
f 1690// 1693// 1673//
f 1689// 1681// 1688//
f 1673// 1672// 1690//
f 1690// 1672// 1674//
f 1690// 1674// 1675//
f 1688// 1681// 1687//
f 1687// 1681// 1682//
f 1687// 1682// 1683//
f 1675// 1676// 1690//
f 1690// 1676// 1677//
f 1690// 1677// 1678//
f 1683// 1684// 1687//
f 1687// 1684// 1685//
f 1687// 1685// 1686//
f 1678// 1679// 1690//
f 1690// 1679// 1680//
f 1690// 1680// 1681//
f 1106// 993// 1107//
f 1107// 993// 994//
f 1109// 989// 1106//
f 1106// 989// 988//
f 1106// 988// 993//
f 986// 1110// 984//
f 984// 1110// 1107//
f 984// 1107// 994//
f 1110// 986// 1109//
f 1109// 986// 989//
usemtl 2
f 1189// 1266// 1232//
f 1232// 1266// 1264//
f 1188// 1265// 1189//
f 1189// 1265// 1266//
f 1263// 1233// 1264//
f 1264// 1233// 1232//
f 1233// 1263// 1188//
f 1188// 1263// 1265//
usemtl 1
f 1900// 741// 10//
f 10// 741// 12//
f 1901// 1900// 1//
f 1// 1900// 10//
f 475// 1901// 3//
f 3// 1901// 1//
f 741// 1900// 167//
f 167// 1900// 1901//
f 167// 1901// 168//
f 168// 1901// 475//
usemtl 2
f 1902// 1903// 1904//
f 1905// 1906// 1904//
f 1906// 1907// 1904//
f 1904// 1907// 1908//
f 1904// 1908// 1902//
f 1909// 1910// 1911//
f 1911// 1910// 1912//
f 1912// 1913// 1911//
f 1911// 1913// 1914//
f 1911// 1914// 1915//
f 1909// 1916// 1910//
f 1910// 1916// 1917//
f 1910// 1917// 1904//
f 1904// 1917// 1918//
f 1904// 1918// 1905//
f 1919// 1920// 1921//
f 1922// 1923// 1924//
f 1925// 1926// 1927//
f 1928// 1929// 1930//
f 1931// 1932// 1933//
f 1934// 1935// 1936//
f 1937// 1938// 1939//
f 1902// 1908// 1940//
f 1940// 1908// 1941//
f 1942// 1943// 1944//
f 1944// 1943// 1945//
f 1944// 1945// 1941//
f 1941// 1945// 1946//
f 1941// 1946// 1940//
f 1942// 1944// 1947//
f 1947// 1944// 1948//
f 1947// 1948// 1949//
f 1949// 1948// 1950//
f 1950// 1948// 1951//
f 1950// 1951// 1952//
f 1952// 1951// 1953//
f 1953// 1951// 1954//
f 1953// 1954// 1955//
f 1956// 1957// 1958//
f 1958// 1959// 1956//
f 1956// 1959// 1955//
f 1956// 1955// 1960//
f 1960// 1955// 1954//
f 1960// 1954// 1961//
f 1962// 1963// 1964//
f 1964// 1963// 1965//
f 1966// 1967// 1968//
f 1968// 1967// 1969//
f 1968// 1969// 1965//
f 1965// 1969// 1970//
f 1965// 1970// 1964//
f 1939// 1938// 1968//
f 1968// 1938// 1971//
f 1968// 1971// 1966//
f 1937// 1939// 1972//
f 1972// 1939// 1973//
f 1972// 1973// 1974//
f 1974// 1973// 1975//
f 1975// 1973// 1976//
f 1975// 1976// 1977//
f 1977// 1976// 1978//
f 1978// 1976// 1904//
f 1978// 1904// 1903//
f 1906// 1905// 1979//
f 1979// 1905// 1980//
f 1979// 1980// 1981//
f 1981// 1980// 1982//
f 1981// 1982// 1983//
f 1983// 1982// 1984//
f 1983// 1984// 1985//
f 1985// 1984// 1986//
f 1985// 1986// 1987//
f 1987// 1986// 1936//
f 1917// 1916// 1988//
f 1988// 1916// 1989//
f 1988// 1989// 1990//
f 1990// 1989// 1991//
f 1990// 1991// 1992//
f 1992// 1991// 1993//
f 1992// 1993// 1994//
f 1994// 1993// 1995//
f 1994// 1995// 1996//
f 1996// 1995// 1933//
f 1912// 1910// 1997//
f 1997// 1910// 1998//
f 1997// 1998// 1999//
f 1999// 1998// 2000//
f 1999// 2000// 2001//
f 2001// 2000// 2002//
f 2001// 2002// 2003//
f 2003// 2002// 2004//
f 2003// 2004// 2005//
f 2005// 2004// 1921//
f 2006// 1961// 2007//
f 2007// 1961// 1954//
f 2007// 1954// 2008//
f 2008// 1954// 1951//
f 2008// 1951// 2009//
f 2009// 1951// 1948//
f 2009// 1948// 2010//
f 2010// 1948// 1944//
f 2010// 1944// 2011//
f 2011// 1944// 1941//
f 2011// 1941// 1907//
f 1907// 1941// 1908//
f 1907// 1906// 2011//
f 2011// 1906// 1979//
f 2011// 1979// 2010//
f 2010// 1979// 1981//
f 2010// 1981// 2009//
f 2009// 1981// 1983//
f 2009// 1983// 2008//
f 2008// 1983// 1985//
f 2008// 1985// 2007//
f 2007// 1985// 1987//
f 2007// 1987// 2006//
f 2006// 1987// 2012//
f 1936// 1935// 1987//
f 1987// 1935// 2013//
f 1987// 2013// 2012//
f 2014// 1934// 2015//
f 2015// 1934// 1936//
f 2015// 1936// 2016//
f 2016// 1936// 1986//
f 2016// 1986// 2017//
f 2017// 1986// 1984//
f 2017// 1984// 2018//
f 2018// 1984// 1982//
f 2018// 1982// 2019//
f 2019// 1982// 1980//
f 2019// 1980// 1918//
f 1918// 1980// 1905//
f 1918// 1917// 2019//
f 2019// 1917// 1988//
f 2019// 1988// 2018//
f 2018// 1988// 1990//
f 2018// 1990// 2017//
f 2017// 1990// 1992//
f 2017// 1992// 2016//
f 2016// 1992// 1994//
f 2016// 1994// 2015//
f 2015// 1994// 1996//
f 2015// 1996// 2014//
f 2014// 1996// 2020//
f 1933// 1932// 1996//
f 1996// 1932// 2021//
f 1996// 2021// 2020//
f 2022// 1931// 2023//
f 2023// 1931// 1933//
f 2023// 1933// 2024//
f 2024// 1933// 1995//
f 2024// 1995// 2025//
f 2025// 1995// 1993//
f 2025// 1993// 2026//
f 2026// 1993// 1991//
f 2026// 1991// 2027//
f 2027// 1991// 1989//
f 2027// 1989// 1909//
f 1909// 1989// 1916//
f 1909// 1911// 2027//
f 2027// 1911// 2028//
f 2027// 2028// 2026//
f 2026// 2028// 2029//
f 2026// 2029// 2025//
f 2025// 2029// 2030//
f 2025// 2030// 2024//
f 2024// 2030// 2031//
f 2024// 2031// 2023//
f 2023// 2031// 1930//
f 2023// 1930// 2022//
f 2022// 1930// 1929//
f 1926// 1928// 1927//
f 1927// 1928// 1930//
f 1927// 1930// 2032//
f 2032// 1930// 2031//
f 2032// 2031// 2033//
f 2033// 2031// 2030//
f 2033// 2030// 2034//
f 2034// 2030// 2029//
f 2034// 2029// 2035//
f 2035// 2029// 2028//
f 2035// 2028// 1915//
f 1915// 2028// 1911//
f 2036// 1925// 2037//
f 2037// 1925// 1927//
f 2037// 1927// 2038//
f 2038// 1927// 2032//
f 2038// 2032// 2039//
f 2039// 2032// 2033//
f 2039// 2033// 2040//
f 2040// 2033// 2034//
f 2040// 2034// 2041//
f 2041// 2034// 2035//
f 2041// 2035// 1914//
f 1914// 2035// 1915//
f 1914// 1913// 2041//
f 2041// 1913// 2042//
f 2041// 2042// 2040//
f 2040// 2042// 2043//
f 2040// 2043// 2039//
f 2039// 2043// 2044//
f 2039// 2044// 2038//
f 2038// 2044// 2045//
f 2038// 2045// 2037//
f 2037// 2045// 1924//
f 2037// 1924// 2036//
f 2036// 1924// 1923//
f 2046// 1922// 2005//
f 2005// 1922// 1924//
f 2005// 1924// 2003//
f 2003// 1924// 2045//
f 2003// 2045// 2001//
f 2001// 2045// 2044//
f 2001// 2044// 1999//
f 1999// 2044// 2043//
f 1999// 2043// 1997//
f 1997// 2043// 2042//
f 1997// 2042// 1912//
f 1912// 2042// 1913//
f 1921// 1920// 2005//
f 2005// 1920// 2047//
f 2005// 2047// 2046//
f 1963// 1919// 1965//
f 1965// 1919// 1921//
f 1965// 1921// 1968//
f 1968// 1921// 2004//
f 1968// 2004// 1939//
f 1939// 2004// 2002//
f 1939// 2002// 1973//
f 1973// 2002// 2000//
f 1973// 2000// 1976//
f 1976// 2000// 1998//
f 1976// 1998// 1904//
f 1904// 1998// 1910//
usemtl 1
f 454// 459// 2048//
f 1054// 973// 1053//
f 1053// 973// 1052//
f 454// 2048// 750//
f 990// 2049// 983//
f 983// 2049// 185//
f 983// 185// 184//
f 1050// 1051// 2048//
f 2048// 1051// 1052//
f 2048// 1052// 750//
f 750// 1052// 973//
f 750// 973// 751//
f 990// 997// 2049//
f 2049// 997// 1048//
f 2049// 1048// 2048//
f 2048// 1048// 1049//
f 2048// 1049// 1050//
f 187// 212// 2050//
f 2050// 212// 210//
f 210// 208// 2050//
f 2050// 208// 206//
f 2050// 206// 2051//
f 2051// 206// 204//
f 2051// 204// 202//
f 2052// 2053// 2054//
f 2054// 2053// 2050//
f 2054// 2050// 2055//
f 2055// 2050// 2051//
f 2055// 2051// 2056//
f 2056// 2051// 2057//
f 2056// 2057// 2052//
f 2052// 2057// 2053//
f 2057// 2058// 2053//
f 2053// 2058// 2059//
f 2058// 2060// 2059//
f 2059// 2060// 2061//
f 2062// 2060// 2063//
f 2063// 2060// 2064//
f 2063// 2064// 2065//
f 2066// 2061// 2067//
f 2067// 2061// 2068//
f 2066// 2069// 2061//
f 2061// 2069// 2070//
f 2061// 2070// 2071//
f 2071// 2070// 2072//
f 2072// 2073// 2071//
f 2071// 2073// 2074//
f 2071// 2074// 2075//
f 2062// 2076// 2060//
f 2060// 2076// 2077//
f 2060// 2077// 2078//
f 2078// 2079// 2060//
f 2060// 2079// 2080//
f 2060// 2080// 2061//
f 2061// 2080// 2081//
f 2061// 2081// 2068//
f 2075// 2082// 2071//
f 2071// 2082// 2083//
f 2071// 2083// 2064//
f 2064// 2083// 2084//
f 2064// 2084// 2085//
f 2085// 2086// 2064//
f 2064// 2086// 2087//
f 2064// 2087// 2065//
f 2088// 2089// 2090//
f 2090// 2089// 2071//
f 2090// 2071// 2091//
f 2091// 2071// 2064//
f 2091// 2064// 2092//
f 2092// 2064// 2093//
f 2092// 2093// 2094//
f 2094// 2093// 2095//
f 2094// 2095// 2096//
f 2096// 2095// 2097//
f 2096// 2097// 2088//
f 2088// 2097// 2089//
f 2095// 2098// 2097//
f 2097// 2098// 2099//
f 2098// 2100// 2101//
f 2098// 2101// 2099//
f 2099// 2101// 2102//
f 2099// 2102// 2103//
f 2104// 2101// 2100//
f 2100// 200// 2104//
f 2104// 200// 198//
f 2104// 198// 2105//
f 198// 196// 2105//
f 2105// 196// 194//
f 2105// 194// 192//
f 2103// 2102// 188//
f 188// 2102// 2105//
f 188// 2105// 190//
f 190// 2105// 192//
f 200// 2100// 2095//
f 2095// 2100// 2098//
f 2064// 2060// 2093//
f 2093// 2060// 2058//
f 200// 2095// 202//
f 202// 2095// 2093//
f 202// 2093// 2051//
f 2051// 2093// 2058//
f 2051// 2058// 2057//
f 2053// 2059// 2050//
f 2050// 2059// 188//
f 2050// 188// 187//
f 2099// 2103// 2097//
f 2097// 2103// 188//
f 2097// 188// 2089//
f 2089// 188// 2059//
f 2089// 2059// 2071//
f 2071// 2059// 2061//
f 2070// 2106// 2072//
f 2072// 2106// 2107//
f 2072// 2107// 2073//
f 2073// 2107// 2108//
f 2073// 2108// 2074//
f 2074// 2108// 2109//
f 2074// 2109// 2075//
f 2075// 2109// 2110//
f 2075// 2110// 2082//
f 2082// 2110// 2111//
f 2082// 2111// 2083//
f 2083// 2111// 2112//
f 2083// 2112// 2084//
f 2084// 2112// 2113//
f 2084// 2113// 2085//
f 2085// 2113// 2114//
f 2085// 2114// 2086//
f 2086// 2114// 2115//
f 2086// 2115// 2087//
f 2087// 2115// 2116//
f 2087// 2116// 2065//
f 2065// 2116// 2117//
f 2065// 2117// 2063//
f 2063// 2117// 2118//
f 2063// 2118// 2062//
f 2062// 2118// 2119//
f 2062// 2119// 2076//
f 2076// 2119// 2120//
f 2076// 2120// 2077//
f 2077// 2120// 2121//
f 2077// 2121// 2078//
f 2078// 2121// 2122//
f 2078// 2122// 2079//
f 2079// 2122// 2123//
f 2079// 2123// 2080//
f 2080// 2123// 2124//
f 2080// 2124// 2081//
f 2081// 2124// 2125//
f 2081// 2125// 2068//
f 2068// 2125// 2126//
f 2068// 2126// 2067//
f 2067// 2126// 2127//
f 2067// 2127// 2066//
f 2066// 2127// 2128//
f 2066// 2128// 2069//
f 2069// 2128// 2129//
f 2069// 2129// 2070//
f 2070// 2129// 2106//
f 2124// 2130// 2125//
f 2125// 2130// 2131//
f 2125// 2131// 2126//
f 2126// 2131// 2132//
f 2126// 2132// 2127//
f 2127// 2132// 2133//
f 2127// 2133// 2128//
f 2128// 2133// 2134//
f 2128// 2134// 2129//
f 2129// 2134// 2135//
f 2129// 2135// 2106//
f 2106// 2135// 2136//
f 2106// 2136// 2107//
f 2107// 2136// 2137//
f 2107// 2137// 2108//
f 2108// 2137// 2138//
f 2108// 2138// 2109//
f 2109// 2138// 2139//
f 2109// 2139// 2110//
f 2110// 2139// 2140//
f 2110// 2140// 2111//
f 2111// 2140// 2141//
f 2111// 2141// 2112//
f 2141// 2142// 2112//
f 2112// 2142// 2143//
f 2112// 2143// 2113//
f 2113// 2143// 2144//
f 2113// 2144// 2114//
f 2114// 2144// 2145//
f 2114// 2145// 2115//
f 2115// 2145// 2146//
f 2115// 2146// 2116//
f 2116// 2146// 2147//
f 2116// 2147// 2117//
f 2117// 2147// 2148//
f 2117// 2148// 2118//
f 2118// 2148// 2149//
f 2118// 2149// 2119//
f 2119// 2149// 2150//
f 2119// 2150// 2120//
f 2120// 2150// 2151//
f 2120// 2151// 2121//
f 2121// 2151// 2152//
f 2121// 2152// 2122//
f 2122// 2152// 2153//
f 2122// 2153// 2123//
f 2123// 2153// 2154//
f 2123// 2154// 2124//
f 2124// 2154// 2155//
f 2124// 2155// 2130//
f 2136// 1046// 2137//
f 2137// 1046// 1045//
f 2137// 1045// 2138//
f 2138// 1045// 1030//
f 2138// 1030// 2139//
f 2139// 1030// 1029//
f 2139// 1029// 2140//
f 2140// 1029// 1028//
f 2140// 1028// 2141//
f 2141// 1028// 1015//
f 2141// 1015// 2142//
f 2142// 1015// 1014//
f 2142// 1014// 2143//
f 2143// 1014// 1044//
f 2143// 1044// 2144//
f 2144// 1044// 1043//
f 2144// 1043// 2145//
f 2145// 1043// 1042//
f 2145// 1042// 2146//
f 2146// 1042// 1005//
f 2146// 1005// 2147//
f 2147// 1005// 1004//
f 2147// 1004// 2148//
f 2148// 1004// 1035//
f 2148// 1035// 2149//
f 2149// 1035// 1037//
f 2149// 1037// 2150//
f 2150// 1037// 1039//
f 2150// 1039// 2151//
f 2151// 1039// 1033//
f 2151// 1033// 2152//
f 2152// 1033// 1034//
f 2152// 1034// 2153//
f 2153// 1034// 1024//
f 2153// 1024// 2154//
f 2154// 1024// 1023//
f 2154// 1023// 2155//
f 2155// 1023// 1022//
f 2155// 1022// 2130//
f 2130// 1022// 1021//
f 2130// 1021// 2131//
f 2131// 1021// 999//
f 2131// 999// 2132//
f 2132// 999// 998//
f 2132// 998// 2133//
f 2133// 998// 996//
f 2133// 996// 2134//
f 2134// 996// 995//
f 2134// 995// 2135//
f 2135// 995// 1047//
f 2135// 1047// 2136//
f 2136// 1047// 1046//
f 2156// 2157// 2158//
f 2158// 2157// 2159//
f 2158// 2159// 979//
f 979// 2159// 980//
f 2156// 2056// 2157//
f 2157// 2056// 2052//
f 2055// 2160// 2054//
f 2054// 2160// 2161//
f 2161// 2160// 2162//
f 2162// 2160// 2163//
f 2162// 2163// 978//
f 978// 2163// 977//
f 2055// 2056// 2160//
f 2160// 2056// 2156//
f 2160// 2156// 2163//
f 2163// 2156// 2158//
f 2162// 2159// 2157//
f 2052// 2054// 2157//
f 2157// 2054// 2161//
f 2157// 2161// 2162//
usemtl 2
f 2164// 2090// 2165//
f 2165// 2090// 2091//
f 2166// 2167// 2168//
f 2166// 2168// 2169//
f 2169// 2168// 2170//
f 2169// 2170// 2171//
f 2171// 2170// 2172//
f 2171// 2172// 2173//
f 2173// 2172// 2174//
f 2173// 2174// 2175//
f 2175// 2174// 2176//
f 2175// 2176// 2177//
f 2177// 2176// 2094//
f 2177// 2094// 2096//
f 2088// 2090// 2164//
f 2178// 2179// 2180//
f 2180// 2179// 2181//
f 2164// 2180// 2088//
f 2088// 2180// 2181//
f 2088// 2181// 2096//
f 2096// 2181// 2182//
f 2183// 2184// 2185//
f 2185// 2184// 2186//
f 2185// 2186// 2187//
f 2187// 2186// 2188//
f 2187// 2188// 2189//
f 2189// 2188// 2190//
f 2189// 2190// 2191//
f 2191// 2190// 2192//
f 2191// 2192// 2193//
f 2193// 2192// 2194//
f 2193// 2194// 2195//
f 2195// 2194// 2196//
f 2195// 2196// 2197//
f 2197// 2196// 2198//
f 2197// 2198// 2199//
f 2199// 2198// 2200//
f 2199// 2200// 2201//
f 2201// 2200// 2202//
f 2201// 2202// 2203//
f 2203// 2202// 2204//
f 2203// 2204// 2205//
f 2205// 2204// 2206//
f 2205// 2206// 2207//
f 2207// 2206// 2208//
f 2207// 2208// 2209//
f 2209// 2208// 2210//
f 2209// 2210// 2211//
f 2211// 2210// 2212//
f 2211// 2212// 2213//
f 2213// 2212// 2166//
f 2213// 2166// 2214//
f 2214// 2166// 2169//
f 2214// 2169// 2215//
f 2215// 2169// 2171//
f 2215// 2171// 2216//
f 2216// 2171// 2173//
f 2216// 2173// 2217//
f 2217// 2173// 2175//
f 2217// 2175// 2182//
f 2182// 2175// 2177//
f 2182// 2177// 2096//
f 2165// 2091// 2218//
f 2218// 2091// 2092//
f 2218// 2092// 2167//
f 2167// 2092// 2094//
f 2167// 2094// 2168//
f 2176// 2174// 2172//
f 2176// 2172// 2094//
f 2094// 2172// 2170//
f 2094// 2170// 2168//
f 2219// 2220// 2167//
f 2167// 2220// 2221//
f 2167// 2221// 2218//
f 2218// 2221// 2222//
f 2223// 2224// 2225//
f 2225// 2224// 2218//
f 2225// 2218// 2226//
f 2226// 2218// 2222//
f 2227// 2228// 2229//
f 2229// 2228// 2230//
f 2229// 2230// 2231//
f 2231// 2230// 2232//
f 2231// 2232// 2233//
f 2233// 2232// 2234//
f 2233// 2234// 2235//
f 2235// 2234// 2236//
f 2235// 2236// 2237//
f 2237// 2236// 2238//
f 2237// 2238// 2239//
f 2239// 2238// 2240//
f 2239// 2240// 2241//
f 2241// 2240// 2242//
f 2241// 2242// 2243//
f 2243// 2242// 2244//
f 2243// 2244// 2245//
f 2245// 2244// 2246//
f 2245// 2246// 2247//
f 2247// 2246// 2248//
f 2247// 2248// 2249//
f 2249// 2248// 2250//
f 2249// 2250// 2251//
f 2251// 2250// 2252//
f 2251// 2252// 2253//
f 2253// 2252// 2254//
f 2253// 2254// 2255//
f 2255// 2254// 2256//
f 2255// 2256// 2167//
f 2167// 2256// 2257//
f 2167// 2257// 2219//
f 2223// 2179// 2224//
f 2224// 2179// 2178//
f 2181// 2179// 2225//
f 2225// 2179// 2223//
f 2181// 2225// 2182//
f 2182// 2225// 2226//
f 2182// 2226// 2217//
f 2217// 2226// 2222//
f 2217// 2222// 2216//
f 2216// 2222// 2221//
f 2216// 2221// 2215//
f 2215// 2221// 2220//
f 2215// 2220// 2214//
f 2214// 2220// 2219//
f 2214// 2219// 2213//
f 2213// 2219// 2257//
f 2211// 2213// 2256//
f 2256// 2213// 2257//
f 2211// 2256// 2209//
f 2209// 2256// 2254//
f 2209// 2254// 2207//
f 2207// 2254// 2252//
f 2207// 2252// 2205//
f 2205// 2252// 2250//
f 2205// 2250// 2203//
f 2203// 2250// 2248//
f 2203// 2248// 2201//
f 2201// 2248// 2246//
f 2201// 2246// 2199//
f 2199// 2246// 2244//
f 2197// 2199// 2242//
f 2242// 2199// 2244//
f 2197// 2242// 2240//
f 2197// 2240// 2195//
f 2195// 2240// 2238//
f 2195// 2238// 2193//
f 2193// 2238// 2236//
f 2193// 2236// 2191//
f 2191// 2236// 2234//
f 2191// 2234// 2189//
f 2189// 2234// 2232//
f 2189// 2232// 2187//
f 2187// 2232// 2230//
f 2187// 2230// 2185//
f 2183// 2185// 2228//
f 2228// 2185// 2230//
f 2258// 2259// 2260//
f 2260// 2259// 2261//
f 2227// 2229// 2184//
f 2184// 2229// 2186//
f 2186// 2229// 2188//
f 2188// 2229// 2231//
f 2188// 2231// 2190//
f 2190// 2231// 2233//
f 2190// 2233// 2192//
f 2192// 2233// 2235//
f 2192// 2235// 2194//
f 2194// 2235// 2237//
f 2194// 2237// 2196//
f 2196// 2237// 2239//
f 2196// 2239// 2198//
f 2198// 2239// 2241//
f 2200// 2198// 2243//
f 2243// 2198// 2241//
f 2200// 2243// 2245//
f 2200// 2245// 2202//
f 2202// 2245// 2247//
f 2202// 2247// 2204//
f 2204// 2247// 2249//
f 2204// 2249// 2206//
f 2206// 2249// 2251//
f 2206// 2251// 2208//
f 2208// 2251// 2253//
f 2208// 2253// 2210//
f 2210// 2253// 2255//
f 2210// 2255// 2212//
f 2166// 2212// 2167//
f 2167// 2212// 2255//
f 2262// 2263// 2264//
f 2263// 2262// 2265//
f 2265// 2262// 2266//
f 2265// 2266// 2267//
f 2267// 2266// 2268//
f 2267// 2268// 2264//
f 2264// 2268// 2269//
f 2264// 2269// 2262//
f 2270// 2180// 2164//
f 2218// 2271// 2272//
f 2272// 2271// 2273//
f 2273// 2271// 2274//
f 2273// 2274// 2275//
f 2274// 2276// 2275//
f 2275// 2276// 2270//
f 2275// 2270// 2277//
f 2277// 2270// 2164//
f 2277// 2164// 2272//
f 2272// 2164// 2165//
f 2272// 2165// 2218//
f 2278// 2279// 2280//
f 2280// 2279// 2281//
f 2280// 2281// 2282//
f 2282// 2281// 2283//
f 2282// 2283// 2284//
f 2284// 2283// 2285//
f 2284// 2285// 2286//
f 2286// 2285// 2287//
f 2286// 2287// 2288//
f 2288// 2287// 2289//
f 2288// 2289// 2290//
f 2290// 2289// 2291//
f 2290// 2291// 2292//
f 2292// 2291// 2293//
f 2292// 2293// 2294//
f 2294// 2293// 2295//
f 2294// 2295// 2296//
f 2296// 2295// 2297//
f 2296// 2297// 2298//
f 2298// 2297// 2299//
f 2298// 2299// 2300//
f 2300// 2299// 2301//
f 2300// 2301// 2302//
f 2302// 2301// 2303//
f 2302// 2303// 2304//
f 2304// 2303// 2305//
f 2304// 2305// 2306//
f 2306// 2305// 2307//
f 2306// 2307// 2308//
f 2308// 2307// 2309//
f 2308// 2309// 2310//
f 2310// 2309// 2311//
f 2310// 2311// 2312//
f 2312// 2311// 2313//
f 2312// 2313// 2314//
f 2314// 2313// 2315//
f 2314// 2315// 2316//
f 2316// 2315// 2317//
f 2316// 2317// 2318//
f 2318// 2317// 2319//
f 2318// 2319// 2320//
f 2320// 2319// 2321//
f 2320// 2321// 2322//
f 2322// 2321// 2323//
f 2322// 2323// 2324//
f 2324// 2323// 2325//
f 2324// 2325// 2278//
f 2278// 2325// 2279//
f 2326// 2327// 2304//
f 2304// 2327// 2328//
f 2304// 2328// 2302//
f 2302// 2328// 2329//
f 2302// 2329// 2300//
f 2300// 2329// 2330//
f 2300// 2330// 2298//
f 2298// 2330// 2331//
f 2298// 2331// 2296//
f 2296// 2331// 2332//
f 2296// 2332// 2294//
f 2294// 2332// 2333//
f 2294// 2333// 2292//
f 2292// 2333// 2334//
f 2292// 2334// 2290//
f 2290// 2334// 2335//
f 2290// 2335// 2288//
f 2288// 2335// 2336//
f 2288// 2336// 2286//
f 2286// 2336// 2337//
f 2286// 2337// 2284//
f 2284// 2337// 2338//
f 2284// 2338// 2282//
f 2282// 2338// 2339//
f 2282// 2339// 2280//
f 2280// 2339// 2340//
f 2280// 2340// 2278//
f 2278// 2340// 2341//
f 2278// 2341// 2324//
f 2324// 2341// 2342//
f 2324// 2342// 2322//
f 2322// 2342// 2343//
f 2322// 2343// 2320//
f 2320// 2343// 2344//
f 2320// 2344// 2318//
f 2318// 2344// 2345//
f 2318// 2345// 2316//
f 2316// 2345// 2346//
f 2316// 2346// 2314//
f 2314// 2346// 2347//
f 2314// 2347// 2312//
f 2312// 2347// 2348//
f 2312// 2348// 2310//
f 2310// 2348// 2349//
f 2310// 2349// 2308//
f 2308// 2349// 2350//
f 2308// 2350// 2306//
f 2306// 2350// 2326//
f 2306// 2326// 2304//
f 2328// 2351// 2352//
f 2353// 2342// 2354//
f 2354// 2342// 2341//
f 2354// 2341// 2355//
f 2355// 2341// 2340//
f 2356// 2357// 2330//
f 2330// 2357// 2358//
f 2356// 2330// 2352//
f 2352// 2330// 2329//
f 2352// 2329// 2328//
f 1963// 1962// 2359//
f 2351// 2328// 2359//
f 2359// 2328// 2327//
f 2359// 2327// 1963//
f 1961// 2343// 1960//
f 1960// 2343// 2342//
f 1960// 2342// 1956//
f 1956// 2342// 2353//
f 1956// 2353// 1957//
f 1961// 2006// 2343//
f 2343// 2006// 2012//
f 2343// 2012// 2344//
f 1934// 2345// 1935//
f 1935// 2345// 2344//
f 1935// 2344// 2013//
f 2013// 2344// 2012//
f 1934// 2014// 2345//
f 2345// 2014// 2020//
f 2345// 2020// 2346//
f 1931// 2347// 1932//
f 1932// 2347// 2346//
f 1932// 2346// 2021//
f 2021// 2346// 2020//
f 1931// 2022// 2347//
f 2347// 2022// 1929//
f 2347// 1929// 2348//
f 1925// 2349// 1926//
f 1926// 2349// 2348//
f 1926// 2348// 1928//
f 1928// 2348// 1929//
f 1925// 2036// 2349//
f 2349// 2036// 1923//
f 2349// 1923// 2350//
f 1923// 1922// 2350//
f 2350// 1922// 2046//
f 2350// 2046// 2326//
f 2046// 2047// 2326//
f 2326// 2047// 1920//
f 2326// 1920// 2327//
f 2327// 1920// 1919//
f 2327// 1919// 1963//
f 2358// 2360// 2330//
f 2330// 2360// 2361//
f 2330// 2361// 2331//
f 2361// 2362// 2331//
f 2331// 2362// 2363//
f 2331// 2363// 2332//
f 2332// 2363// 2364//
f 2332// 2364// 2333//
f 2333// 2364// 2365//
f 2333// 2365// 2366//
f 2367// 2334// 2368//
f 2368// 2334// 2333//
f 2368// 2333// 2369//
f 2369// 2333// 2366//
f 2367// 2370// 2334//
f 2334// 2370// 2371//
f 2334// 2371// 2335//
f 2372// 2336// 2373//
f 2373// 2336// 2335//
f 2373// 2335// 2374//
f 2374// 2335// 2371//
f 2372// 2375// 2336//
f 2336// 2375// 2376//
f 2336// 2376// 2337//
f 2377// 2338// 2378//
f 2378// 2338// 2337//
f 2378// 2337// 2379//
f 2379// 2337// 2376//
f 2377// 2380// 2338//
f 2338// 2380// 2381//
f 2338// 2381// 2339//
f 2382// 2355// 2383//
f 2383// 2355// 2340//
f 2383// 2340// 2384//
f 2384// 2340// 2339//
f 2384// 2339// 2385//
f 2385// 2339// 2381//
f 2386// 2387// 2388//
f 2388// 2387// 2389//
f 2388// 2389// 2390//
f 2386// 2391// 2387//
f 2387// 2391// 2392//
f 2387// 2392// 2393//
f 2393// 2394// 2387//
f 2387// 2394// 2395//
f 2387// 2395// 2396//
f 2396// 2397// 2387//
f 2387// 2397// 2398//
f 2387// 2398// 2399//
f 2399// 2400// 2387//
f 2387// 2400// 2401//
f 2387// 2401// 2402//
f 2275// 2266// 2273//
f 2273// 2266// 2262//
f 2287// 2285// 2277//
f 2277// 2285// 2283//
f 2277// 2283// 2281//
f 2281// 2279// 2277//
f 2277// 2279// 2325//
f 2277// 2325// 2268//
f 2325// 2323// 2268//
f 2268// 2323// 2321//
f 2268// 2321// 2319//
f 2272// 2297// 2295//
f 2319// 2317// 2268//
f 2268// 2317// 2315//
f 2268// 2315// 2269//
f 2269// 2315// 2313//
f 2269// 2313// 2311//
f 2295// 2293// 2272//
f 2272// 2293// 2291//
f 2272// 2291// 2277//
f 2277// 2291// 2289//
f 2277// 2289// 2287//
f 2311// 2309// 2269//
f 2269// 2309// 2307//
f 2269// 2307// 2305//
f 2305// 2303// 2269//
f 2269// 2303// 2301//
f 2269// 2301// 2272//
f 2272// 2301// 2299//
f 2272// 2299// 2297//
f 2275// 2277// 2266//
f 2266// 2277// 2268//
f 2272// 2273// 2269//
f 2269// 2273// 2262//
f 2180// 2270// 2178//
f 2178// 2270// 2267//
f 2178// 2267// 2224//
f 2224// 2267// 2264//
f 2224// 2264// 2218//
f 2218// 2264// 2271//
f 2274// 2263// 2276//
f 2276// 2263// 2265//
f 2274// 2271// 2263//
f 2263// 2271// 2264//
f 2270// 2276// 2267//
f 2267// 2276// 2265//
usemtl 1
f 2162// 978// 2159//
f 2159// 978// 980//
f 977// 2163// 979//
f 979// 2163// 2158//
usemtl 2
f 2377// 2378// 2403//
f 2372// 2373// 2404//
f 2367// 2368// 2405//
f 2364// 2363// 2406//
f 2362// 2361// 2407//
f 2360// 2358// 2408//
f 2382// 2383// 2409//
f 2409// 2383// 2410//
f 2410// 2411// 2412//
f 2412// 2411// 2413//
f 2414// 2415// 2413//
f 2413// 2415// 2416//
f 2413// 2416// 2412//
f 2417// 2418// 2419//
f 2419// 2418// 2420//
f 2419// 2420// 2414//
f 2414// 2420// 2421//
f 2414// 2421// 2415//
f 2388// 2390// 2422//
f 2422// 2390// 2423//
f 2423// 2424// 2422//
f 2422// 2424// 2425//
f 2422// 2425// 2419//
f 2419// 2425// 2426//
f 2419// 2426// 2417//
f 2389// 2387// 2427//
f 2427// 2387// 2428//
f 2429// 2430// 2428//
f 2428// 2430// 2431//
f 2428// 2431// 2427//
f 2432// 2433// 2434//
f 2434// 2433// 2435//
f 2434// 2435// 2429//
f 2429// 2435// 2436//
f 2429// 2436// 2430//
f 2432// 2434// 2437//
f 2437// 2434// 2438//
f 2437// 2438// 2439//
f 2439// 2438// 2440//
f 2440// 2438// 2408//
f 2440// 2408// 2441//
f 2441// 2408// 2442//
f 2442// 2408// 2358//
f 2442// 2358// 2357//
f 2399// 2398// 2443//
f 2443// 2398// 2444//
f 2443// 2444// 2445//
f 2445// 2444// 2446//
f 2445// 2446// 2447//
f 2447// 2446// 2448//
f 2447// 2448// 2449//
f 2449// 2448// 2450//
f 2449// 2450// 2451//
f 2451// 2450// 2405//
f 2396// 2395// 2452//
f 2452// 2395// 2453//
f 2452// 2453// 2454//
f 2454// 2453// 2455//
f 2454// 2455// 2456//
f 2456// 2455// 2457//
f 2456// 2457// 2458//
f 2458// 2457// 2459//
f 2458// 2459// 2460//
f 2460// 2459// 2404//
f 2393// 2392// 2461//
f 2461// 2392// 2462//
f 2461// 2462// 2463//
f 2463// 2462// 2464//
f 2463// 2464// 2465//
f 2465// 2464// 2466//
f 2465// 2466// 2467//
f 2467// 2466// 2468//
f 2467// 2468// 2469//
f 2469// 2468// 2403//
f 2386// 2388// 2470//
f 2470// 2388// 2422//
f 2470// 2422// 2471//
f 2471// 2422// 2419//
f 2471// 2419// 2472//
f 2472// 2419// 2414//
f 2472// 2414// 2473//
f 2473// 2414// 2413//
f 2473// 2413// 2474//
f 2474// 2413// 2411//
f 2361// 2360// 2407//
f 2407// 2360// 2408//
f 2407// 2408// 2475//
f 2475// 2408// 2438//
f 2475// 2438// 2476//
f 2476// 2438// 2434//
f 2476// 2434// 2477//
f 2477// 2434// 2429//
f 2477// 2429// 2478//
f 2478// 2429// 2428//
f 2478// 2428// 2402//
f 2402// 2428// 2387//
f 2363// 2362// 2406//
f 2406// 2362// 2407//
f 2406// 2407// 2479//
f 2479// 2407// 2475//
f 2479// 2475// 2480//
f 2480// 2475// 2476//
f 2480// 2476// 2481//
f 2481// 2476// 2477//
f 2481// 2477// 2482//
f 2482// 2477// 2478//
f 2482// 2478// 2401//
f 2401// 2478// 2402//
f 2365// 2364// 2483//
f 2483// 2364// 2406//
f 2483// 2406// 2484//
f 2484// 2406// 2479//
f 2484// 2479// 2485//
f 2485// 2479// 2480//
f 2485// 2480// 2486//
f 2486// 2480// 2481//
f 2486// 2481// 2487//
f 2487// 2481// 2482//
f 2487// 2482// 2400//
f 2400// 2482// 2401//
f 2400// 2399// 2487//
f 2487// 2399// 2443//
f 2487// 2443// 2486//
f 2486// 2443// 2445//
f 2486// 2445// 2485//
f 2485// 2445// 2447//
f 2485// 2447// 2484//
f 2484// 2447// 2449//
f 2484// 2449// 2483//
f 2483// 2449// 2451//
f 2483// 2451// 2365//
f 2365// 2451// 2366//
f 2405// 2368// 2451//
f 2451// 2368// 2369//
f 2451// 2369// 2366//
f 2370// 2367// 2488//
f 2488// 2367// 2405//
f 2488// 2405// 2489//
f 2489// 2405// 2450//
f 2489// 2450// 2490//
f 2490// 2450// 2448//
f 2490// 2448// 2491//
f 2491// 2448// 2446//
f 2491// 2446// 2492//
f 2492// 2446// 2444//
f 2492// 2444// 2397//
f 2397// 2444// 2398//
f 2397// 2396// 2492//
f 2492// 2396// 2452//
f 2492// 2452// 2491//
f 2491// 2452// 2454//
f 2491// 2454// 2490//
f 2490// 2454// 2456//
f 2490// 2456// 2489//
f 2489// 2456// 2458//
f 2489// 2458// 2488//
f 2488// 2458// 2460//
f 2488// 2460// 2370//
f 2370// 2460// 2371//
f 2404// 2373// 2460//
f 2460// 2373// 2374//
f 2460// 2374// 2371//
f 2375// 2372// 2493//
f 2493// 2372// 2404//
f 2493// 2404// 2494//
f 2494// 2404// 2459//
f 2494// 2459// 2495//
f 2495// 2459// 2457//
f 2495// 2457// 2496//
f 2496// 2457// 2455//
f 2496// 2455// 2497//
f 2497// 2455// 2453//
f 2497// 2453// 2394//
f 2394// 2453// 2395//
f 2394// 2393// 2497//
f 2497// 2393// 2461//
f 2497// 2461// 2496//
f 2496// 2461// 2463//
f 2496// 2463// 2495//
f 2495// 2463// 2465//
f 2495// 2465// 2494//
f 2494// 2465// 2467//
f 2494// 2467// 2493//
f 2493// 2467// 2469//
f 2493// 2469// 2375//
f 2375// 2469// 2376//
f 2403// 2378// 2469//
f 2469// 2378// 2379//
f 2469// 2379// 2376//
f 2380// 2377// 2498//
f 2498// 2377// 2403//
f 2498// 2403// 2499//
f 2499// 2403// 2468//
f 2499// 2468// 2500//
f 2500// 2468// 2466//
f 2500// 2466// 2501//
f 2501// 2466// 2464//
f 2501// 2464// 2502//
f 2502// 2464// 2462//
f 2502// 2462// 2391//
f 2391// 2462// 2392//
f 2391// 2386// 2502//
f 2502// 2386// 2470//
f 2502// 2470// 2501//
f 2501// 2470// 2471//
f 2501// 2471// 2500//
f 2500// 2471// 2472//
f 2500// 2472// 2499//
f 2499// 2472// 2473//
f 2499// 2473// 2498//
f 2498// 2473// 2474//
f 2498// 2474// 2380//
f 2380// 2474// 2381//
f 2410// 2383// 2411//
f 2411// 2383// 2384//
f 2411// 2384// 2474//
f 2474// 2384// 2385//
f 2474// 2385// 2381//
f 1957// 2353// 1967//
f 1967// 2353// 1969//
f 2353// 2359// 1962//
f 1953// 1955// 1967//
f 1962// 1964// 2353//
f 2353// 1964// 1970//
f 2353// 1970// 1969//
f 1971// 1938// 1977//
f 1949// 1967// 1947//
f 1947// 1967// 1942//
f 1937// 1972// 1974//
f 1946// 1945// 1967//
f 1967// 1945// 1943//
f 1967// 1943// 1942//
f 1949// 1950// 1967//
f 1967// 1950// 1952//
f 1967// 1952// 1953//
f 1955// 1959// 1967//
f 1967// 1959// 1958//
f 1967// 1958// 1957//
f 1937// 1974// 1938//
f 1938// 1974// 1975//
f 1938// 1975// 1977//
f 1978// 1967// 1977//
f 1977// 1967// 1966//
f 1977// 1966// 1971//
f 1978// 1903// 1967//
f 1967// 1903// 1902//
f 1967// 1902// 1946//
f 1946// 1902// 1940//
f 2430// 2436// 2356//
f 2356// 2355// 2382//
f 2418// 2356// 2420//
f 2420// 2356// 2421//
f 2382// 2409// 2356//
f 2356// 2409// 2410//
f 2356// 2410// 2412//
f 2436// 2435// 2356//
f 2356// 2435// 2433//
f 2356// 2433// 2432//
f 2412// 2416// 2356//
f 2356// 2416// 2415//
f 2356// 2415// 2421//
f 2418// 2417// 2356//
f 2356// 2417// 2426//
f 2356// 2426// 2425//
f 2356// 2390// 2389//
f 2437// 2439// 2432//
f 2432// 2439// 2440//
f 2432// 2440// 2441//
f 2441// 2442// 2432//
f 2432// 2442// 2357//
f 2432// 2357// 2356//
f 2425// 2424// 2356//
f 2356// 2424// 2423//
f 2356// 2423// 2390//
f 2389// 2427// 2356//
f 2356// 2427// 2431//
f 2356// 2431// 2430//
f 2359// 2353// 2351//
f 2351// 2353// 2354//
f 2351// 2354// 2352//
f 2352// 2354// 2355//
f 2352// 2355// 2356//
usemtl 3
f 2503// 217// 2504//
f 2504// 217// 215//
f 2505// 218// 2503//
f 2503// 218// 217//
f 2506// 252// 183//
f 2506// 183// 2505//
f 2505// 183// 182//
f 2505// 182// 218//
f 252// 2506// 2507//
f 252// 2507// 248//
f 248// 2507// 2508//
f 248// 2508// 249//
f 249// 2508// 2509//
f 249// 2509// 250//
f 250// 2509// 2510//
f 250// 2510// 251//
f 251// 2510// 2511//
f 251// 2511// 239//
f 239// 2511// 2512//
f 239// 2512// 240//
f 240// 2512// 2513//
f 240// 2513// 241//
f 241// 2513// 2514//
f 241// 2514// 242//
f 242// 2514// 2515//
f 242// 2515// 226//
f 226// 2515// 2516//
f 226// 2516// 227//
f 227// 2516// 2517//
f 227// 2517// 228//
f 228// 2517// 2518//
f 228// 2518// 223//
f 223// 2518// 2519//
f 223// 2519// 224//
f 224// 2519// 287//
f 287// 2519// 2520//
f 287// 2520// 288//
f 288// 2520// 289//
f 289// 2520// 2521//
f 289// 2521// 276//
f 2522// 277// 2521//
f 2521// 277// 276//
f 277// 2522// 2523//
f 277// 2523// 286//
f 286// 2523// 2524//
f 286// 2524// 285//
f 285// 2524// 2525//
f 285// 2525// 282//
f 282// 2525// 2526//
f 282// 2526// 281//
f 2527// 279// 2526//
f 2526// 279// 281//
f 279// 2527// 2528//
f 279// 2528// 280//
f 280// 2528// 2529//
f 280// 2529// 283//
f 283// 2529// 952//
f 952// 2529// 2530//
f 952// 2530// 954//
f 2531// 265// 2530//
f 2530// 265// 954//
f 265// 2531// 266//
f 266// 2531// 2532//
f 266// 2532// 268//
f 2533// 269// 2532//
f 2532// 269// 268//
f 269// 2533// 2534//
f 269// 2534// 270//
f 270// 2534// 2535//
f 270// 2535// 271//
f 2536// 272// 2535//
f 2535// 272// 271//
f 272// 2536// 2537//
f 272// 2537// 273//
f 273// 2537// 2538//
f 273// 2538// 274//
f 274// 2538// 2539//
f 274// 2539// 275//
f 275// 2539// 2540//
f 275// 2540// 256//
f 256// 2540// 2541//
f 256// 2541// 257//
f 257// 2541// 2542//
f 257// 2542// 259//
f 259// 2542// 2543//
f 259// 2543// 260//
f 260// 2543// 2544//
f 260// 2544// 261//
f 261// 2544// 2545//
f 261// 2545// 262//
f 2546// 263// 2545//
f 2545// 263// 262//
f 263// 2546// 264//
f 264// 2546// 2547//
f 264// 2547// 253//
f 254// 253// 2548//
f 2548// 253// 2547//
f 254// 2548// 245//
f 245// 2548// 2549//
f 245// 2549// 246//
f 246// 2549// 2550//
f 246// 2550// 247//
f 247// 2550// 2551//
f 247// 2551// 225//
f 225// 2551// 2552//
f 225// 2552// 219//
f 219// 2552// 2553//
f 219// 2553// 220//
f 220// 2553// 2554//
f 220// 2554// 229//
f 229// 2554// 2555//
f 229// 2555// 230//
f 230// 2555// 2556//
f 230// 2556// 232//
f 232// 2556// 2557//
f 232// 2557// 233//
f 233// 2557// 2558//
f 233// 2558// 236//
f 236// 2558// 2559//
f 236// 2559// 237//
f 237// 2559// 2560//
f 237// 2560// 238//
f 238// 2560// 2561//
f 238// 2561// 234//
f 234// 2561// 2562//
f 234// 2562// 235//
f 235// 2562// 2563//
f 235// 2563// 243//
f 2563// 2564// 216//
f 216// 181// 2563//
f 2563// 181// 244//
f 2563// 244// 243//
f 2565// 214// 2564//
f 2564// 214// 216//
f 2565// 2504// 214//
f 214// 2504// 215//
f 2566// 2530// 2567//
f 2567// 2530// 2529//
f 2565// 2568// 2569//
f 2538// 2537// 2564//
f 2564// 2537// 2536//
f 2569// 2570// 2565//
f 2565// 2570// 2571//
f 2565// 2571// 2504//
f 2504// 2571// 2572//
f 2528// 2503// 2529//
f 2529// 2503// 2504//
f 2529// 2504// 2567//
f 2567// 2504// 2572//
f 2536// 2535// 2564//
f 2564// 2535// 2534//
f 2564// 2534// 2565//
f 2565// 2534// 2533//
f 2565// 2533// 2568//
f 2568// 2533// 2532//
f 2568// 2532// 2566//
f 2566// 2532// 2531//
f 2566// 2531// 2530//
f 2503// 2522// 2505//
f 2505// 2522// 2521//
f 2505// 2521// 2506//
f 2506// 2521// 2520//
f 2506// 2520// 2507//
f 2549// 2563// 2550//
f 2550// 2563// 2562//
f 2550// 2562// 2551//
f 2545// 2544// 2564//
f 2564// 2544// 2543//
f 2564// 2543// 2538//
f 2538// 2543// 2542//
f 2528// 2527// 2503//
f 2503// 2527// 2526//
f 2503// 2526// 2525//
f 2507// 2520// 2508//
f 2508// 2520// 2519//
f 2508// 2519// 2509//
f 2541// 2540// 2542//
f 2542// 2540// 2539//
f 2542// 2539// 2538//
f 2525// 2524// 2503//
f 2503// 2524// 2523//
f 2503// 2523// 2522//
f 2511// 2510// 2517//
f 2549// 2548// 2563//
f 2563// 2548// 2547//
f 2563// 2547// 2564//
f 2564// 2547// 2546//
f 2564// 2546// 2545//
f 2509// 2519// 2510//
f 2510// 2519// 2518//
f 2510// 2518// 2517//
f 2560// 2559// 2552//
f 2551// 2562// 2552//
f 2552// 2562// 2561//
f 2552// 2561// 2560//
f 2554// 2557// 2555//
f 2555// 2557// 2556//
f 2559// 2558// 2552//
f 2552// 2558// 2557//
f 2552// 2557// 2553//
f 2553// 2557// 2554//
f 2511// 2517// 2512//
f 2512// 2517// 2516//
f 2512// 2516// 2513//
f 2513// 2516// 2515//
f 2513// 2515// 2514//
f 2567// 2573// 2566//
f 2566// 2573// 2574//
f 2573// 2567// 2572//
f 2573// 2572// 2575//
f 2575// 2572// 2571//
f 2575// 2571// 2576//
f 2576// 2571// 2570//
f 2576// 2570// 2577//
f 2569// 2578// 2570//
f 2570// 2578// 2577//
f 2568// 2579// 2569//
f 2569// 2579// 2578//
f 2574// 2579// 2566//
f 2566// 2579// 2568//
f 2580// 337// 2581//
f 2581// 337// 336//
f 337// 2580// 2582//
f 337// 2582// 338//
f 338// 2582// 2583//
f 338// 2583// 307//
f 307// 2583// 2584//
f 307// 2584// 293//
f 293// 2584// 2585//
f 293// 2585// 294//
f 294// 2585// 2586//
f 294// 2586// 310//
f 310// 2586// 2587//
f 310// 2587// 311//
f 311// 2587// 2588//
f 311// 2588// 312//
f 312// 2588// 2589//
f 312// 2589// 339//
f 339// 2589// 2590//
f 339// 2590// 340//
f 2591// 341// 2590//
f 2590// 341// 340//
f 2592// 343// 2591//
f 2591// 343// 341//
f 343// 2592// 2593//
f 343// 2593// 344//
f 344// 2593// 2594//
f 344// 2594// 330//
f 2595// 331// 2594//
f 2594// 331// 330//
f 2596// 332// 2595//
f 2595// 332// 331//
f 332// 2596// 2597//
f 332// 2597// 300//
f 300// 2597// 2598//
f 300// 2598// 299//
f 299// 2598// 2599//
f 299// 2599// 290//
f 290// 2599// 2600//
f 290// 2600// 291//
f 291// 2600// 2601//
f 291// 2601// 292//
f 292// 2601// 2602//
f 292// 2602// 296//
f 296// 2602// 2603//
f 296// 2603// 297//
f 297// 2603// 2604//
f 297// 2604// 298//
f 298// 2604// 2605//
f 298// 2605// 327//
f 327// 2605// 2606//
f 327// 2606// 328//
f 328// 2606// 2607//
f 328// 2607// 329//
f 329// 2607// 2608//
f 329// 2608// 301//
f 301// 2608// 2609//
f 301// 2609// 302//
f 302// 2609// 2610//
f 302// 2610// 321//
f 321// 2610// 2611//
f 321// 2611// 322//
f 322// 2611// 2612//
f 322// 2612// 323//
f 323// 2612// 2613//
f 323// 2613// 333//
f 333// 2613// 2614//
f 333// 2614// 334//
f 2615// 335// 2614//
f 2614// 335// 334//
f 352// 335// 2616//
f 2616// 335// 2615//
f 352// 2616// 353//
f 353// 2616// 2617//
f 353// 2617// 354//
f 354// 2617// 2618//
f 354// 2618// 351//
f 351// 2618// 2619//
f 351// 2619// 350//
f 350// 2619// 2620//
f 350// 2620// 349//
f 349// 2620// 2621//
f 349// 2621// 355//
f 355// 2621// 2622//
f 355// 2622// 356//
f 356// 2622// 357//
f 357// 2622// 2623//
f 357// 2623// 345//
f 345// 2623// 2624//
f 345// 2624// 346//
f 2625// 347// 2624//
f 2624// 347// 346//
f 347// 2625// 2626//
f 347// 2626// 348//
f 348// 2626// 2627//
f 348// 2627// 324//
f 324// 2627// 2628//
f 324// 2628// 325//
f 325// 2628// 2629//
f 325// 2629// 326//
f 326// 2629// 2630//
f 326// 2630// 306//
f 306// 2630// 2631//
f 306// 2631// 305//
f 305// 2631// 2632//
f 305// 2632// 304//
f 304// 2632// 2633//
f 304// 2633// 303//
f 303// 2633// 2634//
f 303// 2634// 309//
f 309// 2634// 2635//
f 309// 2635// 308//
f 308// 2635// 2636//
f 308// 2636// 313//
f 313// 2636// 2637//
f 313// 2637// 314//
f 314// 2637// 2638//
f 314// 2638// 316//
f 316// 2638// 2639//
f 316// 2639// 317//
f 317// 2639// 2640//
f 317// 2640// 318//
f 2641// 319// 2640//
f 2640// 319// 318//
f 2642// 320// 2641//
f 2641// 320// 319//
f 2643// 315// 2642//
f 2642// 315// 320//
f 315// 2643// 2644//
f 315// 2644// 342//
f 342// 2644// 2581//
f 342// 2581// 336//
f 2592// 2591// 2645//
f 2582// 2580// 2591//
f 2641// 2640// 2625//
f 2628// 2627// 2640//
f 2640// 2627// 2626//
f 2640// 2626// 2625//
f 2642// 2641// 2617//
f 2646// 2611// 2647//
f 2647// 2611// 2610//
f 2647// 2610// 2648//
f 2648// 2610// 2609//
f 2648// 2609// 2649//
f 2649// 2609// 2650//
f 2615// 2651// 2652//
f 2642// 2653// 2643//
f 2643// 2653// 2645//
f 2643// 2645// 2644//
f 2644// 2645// 2591//
f 2644// 2591// 2581//
f 2581// 2591// 2580//
f 2654// 2655// 2596//
f 2596// 2655// 2597//
f 2597// 2655// 2656//
f 2597// 2656// 2598//
f 2620// 2619// 2618//
f 2651// 2615// 2657//
f 2657// 2615// 2614//
f 2657// 2614// 2658//
f 2658// 2614// 2613//
f 2658// 2613// 2646//
f 2646// 2613// 2612//
f 2646// 2612// 2611//
f 2617// 2616// 2642//
f 2642// 2616// 2615//
f 2642// 2615// 2653//
f 2653// 2615// 2652//
f 2596// 2595// 2654//
f 2654// 2595// 2594//
f 2654// 2594// 2645//
f 2645// 2594// 2593//
f 2645// 2593// 2592//
f 2598// 2656// 2599//
f 2599// 2656// 2659//
f 2599// 2659// 2600//
f 2609// 2608// 2650//
f 2650// 2608// 2607//
f 2650// 2607// 2660//
f 2660// 2607// 2606//
f 2660// 2606// 2661//
f 2661// 2606// 2605//
f 2661// 2605// 2662//
f 2662// 2605// 2604//
f 2625// 2624// 2641//
f 2641// 2624// 2623//
f 2641// 2623// 2617//
f 2617// 2623// 2622//
f 2617// 2622// 2618//
f 2618// 2622// 2621//
f 2618// 2621// 2620//
f 2631// 2630// 2640//
f 2640// 2630// 2629//
f 2640// 2629// 2628//
f 2591// 2590// 2582//
f 2582// 2590// 2589//
f 2582// 2589// 2583//
f 2583// 2589// 2588//
f 2600// 2659// 2601//
f 2601// 2659// 2663//
f 2601// 2663// 2602//
f 2602// 2663// 2664//
f 2602// 2664// 2603//
f 2603// 2664// 2665//
f 2603// 2665// 2604//
f 2604// 2665// 2666//
f 2604// 2666// 2662//
f 2639// 2638// 2633//
f 2633// 2638// 2637//
f 2633// 2637// 2634//
f 2634// 2637// 2636//
f 2634// 2636// 2635//
f 2588// 2587// 2583//
f 2583// 2587// 2586//
f 2583// 2586// 2584//
f 2584// 2586// 2585//
f 2639// 2633// 2640//
f 2640// 2633// 2632//
f 2640// 2632// 2631//
f 2657// 2667// 2651//
f 2651// 2667// 2668//
f 2667// 2657// 2658//
f 2667// 2658// 2669//
f 2669// 2658// 2646//
f 2669// 2646// 2670//
f 2670// 2646// 2647//
f 2670// 2647// 2671//
f 2671// 2647// 2648//
f 2671// 2648// 2672//
f 2672// 2648// 2649//
f 2672// 2649// 2673//
f 2673// 2649// 2650//
f 2673// 2650// 2674//
f 2674// 2650// 2660//
f 2674// 2660// 2675//
f 2675// 2660// 2661//
f 2675// 2661// 2676//
f 2676// 2661// 2662//
f 2676// 2662// 2677//
f 2677// 2662// 2666//
f 2677// 2666// 2678//
f 2678// 2666// 2665//
f 2678// 2665// 2679//
f 2679// 2665// 2664//
f 2679// 2664// 2680//
f 2680// 2664// 2663//
f 2680// 2663// 2681//
f 2681// 2663// 2659//
f 2681// 2659// 2682//
f 2682// 2659// 2656//
f 2682// 2656// 2683//
f 2683// 2656// 2655//
f 2683// 2655// 2684//
f 2684// 2655// 2654//
f 2684// 2654// 2685//
f 2645// 2686// 2654//
f 2654// 2686// 2685//
f 2653// 2687// 2645//
f 2645// 2687// 2686//
f 2687// 2653// 2652//
f 2687// 2652// 2688//
f 2688// 2652// 2651//
f 2688// 2651// 2668//
f 2689// 763// 2690//
f 2690// 763// 762//
f 763// 2689// 2691//
f 763// 2691// 765//
f 765// 2691// 2692//
f 765// 2692// 776//
f 776// 2692// 2693//
f 776// 2693// 777//
f 2694// 766// 2693//
f 2693// 766// 777//
f 2695// 815// 2694//
f 2694// 815// 766//
f 815// 2695// 2696//
f 815// 2696// 804//
f 804// 2696// 2697//
f 804// 2697// 805//
f 805// 2697// 2698//
f 805// 2698// 807//
f 807// 2698// 2699//
f 807// 2699// 809//
f 809// 2699// 2700//
f 809// 2700// 840//
f 840// 2700// 2701//
f 840// 2701// 791//
f 791// 2701// 2702//
f 791// 2702// 792//
f 792// 2702// 2703//
f 792// 2703// 793//
f 793// 2703// 2704//
f 793// 2704// 794//
f 794// 2704// 2705//
f 794// 2705// 821//
f 821// 2705// 2706//
f 821// 2706// 822//
f 2707// 812// 2706//
f 2706// 812// 822//
f 2708// 813// 2707//
f 2707// 813// 812//
f 2709// 814// 2708//
f 2708// 814// 813//
f 814// 2709// 2710//
f 814// 2710// 824//
f 824// 2710// 2711//
f 824// 2711// 823//
f 2712// 754// 2711//
f 2711// 754// 823//
f 2713// 755// 2712//
f 2712// 755// 754//
f 755// 2713// 2714//
f 755// 2714// 756//
f 756// 2714// 2715//
f 756// 2715// 757//
f 757// 2715// 2716//
f 757// 2716// 758//
f 758// 2716// 2717//
f 758// 2717// 759//
f 759// 2717// 2718//
f 759// 2718// 795//
f 795// 2718// 2719//
f 795// 2719// 796//
f 796// 2719// 2720//
f 796// 2720// 752//
f 752// 2720// 2721//
f 752// 2721// 753//
f 753// 2721// 2722//
f 753// 2722// 841//
f 841// 2722// 2723//
f 841// 2723// 842//
f 842// 2723// 2724//
f 842// 2724// 843//
f 2725// 850// 2724//
f 2724// 850// 843//
f 850// 2725// 2726//
f 850// 2726// 851//
f 851// 2726// 2727//
f 851// 2727// 847//
f 2728// 848// 2727//
f 2727// 848// 847//
f 848// 2728// 2729//
f 848// 2729// 849//
f 849// 2729// 2730//
f 849// 2730// 825//
f 825// 2730// 2731//
f 825// 2731// 782//
f 782// 2731// 2732//
f 782// 2732// 783//
f 783// 2732// 2733//
f 783// 2733// 784//
f 784// 2733// 2734//
f 784// 2734// 769//
f 769// 2734// 2735//
f 769// 2735// 770//
f 770// 2735// 2736//
f 770// 2736// 771//
f 771// 2736// 2737//
f 771// 2737// 816//
f 816// 2737// 2738//
f 816// 2738// 817//
f 817// 2738// 2739//
f 817// 2739// 818//
f 818// 2739// 2740//
f 818// 2740// 832//
f 832// 2740// 2741//
f 832// 2741// 833//
f 2742// 834// 2741//
f 2741// 834// 833//
f 834// 2742// 2743//
f 834// 2743// 846//
f 846// 2743// 2744//
f 846// 2744// 845//
f 2745// 844// 2744//
f 2744// 844// 845//
f 844// 2745// 2746//
f 844// 2746// 835//
f 835// 2746// 2747//
f 835// 2747// 836//
f 836// 2747// 2748//
f 836// 2748// 837//
f 837// 2748// 2749//
f 837// 2749// 760//
f 760// 2749// 2750//
f 760// 2750// 761//
f 761// 2750// 2751//
f 761// 2751// 786//
f 786// 2751// 2752//
f 786// 2752// 787//
f 787// 2752// 2753//
f 787// 2753// 772//
f 772// 2753// 2754//
f 772// 2754// 773//
f 773// 2754// 2755//
f 773// 2755// 774//
f 774// 2755// 2756//
f 774// 2756// 775//
f 775// 2756// 2757//
f 775// 2757// 788//
f 788// 2757// 2758//
f 788// 2758// 789//
f 789// 2758// 2759//
f 789// 2759// 790//
f 790// 2759// 2760//
f 790// 2760// 797//
f 2761// 798// 2760//
f 2760// 798// 797//
f 798// 2761// 2762//
f 798// 2762// 799//
f 799// 2762// 2763//
f 799// 2763// 826//
f 2764// 827// 2763//
f 2763// 827// 826//
f 827// 2764// 2765//
f 827// 2765// 828//
f 828// 2765// 2766//
f 828// 2766// 829//
f 2767// 830// 2766//
f 2766// 830// 829//
f 830// 2767// 2768//
f 830// 2768// 831//
f 831// 2768// 2769//
f 831// 2769// 838//
f 838// 2769// 2770//
f 838// 2770// 839//
f 2771// 780// 2770//
f 2770// 780// 839//
f 2772// 781// 2771//
f 2771// 781// 780//
f 781// 2772// 2773//
f 781// 2773// 819//
f 819// 2773// 2774//
f 819// 2774// 820//
f 820// 2774// 2775//
f 820// 2775// 800//
f 800// 2775// 2776//
f 800// 2776// 801//
f 801// 2776// 2777//
f 801// 2777// 802//
f 802// 2777// 2778//
f 802// 2778// 803//
f 803// 2778// 2779//
f 803// 2779// 811//
f 811// 2779// 2780//
f 811// 2780// 810//
f 810// 2780// 2781//
f 810// 2781// 808//
f 808// 2781// 2782//
f 808// 2782// 806//
f 806// 2782// 2783//
f 806// 2783// 767//
f 2784// 768// 2783//
f 2783// 768// 767//
f 768// 2784// 2785//
f 768// 2785// 779//
f 779// 2785// 2786//
f 779// 2786// 778//
f 2787// 764// 2786//
f 2786// 764// 778//
f 2787// 2690// 764//
f 764// 2690// 762//
f 2711// 2710// 2725//
f 2725// 2710// 2709//
f 2732// 2731// 2708//
f 2708// 2731// 2730//
f 2708// 2730// 2729//
f 2738// 2708// 2739//
f 2739// 2708// 2740//
f 2748// 2747// 2787//
f 2719// 2718// 2713//
f 2729// 2728// 2708//
f 2708// 2728// 2727//
f 2708// 2727// 2709//
f 2709// 2727// 2726//
f 2709// 2726// 2725//
f 2744// 2743// 2708//
f 2743// 2742// 2708//
f 2708// 2742// 2741//
f 2708// 2741// 2740//
f 2738// 2737// 2708//
f 2708// 2737// 2736//
f 2708// 2736// 2735//
f 2690// 2707// 2689//
f 2689// 2707// 2706//
f 2689// 2706// 2691//
f 2691// 2706// 2692//
f 2774// 2773// 2783//
f 2783// 2773// 2772//
f 2747// 2746// 2787//
f 2787// 2746// 2745//
f 2787// 2745// 2690//
f 2690// 2745// 2744//
f 2690// 2744// 2707//
f 2707// 2744// 2708//
f 2692// 2706// 2693//
f 2693// 2706// 2695//
f 2693// 2695// 2694//
f 2711// 2725// 2712//
f 2712// 2725// 2724//
f 2712// 2724// 2713//
f 2713// 2724// 2723//
f 2713// 2723// 2722//
f 2718// 2717// 2716//
f 2735// 2734// 2708//
f 2708// 2734// 2733//
f 2708// 2733// 2732//
f 2756// 2755// 2787//
f 2787// 2755// 2754//
f 2751// 2750// 2787//
f 2787// 2750// 2749//
f 2787// 2749// 2748//
f 2772// 2771// 2783//
f 2783// 2771// 2770//
f 2783// 2770// 2784//
f 2784// 2770// 2769//
f 2784// 2769// 2785//
f 2785// 2769// 2768//
f 2785// 2768// 2786//
f 2786// 2768// 2767//
f 2786// 2767// 2787//
f 2787// 2767// 2766//
f 2787// 2766// 2765//
f 2765// 2764// 2787//
f 2787// 2764// 2763//
f 2787// 2763// 2762//
f 2716// 2715// 2718//
f 2718// 2715// 2714//
f 2718// 2714// 2713//
f 2705// 2697// 2706//
f 2706// 2697// 2696//
f 2706// 2696// 2695//
f 2754// 2753// 2787//
f 2787// 2753// 2752//
f 2787// 2752// 2751//
f 2780// 2779// 2775//
f 2762// 2761// 2787//
f 2787// 2761// 2760//
f 2787// 2760// 2759//
f 2722// 2721// 2713//
f 2713// 2721// 2720//
f 2713// 2720// 2719//
f 2705// 2704// 2697//
f 2697// 2704// 2703//
f 2697// 2703// 2698//
f 2698// 2703// 2702//
f 2702// 2701// 2698//
f 2698// 2701// 2700//
f 2698// 2700// 2699//
f 2780// 2775// 2781//
f 2759// 2758// 2787//
f 2787// 2758// 2757//
f 2787// 2757// 2756//
f 2774// 2783// 2775//
f 2775// 2783// 2782//
f 2775// 2782// 2781//
f 2779// 2778// 2775//
f 2775// 2778// 2777//
f 2775// 2777// 2776//
f 2788// 362// 2789//
f 2789// 362// 368//
f 2790// 363// 2788//
f 2788// 363// 362//
f 2791// 785// 2790//
f 2790// 785// 363//
f 785// 2791// 2792//
f 785// 2792// 413//
f 413// 2792// 2793//
f 413// 2793// 414//
f 414// 2793// 2794//
f 414// 2794// 415//
f 415// 2794// 2795//
f 415// 2795// 417//
f 417// 2795// 2796//
f 417// 2796// 418//
f 418// 2796// 2797//
f 418// 2797// 402//
f 402// 2797// 2798//
f 402// 2798// 399//
f 399// 2798// 2799//
f 399// 2799// 400//
f 400// 2799// 2800//
f 400// 2800// 401//
f 401// 2800// 2801//
f 401// 2801// 416//
f 416// 2801// 2802//
f 416// 2802// 404//
f 404// 2802// 2803//
f 404// 2803// 403//
f 403// 2803// 2804//
f 403// 2804// 381//
f 381// 2804// 2805//
f 381// 2805// 382//
f 382// 2805// 2806//
f 382// 2806// 406//
f 406// 2806// 2807//
f 406// 2807// 407//
f 407// 2807// 2808//
f 407// 2808// 395//
f 395// 2808// 2809//
f 395// 2809// 386//
f 386// 2809// 2810//
f 386// 2810// 387//
f 387// 2810// 2811//
f 387// 2811// 408//
f 408// 2811// 2812//
f 408// 2812// 409//
f 409// 2812// 2813//
f 409// 2813// 396//
f 396// 2813// 2814//
f 396// 2814// 410//
f 410// 2814// 2815//
f 410// 2815// 411//
f 411// 2815// 2816//
f 411// 2816// 412//
f 412// 2816// 2817//
f 412// 2817// 398//
f 398// 2817// 2818//
f 398// 2818// 397//
f 397// 2818// 2819//
f 397// 2819// 388//
f 388// 2819// 2820//
f 388// 2820// 405//
f 2821// 380// 2820//
f 2820// 380// 405//
f 2822// 374// 2821//
f 2821// 374// 380//
f 374// 2822// 2823//
f 374// 2823// 375//
f 375// 2823// 2824//
f 375// 2824// 376//
f 376// 2824// 2825//
f 376// 2825// 358//
f 358// 2825// 2826//
f 358// 2826// 359//
f 359// 2826// 2827//
f 359// 2827// 364//
f 364// 2827// 2828//
f 364// 2828// 365//
f 365// 2828// 366//
f 366// 2828// 2829//
f 366// 2829// 422//
f 422// 2829// 424//
f 424// 2829// 2830//
f 424// 2830// 425//
f 425// 2830// 2831//
f 425// 2831// 389//
f 389// 2831// 2832//
f 389// 2832// 390//
f 390// 2832// 2833//
f 390// 2833// 392//
f 392// 2833// 2834//
f 392// 2834// 393//
f 393// 2834// 2835//
f 393// 2835// 419//
f 419// 2835// 2836//
f 419// 2836// 420//
f 420// 2836// 2837//
f 420// 2837// 421//
f 421// 2837// 2838//
f 421// 2838// 371//
f 371// 2838// 2839//
f 371// 2839// 372//
f 372// 2839// 2840//
f 372// 2840// 383//
f 383// 2840// 2841//
f 383// 2841// 384//
f 384// 2841// 2842//
f 384// 2842// 385//
f 385// 2842// 2843//
f 385// 2843// 394//
f 394// 2843// 2844//
f 394// 2844// 370//
f 370// 2844// 2845//
f 370// 2845// 369//
f 369// 2845// 2846//
f 369// 2846// 367//
f 367// 2846// 2847//
f 367// 2847// 377//
f 377// 2847// 2848//
f 377// 2848// 378//
f 2849// 379// 2848//
f 2848// 379// 378//
f 2849// 2789// 379//
f 379// 2789// 368//
f 2790// 2788// 2849//
f 2849// 2788// 2789//
f 2822// 2821// 2820//
f 2791// 2790// 2792//
f 2792// 2790// 2849//
f 2792// 2849// 2793//
f 2793// 2849// 2794//
f 2848// 2796// 2849//
f 2849// 2796// 2795//
f 2849// 2795// 2794//
f 2848// 2847// 2796//
f 2796// 2847// 2846//
f 2796// 2846// 2797//
f 2797// 2846// 2845//
f 2797// 2845// 2798//
f 2798// 2845// 2844//
f 2798// 2844// 2799//
f 2822// 2820// 2823//
f 2823// 2820// 2819//
f 2823// 2819// 2824//
f 2824// 2819// 2818//
f 2824// 2818// 2825//
f 2825// 2818// 2817//
f 2825// 2817// 2826//
f 2826// 2817// 2816//
f 2826// 2816// 2827//
f 2827// 2816// 2815//
f 2827// 2815// 2828//
f 2828// 2815// 2814//
f 2828// 2814// 2829//
f 2829// 2814// 2813//
f 2829// 2813// 2830//
f 2830// 2813// 2812//
f 2830// 2812// 2831//
f 2831// 2812// 2811//
f 2831// 2811// 2832//
f 2832// 2811// 2810//
f 2832// 2810// 2833//
f 2833// 2810// 2809//
f 2833// 2809// 2834//
f 2834// 2809// 2808//
f 2834// 2808// 2835//
f 2835// 2808// 2807//
f 2835// 2807// 2836//
f 2836// 2807// 2806//
f 2836// 2806// 2837//
f 2837// 2806// 2805//
f 2837// 2805// 2838//
f 2805// 2804// 2838//
f 2838// 2804// 2803//
f 2838// 2803// 2839//
f 2839// 2803// 2802//
f 2839// 2802// 2840//
f 2840// 2802// 2801//
f 2840// 2801// 2841//
f 2841// 2801// 2800//
f 2841// 2800// 2842//
f 2842// 2800// 2799//
f 2842// 2799// 2843//
f 2843// 2799// 2844//
f 2850// 434// 2851//
f 2851// 434// 433//
f 2851// 433// 432//
f 434// 2850// 2852//
f 434// 2852// 443//
f 443// 2852// 2853//
f 443// 2853// 444//
f 444// 2853// 2854//
f 444// 2854// 426//
f 2855// 440// 2854//
f 2854// 440// 426//
f 440// 2855// 2856//
f 440// 2856// 441//
f 441// 2856// 2857//
f 441// 2857// 442//
f 442// 2857// 2858//
f 442// 2858// 460//
f 460// 2858// 2859//
f 460// 2859// 461//
f 461// 2859// 2860//
f 461// 2860// 427//
f 427// 2860// 2861//
f 427// 2861// 428//
f 428// 2861// 2862//
f 428// 2862// 455//
f 455// 2862// 2863//
f 455// 2863// 445//
f 445// 2863// 2864//
f 445// 2864// 446//
f 446// 2864// 2865//
f 446// 2865// 447//
f 447// 2865// 2866//
f 447// 2866// 448//
f 448// 2866// 2867//
f 448// 2867// 449//
f 449// 2867// 2868//
f 449// 2868// 450//
f 450// 2868// 2869//
f 450// 2869// 451//
f 451// 2869// 2870//
f 451// 2870// 466//
f 466// 2870// 2871//
f 466// 2871// 467//
f 467// 2871// 2872//
f 467// 2872// 468//
f 468// 2872// 2873//
f 468// 2873// 469//
f 469// 2873// 2874//
f 469// 2874// 470//
f 470// 2874// 2875//
f 470// 2875// 471//
f 471// 2875// 2876//
f 471// 2876// 474//
f 2877// 473// 2876//
f 2876// 473// 474//
f 2878// 472// 2877//
f 2877// 472// 473//
f 472// 2878// 2879//
f 472// 2879// 456//
f 456// 2879// 2880//
f 456// 2880// 452//
f 452// 2880// 2881//
f 452// 2881// 453//
f 453// 2881// 2882//
f 453// 2882// 457//
f 457// 2882// 2883//
f 457// 2883// 458//
f 458// 2883// 2884//
f 458// 2884// 462//
f 462// 2884// 2885//
f 462// 2885// 463//
f 463// 2885// 2886//
f 463// 2886// 435//
f 435// 2886// 2887//
f 435// 2887// 436//
f 436// 2887// 2888//
f 436// 2888// 438//
f 438// 2888// 2889//
f 438// 2889// 439//
f 2890// 437// 2889//
f 2889// 437// 439//
f 2891// 429// 2890//
f 2890// 429// 437//
f 429// 2891// 2892//
f 429// 2892// 430//
f 430// 2892// 2893//
f 430// 2893// 431//
f 2894// 953// 2893//
f 2893// 953// 431//
f 2894// 2851// 953//
f 953// 2851// 432//
f 2863// 2862// 2873//
f 2874// 2873// 2859//
f 2855// 2884// 2883//
f 2862// 2861// 2873//
f 2873// 2861// 2860//
f 2873// 2860// 2859//
f 2859// 2858// 2874//
f 2874// 2858// 2857//
f 2874// 2857// 2875//
f 2875// 2857// 2856//
f 2891// 2890// 2855//
f 2890// 2889// 2855//
f 2855// 2889// 2888//
f 2855// 2888// 2887//
f 2855// 2880// 2879//
f 2851// 2894// 2850//
f 2850// 2894// 2893//
f 2850// 2893// 2852//
f 2852// 2893// 2892//
f 2852// 2892// 2853//
f 2853// 2892// 2891//
f 2853// 2891// 2854//
f 2854// 2891// 2855//
f 2887// 2886// 2855//
f 2855// 2886// 2885//
f 2855// 2885// 2884//
f 2866// 2865// 2873//
f 2873// 2865// 2864//
f 2873// 2864// 2863//
f 2883// 2882// 2855//
f 2855// 2882// 2881//
f 2855// 2881// 2880//
f 2879// 2878// 2855//
f 2855// 2878// 2877//
f 2855// 2877// 2856//
f 2856// 2877// 2876//
f 2856// 2876// 2875//
f 2873// 2872// 2866//
f 2866// 2872// 2871//
f 2866// 2871// 2870//
f 2870// 2869// 2866//
f 2866// 2869// 2868//
f 2866// 2868// 2867//
usemtl 1
f 2578// 2579// 2574//
f 2574// 2573// 2575//
f 2575// 2576// 2574//
f 2574// 2576// 2577//
f 2574// 2577// 2578//
f 2684// 2685// 2676//
f 2686// 2687// 2685//
f 2685// 2687// 2688//
f 2685// 2688// 2668//
f 2684// 2676// 2683//
f 2668// 2667// 2685//
f 2685// 2667// 2669//
f 2685// 2669// 2670//
f 2683// 2676// 2682//
f 2682// 2676// 2677//
f 2682// 2677// 2678//
f 2670// 2671// 2685//
f 2685// 2671// 2672//
f 2685// 2672// 2673//
f 2678// 2679// 2682//
f 2682// 2679// 2680//
f 2682// 2680// 2681//
f 2673// 2674// 2685//
f 2685// 2674// 2675//
f 2685// 2675// 2676//
f 2101// 992// 2102//
f 2102// 992// 991//
f 2104// 987// 2101//
f 2101// 987// 985//
f 2101// 985// 992//
f 981// 2105// 982//
f 982// 2105// 2102//
f 982// 2102// 991//
f 2105// 981// 2104//
f 2104// 981// 987//
usemtl 2
f 2184// 2261// 2227//
f 2227// 2261// 2259//
f 2183// 2260// 2184//
f 2184// 2260// 2261//
f 2258// 2228// 2259//
f 2259// 2228// 2227//
f 2228// 2258// 2183//
f 2183// 2258// 2260//
usemtl 1
f 464// 2895// 459//
f 459// 2895// 2048//
f 2895// 2896// 2048//
f 2048// 2896// 2049//
f 2896// 186// 2049//
f 2049// 186// 185//
f 186// 2896// 213//
f 213// 2896// 2895//
f 213// 2895// 465//
f 465// 2895// 464//
