Loading 06_build/route/r1.kicad_pcb to expand net patterns...
Routing 78 nets: ['ADC_VREF', 'ARC', 'CONT_A', 'CONT_C', 'CONT_E']...
Loading 06_build/route/r1.kicad_pcb...
Using 2 routing layers: ['F.Cu', 'B.Cu']
  Layer costs: F.Cu=1.0x, B.Cu=3.0x
No BGA components detected - no exclusion zones needed
Keepout: blocking routes from 16 polygon(s) on User.2

Using MPS ordering strategy...
MPS: Using segment intersection method (no nets on BGA chips)
MPS: 78 nets with 397 crossing conflicts detected
MPS Round 1: 25 units: ESTOP_INV, ESTOP_RAW, WD_CX, Q2G, WD_RCX, CONT_E, PU1_47, CONT_A, FAULT_N, DRV2, DRV10, PU0_47, TC_N, Q3G, TC_PLUS_J, CONT_C, Q1G, RUN, TH2, SDA1, SDA0, SCL0, DOOR_IN, ARC, HALL_PWR
MPS Round 2: 13 units: PU0_22, DRV11, DRV3, TC_MINUS_J, ESTOP_F, WD_OK, DRDY_N, SDA1_J, ADC_VREF, TH3, SCL1, OE_N, WD_PULSE
MPS Round 3: 9 units: TH1, TH2_ADC, DRV9, TC_P, DRV4, SDA0_J, PU1_22, VBUS_PICO, SR_CASC
MPS Round 4: 6 units: DRV1, DRV12, SCL0_J, TH1_ADC, RLY_EN, DOOR_RAW
MPS Round 5: 5 units: DRV5, DRV13, SCL1_J, SR_LATCH, TH3_ADC
MPS Round 6: 6 units: ESTOP_OK, DRV14, MISO, TT_A, TT_B, CS0
MPS Round 7: 5 units: SR_CLK, DRV6, DRV15, MOSI, SR_DATA
MPS Round 8: 4 units: HX_CLK, DRV7, DRV16, CS1
MPS Round 9: 3 units: DRV8, SCK, CONT_REQ
MPS Round 10: 2 units: HX_DAT, GP4_SPARE

Routing 78 single-ended net(s)...
============================================================
Building base obstacle map...
Base obstacle map built in 3.00s
Found 135 unrouted nets in PCB for stub proximity
Pre-computing net obstacle cache...
Net obstacle cache built in 0.09s (135 nets)

[1/78] Routing ESTOP_INV (id=80)
----------------------------------------
Route found in 13 iterations, path length: 13
  SUCCESS: 3 segments, 0 vias, 13 iterations, length=1.29mm (stubs=0.00mm) (0.01s)

[2/78] Routing ESTOP_RAW (id=62)
----------------------------------------
  Detected multi-point net with 4 pads (Phase 1: main route only)
  Multi-point net Phase 1: routing longest MST edge (pads 0 and 3, length=6.43mm)
  Phase 1 routed in 88 iterations, 6 segments
  SUCCESS: 6 segments, 0 vias, 88 iterations, length=6.80mm (stubs=0.00mm) (0.01s)

[3/78] Routing WD_CX (id=44)
----------------------------------------
Route found in 54 iterations, path length: 27
  SUCCESS: 6 segments, 0 vias, 54 iterations, length=3.41mm (stubs=0.00mm) (0.00s)

[4/78] Routing Q2G (id=124)
----------------------------------------
Route found in 31 iterations, path length: 31
  SUCCESS: 4 segments, 0 vias, 31 iterations, length=3.79mm (stubs=0.00mm) (0.00s)

[5/78] Routing WD_RCX (id=45)
----------------------------------------
  Detected multi-point net with 3 pads (Phase 1: main route only)
  Multi-point net Phase 1: routing longest MST edge (pads 0 and 1, length=4.60mm)
  Phase 1 routed in 31 iterations, 4 segments
  SUCCESS: 4 segments, 0 vias, 31 iterations, length=3.71mm (stubs=0.00mm) (0.01s)

[6/78] Routing CONT_E (id=134)
----------------------------------------
Route found in 43 iterations, path length: 43
  SUCCESS: 4 segments, 0 vias, 43 iterations, length=5.12mm (stubs=0.00mm) (0.00s)

[7/78] Routing PU1_47 (id=68)
----------------------------------------
  Detected multi-point net with 3 pads (Phase 1: main route only)
  Multi-point net Phase 1: routing longest MST edge (pads 2 and 1, length=5.05mm)
  Phase 1 routed in 43 iterations, 4 segments
  SUCCESS: 4 segments, 0 vias, 43 iterations, length=4.62mm (stubs=0.00mm) (0.01s)

[8/78] Routing CONT_A (id=90)
----------------------------------------
Route found in 554 iterations, path length: 59
  SUCCESS: 7 segments, 0 vias, 554 iterations, length=6.78mm (stubs=0.00mm) (0.00s)

[9/78] Routing FAULT_N (id=38)
----------------------------------------
backward stuck (1 < 80000), forward=80000
  backward cell (369, 317, layer=0): ok, 8/8 neighbors blocked
    ALL neighbors blocked: (368,316), (368,317), (368,318), (369,316), (369,318), (370,316), (370,317), (370,318)
    Blocking obstacles: MOSI(1)
  ⚠ plane tap U1.13: escalated standard→advanced fab floor (0.25/0.15 via etc., more costly to fab); pass --fab-tier advanced to silence, or --fab-overrides to pin your own floor (forbids escalation)
Route found in 59 iterations, path length: 59
  SUCCESS: 2 segments, 0 vias, 59 iterations, length=6.88mm (stubs=0.00mm) (0.03s)

[10/78] Routing DRV2 (id=112)
----------------------------------------
Route found in 3742 iterations, path length: 94
  SUCCESS: 9 segments, 0 vias, 3742 iterations, length=10.73mm (stubs=0.00mm) (0.01s)

[11/78] Routing DRV10 (id=98)
----------------------------------------
Route found in 5048 iterations, path length: 101
  SUCCESS: 11 segments, 0 vias, 5048 iterations, length=11.72mm (stubs=0.00mm) (0.01s)

[12/78] Routing PU0_47 (id=66)
----------------------------------------
  Detected multi-point net with 3 pads (Phase 1: main route only)
  Multi-point net Phase 1: routing longest MST edge (pads 1 and 2, length=19.55mm)
  Phase 1 routed in 269 iterations, 11 segments
  SUCCESS: 11 segments, 0 vias, 269 iterations, length=19.06mm (stubs=0.00mm) (0.01s)

[13/78] Routing TC_N (id=77)
----------------------------------------
  Detected multi-point net with 5 pads (Phase 1: main route only)
  Multi-point net Phase 1: routing longest MST edge (pads 1 and 2, length=8.80mm)
  Phase 1 routed in 85 iterations, 6 segments
  SUCCESS: 6 segments, 0 vias, 85 iterations, length=8.91mm (stubs=0.00mm) (0.01s)

[14/78] Routing Q3G (id=49)
----------------------------------------
Route found in 7664 iterations, path length: 217
  SUCCESS: 16 segments, 0 vias, 7664 iterations, length=23.43mm (stubs=0.00mm) (0.01s)

[15/78] Routing TC_PLUS_J (id=40)
----------------------------------------
Route found in 63 iterations, path length: 63
  SUCCESS: 4 segments, 0 vias, 63 iterations, length=8.68mm (stubs=0.00mm) (0.01s)

[16/78] Routing CONT_C (id=135)
----------------------------------------
Route found in 69 iterations, path length: 69
  SUCCESS: 4 segments, 0 vias, 69 iterations, length=9.22mm (stubs=0.00mm) (0.01s)

[17/78] Routing Q1G (id=122)
----------------------------------------
  Detected multi-point net with 3 pads (Phase 1: main route only)
  Multi-point net Phase 1: routing longest MST edge (pads 0 and 1, length=29.15mm)
  Phase 1 routed in 32290 iterations, 22 segments
  SUCCESS: 22 segments, 4 vias, 32290 iterations, length=27.87mm (stubs=0.00mm) (0.01s)

[18/78] Routing RUN (id=71)
----------------------------------------
  Detected multi-point net with 4 pads (Phase 1: main route only)
  Multi-point net Phase 1: routing longest MST edge (pads 1 and 2, length=43.08mm)
  Probe: forward=80000, backward=80000 iters, trying forward with full iterations...
  Phase 1 routed in 327085 iterations, 20 segments
  SUCCESS: 20 segments, 2 vias, 327085 iterations, length=50.99mm (stubs=0.00mm) (0.06s)

[19/78] Routing TH2 (id=54)
----------------------------------------
  Detected multi-point net with 4 pads (Phase 1: main route only)
  Multi-point net Phase 1: routing longest MST edge (pads 0 and 1, length=41.48mm)
  Phase 1 routed in 836 iterations, 16 segments
  SUCCESS: 16 segments, 0 vias, 836 iterations, length=38.49mm (stubs=0.00mm) (0.01s)

[20/78] Routing SDA1 (id=74)
----------------------------------------
Route found in 4774 iterations, path length: 146
  SUCCESS: 7 segments, 0 vias, 4774 iterations, length=18.02mm (stubs=0.00mm) (0.01s)

[21/78] Routing SDA0 (id=128)
----------------------------------------
Route found in 307 iterations, path length: 175
  SUCCESS: 11 segments, 0 vias, 307 iterations, length=19.03mm (stubs=0.00mm) (0.01s)

[22/78] Routing SCL0 (id=140)
----------------------------------------
Route found in 16815 iterations, path length: 169
  SUCCESS: 12 segments, 2 vias, 16815 iterations, length=18.92mm (stubs=0.00mm) (0.01s)

[23/78] Routing DOOR_IN (id=91)
----------------------------------------
  Detected multi-point net with 4 pads (Phase 1: main route only)
  Multi-point net Phase 1: routing longest MST edge (pads 0 and 2, length=29.39mm)
  Phase 1 routed in 22924 iterations, 11 segments
  SUCCESS: 11 segments, 2 vias, 22924 iterations, length=26.53mm (stubs=0.00mm) (0.01s)

[24/78] Routing ARC (id=89)
----------------------------------------
Route found in 19798 iterations, path length: 232
  SUCCESS: 8 segments, 2 vias, 19798 iterations, length=27.59mm (stubs=0.00mm) (0.01s)

[25/78] Routing HALL_PWR (id=92)
----------------------------------------
Route found in 49465 iterations, path length: 321
  SUCCESS: 16 segments, 3 vias, 49465 iterations, length=36.09mm (stubs=0.00mm) (0.01s)

[26/78] Routing PU0_22 (id=95)
----------------------------------------
  Detected multi-point net with 3 pads (Phase 1: main route only)
  Multi-point net Phase 1: routing longest MST edge (pads 1 and 2, length=9.10mm)
  Phase 1 routed in 83 iterations, 9 segments
  SUCCESS: 9 segments, 0 vias, 83 iterations, length=8.41mm (stubs=0.00mm) (0.01s)

[27/78] Routing DRV11 (id=99)
----------------------------------------
Route found in 5627 iterations, path length: 119
  SUCCESS: 10 segments, 0 vias, 5627 iterations, length=13.14mm (stubs=0.00mm) (0.01s)

[28/78] Routing DRV3 (id=113)
----------------------------------------
Route found in 6040 iterations, path length: 112
  SUCCESS: 10 segments, 0 vias, 6040 iterations, length=12.73mm (stubs=0.00mm) (0.01s)

[29/78] Routing TC_MINUS_J (id=41)
----------------------------------------
Route found in 31125 iterations, path length: 134
  SUCCESS: 10 segments, 2 vias, 31125 iterations, length=14.87mm (stubs=0.00mm) (0.01s)

[30/78] Routing ESTOP_F (id=79)
----------------------------------------
  Detected multi-point net with 3 pads (Phase 1: main route only)
  Multi-point net Phase 1: routing longest MST edge (pads 0 and 1, length=28.44mm)
  Phase 1 routed in 72884 iterations, 18 segments
  SUCCESS: 18 segments, 2 vias, 72884 iterations, length=25.88mm (stubs=0.00mm) (0.02s)

[31/78] Routing WD_OK (id=64)
----------------------------------------
  Detected multi-point net with 4 pads (Phase 1: main route only)
  Multi-point net Phase 1: routing longest MST edge (pads 2 and 1, length=10.04mm)
  Phase 1 routed in 4592 iterations, 9 segments
  SUCCESS: 9 segments, 2 vias, 4592 iterations, length=8.66mm (stubs=0.00mm) (0.01s)

[32/78] Routing DRDY_N (id=139)
----------------------------------------
Route found in 421 iterations, path length: 121
  SUCCESS: 10 segments, 0 vias, 421 iterations, length=13.26mm (stubs=0.00mm) (0.01s)

[33/78] Routing SDA1_J (id=51)
----------------------------------------
  Detected multi-point net with 7 pads (Phase 1: main route only)
  Multi-point net Phase 1: routing longest MST edge (pads 6 and 2, length=15.50mm)
  Phase 1 routed in 26468 iterations, 8 segments
  SUCCESS: 8 segments, 2 vias, 26468 iterations, length=12.45mm (stubs=0.00mm) (0.01s)

[34/78] Routing ADC_VREF (id=73)
----------------------------------------
Route found in 2500 iterations, path length: 176
  SUCCESS: 13 segments, 0 vias, 2500 iterations, length=19.44mm (stubs=0.00mm) (0.01s)

[35/78] Routing TH3 (id=63)
----------------------------------------
  Detected multi-point net with 4 pads (Phase 1: main route only)
  Multi-point net Phase 1: routing longest MST edge (pads 2 and 1, length=47.62mm)
  Phase 1 routed in 420 iterations, 8 segments
  SUCCESS: 8 segments, 0 vias, 420 iterations, length=44.17mm (stubs=0.00mm) (0.01s)

[36/78] Routing SCL1 (id=123)
----------------------------------------
Route found in 269 iterations, path length: 174
  SUCCESS: 7 segments, 0 vias, 269 iterations, length=20.88mm (stubs=0.00mm) (0.01s)

[37/78] Routing OE_N (id=55)
----------------------------------------
  Detected multi-point net with 5 pads (Phase 1: main route only)
  Multi-point net Phase 1: routing longest MST edge (pads 4 and 2, length=60.00mm)
  Phase 1 routed in 5609 iterations, 15 segments
  SUCCESS: 15 segments, 2 vias, 5609 iterations, length=63.43mm (stubs=0.00mm) (0.01s)

[38/78] Routing WD_PULSE (id=75)
----------------------------------------
  Detected multi-point net with 3 pads (Phase 1: main route only)
  Multi-point net Phase 1: routing longest MST edge (pads 2 and 1, length=61.47mm)
  Phase 1 routed in 52303 iterations, 18 segments
  SUCCESS: 18 segments, 3 vias, 52303 iterations, length=54.46mm (stubs=0.00mm) (0.01s)

[39/78] Routing TH1 (id=86)
----------------------------------------
  Detected multi-point net with 4 pads (Phase 1: main route only)
  Multi-point net Phase 1: routing longest MST edge (pads 0 and 1, length=30.73mm)
  Phase 1 routed in 12318 iterations, 15 segments
  SUCCESS: 15 segments, 2 vias, 12318 iterations, length=29.31mm (stubs=0.00mm) (0.01s)

[40/78] Routing TH2_ADC (id=93)
----------------------------------------
  Detected multi-point net with 4 pads (Phase 1: main route only)
  Multi-point net Phase 1: routing longest MST edge (pads 1 and 3, length=42.30mm)
  Probe: forward=80000, backward=80000 iters, trying forward with full iterations...
  Phase 1 routed in 259277 iterations, 10 segments
  SUCCESS: 10 segments, 3 vias, 259277 iterations, length=36.73mm (stubs=0.00mm) (0.04s)

[41/78] Routing DRV9 (id=97)
----------------------------------------
Route found in 24151 iterations, path length: 158
  SUCCESS: 13 segments, 2 vias, 24151 iterations, length=18.45mm (stubs=0.00mm) (0.01s)

[42/78] Routing TC_P (id=72)
----------------------------------------
  Detected multi-point net with 4 pads (Phase 1: main route only)
  Multi-point net Phase 1: routing longest MST edge (pads 1 and 2, length=11.10mm)
  Phase 1 routed in 180 iterations, 9 segments
  SUCCESS: 9 segments, 0 vias, 180 iterations, length=11.03mm (stubs=0.00mm) (0.01s)

[43/78] Routing DRV4 (id=114)
----------------------------------------
Route found in 7446 iterations, path length: 157
  SUCCESS: 16 segments, 0 vias, 7446 iterations, length=17.55mm (stubs=0.00mm) (0.01s)

[44/78] Routing SDA0_J (id=67)
----------------------------------------
  Detected multi-point net with 8 pads (Phase 1: main route only)
  Multi-point net Phase 1: routing longest MST edge (pads 6 and 5, length=22.51mm)
  Phase 1 routed in 23798 iterations, 10 segments
  SUCCESS: 10 segments, 1 vias, 23798 iterations, length=22.52mm (stubs=0.00mm) (0.01s)

[45/78] Routing PU1_22 (id=88)
----------------------------------------
  Detected multi-point net with 3 pads (Phase 1: main route only)
  Multi-point net Phase 1: routing longest MST edge (pads 0 and 2, length=39.33mm)
  Phase 1 routed in 54254 iterations, 22 segments
  SUCCESS: 22 segments, 4 vias, 54254 iterations, length=36.74mm (stubs=0.00mm) (0.02s)

[46/78] Routing VBUS_PICO (id=46)
----------------------------------------
Route found in 2040 iterations, path length: 294
  SUCCESS: 13 segments, 0 vias, 2040 iterations, length=33.27mm (stubs=0.00mm) (0.01s)

[47/78] Routing SR_CASC (id=137)
----------------------------------------
Route found in 110343 iterations, path length: 705
  SUCCESS: 21 segments, 4 vias, 110343 iterations, length=74.76mm (stubs=0.00mm) (0.02s)

[48/78] Routing DRV1 (id=111)
----------------------------------------
Route found in 19583 iterations, path length: 92
  SUCCESS: 9 segments, 2 vias, 19583 iterations, length=11.68mm (stubs=0.00mm) (0.01s)

[49/78] Routing DRV12 (id=100)
----------------------------------------
Route found in 40746 iterations, path length: 121
  SUCCESS: 18 segments, 2 vias, 40746 iterations, length=14.58mm (stubs=0.00mm) (0.01s)

[50/78] Routing SCL0_J (id=69)
----------------------------------------
  Detected multi-point net with 8 pads (Phase 1: main route only)
  Multi-point net Phase 1: routing longest MST edge (pads 4 and 3, length=18.11mm)
  backward stuck (2 < 80000), forward=80000
    backward cell (245, 625, layer=0): ok, 8/8 neighbors blocked
      ALL neighbors blocked: (244,624), (244,625), (244,626), (245,624), (245,626), (246,624), (246,625), (246,626)
    backward cell (245, 625, layer=1): ok, 8/8 neighbors blocked
      ALL neighbors blocked: (244,624), (244,625), (244,626), (245,624), (245,626), (246,624), (246,625), (246,626)
  Phase 1 edge (pads 4,3) failed after 80002 iterations - trying next MST edge
  Multi-point net Phase 1: retrying with next MST edge (2/7) (pads 1 and 2, length=11.00mm)
  Phase 1 routed in 85870 iterations, 4 segments
  SUCCESS: 4 segments, 1 vias, 85870 iterations, length=8.66mm (stubs=0.00mm) (0.03s)

[51/78] Routing TH1_ADC (id=87)
----------------------------------------
  Detected multi-point net with 4 pads (Phase 1: main route only)
  Multi-point net Phase 1: routing longest MST edge (pads 2 and 3, length=49.56mm)
  Probe: forward=80000, backward=80000 iters, trying forward with full iterations...
  Phase 1 routed in 517117 iterations, 24 segments
  SUCCESS: 24 segments, 7 vias, 517117 iterations, length=62.19mm (stubs=0.00mm) (0.09s)

[52/78] Routing RLY_EN (id=133)
----------------------------------------
  Detected multi-point net with 4 pads (Phase 1: main route only)
  Multi-point net Phase 1: routing longest MST edge (pads 3 and 1, length=40.81mm)
  Probe: forward=80000, backward=80000 iters, trying forward with full iterations...
  Phase 1 routed in 263877 iterations, 29 segments
  SUCCESS: 29 segments, 3 vias, 263877 iterations, length=42.81mm (stubs=0.00mm) (0.05s)

[53/78] Routing DOOR_RAW (id=70)
----------------------------------------
  Detected multi-point net with 5 pads (Phase 1: main route only)
  Multi-point net Phase 1: routing longest MST edge (pads 1 and 2, length=32.58mm)
  Phase 1 routed in 25850 iterations, 16 segments
  SUCCESS: 16 segments, 3 vias, 25850 iterations, length=37.19mm (stubs=0.00mm) (0.01s)

[54/78] Routing DRV5 (id=115)
----------------------------------------
Route found in 8402 iterations, path length: 175
  SUCCESS: 15 segments, 0 vias, 8402 iterations, length=19.27mm (stubs=0.00mm) (0.01s)

[55/78] Routing DRV13 (id=101)
----------------------------------------
Route found in 40744 iterations, path length: 168
  SUCCESS: 15 segments, 2 vias, 40744 iterations, length=18.91mm (stubs=0.00mm) (0.01s)

[56/78] Routing SCL1_J (id=57)
----------------------------------------
  Detected multi-point net with 7 pads (Phase 1: main route only)
  Multi-point net Phase 1: routing longest MST edge (pads 0 and 1, length=19.23mm)
  Phase 1 routed in 18652 iterations, 13 segments
  SUCCESS: 13 segments, 2 vias, 18652 iterations, length=17.31mm (stubs=0.00mm) (0.01s)

[57/78] Routing SR_LATCH (id=48)
----------------------------------------
  Detected multi-point net with 4 pads (Phase 1: main route only)
  Multi-point net Phase 1: routing longest MST edge (pads 3 and 2, length=73.22mm)
  forward stuck (1 < 80000), backward=80000
    forward cell (834, 1235, layer=0): ok, 8/8 neighbors blocked
      ALL neighbors blocked: (833,1234), (833,1235), (833,1236), (834,1234), (834,1236), (835,1234), (835,1235), (835,1236)
      Blocking obstacles: GND(1)
  Phase 1 edge (pads 3,2) failed after 80001 iterations - trying next MST edge
  Multi-point net Phase 1: retrying with next MST edge (2/3) (pads 0 and 1, length=42.69mm)
  Phase 1 routed in 80531 iterations, 9 segments
  SUCCESS: 9 segments, 0 vias, 80531 iterations, length=44.08mm (stubs=0.00mm) (0.09s)

[58/78] Routing TH3_ADC (id=52)
----------------------------------------
  Detected multi-point net with 5 pads (Phase 1: main route only)
  Multi-point net Phase 1: routing longest MST edge (pads 2 and 4, length=55.05mm)
  Probe: forward=80000, backward=80000 iters, trying forward with full iterations...
  Phase 1 routed in 265825 iterations, 16 segments
  SUCCESS: 16 segments, 3 vias, 265825 iterations, length=48.66mm (stubs=0.00mm) (0.05s)

[59/78] Routing ESTOP_OK (id=81)
----------------------------------------
  Detected multi-point net with 4 pads (Phase 1: main route only)
  Multi-point net Phase 1: routing longest MST edge (pads 0 and 3, length=42.55mm)
  Phase 1 routed in 62600 iterations, 18 segments
  SUCCESS: 18 segments, 4 vias, 62600 iterations, length=39.97mm (stubs=0.00mm) (0.02s)

[60/78] Routing DRV14 (id=102)
----------------------------------------
Route found in 14036 iterations, path length: 188
  SUCCESS: 17 segments, 0 vias, 14036 iterations, length=21.16mm (stubs=0.00mm) (0.01s)

[61/78] Routing MISO (id=127)
----------------------------------------
  Detected multi-point net with 4 pads (Phase 1: main route only)
  Multi-point net Phase 1: routing longest MST edge (pads 0 and 3, length=88.86mm)
  Probe: forward=80000, backward=80000 iters, trying forward with full iterations...
  Phase 1 routed in 329986 iterations, 37 segments
  SUCCESS: 37 segments, 6 vias, 329986 iterations, length=86.65mm (stubs=0.00mm) (0.05s)

[62/78] Routing TT_A (id=129)
----------------------------------------
  Detected multi-point net with 3 pads (Phase 1: main route only)
  Multi-point net Phase 1: routing longest MST edge (pads 0 and 1, length=91.22mm)
  Probe: forward=80000, backward=80000 iters, trying forward with full iterations...
  Phase 1 routed in 691806 iterations, 43 segments
  SUCCESS: 43 segments, 7 vias, 691806 iterations, length=97.38mm (stubs=0.00mm) (0.12s)

[63/78] Routing TT_B (id=130)
----------------------------------------
  Detected multi-point net with 3 pads (Phase 1: main route only)
  Multi-point net Phase 1: routing longest MST edge (pads 0 and 1, length=98.80mm)
  Probe: forward=80000, backward=80000 iters, trying forward with full iterations...
  Phase 1 routed in 955695 iterations, 34 segments
  SUCCESS: 34 segments, 7 vias, 955695 iterations, length=147.06mm (stubs=0.00mm) (0.17s)

[64/78] Routing CS0 (id=76)
----------------------------------------
  Detected multi-point net with 3 pads (Phase 1: main route only)
  Multi-point net Phase 1: routing longest MST edge (pads 0 and 2, length=83.88mm)
  Phase 1 routed in 39090 iterations, 21 segments
  SUCCESS: 21 segments, 1 vias, 39090 iterations, length=93.45mm (stubs=0.00mm) (0.01s)

[65/78] Routing SR_CLK (id=96)
----------------------------------------
  Detected multi-point net with 4 pads (Phase 1: main route only)
  Multi-point net Phase 1: routing longest MST edge (pads 3 and 2, length=74.49mm)
  forward stuck (1 < 80000), backward=80000
    forward cell (821, 1235, layer=0): ok, 8/8 neighbors blocked
      ALL neighbors blocked: (820,1234), (820,1235), (820,1236), (821,1234), (821,1236), (822,1234), (822,1235), (822,1236)
      Blocking obstacles: HX_CLK(1), GND(1)
  Probe: forward=80000, backward=80000 iters, trying forward with full iterations...
  No route found after 80000 iterations (forward), trying backward...
  Phase 1 edge (pads 3,2) failed after 80001 iterations - trying next MST edge
  Multi-point net Phase 1: retrying with next MST edge (2/3) (pads 0 and 1, length=47.32mm)
  Phase 1 routed in 91242 iterations, 13 segments
  SUCCESS: 13 segments, 2 vias, 91242 iterations, length=48.87mm (stubs=0.00mm) (0.09s)

[66/78] Routing DRV6 (id=116)
----------------------------------------
Route found in 10739 iterations, path length: 214
  SUCCESS: 22 segments, 0 vias, 10739 iterations, length=24.34mm (stubs=0.00mm) (0.01s)

[67/78] Routing DRV15 (id=103)
----------------------------------------
Route found in 20544 iterations, path length: 207
  SUCCESS: 18 segments, 0 vias, 20544 iterations, length=23.55mm (stubs=0.00mm) (0.01s)

[68/78] Routing MOSI (id=126)
----------------------------------------
  Detected multi-point net with 4 pads (Phase 1: main route only)
  Existing copper joins 4 terminals into 3 group(s)
  Multi-point net Phase 1: routing longest MST edge (pads 2 and 3, length=79.65mm)
  Probe: forward=80000, backward=80000 iters, trying forward with full iterations...
  Phase 1 routed in 375509 iterations, 23 segments
  SUCCESS: 23 segments, 5 vias, 375509 iterations, length=83.25mm (stubs=0.00mm) (0.06s)

[69/78] Routing SR_DATA (id=141)
----------------------------------------
  Detected multi-point net with 3 pads (Phase 1: main route only)
  Multi-point net Phase 1: routing longest MST edge (pads 0 and 1, length=80.84mm)
  Probe: forward=80000, backward=80000 iters, trying forward with full iterations...
  Phase 1 routed in 620026 iterations, 33 segments
  SUCCESS: 33 segments, 6 vias, 620026 iterations, length=106.50mm (stubs=0.00mm) (0.11s)

[70/78] Routing HX_CLK (id=65)
----------------------------------------
  Detected multi-point net with 5 pads (Phase 1: main route only)
  Multi-point net Phase 1: routing longest MST edge (pads 0 and 3, length=83.36mm)
  Probe: forward=80000, backward=80000 iters, trying forward with full iterations...
  Phase 1 routed in 524804 iterations, 27 segments
  SUCCESS: 27 segments, 7 vias, 524804 iterations, length=70.44mm (stubs=0.00mm) (0.09s)

[71/78] Routing DRV7 (id=117)
----------------------------------------
Route found in 12418 iterations, path length: 246
  SUCCESS: 24 segments, 0 vias, 12418 iterations, length=27.99mm (stubs=0.00mm) (0.01s)

[72/78] Routing DRV16 (id=104)
----------------------------------------
Route found in 27220 iterations, path length: 225
  SUCCESS: 20 segments, 0 vias, 27220 iterations, length=26.09mm (stubs=0.00mm) (0.01s)

[73/78] Routing CS1 (id=109)
----------------------------------------
  Detected multi-point net with 3 pads (Phase 1: main route only)
  Multi-point net Phase 1: routing longest MST edge (pads 0 and 2, length=68.02mm)
  Phase 1 routed in 153428 iterations, 19 segments
  SUCCESS: 19 segments, 4 vias, 153428 iterations, length=73.97mm (stubs=0.00mm) (0.03s)

[74/78] Routing DRV8 (id=118)
----------------------------------------
Route found in 13284 iterations, path length: 259
  SUCCESS: 26 segments, 0 vias, 13284 iterations, length=29.57mm (stubs=0.00mm) (0.01s)

[75/78] Routing SCK (id=125)
----------------------------------------
  Detected multi-point net with 4 pads (Phase 1: main route only)
  Multi-point net Phase 1: routing longest MST edge (pads 2 and 3, length=80.89mm)
  Probe: forward=80000, backward=80000 iters, trying forward with full iterations...
  Phase 1 routed in 547637 iterations, 27 segments
  SUCCESS: 27 segments, 7 vias, 547637 iterations, length=81.04mm (stubs=0.00mm) (0.09s)

[76/78] Routing CONT_REQ (id=59)
----------------------------------------
  Detected multi-point net with 3 pads (Phase 1: main route only)
  Multi-point net Phase 1: routing longest MST edge (pads 1 and 2, length=55.63mm)
  Probe: forward=80000, backward=80000 iters, trying forward with full iterations...
  Phase 1 routed in 455516 iterations, 25 segments
  SUCCESS: 25 segments, 6 vias, 455516 iterations, length=60.54mm (stubs=0.00mm) (0.08s)

[77/78] Routing HX_DAT (id=94)
----------------------------------------
  Detected multi-point net with 5 pads (Phase 1: main route only)
  Multi-point net Phase 1: routing longest MST edge (pads 0 and 3, length=82.90mm)
  Probe: forward=80000, backward=80000 iters, trying forward with full iterations...
  Phase 1 routed in 528863 iterations, 36 segments
  SUCCESS: 36 segments, 7 vias, 528863 iterations, length=73.53mm (stubs=0.00mm) (0.09s)

[78/78] Routing GP4_SPARE (id=131)
----------------------------------------
  Detected multi-point net with 4 pads (Phase 1: main route only)
  Multi-point net Phase 1: routing longest MST edge (pads 0 and 2, length=134.32mm)
  Probe: forward=80000, backward=80000 iters, trying forward with full iterations...
  Phase 1 routed in 864989 iterations, 39 segments
  SUCCESS: 39 segments, 10 vias, 864989 iterations, length=155.42mm (stubs=0.00mm) (0.16s)

Sync pcb_data: 1547 -> 359 (kept stubs) -> 1547 (after adding 1188)

============================================================
Multi-point Phase 3: Routing 89 tap connections
============================================================
Phase 3 order (boxed-in risk first): TC_P, CS0, HX_CLK, WD_OK, MISO, MOSI, TC_N, Q1G, TH2, SDA1_J, OE_N, SDA0_J, SCL0_J, RLY_EN, SCL1_J, SR_LATCH, ESTOP_OK, SR_CLK, HX_DAT, ESTOP_RAW, WD_RCX, PU1_47, PU0_47, RUN, DOOR_IN, PU0_22, ESTOP_F, TH3, WD_PULSE, TH1, TH2_ADC, PU1_22, TH1_ADC, DOOR_RAW, TH3_ADC, TT_A, TT_B, SR_DATA, CS1, SCK, CONT_REQ, GP4_SPARE

TC_P (net 72):
  Multi-point net Phase 3: routing 2 remaining MST edges (longest first)
    [1/89] Routing MST edge: pad 1 -> pad 3 (length=11.09mm) target=(31.14, 33.00)
      Routed in 16109 iterations (0.00s)
    [2/89] Routing MST edge: pad 3 -> pad 0 (length=5.69mm) target=(32.43, 28.60)
      Routed in 45 iterations (0.00s)
  Phase 3 routing complete: 2 edges, 22 total segments, 2 total vias
  Added 13 tap segments, 2 tap vias
  Net total time: 0.05s, 16334 iterations

CS0 (net 76):
  Multi-point net Phase 3: routing 1 remaining MST edges (longest first)
    [3/89] Routing MST edge: pad 0 -> pad 1 (length=19.84mm) target=(36.86, 34.30)
      backward stuck (1 < 80000), forward=80000
        backward cell (369, 343, layer=0): ok, 8/8 neighbors blocked
          ALL neighbors blocked: (368,342), (368,343), (368,344), (369,342), (369,344), (370,342), (370,343), (370,344)
          Blocking obstacles: MISO(1)
  ⚠ plane tap U1.9: escalated standard→advanced fab floor (0.25/0.15 via etc., more costly to fab); pass --fab-tier advanced to silence, or --fab-overrides to pin your own floor (forbids escalation)
      [92mVia-in-pad unblock: dropped 1 fab-floor via(s) to reach a boxed endpoint[0m
      Routed in 46942 iterations (0.03s)
  Phase 3 routing complete: 1 edges, 29 total segments, 3 total vias
  Added 8 tap segments, 2 tap vias
  Net total time: 0.08s, 86032 iterations

HX_CLK (net 65):
  Multi-point net Phase 3: routing 3 remaining MST edges (longest first)
    [4/89] Routing MST edge: pad 0 -> pad 1 (length=3.71mm) target=(78.86, 122.95)
      Routed in 6571 iterations (0.00s)
    [5/89] Routing MST edge: pad 1 -> pad 2 (length=2.28mm) target=(81.14, 122.95)
      backward stuck (1 < 80000), forward=80000
        backward cell (811, 1230, layer=0): ok, 8/8 neighbors blocked
          ALL neighbors blocked: (810,1229), (810,1230), (810,1231), (811,1229), (811,1231), (812,1229), (812,1230), (812,1231)
          Blocking obstacles: 3V3(2)
  ⚠ last-resort via for net 65 (0.25/0.15mm): escalated standard→advanced fab floor (0.25/0.15 via etc., more costly to fab); pass --fab-tier advanced to silence, or --fab-overrides to pin your own floor (forbids escalation)
      [92mVia-in-pad unblock: dropped 1 fab-floor via(s) to reach a boxed endpoint[0m
      Routed in 4484 iterations (0.06s)
    [6/89] Routing MST edge: pad 2 -> pad 4 (length=6.91mm) target=(83.00, 128.00)
      Routed in 3995 iterations (0.00s)
  Phase 3 routing complete: 3 edges, 38 total segments, 9 total vias
  Added 11 tap segments, 2 tap vias
  Net total time: 0.09s, 539854 iterations

WD_OK (net 64):
  Multi-point net Phase 3: routing 2 remaining MST edges (longest first)
    [7/89] Routing MST edge: pad 2 -> pad 3 (length=9.61mm) target=(62.16, 118.00)
      Routed in 9424 iterations (0.00s)
    [8/89] Routing MST edge: pad 3 -> pad 0 (length=9.24mm) target=(65.80, 123.60)
      Routed in 34327 iterations (0.01s)
  Phase 3 routing complete: 2 edges, 23 total segments, 5 total vias
  Added 14 tap segments, 3 tap vias
  Net total time: 0.05s, 48343 iterations

MISO (net 127):
  Multi-point net Phase 3: routing 2 remaining MST edges (longest first)
    [9/89] Routing MST edge: pad 0 -> pad 2 (length=2.02mm) target=(36.86, 33.00)
      Routed in 2354 iterations (0.00s)
    [10/89] Routing MST edge: pad 2 -> pad 1 (length=12.06mm) target=(32.40, 25.40)
      Routed in 2476 iterations (0.00s)
  Phase 3 routing complete: 2 edges, 49 total segments, 8 total vias
  Added 12 tap segments, 2 tap vias
  Net total time: 0.03s, 334816 iterations

MOSI (net 126):
  Multi-point net Phase 3: routing 1 remaining MST edges (longest first)
    [11/89] Routing MST edge: pad 2 -> pad 1 (length=9.99mm) target=(39.40, 24.90)
      Routed in 5075 iterations (0.00s)
  Phase 3 routing complete: 1 edges, 33 total segments, 7 total vias
  Added 10 tap segments, 2 tap vias
  Net total time: 0.02s, 380584 iterations

TC_N (net 77):
  Multi-point net Phase 3: routing 3 remaining MST edges (longest first)
    [12/89] Routing MST edge: pad 1 -> pad 4 (length=8.14mm) target=(31.14, 32.35)
      Routed in 11413 iterations (0.00s)
    [13/89] Routing MST edge: pad 1 -> pad 0 (length=5.15mm) target=(33.98, 42.80)
      Routed in 10226 iterations (0.00s)
    [14/89] Routing MST edge: pad 4 -> pad 3 (length=0.65mm) target=(31.14, 31.70)
      Routed in 11 iterations (0.00s)
  Phase 3 routing complete: 3 edges, 22 total segments, 4 total vias
  Added 16 tap segments, 4 tap vias
  Net total time: 0.02s, 21735 iterations

Q1G (net 122):
  Multi-point net Phase 3: routing 1 remaining MST edges (longest first)
    [15/89] Routing MST edge: pad 0 -> pad 2 (length=3.64mm) target=(51.17, 110.50)
      Routed in 36 iterations (0.00s)
  Phase 3 routing complete: 1 edges, 29 total segments, 4 total vias
  Added 7 tap segments, 0 tap vias
  Net total time: 0.02s, 32326 iterations

TH2 (net 54):
  Multi-point net Phase 3: routing 2 remaining MST edges (longest first)
    [16/89] Routing MST edge: pad 0 -> pad 3 (length=3.37mm) target=(25.75, 115.40)
      Routed in 6167 iterations (0.00s)
    [17/89] Routing MST edge: pad 3 -> pad 2 (length=11.12mm) target=(32.67, 111.20)
      Routed in 9482 iterations (0.00s)
  Phase 3 routing complete: 2 edges, 28 total segments, 3 total vias
  Added 12 tap segments, 3 tap vias
  Net total time: 0.02s, 16485 iterations

SDA1_J (net 51):
  Multi-point net Phase 3: routing 5 remaining MST edges (longest first)
    [18/89] Routing MST edge: pad 2 -> pad 5 (length=10.62mm) target=(24.50, 53.00)
      Routed in 8951 iterations (0.00s)
    [19/89] Routing MST edge: pad 2 -> pad 4 (length=8.04mm) target=(31.34, 63.05)
      Routed in 16400 iterations (0.00s)
    [20/89] Routing MST edge: pad 6 -> pad 0 (length=6.57mm) target=(44.90, 51.90)
      Routed in 4511 iterations (0.00s)
    [21/89] Routing MST edge: pad 0 -> pad 1 (length=9.03mm) target=(49.12, 56.70)
      Routed in 49 iterations (0.00s)
    [22/89] Routing MST edge: pad 4 -> pad 3 (length=2.27mm) target=(29.06, 63.05)
      Routed in 1432 iterations (0.00s)
  Phase 3 routing complete: 5 edges, 33 total segments, 8 total vias
  Added 25 tap segments, 6 tap vias
  Net total time: 0.03s, 57811 iterations

OE_N (net 55):
  Multi-point net Phase 3: routing 3 remaining MST edges (longest first)
    [23/89] Routing MST edge: pad 4 -> pad 0 (length=17.11mm) target=(70.00, 121.00)
      Routed in 43958 iterations (0.01s)
    [24/89] Routing MST edge: pad 0 -> pad 1 (length=5.83mm) target=(67.17, 118.00)
      Routed in 4872 iterations (0.00s)
    [25/89] Routing MST edge: pad 1 -> pad 3 (length=3.99mm) target=(63.84, 118.65)
      Routed in 4538 iterations (0.00s)
  Phase 3 routing complete: 3 edges, 30 total segments, 8 total vias
  Added 15 tap segments, 6 tap vias
  Net total time: 0.03s, 58977 iterations

SDA0_J (net 67):
  Multi-point net Phase 3: routing 6 remaining MST edges (longest first)
    [26/89] Routing MST edge: pad 6 -> pad 2 (length=10.61mm) target=(24.50, 41.00)
      Routed in 5389 iterations (0.00s)
    [27/89] Routing MST edge: pad 6 -> pad 7 (length=2.27mm) target=(31.34, 47.05)
      Routed in 23 iterations (0.00s)
    [28/89] Routing MST edge: pad 7 -> pad 3 (length=5.04mm) target=(35.03, 48.40)
      Routed in 15475 iterations (0.00s)
    [29/89] Routing MST edge: pad 3 -> pad 1 (length=7.17mm) target=(40.20, 46.40)
      Routed in 3737 iterations (0.00s)
    [30/89] Routing MST edge: pad 1 -> pad 4 (length=4.77mm) target=(37.83, 44.00)
      Routed in 25 iterations (0.00s)
    [31/89] Routing MST edge: pad 4 -> pad 0 (length=5.30mm) target=(42.03, 42.90)
      Routed in 4976 iterations (0.00s)
  Phase 3 routing complete: 6 edges, 34 total segments, 7 total vias
  Added 24 tap segments, 6 tap vias
  Net total time: 0.03s, 53423 iterations

SCL0_J (net 69):
  Multi-point net Phase 3: routing 6 remaining MST edges (longest first)
    [32/89] Routing MST edge: pad 1 -> pad 7 (length=6.33mm) target=(33.33, 41.00)
      Routed in 836 iterations (0.00s)
    [33/89] Routing MST edge: pad 7 -> pad 0 (length=6.50mm) target=(39.83, 41.00)
      Routed in 7520 iterations (0.00s)
    [34/89] Routing MST edge: pad 0 -> pad 6 (length=7.00mm) target=(37.83, 46.00)
      Routed in 937 iterations (0.00s)
    [35/89] Routing MST edge: pad 1 -> pad 4 (length=5.89mm) target=(29.06, 48.95)
      Routed in 13953 iterations (0.00s)
    [36/89] Routing MST edge: pad 4 -> pad 3 (length=18.11mm) target=(24.50, 62.50)
      backward stuck (2 < 80000), forward=80000
        backward cell (245, 625, layer=0): ok, 8/8 neighbors blocked
          ALL neighbors blocked: (244,624), (244,625), (244,626), (245,624), (245,626), (246,624), (246,625), (246,626)
        backward cell (245, 625, layer=1): ok, 8/8 neighbors blocked
          ALL neighbors blocked: (244,624), (244,625), (244,626), (245,624), (245,626), (246,624), (246,625), (246,626)
      [93mFailed to route MST edge after 80002 iterations (0.02s)[0m
    [37/89] (1 failed) Routing MST edge: pad 4 -> pad 5 (length=2.27mm) target=(31.34, 48.95)
      Routed in 7488 iterations (0.00s)
    Fallback: attempting orphaned pad 3 directly from connected copper
    [38/89] (1 failed) Routing MST edge: pad 4 -> pad 3 (length=18.11mm) target=(24.50, 62.50)
      backward stuck (2 < 80000), forward=80000
        backward cell (245, 625, layer=0): ok, 8/8 neighbors blocked
          ALL neighbors blocked: (244,624), (244,625), (244,626), (245,624), (245,626), (246,624), (246,625), (246,626)
        backward cell (245, 625, layer=1): ok, 8/8 neighbors blocked
          ALL neighbors blocked: (244,624), (244,625), (244,626), (245,624), (245,626), (246,624), (246,625), (246,626)
      [93mFailed to route MST edge after 80002 iterations (0.02s)[0m
  [93mWarning: 1 pad(s) not connected (1 MST edge(s) failed)[0m
  Phase 3 routing complete: 5 edges, 32 total segments, 6 total vias
    Ripping SDA0_J (net 67) to retry tap route...
  Multi-point net Phase 3: routing 6 remaining MST edges (longest first)
    [38/89] (1 failed) Routing MST edge: pad 1 -> pad 7 (length=6.33mm) target=(33.33, 41.00)
      Routed in 836 iterations (0.00s)
    [39/89] (1 failed) Routing MST edge: pad 7 -> pad 0 (length=6.50mm) target=(39.83, 41.00)
      Routed in 7663 iterations (0.00s)
    [40/89] (1 failed) Routing MST edge: pad 0 -> pad 6 (length=7.00mm) target=(37.83, 46.00)
      Routed in 72 iterations (0.00s)
    [41/89] (1 failed) Routing MST edge: pad 1 -> pad 4 (length=5.89mm) target=(29.06, 48.95)
      Routed in 794 iterations (0.00s)
    [42/89] (1 failed) Routing MST edge: pad 4 -> pad 3 (length=18.11mm) target=(24.50, 62.50)
      backward stuck (2 < 80000), forward=80000
        backward cell (245, 625, layer=0): ok, 8/8 neighbors blocked
          ALL neighbors blocked: (244,624), (244,625), (244,626), (245,624), (245,626), (246,624), (246,625), (246,626)
        backward cell (245, 625, layer=1): ok, 8/8 neighbors blocked
          ALL neighbors blocked: (244,624), (244,625), (244,626), (245,624), (245,626), (246,624), (246,625), (246,626)
      [93mFailed to route MST edge after 80002 iterations (0.02s)[0m
    [43/89] (2 failed) Routing MST edge: pad 4 -> pad 5 (length=2.27mm) target=(31.34, 48.95)
      Routed in 14804 iterations (0.00s)
    Fallback: attempting orphaned pad 3 directly from connected copper
    [44/89] (2 failed) Routing MST edge: pad 4 -> pad 3 (length=18.11mm) target=(24.50, 62.50)
      backward stuck (2 < 80000), forward=80000
        backward cell (245, 625, layer=0): ok, 8/8 neighbors blocked
          ALL neighbors blocked: (244,624), (244,625), (244,626), (245,624), (245,626), (246,624), (246,625), (246,626)
        backward cell (245, 625, layer=1): ok, 8/8 neighbors blocked
          ALL neighbors blocked: (244,624), (244,625), (244,626), (245,624), (245,626), (246,624), (246,625), (246,626)
      [93mFailed to route MST edge after 80002 iterations (0.02s)[0m
  [93mWarning: 1 pad(s) not connected (1 MST edge(s) failed)[0m
  Phase 3 routing complete: 5 edges, 30 total segments, 5 total vias
    SCL0_J: Retry FAILED (N=1): still 1 failed edges
      Retry had 4291 blocked cells
    Re-analyzing 4291 blocked cells from N=1 retry:
      Frontier blocked by 10 nets (996 cells, 996 unique)
      Top blockers:
        1. SDA1_J: 502 (50.4%), 502 uniq (100%)
        2. SDA1: 132 (13.3%), 132 uniq (100%)
        3. SCL1_J: 90 (9.0%), 90 uniq (100%)
        4. SCL0: 89 (8.9%), 89 uniq (100%)
        5. PU0_22: 74 (7.4%), 74 uniq (100%)
        6. SDA0: 29 (2.9%), 29 uniq (100%)
        7. TC_P: 28 (2.8%), 28 uniq (100%)
        8. MISO: 27 (2.7%), 27 uniq (100%)
        9. PU0_47: 13 (1.3%), 13 uniq (100%)
        10. TC_MINUS_J: 12 (1.2%), 12 uniq (100%)
    Extending to N=2: ripping SDA1_J (net 51)...
  Multi-point net Phase 3: routing 6 remaining MST edges (longest first)
    [38/89] (1 failed) Routing MST edge: pad 1 -> pad 7 (length=6.33mm) target=(33.33, 41.00)
      Routed in 836 iterations (0.00s)
    [39/89] (1 failed) Routing MST edge: pad 7 -> pad 0 (length=6.50mm) target=(39.83, 41.00)
      Routed in 7663 iterations (0.00s)
    [40/89] (1 failed) Routing MST edge: pad 0 -> pad 6 (length=7.00mm) target=(37.83, 46.00)
      Routed in 72 iterations (0.00s)
    [41/89] (1 failed) Routing MST edge: pad 1 -> pad 4 (length=5.89mm) target=(29.06, 48.95)
      Routed in 794 iterations (0.00s)
    [42/89] (1 failed) Routing MST edge: pad 4 -> pad 3 (length=18.11mm) target=(24.50, 62.50)
      backward stuck (2 < 80000), forward=80000
        backward cell (245, 625, layer=0): ok, 8/8 neighbors blocked
          ALL neighbors blocked: (244,624), (244,625), (244,626), (245,624), (245,626), (246,624), (246,625), (246,626)
        backward cell (245, 625, layer=1): ok, 8/8 neighbors blocked
          ALL neighbors blocked: (244,624), (244,625), (244,626), (245,624), (245,626), (246,624), (246,625), (246,626)
      [93mFailed to route MST edge after 80002 iterations (0.02s)[0m
    [43/89] (2 failed) Routing MST edge: pad 4 -> pad 5 (length=2.27mm) target=(31.34, 48.95)
      Routed in 16992 iterations (0.00s)
    Fallback: attempting orphaned pad 3 directly from connected copper
    [44/89] (2 failed) Routing MST edge: pad 4 -> pad 3 (length=18.11mm) target=(24.50, 62.50)
      backward stuck (2 < 80000), forward=80000
        backward cell (245, 625, layer=0): ok, 8/8 neighbors blocked
          ALL neighbors blocked: (244,624), (244,625), (244,626), (245,624), (245,626), (246,624), (246,625), (246,626)
        backward cell (245, 625, layer=1): ok, 8/8 neighbors blocked
          ALL neighbors blocked: (244,624), (244,625), (244,626), (245,624), (245,626), (246,624), (246,625), (246,626)
      [93mFailed to route MST edge after 80002 iterations (0.03s)[0m
  [93mWarning: 1 pad(s) not connected (1 MST edge(s) failed)[0m
  Phase 3 routing complete: 5 edges, 30 total segments, 5 total vias
    SCL0_J: Retry FAILED (N=2): still 1 failed edges
      Retry had 3935 blocked cells
    Re-analyzing 3935 blocked cells from N=2 retry:
      Frontier blocked by 8 nets (598 cells, 598 unique)
      Top blockers:
        1. SDA1: 174 (29.1%), 174 uniq (100%)
        2. SCL0: 131 (21.9%), 131 uniq (100%)
        3. SCL1_J: 108 (18.1%), 108 uniq (100%)
        4. PU0_22: 69 (11.5%), 69 uniq (100%)
        5. PU1_22: 56 (9.4%), 56 uniq (100%)
        6. SDA0: 37 (6.2%), 37 uniq (100%)
        7. MISO: 17 (2.8%), 17 uniq (100%)
        8. PU0_47: 6 (1.0%), 6 uniq (100%)
    Extending to N=3: ripping SDA1 (net 74)...
  Multi-point net Phase 3: routing 6 remaining MST edges (longest first)
    [38/89] (1 failed) Routing MST edge: pad 1 -> pad 7 (length=6.33mm) target=(33.33, 41.00)
      Routed in 836 iterations (0.00s)
    [39/89] (1 failed) Routing MST edge: pad 7 -> pad 0 (length=6.50mm) target=(39.83, 41.00)
      Routed in 7663 iterations (0.00s)
    [40/89] (1 failed) Routing MST edge: pad 0 -> pad 6 (length=7.00mm) target=(37.83, 46.00)
      Routed in 72 iterations (0.00s)
    [41/89] (1 failed) Routing MST edge: pad 1 -> pad 4 (length=5.89mm) target=(29.06, 48.95)
      Routed in 794 iterations (0.00s)
    [42/89] (1 failed) Routing MST edge: pad 4 -> pad 3 (length=18.11mm) target=(24.50, 62.50)
      backward stuck (2 < 80000), forward=80000
        backward cell (245, 625, layer=0): ok, 8/8 neighbors blocked
          ALL neighbors blocked: (244,624), (244,625), (244,626), (245,624), (245,626), (246,624), (246,625), (246,626)
        backward cell (245, 625, layer=1): ok, 8/8 neighbors blocked
          ALL neighbors blocked: (244,624), (244,625), (244,626), (245,624), (245,626), (246,624), (246,625), (246,626)
      [93mFailed to route MST edge after 80002 iterations (0.02s)[0m
    [43/89] (2 failed) Routing MST edge: pad 4 -> pad 5 (length=2.27mm) target=(31.34, 48.95)
      Routed in 16992 iterations (0.00s)
    Fallback: attempting orphaned pad 3 directly from connected copper
    [44/89] (2 failed) Routing MST edge: pad 4 -> pad 3 (length=18.11mm) target=(24.50, 62.50)
      backward stuck (2 < 80000), forward=80000
        backward cell (245, 625, layer=0): ok, 8/8 neighbors blocked
          ALL neighbors blocked: (244,624), (244,625), (244,626), (245,624), (245,626), (246,624), (246,625), (246,626)
        backward cell (245, 625, layer=1): ok, 8/8 neighbors blocked
          ALL neighbors blocked: (244,624), (244,625), (244,626), (245,624), (245,626), (246,624), (246,625), (246,626)
      [93mFailed to route MST edge after 80002 iterations (0.02s)[0m
  [93mWarning: 1 pad(s) not connected (1 MST edge(s) failed)[0m
  Phase 3 routing complete: 5 edges, 30 total segments, 5 total vias
    SCL0_J: Retry FAILED (N=3): still 1 failed edges
      Retry had 4078 blocked cells
    Re-analyzing 4078 blocked cells from N=3 retry:
      Frontier blocked by 7 nets (434 cells, 434 unique)
      Top blockers:
        1. SCL0: 122 (28.1%), 122 uniq (100%)
        2. PU1_22: 101 (23.3%), 101 uniq (100%)
        3. SCL1_J: 93 (21.4%), 93 uniq (100%)
        4. PU0_22: 69 (15.9%), 69 uniq (100%)
        5. SDA0: 29 (6.7%), 29 uniq (100%)
        6. MISO: 14 (3.2%), 14 uniq (100%)
        7. PU0_47: 6 (1.4%), 6 uniq (100%)
    Extending to N=4: ripping PU0_22 (net 95)...
  Multi-point net Phase 3: routing 6 remaining MST edges (longest first)
    [38/89] (1 failed) Routing MST edge: pad 1 -> pad 7 (length=6.33mm) target=(33.33, 41.00)
      Routed in 35 iterations (0.00s)
    [39/89] (1 failed) Routing MST edge: pad 7 -> pad 0 (length=6.50mm) target=(39.83, 41.00)
      Routed in 9853 iterations (0.00s)
    [40/89] (1 failed) Routing MST edge: pad 0 -> pad 6 (length=7.00mm) target=(37.83, 46.00)
      Routed in 72 iterations (0.00s)
    [41/89] (1 failed) Routing MST edge: pad 1 -> pad 4 (length=5.89mm) target=(29.06, 48.95)
      Routed in 794 iterations (0.00s)
    [42/89] (1 failed) Routing MST edge: pad 4 -> pad 3 (length=18.11mm) target=(24.50, 62.50)
      backward stuck (2 < 80000), forward=80000
        backward cell (245, 625, layer=0): ok, 8/8 neighbors blocked
          ALL neighbors blocked: (244,624), (244,625), (244,626), (245,624), (245,626), (246,624), (246,625), (246,626)
        backward cell (245, 625, layer=1): ok, 8/8 neighbors blocked
          ALL neighbors blocked: (244,624), (244,625), (244,626), (245,624), (245,626), (246,624), (246,625), (246,626)
      [93mFailed to route MST edge after 80002 iterations (0.02s)[0m
    [43/89] (2 failed) Routing MST edge: pad 4 -> pad 5 (length=2.27mm) target=(31.34, 48.95)
      Routed in 3672 iterations (0.00s)
    Fallback: attempting orphaned pad 3 directly from connected copper
    [44/89] (2 failed) Routing MST edge: pad 4 -> pad 3 (length=18.11mm) target=(24.50, 62.50)
      backward stuck (2 < 80000), forward=80000
        backward cell (245, 625, layer=0): ok, 8/8 neighbors blocked
          ALL neighbors blocked: (244,624), (244,625), (244,626), (245,624), (245,626), (246,624), (246,625), (246,626)
        backward cell (245, 625, layer=1): ok, 8/8 neighbors blocked
          ALL neighbors blocked: (244,624), (244,625), (244,626), (245,624), (245,626), (246,624), (246,625), (246,626)
      [93mFailed to route MST edge after 80002 iterations (0.02s)[0m
  [93mWarning: 1 pad(s) not connected (1 MST edge(s) failed)[0m
  Phase 3 routing complete: 5 edges, 29 total segments, 3 total vias
    SCL0_J: Retry FAILED (N=4): still 1 failed edges
      Retry had 4008 blocked cells
    Re-analyzing 4008 blocked cells from N=4 retry:
      Frontier blocked by 7 nets (380 cells, 380 unique)
      Top blockers:
        1. SCL0: 122 (32.1%), 122 uniq (100%)
        2. SCL1_J: 104 (27.4%), 104 uniq (100%)
        3. PU1_22: 92 (24.2%), 92 uniq (100%)
        4. SDA0: 26 (6.8%), 26 uniq (100%)
        5. PU0_47: 17 (4.5%), 17 uniq (100%)
        6. MISO: 14 (3.7%), 14 uniq (100%)
        7. TC_P: 5 (1.3%), 5 uniq (100%)
    Extending to N=5: ripping TC_P (net 72)...
  Multi-point net Phase 3: routing 6 remaining MST edges (longest first)
    [38/89] (1 failed) Routing MST edge: pad 1 -> pad 7 (length=6.33mm) target=(33.33, 41.00)
      Routed in 35 iterations (0.00s)
    [39/89] (1 failed) Routing MST edge: pad 7 -> pad 0 (length=6.50mm) target=(39.83, 41.00)
      Routed in 120 iterations (0.00s)
    [40/89] (1 failed) Routing MST edge: pad 0 -> pad 6 (length=7.00mm) target=(37.83, 46.00)
      Routed in 715 iterations (0.00s)
    [41/89] (1 failed) Routing MST edge: pad 1 -> pad 4 (length=5.89mm) target=(29.06, 48.95)
      Routed in 794 iterations (0.00s)
    [42/89] (1 failed) Routing MST edge: pad 4 -> pad 3 (length=18.11mm) target=(24.50, 62.50)
      backward stuck (2 < 80000), forward=80000
        backward cell (245, 625, layer=0): ok, 8/8 neighbors blocked
          ALL neighbors blocked: (244,624), (244,625), (244,626), (245,624), (245,626), (246,624), (246,625), (246,626)
        backward cell (245, 625, layer=1): ok, 8/8 neighbors blocked
          ALL neighbors blocked: (244,624), (244,625), (244,626), (245,624), (245,626), (246,624), (246,625), (246,626)
      [93mFailed to route MST edge after 80002 iterations (0.02s)[0m
    [43/89] (2 failed) Routing MST edge: pad 4 -> pad 5 (length=2.27mm) target=(31.34, 48.95)
      Routed in 3672 iterations (0.00s)
    Fallback: attempting orphaned pad 3 directly from connected copper
    [44/89] (2 failed) Routing MST edge: pad 4 -> pad 3 (length=18.11mm) target=(24.50, 62.50)
      backward stuck (2 < 80000), forward=80000
        backward cell (245, 625, layer=0): ok, 8/8 neighbors blocked
          ALL neighbors blocked: (244,624), (244,625), (244,626), (245,624), (245,626), (246,624), (246,625), (246,626)
        backward cell (245, 625, layer=1): ok, 8/8 neighbors blocked
          ALL neighbors blocked: (244,624), (244,625), (244,626), (245,624), (245,626), (246,624), (246,625), (246,626)
      [93mFailed to route MST edge after 80002 iterations (0.02s)[0m
  [93mWarning: 1 pad(s) not connected (1 MST edge(s) failed)[0m
  Phase 3 routing complete: 5 edges, 32 total segments, 1 total vias
    SCL0_J: Retry FAILED (N=5): still 1 failed edges
      Retry had 4028 blocked cells
    Re-analyzing 4028 blocked cells from N=5 retry:
      Frontier blocked by 6 nets (375 cells, 375 unique)
      Top blockers:
        1. SCL0: 122 (32.5%), 122 uniq (100%)
        2. SCL1_J: 104 (27.7%), 104 uniq (100%)
        3. PU1_22: 92 (24.5%), 92 uniq (100%)
        4. SDA0: 26 (6.9%), 26 uniq (100%)
        5. PU0_47: 17 (4.5%), 17 uniq (100%)
        6. MISO: 14 (3.7%), 14 uniq (100%)
    Extending to N=6: ripping SCL1_J (net 57)...
  Multi-point net Phase 3: routing 6 remaining MST edges (longest first)
    [38/89] (1 failed) Routing MST edge: pad 1 -> pad 7 (length=6.33mm) target=(33.33, 41.00)
      Routed in 35 iterations (0.00s)
    [39/89] (1 failed) Routing MST edge: pad 7 -> pad 0 (length=6.50mm) target=(39.83, 41.00)
      Routed in 120 iterations (0.00s)
    [40/89] (1 failed) Routing MST edge: pad 0 -> pad 6 (length=7.00mm) target=(37.83, 46.00)
      Routed in 715 iterations (0.00s)
    [41/89] (1 failed) Routing MST edge: pad 1 -> pad 4 (length=5.89mm) target=(29.06, 48.95)
      Routed in 794 iterations (0.00s)
    [42/89] (1 failed) Routing MST edge: pad 4 -> pad 3 (length=18.11mm) target=(24.50, 62.50)
      backward stuck (2 < 80000), forward=80000
        backward cell (245, 625, layer=0): ok, 8/8 neighbors blocked
          ALL neighbors blocked: (244,624), (244,625), (244,626), (245,624), (245,626), (246,624), (246,625), (246,626)
        backward cell (245, 625, layer=1): ok, 8/8 neighbors blocked
          ALL neighbors blocked: (244,624), (244,625), (244,626), (245,624), (245,626), (246,624), (246,625), (246,626)
      [93mFailed to route MST edge after 80002 iterations (0.03s)[0m
    [43/89] (2 failed) Routing MST edge: pad 4 -> pad 5 (length=2.27mm) target=(31.34, 48.95)
      Routed in 3672 iterations (0.00s)
    Fallback: attempting orphaned pad 3 directly from connected copper
    [44/89] (2 failed) Routing MST edge: pad 4 -> pad 3 (length=18.11mm) target=(24.50, 62.50)
      backward stuck (2 < 80000), forward=80000
        backward cell (245, 625, layer=0): ok, 8/8 neighbors blocked
          ALL neighbors blocked: (244,624), (244,625), (244,626), (245,624), (245,626), (246,624), (246,625), (246,626)
        backward cell (245, 625, layer=1): ok, 8/8 neighbors blocked
          ALL neighbors blocked: (244,624), (244,625), (244,626), (245,624), (245,626), (246,624), (246,625), (246,626)
      [93mFailed to route MST edge after 80002 iterations (0.03s)[0m
  [93mWarning: 1 pad(s) not connected (1 MST edge(s) failed)[0m
  Phase 3 routing complete: 5 edges, 32 total segments, 1 total vias
    SCL0_J: Retry FAILED (N=6): still 1 failed edges
      Retry had 3963 blocked cells
    Re-analyzing 3963 blocked cells from N=6 retry:
      Frontier blocked by 5 nets (304 cells, 304 unique)
      Top blockers:
        1. SCL0: 122 (40.1%), 122 uniq (100%)
        2. PU1_22: 86 (28.3%), 86 uniq (100%)
        3. PU0_47: 56 (18.4%), 56 uniq (100%)
        4. SDA0: 26 (8.6%), 26 uniq (100%)
        5. MISO: 14 (4.6%), 14 uniq (100%)
    Extending to N=7: ripping TC_MINUS_J (net 41)...
  Multi-point net Phase 3: routing 6 remaining MST edges (longest first)
    [38/89] (1 failed) Routing MST edge: pad 1 -> pad 7 (length=6.33mm) target=(33.33, 41.00)
      Routed in 35 iterations (0.00s)
    [39/89] (1 failed) Routing MST edge: pad 7 -> pad 0 (length=6.50mm) target=(39.83, 41.00)
      Routed in 120 iterations (0.00s)
    [40/89] (1 failed) Routing MST edge: pad 0 -> pad 6 (length=7.00mm) target=(37.83, 46.00)
      Routed in 715 iterations (0.00s)
    [41/89] (1 failed) Routing MST edge: pad 1 -> pad 4 (length=5.89mm) target=(29.06, 48.95)
      Routed in 794 iterations (0.00s)
    [42/89] (1 failed) Routing MST edge: pad 4 -> pad 3 (length=18.11mm) target=(24.50, 62.50)
      backward stuck (2 < 80000), forward=80000
        backward cell (245, 625, layer=0): ok, 8/8 neighbors blocked
          ALL neighbors blocked: (244,624), (244,625), (244,626), (245,624), (245,626), (246,624), (246,625), (246,626)
        backward cell (245, 625, layer=1): ok, 8/8 neighbors blocked
          ALL neighbors blocked: (244,624), (244,625), (244,626), (245,624), (245,626), (246,624), (246,625), (246,626)
      [93mFailed to route MST edge after 80002 iterations (0.03s)[0m
    [43/89] (2 failed) Routing MST edge: pad 4 -> pad 5 (length=2.27mm) target=(31.34, 48.95)
      Routed in 3672 iterations (0.00s)
    Fallback: attempting orphaned pad 3 directly from connected copper
    [44/89] (2 failed) Routing MST edge: pad 4 -> pad 3 (length=18.11mm) target=(24.50, 62.50)
      backward stuck (2 < 80000), forward=80000
        backward cell (245, 625, layer=0): ok, 8/8 neighbors blocked
          ALL neighbors blocked: (244,624), (244,625), (244,626), (245,624), (245,626), (246,624), (246,625), (246,626)
        backward cell (245, 625, layer=1): ok, 8/8 neighbors blocked
          ALL neighbors blocked: (244,624), (244,625), (244,626), (245,624), (245,626), (246,624), (246,625), (246,626)
      [93mFailed to route MST edge after 80002 iterations (0.02s)[0m
  [93mWarning: 1 pad(s) not connected (1 MST edge(s) failed)[0m
  Phase 3 routing complete: 5 edges, 32 total segments, 1 total vias
    SCL0_J: Retry FAILED (N=7): still 1 failed edges
      Retry had 3963 blocked cells
    Re-analyzing 3963 blocked cells from N=7 retry:
      Frontier blocked by 5 nets (304 cells, 304 unique)
      Top blockers:
        1. SCL0: 122 (40.1%), 122 uniq (100%)
        2. PU1_22: 86 (28.3%), 86 uniq (100%)
        3. PU0_47: 56 (18.4%), 56 uniq (100%)
        4. SDA0: 26 (8.6%), 26 uniq (100%)
        5. MISO: 14 (4.6%), 14 uniq (100%)
    Extending to N=8: ripping SCL0 (net 140)...
  Multi-point net Phase 3: routing 6 remaining MST edges (longest first)
    [38/89] (1 failed) Routing MST edge: pad 1 -> pad 7 (length=6.33mm) target=(33.33, 41.00)
      Routed in 35 iterations (0.00s)
    [39/89] (1 failed) Routing MST edge: pad 7 -> pad 0 (length=6.50mm) target=(39.83, 41.00)
      Routed in 120 iterations (0.00s)
    [40/89] (1 failed) Routing MST edge: pad 0 -> pad 6 (length=7.00mm) target=(37.83, 46.00)
      Routed in 715 iterations (0.00s)
    [41/89] (1 failed) Routing MST edge: pad 1 -> pad 4 (length=5.89mm) target=(29.06, 48.95)
      Routed in 794 iterations (0.00s)
    [42/89] (1 failed) Routing MST edge: pad 4 -> pad 3 (length=18.11mm) target=(24.50, 62.50)
      backward stuck (2 < 80000), forward=80000
        backward cell (245, 625, layer=0): ok, 8/8 neighbors blocked
          ALL neighbors blocked: (244,624), (244,625), (244,626), (245,624), (245,626), (246,624), (246,625), (246,626)
        backward cell (245, 625, layer=1): ok, 8/8 neighbors blocked
          ALL neighbors blocked: (244,624), (244,625), (244,626), (245,624), (245,626), (246,624), (246,625), (246,626)
      [93mFailed to route MST edge after 80002 iterations (0.02s)[0m
    [43/89] (2 failed) Routing MST edge: pad 4 -> pad 5 (length=2.27mm) target=(31.34, 48.95)
      Routed in 3672 iterations (0.00s)
    Fallback: attempting orphaned pad 3 directly from connected copper
    [44/89] (2 failed) Routing MST edge: pad 4 -> pad 3 (length=18.11mm) target=(24.50, 62.50)
      backward stuck (2 < 80000), forward=80000
        backward cell (245, 625, layer=0): ok, 8/8 neighbors blocked
          ALL neighbors blocked: (244,624), (244,625), (244,626), (245,624), (245,626), (246,624), (246,625), (246,626)
        backward cell (245, 625, layer=1): ok, 8/8 neighbors blocked
          ALL neighbors blocked: (244,624), (244,625), (244,626), (245,624), (245,626), (246,624), (246,625), (246,626)
      [93mFailed to route MST edge after 80002 iterations (0.02s)[0m
  [93mWarning: 1 pad(s) not connected (1 MST edge(s) failed)[0m
  Phase 3 routing complete: 5 edges, 32 total segments, 1 total vias
    SCL0_J: Retry FAILED (N=8): still 1 failed edges
      Retry had 3976 blocked cells
    Re-analyzing 3976 blocked cells from N=8 retry:
      Frontier blocked by 4 nets (311 cells, 311 unique)
      Top blockers:
        1. SDA0: 139 (44.7%), 139 uniq (100%)
        2. PU1_22: 102 (32.8%), 102 uniq (100%)
        3. PU0_47: 56 (18.0%), 56 uniq (100%)
        4. MISO: 14 (4.5%), 14 uniq (100%)
    Extending to N=9: ripping PU0_47 (net 66)...
  Multi-point net Phase 3: routing 6 remaining MST edges (longest first)
    [38/89] (1 failed) Routing MST edge: pad 1 -> pad 7 (length=6.33mm) target=(33.33, 41.00)
      Routed in 35 iterations (0.00s)
    [39/89] (1 failed) Routing MST edge: pad 7 -> pad 0 (length=6.50mm) target=(39.83, 41.00)
      Routed in 131 iterations (0.00s)
    [40/89] (1 failed) Routing MST edge: pad 0 -> pad 6 (length=7.00mm) target=(37.83, 46.00)
      Routed in 89 iterations (0.00s)
    [41/89] (1 failed) Routing MST edge: pad 1 -> pad 4 (length=5.89mm) target=(29.06, 48.95)
      Routed in 794 iterations (0.00s)
    [42/89] (1 failed) Routing MST edge: pad 4 -> pad 3 (length=18.11mm) target=(24.50, 62.50)
      backward stuck (2 < 80000), forward=80000
        backward cell (245, 625, layer=0): ok, 8/8 neighbors blocked
          ALL neighbors blocked: (244,624), (244,625), (244,626), (245,624), (245,626), (246,624), (246,625), (246,626)
        backward cell (245, 625, layer=1): ok, 8/8 neighbors blocked
          ALL neighbors blocked: (244,624), (244,625), (244,626), (245,624), (245,626), (246,624), (246,625), (246,626)
      [93mFailed to route MST edge after 80002 iterations (0.02s)[0m
    [43/89] (2 failed) Routing MST edge: pad 4 -> pad 5 (length=2.27mm) target=(31.34, 48.95)
      Routed in 3672 iterations (0.00s)
    Fallback: attempting orphaned pad 3 directly from connected copper
    [44/89] (2 failed) Routing MST edge: pad 4 -> pad 3 (length=18.11mm) target=(24.50, 62.50)
      backward stuck (2 < 80000), forward=80000
        backward cell (245, 625, layer=0): ok, 8/8 neighbors blocked
          ALL neighbors blocked: (244,624), (244,625), (244,626), (245,624), (245,626), (246,624), (246,625), (246,626)
        backward cell (245, 625, layer=1): ok, 8/8 neighbors blocked
          ALL neighbors blocked: (244,624), (244,625), (244,626), (245,624), (245,626), (246,624), (246,625), (246,626)
      [93mFailed to route MST edge after 80002 iterations (0.02s)[0m
  [93mWarning: 1 pad(s) not connected (1 MST edge(s) failed)[0m
  Phase 3 routing complete: 5 edges, 33 total segments, 1 total vias
    SCL0_J: Retry FAILED (N=9): still 1 failed edges
      Retry had 4153 blocked cells
    Re-analyzing 4153 blocked cells from N=9 retry:
      Frontier blocked by 3 nets (377 cells, 377 unique)
      Top blockers:
        1. SDA0: 264 (70.0%), 264 uniq (100%)
        2. PU1_22: 100 (26.5%), 100 uniq (100%)
        3. MISO: 13 (3.4%), 13 uniq (100%)
    Extending to N=10: ripping SDA0 (net 128)...
  Multi-point net Phase 3: routing 6 remaining MST edges (longest first)
    [38/89] (1 failed) Routing MST edge: pad 1 -> pad 7 (length=6.33mm) target=(33.33, 41.00)
      Routed in 35 iterations (0.00s)
    [39/89] (1 failed) Routing MST edge: pad 7 -> pad 0 (length=6.50mm) target=(39.83, 41.00)
      Routed in 131 iterations (0.00s)
    [40/89] (1 failed) Routing MST edge: pad 0 -> pad 6 (length=7.00mm) target=(37.83, 46.00)
      Routed in 89 iterations (0.00s)
    [41/89] (1 failed) Routing MST edge: pad 1 -> pad 4 (length=5.89mm) target=(29.06, 48.95)
      Routed in 794 iterations (0.00s)
    [42/89] (1 failed) Routing MST edge: pad 4 -> pad 3 (length=18.11mm) target=(24.50, 62.50)
      backward stuck (2 < 80000), forward=80000
        backward cell (245, 625, layer=0): ok, 8/8 neighbors blocked
          ALL neighbors blocked: (244,624), (244,625), (244,626), (245,624), (245,626), (246,624), (246,625), (246,626)
        backward cell (245, 625, layer=1): ok, 8/8 neighbors blocked
          ALL neighbors blocked: (244,624), (244,625), (244,626), (245,624), (245,626), (246,624), (246,625), (246,626)
      [93mFailed to route MST edge after 80002 iterations (0.02s)[0m
    [43/89] (2 failed) Routing MST edge: pad 4 -> pad 5 (length=2.27mm) target=(31.34, 48.95)
      Routed in 3672 iterations (0.00s)
    Fallback: attempting orphaned pad 3 directly from connected copper
    [44/89] (2 failed) Routing MST edge: pad 4 -> pad 3 (length=18.11mm) target=(24.50, 62.50)
      backward stuck (2 < 80000), forward=80000
        backward cell (245, 625, layer=0): ok, 8/8 neighbors blocked
          ALL neighbors blocked: (244,624), (244,625), (244,626), (245,624), (245,626), (246,624), (246,625), (246,626)
        backward cell (245, 625, layer=1): ok, 8/8 neighbors blocked
          ALL neighbors blocked: (244,624), (244,625), (244,626), (245,624), (245,626), (246,624), (246,625), (246,626)
      [93mFailed to route MST edge after 80002 iterations (0.02s)[0m
  [93mWarning: 1 pad(s) not connected (1 MST edge(s) failed)[0m
  Phase 3 routing complete: 5 edges, 32 total segments, 1 total vias
    SCL0_J: Retry FAILED (N=10): still 1 failed edges
      Retry had 4056 blocked cells
    Re-analyzing 4056 blocked cells from N=10 retry:
      Frontier blocked by 2 nets (170 cells, 170 unique)
      Top blockers:
        1. PU1_22: 88 (51.8%), 88 uniq (100%)
        2. SCL1: 82 (48.2%), 82 uniq (100%)
    Extending to N=11: ripping PU1_22 (net 88)...
  Multi-point net Phase 3: routing 6 remaining MST edges (longest first)
    [38/89] (1 failed) Routing MST edge: pad 1 -> pad 7 (length=6.33mm) target=(33.33, 41.00)
      Routed in 35 iterations (0.00s)
    [39/89] (1 failed) Routing MST edge: pad 7 -> pad 0 (length=6.50mm) target=(39.83, 41.00)
      Routed in 131 iterations (0.00s)
    [40/89] (1 failed) Routing MST edge: pad 0 -> pad 6 (length=7.00mm) target=(37.83, 46.00)
      Routed in 89 iterations (0.00s)
    [41/89] (1 failed) Routing MST edge: pad 1 -> pad 4 (length=5.89mm) target=(29.06, 48.95)
      Routed in 794 iterations (0.00s)
    [42/89] (1 failed) Routing MST edge: pad 4 -> pad 3 (length=18.11mm) target=(24.50, 62.50)
      backward stuck (2 < 80000), forward=80000
        backward cell (245, 625, layer=0): ok, 8/8 neighbors blocked
          ALL neighbors blocked: (244,624), (244,625), (244,626), (245,624), (245,626), (246,624), (246,625), (246,626)
        backward cell (245, 625, layer=1): ok, 8/8 neighbors blocked
          ALL neighbors blocked: (244,624), (244,625), (244,626), (245,624), (245,626), (246,624), (246,625), (246,626)
      [93mFailed to route MST edge after 80002 iterations (0.03s)[0m
    [43/89] (2 failed) Routing MST edge: pad 4 -> pad 5 (length=2.27mm) target=(31.34, 48.95)
      Routed in 3672 iterations (0.00s)
    Fallback: attempting orphaned pad 3 directly from connected copper
    [44/89] (2 failed) Routing MST edge: pad 4 -> pad 3 (length=18.11mm) target=(24.50, 62.50)
      backward stuck (2 < 80000), forward=80000
        backward cell (245, 625, layer=0): ok, 8/8 neighbors blocked
          ALL neighbors blocked: (244,624), (244,625), (244,626), (245,624), (245,626), (246,624), (246,625), (246,626)
        backward cell (245, 625, layer=1): ok, 8/8 neighbors blocked
          ALL neighbors blocked: (244,624), (244,625), (244,626), (245,624), (245,626), (246,624), (246,625), (246,626)
      [93mFailed to route MST edge after 80002 iterations (0.02s)[0m
  [93mWarning: 1 pad(s) not connected (1 MST edge(s) failed)[0m
  Phase 3 routing complete: 5 edges, 32 total segments, 1 total vias
    SCL0_J: Retry FAILED (N=11): still 1 failed edges
      Retry had 4012 blocked cells
    Re-analyzing 4012 blocked cells from N=11 retry:
      Frontier blocked by 1 nets (124 cells, 124 unique)
      Top blockers:
        1. SCL1: 124 (100.0%), 124 uniq (100%)
    Extending to N=12: ripping SCL1 (net 123)...
  Multi-point net Phase 3: routing 6 remaining MST edges (longest first)
    [38/89] (1 failed) Routing MST edge: pad 1 -> pad 7 (length=6.33mm) target=(33.33, 41.00)
      Routed in 35 iterations (0.00s)
    [39/89] (1 failed) Routing MST edge: pad 7 -> pad 0 (length=6.50mm) target=(39.83, 41.00)
      Routed in 131 iterations (0.00s)
    [40/89] (1 failed) Routing MST edge: pad 0 -> pad 6 (length=7.00mm) target=(37.83, 46.00)
      Routed in 89 iterations (0.00s)
    [41/89] (1 failed) Routing MST edge: pad 1 -> pad 4 (length=5.89mm) target=(29.06, 48.95)
      Routed in 794 iterations (0.00s)
    [42/89] (1 failed) Routing MST edge: pad 4 -> pad 3 (length=18.11mm) target=(24.50, 62.50)
      backward stuck (2 < 80000), forward=80000
        backward cell (245, 625, layer=0): ok, 8/8 neighbors blocked
          ALL neighbors blocked: (244,624), (244,625), (244,626), (245,624), (245,626), (246,624), (246,625), (246,626)
        backward cell (245, 625, layer=1): ok, 8/8 neighbors blocked
          ALL neighbors blocked: (244,624), (244,625), (244,626), (245,624), (245,626), (246,624), (246,625), (246,626)
      [93mFailed to route MST edge after 80002 iterations (0.02s)[0m
    [43/89] (2 failed) Routing MST edge: pad 4 -> pad 5 (length=2.27mm) target=(31.34, 48.95)
      Routed in 3672 iterations (0.00s)
    Fallback: attempting orphaned pad 3 directly from connected copper
    [44/89] (2 failed) Routing MST edge: pad 4 -> pad 3 (length=18.11mm) target=(24.50, 62.50)
      backward stuck (2 < 80000), forward=80000
        backward cell (245, 625, layer=0): ok, 8/8 neighbors blocked
          ALL neighbors blocked: (244,624), (244,625), (244,626), (245,624), (245,626), (246,624), (246,625), (246,626)
        backward cell (245, 625, layer=1): ok, 8/8 neighbors blocked
          ALL neighbors blocked: (244,624), (244,625), (244,626), (245,624), (245,626), (246,624), (246,625), (246,626)
      [93mFailed to route MST edge after 80002 iterations (0.02s)[0m
  [93mWarning: 1 pad(s) not connected (1 MST edge(s) failed)[0m
  Phase 3 routing complete: 5 edges, 32 total segments, 1 total vias
    SCL0_J: Retry FAILED (N=12): still 1 failed edges
      Retry had 3761 blocked cells
    Re-analyzing 3761 blocked cells from N=12 retry:
      No previously-routed nets blocking (likely blocked by pads/stubs/zones)
    No additional rippable blockers from retry analysis
    [91mSCL0_J: All rip-up attempts failed, restoring 12 net(s)...[0m
  [91mNOT CONNECTED (so far): SCL0_J - J14 pad 4 at (24.50, 62.50) - may still be recovered; final verdict in the end-of-run summary[0m
  Added 28 tap segments, 5 tap vias
  Net total time: 1.59s, 276608 iterations

RLY_EN (net 133):
  Multi-point net Phase 3: routing 2 remaining MST edges (longest first)
    [38/89] (1 failed) Routing MST edge: pad 3 -> pad 2 (length=20.36mm) target=(77.47, 112.30)
      Routed in 44926 iterations (0.01s)
    [39/89] (1 failed) Routing MST edge: pad 2 -> pad 0 (length=5.59mm) target=(75.14, 109.05)
      Routed in 359 iterations (0.00s)
  Phase 3 routing complete: 2 edges, 42 total segments, 5 total vias
  Added 13 tap segments, 2 tap vias
  Net total time: 0.03s, 309162 iterations

SCL1_J (net 57):
  Multi-point net Phase 3: routing 5 remaining MST edges (longest first)
    [40/89] (1 failed) Routing MST edge: pad 0 -> pad 4 (length=14.10mm) target=(24.50, 50.50)
      Routed in 13866 iterations (0.00s)
    [41/89] (1 failed) Routing MST edge: pad 4 -> pad 2 (length=19.01mm) target=(29.06, 64.95)
      Routed in 79040 iterations (0.01s)
    [42/89] (1 failed) Routing MST edge: pad 2 -> pad 6 (length=14.19mm) target=(24.62, 74.70)
      Routed in 11069 iterations (0.00s)
    [43/89] (1 failed) Routing MST edge: pad 1 -> pad 5 (length=3.50mm) target=(45.83, 56.60)
      Routed in 25 iterations (0.00s)
    [44/89] (1 failed) Routing MST edge: pad 2 -> pad 3 (length=2.27mm) target=(31.34, 64.95)
      Routed in 23 iterations (0.00s)
  Phase 3 routing complete: 5 edges, 47 total segments, 7 total vias
  Added 34 tap segments, 5 tap vias
  Net total time: 0.04s, 122675 iterations

SR_LATCH (net 48):
  Multi-point net Phase 3: routing 2 remaining MST edges (longest first)
    [45/89] (1 failed) Routing MST edge: pad 0 -> pad 3 (length=17.56mm) target=(83.36, 123.47)
      backward stuck (1 < 80000), forward=80000
        backward cell (834, 1235, layer=0): ok, 8/8 neighbors blocked
          ALL neighbors blocked: (833,1234), (833,1235), (833,1236), (834,1234), (834,1236), (835,1234), (835,1235), (835,1236)
          Blocking obstacles: GND(1)
      [93mFailed to route MST edge after 80001 iterations (0.02s)[0m
    Fallback: attempting orphaned pad 3 directly from connected copper
    [46/89] (2 failed) Routing MST edge: pad 0 -> pad 3 (length=17.56mm) target=(83.36, 123.47)
      backward stuck (1 < 80000), forward=80000
        backward cell (834, 1235, layer=0): ok, 8/8 neighbors blocked
          ALL neighbors blocked: (833,1234), (833,1235), (833,1236), (834,1234), (834,1236), (835,1234), (835,1235), (835,1236)
          Blocking obstacles: GND(1)
      [93mFailed to route MST edge after 80001 iterations (0.02s)[0m
    Fallback: attempting orphaned pad 2 directly from connected copper
    [46/89] (2 failed) Routing MST edge: pad 0 -> pad 2 (length=90.78mm) target=(33.11, 100.51)
      Probe: forward=80000, backward=80000 iters, trying forward with full iterations...
      Routed in 638309 iterations (0.11s)
    [47/89] (2 failed) Routing MST edge: pad 2 -> pad 3 (length=73.22mm) target=(83.36, 123.47)
      backward stuck (1 < 80000), forward=80000
        backward cell (834, 1235, layer=0): ok, 8/8 neighbors blocked
          ALL neighbors blocked: (833,1234), (833,1235), (833,1236), (834,1234), (834,1236), (835,1234), (835,1235), (835,1236)
          Blocking obstacles: GND(1)
      [93mFailed to route MST edge after 80001 iterations (0.02s)[0m
  [93mWarning: 1 pad(s) not connected (2 MST edge(s) failed)[0m
  Phase 3 routing complete: 1 edges, 57 total segments, 9 total vias
    Ripping OE_N (net 55) to retry tap route...
  Multi-point net Phase 3: routing 2 remaining MST edges (longest first)
    [48/89] (3 failed) Routing MST edge: pad 0 -> pad 3 (length=17.56mm) target=(83.36, 123.47)
      backward stuck (1 < 80000), forward=80000
        backward cell (834, 1235, layer=0): ok, 8/8 neighbors blocked
          ALL neighbors blocked: (833,1234), (833,1235), (833,1236), (834,1234), (834,1236), (835,1234), (835,1235), (835,1236)
          Blocking obstacles: GND(1)
      [93mFailed to route MST edge after 80001 iterations (0.02s)[0m
    Fallback: attempting orphaned pad 3 directly from connected copper
    [49/89] (4 failed) Routing MST edge: pad 0 -> pad 3 (length=17.56mm) target=(83.36, 123.47)
      backward stuck (1 < 80000), forward=80000
        backward cell (834, 1235, layer=0): ok, 8/8 neighbors blocked
          ALL neighbors blocked: (833,1234), (833,1235), (833,1236), (834,1234), (834,1236), (835,1234), (835,1235), (835,1236)
          Blocking obstacles: GND(1)
      [93mFailed to route MST edge after 80001 iterations (0.02s)[0m
    Fallback: attempting orphaned pad 2 directly from connected copper
    [49/89] (4 failed) Routing MST edge: pad 0 -> pad 2 (length=90.78mm) target=(33.11, 100.51)
      Probe: forward=80000, backward=80000 iters, trying forward with full iterations...
      Routed in 629861 iterations (0.10s)
    [50/89] (4 failed) Routing MST edge: pad 2 -> pad 3 (length=73.22mm) target=(83.36, 123.47)
      backward stuck (1 < 80000), forward=80000
        backward cell (834, 1235, layer=0): ok, 8/8 neighbors blocked
          ALL neighbors blocked: (833,1234), (833,1235), (833,1236), (834,1234), (834,1236), (835,1234), (835,1235), (835,1236)
          Blocking obstacles: GND(1)
      [93mFailed to route MST edge after 80001 iterations (0.02s)[0m
  [93mWarning: 1 pad(s) not connected (2 MST edge(s) failed)[0m
  Phase 3 routing complete: 1 edges, 59 total segments, 7 total vias
    SR_LATCH: Retry FAILED (N=1): still 2 failed edges
      Retry had 8650 blocked cells
    Re-analyzing 8650 blocked cells from N=1 retry:
      Frontier blocked by 17 nets (2302 cells, 2302 unique)
      Top blockers:
        1. HX_CLK: 399 (17.3%), 399 uniq (100%)
        2. TT_A: 320 (13.9%), 320 uniq (100%)
        3. SR_CLK: 315 (13.7%), 315 uniq (100%)
        4. DRV1: 303 (13.2%), 303 uniq (100%)
        5. SR_DATA: 234 (10.2%), 234 uniq (100%)
        6. CONT_C: 163 (7.1%), 163 uniq (100%)
        7. SR_CASC: 157 (6.8%), 157 uniq (100%)
        8. GP4_SPARE: 91 (4.0%), 91 uniq (100%)
        9. DRV2: 76 (3.3%), 76 uniq (100%)
        10. DRV3: 74 (3.2%), 74 uniq (100%)
        ... and 7 more nets (170 cells)
    Extending to N=2: ripping HX_CLK (net 65)...
  Multi-point net Phase 3: routing 2 remaining MST edges (longest first)
    [48/89] (3 failed) Routing MST edge: pad 0 -> pad 3 (length=17.56mm) target=(83.36, 123.47)
      backward stuck (1 < 80000), forward=80000
        backward cell (834, 1235, layer=0): ok, 8/8 neighbors blocked
          ALL neighbors blocked: (833,1234), (833,1235), (833,1236), (834,1234), (834,1236), (835,1234), (835,1235), (835,1236)
          Blocking obstacles: GND(1)
      [93mFailed to route MST edge after 80001 iterations (0.02s)[0m
    Fallback: attempting orphaned pad 3 directly from connected copper
    [49/89] (4 failed) Routing MST edge: pad 0 -> pad 3 (length=17.56mm) target=(83.36, 123.47)
      backward stuck (1 < 80000), forward=80000
        backward cell (834, 1235, layer=0): ok, 8/8 neighbors blocked
          ALL neighbors blocked: (833,1234), (833,1235), (833,1236), (834,1234), (834,1236), (835,1234), (835,1235), (835,1236)
          Blocking obstacles: GND(1)
      [93mFailed to route MST edge after 80001 iterations (0.02s)[0m
    Fallback: attempting orphaned pad 2 directly from connected copper
    [49/89] (4 failed) Routing MST edge: pad 0 -> pad 2 (length=90.78mm) target=(33.11, 100.51)
      Probe: forward=80000, backward=80000 iters, trying forward with full iterations...
      Routed in 548257 iterations (0.09s)
    [50/89] (4 failed) Routing MST edge: pad 2 -> pad 3 (length=73.22mm) target=(83.36, 123.47)
      backward stuck (1 < 80000), forward=80000
        backward cell (834, 1235, layer=0): ok, 8/8 neighbors blocked
          ALL neighbors blocked: (833,1234), (833,1235), (833,1236), (834,1234), (834,1236), (835,1234), (835,1235), (835,1236)
          Blocking obstacles: GND(1)
      [93mFailed to route MST edge after 80001 iterations (0.02s)[0m
  [93mWarning: 1 pad(s) not connected (2 MST edge(s) failed)[0m
  Phase 3 routing complete: 1 edges, 61 total segments, 9 total vias
    SR_LATCH: Retry FAILED (N=2): still 2 failed edges
      Retry had 8665 blocked cells
    Re-analyzing 8665 blocked cells from N=2 retry:
      Frontier blocked by 18 nets (2008 cells, 2008 unique)
      Top blockers:
        1. SR_CLK: 312 (15.5%), 312 uniq (100%)
        2. DRV1: 291 (14.5%), 291 uniq (100%)
        3. TT_A: 252 (12.5%), 252 uniq (100%)
        4. SR_CASC: 176 (8.8%), 176 uniq (100%)
        5. CONT_C: 163 (8.1%), 163 uniq (100%)
        6. SR_DATA: 134 (6.7%), 134 uniq (100%)
        7. DRV8: 85 (4.2%), 85 uniq (100%)
        8. Q1G: 83 (4.1%), 83 uniq (100%)
        9. GP4_SPARE: 81 (4.0%), 81 uniq (100%)
        10. CONT_REQ: 71 (3.5%), 71 uniq (100%)
        ... and 8 more nets (360 cells)
    Extending to N=3: ripping SR_CLK (net 96)...
  Multi-point net Phase 3: routing 2 remaining MST edges (longest first)
    [48/89] (3 failed) Routing MST edge: pad 0 -> pad 3 (length=17.56mm) target=(83.36, 123.47)
      backward stuck (1 < 80000), forward=80000
        backward cell (834, 1235, layer=0): ok, 8/8 neighbors blocked
          ALL neighbors blocked: (833,1234), (833,1235), (833,1236), (834,1234), (834,1236), (835,1234), (835,1235), (835,1236)
          Blocking obstacles: GND(1)
      [93mFailed to route MST edge after 80001 iterations (0.02s)[0m
    Fallback: attempting orphaned pad 3 directly from connected copper
    [49/89] (4 failed) Routing MST edge: pad 0 -> pad 3 (length=17.56mm) target=(83.36, 123.47)
      backward stuck (1 < 80000), forward=80000
        backward cell (834, 1235, layer=0): ok, 8/8 neighbors blocked
          ALL neighbors blocked: (833,1234), (833,1235), (833,1236), (834,1234), (834,1236), (835,1234), (835,1235), (835,1236)
          Blocking obstacles: GND(1)
      [93mFailed to route MST edge after 80001 iterations (0.02s)[0m
    Fallback: attempting orphaned pad 2 directly from connected copper
    [49/89] (4 failed) Routing MST edge: pad 0 -> pad 2 (length=90.78mm) target=(33.11, 100.51)
      Probe: forward=80000, backward=80000 iters, trying forward with full iterations...
      Routed in 581871 iterations (0.10s)
    [50/89] (4 failed) Routing MST edge: pad 2 -> pad 3 (length=73.22mm) target=(83.36, 123.47)
      backward stuck (1 < 80000), forward=80000
        backward cell (834, 1235, layer=0): ok, 8/8 neighbors blocked
          ALL neighbors blocked: (833,1234), (833,1235), (833,1236), (834,1234), (834,1236), (835,1234), (835,1235), (835,1236)
          Blocking obstacles: GND(1)
      [93mFailed to route MST edge after 80001 iterations (0.02s)[0m
  [93mWarning: 1 pad(s) not connected (2 MST edge(s) failed)[0m
  Phase 3 routing complete: 1 edges, 52 total segments, 9 total vias
    SR_LATCH: Retry FAILED (N=3): still 2 failed edges
      Retry had 7756 blocked cells
    Re-analyzing 7756 blocked cells from N=3 retry:
      Frontier blocked by 17 nets (1609 cells, 1609 unique)
      Top blockers:
        1. DRV1: 303 (18.8%), 303 uniq (100%)
        2. TT_A: 242 (15.0%), 242 uniq (100%)
        3. SR_CASC: 176 (10.9%), 176 uniq (100%)
        4. CONT_C: 163 (10.1%), 163 uniq (100%)
        5. SR_DATA: 134 (8.3%), 134 uniq (100%)
        6. DRV2: 76 (4.7%), 76 uniq (100%)
        7. DRV8: 76 (4.7%), 76 uniq (100%)
        8. Q1G: 73 (4.5%), 73 uniq (100%)
        9. Q2G: 64 (4.0%), 64 uniq (100%)
        10. CONT_E: 57 (3.5%), 57 uniq (100%)
        ... and 7 more nets (245 cells)
    Extending to N=4: ripping TT_A (net 129)...
  Multi-point net Phase 3: routing 2 remaining MST edges (longest first)
    [48/89] (3 failed) Routing MST edge: pad 0 -> pad 3 (length=17.56mm) target=(83.36, 123.47)
      backward stuck (1 < 80000), forward=80000
        backward cell (834, 1235, layer=0): ok, 8/8 neighbors blocked
          ALL neighbors blocked: (833,1234), (833,1235), (833,1236), (834,1234), (834,1236), (835,1234), (835,1235), (835,1236)
          Blocking obstacles: GND(1)
      [93mFailed to route MST edge after 80001 iterations (0.02s)[0m
    Fallback: attempting orphaned pad 3 directly from connected copper
    [49/89] (4 failed) Routing MST edge: pad 0 -> pad 3 (length=17.56mm) target=(83.36, 123.47)
      backward stuck (1 < 80000), forward=80000
        backward cell (834, 1235, layer=0): ok, 8/8 neighbors blocked
          ALL neighbors blocked: (833,1234), (833,1235), (833,1236), (834,1234), (834,1236), (835,1234), (835,1235), (835,1236)
          Blocking obstacles: GND(1)
      [93mFailed to route MST edge after 80001 iterations (0.02s)[0m
    Fallback: attempting orphaned pad 2 directly from connected copper
    [49/89] (4 failed) Routing MST edge: pad 0 -> pad 2 (length=90.78mm) target=(33.11, 100.51)
      Probe: forward=80000, backward=80000 iters, trying forward with full iterations...
      Routed in 495943 iterations (0.08s)
    [50/89] (4 failed) Routing MST edge: pad 2 -> pad 3 (length=73.22mm) target=(83.36, 123.47)
      backward stuck (1 < 80000), forward=80000
        backward cell (834, 1235, layer=0): ok, 8/8 neighbors blocked
          ALL neighbors blocked: (833,1234), (833,1235), (833,1236), (834,1234), (834,1236), (835,1234), (835,1235), (835,1236)
          Blocking obstacles: GND(1)
      [93mFailed to route MST edge after 80001 iterations (0.02s)[0m
  [93mWarning: 1 pad(s) not connected (2 MST edge(s) failed)[0m
  Phase 3 routing complete: 1 edges, 54 total segments, 7 total vias
    SR_LATCH: Retry FAILED (N=4): still 2 failed edges
      Retry had 8214 blocked cells
    Re-analyzing 8214 blocked cells from N=4 retry:
      Frontier blocked by 17 nets (1698 cells, 1698 unique)
      Top blockers:
        1. SR_CASC: 369 (21.7%), 369 uniq (100%)
        2. SR_DATA: 309 (18.2%), 309 uniq (100%)
        3. DRV1: 289 (17.0%), 289 uniq (100%)
        4. CONT_C: 163 (9.6%), 163 uniq (100%)
        5. HX_DAT: 118 (6.9%), 118 uniq (100%)
        6. GP4_SPARE: 96 (5.7%), 96 uniq (100%)
        7. TT_B: 67 (3.9%), 67 uniq (100%)
        8. DRV2: 66 (3.9%), 66 uniq (100%)
        9. CONT_E: 57 (3.4%), 57 uniq (100%)
        10. Q1G: 38 (2.2%), 38 uniq (100%)
        ... and 7 more nets (126 cells)
    Extending to N=5: ripping SR_DATA (net 141)...
  Multi-point net Phase 3: routing 2 remaining MST edges (longest first)
    [48/89] (3 failed) Routing MST edge: pad 0 -> pad 3 (length=17.56mm) target=(83.36, 123.47)
      backward stuck (1 < 80000), forward=80000
        backward cell (834, 1235, layer=0): ok, 8/8 neighbors blocked
          ALL neighbors blocked: (833,1234), (833,1235), (833,1236), (834,1234), (834,1236), (835,1234), (835,1235), (835,1236)
          Blocking obstacles: GND(1)
      [93mFailed to route MST edge after 80001 iterations (0.02s)[0m
    Fallback: attempting orphaned pad 3 directly from connected copper
    [49/89] (4 failed) Routing MST edge: pad 0 -> pad 3 (length=17.56mm) target=(83.36, 123.47)
      backward stuck (1 < 80000), forward=80000
        backward cell (834, 1235, layer=0): ok, 8/8 neighbors blocked
          ALL neighbors blocked: (833,1234), (833,1235), (833,1236), (834,1234), (834,1236), (835,1234), (835,1235), (835,1236)
          Blocking obstacles: GND(1)
      [93mFailed to route MST edge after 80001 iterations (0.02s)[0m
    Fallback: attempting orphaned pad 2 directly from connected copper
    [49/89] (4 failed) Routing MST edge: pad 0 -> pad 2 (length=90.78mm) target=(33.11, 100.51)
      Probe: forward=80000, backward=80000 iters, trying forward with full iterations...
      Routed in 558211 iterations (0.09s)
    [50/89] (4 failed) Routing MST edge: pad 2 -> pad 3 (length=73.22mm) target=(83.36, 123.47)
      backward stuck (1 < 80000), forward=80000
        backward cell (834, 1235, layer=0): ok, 8/8 neighbors blocked
          ALL neighbors blocked: (833,1234), (833,1235), (833,1236), (834,1234), (834,1236), (835,1234), (835,1235), (835,1236)
          Blocking obstacles: GND(1)
      [93mFailed to route MST edge after 80001 iterations (0.02s)[0m
  [93mWarning: 1 pad(s) not connected (2 MST edge(s) failed)[0m
  Phase 3 routing complete: 1 edges, 54 total segments, 7 total vias
    SR_LATCH: Retry FAILED (N=5): still 2 failed edges
      Retry had 7778 blocked cells
    Re-analyzing 7778 blocked cells from N=5 retry:
      Frontier blocked by 15 nets (1525 cells, 1525 unique)
      Top blockers:
        1. SR_CASC: 367 (24.1%), 367 uniq (100%)
        2. DRV1: 284 (18.6%), 284 uniq (100%)
        3. GP4_SPARE: 255 (16.7%), 255 uniq (100%)
        4. CONT_C: 163 (10.7%), 163 uniq (100%)
        5. HX_DAT: 114 (7.5%), 114 uniq (100%)
        6. TT_B: 67 (4.4%), 67 uniq (100%)
        7. DRV2: 66 (4.3%), 66 uniq (100%)
        8. CONT_E: 57 (3.7%), 57 uniq (100%)
        9. Q1G: 35 (2.3%), 35 uniq (100%)
        10. DRV3: 32 (2.1%), 32 uniq (100%)
        ... and 5 more nets (85 cells)
    Extending to N=6: ripping DRV1 (net 111)...
  Multi-point net Phase 3: routing 2 remaining MST edges (longest first)
    [48/89] (3 failed) Routing MST edge: pad 0 -> pad 3 (length=17.56mm) target=(83.36, 123.47)
      backward stuck (1 < 80000), forward=80000
        backward cell (834, 1235, layer=0): ok, 8/8 neighbors blocked
          ALL neighbors blocked: (833,1234), (833,1235), (833,1236), (834,1234), (834,1236), (835,1234), (835,1235), (835,1236)
          Blocking obstacles: GND(1)
      [93mFailed to route MST edge after 80001 iterations (0.02s)[0m
    Fallback: attempting orphaned pad 3 directly from connected copper
    [49/89] (4 failed) Routing MST edge: pad 0 -> pad 3 (length=17.56mm) target=(83.36, 123.47)
      backward stuck (1 < 80000), forward=80000
        backward cell (834, 1235, layer=0): ok, 8/8 neighbors blocked
          ALL neighbors blocked: (833,1234), (833,1235), (833,1236), (834,1234), (834,1236), (835,1234), (835,1235), (835,1236)
          Blocking obstacles: GND(1)
      [93mFailed to route MST edge after 80001 iterations (0.02s)[0m
    Fallback: attempting orphaned pad 2 directly from connected copper
    [49/89] (4 failed) Routing MST edge: pad 0 -> pad 2 (length=90.78mm) target=(33.11, 100.51)
      Probe: forward=80000, backward=80000 iters, trying forward with full iterations...
      Routed in 563302 iterations (0.09s)
    [50/89] (4 failed) Routing MST edge: pad 2 -> pad 3 (length=73.22mm) target=(83.36, 123.47)
      backward stuck (1 < 80000), forward=80000
        backward cell (834, 1235, layer=0): ok, 8/8 neighbors blocked
          ALL neighbors blocked: (833,1234), (833,1235), (833,1236), (834,1234), (834,1236), (835,1234), (835,1235), (835,1236)
          Blocking obstacles: GND(1)
      [93mFailed to route MST edge after 80001 iterations (0.02s)[0m
  [93mWarning: 1 pad(s) not connected (2 MST edge(s) failed)[0m
  Phase 3 routing complete: 1 edges, 54 total segments, 7 total vias
    SR_LATCH: Retry FAILED (N=6): still 2 failed edges
      Retry had 7227 blocked cells
    Re-analyzing 7227 blocked cells from N=6 retry:
      Frontier blocked by 14 nets (1231 cells, 1231 unique)
      Top blockers:
        1. SR_CASC: 366 (29.7%), 366 uniq (100%)
        2. GP4_SPARE: 249 (20.2%), 249 uniq (100%)
        3. CONT_C: 163 (13.2%), 163 uniq (100%)
        4. HX_DAT: 113 (9.2%), 113 uniq (100%)
        5. TT_B: 67 (5.4%), 67 uniq (100%)
        6. DRV2: 66 (5.4%), 66 uniq (100%)
        7. CONT_E: 57 (4.6%), 57 uniq (100%)
        8. Q1G: 34 (2.8%), 34 uniq (100%)
        9. DRV3: 32 (2.6%), 32 uniq (100%)
        10. Q2G: 31 (2.5%), 31 uniq (100%)
        ... and 4 more nets (53 cells)
    Extending to N=7: ripping CONT_C (net 135)...
  Multi-point net Phase 3: routing 2 remaining MST edges (longest first)
    [48/89] (3 failed) Routing MST edge: pad 0 -> pad 3 (length=17.56mm) target=(83.36, 123.47)
      backward stuck (1 < 80000), forward=80000
        backward cell (834, 1235, layer=0): ok, 8/8 neighbors blocked
          ALL neighbors blocked: (833,1234), (833,1235), (833,1236), (834,1234), (834,1236), (835,1234), (835,1235), (835,1236)
          Blocking obstacles: GND(1)
      [93mFailed to route MST edge after 80001 iterations (0.02s)[0m
    Fallback: attempting orphaned pad 3 directly from connected copper
    [49/89] (4 failed) Routing MST edge: pad 0 -> pad 3 (length=17.56mm) target=(83.36, 123.47)
      backward stuck (1 < 80000), forward=80000
        backward cell (834, 1235, layer=0): ok, 8/8 neighbors blocked
          ALL neighbors blocked: (833,1234), (833,1235), (833,1236), (834,1234), (834,1236), (835,1234), (835,1235), (835,1236)
          Blocking obstacles: GND(1)
      [93mFailed to route MST edge after 80001 iterations (0.02s)[0m
    Fallback: attempting orphaned pad 2 directly from connected copper
    [49/89] (4 failed) Routing MST edge: pad 0 -> pad 2 (length=90.78mm) target=(33.11, 100.51)
      Probe: forward=80000, backward=80000 iters, trying forward with full iterations...
      Routed in 555275 iterations (0.10s)
    [50/89] (4 failed) Routing MST edge: pad 2 -> pad 3 (length=73.22mm) target=(83.36, 123.47)
      backward stuck (1 < 80000), forward=80000
        backward cell (834, 1235, layer=0): ok, 8/8 neighbors blocked
          ALL neighbors blocked: (833,1234), (833,1235), (833,1236), (834,1234), (834,1236), (835,1234), (835,1235), (835,1236)
          Blocking obstacles: GND(1)
      [93mFailed to route MST edge after 80001 iterations (0.02s)[0m
  [93mWarning: 1 pad(s) not connected (2 MST edge(s) failed)[0m
  Phase 3 routing complete: 1 edges, 54 total segments, 7 total vias
    SR_LATCH: Retry FAILED (N=7): still 2 failed edges
      Retry had 6951 blocked cells
    Re-analyzing 6951 blocked cells from N=7 retry:
      Frontier blocked by 13 nets (1065 cells, 1065 unique)
      Top blockers:
        1. SR_CASC: 366 (34.4%), 366 uniq (100%)
        2. GP4_SPARE: 248 (23.3%), 248 uniq (100%)
        3. HX_DAT: 112 (10.5%), 112 uniq (100%)
        4. TT_B: 67 (6.3%), 67 uniq (100%)
        5. DRV2: 66 (6.2%), 66 uniq (100%)
        6. CONT_E: 57 (5.4%), 57 uniq (100%)
        7. Q1G: 33 (3.1%), 33 uniq (100%)
        8. DRV3: 32 (3.0%), 32 uniq (100%)
        9. Q2G: 31 (2.9%), 31 uniq (100%)
        10. CONT_A: 20 (1.9%), 20 uniq (100%)
        ... and 3 more nets (33 cells)
    Extending to N=8: ripping SR_CASC (net 137)...
  Multi-point net Phase 3: routing 2 remaining MST edges (longest first)
    [48/89] (3 failed) Routing MST edge: pad 0 -> pad 3 (length=17.56mm) target=(83.36, 123.47)
      backward stuck (1 < 80000), forward=80000
        backward cell (834, 1235, layer=0): ok, 8/8 neighbors blocked
          ALL neighbors blocked: (833,1234), (833,1235), (833,1236), (834,1234), (834,1236), (835,1234), (835,1235), (835,1236)
          Blocking obstacles: GND(1)
      [93mFailed to route MST edge after 80001 iterations (0.02s)[0m
    Fallback: attempting orphaned pad 3 directly from connected copper
    [49/89] (4 failed) Routing MST edge: pad 0 -> pad 3 (length=17.56mm) target=(83.36, 123.47)
      backward stuck (1 < 80000), forward=80000
        backward cell (834, 1235, layer=0): ok, 8/8 neighbors blocked
          ALL neighbors blocked: (833,1234), (833,1235), (833,1236), (834,1234), (834,1236), (835,1234), (835,1235), (835,1236)
          Blocking obstacles: GND(1)
      [93mFailed to route MST edge after 80001 iterations (0.02s)[0m
    Fallback: attempting orphaned pad 2 directly from connected copper
    [49/89] (4 failed) Routing MST edge: pad 0 -> pad 2 (length=90.78mm) target=(33.11, 100.51)
      Probe: forward=80000, backward=80000 iters, trying forward with full iterations...
      Routed in 400235 iterations (0.07s)
    [50/89] (4 failed) Routing MST edge: pad 2 -> pad 3 (length=73.22mm) target=(83.36, 123.47)
      backward stuck (1 < 80000), forward=80000
        backward cell (834, 1235, layer=0): ok, 8/8 neighbors blocked
          ALL neighbors blocked: (833,1234), (833,1235), (833,1236), (834,1234), (834,1236), (835,1234), (835,1235), (835,1236)
          Blocking obstacles: GND(1)
      [93mFailed to route MST edge after 80001 iterations (0.02s)[0m
  [93mWarning: 1 pad(s) not connected (2 MST edge(s) failed)[0m
  Phase 3 routing complete: 1 edges, 50 total segments, 5 total vias
    SR_LATCH: Retry FAILED (N=8): still 2 failed edges
      Retry had 6841 blocked cells
    Re-analyzing 6841 blocked cells from N=8 retry:
      Frontier blocked by 12 nets (784 cells, 784 unique)
      Top blockers:
        1. GP4_SPARE: 264 (33.7%), 264 uniq (100%)
        2. TT_B: 176 (22.4%), 176 uniq (100%)
        3. HX_DAT: 111 (14.2%), 111 uniq (100%)
        4. DRV2: 66 (8.4%), 66 uniq (100%)
        5. CONT_E: 57 (7.3%), 57 uniq (100%)
        6. Q2G: 31 (4.0%), 31 uniq (100%)
        7. Q1G: 30 (3.8%), 30 uniq (100%)
        8. DRV3: 22 (2.8%), 22 uniq (100%)
        9. WD_OK: 11 (1.4%), 11 uniq (100%)
        10. CONT_A: 10 (1.3%), 10 uniq (100%)
        ... and 2 more nets (6 cells)
    Extending to N=9: ripping GP4_SPARE (net 131)...
  Multi-point net Phase 3: routing 2 remaining MST edges (longest first)
    [48/89] (3 failed) Routing MST edge: pad 0 -> pad 3 (length=17.56mm) target=(83.36, 123.47)
      backward stuck (1 < 80000), forward=80000
        backward cell (834, 1235, layer=0): ok, 8/8 neighbors blocked
          ALL neighbors blocked: (833,1234), (833,1235), (833,1236), (834,1234), (834,1236), (835,1234), (835,1235), (835,1236)
          Blocking obstacles: GND(1)
      [93mFailed to route MST edge after 80001 iterations (0.02s)[0m
    Fallback: attempting orphaned pad 3 directly from connected copper
    [49/89] (4 failed) Routing MST edge: pad 0 -> pad 3 (length=17.56mm) target=(83.36, 123.47)
      backward stuck (1 < 80000), forward=80000
        backward cell (834, 1235, layer=0): ok, 8/8 neighbors blocked
          ALL neighbors blocked: (833,1234), (833,1235), (833,1236), (834,1234), (834,1236), (835,1234), (835,1235), (835,1236)
          Blocking obstacles: GND(1)
      [93mFailed to route MST edge after 80001 iterations (0.02s)[0m
    Fallback: attempting orphaned pad 2 directly from connected copper
    [49/89] (4 failed) Routing MST edge: pad 0 -> pad 2 (length=90.78mm) target=(33.11, 100.51)
      Probe: forward=80000, backward=80000 iters, trying forward with full iterations...
      Routed in 412131 iterations (0.07s)
    [50/89] (4 failed) Routing MST edge: pad 2 -> pad 3 (length=73.22mm) target=(83.36, 123.47)
      backward stuck (1 < 80000), forward=80000
        backward cell (834, 1235, layer=0): ok, 8/8 neighbors blocked
          ALL neighbors blocked: (833,1234), (833,1235), (833,1236), (834,1234), (834,1236), (835,1234), (835,1235), (835,1236)
          Blocking obstacles: GND(1)
      [93mFailed to route MST edge after 80001 iterations (0.02s)[0m
  [93mWarning: 1 pad(s) not connected (2 MST edge(s) failed)[0m
  Phase 3 routing complete: 1 edges, 50 total segments, 5 total vias
    SR_LATCH: Retry FAILED (N=9): still 2 failed edges
      Retry had 6575 blocked cells
    Re-analyzing 6575 blocked cells from N=9 retry:
      Frontier blocked by 11 nets (669 cells, 669 unique)
      Top blockers:
        1. TT_B: 337 (50.4%), 337 uniq (100%)
        2. HX_DAT: 109 (16.3%), 109 uniq (100%)
        3. DRV2: 64 (9.6%), 64 uniq (100%)
        4. CONT_E: 57 (8.5%), 57 uniq (100%)
        5. Q2G: 31 (4.6%), 31 uniq (100%)
        6. Q1G: 27 (4.0%), 27 uniq (100%)
        7. DRV3: 20 (3.0%), 20 uniq (100%)
        8. CONT_A: 10 (1.5%), 10 uniq (100%)
        9. WD_OK: 8 (1.2%), 8 uniq (100%)
        10. DRV4: 3 (0.4%), 3 uniq (100%)
        ... and 1 more nets (3 cells)
    Extending to N=10: ripping HX_DAT (net 94)...
  Multi-point net Phase 3: routing 2 remaining MST edges (longest first)
    [48/89] (3 failed) Routing MST edge: pad 0 -> pad 3 (length=17.56mm) target=(83.36, 123.47)
      backward stuck (1 < 80000), forward=80000
        backward cell (834, 1235, layer=0): ok, 8/8 neighbors blocked
          ALL neighbors blocked: (833,1234), (833,1235), (833,1236), (834,1234), (834,1236), (835,1234), (835,1235), (835,1236)
          Blocking obstacles: GND(1)
      [93mFailed to route MST edge after 80001 iterations (0.02s)[0m
    Fallback: attempting orphaned pad 3 directly from connected copper
    [49/89] (4 failed) Routing MST edge: pad 0 -> pad 3 (length=17.56mm) target=(83.36, 123.47)
      backward stuck (1 < 80000), forward=80000
        backward cell (834, 1235, layer=0): ok, 8/8 neighbors blocked
          ALL neighbors blocked: (833,1234), (833,1235), (833,1236), (834,1234), (834,1236), (835,1234), (835,1235), (835,1236)
          Blocking obstacles: GND(1)
      [93mFailed to route MST edge after 80001 iterations (0.02s)[0m
    Fallback: attempting orphaned pad 2 directly from connected copper
    [49/89] (4 failed) Routing MST edge: pad 0 -> pad 2 (length=90.78mm) target=(33.11, 100.51)
      Probe: forward=80000, backward=80000 iters, trying forward with full iterations...
      Routed in 402306 iterations (0.07s)
    [50/89] (4 failed) Routing MST edge: pad 2 -> pad 3 (length=73.22mm) target=(83.36, 123.47)
      backward stuck (1 < 80000), forward=80000
        backward cell (834, 1235, layer=0): ok, 8/8 neighbors blocked
          ALL neighbors blocked: (833,1234), (833,1235), (833,1236), (834,1234), (834,1236), (835,1234), (835,1235), (835,1236)
          Blocking obstacles: GND(1)
      [93mFailed to route MST edge after 80001 iterations (0.02s)[0m
  [93mWarning: 1 pad(s) not connected (2 MST edge(s) failed)[0m
  Phase 3 routing complete: 1 edges, 45 total segments, 5 total vias
    SR_LATCH: Retry FAILED (N=10): still 2 failed edges
      Retry had 6637 blocked cells
    Re-analyzing 6637 blocked cells from N=10 retry:
      Frontier blocked by 9 nets (564 cells, 564 unique)
      Top blockers:
        1. TT_B: 334 (59.2%), 334 uniq (100%)
        2. DRV2: 61 (10.8%), 61 uniq (100%)
        3. CONT_E: 57 (10.1%), 57 uniq (100%)
        4. Q1G: 51 (9.0%), 51 uniq (100%)
        5. Q2G: 31 (5.5%), 31 uniq (100%)
        6. DRV3: 14 (2.5%), 14 uniq (100%)
        7. CONT_A: 10 (1.8%), 10 uniq (100%)
        8. DRV4: 3 (0.5%), 3 uniq (100%)
        9. DRV7: 3 (0.5%), 3 uniq (100%)
    Extending to N=11: ripping DRV2 (net 112)...
  Multi-point net Phase 3: routing 2 remaining MST edges (longest first)
    [48/89] (3 failed) Routing MST edge: pad 0 -> pad 3 (length=17.56mm) target=(83.36, 123.47)
      backward stuck (1 < 80000), forward=80000
        backward cell (834, 1235, layer=0): ok, 8/8 neighbors blocked
          ALL neighbors blocked: (833,1234), (833,1235), (833,1236), (834,1234), (834,1236), (835,1234), (835,1235), (835,1236)
          Blocking obstacles: GND(1)
      [93mFailed to route MST edge after 80001 iterations (0.02s)[0m
    Fallback: attempting orphaned pad 3 directly from connected copper
    [49/89] (4 failed) Routing MST edge: pad 0 -> pad 3 (length=17.56mm) target=(83.36, 123.47)
      backward stuck (1 < 80000), forward=80000
        backward cell (834, 1235, layer=0): ok, 8/8 neighbors blocked
          ALL neighbors blocked: (833,1234), (833,1235), (833,1236), (834,1234), (834,1236), (835,1234), (835,1235), (835,1236)
          Blocking obstacles: GND(1)
      [93mFailed to route MST edge after 80001 iterations (0.02s)[0m
    Fallback: attempting orphaned pad 2 directly from connected copper
    [49/89] (4 failed) Routing MST edge: pad 0 -> pad 2 (length=90.78mm) target=(33.11, 100.51)
      Probe: forward=80000, backward=80000 iters, trying forward with full iterations...
      Routed in 405793 iterations (0.07s)
    [50/89] (4 failed) Routing MST edge: pad 2 -> pad 3 (length=73.22mm) target=(83.36, 123.47)
      backward stuck (1 < 80000), forward=80000
        backward cell (834, 1235, layer=0): ok, 8/8 neighbors blocked
          ALL neighbors blocked: (833,1234), (833,1235), (833,1236), (834,1234), (834,1236), (835,1234), (835,1235), (835,1236)
          Blocking obstacles: GND(1)
      [93mFailed to route MST edge after 80001 iterations (0.02s)[0m
  [93mWarning: 1 pad(s) not connected (2 MST edge(s) failed)[0m
  Phase 3 routing complete: 1 edges, 45 total segments, 5 total vias
    SR_LATCH: Retry FAILED (N=11): still 2 failed edges
      Retry had 6873 blocked cells
    Re-analyzing 6873 blocked cells from N=11 retry:
      Frontier blocked by 8 nets (572 cells, 572 unique)
      Top blockers:
        1. TT_B: 333 (58.2%), 333 uniq (100%)
        2. DRV3: 84 (14.7%), 84 uniq (100%)
        3. CONT_E: 57 (10.0%), 57 uniq (100%)
        4. Q1G: 51 (8.9%), 51 uniq (100%)
        5. Q2G: 31 (5.4%), 31 uniq (100%)
        6. CONT_A: 10 (1.7%), 10 uniq (100%)
        7. DRV4: 3 (0.5%), 3 uniq (100%)
        8. DRV7: 3 (0.5%), 3 uniq (100%)
    Extending to N=12: ripping CONT_E (net 134)...
  Multi-point net Phase 3: routing 2 remaining MST edges (longest first)
    [48/89] (3 failed) Routing MST edge: pad 0 -> pad 3 (length=17.56mm) target=(83.36, 123.47)
      backward stuck (1 < 80000), forward=80000
        backward cell (834, 1235, layer=0): ok, 8/8 neighbors blocked
          ALL neighbors blocked: (833,1234), (833,1235), (833,1236), (834,1234), (834,1236), (835,1234), (835,1235), (835,1236)
          Blocking obstacles: GND(1)
      [93mFailed to route MST edge after 80001 iterations (0.02s)[0m
    Fallback: attempting orphaned pad 3 directly from connected copper
    [49/89] (4 failed) Routing MST edge: pad 0 -> pad 3 (length=17.56mm) target=(83.36, 123.47)
      backward stuck (1 < 80000), forward=80000
        backward cell (834, 1235, layer=0): ok, 8/8 neighbors blocked
          ALL neighbors blocked: (833,1234), (833,1235), (833,1236), (834,1234), (834,1236), (835,1234), (835,1235), (835,1236)
          Blocking obstacles: GND(1)
      [93mFailed to route MST edge after 80001 iterations (0.02s)[0m
    Fallback: attempting orphaned pad 2 directly from connected copper
    [49/89] (4 failed) Routing MST edge: pad 0 -> pad 2 (length=90.78mm) target=(33.11, 100.51)
      Probe: forward=80000, backward=80000 iters, trying forward with full iterations...
      Routed in 405719 iterations (0.07s)
    [50/89] (4 failed) Routing MST edge: pad 2 -> pad 3 (length=73.22mm) target=(83.36, 123.47)
      backward stuck (1 < 80000), forward=80000
        backward cell (834, 1235, layer=0): ok, 8/8 neighbors blocked
          ALL neighbors blocked: (833,1234), (833,1235), (833,1236), (834,1234), (834,1236), (835,1234), (835,1235), (835,1236)
          Blocking obstacles: GND(1)
      [93mFailed to route MST edge after 80001 iterations (0.02s)[0m
  [93mWarning: 1 pad(s) not connected (2 MST edge(s) failed)[0m
  Phase 3 routing complete: 1 edges, 45 total segments, 5 total vias
    SR_LATCH: Retry FAILED (N=12): still 2 failed edges
      Retry had 6812 blocked cells
    Re-analyzing 6812 blocked cells from N=12 retry:
      Frontier blocked by 8 nets (516 cells, 516 unique)
      Top blockers:
        1. TT_B: 333 (64.5%), 333 uniq (100%)
        2. DRV3: 84 (16.3%), 84 uniq (100%)
        3. Q1G: 51 (9.9%), 51 uniq (100%)
        4. Q2G: 31 (6.0%), 31 uniq (100%)
        5. CONT_A: 10 (1.9%), 10 uniq (100%)
        6. WD_OK: 3 (0.6%), 3 uniq (100%)
        7. DRV4: 3 (0.6%), 3 uniq (100%)
        8. DRV7: 1 (0.2%), 1 uniq (100%)
    Extending to N=13: ripping WD_OK (net 64)...
  Multi-point net Phase 3: routing 2 remaining MST edges (longest first)
    [48/89] (3 failed) Routing MST edge: pad 0 -> pad 3 (length=17.56mm) target=(83.36, 123.47)
      backward stuck (1 < 80000), forward=80000
        backward cell (834, 1235, layer=0): ok, 8/8 neighbors blocked
          ALL neighbors blocked: (833,1234), (833,1235), (833,1236), (834,1234), (834,1236), (835,1234), (835,1235), (835,1236)
          Blocking obstacles: GND(1)
      [93mFailed to route MST edge after 80001 iterations (0.02s)[0m
    Fallback: attempting orphaned pad 3 directly from connected copper
    [49/89] (4 failed) Routing MST edge: pad 0 -> pad 3 (length=17.56mm) target=(83.36, 123.47)
      backward stuck (1 < 80000), forward=80000
        backward cell (834, 1235, layer=0): ok, 8/8 neighbors blocked
          ALL neighbors blocked: (833,1234), (833,1235), (833,1236), (834,1234), (834,1236), (835,1234), (835,1235), (835,1236)
          Blocking obstacles: GND(1)
      [93mFailed to route MST edge after 80001 iterations (0.02s)[0m
    Fallback: attempting orphaned pad 2 directly from connected copper
    [49/89] (4 failed) Routing MST edge: pad 0 -> pad 2 (length=90.78mm) target=(33.11, 100.51)
      Probe: forward=80000, backward=80000 iters, trying forward with full iterations...
      Routed in 412816 iterations (0.07s)
    [50/89] (4 failed) Routing MST edge: pad 2 -> pad 3 (length=73.22mm) target=(83.36, 123.47)
      backward stuck (1 < 80000), forward=80000
        backward cell (834, 1235, layer=0): ok, 8/8 neighbors blocked
          ALL neighbors blocked: (833,1234), (833,1235), (833,1236), (834,1234), (834,1236), (835,1234), (835,1235), (835,1236)
          Blocking obstacles: GND(1)
      [93mFailed to route MST edge after 80001 iterations (0.02s)[0m
  [93mWarning: 1 pad(s) not connected (2 MST edge(s) failed)[0m
  Phase 3 routing complete: 1 edges, 45 total segments, 5 total vias
    SR_LATCH: Retry FAILED (N=13): still 2 failed edges
      Retry had 6811 blocked cells
    Re-analyzing 6811 blocked cells from N=13 retry:
      Frontier blocked by 7 nets (513 cells, 513 unique)
      Top blockers:
        1. TT_B: 333 (64.9%), 333 uniq (100%)
        2. DRV3: 84 (16.4%), 84 uniq (100%)
        3. Q1G: 51 (9.9%), 51 uniq (100%)
        4. Q2G: 31 (6.0%), 31 uniq (100%)
        5. CONT_A: 10 (1.9%), 10 uniq (100%)
        6. DRV4: 3 (0.6%), 3 uniq (100%)
        7. DRV7: 1 (0.2%), 1 uniq (100%)
    Extending to N=14: ripping DRV3 (net 113)...
  Multi-point net Phase 3: routing 2 remaining MST edges (longest first)
    [48/89] (3 failed) Routing MST edge: pad 0 -> pad 3 (length=17.56mm) target=(83.36, 123.47)
      backward stuck (1 < 80000), forward=80000
        backward cell (834, 1235, layer=0): ok, 8/8 neighbors blocked
          ALL neighbors blocked: (833,1234), (833,1235), (833,1236), (834,1234), (834,1236), (835,1234), (835,1235), (835,1236)
          Blocking obstacles: GND(1)
      [93mFailed to route MST edge after 80001 iterations (0.02s)[0m
    Fallback: attempting orphaned pad 3 directly from connected copper
    [49/89] (4 failed) Routing MST edge: pad 0 -> pad 3 (length=17.56mm) target=(83.36, 123.47)
      backward stuck (1 < 80000), forward=80000
        backward cell (834, 1235, layer=0): ok, 8/8 neighbors blocked
          ALL neighbors blocked: (833,1234), (833,1235), (833,1236), (834,1234), (834,1236), (835,1234), (835,1235), (835,1236)
          Blocking obstacles: GND(1)
      [93mFailed to route MST edge after 80001 iterations (0.02s)[0m
    Fallback: attempting orphaned pad 2 directly from connected copper
    [49/89] (4 failed) Routing MST edge: pad 0 -> pad 2 (length=90.78mm) target=(33.11, 100.51)
      Probe: forward=80000, backward=80000 iters, trying forward with full iterations...
      Routed in 418732 iterations (0.07s)
    [50/89] (4 failed) Routing MST edge: pad 2 -> pad 3 (length=73.22mm) target=(83.36, 123.47)
      backward stuck (1 < 80000), forward=80000
        backward cell (834, 1235, layer=0): ok, 8/8 neighbors blocked
          ALL neighbors blocked: (833,1234), (833,1235), (833,1236), (834,1234), (834,1236), (835,1234), (835,1235), (835,1236)
          Blocking obstacles: GND(1)
      [93mFailed to route MST edge after 80001 iterations (0.02s)[0m
  [93mWarning: 1 pad(s) not connected (2 MST edge(s) failed)[0m
  Phase 3 routing complete: 1 edges, 45 total segments, 5 total vias
    SR_LATCH: Retry FAILED (N=14): still 2 failed edges
      Retry had 6993 blocked cells
    Re-analyzing 6993 blocked cells from N=14 retry:
      Frontier blocked by 5 nets (537 cells, 537 unique)
      Top blockers:
        1. TT_B: 331 (61.6%), 331 uniq (100%)
        2. DRV4: 114 (21.2%), 114 uniq (100%)
        3. Q1G: 51 (9.5%), 51 uniq (100%)
        4. Q2G: 31 (5.8%), 31 uniq (100%)
        5. CONT_A: 10 (1.9%), 10 uniq (100%)
    Extending to N=15: ripping Q2G (net 124)...
  Multi-point net Phase 3: routing 2 remaining MST edges (longest first)
    [48/89] (3 failed) Routing MST edge: pad 0 -> pad 3 (length=17.56mm) target=(83.36, 123.47)
      backward stuck (1 < 80000), forward=80000
        backward cell (834, 1235, layer=0): ok, 8/8 neighbors blocked
          ALL neighbors blocked: (833,1234), (833,1235), (833,1236), (834,1234), (834,1236), (835,1234), (835,1235), (835,1236)
          Blocking obstacles: GND(1)
      [93mFailed to route MST edge after 80001 iterations (0.02s)[0m
    Fallback: attempting orphaned pad 3 directly from connected copper
    [49/89] (4 failed) Routing MST edge: pad 0 -> pad 3 (length=17.56mm) target=(83.36, 123.47)
      backward stuck (1 < 80000), forward=80000
        backward cell (834, 1235, layer=0): ok, 8/8 neighbors blocked
          ALL neighbors blocked: (833,1234), (833,1235), (833,1236), (834,1234), (834,1236), (835,1234), (835,1235), (835,1236)
          Blocking obstacles: GND(1)
      [93mFailed to route MST edge after 80001 iterations (0.02s)[0m
    Fallback: attempting orphaned pad 2 directly from connected copper
    [49/89] (4 failed) Routing MST edge: pad 0 -> pad 2 (length=90.78mm) target=(33.11, 100.51)
      Probe: forward=80000, backward=80000 iters, trying forward with full iterations...
      Routed in 421459 iterations (0.07s)
    [50/89] (4 failed) Routing MST edge: pad 2 -> pad 3 (length=73.22mm) target=(83.36, 123.47)
      backward stuck (1 < 80000), forward=80000
        backward cell (834, 1235, layer=0): ok, 8/8 neighbors blocked
          ALL neighbors blocked: (833,1234), (833,1235), (833,1236), (834,1234), (834,1236), (835,1234), (835,1235), (835,1236)
          Blocking obstacles: GND(1)
      [93mFailed to route MST edge after 80001 iterations (0.02s)[0m
  [93mWarning: 1 pad(s) not connected (2 MST edge(s) failed)[0m
  Phase 3 routing complete: 1 edges, 45 total segments, 5 total vias
    SR_LATCH: Retry FAILED (N=15): still 2 failed edges
      Retry had 7010 blocked cells
    Re-analyzing 7010 blocked cells from N=15 retry:
      Frontier blocked by 4 nets (506 cells, 506 unique)
      Top blockers:
        1. TT_B: 331 (65.4%), 331 uniq (100%)
        2. DRV4: 114 (22.5%), 114 uniq (100%)
        3. Q1G: 51 (10.1%), 51 uniq (100%)
        4. CONT_A: 10 (2.0%), 10 uniq (100%)
    Extending to N=16: ripping Q1G (net 122)...
  Multi-point net Phase 3: routing 2 remaining MST edges (longest first)
    [48/89] (3 failed) Routing MST edge: pad 0 -> pad 3 (length=17.56mm) target=(83.36, 123.47)
      backward stuck (1 < 80000), forward=80000
        backward cell (834, 1235, layer=0): ok, 8/8 neighbors blocked
          ALL neighbors blocked: (833,1234), (833,1235), (833,1236), (834,1234), (834,1236), (835,1234), (835,1235), (835,1236)
          Blocking obstacles: GND(1)
      [93mFailed to route MST edge after 80001 iterations (0.02s)[0m
    Fallback: attempting orphaned pad 3 directly from connected copper
    [49/89] (4 failed) Routing MST edge: pad 0 -> pad 3 (length=17.56mm) target=(83.36, 123.47)
      backward stuck (1 < 80000), forward=80000
        backward cell (834, 1235, layer=0): ok, 8/8 neighbors blocked
          ALL neighbors blocked: (833,1234), (833,1235), (833,1236), (834,1234), (834,1236), (835,1234), (835,1235), (835,1236)
          Blocking obstacles: GND(1)
      [93mFailed to route MST edge after 80001 iterations (0.02s)[0m
    Fallback: attempting orphaned pad 2 directly from connected copper
    [49/89] (4 failed) Routing MST edge: pad 0 -> pad 2 (length=90.78mm) target=(33.11, 100.51)
      Probe: forward=80000, backward=80000 iters, trying forward with full iterations...
      Routed in 429801 iterations (0.07s)
    [50/89] (4 failed) Routing MST edge: pad 2 -> pad 3 (length=73.22mm) target=(83.36, 123.47)
      backward stuck (1 < 80000), forward=80000
        backward cell (834, 1235, layer=0): ok, 8/8 neighbors blocked
          ALL neighbors blocked: (833,1234), (833,1235), (833,1236), (834,1234), (834,1236), (835,1234), (835,1235), (835,1236)
          Blocking obstacles: GND(1)
      [93mFailed to route MST edge after 80001 iterations (0.02s)[0m
  [93mWarning: 1 pad(s) not connected (2 MST edge(s) failed)[0m
  Phase 3 routing complete: 1 edges, 45 total segments, 5 total vias
    SR_LATCH: Retry FAILED (N=16): still 2 failed edges
      Retry had 7006 blocked cells
    Re-analyzing 7006 blocked cells from N=16 retry:
      Frontier blocked by 3 nets (454 cells, 454 unique)
      Top blockers:
        1. TT_B: 330 (72.7%), 330 uniq (100%)
        2. DRV4: 114 (25.1%), 114 uniq (100%)
        3. CONT_A: 10 (2.2%), 10 uniq (100%)
    Extending to N=17: ripping DRV4 (net 114)...
  Multi-point net Phase 3: routing 2 remaining MST edges (longest first)
    [48/89] (3 failed) Routing MST edge: pad 0 -> pad 3 (length=17.56mm) target=(83.36, 123.47)
      backward stuck (1 < 80000), forward=80000
        backward cell (834, 1235, layer=0): ok, 8/8 neighbors blocked
          ALL neighbors blocked: (833,1234), (833,1235), (833,1236), (834,1234), (834,1236), (835,1234), (835,1235), (835,1236)
          Blocking obstacles: GND(1)
      [93mFailed to route MST edge after 80001 iterations (0.02s)[0m
    Fallback: attempting orphaned pad 3 directly from connected copper
    [49/89] (4 failed) Routing MST edge: pad 0 -> pad 3 (length=17.56mm) target=(83.36, 123.47)
      backward stuck (1 < 80000), forward=80000
        backward cell (834, 1235, layer=0): ok, 8/8 neighbors blocked
          ALL neighbors blocked: (833,1234), (833,1235), (833,1236), (834,1234), (834,1236), (835,1234), (835,1235), (835,1236)
          Blocking obstacles: GND(1)
      [93mFailed to route MST edge after 80001 iterations (0.02s)[0m
    Fallback: attempting orphaned pad 2 directly from connected copper
    [49/89] (4 failed) Routing MST edge: pad 0 -> pad 2 (length=90.78mm) target=(33.11, 100.51)
      Probe: forward=80000, backward=80000 iters, trying forward with full iterations...
      Routed in 444344 iterations (0.08s)
    [50/89] (4 failed) Routing MST edge: pad 2 -> pad 3 (length=73.22mm) target=(83.36, 123.47)
      backward stuck (1 < 80000), forward=80000
        backward cell (834, 1235, layer=0): ok, 8/8 neighbors blocked
          ALL neighbors blocked: (833,1234), (833,1235), (833,1236), (834,1234), (834,1236), (835,1234), (835,1235), (835,1236)
          Blocking obstacles: GND(1)
      [93mFailed to route MST edge after 80001 iterations (0.02s)[0m
  [93mWarning: 1 pad(s) not connected (2 MST edge(s) failed)[0m
  Phase 3 routing complete: 1 edges, 45 total segments, 5 total vias
    SR_LATCH: Retry FAILED (N=17): still 2 failed edges
      Retry had 7158 blocked cells
    Re-analyzing 7158 blocked cells from N=17 retry:
      Frontier blocked by 3 nets (505 cells, 505 unique)
      Top blockers:
        1. TT_B: 328 (65.0%), 328 uniq (100%)
        2. DRV5: 167 (33.1%), 167 uniq (100%)
        3. CONT_A: 10 (2.0%), 10 uniq (100%)
    Extending to N=18: ripping DRV7 (net 117)...
  Multi-point net Phase 3: routing 2 remaining MST edges (longest first)
    [48/89] (3 failed) Routing MST edge: pad 0 -> pad 3 (length=17.56mm) target=(83.36, 123.47)
      backward stuck (1 < 80000), forward=80000
        backward cell (834, 1235, layer=0): ok, 8/8 neighbors blocked
          ALL neighbors blocked: (833,1234), (833,1235), (833,1236), (834,1234), (834,1236), (835,1234), (835,1235), (835,1236)
          Blocking obstacles: GND(1)
      [93mFailed to route MST edge after 80001 iterations (0.02s)[0m
    Fallback: attempting orphaned pad 3 directly from connected copper
    [49/89] (4 failed) Routing MST edge: pad 0 -> pad 3 (length=17.56mm) target=(83.36, 123.47)
      backward stuck (1 < 80000), forward=80000
        backward cell (834, 1235, layer=0): ok, 8/8 neighbors blocked
          ALL neighbors blocked: (833,1234), (833,1235), (833,1236), (834,1234), (834,1236), (835,1234), (835,1235), (835,1236)
          Blocking obstacles: GND(1)
      [93mFailed to route MST edge after 80001 iterations (0.02s)[0m
    Fallback: attempting orphaned pad 2 directly from connected copper
    [49/89] (4 failed) Routing MST edge: pad 0 -> pad 2 (length=90.78mm) target=(33.11, 100.51)
      Probe: forward=80000, backward=80000 iters, trying forward with full iterations...
      Routed in 444261 iterations (0.08s)
    [50/89] (4 failed) Routing MST edge: pad 2 -> pad 3 (length=73.22mm) target=(83.36, 123.47)
      backward stuck (1 < 80000), forward=80000
        backward cell (834, 1235, layer=0): ok, 8/8 neighbors blocked
          ALL neighbors blocked: (833,1234), (833,1235), (833,1236), (834,1234), (834,1236), (835,1234), (835,1235), (835,1236)
          Blocking obstacles: GND(1)
      [93mFailed to route MST edge after 80001 iterations (0.02s)[0m
  [93mWarning: 1 pad(s) not connected (2 MST edge(s) failed)[0m
  Phase 3 routing complete: 1 edges, 45 total segments, 5 total vias
    SR_LATCH: Retry FAILED (N=18): still 2 failed edges
      Retry had 7150 blocked cells
    Re-analyzing 7150 blocked cells from N=18 retry:
      Frontier blocked by 3 nets (505 cells, 505 unique)
      Top blockers:
        1. TT_B: 328 (65.0%), 328 uniq (100%)
        2. DRV5: 167 (33.1%), 167 uniq (100%)
        3. CONT_A: 10 (2.0%), 10 uniq (100%)
    Extending to N=19: ripping TT_B (net 130)...
  Multi-point net Phase 3: routing 2 remaining MST edges (longest first)
    [48/89] (3 failed) Routing MST edge: pad 0 -> pad 3 (length=17.56mm) target=(83.36, 123.47)
      backward stuck (1 < 80000), forward=80000
        backward cell (834, 1235, layer=0): ok, 8/8 neighbors blocked
          ALL neighbors blocked: (833,1234), (833,1235), (833,1236), (834,1234), (834,1236), (835,1234), (835,1235), (835,1236)
          Blocking obstacles: GND(1)
      [93mFailed to route MST edge after 80001 iterations (0.02s)[0m
    Fallback: attempting orphaned pad 3 directly from connected copper
    [49/89] (4 failed) Routing MST edge: pad 0 -> pad 3 (length=17.56mm) target=(83.36, 123.47)
      backward stuck (1 < 80000), forward=80000
        backward cell (834, 1235, layer=0): ok, 8/8 neighbors blocked
          ALL neighbors blocked: (833,1234), (833,1235), (833,1236), (834,1234), (834,1236), (835,1234), (835,1235), (835,1236)
          Blocking obstacles: GND(1)
      [93mFailed to route MST edge after 80001 iterations (0.02s)[0m
    Fallback: attempting orphaned pad 2 directly from connected copper
    [49/89] (4 failed) Routing MST edge: pad 0 -> pad 2 (length=90.78mm) target=(33.11, 100.51)
      Probe: forward=80000, backward=80000 iters, trying forward with full iterations...
      Routed in 329660 iterations (0.05s)
    [50/89] (4 failed) Routing MST edge: pad 2 -> pad 3 (length=73.22mm) target=(83.36, 123.47)
      backward stuck (1 < 80000), forward=80000
        backward cell (834, 1235, layer=0): ok, 8/8 neighbors blocked
          ALL neighbors blocked: (833,1234), (833,1235), (833,1236), (834,1234), (834,1236), (835,1234), (835,1235), (835,1236)
          Blocking obstacles: GND(1)
      [93mFailed to route MST edge after 80001 iterations (0.02s)[0m
  [93mWarning: 1 pad(s) not connected (2 MST edge(s) failed)[0m
  Phase 3 routing complete: 1 edges, 40 total segments, 2 total vias
    SR_LATCH: Retry FAILED (N=19): still 2 failed edges
      Retry had 6750 blocked cells
    Re-analyzing 6750 blocked cells from N=19 retry:
      Frontier blocked by 2 nets (151 cells, 151 unique)
      Top blockers:
        1. DRV5: 141 (93.4%), 141 uniq (100%)
        2. CONT_A: 10 (6.6%), 10 uniq (100%)
    Extending to N=20: ripping DRV5 (net 115)...
  Multi-point net Phase 3: routing 2 remaining MST edges (longest first)
    [48/89] (3 failed) Routing MST edge: pad 0 -> pad 3 (length=17.56mm) target=(83.36, 123.47)
      backward stuck (1 < 80000), forward=80000
        backward cell (834, 1235, layer=0): ok, 8/8 neighbors blocked
          ALL neighbors blocked: (833,1234), (833,1235), (833,1236), (834,1234), (834,1236), (835,1234), (835,1235), (835,1236)
          Blocking obstacles: GND(1)
      [93mFailed to route MST edge after 80001 iterations (0.02s)[0m
    Fallback: attempting orphaned pad 3 directly from connected copper
    [49/89] (4 failed) Routing MST edge: pad 0 -> pad 3 (length=17.56mm) target=(83.36, 123.47)
      backward stuck (1 < 80000), forward=80000
        backward cell (834, 1235, layer=0): ok, 8/8 neighbors blocked
          ALL neighbors blocked: (833,1234), (833,1235), (833,1236), (834,1234), (834,1236), (835,1234), (835,1235), (835,1236)
          Blocking obstacles: GND(1)
      [93mFailed to route MST edge after 80001 iterations (0.02s)[0m
    Fallback: attempting orphaned pad 2 directly from connected copper
    [49/89] (4 failed) Routing MST edge: pad 0 -> pad 2 (length=90.78mm) target=(33.11, 100.51)
      Probe: forward=80000, backward=80000 iters, trying forward with full iterations...
      Routed in 344416 iterations (0.06s)
    [50/89] (4 failed) Routing MST edge: pad 2 -> pad 3 (length=73.22mm) target=(83.36, 123.47)
      backward stuck (1 < 80000), forward=80000
        backward cell (834, 1235, layer=0): ok, 8/8 neighbors blocked
          ALL neighbors blocked: (833,1234), (833,1235), (833,1236), (834,1234), (834,1236), (835,1234), (835,1235), (835,1236)
          Blocking obstacles: GND(1)
      [93mFailed to route MST edge after 80001 iterations (0.02s)[0m
  [93mWarning: 1 pad(s) not connected (2 MST edge(s) failed)[0m
  Phase 3 routing complete: 1 edges, 40 total segments, 2 total vias
    SR_LATCH: Retry FAILED (N=20): still 2 failed edges
      Retry had 6744 blocked cells
    Re-analyzing 6744 blocked cells from N=20 retry:
      Frontier blocked by 2 nets (171 cells, 171 unique)
      Top blockers:
        1. DRV6: 136 (79.5%), 136 uniq (100%)
        2. CONT_A: 35 (20.5%), 35 uniq (100%)
    Extending to N=21: ripping DRV6 (net 116)...
  Multi-point net Phase 3: routing 2 remaining MST edges (longest first)
    [48/89] (3 failed) Routing MST edge: pad 0 -> pad 3 (length=17.56mm) target=(83.36, 123.47)
      backward stuck (1 < 80000), forward=80000
        backward cell (834, 1235, layer=0): ok, 8/8 neighbors blocked
          ALL neighbors blocked: (833,1234), (833,1235), (833,1236), (834,1234), (834,1236), (835,1234), (835,1235), (835,1236)
          Blocking obstacles: GND(1)
      [93mFailed to route MST edge after 80001 iterations (0.02s)[0m
    Fallback: attempting orphaned pad 3 directly from connected copper
    [49/89] (4 failed) Routing MST edge: pad 0 -> pad 3 (length=17.56mm) target=(83.36, 123.47)
      backward stuck (1 < 80000), forward=80000
        backward cell (834, 1235, layer=0): ok, 8/8 neighbors blocked
          ALL neighbors blocked: (833,1234), (833,1235), (833,1236), (834,1234), (834,1236), (835,1234), (835,1235), (835,1236)
          Blocking obstacles: GND(1)
      [93mFailed to route MST edge after 80001 iterations (0.02s)[0m
    Fallback: attempting orphaned pad 2 directly from connected copper
    [49/89] (4 failed) Routing MST edge: pad 0 -> pad 2 (length=90.78mm) target=(33.11, 100.51)
      Probe: forward=80000, backward=80000 iters, trying forward with full iterations...
      Routed in 358702 iterations (0.06s)
    [50/89] (4 failed) Routing MST edge: pad 2 -> pad 3 (length=73.22mm) target=(83.36, 123.47)
      backward stuck (1 < 80000), forward=80000
        backward cell (834, 1235, layer=0): ok, 8/8 neighbors blocked
          ALL neighbors blocked: (833,1234), (833,1235), (833,1236), (834,1234), (834,1236), (835,1234), (835,1235), (835,1236)
          Blocking obstacles: GND(1)
      [93mFailed to route MST edge after 80001 iterations (0.02s)[0m
  [93mWarning: 1 pad(s) not connected (2 MST edge(s) failed)[0m
  Phase 3 routing complete: 1 edges, 40 total segments, 2 total vias
    SR_LATCH: Retry FAILED (N=21): still 2 failed edges
      Retry had 6950 blocked cells
    Re-analyzing 6950 blocked cells from N=21 retry:
      Frontier blocked by 3 nets (228 cells, 228 unique)
      Top blockers:
        1. DRV8: 173 (75.9%), 173 uniq (100%)
        2. CONT_A: 44 (19.3%), 44 uniq (100%)
        3. CONT_REQ: 11 (4.8%), 11 uniq (100%)
    Extending to N=22: ripping DRV8 (net 118)...
  Multi-point net Phase 3: routing 2 remaining MST edges (longest first)
    [48/89] (3 failed) Routing MST edge: pad 0 -> pad 3 (length=17.56mm) target=(83.36, 123.47)
      backward stuck (1 < 80000), forward=80000
        backward cell (834, 1235, layer=0): ok, 8/8 neighbors blocked
          ALL neighbors blocked: (833,1234), (833,1235), (833,1236), (834,1234), (834,1236), (835,1234), (835,1235), (835,1236)
          Blocking obstacles: GND(1)
      [93mFailed to route MST edge after 80001 iterations (0.02s)[0m
    Fallback: attempting orphaned pad 3 directly from connected copper
    [49/89] (4 failed) Routing MST edge: pad 0 -> pad 3 (length=17.56mm) target=(83.36, 123.47)
      backward stuck (1 < 80000), forward=80000
        backward cell (834, 1235, layer=0): ok, 8/8 neighbors blocked
          ALL neighbors blocked: (833,1234), (833,1235), (833,1236), (834,1234), (834,1236), (835,1234), (835,1235), (835,1236)
          Blocking obstacles: GND(1)
      [93mFailed to route MST edge after 80001 iterations (0.02s)[0m
    Fallback: attempting orphaned pad 2 directly from connected copper
    [49/89] (4 failed) Routing MST edge: pad 0 -> pad 2 (length=90.78mm) target=(33.11, 100.51)
      Probe: forward=80000, backward=80000 iters, trying forward with full iterations...
      Routed in 359390 iterations (0.06s)
    [50/89] (4 failed) Routing MST edge: pad 2 -> pad 3 (length=73.22mm) target=(83.36, 123.47)
      backward stuck (1 < 80000), forward=80000
        backward cell (834, 1235, layer=0): ok, 8/8 neighbors blocked
          ALL neighbors blocked: (833,1234), (833,1235), (833,1236), (834,1234), (834,1236), (835,1234), (835,1235), (835,1236)
          Blocking obstacles: GND(1)
      [93mFailed to route MST edge after 80001 iterations (0.02s)[0m
  [93mWarning: 1 pad(s) not connected (2 MST edge(s) failed)[0m
  Phase 3 routing complete: 1 edges, 40 total segments, 2 total vias
    SR_LATCH: Retry FAILED (N=22): still 2 failed edges
      Retry had 6601 blocked cells
    Re-analyzing 6601 blocked cells from N=22 retry:
      Frontier blocked by 2 nets (55 cells, 55 unique)
      Top blockers:
        1. CONT_A: 44 (80.0%), 44 uniq (100%)
        2. CONT_REQ: 11 (20.0%), 11 uniq (100%)
    Extending to N=23: ripping CONT_A (net 90)...
  Multi-point net Phase 3: routing 2 remaining MST edges (longest first)
    [48/89] (3 failed) Routing MST edge: pad 0 -> pad 3 (length=17.56mm) target=(83.36, 123.47)
      backward stuck (1 < 80000), forward=80000
        backward cell (834, 1235, layer=0): ok, 8/8 neighbors blocked
          ALL neighbors blocked: (833,1234), (833,1235), (833,1236), (834,1234), (834,1236), (835,1234), (835,1235), (835,1236)
          Blocking obstacles: GND(1)
      [93mFailed to route MST edge after 80001 iterations (0.02s)[0m
    Fallback: attempting orphaned pad 3 directly from connected copper
    [49/89] (4 failed) Routing MST edge: pad 0 -> pad 3 (length=17.56mm) target=(83.36, 123.47)
      backward stuck (1 < 80000), forward=80000
        backward cell (834, 1235, layer=0): ok, 8/8 neighbors blocked
          ALL neighbors blocked: (833,1234), (833,1235), (833,1236), (834,1234), (834,1236), (835,1234), (835,1235), (835,1236)
          Blocking obstacles: GND(1)
      [93mFailed to route MST edge after 80001 iterations (0.02s)[0m
    Fallback: attempting orphaned pad 2 directly from connected copper
    [49/89] (4 failed) Routing MST edge: pad 0 -> pad 2 (length=90.78mm) target=(33.11, 100.51)
      Probe: forward=80000, backward=80000 iters, trying forward with full iterations...
      Routed in 360553 iterations (0.06s)
    [50/89] (4 failed) Routing MST edge: pad 2 -> pad 3 (length=73.22mm) target=(83.36, 123.47)
      backward stuck (1 < 80000), forward=80000
        backward cell (834, 1235, layer=0): ok, 8/8 neighbors blocked
          ALL neighbors blocked: (833,1234), (833,1235), (833,1236), (834,1234), (834,1236), (835,1234), (835,1235), (835,1236)
          Blocking obstacles: GND(1)
      [93mFailed to route MST edge after 80001 iterations (0.02s)[0m
  [93mWarning: 1 pad(s) not connected (2 MST edge(s) failed)[0m
  Phase 3 routing complete: 1 edges, 40 total segments, 2 total vias
    SR_LATCH: Retry FAILED (N=23): still 2 failed edges
      Retry had 6874 blocked cells
    Re-analyzing 6874 blocked cells from N=23 retry:
      Frontier blocked by 1 nets (11 cells, 11 unique)
      Top blockers:
        1. CONT_REQ: 11 (100.0%), 11 uniq (100%)
    Extending to N=24: ripping CONT_REQ (net 59)...
  Multi-point net Phase 3: routing 2 remaining MST edges (longest first)
    [48/89] (3 failed) Routing MST edge: pad 0 -> pad 3 (length=17.56mm) target=(83.36, 123.47)
      backward stuck (1 < 80000), forward=80000
        backward cell (834, 1235, layer=0): ok, 8/8 neighbors blocked
          ALL neighbors blocked: (833,1234), (833,1235), (833,1236), (834,1234), (834,1236), (835,1234), (835,1235), (835,1236)
          Blocking obstacles: GND(1)
      [93mFailed to route MST edge after 80001 iterations (0.03s)[0m
    Fallback: attempting orphaned pad 3 directly from connected copper
    [49/89] (4 failed) Routing MST edge: pad 0 -> pad 3 (length=17.56mm) target=(83.36, 123.47)
      backward stuck (1 < 80000), forward=80000
        backward cell (834, 1235, layer=0): ok, 8/8 neighbors blocked
          ALL neighbors blocked: (833,1234), (833,1235), (833,1236), (834,1234), (834,1236), (835,1234), (835,1235), (835,1236)
          Blocking obstacles: GND(1)
      [93mFailed to route MST edge after 80001 iterations (0.03s)[0m
    Fallback: attempting orphaned pad 2 directly from connected copper
    [49/89] (4 failed) Routing MST edge: pad 0 -> pad 2 (length=90.78mm) target=(33.11, 100.51)
      Probe: forward=80000, backward=80000 iters, trying forward with full iterations...
      Routed in 364428 iterations (0.10s)
    [50/89] (4 failed) Routing MST edge: pad 2 -> pad 3 (length=73.22mm) target=(83.36, 123.47)
      backward stuck (1 < 80000), forward=80000
        backward cell (834, 1235, layer=0): ok, 8/8 neighbors blocked
          ALL neighbors blocked: (833,1234), (833,1235), (833,1236), (834,1234), (834,1236), (835,1234), (835,1235), (835,1236)
          Blocking obstacles: GND(1)
      [93mFailed to route MST edge after 80001 iterations (0.03s)[0m
  [93mWarning: 1 pad(s) not connected (2 MST edge(s) failed)[0m
  Phase 3 routing complete: 1 edges, 40 total segments, 2 total vias
    SR_LATCH: Retry FAILED (N=24): still 2 failed edges
      Retry had 6862 blocked cells
    Re-analyzing 6862 blocked cells from N=24 retry:
      No previously-routed nets blocking (likely blocked by pads/stubs/zones)
    No additional rippable blockers from retry analysis
    [91mSR_LATCH: All rip-up attempts failed, restoring 24 net(s)...[0m
  [91mNOT CONNECTED (so far): SR_LATCH - U3 pad 12 at (83.36, 123.47) - may still be recovered; final verdict in the end-of-run summary[0m
  Added 48 tap segments, 9 tap vias
  Net total time: 4.77s, 958843 iterations

ESTOP_OK (net 81):
  Multi-point net Phase 3: routing 2 remaining MST edges (longest first)
    [48/89] (3 failed) Routing MST edge: pad 0 -> pad 2 (length=37.39mm) target=(72.86, 110.95)
      Probe: forward=80000, backward=80000 iters, trying forward with full iterations...
      Routed in 435378 iterations (0.08s)
    [49/89] (3 failed) Routing MST edge: pad 0 -> pad 1 (length=6.23mm) target=(46.20, 123.50)
      Routed in 377 iterations (0.00s)
  Phase 3 routing complete: 2 edges, 31 total segments, 7 total vias
  Added 13 tap segments, 3 tap vias
  Net total time: 0.11s, 498355 iterations

SR_CLK (net 96):
  Multi-point net Phase 3: routing 2 remaining MST edges (longest first)
    [50/89] (3 failed) Routing MST edge: pad 0 -> pad 3 (length=18.13mm) target=(82.09, 123.47)
      backward stuck (1 < 80000), forward=80000
        backward cell (821, 1235, layer=0): ok, 8/8 neighbors blocked
          ALL neighbors blocked: (820,1234), (820,1235), (820,1236), (821,1234), (821,1236), (822,1234), (822,1235), (822,1236)
          Blocking obstacles: GND(1), HX_CLK(1)
      [93mFailed to route MST edge after 80001 iterations (0.02s)[0m
    Fallback: attempting orphaned pad 3 directly from connected copper
    [51/89] (4 failed) Routing MST edge: pad 0 -> pad 3 (length=18.13mm) target=(82.09, 123.47)
      backward stuck (1 < 80000), forward=80000
        backward cell (821, 1235, layer=0): ok, 8/8 neighbors blocked
          ALL neighbors blocked: (820,1234), (820,1235), (820,1236), (821,1234), (821,1236), (822,1234), (822,1235), (822,1236)
          Blocking obstacles: GND(1), HX_CLK(1)
      [93mFailed to route MST edge after 80001 iterations (0.02s)[0m
    Fallback: attempting orphaned pad 2 directly from connected copper
    [51/89] (4 failed) Routing MST edge: pad 0 -> pad 2 (length=92.62mm) target=(33.11, 97.97)
      Probe: forward=80000, backward=80000 iters, trying forward with full iterations...
      Routed in 790149 iterations (0.15s)
    [52/89] (4 failed) Routing MST edge: pad 2 -> pad 3 (length=74.49mm) target=(82.09, 123.47)
      backward stuck (1 < 80000), forward=80000
        backward cell (821, 1235, layer=0): ok, 8/8 neighbors blocked
          ALL neighbors blocked: (820,1234), (820,1235), (820,1236), (821,1234), (821,1236), (822,1234), (822,1235), (822,1236)
          Blocking obstacles: HX_CLK(1), GND(1)
      [93mFailed to route MST edge after 80001 iterations (0.02s)[0m
  [93mWarning: 1 pad(s) not connected (2 MST edge(s) failed)[0m
  Phase 3 routing complete: 1 edges, 42 total segments, 11 total vias
    Ripping OE_N (net 55) to retry tap route...
  Multi-point net Phase 3: routing 2 remaining MST edges (longest first)
    [53/89] (5 failed) Routing MST edge: pad 0 -> pad 3 (length=18.13mm) target=(82.09, 123.47)
      backward stuck (1 < 80000), forward=80000
        backward cell (821, 1235, layer=0): ok, 8/8 neighbors blocked
          ALL neighbors blocked: (820,1234), (820,1235), (820,1236), (821,1234), (821,1236), (822,1234), (822,1235), (822,1236)
          Blocking obstacles: HX_CLK(1), GND(1)
      [93mFailed to route MST edge after 80001 iterations (0.02s)[0m
    Fallback: attempting orphaned pad 3 directly from connected copper
    [54/89] (6 failed) Routing MST edge: pad 0 -> pad 3 (length=18.13mm) target=(82.09, 123.47)
      backward stuck (1 < 80000), forward=80000
        backward cell (821, 1235, layer=0): ok, 8/8 neighbors blocked
          ALL neighbors blocked: (820,1234), (820,1235), (820,1236), (821,1234), (821,1236), (822,1234), (822,1235), (822,1236)
          Blocking obstacles: HX_CLK(1), GND(1)
      [93mFailed to route MST edge after 80001 iterations (0.02s)[0m
    Fallback: attempting orphaned pad 2 directly from connected copper
    [54/89] (6 failed) Routing MST edge: pad 0 -> pad 2 (length=92.62mm) target=(33.11, 97.97)
      Probe: forward=80000, backward=80000 iters, trying forward with full iterations...
      Routed in 688909 iterations (0.13s)
    [55/89] (6 failed) Routing MST edge: pad 2 -> pad 3 (length=74.49mm) target=(82.09, 123.47)
      backward stuck (1 < 80000), forward=80000
        backward cell (821, 1235, layer=0): ok, 8/8 neighbors blocked
          ALL neighbors blocked: (820,1234), (820,1235), (820,1236), (821,1234), (821,1236), (822,1234), (822,1235), (822,1236)
          Blocking obstacles: HX_CLK(1), GND(1)
      [93mFailed to route MST edge after 80001 iterations (0.02s)[0m
  [93mWarning: 1 pad(s) not connected (2 MST edge(s) failed)[0m
  Phase 3 routing complete: 1 edges, 42 total segments, 9 total vias
    SR_CLK: Retry FAILED (N=1): still 2 failed edges
      Retry had 7228 blocked cells
    Re-analyzing 7228 blocked cells from N=1 retry:
      Frontier blocked by 21 nets (2287 cells, 2287 unique)
      Top blockers:
        1. SR_LATCH: 541 (23.7%), 541 uniq (100%)
        2. DRV1: 303 (13.2%), 303 uniq (100%)
        3. DRV8: 237 (10.4%), 237 uniq (100%)
        4. RUN: 191 (8.4%), 191 uniq (100%)
        5. HX_CLK: 153 (6.7%), 153 uniq (100%)
        6. CONT_C: 148 (6.5%), 148 uniq (100%)
        7. CONT_REQ: 117 (5.1%), 117 uniq (100%)
        8. TT_A: 113 (4.9%), 113 uniq (100%)
        9. DRV2: 76 (3.3%), 76 uniq (100%)
        10. DRV3: 74 (3.2%), 74 uniq (100%)
        ... and 11 more nets (334 cells)
    Extending to N=2: ripping SR_LATCH (net 48)...
  Multi-point net Phase 3: routing 2 remaining MST edges (longest first)
    [53/89] (5 failed) Routing MST edge: pad 0 -> pad 3 (length=18.13mm) target=(82.09, 123.47)
      backward stuck (1 < 80000), forward=80000
        backward cell (821, 1235, layer=0): ok, 8/8 neighbors blocked
          ALL neighbors blocked: (820,1234), (820,1235), (820,1236), (821,1234), (821,1236), (822,1234), (822,1235), (822,1236)
          Blocking obstacles: GND(1), HX_CLK(1)
      [93mFailed to route MST edge after 80001 iterations (0.02s)[0m
    Fallback: attempting orphaned pad 3 directly from connected copper
    [54/89] (6 failed) Routing MST edge: pad 0 -> pad 3 (length=18.13mm) target=(82.09, 123.47)
      backward stuck (1 < 80000), forward=80000
        backward cell (821, 1235, layer=0): ok, 8/8 neighbors blocked
          ALL neighbors blocked: (820,1234), (820,1235), (820,1236), (821,1234), (821,1236), (822,1234), (822,1235), (822,1236)
          Blocking obstacles: GND(1), HX_CLK(1)
      [93mFailed to route MST edge after 80001 iterations (0.02s)[0m
    Fallback: attempting orphaned pad 2 directly from connected copper
    [54/89] (6 failed) Routing MST edge: pad 0 -> pad 2 (length=92.62mm) target=(33.11, 97.97)
      Probe: forward=80000, backward=80000 iters, trying forward with full iterations...
      Routed in 679768 iterations (0.13s)
    [55/89] (6 failed) Routing MST edge: pad 2 -> pad 3 (length=74.49mm) target=(82.09, 123.47)
      backward stuck (1 < 80000), forward=80000
        backward cell (821, 1235, layer=0): ok, 8/8 neighbors blocked
          ALL neighbors blocked: (820,1234), (820,1235), (820,1236), (821,1234), (821,1236), (822,1234), (822,1235), (822,1236)
          Blocking obstacles: GND(1), HX_CLK(1)
      [93mFailed to route MST edge after 80001 iterations (0.02s)[0m
  [93mWarning: 1 pad(s) not connected (2 MST edge(s) failed)[0m
  Phase 3 routing complete: 1 edges, 57 total segments, 9 total vias
    SR_CLK: Retry FAILED (N=2): still 2 failed edges
      Retry had 8106 blocked cells
    Re-analyzing 8106 blocked cells from N=2 retry:
      Frontier blocked by 16 nets (1985 cells, 1985 unique)
      Top blockers:
        1. HX_CLK: 415 (20.9%), 415 uniq (100%)
        2. TT_A: 313 (15.8%), 313 uniq (100%)
        3. DRV1: 303 (15.3%), 303 uniq (100%)
        4. SR_DATA: 240 (12.1%), 240 uniq (100%)
        5. CONT_C: 163 (8.2%), 163 uniq (100%)
        6. SR_CASC: 157 (7.9%), 157 uniq (100%)
        7. DRV2: 76 (3.8%), 76 uniq (100%)
        8. DRV3: 74 (3.7%), 74 uniq (100%)
        9. GP4_SPARE: 60 (3.0%), 60 uniq (100%)
        10. CONT_E: 57 (2.9%), 57 uniq (100%)
        ... and 6 more nets (127 cells)
    Extending to N=3: ripping DRV1 (net 111)...
  Multi-point net Phase 3: routing 2 remaining MST edges (longest first)
    [53/89] (5 failed) Routing MST edge: pad 0 -> pad 3 (length=18.13mm) target=(82.09, 123.47)
      backward stuck (1 < 80000), forward=80000
        backward cell (821, 1235, layer=0): ok, 8/8 neighbors blocked
          ALL neighbors blocked: (820,1234), (820,1235), (820,1236), (821,1234), (821,1236), (822,1234), (822,1235), (822,1236)
          Blocking obstacles: HX_CLK(1), GND(1)
      [93mFailed to route MST edge after 80001 iterations (0.02s)[0m
    Fallback: attempting orphaned pad 3 directly from connected copper
    [54/89] (6 failed) Routing MST edge: pad 0 -> pad 3 (length=18.13mm) target=(82.09, 123.47)
      backward stuck (1 < 80000), forward=80000
        backward cell (821, 1235, layer=0): ok, 8/8 neighbors blocked
          ALL neighbors blocked: (820,1234), (820,1235), (820,1236), (821,1234), (821,1236), (822,1234), (822,1235), (822,1236)
          Blocking obstacles: HX_CLK(1), GND(1)
      [93mFailed to route MST edge after 80001 iterations (0.02s)[0m
    Fallback: attempting orphaned pad 2 directly from connected copper
    [54/89] (6 failed) Routing MST edge: pad 0 -> pad 2 (length=92.62mm) target=(33.11, 97.97)
      Probe: forward=80000, backward=80000 iters, trying forward with full iterations...
      Routed in 684479 iterations (0.13s)
    [55/89] (6 failed) Routing MST edge: pad 2 -> pad 3 (length=74.49mm) target=(82.09, 123.47)
      backward stuck (1 < 80000), forward=80000
        backward cell (821, 1235, layer=0): ok, 8/8 neighbors blocked
          ALL neighbors blocked: (820,1234), (820,1235), (820,1236), (821,1234), (821,1236), (822,1234), (822,1235), (822,1236)
          Blocking obstacles: HX_CLK(1), GND(1)
      [93mFailed to route MST edge after 80001 iterations (0.02s)[0m
  [93mWarning: 1 pad(s) not connected (2 MST edge(s) failed)[0m
  Phase 3 routing complete: 1 edges, 57 total segments, 9 total vias
    SR_CLK: Retry FAILED (N=3): still 2 failed edges
      Retry had 7536 blocked cells
    Re-analyzing 7536 blocked cells from N=3 retry:
      Frontier blocked by 15 nets (1683 cells, 1683 unique)
      Top blockers:
        1. HX_CLK: 411 (24.4%), 411 uniq (100%)
        2. TT_A: 313 (18.6%), 313 uniq (100%)
        3. SR_DATA: 240 (14.3%), 240 uniq (100%)
        4. CONT_C: 163 (9.7%), 163 uniq (100%)
        5. SR_CASC: 157 (9.3%), 157 uniq (100%)
        6. DRV2: 84 (5.0%), 84 uniq (100%)
        7. DRV3: 74 (4.4%), 74 uniq (100%)
        8. GP4_SPARE: 59 (3.5%), 59 uniq (100%)
        9. CONT_E: 57 (3.4%), 57 uniq (100%)
        10. DRV4: 40 (2.4%), 40 uniq (100%)
        ... and 5 more nets (85 cells)
    Extending to N=4: ripping RUN (net 71)...
  Multi-point net Phase 3: routing 2 remaining MST edges (longest first)
    [53/89] (5 failed) Routing MST edge: pad 0 -> pad 3 (length=18.13mm) target=(82.09, 123.47)
      backward stuck (1 < 80000), forward=80000
        backward cell (821, 1235, layer=0): ok, 8/8 neighbors blocked
          ALL neighbors blocked: (820,1234), (820,1235), (820,1236), (821,1234), (821,1236), (822,1234), (822,1235), (822,1236)
          Blocking obstacles: GND(1), HX_CLK(1)
      [93mFailed to route MST edge after 80001 iterations (0.02s)[0m
    Fallback: attempting orphaned pad 3 directly from connected copper
    [54/89] (6 failed) Routing MST edge: pad 0 -> pad 3 (length=18.13mm) target=(82.09, 123.47)
      backward stuck (1 < 80000), forward=80000
        backward cell (821, 1235, layer=0): ok, 8/8 neighbors blocked
          ALL neighbors blocked: (820,1234), (820,1235), (820,1236), (821,1234), (821,1236), (822,1234), (822,1235), (822,1236)
          Blocking obstacles: HX_CLK(1), GND(1)
      [93mFailed to route MST edge after 80001 iterations (0.02s)[0m
    Fallback: attempting orphaned pad 2 directly from connected copper
    [54/89] (6 failed) Routing MST edge: pad 0 -> pad 2 (length=92.62mm) target=(33.11, 97.97)
      Probe: forward=80000, backward=80000 iters, trying forward with full iterations...
      Routed in 539784 iterations (0.10s)
    [55/89] (6 failed) Routing MST edge: pad 2 -> pad 3 (length=74.49mm) target=(82.09, 123.47)
      backward stuck (1 < 80000), forward=80000
        backward cell (821, 1235, layer=0): ok, 8/8 neighbors blocked
          ALL neighbors blocked: (820,1234), (820,1235), (820,1236), (821,1234), (821,1236), (822,1234), (822,1235), (822,1236)
          Blocking obstacles: GND(1), HX_CLK(1)
      [93mFailed to route MST edge after 80001 iterations (0.02s)[0m
  [93mWarning: 1 pad(s) not connected (2 MST edge(s) failed)[0m
  Phase 3 routing complete: 1 edges, 38 total segments, 9 total vias
    SR_CLK: Retry FAILED (N=4): still 2 failed edges
      Retry had 6297 blocked cells
    Re-analyzing 6297 blocked cells from N=4 retry:
      Frontier blocked by 17 nets (1372 cells, 1372 unique)
      Top blockers:
        1. DRV8: 219 (16.0%), 219 uniq (100%)
        2. CONT_C: 163 (11.9%), 163 uniq (100%)
        3. SR_CASC: 142 (10.3%), 142 uniq (100%)
        4. TT_A: 135 (9.8%), 135 uniq (100%)
        5. HX_CLK: 113 (8.2%), 113 uniq (100%)
        6. SR_DATA: 112 (8.2%), 112 uniq (100%)
        7. CONT_REQ: 97 (7.1%), 97 uniq (100%)
        8. DRV2: 84 (6.1%), 84 uniq (100%)
        9. DRV3: 74 (5.4%), 74 uniq (100%)
        10. CONT_E: 57 (4.2%), 57 uniq (100%)
        ... and 7 more nets (176 cells)
    Extending to N=5: ripping DRV8 (net 118)...
  Multi-point net Phase 3: routing 2 remaining MST edges (longest first)
    [53/89] (5 failed) Routing MST edge: pad 0 -> pad 3 (length=18.13mm) target=(82.09, 123.47)
      backward stuck (1 < 80000), forward=80000
        backward cell (821, 1235, layer=0): ok, 8/8 neighbors blocked
          ALL neighbors blocked: (820,1234), (820,1235), (820,1236), (821,1234), (821,1236), (822,1234), (822,1235), (822,1236)
          Blocking obstacles: HX_CLK(1), GND(1)
      [93mFailed to route MST edge after 80001 iterations (0.02s)[0m
    Fallback: attempting orphaned pad 3 directly from connected copper
    [54/89] (6 failed) Routing MST edge: pad 0 -> pad 3 (length=18.13mm) target=(82.09, 123.47)
      backward stuck (1 < 80000), forward=80000
        backward cell (821, 1235, layer=0): ok, 8/8 neighbors blocked
          ALL neighbors blocked: (820,1234), (820,1235), (820,1236), (821,1234), (821,1236), (822,1234), (822,1235), (822,1236)
          Blocking obstacles: HX_CLK(1), GND(1)
      [93mFailed to route MST edge after 80001 iterations (0.02s)[0m
    Fallback: attempting orphaned pad 2 directly from connected copper
    [54/89] (6 failed) Routing MST edge: pad 0 -> pad 2 (length=92.62mm) target=(33.11, 97.97)
      Probe: forward=80000, backward=80000 iters, trying forward with full iterations...
      Routed in 539659 iterations (0.09s)
    [55/89] (6 failed) Routing MST edge: pad 2 -> pad 3 (length=74.49mm) target=(82.09, 123.47)
      backward stuck (1 < 80000), forward=80000
        backward cell (821, 1235, layer=0): ok, 8/8 neighbors blocked
          ALL neighbors blocked: (820,1234), (820,1235), (820,1236), (821,1234), (821,1236), (822,1234), (822,1235), (822,1236)
          Blocking obstacles: HX_CLK(1), GND(1)
      [93mFailed to route MST edge after 80001 iterations (0.02s)[0m
  [93mWarning: 1 pad(s) not connected (2 MST edge(s) failed)[0m
  Phase 3 routing complete: 1 edges, 38 total segments, 9 total vias
    SR_CLK: Retry FAILED (N=5): still 2 failed edges
      Retry had 6299 blocked cells
    Re-analyzing 6299 blocked cells from N=5 retry:
      Frontier blocked by 16 nets (1376 cells, 1376 unique)
      Top blockers:
        1. DRV7: 223 (16.2%), 223 uniq (100%)
        2. CONT_C: 163 (11.8%), 163 uniq (100%)
        3. SR_CASC: 142 (10.3%), 142 uniq (100%)
        4. TT_A: 135 (9.8%), 135 uniq (100%)
        5. HX_CLK: 118 (8.6%), 118 uniq (100%)
        6. SR_DATA: 112 (8.1%), 112 uniq (100%)
        7. CONT_REQ: 95 (6.9%), 95 uniq (100%)
        8. DRV2: 84 (6.1%), 84 uniq (100%)
        9. DRV3: 74 (5.4%), 74 uniq (100%)
        10. CONT_E: 57 (4.1%), 57 uniq (100%)
        ... and 6 more nets (173 cells)
    Extending to N=6: ripping CONT_C (net 135)...
  Multi-point net Phase 3: routing 2 remaining MST edges (longest first)
    [53/89] (5 failed) Routing MST edge: pad 0 -> pad 3 (length=18.13mm) target=(82.09, 123.47)
      backward stuck (1 < 80000), forward=80000
        backward cell (821, 1235, layer=0): ok, 8/8 neighbors blocked
          ALL neighbors blocked: (820,1234), (820,1235), (820,1236), (821,1234), (821,1236), (822,1234), (822,1235), (822,1236)
          Blocking obstacles: GND(1), HX_CLK(1)
      [93mFailed to route MST edge after 80001 iterations (0.02s)[0m
    Fallback: attempting orphaned pad 3 directly from connected copper
    [54/89] (6 failed) Routing MST edge: pad 0 -> pad 3 (length=18.13mm) target=(82.09, 123.47)
      backward stuck (1 < 80000), forward=80000
        backward cell (821, 1235, layer=0): ok, 8/8 neighbors blocked
          ALL neighbors blocked: (820,1234), (820,1235), (820,1236), (821,1234), (821,1236), (822,1234), (822,1235), (822,1236)
          Blocking obstacles: HX_CLK(1), GND(1)
      [93mFailed to route MST edge after 80001 iterations (0.02s)[0m
    Fallback: attempting orphaned pad 2 directly from connected copper
    [54/89] (6 failed) Routing MST edge: pad 0 -> pad 2 (length=92.62mm) target=(33.11, 97.97)
      Probe: forward=80000, backward=80000 iters, trying forward with full iterations...
      Routed in 549786 iterations (0.09s)
    [55/89] (6 failed) Routing MST edge: pad 2 -> pad 3 (length=74.49mm) target=(82.09, 123.47)
      backward stuck (1 < 80000), forward=80000
        backward cell (821, 1235, layer=0): ok, 8/8 neighbors blocked
          ALL neighbors blocked: (820,1234), (820,1235), (820,1236), (821,1234), (821,1236), (822,1234), (822,1235), (822,1236)
          Blocking obstacles: GND(1), HX_CLK(1)
      [93mFailed to route MST edge after 80001 iterations (0.02s)[0m
  [93mWarning: 1 pad(s) not connected (2 MST edge(s) failed)[0m
  Phase 3 routing complete: 1 edges, 40 total segments, 9 total vias
    SR_CLK: Retry FAILED (N=6): still 2 failed edges
      Retry had 5994 blocked cells
    Re-analyzing 5994 blocked cells from N=6 retry:
      Frontier blocked by 15 nets (1250 cells, 1250 unique)
      Top blockers:
        1. DRV7: 228 (18.2%), 228 uniq (100%)
        2. SR_CASC: 150 (12.0%), 150 uniq (100%)
        3. TT_A: 135 (10.8%), 135 uniq (100%)
        4. HX_CLK: 120 (9.6%), 120 uniq (100%)
        5. SR_DATA: 117 (9.4%), 117 uniq (100%)
        6. DRV2: 84 (6.7%), 84 uniq (100%)
        7. CONT_REQ: 77 (6.2%), 77 uniq (100%)
        8. DRV3: 74 (5.9%), 74 uniq (100%)
        9. CONT_E: 57 (4.6%), 57 uniq (100%)
        10. GP4_SPARE: 51 (4.1%), 51 uniq (100%)
        ... and 5 more nets (157 cells)
    Extending to N=7: ripping TT_A (net 129)...
  Multi-point net Phase 3: routing 2 remaining MST edges (longest first)
    [53/89] (5 failed) Routing MST edge: pad 0 -> pad 3 (length=18.13mm) target=(82.09, 123.47)
      backward stuck (1 < 80000), forward=80000
        backward cell (821, 1235, layer=0): ok, 8/8 neighbors blocked
          ALL neighbors blocked: (820,1234), (820,1235), (820,1236), (821,1234), (821,1236), (822,1234), (822,1235), (822,1236)
          Blocking obstacles: HX_CLK(1), GND(1)
      [93mFailed to route MST edge after 80001 iterations (0.02s)[0m
    Fallback: attempting orphaned pad 3 directly from connected copper
    [54/89] (6 failed) Routing MST edge: pad 0 -> pad 3 (length=18.13mm) target=(82.09, 123.47)
      backward stuck (1 < 80000), forward=80000
        backward cell (821, 1235, layer=0): ok, 8/8 neighbors blocked
          ALL neighbors blocked: (820,1234), (820,1235), (820,1236), (821,1234), (821,1236), (822,1234), (822,1235), (822,1236)
          Blocking obstacles: HX_CLK(1), GND(1)
      [93mFailed to route MST edge after 80001 iterations (0.02s)[0m
    Fallback: attempting orphaned pad 2 directly from connected copper
    [54/89] (6 failed) Routing MST edge: pad 0 -> pad 2 (length=92.62mm) target=(33.11, 97.97)
      Probe: forward=80000, backward=80000 iters, trying forward with full iterations...
      Routed in 414642 iterations (0.09s)
    [55/89] (6 failed) Routing MST edge: pad 2 -> pad 3 (length=74.49mm) target=(82.09, 123.47)
      backward stuck (1 < 80000), forward=80000
        backward cell (821, 1235, layer=0): ok, 8/8 neighbors blocked
          ALL neighbors blocked: (820,1234), (820,1235), (820,1236), (821,1234), (821,1236), (822,1234), (822,1235), (822,1236)
          Blocking obstacles: HX_CLK(1), GND(1)
      [93mFailed to route MST edge after 80001 iterations (0.02s)[0m
  [93mWarning: 1 pad(s) not connected (2 MST edge(s) failed)[0m
  Phase 3 routing complete: 1 edges, 61 total segments, 9 total vias
    SR_CLK: Retry FAILED (N=7): still 2 failed edges
      Retry had 8226 blocked cells
    Re-analyzing 8226 blocked cells from N=7 retry:
      Frontier blocked by 13 nets (1639 cells, 1639 unique)
      Top blockers:
        1. HX_CLK: 414 (25.3%), 414 uniq (100%)
        2. SR_CASC: 348 (21.2%), 348 uniq (100%)
        3. SR_DATA: 327 (20.0%), 327 uniq (100%)
        4. HX_DAT: 125 (7.6%), 125 uniq (100%)
        5. GP4_SPARE: 119 (7.3%), 119 uniq (100%)
        6. TT_B: 67 (4.1%), 67 uniq (100%)
        7. DRV2: 66 (4.0%), 66 uniq (100%)
        8. CONT_E: 57 (3.5%), 57 uniq (100%)
        9. WD_OK: 45 (2.7%), 45 uniq (100%)
        10. DRV3: 32 (2.0%), 32 uniq (100%)
        ... and 3 more nets (39 cells)
    Extending to N=8: ripping CONT_REQ (net 59)...
  Multi-point net Phase 3: routing 2 remaining MST edges (longest first)
    [53/89] (5 failed) Routing MST edge: pad 0 -> pad 3 (length=18.13mm) target=(82.09, 123.47)
      backward stuck (1 < 80000), forward=80000
        backward cell (821, 1235, layer=0): ok, 8/8 neighbors blocked
          ALL neighbors blocked: (820,1234), (820,1235), (820,1236), (821,1234), (821,1236), (822,1234), (822,1235), (822,1236)
          Blocking obstacles: HX_CLK(1), GND(1)
      [93mFailed to route MST edge after 80001 iterations (0.02s)[0m
    Fallback: attempting orphaned pad 3 directly from connected copper
    [54/89] (6 failed) Routing MST edge: pad 0 -> pad 3 (length=18.13mm) target=(82.09, 123.47)
      backward stuck (1 < 80000), forward=80000
        backward cell (821, 1235, layer=0): ok, 8/8 neighbors blocked
          ALL neighbors blocked: (820,1234), (820,1235), (820,1236), (821,1234), (821,1236), (822,1234), (822,1235), (822,1236)
          Blocking obstacles: GND(1), HX_CLK(1)
      [93mFailed to route MST edge after 80001 iterations (0.02s)[0m
    Fallback: attempting orphaned pad 2 directly from connected copper
    [54/89] (6 failed) Routing MST edge: pad 0 -> pad 2 (length=92.62mm) target=(33.11, 97.97)
      Probe: forward=80000, backward=80000 iters, trying forward with full iterations...
      Routed in 430136 iterations (0.08s)
    [55/89] (6 failed) Routing MST edge: pad 2 -> pad 3 (length=74.49mm) target=(82.09, 123.47)
      backward stuck (1 < 80000), forward=80000
        backward cell (821, 1235, layer=0): ok, 8/8 neighbors blocked
          ALL neighbors blocked: (820,1234), (820,1235), (820,1236), (821,1234), (821,1236), (822,1234), (822,1235), (822,1236)
          Blocking obstacles: HX_CLK(1), GND(1)
      [93mFailed to route MST edge after 80001 iterations (0.02s)[0m
  [93mWarning: 1 pad(s) not connected (2 MST edge(s) failed)[0m
  Phase 3 routing complete: 1 edges, 61 total segments, 9 total vias
    SR_CLK: Retry FAILED (N=8): still 2 failed edges
      Retry had 8226 blocked cells
    Re-analyzing 8226 blocked cells from N=8 retry:
      Frontier blocked by 13 nets (1639 cells, 1639 unique)
      Top blockers:
        1. HX_CLK: 414 (25.3%), 414 uniq (100%)
        2. SR_CASC: 348 (21.2%), 348 uniq (100%)
        3. SR_DATA: 327 (20.0%), 327 uniq (100%)
        4. HX_DAT: 125 (7.6%), 125 uniq (100%)
        5. GP4_SPARE: 119 (7.3%), 119 uniq (100%)
        6. TT_B: 67 (4.1%), 67 uniq (100%)
        7. DRV2: 66 (4.0%), 66 uniq (100%)
        8. CONT_E: 57 (3.5%), 57 uniq (100%)
        9. WD_OK: 45 (2.7%), 45 uniq (100%)
        10. DRV3: 32 (2.0%), 32 uniq (100%)
        ... and 3 more nets (39 cells)
    Extending to N=9: ripping SR_CASC (net 137)...
  Multi-point net Phase 3: routing 2 remaining MST edges (longest first)
    [53/89] (5 failed) Routing MST edge: pad 0 -> pad 3 (length=18.13mm) target=(82.09, 123.47)
      backward stuck (1 < 80000), forward=80000
        backward cell (821, 1235, layer=0): ok, 8/8 neighbors blocked
          ALL neighbors blocked: (820,1234), (820,1235), (820,1236), (821,1234), (821,1236), (822,1234), (822,1235), (822,1236)
          Blocking obstacles: GND(1), HX_CLK(1)
      [93mFailed to route MST edge after 80001 iterations (0.02s)[0m
    Fallback: attempting orphaned pad 3 directly from connected copper
    [54/89] (6 failed) Routing MST edge: pad 0 -> pad 3 (length=18.13mm) target=(82.09, 123.47)
      backward stuck (1 < 80000), forward=80000
        backward cell (821, 1235, layer=0): ok, 8/8 neighbors blocked
          ALL neighbors blocked: (820,1234), (820,1235), (820,1236), (821,1234), (821,1236), (822,1234), (822,1235), (822,1236)
          Blocking obstacles: GND(1), HX_CLK(1)
      [93mFailed to route MST edge after 80001 iterations (0.02s)[0m
    Fallback: attempting orphaned pad 2 directly from connected copper
    [54/89] (6 failed) Routing MST edge: pad 0 -> pad 2 (length=92.62mm) target=(33.11, 97.97)
      Probe: forward=80000, backward=80000 iters, trying forward with full iterations...
      Routed in 310538 iterations (0.05s)
    [55/89] (6 failed) Routing MST edge: pad 2 -> pad 3 (length=74.49mm) target=(82.09, 123.47)
      backward stuck (1 < 80000), forward=80000
        backward cell (821, 1235, layer=0): ok, 8/8 neighbors blocked
          ALL neighbors blocked: (820,1234), (820,1235), (820,1236), (821,1234), (821,1236), (822,1234), (822,1235), (822,1236)
          Blocking obstacles: HX_CLK(1), GND(1)
      [93mFailed to route MST edge after 80001 iterations (0.02s)[0m
  [93mWarning: 1 pad(s) not connected (2 MST edge(s) failed)[0m
  Phase 3 routing complete: 1 edges, 57 total segments, 7 total vias
    SR_CLK: Retry FAILED (N=9): still 2 failed edges
      Retry had 8459 blocked cells
    Re-analyzing 8459 blocked cells from N=9 retry:
      Frontier blocked by 12 nets (1390 cells, 1390 unique)
      Top blockers:
        1. HX_CLK: 438 (31.5%), 438 uniq (100%)
        2. SR_DATA: 324 (23.3%), 324 uniq (100%)
        3. TT_B: 177 (12.7%), 177 uniq (100%)
        4. HX_DAT: 121 (8.7%), 121 uniq (100%)
        5. GP4_SPARE: 117 (8.4%), 117 uniq (100%)
        6. DRV2: 66 (4.7%), 66 uniq (100%)
        7. CONT_E: 57 (4.1%), 57 uniq (100%)
        8. WD_OK: 42 (3.0%), 42 uniq (100%)
        9. DRV3: 22 (1.6%), 22 uniq (100%)
        10. CONT_A: 20 (1.4%), 20 uniq (100%)
        ... and 2 more nets (6 cells)
    Extending to N=10: ripping HX_CLK (net 65)...
  Multi-point net Phase 3: routing 2 remaining MST edges (longest first)
    [53/89] (5 failed) Routing MST edge: pad 0 -> pad 3 (length=18.13mm) target=(82.09, 123.47)
      backward stuck (1 < 80000), forward=80000
        backward cell (821, 1235, layer=0): ok, 8/8 neighbors blocked
          ALL neighbors blocked: (820,1234), (820,1235), (820,1236), (821,1234), (821,1236), (822,1234), (822,1235), (822,1236)
          Blocking obstacles: HX_CLK(1), GND(1)
      [93mFailed to route MST edge after 80001 iterations (0.02s)[0m
    Fallback: attempting orphaned pad 3 directly from connected copper
    [54/89] (6 failed) Routing MST edge: pad 0 -> pad 3 (length=18.13mm) target=(82.09, 123.47)
      backward stuck (1 < 80000), forward=80000
        backward cell (821, 1235, layer=0): ok, 8/8 neighbors blocked
          ALL neighbors blocked: (820,1234), (820,1235), (820,1236), (821,1234), (821,1236), (822,1234), (822,1235), (822,1236)
          Blocking obstacles: GND(1), HX_CLK(1)
      [93mFailed to route MST edge after 80001 iterations (0.02s)[0m
    Fallback: attempting orphaned pad 2 directly from connected copper
    [54/89] (6 failed) Routing MST edge: pad 0 -> pad 2 (length=92.62mm) target=(33.11, 97.97)
      Probe: forward=80000, backward=80000 iters, trying forward with full iterations...
      Routed in 320571 iterations (0.05s)
    [55/89] (6 failed) Routing MST edge: pad 2 -> pad 3 (length=74.49mm) target=(82.09, 123.47)
      backward stuck (1 < 80000), forward=80000
        backward cell (821, 1235, layer=0): ok, 8/8 neighbors blocked
          ALL neighbors blocked: (820,1234), (820,1235), (820,1236), (821,1234), (821,1236), (822,1234), (822,1235), (822,1236)
          Blocking obstacles: HX_CLK(1), GND(1)
      [93mFailed to route MST edge after 80001 iterations (0.02s)[0m
  [93mWarning: 1 pad(s) not connected (2 MST edge(s) failed)[0m
  Phase 3 routing complete: 1 edges, 54 total segments, 7 total vias
    SR_CLK: Retry FAILED (N=10): still 2 failed edges
      Retry had 8055 blocked cells
    Re-analyzing 8055 blocked cells from N=10 retry:
      Frontier blocked by 13 nets (1020 cells, 1020 unique)
      Top blockers:
        1. SR_DATA: 317 (31.1%), 317 uniq (100%)
        2. TT_B: 175 (17.2%), 175 uniq (100%)
        3. HX_DAT: 128 (12.5%), 128 uniq (100%)
        4. GP4_SPARE: 112 (11.0%), 112 uniq (100%)
        5. DRV2: 66 (6.5%), 66 uniq (100%)
        6. CONT_E: 57 (5.6%), 57 uniq (100%)
        7. Q1G: 51 (5.0%), 51 uniq (100%)
        8. WD_OK: 35 (3.4%), 35 uniq (100%)
        9. Q2G: 31 (3.0%), 31 uniq (100%)
        10. DRV3: 22 (2.2%), 22 uniq (100%)
        ... and 3 more nets (26 cells)
    Extending to N=11: ripping SR_DATA (net 141)...
  Multi-point net Phase 3: routing 2 remaining MST edges (longest first)
    [53/89] (5 failed) Routing MST edge: pad 0 -> pad 3 (length=18.13mm) target=(82.09, 123.47)
      backward stuck (1 < 80000), forward=80000
        backward cell (821, 1235, layer=0): ok, 8/8 neighbors blocked
          ALL neighbors blocked: (820,1234), (820,1235), (820,1236), (821,1234), (821,1236), (822,1234), (822,1235), (822,1236)
          Blocking obstacles: HX_CLK(1), GND(1)
      [93mFailed to route MST edge after 80001 iterations (0.02s)[0m
    Fallback: attempting orphaned pad 3 directly from connected copper
    [54/89] (6 failed) Routing MST edge: pad 0 -> pad 3 (length=18.13mm) target=(82.09, 123.47)
      backward stuck (1 < 80000), forward=80000
        backward cell (821, 1235, layer=0): ok, 8/8 neighbors blocked
          ALL neighbors blocked: (820,1234), (820,1235), (820,1236), (821,1234), (821,1236), (822,1234), (822,1235), (822,1236)
          Blocking obstacles: HX_CLK(1), GND(1)
      [93mFailed to route MST edge after 80001 iterations (0.02s)[0m
    Fallback: attempting orphaned pad 2 directly from connected copper
    [54/89] (6 failed) Routing MST edge: pad 0 -> pad 2 (length=92.62mm) target=(33.11, 97.97)
      Probe: forward=80000, backward=80000 iters, trying forward with full iterations...
      Routed in 366763 iterations (0.06s)
    [55/89] (6 failed) Routing MST edge: pad 2 -> pad 3 (length=74.49mm) target=(82.09, 123.47)
      backward stuck (1 < 80000), forward=80000
        backward cell (821, 1235, layer=0): ok, 8/8 neighbors blocked
          ALL neighbors blocked: (820,1234), (820,1235), (820,1236), (821,1234), (821,1236), (822,1234), (822,1235), (822,1236)
          Blocking obstacles: HX_CLK(1), GND(1)
      [93mFailed to route MST edge after 80001 iterations (0.02s)[0m
  [93mWarning: 1 pad(s) not connected (2 MST edge(s) failed)[0m
  Phase 3 routing complete: 1 edges, 54 total segments, 7 total vias
    SR_CLK: Retry FAILED (N=11): still 2 failed edges
      Retry had 7551 blocked cells
    Re-analyzing 7551 blocked cells from N=11 retry:
      Frontier blocked by 11 nets (852 cells, 852 unique)
      Top blockers:
        1. GP4_SPARE: 279 (32.7%), 279 uniq (100%)
        2. TT_B: 171 (20.1%), 171 uniq (100%)
        3. HX_DAT: 125 (14.7%), 125 uniq (100%)
        4. DRV2: 66 (7.7%), 66 uniq (100%)
        5. CONT_E: 57 (6.7%), 57 uniq (100%)
        6. Q1G: 47 (5.5%), 47 uniq (100%)
        7. Q2G: 31 (3.6%), 31 uniq (100%)
        8. WD_OK: 31 (3.6%), 31 uniq (100%)
        9. DRV3: 22 (2.6%), 22 uniq (100%)
        10. CONT_A: 20 (2.3%), 20 uniq (100%)
        ... and 1 more nets (3 cells)
    Extending to N=12: ripping GP4_SPARE (net 131)...
  Multi-point net Phase 3: routing 2 remaining MST edges (longest first)
    [53/89] (5 failed) Routing MST edge: pad 0 -> pad 3 (length=18.13mm) target=(82.09, 123.47)
      backward stuck (1 < 80000), forward=80000
        backward cell (821, 1235, layer=0): ok, 8/8 neighbors blocked
          ALL neighbors blocked: (820,1234), (820,1235), (820,1236), (821,1234), (821,1236), (822,1234), (822,1235), (822,1236)
          Blocking obstacles: HX_CLK(1), GND(1)
      [93mFailed to route MST edge after 80001 iterations (0.02s)[0m
    Fallback: attempting orphaned pad 3 directly from connected copper
    [54/89] (6 failed) Routing MST edge: pad 0 -> pad 3 (length=18.13mm) target=(82.09, 123.47)
      backward stuck (1 < 80000), forward=80000
        backward cell (821, 1235, layer=0): ok, 8/8 neighbors blocked
          ALL neighbors blocked: (820,1234), (820,1235), (820,1236), (821,1234), (821,1236), (822,1234), (822,1235), (822,1236)
          Blocking obstacles: HX_CLK(1), GND(1)
      [93mFailed to route MST edge after 80001 iterations (0.02s)[0m
    Fallback: attempting orphaned pad 2 directly from connected copper
    [54/89] (6 failed) Routing MST edge: pad 0 -> pad 2 (length=92.62mm) target=(33.11, 97.97)
      Probe: forward=80000, backward=80000 iters, trying forward with full iterations...
      Routed in 379115 iterations (0.06s)
    [55/89] (6 failed) Routing MST edge: pad 2 -> pad 3 (length=74.49mm) target=(82.09, 123.47)
      backward stuck (1 < 80000), forward=80000
        backward cell (821, 1235, layer=0): ok, 8/8 neighbors blocked
          ALL neighbors blocked: (820,1234), (820,1235), (820,1236), (821,1234), (821,1236), (822,1234), (822,1235), (822,1236)
          Blocking obstacles: HX_CLK(1), GND(1)
      [93mFailed to route MST edge after 80001 iterations (0.02s)[0m
  [93mWarning: 1 pad(s) not connected (2 MST edge(s) failed)[0m
  Phase 3 routing complete: 1 edges, 54 total segments, 7 total vias
    SR_CLK: Retry FAILED (N=12): still 2 failed edges
      Retry had 7321 blocked cells
    Re-analyzing 7321 blocked cells from N=12 retry:
      Frontier blocked by 10 nets (735 cells, 735 unique)
      Top blockers:
        1. TT_B: 343 (46.7%), 343 uniq (100%)
        2. HX_DAT: 123 (16.7%), 123 uniq (100%)
        3. DRV2: 64 (8.7%), 64 uniq (100%)
        4. CONT_E: 57 (7.8%), 57 uniq (100%)
        5. Q1G: 45 (6.1%), 45 uniq (100%)
        6. Q2G: 31 (4.2%), 31 uniq (100%)
        7. WD_OK: 29 (3.9%), 29 uniq (100%)
        8. CONT_A: 20 (2.7%), 20 uniq (100%)
        9. DRV3: 20 (2.7%), 20 uniq (100%)
        10. DRV4: 3 (0.4%), 3 uniq (100%)
    Extending to N=13: ripping DRV2 (net 112)...
  Multi-point net Phase 3: routing 2 remaining MST edges (longest first)
    [53/89] (5 failed) Routing MST edge: pad 0 -> pad 3 (length=18.13mm) target=(82.09, 123.47)
      backward stuck (1 < 80000), forward=80000
        backward cell (821, 1235, layer=0): ok, 8/8 neighbors blocked
          ALL neighbors blocked: (820,1234), (820,1235), (820,1236), (821,1234), (821,1236), (822,1234), (822,1235), (822,1236)
          Blocking obstacles: GND(1), HX_CLK(1)
      [93mFailed to route MST edge after 80001 iterations (0.02s)[0m
    Fallback: attempting orphaned pad 3 directly from connected copper
    [54/89] (6 failed) Routing MST edge: pad 0 -> pad 3 (length=18.13mm) target=(82.09, 123.47)
      backward stuck (1 < 80000), forward=80000
        backward cell (821, 1235, layer=0): ok, 8/8 neighbors blocked
          ALL neighbors blocked: (820,1234), (820,1235), (820,1236), (821,1234), (821,1236), (822,1234), (822,1235), (822,1236)
          Blocking obstacles: HX_CLK(1), GND(1)
      [93mFailed to route MST edge after 80001 iterations (0.02s)[0m
    Fallback: attempting orphaned pad 2 directly from connected copper
    [54/89] (6 failed) Routing MST edge: pad 0 -> pad 2 (length=92.62mm) target=(33.11, 97.97)
      Probe: forward=80000, backward=80000 iters, trying forward with full iterations...
      Routed in 380090 iterations (0.06s)
    [55/89] (6 failed) Routing MST edge: pad 2 -> pad 3 (length=74.49mm) target=(82.09, 123.47)
      backward stuck (1 < 80000), forward=80000
        backward cell (821, 1235, layer=0): ok, 8/8 neighbors blocked
          ALL neighbors blocked: (820,1234), (820,1235), (820,1236), (821,1234), (821,1236), (822,1234), (822,1235), (822,1236)
          Blocking obstacles: HX_CLK(1), GND(1)
      [93mFailed to route MST edge after 80001 iterations (0.02s)[0m
  [93mWarning: 1 pad(s) not connected (2 MST edge(s) failed)[0m
  Phase 3 routing complete: 1 edges, 54 total segments, 7 total vias
    SR_CLK: Retry FAILED (N=13): still 2 failed edges
      Retry had 7536 blocked cells
    Re-analyzing 7536 blocked cells from N=13 retry:
      Frontier blocked by 9 nets (737 cells, 737 unique)
      Top blockers:
        1. TT_B: 344 (46.7%), 344 uniq (100%)
        2. HX_DAT: 123 (16.7%), 123 uniq (100%)
        3. DRV3: 84 (11.4%), 84 uniq (100%)
        4. CONT_E: 57 (7.7%), 57 uniq (100%)
        5. Q1G: 45 (6.1%), 45 uniq (100%)
        6. Q2G: 31 (4.2%), 31 uniq (100%)
        7. WD_OK: 30 (4.1%), 30 uniq (100%)
        8. CONT_A: 20 (2.7%), 20 uniq (100%)
        9. DRV4: 3 (0.4%), 3 uniq (100%)
    Extending to N=14: ripping DRV3 (net 113)...
  Multi-point net Phase 3: routing 2 remaining MST edges (longest first)
    [53/89] (5 failed) Routing MST edge: pad 0 -> pad 3 (length=18.13mm) target=(82.09, 123.47)
      backward stuck (1 < 80000), forward=80000
        backward cell (821, 1235, layer=0): ok, 8/8 neighbors blocked
          ALL neighbors blocked: (820,1234), (820,1235), (820,1236), (821,1234), (821,1236), (822,1234), (822,1235), (822,1236)
          Blocking obstacles: GND(1), HX_CLK(1)
      [93mFailed to route MST edge after 80001 iterations (0.02s)[0m
    Fallback: attempting orphaned pad 3 directly from connected copper
    [54/89] (6 failed) Routing MST edge: pad 0 -> pad 3 (length=18.13mm) target=(82.09, 123.47)
      backward stuck (1 < 80000), forward=80000
        backward cell (821, 1235, layer=0): ok, 8/8 neighbors blocked
          ALL neighbors blocked: (820,1234), (820,1235), (820,1236), (821,1234), (821,1236), (822,1234), (822,1235), (822,1236)
          Blocking obstacles: HX_CLK(1), GND(1)
      [93mFailed to route MST edge after 80001 iterations (0.02s)[0m
    Fallback: attempting orphaned pad 2 directly from connected copper
    [54/89] (6 failed) Routing MST edge: pad 0 -> pad 2 (length=92.62mm) target=(33.11, 97.97)
      Probe: forward=80000, backward=80000 iters, trying forward with full iterations...
      Routed in 381783 iterations (0.06s)
    [55/89] (6 failed) Routing MST edge: pad 2 -> pad 3 (length=74.49mm) target=(82.09, 123.47)
      backward stuck (1 < 80000), forward=80000
        backward cell (821, 1235, layer=0): ok, 8/8 neighbors blocked
          ALL neighbors blocked: (820,1234), (820,1235), (820,1236), (821,1234), (821,1236), (822,1234), (822,1235), (822,1236)
          Blocking obstacles: HX_CLK(1), GND(1)
      [93mFailed to route MST edge after 80001 iterations (0.02s)[0m
  [93mWarning: 1 pad(s) not connected (2 MST edge(s) failed)[0m
  Phase 3 routing complete: 1 edges, 54 total segments, 7 total vias
    SR_CLK: Retry FAILED (N=14): still 2 failed edges
      Retry had 7653 blocked cells
    Re-analyzing 7653 blocked cells from N=14 retry:
      Frontier blocked by 8 nets (752 cells, 752 unique)
      Top blockers:
        1. TT_B: 341 (45.3%), 341 uniq (100%)
        2. HX_DAT: 122 (16.2%), 122 uniq (100%)
        3. DRV4: 112 (14.9%), 112 uniq (100%)
        4. CONT_E: 57 (7.6%), 57 uniq (100%)
        5. Q1G: 45 (6.0%), 45 uniq (100%)
        6. Q2G: 31 (4.1%), 31 uniq (100%)
        7. WD_OK: 28 (3.7%), 28 uniq (100%)
        8. CONT_A: 16 (2.1%), 16 uniq (100%)
    Extending to N=15: ripping CONT_E (net 134)...
  Multi-point net Phase 3: routing 2 remaining MST edges (longest first)
    [53/89] (5 failed) Routing MST edge: pad 0 -> pad 3 (length=18.13mm) target=(82.09, 123.47)
      backward stuck (1 < 80000), forward=80000
        backward cell (821, 1235, layer=0): ok, 8/8 neighbors blocked
          ALL neighbors blocked: (820,1234), (820,1235), (820,1236), (821,1234), (821,1236), (822,1234), (822,1235), (822,1236)
          Blocking obstacles: GND(1), HX_CLK(1)
      [93mFailed to route MST edge after 80001 iterations (0.02s)[0m
    Fallback: attempting orphaned pad 3 directly from connected copper
    [54/89] (6 failed) Routing MST edge: pad 0 -> pad 3 (length=18.13mm) target=(82.09, 123.47)
      backward stuck (1 < 80000), forward=80000
        backward cell (821, 1235, layer=0): ok, 8/8 neighbors blocked
          ALL neighbors blocked: (820,1234), (820,1235), (820,1236), (821,1234), (821,1236), (822,1234), (822,1235), (822,1236)
          Blocking obstacles: HX_CLK(1), GND(1)
      [93mFailed to route MST edge after 80001 iterations (0.02s)[0m
    Fallback: attempting orphaned pad 2 directly from connected copper
    [54/89] (6 failed) Routing MST edge: pad 0 -> pad 2 (length=92.62mm) target=(33.11, 97.97)
      Probe: forward=80000, backward=80000 iters, trying forward with full iterations...
      Routed in 382323 iterations (0.06s)
    [55/89] (6 failed) Routing MST edge: pad 2 -> pad 3 (length=74.49mm) target=(82.09, 123.47)
      backward stuck (1 < 80000), forward=80000
        backward cell (821, 1235, layer=0): ok, 8/8 neighbors blocked
          ALL neighbors blocked: (820,1234), (820,1235), (820,1236), (821,1234), (821,1236), (822,1234), (822,1235), (822,1236)
          Blocking obstacles: HX_CLK(1), GND(1)
      [93mFailed to route MST edge after 80001 iterations (0.02s)[0m
  [93mWarning: 1 pad(s) not connected (2 MST edge(s) failed)[0m
  Phase 3 routing complete: 1 edges, 54 total segments, 7 total vias
    SR_CLK: Retry FAILED (N=15): still 2 failed edges
      Retry had 7618 blocked cells
    Re-analyzing 7618 blocked cells from N=15 retry:
      Frontier blocked by 7 nets (700 cells, 700 unique)
      Top blockers:
        1. TT_B: 341 (48.7%), 341 uniq (100%)
        2. HX_DAT: 122 (17.4%), 122 uniq (100%)
        3. DRV4: 112 (16.0%), 112 uniq (100%)
        4. Q1G: 45 (6.4%), 45 uniq (100%)
        5. Q2G: 31 (4.4%), 31 uniq (100%)
        6. WD_OK: 29 (4.1%), 29 uniq (100%)
        7. CONT_A: 20 (2.9%), 20 uniq (100%)
    Extending to N=16: ripping RLY_EN (net 133)...
  Multi-point net Phase 3: routing 2 remaining MST edges (longest first)
    [53/89] (5 failed) Routing MST edge: pad 0 -> pad 3 (length=18.13mm) target=(82.09, 123.47)
      backward stuck (1 < 80000), forward=80000
        backward cell (821, 1235, layer=0): ok, 8/8 neighbors blocked
          ALL neighbors blocked: (820,1234), (820,1235), (820,1236), (821,1234), (821,1236), (822,1234), (822,1235), (822,1236)
          Blocking obstacles: GND(1), HX_CLK(1)
      [93mFailed to route MST edge after 80001 iterations (0.02s)[0m
    Fallback: attempting orphaned pad 3 directly from connected copper
    [54/89] (6 failed) Routing MST edge: pad 0 -> pad 3 (length=18.13mm) target=(82.09, 123.47)
      backward stuck (1 < 80000), forward=80000
        backward cell (821, 1235, layer=0): ok, 8/8 neighbors blocked
          ALL neighbors blocked: (820,1234), (820,1235), (820,1236), (821,1234), (821,1236), (822,1234), (822,1235), (822,1236)
          Blocking obstacles: HX_CLK(1), GND(1)
      [93mFailed to route MST edge after 80001 iterations (0.02s)[0m
    Fallback: attempting orphaned pad 2 directly from connected copper
    [54/89] (6 failed) Routing MST edge: pad 0 -> pad 2 (length=92.62mm) target=(33.11, 97.97)
      Probe: forward=80000, backward=80000 iters, trying forward with full iterations...
      Routed in 396554 iterations (0.07s)
    [55/89] (6 failed) Routing MST edge: pad 2 -> pad 3 (length=74.49mm) target=(82.09, 123.47)
      backward stuck (1 < 80000), forward=80000
        backward cell (821, 1235, layer=0): ok, 8/8 neighbors blocked
          ALL neighbors blocked: (820,1234), (820,1235), (820,1236), (821,1234), (821,1236), (822,1234), (822,1235), (822,1236)
          Blocking obstacles: GND(1), HX_CLK(1)
      [93mFailed to route MST edge after 80001 iterations (0.02s)[0m
  [93mWarning: 1 pad(s) not connected (2 MST edge(s) failed)[0m
  Phase 3 routing complete: 1 edges, 54 total segments, 7 total vias
    SR_CLK: Retry FAILED (N=16): still 2 failed edges
      Retry had 7618 blocked cells
    Re-analyzing 7618 blocked cells from N=16 retry:
      Frontier blocked by 7 nets (700 cells, 700 unique)
      Top blockers:
        1. TT_B: 341 (48.7%), 341 uniq (100%)
        2. HX_DAT: 122 (17.4%), 122 uniq (100%)
        3. DRV4: 112 (16.0%), 112 uniq (100%)
        4. Q1G: 45 (6.4%), 45 uniq (100%)
        5. Q2G: 31 (4.4%), 31 uniq (100%)
        6. WD_OK: 29 (4.1%), 29 uniq (100%)
        7. CONT_A: 20 (2.9%), 20 uniq (100%)
    Extending to N=17: ripping DRV4 (net 114)...
  Multi-point net Phase 3: routing 2 remaining MST edges (longest first)
    [53/89] (5 failed) Routing MST edge: pad 0 -> pad 3 (length=18.13mm) target=(82.09, 123.47)
      backward stuck (1 < 80000), forward=80000
        backward cell (821, 1235, layer=0): ok, 8/8 neighbors blocked
          ALL neighbors blocked: (820,1234), (820,1235), (820,1236), (821,1234), (821,1236), (822,1234), (822,1235), (822,1236)
          Blocking obstacles: HX_CLK(1), GND(1)
      [93mFailed to route MST edge after 80001 iterations (0.02s)[0m
    Fallback: attempting orphaned pad 3 directly from connected copper
    [54/89] (6 failed) Routing MST edge: pad 0 -> pad 3 (length=18.13mm) target=(82.09, 123.47)
      backward stuck (1 < 80000), forward=80000
        backward cell (821, 1235, layer=0): ok, 8/8 neighbors blocked
          ALL neighbors blocked: (820,1234), (820,1235), (820,1236), (821,1234), (821,1236), (822,1234), (822,1235), (822,1236)
          Blocking obstacles: HX_CLK(1), GND(1)
      [93mFailed to route MST edge after 80001 iterations (0.02s)[0m
    Fallback: attempting orphaned pad 2 directly from connected copper
    [54/89] (6 failed) Routing MST edge: pad 0 -> pad 2 (length=92.62mm) target=(33.11, 97.97)
      Probe: forward=80000, backward=80000 iters, trying forward with full iterations...
      Routed in 397963 iterations (0.07s)
    [55/89] (6 failed) Routing MST edge: pad 2 -> pad 3 (length=74.49mm) target=(82.09, 123.47)
      backward stuck (1 < 80000), forward=80000
        backward cell (821, 1235, layer=0): ok, 8/8 neighbors blocked
          ALL neighbors blocked: (820,1234), (820,1235), (820,1236), (821,1234), (821,1236), (822,1234), (822,1235), (822,1236)
          Blocking obstacles: HX_CLK(1), GND(1)
      [93mFailed to route MST edge after 80001 iterations (0.02s)[0m
  [93mWarning: 1 pad(s) not connected (2 MST edge(s) failed)[0m
  Phase 3 routing complete: 1 edges, 54 total segments, 7 total vias
    SR_CLK: Retry FAILED (N=17): still 2 failed edges
      Retry had 7683 blocked cells
    Re-analyzing 7683 blocked cells from N=17 retry:
      Frontier blocked by 7 nets (741 cells, 741 unique)
      Top blockers:
        1. TT_B: 340 (45.9%), 340 uniq (100%)
        2. DRV5: 167 (22.5%), 167 uniq (100%)
        3. HX_DAT: 122 (16.5%), 122 uniq (100%)
        4. Q1G: 43 (5.8%), 43 uniq (100%)
        5. Q2G: 31 (4.2%), 31 uniq (100%)
        6. WD_OK: 28 (3.8%), 28 uniq (100%)
        7. CONT_A: 10 (1.3%), 10 uniq (100%)
    Extending to N=18: ripping Q2G (net 124)...
  Multi-point net Phase 3: routing 2 remaining MST edges (longest first)
    [53/89] (5 failed) Routing MST edge: pad 0 -> pad 3 (length=18.13mm) target=(82.09, 123.47)
      backward stuck (1 < 80000), forward=80000
        backward cell (821, 1235, layer=0): ok, 8/8 neighbors blocked
          ALL neighbors blocked: (820,1234), (820,1235), (820,1236), (821,1234), (821,1236), (822,1234), (822,1235), (822,1236)
          Blocking obstacles: HX_CLK(1), GND(1)
      [93mFailed to route MST edge after 80001 iterations (0.02s)[0m
    Fallback: attempting orphaned pad 3 directly from connected copper
    [54/89] (6 failed) Routing MST edge: pad 0 -> pad 3 (length=18.13mm) target=(82.09, 123.47)
      backward stuck (1 < 80000), forward=80000
        backward cell (821, 1235, layer=0): ok, 8/8 neighbors blocked
          ALL neighbors blocked: (820,1234), (820,1235), (820,1236), (821,1234), (821,1236), (822,1234), (822,1235), (822,1236)
          Blocking obstacles: GND(1), HX_CLK(1)
      [93mFailed to route MST edge after 80001 iterations (0.02s)[0m
    Fallback: attempting orphaned pad 2 directly from connected copper
    [54/89] (6 failed) Routing MST edge: pad 0 -> pad 2 (length=92.62mm) target=(33.11, 97.97)
      Probe: forward=80000, backward=80000 iters, trying forward with full iterations...
      Routed in 398896 iterations (0.07s)
    [55/89] (6 failed) Routing MST edge: pad 2 -> pad 3 (length=74.49mm) target=(82.09, 123.47)
      backward stuck (1 < 80000), forward=80000
        backward cell (821, 1235, layer=0): ok, 8/8 neighbors blocked
          ALL neighbors blocked: (820,1234), (820,1235), (820,1236), (821,1234), (821,1236), (822,1234), (822,1235), (822,1236)
          Blocking obstacles: GND(1), HX_CLK(1)
      [93mFailed to route MST edge after 80001 iterations (0.02s)[0m
  [93mWarning: 1 pad(s) not connected (2 MST edge(s) failed)[0m
  Phase 3 routing complete: 1 edges, 54 total segments, 7 total vias
    SR_CLK: Retry FAILED (N=18): still 2 failed edges
      Retry had 7709 blocked cells
    Re-analyzing 7709 blocked cells from N=18 retry:
      Frontier blocked by 6 nets (722 cells, 722 unique)
      Top blockers:
        1. TT_B: 339 (47.0%), 339 uniq (100%)
        2. DRV5: 167 (23.1%), 167 uniq (100%)
        3. HX_DAT: 121 (16.8%), 121 uniq (100%)
        4. Q1G: 58 (8.0%), 58 uniq (100%)
        5. WD_OK: 27 (3.7%), 27 uniq (100%)
        6. CONT_A: 10 (1.4%), 10 uniq (100%)
    Extending to N=19: ripping CONT_A (net 90)...
  Multi-point net Phase 3: routing 2 remaining MST edges (longest first)
    [53/89] (5 failed) Routing MST edge: pad 0 -> pad 3 (length=18.13mm) target=(82.09, 123.47)
      backward stuck (1 < 80000), forward=80000
        backward cell (821, 1235, layer=0): ok, 8/8 neighbors blocked
          ALL neighbors blocked: (820,1234), (820,1235), (820,1236), (821,1234), (821,1236), (822,1234), (822,1235), (822,1236)
          Blocking obstacles: HX_CLK(1), GND(1)
      [93mFailed to route MST edge after 80001 iterations (0.02s)[0m
    Fallback: attempting orphaned pad 3 directly from connected copper
    [54/89] (6 failed) Routing MST edge: pad 0 -> pad 3 (length=18.13mm) target=(82.09, 123.47)
      backward stuck (1 < 80000), forward=80000
        backward cell (821, 1235, layer=0): ok, 8/8 neighbors blocked
          ALL neighbors blocked: (820,1234), (820,1235), (820,1236), (821,1234), (821,1236), (822,1234), (822,1235), (822,1236)
          Blocking obstacles: HX_CLK(1), GND(1)
      [93mFailed to route MST edge after 80001 iterations (0.02s)[0m
    Fallback: attempting orphaned pad 2 directly from connected copper
    [54/89] (6 failed) Routing MST edge: pad 0 -> pad 2 (length=92.62mm) target=(33.11, 97.97)
      Probe: forward=80000, backward=80000 iters, trying forward with full iterations...
      Routed in 398896 iterations (0.07s)
    [55/89] (6 failed) Routing MST edge: pad 2 -> pad 3 (length=74.49mm) target=(82.09, 123.47)
      backward stuck (1 < 80000), forward=80000
        backward cell (821, 1235, layer=0): ok, 8/8 neighbors blocked
          ALL neighbors blocked: (820,1234), (820,1235), (820,1236), (821,1234), (821,1236), (822,1234), (822,1235), (822,1236)
          Blocking obstacles: HX_CLK(1), GND(1)
      [93mFailed to route MST edge after 80001 iterations (0.02s)[0m
  [93mWarning: 1 pad(s) not connected (2 MST edge(s) failed)[0m
  Phase 3 routing complete: 1 edges, 54 total segments, 7 total vias
    SR_CLK: Retry FAILED (N=19): still 2 failed edges
      Retry had 8114 blocked cells
    Re-analyzing 8114 blocked cells from N=19 retry:
      Frontier blocked by 6 nets (759 cells, 759 unique)
      Top blockers:
        1. TT_B: 339 (44.7%), 339 uniq (100%)
        2. DRV5: 197 (26.0%), 197 uniq (100%)
        3. HX_DAT: 120 (15.8%), 120 uniq (100%)
        4. Q1G: 58 (7.6%), 58 uniq (100%)
        5. WD_OK: 26 (3.4%), 26 uniq (100%)
        6. DRV6: 19 (2.5%), 19 uniq (100%)
    Extending to N=20: ripping DRV5 (net 115)...
  Multi-point net Phase 3: routing 2 remaining MST edges (longest first)
    [53/89] (5 failed) Routing MST edge: pad 0 -> pad 3 (length=18.13mm) target=(82.09, 123.47)
      backward stuck (1 < 80000), forward=80000
        backward cell (821, 1235, layer=0): ok, 8/8 neighbors blocked
          ALL neighbors blocked: (820,1234), (820,1235), (820,1236), (821,1234), (821,1236), (822,1234), (822,1235), (822,1236)
          Blocking obstacles: HX_CLK(1), GND(1)
      [93mFailed to route MST edge after 80001 iterations (0.02s)[0m
    Fallback: attempting orphaned pad 3 directly from connected copper
    [54/89] (6 failed) Routing MST edge: pad 0 -> pad 3 (length=18.13mm) target=(82.09, 123.47)
      backward stuck (1 < 80000), forward=80000
        backward cell (821, 1235, layer=0): ok, 8/8 neighbors blocked
          ALL neighbors blocked: (820,1234), (820,1235), (820,1236), (821,1234), (821,1236), (822,1234), (822,1235), (822,1236)
          Blocking obstacles: HX_CLK(1), GND(1)
      [93mFailed to route MST edge after 80001 iterations (0.02s)[0m
    Fallback: attempting orphaned pad 2 directly from connected copper
    [54/89] (6 failed) Routing MST edge: pad 0 -> pad 2 (length=92.62mm) target=(33.11, 97.97)
      Probe: forward=80000, backward=80000 iters, trying forward with full iterations...
      Routed in 402077 iterations (0.07s)
    [55/89] (6 failed) Routing MST edge: pad 2 -> pad 3 (length=74.49mm) target=(82.09, 123.47)
      backward stuck (1 < 80000), forward=80000
        backward cell (821, 1235, layer=0): ok, 8/8 neighbors blocked
          ALL neighbors blocked: (820,1234), (820,1235), (820,1236), (821,1234), (821,1236), (822,1234), (822,1235), (822,1236)
          Blocking obstacles: HX_CLK(1), GND(1)
      [93mFailed to route MST edge after 80001 iterations (0.02s)[0m
  [93mWarning: 1 pad(s) not connected (2 MST edge(s) failed)[0m
  Phase 3 routing complete: 1 edges, 54 total segments, 7 total vias
    SR_CLK: Retry FAILED (N=20): still 2 failed edges
      Retry had 7980 blocked cells
    Re-analyzing 7980 blocked cells from N=20 retry:
      Frontier blocked by 5 nets (682 cells, 682 unique)
      Top blockers:
        1. TT_B: 337 (49.4%), 337 uniq (100%)
        2. DRV6: 151 (22.1%), 151 uniq (100%)
        3. HX_DAT: 119 (17.4%), 119 uniq (100%)
        4. Q1G: 54 (7.9%), 54 uniq (100%)
        5. WD_OK: 21 (3.1%), 21 uniq (100%)
    Extending to N=21: ripping DRV6 (net 116)...
  Multi-point net Phase 3: routing 2 remaining MST edges (longest first)
    [53/89] (5 failed) Routing MST edge: pad 0 -> pad 3 (length=18.13mm) target=(82.09, 123.47)
      backward stuck (1 < 80000), forward=80000
        backward cell (821, 1235, layer=0): ok, 8/8 neighbors blocked
          ALL neighbors blocked: (820,1234), (820,1235), (820,1236), (821,1234), (821,1236), (822,1234), (822,1235), (822,1236)
          Blocking obstacles: HX_CLK(1), GND(1)
      [93mFailed to route MST edge after 80001 iterations (0.02s)[0m
    Fallback: attempting orphaned pad 3 directly from connected copper
    [54/89] (6 failed) Routing MST edge: pad 0 -> pad 3 (length=18.13mm) target=(82.09, 123.47)
      backward stuck (1 < 80000), forward=80000
        backward cell (821, 1235, layer=0): ok, 8/8 neighbors blocked
          ALL neighbors blocked: (820,1234), (820,1235), (820,1236), (821,1234), (821,1236), (822,1234), (822,1235), (822,1236)
          Blocking obstacles: HX_CLK(1), GND(1)
      [93mFailed to route MST edge after 80001 iterations (0.02s)[0m
    Fallback: attempting orphaned pad 2 directly from connected copper
    [54/89] (6 failed) Routing MST edge: pad 0 -> pad 2 (length=92.62mm) target=(33.11, 97.97)
      Probe: forward=80000, backward=80000 iters, trying forward with full iterations...
      Routed in 404118 iterations (0.07s)
    [55/89] (6 failed) Routing MST edge: pad 2 -> pad 3 (length=74.49mm) target=(82.09, 123.47)
      backward stuck (1 < 80000), forward=80000
        backward cell (821, 1235, layer=0): ok, 8/8 neighbors blocked
          ALL neighbors blocked: (820,1234), (820,1235), (820,1236), (821,1234), (821,1236), (822,1234), (822,1235), (822,1236)
          Blocking obstacles: HX_CLK(1), GND(1)
      [93mFailed to route MST edge after 80001 iterations (0.02s)[0m
  [93mWarning: 1 pad(s) not connected (2 MST edge(s) failed)[0m
  Phase 3 routing complete: 1 edges, 54 total segments, 7 total vias
    SR_CLK: Retry FAILED (N=21): still 2 failed edges
      Retry had 8071 blocked cells
    Re-analyzing 8071 blocked cells from N=21 retry:
      Frontier blocked by 5 nets (694 cells, 694 unique)
      Top blockers:
        1. TT_B: 335 (48.3%), 335 uniq (100%)
        2. DRV7: 175 (25.2%), 175 uniq (100%)
        3. HX_DAT: 118 (17.0%), 118 uniq (100%)
        4. Q1G: 49 (7.1%), 49 uniq (100%)
        5. WD_OK: 17 (2.4%), 17 uniq (100%)
    Extending to N=22: ripping DRV7 (net 117)...
  Multi-point net Phase 3: routing 2 remaining MST edges (longest first)
    [53/89] (5 failed) Routing MST edge: pad 0 -> pad 3 (length=18.13mm) target=(82.09, 123.47)
      backward stuck (1 < 80000), forward=80000
        backward cell (821, 1235, layer=0): ok, 8/8 neighbors blocked
          ALL neighbors blocked: (820,1234), (820,1235), (820,1236), (821,1234), (821,1236), (822,1234), (822,1235), (822,1236)
          Blocking obstacles: HX_CLK(1), GND(1)
      [93mFailed to route MST edge after 80001 iterations (0.02s)[0m
    Fallback: attempting orphaned pad 3 directly from connected copper
    [54/89] (6 failed) Routing MST edge: pad 0 -> pad 3 (length=18.13mm) target=(82.09, 123.47)
      backward stuck (1 < 80000), forward=80000
        backward cell (821, 1235, layer=0): ok, 8/8 neighbors blocked
          ALL neighbors blocked: (820,1234), (820,1235), (820,1236), (821,1234), (821,1236), (822,1234), (822,1235), (822,1236)
          Blocking obstacles: GND(1), HX_CLK(1)
      [93mFailed to route MST edge after 80001 iterations (0.02s)[0m
    Fallback: attempting orphaned pad 2 directly from connected copper
    [54/89] (6 failed) Routing MST edge: pad 0 -> pad 2 (length=92.62mm) target=(33.11, 97.97)
      Probe: forward=80000, backward=80000 iters, trying forward with full iterations...
      Routed in 460003 iterations (0.08s)
    [55/89] (6 failed) Routing MST edge: pad 2 -> pad 3 (length=74.49mm) target=(82.09, 123.47)
      backward stuck (1 < 80000), forward=80000
        backward cell (821, 1235, layer=0): ok, 8/8 neighbors blocked
          ALL neighbors blocked: (820,1234), (820,1235), (820,1236), (821,1234), (821,1236), (822,1234), (822,1235), (822,1236)
          Blocking obstacles: HX_CLK(1), GND(1)
      [93mFailed to route MST edge after 80001 iterations (0.02s)[0m
  [93mWarning: 1 pad(s) not connected (2 MST edge(s) failed)[0m
  Phase 3 routing complete: 1 edges, 54 total segments, 7 total vias
    SR_CLK: Retry FAILED (N=22): still 2 failed edges
      Retry had 7792 blocked cells
    Re-analyzing 7792 blocked cells from N=22 retry:
      Frontier blocked by 4 nets (481 cells, 481 unique)
      Top blockers:
        1. TT_B: 324 (67.4%), 324 uniq (100%)
        2. HX_DAT: 112 (23.3%), 112 uniq (100%)
        3. Q1G: 32 (6.7%), 32 uniq (100%)
        4. WD_OK: 13 (2.7%), 13 uniq (100%)
    Extending to N=23: ripping TT_B (net 130)...
  Multi-point net Phase 3: routing 2 remaining MST edges (longest first)
    [53/89] (5 failed) Routing MST edge: pad 0 -> pad 3 (length=18.13mm) target=(82.09, 123.47)
      backward stuck (1 < 80000), forward=80000
        backward cell (821, 1235, layer=0): ok, 8/8 neighbors blocked
          ALL neighbors blocked: (820,1234), (820,1235), (820,1236), (821,1234), (821,1236), (822,1234), (822,1235), (822,1236)
          Blocking obstacles: GND(1), HX_CLK(1)
      [93mFailed to route MST edge after 80001 iterations (0.02s)[0m
    Fallback: attempting orphaned pad 3 directly from connected copper
    [54/89] (6 failed) Routing MST edge: pad 0 -> pad 3 (length=18.13mm) target=(82.09, 123.47)
      backward stuck (1 < 80000), forward=80000
        backward cell (821, 1235, layer=0): ok, 8/8 neighbors blocked
          ALL neighbors blocked: (820,1234), (820,1235), (820,1236), (821,1234), (821,1236), (822,1234), (822,1235), (822,1236)
          Blocking obstacles: HX_CLK(1), GND(1)
      [93mFailed to route MST edge after 80001 iterations (0.02s)[0m
    Fallback: attempting orphaned pad 2 directly from connected copper
    [54/89] (6 failed) Routing MST edge: pad 0 -> pad 2 (length=92.62mm) target=(33.11, 97.97)
      Probe: forward=80000, backward=80000 iters, trying forward with full iterations...
      Routed in 297488 iterations (0.05s)
    [55/89] (6 failed) Routing MST edge: pad 2 -> pad 3 (length=74.49mm) target=(82.09, 123.47)
      backward stuck (1 < 80000), forward=80000
        backward cell (821, 1235, layer=0): ok, 8/8 neighbors blocked
          ALL neighbors blocked: (820,1234), (820,1235), (820,1236), (821,1234), (821,1236), (822,1234), (822,1235), (822,1236)
          Blocking obstacles: GND(1), HX_CLK(1)
      [93mFailed to route MST edge after 80001 iterations (0.02s)[0m
  [93mWarning: 1 pad(s) not connected (2 MST edge(s) failed)[0m
  Phase 3 routing complete: 1 edges, 52 total segments, 4 total vias
    SR_CLK: Retry FAILED (N=23): still 2 failed edges
      Retry had 7506 blocked cells
    Re-analyzing 7506 blocked cells from N=23 retry:
      Frontier blocked by 2 nets (82 cells, 82 unique)
      Top blockers:
        1. HX_DAT: 67 (81.7%), 67 uniq (100%)
        2. Q1G: 15 (18.3%), 15 uniq (100%)
    Extending to N=24: ripping HX_DAT (net 94)...
  Multi-point net Phase 3: routing 2 remaining MST edges (longest first)
    [53/89] (5 failed) Routing MST edge: pad 0 -> pad 3 (length=18.13mm) target=(82.09, 123.47)
      backward stuck (1 < 80000), forward=80000
        backward cell (821, 1235, layer=0): ok, 8/8 neighbors blocked
          ALL neighbors blocked: (820,1234), (820,1235), (820,1236), (821,1234), (821,1236), (822,1234), (822,1235), (822,1236)
          Blocking obstacles: GND(1), HX_CLK(1)
      [93mFailed to route MST edge after 80001 iterations (0.02s)[0m
    Fallback: attempting orphaned pad 3 directly from connected copper
    [54/89] (6 failed) Routing MST edge: pad 0 -> pad 3 (length=18.13mm) target=(82.09, 123.47)
      backward stuck (1 < 80000), forward=80000
        backward cell (821, 1235, layer=0): ok, 8/8 neighbors blocked
          ALL neighbors blocked: (820,1234), (820,1235), (820,1236), (821,1234), (821,1236), (822,1234), (822,1235), (822,1236)
          Blocking obstacles: GND(1), HX_CLK(1)
      [93mFailed to route MST edge after 80001 iterations (0.02s)[0m
    Fallback: attempting orphaned pad 2 directly from connected copper
    [54/89] (6 failed) Routing MST edge: pad 0 -> pad 2 (length=92.62mm) target=(33.11, 97.97)
      Probe: forward=80000, backward=80000 iters, trying forward with full iterations...
      Routed in 304852 iterations (0.05s)
    [55/89] (6 failed) Routing MST edge: pad 2 -> pad 3 (length=74.49mm) target=(82.09, 123.47)
      backward stuck (1 < 80000), forward=80000
        backward cell (821, 1235, layer=0): ok, 8/8 neighbors blocked
          ALL neighbors blocked: (820,1234), (820,1235), (820,1236), (821,1234), (821,1236), (822,1234), (822,1235), (822,1236)
          Blocking obstacles: HX_CLK(1), GND(1)
      [93mFailed to route MST edge after 80001 iterations (0.02s)[0m
  [93mWarning: 1 pad(s) not connected (2 MST edge(s) failed)[0m
  Phase 3 routing complete: 1 edges, 52 total segments, 4 total vias
    SR_CLK: Retry FAILED (N=24): still 2 failed edges
      Retry had 7456 blocked cells
    Re-analyzing 7456 blocked cells from N=24 retry:
      Frontier blocked by 1 nets (15 cells, 15 unique)
      Top blockers:
        1. Q1G: 15 (100.0%), 15 uniq (100%)
    Extending to N=25: ripping Q1G (net 122)...
  Multi-point net Phase 3: routing 2 remaining MST edges (longest first)
    [53/89] (5 failed) Routing MST edge: pad 0 -> pad 3 (length=18.13mm) target=(82.09, 123.47)
      backward stuck (1 < 80000), forward=80000
        backward cell (821, 1235, layer=0): ok, 8/8 neighbors blocked
          ALL neighbors blocked: (820,1234), (820,1235), (820,1236), (821,1234), (821,1236), (822,1234), (822,1235), (822,1236)
          Blocking obstacles: HX_CLK(1), GND(1)
      [93mFailed to route MST edge after 80001 iterations (0.02s)[0m
    Fallback: attempting orphaned pad 3 directly from connected copper
    [54/89] (6 failed) Routing MST edge: pad 0 -> pad 3 (length=18.13mm) target=(82.09, 123.47)
      backward stuck (1 < 80000), forward=80000
        backward cell (821, 1235, layer=0): ok, 8/8 neighbors blocked
          ALL neighbors blocked: (820,1234), (820,1235), (820,1236), (821,1234), (821,1236), (822,1234), (822,1235), (822,1236)
          Blocking obstacles: GND(1), HX_CLK(1)
      [93mFailed to route MST edge after 80001 iterations (0.02s)[0m
    Fallback: attempting orphaned pad 2 directly from connected copper
    [54/89] (6 failed) Routing MST edge: pad 0 -> pad 2 (length=92.62mm) target=(33.11, 97.97)
      Probe: forward=80000, backward=80000 iters, trying forward with full iterations...
      Routed in 307864 iterations (0.05s)
    [55/89] (6 failed) Routing MST edge: pad 2 -> pad 3 (length=74.49mm) target=(82.09, 123.47)
      backward stuck (1 < 80000), forward=80000
        backward cell (821, 1235, layer=0): ok, 8/8 neighbors blocked
          ALL neighbors blocked: (820,1234), (820,1235), (820,1236), (821,1234), (821,1236), (822,1234), (822,1235), (822,1236)
          Blocking obstacles: GND(1), HX_CLK(1)
      [93mFailed to route MST edge after 80001 iterations (0.02s)[0m
  [93mWarning: 1 pad(s) not connected (2 MST edge(s) failed)[0m
  Phase 3 routing complete: 1 edges, 52 total segments, 4 total vias
    SR_CLK: Retry FAILED (N=25): still 2 failed edges
      Retry had 7483 blocked cells
    Re-analyzing 7483 blocked cells from N=25 retry:
      No previously-routed nets blocking (likely blocked by pads/stubs/zones)
    No additional rippable blockers from retry analysis
    [91mSR_CLK: All rip-up attempts failed, restoring 25 net(s)...[0m
  [91mNOT CONNECTED (so far): SR_CLK - U3 pad 11 at (82.09, 123.47) - may still be recovered; final verdict in the end-of-run summary[0m
  Added 29 tap segments, 9 tap vias
  Net total time: 5.09s, 1121394 iterations

HX_DAT (net 94):
  Multi-point net Phase 3: routing 3 remaining MST edges (longest first)
    [53/89] (5 failed) Routing MST edge: pad 0 -> pad 1 (length=8.41mm) target=(78.86, 121.05)
      Routed in 8423 iterations (0.00s)
    [54/89] (5 failed) Routing MST edge: pad 1 -> pad 2 (length=2.28mm) target=(81.14, 121.05)
      Routed in 1129 iterations (0.00s)
    [55/89] (5 failed) Routing MST edge: pad 2 -> pad 4 (length=7.59mm) target=(80.50, 128.00)
      Routed in 33758 iterations (0.01s)
  Phase 3 routing complete: 3 edges, 53 total segments, 12 total vias
  Added 17 tap segments, 5 tap vias
  Net total time: 0.04s, 572173 iterations

ESTOP_RAW (net 62):
  Multi-point net Phase 3: routing 2 remaining MST edges (longest first)
    [56/89] (5 failed) Routing MST edge: pad 0 -> pad 2 (length=6.37mm) target=(21.95, 104.80)
      Routed in 37 iterations (0.00s)
    [57/89] (5 failed) Routing MST edge: pad 2 -> pad 1 (length=2.83mm) target=(22.18, 107.40)
      Routed in 27 iterations (0.00s)
  Phase 3 routing complete: 2 edges, 13 total segments, 0 total vias
  Added 7 tap segments, 0 tap vias
  Net total time: 0.02s, 152 iterations

WD_RCX (net 45):
  Multi-point net Phase 3: routing 1 remaining MST edges (longest first)
    [58/89] (5 failed) Routing MST edge: pad 1 -> pad 2 (length=2.64mm) target=(65.67, 109.36)
      Routed in 21 iterations (0.00s)
  Phase 3 routing complete: 1 edges, 8 total segments, 0 total vias
  Added 4 tap segments, 0 tap vias
  Net total time: 0.02s, 52 iterations

PU1_47 (net 68):
  Multi-point net Phase 3: routing 1 remaining MST edges (longest first)
    [59/89] (5 failed) Routing MST edge: pad 2 -> pad 0 (length=3.40mm) target=(47.47, 56.70)
      Routed in 89 iterations (0.00s)
  Phase 3 routing complete: 1 edges, 11 total segments, 0 total vias
  Added 7 tap segments, 0 tap vias
  Net total time: 0.02s, 132 iterations

PU0_47 (net 66):
  Multi-point net Phase 3: routing 1 remaining MST edges (longest first)
    [60/89] (5 failed) Routing MST edge: pad 1 -> pad 0 (length=4.10mm) target=(40.38, 42.90)
      Routed in 3080 iterations (0.00s)
  Phase 3 routing complete: 1 edges, 18 total segments, 2 total vias
  Added 7 tap segments, 2 tap vias
  Net total time: 0.02s, 3349 iterations

RUN (net 71):
  Multi-point net Phase 3: routing 2 remaining MST edges (longest first)
    [61/89] (5 failed) Routing MST edge: pad 1 -> pad 0 (length=6.00mm) target=(53.00, 92.12)
      Routed in 5415 iterations (0.00s)
    [62/89] (5 failed) Routing MST edge: pad 0 -> pad 3 (length=8.97mm) target=(50.89, 85.27)
      Routed in 61227 iterations (0.01s)
  Phase 3 routing complete: 2 edges, 39 total segments, 7 total vias
  Added 19 tap segments, 5 tap vias
  Net total time: 0.04s, 393727 iterations

DOOR_IN (net 91):
  Multi-point net Phase 3: routing 2 remaining MST edges (longest first)
    [63/89] (5 failed) Routing MST edge: pad 0 -> pad 1 (length=12.12mm) target=(56.30, 68.00)
      Routed in 11372 iterations (0.01s)
    [64/89] (5 failed) Routing MST edge: pad 2 -> pad 3 (length=10.12mm) target=(25.73, 88.00)
      Routed in 5377 iterations (0.00s)
  Phase 3 routing complete: 2 edges, 27 total segments, 5 total vias
  Added 16 tap segments, 3 tap vias
  Net total time: 0.03s, 39673 iterations

PU0_22 (net 95):
  Multi-point net Phase 3: routing 1 remaining MST edges (longest first)
    [65/89] (5 failed) Routing MST edge: pad 1 -> pad 0 (length=5.93mm) target=(35.20, 52.50)
      Routed in 3568 iterations (0.00s)
  Phase 3 routing complete: 1 edges, 16 total segments, 1 total vias
  Added 7 tap segments, 1 tap vias
  Net total time: 0.04s, 3651 iterations

ESTOP_F (net 79):
  Multi-point net Phase 3: routing 1 remaining MST edges (longest first)
    [66/89] (5 failed) Routing MST edge: pad 0 -> pad 2 (length=9.60mm) target=(27.73, 101.70)
      Routed in 16715 iterations (0.00s)
  Phase 3 routing complete: 1 edges, 27 total segments, 4 total vias
  Added 9 tap segments, 2 tap vias
  Net total time: 0.02s, 89599 iterations

TH3 (net 63):
  Multi-point net Phase 3: routing 2 remaining MST edges (longest first)
    [67/89] (5 failed) Routing MST edge: pad 2 -> pad 3 (length=2.15mm) target=(23.62, 117.60)
      Routed in 3968 iterations (0.00s)
    [68/89] (5 failed) Routing MST edge: pad 3 -> pad 0 (length=8.32mm) target=(24.35, 110.00)
      Routed in 10995 iterations (0.00s)
  Phase 3 routing complete: 2 edges, 17 total segments, 3 total vias
  Added 9 tap segments, 3 tap vias
  Net total time: 0.02s, 15383 iterations

WD_PULSE (net 75):
  Multi-point net Phase 3: routing 1 remaining MST edges (longest first)
    [69/89] (5 failed) Routing MST edge: pad 2 -> pad 0 (length=7.16mm) target=(58.30, 114.50)
      Routed in 5001 iterations (0.00s)
  Phase 3 routing complete: 1 edges, 23 total segments, 5 total vias
  Added 5 tap segments, 2 tap vias
  Net total time: 0.02s, 57304 iterations

TH1 (net 86):
  Multi-point net Phase 3: routing 2 remaining MST edges (longest first)
    [70/89] (5 failed) Routing MST edge: pad 0 -> pad 3 (length=12.43mm) target=(25.25, 112.60)
      Routed in 16731 iterations (0.00s)
    [71/89] (5 failed) Routing MST edge: pad 3 -> pad 2 (length=3.23mm) target=(23.52, 114.10)
      Routed in 272 iterations (0.00s)
  Phase 3 routing complete: 2 edges, 30 total segments, 5 total vias
  Added 15 tap segments, 3 tap vias
  Net total time: 0.03s, 29321 iterations

TH2_ADC (net 93):
  Multi-point net Phase 3: routing 2 remaining MST edges (longest first)
    [72/89] (5 failed) Routing MST edge: pad 1 -> pad 0 (length=6.27mm) target=(34.33, 111.20)
      Routed in 12330 iterations (0.00s)
    [73/89] (5 failed) Routing MST edge: pad 0 -> pad 2 (length=9.90mm) target=(33.62, 120.40)
      Routed in 20331 iterations (0.00s)
  Phase 3 routing complete: 2 edges, 24 total segments, 7 total vias
  Added 14 tap segments, 4 tap vias
  Net total time: 0.03s, 291938 iterations

PU1_22 (net 88):
  Multi-point net Phase 3: routing 1 remaining MST edges (longest first)
    [74/89] (5 failed) Routing MST edge: pad 0 -> pad 1 (length=3.82mm) target=(39.38, 49.20)
      Routed in 2866 iterations (0.00s)
  Phase 3 routing complete: 1 edges, 26 total segments, 5 total vias
  Added 4 tap segments, 1 tap vias
  Net total time: 0.02s, 57120 iterations

TH1_ADC (net 87):
  Multi-point net Phase 3: routing 2 remaining MST edges (longest first)
    [75/89] (5 failed) Routing MST edge: pad 2 -> pad 0 (length=20.08mm) target=(31.62, 120.30)
      Routed in 12585 iterations (0.00s)
    [76/89] (5 failed) Routing MST edge: pad 0 -> pad 1 (length=18.20mm) target=(25.73, 108.00)
      Routed in 12740 iterations (0.00s)
  Phase 3 routing complete: 2 edges, 45 total segments, 11 total vias
  Added 21 tap segments, 4 tap vias
  Net total time: 0.03s, 542442 iterations

DOOR_RAW (net 70):
  Multi-point net Phase 3: routing 3 remaining MST edges (longest first)
    [77/89] (5 failed) Routing MST edge: pad 1 -> pad 0 (length=16.22mm) target=(55.05, 63.50)
      Routed in 57893 iterations (0.01s)
    [78/89] (5 failed) Routing MST edge: pad 2 -> pad 3 (length=7.18mm) target=(23.82, 88.00)
      Routed in 99 iterations (0.00s)
    [79/89] (5 failed) Routing MST edge: pad 3 -> pad 4 (length=11.93mm) target=(24.55, 99.20)
      Routed in 23192 iterations (0.00s)
  Phase 3 routing complete: 3 edges, 39 total segments, 8 total vias
  Added 23 tap segments, 5 tap vias
  Net total time: 0.04s, 107034 iterations

TH3_ADC (net 52):
  Multi-point net Phase 3: routing 3 remaining MST edges (longest first)
    [80/89] (5 failed) Routing MST edge: pad 4 -> pad 1 (length=17.07mm) target=(56.35, 63.50)
      Routed in 47158 iterations (0.01s)
    [81/89] (5 failed) Routing MST edge: pad 2 -> pad 3 (length=15.10mm) target=(25.32, 119.70)
      Routed in 61070 iterations (0.01s)
    [82/89] (5 failed) Routing MST edge: pad 3 -> pad 0 (length=10.88mm) target=(34.50, 118.00)
      Routed in 37427 iterations (0.01s)
  Phase 3 routing complete: 3 edges, 54 total segments, 11 total vias
  Added 38 tap segments, 8 tap vias
  Net total time: 0.05s, 411480 iterations

TT_A (net 129):
  Multi-point net Phase 3: routing 1 remaining MST edges (longest first)
    [83/89] (5 failed) Routing MST edge: pad 0 -> pad 2 (length=10.00mm) target=(117.00, 128.00)
      Routed in 151 iterations (0.00s)
  Phase 3 routing complete: 1 edges, 47 total segments, 7 total vias
  Added 4 tap segments, 0 tap vias
  Net total time: 0.03s, 691957 iterations

TT_B (net 130):
  Multi-point net Phase 3: routing 1 remaining MST edges (longest first)
    [84/89] (5 failed) Routing MST edge: pad 0 -> pad 2 (length=10.00mm) target=(119.50, 128.00)
      Routed in 4576 iterations (0.00s)
  Phase 3 routing complete: 1 edges, 40 total segments, 8 total vias
  Added 6 tap segments, 1 tap vias
  Net total time: 0.03s, 960271 iterations

SR_DATA (net 141):
  Multi-point net Phase 3: routing 1 remaining MST edges (longest first)
    [85/89] (5 failed) Routing MST edge: pad 1 -> pad 2 (length=10.67mm) target=(95.80, 122.70)
      Routed in 16727 iterations (0.00s)
  Phase 3 routing complete: 1 edges, 38 total segments, 7 total vias
  Added 5 tap segments, 1 tap vias
  Net total time: 0.03s, 636753 iterations

CS1 (net 109):
  Multi-point net Phase 3: routing 1 remaining MST edges (longest first)
    [86/89] (5 failed) Routing MST edge: pad 0 -> pad 1 (length=16.80mm) target=(36.00, 36.70)
      Routed in 31138 iterations (0.01s)
  Phase 3 routing complete: 1 edges, 32 total segments, 7 total vias
  Added 13 tap segments, 3 tap vias
  Net total time: 0.03s, 184566 iterations

SCK (net 125):
  Multi-point net Phase 3: routing 2 remaining MST edges (longest first)
    [87/89] (5 failed) Routing MST edge: pad 2 -> pad 0 (length=5.43mm) target=(36.00, 29.08)
      Routed in 38683 iterations (0.01s)
    [88/89] (5 failed) Routing MST edge: pad 0 -> pad 1 (length=12.48mm) target=(30.20, 22.40)
      Routed in 88 iterations (0.00s)
  Phase 3 routing complete: 2 edges, 45 total segments, 7 total vias
  Added 18 tap segments, 0 tap vias
  Net total time: 0.03s, 586408 iterations

CONT_REQ (net 59):
  Multi-point net Phase 3: routing 1 remaining MST edges (longest first)
    [89/89] (5 failed) Routing MST edge: pad 1 -> pad 0 (length=5.62mm) target=(86.00, 115.70)
      Routed in 5126 iterations (0.00s)
  Phase 3 routing complete: 1 edges, 28 total segments, 7 total vias
  Added 3 tap segments, 1 tap vias
  Net total time: 0.02s, 460642 iterations

GP4_SPARE (net 131):
  Multi-point net Phase 3: routing 2 remaining MST edges (longest first)
    [90/89] (5 failed) Routing MST edge: pad 2 -> pad 1 (length=21.18mm) target=(24.50, 60.00)
      backward stuck (2 < 80000), forward=80000
        backward cell (245, 600, layer=0): ok, 8/8 neighbors blocked
          ALL neighbors blocked: (244,599), (244,600), (244,601), (245,599), (245,601), (246,599), (246,600), (246,601)
        backward cell (245, 600, layer=1): ok, 8/8 neighbors blocked
          ALL neighbors blocked: (244,599), (244,600), (244,601), (245,599), (245,601), (246,599), (246,600), (246,601)
      [93mFailed to route MST edge after 80002 iterations (0.03s)[0m
    [91/89] (6 failed) Routing MST edge: pad 0 -> pad 3 (length=10.00mm) target=(122.00, 128.00)
      Routed in 9573 iterations (0.00s)
    Fallback: attempting orphaned pad 1 directly from connected copper
    [92/89] (6 failed) Routing MST edge: pad 2 -> pad 1 (length=21.18mm) target=(24.50, 60.00)
      backward stuck (2 < 80000), forward=80000
        backward cell (245, 600, layer=0): ok, 8/8 neighbors blocked
          ALL neighbors blocked: (244,599), (244,600), (244,601), (245,599), (245,601), (246,599), (246,600), (246,601)
        backward cell (245, 600, layer=1): ok, 8/8 neighbors blocked
          ALL neighbors blocked: (244,599), (244,600), (244,601), (245,599), (245,601), (246,599), (246,600), (246,601)
      [93mFailed to route MST edge after 80002 iterations (0.03s)[0m
  [93mWarning: 1 pad(s) not connected (1 MST edge(s) failed)[0m
  Phase 3 routing complete: 1 edges, 45 total segments, 12 total vias
    Ripping SCL1_J (net 57) to retry tap route...
  Multi-point net Phase 3: routing 2 remaining MST edges (longest first)
    [92/89] (6 failed) Routing MST edge: pad 2 -> pad 1 (length=21.18mm) target=(24.50, 60.00)
      backward stuck (2 < 80000), forward=80000
        backward cell (245, 600, layer=0): ok, 8/8 neighbors blocked
          ALL neighbors blocked: (244,599), (244,600), (244,601), (245,599), (245,601), (246,599), (246,600), (246,601)
        backward cell (245, 600, layer=1): ok, 8/8 neighbors blocked
          ALL neighbors blocked: (244,599), (244,600), (244,601), (245,599), (245,601), (246,599), (246,600), (246,601)
      [93mFailed to route MST edge after 80002 iterations (0.03s)[0m
    [93/89] (7 failed) Routing MST edge: pad 0 -> pad 3 (length=10.00mm) target=(122.00, 128.00)
      Routed in 9573 iterations (0.00s)
    Fallback: attempting orphaned pad 1 directly from connected copper
    [94/89] (7 failed) Routing MST edge: pad 2 -> pad 1 (length=21.18mm) target=(24.50, 60.00)
      backward stuck (2 < 80000), forward=80000
        backward cell (245, 600, layer=0): ok, 8/8 neighbors blocked
          ALL neighbors blocked: (244,599), (244,600), (244,601), (245,599), (245,601), (246,599), (246,600), (246,601)
        backward cell (245, 600, layer=1): ok, 8/8 neighbors blocked
          ALL neighbors blocked: (244,599), (244,600), (244,601), (245,599), (245,601), (246,599), (246,600), (246,601)
      [93mFailed to route MST edge after 80002 iterations (0.03s)[0m
  [93mWarning: 1 pad(s) not connected (1 MST edge(s) failed)[0m
  Phase 3 routing complete: 1 edges, 45 total segments, 12 total vias
    GP4_SPARE: Retry FAILED (N=1): still 1 failed edges
      Retry had 3933 blocked cells
    Re-analyzing 3933 blocked cells from N=1 retry:
      Frontier blocked by 7 nets (860 cells, 860 unique)
      Top blockers:
        1. PU1_22: 447 (52.0%), 447 uniq (100%)
        2. SDA1: 119 (13.8%), 119 uniq (100%)
        3. DOOR_RAW: 115 (13.4%), 115 uniq (100%)
        4. SCL1: 76 (8.8%), 76 uniq (100%)
        5. SDA0_J: 54 (6.3%), 54 uniq (100%)
        6. SCL0: 27 (3.1%), 27 uniq (100%)
        7. WD_PULSE: 22 (2.6%), 22 uniq (100%)
    Extending to N=2: ripping PU1_22 (net 88)...
  Multi-point net Phase 3: routing 2 remaining MST edges (longest first)
    [92/89] (6 failed) Routing MST edge: pad 2 -> pad 1 (length=21.18mm) target=(24.50, 60.00)
      backward stuck (2 < 80000), forward=80000
        backward cell (245, 600, layer=0): ok, 8/8 neighbors blocked
          ALL neighbors blocked: (244,599), (244,600), (244,601), (245,599), (245,601), (246,599), (246,600), (246,601)
        backward cell (245, 600, layer=1): ok, 8/8 neighbors blocked
          ALL neighbors blocked: (244,599), (244,600), (244,601), (245,599), (245,601), (246,599), (246,600), (246,601)
      [93mFailed to route MST edge after 80002 iterations (0.03s)[0m
    [93/89] (7 failed) Routing MST edge: pad 0 -> pad 3 (length=10.00mm) target=(122.00, 128.00)
      Routed in 9573 iterations (0.00s)
    Fallback: attempting orphaned pad 1 directly from connected copper
    [94/89] (7 failed) Routing MST edge: pad 2 -> pad 1 (length=21.18mm) target=(24.50, 60.00)
      backward stuck (2 < 80000), forward=80000
        backward cell (245, 600, layer=0): ok, 8/8 neighbors blocked
          ALL neighbors blocked: (244,599), (244,600), (244,601), (245,599), (245,601), (246,599), (246,600), (246,601)
        backward cell (245, 600, layer=1): ok, 8/8 neighbors blocked
          ALL neighbors blocked: (244,599), (244,600), (244,601), (245,599), (245,601), (246,599), (246,600), (246,601)
      [93mFailed to route MST edge after 80002 iterations (0.03s)[0m
  [93mWarning: 1 pad(s) not connected (1 MST edge(s) failed)[0m
  Phase 3 routing complete: 1 edges, 45 total segments, 12 total vias
    GP4_SPARE: Retry FAILED (N=2): still 1 failed edges
      Retry had 4019 blocked cells
    Re-analyzing 4019 blocked cells from N=2 retry:
      Frontier blocked by 7 nets (756 cells, 756 unique)
      Top blockers:
        1. SCL1: 280 (37.0%), 280 uniq (100%)
        2. SDA1: 150 (19.8%), 150 uniq (100%)
        3. DOOR_RAW: 107 (14.2%), 107 uniq (100%)
        4. SDA0_J: 83 (11.0%), 83 uniq (100%)
        5. SDA1_J: 75 (9.9%), 75 uniq (100%)
        6. SCL0: 43 (5.7%), 43 uniq (100%)
        7. WD_PULSE: 18 (2.4%), 18 uniq (100%)
    Extending to N=3: ripping DOOR_RAW (net 70)...
  Multi-point net Phase 3: routing 2 remaining MST edges (longest first)
    [92/89] (6 failed) Routing MST edge: pad 2 -> pad 1 (length=21.18mm) target=(24.50, 60.00)
      backward stuck (2 < 80000), forward=80000
        backward cell (245, 600, layer=0): ok, 8/8 neighbors blocked
          ALL neighbors blocked: (244,599), (244,600), (244,601), (245,599), (245,601), (246,599), (246,600), (246,601)
        backward cell (245, 600, layer=1): ok, 8/8 neighbors blocked
          ALL neighbors blocked: (244,599), (244,600), (244,601), (245,599), (245,601), (246,599), (246,600), (246,601)
      [93mFailed to route MST edge after 80002 iterations (0.03s)[0m
    [93/89] (7 failed) Routing MST edge: pad 0 -> pad 3 (length=10.00mm) target=(122.00, 128.00)
      Routed in 9573 iterations (0.00s)
    Fallback: attempting orphaned pad 1 directly from connected copper
    [94/89] (7 failed) Routing MST edge: pad 2 -> pad 1 (length=21.18mm) target=(24.50, 60.00)
      backward stuck (2 < 80000), forward=80000
        backward cell (245, 600, layer=0): ok, 8/8 neighbors blocked
          ALL neighbors blocked: (244,599), (244,600), (244,601), (245,599), (245,601), (246,599), (246,600), (246,601)
        backward cell (245, 600, layer=1): ok, 8/8 neighbors blocked
          ALL neighbors blocked: (244,599), (244,600), (244,601), (245,599), (245,601), (246,599), (246,600), (246,601)
      [93mFailed to route MST edge after 80002 iterations (0.03s)[0m
  [93mWarning: 1 pad(s) not connected (1 MST edge(s) failed)[0m
  Phase 3 routing complete: 1 edges, 45 total segments, 12 total vias
    GP4_SPARE: Retry FAILED (N=3): still 1 failed edges
      Retry had 3905 blocked cells
    Re-analyzing 3905 blocked cells from N=3 retry:
      Frontier blocked by 7 nets (629 cells, 629 unique)
      Top blockers:
        1. SCL1: 276 (43.9%), 276 uniq (100%)
        2. SDA1: 146 (23.2%), 146 uniq (100%)
        3. SDA0_J: 81 (12.9%), 81 uniq (100%)
        4. SDA1_J: 50 (7.9%), 50 uniq (100%)
        5. SCL0: 43 (6.8%), 43 uniq (100%)
        6. WD_PULSE: 20 (3.2%), 20 uniq (100%)
        7. HALL_PWR: 13 (2.1%), 13 uniq (100%)
    Extending to N=4: ripping SDA1 (net 74)...
  Multi-point net Phase 3: routing 2 remaining MST edges (longest first)
    [92/89] (6 failed) Routing MST edge: pad 2 -> pad 1 (length=21.18mm) target=(24.50, 60.00)
      backward stuck (2 < 80000), forward=80000
        backward cell (245, 600, layer=0): ok, 8/8 neighbors blocked
          ALL neighbors blocked: (244,599), (244,600), (244,601), (245,599), (245,601), (246,599), (246,600), (246,601)
        backward cell (245, 600, layer=1): ok, 8/8 neighbors blocked
          ALL neighbors blocked: (244,599), (244,600), (244,601), (245,599), (245,601), (246,599), (246,600), (246,601)
      [93mFailed to route MST edge after 80002 iterations (0.03s)[0m
    [93/89] (7 failed) Routing MST edge: pad 0 -> pad 3 (length=10.00mm) target=(122.00, 128.00)
      Routed in 9573 iterations (0.00s)
    Fallback: attempting orphaned pad 1 directly from connected copper
    [94/89] (7 failed) Routing MST edge: pad 2 -> pad 1 (length=21.18mm) target=(24.50, 60.00)
      backward stuck (2 < 80000), forward=80000
        backward cell (245, 600, layer=0): ok, 8/8 neighbors blocked
          ALL neighbors blocked: (244,599), (244,600), (244,601), (245,599), (245,601), (246,599), (246,600), (246,601)
        backward cell (245, 600, layer=1): ok, 8/8 neighbors blocked
          ALL neighbors blocked: (244,599), (244,600), (244,601), (245,599), (245,601), (246,599), (246,600), (246,601)
      [93mFailed to route MST edge after 80002 iterations (0.03s)[0m
  [93mWarning: 1 pad(s) not connected (1 MST edge(s) failed)[0m
  Phase 3 routing complete: 1 edges, 45 total segments, 12 total vias
    GP4_SPARE: Retry FAILED (N=4): still 1 failed edges
      Retry had 4238 blocked cells
    Re-analyzing 4238 blocked cells from N=4 retry:
      Frontier blocked by 5 nets (722 cells, 722 unique)
      Top blockers:
        1. SCL1: 270 (37.4%), 270 uniq (100%)
        2. SDA1_J: 229 (31.7%), 229 uniq (100%)
        3. SDA0_J: 164 (22.7%), 164 uniq (100%)
        4. SCL0: 43 (6.0%), 43 uniq (100%)
        5. WD_PULSE: 16 (2.2%), 16 uniq (100%)
    Extending to N=5: ripping SCL1 (net 123)...
  Multi-point net Phase 3: routing 2 remaining MST edges (longest first)
    [92/89] (6 failed) Routing MST edge: pad 2 -> pad 1 (length=21.18mm) target=(24.50, 60.00)
      backward stuck (2 < 80000), forward=80000
        backward cell (245, 600, layer=0): ok, 8/8 neighbors blocked
          ALL neighbors blocked: (244,599), (244,600), (244,601), (245,599), (245,601), (246,599), (246,600), (246,601)
        backward cell (245, 600, layer=1): ok, 8/8 neighbors blocked
          ALL neighbors blocked: (244,599), (244,600), (244,601), (245,599), (245,601), (246,599), (246,600), (246,601)
      [93mFailed to route MST edge after 80002 iterations (0.03s)[0m
    [93/89] (7 failed) Routing MST edge: pad 0 -> pad 3 (length=10.00mm) target=(122.00, 128.00)
      Routed in 9573 iterations (0.00s)
    Fallback: attempting orphaned pad 1 directly from connected copper
    [94/89] (7 failed) Routing MST edge: pad 2 -> pad 1 (length=21.18mm) target=(24.50, 60.00)
      backward stuck (2 < 80000), forward=80000
        backward cell (245, 600, layer=0): ok, 8/8 neighbors blocked
          ALL neighbors blocked: (244,599), (244,600), (244,601), (245,599), (245,601), (246,599), (246,600), (246,601)
        backward cell (245, 600, layer=1): ok, 8/8 neighbors blocked
          ALL neighbors blocked: (244,599), (244,600), (244,601), (245,599), (245,601), (246,599), (246,600), (246,601)
      [93mFailed to route MST edge after 80002 iterations (0.03s)[0m
  [93mWarning: 1 pad(s) not connected (1 MST edge(s) failed)[0m
  Phase 3 routing complete: 1 edges, 45 total segments, 12 total vias
    GP4_SPARE: Retry FAILED (N=5): still 1 failed edges
      Retry had 3952 blocked cells
    Re-analyzing 3952 blocked cells from N=5 retry:
      Frontier blocked by 4 nets (464 cells, 464 unique)
      Top blockers:
        1. SDA1_J: 224 (48.3%), 224 uniq (100%)
        2. SDA0_J: 160 (34.5%), 160 uniq (100%)
        3. SCL0: 71 (15.3%), 71 uniq (100%)
        4. WD_PULSE: 9 (1.9%), 9 uniq (100%)
    Extending to N=6: ripping SCL0 (net 140)...
  Multi-point net Phase 3: routing 2 remaining MST edges (longest first)
    [92/89] (6 failed) Routing MST edge: pad 2 -> pad 1 (length=21.18mm) target=(24.50, 60.00)
      backward stuck (2 < 80000), forward=80000
        backward cell (245, 600, layer=0): ok, 8/8 neighbors blocked
          ALL neighbors blocked: (244,599), (244,600), (244,601), (245,599), (245,601), (246,599), (246,600), (246,601)
        backward cell (245, 600, layer=1): ok, 8/8 neighbors blocked
          ALL neighbors blocked: (244,599), (244,600), (244,601), (245,599), (245,601), (246,599), (246,600), (246,601)
      [93mFailed to route MST edge after 80002 iterations (0.03s)[0m
    [93/89] (7 failed) Routing MST edge: pad 0 -> pad 3 (length=10.00mm) target=(122.00, 128.00)
      Routed in 9573 iterations (0.00s)
    Fallback: attempting orphaned pad 1 directly from connected copper
    [94/89] (7 failed) Routing MST edge: pad 2 -> pad 1 (length=21.18mm) target=(24.50, 60.00)
      backward stuck (2 < 80000), forward=80000
        backward cell (245, 600, layer=0): ok, 8/8 neighbors blocked
          ALL neighbors blocked: (244,599), (244,600), (244,601), (245,599), (245,601), (246,599), (246,600), (246,601)
        backward cell (245, 600, layer=1): ok, 8/8 neighbors blocked
          ALL neighbors blocked: (244,599), (244,600), (244,601), (245,599), (245,601), (246,599), (246,600), (246,601)
      [93mFailed to route MST edge after 80002 iterations (0.03s)[0m
  [93mWarning: 1 pad(s) not connected (1 MST edge(s) failed)[0m
  Phase 3 routing complete: 1 edges, 45 total segments, 12 total vias
    GP4_SPARE: Retry FAILED (N=6): still 1 failed edges
      Retry had 4052 blocked cells
    Re-analyzing 4052 blocked cells from N=6 retry:
      Frontier blocked by 4 nets (445 cells, 445 unique)
      Top blockers:
        1. SDA1_J: 228 (51.2%), 228 uniq (100%)
        2. SDA0_J: 159 (35.7%), 159 uniq (100%)
        3. SDA0: 54 (12.1%), 54 uniq (100%)
        4. WD_PULSE: 4 (0.9%), 4 uniq (100%)
    Extending to N=7: ripping WD_PULSE (net 75)...
  Multi-point net Phase 3: routing 2 remaining MST edges (longest first)
    [92/89] (6 failed) Routing MST edge: pad 2 -> pad 1 (length=21.18mm) target=(24.50, 60.00)
      backward stuck (2 < 80000), forward=80000
        backward cell (245, 600, layer=0): ok, 8/8 neighbors blocked
          ALL neighbors blocked: (244,599), (244,600), (244,601), (245,599), (245,601), (246,599), (246,600), (246,601)
        backward cell (245, 600, layer=1): ok, 8/8 neighbors blocked
          ALL neighbors blocked: (244,599), (244,600), (244,601), (245,599), (245,601), (246,599), (246,600), (246,601)
      [93mFailed to route MST edge after 80002 iterations (0.03s)[0m
    [93/89] (7 failed) Routing MST edge: pad 0 -> pad 3 (length=10.00mm) target=(122.00, 128.00)
      Routed in 9573 iterations (0.00s)
    Fallback: attempting orphaned pad 1 directly from connected copper
    [94/89] (7 failed) Routing MST edge: pad 2 -> pad 1 (length=21.18mm) target=(24.50, 60.00)
      backward stuck (2 < 80000), forward=80000
        backward cell (245, 600, layer=0): ok, 8/8 neighbors blocked
          ALL neighbors blocked: (244,599), (244,600), (244,601), (245,599), (245,601), (246,599), (246,600), (246,601)
        backward cell (245, 600, layer=1): ok, 8/8 neighbors blocked
          ALL neighbors blocked: (244,599), (244,600), (244,601), (245,599), (245,601), (246,599), (246,600), (246,601)
      [93mFailed to route MST edge after 80002 iterations (0.03s)[0m
  [93mWarning: 1 pad(s) not connected (1 MST edge(s) failed)[0m
  Phase 3 routing complete: 1 edges, 45 total segments, 12 total vias
    GP4_SPARE: Retry FAILED (N=7): still 1 failed edges
      Retry had 4048 blocked cells
    Re-analyzing 4048 blocked cells from N=7 retry:
      Frontier blocked by 3 nets (441 cells, 441 unique)
      Top blockers:
        1. SDA1_J: 228 (51.7%), 228 uniq (100%)
        2. SDA0_J: 159 (36.1%), 159 uniq (100%)
        3. SDA0: 54 (12.2%), 54 uniq (100%)
    Extending to N=8: ripping SDA0_J (net 67)...
  Multi-point net Phase 3: routing 2 remaining MST edges (longest first)
    [92/89] (6 failed) Routing MST edge: pad 2 -> pad 1 (length=21.18mm) target=(24.50, 60.00)
      backward stuck (2 < 80000), forward=80000
        backward cell (245, 600, layer=0): ok, 8/8 neighbors blocked
          ALL neighbors blocked: (244,599), (244,600), (244,601), (245,599), (245,601), (246,599), (246,600), (246,601)
        backward cell (245, 600, layer=1): ok, 8/8 neighbors blocked
          ALL neighbors blocked: (244,599), (244,600), (244,601), (245,599), (245,601), (246,599), (246,600), (246,601)
      [93mFailed to route MST edge after 80002 iterations (0.03s)[0m
    [93/89] (7 failed) Routing MST edge: pad 0 -> pad 3 (length=10.00mm) target=(122.00, 128.00)
      Routed in 9573 iterations (0.00s)
    Fallback: attempting orphaned pad 1 directly from connected copper
    [94/89] (7 failed) Routing MST edge: pad 2 -> pad 1 (length=21.18mm) target=(24.50, 60.00)
      backward stuck (2 < 80000), forward=80000
        backward cell (245, 600, layer=0): ok, 8/8 neighbors blocked
          ALL neighbors blocked: (244,599), (244,600), (244,601), (245,599), (245,601), (246,599), (246,600), (246,601)
        backward cell (245, 600, layer=1): ok, 8/8 neighbors blocked
          ALL neighbors blocked: (244,599), (244,600), (244,601), (245,599), (245,601), (246,599), (246,600), (246,601)
      [93mFailed to route MST edge after 80002 iterations (0.03s)[0m
  [93mWarning: 1 pad(s) not connected (1 MST edge(s) failed)[0m
  Phase 3 routing complete: 1 edges, 45 total segments, 12 total vias
    GP4_SPARE: Retry FAILED (N=8): still 1 failed edges
      Retry had 4017 blocked cells
    Re-analyzing 4017 blocked cells from N=8 retry:
      Frontier blocked by 2 nets (371 cells, 371 unique)
      Top blockers:
        1. SDA1_J: 323 (87.1%), 323 uniq (100%)
        2. SDA0: 48 (12.9%), 48 uniq (100%)
    Extending to N=9: ripping SDA1_J (net 51)...
  Multi-point net Phase 3: routing 2 remaining MST edges (longest first)
    [92/89] (6 failed) Routing MST edge: pad 2 -> pad 1 (length=21.18mm) target=(24.50, 60.00)
      backward stuck (2 < 80000), forward=80000
        backward cell (245, 600, layer=0): ok, 8/8 neighbors blocked
          ALL neighbors blocked: (244,599), (244,600), (244,601), (245,599), (245,601), (246,599), (246,600), (246,601)
        backward cell (245, 600, layer=1): ok, 8/8 neighbors blocked
          ALL neighbors blocked: (244,599), (244,600), (244,601), (245,599), (245,601), (246,599), (246,600), (246,601)
      [93mFailed to route MST edge after 80002 iterations (0.03s)[0m
    [93/89] (7 failed) Routing MST edge: pad 0 -> pad 3 (length=10.00mm) target=(122.00, 128.00)
      Routed in 9573 iterations (0.00s)
    Fallback: attempting orphaned pad 1 directly from connected copper
    [94/89] (7 failed) Routing MST edge: pad 2 -> pad 1 (length=21.18mm) target=(24.50, 60.00)
      backward stuck (2 < 80000), forward=80000
        backward cell (245, 600, layer=0): ok, 8/8 neighbors blocked
          ALL neighbors blocked: (244,599), (244,600), (244,601), (245,599), (245,601), (246,599), (246,600), (246,601)
        backward cell (245, 600, layer=1): ok, 8/8 neighbors blocked
          ALL neighbors blocked: (244,599), (244,600), (244,601), (245,599), (245,601), (246,599), (246,600), (246,601)
      [93mFailed to route MST edge after 80002 iterations (0.03s)[0m
  [93mWarning: 1 pad(s) not connected (1 MST edge(s) failed)[0m
  Phase 3 routing complete: 1 edges, 45 total segments, 12 total vias
    GP4_SPARE: Retry FAILED (N=9): still 1 failed edges
      Retry had 3683 blocked cells
    Re-analyzing 3683 blocked cells from N=9 retry:
      Frontier blocked by 1 nets (47 cells, 47 unique)
      Top blockers:
        1. SDA0: 47 (100.0%), 47 uniq (100%)
    Extending to N=10: ripping SDA0 (net 128)...
  Multi-point net Phase 3: routing 2 remaining MST edges (longest first)
    [92/89] (6 failed) Routing MST edge: pad 2 -> pad 1 (length=21.18mm) target=(24.50, 60.00)
      backward stuck (2 < 80000), forward=80000
        backward cell (245, 600, layer=0): ok, 8/8 neighbors blocked
          ALL neighbors blocked: (244,599), (244,600), (244,601), (245,599), (245,601), (246,599), (246,600), (246,601)
        backward cell (245, 600, layer=1): ok, 8/8 neighbors blocked
          ALL neighbors blocked: (244,599), (244,600), (244,601), (245,599), (245,601), (246,599), (246,600), (246,601)
      [93mFailed to route MST edge after 80002 iterations (0.03s)[0m
    [93/89] (7 failed) Routing MST edge: pad 0 -> pad 3 (length=10.00mm) target=(122.00, 128.00)
      Routed in 9573 iterations (0.00s)
    Fallback: attempting orphaned pad 1 directly from connected copper
    [94/89] (7 failed) Routing MST edge: pad 2 -> pad 1 (length=21.18mm) target=(24.50, 60.00)
      backward stuck (2 < 80000), forward=80000
        backward cell (245, 600, layer=0): ok, 8/8 neighbors blocked
          ALL neighbors blocked: (244,599), (244,600), (244,601), (245,599), (245,601), (246,599), (246,600), (246,601)
        backward cell (245, 600, layer=1): ok, 8/8 neighbors blocked
          ALL neighbors blocked: (244,599), (244,600), (244,601), (245,599), (245,601), (246,599), (246,600), (246,601)
      [93mFailed to route MST edge after 80002 iterations (0.03s)[0m
  [93mWarning: 1 pad(s) not connected (1 MST edge(s) failed)[0m
  Phase 3 routing complete: 1 edges, 45 total segments, 12 total vias
    GP4_SPARE: Retry FAILED (N=10): still 1 failed edges
      Retry had 3776 blocked cells
    Re-analyzing 3776 blocked cells from N=10 retry:
      No previously-routed nets blocking (likely blocked by pads/stubs/zones)
    No additional rippable blockers from retry analysis
    [91mGP4_SPARE: All rip-up attempts failed, restoring 10 net(s)...[0m
  [91mNOT CONNECTED (so far): GP4_SPARE - J14 pad 5 at (24.50, 60.00) - may still be recovered; final verdict in the end-of-run summary[0m
  Added 6 tap segments, 2 tap vias
  Net total time: 1.41s, 1034566 iterations
Closed 20 stub gap(s) to same-net copper
Graze prune: removed 1 grazing segment(s) across 1 net(s)
Cycle prune: removed 116 redundant loop segment(s) across 48 net(s)
Strict collapse: removed 13 redundant segment(s) (superseded parallel/buried copper)

============================================================
Routing complete
============================================================
  Single-ended:  74/78 routed
  [91mMulti-point:   170/174 pads connected (4 FAILED)[0m
  Total vias:    275
  Total time:    2.08s
  Iterations:    8,900,927

[91mFailed multi-point connections:[0m
  [91mSCL0_J: J14 pad ? at (24.50, 62.50) not connected[0m
  [91mSR_CLK: U3 pad ? at (82.09, 123.47) not connected[0m
  [91mGP4_SPARE: J14 pad ? at (24.50, 60.00) not connected[0m
  [91mSR_LATCH: U3 pad ? at (83.36, 123.47) not connected[0m
JSON_SUMMARY: {"routed_single": ["ESTOP_INV", "ESTOP_RAW", "WD_CX", "Q2G", "WD_RCX", "CONT_E", "PU1_47", "CONT_A", "FAULT_N", "DRV2", "DRV10", "PU0_47", "TC_N", "Q3G", "TC_PLUS_J", "CONT_C", "Q1G", "RUN", "TH2", "SDA1", "SDA0", "SCL0", "DOOR_IN", "ARC", "HALL_PWR", "PU0_22", "DRV11", "DRV3", "TC_MINUS_J", "ESTOP_F", "WD_OK", "DRDY_N", "SDA1_J", "ADC_VREF", "TH3", "SCL1", "OE_N", "WD_PULSE", "TH1", "TH2_ADC", "DRV9", "TC_P", "DRV4", "SDA0_J", "PU1_22", "VBUS_PICO", "SR_CASC", "DRV1", "DRV12", "TH1_ADC", "RLY_EN", "DOOR_RAW", "DRV5", "DRV13", "SCL1_J", "TH3_ADC", "ESTOP_OK", "DRV14", "MISO", "TT_A", "TT_B", "CS0", "DRV6", "DRV15", "MOSI", "SR_DATA", "HX_CLK", "DRV7", "DRV16", "CS1", "DRV8", "SCK", "CONT_REQ", "HX_DAT"], "failed_single": [], "failed_multipoint": [{"net_name": "SCL0_J", "failed_pads": [{"component_ref": "J14", "pad_number": "?", "x": 24.5, "y": 62.5}]}, {"net_name": "SR_CLK", "failed_pads": [{"component_ref": "U3", "pad_number": "?", "x": 82.095, "y": 123.475}]}, {"net_name": "GP4_SPARE", "failed_pads": [{"component_ref": "J14", "pad_number": "?", "x": 24.5, "y": 60.0}]}, {"net_name": "SR_LATCH", "failed_pads": [{"component_ref": "U3", "pad_number": "?", "x": 83.365, "y": 123.475}]}], "multipoint_nets": 42, "multipoint_pads_connected": 170, "multipoint_pads_total": 174, "multipoint_edges_routed": 127, "multipoint_edges_failed": 6, "ripup_success_pairs": [], "rerouted_pairs": [], "single_ended_target_swaps": [], "layer_swaps": 0, "successful": 74, "failed": 4, "total_time": 2.08, "total_iterations": 8900927, "total_vias": 275, "cleanup_disconnected": [], "min_clearance_used": 0.1}

Writing output to 06_build/route/r2.kicad_pcb...
Successfully wrote 06_build/route/r2.kicad_pcb

Final reconciliation: retrying 4 incomplete net(s) against the finished board: SCL0_J, SR_CLK, GP4_SPARE, SR_LATCH
Loading 06_build/route/r2.kicad_pcb...
Using 2 routing layers: ['F.Cu', 'B.Cu']
  Layer costs: F.Cu=1.0x, B.Cu=3.0x
No BGA components detected - no exclusion zones needed
Keepout: blocking routes from 16 polygon(s) on User.2

Using MPS ordering strategy...
MPS: Using segment intersection method (no nets on BGA chips)
MPS: 4 nets with 4 crossing conflicts detected
WARNING: Could not find pads for both stub groups in SR_CLK (found 1 pads)
WARNING: Could not find pads for both stub groups in GP4_SPARE (found 1 pads)
WARNING: Could not find pads for both stub groups in SR_LATCH (found 1 pads)
MPS Round 1: 2 units: SR_LATCH, SCL0_J
MPS Round 2: 1 units: SR_CLK
MPS Round 3: 1 units: GP4_SPARE

Routing 4 single-ended net(s)...
============================================================
Building base obstacle map...
Base obstacle map built in 2.99s
Found 135 unrouted nets in PCB for stub proximity
Pre-computing net obstacle cache...
Net obstacle cache built in 0.19s (135 nets)

[1/4] Routing SR_LATCH (id=48)
----------------------------------------
backward stuck (1 < 80000), forward=80000
  backward cell (834, 1235, layer=0): ok, 8/8 neighbors blocked
    ALL neighbors blocked: (833,1234), (833,1235), (833,1236), (834,1234), (834,1236), (835,1234), (835,1235), (835,1236)
    Blocking obstacles: GND(1)
No route found after 80001 iterations (both directions)
  FAILED: Could not find route (0.14s)
  [91mROUTE FAILED - no rippable blockers found[0m
  Hint: the blocking copper belongs to pre-existing net(s) 'SR_CLK' 'SR_DATA' 'TT_A' 'OE_N' 'HX_DAT' 'HX_CLK' (committed by an earlier run/step), which this run is not allowed to rip. Retry with --rip-existing-nets 'SR_CLK' 'SR_DATA' 'TT_A' 'OE_N' 'HX_DAT' 'HX_CLK' to rip and re-route them in this run (issue #103) -- the decisive blocker may be any of them, so start with the full set (each ripped net is re-routed and the run reports honestly if one cannot be), then bisect if you want a minimal rip.

[2/4 (1 failed)] Routing SCL0_J (id=69)
----------------------------------------
backward stuck (2 < 80000), forward=80000
  backward cell (245, 625, layer=0): ok, 8/8 neighbors blocked
    ALL neighbors blocked: (244,624), (244,625), (244,626), (245,624), (245,626), (246,624), (246,625), (246,626)
  backward cell (245, 625, layer=1): ok, 8/8 neighbors blocked
    ALL neighbors blocked: (244,624), (244,625), (244,626), (245,624), (245,626), (246,624), (246,625), (246,626)
No route found after 80002 iterations (both directions)
  FAILED: Could not find route (0.05s)
  [91mROUTE FAILED - no rippable blockers found[0m
  Hint: the blocking copper belongs to pre-existing net(s) 'PU0_22' 'SDA0_J' 'TC_MINUS_J' 'SCL1_J' 'SDA1_J' 'TC_P' (committed by an earlier run/step), which this run is not allowed to rip. Retry with --rip-existing-nets 'PU0_22' 'SDA0_J' 'TC_MINUS_J' 'SCL1_J' 'SDA1_J' 'TC_P' to rip and re-route them in this run (issue #103) -- the decisive blocker may be any of them, so start with the full set (each ripped net is re-routed and the run reports honestly if one cannot be), then bisect if you want a minimal rip.

[3/4 (2 failed)] Routing SR_CLK (id=96)
----------------------------------------
backward stuck (1 < 80000), forward=80000
  backward cell (821, 1235, layer=0): ok, 8/8 neighbors blocked
    ALL neighbors blocked: (820,1234), (820,1235), (820,1236), (821,1234), (821,1236), (822,1234), (822,1235), (822,1236)
    Blocking obstacles: HX_CLK(1), GND(1)
[92mVia-in-pad unblock: dropped 1 fab-floor via(s) to reach a boxed endpoint[0m
Route found in 52606 iterations, path length: 83
  SUCCESS: 3 segments, 1 vias, 52606 iterations, length=144.77mm (stubs=133.71mm) (0.09s)

[4/4 (2 failed)] Routing GP4_SPARE (id=131)
----------------------------------------
backward stuck (2 < 80000), forward=80000
  backward cell (245, 600, layer=0): ok, 8/8 neighbors blocked
    ALL neighbors blocked: (244,599), (244,600), (244,601), (245,599), (245,601), (246,599), (246,600), (246,601)
  backward cell (245, 600, layer=1): ok, 8/8 neighbors blocked
    ALL neighbors blocked: (244,599), (244,600), (244,601), (245,599), (245,601), (246,599), (246,600), (246,601)
No route found after 80002 iterations (both directions)
  FAILED: Could not find route (0.06s)
  Backward direction failed fastest (2 iterations, 16 blocked cells)
  No previously-routed nets blocking (likely blocked by pads/stubs/zones)
  [91mROUTE FAILED - no rippable blockers found[0m
  Hint: the blocking copper belongs to pre-existing net(s) 'TT_A' (committed by an earlier run/step), which this run is not allowed to rip. Retry with --rip-existing-nets 'TT_A' to rip and re-route them in this run (issue #103) -- the decisive blocker may be any of them, so start with the full set (each ripped net is re-routed and the run reports honestly if one cannot be), then bisect if you want a minimal rip.

Sync pcb_data: 2045 -> 2042 (kept stubs) -> 2045 (after adding 3)
Via nudge: moved 1 grazing via(s) on 1 net(s) by their sub-grid clearance shortfall (#280)
Cycle prune: removed 3 redundant loop segment(s) across 1 net(s)

============================================================
Routing complete
============================================================
  [91mSingle-ended:  1/4 routed (3 FAILED)[0m
  Total vias:    1
  Total time:    0.35s
  Iterations:    292,611

[91mFailed single-ended nets:[0m
  [91mSR_LATCH[0m
  [91mSCL0_J[0m
  [91mGP4_SPARE[0m

============================================================
FAILED NET HISTORIES
============================================================

SR_LATCH:
  [0] Re-route FAILED: no rippable blockers found
  [0] preexisting_blockers

SCL0_J:
  [0] Re-route FAILED: no rippable blockers found
  [0] preexisting_blockers

GP4_SPARE:
  [0] Re-route FAILED: no rippable blockers found
  [0] preexisting_blockers
JSON_SUMMARY: {"routed_single": ["SR_CLK"], "failed_single": ["SR_LATCH", "SCL0_J", "GP4_SPARE"], "failed_multipoint": [], "multipoint_nets": 0, "multipoint_pads_connected": 0, "multipoint_pads_total": 0, "multipoint_edges_routed": 0, "multipoint_edges_failed": 0, "ripup_success_pairs": [], "rerouted_pairs": [], "single_ended_target_swaps": [], "layer_swaps": 0, "successful": 1, "failed": 3, "total_time": 0.35, "total_iterations": 292611, "total_vias": 1, "cleanup_disconnected": [], "min_clearance_used": 0.1}

Writing output to 06_build/route/r2.kicad_pcb...
Removed 3 dead-end input segment(s) from the output
Successfully wrote 06_build/route/r2.kicad_pcb
Note: the JSON_SUMMARY above covers only the reconciliation subset; the run's full tally is the earlier JSON_SUMMARY plus these recoveries.
  Min clearance used: 0.1 mm (below nominal 0.15) - grading at this floor
  DRC settings already consistent (06_build/route/r2.kicad_pro)
